id,indexed_date,language,media_name,media_url,publish_date,title,url
5e33f8e97652a1bdf0d9ff1e4de4faa30d4da239aac247e3f7d91b76e6bab60a,2026-09-01 15:25:36.968397+00:00,es,infobae.com,infobae.com,2026-09-01,"Los cruces entre especies se multiplican y amenazan ecosistemas frágiles en Canadá, Escocia e Italia",https://www.infobae.com/america/medio-ambiente/2026/09/01/los-cruces-entre-especies-se-multiplican-y-amenazan-ecosistemas-fragiles-en-canada-escocia-e-italia/
caf301e8de2b2e2422a3159d50ac6acd35a93db8b0a895ac0cf32479e39257a6,2026-08-31 07:19:29.581120+00:00,es,larepublica.co,larepublica.co,2026-08-31,Reconstruir el futuro,https://www.larepublica.co/analisis/leticia-ossa-daza-3435708/reconstruir-el-futuro-4470152
8ded2ba93cd5a1da74de8f9d7cd78446200f648577989997bf1064c0022babee,2026-08-28 03:28:46.349841+00:00,es,semanariovoz.com,semanariovoz.com,2026-08-27,Las mentiras del “Libro de la Verdad”,https://semanariovoz.com/las-mentiras-del-libro-de-la-verdad/
f6c605880cc5590f9595e465846a8a4b385388ff5606547a1263772ba519ee60,2026-08-27 15:43:25.788861+00:00,es,elespectador.com,elespectador.com,2026-08-27,Premio Bibo: los proyectos que están transformando la forma de cuidar la naturaleza,https://www.elespectador.com/ambiente/bibo/premio-bibo-2026-los-proyectos-que-estan-transformando-la-forma-de-cuidar-la-naturaleza/
961dbb089f79235f755c1c4bbcfcdaa34e63cf3fe350a73f04d5b76b4c7718f4,2026-08-27 04:24:50.820628+00:00,es,semana.com,semana.com,2026-08-26,Golpe a minería ilegal del Clan del Golfo en Bolívar: afectaron millonarias rentas criminales,https://www.semana.com/nacion/articulo/golpe-a-mineria-ilegal-del-clan-del-golfo-en-bolivar-afectaron-millonarias-rentas-criminales/202620/
eb9214361648557e3dad965d823d390b341fa6e57c8db90cb6ff22bed2d1ff2d,2026-08-26 06:37:37.234481+00:00,es,elespectador.com,elespectador.com,2026-08-26,"Turismo, la otra réplica del terremoto",https://www.elespectador.com/opinion/columnistas/gonzalo-silva-rivas/turismo-la-otra-replica-del-terremoto/
5d857f73dd5af5de12a831df80023a9ef0f0d24ac2e5852ea584b6c319b787f6,2026-08-26 01:34:23.349433+00:00,es,caracol.com.co,caracol.com.co,2026-08-26,Destruyen cuatro minas ilegales en el sur de Bolívar,https://caracol.com.co/2026/08/26/destruyen-cuatro-minas-ilegales-en-el-sur-de-bolivar/
89ca612859449a2b27f23f62821b4a1fe775bcb2874fb85efac369c0d9a7ce80,2026-08-24 20:38:05.052592+00:00,es,diariodelsur.com.co,diariodelsur.com.co,2026-08-24,"Incendios, fenómeno del niño y otras amenazas: Greenpeace pide fortalecer la prevención del riesgo",https://www.diariodelsur.com.co/incendios-fenomeno-del-nino-y-otras-amenazas-greenpeace-pide-fortalecer-la-prevencion-del-riesgo/
e7cb1d4752cb3bef822c71e3c24e107edb384d353a1efc9c4b53a577b87d6329,2026-08-24 20:37:41.504119+00:00,es,hsbnoticias.com,hsbnoticias.com,2026-08-24,"Incendios, fenómeno del niño y otras amenazas: Greenpeace pide fortalecer la prevención del riesgo",https://www.hsbnoticias.com/incendios-fenomeno-del-nino-y-otras-amenazas-greenpeace-pide-fortalecer-la-prevencion-del-riesgo/
91dff4431993441d52c5722df7d1940d7e0e88e4973b84c714ed050760bd09a3,2026-08-24 20:31:07.776784+00:00,es,diariodelcauca.com.co,diariodelcauca.com.co,2026-08-24,"Incendios, fenómeno del niño y otras amenazas: Greenpeace pide fortalecer la prevención del riesgo",https://diariodelcauca.com.co/incendios-fenomeno-del-nino-y-otras-amenazas-greenpeace-pide-fortalecer-la-prevencion-del-riesgo/
6b722b8650f74b13189a51769b27e1be8efcb62d073bb7fad62b948805445dfa,2026-08-24 19:33:17.752866+00:00,es,lafm.com.co,lafm.com.co,2026-08-24,¿Qué regiones están afectadas por los incendios forestales en Colombia?,https://www.lafm.com.co/actualidad/incendios-forestales-en-tolima-huila-y-santander-ultimo-reporte-408716
db4dae4f8cbfbe5a2f05ed4c8b416177528b9b04a4a09b9b81b9dbf1ffe03de5,2026-08-22 00:25:58.391902+00:00,es,diariodelsur.com.co,diariodelsur.com.co,2026-08-21,Pasto Destino Astroturístico,https://www.diariodelsur.com.co/pasto-destino-astroturistico/
8a43bdfec6c9218ad95cd18c2c73898dc0e94a15be1352b15c81ac6f57d650fb,2026-08-22 00:25:43.205028+00:00,es,elperiodicodeportivo.com.co,elperiodicodeportivo.com.co,2026-08-21,Pasto Destino Astroturístico,https://elperiodicodeportivo.com.co/pasto-destino-astroturistico/
21af441c33a86c15157877f09aeeb7e2370e4fa67a35219ee0083bc62de9f6f1,2026-08-21 19:36:39.627733+00:00,es,infobae.com,infobae.com,2026-08-21,La minería ilegal en Loreto se duplicó en dos años y ya destruye bosques ribereños en el Nanay y el Marañón,https://www.infobae.com/peru/2026/08/21/la-mineria-ilegal-de-oro-acelera-la-expansion-de-dragas-en-loreto-entre-2025-y-2026/
76bafca1e31d6554542954b41ac7b839740d3229c01eee8b1f5753b798f660ca,2026-08-21 02:25:43.299708+00:00,es,eltiempo.com,eltiempo.com,2026-08-20,La otra Colombia que triunfa en la música: los ejecutivos detrás del boom,https://www.eltiempo.com/cultura/musica-y-libros/la-otra-colombia-que-triunfa-en-la-musica-los-ejecutivos-detras-del-boom-3579750
625ad97279e2117d1182c5c383ed2fa714f4d8826979a01b67aaaa191b018e9d,2026-08-18 23:35:36.185396+00:00,es,lasillavacia.com,lasillavacia.com,2026-08-18,Nature: El “Súper Niño” podría transformar la Amazonía,https://www.lasillavacia.com/silla-amazonia/amazonia-en-breve/nature-el-super-nino-podria-transformar-la-amazonia/
3c1799075a0732091ce674085659fbf0fdf48a3277d0561b5e6e851eba7727ab,2026-08-18 21:17:36.339071+00:00,es,infobae.com,infobae.com,2026-08-18,Los pueblos amazónicos alertan sobre graves problemas derivados del extractivismo,https://www.infobae.com/america/agencias/2026/08/18/los-pueblos-amazonicos-alertan-sobre-graves-problemas-derivados-del-extractivismo/
377b5097e1e20f95c1ed4bf75e9f7b17e872d6e34e481cad9275526ef08c848b,2026-08-17 20:42:54.266696+00:00,es,infobae.com,infobae.com,2026-08-17,La alianza entre Guatemala y México que busca cerrar brechas ante una temporada de incendios cada vez más extrema,https://www.infobae.com/guatemala/2026/08/17/la-alianza-entre-guatemala-y-mexico-que-busca-cerrar-brechas-ante-una-temporada-de-incendios-cada-vez-mas-extrema/
99dbc4718494aa8be775d04bbfe6b24e40cfc2e5b5a59d866c4d7d10470b23e0,2026-08-17 05:17:13.561484+00:00,es,eltiempo.com,eltiempo.com,2026-08-16,‘Debemos recuperar la capacidad de trabajar alrededor de propósitos comunes’: el discurso de Bruce Mac Master al cierre del Congreso de la Andi,https://www.eltiempo.com/economia/sectores/debemos-recuperar-la-capacidad-de-trabajar-alrededor-de-propositos-comunes-el-discurso-de-bruce-mac-master-al-cierre-del-congreso-de-la-andi-3578812
8b9c43c73c97a6445921bb092a7ec97ed68d8675f2c9560822a0c965a2d2bcf3,2026-08-16 21:27:36.683259+00:00,es,pagina10.com,pagina10.com,2026-08-16,El Pacífico: el futuro que Nariño todavía no ha sabido mirar,https://pagina10.com/web/el-pacifico-el-futuro-que-narino-todavia-no-ha-sabido-mirar/
f784e0e49d07d0618ad9c8987784cb3105e1ca93563c83c36c2ca2f95c133bf5,2026-08-16 20:23:52.412581+00:00,es,eltiempo.com,eltiempo.com,2026-08-16,"Opinión / Un Plan Marshall para el Chocó, sí; pero con soberanía",https://www.eltiempo.com/economia/sectores/opinion-un-plan-marshall-para-el-choco-si-pero-con-soberania-3578763
37bc5fc08cef4132f06445cddbe83d31b7a6e2bc40b5747d56498b567c96e8f8,2026-08-15 20:20:12.245794+00:00,es,infobae.com,infobae.com,2026-08-15,Hormuz no está lejos: la guerra del petróleo también se libra en América Latina,https://www.infobae.com/mexico/2026/08/15/hormuz-no-esta-lejos-la-guerra-del-petroleo-tambien-se-libra-en-america-latina/
6f48d28f08281589b6cb4c1c95da39166073ff13281ffc8deb53ba54f191dc33,2026-08-14 06:39:06.210754+00:00,es,elmeridiano.co,elmeridiano.co,2026-08-14,Colombia no necesita más investigación. Necesita convertirla en desarrollo,https://elmeridiano.co/cordoba/opinion/colombia-no-necesita-mas-investigacion-necesita-convertirla-en-desarrollo-v8nzi0
c7c1178464734fed820ed3374f3b7ed38179bfb230b959689066b587f968a6b6,2026-08-07 06:27:22.115652+00:00,es,eltiempo.com,eltiempo.com,2026-08-06,Vuelta de tuerca,https://www.eltiempo.com/opinion/columnistas/vuelta-de-tuerca-3576800
6b515a66f3a583c1975292d043550468a25ee7e98cbe45dbd5706373b4072507,2026-08-06 06:21:56.415695+00:00,es,elespectador.com,elespectador.com,2026-08-06,La protección del medio ambiente le quedó grande al gobierno,https://www.elespectador.com/opinion/columnistas/claudia-morales/la-proteccion-del-medio-ambiente-le-quedo-grande-al-gobierno/
3fdde68978838742214cc240c12e7832f3729feabd6cf7d7702a90ce91093ddc,2026-08-05 17:22:40.192542+00:00,es,opinioncaribe.com,opinioncaribe.com,2026-08-05,Innovar para sobrevivir: una carta abierta a la nueva ministra de Ciencia,https://www.opinioncaribe.com/2026/08/05/innovar-para-sobrevivir-una-carta-abierta-a-la-nueva-ministra-de-ciencia/
a928ce4927d90e86e9f32f065d9706123b1aa4f4070ed6839fccf3cfb5f83da2,2026-08-05 15:48:09.088580+00:00,es,infobae.com,infobae.com,2026-08-05,"Las ballenas y las vaquitas marinas peligran, pero México no tiene una estrategia clara para salvarlas",https://www.infobae.com/mexico/2026/08/05/las-ballenas-y-las-vaquitas-marinas-peligran-pero-mexico-no-tiene-una-estrategia-clara-para-salvarlas/
b2cf2d3ab71f9db0d8343bed4a2c17d51635dc62ee0a86463724ae00119a6c97,2026-08-02 19:20:47.929380+00:00,es,revistametro.co,revistametro.co,2026-07-31,"APP Canal del Dique, ruta de la resiliencia caribeña",https://revistametro.co/2026/08/app-canal-del-dique-ruta-de-la-resiliencia-caribena/
e431f6046d19bc957e6b3244ad1eb9311bcd93798703a8a20c6914192f47d756,2026-08-02 14:50:40.065893+00:00,es,hsbnoticias.com,hsbnoticias.com,2026-08-01,Red criminal cae en el Caribe colombiano: más de 100 especies silvestres fueron salvadas,https://www.hsbnoticias.com/trafico-fauna-silvestre-colombia-caribe-rescate-100-ejemplares/
1878c2ab1613a4da804a94e29dee2e2d9860f1012bbe3dc165aabb48e1236a2e,2026-08-02 14:43:56.216176+00:00,es,diariodelcauca.com.co,diariodelcauca.com.co,2026-08-01,Operación “Escudo Silvestre”: así fue el rescate masivo de fauna en la región Caribe,https://diariodelcauca.com.co/trafico-fauna-silvestre-colombia-caribe-rescate-100-ejemplares/
b9b016faf7eab09ace856e7372739300bafecb2773ccd7dc28a4d9acf5f6e6db,2026-08-02 14:43:54.781252+00:00,es,extra.com.co,extra.com.co,2026-08-01,Golpe al tráfico de fauna en Colombia: rescatan más de 100 animales en el Caribe,https://extra.com.co/trafico-fauna-silvestre-colombia-caribe-rescate-100-ejemplares/
8237ffbd901a24610e77ffa37af7914ff600efda0d256044307c011f0efcf076,2026-07-31 17:25:10.661813+00:00,es,elpais.com.co,elpais.com.co,2026-07-30,El medio ambiente no puede esperar,https://www.elpais.com.co/opinion/editorial/la-salud-ambiental-de-cali-en-riesgo-3008.html
073351cd3e38ccde393162fc4e694ebafc9261d4eea6b83478611bf0e889258f,2026-07-30 23:19:58.389172+00:00,es,infobae.com,infobae.com,2026-07-30,El Mediterráneo pierde biodiversidad por el avance de especies invasoras impulsadas por el cambio climático,https://www.infobae.com/america/medio-ambiente/2026/07/30/el-mediterraneo-pierde-biodiversidad-por-el-avance-de-especies-invasoras-impulsadas-por-el-cambio-climatico/
28fdaa720ad841b408ef115b8c241b32d6240eb1c5aa25f7b2912d18ae1d45c4,2026-07-27 15:24:38.446624+00:00,es,periodicoarteria.com,periodicoarteria.com,2026-07-26,camino,https://www.periodicoarteria.com/perspectiva-en-el-camino
8872deb9056d5fcaf53214d27ffdbf1edb7f01a242cb0613f13c1ed0119080c8,2026-07-25 18:27:39.646144+00:00,es,hsbnoticias.com,hsbnoticias.com,2026-07-25,El cielo no es el límite es el destino. Pasto destino Astroturístico,https://www.hsbnoticias.com/el-cielo-no-es-el-limite-es-el-destino-pasto-destino-astroturistico/
fec0d89a3a6c67fc02ed19ba3feb218b72808675fdc40616c6d1c08721cb2e10,2026-07-25 14:31:54.870870+00:00,es,extra.com.co,extra.com.co,2026-07-25,El cielo no es el límite es el destino. Pasto destino Astroturístico,https://extra.com.co/el-cielo-no-es-el-limite-es-el-destino-pasto-destino-astroturistico/
572bd7199d0b91d665a5c3f7ed0f5849013ba33db411e5b01be5c0e150e49e49,2026-07-25 14:31:28.573139+00:00,es,diariodelsur.com.co,diariodelsur.com.co,2026-07-25,El cielo no es el límite es el destino. Pasto destino Astroturístico,https://www.diariodelsur.com.co/el-cielo-no-es-el-limite-es-el-destino-pasto-destino-astroturistico/
5c7b353c409f95ca76dc1cd68dd665f453f3971e93503481a317a74ee2dcd357,2026-07-25 03:32:34.385081+00:00,es,infobae.com,infobae.com,2026-07-25,"¿España se ha preparado de verdad para la llegada del fuego?: “Por muy bien que se haga la prevención, el riesgo de grandes incendios es cada vez mayor”",https://www.infobae.com/espana/2026/07/25/espana-se-ha-preparado-de-verdad-para-la-llegada-del-fuego-por-muy-bien-que-se-haga-la-prevencion-el-riesgo-de-grandes-incendios-es-cada-vez-mayor/
63a90c621eadaafa5c49132f12b735fb70e6556758e4e1fcd29e9728b9db06f0,2026-07-24 15:28:26.117377+00:00,es,elpais.com.co,elpais.com.co,2026-07-24,Mascotas silvestres: multas y cárcel por tenerlas en casa en Bogotá,https://www.elpais.com.co/colombia/la-millonaria-multa-y-las-penas-a-las-que-se-expone-por-tener-tortugas-serpientes-o-monos-en-su-casa-2455.html
defc1365df28939b194d6dce1ebfbe9cf0f5a4d24696e5dc85cd97472988e543,2026-07-21 22:40:09.423758+00:00,es,pasionporsantamarta.com,pasionporsantamarta.com,2026-07-21,UNIMAGDALENA lidera proyecto en La Guajira para planificar el territorio priorizando el agua,https://pasionporsantamarta.com/unimagdalena-lidera-proyecto-en-la-guajira-para-planificar-el-territorio-priorizando-el-agua/
a7878b6fdaa136cbc18c737de453258a14ce4705930aca97fcb018e1bd05b24c,2026-07-21 01:27:22.669141+00:00,es,pagina10.com,pagina10.com,2026-07-20,Discursos no salvan parques: el reto ambiental que espera al nuevo Gobierno,https://pagina10.com/web/discursos-no-salvan-parques-el-reto-ambiental-que-espera-al-nuevo-gobierno/
e292bfd03dc585dcbc3a6c7a9e44d7c097bdd9b058ac20f39469f72c751cb415,2026-07-19 22:25:38.214787+00:00,es,larepublica.co,larepublica.co,2026-07-19,Fondos de pensión afrontan el escenario más 'aterrador' del calentamiento global,https://www.larepublica.co/globoeconomia/fondos-de-pension-afrontan-escenario-mas-aterrador-de-calentamiento-global-4439341
8136be0c1cc141accb96451f3bd9265a86ad1eff1894ef34e3e281d5eefa2442,2026-07-19 20:24:17.873235+00:00,es,hsbnoticias.com,hsbnoticias.com,2026-07-19,"Diez ciudades podrían enfrentar procesos de desertificación en los próximos 50 años, según proyecciones científicas",https://www.hsbnoticias.com/diez-ciudades-podrian-enfrentar-procesos-de-desertificacion-en-los-proximos-50-anos-segun-proyecciones-cientificas/
770d9c75c51439c13e2604f7543a46579b75208c9fbe1ff1fb49f1ccb7f48953,2026-07-19 17:22:19.302101+00:00,es,extra.com.co,extra.com.co,2026-07-19,"Diez ciudades podrían enfrentar procesos de desertificación en los próximos 50 años, según proyecciones científicas",https://extra.com.co/diez-ciudades-podrian-enfrentar-procesos-de-desertificacion-en-los-proximos-50-anos-segun-proyecciones-cientificas/
97481ed8c62264e036bce4d1e1d1e6b0392e3ca7bb7458e871e17d98ea99b08f,2026-07-19 17:21:48.560629+00:00,es,diariodelcauca.com.co,diariodelcauca.com.co,2026-07-19,"Diez ciudades podrían enfrentar procesos de desertificación en los próximos 50 años, según proyecciones científicas",https://diariodelcauca.com.co/diez-ciudades-podrian-enfrentar-procesos-de-desertificacion-en-los-proximos-50-anos-segun-proyecciones-cientificas/
e4b3d872f8ae3734cb5abe1a050207203f5ada64c7859ff224e590ddec3066fe,2026-07-19 07:24:15.614248+00:00,es,hsbnoticias.com,hsbnoticias.com,2026-07-19,Minería ilegal arrasa el río Puré y acelera la destrucción de la Amazonía colombiana,https://www.hsbnoticias.com/mas-de-500-hectareas-deforestadas-rio-pure-mineria-ilegal-amazonia/
0de9ace4cdc1cc00c60781b08065b440b5ad51a485182fe5fa983bf5c92453bd,2026-07-19 06:19:07.275653+00:00,es,eluniversal.com.co,eluniversal.com.co,2026-07-18,"Mientras el mundo financia la guerra, ¿qué lugar ocupa el desarrollo?",https://www.eluniversal.com.co/opinion/columna/2026/07/18/mientras-el-mundo-financia-la-guerra-que-lugar-ocupa-el-desarrollo/
9921ecd67682365208baa045733abd321de3c26278b69a79fe95b694785613a1,2026-07-19 05:29:45.507695+00:00,es,diariodelsur.com.co,diariodelsur.com.co,2026-07-19,La tragedia del río Puré: oro ilegal deja más de 500 hectáreas de selva devastadas,https://www.diariodelsur.com.co/mas-de-500-hectareas-deforestadas-rio-pure-mineria-ilegal-amazonia/
d6f07929b48b720f1fd74b8799bbb2d41c6a20ba0ef499d681047ce21ac0c30a,2026-07-19 05:29:24.609311+00:00,es,diariodelcauca.com.co,diariodelcauca.com.co,2026-07-19,Río Puré en emergencia ambiental por el avance de la minería ilegal en la frontera amazónica,https://diariodelcauca.com.co/mas-de-500-hectareas-deforestadas-rio-pure-mineria-ilegal-amazonia/
d2b5dedc6395758a463f41b6319e8a237e7a2451d5c3017f3156eb0c59dac45d,2026-07-19 05:27:25.945777+00:00,es,extra.com.co,extra.com.co,2026-07-19,Más de 500 hectáreas deforestadas en el río Puré amenazan a pueblos indígenas aislados,https://extra.com.co/mas-de-500-hectareas-deforestadas-rio-pure-mineria-ilegal-amazonia/
9023659e4fe94e50455d9c2d5738d861d1e8042174aa11205134d1f228bed245,2026-07-16 15:40:46.593562+00:00,es,elnuevosiglo.com.co,elnuevosiglo.com.co,2026-07-09,Choque de gobierno entrante y saliente por cifras de deforestación,https://www.elnuevosiglo.com.co/politica/choque-de-gobierno-entrante-y-saliente-por-cifras-de-deforestacion
712a0642e2a68fc3c02d4b39fc13a33cd4cbe32b389053864bf09231b57437c6,2026-07-15 07:26:49.874998+00:00,es,infobae.com,infobae.com,2026-07-15,"La mayoría de españoles comparten una visión proambientalista y sensible a proteger la naturaleza, según un estudio",https://www.infobae.com/america/agencias/2026/07/15/la-mayoria-de-espanoles-comparten-una-vision-proambientalista-y-sensible-a-proteger-la-naturaleza-segun-un-estudio/
a8bb455ef25a179926cc409e94e0d0d35e277fa59fce4529f44632c463ad9e32,2026-07-15 00:18:10.994082+00:00,es,llanoalmundo.com,llanoalmundo.com,2026-07-14,"Ecopetrol, Cormacarena y Gobernación conservarán 7.500 ha",https://llanoalmundo.com/ecopetrol-cormacarena-y-gobernacion-se-unieron-para-conservar-7-500-hectareas-de-bosque-en-meta/
30f37281323357afb2c3bdd4d35a809b3a68e8cda5feb0b961c99707711831a4,2026-07-14 16:43:52.065769+00:00,es,eltiempo.com,eltiempo.com,2026-07-14,"Francia vs. España hoy, por las semifinales del Mundial 2026: hora y dónde ver el partido EN VIVO",https://www.eltiempo.com/videos-eltiempo/francia-vs-espana-hoy-por-las-semifinales-del-mundial-2026-hora-y-donde-ver-el-partido-en-vivo-3571098
9b1c52d702c0e8725cfe63bf54469a2409df5e1b9bc91a2aa4f1d3f4832d8ce3,2026-07-14 00:31:48.629088+00:00,es,infobae.com,infobae.com,2026-07-13,Christian Asinelli dijo que ningún país de América Latina se puede salvar solo y defendió la integración regional,https://www.infobae.com/politica/2026/07/13/christian-asinelli-dijo-que-ningun-pais-de-america-latina-se-puede-salvar-solo-y-defendio-la-integracion-regional/
64410fc34e7afcf10936aac3e30ee7aa806e957cf2ee0aeb053eb01d6816611e,2026-07-10 06:29:32.232571+00:00,es,eltiempo.com,eltiempo.com,2026-07-09,Pensar global,https://www.eltiempo.com/opinion/columnistas/pensar-global-3570335
77ab3cd36e8b5c330b0bc3f33f0bca071a31d70494f83634577a82aee870f981,2026-07-10 00:44:30.757282+00:00,es,infobae.com,infobae.com,2026-07-09,El árbol de la Patagonia argentina que desafía el tiempo: su especie es la segunda más antigua del mundo,https://www.infobae.com/tendencias/2026/07/09/el-arbol-de-la-patagonia-argentina-que-desafia-el-tiempo-su-especie-es-la-segunda-mas-antigua-del-mundo/
6628e22bf60331b6b449b8defe152b350f075b8122ae21194228d4c0ca6b866b,2026-07-09 23:26:10.717676+00:00,es,infobae.com,infobae.com,2026-07-09,El árbol de la Patagonia argentina que desafía el tiempo: su especie es la segunda más antigua del mundo,https://www.infobae.com/tendencias/2026/07/09/el-segundo-arbol-mas-antiguo-del-mundo-esta-en-la-patagonia-argentina-su-historia-y-la-amenaza-de-los-incendios/
08d5618fb3a9f761d63bd96f7a0cda38fd80fe490c100a3bc9ac1fdf60361b97,2026-07-08 18:22:13.043944+00:00,es,infobae.com,infobae.com,2026-07-08,Greenpeace protesta en playa de Manzanillo y urge a líderes globales frenar minería submarina impulsada por EEUU,https://www.infobae.com/mexico/2026/07/08/greenpeace-protesta-en-playa-de-manzanillo-y-urge-a-lideres-globales-frenar-mineria-submarina-impulsada-por-eeuu/
cc079d6e4b06c331c56ad065277da09d06746bc3869f5b2707ebb29669f19b26,2026-07-08 15:46:25.649027+00:00,es,santamartaaldia.co,santamartaaldia.co,2026-07-08,Alerta ambiental en Pijiño: mortandad de peces y contaminación ponen en jaque a la Ciénaga El Palmar,https://santamartaaldia.co/alerta-ambiental-en-pijino-mortandad-de-peces-y-contaminacion-ponen-en-jaque-a-la-cienaga-el-palmar/?utm_source=rss&utm_medium=rss&utm_campaign=alerta-ambiental-en-pijino-mortandad-de-peces-y-contaminacion-ponen-en-jaque-a-la-cienaga-el-palmar
1a2a2ccb716aa2488e2bf6045cc7cfcf83d1a07cce321df1102b1a869ed587a8,2026-07-08 06:19:09.834516+00:00,es,infobae.com,infobae.com,2026-07-08,Las 103 mejores fotos del Premio Beca Pulitzer en el gran Chaco Americano: “Hay un grito de futuro frente al impacto del clima”,https://www.infobae.com/fotos/2026/07/08/las-103-mejores-fotos-del-premio-beca-pulitzer-en-el-gran-chaco-americano-hay-un-grito-de-futuro-frente-al-impacto-del-clima/
b19a28402d064c3997c581c1591fc8869dafb58d62024508cf07d21833aa1bfa,2026-07-07 08:28:03.591810+00:00,es,larepublica.co,larepublica.co,2026-07-07,Así está el país en materia de conservación de suelo y restauración de hectáreas,https://www.larepublica.co/responsabilidad-social/asi-esta-el-pais-en-materia-de-conservacion-de-suelo-y-restauracion-de-hectareas-4430507
235b64c2ec63d023786d55275e5a5fad04e945e71a4fa541d0fa27d78de6c7ee,2026-07-01 20:57:03.176537+00:00,es,semana.com,semana.com,2026-07-01,La antigua técnica japonesa que permite producir madera de alta calidad sin necesidad de talar árboles,https://www.semana.com/sostenible/medio-ambiente/articulo/la-antigua-tecnica-japonesa-que-permite-producir-madera-de-alta-calidad-sin-necesidad-de-talar-arboles/202620/
a9b2d58014d6465202d150679dd6966804467855989b9a1885532cc867f0540a,2026-07-01 11:22:09.011695+00:00,es,infobae.com,infobae.com,2026-07-01,"Cantabria cierra la temporada del salmón con solo 3 capturas, el peor dato desde que hay registros: otra señal del declive de la especie",https://www.infobae.com/espana/2026/07/01/cantabria-cierra-la-temporada-del-salmon-con-solo-3-capturas-el-peor-dato-desde-que-hay-registros-otra-senal-del-declive-de-la-especie/
3495dd3993db7c2bcab826380403d747b9f2de28f7f663f14c6d9e47fa258834,2026-07-01 08:17:13.438869+00:00,es,elespectador.com,elespectador.com,2026-07-01,Conversaciones para un país que cambió,https://www.elespectador.com/opinion/columnistas/sandra-vilardy/conversaciones-para-un-pais-que-cambio/
2c0ba8a0e4d7562bd7c54004f4c32ff6b43228be17b3c10d27f00e57ceebd61d,2026-06-30 06:27:04.662591+00:00,es,eltiempo.com,eltiempo.com,2026-06-29,Desalinización: el debate hídrico que se sigue aplazando,https://www.eltiempo.com/vida/medio-ambiente/desalinizacion-el-debate-hidrico-que-se-sigue-aplazando-3567817
5015d91775a861a4037dfc7c67220c0912ab0c2c6ca951b8fc8cd45fad70e37c,2026-06-29 14:17:21.019424+00:00,es,revistametro.co,revistametro.co,2026-06-17,Diez legados del gobierno del presidente Gustavo Petro,https://revistametro.co/2026/06/diez-legados-del-gobierno-del-presidente-gustavo-petro/
8894843962eba5e08576598c05d8f1641ecd766e17436801c1a9348d64e82ff3,2026-06-25 21:22:21.931667+00:00,es,infobae.com,infobae.com,2026-06-25,Mexicana ‘arma’ protesta en Berlín contra planta de amoniaco en Topolobampo: “Hagamos que el mundo se entere”,https://www.infobae.com/mexico/2026/06/25/mexicana-arma-protesta-en-berlin-contra-planta-de-amoniaco-en-topolobampo-hagamos-que-el-mundo-se-entere/
c59ad9aa0a2d057bc23998998ff65ad86a9c5e468e39b2dbf490a8eedb9802f5,2026-06-25 14:59:47.180700+00:00,es,infobae.com,infobae.com,2026-06-25,Denuncian que Defensa construye una carretera ilegal en Tulum y amenaza cenote histórico Sac Actun,https://www.infobae.com/mexico/2026/06/25/denuncian-que-defensa-construye-una-carretera-ilegal-en-tulum-y-amenaza-cenote-historico-sac-actun/
0b3be2a24708c4db7a77be1eddf24fdbe950f92583c0c54972900d7ce8a3bb70,2026-06-25 11:37:57.147495+00:00,es,diariodelhuila.com,diariodelhuila.com,2026-06-25,Agroindustria con conciencia ambiental,https://diariodelhuila.com/agroindustria-con-conciencia-ambiental/
780806b10482630dced3806d89e7cf3129c7cd1529bf17463a1a7d3637e75139,2026-06-24 18:26:31.179506+00:00,es,infobae.com,infobae.com,2026-06-24,"Emprenden acciones legales para defender playa en Punta de Mita, Nayarit: buscan revocar concesión a empresa que impide libre acceso",https://www.infobae.com/mexico/2026/06/24/emprenden-acciones-legales-para-defender-playa-en-punta-de-mita-nayarit-buscan-revocar-concesion-a-empresa-que-impide-libre-acceso/
46de314907e69006ef0876eb3da24c0b0610bd41b8f208919397bd06a237f56c,2026-06-22 22:25:15.418551+00:00,es,elpais.com,elpais.com,2026-06-22,Iván Cepeda se pone a la cabeza de una oposición robusta a Abelardo de la Espriella: “Somos una fuerza serena”,https://elpais.com/america-colombia/elecciones-presidenciales/2026-06-22/ivan-cepeda-se-pone-a-la-cabeza-de-una-oposicion-robusta-a-abelardo-de-la-espriella-somos-una-fuerza-serena.html
d3f25c75e48c3a3c6d5fe6584bf82ff25eed6f6dda601ddb6954302505b3f733,2026-06-22 12:36:44.770018+00:00,es,elespectador.com,elespectador.com,2026-06-22,Infraestructura que conecta territorios y protege la biodiversidad,https://www.elespectador.com/punto-de-encuentro/infraestructura-que-conecta-territorios-y-protege-la-biodiversidad/
2a3b1a278e6835fedb4fa2399f47d7f31362ea4b9845610c7892f4650f9a1bb9,2026-06-22 10:53:21.910266+00:00,es,infobae.com,infobae.com,2026-06-22,"Los bosques tropicales luchan para evitar ""puntos críticos de deterioro"" en su degradación",https://www.infobae.com/america/agencias/2026/06/22/los-bosques-tropicales-luchan-para-evitar-puntos-criticos-de-deterioro-en-su-degradacion/
5067a4e15320aead0c284875a72e588cd747b35a31296d615a048aecee291577,2026-06-21 05:19:09.938492+00:00,es,semana.com,semana.com,2026-06-20,Misión de rescate científica: el mamífero marino más amenazado del mundo recibe un “salvavidas” ante su posible extinción,https://www.semana.com/tecnologia/articulo/mision-de-rescate-cientifica-el-mamifero-marino-mas-amenazado-del-mundo-recibe-un-salvavidas-ante-su-posible-extincion/202605/
39a9fcf8f1a5fbf4a9b0904b9113e000529d07f408b64abfea03155fbcf52b16,2026-06-20 22:24:15.821684+00:00,es,lasillavacia.com,lasillavacia.com,2026-06-19,Fenómeno de El Niño: un desafío sin plan,https://www.lasillavacia.com/red-de-expertos/red-verde/el-fenomeno-del-nino-2026-un-desafio-sin-plan/
976b58ef6110d4891b684dd88b2b665f3c8b5bff60ed1e077a33c69f9cd8589b,2026-06-20 02:30:52.199068+00:00,es,caracol.com.co,caracol.com.co,2026-06-20,Bronx Distrito Creativo transforma Bogotá: así será el nuevo pulmón verde en el centro de la ciudad,https://caracol.com.co/2026/06/20/bronx-distrito-creativo-transforma-bogota-asi-sera-el-nuevo-pulmon-verde-en-el-centro-de-la-ciudad/
5d3643dc89a5609e86e75b3d03f5145326f4e2aeb2e814e8f4de978a00e16e08,2026-06-20 01:31:34.779034+00:00,es,lasillavacia.com,lasillavacia.com,2026-06-19,Paz territorial en Putumayo: retos del proceso con la Cneb,https://www.lasillavacia.com/red-de-expertos/red-de-la-paz/paz-territorial-en-putumayo-retos-del-proceso-con-la-cneb/
065b69c21c0983313325b48f9e63a2a76170891b4a1289165c1ad67283115d2b,2026-06-20 00:29:33.747495+00:00,es,infobae.com,infobae.com,2026-06-19,"La inteligencia artificial no nos quitará el trabajo, pero sí puede dejar atrás a quienes decidan ignorarla",https://www.infobae.com/peru/2026/06/19/la-inteligencia-artificial-no-nos-quitara-el-trabajo-pero-si-puede-dejar-atras-a-quienes-decidan-ignorarla/
2834b20821d82995caf188f3eb9720ae3ce690565a3c0e7ca31f0adc61501e95,2026-06-19 20:20:35.382986+00:00,es,ladob.info,ladob.info,2026-06-19,"Bronx Distrito Creativo Presenta: Raíces del Renacer, una acción colectiva que visibiliza el nuevo pulmón verde del centro de Bogotá",https://ladob.info/bronx-distrito-creativo-presenta-raices-del-renacer-una-accion-colectiva-que-visibiliza-el-nuevo-pulmon-verde-del-centro-de-bogota/
974725264067e44cbc6ccc6882b1a286b04211466a80faf4f192e31039cd8fb5,2026-06-18 17:58:55.113602+00:00,es,caracol.com.co,caracol.com.co,2026-06-18,La Amazonía colombiana: la crisis ambiental que revela un problema de Estado,https://caracol.com.co/2026/06/18/la-amazonia-colombiana-la-crisis-ambiental-que-revela-un-problema-de-estado/
4597a11160a22d8e93e17d45c88ccfb7ce1ba3fd8a6fa7a908de39129a68b47b,2026-06-18 16:38:40.146387+00:00,es,mutante.org,mutante.org,2026-06-18,Soy cristiana católica y Abelardo no me representa,https://mutante.org/contenidos/soy-cristiana-catolica-y-abelardo-no-me-representa/
ce125994b99ba14c13111d1c9025ff5f2164092ae7ec8605c4d8490e6179f594,2026-06-18 11:53:29.322977+00:00,es,infobae.com,infobae.com,2026-06-18,"Cómo actuar ante un oso, un insecto o una caracola: conocer la naturaleza de forma segura",https://www.infobae.com/espana/agencias/2026/06/18/como-actuar-ante-un-oso-un-insecto-o-una-caracola-conocer-la-naturaleza-de-forma-segura/
2e146319581af50668bb27431bb5c83df578b3c84a1037c46733d1f5458f136d,2026-06-16 23:38:03.311096+00:00,es,caracol.com.co,caracol.com.co,2026-06-16,El Estado no ha podido dar una solución digna y legal a la población en la Amazonía: Rodrigo Botero,https://caracol.com.co/2026/06/16/el-estado-no-ha-podido-dar-una-solucion-digna-y-legal-a-la-poblacion-en-la-amazonia-rodrigo-botero/
1d9c3b596903ade2d29ded7167b1625187800ca1cc084fa497685e8329ba68b7,2026-06-15 06:18:49.411489+00:00,es,infobae.com,infobae.com,2026-06-15,Científicos alertan que una tormenta mató a 58 orangutanes y destruyó más de 8.300 hectáreas de bosque en Sumatra,https://www.infobae.com/america/ciencia-america/2026/06/15/cientificos-alertan-que-una-tormenta-mato-a-58-orangutanes-y-destruyo-mas-de-8300-hectareas-de-bosque-en-sumatra/
4038c803ec0eb629d206a9a3361b6bcbe028d66ed5921fd65d860b5c90d53bde,2026-06-14 18:19:14.638933+00:00,es,infobae.com,infobae.com,2026-06-14,La carretera de montaña que conquistó James Bond: a 2.400 metros de altura y junto al glaciar más grande de los Alpes uraneses,https://www.infobae.com/espana/viajes/2026/06/14/la-carretera-de-montana-que-conquisto-james-bond-a-2400-metros-de-altura-y-junto-al-glaciar-mas-grande-de-los-alpes-uraneses/
9ddd51dd8ce6684d8fecd9807bd09705dc5c30772643468c7c68dd41eaa6d0a6,2026-06-14 16:27:00.695743+00:00,es,semanariovoz.com,semanariovoz.com,2026-06-14,¿El fracking o la vida?,https://semanariovoz.com/el-fracking-o-la-vida/
7f1c3715dad4b2c1bb9881edf427cb3b7096c507ab5dcf8d78c352901c7ab373,2026-06-14 05:25:45.322525+00:00,es,elpais.com.co,elpais.com.co,2026-06-13,Como las cepas: Tigrofilia y Petrocepedofobia,https://www.elpais.com.co/opinion/columnistas/como-las-cepas-tigrofilia-y-petrocepedofobia-1352.html
efc39d9fd1f6f35d3958a1d13341d0427f74ed806e8318ccaa744f09b04918c6,2026-06-11 00:26:25.136503+00:00,es,infobae.com,infobae.com,2026-06-10,Crueldad animal en Argentina: las especies más afectadas y los indignantes antecedentes que activaron alertas,https://www.infobae.com/america/medio-ambiente/2026/06/10/maltrato-animal-en-argentina-las-especies-mas-afectadas-y-los-indignantes-antecedentes-que-activaron-alertas/
1cd3bd731aa875ff9bbdbbeb1da3f8471713adf94adef438f6a5b8899fa27d3b,2026-06-10 23:42:17.787901+00:00,es,infobae.com,infobae.com,2026-06-10,La guía definitiva para no matar tus plantas de interior: los errores más comunes en departamentos mexicanos,https://www.infobae.com/mexico/2026/06/10/la-guia-definitiva-para-no-matar-tus-plantas-de-interior-los-errores-mas-comunes-en-departamentos-mexicanos/
ddb3f11ed1143c1ee347d49fd89788754c9cd86d28c1b618d97db03ebb4318d1,2026-06-09 15:29:22.489914+00:00,es,infobae.com,infobae.com,2026-06-09,Gustavo Bolívar arremetió contra propuesta de José Manuel Restrepo de hacer fracking sin afectar el medio ambiente: “Es como talar un bosque sin contar árboles”,https://www.infobae.com/colombia/2026/06/09/gustavo-bolivar-arremetio-contra-jose-manuel-restrepo-por-polemica-sobre-el-fracking-inventan-argumentos-para-destruir-la-naturaleza/
9c977a0529fc0441551e4b6683b7d28f3bb25f9bed91d6972c713a6ecd4118fa,2026-06-08 09:26:45.805708+00:00,es,periodicoarteria.com,periodicoarteria.com,2026-06-07,¿Es todavía la subjetividad el mayor valor que tiene el arte?,https://www.periodicoarteria.com/opinion-emilio-tarazona-la-subjetividad-el-mayor-valor-que-tiene-el-arte
2e5345895ac4a47b57cede7ddf414033fa58c4dcaf06282eaad94e8096970ec9,2026-06-08 06:19:16.576044+00:00,es,infobae.com,infobae.com,2026-06-08,Día Mundial de los Océanos: su rol frente a la crisis climática y las amenazas que preocupan a científicos,https://www.infobae.com/america/medio-ambiente/2026/06/08/dia-mundial-de-los-oceanos-su-rol-frente-a-la-crisis-climatica-y-las-amenazas-que-preocupan-a-cientificos/
5d01b585fc744164069c9319e77fcabf714421a13c95470a7bb07d2fa4207e98,2026-06-07 09:22:22.765430+00:00,es,larepublica.co,larepublica.co,2026-06-07,El fin de las viejas certezas,https://www.larepublica.co/analisis/ramiro-santa-513971/el-fin-de-las-viejas-certezas-4409799
d222b8d32bae58b10b037ff4adca96e9fdbde72c427f14dc1a0978cf95728fd9,2026-06-07 03:27:01.969478+00:00,es,eltiempo.com,eltiempo.com,2026-06-06,"Colombia podría enfrentar uno de los fenómenos de El Niño más intensos en más de un siglo: así podría impactar al país, según expertos",https://www.eltiempo.com/vida/medio-ambiente/colombia-podria-enfrentar-uno-de-los-fenomenos-de-el-nino-mas-intensos-en-mas-de-un-siglo-asi-podria-impactar-al-pais-segun-expertos-3562220
8d8bc48957b001b548743cba6f6d730947317a78d474b64c8d9aacd437459002,2026-06-06 21:18:09.619196+00:00,es,infobae.com,infobae.com,2026-06-06,Pisar sin saber: cómo un sendero mal gestionado puede dañar un ecosistema de forma permanente,https://www.infobae.com/america/ciencia-america/2026/06/06/pisar-sin-saber-como-un-sendero-mal-gestionado-puede-danar-un-ecosistema-de-forma-permanente/
d670028ca96558b240b506e882f9129cf4b76d678c65e4d7903d8e7baa7a620f,2026-06-06 17:32:31.899274+00:00,es,elinformador.com.co,elinformador.com.co,2026-06-06,Santa Marta se une a jornada ambiental en el marco del Día Mundial de los Océanos,https://www.elinformador.com.co/index.php/la-ciudad/81-distrito/353486-santa-marta-se-une-a-jornada-ambiental-en-el-marco-del-dia-mundial-de-los-oceanos
a748fc2d20463485456132ae52aa13b8031d5e76b8fa5460592564a7bccd9c5c,2026-06-06 08:21:35.781426+00:00,es,infobae.com,infobae.com,2026-06-06,"Las iniciativas para frenar la exportación de ganado en pie: maltrato animal, riesgo ambiental y daños costeros",https://www.infobae.com/sociedad/2026/06/06/las-iniciativas-para-frenar-la-exportacion-de-ganado-en-pie-maltrato-animal-riesgo-ambiental-y-danos-costeros/
4e9a8c4ea6ee184e4470c841dfa79259ddc39416e5d782b104e02786d5870276,2026-06-05 17:39:57.800732+00:00,es,elespectador.com,elespectador.com,2026-06-05,Costas de crudo y opacidad: la crisis permanente de los derrames en Venezuela,https://www.elespectador.com/mundo/venezuela/la-crisis-permanente-de-los-derrames-petroleros-en-venezuela/
81462d7d9d3cd41f1a8e3ee9de31970ade99dc6d24fe9095cac92b2455123edf,2026-06-05 14:34:09.800148+00:00,es,caracol.com.co,caracol.com.co,2026-06-05,"Viernes 5 de junio, las noticias más importantes de Armenia y Quindío",https://caracol.com.co/2026/06/05/viernes-5-de-junio-las-noticias-mas-importantes-de-armenia-y-quindio/
20de72bb6726145acd4413b99453364653ad347c3e6e97ceb6c40badbe4d8c34,2026-06-05 12:50:01.035023+00:00,es,infobae.com,infobae.com,2026-06-05,Instituciones y ecologistas renuevan compromisos y demandas en el Día del Medioambiente,https://www.infobae.com/espana/agencias/2026/06/05/instituciones-y-ecologistas-renuevan-compromisos-y-demandas-en-el-dia-del-medioambiente/
49991b00e206b50db0237d52d2657f68596a2c057527f845639dac18d65b2ad2,2026-06-05 02:23:27.026834+00:00,es,caracol.com.co,caracol.com.co,2026-06-05,Bogotá conmemora el Día Mundial del Medio Ambiente este 5 de junio: Agéndese con su cronograma,https://caracol.com.co/2026/06/05/bogota-conmemora-el-dia-mundial-del-medio-ambiente-este-5-de-junio-agendese-con-su-cronograma/
c0d5623e5f66e2dc42b0b9fa788b2a317c82845868724683a55d1ec2a51c2d12,2026-06-05 00:30:10.143827+00:00,es,areacucuta.com,areacucuta.com,2025-12-01,Decameron protege la biodiversidad con turismo sostenible,https://www.areacucuta.com/el-turismo-tambien-puede-proteger-la-biodiversidad-asi-busca-decameron-conectar-turistas-con-los-ecosistemas/
fcdac181a82347a1beefcb7657c9f7f99c2b9950f62fc55cc3053d168adc71fb,2026-06-04 18:39:22.908743+00:00,es,infobae.com,infobae.com,2026-06-04,Crean Red de pesca responsable de Galápagos para potenciar la conservación marina,https://www.infobae.com/america/agencias/2026/06/04/crean-red-de-pesca-responsable-de-galapagos-para-potenciar-la-conservacion-marina/
8e22e57c28b4721a3f4a42d5b6841b8beaf5850ed9df5fac78fd7b32c9efa662,2026-06-04 13:53:13.757302+00:00,es,infobae.com,infobae.com,2026-06-04,La batalla por declarar al golfo de California como hábitat crítico y el freno legal a los megaproyectos de gas,https://www.infobae.com/mexico/2026/06/04/salvar-a-las-ballenas-del-golfo-de-california-de-gasoducto-en-saguaro-potegeria-a-otros-ecosistemas-en-riesgo-alertan-organizaciones/
b9ebd991be6caf7af42221c46fc58ac7ced72dd5e61c23cc687d5971e45e59db,2026-06-03 06:26:34.562357+00:00,es,eltiempo.com,eltiempo.com,2026-06-02,"Putumayo, un viaje que resetea el alma y salvaguarda la vida y la naturaleza",https://www.eltiempo.com/ultimas-noticias/putumayo-un-viaje-que-resetea-el-alma-y-salvaguarda-la-vida-y-la-naturaleza-3561596
2456d2aef48ecc9af4ea858e071f765ad5d9dcd9a7b456144a5960555aae3f53,2026-06-02 21:44:09.298101+00:00,es,lasillavacia.com,lasillavacia.com,2026-06-02,Próxima conferencia del clima se enfocará en la implementación,https://www.lasillavacia.com/silla-amazonia/amazonia-en-breve/proxima-conferencia-del-clima-se-enfocara-en-la-implementacion/
2e93dcbf42a6d5ee1f11fab31acba13e0e9d2b6c6fed7e007bbd915ab5595b91,2026-06-02 18:28:43.536490+00:00,es,infobae.com,infobae.com,2026-06-02,Alberto de Mónaco ensalza el compromiso ambiental de España y la fuerza de su ciencia,https://www.infobae.com/espana/agencias/2026/06/02/alberto-de-monaco-ensalza-el-compromiso-ambiental-de-espana-y-la-fuerza-de-su-ciencia/
f4852d6338ec4dc8635f5dd2f7ec1080f8040f57eabf29e71eb7825a6670ffd7,2026-06-02 15:43:01.198527+00:00,es,eltiempo.com,eltiempo.com,2026-06-02,El impacto de los nuevos lineamientos ambientales decretados por el Gobierno en la Sabana de Bogotá: hay limitaciones urbanísticas y de transporte,https://www.eltiempo.com/bogota/el-impacto-de-los-nuevos-lineamientos-ambientales-decretados-por-el-gobierno-en-la-sabana-de-bogota-hay-limitaciones-urbanisticas-y-de-transporte-3561335
c42ccdb3046839072bfdbb5b2558633bbc68b2a8e0f8c0a203e8ba5c30c41456,2026-06-02 14:28:55.765467+00:00,es,infobae.com,infobae.com,2026-06-02,"CaixaForum Madrid inaugura la experiencia inmersiva 'Somos Naturaleza', una muestra para reconectar con el planeta",https://www.infobae.com/america/agencias/2026/06/02/caixaforum-madrid-inaugura-la-experiencia-inmersiva-somos-naturaleza-una-muestra-para-reconectar-con-el-planeta/
1a911450307220bef2a17a8e3a84756a68197cc88938b54351797a46ae16b688,2026-06-02 11:49:44.775943+00:00,es,infobae.com,infobae.com,2026-06-02,"Una muestra resalta el ""poder regenerador de la naturaleza"" ante retos de la biodiversidad",https://www.infobae.com/espana/agencias/2026/06/02/una-muestra-resalta-el-poder-regenerador-de-la-naturaleza-ante-retos-de-la-biodiversidad/
e615c1c3c027a9b6ae76baf3f803a5580e4b85e88673d479a68caf6fbc52d93d,2026-06-01 14:25:54.747837+00:00,es,infobae.com,infobae.com,2026-06-01,Día Mundial de los Arrecifes: por qué son clave para la biodiversidad marina y la protección de las costas,https://www.infobae.com/america/medio-ambiente/2026/06/01/dia-mundial-de-los-arrecifes-por-que-son-clave-para-la-biodiversidad-marina-y-la-proteccion-de-las-costas/
3149759d6786f535fa1a9e26b9f2f7f10ed9dd1cfd6d1a5ab9932a876012ce0b,2026-05-30 15:33:32.752761+00:00,es,eltiempo.com,eltiempo.com,2026-05-30,Gobierno Petro redefine el futuro de la Sabana de Bogotá con nuevas restricciones urbanísticas y ambientales,https://www.eltiempo.com/vida/medio-ambiente/gobierno-petro-redefine-el-futuro-de-la-sabana-de-bogota-con-nuevas-restricciones-urbanisticas-y-ambientales-3559614
a39f39d6fc036a8e2a2a1ecda2ca0dfacf2ce7efc40b2d70b0bf065ece6fe886,2026-05-30 06:24:09.686332+00:00,es,elespectador.com,elespectador.com,2026-05-30,Los perfiles de Londoño: la filosofía del siglo XXI,https://www.elespectador.com/el-magazin-cultural/los-perfiles-de-londono-la-filosofia-del-siglo-xxi/
1cad629626bed02f9a093577b335aa5a588edee877fc2bb8e9d956278a80bd4a,2026-05-29 03:25:10.741609+00:00,es,elpais.com.co,elpais.com.co,2026-05-28,Hanta y Ebola: hacia la inevitable tragedia de los comunes,https://www.elpais.com.co/opinion/columnistas/hanta-y-ebola-hacia-la-inevitable-tragedia-de-los-comunes-2851.html
bb0ae85dee6622fa7d66c66a49be564f60f4aa43624a832551426c1a73aeb075,2026-05-28 10:40:43.283216+00:00,es,infobae.com,infobae.com,2026-05-28,Grecia pasa a la acción: prohíbe nuevos chiringuitos en 251 playas y abre el debate sobre el futuro del litoral español,https://www.infobae.com/espana/2026/05/28/grecia-pasa-a-la-accion-prohibe-nuevos-chiringuitos-en-251-playas-y-abre-el-debate-sobre-el-futuro-del-litoral-espanol/
181673ea1783705e6974ccf7a27a012df93a0077ffe77f142ba4134969de1c60,2026-05-27 14:32:46.257941+00:00,es,infobae.com,infobae.com,2026-05-27,Pancarta de Greenpeace en el fondo marino pide a los gobiernos 'escuchar a la ciencia',https://www.infobae.com/america/agencias/2026/05/27/pancarta-de-greenpeace-en-el-fondo-marino-pide-a-los-gobiernos-escuchar-a-la-ciencia/
4a91cfab13cbe798161f71f147e369917083facbf1f9424b968acdcca0aa1817,2026-05-27 06:16:05.630818+00:00,es,infobae.com,infobae.com,2026-05-27,“México juega limpio”: Lotería Nacional presenta billete conmemorativo del Día Mundial del Medio Ambiente,https://www.infobae.com/mexico/2026/05/27/mexico-juega-limpio-loteria-nacional-presenta-billete-conmemorativo-del-dia-mundial-del-medio-ambiente/
2dc9efb8ef17758d4645aa5a82c8ef6f7a5b5aea16e4b5297521bf63bd68257a,2026-05-25 21:25:59.558710+00:00,es,las2orillas.co,las2orillas.co,2026-05-25,El gobernador del Pacto Histórico que intentó entregarle el oro de Nariño a una multinacional gringa,https://www.las2orillas.co/el-gobernador-del-pacto-historico-que-intento-entregarle-el-oro-de-narino-a-una-multinacional-gringa/
c59f537f44c0c3d75f8f6dee4366446c3d835eee3bdb81c88a674b3748150f73,2026-05-25 06:17:35.612749+00:00,es,eluniversal.com.co,eluniversal.com.co,2026-05-25,Evitar el colapso de la Ciénaga,https://www.eluniversal.com.co/opinion/editorial/2026/05/25/evitar-el-colapso-de-la-cienaga/
a83d36bfbfacd7744cfdac8cfc44f3c9d58844d178f6195e8ba5de2b9e17f435,2026-05-22 14:46:15.998928+00:00,es,semana.com,semana.com,2026-05-22,"No bote su voto, Colombia lo necesita",https://www.semana.com/opinion/articulo/no-bote-su-voto-colombia-lo-necesita/202635/
c8098e001dc461d726ec55d0f1cb78ae0a29f3c99481649b54537b7268f21fd5,2026-05-21 19:47:08.270658+00:00,es,infobae.com,infobae.com,2026-05-21,Ecuador aprueba la primera Ley Orgánica de Gobernanza del Espacio Marino-Costero,https://www.infobae.com/america/agencias/2026/05/21/ecuador-aprueba-la-primera-ley-organica-de-gobernanza-del-espacio-marino-costero/
1c9d105b8cfa31067fbefa895b1c708b0b3ba19c105b184b695d9721dcb91d94,2026-05-21 01:33:13.541018+00:00,es,infobae.com,infobae.com,2026-05-21,Las selvas tropicales están llegando a un punto de no retorno y la demanda global sería la causa,https://www.infobae.com/america/medio-ambiente/2026/05/21/las-selvas-tropicales-estan-llegando-a-un-punto-de-no-retorno-y-la-demanda-global-seria-la-causa/
c20aa715ddbedaad52faf0d99f9fe671c44b9d0e7b599275a7ad84be807427da,2026-05-20 23:29:54.286111+00:00,es,infobae.com,infobae.com,2026-05-20,No sólo Mahahual; activistas piden proteger a la ballena azul en Loreto ante conversión portuaria,https://www.infobae.com/mexico/2026/05/20/no-solo-mahahual-activistas-piden-proteger-a-la-ballena-azul-en-loreto-ante-conversion-portuaria/
49e7df045f85c9d394a7b34006ecdb8ab7869bfabbb8efba8838970009150edc,2026-05-20 14:43:20.371002+00:00,es,infobae.com,infobae.com,2026-05-20,Ecuador se encamina a proteger por ley sus olas y zonas de surf como patrimonio natural,https://www.infobae.com/america/america-latina/2026/05/20/ecuador-se-encamina-a-proteger-por-ley-sus-olas-y-zonas-de-surf-como-patrimonio-natural/
446e3d11240723ab5186b5b9cd876c005051b5f96121d492b3a690b706e8ced0,2026-05-20 07:42:03.139551+00:00,es,larepublica.co,larepublica.co,2026-05-20,El cambio climático extinguiría 91% de los bosques de niebla suramericanos para el 2070,https://www.larepublica.co/responsabilidad-social/cambio-climatico-extinguiria-91-de-los-bosques-de-niebla-sudamericanos-para-2070-4395796
949788c09fd55b296116ecb1c660699cf2a66496b210425c60f2ec604fa13e3f,2026-05-19 20:24:28.273526+00:00,es,infobae.com,infobae.com,2026-05-19,“Punto de no retorno”: por qué la pérdida del oxígeno en los ríos alerta a los expertos,https://www.infobae.com/america/mundo/2026/05/19/punto-de-no-retorno-por-que-la-perdida-del-oxigeno-en-los-rios-alerta-a-los-expertos/
d03c3bf65cf0a915716dc0c718e29cbb7238845a7899634b968ba3f170e95964,2026-05-19 06:39:16.183802+00:00,es,elespectador.com,elespectador.com,2026-05-19,Naturaleza como víctima: discusión que debe avanzar,https://www.elespectador.com/opinion/columnistas/german-i-andrade-/naturaleza-como-victima-discusion-que-debe-avanzar/
d85a24792e5b131ab41e0633fcdecc5a0c376169cd5242ba52b75c126eafb56d,2026-05-19 03:26:28.129779+00:00,es,infobae.com,infobae.com,2026-05-19,¿Puede la Semarnat detener a Royal Caribbean en Mahahual? Esto dice la ley,https://www.infobae.com/mexico/2026/05/19/puede-la-semarnat-detener-a-royal-caribbean-en-mahahual-esto-dice-la-ley/
65f1a819727d233ef2af3519ade71efd231c7c06012dfac19456dac8c599b636,2026-05-18 09:20:58.171025+00:00,es,elnuevosiglo.com.co,elnuevosiglo.com.co,2026-05-02,Cambio climático no es ajeno a campaña presidencial,https://www.elnuevosiglo.com.co/politica/que-proponen-los-candidatos-presidenciales-sobre-el-cambio-climatico
1a5caa554677ff36447e16aac2b76690e387b1fb34e52cc29a341eacff8ca82f,2026-05-18 00:28:55.985342+00:00,es,infobae.com,infobae.com,2026-05-17,6 puntos para entender la importancia de Mahahual como pieza clave ante el cambio climático para la protección frente a huracanes,https://www.infobae.com/mexico/2026/05/17/6-puntos-para-entender-la-importancia-de-mahahual-como-pieza-clave-ante-el-cambio-climatico-para-la-proteccion-frente-a-huracanes/
4f3ff0db5aa2db246ab0ff93e8f1dc6108a7c81ce6f96e02f6b9813ab8ecd8ea,2026-05-17 14:34:26.492308+00:00,es,infobae.com,infobae.com,2026-05-17,La administración Trump enfrenta a la diócesis de Nuevo México por la expropiación de tierras para el muro fronterizo,https://www.infobae.com/estados-unidos/2026/05/17/la-administracion-trump-enfrenta-a-la-diocesis-de-nuevo-mexico-por-la-expropiacion-de-tierras-para-el-muro-fronterizo/
47e0ce08e4bf956c1444078d88a1d8ffd60605b0ef095d8f08c7ea268104513d,2026-05-17 02:21:26.270651+00:00,es,semanariovoz.com,semanariovoz.com,2026-05-17,La guerra también mata animales,https://semanariovoz.com/la-guerra-tambien-mata-animales/
bb75531d9e9cc017ca54eec40d39dade843addb2f63be5978cab867776d265f1,2026-05-15 22:41:02.828838+00:00,es,elespectador.com,elespectador.com,2026-05-15,El lugar del Meta donde han registrado un mayor número de aves en Colombia: ¿cómo ir?,https://www.elespectador.com/turismo/el-lugar-del-meta-donde-han-registrado-un-mayor-numero-de-aves-en-colombia-como-ir/
3a18c37c6445e41df5205a4c0d4b564ee5a715529c9213dc3017270dc276c4fe,2026-05-15 11:21:34.404611+00:00,es,infobae.com,infobae.com,2026-05-15,Una culebra invasora que ocupa el 90 % de Ibiza amenaza con extinguir la lagartija pitiusa,https://www.infobae.com/espana/agencias/2026/05/15/una-culebra-invasora-que-ocupa-el-90-de-ibiza-amenaza-con-extinguir-la-lagartija-pitiusa/
b335f7b42b3f0f42cbdaa9a2d60df14a072a44a503108cd014436fbad40a184c,2026-05-14 15:42:27.704861+00:00,es,eltiempo.com,eltiempo.com,2026-05-14,Alerta científica por la formación de un 'Super Niño' histórico para finales de 2026: el último fue en 1877 y acabó en el 4% de la población mundial,https://www.eltiempo.com/vida/ciencia/alerta-cientifica-por-la-formacion-de-un-super-nino-historico-para-finales-de-2026-el-ultimo-fue-en-1877-y-acabo-en-el-4-de-la-poblacion-mundial-3555674
114b7824029cb2c08d132358b4d500facfc826caaee99fa3778004aef3876240,2026-05-14 01:21:14.320588+00:00,es,elpais.com.co,elpais.com.co,2026-05-13,El rugido del Pacífico en la capital: KrisMarce y el nuevo lujo consciente que conquista la Bogotá Fashion Week,https://www.elpais.com.co/entretenimiento/celebridades/el-rugido-del-pacifico-en-la-capital-krismarce-y-el-nuevo-lujo-consciente-que-conquista-la-bogota-fashion-week-1319.html
9f82f5620b3276d05a6129ae949e198e24039e152a9c155ed5a4eb51faa3ab5c,2026-05-13 21:47:59.782078+00:00,es,infobae.com,infobae.com,2026-05-13,Ernesto Samper confirmó su adhesión a la campaña de Cepeda: “El país tendrá que decidir entre profundizar el cambio o regresar al viejo modelo neoliberal”,https://www.infobae.com/colombia/2026/05/13/ernesto-samper-confirmo-su-adhesion-a-la-campana-de-cepeda-el-pais-tendra-que-decidir-entre-profundizar-el-cambio-o-regresar-al-viejo-modelo-neoliberal/
bd28f54f3ca4f7bc000c1a0656747c802f48ed556caf8c7cc69d24e341a1f3de,2026-05-13 16:22:26.599373+00:00,es,infobae.com,infobae.com,2026-05-13,Detectan microalgas asociadas a toxinas peligrosas en aguas del oriente salvadoreño,https://www.infobae.com/el-salvador/2026/05/13/detectan-microalgas-asociadas-a-toxinas-peligrosas-en-aguas-del-oriente-salvadoreno/
862a18bd100db21c6ccfbb3ef4e7bf479298bebe40d9d6c9b59f633687fc6210,2026-05-12 23:30:40.773186+00:00,es,eltiempo.com,eltiempo.com,2026-05-12,"¿Cómo va el proceso para llevar hipopótamos invasores a India? Gobierno señaló en qué se ha avanzado con esta opción, pero sin descartar la eutanasia",https://www.eltiempo.com/vida/medio-ambiente/como-va-el-proceso-para-llevar-hipopotamos-invasores-a-india-gobierno-senalo-en-que-se-ha-avanzado-con-esta-opcion-pero-sin-descartar-la-eutanasia-3555219
f87e8481185593d30e67707bed6f3c01d5bf8b3f818a80eee1c1862bbd42d191,2026-05-12 18:18:29.603927+00:00,es,infobae.com,infobae.com,2026-05-12,El dragado masivo de arena amenaza los ecosistemas costeros de las Maldivas,https://www.infobae.com/america/medio-ambiente/2026/05/12/el-dragado-masivo-de-arena-amenaza-los-ecosistemas-costeros-de-las-maldivas/
78c9bdb77e1b44fd9847dff9459d633a5574a3efcbfccb9eafd4914944c79d6d,2026-05-10 13:25:53.761637+00:00,es,infobae.com,infobae.com,2026-05-10,Cómo los arrecifes de coral podrían transformar el futuro de la medicina,https://www.infobae.com/salud/ciencia/2026/05/10/como-los-arrecifes-de-coral-podrian-transformar-el-futuro-de-la-medicina/
d3c53307332c0ba97775d63d20529fab38556e8d3d8086e6711dbcb12209002e,2026-05-09 14:17:26.574720+00:00,es,lasillavacia.com,lasillavacia.com,2026-05-09,La ley de competencias y el futuro de las ETI,https://www.lasillavacia.com/opinion/la-ley-de-competencias-y-el-futuro-de-las-eti/
5c3b2f63b698f3728fdcde326755751ffd3aa08c73d216181afcccdaf891dc1f,2026-05-08 14:32:13.862070+00:00,es,infobae.com,infobae.com,2026-05-08,El avance agrícola modifica los ríos trenzados en Nueva Zelanda,https://www.infobae.com/america/medio-ambiente/2026/05/08/el-avance-agricola-modifica-los-rios-trenzados-en-nueva-zelanda/
362f9452688cb10fae765c542b27dc8fef1a6da2852e5a542a210d40c0ac594d,2026-05-07 21:20:49.108168+00:00,es,infobae.com,infobae.com,2026-05-07,Un estudio advierte que la Amazonía está cerca de una degradación irreversible por el cambio climático,https://www.infobae.com/america/medio-ambiente/2026/05/07/un-estudio-advierte-que-la-amazonia-esta-cerca-de-una-degradacion-irreversible-por-el-cambio-climatico/
d6a3ac291f267da98fcf83e9962e3df4b6ec2c7f60aaec9154c6878f866ac3ef,2026-05-07 16:47:04.935862+00:00,es,semana.com,semana.com,2026-05-07,La Amazonía estaría cerca de un colapso irreversible: científicos advierten consecuencias devastadoras para el planeta,https://www.semana.com/sostenible/medio-ambiente/articulo/la-amazonia-estaria-cerca-de-un-colapso-irreversible-cientificos-advierten-consecuencias-devastadoras-para-el-planeta/202628/
fe580ae3c698e35e9816d2d3d7d60d8cedeccdb742998236c5605bbf66f30456,2026-05-07 13:47:24.001049+00:00,es,mioriente.com,mioriente.com,2026-05-07,La tala continuada y el calentamiento global podrían convertir la Amazonía en una sabana,https://mioriente.com/secciones/medio-ambiente/amazonia-en-sabana.html
1e5965efe254d6a1afec224eb18b23a48352cead932ee24b0ab4c725c8771708,2026-05-06 21:37:41.658840+00:00,es,elespectador.com,elespectador.com,2026-05-06,¿Para qué sirve la hojarasca y cómo aprovecharla en su jardín o huerta?,https://www.elespectador.com/la-huerta/para-que-sirve-la-hojarasca-y-como-aprovecharla-en-su-jardin-o-huerta/
78794961aaae190b93b772fe36a9743dc08079371bcaf74028d92c4758da6512,2026-05-06 16:23:56.703627+00:00,es,infobae.com,infobae.com,2026-05-06,La tala continuada y el calentamiento global podrían convertir la Amazonía en una sabana,https://www.infobae.com/america/agencias/2026/05/06/la-tala-continuada-y-el-calentamiento-global-podrian-convertir-la-amazonia-en-una-sabana/
ef55b469257bc0bc7ed3e5fe372f6a245dadac3dcba09397af627b1283e82af0,2026-05-06 13:18:54.512064+00:00,es,infobae.com,infobae.com,2026-05-06,Greenpeace inicia este viernes la primera expedición a aguas profundas del Ártico,https://www.infobae.com/america/agencias/2026/05/06/greenpeace-inicia-este-viernes-la-primera-expedicion-a-aguas-profundas-del-artico/
18c3e0c8a1e74fde117294346d8550c2e018a332bdb85b4bb44816472bc99daa,2026-05-05 22:43:37.110156+00:00,es,eltiempo.com,eltiempo.com,2026-05-05,Incautan 27 toneladas de cianuro en Bolívar en operativo contra minería ilegal: Ejército advierte riesgo ambiental y golpe a redes criminales,https://www.eltiempo.com/colombia/otras-ciudades/incautan-27-toneladas-de-cianuro-en-bolivar-en-operativo-contra-mineria-ilegal-ejercito-advierte-riesgo-ambiental-y-golpe-a-redes-criminales-3553318
d386dd15a8b13e2bac40b8617867b06927a9c22c1a318685f0c8ab1d21727185,2026-05-05 20:19:50.141453+00:00,es,eltiempo.com,eltiempo.com,2026-05-05,"‘Los niños de la selva’: una novela gráfica que mezcla realidad, memoria y tradición",https://www.eltiempo.com/cultura/musica-y-libros/los-ninos-de-la-selva-una-novela-grafica-que-mezcla-realidad-memoria-y-tradicion-3553010
e8577f1ce447ac872f5c2d9efb7e902e3fde6f8eccd7058c78ff3b2b37b85b47,2026-05-05 15:54:29.942070+00:00,es,caracol.com.co,caracol.com.co,2026-05-05,Sembratón de 270 árboles nativos impulsa aire limpio y acción climática en el Huila,https://caracol.com.co/2026/05/05/sembraton-de-270-arboles-nativos-impulsa-aire-limpio-y-accion-climatica-en-el-huila/
e680a53b55d2b2ec2e64e6e02634a939294512c618886531ebea7138d73bab0f,2026-05-02 19:20:15.418211+00:00,es,minuto30.com,minuto30.com,2026-05-02,Operativo contra minería ilegal deja maquinaria destruida en Antioquia,https://www.minuto30.com/operativo-mineria-ilegal-san-luis/1705883/
9c7d096b97dff6c0e7e3a8267a66bef4ea85b0d1314deb4f4d8a44340e1bd0dd,2026-05-01 11:29:50.475086+00:00,es,infobae.com,infobae.com,2026-05-01,"Estrés térmico por cambio climático afecta reproducción de animales, advierten expertos de la UNAM",https://www.infobae.com/mexico/2026/05/01/estres-termico-por-cambio-climatico-afecta-reproduccion-de-animales-advierten-expertos-de-la-unam/
b1b1981e2abbe35235b4443c2afac6489575ffbd97c0ff2a8ee5d0777883faea,2026-04-30 23:18:25.548498+00:00,es,eltiempo.com,eltiempo.com,2026-04-30,Este es el acuerdo programático entre el Partido Liberal y Paloma Valencia: 'Estas ideas nos representan',https://www.eltiempo.com/politica/elecciones-colombia-2026/este-es-el-acuerdo-programatico-entre-el-partido-liberal-y-paloma-valencia-estas-ideas-nos-representan-3552277
8b027453a407e6437658fef4aa57f6833c9d397db8282612ec66d4b8b323d9ed,2026-04-30 20:40:30.059297+00:00,es,eltiempo.com,eltiempo.com,2026-04-30,"La Ciénaga de la Virgen, el ecosistema de Cartagena que agoniza entre rellenos ilegales, invasiones y la inacción estatal",https://www.eltiempo.com/colombia/otras-ciudades/la-cienaga-de-la-virgen-el-ecosistema-de-cartagena-que-agoniza-entre-rellenos-ilegales-invasiones-y-la-inaccion-estatal-3552231
9dd46dd5b77d6fafe96d485ca9ec3e1dcccb61e4e3a973dd00f63922b225c03d,2026-04-30 08:26:26.277367+00:00,es,infobae.com,infobae.com,2026-04-30,El alga asiática ‘Rugulopterix okamurae’ pone al límite a las costas del sur de España: Andalucía declara de fuerza mayor la invasión de esta especie exótica,https://www.infobae.com/espana/2026/04/30/el-alga-asiatica-rugulopterix-okamurae-pone-al-limite-a-las-costas-del-sur-de-espana-andalucia-declara-de-fuerza-mayor-la-invasion-de-esta-especie-exotica/
ac1abdfe0078e62d8cb8ce38e1915d5ff960707804c0a8187e6aa46f579e1a6f,2026-04-29 18:26:05.411679+00:00,es,eltiempo.com,eltiempo.com,2026-04-29,"Deforestación de bosques primarios en Colombia cayó 17 % en 2025, pero el mundo sigue lejos de detener la pérdida de estas selvas",https://www.eltiempo.com/vida/medio-ambiente/deforestacion-de-bosques-primarios-en-colombia-cayo-17-en-2025-pero-el-mundo-sigue-lejos-de-detener-la-perdida-de-estas-selvas-3551678
51470a9b5232952aed7d785b8fc5e005a336434112f0330c7966a809ff171955,2026-04-29 08:25:42.496915+00:00,es,elpais.com,elpais.com,2026-04-29,El dilema de los hipopótamos expone las contradicciones de Colombia,https://elpais.com/america-colombia/2026-04-29/el-dilema-de-los-hipopotamos-expone-las-contradicciones-de-colombia.html
86165c332d04d9d05f18bd3b090d02bc0fe1d1906f11bd6db95b28e27c946911,2026-04-29 06:42:33.433967+00:00,es,infobae.com,infobae.com,2026-04-29,El recuerdo de la primera Fiesta del Animal que se celebró en el país y la historia del impulsor de una ley pionera de protección,https://www.infobae.com/sociedad/2026/04/29/el-recuerdo-de-la-primera-fiesta-del-animal-que-se-celebro-en-el-pais-y-la-historia-del-impulsor-de-una-ley-pionera-de-proteccion/
6259f290aa2a07178e17c256754f1bec2786ac62a75148557c168327b1bd283c,2026-04-29 01:18:44.375901+00:00,es,lafm.com.co,lafm.com.co,2026-04-28,Gustavo Petro cuestionó la COP30 y denuncia influencia de sectores económicos en transición energética,https://www.lafm.com.co/politica/gustavo-petro-cuestiono-cop30-denuncia-influencia-sectores-economico-transicion-energetica-397702
88b153cecbdcd18d9599f77cedfa018ec26ac8a3a0c7789974c50ba51b9e0ff9,2026-04-28 23:26:40.521118+00:00,es,elespectador.com,elespectador.com,2026-04-28,El laberinto de Santa Marta: cinco propuestas para la salida de los combustibles fósiles,https://www.elespectador.com/ambiente/el-laberinto-de-santa-marta-cinco-propuestas-para-la-salida-de-los-combustibles-fosiles/
97736547b7a41e01b98a25405d5e2addff8578c679f98e861a0958811f872628,2026-04-26 11:30:47.252729+00:00,es,voragine.co,voragine.co,2026-04-26,"Oro, miedo y poder: el río que se marchita en Ataco, Tolima",https://voragine.co/historias/investigacion/oro-miedo-y-poder-el-rio-que-se-marchita-en-ataco-tolima/
6394be70beea613072adb7ef5a89bcd2b5ad27ca04e9da0958d089198da9aa06,2026-04-26 01:35:04.823053+00:00,es,elpais.com.co,elpais.com.co,2026-04-25,Hipopótamos en Colombia: Juez avala caza de control y eutanasia de 80 ejemplares.,https://www.elpais.com.co/colombia/juez-en-colombia-avala-eutanasia-de-hipopotamos-por-su-impacto-ambiental-y-expansion-incontrolada-2525.html
c227d60eb9be194a2d76c1a8b7854aee1bbfce72d7f4a8129bd6dafd17edc4e9,2026-04-25 06:34:33.875608+00:00,es,eltiempo.com,eltiempo.com,2026-04-24,"Deforestación, sin control",https://www.eltiempo.com/opinion/editorial/deforestacion-sin-control-3550755
b9e4a849b201f66c54f31c221fcbace39f9b984091fba32fffaea1e70594e77f,2026-04-23 06:28:49.560814+00:00,es,infobae.com,infobae.com,2026-04-23,"Los ministros de Medio Ambiente del G7 se reúnen en París para debatir la conservación de los océanos, la biodiversidad y la desertificación",https://www.infobae.com/america/mundo/2026/04/23/los-ministros-de-medio-ambiente-del-g7-se-reunen-en-paris-para-debatir-la-conservacion-de-los-oceanos-la-biodiversidad-y-la-desertificacion/
0985ef988185fb3b49f028e1c177a3b0ba4335276c6d0ea1cd2fb2a1f31c80a9,2026-04-22 16:48:58.612091+00:00,es,vanguardia.com,vanguardia.com,2026-04-22,¿Por qué se celebra hoy el Día de la Tierra? Estas son las alertas que enfrenta el planeta en 2026,https://www.vanguardia.com/entretenimiento/tendencias/2026/04/22/por-que-se-celebra-hoy-el-dia-de-la-tierra-estas-son-las-alertas-que-enfrenta-el-planeta-en-2026/
732fe05da7387b2c02f240d908be4dd6eac2d6219bb3481a2fe8ab489e0a6b6a,2026-04-22 12:34:05.460688+00:00,es,redprensaverde.org,redprensaverde.org,2025-12-17,Cuando el agua enferma,https://redprensaverde.org/2025/12/17/cuando-el-agua-enferma-la-cocha-narino/
e9d54e8cdf94c64be7c5baaea58e725444c9d3f5bc7e32889ace5ee591ef3bc3,2026-04-22 11:43:05.366840+00:00,es,elcolombiano.com,elcolombiano.com,2026-04-21,Sacrificio de hipopÃ³tamos en el Magdalena Medio: el dilema Ã©tico y cientÃ­fico que divide a Colombia,https://www.elcolombiano.com/generacion/sacrificio-de-hipopotamos-en-el-magdalena-medio-el-dilema-etico-y-cientifico-que-divide-a-colombia-JC35732856
9c7d0275bf1a800cebf354f5e437166f8c9bc4e652fec97b2ebc7076098d4a90,2026-04-22 06:19:57.611359+00:00,es,infobae.com,infobae.com,2026-04-22,La masacre de pingüinos en Punta Tombo: el fallo que mira el mundo y podría cambiar la jurispridencia,https://www.infobae.com/sociedad/2026/04/22/la-masacre-de-pinguinos-en-punta-tombo-el-fallo-que-mira-el-mundo-y-podria-cambiar-la-jurispridencia/
b732728a03bad1a53849f0ecaedb76aab25a3eb1d0e2884b436da032f3d6c222,2026-04-22 03:35:55.041278+00:00,es,publimetro.co,publimetro.co,2026-04-21,Amazonía colombiana llega a la FILBo 2026 con una hoja de ruta para evitar el punto de no retorno,https://www.publimetro.co/estilo-vida/2026/04/21/amazonia-colombiana-llega-a-la-filbo-2026-con-una-hoja-de-ruta-para-evitar-el-punto-de-no-retorno/
090801bd483b80285fe516a4f5e7a9b0014a49a684f3a8bb504a5d49c47026e9,2026-04-22 03:33:56.981433+00:00,es,infobae.com,infobae.com,2026-04-22,"La explotación ilegal de los recursos naturales representa la principal amenaza ambiental para Honduras, con 527 denuncias registradas en 2025.",https://www.infobae.com/honduras/2026/04/22/honduras-frente-a-una-crisis-forestal-la-perdida-de-bosques-avanza-y-el-tiempo-para-actuar-se-agota/
d4291f1072701a44e3c560b4467c5b3896e517e2138b3b7f5eb9b915111ec9a1,2026-04-22 01:35:11.972399+00:00,es,elcolombiano.com,elcolombiano.com,2026-04-21,Sacrificio de hipopÃ³tamos en el Magdalena Medio: el dilema Ã©tico y cientÃ­fico que divide a Colombia,https://www.elcolombiano.com/inicio/sacrificio-de-hipopotamos-en-el-magdalena-medio-el-dilema-etico-y-cientifico-que-divide-a-colombia-JC35732856
53c0e1d1d68dc938dc3bbb72c833f2329bb379504b0cd74c83dd50aee49bc01a,2026-04-21 08:23:06.877504+00:00,es,lasillavacia.com,lasillavacia.com,2026-04-19,El dilema ético con los hipopótamos: ¿Eutanasia o fusil sanitario?,https://www.lasillavacia.com/red-de-expertos/red-verde/el-dilema-etico-de-los-hipopotamos-eutanasia-o-fusil-sanitario/
2cb5baa7eaa900112d5b28b24ba81cdecaf8bdc347fc2567c2eddaf5310d5458,2026-04-20 15:56:32.603274+00:00,es,periodicolaguajira.com,periodicolaguajira.com,2026-01-23,Corpoguajira impulsa educación ambiental como deber legal y social,https://www.periodicolaguajira.com/index.php/la-guajira/81-municipio/93644-corpoguajira-impulsa-educacion-ambiental-como-deber-legal-y-social
9f044c72d076388ae79bcd939f39c3608d0ef6f6b5f38f0230c9eb3501f17feb,2026-04-20 04:25:01.309018+00:00,es,infobae.com,infobae.com,2026-04-20,J. M. Coetzee y Mariana Dimópulos y el lujo de lo extranjero,https://www.infobae.com/cultura/2026/04/20/j-m-coetzee-y-mariana-dimopulos-y-el-lujo-de-lo-extranjero/
fa9979090c9d791d418cea6e08614c805519564188587dd935fa72a4f5aa4f89,2026-04-19 19:22:14.405132+00:00,es,lasillavacia.com,lasillavacia.com,2026-04-19,El dilema ético de los hipopótamos ¿eutanasia o fusil sanitario?,https://www.lasillavacia.com/red-de-expertos/red-de-ciencia-e-innovacion/el-dilema-etico-de-los-hipopotamos-eutanasia-o-fusil-sanitario/
ef195e4116863c97c7a93b15a852d03a68396c94f710f9226b7df02e44b8f3ce,2026-04-19 04:19:10.080929+00:00,es,minuto30.com,minuto30.com,2026-04-18,¡Golpe a la minería ilegal! Destruyen maquinaria que producía 480 millones de pesos al mes en Antioquia,https://www.minuto30.com/golpe-a-la-mineria-ilegal-destruyen-maquinaria-que-producia-480-millones-de-pesos-al-mes-en-antioquia/1704455/
4bfe1cd15f28ce2b6bbe22a2ef89655cab14f596c7c6d1bd349933944596b92f,2026-04-19 00:25:58.201875+00:00,es,elespectador.com,elespectador.com,2026-04-18,Colombia está perdiendo un Parque Nacional Natural,https://www.elespectador.com/ambiente/amazonas/colombia-esta-perdiendo-un-parque-nacional-natural-en-la-amazonia-tinigua/
50c824792b69d23cd1111dd3a52b6a584573e01379aee86fa7dc3f3ee3a59e3a,2026-04-18 18:22:42.739433+00:00,es,elnuevodia.com.co,elnuevodia.com.co,2026-04-18,"""El clima está como loco"": incertidumbre por el futuro del Nevado Santa Isabel",https://www.elnuevodia.com.co/tolima/el-clima-esta-como-loco-incertidumbre-por-el-futuro-del-nevado-santa-isabel-535950
24313fe566c37c0b1c1a7f63ef7a4301db04ffaeab8d8dab72044a7ae1ab9b9f,2026-04-18 14:17:58.347564+00:00,es,las2orillas.co,las2orillas.co,2026-04-18,¿A quién le pasamos la cuenta de cobro de los hipopótamos de Escobar? Legado de la excentricidad,https://www.las2orillas.co/a-quien-le-pasamos-la-cuenta-de-cobro-de-los-hipopotamos-de-escobar-legado-de-la-excentricidad/
86cb322c4926ef9030a0f9ea2f5ef1a28a5bbc435fb7d4f41a84542a54523041,2026-04-18 13:23:47.811689+00:00,es,elespectador.com,elespectador.com,2026-04-18,Así es como los mosquitos conquistaron el último refugio del Ártico: Islandia,https://www.elespectador.com/ambiente/asi-es-como-los-mosquitos-conquistaron-el-ultimo-refugio-del-artico-islandia/
dd1cdbbba83b9851a9dcc487ba5ba5f84a977a429bc83796ae42720f135ab6d6,2026-04-18 11:34:43.549367+00:00,es,diariodelhuila.com,diariodelhuila.com,2026-04-18,¿Cuál es la problemática ambiental más relevante?,https://diariodelhuila.com/cual-es-la-problematica-ambiental-mas-relevante/
6170f0ca8f47ef71efa689ea954063d44c789b38a85cf19318bc4c8b35539983,2026-04-17 05:18:33.530958+00:00,es,eltiempo.com,eltiempo.com,2026-04-16,Exministro de Ambiente Carlos Correa defiende eutanasia de hipopótamos y advierte que son ‘una amenaza para la biodiversidad’,https://www.eltiempo.com/vida/medio-ambiente/exministro-de-ambiente-carlos-correa-defiende-eutanasia-de-hipopotamos-y-advierte-que-son-una-amenaza-para-la-biodiversidad-3548514
e31852ef81f74e622a061b41a4e97b410460bbb60d70497d88df7f1bd859085b,2026-04-17 02:20:26.339035+00:00,es,infobae.com,infobae.com,2026-04-17,"Exministro de Ambiente de Duque, poyó decisión del Gobierno Petro sobr los hipopótamos de Pablo Escobar: “El afecto no puede cegarnos del daño”",https://www.infobae.com/colombia/2026/04/17/exministro-de-ambiente-de-duque-poyo-decision-del-gobierno-petro-sobr-los-hipopotamos-de-pablo-escobar-el-afecto-no-puede-cegarnos-del-dano/
f8e050fa5c9679a9c8e0b61bbc6462d7204d1f29d3ff00dbb4be5311c4031820,2026-04-16 17:22:36.765178+00:00,es,infobae.com,infobae.com,2026-04-16,La animalista y senadora Esmeralda Hernández insistió en trasladar y no matar a los hipopótamos de Pablo Escobar: “No es una victoria”,https://www.infobae.com/colombia/2026/04/16/esmeralda-hernandez-animalista-y-senadora-del-pacto-historico-respaldo-plan-cientifico-para-el-traslado-y-control-humanitario-de-hipopotamos-en-colombia/
95df800171024aea6ae54d0a780b2a584534b2d09582da9d3546c0b32b372b35,2026-04-14 23:29:17.285993+00:00,es,eltiempo.com,eltiempo.com,2026-04-14,"Eutanasia a hipopótamos: así será, paso a paso, el proceso para contener a esta especie invasora y el costo de las 80 intervenciones que se harán",https://www.eltiempo.com/vida/medio-ambiente/eutanasia-a-hipopotamos-asi-sera-paso-a-paso-el-proceso-para-contener-a-esta-especie-invasora-y-el-costo-de-las-80-intervenciones-que-se-haran-3547872
a70d6ad9d4c104e527e23d90d3073833e2761ab5c29e61a81517a90c0bbef328,2026-04-14 21:22:33.150821+00:00,es,vanguardia.com,vanguardia.com,2026-04-14,Ambientalistas critican plan para aplicar autanasia a hipopótamos en Colombia,https://www.vanguardia.com/santander/2026/04/14/aplicar-eutanasia-o-reubicar-opiniones-divididas-por-plan-para-controlar-hipopotamos-en-colombia/
c00e569ccad5ff680505d3ef785658e30d59331868c416c9b1a6d0c1ecf72521,2026-04-14 17:20:03.556841+00:00,es,hsbnoticias.com,hsbnoticias.com,2026-04-14,Colombia inicia el complejo sacrificio de los hipopótamos de Pablo Escobar,https://www.hsbnoticias.com/colombia-inicia-el-complejo-sacrificio-de-los-hipopotamos-de-pablo-escobar/
356564e61dd0b3686bd3cd9e7eee6cb2e9cf8b40404dc84ceeb461c014ea4c6b,2026-04-14 16:48:44.832786+00:00,es,extra.com.co,extra.com.co,2026-04-14,Colombia inicia el complejo sacrificio de los hipopótamos de Pablo Escobar,https://extra.com.co/colombia-inicia-el-complejo-sacrificio-de-los-hipopotamos-de-pablo-escobar/
82ff58d5969f3843bac6e61c3167774f73fcd672e080237dc64a5c519805d81f,2026-04-14 16:39:02.347312+00:00,es,diariodelsur.com.co,diariodelsur.com.co,2026-04-14,Colombia inicia el complejo sacrificio de los hipopótamos de Pablo Escobar,https://www.diariodelsur.com.co/colombia-inicia-el-complejo-sacrificio-de-los-hipopotamos-de-pablo-escobar/
1196bd4dce2506b67f8326b00ca40dfd719fcf9c80a01f7f53f4af091530e4cc,2026-04-14 12:38:27.107189+00:00,es,semana.com,semana.com,2026-04-14,Colombianos: todos somos miembros de una misma tripulación,https://www.semana.com/opinion/articulo/colombianos-todos-somos-miembros-de-una-misma-tripulacion/202600/
96aa5dd318ff19c0327b51902c7379f5ff3f11fec76ea4a06d818044c66754e9,2026-04-14 02:17:20.486516+00:00,es,infobae.com,infobae.com,2026-04-14,Esmeralda Hernández advirtió que la ganadería es más devastadora que los hipopótamos y la señaló como el verdadero desastre ambiental,https://www.infobae.com/colombia/2026/04/14/esmeralda-hernandez-advirtio-que-la-ganaderia-es-mas-devastadora-que-los-hipopotamos-y-la-senalo-como-el-verdadero-desastre-ambiental/
a10b35dd9434111788338ab4e78bde126fe2c527d91849f8b44020a0acf3e1d9,2026-04-13 19:46:40.491617+00:00,es,infobae.com,infobae.com,2026-04-13,El pueblo de 30 habitantes que atrae a cientos de personas por su queso parmesano: está en Italia y guarda el secreto de una raza de vaca única,https://www.infobae.com/espana/viajes/2026/04/13/el-pueblo-de-30-habitantes-que-atrae-a-cientos-de-personas-por-su-queso-parmesano-esta-en-italia-y-guarda-el-secreto-de-una-raza-de-vaca-unica/
eac359877e31c8865cf4d4b6e8937399079d72ad290c2268a9a44858cb6f8e44,2026-04-13 11:25:11.241874+00:00,es,bogotasocial.org,bogotasocial.org,2026-03-11,"El Segundo Tiempo del Cambio: Iván Cepeda, el nuevo congreso y el futuro para Colombia",https://bogotasocial.org/2026/03/11/el-segundo-tiempo-del-cambio-ivan-cepeda-el-nuevo-congreso-y-el-futuro-para-colombia/
9a292db28a61605bcfbbfde563b734e275d5d6daef5002d8c1529302f0df6f01,2026-04-12 20:37:07.086109+00:00,es,infobae.com,infobae.com,2026-04-12,"La startup argentina creada por estudiantes de secundaria que previene incendios y consiguió USD 2,7 millones para ayudar a combatirlos y expandirse a EEUU",https://www.infobae.com/economia/2026/04/12/la-startup-argentina-creada-por-estudiantes-de-secundaria-que-previene-incendios-y-consiguio-usd-27-millones-para-ayudar-a-combatirlos-y-expandirse-a-eeuu/
2187428bcf23d429335c99b8f7184f3f8a0a5721a49e26fc17195406824327eb,2026-04-11 02:18:20.367867+00:00,es,portafolio.co,portafolio.co,2026-04-10,Planeta en alerta: empresas son clave de la sostenibilidad ambiental,https://www.portafolio.co/mas-contenido/planeta-en-alerta-empresas-son-clave-de-la-sostenibilidad-ambiental-491778
5f9e2d81984911cac8d03ef841cdced1917d22f1237e079606799e6a65f30f93,2026-04-10 20:17:42.736157+00:00,es,diariodelsur.com.co,diariodelsur.com.co,2026-04-10,POR CALENTAMIENTO GLOBAL GLACIAR DESAPARECE PARA SIEMPRE,https://www.diariodelsur.com.co/por-calentamiento-global-glaciar-desaparece-para-siempre/
8bd83de8a0edcbb940ef03677f98d9d09e9ec24e3c8ae30f4894031b98160e3b,2026-04-10 19:34:59.143120+00:00,es,extra.com.co,extra.com.co,2026-04-10,POR CALENTAMIENTO GLOBAL GLACIAR DESAPARECE PARA SIEMPRE,https://extra.com.co/por-calentamiento-global-glaciar-desaparece-para-siempre/
b9fef695c04da60c60b2511c59136c0a2c970f5525aa2755455e1dc850ccd14e,2026-04-10 00:33:13.251866+00:00,es,elespectador.com,elespectador.com,2026-04-10,La vida como adorno: el tráfico ilegal que amenaza a la ranas de Colombia,https://www.elespectador.com/ambiente/la-vida-como-adorno-el-trafico-ilegal-que-amenaza-a-la-ranas-de-colombia/
9de16538f4d9421e55e16ce568e04610a8db6977ed35b38d1d9195b11484dac4,2026-04-09 20:41:48.814921+00:00,es,infobae.com,infobae.com,2026-04-09,Cuál es la variedad de café que desafía al cambio climático y podría cambiar la historia de Brasil,https://www.infobae.com/america/mundo/2026/04/09/cual-es-la-variedad-de-cafe-que-desafia-al-cambio-climatico-y-podria-cambiar-la-historia-de-brasil/
dd2620840fc2b3e1705070c707cde924b39fe52b881e498b4131e99d360fdf3e,2026-04-09 14:59:37.772147+00:00,es,infobae.com,infobae.com,2026-04-09,Diputados de MC llevan chapopote al Congreso para exigir respuestas por derrame en el Golfo,https://www.infobae.com/mexico/2026/04/09/diputados-de-mc-llevan-chapopote-al-congreso-para-exigir-respuestas-por-derrame-en-el-golfo/
7b11c7c7ad7418550d9780b019956dcb858c417f06f01695e8f82a9fb8501b06,2026-04-09 08:36:04.103175+00:00,es,infobae.com,infobae.com,2026-04-09,"El calamar de Poseidón, una nueva especie descrita por españoles: fue hallado en el estómago de un cachalote y pasó 70 años mal identificado",https://www.infobae.com/espana/2026/04/09/el-calamar-de-poseidon-una-nueva-especie-descrita-por-espanoles-fue-hallado-en-el-estomago-de-un-cachalote-y-paso-70-anos-mal-identificado/
3afb2ec2779897cb41343cd8c41eb22e0fe649c4e5a845cfe53cf2f6a452c3ad,2026-04-08 20:44:28.728455+00:00,es,semana.com,semana.com,2026-04-08,"A una hora de Pereira, el acogedor destino con balcones coloridos, una calle real y muchos atractivos naturales",https://www.semana.com/turismo/articulo/a-una-hora-de-pereira-el-acogedor-destino-con-balcones-coloridos-una-calle-real-y-muchos-atractivos-naturales/202612/
56fee1087043d117edf0b9f50699c8de6f36915cb9dca2cfff22b3413a6f5678,2026-04-07 21:38:29.120002+00:00,es,eltiempo.com,eltiempo.com,2026-04-07,Alerta en el Guaviare: proyecto de ordenanza propone sacar al departamento de la región Amazónica,https://www.eltiempo.com/vida/medio-ambiente/alerta-en-el-guaviare-proyecto-de-ordenanza-propone-sacar-al-departamento-de-la-region-amazonica-3545977
b8deb13f3b53e51ef2b792fb6f4edd58d591998851dba580cd300d03ce230ec4,2026-04-05 01:25:32.304675+00:00,es,infobae.com,infobae.com,2026-04-05,Attolini exhibe al influencer Un Tal Fredo por boda en Cuatro Ciénegas,https://www.infobae.com/mexico/2026/04/05/attolini-exhibe-al-influencer-un-tal-fredo-por-boda-en-cuatro-cienegas/
fd196956274ccf471fb55b7959921dd5ead5c053135cb723cfaf884ad40e1e39,2026-04-04 21:25:05.101201+00:00,es,infobae.com,infobae.com,2026-04-04,Evolución acelerada: el mecanismo oculto detrás de la adaptación de los peces en uno de los lagos más biodiversos,https://www.infobae.com/salud/ciencia/2026/04/04/evolucion-acelerada-el-mecanismo-oculto-detras-de-la-adaptacion-de-los-peces-en-uno-de-los-lagos-mas-biodiversos/
26c7c9da7669b6d81ddcbbc8257c0c79c7278effee15ea84d12ecaad86c13d32,2026-04-04 13:31:09.241755+00:00,es,infobae.com,infobae.com,2026-04-04,"Las claves que explican por qué los arrecifes de coral siguen en peligro, a pesar de los avances en investigación y tecnología",https://www.infobae.com/america/ciencia-america/2026/04/04/las-claves-que-explican-por-que-los-arrecifes-de-coral-siguen-en-peligro-a-pesar-de-los-avances-en-investigacion-y-tecnologia/
d36cdd4113b46004aacc8adfbf8cce48246c2a7537cee6f4485b208835b334f9,2026-04-02 12:34:09.545682+00:00,es,eje21.com.co,eje21.com.co,2026-03-30,Prácticas tradicionales elevan la probabilidad de incendios en el Cerro Sancancio de Manizales,https://www.eje21.com.co/2026/04/practicas-tradicionales-elevan-la-probabilidad-de-incendios-en-el-cerro-sancancio-de-manizales/
ec535330aaa1667559c449282f0bddb94770c71a430c67247cc77e250f96bb83,2026-04-01 22:25:42.314811+00:00,es,infobae.com,infobae.com,2026-04-01,"Detienen a seis hombres por extracción ilegal en el río Juan Díaz, en ciudad de Panamá",https://www.infobae.com/panama/2026/04/01/detienen-a-seis-hombres-por-extraccion-ilegal-en-el-rio-juan-diaz-en-ciudad-de-panama/
4a11f08a135ae9e0e1412967f7500b7fb107668e856596768cba7cf03942ee78,2026-03-31 19:34:46.823547+00:00,es,elespectador.com,elespectador.com,2026-03-31,¿A quién le sirve el paro en la Universidad Nacional?,https://www.elespectador.com/opinion/columnistas/columnista-invitado-ee/a-quien-le-sirve-el-paro-en-la-universidad-nacional/
90fbc22d3b488c59a1bcab24f1b977d86f8b520b1de86e4031c4561a9d87c3bf,2026-03-30 08:31:10.369059+00:00,es,portafolio.co,portafolio.co,2026-03-29,"La Hora del Planeta, el movimiento verde que deja a oscuras a 200 países, cumplió 20 años",https://www.portafolio.co/sostenibilidad/la-hora-del-planeta-el-movimiento-verde-que-deja-a-oscuras-a-200-paises-cumplio-20-anos-491004
49bc5748ddff84e9fb57cb342c68ee09af31dfc20b4f8d77927a0f16f0272776,2026-03-29 14:26:07.211026+00:00,es,vanguardia.com,vanguardia.com,2026-02-22,Ganadería regenerativa: el modelo que gana terreno en Colombia,https://www.vanguardia.com/economia/local/2026/02/22/ganaderia-regenerativa-el-modelo-que-gana-terreno-en-colombia/
2caa9007db7e5111c4a246b7550dc66867338842da688ac77e3d9a32a32171ca,2026-03-29 06:19:29.968939+00:00,es,infobae.com,infobae.com,2026-03-29,Alertan que los incendios forestales en la Amazonía emiten más carbono de lo previsto: causas y consecuencias,https://www.infobae.com/america/medio-ambiente/2026/03/29/un-estudio-alerto-que-los-incendios-forestales-en-la-amazonia-emiten-mas-carbono-de-lo-previsto/
4517cc8eaeada87cc41c06ffcbb232454c62349b73385fba666b6ea55ea5be1f,2026-03-29 05:28:59.605200+00:00,es,eldiario.com.co,eldiario.com.co,2026-03-28,Colombia se suma a La Hora del Planeta 2026: un llamado global por el medio ambiente,https://www.eldiario.com.co/noticias/colombia-se-suma-a-la-hora-del-planeta-2026-un-llamado-global-por-el-medio-ambiente/
b50e43c85dbe9db64c35fecd6ac657bf0b54ce84dda86e8de97bb3085560fadc,2026-03-28 11:20:41.833465+00:00,es,infobae.com,infobae.com,2026-03-28,"Veinte años de la Hora del Planeta, el movimiento verde que deja a oscuras a 200 países",https://www.infobae.com/america/agencias/2026/03/28/veinte-anos-de-la-hora-del-planeta-el-movimiento-verde-que-deja-a-oscuras-a-200-paises/
e8d6f98df057b7905b45d858e8b19de76c215ef07517f72c8ee7b51c1379ced3,2026-03-28 08:21:05.508909+00:00,es,infobae.com,infobae.com,2026-03-28,España se une al apagón simbólico de la Hora del Planeta en su vigésima edición,https://www.infobae.com/espana/agencias/2026/03/28/espana-se-une-al-apagon-simbolico-de-la-hora-del-planeta-en-su-vigesima-edicion/
3446e5575396f289126a72a9c5903ea1d2bb66f6b6c5c63787ea8808d376053b,2026-03-28 07:20:12.116753+00:00,es,lanacion.com.co,lanacion.com.co,2026-03-28,El extraño silencio de los huilenses,https://www.lanacion.com.co/el-extrano-silencio-de-los-huilenses/
3cb46df8743fe6c77de45f9d2231bfb017358cb1f088679c67823fcefb766fd4,2026-03-27 13:39:58.911215+00:00,es,infobae.com,infobae.com,2026-03-27,El “Indio” Solari criticó la reforma a Ley de Glaciares: “Sin agua no hay vida”,https://www.infobae.com/entretenimiento/2026/03/27/el-indio-solari-salio-al-cruce-de-la-reforma-de-glaciares-sin-agua-no-hay-vida/
0606e5a4f0434f309f107d425db7a9cb091cc89d49b454c4f3f6dac2c46e21c1,2026-03-26 15:22:11.609373+00:00,es,infobae.com,infobae.com,2026-03-26,El Museo del Prado apaga las luces por el clima con 'Las Meninas' como emblema de 'La Hora del Planeta',https://www.infobae.com/america/agencias/2026/03/26/el-museo-del-prado-apaga-las-luces-por-el-clima-con-las-meninas-como-emblema-de-la-hora-del-planeta/
7057057adcc9db84f69ceb00c92e3c21ea02017bf54af0f19265b25d1e528b2c,2026-03-25 22:42:19.039343+00:00,es,infobae.com,infobae.com,2026-03-25,Machu Picchu enfrenta la sobrecarga turística: estas son las medidas del nuevo plan,https://www.infobae.com/peru/2026/03/25/machu-picchu-enfrenta-la-sobrecarga-turistica-estas-son-las-medidas-del-nuevo-plan/
a4b669a4d9630cf5e1b2be61c12179f91936b447df60657ba6a93299d2d22f94,2026-03-25 21:17:24.936118+00:00,es,lasillavacia.com,lasillavacia.com,2026-03-25,"El turismo: ya compite con el petróleo, pero la política lo ignora",https://www.lasillavacia.com/red-de-expertos/el-turismo-ya-compite-con-el-petroleo-pero-la-politica-lo-ignora/
a206fac9e8e2d325e94f63ed5d8953a634a3fd5273ae4fb546ae06c80c3201e9,2026-03-25 20:48:21.953028+00:00,es,infobae.com,infobae.com,2026-03-25,Reafirman el compromiso de Iberoamérica con multilateralismo y las agendas medioambientales globales con una declaración,https://www.infobae.com/america/agencias/2026/03/25/reafirman-el-compromiso-de-iberoamerica-con-multilateralismo-y-las-agendas-medioambientales-globales-con-una-declaracion/
b47950775e1246e21a69a93b8ec11bce6d5e0effb4d2bad8dc3bd851d2edaf77,2026-03-25 17:52:37.779535+00:00,es,semana.com,semana.com,2026-03-25,"¿Qué pasará este sábado, 28 de marzo, en el mundo? El evento global que podría impactar a futuro en el medioambiente",https://www.semana.com/sostenible/medio-ambiente/articulo/que-pasara-este-sabado-28-de-marzo-en-el-mundo-el-evento-global-que-podria-impactar-a-futuro-en-el-medioambiente/202638/
c320d64ca8a0519626637f1a7b1b926023661c386442fe79c2ae765c25009988,2026-03-25 15:32:46.903877+00:00,es,infobae.com,infobae.com,2026-03-25,La revista TIME distinguió a cuatro referentes globales por sus estrategias frente al cambio climático,https://www.infobae.com/america/medio-ambiente/2026/03/25/la-revista-time-distinguio-a-cuatro-referentes-globales-por-sus-estrategias-frente-al-cambio-climatico/
045ad09279858ffca56927cfff5f61c009bedff93c802f04353a0c84ee3a049f,2026-03-25 02:35:05.728656+00:00,es,eltiempo.com,eltiempo.com,2026-03-24,"¿Quiere ayudar a cuidar el planeta? Este sábado 28 de marzo, entre las 8:30 y las 9:30 de la noche, apague las luces",https://www.eltiempo.com/vida/medio-ambiente/quiere-ayudar-a-cuidar-el-planeta-este-sabado-28-de-marzo-entre-las-8-30-y-las-9-30-de-la-noche-apague-las-luces-3542654
91b1016ad46ccc2ca9d42de8627af4d7d601ef7f9ee6dc0cb8181b9e8071c269,2026-03-24 21:35:38.414267+00:00,es,caracol.com.co,caracol.com.co,2026-03-24,Glaciar del Cocuy podría desaparecer en pocas décadas por el cambio climático,https://caracol.com.co/2026/03/24/glaciar-del-cocuy-podria-desaparecer-en-pocas-decadas-por-el-cambio-climatico/
ef0bc56fdd9759f4111120dee073922e06902cea1aaaf0edb8a7774ae13dd67a,2026-03-24 09:31:46.109943+00:00,es,lalinternaazul2.wordpress.com,lalinternaazul2.wordpress.com,2026-03-24,"Anatomía de un falso profeta: el legado autoritario de Paul Ehrlich, padrino del catastrofismo climático",https://lalinternaazul2.wordpress.com/2026/03/24/anatomia-de-un-falso-profeta-el-legado-autoritario-de-paul-ehrlich-padrino-del-catastrofismo-climatico-karina-mariani/
5e5ae8298cf53181ecf49355bf5de200e0168e3bd5d9685d5ba2ba8588f8ff4f,2026-03-23 04:23:46.662740+00:00,es,razonpublica.com,razonpublica.com,2026-03-22,Desalinización: el debate hídrico que Colombia sigue aplazando,https://razonpublica.com/desalinizacion-debate-hidrico-colombia-sigue-aplazando/
882914147b3ce1d29b5da8565bf5431f36b37a3601229be24782f1361ac1d6f8,2026-03-22 20:17:47.545284+00:00,es,elespectador.com,elespectador.com,2026-03-22,¿Qué árbol aparece en la antigua moneda de $500 de Colombia y por qué?,https://www.elespectador.com/la-huerta/que-arbol-aparece-en-la-antigua-moneda-de-500-de-colombia-y-por-que/
2b74a208a0386e41da91b61f5ccb27930a6c2ad27a0d91de55f369aaca612d11,2026-03-22 00:20:27.155652+00:00,es,infobae.com,infobae.com,2026-03-21,Autoridades ambientales alertaron por tráfico de iguana verde y tortuga hicotea y la Semana Santa podría agravar la crisis,https://www.infobae.com/colombia/2026/03/21/autoridades-ambientales-alertaron-por-trafico-de-iguana-verde-y-tortuga-hicotea-y-la-semana-santa-podria-agravar-la-crisis/
89cd638c021d30ff1ecfb2b220eea7e1129c487c6c408a9c0644108fe51cd9ec,2026-03-21 23:25:50.525034+00:00,es,vanguardia.com,vanguardia.com,2026-03-21,Fundación Palmarito reporta desastre ambiental en Wisirare tras incendios intencionales,https://www.vanguardia.com/colombia/2026/03/21/incendio-provocado-en-bioparque-wisirare-de-casanare-deja-danos-en-900-hectareas-de-flora/
0df5fe03e41b799a651443d8763ea77a5d31eba553f4ebe132fa8954619d7069,2026-03-21 17:26:39.334716+00:00,es,eltiempo.com,eltiempo.com,2026-03-21,"El océano ya no es solo una cuestión ambiental, sino de supervivencia planetaria",https://www.eltiempo.com/vida/medio-ambiente/el-oceano-ya-no-es-solo-una-cuestion-ambiental-sino-de-supervivencia-planetaria-3541995
832eb5a8ddc7dce165ea857af15781387b21c7e6a60a3010fe4d09491e1dd214,2026-03-21 06:10:48.541163+00:00,es,elespectador.com,elespectador.com,2026-03-20,En lo que va de 2026 se han decomisado más de 15.500 huevos de iguana y 1.000 tortugas,https://www.elespectador.com/ambiente/en-lo-que-va-de-2026-se-han-decomisado-mas-de-15500-huevos-de-iguana-y-1000-tortugas/
f33afa0df06d3b6f33217a5a6a9f202b39eee2d96ea5ae333ddf82c96c59daec,2026-03-21 04:05:36.462822+00:00,es,eltiempo.com,eltiempo.com,2026-03-20,Jaque al tráfico de fauna: 70 aves fueron rescatadas en Turbaco (Bolívar),https://www.eltiempo.com/colombia/otras-ciudades/jaque-al-trafico-de-fauna-70-aves-fueron-rescatadas-en-turbaco-bolivar-3541908
c8b4a6cbee935d14cfc3938098b98dbf76d9fe68d7d88a462e6f2db333e4d314,2026-03-19 11:34:14.053613+00:00,es,infobae.com,infobae.com,2026-03-19,"El lobo, un año de trasiego judicial desde su desprotección a la sentencia del Supremo",https://www.infobae.com/espana/agencias/2026/03/19/el-lobo-un-ano-de-trasiego-judicial-desde-su-desproteccion-a-la-sentencia-del-supremo/
5e9d2a8388ee83b8dd9ed318c54d127536b6ed180c04ea94f0f070fda5802168,2026-03-19 01:35:19.333473+00:00,es,eltiempo.com,eltiempo.com,2026-03-18,Países de la Unión Europea emiten alerta de desastre ambiental por buque de la 'flota fantasma' de Rusia a la deriva en el mar Mediterráneo,https://www.eltiempo.com/mundo/europa/paises-de-la-union-europea-emiten-alerta-de-desastre-ambiental-por-buque-de-la-flota-fantasma-de-rusia-a-la-deriva-en-el-mar-mediterraneo-3541361
b2fd149e9b828f26e1bad1deb39520cf52b70fd910f9cfd195bdf423321ca65c,2026-03-19 00:32:33.191037+00:00,es,extra.com.co,extra.com.co,2026-03-18,PIRÓMANO PROVOCA DESASTRE ECOLÓGICO,https://extra.com.co/piromano-provoca-desastre-ecologico/
503bdc7e114f2c081535ef3ad9cb4d631a175dedb34745da8f32574b65e17d20,2026-03-17 15:27:51.183790+00:00,es,lapatilla.com,lapatilla.com,2026-03-17,Vecinos de San Fernando de Apure denuncian crisis ambiental por quema indiscriminada en la Laguna de El Arenal,https://lapatilla.com/2026/03/17/vecinos-de-san-fernando-de-apure-denuncian-crisis-ambiental-por-quema-indiscriminada-en-la-laguna-de-el-arenal/
285a9ec58963f3de6dfd095f3dab9f637800f5977a3b59fe1fa465013ef9f997,2026-03-16 17:47:29.634742+00:00,es,vanguardia.com,vanguardia.com,2026-03-16,Ojo Bucaramanga: la contaminación del agua nos golpea el bolsillo,https://www.vanguardia.com/mundo/ola-verde/2026/03/16/contaminacion-del-agua-en-bucaramanga-un-problema-que-nos-afecta-a-todos/
9ee76bf5c35e0d01bc63a0fdf06a3e205fdad8d0e39b49c56d6b9caf657b7de7,2026-03-14 04:19:52.304390+00:00,es,infobae.com,infobae.com,2026-03-14,Grabaron el avistamiento de un cóndor de los Andes en el Parque Nacional Natural Chingaza: “Despegó”,https://www.infobae.com/colombia/2026/03/14/grabaron-el-avistamiento-de-un-condor-de-los-andes-en-el-parque-nacional-natural-chingaza-despego/
dff09885f15e25e235e62d8145730a49ad5497fc093baad8dd86ce8164379d8c,2026-03-13 18:19:24.625393+00:00,es,diariodelnorte.net,diariodelnorte.net,2026-03-13,El mundo está en crisis,https://diariodelnorte.net/opinion/el-mundo-esta-en-crisis/
d3d4b69bfe7a947c83a870ffc661c7cdcd18f39ead9a3a990b4b91c12bca88a4,2026-03-13 15:42:39.513901+00:00,es,lasillavacia.com,lasillavacia.com,2026-03-13,Sin mujeres no hay transformación agrícola,https://www.lasillavacia.com/red-de-expertos/red-rural/sin-mujeres-no-hay-transformacion-agricola/
93ba47709b73fb41b26c8ff374ab06d1246a291944e4864d6442ca5e733ebeca,2026-03-12 17:43:50.477862+00:00,es,infobae.com,infobae.com,2026-03-12,Un reptil invasor desafía la biodiversidad de Florida y preocupa a científicos,https://www.infobae.com/estados-unidos/2026/03/12/un-reptil-invasor-desafia-la-biodiversidad-de-florida-y-preocupa-a-cientificos/
a82bc0f693faa60d9d24db12c29dead12c8d66f595105b8d6049a36956b04ac1,2026-03-12 01:26:43.099394+00:00,es,santamartaaldia.co,santamartaaldia.co,2026-03-11,Talento colombiano rumbo a España: Samaria es becada por proyecto digital sobre biodiversidad,https://santamartaaldia.co/talento-colombiano-rumbo-a-espana-samaria-es-becada-por-proyecto-digital-sobre-biodiversidad/?utm_source=rss&utm_medium=rss&utm_campaign=talento-colombiano-rumbo-a-espana-samaria-es-becada-por-proyecto-digital-sobre-biodiversidad
71e867fb3ca1a9ada8c99566574baef302e8ab56096c8ac0cac4b5043e2b4a91,2026-03-09 11:17:28.208102+00:00,es,eltiempo.com,eltiempo.com,2026-03-08,El océano entró de lleno en el debate climático global,https://www.eltiempo.com/vida/medio-ambiente/el-oceano-entro-de-lleno-en-el-debate-climatico-global-3538573
06c7821aeae50a5bd1c9957a1152e5b0e49d455db1784a043ab429e3891eb6a9,2026-03-09 05:30:42.543870+00:00,es,infobae.com,infobae.com,2026-03-09,Advierten por el riesgo de extinción de especies migratorias de animales: qué revela un informe global,https://www.infobae.com/america/ciencia-america/2026/03/09/alertan-por-el-riesgo-de-extincion-de-especies-migratorias-de-animales-que-revelo-un-informe-global/
6d65d46540979aa28fd7eb8e0af36070d49841c0af1656e28b75cd9734dca7dc,2026-03-08 15:17:35.919502+00:00,es,confidencialnoticias.com,confidencialnoticias.com,2026-03-08,El capital global y la crisis del Estado,https://confidencialnoticias.com/opinion/el-capital-global-y-la-crisis-del-estado-luis-emil-sanabria/
b9ec08760930b8022594227f4e01faffec7b15feb4dc8058a90908c06fece6ed,2026-03-07 02:25:25.472361+00:00,es,infobae.com,infobae.com,2026-03-07,Papúa Occidental: el asombroso hallazgo de dos mamíferos que se creían extintos hace miles de años,https://www.infobae.com/america/mundo/2026/03/07/papua-occidental-el-asombroso-hallazgo-de-dos-mamiferos-que-se-creian-extintos-hace-miles-de-anos/
45a8589925af188122e27f7c155c8c4128316433d31358b6834ffdca09db4371,2026-03-05 19:45:40.186526+00:00,es,infobae.com,infobae.com,2026-03-05,Los bosques de Europa podrían sufrir el doble de incendios y plagas antes de que acabe el siglo XXI: el Mediterráneo es una de las zonas más vulnerables,https://www.infobae.com/espana/2026/03/05/los-bosques-de-europa-podrian-sufrir-el-doble-de-incendios-y-plagas-antes-de-que-acabe-el-siglo-xxi-el-mediterraneo-es-una-de-las-zonas-mas-vulnerables/
dbebc0f3a14c0070ec9037d7f98d28cdf67582cc333b6a92c6ec30ab417ca43e,2026-03-04 17:28:38.784074+00:00,es,semana.com,semana.com,2026-03-04,Científicos descubren una nueva especie marina en aguas profundas del Pacífico: sorprende por su resistencia extrema,https://www.semana.com/tecnologia/articulo/cientificos-descubren-una-nueva-especie-marina-en-aguas-profundas-del-pacifico-sorprende-por-su-resistencia-extrema/202621/
621d2b0f5bda8271114504a1795d88f9bce244214cfd1cab3aeae6468b3682ee,2026-03-02 20:18:45.110593+00:00,es,diariodelhuila.com,diariodelhuila.com,2026-03-02,Oso de anteojos bebé fue avistado en vía del Páramo de Puracé entre Huila y Cauca,https://diariodelhuila.com/oso-de-anteojos-bebe-fue-avistado-en-via-del-paramo-de-purace-entre-huila-y-cauca/
6e246de138ae6115229039a16e5f7e2a8cafdfaca4328110278a92786e4b33d9,2026-03-02 15:38:09.566723+00:00,es,elnuevodia.com.co,elnuevodia.com.co,2026-03-02,"Ataco, un ecocidio a cielo abierto",https://www.elnuevodia.com.co/opinion/editorial/ataco-un-ecocidio-cielo-abierto-535050
7a2e1f20c10f565c21c26c1dd6d8829e254f196340d262985dc9f20dbe68e046,2026-02-25 23:26:37.061957+00:00,es,eltiempo.com,eltiempo.com,2026-02-25,Llega la XI edición de la Carrera Verde: esto es todo lo que debe saber sobre la competencia que busca este año ampliar su impacto,https://www.eltiempo.com/vida/medio-ambiente/llega-la-xi-edicion-de-la-carrera-verde-esto-es-todo-lo-que-debe-saber-sobre-la-competencia-que-busca-este-ano-ampliar-su-impacto-3535505
56b28dcef49bd5b6efffd5b2603025f9baae2f3b65a23f4525790c7a5ef39202,2026-02-25 00:27:18.651021+00:00,es,semana.com,semana.com,2026-02-24,El liderazgo positivo: una tendencia obligatoria,https://www.semana.com/mujeres/opinion/articulo/el-liderazgo-positivo-una-tendencia-obligatoria/202614/
a8010dd45bd3a1a6f8c35c73216a6a11b2139b4a633dd577a0f026e6296305d5,2026-02-24 16:43:55.094451+00:00,es,infobae.com,infobae.com,2026-02-24,L'Albufera pierde 10 centímetros de profundidad en dos décadas en un proceso agravado por la dana,https://www.infobae.com/america/agencias/2026/02/24/lalbufera-pierde-10-centimetros-de-profundidad-en-dos-decadas-en-un-proceso-agravado-por-la-dana/
d425c231c5ed46ff4865bee08afe84f798612ac9c32eba6b405db2778b16f82a,2026-02-22 23:24:02.279436+00:00,es,infobae.com,infobae.com,2026-02-22,Policía ambiental detiene a dos personas realizando minería ilegal en Panamá,https://www.infobae.com/panama/2026/02/22/policia-ambiental-detiene-a-dos-personas-realizando-mineria-ilegal-en-panama/
c763a56cbc082b4bde171b934aa5b88d4ba066b7e602e48593fa23797570907d,2026-02-22 04:23:40.916920+00:00,es,infobae.com,infobae.com,2026-02-22,"Andreu Escrivà, ambientólogo: “Algunas especies aún no se han extinguido, pero todo parece indicar que lo harán porque se han quedado sin su hábitat”",https://www.infobae.com/espana/2026/02/22/andreu-escriva-ambientologo-algunas-especies-aun-no-se-han-extinguido-pero-todo-parece-indicar-que-lo-haran-porque-se-han-quedado-sin-su-habitat/
fb7143a33c4fb46c379b7b7ab2964aeaec37b2d3d782f2c893a2cb6e13269c8e,2026-02-21 14:46:36.741613+00:00,es,lasillavacia.com,lasillavacia.com,2026-02-19,Colombia está perdiendo su riqueza hídrica,https://www.lasillavacia.com/red-de-expertos/red-verde/colombia-esta-perdiendo-su-riqueza-hidrica/
dac2dbb99b0b6697c1df1a0bf33d5163a949f2f3d57e6ac20c2a5662e55c856c,2026-02-20 06:20:06.012827+00:00,es,infobae.com,infobae.com,2026-02-19,"Fallece Rawa, la hembra de tapir malayo de Bioparc Fuengirola",https://www.infobae.com/america/agencias/2026/02/19/fallece-rawa-la-hembra-de-tapir-malayo-de-bioparc-fuengirola/
3f1483346ee45e43c74fca9633c9115a839470ecba6130c3284d90b79d06a2d4,2026-02-19 14:26:24.685905+00:00,es,lapatilla.com,lapatilla.com,2026-02-19,"Del excremento del diablo al oro intelectual, por Dayana Cristina Duzoglou",https://lapatilla.com/2026/02/19/del-excremento-del-diablo-al-oro-intelectual-por-dayana-cristina-duzoglou/
7fdcdb9be3464b6dd5602aef018b11cfd0cd6da42b99876d9b762bccd79bea88,2026-02-18 21:18:38.846058+00:00,es,las2orillas.co,las2orillas.co,2026-02-18,"Ya solo quedan 63 cóndores en Colombia, el resto murieron envenenados y baleados",https://www.las2orillas.co/ya-solo-quedan-63-condores-en-colombia-el-resto-murieron-envenenados-y-baleados/
91651c2a6931a5edffe5335a8a0effd6074e02b94f6f27893412dde66da6d349,2026-02-17 14:23:32.615429+00:00,es,extra.com.co,extra.com.co,2026-02-17,Transformación total en Los Chorros de foco de inseguridad a jardín,https://extra.com.co/transformacion-total-en-los-chorros-de-foco-de-inseguridad-a-jardin-polinizador-en-la-comuna-18-de-cali/
c55c1662b6fefb3c8db357a07fe58859a595346150ffdbdf32dd17a6cedbccd9,2026-02-17 05:18:41.427636+00:00,es,opinioncaribe.com,opinioncaribe.com,2026-02-16,"Entre nuevas fuentes y viejas prácticas: el agua se pierde entre discursos, omisiones y falta de decencia",https://www.opinioncaribe.com/2026/02/16/entre-nuevas-fuentes-y-viejas-practicas-el-agua-se-pierde-entre-discursos-omisiones-y-falta-de-decencia/
d0054ed18eaabec3a710201d2cc5af4382e09336e7307dc571d8270b46506c61,2026-02-16 00:22:40.856618+00:00,es,hsbnoticias.com,hsbnoticias.com,2026-02-15,Principales animales en peligro de extinción en el mundo,https://www.hsbnoticias.com/principales-animales-en-peligro-de-extincion-en-el-mundo/
554fc06d7dd787057e48416a5dbb95307163156cfab8a19e28f24d2f39ccb0b2,2026-02-15 21:29:16.752805+00:00,es,elperiodicodeportivo.com.co,elperiodicodeportivo.com.co,2026-02-15,Principales animales en peligro de extinción en el mundo,https://elperiodicodeportivo.com.co/principales-animales-en-peligro-de-extincion-en-el-mundo/
3657cd6575d664c0bcf52713e7c9d0503e6807c8e031292ec736ccdfc1bb5799,2026-02-15 21:23:26.814148+00:00,es,diariodelsur.com.co,diariodelsur.com.co,2026-02-15,Principales animales en peligro de extinción en el mundo,https://www.diariodelsur.com.co/principales-animales-en-peligro-de-extincion-en-el-mundo/
533a6faabab3d141b077c063f06fdadc06f3e90b406b37238de94fa786864559,2026-02-15 21:21:28.531895+00:00,es,extra.com.co,extra.com.co,2026-02-15,Principales animales en peligro de extinción en el mundo,https://extra.com.co/principales-animales-en-peligro-de-extincion-en-el-mundo/
806e7edd8ab1bd229ad3e88eeac958eb059d64618059cc4f8fa1af7a4fd2fd20,2026-02-12 05:18:15.939500+00:00,es,infobae.com,infobae.com,2026-02-11,"Rat Islands, el enclave que pertenece a Estados Unidos y yace perdido en las Aleutianas",https://www.infobae.com/america/mundo/2026/02/11/rat-islands-el-enclave-que-pertenece-a-estados-unidos-y-yace-perdido-en-las-aleutianas/
08046551479bd4c6f428ed511a28f22b6a5425d62ddeec7046960b3b61f6d913,2026-02-10 05:26:06.916029+00:00,es,eldiario.com.co,eldiario.com.co,2026-02-09,44 especies se despidieron para siempre,https://www.eldiario.com.co/seccion-d/pagina-verde/44-especies-se-despidieron-para-siempre/
ca8823f5ecf81fdd7985d5826859eca36769d4157d5b737a956676f8b75381e6,2026-02-09 17:27:14.471232+00:00,es,eltiempo.com,eltiempo.com,2026-02-09,Preocupación en la ciencia por el efecto de la minería bajo el mar en los ecosistemas oceánicos: estudio,https://www.eltiempo.com/vida/medio-ambiente/preocupacion-en-la-ciencia-por-el-efecto-de-la-mineria-bajo-el-mar-en-los-ecosistemas-oceanicos-estudio-3530812
ae0fbeef6cff4e2a1ccc7ccccb16b104b08479c57d8d02b69c3c6a6e39496136,2026-02-08 00:23:16.663424+00:00,es,seguimiento.co,seguimiento.co,2026-02-07,Corpamag recibe más de 7.500 huevos de iguana decomisados por la Policía,https://seguimiento.co/la-samaria/corpamag-recibe-mas-de-7500-huevos-de-iguana-decomisados-por-la-policia-84112
01ec1b38a90586b567bfd5efaa84826d835176f2d2814be1c852b6b48c959a20,2026-02-01 19:26:20.647714+00:00,es,eltiempo.com,eltiempo.com,2026-02-01,Estudio revela grave impacto de los jabalíes en bosques protegidos: mucho mas grave de lo pensado,https://www.eltiempo.com/vida/ciencia/estudio-revela-grave-impacto-de-los-jabalies-en-bosques-protegidos-mucho-mas-grave-de-lo-pensado-3528847
8313634fa225666928ab2241a5743d0094afa541f58c0fbd1ea9376de844f77a,2026-01-31 01:17:11.889739+00:00,es,rionoticias.co,rionoticias.co,2026-01-30,Incautan 1.600 huevos de iguana en el sur de Bolívar,https://rionoticias.co/incautan-1600-huevos-iguana-sur-bolivar/
4ae75eafdd6fa4d5a786cf52e67decf78f0e78ecac2c4cb7ff3afe13ac5d4e75,2026-01-29 03:17:43.199717+00:00,es,eltiempo.com,eltiempo.com,2026-01-28,"‘Nuestra fuerza como región está en la unidad y la coordinación’: Sergio Díaz Granados, presidente CAF",https://www.eltiempo.com/economia/sectores/nuestra-fuerza-como-region-esta-en-la-unidad-y-la-coordinacion-sergio-diaz-granados-presidente-caf-3528015
2df55673509003ce29a92e75c174b83830426168ba3bb610bbf6f8f5b831006d,2026-01-28 02:22:13.913264+00:00,es,infobae.com,infobae.com,2026-01-27,Una crisis silenciosa en Noruega: un drástico descenso de aves agrícolas alerta a científicos y productores,https://www.infobae.com/america/mundo/2026/01/27/una-crisis-silenciosa-en-noruega-un-drastico-descenso-de-aves-agricolas-alerta-a-cientificos-y-productores/
fffe8a72d672142714e2124609ac8a26d1d0066e11b969d505fa67e01bd6ba90,2026-01-27 22:22:57.507748+00:00,es,elperiodicodeportivo.com.co,elperiodicodeportivo.com.co,2026-01-27,Cómo la conservación del medioambiente redefine el futuro de la humanidad,https://elperiodicodeportivo.com.co/como-la-conservacion-del-medioambiente-redefine-el-futuro-de-la-humanidad/
7b7c5c85a668a872f2d497e498712d83897426908da623ad13a2792648f9a00b,2026-01-27 20:37:01.228481+00:00,es,hsbnoticias.com,hsbnoticias.com,2026-01-27,El planeta al límite: por qué la conservación del medioambiente es urgente hoy,https://www.hsbnoticias.com/el-planeta-al-limite-por-que-la-conservacion-del-medioambiente-es-urgente-hoy/
7608933612572ea69dd75d89c123681d62ea1425ecbec83546125cbee541464c,2026-01-23 15:37:00.454839+00:00,es,laguajirahoy.com,laguajirahoy.com,2026-01-23,Corpoguajira impulsa educación ambiental como deber legal y social,https://laguajirahoy.com/medio-ambiente/corpoguajira-impulsa-educacion-ambiental-como-deber-legal-y-social.html
1165fe1f291fbd682a72aedc0489e2bf2f63f73c57b9711b904e823e7117876e,2026-01-23 10:31:03.399372+00:00,es,larepublica.co,larepublica.co,2026-01-23,Davos 2026: poder sin árbitros,https://www.larepublica.co/analisis/fredy-vargas-lama-3186620/davos-2026-poder-sin-arbitros-4310276
5a54fd67ae3d543fa6af87f4efbeca9cf6d7a815324c800e7570249f6b784929,2026-01-21 15:29:16.670021+00:00,es,elcolombiano.com,elcolombiano.com,2026-01-21,"El mundo ya estÃ¡ en la era de la âbancarrota hÃ­dricaâ, segÃºn informe de la ONU: Â¿quÃ© significa esto?",https://www.elcolombiano.com/inicio/bancarrota-hidrica-que-es-informe-onu-2026-IF32732082
2b6e02a75eb247c3a6d08881cc8718459bcb6b9c2804c032a38369ada0701d2c,2026-01-20 22:27:25.318635+00:00,es,eltiempo.com,eltiempo.com,2026-01-20,El planeta ya está en 'bancarrota hídrica': la ONU advierte que la crisis del agua ya es irreversible en muchos lugares del mundo,https://www.eltiempo.com/vida/medio-ambiente/el-planeta-ya-esta-en-bancarrota-hidrica-la-onu-advierte-que-la-crisis-del-agua-ya-es-irreversible-en-muchos-lugares-del-mundo-3525630
919c7c1e03249583f2f397aa4c5a4230874f3d733f0c117af1d2495c832b0384,2026-01-16 05:23:41.860890+00:00,es,hsbnoticias.com,hsbnoticias.com,2026-01-16,El genoma de las mariposas europeas: una nueva herramienta contra el cambio climático,https://www.hsbnoticias.com/el-genoma-de-las-mariposas-europeas-una-nueva-herramienta-contra-el-cambio-climatico/
949fb641a4c8870ef8439e8f9b0dfdbd651a9e690920e06f2e30c1eada805882,2026-01-16 04:23:56.389977+00:00,es,extra.com.co,extra.com.co,2026-01-16,El genoma de las mariposas europeas: una nueva herramienta contra el cambio climático,https://extra.com.co/el-genoma-de-las-mariposas-europeas-una-nueva-herramienta-contra-el-cambio-climatico/
1ded1ccd2089e0b454963fb76c299f635dbeecc25ed375c49cd9c37d0df81cd6,2026-01-16 04:21:12.750975+00:00,es,diariodelsur.com.co,diariodelsur.com.co,2026-01-16,El genoma de las mariposas europeas: una nueva herramienta contra el cambio climático,https://www.diariodelsur.com.co/el-genoma-de-las-mariposas-europeas-una-nueva-herramienta-contra-el-cambio-climatico/
c49df39af7b6394ff6b7c80b6d246c562b9ada4497c6c4de3640f33fc0e4a0a5,2026-01-13 05:22:50.164897+00:00,es,extra.com.co,extra.com.co,2026-01-13,Medio ambiente y desarrollo: una contradicción que Colombia debe resolver,https://extra.com.co/medio-ambiente-y-desarrollo-una-contradiccion-que-colombia-debe-resolver/
cdbd9ef4f6a8ef460f4d2560daaaad346dcd11b7e500aed6ba72e2d72f1b7168,2026-01-09 20:36:57.697410+00:00,es,las2orillas.co,las2orillas.co,2026-01-09,En el umbral de la escalada,https://www.las2orillas.co/en-el-umbral-de-la-escalada/#utm_source=rss&utm_medium=rss&utm_campaign=en-el-umbral-de-la-escalada
19d68187d4e3b9ba82f4037b5637d307c3114bf583e79f05706f5e3492c983e5,2026-01-06 00:19:10.349529+00:00,es,elcolombiano.com,elcolombiano.com,2026-01-05,Otra vez les fallamos: Cornare atendiÃ³ 157 animales silvestres afectados por pÃ³lvora en diciembre,https://www.elcolombiano.com/inicio/cornare-polvora-fauna-silvestre-diciembre-2025-ML32280369
f01dcab13ccc1a06d6b488ce726bc69b67cb3e1e10530d0c641faa37c2b90522,2025-12-30 05:21:14.077358+00:00,es,eje21.com.co,eje21.com.co,2025-12-30,"El Tratado de Alta Mar, la salida de EEUU de París y la COP31, hitos en la agenda de 2026",https://www.eje21.com.co/2025/12/el-tratado-de-alta-mar-la-salida-de-eeuu-de-paris-y-la-cop31-hitos-en-la-agenda-de-2026/
7ac7d0c1774da05e630e1f9852ffc5011a092bef03ac9dbff414467eda0987f7,2025-12-27 21:24:54.884567+00:00,es,elcallejero.co,elcallejero.co,2025-12-27,27 empresas turísticas promueven recorridos ilegales en la Sierra Nevada de Santa Marta,https://www.elcallejero.co/2025/12/27/27-empresas-turisticas-promueven-recorridos-ilegales-en-la-sierra-nevada-de-santa-marta/
cc9264a8078cab6088f330fc1f1b3124e45d7dca4f4a2c66e1fa969a34c5f44c,2025-12-27 19:17:10.308303+00:00,es,opinioncaribe.com,opinioncaribe.com,2025-12-27,27 empresas turísticas promueven recorridos ilegales en la Sierra Nevada de Santa Marta,https://www.opinioncaribe.com/2025/12/27/27-empresas-turisticas-promueven-recorridos-ilegales-en-la-sierra-nevada-de-santa-marta/
bc96231a8b749baf8eeac7557076923ee045a5fca7aa23805a22afb6317898cf,2025-12-20 00:21:22.613352+00:00,es,eltiempo.com,eltiempo.com,2025-12-19,Estos son los principales avances ambientales registrados durante 2025 según Greenpeace,https://www.eltiempo.com/vida/medio-ambiente/estos-son-los-principales-avances-ambientales-registrados-durante-2025-segun-greenpeace-3518455
ef76a35944dbacfe22cf2f6d3c8a281b6ac56a99c137c7a9f19bf4eb6ee80e52,2025-12-16 15:34:46.161869+00:00,es,eltiempo.com,eltiempo.com,2025-12-16,Cerros orientales de Bogotá bajo vigilancia: la carrera contrarreloj para frenar el saqueo silencioso del musgo en Navidad,https://www.eltiempo.com/bogota/cerros-orientales-de-bogota-bajo-vigilancia-la-carrera-contrarreloj-para-frenar-el-saqueo-silencioso-del-musgo-en-navidad-3517249
15bc6c166f6a79cea79ab6bda4cb4f92a2286f02b346fb92df79006cc7e96d21,2025-12-12 01:30:12.692204+00:00,es,hsbnoticias.com,hsbnoticias.com,2025-12-11,Minería amenaza al orangután más raro del planeta,https://www.hsbnoticias.com/mineria-amenaza-al-orangutan-mas-raro-del-planeta/
da53acf5302a502664ece537eb83902707219a41b547877e65c253de85c4e5b3,2025-12-11 22:18:30.731019+00:00,es,elperiodicodeportivo.com.co,elperiodicodeportivo.com.co,2025-12-11,Minería amenaza al orangután más raro del planeta,https://elperiodicodeportivo.com.co/mineria-amenaza-al-orangutan-mas-raro-del-planeta/
db79877ea088eeef40ee645ce772ee2d72091e289551a13b9e5dc4d17763483b,2025-12-11 21:37:58.048365+00:00,es,diariodelsur.com.co,diariodelsur.com.co,2025-12-11,Minería amenaza al orangután más raro del planeta,https://www.diariodelsur.com.co/mineria-amenaza-al-orangutan-mas-raro-del-planeta/
42f7c37c27ae514eae067a4a3edcc98efccd4188242c247bc56c12c6c336326b,2025-12-11 21:37:07.013923+00:00,es,extra.com.co,extra.com.co,2025-12-11,Minería amenaza al orangután más raro del planeta,https://extra.com.co/mineria-amenaza-al-orangutan-mas-raro-del-planeta/
33f29a3d0e139383add1b0213e68c63d14a5f585ce5e74b6830cb760eab33f33,2025-12-09 13:30:38.826865+00:00,es,eltiempo.com,eltiempo.com,2025-12-09,El mapa de la minería ilegal del oro en Colombia que revela el director de la Policía de Carabineros,https://www.eltiempo.com/justicia/conflicto-y-narcotrafico/el-mapa-del-oro-ilegal-en-colombia-que-revelo-el-general-oviedo-director-de-la-policia-de-carabineros-3515245
30d2e2ffc388e335c32c0a52b6e2a6291c3d5e7dd908800ab6620fe0fd5104e9,2025-12-08 04:20:35.472527+00:00,es,razonpublica.com,razonpublica.com,2025-12-07,La Mojana no necesita más diagnósticos: necesita recuperar su sistema hídrico,https://razonpublica.com/la-mojana-no-necesita-mas-diagnosticos-necesita-recuperar-sistema-hidrico/
6052393b7b62805ca31f3899068b994991b63e69f4c792705335d3304a0ff7d1,2025-12-06 20:20:25.390936+00:00,es,extra.com.co,extra.com.co,2025-12-06,El hallazgo que impedirá la extinción de las estrellas de mar en California,https://extra.com.co/el-hallazgo-que-impedira-la-extincion-de-las-estrellas-de-mar-en-california/
bcde80cc8d47d748ab4e54a43056cf087d50fa4cd9c28d317845f734b6083474,2025-12-06 19:29:13.109485+00:00,es,hsbnoticias.com,hsbnoticias.com,2025-12-06,El hallazgo que impedirá la extinción de las estrellas de mar en California,https://www.hsbnoticias.com/el-hallazgo-que-impedira-la-extincion-de-las-estrellas-de-mar-en-california/
6449fd052df86a46bb62fdcaa04aa4ea0ba72f92a6f454666ea6ebf7ed8c8f89,2025-12-06 19:26:54.594058+00:00,es,diariodelsur.com.co,diariodelsur.com.co,2025-12-06,El hallazgo que impedirá la extinción de las estrellas de mar en California,https://www.diariodelsur.com.co/el-hallazgo-que-impedira-la-extincion-de-las-estrellas-de-mar-en-california/
b79ae8c8f69ca95cafc48807fef4075f622c4a1e5ed78a2b8a828c8cc3811d45,2025-12-05 09:21:47.237513+00:00,es,larepublica.co,larepublica.co,2025-05-12,Sin agua no existe campo: el dilema que el agro no puede seguir posponiendo,https://www.larepublica.co/especiales/los-retos-y-desafios-del-agro/sin-agua-no-existe-campo-el-dilema-que-el-agro-no-puede-seguir-posponiendo-4284646
116692f554c41f1d64272ea7dfda96ccbf3b405300151c83ff14b9adee568cfb,2025-12-01 11:24:32.370852+00:00,es,razonpublica.com,razonpublica.com,2025-11-30,La COP30: una victoria de los productores de combustibles fósiles,https://razonpublica.com/la-cop30-una-victoria-los-productores-combustibles-fosiles/
de30e8a4eb73799a3c74654d2faf00afb132447db5e7476b6ddf3b3e0c6356d8,2025-11-28 12:19:39.188111+00:00,es,larepublica.co,larepublica.co,2025-11-28,Misión Génesis: el futuro empezó ayer… Colombia ni se enteró,https://www.larepublica.co/analisis/fredy-vargas-lama-3186620/mision-genesis-el-futuro-empezo-ayer-colombia-ni-se-entero-4279836
9dbe46dfa2ff5dd8595ff7233f45900b64dd8dba37bf861efd7e2ed2fe0a5444,2025-11-27 20:36:35.497865+00:00,es,las2orillas.co,las2orillas.co,2025-11-27,Del código al algoritmo: la cuarta revolución de la República,https://www.las2orillas.co/del-codigo-al-algoritmo-la-cuarta-revolucion-de-la-republica/#utm_source=rss&utm_medium=rss&utm_campaign=del-codigo-al-algoritmo-la-cuarta-revolucion-de-la-republica
6a4eed65e88c19ef25e294d54e3bbedf0bf92d1145029ce7ab0184cfd99d7c35,2025-11-25 04:20:02.294419+00:00,es,eltiempo.com,eltiempo.com,2025-11-24,'Tu fiesta no tiene que ser su pesadilla': buscan proteger a los animales de los efectos de la pólvora en las festividades de diciembre,https://www.eltiempo.com/colombia/cali/tu-fiesta-no-tiene-que-ser-su-pesadilla-buscan-proteger-a-los-animales-de-los-efectos-de-la-polvora-en-las-festividades-de-diciembre-3511509
2e31ba889a11f349ca84dcc2c4d51de1e7f6f7e769c471807f8e60aae97e83f4,2025-11-24 10:20:16.030101+00:00,es,lalinternaazul2.wordpress.com,lalinternaazul2.wordpress.com,2025-11-24,Operativo del Ejército desmantela mina ilegal de oro de grupos armados en Caquetá,https://lalinternaazul2.wordpress.com/2025/11/24/operativo-del-ejercito-desmantela-mina-ilegal-de-oro-de-grupos-armados-en-caqueta/
3b69d1d892721d15511ecd741e02d499a1a562483d98db666482d445c0c76098,2025-11-23 19:27:27.388563+00:00,es,eltiempo.com,eltiempo.com,2025-11-23,Operativo del Ejército desmantela mina ilegal de oro de grupos armados en Caquetá,https://www.eltiempo.com/justicia/conflicto-y-narcotrafico/operativo-del-ejercito-desmantela-mina-ilegal-de-oro-de-grupos-armados-en-caqueta-3511112
619e483df312227be4908b7c8265103d449d9fb3117c40455021c85906014c67,2025-11-22 18:17:14.031240+00:00,es,eltiempo.com,eltiempo.com,2025-11-22,Colombia presentó la Declaración de Belém para transicionar lejos de los fósiles,https://www.eltiempo.com/vida/medio-ambiente/colombia-presento-la-declaracion-de-belem-para-transicionar-lejos-de-los-fosiles-3510941
387455653f51e50295fc2f2db306afacee1a5b21f18820455c1e40188d10785f,2025-11-19 14:35:45.604111+00:00,es,hsbnoticias.com,hsbnoticias.com,2025-11-19,El kakapo: el loro más singular del planeta,https://www.hsbnoticias.com/el-kakapo-el-loro-mas-singular-del-planeta/
7dd44c6f45016467116efd9676a0088c8bf09132c7c5b3ec72dc4ea3b5ae7a74,2025-11-19 14:27:44.458049+00:00,es,elperiodicodeportivo.com.co,elperiodicodeportivo.com.co,2025-11-19,El kakapo: el loro más singular del planeta,https://elperiodicodeportivo.com.co/el-kakapo-el-loro-mas-singular-del-planeta/
4ac402aa1aeaeb67b473a2c57a1d700e8573f1279cd8cd3f913fce4190918d53,2025-11-17 03:18:37.658822+00:00,es,eje21.com.co,eje21.com.co,2025-11-17,"""No hay planeta B"", el temor al cambio climático se extiende con jóvenes como protagonistas",https://www.eje21.com.co/2025/11/no-hay-planeta-b-el-temor-al-cambio-climatico-se-extiende-con-jovenes-como-protagonistas/
87acc136eec0b30241ba55855b1434a41846f20b91a57507aa916a4ee919a8cc,2025-11-16 04:17:35.000088+00:00,es,extra.com.co,extra.com.co,2025-11-16,Colombia prohíbe explotación minera y de hidrocarburos en la Amazonía,https://extra.com.co/colombia-prohibe-explotacion-minera-y-de-hidrocarburos-en-la-amazonia/
d02c08cde532fef51d0064dc99bc557089efea4e834787ac40a0c87dcc537138,2025-11-14 19:22:01.874052+00:00,es,eltiempo.com,eltiempo.com,2025-11-14,Así se logró la imagen de uno de los colibríes más difíciles de fotografiar en Colombia: ‘fue inevitable que se me encharcaran los ojos’,https://www.eltiempo.com/vida/medio-ambiente/asi-se-logro-la-imagen-de-uno-de-los-colibries-mas-dificiles-de-fotografiar-en-colombia-fue-inevitable-que-se-me-encharcaran-los-ojos-3508750
262ec60d8c1a7666f8b88b6442b1b323e65ffb386e1385683e04de6b974fb67a,2025-11-13 20:20:02.360462+00:00,es,eltiempo.com,eltiempo.com,2025-11-13,"El mensaje del Premio Lazos 2025: la sostenibilidad es acción colectiva, inspiración y persistencia",https://www.eltiempo.com/vida/medio-ambiente/el-mensaje-del-premio-lazos-2025-la-sostenibilidad-es-accion-colectiva-inspiracion-y-persistencia-3508634
b6ba6c937a1525a83d48bdd2779367431dd2d189da7ab00215e29b06d024c83d,2025-11-07 23:26:25.614222+00:00,es,eltiempo.com,eltiempo.com,2025-11-07,"En la COP30, varios países, entre ellos Colombia, crean histórico fondo de 5.000 millones de dólares busca salvar los bosques tropicales",https://www.eltiempo.com/vida/medio-ambiente/en-la-cop30-varios-paises-entre-ellos-colombia-crean-historico-fondo-de-5-000-millones-de-dolares-busca-salvar-los-bosques-tropicales-3506987
30aa454488e141f7d484583acde0df30e553884119c4a1fa7c5f8ee78a43fff1,2025-11-06 19:22:45.214946+00:00,es,eltiempo.com,eltiempo.com,2025-11-06,La amenaza del cangrejo rojo avanza en Fúquene y la Universidad de Cundinamarca prueba una solución sostenible,https://www.eltiempo.com/bogota/la-amenaza-del-cangrejo-rojo-avanza-en-fuquene-y-la-universidad-de-cundinamarca-prueba-una-salida-sostenible-3506579
61e1df986bad7ea93a1ee70ced25cfc692ea1560cec6036318209e60a31d8b89,2025-11-06 01:26:00.483735+00:00,es,semanariovoz.com,semanariovoz.com,2025-11-05,"Cumbre CELAC-UE, de la retórica a la acción",https://semanariovoz.com/cumbre-celac-ue-de-la-retorica-a-la-accion/
1190881607ab6d042ccc86ceb1cb29515fc9e4245fc5960184b9ef9bdfd6ad51,2025-11-03 22:20:56.751083+00:00,es,hsbnoticias.com,hsbnoticias.com,2025-11-03,Colombia: la riqueza que aún no sabemos aprovechar,https://www.hsbnoticias.com/colombia-la-riqueza-que-aun-no-sabemos-aprovechar/
b65ac574ad85c8094e3a3f1e02548dfeedc8668e1cc5d1966d67e23ad3950086,2025-11-03 21:40:44.014962+00:00,es,diariodelsur.com.co,diariodelsur.com.co,2025-11-03,Colombia: la riqueza que aún no sabemos aprovechar,https://www.diariodelsur.com.co/colombia-la-riqueza-que-aun-no-sabemos-aprovechar/
ed702b809f55fdd27dff965cd12a368c09bdfa0a4b2c67393938256a6925197d,2025-11-03 18:22:50.803847+00:00,es,extra.com.co,extra.com.co,2025-11-03,Colombia: la riqueza que aún no sabemos aprovechar,https://extra.com.co/colombia-la-riqueza-que-aun-no-sabemos-aprovechar/
1350f465fc1d6f7f4eadcab597522054fc558c5c1d510c077438c1d0c9401c13,2025-11-03 05:21:26.004576+00:00,es,eldiario.com.co,eldiario.com.co,2025-11-02,Sus signos vitales alcanzan ya niveles récord,https://www.eldiario.com.co/seccion-d/pagina-verde/sus-signos-vitales-alcanzan-ya-niveles-record/
d36189b6720cb977b513dd69cd2371105f9056971d5e2b640cc6d6cf79fdde4f,2025-11-02 20:20:29.159651+00:00,es,hsbnoticias.com,hsbnoticias.com,2025-11-02,"Perfecto título — “Retos Medioambientales para Colombia en 2025: Un Llamado Urgente a la Acción Colectiva” suena como un excelente punto de partida para un artículo, ensayo o informe.¿Quieres que te ayude a redactar el texto completo bajo ese título?Puedo hacerlo con el tono que prefieras (por ejemplo: académico, periodístico, educativo o de opinión).",https://www.hsbnoticias.com/perfecto-titulo-retos-medioambientales-para-colombia-en-2025-un-llamado-urgente-a-la-accion-colectiva-suena-como-un-excelente-punto-de-partida-para-un-articulo-ensayo-o-i/
ac601bb768d0e67f2ce6b1173d926cf1084bb21a9fcd07f97e209a4e5b83d2b3,2025-11-01 00:57:19.576847+00:00,es,seguimiento.co,seguimiento.co,2025-10-31,"Sergio Díazgranados, incluido en los ‘100 líderes más influyentes del mundo en acción climática’",https://seguimiento.co/colombia/sergio-diazgranados-incluido-en-los-100-lideres-mas-influyentes-del-mundo-en-accion
664cd0c5d356812146cb677f5e976760caaa2054c835c8672a8eee32f7602081,2025-10-31 19:15:44.235189+00:00,es,occidente.co,occidente.co,2025-10-31,Feria del Libro de Cali 2025 celebra el Día de Halloween,https://occidente.co/cali/feria-libro-cali-2025-dia-halloween-actividades-literarias/
4dbd28e790dc63231c9f39e5f846689062e306022ef0640ea3b864e0a687150d,2025-10-31 16:43:48.992676+00:00,es,eltiempo.com,eltiempo.com,2025-10-30,El planeta cruza nuevos récords climáticos: científicos advierten que la ventana para actuar se está cerrando,https://www.eltiempo.com/vida/medio-ambiente/el-planeta-cruza-nuevos-records-climaticos-cientificos-advierten-que-la-ventana-para-actuar-se-esta-cerrando-3504709
857795c1e09c0ae51542e38f841dd5f1bccdd60e19fafa2a26c424cbea3df9ef,2025-10-31 16:16:25.505913+00:00,es,seguimiento.co,seguimiento.co,2025-10-30,Niños de Siberia y San Javier ganan concurso literario impulsado por Corpamag,https://seguimiento.co/la-samaria/ninos-de-siberia-y-san-javier-ganan-concurso-literario-impulsado-por-corpamag-82273
4f2b00ad5b809dd72ad38384401d77c01e05b37132b21793a8522255397f9bb5,2025-10-31 06:36:21.316139+00:00,es,hsbnoticias.com,hsbnoticias.com,2025-10-29,Trump autoriza perforación petrolera en un refugio natural del Ártico,https://www.hsbnoticias.com/trump-autoriza-perforacion-petrolera-en-un-refugio-natural-del-artico/
50b0275e1c8cf30dc693698c731f3e9922910d9ea046fa34cd3b551f5b91423f,2025-10-31 06:30:37.146139+00:00,es,elperiodicodeportivo.com.co,elperiodicodeportivo.com.co,2025-10-29,Trump autoriza perforación petrolera en un refugio natural del Ártico,https://elperiodicodeportivo.com.co/trump-autoriza-perforacion-petrolera-en-un-refugio-natural-del-artico/
4ff9c20903268cbd2efbbf0da48b2978df2f8882e78434c3fc02aa7d34db01bf,2025-10-28 04:22:37.520328+00:00,es,eltiempo.com,eltiempo.com,2025-10-27,"'Las ciudades deben ser personas: receptivas, inclusivas y adaptables', dice Carlo Ratti, experto que estará en Bogotá en la cumbre de ONU Hábitat",https://www.eltiempo.com/bogota/las-ciudades-deben-ser-personas-receptivas-inclusivas-y-adaptables-dice-carlo-ratti-experto-que-estara-en-bogota-en-la-cumbre-de-onu-habitat-3503530
8cc23a946d09a610e42a4a67e05979032cd55cc31dbe5e76dacc9a0380b3722f,2025-10-27 05:24:53.644697+00:00,es,eldiario.com.co,eldiario.com.co,2025-10-26,Los dinosaurios eran muy diversos y variados,https://www.eldiario.com.co/seccion-d/de-interes/los-dinosaurios-eran-muy-diversos-y-variados/
8375e5f47d3170c4643efa58d10290a8d45d66e72f1e2ac18e336081bf901c75,2025-10-26 14:26:19.891999+00:00,es,eje21.com.co,eje21.com.co,2025-10-26,Caldas impulsa la acción climática con una semana dedicada a la sostenibilidad y la vida,https://www.eje21.com.co/2025/10/caldas-impulsa-la-accion-climatica-con-una-semana-dedicada-a-la-sostenibilidad-y-la-vida/
3002bfaf23d82f4f73aca8a56a0543ad9f6386d6606587fe64e232188987cfcb,2025-10-23 22:22:24.768298+00:00,es,elnuevodia.com.co,elnuevodia.com.co,2025-10-23,Encuentro Suramericano resalta al Cóndor como símbolo de conservación,https://www.elnuevodia.com.co/tolima/encuentro-suramericano-resalta-al-condor-como-simbolo-de-conservacion-532439
1c1c30ab54663a9ff4a96bac9f63e78999d38e5e7b3833af197bff2f12286b76,2025-10-23 21:43:21.184570+00:00,es,hsbnoticias.com,hsbnoticias.com,2025-10-23,Encuentro BIBO 15 años Mecanismos que pueden acelerar la implementación de las metas globales de sostenibilidad al 2030,https://www.hsbnoticias.com/encuentro-bibo-15-anos-mecanismos-que-pueden-acelerar-la-implementacion-de-las-metas-globales-de-sostenibilidad-al-2030/
bd67c12077459820bc0ea154c0493e66169cbbe317c89e1262be03d463999f8c,2025-10-21 18:28:48.044495+00:00,es,eltiempo.com,eltiempo.com,2025-10-21,‘El mundo está enfermo’: experto advierte que se cruzaron los límites planetarios y que quedan pocos años para evitar un daño irreversible,https://www.eltiempo.com/vida/medio-ambiente/el-mundo-esta-enfermo-experto-advierte-que-se-cruzaron-los-limites-planetarios-y-que-quedan-pocos-anos-para-evitar-un-dano-irreversible-3501731
9606cec6f1e996ad982a5ac57e7fca7f0707d58b0fcf012377e6688836eb5d39,2025-10-14 15:25:12.042382+00:00,es,lafm.com.co,lafm.com.co,2025-10-14,Científicos advierten que la Tierra cruzó un punto de no retorno que tendrá efectos catastróficos,https://www.lafm.com.co/internacional/cientificos-advierten-que-la-tierra-cruzo-un-punto-de-no-retorno-que-tendra-efectos-catastroficos
e802ed3fa0f3e661b0b583c5e092c8dd2ac41f5b315f5149aa04364e70e0c53e,2025-10-09 21:36:18.428460+00:00,es,eltiempo.com,eltiempo.com,2025-10-09,'Ecos de la Amazonía': documental visibiliza los esfuerzos por conservar los recursos del pulmón del planeta y la riqueza cultural,https://www.eltiempo.com/cultura/cine-y-tv/ecos-de-la-amazonia-documental-visibiliza-los-esfuerzos-por-conservar-los-recursos-del-pulmon-del-planeta-y-la-riqueza-cultural-3498436
2e3d5f59c51f7b70c8eb34d80b5d65cb18decbca8406b1be0d63a6b10a16dfd0,2025-10-07 05:22:22.539529+00:00,es,areacucuta.com,areacucuta.com,2025-09-30,El documental Ecos de la Amazonía destaca cómo organizaciones sociales en Colombia y Perú lideran acciones reales para proteger el bioma más importante del planeta.,https://www.areacucuta.com/ecos-de-la-amazonia-el-documental-que-revela-el-poder-de-las-comunidades-en-la-defensa-del-pulmon-del-planeta/
211e062277799b001ee8e30aead784c30b5b8436fef3b828fa30d33494bd7721,2025-10-04 08:17:41.966853+00:00,es,diariodelhuila.com,diariodelhuila.com,2025-10-04,Gro Harlem Brundtland: la líder ambiental,https://diariodelhuila.com/gro-harlem-brundtland-la-lider-ambiental/
a0079c7291fe2a5e25b552c2e652999a130588d955f70de2a3c80a3e02bd9757,2025-10-01 23:17:58.377647+00:00,es,eltiempo.com,eltiempo.com,2025-10-01,"Muere Jane Goodall, pionera en el estudio de los chimpancés y referente mundial en la lucha ambiental",https://www.eltiempo.com/vida/medio-ambiente/muere-jane-goodall-pionera-en-el-estudio-de-los-chimpances-y-referente-mundial-en-la-lucha-ambiental-3495917
f78471f4600dc18e099b03d55040abb871f61ac92f6b48a4c6cc24cd62b9b53d,2025-10-01 02:17:38.832216+00:00,es,portafolio.co,portafolio.co,2025-09-30,Juan Manuel Santos asegura que la minería ilegal ha crecido en Colombia por la ausencia del Estado,https://www.portafolio.co/economia/regiones/juan-manuel-santos-asegura-que-la-mineria-ilegal-ha-crecido-en-colombia-por-la-ausencia-del-estado-641096
f54b26f086709638f3c86b7cf4ea489587fbdfbfe5f1b84e5de5b2fec5a91a12,2025-09-29 23:17:14.896849+00:00,es,elnuevosiglo.com.co,elnuevosiglo.com.co,2025-09-22,33 países se reúnen en la XXIV Reunión del Foro de Ministros de Medio Ambiente,https://www.elnuevosiglo.com.co/ambiente-y-ciencia/defenderan-el-territorio-mas-biodiverso-del-planeta
9c075d9bdd53db23c25b16c48c109e8d86e06171ee4e8b82fa313240f1e39639,2025-09-28 07:28:21.433783+00:00,es,lanacion.com.co,lanacion.com.co,2025-09-28,“Esperamos que la justicia no permita más compra de tierras en el Páramo de Miraflores”,https://www.lanacion.com.co/esperamos-que-la-justicia-no-permita-mas-compra-de-tierras-en-el-paramo-de-miraflores/
6937aac60203661fce0eada07acf6a732625ae64706538ab1be5879c44aac03f,2025-09-28 02:25:16.805727+00:00,es,hsbnoticias.com,hsbnoticias.com,2025-09-27,"Calentamiento global: definición, causas y desafío para la humanidad",https://www.hsbnoticias.com/calentamiento-global-definicion-causas-y-desafio-para-la-humanidad/
1fa816ab96f30fa69ea7c6acc87e172d61e6cb8dd6aac6d5b0548be8a48b2cbc,2025-09-28 00:19:23.770527+00:00,es,extra.com.co,extra.com.co,2025-09-27,"Calentamiento global: definición, causas y desafío para la humanidad",https://extra.com.co/calentamiento-global-definicion-causas-y-desafio-para-la-humanidad/
d65d9ebd18f2e29e74193a14c3549acb5e6758c4eb556ca78dcf70c31e6a3d55,2025-09-28 00:19:11.734064+00:00,es,diariodelsur.com.co,diariodelsur.com.co,2025-09-27,"Calentamiento global: definición, causas y desafío para la humanidad",https://www.diariodelsur.com.co/calentamiento-global-definicion-causas-y-desafio-para-la-humanidad/
da9376a3eb262836a33798e7564293a7619a94f370fbf08322ceb826b43ca3ae,2025-09-23 19:33:15.452879+00:00,es,eltiempo.com,eltiempo.com,2025-09-23,Expectativa por la Semana de la Biodiversidad: se esperan más de 1.300 turistas nacionales e internacionales en Cali y el Valle del Cauca,https://www.eltiempo.com/colombia/cali/expectativa-por-la-semana-de-la-biodiversidad-se-esperan-mas-de-1-300-turistas-nacionales-e-internacionales-en-cali-y-el-valle-del-cauca-3493289
09ad95a16dc6495b778868d8f0ed119825a56bb7fcf47e43a7da6badc6761390,2025-09-23 19:28:57.620213+00:00,es,eltiempo.com,eltiempo.com,2025-09-23,¿Por qué sentimos asco al intentar comer alacranes o gusanos?: 'La ruta de los insectos' quiere cambiar esa percepción,https://www.eltiempo.com/cultura/gastronomia/por-que-sentimos-asco-al-intentar-comer-alacranes-o-gusanos-la-ruta-de-los-insectos-quiere-cambiar-esa-percepcion-3492947
fc93b629a1d1ec2d12be41042b060ab4d1236100efae92ed663a0d8a8132284c,2025-09-17 06:25:36.113680+00:00,es,hsbnoticias.com,hsbnoticias.com,2025-09-16,Día Internacional de la Preservación de la Capa de Ozono: una victoria ambiental que sigue en marcha,https://www.hsbnoticias.com/dia-internacional-de-la-preservacion-de-la-capa-de-ozono-una-victoria-ambiental-que-sigue-en-marcha/
ca9016340962bec9698884a85ffae69067e85d034e4667bb6dbb3c4080d24551,2025-09-17 04:21:27.785449+00:00,es,diariodelsur.com.co,diariodelsur.com.co,2025-09-17,Día Internacional de la Preservación de la Capa de Ozono: una victoria ambiental que sigue en marcha,https://www.diariodelsur.com.co/dia-internacional-de-la-preservacion-de-la-capa-de-ozono-una-victoria-ambiental-que-sigue-en-marcha/
623c9237bfcb7d72eab5a657af5cc608cd697f00ed226e942fda9869c40af603,2025-09-16 04:27:30.003443+00:00,es,dontamalio.com,dontamalio.com,2025-09-15,Comunidades de Cajamarca exigen respeto a consulta popular contra la minería,https://dontamalio.com/comunidades-de-cajamarca-exigen-respeto-a-consulta-popular-contra-la-mineria/
7a5d60cf04ed6def54190373029e2ecafbfe5d4cd0191e3769199f368167d404,2025-09-15 08:17:58.163605+00:00,es,eltiempo.com,eltiempo.com,2025-09-15,‘La cocina es una trinchera para resistir la desconexión con lo que somos y nos rodea’,https://www.eltiempo.com/cultura/musica-y-libros/la-cocina-es-una-trinchera-para-resistir-la-desconexion-con-lo-que-somos-y-nos-rodea-3490575
582683d41066c900079a3af48d534e97694bc38a0fef3dcf39379c1197ae990d,2025-09-15 05:21:08.200955+00:00,es,eldiario.com.co,eldiario.com.co,2025-09-14,Nevados en alerta,https://www.eldiario.com.co/seccion-d/pagina-verde/nevados-en-alerta/
a79ebbc72ecc1075931698855a48b4e1b8a963ecf0beae0a81b217f22b442784,2025-09-12 21:18:11.687225+00:00,es,semanariovoz.com,semanariovoz.com,2025-09-12,Trabajo y coherencia al servicio del pueblo,https://semanariovoz.com/trabajo-y-coherencia-al-servicio-del-pueblo/
2d168ebc7f7f0b7968c31acd3fc2cc056ef8b69da7576d9945a4ef8c2b1fbbd6,2025-09-08 21:35:57.883583+00:00,es,bcnoticias.com.co,bcnoticias.com.co,2025-09-07,En Manizales abren convocatoria para reconocer las mejores iniciativas ambientales,https://www.bcnoticias.com.co/en-manizales-abren-convocatoria-para-reconocer-las-mejores-iniciativas-ambientales/
6b284fee052eb9173f8c90c9ada84300cda9b26c633554bbbfeaefce539a4649,2025-09-07 20:18:21.853981+00:00,es,elnuevodia.com.co,elnuevodia.com.co,2025-09-07,La mirada de Mutis,https://www.elnuevodia.com.co/opinion/columnistas/guillermo-perez-florez/la-mirada-de-mutis-531456
4cafa7d2de41f360e00f5b031fd60ebe814879f25b93ab5e4aa3a66787f2cf32,2025-09-06 08:24:18.018715+00:00,es,hsbnoticias.com,hsbnoticias.com,2025-09-06,"Día Internacional de la Vaquita Marina: una especie al borde, una responsabilidad compartida",https://www.hsbnoticias.com/dia-internacional-de-la-vaquita-marina-una-especie-al-borde-una-responsabilidad-compartida/
05d50a83055d029cfd5846095aab54269b2e261f1e04019347c80924cc56326a,2025-09-05 10:24:24.913776+00:00,es,eje21.com.co,eje21.com.co,2025-09-05,La deuda histórica con el río Otún que por fin entra en fase de ejecución,https://www.eje21.com.co/2025/09/la-deuda-historica-con-el-rio-otun-que-por-fin-entra-en-fase-de-ejecucion/
0420a8d2f9a94c6a3d3b699795632f1f6756ba7905df765ec24d5c8a752f753f,2025-08-28 09:21:21.101496+00:00,es,revistametro.co,revistametro.co,2025-07-19,"¿Y el manglar de Isla Draga, qué?",https://revistametro.co/2025/08/y-el-manglar-de-isla-draga-que/
db5c3939a6eb34632bbcdfa7020985be14eeeeabdd2a81a0b6dca8f4acf569ea,2025-08-21 13:34:46.703707+00:00,es,terra.com.mx,terra.com.mx,2016-05-24,Cepal pide avanzar en cambio estructural progresivo,"http://noticias.terra.com.mx/mexico/cepal-pide-avanzar-en-cambio-estructural-progresivo,b279db1e8e4c64f0ff491096c656467fbidt2a3i.html"
89b3e8758c7adfc738aa3b9732eca679e5e87256cb3c47368b0b77d90fc9efa7,2025-08-21 06:08:03.686385+00:00,es,terra.com.mx,terra.com.mx,2016-06-05,CNDH de México denuncia el alto costo del agotamiento de recursos naturales,"http://noticias.terra.com.mx/ciencia/cndh-de-mexico-denuncia-el-alto-costo-del-agotamiento-de-recursos-naturales,7398dd48afe9e780137c148083411aa4z356nolf.html"
a224dc4e7fc86e9ea4c5112c5d0fc4499ed1b6bbda51d02d6514aa36c679ebb6,2025-08-21 06:06:05.164982+00:00,es,terra.com.mx,terra.com.mx,2016-06-05,CNDH llama a la sociedad a cuidar recursos naturales,"http://noticias.terra.com.mx/mexico/cndh-llama-a-la-sociedad-a-cuidar-recursos-naturales,f4c87a05ddaab6b4e81d02c7cbf74c9fke9xrj0d.html"
70e5913862b11f3fb854944afb28394c7db92315ae02a00e80e794604167eafc,2025-08-21 03:38:53.193788+00:00,es,elcolombiano.com,elcolombiano.com,2016-06-08,Colombia estudia la ruta de las ballenas,http://www.elcolombiano.com/colombia-estudia-la-ruta-de-las-ballenas-EF4337024
3ed5f1836675e1938839ff6714c8b065007d2c60d065f8e9b960b0ce5c0b1905,2025-08-20 13:44:40.179065+00:00,es,terra.com.mx,terra.com.mx,2016-06-30,La capacidad de las plantas para absorber CO2 depende de un hongo,"https://noticias.terra.com.mx/ciencia/la-capacidad-de-las-plantas-para-absorber-co2-depende-de-un-hongo,64522294bba8f6f24c3c601acf9191e9yj7gbrm7.html"
703d0ce606390e846eb70f504fe8d978d21e10f692d94db94f934d079e15e1b4,2025-08-20 13:07:32.666191+00:00,es,elcolombiano.com,elcolombiano.com,2016-07-01,Área Metropolitana dio luz verde a centro comercial en la 70,http://www.elcolombiano.com/area-metropolitana-dio-licencia-para-centro-comercial-primavera-en-medellin-CD4498141
c13aa85a6d77b08ca5b933fe43a5dd7dc4bf0d428196f6c467e9992d390bbffd,2025-08-19 12:16:42.510048+00:00,es,elcolombiano.com,elcolombiano.com,2016-08-08,En 40 años creció tres veces extracción de materiales,http://www.elcolombiano.com/en-40-anos-crecio-tres-veces-extraccion-de-materiales-IC4721309
b4af1ebada07085fedbfcac3783132cb1e564bc1b9dfbec154f554c5b1041778,2025-08-18 16:36:02.189063+00:00,es,terra.com.mx,terra.com.mx,2016-09-08,Un 10 % de la naturaleza virgen del planeta ha desaparecido en dos décadas,"https://noticias.terra.com.mx/ciencia/un-10-de-la-naturaleza-virgen-del-planeta-ha-desaparecido-en-dos-decadas,6805ad05ea90881f4fb8639b69083cd23ywsjsc2.html"
3b7eacb35b9a0945869e374533810681329b123294a5920506f234f549e2e756,2025-08-16 12:25:04.806362+00:00,es,elpilon.com.co,elpilon.com.co,2025-08-16,20 años para salvar el río Guatapurí: ¿qué están haciendo las autoridades?,https://elpilon.com.co/20-anos-para-salvar-el-rio-guatapuri-que-estan-haciendo-las-autoridades/
3be1da980a65be186f581d2186e5610ed152658cb481cac71112cb409ebf441d,2025-08-15 19:28:39.402963+00:00,es,eluniversal.com.co,eluniversal.com.co,2016-12-31,"""En 2017 queremos tener parques naturales libres de coca y explotación minera""",http://www.eluniversal.com.co/colombia/en-2017-queremos-tener-parques-naturales-libres-de-coca-y-explotacion-minera-243522
c178cc694f81583502df86e4184cc4233bb14a3c7db377e9076590b3c8681546,2025-08-14 15:35:42.988598+00:00,es,elnuevosiglo.com.co,elnuevosiglo.com.co,2017-01-31,El comercio ilegal de animales silvestres,http://www.elnuevosiglo.com.co/articulos/01-2017-el-comercio-ilegal-de-animales-silvestres
037edb3d5bb6c317025ca80c4fe93d7d166c1f3fc0aed13742e27f95e5090613,2025-08-14 15:31:20.555392+00:00,es,lafm.com.co,lafm.com.co,2025-08-14,"Presidente de la CAF advierte sobre seguridad en Latinoamérica: “Se ha perdido control territorial""",https://www.lafm.com.co/colombia/presidente-de-la-caf-advierte-sobre-seguridad-en-latinoamerica-se-ha-perdido-el-control-territorial
6f9d48d322f5bf82f2f976751e75cb9879e6b8ec7140a03977d03db724409908,2025-08-14 12:56:50.956007+00:00,es,occidente.co,occidente.co,2017-01-24,Reiteran compromiso,http://occidente.co/reiteran-compromiso/
07b9de63096a4595c4b1df4523947fac1009e96c2235c4e0b9a3a17268406216,2025-08-13 15:44:13.599953+00:00,es,elcolombiano.com,elcolombiano.com,2017-02-21,Macroproyectos no deben alterar los ecosistemas,http://www.elcolombiano.com/macroproyectos-no-deben-alterar-los-ecosistemas-AX5990460
0833799ee602ccb8b6e84daf08993f2fee8838d889e457a46568cddb543137ae,2025-08-12 19:46:02.860907+00:00,es,terra.com.mx,terra.com.mx,2017-03-19,Legislador pide sanciones severas a empresas que contaminan ríos,"https://noticias.terra.com.mx/mexico/politica/legislador-pide-sanciones-severas-a-empresas-que-contaminan-rios,b8feee74d359e4f755e3a73d3430c687vek04f19.html"
a12797c2615d485b1087a0f0f4618256f8b0594f4c2fd23e9fcae29aff0c5e28,2025-08-11 04:18:37.460165+00:00,es,hoydiariodelmagdalena.com.co,hoydiariodelmagdalena.com.co,2025-08-10,Caída brutal de la natalidad,https://hoydiariodelmagdalena.com.co/archivos/1161031/caida-brutal-de-la-natalidad/
cb76c930bcdc5f464fae3179c0c6778925bbb021589da7407aabefeee096c5c8,2025-08-11 04:15:41.223737+00:00,es,terra.com.mx,terra.com.mx,2017-05-04,"Muro de EUA podría acabar con especies, advierte Sarukhán","https://www.terra.com.mx/noticias/mexico/muro-de-eua-podria-acabar-con-especies-advierte-sarukhan,9884352591bf8dd465f58c3b6f66e1eaqttd65mj.html"
64e714ed87df209b9b49f2fc380d9621ed63b0c3cfe0674a51543cbadcd5cfa5,2025-08-10 18:49:36.800618+00:00,es,caracol.com.co,caracol.com.co,2017-05-16,Mitos sobre la consulta previa,http://caracol.com.co/radio/2017/05/16/judicial/1494891791_968596.html#?ref=rss&format=simple&link=link
260a5f907881046cc8e62eeb0d6198bc94ec7b418397fc58764412d39456c20b,2025-08-10 16:23:04.323579+00:00,es,rionoticias.co,rionoticias.co,2025-08-10,CAÍDA BRUTAL DE LA NATALIDAD,https://rionoticias.co/caida-brutal-de-la-natalidad/
4ed628958ebaadd66be4606f82fefa7d474401db364cd9529642beb6d5d014f4,2025-08-10 13:04:17.785020+00:00,es,terra.com.mx,terra.com.mx,2017-05-22,Piden protección de la biodiversidad con perspectiva de derechos humanos,"https://www.terra.com.mx/noticias/mexico/piden-proteccion-de-la-biodiversidad-con-perspectiva-de-derechos-humanos,a72f11de935b07a69015da4ef1fcd644el8xyjvt.html"
53e361ec0df3b4a1ffdd00b5cacc5cce38e792c56bb0599fa64203b58e190b5e,2025-08-10 11:32:14.191071+00:00,es,lalinternaazul2.wordpress.com,lalinternaazul2.wordpress.com,2025-08-10,Caída brutal de la natalidad,https://lalinternaazul2.wordpress.com/2025/08/10/caida-brutal-de-la-natalidad/
2bbee51481999ebd4d2bbade83f03da79901cbc29ac9ddbb508f8fdaa85b1824,2025-08-10 10:41:00.461890+00:00,es,terra.com.mx,terra.com.mx,2017-05-24,El Basque Culinary Center llega en Bogotá aliando la cocina española y latina,"https://www.terra.com.mx/entretenimiento/cultura/el-basque-culinary-center-llega-en-bogota-aliando-la-cocina-espanola-y-latina,572ae24ca6236cca1fb0e92a06601baf9cv1hqrf.html"
451aeb3ff37bd9fe459b5b56ca6a8fadcf769c570d6511c5149b135698b858e5,2025-08-10 10:35:41.842999+00:00,es,elcolombiano.com,elcolombiano.com,2017-05-25,¿La Corte podría resucitar la aspersión con glifosato?,http://www.elcolombiano.com/fallo-de-la-corte-constitucional-sobre-aspersion-con-glifosato-CY6607343
16861faf933064cc91bfce291de1fca23f1f5ca9e818a5c9742b4faaed276507,2025-08-10 03:21:04.308141+00:00,es,laotracara.co,laotracara.co,2025-08-09,Caída Brutal de la Natalidad,https://laotracara.co/opinion/caida-brutal-de-la-natalidad/
9b49c8b9ba866295597fd2fb582428c83c3be0d41aa6ddd20aebd527ab53a79b,2025-08-08 20:30:49.151213+00:00,es,las2orillas.co,las2orillas.co,2025-08-08,Las transformaciones que necesitamos,https://www.las2orillas.co/las-transformaciones-que-necesitamos/
06f82248b137697a723112a592126ad3a076ce4a2b6fffe2ada3c05d096f31d3,2025-08-08 15:27:10.661607+00:00,es,45segundos.com,45segundos.com,2025-08-08,Las transformaciones que necesitamos,https://45segundos.com/actualidad/las-transformaciones-que-necesitamos/
3df2c9084cfdae5c9f7873746958b3545283aee17ac96a06ff1fdc6b9ff6a11e,2025-08-08 10:42:06.905273+00:00,es,lapatria.com,lapatria.com,2017-07-19,Un pacto ciudadano por la defensa de Río Blanco y la Estructura Ecológica Principal,http://www.lapatria.com/opinion/columnas/dario-arenas-villegas/un-pacto-ciudadano-por-la-defensa-de-rio-blanco-y-la
ea883b81f977f41c1e3860fb2895886ae552ca1c002a6985f3191b827edba8a8,2025-08-05 16:29:28.336251+00:00,es,hsbnoticias.com,hsbnoticias.com,2025-08-05,Mineros y campesinos ponen en jaque los páramos de Boyacá,https://www.hsbnoticias.com/mineros-y-campesinos-ponen-en-jaque-los-paramos-de-boyaca/
45f90dd5e3fe670858d14cc279ebe70b7d8563b7641af1a55b5116d0600d6e4b,2025-08-05 15:22:07.941810+00:00,es,diariodelsur.com.co,diariodelsur.com.co,2025-08-05,Bloqueos en Boyacá: los páramos enfrentan su mayor amenaza,https://www.diariodelsur.com.co/bloqueos-en-boyaca-los-paramos-enfrentan-su-mayor-amenaza/
c930ba906b4cc213baf60c9226c3966f9249a17adfa94345e4d59f5308211d54,2025-08-05 15:17:22.317252+00:00,es,extra.com.co,extra.com.co,2025-08-05,Paro minero y campesino pone en riesgo los páramos de Boyacá,https://extra.com.co/paro-minero-y-campesino-pone-en-riesgo-los-paramos-de-boyaca/
4394f4c17c43c5fc91b16c0b250cf34e4b077a69a827dce7b661908a521af5e6,2025-08-04 00:36:45.687770+00:00,es,diariodelsur.com.co,diariodelsur.com.co,2017-11-14,15.000 científicos de todo el planeta lanzan una segunda advertencia para la humanidad,http://diariodelsur.com.co/noticias/ciencia/15000-cientificos-de-todo-el-planeta-lanzan-una-segunda-adv-368605
ca96301a77b49472142f0de7de0019f5546da5a881e14e985e3bcd2e8068df3d,2025-08-04 00:36:08.291510+00:00,es,hsbnoticias.com,hsbnoticias.com,2017-11-14,15.000 científicos de todo el planeta lanzan una segunda advertencia para la humanidad,http://hsbnoticias.com/noticias/ciencia/15000-cientificos-de-todo-el-planeta-lanzan-una-segunda-adv-368605
6f294a61f03c926fbf4b5a3eda16f5479287874b824b7a7b44f079e85519fe57,2025-08-03 22:34:33.545422+00:00,es,eltiempo.com,eltiempo.com,2017-11-16,Los 10 datos científicos que debe saber sobre el cambio climático,http://www.eltiempo.com/vida/medio-ambiente/cosas-que-se-deben-saber-sobre-el-cambio-climatico-151928
d7c1a8a1e1e90f61451dfe6b7b09bed2ca8767de8f304a19b376ff0a0fd9d07d,2025-07-31 23:20:56.342259+00:00,es,infobae.com,infobae.com,2018-01-18,"La meteorología extrema y el cambio climático, al tope de los riesgos que amenazan al mundo en 2018",https://www.infobae.com/america/mundo/2018/01/18/la-meteorologia-extrema-y-el-cambio-climatico-al-tope-de-los-riesgos-que-amenazan-al-mundo-en-2018/
740d78bc4935666c568d07bd17e782a282e28ed908f1c9979bae84e3d672b60f,2025-07-31 20:30:30.202242+00:00,es,elpilon.com.co,elpilon.com.co,2018-01-20,Estamos protegiendo los páramos de Colombia,http://elpilon.com.co/estamos-protegiendo-los-paramos-colombia/
a74870f7d785fdb58bff904290a54874b7eeaf88a8215ba6fd907721a7053b8f,2025-07-30 22:47:01.414163+00:00,es,elespectador.com,elespectador.com,2018-02-05,Con miedo no da gusto recordar,https://www.elespectador.com/noticias/cultura/con-miedo-no-da-gusto-recordar-articulo-737374
8a819eba7e7bb23a1ed1f83c8bcd368f475bd464ba1383e3f5622d252f181d39,2025-07-30 05:18:20.416196+00:00,es,elcolombiano.com,elcolombiano.com,2018-02-19,"Cogollo, el boxeador que pelea por las plantas desde Medellín",http://www.elcolombiano.com/antioquia/cogollo-el-boxeador-que-pelea-por-las-plantas-desde-medellin-IY8212039
1d05b28466f2a7cd1df93b7a7051073d70d4b474fc131f5772553c86d464d674,2025-07-29 17:17:39.783592+00:00,es,extra.com.co,extra.com.co,2018-02-27,Preocupación por la sequía,http://caqueta.extra.com.co/noticias/judicial/preocupacion-por-la-sequia-394828
5c806c5af4aef65336f7ea07566db11a77a99791f2b4de064c3fe4ffcdb88060,2025-07-29 14:45:44.705901+00:00,es,eltiempo.com,eltiempo.com,2018-03-01,"44 especies de Norte de Santander, bajo amenaza por tráfico ilegal",http://www.eltiempo.com/colombia/otras-ciudades/44-especies-de-norte-de-santander-bajo-amenaza-por-trafico-ilegal-188222
0eec5310d3af33ca8e6261ac18fb0b46ef3f6e19408282d86f158670585ca8fc,2025-07-29 01:19:30.847351+00:00,es,elnuevosiglo.com.co,elnuevosiglo.com.co,2018-03-06,Nuevas tecnologías para luchar contra el tráfico de animales,http://elnuevosiglo.com.co/articulos/03-2018-nuevas-tecnologias-para-luchar-contra-el-trafico-de-animales
43c36b8be1843bef4446229e11750b3b255b74c3f05e25efdf1635ad370eb23e,2025-07-28 02:57:56.778283+00:00,es,razonpublica.com,razonpublica.com,2018-03-26,Derrame de petróleo en Barrancabermeja: una tragedia irreversible,https://razonpublica.com/index.php/econom-y-sociedad-temas-29/10989-derrame-de-petr%C3%B3leo-en-barrancabermeja-una-tragedia-irreversible.html
e810e3c5e187b2265ebcce75f26bbf0b04f6133c26366960f91630752fc0aaaf,2025-07-28 01:59:37.849723+00:00,es,eltiempo.com,eltiempo.com,2018-03-31,"La extinción de especies es un suicidio global, advierte experto",http://www.eltiempo.com/vida/medio-ambiente/biologo-gerardo-ceballos-habla-de-la-extincion-de-especies-199862
6bbd3af99d0b56ee31d11f584455676197c6ba71516b8362ffc0758eef8146b3,2025-07-27 08:25:12.099758+00:00,es,infobae.com,infobae.com,2018-04-22,Un doodle con un mensaje esperanzador por el Día de la Tierra,https://www.infobae.com/america/tecno/2018/04/22/un-doodle-con-un-mensaje-esperanzador-por-el-dia-de-la-tierra/
efd270d52d3a5b3452154d04a126e28d7bb0081665a85de0b8ca6cca5d9b4b60,2025-07-27 05:33:26.223609+00:00,es,elpilon.com.co,elpilon.com.co,2018-04-26,Rescatemos el planeta Tierra,http://elpilon.com.co/rescatemos-el-planeta-tierra/
b1ed264ab9a5ef816dd4ed8b22b7967d9a5cfc46aed238c6d00ea0e82fb57efd,2025-07-26 08:18:39.684754+00:00,es,minuto30.com,minuto30.com,2025-07-26,Del río Cauca a un hito mundial: La historia del Acuario EPM y la reproducción de una nueva especie de pez,https://www.minuto30.com/del-rio-cauca-a-un-hito-mundial-la-historia-del-acuario-epm-y-la-reproduccion-de-una-nueva-especie-de-pez/1672197/
76d5a4bbee790b87ee21b76300c401e8c0ce87fc99b2cd431a90eee19a10bb1a,2025-07-26 06:56:33.455031+00:00,es,infobae.com,infobae.com,2018-05-17,Oeconomicae et pecuniariae quaestiones: el documento completo del Vaticano sobre la economía mundial,https://www.infobae.com/economia/2018/05/17/oeconomicae-et-pecuniariae-quaestiones-el-documento-completo-del-vaticano-sobre-la-economia-mundial/
e79cc50ae8ab21319b8c74781e4ae933282e536bbd63157acfd8fd8ea7cf8e9a,2025-07-26 05:20:03.909184+00:00,es,diariodelhuila.com,diariodelhuila.com,2018-05-18,El derrame anunciado,https://diariodelhuila.com/el-derrame-anunciado
8bcb1c17bce9fe45f3b74e9e679cea2afa858be1f77f563084c16505058418f4,2025-07-26 05:19:56.662883+00:00,es,diariolalibertad.com,diariolalibertad.com,2025-07-25,Barranquilla fue escenario del primer encuentro regional del Sina,https://diariolalibertad.com/sitio/2025/07/25/barranquilla-fue-escenario-del-primer-encuentro-regional-del-sina/
d0e67af10144a5568fd94c2d61b808777e18d743d6060e07d7337805405029aa,2025-07-26 03:49:29.240739+00:00,es,periodicodebate.com,periodicodebate.com,2018-05-19,El derrame anunciado,http://periodicodebate.com/index.php/opinion/columnistas-nacionales/item/19126-el-derrame-anunciado
722fabb4a33def4780e612d51736113f387b6a52410f242c811f5f93125af0b2,2025-07-26 02:43:30.182422+00:00,es,elcolombiano.com,elcolombiano.com,2018-05-21,Paisas en busca de un nuevo antibiótico,http://www.elcolombiano.com/colombia/salud/paisas-en-busca-de-un-nuevo-antibiotico-BA8727289
96330b8ec232535376e8df4747661c53e59fbcfd52d05ddf13bc3529dbd50450,2025-07-26 02:31:19.022521+00:00,es,infobae.com,infobae.com,2018-05-21,Cocina peruana: delicias del único país de América Latina con más restaurantes entre los 50 mejores del mundo,https://www.infobae.com/turismo/2018/05/21/cocina-peruana-delicias-del-unico-pais-de-america-latina-con-mas-restaurantes-entre-los-50-mejores-del-mundo/
a6ec3815716326d366ddc34005ada568fae8e031e8233ed7164a08ed48ae94c7,2025-07-25 21:31:09.782192+00:00,es,bcnoticias.com.co,bcnoticias.com.co,2025-07-25,Ciudadanía se movilizará en defensa de la biodiversidad urbana de Manizales – BC Noticias,https://www.bcnoticias.com.co/ciudadania-se-movilizara-en-defensa-de-la-biodiversidad-urbana-de-manizales/
69050bd735a0eb791aa481a99e3c1e9937ccb3f241102152b7fe32de2b4f3cbc,2025-07-25 17:01:54.347263+00:00,es,confidencialcolombia.com,confidencialcolombia.com,2018-05-30,Santos advierte ante el Parlamento Europeo que la paz de Colombia es irreversible,http://confidencialcolombia.com/lo-mas-confidencial/santos-advierte-ante-el-parlamento-europeo-que-la-paz-de-colombia-es-irreversible/
2441555c85839d7024881f9de36622da31cc0f9d1ea4d3a8ec98829422cb976c,2025-07-25 16:52:03.726474+00:00,es,hoydiariodelmagdalena.com.co,hoydiariodelmagdalena.com.co,2018-05-31,Santos agradece apoyo a de la Unión Europea para atender a los venezolanos,http://www.hoydiariodelmagdalena.com.co/new/archivos/95845
4520bb5c2cd66bd48ac3d77d8231218b8024ea3cebfd1a73d22783f13193d0b1,2025-07-25 10:16:39.921999+00:00,es,elcolombiano.com,elcolombiano.com,2018-06-05,"Que lo que le pasó a este pato, no le pase a otras 98 especies en Colombia",http://www.elcolombiano.com/medio-ambiente/dia-mundial-del-medio-ambiente-unico-animal-extinto-en-colombia-MJ8812592
3b23f166fbc1750a0eb9ea6870f3887e1ab688a016a90997aa7569cbb264f232,2025-07-25 08:23:57.077126+00:00,es,occidente.co,occidente.co,2025-07-25,Perezoso rescatado de una bolsa de basura en Buenaventura,https://occidente.co/medio-ambiente/rescate-perezoso-bolsa-basura-buenaventura-cvc-denuncia-ciudadana/
f8e1e084130f3914906888b5e7191af34705a1a97438e1e0cd7ee1b45dd565e6,2025-07-25 07:59:46.134428+00:00,es,infobae.com,infobae.com,2018-06-07,Por qué ciertas ranas en peligro de extinción tienen la capacidad de volver a reproducirse,https://www.infobae.com/america/wapo/2018/06/07/por-que-ciertas-ranas-en-peligro-de-extincion-tienen-la-capacidad-de-volver-a-reproducirse/
53599bfe37d891da74439b5a4ea67ec3faa207d398280190aa2e123912fd9e6c,2025-07-25 06:19:08.748241+00:00,es,elnuevosiglo.com.co,elnuevosiglo.com.co,2025-07-24,Iván Duque firma como cofundador la Declaración de Georgetown,https://www.elnuevosiglo.com.co/politica/ivan-duque-firma-como-cofundador-la-declaracion-de-georgetown
878308d7a95e3bb6fb2a32493271fb7f655b6dbcbcfd41454253e7072b507425,2025-07-25 04:55:27.590924+00:00,es,infobae.com,infobae.com,2018-06-04,"Tras la muerte de Pelusa, ¿qué pasará con los zoológicos en la Argentina?",https://www.infobae.com/sociedad/2018/06/04/tras-la-muerte-de-pelusa-que-pasara-con-los-zoologicos-en-la-argentina/
dafac02a89be3bbecea04dcf7a76fb2d134a39633b727a9b0bcaacfb94d54259,2025-07-24 12:35:00.682752+00:00,es,eltiempo.com,eltiempo.com,2018-06-21,Cuestión de locos - Cambio climático - Columnistas - Opinión,http://www.eltiempo.com/opinion/columnistas/manuel-guzman-hennessey/cuestion-de-locos-cambio-climatico-233966
c55ca1fb8fb97c2eabe8c9c78f2f757be93ddea40ada627661d8e999dc21249a,2025-07-24 12:20:55.293956+00:00,es,elpais.com.co,elpais.com.co,2018-06-22,"¿Es saludable estar triste?, lo sorprenderá lo que dicen los expertos",http://www.elpais.com.co/familia/es-saludable-estar-triste-lo-sorprendera-lo-que-dicen-los-expertos.html
0eb293ccc76843d9228eea325ed1411d637f4493f27eff8d296636a11e535eab,2025-07-23 18:40:35.666354+00:00,es,las2orillas.co,las2orillas.co,2018-07-05,La paradoja del aguacate en el norte de Caldas,https://www.las2orillas.co/la-paradoja-del-aguacate-en-el-norte-de-caldas/
f0b0a1163d90eda0b118480095ebf3d546ccfa4cb19d29ac3c840e532b9e9c7a,2025-07-23 15:46:22.744572+00:00,es,infobae.com,infobae.com,2018-07-08,Salvamos uno de los arrecifes de coral gracias al esfuerzo humano,https://www.infobae.com/america/vice/2018/07/08/salvamos-uno-de-los-arrecifes-de-coral-gracias-al-esfuerzo-humano/
46e313ce216d3722e8fe1bb4e6996a4abda3f516da77a62413751d1a152c3c43,2025-07-22 20:13:23.363940+00:00,es,elcolombiano.com,elcolombiano.com,2018-07-24,El muro de Trump pone la vida silvestre en peligro,http://www.elcolombiano.com/medio-ambiente/el-muro-de-trump-entre-mexico-y-ee-uu-amenazaria-la-biodiversidad-dicen-cientificos-YB9047045
61bd44bc7fd2abedb5fbd0f40cd362120432582c6fc6b84420cfeff2cd8b168a,2025-07-22 20:00:27.520316+00:00,es,eltiempo.com,eltiempo.com,2018-07-24,Especies amenazas por construcción de muro entre EE. UU. y México,http://www.eltiempo.com/vida/medio-ambiente/especies-animales-en-peligro-por-muro-entre-mexico-y-ee-uu-247450
54f8baf66e7d9afea41d6169b0051a1063c3a22b394b5ec8a892c2f9916c4dbb,2025-07-22 14:43:16.919385+00:00,es,infobae.com,infobae.com,2018-07-29,"Los ejes centrales del documento de ministros de Agricultura del G20: cambio climático, libre comercio y cuidado de los suelos",https://www.infobae.com/campo/2018/07/29/los-ejes-centrales-del-documento-de-ministros-de-agricultura-del-g20-cambio-climatico-libre-comercio-y-cuidado-de-los-suelos/
dccdf1299b60aee290191c7dec83573c6b454f7b117e84db5cdb64957ffa710b,2025-07-22 12:59:56.198954+00:00,es,lapatilla.com,lapatilla.com,2018-07-30,Alianza entre Parlamento Amazónico y diputado Guzamana para defender las etnias del maltrato del régimen,https://www.lapatilla.com/2018/07/30/alianza-entre-parlamento-amazonico-y-diputado-guzamana-para-defender-las-etnias-del-maltrato-del-regimen/
9ca7134354ccaf3e1b48b38e7b69052f15beab1e4a1c83e8bd1d6ce42724cbb3,2025-07-22 07:17:11.502799+00:00,es,portafolio.co,portafolio.co,2025-07-21,¿Colombia tiene la mejor gastronomía de América Latina? Esto dice la IA,https://www.portafolio.co/tendencias/sociales/colombia-tiene-la-mejor-gastronomia-de-america-latina-esto-dice-la-ia-635865
fd70fa7cf54176a75d5fcd82f369774cce7cdb0a2bc0011f5d814ab240aa77e8,2025-07-20 19:48:22.683085+00:00,es,eltiempo.com,eltiempo.com,2018-08-31,'Colombia podría perder credibilidad internacional en medioambiente',https://www.eltiempo.com/vida/medio-ambiente/brigitte-baptiste-habla-sobre-deforestacion-fracking-y-recorte-al-presupuesto-ambiental-262934
a0331ed5d7a2d0a9e110be12cb18e6684e36423146b4d638b42e33b87ee407e0,2025-07-20 16:46:20.411448+00:00,es,eltiempo.com,eltiempo.com,2018-09-04,Artistas e intelectuales firman un manifiesto para “salvar el planeta”,https://www.eltiempo.com/vida/medio-ambiente/200-artistas-e-intelectuales-firman-un-manifiesto-para-salvar-el-planeta-264128
59c9ef6ed3beb08e8a63a36c5f201179d40f4a8e3f20e9edf3c8897858e3055e,2025-07-19 21:36:48.631311+00:00,es,lapatilla.com,lapatilla.com,2018-10-02,AN aprueba en primera discusión Ley de Creación y Protección de la Mega Reserva de agua dulce #2Oct,https://www.lapatilla.com/2018/10/02/an-aprueba-en-primera-discusion-ley-de-creacion-y-proteccion-de-la-mega-reserva-de-agua-dulce-2oct/
5cfd72b829ce199d0afa59c77e98771fbbbbe8c30cc6d3977f7ea99128c3e3c8,2025-07-19 19:20:42.825726+00:00,es,larepublica.co,larepublica.co,2025-07-19,China inicia controvertido proyecto de megapresa en Tíbet con inversión millonaria,https://www.larepublica.co/globoeconomia/china-inicia-controvertido-proyecto-de-megapresa-en-tibet-con-inversion-millonaria-4184567
2812d4fe1861208811aed3fe7a18c0fe54ddd6bf562218c10a682c8ee00653de,2025-07-19 13:05:16.865942+00:00,es,lapatilla.com,lapatilla.com,2018-10-07,Ramón Flores: La AN y el Parlamento Amazónico derogan Arco Minero del Orinoco,https://www.lapatilla.com/2018/10/07/ramon-flores-la-an-y-el-parlamento-amazonico-derogan-arco-minero-del-orinoco/
a9f56d3c7b9fee511ab2af7a7fc064373d1776efe5c3c5c3fc9c3978351063f7,2025-07-19 06:27:41.835632+00:00,es,elnuevosiglo.com.co,elnuevosiglo.com.co,2018-10-08,"Villavicencio, la puerta hacia tierras misteriosas",http://elnuevosiglo.com.co/articulos/10-2018-villavicencio-la-puerta-hacia-tierras-misteriosas
f0b22cf9bf7ef4853f2fa83c4cfa44d751ac474961c8835915609f7da02ae7d8,2025-07-18 10:23:26.512394+00:00,es,eltiempo.com,eltiempo.com,2018-10-29,"La Amazonia y sus tribus indígenas, en vilo con Bolsonaro en el poder",https://www.eltiempo.com/vida/medio-ambiente/la-amazonia-y-sus-tribus-indigenas-en-vilo-con-jair-bolsonaro-en-el-poder-287078
a1afda5573f7dca3e2c4c8e594d143d318c4930562c0b2d4363f7d4d049f45c0,2025-07-17 12:10:50.631866+00:00,es,lapatilla.com,lapatilla.com,2018-12-01,G20 establece acuerdo irreversible sobre cambio climático mientras EEUU se desmarca,https://www.lapatilla.com/2018/12/01/g20-establece-acuerdo-irreversible-sobre-cambio-climatico-mientras-eeuu-se-desmarca/
84c362e993216fe49183aaae094204ed03b0cbe0a28abe45a593af5607eb7560,2025-07-17 08:25:16.279204+00:00,es,elnuevosiglo.com.co,elnuevosiglo.com.co,2018-12-07,Billonarias pérdidas en el país por cambio climático,http://elnuevosiglo.com.co/articulos/12-2018-billonarias-perdidas-en-el-pais-por-cambio-climatico
2104386973bf11659a7e36e0879c1dc6b6c0be779c89ca06524dccd7ab4e4034,2025-07-16 22:46:23.427233+00:00,es,eltiempo.com,eltiempo.com,2018-12-05,Las negociaciones climáticas alcanzan un nuevo punto crítico,https://www.eltiempo.com/vida/medio-ambiente/cop24-las-negociaciones-climaticas-alcanzan-un-nuevo-punto-critico-301778
70a2acfdb2a2e5244af20c16d3e5e9030ef92ffdde45b05740553295f35d8738,2025-07-15 21:26:17.923412+00:00,es,eltiempo.com,eltiempo.com,2018-12-28,Medellín cuenta con hoja de ruta para cuidar su ecosistema,https://www.eltiempo.com/colombia/medellin/medellin-cuenta-con-hoja-de-ruta-para-cuidar-su-ecosistema-309444
d50c0917c53b418b8b58733a6e2acc547ed08e7468e9d85baa94e0c1391f8c0e,2025-07-14 00:19:36.004204+00:00,es,eltiempo.com,eltiempo.com,2017-06-12,"De fiesta y bajo la lluvia, se encendió el 16° Festival de la Imagen",http://www.eltiempo.com/colombia/otras-ciudades/primer-dia-del-16-festival-de-la-imagen-e-isea-2017-en-manizales-97990
8535b66d66267bf51ed79f0bc9f269852bac092ee06a35ee97431297d2ca6c1c,2025-07-14 00:19:01.462195+00:00,es,eltiempo.com,eltiempo.com,2017-08-25,Ambientalistas se oponen a luz verde al ‘fracking’ en el país,http://www.eltiempo.com/vida/medio-ambiente/ambientalistas-se-oponen-al-fracking-en-colombia-123888
29af2c636bc0f9056027cb0df9dfdc65ac8dcf1d156ee825ee7a8735a017ab03,2025-07-13 19:32:56.480406+00:00,es,eltiempo.com,eltiempo.com,2019-01-12,Construyendo país - Manuel Rodríguez Becerra - Columnistas - Opinión,https://www.eltiempo.com/opinion/columnistas/manuel-rodriguez-becerra/construyendo-pais-manuel-rodriguez-becerra-313894
9b05162266bae929706653fdefc20521505a8b9dd6cf14c9dd5a613bdfb0f418,2025-07-13 04:31:57.721761+00:00,es,elespectador.com,elespectador.com,2019-01-17,El plato del futuro para salvar el planeta,https://www.elespectador.com/noticias/salud/el-plato-del-futuro-para-salvar-el-planeta-articulo-834552
816f7ba321a887bb44f54f9bb68487d98c980011c4050ec76a6563f97cc94c6b,2025-07-11 11:45:42.022237+00:00,es,semana.com,semana.com,2019-04-16,Dos geoportales revelan los conflictos entre megaproyectos y ecosistemas estratégicos,https://sostenibilidad.semana.com/actualidad/articulo/dos-geoportales-revelan-los-conflictos-entre-megaproyectos-y-ecosistemas-estrategicos/43846
b5f2f8629868c0298ec57e4ffcc752042ac066b875a86f027a564f2ec13213e0,2025-07-11 01:34:56.674467+00:00,es,eltiempo.com,eltiempo.com,2019-04-25,'No hay posibilidad de afrontar el cambio climático sin los bosques',https://www.eltiempo.com/vida/medio-ambiente/la-importancia-de-los-bosques-para-afrontar-el-cambio-climatico-353538
85095a7a823a81da7a3187e388c1d81826769d4815b1d0e514e2da05039e224a,2025-07-10 04:09:25.132887+00:00,es,elcolombiano.com,elcolombiano.com,2019-01-07,"Reconstruir, casi desde las ruinas, un espacio para la biodiversidad",http://www.elcolombiano.com/antioquia/reconstruccion-de-la-casa-de-la-romera-en-sabaneta-HX9990108
0a57eb85b0dce45161ac8d960858933da2fd91c8cfbcbc035c00864391c7e0a6,2025-07-09 15:35:21.679531+00:00,es,revistametro.co,revistametro.co,2025-06-26,Crónica de la muerte inevitable de un ecosistema,https://revistametro.co/2025/07/cronica-de-la-muerte-inevitable-de-un-ecosistema/
60b5c321020b22ca7524828329daa852579c56d80e9a4bc763831535dbf8b4f1,2025-07-08 15:28:39.075201+00:00,es,semana.com,semana.com,2019-12-02,Acuerdo para recuperar la biodiversidad del Putumayo da sus primeros frutos,https://sostenibilidad.semana.com/medio-ambiente/articulo/acuerdo-para-recuperar-la-biodiversidad-del-putumayo-da-sus-primeros-frutos/42924
2042b67bfdc4b07009a27f5dfa6e53e96e8b33f8f038cee862776330967ad16d,2025-07-08 05:41:19.750735+00:00,es,elcolombiano.com,elcolombiano.com,2019-02-18,¿Se recuperará el río Cauca del bajón de su caudal?,https://www.elcolombiano.com/antioquia/se-recuperara-el-rio-cauca-del-bajon-de-su-caudal-por-hidroituango-HB10225222
3fd95e739e6d12e9967c0720138e88157a563a5f3c121bb1858e46a074d4e959,2025-07-07 22:18:21.072739+00:00,es,eltiempo.com,eltiempo.com,2019-02-20,Quito: una visita volcánica al corazón del patrimonio,https://www.eltiempo.com/vida/viajar/planes-para-hacer-el-quito-y-alrededores-cronica-de-viaje-329282
b63e1cab41ae6d4eb240efa31db9dc62cda2adfcbe5fbf82793cfd825b15d0c5,2025-07-06 21:57:29.458417+00:00,es,las2orillas.co,las2orillas.co,2019-03-13,Con Greta Thunber crece el tsunami contra el cambio climático,https://www.las2orillas.co/con-greta-thunber-crece-el-tsunami-contra-el-cambio-climatico/
855a29cc67869832d8d52cc9b8f30cc1b01a5ab35a3bf7220121a354c56dd6ef,2025-07-05 01:29:09.336368+00:00,es,pulzo.com,pulzo.com,2019-05-06,"Un millón de especies están amenazadas de extinción, y el ritmo se acelera",https://www.pulzo.com/mundo/millon-especies-estan-amenazadas-extincion-PP689997
46cfcd0da88384b9718e4a518627e6ab56a710111861e0397014bb7714df7498,2025-07-05 01:28:48.171552+00:00,es,eltiempo.com,eltiempo.com,2019-05-06,"Un millón de especies, en peligro de extinción en las próximas décadas",https://www.eltiempo.com/vida/medio-ambiente/presentan-el-mayor-informe-sobre-el-estado-actual-de-la-biodiversidad-en-el-mundo-357646
c6fcf1298610cb0f3f1bff4eb7675765e4606ba8e8f718bf4cec5f2f078b59e9,2025-07-05 01:26:53.339726+00:00,es,eltiempo.com,eltiempo.com,2019-05-06,Un millón de especies en peligro de extinción en las próximas décadas,https://www.eltiempo.com/vida/medio-ambiente/un-millon-de-especies-esta-en-peligro-de-extincion-segun-el-mayor-informe-sobre-biodiversidad-357646
e08f967e38a2fbbe849e63578d527c9d6511256e30fcea79d21309eac310afae,2025-07-05 01:22:34.022995+00:00,es,canal1.com.co,canal1.com.co,2019-05-06,Un millón de especies estarán en peligro de extinción en las próximas décadas,https://canal1.com.co/noticias/internacional/un-millon-de-especies-estaran-en-peligro-de-extincion-en-las-proximas-decadas/
cd15929cd4f6def49e49ecffc0cf7fe850a1c6ebea85a5c823d5365a63d3bcbe,2025-07-05 00:38:11.059458+00:00,es,eltiempo.com,eltiempo.com,2019-05-06,Un millón de especies están amenazadas de extinción,https://www.eltiempo.com/vida/medio-ambiente/informe-ipbes-un-millon-de-especies-estan-amenazadas-de-extincion-357960
6e9c356d99969186386cd9beb995539d154225cc5ef621bb690c64ffb6c60efa,2025-07-04 20:22:07.411624+00:00,es,las2orillas.co,las2orillas.co,2019-05-10,Se derriten los glaciares: estamos acabando con el mundo,https://www.las2orillas.co/se-derriten-los-glaciares-estamos-matando-el-mundo/
d465401e75f9b22c6bd865b31eb7ac45bdd200e5b0e2f41a53fa0518a9ce01f6,2025-07-04 17:46:05.200483+00:00,es,diariodelhuila.com,diariodelhuila.com,2019-05-13,La importancia de las Zamias,https://diariodelhuila.com/la-importancia-de-las-zamias
f95c2bedf56ed6934e107ce2a7148e4795ed09ec42d84b47f40d3e1760c184e1,2025-07-04 13:15:16.985116+00:00,es,revistadiners.com.co,revistadiners.com.co,2019-05-16,La colombiana que dirige uno de los organismos de biodiversidad más importantes del mundo,https://revistadiners.com.co/actualidad/67296_la-colombiana-que-dirige-uno-de-los-organismos-de-biodiversidad-mas-importantes-del-mundo/
8ae95238861f7f0b9256951a4158689dcb81b69c22ed053c4d59ef88a04c59da,2025-07-04 09:25:33.943576+00:00,es,laotracara.co,laotracara.co,2019-05-20,Lo que Colombia necesita es la Educación Ambiental,https://laotracara.co/recomendados/lo-que-colombia-necesita-es-la-educacion-ambiental/
537b969593577133940cba865ff463904b8a6583391ee49261dbfe0334e917b7,2025-07-04 08:26:00.552590+00:00,es,infobae.com,infobae.com,2019-05-21,Laguna de Bacalar está perdiendo sus siete colores a causa de la contaminación,https://www.infobae.com/america/the-new-york-times/2019/05/21/laguna-de-bacalar-esta-perdiendo-sus-siete-colores-a-causa-de-la-contaminacion/
6321be5631f35a464194204b7e4e3f19112fed390d57c310736164454b604a29,2025-07-03 15:24:04.240541+00:00,es,lapatria.com,lapatria.com,2019-06-05,Con tutela buscarán frenar fallo que permite minería a gran escala en Salento,http://www.lapatria.com/nacional/con-tutela-buscaran-frenar-fallo-que-permite-mineria-gran-escala-en-salento-438422
b1cae235acb9c1f7ca4ca9cec8757d990e3f8d831e8694872ceb7e559ceccb9d,2025-07-03 15:14:36.952890+00:00,es,hoydiariodelmagdalena.com.co,hoydiariodelmagdalena.com.co,2019-06-05,Con tutela buscarán frenar fallo que permite minería a gran escala en Salento,http://www.hoydiariodelmagdalena.com.co/archivos/245717
0dbda0c68719261215fdb4fe16838fe3b15b018a04b95b0ab7180f9d3d3031e6,2025-07-03 15:10:57.313270+00:00,es,elcolombiano.com,elcolombiano.com,2019-06-05,Con tutela buscan frenar minería a gran escala en Salento,https://www.elcolombiano.com/colombia/ante-el-consejo-de-estado-se-radicara-una-tutela-para-frenar-la-posibilidad-de-mineria-a-gran-escala-en-salento-PJ10918362
f90b6fa56dac36a94ea8bfad21b11f080865693384a04d7d71636bf061bbcc88,2025-07-03 14:19:06.414973+00:00,es,libretadeapuntes.com,libretadeapuntes.com,2019-06-05,Cómo liberar el cambio para salvar nuestros bosques,https://libretadeapuntes.com/2019/06/como-liberar-el-cambio-para-salvar-nuestros-bosques/
f0fa47f970ca7691fe84472e97f885e8d12ec8afa3a5fbbe7719c607443c967c,2025-07-03 10:26:26.562981+00:00,es,diariodelhuila.com,diariodelhuila.com,2019-06-07,¿Queremos más clientelismo y corrupción?,https://diariodelhuila.com/-queremos-mas-clientelismo-y-corrupcion-
82ab2bb01e0e382207d859deb90624c22447bbca9c4590660ed5b2795e8978c4,2025-07-03 04:56:12.015304+00:00,es,eltiempo.com,eltiempo.com,2019-06-10,Las actividades que fomentan la deforestación en toda la Amazonia,https://www.eltiempo.com/vida/medio-ambiente/las-actividades-que-fomentan-la-deforestacion-en-la-amazonia-373694
05064c83da7f881fd0286fb1dfe0a982cfcabba80554666bea427612e5aba910,2025-07-03 04:12:59.095188+00:00,es,libretadeapuntes.com,libretadeapuntes.com,2019-06-11,Cómo liberar el cambio transformativo para salvar nuestros bosques,https://libretadeapuntes.com/2019/06/como-liberar-el-cambio-transformativo-para-salvar-nuestros-bosques/
25434ae3983bf9dde5abac0f2f2bb8a3f30e4890ec686a73eebfc81af0d7b956,2025-07-02 09:38:03.334814+00:00,es,infobae.com,infobae.com,2019-06-25,"Cómo se vive el terror a un final inminente del planeta: qué es la colapsología y la ""depresión verde""",https://www.infobae.com/america/medio-ambiente/2019/06/25/como-se-vive-el-terror-a-un-final-inminente-del-planeta-que-es-la-colapsologia-y-la-depresion-verde/
d8c7628536d77ac9cbdb2d5f30bec055723984dc7dc61bf60b6c8a87e003b5d0,2025-07-02 08:53:30.348787+00:00,es,infobae.com,infobae.com,2019-06-25,Las principales víctimas del ecotráfico en México y cómo los cocodrilos y las tortugas pueden ayudar a salvarlas,https://www.infobae.com/america/mexico/2019/06/25/las-principales-victimas-del-ecotrafico-en-mexico-y-como-los-cocodrilos-y-las-tortugas-pueden-ayudar-a-salvarlas/
8a127a271403fa10c8ccb8ea010b3fd6c10788fd881e458b5fd4e87894ad89e7,2025-07-01 19:18:59.156983+00:00,es,lapatria.com,lapatria.com,2019-07-04,Quedan once años…,http://www.lapatria.com/opinion/columnas/alvaro-gartner/quedan-once-anos
dd9c953e080482ad7670009e1abafff7b83466613666143984efcc10d852b055,2025-07-01 09:52:47.754756+00:00,es,eltiempo.com,eltiempo.com,2019-07-11,Sí a la montaña - Columna de Salvo Basile - Columnistas - Opinión,https://www.eltiempo.com/opinion/columnistas/salvo-basile/si-a-la-montana-columna-de-salvo-basile-387336
f2754d07b8a94fae8fc233fa36ccdd549a839790e57c79e65e4d1216ec2423d5,2025-06-30 23:26:01.972301+00:00,es,lapatilla.com,lapatilla.com,2019-07-19,"Sardina, la proteína más barata en Venezuela amenazada con desaparecer",https://www.lapatilla.com/2019/07/19/sardina-la-proteina-mas-barata-en-venezuela-amenazada-con-desaparecer/
eefcb4ba797569b7ea636e7ae9544283ea7dbb795fcb57e5054a78c12d31ae8c,2025-06-29 19:08:25.493127+00:00,es,lapatria.com,lapatria.com,2019-05-06,Un millón de especies están en peligro de extinción,https://www.lapatria.com/medioambiente/un-millon-de-especies-estan-en-peligro-de-extincion-436611
dec86790cefd56b91362433242ee2cbf3c987315a5247db164ca8c42c7f8dec4,2025-06-29 08:45:52.082324+00:00,es,infobae.com,infobae.com,2019-08-19,El mensaje que Javier Bardem envió a la ONU exigiendo que protejan los océanos del colapso,https://www.infobae.com/america/entretenimiento/2019/08/19/el-mensaje-que-javier-bardem-envio-a-la-onu-exigiendo-que-protejan-los-oceanos-del-colapso/
6322253ef4775f48b94abfc95f1507849968dc9cfba42f67215b4ee4f5c9eaa6,2025-06-29 04:58:08.599363+00:00,es,lapatilla.com,lapatilla.com,2019-08-22,"Waldo Acebo Meireles: Cuba, una breve historia de los fracasos",https://www.lapatilla.com/2019/08/22/waldo-acebo-meireles-cuba-una-breve-historia-de-los-fracasos/
1f4851a8637f6d92363be7dfb6ac0a94b0bbe8a8f7027b5fa0ef9bf47054f7d9,2025-06-29 03:08:47.817257+00:00,es,contagioradio.com,contagioradio.com,2019-08-23,Incendios en Amazonía amenazan a 350 pueblos indígenas de Brasil y Bolivia,https://www.contagioradio.com/incendios-en-amazonia-amenazan-a-350-pueblos-indigenas-de-brasil-y-bolivia/
70a6ec8f7f986de2fe6a982f0d897e4df3d5244e71f3bf9c39dd151731980645,2025-06-29 02:55:42.212137+00:00,es,infobae.com,infobae.com,2019-08-24,"El plan de Jair Bolsonaro para ""pavimentar"" el Amazonas",https://www.infobae.com/america/america-latina/2019/08/24/el-plan-de-jair-bolsonaro-para-pavimentar-el-amazonas/
5c66bbeccd215f7d73e936ac49ccbc595b9fc16ec7d8a1ab29180999d3fd96a4,2025-06-28 23:14:21.491233+00:00,es,las2orillas.co,las2orillas.co,2019-08-27,La responsabilidad de los evangélicos en la destrucción de la Amazonía,https://www.las2orillas.co/la-responsabilidad-de-los-evangelicos-en-la-destruccion-de-la-amazonia/
27f58af84565368b76c538d8c5e0d10374ef624a3a1b919d53e63ba7795572a6,2025-06-28 22:32:21.746640+00:00,es,infobae.com,infobae.com,2019-08-28,¿Qué hacer para salvar nuestra vida en el planeta? la bióloga argentina más reconocida en el mundo responde esta pregunta,https://www.infobae.com/tendencias/2019/08/28/que-hacer-para-salvar-nuestra-vida-en-el-planeta-la-biologa-argentina-mas-reconocida-en-el-mundo-responde-esta-pregunta/
c7707155ec2fe928131c7bacd03ec4b2badf6ab175a75f7e8f578935345f13f7,2025-06-28 20:35:56.349026+00:00,es,infobae.com,infobae.com,2019-08-29,Cómo la negligencia de Jair Bolsonaro podría socavar la prometedora liberalización económica que intenta impulsar en Brasil,https://www.infobae.com/america/america-latina/2019/08/29/como-la-negligencia-de-jair-bolsonaro-podria-socavar-la-prometedora-liberalizacion-economica-que-intenta-impulsar-en-brasil/
2a0b04950c419f2f940b11c128feffb17bf52da61e07e8dbc1e2ee0676b9e061,2025-06-28 15:19:00.451766+00:00,es,occidente.co,occidente.co,2019-09-02,Cambio climático: factor clave para las extremas temperaturas en el Valle,https://occidente.co/regionales/valle-del-cauca/cambio-climatico-factor-clave-para-las-extremas-temperaturas-en-el-valle/
2d07f3207fe725ee562a8f0f24c27ae3d1b5f68772e3cfdcc3a69f17a166eec0,2025-06-28 12:46:05.032627+00:00,es,hoydiariodelmagdalena.com.co,hoydiariodelmagdalena.com.co,2019-09-04,“Potenciar el campo en Colombia debe ser nuestro viaje a la Luna”,http://www.hoydiariodelmagdalena.com.co/archivos/274307
e8f376128c4253ca87a9c4eef36b5ed1d95f102931ba91087b6fadd6c32b37d6,2025-06-28 12:11:05.094451+00:00,es,elcolombiano.com,elcolombiano.com,2019-09-04,“Potenciar el campo en Colombia debe ser nuestro viaje a la luna”: Orlando Ayala,https://www.elcolombiano.com/colombia/entrevista-a-orlando-ayala-ex-vice-presidente-de-microsoft-miembro-del-consejo-de-sabios-PA11551842
cbed6f2e0162da0208bb35ca32da0e4d0a7b74450d21b0539afe1228059e8e0d,2025-06-28 04:02:48.205195+00:00,es,lanacion.com.co,lanacion.com.co,2019-09-11,Polémica por ensayos para legalizar el pez basa,https://www.lanacion.com.co/2019/09/11/polemica-por-ensayos-para-legalizar-el-pez-basa/
cf139aaee1722a5815b4be62232ee18ee398d4be3cea2e99c49055f50c06bc4a,2025-06-28 02:31:48.287531+00:00,es,lanacion.com.co,lanacion.com.co,2019-09-12,Conflictos en Amazonía,https://www.lanacion.com.co/2019/09/12/conflictos-en-amazonia/
ed7ef37b1ae9c3ddcd42ac7497202a4485ede2a452d1ef9583e70444d805bb99,2025-06-27 12:05:16.760954+00:00,es,infobae.com,infobae.com,2019-09-22,"Alertan que no frenar la deforestación en el Amazonas sería ""un suicidio""",https://www.infobae.com/america/medio-ambiente/2019/09/22/alertan-que-no-frenar-la-deforestacion-en-el-amazonas-seria-un-suicidio/
fc0dfe04414805b18df0ba4fda84aa05a970c2dde45ff3d7587280a1aa484c8e,2025-06-27 11:04:34.053471+00:00,es,canal1.com.co,canal1.com.co,2019-09-23,Presidente Duque convoca una gran coalición mundial para afrontar el cambio climático,https://canal1.com.co/noticias/presidente-duque-convoca-una-gran-coalicion-mundial-para-afrontar-el-cambio-climatico/
b38951c035269fc80275e3a57b8ee06f0d0df07adf7d1e9a92753e7b80d66e88,2025-06-27 10:46:53.855288+00:00,es,eltiempo.com,eltiempo.com,2019-09-23,"La deforestación pone en riesgo a la Amazonia, alerta la ONU",https://www.eltiempo.com/vida/medio-ambiente/como-la-deforestacion-podria-acabar-con-la-amazonia-415440
c6d4141446593c2442d7c02af95a970f272897018ec0e585c2cd7a42ec8ccf12,2025-06-27 07:57:37.907873+00:00,es,eltiempo.com,eltiempo.com,2019-09-25,Dictadura venezolana es un eslabón más de cadena del terrorismo: Duque,https://www.eltiempo.com/politica/gobierno/ivan-duque-denuncia-a-nicolas-maduro-en-la-asamblea-de-la-onu-416262
c03fc6781e01d86b042d68080694b336b56d76c702453d728c06b57ffcfc956d,2025-06-27 06:30:24.274767+00:00,es,periodicodebate.com,periodicodebate.com,2019-09-26,Duque presenta dossier en ONU contra dictadura de Maduro,http://periodicodebate.com/index.php/nacion/politica/item/24031-cd-1312
19f80fcd7773aa9fd9f20e97526d79576f36ed1ef587e21b90b15a92f52921c5,2025-06-27 03:55:14.128086+00:00,es,periodicodebate.com,periodicodebate.com,2019-09-28,“Error histórico” dividir colombianos entre amigos y enemigos de paz: Duque,http://periodicodebate.com/index.php/nacion/politica/item/24054-cd-1313
4ab202ab690e34359875bfcf36ff9ab78813224672150e07204d1816e5d30d43,2025-06-27 01:25:47.792086+00:00,es,infobae.com,infobae.com,2019-09-30,Las 7 claves de desarrollo sustentable de la ONU para mejorar nuestro medio ambiente,https://www.infobae.com/tendencias/2019/09/30/las-7-claves-de-desarrollo-sustentable-de-la-onu-para-mejorar-nuestro-medio-ambiente/
3d007f46ee147dd4a3f4d70aadc362bf3d53bed62b3d4449619bbed60fec7069,2025-06-26 20:40:57.846201+00:00,es,eltiempo.com,eltiempo.com,2019-10-03,"Sínodo pide ocuparse de la Amazonía ""antes de que sea demasiado tarde""",https://www.eltiempo.com/vida/medio-ambiente/iglesia-catolica-propondra-soluciones-para-rescatar-la-amazonia-419248
8237036564171a37f85703b4629873e0d7dda45a13585e416b677f0ea16fe41d,2025-06-26 20:22:05.060992+00:00,es,eltiempo.com,eltiempo.com,2019-10-03,¿Hay que temerle a la gigante multinacional Monsanto?,https://www.eltiempo.com/colombia/otras-ciudades/criticas-a-monsanto-por-danos-al-medio-ambiente-y-a-los-seres-humanos-419474
82ebca1430c7002c959ae48c59b2f570901f1d63394beb39db717f57fc315167,2025-06-26 18:44:52.616702+00:00,es,periodicodebate.com,periodicodebate.com,2019-10-04,¿Pedofrastia o verdadera preocupación ecológica?,http://periodicodebate.com/index.php/opinion/columnistas-nacionales/item/24111-pedofrastia-o-verdadera-preocupacion-ecologica
5e787afacc514c04657f1a028b9d7a4ca3caecfb27753c79a92a3b14501bdea3,2025-06-25 12:47:05.805459+00:00,es,semanariovoz.com,semanariovoz.com,2019-10-28,Ecofeminismo para evitar la barbarie,http://semanariovoz.com/ecofeminismo-evitar-la-barbarie/
1ecb01533478dba12c08a55740ca0ab9bdee0bec52e14b2d808be2908dfe479c,2025-06-25 01:10:14.688992+00:00,es,caracol.com.co,caracol.com.co,2019-11-06,Francia y China piden inversiones millonarias ante el cambio climático,https://caracol.com.co/radio/2019/11/06/internacional/1573038606_875315.html#?ref=rss&format=simple&link=link
6f9e3d762afa1adaf6187573ef7a900165f669f9005dfaf38d42dd2211e34b3e,2025-06-23 18:56:15.903305+00:00,es,elcolombiano.com,elcolombiano.com,2019-11-29,Área Metropolitana: “Duplicamos las áreas urbanas protegidas”,https://www.elcolombiano.com/antioquia/area-metropolitana-duplicamos-las-areas-urbanas-protegidas-IG12051999
c54880a667dadd2e365966f62bbf4ff2e5cdb5c139a27c217ab47de044a597e7,2025-06-23 14:53:41.285130+00:00,es,lapatria.com,lapatria.com,2019-12-02,Ambición y unidad marcan la senda de la COP25,https://www.lapatria.com/nacional/ambicion-y-unidad-marcan-la-senda-de-la-cop25-449082
8a8563e017f1e24f3529d57afe1f6235481889b8778816fb058daa384b7b85c1,2025-06-23 11:03:58.042960+00:00,es,lapatilla.com,lapatilla.com,2019-12-05,El ecocidio del régimen de Nicolás Maduro en Venezuela,https://www.lapatilla.com/2019/12/05/el-ecocidio-del-regimen-de-nicolas-maduro-en-venezuela/
728657a276c60472f69056bf7326ecf93bba15e4d12ef2e98c79c3ef0c4fd0cf,2025-06-23 07:56:02.086027+00:00,es,lapatilla.com,lapatilla.com,2019-12-08,Julio César Arreaza B.: Hora de rectificar,https://www.lapatilla.com/2019/12/08/julio-cesar-arreaza-b-hora-de-rectificar/
72131c54e5bbfef63c8fc9ec03bc129d0d43511877c52d8c6cd6179d11f6be30,2025-06-23 04:18:10.819770+00:00,es,notiriosucio.com,notiriosucio.com,2025-06-22,"Inundaciones en Riosucio: El Río Atrato, el abandono del Estado y el sufrimiento del pueblo.",https://www.notiriosucio.com/2025/06/inundaciones-en-riosucio-el-rio-atrato-el-abandono-del-estado-y-el-sufrimiento-del-pueblo-2/
908d33476d5b419d353e5e74fc1c14a32189ba010c73b0d860ebd838a3813c62,2025-06-22 11:45:57.953595+00:00,es,lapatria.com,lapatria.com,2019-12-20,Decretan medida cautelar contra resolución del Minagricultura sobre el aleteo,https://www.lapatria.com/medioambiente/decretan-medida-cautelar-contra-resolucion-del-minagricultura-sobre-el-aleteo-450052
7db97440ab393f477a9221cf43ed026e2f786f15a58a0a5f9b6ebcc21d47de76,2025-06-22 10:25:28.172467+00:00,es,eltiempo.com,eltiempo.com,2025-06-21,El 84 % de los corales del mundo están blanqueados. ¿Aún se pueden salvar?,https://www.eltiempo.com/vida/medio-ambiente/el-84-de-los-corales-del-mundo-estan-blanqueados-aun-se-pueden-salvar-3465509
fbbf02a39094f817b52119f78c4e01554c530dc320eb412fab55d73b077ec79d,2025-06-12 12:34:15.761893+00:00,es,extra.com.co,extra.com.co,2025-06-12,Sostenibilidad en acción: 376.000 toneladas de CO₂ eliminadas en 2024,https://extra.com.co/sostenibilidad-en-accion-376-000-toneladas-de-co%E2%82%82-eliminadas-en-2024/
2214131046c69fb908963d66836a0af9d9b301f19ad0b715760679d71013c781,2025-06-12 08:25:59.814339+00:00,es,notiriosucio.com,notiriosucio.com,2025-06-12,"Inundaciones en Riosucio: El Río Atrato, el abandono del Estado y el sufrimiento del pueblo.",https://www.notiriosucio.com/2025/06/inundaciones-en-riosucio-el-rio-atrato-el-abandono-del-estado-y-el-sufrimiento-del-pueblo/
e83dded6f20cb5abb80d7c74d154d2d7352c85d696de23d5093e06785e004133,2025-06-10 22:28:21.993731+00:00,es,diariodelsur.com.co,diariodelsur.com.co,2025-06-10,Conmemoran el Día Mundial del Reciclaje en Ipiales,https://www.diariodelsur.com.co/conmemoran-el-dia-mundial-del-reciclaje-en-ipiales/
388d5e885ad398917cafacfd0900435eaf707bf33ebb552d58e803756d946546,2025-06-06 23:17:14.790241+00:00,es,eltiempo.com,eltiempo.com,2025-06-06,Así funcionan las guarderías de coral que buscan revivir el arrecife en San Andrés,https://www.eltiempo.com/colombia/otras-ciudades/guarderias-de-coral-en-san-andres-la-vida-resurge-bajo-el-mar-de-los-siete-colores-3460997
b8b9bd11cbd4d41af8d7a68bddd4aba0fcd51cfaa13d5e21a6f7739d840575ea,2025-06-05 16:33:59.991553+00:00,es,diariolalibertad.com,diariolalibertad.com,2025-06-05,Barranquilla se une al Día Mundial del Medioambiente con actividades educativas y culturales en parques y colegios,https://diariolalibertad.com/sitio/2025/06/05/barranquilla-se-une-al-dia-mundial-del-medioambiente-con-actividades-educativas-y-culturales-en-parques-y-colegios/
109398dc5f93bab2321bd2fe45c6f7ff0139125ab95ad77bc8efcc0ab1375b18,2025-06-04 17:30:27.865111+00:00,es,eltiempo.com,eltiempo.com,2025-06-04,Golpe a disidencias en Buenaventura: capturan a tres de sus presuntos integrantes e incautaron material de guerra,https://www.eltiempo.com/colombia/otras-ciudades/golpe-a-disidencias-en-buenaventura-capturan-a-tres-de-sus-presuntos-integrantes-e-incautaron-material-de-guerra-3460176
dc9c6f9c62d747da72e28a279df344815dfa6de2022332b02389e29974ea204e,2025-05-31 18:17:29.382144+00:00,es,eltiempo.com,eltiempo.com,2025-05-31,Semana del Gran Caribe: la hoja de ruta para unir a los países de la cuenca,https://www.eltiempo.com/politica/gobierno/semana-del-gran-caribe-la-hoja-de-ruta-para-unir-a-los-paises-de-la-cuenca-3459135
22acb1fc2bd855e8c5380d96dbec98470747ff96a46db6c25b09e7a401bebbcd,2025-05-31 05:20:44.719065+00:00,es,eltiempo.com,eltiempo.com,2025-05-30,¿Qué hacer con un hueco en el suelo?,https://www.eltiempo.com/opinion/columnistas/que-hacer-con-un-hueco-en-el-suelo-3459078
5f4dbed13e50c5dbfd3a72038ef2b25c11de110183944f677e117ababdbdc08c,2025-05-25 04:17:42.428223+00:00,es,eltiempo.com,eltiempo.com,2025-05-24,La riqueza enterrada,https://www.eltiempo.com/opinion/columnistas/la-riqueza-enterrada-3457081
1e0f69474411e68c382e0d6faad085cfbfb387c067735d607d8da9e95872c084,2025-05-21 11:19:52.886809+00:00,es,eltiempo.com,eltiempo.com,2025-05-21,"La historia de Cynthia Montaño, la cantante afrocolombiana que no busca la fama, sino la trascendencia",https://www.eltiempo.com/cultura/arte-y-teatro/la-historia-de-cynthia-montano-la-cantante-afrocolombiana-que-no-busca-la-fama-sino-la-trascendencia-3455594
e6770ef22eb0d3eebd6323fc89c78978173e4d5f627b5ddff944fc1e5579bd18,2025-05-20 23:20:42.442172+00:00,es,elnuevosiglo.com.co,elnuevosiglo.com.co,2025-05-20,¿Por qué se celebra el Día Mundial de las Abejas hoy 20 de mayo?,https://www.elnuevosiglo.com.co/ambiente-y-ciencia/por-que-se-celebra-el-dia-mundia-de-las-abejas-hoy-20-de-mayo
ee01589b7872341e13d9f85efe58b31fb30c886ec5377c47817e7d26a5e2b12a,2025-05-16 18:17:22.238524+00:00,es,areacucuta.com,areacucuta.com,2025-04-10,Ejército destruye refinería ilegal utilizada por narcotráfico en zona rural de Cúcuta,https://www.areacucuta.com/ubican-en-cucuta-refineria-ilegal-utilizada-para-produccion-de-droga-y-hurto-de-hidrocarburos/
4b00446779d98fd08b5ec986ebf741453cc3b78426befe04ac954fd6628e1c2f,2025-05-12 18:26:06.961859+00:00,es,opinioncaribe.com,opinioncaribe.com,2025-05-12,Peligro existencial,https://www.opinioncaribe.com/2025/05/12/peligro-existencial/
206c9a8989fecc4b0735f96631383a18a0c54d3280e13717f0d781e2660d31e0,2025-04-30 20:24:49.376405+00:00,es,las2orillas.co,las2orillas.co,2025-04-29,"Así es el Nevado de Santa Isabel, la magia de uno de los últimos glaciares de Colombia",https://www.las2orillas.co/asi-es-el-nevado-de-santa-isabel-la-magia-de-uno-de-los-ultimos-glaciares-de-colombia/
2daea53b86d861f9aa0f45a788225097b0dda9bdaff3ce3521417e07e6ad91d7,2025-04-28 09:17:35.865416+00:00,es,eldiario.com.co,eldiario.com.co,2025-04-28,¿Qué pasará con el Lago la Pradera?,https://www.eldiario.com.co/noticias/risaralda/dosquebradas/que-pasara-con-el-lago-la-pradera/
cd97dbf4dc0fc55cdaadf0d9d27a1549a762515f7a7b6a813c3b977a92df8b78,2025-04-24 22:22:32.910361+00:00,es,areacucuta.com,areacucuta.com,2025-04-10,Transformación ambiental global: el giro urgente hacia sociedades sostenibles,https://www.areacucuta.com/transformacion-ambiental-global-empresas-y-ciudadanos-se-alinean-hacia-un-futuro-regenerativo/
545b82d1113eceab1f525a04614055373ec58d52ada0dc77bd703c8a11997f26,2025-04-23 02:19:53.222979+00:00,es,elnuevosiglo.com.co,elnuevosiglo.com.co,2025-04-22,En Colombia sobreviven seis glaciares: hay cuenta regresiva,https://www.elnuevosiglo.com.co/ambiente-y-ciencia/en-colombia-sobreviven-seis-glaciares-hay-cuenta-regresiva
23e496702c4db8cfc4e7e52e6afb821376c01106b66041d00659b3f1d5a4faf2,2025-04-16 13:18:01.937459+00:00,es,hoydiariodelmagdalena.com.co,hoydiariodelmagdalena.com.co,2025-04-16,"´Semana Santa, unidos por la seguridad´",https://hoydiariodelmagdalena.com.co/archivos/1108366/semana-santa-unidos-por-la-seguridad/
333509968e6db0c6f60ce36749388f8c8b80a81d974f2108b3e9a52ca1c4762c,2025-04-14 11:34:08.769830+00:00,es,dontamalio.com,dontamalio.com,2025-04-14,Más de 3.000 policías acompañarán a los tolimenses durante la Semana Santa,https://dontamalio.com/mas-de-3-000-policias-acompanaran-a-los-tolimenses-durante-la-semana-santa-en-el-tolima/
0e8c883adfed874354be027d13ba48ea92b774aa2d95bf8e609fa3cde006f520,2025-04-13 15:19:52.924916+00:00,es,hoydiariodelmagdalena.com.co,hoydiariodelmagdalena.com.co,2025-04-13,La estrategia de seguridad de la Policía en la Semana Santa,https://hoydiariodelmagdalena.com.co/archivos/1107013/la-estrategia-de-seguridad-de-la-policia-en-la-semana-santa/
a222ed762c7a146fab57410ec403e57717c97cce8d838b3e5c460393fb1180b1,2025-04-10 22:17:11.941860+00:00,es,eltiempo.com,eltiempo.com,2025-04-10,'La ciencia no es un gasto; es una inversión en una Colombia que aspira a liderar y no solo seguir': Adriana Ocampo,https://www.eltiempo.com/vida/ciencia/la-ciencia-no-es-un-gasto-es-una-inversion-en-una-colombia-que-aspira-a-liderar-y-no-solo-seguir-adriana-ocampo-3443793
01636247eab2d5f0fcce9464f08dadb7754b15858759322697577590276c28a2,2025-04-09 21:41:22.303967+00:00,es,diariolalibertad.com,diariolalibertad.com,2025-04-09,¡l 95% de las iguanas que sufren la extracción de sus huevos no sobreviven!,https://diariolalibertad.com/sitio/2025/04/09/l-95-de-las-iguanas-que-sufren-la-extraccion-de-sus-huevos-no-sobreviven/
95fb8b2d12d46edce91100ee598aa5cc5ddba8f9071cc9f00fa8846a4992c177,2025-04-09 19:30:58.006847+00:00,es,eltiempo.com,eltiempo.com,2025-04-09,"En Colombia, la mala calidad del aire afecta más a las zonas donde viven personas de piel más oscura, según estudio",https://www.eltiempo.com/vida/ciencia/en-colombia-hay-peor-calidad-del-aire-en-lugares-donde-viven-personas-de-piel-mas-oscura-dice-estudio-de-uniandes-3441698
a58f06a31c71612a5fff0ebb50323c12733b989d2de44f55cf0062fcaf93463e,2025-04-02 03:21:28.368420+00:00,es,eltiempo.com,eltiempo.com,2025-04-01,"La Sierra, ‘el país de la nieves’ entre ancestralidad y aventura",https://www.eltiempo.com/vida/viajar/la-sierra-el-pais-de-la-nieves-entre-ancestralidad-y-aventura-3440632
8edbfdf89a8ba5e2397d35d70bf233120ca62ba78e66aaa671db53920d04c0dc,2025-03-29 20:21:24.644377+00:00,es,elpais.com,elpais.com,2025-03-29,Qué puede aprender Bogotá ante su crisis hídrica de la defensa del agua de los campesinos de Tasco,https://elpais.com/america-colombia/2025-03-29/que-puede-aprender-bogota-ante-su-crisis-hidrica-de-la-defensa-del-agua-de-los-campesinos-de-tasco.html
1c3fd351428d8a76465ee8e4f93f4d91360cbd0884c2c64daa0fa261d9632571,2025-03-29 10:23:59.588906+00:00,es,eje21.com.co,eje21.com.co,2025-03-29,La Ruta del Abasto como misión público-privada en Colombia.,https://www.eje21.com.co/2025/03/la-ruta-del-abasto-como-mision-publico-privada-en-colombia/
ba6c3c838f5925f7547e5d85c5fa41fedcb74ac6dcc3bd47dde508cb5de64ee9,2025-03-25 01:19:52.934711+00:00,es,eltiempo.com,eltiempo.com,2025-03-24,Agua para la agricultura: cultivemos su futuro,https://blogs.eltiempo.com/cultivandoalser/2025/03/24/agua-para-la-agricultura-cultivemos-su-futuro/
eac6a14ae850b2223ae6435a67eccea1a1d3028004c2d364299b9b641769c7fa,2025-03-23 02:22:53.637025+00:00,es,pulzo.com,pulzo.com,2025-03-22,¿Qué es La 'Hora del planeta'? Será este 22 de marzo y WWF hace llamado para cuidar el agua,https://www.pulzo.com/nacion/cuando-es-hora-planeta-2025-wwf-invita-destinar-hora-para-cuidado-agua-PP4400428
6ea830f71a20f829f51c72da6d3125200845a8a56dbf9dbb32282dd5788e989d,2025-03-22 07:20:35.248076+00:00,es,larepublica.co,larepublica.co,2025-03-22,Amenaza latente,https://www.larepublica.co/analisis/jose-david-name-cardozo-507206/amenaza-latente-4092543
0608b2053d266a9faabf9b3e755b235ae86855a4353a940d351bd59c470ea6ec,2025-03-21 05:17:17.924940+00:00,es,revistametro.co,revistametro.co,2025-03-19,"Crespo, un barrio asediado por las afectaciones medioambientales del Aeropuerto Rafael Núñez",https://revistametro.co/2025/03/crespo-un-barrio-asediado-por-las-afectaciones-medioambientales-del-aeropuerto-rafael-nunez/
b5363f7ca0839982dd78e85fe1561acc73eba6fcba1ceba4692128228f9a0471,2025-03-14 17:31:55.968884+00:00,es,eje21.com.co,eje21.com.co,2025-03-14,Retrasos en aprobación de proyectos afectan el desarrollo regional en Risaralda,https://www.eje21.com.co/2025/03/retrasos-en-aprobacion-de-proyectos-afectan-el-desarrollo-regional-en-risaralda/
7365ee7445edd92610dbef69aa4b6c57c408f62f9db00de608841e8836a1022e,2025-03-02 07:22:14.985113+00:00,es,eje21.com.co,eje21.com.co,2025-03-02,Una mirada a la nueva cocina caldense,https://www.eje21.com.co/2025/03/una-mirada-a-la-nueva-cocina-caldense/
ebe54ad39f3a74e679168f64907a8f26b377df6d4262215581fdb3af4c562098,2025-02-24 18:25:34.488235+00:00,es,extra.com.co,extra.com.co,2025-02-24,PIDEN SALVAR CEIBA HISTÓRICA,https://extra.com.co/piden-salvar-ceiba-historica/
79fb62d2606658d184a13eb5b849e2c06ae5e87fb80ea76c157fdc0f0ed8bfb0,2025-02-22 19:25:54.856703+00:00,es,portafolio.co,portafolio.co,2025-02-22,Minambiente abre consulta pública sobre reserva natural en el Suroeste Antioqueño,https://www.portafolio.co/economia/gobierno/minambiente-abre-consulta-publica-sobre-reserva-natural-en-el-suroeste-antioqueno-624439
e30c40005ecabd26424039281c5c343c9cc69e342bb66fbf617e998c568411d1,2025-02-19 23:21:22.047311+00:00,es,kienyke.com,kienyke.com,2025-02-19,"Santa Marta 500 años: historia, olvidos y los retos de una ciudad en transformación",https://www.kienyke.com/radar-k/santa-marta-500-anos-historia-olvidos-y-los-retos-de-una-ciudad-en-transformacion
868b47450cd3b829319b61b9468d684b1f0eafca2c29bb2967f5faf9238bf278,2025-02-15 01:21:20.401641+00:00,es,diariolalibertad.com,diariolalibertad.com,2025-02-14,Destrucción ambiental en la Sierra Nevada: Explosiones amenazan reserva natural,https://diariolalibertad.com/sitio/2025/02/14/destruccion-ambiental-en-la-sierra-nevada-explosiones-amenazan-reserva-natural/
0600ad0e6f4810ff8509266d1b255fe73c18840691e20fcf1b258f8451c309e3,2025-02-14 06:22:48.032109+00:00,es,eltiempo.com,eltiempo.com,2025-02-14,"Emergencia ambiental en Barú: aguas contaminadas, manglares en peligro y playas en riesgo",https://www.eltiempo.com/colombia/otras-ciudades/alerta-ambiental-en-baru-contaminacion-y-deterioro-en-la-cienaga-de-portonaito-y-playa-blanca-3426896
89b8be7b5a455bd502ab69786acac91696daf0cf24208e5be6c8a5677b2cffe2,2025-02-09 19:50:04.536093+00:00,es,elcolombiano.com,elcolombiano.com,2025-02-08,"Los peligros del pez basa, el silencioso invasor de los rÃ­os colombianos",https://www.elcolombiano.com/tendencias/pez-basa-invasor-rios-colombia-DH26563606
45e46f107c720863c9eeefc7787132575b383f4d8e8de75566726c11c016a582,2025-02-09 15:19:55.336056+00:00,es,eldiario.com.co,eldiario.com.co,2025-02-09,"Expedición UNISARC, U. Caldas y UTP",https://www.eldiario.com.co/seccion-d/pagina-verde/expedicion-unisarc-u-caldas-y-utp/
ea94f7da294fd272e6ff4fb90976ec84ba9855dcb3354c9d4738dd1a2347d236,2025-01-31 22:18:42.239640+00:00,es,diariodelhuila.com,diariodelhuila.com,2025-01-31,“La Acción Frente al Calentamiento Terrestre: Un Compromiso Urgente y Colectivo»,https://diariodelhuila.com/la-accion-frente-al-calentamiento-terrestre-un-compromiso-urgente-y-colectivo/
bbbd7a36b6a6fb8793f4229b285031029b0ba081c8504d20a7eeeb67ab0025dc,2025-01-29 10:30:41.032201+00:00,es,lalinternaazul2.wordpress.com,lalinternaazul2.wordpress.com,2025-01-29,"Estado débil, crimen fuerte",https://lalinternaazul2.wordpress.com/2025/01/29/estado-debil-crimen-fuerte/
1175b3d531ce4b0d2cf9bef88a518a320780f8eb97507be188107d9e3800ba00,2025-01-28 05:23:26.521107+00:00,es,eltiempo.com,eltiempo.com,2025-01-27,¿En riesgo latente el Valle de Cocora por convertirse en un lugar de diversiones? Expertos hablan de lo que sucede,https://www.eltiempo.com/colombia/otras-ciudades/el-valle-de-cocora-se-esta-convirtiendo-en-un-parque-de-diversiones-3421392
491436226bfd2d5858dbe64bdc58b848a5e36c92e683159684798c4dec3b46d6,2025-01-27 05:24:45.246022+00:00,es,larepublica.co,larepublica.co,2025-01-27,"Estado débil, crimen fuerte",https://www.larepublica.co/analisis/maria-claudia-lacouture-402341/estado-debil-crimen-fuerte-4045854
7334f284078dbcced2048adba075ed411090566ae1f24b80c1787087d094451f,2025-01-23 22:18:40.060041+00:00,es,extra.com.co,extra.com.co,2025-01-23,En Tumaco enfrentan el tráfico de fauna silvestre,https://extra.com.co/en-tumaco-enfrentan-el-trafico-de-fauna-silvestre/
61b531415c2e4c29091aa251da7780fdd9de2668d811845a43ce2caa109b4921,2025-01-23 13:38:44.362252+00:00,es,diariodelsur.com.co,diariodelsur.com.co,2025-01-23,Combaten el tráfico ilegal de fauna silvestre en Tumaco,https://www.diariodelsur.com.co/combaten-el-trafico-ilegal-de-fauna-silvestre-en-tumaco/
1855189053039e512a4ec6dc3aa9910a95267a5f192e75c7ff99d5206eafa9f8,2025-01-22 20:29:56.452070+00:00,es,lapatilla.com,lapatilla.com,2025-01-22,Denunciaron ecocidio en el Parque Nacional Morrocoy por la construcción de nuevos hoteles,https://www.lapatilla.com/2025/01/22/denunciaron-ecocidio-en-el-parque-nacional-morrocoy-por-la-construccion-de-nuevos-hoteles/
5c66abe9013cc2ee5bf6ad054eeeb225731cdcae78f460c13635906030449479,2025-01-19 00:23:09.651331+00:00,es,extra.com.co,extra.com.co,2025-01-18,INCENDIOS EN 27 MUNICIPIOS ALERTA ROJA,https://extra.com.co/incendios-en-27-municipios-alerta-roja/
fb0a0c213672d81d32da6f565f01d6f8d57bcfc532634d3b7cb1dc15f41ebc1d,2025-01-17 07:20:51.984183+00:00,es,larepublica.co,larepublica.co,2025-01-17,Riesgos globales 2025: América Latina ante la alerta del FEM,https://www.larepublica.co/analisis/fredy-vargas-lama-3186620/riesgos-globales-2025-america-latina-ante-la-alerta-del-fem-4038522
fc153308a23ccd3dea50b4ea670938be96464a068574b7eff5f3668ecec076ae,2025-01-14 08:20:51.519746+00:00,es,eltiempo.com,eltiempo.com,2025-01-13,"Lenguas indígenas, un tesoro nacional en peligro",https://www.eltiempo.com/colombia/otras-ciudades/lenguas-indigenas-un-tesoro-nacional-en-peligro-3417164
b9fb44b30cf3cb8dc001a75c9f216f7c81c68c82385a42a76615a4f395c46301,2025-01-14 03:23:04.399788+00:00,es,revistametro.co,revistametro.co,2025-01-13,Aportes a la idea de construir una isla artificial en la Bahía de Cartagena,https://revistametro.co/2025/01/aportes-a-la-idea-de-construir-una-isla-artificial-en-la-bahia-de-cartagena/
89c6b9f197fe9e4c3200aaf518f975f877d2ae5eb72a7dc4be1c221c6cedd972,2025-01-12 21:27:16.965747+00:00,es,eldiario.com.co,eldiario.com.co,2025-01-12,WWF y Humboldt lanzan guía de biodiversidad para salvar el futuro del país,https://www.eldiario.com.co/seccion-d/pagina-verde/wwf-y-humboldt-lanzan-guia-de-biodiversidad-para-salvar-el-futuro-del-pais/
a143234f246e5a1caaca32ebed9b12e49f8ffcb5a29da173832021fdf86447e2,2025-01-08 18:41:33.080286+00:00,es,rcnradio.com,rcnradio.com,2025-01-08,Proliferación del pez basa amenaza ecosistemas y especies nativas en Colombia,https://www.rcnradio.com/colombia/proliferacion-del-pez-basa-amenaza-ecosistemas-y-especies-nativas-en-colombia?amp
80e8be6c61f2ac19fc3ae3ff30b74952612aa432e1376aea52935eee05640562,2024-12-31 10:18:57.657160+00:00,es,eltiempo.com,eltiempo.com,2022-01-27,Empresas deben elegir ser sostenibles pronto para tener ventajas de mercado,https://www.eltiempo.com/vida/medio-ambiente/companias-que-eligen-ser-sostenibles-hoy-tienen-mas-ventajas-647797
157a97ef7cbd058ddde7e7ca95bad5820cce2e05b90c93d03ab5e5ebf67dd9e2,2024-12-31 10:18:57.034383+00:00,es,eltiempo.com,eltiempo.com,2022-01-27,Así trabajan Colombia y Países Bajos para hacer agricultura sostenible,https://www.eltiempo.com/vida/medio-ambiente/asi-trabajan-colombia-y-paises-bajos-para-hacer-agricultura-sostenible-647769
3d602c4dc6873ec6fb0ac728322bf50b1f2718c314066884e18075e0a34c9066,2024-12-30 22:36:59.242253+00:00,es,larepublica.co,larepublica.co,2022-02-01,Camino a Cero,https://www.larepublica.co/analisis/brigitte-baptiste-506149/camino-a-cero-3295244
87c86f720e29b39cc9cea3d5826837bf28ff742e06e516fa1e6ee8368a4d95d5,2024-12-29 22:49:11.324836+00:00,es,infobae.com,infobae.com,2022-02-07,Nuevos enfoques sobre el uso de la tierra para lograr la sostenibilidad,https://www.infobae.com/america/agencias/2022/02/07/nuevos-enfoques-sobre-el-uso-de-la-tierra-para-lograr-la-sostenibilidad/
3fe8022e91305105d0aba5477f06c267607ad4e0a2b3d4a3919c631caa21b8cb,2024-12-29 22:18:24.734674+00:00,es,eltiempo.com,eltiempo.com,2022-02-07,Conozca los museos ocultos de Bogotá y sus curiosidades,https://www.eltiempo.com/bogota/museos-de-bogota-museos-ocultos-y-sus-curiosidades-650024
546c0ee3a4738cc4e0c6c35b8542cd6beb168670d339a396fb53dd3515be8e4d,2024-12-29 21:27:51.623279+00:00,es,eltiempo.com,eltiempo.com,2022-02-07,La contaminación por plásticos en el océano se cuadruplicará para el 2050,https://www.eltiempo.com/vida/medio-ambiente/informe-sobre-contaminacion-por-plastico-en-los-oceanos-650116
99d5d3e99b02f2a0ed22a595b85e598fa66cefbe21f405ba43bfffa435a6706c,2024-12-29 06:27:09.185981+00:00,es,infobae.com,infobae.com,2022-02-11,Previsiones generales de la AFP de las 21H00 GMT,https://www.infobae.com/america/agencias/2022/02/11/previsiones-generales-de-la-afp-de-las-21h00-gmt/
3ede1fd9350188d5be98a66c0bf3b2dbdf34696be21d72ba077ff9903c81f662,2024-12-29 06:04:23.940898+00:00,es,pulzo.com,pulzo.com,2022-02-11,Sacrifican a más de 130 mil gallinas en España por brote de gripe aviar,https://www.pulzo.com/mundo/gripe-aviar-sacrifican-mas-130-mil-gallinas-espana-brote-virus--PP1195610
b0e72b3a722f51c8df87cdfdc80f3ffc62e42e5a2c1ac13258ef6f56e5bb75c8,2024-12-29 05:34:31.253688+00:00,es,infobae.com,infobae.com,2022-02-12,Previsiones generales de la AFP de las 02H00 GMT,https://www.infobae.com/america/agencias/2022/02/12/previsiones-generales-de-la-afp-de-las-02h00-gmt/
2982b5c45cb6bc589def32c3354978a240b4d24af67695147391c81e4be76bc6,2024-12-29 04:15:15.503184+00:00,es,razonpublica.com,razonpublica.com,2022-02-13,¿Qué debemos hacer con los hipopótamos invasores en Colombia?,https://razonpublica.com/debemos-los-hipopotamos-invasores-colombia/
b436d7a100a0d58484eabe48bd31c3fc6f82d1f80399d0efa829e5708505431f,2024-12-27 21:25:55.974587+00:00,es,larepublica.co,larepublica.co,2024-12-27,China planea construir una presa cerca de la India que sería la más grande del mundo,https://www.larepublica.co/globoeconomia/china-planea-construir-una-presa-cerca-de-la-india-que-seria-la-mas-grande-del-mundo-4029271
6eb7d446c2ae88f823a5d7e968cdfbd9118aecfcbb385f10f99d7fd2d7f96602,2024-12-27 21:10:32.623907+00:00,es,infobae.com,infobae.com,2022-02-23,"Miércoles, 23 de febrero de 2022 (08.00 GMT)",https://www.infobae.com/america/agencias/2022/02/23/miercoles-23-de-febrero-de-2022-0800-gmt/
dbf2425673b1ebc4ade33c59c219d142534e20ff34760a2be46d26424690eea4,2024-12-27 20:08:29.809787+00:00,es,infobae.com,infobae.com,2022-02-23,Agenda informativa América audiovisual para el 23 de febrero de 2022,https://www.infobae.com/america/agencias/2022/02/23/agenda-informativa-america-audiovisual-para-el-23-de-febrero-de-2022/
bd4d8746d09bdd54fe5836c1a369ff1756002baf7fe5a1d305e6b78250feee9e,2024-12-27 19:23:23.707132+00:00,es,infobae.com,infobae.com,2022-02-23,"Miércoles, 23 de febrero de 2022 (20.00 GMT)",https://www.infobae.com/america/agencias/2022/02/23/miercoles-23-de-febrero-de-2022-2000-gmt-2/
b0d214cb5d79c2c080742c5afcd1fd19a40699050070a4363a4e94544db0befb,2024-12-26 22:32:19.479922+00:00,es,eltiempo.com,eltiempo.com,2022-03-01,Piden cumplir suspensión de construcción en Cerro Hurtado (Valledupar),https://www.eltiempo.com/colombia/otras-ciudades/piden-cumplir-suspension-de-construccion-en-cerro-hurtado-valledupar-655187
59447354b6e88c40bf65e6e4f71c0caee2c1e55e2b3732d15a66f5b23574aa3e,2024-12-26 05:39:35.221770+00:00,es,infobae.com,infobae.com,2022-03-07,El IICA advierte fortalecer el sistema agroalimentario para la recuperación económica,https://www.infobae.com/america/agencias/2022/03/07/el-iica-advierte-fortalecer-el-sistema-agroalimentario-para-la-recuperacion-economica/
f0f4c10f905d63281470eb95ea7615299f6f037050dcdf1d9110c2ad70bbd0c0,2024-12-25 20:54:34.697056+00:00,es,infobae.com,infobae.com,2022-03-09,Por qué las flores que crecen en la Antártida son la última señal de una catástrofe ambiental,https://www.infobae.com/america/medio-ambiente/2022/03/09/por-que-las-flores-que-crecen-en-la-antartida-son-la-ultima-senal-de-una-catastrofe-ambiental/
44d2ea97efe8c1d3f18b075dcac0570f3edd5b61db894e4df223419fd811d44c,2024-12-24 01:39:57.046593+00:00,es,confidencialcolombia.com,confidencialcolombia.com,2022-03-20,Juez ampara zonas forestales y Estado de derecho,https://confidencialcolombia.com/opinion/juez-ampara-zonas-forestales-y-estado-de-derecho/2022/03/19/
46f59d39f3c1c9d09c1b2965470ef08a1fd450881d9ec838a9e165532110c454,2024-12-23 23:18:32.158077+00:00,es,infobae.com,infobae.com,2022-03-20,"Después de dos meses, el Gobierno informó que están controlados los últimos focos de incendio en Corrientes",https://www.infobae.com/sociedad/2022/03/20/despues-de-dos-meses-el-gobierno-informo-que-estan-controlados-los-ultimos-focos-de-incendio-en-corrientes/
f5b755cdfd9abe981b67cd857263a948bc8f53ba9262463df6f420b766aa3cb6,2024-12-23 12:25:48.128020+00:00,es,lapatilla.com,lapatilla.com,2024-12-23,"In memoriam: Cecilia Montemayor de Blohm, por Vicente Carrillo-Batalla",https://www.lapatilla.com/2024/12/23/in-memoriam-cecilia-montemayor-de-blohm-por-vicente-carrillo-batalla/
dd322e780b53036911ce488bf5766aabb19ae7ba3aa235b796eec595cd9032cd,2024-12-23 08:25:42.022768+00:00,es,larepublica.co,larepublica.co,2024-12-23,De esta manera el tejido empresarial de Perú lucha contra la pérdida de ecosistemas,https://www.larepublica.co/especiales/anuario-ripe-2024/empresarios-luchan-contra-la-perdida-de-ecosistemas-4026265
5b7f71e59c4706074bad9fce62d6a83af1b2e2099e4ab199f76a9c8a6b57ab4f,2024-12-23 06:21:21.979748+00:00,es,lapatilla.com,lapatilla.com,2022-03-23,"Cambio climático: expertos pronostican un futuro ""espantoso""",https://www.lapatilla.com/2022/03/23/cambio-climatico-expertos-pronostican-un-futuro-espantoso/
a118a9865b7d9abc7b281e44707000b7d0feb7e86389dbeea5187da9cb60a8ec,2024-12-22 10:10:07.901652+00:00,es,eltiempo.com,eltiempo.com,2022-03-26,‘Cada año se deforesta en Colombia un territorio del tamaño de Bogotá’,https://www.eltiempo.com/justicia/delitos/cuanto-se-desforesta-en-colombia-cada-ano-661117
ede3da5a5d80cbf41e8f9d9c8a8a3b0cfc6eeb02e9b7e34787acdefa94a85492,2024-12-22 08:46:21.830188+00:00,es,lapatilla.com,lapatilla.com,2022-03-27,"La disputa por el Esequibo y los escenarios posibles: Una mirada desde Venezuela, por Héctor Faúndez Ledesma",https://www.lapatilla.com/2022/03/27/la-disputa-por-el-esequibo-y-los-escenarios-posibles-una-mirada-desde-venezuela-por-hector-faundez-ledesma/
bd1c9b5fe2898c8c4ddd2091915aeefafd17df30c0f68045ccc8d9473c67fd34,2024-12-22 03:49:28.182985+00:00,es,elpaisvallenato.com,elpaisvallenato.com,2022-03-27,La Contraloría General de la Nación señaló que la deforestación en el país es “una masacre ambiental”,https://www.elpaisvallenato.com/2022/03/27/la-contraloria-general-de-la-nacion-senalo-que-la-deforestacion-en-el-pais-es-una-masacre-ambiental/
dc468ca73bbabafb008e9b96b6a418963637d9046236d9277ccaec0073744832,2024-12-21 22:02:44.848771+00:00,es,eltiempo.com,eltiempo.com,2022-03-28,"Destrucción de la naturaleza amenaza la estabilidad económica, dice informe",https://www.eltiempo.com/vida/medio-ambiente/destruccion-de-la-naturaleza-amenaza-la-estabilidad-economica-dice-informe-661539
943cc7d9b1243d4b99483a0438753b8a99cf25253366a13d23b061129f45bbc4,2024-12-21 22:02:44.735150+00:00,es,eltiempo.com,eltiempo.com,2022-03-28,"El reto de lograr un acuerdo mundial para salvar la naturaleza, y aplicarlo",https://www.eltiempo.com/vida/medio-ambiente/el-reto-de-lograr-un-acuerdo-mundial-para-salvar-la-naturaleza-y-aplicarlo-661537
0ac0e5c498156de447d1ec05c0e6cf85f6ec4271e861353c87032b3d5a2a4050,2024-12-20 20:30:25.905657+00:00,es,infobae.com,infobae.com,2022-03-30,La Procuraduría convoca mesa nacional para combatir la deforestación en la Amazonía,https://www.infobae.com/america/colombia/2022/03/30/la-procuraduria-convoca-mesa-nacional-para-combatir-la-deforestacion-en-la-amazonia/
35c61556620aff1aa274280a35240d48d46eff343f573fd812d641de5a5ef588,2024-12-20 14:27:33.143330+00:00,es,diarioadn.co,diarioadn.co,2022-03-28,"Doble reto: lograr un acuerdo mundial para proteger la naturaleza, y aplicarlo",https://www.diarioadn.co/noticias/doble-reto-lograr-un-acuerdo-mundial-para-proteger-la-naturaleza-y-aplicarlo+articulo+54674
24e9b52672cc971fccd680f537905261ef7d05e9da272806ed93fe2978e455e9,2024-12-18 07:10:26.598368+00:00,es,revistadiners.com.co,revistadiners.com.co,2022-04-07,Hongos: un reino sorprendente por descubrir en Colombia,https://revistadiners.com.co/tendencias/101824_hongos-un-reino-sorprendente-por-descubrir-en-colombia/
fc72e1f88907f9cca68b9da4230229a0f1bb56895d5e61e894e1989a6f4a955b,2024-12-17 05:28:49.624912+00:00,es,confidencialcolombia.com,confidencialcolombia.com,2022-04-11,Una nueva oportunidad para Tinigua,https://confidencialcolombia.com/opinion/una-nueva-oportunidad-para-tinigua/2022/04/11/
6e8302286bf55b229aeee719ac67164103e11dcb5eceb1cce5098d3e51eea969,2024-12-17 02:37:08.111796+00:00,es,las2orillas.co,las2orillas.co,2022-04-11,Lxs nadies y el Sermón de la Montaña,https://www.las2orillas.co/lxs-nadies-y-el-sermon-de-la-montana/
0fbedcbdf717862e373576766d931f5722a5268336bdf81036d6bda2f6e0fd0f,2024-12-16 21:01:47.245624+00:00,es,eltiempo.com,eltiempo.com,2022-04-12,El papel del continente americano ante la crisis alimentaria mundial,https://www.eltiempo.com/economia/sectores/el-papel-del-continente-americano-ante-la-crisis-alimentaria-mundial-664847
69099f33d8252e1bb0f1312811b10cdea3742e4093980263c60a5d1efb961e30,2024-12-14 10:52:01.567563+00:00,es,revistadiners.com.co,revistadiners.com.co,2022-04-26,"Filandia, Quindío: un viaje por la tierra del encanto colombiano",https://revistadiners.com.co/viajes/75736_filandia-quindio-tierra-encanto-colombiano/
d47f3935bb72a76832ce8d9f829868d53a39f7cb1a109acf9235ed5b23355301,2024-12-13 21:26:54.353211+00:00,es,lafm.com.co,lafm.com.co,2024-12-13,Calentamiento global amenaza el futuro de Colombia: sequías extremas y pérdida de biodiversidad,https://www.lafm.com.co/medio-ambiente/calentamiento-global-amenaza-el-futuro-de-colombia-sequias-extremas-y-perdida-de
a6a5835d925383103de97103be78bc73c684170c3bce3641190d20597c4f8388,2024-12-13 21:21:52.027848+00:00,es,rcnradio.com,rcnradio.com,2024-12-13,Colombia enfrenta un futuro crítico por cambio climático: Sequías extremas y pérdida de biodiversidad,https://www.rcnradio.com/colombia/colombia-enfrenta-un-futuro-critico-por-cambio-climatico-sequias-extremas-y-perdida-de-biodiversidad
b74cd385f489d5662dfc116ddd99549e7af9eed6ec5c76f06cacf1170c35eab7,2024-12-13 17:26:10.331892+00:00,es,canaltropical.co,canaltropical.co,2024-12-13,Ideam hace advertencia sobre aumento de temperatura en Colombia para 2025,https://canaltropical.co/?p=122258
621de47793a763f2116c0c64e485c33daa8fbc1bd544a7483ae7e462f8c1cbd0,2024-12-04 18:33:08.180877+00:00,es,extra.com.co,extra.com.co,2024-12-04,Aumento de riesgos para la fauna silvestre en temporada navideña,https://extra.com.co/aumento-de-riesgos-para-la-fauna-silvestre-en-temporada-navidena/
9e1d51129b15d7b457f70d91308e78178ec04cb465d756d3e62e66da824a8ebc,2024-12-02 17:24:20.441141+00:00,es,eltiempo.com,eltiempo.com,2020-01-04,"‘Si nos ayudan, haremos grandes nuestras empresas’",https://www.eltiempo.com/politica/proceso-de-paz/excombatientes-de-las-farc-le-apuestan-a-la-paz-cultivando-cafe-448994
6ebd3dbc62704469fdcc6ee2c973f8d7cbaa072b5c712fea3d679158c366aa21,2024-12-01 16:53:46.339062+00:00,es,infobae.com,infobae.com,2020-01-14,El Mar Menor lleva décadas enfermo,https://www.infobae.com/america/medio-ambiente/2020/01/14/el-mar-menor-lleva-decadas-enfermo/
6b131cce124a24adeb635a083933785039c7ecba2f7e8b2f2decdcd94312fa9b,2024-12-01 14:59:58.369994+00:00,es,infobae.com,infobae.com,2020-01-15,"Los líderes se preparan para un Davos ""verde"" entre temores por el planeta",https://www.infobae.com/america/agencias/2020/01/15/los-lideres-se-preparan-para-un-davos-verde-entre-temores-por-el-planeta/
e9eb408dc8cc09cf491067612bc0eb52f69c7b4f0ad09d6334c3f78d3d66d35b,2024-12-01 14:09:26.792042+00:00,es,larepublica.co,larepublica.co,2020-01-15,"Los líderes se preparan para un Davos ""verde"" entre temores por el planeta",https://www.larepublica.co/globoeconomia/los-lideres-se-preparan-para-un-davos-verde-entre-temores-por-el-planeta-2952137
6f4296f6a3de5d56d43fe0bb8dec0b865f8b71be56a2ae1915446efb6ddebbbc,2024-12-01 07:39:05.999648+00:00,es,pulzo.com,pulzo.com,2020-01-17,2030,https://www.pulzo.com/opinion/gobiernos-se-comprometieron-conservacion-ambiental-no-estan-haciendo-PP830533
176ab8fea334c8885b68521e4f0378cd01d64103944b72afb6020efa6c90028c,2024-12-01 06:41:50.606104+00:00,es,infobae.com,infobae.com,2020-01-18,La inevitable agonía de los glaciares de los Pirineos,https://www.infobae.com/america/agencias/2020/01/18/la-inevitable-agonia-de-los-glaciares-de-los-pirineos/
e751cbe41f0b0e19cd13475889372a9d0657a5a8ce88e5a0bd25e315cf1972c1,2024-12-01 05:30:56.957011+00:00,es,diariodelsur.com.co,diariodelsur.com.co,2020-01-19,Preocupa posible caza de osos en El Encano,https://diariodelsur.com.co/noticias/local/preocupa-posible-caza-de-osos-en-el-encano-585480
2617e3704f023e1252a2b9777afd95ea297aff8d65073d05716bf0245355311d,2024-12-01 00:15:42.735215+00:00,es,infobae.com,infobae.com,2020-01-21,Trump y Thunberg copan la atención en el foro de Davos,https://www.infobae.com/america/agencias/2020/01/21/trump-y-thunberg-copan-la-atencion-en-el-foro-de-davos/
aba5a532957bb17d17c134ed05e449996a0babfb6946b13aa94c1b3e343e5ca5,2024-11-30 23:54:25.393552+00:00,es,infobae.com,infobae.com,2020-01-21,Thunberg denuncia la inacción climática en Davos antes de la llegada de Trump,https://www.infobae.com/america/agencias/2020/01/21/thunberg-denuncia-la-inaccion-climatica-en-davos-antes-de-la-llegada-de-trump/
1e1bdc7e691d270f9941dc9041a146e58216189171dd7e9a9162d0f8a4f95032,2024-11-30 23:42:50.668856+00:00,es,infobae.com,infobae.com,2020-01-21,"Greta Thunberg denunció la inacción ante la crisis climática en el Foro de Davos, donde también asiste Donald Trump: “No se ha hecho nada”",https://www.infobae.com/america/mundo/2020/01/21/greta-thunberg-denuncio-la-inaccion-ante-la-crisis-climatica-en-el-foro-de-davos-donde-tambien-asiste-donald-trump-no-se-ha-hecho-nada/
993b69d9943f333c225f29dce16b933659d356140f61bd49cd048a635c9a0bda,2024-11-30 23:20:19.092016+00:00,es,infobae.com,infobae.com,2020-01-21,"Trump denuncia en Davos el ""catastrofismo"" climático y Thunberg advierte que ""no se ha hecho nada""",https://www.infobae.com/america/agencias/2020/01/21/trump-denuncia-en-davos-el-catastrofismo-climatico-y-thunberg-advierte-que-no-se-ha-hecho-nada/
76e5962ea9f4ca2d9bae1878c15d5da1cd5fa6e216d31d0b8b0fdd0a9597b3c4,2024-11-29 09:10:25.336934+00:00,es,infobae.com,infobae.com,2020-02-03,Pequeños hábitos con grandes impactos: qué hacer para cuidar el medio ambiente,https://www.infobae.com/tendencias/2020/02/03/pequenos-habitos-con-grandes-impactos-que-hacer-para-cuidar-el-medio-ambiente/
2626231db5315d0e87fbb0a67dfe8f189409be97c21f6ce80ac895652d064850,2024-11-28 16:19:59.501994+00:00,es,hsbnoticias.com,hsbnoticias.com,2024-11-28,Así quedaron las posiciones de los goleadores históricos del FPC,https://www.hsbnoticias.com/asi-quedaron-las-posiciones-de-los-goleadores-historicos-del-fpc/
d8f78c2d282fbdd42e65ce8eff974f76eb134b74cce5dde71bf593f2e7558c08,2024-11-28 16:19:00.678701+00:00,es,hsbnoticias.com,hsbnoticias.com,2024-11-28,"Así asesinaron al hijo del General de la Policía, William Rincón",https://www.hsbnoticias.com/asi-asesinaron-al-hijo-del-general-de-la-policia-william-rincon/
d6e4a38ac428289d7dd7651a077c6296114c6175c4177ce9cc97f99d5d717627,2024-11-27 21:32:39.880522+00:00,es,eltiempo.com,eltiempo.com,2020-02-16,¿Otra arca de Noé? - Columna de Leopoldo Villar Borda - Columnistas - Opinión,https://www.eltiempo.com/opinion/columnistas/leopoldo-villar-borda/otra-arca-de-noe-columna-de-leopoldo-villar-borda-462604
0210caa3ba713b5a6dd250719995ddb00eb68051a7ee49b5d7735f2e4cf47e8f,2024-11-27 15:03:21.001788+00:00,es,elcolombiano.com,elcolombiano.com,2020-02-18,Antioquia se declarará en emergencia climática: ¿qué significa?,https://www.elcolombiano.com/antioquia/antioquia-declara-estado-de-emergencia-climatica-FP12482412
65f40ad157725e59535984bf2c3e4e8de5ccaff7e35deb1a8376ceb18c1dd705,2024-11-27 12:40:03.557838+00:00,es,extra.com.co,extra.com.co,2024-11-27,Crueldad humana pone en peligro a tití cabeciblanco en Santander,https://extra.com.co/crueldad-humana-pone-en-peligro-a-titi-cabeciblanco-en-santander/
f3f0f20cc11156334fe6df8f62dade041951f4907323b6a352231a0b39dd2d41,2024-11-27 09:01:08.002230+00:00,es,elcolombiano.com,elcolombiano.com,2020-02-20,“Al debate minero le falta visión de futuro”,https://www.elcolombiano.com/antioquia/al-debate-minero-le-falta-vision-de-futuro-FO12490342
5003c2ef1f1fcbbf8542aab02f59648274de256503efc84d4aef5f36e5446070,2024-11-27 07:38:29.277125+00:00,es,extra.com.co,extra.com.co,2020-02-20,"Víctor Mallarino, nuevo embajador del ‘Pacto SumaPaz’, Región Central",https://ibague.extra.com.co/victor-mallarino-nuevo-embajador-del-pacto-sumapaz-region-ce-592523
eaa0bec1a01a24ce8ac96c391ebde12679d5629af8f5c7c32b905991b819423f,2024-11-27 07:38:28.820314+00:00,es,extra.com.co,extra.com.co,2020-02-20,"Víctor Mallarino, nuevo embajador del ‘Pacto SumaPaz’, Región Central",https://llano.extra.com.co/victor-mallarino-nuevo-embajador-del-pacto-sumapaz-region-ce-592523
5f1eec09488cc28f3dc3bf01f3a01551a088a4ce0d540de484569a12a82bc861,2024-11-27 07:35:42.544182+00:00,es,hsbnoticias.com,hsbnoticias.com,2020-02-20,"Víctor Mallarino, nuevo embajador del ‘Pacto SumaPaz’, Región Central",https://hsbnoticias.com/victor-mallarino-nuevo-embajador-del-pacto-sumapaz-region-ce-592523
a4f60d3e0932efe168fff4808f45ee9f5b42e01828072d512ad7cbeac330e23c,2024-11-27 07:34:46.090648+00:00,es,extra.com.co,extra.com.co,2020-02-20,"Víctor Mallarino, nuevo embajador del ‘Pacto SumaPaz’, Región Central",https://cali.extra.com.co/victor-mallarino-nuevo-embajador-del-pacto-sumapaz-region-ce-592523
3d82a01c55e1d757de680e7182220bf08790aa5cf11d9746df4c90634214be8a,2024-11-27 07:31:18.405294+00:00,es,extra.com.co,extra.com.co,2020-02-20,"Víctor Mallarino, nuevo embajador del ‘Pacto SumaPaz’, Región Central",https://barrancabermeja.extra.com.co/victor-mallarino-nuevo-embajador-del-pacto-sumapaz-region-ce-592523
66f26959cd1fc5dc42401c2162aa99fcc60a1c9a4ddc33be7abf68312a68c9f9,2024-11-27 07:31:02.658330+00:00,es,diariodelcauca.com.co,diariodelcauca.com.co,2020-02-20,"Víctor Mallarino, nuevo embajador del ‘Pacto SumaPaz’, Región Central",https://diariodelcauca.com.co/victor-mallarino-nuevo-embajador-del-pacto-sumapaz-region-ce-592523
bb4130ae05061aa668451a7539f19e44ec5a23ab596b02925355b8b7f2a9fd60,2024-11-27 07:23:54.732107+00:00,es,extra.com.co,extra.com.co,2020-02-20,"Víctor Mallarino, nuevo embajador del ‘Pacto SumaPaz’, Región Central",https://huila.extra.com.co/victor-mallarino-nuevo-embajador-del-pacto-sumapaz-region-ce-592523
07c8f7d8956aef3b66ba1d6f10fc3aa759d49ef8be29fd3df6af757dd0e80ed4,2024-11-27 07:23:52.723869+00:00,es,extra.com.co,extra.com.co,2020-02-20,"Víctor Mallarino, nuevo embajador del ‘Pacto SumaPaz’, Región Central",https://caqueta.extra.com.co/victor-mallarino-nuevo-embajador-del-pacto-sumapaz-region-ce-592523
e598d680fb95afb595b2ff702ed2abf3e8ce9d24a1ecfb4840ddfe9a4bdca713,2024-11-27 07:22:25.235821+00:00,es,extra.com.co,extra.com.co,2020-02-20,"Víctor Mallarino, nuevo embajador del ‘Pacto SumaPaz’, Región Central",https://putumayo.extra.com.co/victor-mallarino-nuevo-embajador-del-pacto-sumapaz-region-ce-592523
5157fb381a82c8297956bd53d71a10c66c906b9f7f58d5566d91a8abac43dbfe,2024-11-27 07:22:22.755718+00:00,es,extra.com.co,extra.com.co,2020-02-20,"Víctor Mallarino, nuevo embajador del ‘Pacto SumaPaz’, Región Central",https://ladorada.extra.com.co/victor-mallarino-nuevo-embajador-del-pacto-sumapaz-region-ce-592523
281ac55ebc163c3fa97a1192c4d3b9c744429052ce49d7a37b4af6ebe95d2b98,2024-11-27 07:22:22.146962+00:00,es,extra.com.co,extra.com.co,2020-02-20,"Víctor Mallarino, nuevo embajador del ‘Pacto SumaPaz’, Región Central",https://cucuta.extra.com.co/victor-mallarino-nuevo-embajador-del-pacto-sumapaz-region-ce-592523
ea9a714221ec800e6e3ea15d25e04e530657b15c575c3fbb4c9342d226ab7bc0,2024-11-27 07:22:21.601853+00:00,es,extra.com.co,extra.com.co,2020-02-20,"Víctor Mallarino, nuevo embajador del ‘Pacto SumaPaz’, Región Central",https://extra.com.co/victor-mallarino-nuevo-embajador-del-pacto-sumapaz-region-ce-592523
573d93d23b9131c10d7ff0f8a2f1e19e3fdf5f8801bd59626ea73b498ed02785,2024-11-27 07:22:20.682865+00:00,es,extra.com.co,extra.com.co,2020-02-20,"Víctor Mallarino, nuevo embajador del ‘Pacto SumaPaz’, Región Central",https://boyaca.extra.com.co/victor-mallarino-nuevo-embajador-del-pacto-sumapaz-region-ce-592523
ef379d1ff76819a1deb4c38db65e161e3c292ad2e39fa79cac3956a52dc42fa6,2024-11-27 07:22:20.629640+00:00,es,extra.com.co,extra.com.co,2020-02-20,"Víctor Mallarino, nuevo embajador del ‘Pacto SumaPaz’, Región Central",https://bucaramanga.extra.com.co/victor-mallarino-nuevo-embajador-del-pacto-sumapaz-region-ce-592523
e2a6b1b0a578c9dbd52dc380f8d4bd5f27854a4a53f3d5c4f63bbc3a67671fc4,2024-11-27 00:07:02.676227+00:00,es,eltiempo.com,eltiempo.com,2020-02-23,Charlas magistrales para pensarnos el cambio climático,https://www.eltiempo.com/bogota/charlas-magistrales-para-pensarnos-el-cambio-climatico-465258
3f5ede605ceed59a31de46b1d1187ac11765510dd79f4a174f80b96dc2e30672,2024-11-26 21:41:34.336153+00:00,es,eltiempo.com,eltiempo.com,2020-02-24,Pérdida de biodiversidad sin precedentes en la historia humana,https://www.eltiempo.com/vida/medio-ambiente/perdida-de-biodiversidad-segun-la-onu-465490
a4bd8d7b28feb06d022a0563d9953a42648b452b0e46339aedf3e69dec156471,2024-11-26 20:16:17.486091+00:00,es,elpais.com.co,elpais.com.co,2020-02-24,Incendios criminales,https://www.elpais.com.co/opinion/editorial/incendios-criminales.html
c53a6e3277004493d2071d90a5f11f51f3ee56c29d436bad0c40176808ace490,2024-11-26 12:33:58.255903+00:00,es,eltiempo.com,eltiempo.com,2020-02-27,10 acciones sostenibles para el turismo en Colombia,https://www.eltiempo.com/vida/viajar/claves-para-hacer-un-turismo-sostenible-en-colombia-466578
37a473a3fc208f22b3e6579d191ddce0f0c76de94bb57c2c60f23ad64eb63da9,2024-11-26 09:45:37.419629+00:00,es,infobae.com,infobae.com,2020-02-28,El Arca de Noé vegetal crece en el corazón del Ártico,https://www.infobae.com/america/agencias/2020/02/28/el-arca-de-noe-vegetal-crece-en-el-corazon-del-artico/
dfd94c60394c24314040f04bdd000bbf3987ff0eb8fa681685d5445f9eac47ef,2024-11-24 23:45:02.938876+00:00,es,infobae.com,infobae.com,2020-03-08,Fuerte mensaje de la Iglesia en contra del aborto: “Millones de argentinos tienen la profunda convicción de que hay vida desde la concepción”,https://www.infobae.com/sociedad/2020/03/08/fuerte-mensaje-de-la-iglesia-en-contra-del-aborto-millones-de-argentinos-tienen-la-profunda-conviccion-de-que-hay-vida-desde-la-concepcion/
593b2c5f60fa0c60989c9e663de6718304aa1f7da88d581948c0d0d4fd6e16d9,2024-11-22 16:40:20.348862+00:00,es,lapatilla.com,lapatilla.com,2020-03-22,Armando Info: El hachazo que partirá el corazón de Morrocoy,https://www.lapatilla.com/2020/03/22/armando-info-el-hachazo-que-partira-el-corazon-de-morrocoy/
b7f7fb79b28e94a6f457d7114a4d2200c052b60c6b962f3563cc18e34cd46bd5,2024-11-22 06:19:39.850744+00:00,es,larepublica.co,larepublica.co,2024-11-22,Miopía y COP,https://www.larepublica.co/analisis/jorge-ivan-gonzalez-506394/miopia-y-cop-4004259
f49753569bd32802208c6f99b5e0f6d21292f6589f4d7060e4c74ec8e4a25e38,2024-11-22 01:59:56.090356+00:00,es,semanariovoz.com,semanariovoz.com,2020-03-24,Crisis sistémica y coronavirus (II),http://semanariovoz.com/crisis-sistemica-coronavirus-ii/
a90e33586e9d3f2c6f081229f2b45e944928ab82627fd9d866e69d23266798a7,2024-11-22 00:44:21.736777+00:00,es,elmundo.com,elmundo.com,2020-03-25,La invención de la naturaleza,https://www.elmundo.com/noticia/La-invencion-de-la-naturaleza/379167
c5b87fe3c9298b3b752fa2d32491c5bd6a594ccba5736df412b2718f1e5ed152,2024-11-21 23:01:21.979288+00:00,es,eltiempo.com,eltiempo.com,2020-03-21,Salvar la naturaleza: es ahora o nunca,https://www.eltiempo.com/vida/medio-ambiente/llamado-a-salvar-la-naturaleza-475584
81e38428a7af0e620ae10069b2e57b9aff4fa08b3cc71ee42d478e432ee596d4,2024-11-20 19:19:12.944271+00:00,es,infobae.com,infobae.com,2020-04-02,Advierten contra retrasar la lucha climática tras aplazamiento de COP26,https://www.infobae.com/america/agencias/2020/04/02/advierten-contra-retrasar-la-lucha-climatica-tras-aplazamiento-de-cop26/
ff86c8755596a001dd88c4916a534bf3ac60203c0626a36a25b2eec746163985,2024-11-20 13:18:07.453115+00:00,es,hsbnoticias.com,hsbnoticias.com,2024-11-20,¡Atención! Continúa racionamiento de agua hoy en este sector,https://www.hsbnoticias.com/atencion-continua-racionamiento-de-agua-hoy-en-este-sector-11/
0b6395253a0659a8d9fb14107cb08bd2198c5a21e5586b4c751e54f09ad6aa4e,2024-11-20 10:57:18.789660+00:00,es,las2orillas.co,las2orillas.co,2024-11-18,"¿Por qué Colombia es, como pocos, un país de tensiones?",https://www.las2orillas.co/por-que-colombia-es-como-pocos-un-pais-de-tensiones/
8e74ff6c7339140aa42a85f61f5c7122244114c5a2275d3b6e1d7ea9183ac06b,2024-11-20 07:27:18.698145+00:00,es,infobae.com,infobae.com,2020-04-04,Escapar de la caja de Pandora: el desafío mundial frente al COVID-19,https://www.infobae.com/america/ciencia-america/2020/04/04/escapar-de-la-caja-de-pandora-el-desafio-mundial-frente-al-covid-19/
11cb96340a95adc9de9a0613f11e61c021478e60acb26f0d3596ca1a99587abf,2024-11-19 06:12:27.445882+00:00,es,semanariovoz.com,semanariovoz.com,2020-04-11,¿A cuarentena las acciones frente a la crisis climática y ambiental?,http://semanariovoz.com/cuarentena-las-acciones-frente-la-crisis-climatica-ambiental/
f7e4ba710cd1a0f55e3e167e2d60042fc6b550dbf8c2c5478fbeaa3f064e83a3,2024-11-18 16:12:15.741896+00:00,es,eltiempo.com,eltiempo.com,2020-04-16,Si no detenemos la crisis climática ecosistemas colapsarían en 2040,https://www.eltiempo.com/vida/medio-ambiente/si-no-detenemos-la-crisis-climatica-los-ecosistemas-colapsaran-en-2040-485392
7f8af0f31e8739ed54469092e174bfdf5a471d96ac8f2a9ccc9f59d49d1d0d70,2024-11-18 16:07:57.034062+00:00,es,eltiempo.com,eltiempo.com,2020-04-16,Si no detenemos la crisis climática ecosistemas colapsarían en 2040,https://www.eltiempo.com/vida/medio-ambiente/si-no-detenemos-la-crisis-climatica-los-ecosistemas-colapsarian-en-2040-485392
8e6ff2723a9c210ad697fb1ac490ce6cc54955fa6ac4a7cfca6365f0a7069712,2024-11-18 04:42:39.101099+00:00,es,eltiempo.com,eltiempo.com,2020-04-16,"Sin acciones contra crisis climática, ecosistemas colapsarían en 2040",https://www.eltiempo.com/vida/medio-ambiente/sin-acciones-contra-crisis-climatica-ecosistemas-colapsarian-en-2040-485392
dc3c54d9c8d5e952f26310ba97229b1c4c4371b8d6b852d4c6200209d12fab46,2024-11-18 02:40:46.064463+00:00,es,infobae.com,infobae.com,2020-04-21,Un acordeonista en canoa defiende la Amazonía brasileña,https://www.infobae.com/america/agencias/2020/04/21/un-acordeonista-en-canoa-defiende-la-amazonia-brasilena/
6bbed267113caf73e35072cd4b448b5e49882a7cd2e4f790482784453564c0fa,2024-11-18 00:35:33.467855+00:00,es,diariolalibertad.com,diariolalibertad.com,2020-04-21,"Sectores hotelero y de esparcimiento piden acceso a créditos blandos, ya que su reactivación es incierta",https://diariolalibertad.com/sitio/2020/04/21/sectores-hotelero-y-de-esparcimiento-piden-acceso-a-creditos-blandos-ya-que-su-reactivacion-es-incierta/
db05dc239d4728832418f4a32cf07c7aa5fc6496eef08190716ab5fd4c25163d,2024-11-17 22:34:17.479896+00:00,es,infobae.com,infobae.com,2020-04-22,Día de la Tierra: Google centró su doodle en la importancia de las abejas para los ecosistemas,https://www.infobae.com/america/tecno/2020/04/22/dia-de-la-tierra-google-centro-su-doodle-en-la-importancia-de-las-abejas-para-los-ecosistemas/
0114c562b30bd8b67eaf2966ba20b85603dca447105993b6bf0ef1cc8ef1053c,2024-11-17 21:25:18.951411+00:00,es,gatopardo.com,gatopardo.com,2020-04-22,La lucha de Cabo Pulmo. En busca de un equilibrio ambiental,https://gatopardo.com/noticias-actuales/cabo-pulmo-en-busca-de-un-equilibrio-ambiental/
f472539a930510109863a9e91151defa38b3a6dd3fb28e60503ad84ab5209e50,2024-11-15 18:32:15.888410+00:00,es,eltiempo.com,eltiempo.com,2020-05-09,'No nos dejará incólumes esta transformación ecológica del mundo',https://www.eltiempo.com/lecturas-dominicales/brigitte-baptiste-rectora-de-la-universidad-ean-escribe-sobre-la-pandemia-y-sus-ensenanzas-493510
5aaa5df3b975d2e623c7e85bb8c6db4423f26f86a5e3ad511d7b80b756e8c131,2024-11-15 10:32:01.714724+00:00,es,las2orillas.co,las2orillas.co,2024-11-13,El congreso de la Unión Patriótica y la maduración de la crisis nacional,https://www.las2orillas.co/el-congreso-de-la-union-patriotica-y-la-maduracion-de-la-crisis-nacional/
c111fa5700903b346c86d85c222d1b15a33f76530e985fa66b06869553641477,2024-11-13 23:11:12.980152+00:00,es,elpais.com.co,elpais.com.co,2020-05-24,"La infinita curiosidad, una entrevista con el escritor de divulgación científica Philip Ball",https://www.elpais.com.co/cultura/gaceta/la-infinita-curiosidad-una-entrevista-con-el-escritor-de-divulgacion-cientifica-philip-ball.html
6f6109f635776d4ae403488addc6c42d9f839a43a9eb3150d18987621e6ed175,2024-11-13 09:25:37.771522+00:00,es,infobae.com,infobae.com,2020-05-29,“Opeka”: el documental que narra la increíble historia del cura argentino candidato al Nobel de la Paz,https://www.infobae.com/sociedad/2020/05/29/opeka-el-documental-que-narra-la-increible-historia-del-cura-argentino-candidato-al-nobel-de-la-paz/
da4ce133edaaf47f036a56cbe16c4a31dce71ead54373023f163bdfdc92ba45f,2024-11-13 03:47:36.166143+00:00,es,infobae.com,infobae.com,2020-05-31,"Frank Snowden, historiador de epidemias: “El desafío no es tener cuarentenas permanentes, sino reabrir la economía con el menor costo”",https://www.infobae.com/economia/2020/05/31/frank-snowden-historiador-de-epidemias-el-desafio-no-es-tener-cuarentenas-permanentes-sino-reabrir-la-economia-con-el-menor-costo/
6945468e98aad7e08a69e4ed55d3329b8f925d19a4a569fcbe3eb8d84c0f98d4,2024-11-13 02:22:24.714163+00:00,es,lapatilla.com,lapatilla.com,2020-05-31,Tragedia de los refugiados venezolanos plantea más retos para Latinoamérica en la pandemia,https://www.lapatilla.com/2020/05/31/tragedia-de-los-refugiados-venezolanos-plantea-mas-retos-para-latinoamerica-en-la-pandemia/
3dc1db0116f97ac072851af2a8569e7083f76c0d9b35caa3a48f01b4eedb9096,2024-11-12 21:43:05.639746+00:00,es,elnuevoliberal.com,elnuevoliberal.com,2020-06-02,"Salvemos el planeta, una tarea urgente a realizar",http://elnuevoliberal.com/salvemos-el-planeta-una-tarea-urgente-a-realizar/
e005558bbe3b78d691cd69804128dbf160f03fd12022821efa9aaa7a90c3b715,2024-11-12 17:09:58.399169+00:00,es,infobae.com,infobae.com,2020-06-05,"Nuestro medio ambiente, nuestro futuro",https://www.infobae.com/opinion/2020/06/05/nuestro-medio-ambiente-nuestro-futuro/
9d1923a4125ae53c1468e5d43cedf4cc420f5e51596f75843bcfd0df081915da,2024-11-12 17:02:10.384101+00:00,es,eltiempo.com,eltiempo.com,2020-06-05,"'Con el cambio climático, esta pandemia será solo una anécdota'",https://www.eltiempo.com/vida/medio-ambiente/con-el-cambio-climatico-esta-pandemia-sera-solo-una-anecdota-503338
594c9d9bad5fbb9f72d2e5c4177f53d83ec3e27b30f2aaccb6c85444226290ba,2024-11-12 16:16:40.939521+00:00,es,elheraldo.co,elheraldo.co,2020-06-05,Proteger la biodiversidad,https://www.elheraldo.co/columnas-de-opinion/isidoro-hazbun/proteger-la-biodiversidad-731864
7a0d24e3e3d37a4a23393be873313bd12090be84dfa47692ba03aafb1a55293b,2024-11-12 15:43:41.043209+00:00,es,hoydiariodelmagdalena.com.co,hoydiariodelmagdalena.com.co,2020-06-05,Gobernación prioriza en preservación y conservación de los recursos hídricos y biodiversidad en el Plan de Desarrollo,http://www.hoydiariodelmagdalena.com.co/archivos/374755
98a40034167f4ee7f9f1aba0f4747d5f0305d4b98a79a88b056696a5832da358,2024-11-12 15:24:21.547263+00:00,es,diariolalibertad.com,diariolalibertad.com,2024-11-12,Un liderazgo en apuros,https://diariolalibertad.com/sitio/2024/11/12/un-liderazgo-en-apuros/
98e5e08a919328b1c2bff8cda89076d9296da22b47472a056fa279a8817eceb7,2024-11-12 04:01:26.033187+00:00,es,elexpediente.co,elexpediente.co,2020-06-13,Jalón de orejas de Fedegan y Pepe Lafaurie al gobernador Carlos Caicedo,https://elexpediente.co/jalon-de-orejas-de-fedegan-y-pepe-lafaurie-al-gobernador-carlos-caicedo/
ed7fcac8637694f561ad6d52cbeb2cfdeabe80bbba9d670569ee98a7050042fb,2024-11-11 12:34:39.562508+00:00,es,eltiempo.com,eltiempo.com,2020-06-24,“Colombia debe retomar su política exterior”: Clara Inés Chaves,https://www.eltiempo.com/politica/gobierno/colombia-debe-retomar-su-politica-exterior-clara-ines-chaves-510802
02a1ad1191c6b4d121485ff75964fd92dec436f734e7068cd5b7fcd0741683d3,2024-11-11 06:36:51.906666+00:00,es,lasillavacia.com,lasillavacia.com,2020-06-29,“Nos tocó obligarnos a la fuerza a repensar en cómo nos relacionamos con la naturaleza”,https://lasillavacia.com/nos-toco-obligarnos-fuerza-repensar-como-nos-relacionamos-naturaleza-77341
456646756962e70a280ade882b1d70b6c556a42f2ef7490a68a1f5805ead7f48,2024-11-10 16:59:43.630402+00:00,es,diariolalibertad.com,diariolalibertad.com,2020-07-08,"Singapur, la ciudad verde de Asia",https://diariolalibertad.com/sitio/2020/07/08/singapur-la-ciudad-verde-de-asia/
1d136c3666865cdd9cc1d0b030a85df1db5e3c705460f6d6a4e75e2ab09f9634,2024-11-09 18:13:52.649960+00:00,es,larepublica.co,larepublica.co,2020-07-22,Jardín Botánico del Quindío,https://www.larepublica.co/analisis/brigitte-baptiste-506149/jardin-botanico-del-quindio-3034091
31b1e1cd8fc20b9f17219affc1d41dd77720a9d659b70827cf6f762944b15275,2024-11-09 15:07:24.071301+00:00,es,lapatilla.com,lapatilla.com,2020-07-23,Academias Nacionales rechazaron la minería ilegal por la vulneración de los pueblos indígenas,https://www.lapatilla.com/2020/07/23/academias-nacionales-rechazaron-la-mineria-ilegal-por-la-vulneracion-de-los-pueblos-indigenas/
ae40a798cb966e4ee89c6dc9abef4650dc35e6614971f8e5b19a18b84f33e32a,2024-11-09 11:33:10.288069+00:00,es,larepublica.co,larepublica.co,2024-09-11,Del ambientalismo antisistema al regenerativo,https://www.larepublica.co/analisis/diego-gomez-3234242/del-ambientalismo-antisistema-al-regenerativo-3995146
b5cb4f0ce6c0c16fa3b13f809f38adf2f53e60d2779826a791060ecbef92602c,2024-11-09 11:29:17.330903+00:00,es,eltiempo.com,eltiempo.com,2024-11-08,"'Si continuamos describiendo especies de plantas hongos a la velocidad que lo estamos haciendo, vamos a tardar unos 750.000 años hasta completar el trabajo'",https://www.eltiempo.com/vida/ciencia/si-continuamos-en-la-velocidad-que-estamos-describiendo-especies-de-plantas-hoy-vamos-a-tardar-unos-750-000-anos-hasta-que-completemos-el-trabajo-3398087
1380687183c0e4585421364c65a44c1823df3f5b16c89b0b7460c915fb88c17f,2024-11-09 07:43:54.439560+00:00,es,infobae.com,infobae.com,2020-08-01,Avionetas con cocaína entre pirámides mayas: cómo un paraíso arqueológico se convirtió en la más reciente ruta narco,https://www.infobae.com/america/america-latina/2020/08/01/avionetas-con-cocaina-entre-piramides-mayas-como-un-paraiso-arqueologico-se-convirtio-en-la-mas-reciente-ruta-narco/
9012cc36dd7549e34786d88dc57a7b2f21960274e0d328a9e721fe9fe9462ce1,2024-11-09 07:21:00.323836+00:00,es,lapatilla.com,lapatilla.com,2020-08-01,Avionetas con cocaína entre pirámides mayas: Cómo un paraíso arqueológico se convirtió en la más reciente ruta narco,https://www.lapatilla.com/2020/08/01/avionetas-con-cocaina-entre-piramides-mayas-como-un-paraiso-arqueologico-se-convirtio-en-la-mas-reciente-ruta-narco/
5d23b8a4ba60b8183e24ba8c25016fa90fa53a1004046aef0faae8d829fe2521,2024-11-09 05:23:30.341862+00:00,es,larepublica.co,larepublica.co,2020-08-03,Los posibles escenarios económicos que el país enfrentaría en los próximos 20 años,https://www.larepublica.co/empresas/cuatro-posibles-escenarios-economicos-que-el-pais-enfrentaria-en-los-proximos-20-anos-3039663
f0ec2ed56616cdea0e3e0f58a2780c5024a1aa17f5ac3dfd8779693f14f029b1,2024-11-09 03:17:23.799173+00:00,es,diariodelsur.com.co,diariodelsur.com.co,2024-11-09,Cuidemos el agua,https://www.diariodelsur.com.co/cuidemos-el-agua/
71c02dc74a6dd5877dd40f9ece43acab22e991dd6065c8366d32288e45c31438,2024-11-09 02:57:39.246657+00:00,es,lapatilla.com,lapatilla.com,2020-08-04,Posición de la Fundación Azul Ambientalistas ante el derrame de petróleo en el Golfo Triste,https://www.lapatilla.com/2020/08/04/posicion-de-la-fundacion-azul-ambientalistas-ante-el-derrame-de-petroleo-en-el-golfo-triste/
4cc4ad91cda1ac64729f151f14b84c585a6724012d29f099b522a0bc0c8f9253,2024-11-09 02:18:35.037671+00:00,es,eltiempo.com,eltiempo.com,2024-11-08,Colombia expondrá en la COP29 la 'necesidad de sinergia entre biodiversidad y cambio climático',https://www.eltiempo.com/vida/medio-ambiente/colombia-expondra-en-la-cop29-la-necesidad-de-sinergia-entre-biodiversidad-y-cambio-climatico-3398116
42391816c7bd6c0efb738da60ab057a357c0e844aed928436269c3e8ff6f37c7,2024-11-09 00:46:27.839147+00:00,es,gatopardo.com,gatopardo.com,2020-08-06,La minería en México: una industria que destruye todo a su paso,https://gatopardo.com/noticias-actuales/mineria-en-mexico-industria-destructiva/
5ac12cf42b20367b228cb33ededbc13f6fd8c56545296a140b288f2845aa8742,2024-11-08 20:27:14.829543+00:00,es,infobae.com,infobae.com,2020-08-10,"Lanzan una campaña para salvar uno de los ecosistemas ""más amenazados del mundo""",https://www.infobae.com/america/agencias/2020/08/10/lanzan-una-campana-para-salvar-uno-de-los-ecosistemas-mas-amenazados-del-mundo/
3210fb16a61f629b3cb7d9018db4cc54a31d352ec7e64220176946fed800949c,2024-11-08 20:26:08.821169+00:00,es,minuto30.com,minuto30.com,2020-08-10,"Lanzan una campaña para salvar uno de los ecosistemas ""más amenazados del mundo""",https://www.minuto30.com/internacional/lanzan-una-campana-para-salvar-uno-de-los-ecosistemas-mas-amenazados-del-mundo/1106076/
a99c0d8bf6fb79decd1dfc52b8758767dcce6d89d1a391397a8e071c236c8694,2024-11-08 19:51:18.529244+00:00,es,contagioradio.com,contagioradio.com,2020-08-11,No al fracking: Deuda de campaña que Duque debe cumplir,https://www.contagioradio.com/no-al-fracking-deuda-de-campana-que-duque-debe-cumplir/
8d0ec072fe7a5e88181238334c0414d11e5b3c3e9cb53b1ad89ade11fe3d5126,2024-11-08 16:37:02.403591+00:00,es,infobae.com,infobae.com,2020-08-13,Naomi Harris y XR lanzan un cortometraje contra la pérdida de bioversidad,https://www.infobae.com/america/agencias/2020/08/13/naomi-harris-y-xr-lanzan-un-cortometraje-contra-la-perdida-de-bioversidad/
89dea2e70ee1ba0f3c4def4fecfb168c81dd0c05848c1b3ed77c8f879193868b,2024-11-08 11:14:30.601518+00:00,es,infobae.com,infobae.com,2020-08-17,“El planeta no soporta más; esto se nos va de las manos”: la mirada de 15 figuras sobre el cambio climático,https://www.infobae.com/tendencias/2020/08/17/el-planeta-no-soporta-mas-esto-se-nos-va-de-las-manos-la-mirada-de-15-figuras-sobre-el-cambio-climatico/
477221a340bee52b464261ca8a06b46f6c2e1189b982c7df6ca97d1487fac916,2024-11-08 08:38:26.309995+00:00,es,elparchedelcapuchino.com,elparchedelcapuchino.com,2020-08-19,"¿Para dónde vamos y por qué, estamos como estamos?",https://www.elparchedelcapuchino.com/para-donde-vamos-y-por-que-estamos-como-estamos/
176fea325c35f129799b9a2f2628887920207db90ca715b10fd13c4b7884e6bd,2024-11-08 06:15:05.676874+00:00,es,minuto30.com,minuto30.com,2020-08-20,"¿Quién devolverá al suroeste el agua, sus recursos naturales y la salud después de la megaminería de metales?",https://www.minuto30.com/opinion/quien-devolvera-al-suroeste-el-agua-sus-recursos-naturales-y-la-salud-despues-de-la-megamineria-de-metales/1113487/
7bec79e8abcba59c6c173556d4e64b23fc0312121be89334ca054f13fa77cbd6,2024-11-08 04:37:52.755245+00:00,es,minuto30.com,minuto30.com,2020-08-21,El comunismo enemigo de las mascotas,https://www.minuto30.com/opinion/el-comunismo-enemigo-de-las-mascotas/1114457/
ba333d5d7e7be094b47cf6463e3aad4120fc6f79846755a529693d4cc215b899,2024-11-08 03:43:43.486984+00:00,es,laotracara.co,laotracara.co,2020-08-22,"¿Para dónde vamos y por qué, estamos como estamos?",https://laotracara.co/opinion/para-donde-vamos-y-por-que-estamos-como-estamos/
e8eac025d56bf7c7645ed76e00ced6b2d6c5ab0380bdc5a9dc0f6512bf5641b7,2024-11-07 21:15:56.107708+00:00,es,infobae.com,infobae.com,2020-08-25,Continúan los incendios en Córdoba: “El clima complica el trabajo de los bomberos”,https://www.infobae.com/sociedad/2020/08/25/continuan-los-incendios-en-cordoba-el-clima-complica-el-trabajo-de-los-bomberos/
8141f26740469e9d858c5071da9c44af0ff9363caa2ffae533a8cda7a9206f91,2024-11-07 20:19:23.105526+00:00,es,minuto30.com,minuto30.com,2024-11-07,COP16: promesas incumplidas y biodiversidad sigue en riesgo,https://www.minuto30.com/cop16-promesas-incumplidas-y-biodiversidad-sigue-en-riesgo/1636471/
406e7dfa98ec9d10e5ff61ab06ee86c379f94feeeaa8aa1b1a24f73ee832087c,2024-11-07 16:25:07.898916+00:00,es,diariodelsur.com.co,diariodelsur.com.co,2024-11-07,COP16: La Hora de Actuar por la Biodiversidad es AHORA,https://www.diariodelsur.com.co/cop16-la-hora-de-actuar-por-la-biodiversidad-es-ahora/
44e9b2509734655845d118ffb7c8ade76259e8c941cecdb9971940e65cb1c696,2024-11-07 16:17:35.752505+00:00,es,extra.com.co,extra.com.co,2024-11-07,COP16: La Hora de Actuar por la Biodiversidad es AHORA,https://extra.com.co/cop16-la-hora-de-actuar-por-la-biodiversidad-es-ahora/
3456dd72b2824ff17ea35afd51fdee27479f1b7439760358e10070f5459e3a77,2024-11-07 03:20:52.021003+00:00,es,diariolalibertad.com,diariolalibertad.com,2020-08-29,El comunismo enemigo de las mascotas,https://diariolalibertad.com/sitio/2020/08/el-comunismo-enemigo-de-las-mascotas/
7e73030d2f700706683bfab6e65baa7cbe7435e863838f04548e01a36c894694,2024-11-04 13:03:49.609436+00:00,es,elheraldo.co,elheraldo.co,2021-11-27,El Encanto de Colombia,https://www.elheraldo.co/editoriales/el-encanto-de-colombia-868749
30ed290ac1b494f051038714c1521f09f0aa09391b9f13f1a2738cdae4f6d6b7,2024-11-03 17:24:25.528822+00:00,es,eldiario.com.co,eldiario.com.co,2024-11-03,Más de 80 mil personas apoyan la Coalición Paz con la Naturaleza en la COP 16,https://www.eldiario.com.co/seccion-d/las-artes/mas-de-80-mil-personas-apoyan-la-coalicion-paz-con-la-naturaleza-en-la-cop-16-ue-se-suma-a-la-iniciativa-paz-con-la-naturaleza/
89c13df0adf69bedbe06ee15e112fd88029467b6cfebb5898f712082fdd1f541,2024-11-03 12:01:51.450366+00:00,es,choco7dias.com,choco7dias.com,2021-12-04,"Carmen de Atrato, Sipí y Bagadó, entre los municipios con más hambre en el país",https://choco7dias.com/carmen-de-atrato-sipi-y-bagado-entre-los-municipios-con-mas-hambre-en-el-pais/
40a61effce0246d97e9353f12bccdc209a1de69b9bf8e08d144c3091a92c1def,2024-11-03 02:24:41.502450+00:00,es,extra.com.co,extra.com.co,2024-11-03,Crece la controversia por cultivos de Arándanos en Sotaquirá,https://extra.com.co/crece-la-controversia-por-cultivos-de-arandanos-en-sotaquira/
e45564a8822144e81b439a8311d44920466daf13c82a1ce46f6fb48fdd343347,2024-11-03 02:22:29.789007+00:00,es,diariodelsur.com.co,diariodelsur.com.co,2024-11-03,Crece la controversia por cultivos de Arándanos en Sotaquirá,https://www.diariodelsur.com.co/crece-la-controversia-por-cultivos-de-arandanos-en-sotaquira/
383b43782dd93fdcfea3be2504a038ffcab75d119532d93c5d381670cd9bb55d,2024-11-02 21:14:53.646212+00:00,es,elpais.com.co,elpais.com.co,2021-12-08,Regresar para poder,https://www.elpais.com.co/opinion/columnistas/benjamin-barney-caldas/regresar-para-poder.html
b2246afc9d9d175d6c03cf99b5cf2af11cddbd3142200ebc1cba0bccc96cabe8,2024-11-02 16:40:52.582918+00:00,es,infobae.com,infobae.com,2021-12-10,ONU: cambio climático agrava los conflictos y el terrorismo,https://www.infobae.com/america/agencias/2021/12/10/onu-cambio-climatico-agrava-los-conflictos-y-el-terrorismo/
6992bbad1e26bd889195e3061c4e092b188fb7aabfbc364bbc315d4f29f88ecb,2024-11-02 15:21:02.624345+00:00,es,lapatilla.com,lapatilla.com,2021-12-10,"Reactivación de refinería de Pdvsa atentaría contra el medio ambiente, según expertos",https://www.lapatilla.com/2021/12/10/reactivacion-de-refineria-de-pdvsa-atentaria-contra-el-medio-ambiente-segun-expertos/
9c3ccde7697bdb17127a9344787873e9349e2240d40dd49a9f18f1a519611926,2024-11-02 06:19:21.239458+00:00,es,eltiempo.com,eltiempo.com,2024-11-01,¿Quién le conviene al mundo?,https://www.eltiempo.com/opinion/columnistas/quien-le-conviene-al-mundo-3396155
4d344bb2336459d111228610c7428f8d924ebe4fe8bed1259d868c5b1f06299d,2024-11-01 18:37:57.211566+00:00,es,infobae.com,infobae.com,2021-12-16,Cuatro iniciativas que buscan detener la destrucción de la Amazonia,https://www.infobae.com/america/soluciones/2021/12/16/cuatro-iniciativas-que-buscan-detener-la-destruccion-de-la-amazonia/
09f278121191b9e30a4754e84aef40badfd636b4280fe90f8928b49d746ef43f,2024-11-01 06:18:39.775336+00:00,es,larepublica.co,larepublica.co,2024-01-11,"La conservación del agua y la economía circular, las declaraciones que deja la COP16",https://www.larepublica.co/especiales/cop16/conservacion-del-agua-y-economia-circular-entre-las-declaraciones-que-deja-la-cop16-3989612
d1b409aa8ad337106a1ade7390eeb45dd14e46354bc37710e9b35d5315e1122a,2024-11-01 01:19:34.918976+00:00,es,hoydiariodelmagdalena.com.co,hoydiariodelmagdalena.com.co,2024-10-31,Aprueban durante la COP16 acuerdo que busca resguardar áreas marinas,https://hoydiariodelmagdalena.com.co/archivos/1020026/aprueban-durante-la-cop16-acuerdo-que-busca-resguardar-areas-marinas/
325753cc509e312cfce53c3b4b7781c51779ec3cd2ef864dc1158466b1e48f17,2024-10-31 16:37:30.853334+00:00,es,occidente.co,occidente.co,2024-10-31,Deja que hable la naturaleza,https://occidente.co/medio-ambiente/deja-que-hable-la-naturaleza/
35db1b7c07fed58bead92fa6a66879fd31eec5ce0e871c27177f8ad77b410ff5,2024-10-29 22:22:10.764115+00:00,es,lafm.com.co,lafm.com.co,2024-10-29,COP16: Gobierno presentó estrategia mundial para proteger la biodiversidad,https://www.lafm.com.co/medio-ambiente/cop16-gobierno-presento-estrategia-mundial-para-proteger-la-biodiversidad
9dc4f7aa2acc7690d5dfaa1cedf70bdb7a8e49b9c47ca48121de0e64e22a71a7,2024-10-29 03:31:11.961033+00:00,es,eltiempo.com,eltiempo.com,2024-10-28,Columna de Germán Umaña Mendoza,https://www.eltiempo.com/opinion/columnistas/el-manana-es-ahora-3394536
eb37e604a1b1229f5aa668957cc08eb4198a55ba8026dfaca142fbc6cff39249,2024-10-29 02:25:24.204206+00:00,es,occidente.co,occidente.co,2024-10-29,"Primera semana de la COP16 en Cali, haciendo historia por la biodiversidad",https://occidente.co/cali/primera-semana-de-la-cop16-en-cali-haciendo-historia-por-la-biodiversidad/
0e5a1de9301fc30ee5405a4ac7b6f037d6d92517db5d1f644e83b4b7dd079c4c,2024-10-27 10:42:53.263620+00:00,es,eldiario.com.co,eldiario.com.co,2024-10-27,Sin mujeres no hay protección de la biodiversidad,https://www.eldiario.com.co/seccion-d/las-artes/sin-mujeres-no-hay-proteccion-de-la-biodiversidad/
2b852a54b6557c04530178ec6e22eeb7b470581b437d2dbc4a046782bcb1ab0c,2024-10-27 10:24:16.753483+00:00,es,las2orillas.co,las2orillas.co,2024-10-25,Diversidad Biológica (COP16),https://www.las2orillas.co/diversidad-biologica-cop16/
563b7ace2bc09c30dc089aaf54f8a2bffc3e0046e8658f7f10a80256c4a035d8,2024-10-27 02:18:12.211508+00:00,es,diariodelsur.com.co,diariodelsur.com.co,2024-10-27,Ciudadanía denuncia tala indiscriminada de árboles en el barrio Los Cristales sur,https://www.diariodelsur.com.co/ciudadania-denuncia-tala-indiscriminada-de-arboles-en-el-barrio-los-cristales-sur/
9f75965a169c81bb5b03899f22e343eab4228799fa95f0312ef1d2e0d70037a7,2024-10-25 21:31:23.502822+00:00,es,infobae.com,infobae.com,2021-12-23,Chile: crearán un área costera protegida en el mismo lugar donde se instalaría el proyecto minero de la familia de Sebastián Piñera,https://www.infobae.com/america/medio-ambiente/2021/12/23/chile-crearan-un-area-costera-protegida-en-el-mismo-lugar-donde-se-instalaria-el-proyecto-minero-de-la-familia-de-sebastian-pinera/
1026d2066ce1d71ae9126f1c5e2165fece147207b3ce260585984fb88c3840f8,2024-10-25 10:34:00.140126+00:00,es,las2orillas.co,las2orillas.co,2024-10-24,Alejandro Eder y la COP16 de Cali: ¿el alcalde de la biodiversidad?,https://www.las2orillas.co/alejandro-eder-y-la-cop16-de-cali-el-alcalde-de-la-biodiversidad/
777f0346d0dd34babbdb1d2c50b7478ef864af05e7f7f3829445db37548c3cca,2024-10-24 23:20:06.921559+00:00,es,hsbnoticias.com,hsbnoticias.com,2024-10-24,"Juan Camilo Hernández, finalista al jugador más valioso de la MLS",https://www.hsbnoticias.com/juan-camilo-hernandez-finalista-al-jugador-mas-valioso-de-la-mls/
018afcf2dd61ae8816e3d66b4ca150d2e1bd373d1ff58937f91c92be0024db4b,2024-10-24 21:23:39.884025+00:00,es,eltiempo.com,eltiempo.com,2024-10-24,Casa de subasta saca a la venta la primera obra atribuida a un robot humanoide: vale hasta $ 767 millones de pesos,https://www.eltiempo.com/cultura/gente/casa-de-subasta-saca-a-la-venta-la-primera-obra-atribuida-a-un-robot-humanoide-vale-hasta-767-millones-de-pesos-3393424
b16515fe9b3ed210bbf60a7e4771cf5993bf336111d8800fa3659dfb212a2bd9,2024-10-24 20:28:24.236181+00:00,es,eltiempo.com,eltiempo.com,2024-10-24,Ginecóloga aclara los 14 mitos más escuchados sobre la menopausia: ¿todas las mujeres tienen síntomas?,https://www.eltiempo.com/cultura/gente/ginecologa-aclara-los-14-mitos-mas-escuchados-sobre-la-menopausia-todas-las-mujeres-tienen-sintomas-3393418
b6d63e81709dfdedb41d46fc9b9b8a8ab16409e6f802f108d373aeb8f917f94e,2024-10-24 20:07:10.479658+00:00,es,semanariovoz.com,semanariovoz.com,2020-09-04,“Vamos a derrotar el miedo defendiendo la vida”: Aída Avella,http://semanariovoz.com/derrotar-miedo-defendiendo-la-vida-aida-avella/
aa868f8eaf0906a76a328082e3164ef826d592ac81e30ec06c2d910f2c24bac9,2024-10-24 12:20:11.016478+00:00,es,lanacion.com.co,lanacion.com.co,2024-10-24,Luchas y compromisos de las mujeres por la biodiversidad,https://www.lanacion.com.co/luchas-y-compromisos-de-las-mujeres-por-la-biodiversidad/
6f408a387007dd66ded15ca3d62b473f044dcd92ff54a7468cd9019645a7a917,2024-10-24 08:50:05.656677+00:00,es,infobae.com,infobae.com,2020-09-05,La teoría de la involución: el fuego arrasó con una reserva de Corrientes donde viven monos amenazados de extinción,https://www.infobae.com/sociedad/2020/09/05/la-teoria-de-la-involucion-el-fuego-arraso-con-una-reserva-de-corrientes-donde-viven-monos-amenazados-de-extincion/
6bd8ecff1a76f701ccaa08142aaa57f98d4ed940ca0321bbff055f869232d18c,2024-10-23 17:31:09.404426+00:00,es,infobae.com,infobae.com,2020-09-15,"Los Estados fracasaron en preservar la biodiversidad en la pasada década, según la ONU",https://www.infobae.com/america/agencias/2020/09/15/los-estados-fracasaron-en-preservar-la-biodiversidad-en-la-pasada-decada-segun-la-onu/
0986007bc90c66402ab395bca6f5ba00fb3d6e4f07077c10f325234879a5b835,2024-10-23 17:22:01.591896+00:00,es,elnuevodia.com.co,elnuevodia.com.co,2024-10-23,Visión de mujeres cuidadoras de la biodiversidad estará en alto nivel de la COP16,https://www.elnuevodia.com.co/nuevodia/colombia/522335-vision-de-mujeres-cuidadoras-de-la-biodiversidad-estara-en-alto-nivel-de-la-cop16
0e8dc0e5940f5a6dacc9086b0954f0a188aaa1c3a389112cb515af2058f8f9ec,2024-10-23 16:21:09.554628+00:00,es,diariolalibertad.com,diariolalibertad.com,2024-10-23,"COP 16, una esperanza para los ecosistemas",https://diariolalibertad.com/sitio/2024/10/23/cop-16-una-esperanza-para-los-ecosistemas/
688251539a55ca775d0bd1c7a4a76b746ebdbf4815e73d31a6f2aa41e10579d8,2024-10-23 12:20:35.406015+00:00,es,elpaisvallenato.com,elpaisvallenato.com,2020-09-18,EL PAÍS VALLENATO – Presidente Duque interviene en 75° periodo de sesiones de la ONU,https://www.elpaisvallenato.com/2020/09/18/presidente-duque-interviene-en-75-periodo-de-sesiones-de-la-onu/
742867ec8cb60e7ed647fc891037b60c2f8872bb6c97a48943f835b053a89bca,2024-10-23 10:24:03.663718+00:00,es,eltiempo.com,eltiempo.com,2020-09-20,¿Por qué el coronavirus no se compara con el cambio climático?,https://www.eltiempo.com/vida/medio-ambiente/el-ecologo-mexicano-rodrigo-medellin-experto-en-murcielagos-habla-sobre-la-pandemia-538642
116020afcc3383baf214fb0264116fe7659c61f4ac7ddd000d824269f80c0711,2024-10-23 03:18:29.962179+00:00,es,diariolalibertad.com,diariolalibertad.com,2024-10-22,La COP16 actualiza llamado a la protección de los ecosistemas y a la lucha contra el Cambio Climático,https://diariolalibertad.com/sitio/2024/10/22/la-cop16-actualiza-llamado-a-la-proteccion-de-los-ecosistemas-y-a-la-lucha-contra-el-cambio-climatico/
3dfd42b52165765b0d9bceda11cc3774f305818df3def1dd8af3e073c4fdc3ec,2024-10-23 00:40:36.956612+00:00,es,infobae.com,infobae.com,2020-09-25,Se roban a cocodrilo y se lo llevan en motocicleta en Sinaloa,https://www.infobae.com/america/mexico/2020/09/25/se-roban-a-cocodrilo-y-se-lo-llevan-en-motocicleta-en-sinaloa/
e70b225df22fb73f2f9baf2753e4c14149cec306f29e2743e0746470c744309e,2024-10-23 00:00:39.027548+00:00,es,infobae.com,infobae.com,2020-09-25,Jóvenes de Asia-Pacífico se manifiestan en el Día de Acción Global por el clima,https://www.infobae.com/america/agencias/2020/09/25/jovenes-de-asia-pacifico-se-manifiestan-en-el-dia-de-accion-global-por-el-clima/
a341f859ebbddd974840bede5ce1c4e445e3b3ca8201136904b9f93b8c00ee99,2024-10-22 07:50:27.673931+00:00,es,seguimiento.co,seguimiento.co,2020-10-06,Este miércoles arranca la programación de la segunda Feria Internacional del Libro Santa Marta,https://seguimiento.co/la-hamaca/este-miercoles-arranca-la-programacion-de-la-segunda-feria-internacional-del-libro-santa
c3946a2387a49a1db365bd3d5bce77aacc960655181d503e5177e961ec0bcf5b,2024-10-22 07:42:52.831312+00:00,es,opinioncaribe.com,opinioncaribe.com,2020-10-06,Este miércoles inicia la segunda Feria Internacional del Libro de Santa Marta,https://www.opinioncaribe.com/2020/10/06/este-miercoles-inicia-la-segunda-feria-internacional-del-libro-de-santa-marta/
8ed683f6df2992c064f88d6178e6b186502e51ffa89c99e54fe1ad27a4503c17,2024-10-22 07:22:03.645774+00:00,es,elpais.com.co,elpais.com.co,2020-10-06,¿Para qué Tribugá?,http://www.elpais.com.co/opinion/columnistas/vicky-perea-garcia/para-que-tribuga.html
8a9aec5adcaca1f105f69b6965389f97fae407294229daf5ad3a481ccde21e14,2024-10-22 07:17:55.128277+00:00,es,larepublica.co,larepublica.co,2020-10-07,"""Más cooperación, solidaridad y multilateralismo renovado”",https://www.larepublica.co/analisis/guillermo-fernandez-de-soto-3024841/mas-cooperacion-solidaridad-y-multilateralismo-renovado-3070324
207bdf28b28f145e245ef4d815ac8c73b303a0c55cb3cae490cbc0cabd2ddd76,2024-10-22 01:20:38.948627+00:00,es,extra.com.co,extra.com.co,2024-10-22,En exclusiva: Primeros días de la COP 16 en Cali,https://extra.com.co/en-exclusiva-primeros-dias-de-la-cop-16-en-cali/
ccdf4cc5a3cab247c54f5b6cdcf5652bb4947718f57ebb88bbf7c41459754cdb,2024-10-21 18:07:25.077381+00:00,es,infobae.com,infobae.com,2020-10-14,Previsiones de Video en Español de las 16H00 GMT,https://www.infobae.com/america/agencias/2020/10/14/previsiones-de-video-en-espanol-de-las-16h00-gmt/
394aa256218d7b608868a6efbac95bd713a0039504bb2b99357a3782cf6c572e,2024-10-21 18:07:24.850121+00:00,es,infobae.com,infobae.com,2020-10-14,Previsiones generales de la AFP de las 16H00 GMT,https://www.infobae.com/america/agencias/2020/10/14/previsiones-generales-de-la-afp-de-las-16h00-gmt/
21f312cf459813e2efcba8199004f0724544153c07c6c75c790f2917fdc1ab74,2024-10-21 17:39:17.380294+00:00,es,infobae.com,infobae.com,2020-10-14,Previsiones generales de la AFP de las 21H00 GMT,https://www.infobae.com/america/agencias/2020/10/14/previsiones-generales-de-la-afp-de-las-21h00-gmt/
e1d259429d420728c2625e245ed940b832de2cb59cbf77c013790f809da43736,2024-10-21 17:36:46.262962+00:00,es,infobae.com,infobae.com,2020-10-14,Insólito: dos cocodrilos viajaban en metro en la CDMX,https://www.infobae.com/america/mexico/2020/10/14/insolito-dos-cocodrilos-viajaban-en-metro-en-la-cdmx/
107930e1ababccb094a3b4a8891b74a16ea3dca3d71e1093ef1d3bfa6d9005a1,2024-10-21 17:36:45.932167+00:00,es,infobae.com,infobae.com,2020-10-14,Previsiones de Video en Español de las 21H00 GMT,https://www.infobae.com/america/agencias/2020/10/14/previsiones-de-video-en-espanol-de-las-21h00-gmt/
ea9e737cab2dbdb658e73f70c9f81e954e674f52eff41b2b4a7e52f295c872a5,2024-10-21 17:23:00.587866+00:00,es,infobae.com,infobae.com,2020-10-15,Previsiones de Video en Español de las 02H00 GMT,https://www.infobae.com/america/agencias/2020/10/15/previsiones-de-video-en-espanol-de-las-02h00-gmt/
edbd122579e59297c1dfab17e7cf367182b2ac6e49845937f90765fb8b50ca02,2024-10-21 17:20:49.425430+00:00,es,infobae.com,infobae.com,2020-10-15,Previsiones generales de la AFP de las 02H00 GMT,https://www.infobae.com/america/agencias/2020/10/15/previsiones-generales-de-la-afp-de-las-02h00-gmt/
a295f2151e8f33701ccd05d8bfe26cfed44798871033159655481232c59be0ba,2024-10-21 14:10:58.944844+00:00,es,eltiempo.com,eltiempo.com,2020-10-16,Un ejército de moscas 'soldado negras' para combatir crisis climática,https://www.eltiempo.com/vida/medio-ambiente/las-moscas-soldado-negras-que-estan-siendo-utilizadas-para-combatir-la-crisis-climatica-543637
d41f74dc36fd0aefa64bb3a1acdd69cdbd8f466dfca7de71cb4fea10d85d0f34,2024-10-21 11:15:27.289909+00:00,es,infobae.com,infobae.com,2020-10-18,La fuerte advertencia de Nature: hay que proteger la Península Antártica antes de que sea demasiado tarde,https://www.infobae.com/salud/ciencia/2020/10/18/la-fuerte-advertencia-de-nature-hay-que-proteger-la-peninsula-antartica-antes-de-que-sea-demasiado-tarde/
9bbc85d7785a99d5598fe296cf2404b1e22af9a4d8f67f2b0eb5d6bdd768f358,2024-10-21 09:33:59.538005+00:00,es,occidente.co,occidente.co,2024-10-21,Crónicas sobre el Amazonas y el Bosque de San Antonio,https://occidente.co/secciones/tendencias/cronicas-sobre-el-amazonas-y-el-bosque-de-san-antonio/
1f39c92ee708169f62b7fc1dc750c32f0cd9f94a173bae8859a8443a0d2c9177,2024-10-21 09:33:54.707921+00:00,es,occidente.co,occidente.co,2024-10-21,Arranca la COP16 en Cali con la misión de fortalecer los compromisos para proteger la biodiversidad global,https://occidente.co/cali/arranca-la-cop16-en-cali-con-la-mision-de-fortalecer-los-compromisos-para-proteger-la-biodiversidad-global/
70f3a45575f3a722643fb81217dbc625e964b83bc2b15bc08569f7969a097b18,2024-10-21 01:23:51.391475+00:00,es,choco7dias.com,choco7dias.com,2024-10-20,"A pocos días de la COP16, el balance es negativo: no se está cumpliendo con la financiación para la Biodiversidad",https://choco7dias.com/a-pocos-dias-de-la-cop16-el-balance-es-negativo-no-se-esta-cumpliendo-con-la-financiacion-para-la-biodiversidad/
5660888749ac3492207bfcfcb254c21ec15f3b8db8561a126a8798734f04fef5,2024-10-21 01:11:48.597248+00:00,es,infobae.com,infobae.com,2020-10-24,Las artistas Liliana Felipe y Liz Solari se unen contra las megafactorías porcinas en Argentina,https://www.infobae.com/teleshow/infoshow/2020/10/24/las-artistas-liliana-felipe-y-liz-solari-se-unen-contra-las-megafactorias-porcinas-en-argentina/
9f64fd4e16362a5e32994cb3a86e361bbc3cdef26373dbadcc826cd76d22f74f,2024-10-20 22:41:34.411853+00:00,es,occidente.co,occidente.co,2020-10-26,"¿Gallito de roca, en peligro?",https://occidente.co/opinion/columnistas/gallito-de-roca-en-peligro/?utm_source=rss&utm_medium=rss&utm_campaign=gallito-de-roca-en-peligro
7b57862aa131b671672cbb4f4f9cb5fa3826b2163316d89f48c853afe246cee6,2024-10-20 15:13:32.507138+00:00,es,eltiempo.com,eltiempo.com,2020-10-30,Comunidad de Soto Norte le pide a Duque ser escuchada,https://www.eltiempo.com/colombia/defensa-de-comunidades-de-soto-norte-al-proyecto-minero-en-santander-546379
765ee965809bf2db18c2075ff35738a831f466d654e6ee377049ff35901d1a1f,2024-10-20 14:01:33.435197+00:00,es,eltiempo.com,eltiempo.com,2020-10-31,El Ártico se derrite y estas serán las consecuencias para el mundo,https://www.eltiempo.com/vida/medio-ambiente/las-consecuencias-de-que-se-derrita-el-artico-para-el-mundo-546496
f0122b8e2c88ba6b934e5f6482e0083065dc23d1ebfe4a7bba0574038afe1080,2024-10-19 22:23:15.243084+00:00,es,eltiempo.com,eltiempo.com,2020-11-10,Aprendamos a vivir con la selva',https://www.eltiempo.com/vida/medio-ambiente/aprendamos-a-vivir-con-la-selva-nueva-catedra-del-centro-de-ods-548260
aab676493b2519fda77c9c9b03d1b118e20a44d20440664fb52afbfaf62defc9,2024-10-19 22:14:55.706056+00:00,es,las2orillas.co,las2orillas.co,2020-11-10,"Páramo de Santurbán, otra zona de sacrificio en la geografía de Colombia",https://www.las2orillas.co/paramo-de-santurban-otra-zona-de-sacrificio-en-la-geografia-de-colombia/
0a8f2de80f78dcf6e100862a61da4e18e13d11674f40f485db0e5f45a68db539,2024-10-19 17:17:49.135489+00:00,es,extra.com.co,extra.com.co,2024-10-19,En la Ciclovida de Cali nos movemos en un entorno deportivo,https://extra.com.co/en-la-ciclovida-de-cali-nos-movemos-en-un-entorno-deportivo-sostenible-y-saludable/
f7fa7ecc77a349bc11031d4925ec6be915285c10ed638e7209bc6ee4c989c138,2024-10-19 16:26:49.643252+00:00,es,hoydiariodelmagdalena.com.co,hoydiariodelmagdalena.com.co,2024-10-19,COP16: Greenpeace hace un llamado “urgente” al cuidado del medio ambiente,https://hoydiariodelmagdalena.com.co/archivos/1013584/cop16-greenpeace-hace-un-llamado-urgente-al-cuidado-del-medio-ambiente/
49695f6458f7be70aea398449ee9a02299e5225f30543921a4f72ba6889c412b,2024-10-19 16:19:03.906804+00:00,es,90minutos.co,90minutos.co,2024-10-19,La Ciclovía de Cali se une a la COP16 con actividades eco-ambientales para toda la familia,https://90minutos.co/cali/la-ciclovia-de-cali-se-une-a-la-cop16-con-actividades-eco-ambientales-para-toda-la-familia-19-10-2024/
4ff950209b8251ba6d954e42e662e55b9bb9824bee99ae8eac50dac718bf9d12,2024-10-18 15:58:55.771239+00:00,es,larepublica.co,larepublica.co,2020-12-01,Una gran irresponsabilidad ambiental,https://www.larepublica.co/analisis/jose-david-name-507206/una-gran-irresponsabilidad-ambiental-3095931
aaf3a80cac3a73796ab7cd73160f32b2af2c04ea7acd4096b7f8fbf41dd4fdcf,2024-10-18 15:34:17.881703+00:00,es,hsbnoticias.com,hsbnoticias.com,2024-10-18,D1 y Mercado Pago hacen alianza para comercio electrónico,https://www.hsbnoticias.com/comercio-electronico-8/
324c7a3a73d5796bee0fb548d8e937e09d4730d6b3ff09e03c8ef8fb38e16290,2024-10-18 14:56:17.013902+00:00,es,canaltropical.co,canaltropical.co,2020-12-01,Una gran irresponsabilidad ambiental,https://canaltropical.co/?p=73813
8848592b2f62b7b27fa38c4970106adc0ede0f66da076469a52b2a7d9f38402a,2024-10-18 14:22:50.661754+00:00,es,kienyke.com,kienyke.com,2024-10-18,Diálogos cruciales: seguridad y sostenibilidad en la COP16,https://www.kienyke.com/kien-opina/dialogos-cruciales-seguridad-y-sostenibilidad-en-la-cop16
6f48392addd6bb4b5541819394b80845da3c9ca010478293c1e82b9ff9af9d6e,2024-10-18 01:16:52.594460+00:00,es,infobae.com,infobae.com,2020-12-09,Aprende en Casa II de la SEP: clases en internet del 9 de diciembre para alumnos de secundaria,https://www.infobae.com/america/mexico/2020/12/09/aprende-en-casa-ii-de-la-sep-clases-en-internet-del-9-de-diciembre-para-alumnos-de-secundaria/
53af9498a24e6127f04a62a7b4a6b06097bd7cafece9b4f1abaaeec27083892d,2024-10-17 22:04:58.692999+00:00,es,infobae.com,infobae.com,2020-12-11,Portaltic.-'Alba: una aventura mediterránea' nos recuerda la importancia de los pequeños gestos para proteger la naturaleza,https://www.infobae.com/america/agencias/2020/12/11/portaltic-alba-una-aventura-mediterranea-nos-recuerda-la-importancia-de-los-pequenos-gestos-para-proteger-la-naturaleza/
a422301c7679b5877bd941ef14219d719c9908ecd12020422e7a929501095ec1,2024-10-17 18:13:35.773910+00:00,es,infobae.com,infobae.com,2020-12-14,Aprende en Casa II de la SEP: clases en internet del 14 de diciembre para alumnos de secundaria,https://www.infobae.com/america/mexico/2020/12/14/aprende-en-casa-ii-de-la-sep-clases-en-internet-del-14-de-diciembre-para-alumnos-de-secundaria/
0f40325d0efae6ee6e9df6cbd25772e841d02347c321117ff52850f3f471b90e,2024-10-17 17:24:37.985068+00:00,es,infobae.com,infobae.com,2020-12-15,Piden a la ONU para que intervenga en la protección del páramo de Santurbán,https://www.infobae.com/america/colombia/2020/12/15/piden-a-la-onu-para-que-intervenga-en-la-proteccion-del-paramo-de-santurban/
eea2373ceac6c9a3dcaea1a323e3f42aba23de513d8d940b89f59387d46b25cb,2024-10-17 17:19:26.987805+00:00,es,larepublica.co,larepublica.co,2020-12-15,Una agenda multilateral para la recuperación,https://www.larepublica.co/analisis/angel-gurria-2992686/una-agenda-multilateral-para-la-recuperacion-3101761
3133c7cac18f4a7de9adc51251ff2b98ca31d352e292c1dfdbe48adcdb355c8a,2024-10-17 16:56:58.424103+00:00,es,infobae.com,infobae.com,2020-12-15,Ciencia.-Los árboles tropicales viven menos a medias superiores a 25 grados,https://www.infobae.com/america/agencias/2020/12/15/ciencia-los-arboles-tropicales-viven-menos-a-medias-superiores-a-25-grados-2/
05dab77d531c888e51c4306a5a39235046851ef81ff2aa1956e86f9a4b587e8e,2024-10-17 12:25:45.706384+00:00,es,elexpediente.co,elexpediente.co,2024-10-17,La COP16: Entre saludos a la bandera y presiones fiscales para Cali,https://elexpediente.co/la-cop16-entre-saludos-a-la-bandera-y-presiones-fiscales-para-cali/
dc0def39d8698829b79af04871189003928843ee83883047b23641fe793399d1,2024-10-17 07:16:56.317417+00:00,es,lapatria.com,lapatria.com,2020-12-21,Calcule su huella de carbono,https://www.lapatria.com/medioambiente/calcule-su-huella-de-carbono-468407
23c4cbd049b10c35c318da21c5102699b5d4503cf726e2360768e86fa703ab60,2024-10-17 01:21:09.372812+00:00,es,diariolalibertad.com,diariolalibertad.com,2024-10-16,Previo a la inauguración de la COP16 se realizará en Bogotá el ‘Primer festival de aves de la Quinta: aves para la historia’,https://diariolalibertad.com/sitio/2024/10/16/previo-a-la-inauguracion-de-la-cop16-se-realizara-en-bogota-el-primer-festival-de-aves-de-la-quinta-aves-para-la-historia/
7c75b13e493024fdd010464b3692c9e90ea916f92f81908c0ef83ec51dd8e4fb,2024-10-16 17:42:35.274695+00:00,es,diariodelhuila.com,diariodelhuila.com,2020-12-31,La ONU pide a 2021 unidad ante la pandemia y la crisis climática,https://diariodelhuila.com/la-onu-pide-a-2021-unidad-ante-la-pandemia-y-la-crisis-climatica/
84dc70c744c4ad2c51dc4d000091ed66ccb9bf87363e537e87f8bb7c26184d34,2024-10-16 16:27:33.586896+00:00,es,opinioncaribe.com,opinioncaribe.com,2024-10-16,"¿Ecocidio en Lagos del Dulcino? ¿incompetencia, indiferencia o complicidad de las autoridades?",https://www.opinioncaribe.com/2024/10/16/ecocidio-en-lagos-del-dulcino-incompetencia-indiferencia-o-complicidad-de-las-autoridades/
d55fd5639fac2d048dc5085f63c93f2a05e5f58a2a837d3e84086fddc46dcbc8,2024-10-16 16:25:32.420910+00:00,es,elpais.com,elpais.com,2024-10-16,"Ha llegado el momento de hacer realidad el “derecho a los alimentos” en favor de una dieta saludable, nutritiva y asequible",https://elpais.com/america-colombia/2024-10-16/ha-llegado-el-momento-de-hacer-realidad-el-derecho-a-los-alimentos-en-favor-de-una-dieta-saludable-nutritiva-y-asequible.html
3d5e56e01c481fa4ac0b0003b3d92ef73f21a570e6a66cfb1e6e99a759d11004,2024-10-16 00:17:46.884174+00:00,es,elpilon.com.co,elpilon.com.co,2024-10-15,"La COP16, apuesta mundial de supervivencia",https://elpilon.com.co/la-cop16-apuesta-mundial-de-supervivencia/
c99c6d5f83c7303602e0478e8d1fb5c5d192b1e2a0336c2ce29b237bc8ecf79e,2024-10-16 00:17:13.057579+00:00,es,elpilon.com.co,elpilon.com.co,2024-10-15,Hablemos de la COP 16,https://elpilon.com.co/hablemos-de-la-cop-16/
399f706b3045da9fbdd0f02b2a5f0a87ba27440cb68928cbbf5a653cb4b91639,2024-10-12 12:17:46.119589+00:00,es,larepublica.co,larepublica.co,2024-12-10,"La crisis ambiental es, en gran medida, una crisis espiritual",https://www.larepublica.co/analisis/mauricio-ucros-3001345/la-crisis-ambiental-es-en-gran-medida-una-crisis-espiritual-3974553
7d6870ed93dfcd27ceda8a65d6bad805faba7a45d571746465be7db5b3e1347e,2024-10-12 02:18:43.881640+00:00,es,eltiempo.com,eltiempo.com,2024-10-11,"‘Con la COP16, Colombia va a ser el epicentro del mundo y protagonista de la construcción de soluciones para enfrentar la triple crisis planetaria’: ONU",https://www.eltiempo.com/vida/medio-ambiente/con-la-cop16-colombia-va-a-ser-el-epicentro-del-mundo-y-protagonista-de-la-construccion-de-soluciones-para-enfrentar-la-triple-crisis-planetaria-onu-3389604
3aa681e184ed72b3eff49673071653599c1de170bef769a2ac77b2f3c58cb203,2024-10-10 10:29:45.898073+00:00,es,las2orillas.co,las2orillas.co,2024-10-08,La Guajira y su biodiversidad frente a la COP16,https://www.las2orillas.co/la-guajira-y-su-biodiversidad-frente-a-la-cop16/
765cbdfbcdb364f0b952148b0ea10893acba7801e8fdd42bcdc6c6dfb526c686,2024-10-09 21:28:19.790513+00:00,en,eltiempo.com,eltiempo.com,2024-10-09,COP16: Ecosystems as climate thermometers and recorders of biodiversity impacts,https://www.eltiempo.com/vida/medio-ambiente/cop16-ecosystems-as-climate-thermometers-and-recorders-of-biodiversity-impacts-3388769
110c66469da299ff229a4be1de56e1c0625f0fe34a3e77d930e4d2cb219f7a0b,2024-10-09 21:28:03.987598+00:00,es,eltiempo.com,eltiempo.com,2024-10-09,COP16: los ecosistemas que son termómetros climáticos y registran los impactos en la biodiversidad,https://www.eltiempo.com/vida/medio-ambiente/cop16-como-impactan-las-actividades-humanas-a-las-especies-de-animales-y-plantas-3388764
93ae04af4cb598ca8bdfaf1a84fabf610821874a1b2c8504d48d5c69f3a266e8,2024-10-08 23:22:48.552956+00:00,es,90minutos.co,90minutos.co,2024-10-08,Cali recibirá un monumento durante COP16: ‘Jenga de la Biodiversidad’,https://90minutos.co/cop16/cali-recibira-un-monumento-durante-cop16-jenga-de-la-biodiversidad-08-10-2024/
3e0be19bcb64adf531828bed3d714501ff402ec0ed8577b455097749d867c975,2024-10-08 21:26:20.244819+00:00,es,90minutos.co,90minutos.co,2024-10-08,Este el nuevo equipo aéreo para la vigilancia y control en la COP16 en Cali,https://90minutos.co/cop16/este-el-nuevo-equipo-aereo-para-la-vigilancia-y-control-en-la-cop16-en-cali-08-10-2024/
49916cb0f8ca70aa431a3accdc059fdb6df949ca5e4bb4a823d84d0cbd0774ab,2024-10-08 03:22:27.640686+00:00,es,eldiario.com.co,eldiario.com.co,2024-10-07,COP16 en Colombia: hacia un futuro sostenible del capital natural,https://www.eldiario.com.co/noticias/colombia/cop16-en-colombia-hacia-un-futuro-sostenible-del-capital-natural/
982871d43759188e0d2468f073bfd1108273a9137ef6ca39693b6c7a0d30a1ff,2024-10-07 07:25:31.902207+00:00,es,lanacion.com.co,lanacion.com.co,2024-10-07,Cinexcusa presenta su afiche oficial,https://www.lanacion.com.co/cinexcusa-presenta-su-afiche-oficial/
b497d3bac3dc168b5da5d820e47ac0b40e3c7c1279bf6eb2514f07b559012049,2024-10-05 06:18:57.114510+00:00,es,occidente.co,occidente.co,2024-10-05,Creatividad y conservación: la torre de Von Wong que desafía a salvar el planeta,https://occidente.co/secciones/tendencias/creatividad-y-conservacion-la-torre-de-von-wong-que-desafia-a-salvar-el-planeta/
807f1b704f5db1c59d26a0648f9ff183a607ad327f416b4da0bcbbfcf74c68a7,2024-10-04 22:20:38.944020+00:00,es,santamartaaldia.co,santamartaaldia.co,2024-10-04,El gobierno está dejando morir la Ciénaga de Zapatosa: Pescadores de El Banco,https://santamartaaldia.co/el-gobierno-esta-dejando-morir-la-cienaga-de-zapatosa-pescadores-de-el-banco/?utm_source=rss&utm_medium=rss&utm_campaign=el-gobierno-esta-dejando-morir-la-cienaga-de-zapatosa-pescadores-de-el-banco
32ea4d70b3531db408ba73f75972ea6d82381eb63ed2b8cbe395794ffdb462be,2024-10-04 18:25:37.097956+00:00,es,hoydiariodelmagdalena.com.co,hoydiariodelmagdalena.com.co,2024-10-04,Pescadores de El Banco exigen acción gubernamental para salvar la Ciénaga de Zapatoza,https://hoydiariodelmagdalena.com.co/archivos/1005553/pescadores-de-el-banco-exigen-accion-gubernamental-para-salvar-la-cienaga-de-zapatoza/
04cabc5165f27095ce923b921823ecfab81205f0e57fc7c9ac3cbe77fe9a0149,2024-10-02 19:26:15.373370+00:00,es,infobae.com,infobae.com,2024-10-02,Así fue el sorpresivo encuentro con un hipopótamo de pescadores del Magdalena Medio,https://www.infobae.com/colombia/2024/10/02/pescadores-del-magdalena-medio-registraron-sorpresivo-encuentro-con-un-hipopotamo/
edb0dba5b22767c2cb00fd92ed7991f0f85ee33e4d1279ec279b412d153d1709,2024-10-01 14:39:28.866250+00:00,es,infobae.com,infobae.com,2024-10-01,La Amazonía perdió 88 millones de hectáreas de bosques desde 1985,https://www.infobae.com/america/medio-ambiente/2024/10/01/la-amazonia-perdio-88-millones-de-hectareas-de-bosques-desde-1985/
f083473506c3a98a44727695556004459d258cc19358f4e09f91870dbfbb7eec,2024-10-01 05:22:27.368111+00:00,es,eltiempo.com,eltiempo.com,2024-09-30,Estas son las nacionalidades que más han visitado Colombia en lo corrido de 2024,https://www.eltiempo.com/vida/viajar/estas-son-las-nacionalidades-que-mas-han-visitado-colombia-en-lo-corrido-de-3385963
2e2411735ad9cd907f930d2b5c8aaf3a9b55f875e31e1ecd523b4db16eddd7f9,2024-09-30 20:24:16.396639+00:00,es,infobae.com,infobae.com,2024-09-30,"La Amazonía perdió 88 millones de hectáreas de bosques desde 1985, según un estudio",https://www.infobae.com/america/agencias/2024/09/30/la-amazonia-perdio-88-millones-de-hectareas-de-bosques-desde-1985-segun-un-estudio/
42b1f84a6e1db9dc8778d5c2090ff4b8abd228d28813641734064fd41c2ed03c,2024-09-30 16:19:56.002650+00:00,es,eltiempo.com,eltiempo.com,2024-09-30,"El alcalde de Cali, Alejandro Éder, anunció que la ciudad ya está lista para recibir la COP16",https://www.eltiempo.com/colombia/cali/el-alcalde-de-cali-alejandro-eder-anuncio-que-la-ciudad-esta-lista-para-recibir-la-cop16-3385708
9cd868b5fb71273305cd1bde8c1b365c749448f218d126c46a5637398e115b56,2024-09-30 16:19:43.365566+00:00,es,eltiempo.com,eltiempo.com,2024-09-30,Reino Unido ha invertido más de 900 mil libras esterlinas en proyectos de Bancos Hábitat en Colombia,https://www.eltiempo.com/colombia/otras-ciudades/reino-unido-ha-invertido-mas-de-nueve-mil-libras-de-esterlinas-en-proyectos-de-bancos-de-habitat-en-colombia-3385701
3862791d8c989f4b7c5654973bf7471018dd69c9d92811e4de0b5c01ac117686,2024-09-28 16:20:02.226365+00:00,es,eltiempo.com,eltiempo.com,2024-09-28,"Lady Gaga y Joaquin Phoenix hablaron con EL TIEMPO del ‘Guasón 2’, una película que se adentra en el universo de dos dementes",https://www.eltiempo.com/cultura/cine-y-tv/lady-gaga-y-joaquin-phoenix-hablan-del-guason-2-una-pelicula-que-se-mete-en-el-universo-de-dos-dementes-3385294
8d5ea66061ce0e894bb60e529da35ad4b586116603641823e9b7868f5caf7c56,2024-09-28 16:19:56.064753+00:00,es,eltiempo.com,eltiempo.com,2024-09-28,"Joven médica fue mordida por su perro en la cara: 'Me pareció un acto de defensa, no tiene la culpa'",https://www.eltiempo.com/cultura/gente/joven-medica-fue-mordida-por-su-perro-en-la-cara-me-parecio-un-acto-de-defensa-no-tiene-la-culpa-3385388
846a8b7bb2681c3b4ba92b3b5f211b3d63474e0b72b2e7939af9a8580dd93830,2024-09-28 16:19:50.893640+00:00,es,eltiempo.com,eltiempo.com,2024-09-28,Saturday Night Live celebra 50 años de hacer reír,https://www.eltiempo.com/cultura/saturday-night-live-celebra-50-anos-de-hacer-reir-su-productor-revela-la-clave-del-exito-3385409
eace95332b21b924089dfdb008f7cd645a9b26d274a74fc80000b731010069ee,2024-09-28 16:19:20.420789+00:00,es,eltiempo.com,eltiempo.com,2024-09-28,"Ella era Kubra Aktum, ‘influencer’ que se casó con ella misma y falleció tras caer de balcón",https://www.eltiempo.com/cultura/gente/ella-era-kubra-aktum-influencer-que-se-caso-con-ella-misma-y-fallecio-tras-caer-de-balcon-3385405
fae4dfe9e96348330c38efdbbe169fc160e49d478466b1216a59308824550fc4,2024-09-28 16:18:53.701225+00:00,es,eltiempo.com,eltiempo.com,2024-09-28,"La última confesión que le hizo Maggie Smith a su compañero de elenco, Dominic West: 'Dijo que iba a tirar la toalla'",https://www.eltiempo.com/cultura/gente/la-ultima-confesion-que-le-hizo-maggie-smith-a-su-companero-de-elenco-dominic-west-dijo-que-iba-a-tirar-la-toalla-3385393
4cac1bfba7c548f0b4b53466b08d02d3ceafaf66a8461228e7545bff61e43a6c,2024-09-28 16:18:22.818096+00:00,es,eltiempo.com,eltiempo.com,2024-09-28,La ley de Illinois que ayudaría a bajar los costos de compras con tarjeta de crédito,https://www.eltiempo.com/mundo/eeuu-y-canada/la-ley-de-illinois-que-ayudaria-a-bajar-los-costos-de-compras-con-tarjeta-de-credito-3384876
1721993846bad9f355eceadbeafd7d22cd14be753f30cf890935e952a008c068,2024-09-28 16:18:17.963072+00:00,es,eltiempo.com,eltiempo.com,2024-09-28,¿Qué sucede si pido asilo en Estados Unidos y no aviso que me cambié de casa?,https://www.eltiempo.com/mundo/eeuu-y-canada/que-sucede-si-pido-asilo-en-estados-unidos-y-no-aviso-que-me-cambie-de-casa-3384138
8a90049ac060b9e1d2dea7977fc430bba259e71d1d7d5807bd9af37be92d8dd1,2024-09-28 16:18:12.275631+00:00,es,eltiempo.com,eltiempo.com,2024-09-28,Estados Unidos está expandiendo su territorio oceánico: ¿qué significa eso?,https://www.eltiempo.com/mundo/eeuu-y-canada/estados-unidos-esta-expandiendo-su-territorio-oceanico-que-significa-eso-3384552
05205af5564ed85b3a1afda2368eb212a2722c903b7b0f8d24397a3b501605f5,2024-09-28 16:18:08.217187+00:00,es,eltiempo.com,eltiempo.com,2024-09-28,Oficialmente en California están prohibidas las bolsas de plástico: ¿a partir de cuándo?,https://www.eltiempo.com/mundo/eeuu-y-canada/oficialmente-en-california-estan-prohibidas-las-bolsas-de-plastico-a-partir-de-cuando-3384184
11b4d9d98a5c5c6725298de756323a3b94da5ac2c3872168e1d3e5b3449c68a1,2024-09-28 16:18:02.791352+00:00,es,eltiempo.com,eltiempo.com,2024-09-28,Estudio revela las 10 peores ciudades de EE. UU. para vivir siendo mujer,https://www.eltiempo.com/mundo/eeuu-y-canada/estudio-revela-las-10-peores-ciudades-de-ee-uu-para-vivir-siendo-mujer-3384135
1366dc4f50dc99b1731aae17127be0bf702a1bdde7351c3424ba9ac6416347e3,2024-09-28 16:17:58.673118+00:00,es,eltiempo.com,eltiempo.com,2024-09-28,¿Cuándo termina la temporada de huracanes 2024 en Estados Unidos?,https://www.eltiempo.com/mundo/eeuu-y-canada/cuando-termina-la-temporada-de-huracanes-2024-en-estados-unidos-3384558
a7ed1d2f44022130c678bc9069dfa78748baa57d2518e2d12309adb592815468,2024-09-28 16:17:53.523265+00:00,es,eltiempo.com,eltiempo.com,2024-09-28,"En vivo: Presidente de Irán asegura que EE. UU. es cómplice en el asesinato de Hassan Nasrallah, jefe de Hezbolá",https://www.eltiempo.com/mundo/medio-oriente/en-vivo-hezbola-confirma-la-muerte-de-su-jefe-hassan-nasrallah-en-un-bombardeo-de-israel-en-beirut-3385392
26c70956b3abfe9bf39df4adc960fc5dce9c21f599a002b349ae7627059ddf0f,2024-09-28 16:17:48.530717+00:00,es,eltiempo.com,eltiempo.com,2024-09-28,Habrá otro Anillo de Fuego en octubre: ¿cómo verlo desde Estados Unidos?,https://www.eltiempo.com/mundo/eeuu-y-canada/habra-otro-anillo-de-fuego-en-octubre-como-verlo-desde-estados-unidos-3384838
346646d094ee2f0529d74334733705aae9a62a94ac518874c4ac13c9dcdb9119,2024-09-28 16:17:24.463172+00:00,es,eltiempo.com,eltiempo.com,2024-09-28,El ranking de las mejores universidades de Estados Unidos en 2024,https://www.eltiempo.com/mundo/eeuu-y-canada/el-ranking-de-las-mejores-universidades-de-estados-unidos-en-2024-3384488
c36fa6ab0223ca02cf63896b4647f5cf3df245cba1235939865c4c1a04875b76,2024-09-28 16:17:19.100361+00:00,es,eltiempo.com,eltiempo.com,2024-09-28,"¿Quién era Hassan Nasrallah, jefe de Hezbolá asesinado en un bombardeo de Israel en Beirut, y cómo queda el grupo tras su muerte?",https://www.eltiempo.com/mundo/medio-oriente/quien-era-hassan-nasrallah-jefe-de-hezbola-asesinado-en-un-bombardeo-en-beirut-y-como-queda-el-grupo-tras-su-muerte-3385399
1450b4ee8176f67a9d090c7ae0703439603ef775d436a21bac1dcadba1944f09,2024-09-28 14:29:43.735240+00:00,es,eltiempo.com,eltiempo.com,2024-09-28,"Consejo de Estado anula la elección del alcalde de Apartadó, Antioquia",https://www.eltiempo.com/colombia/medellin/consejo-de-estado-anula-la-eleccion-del-alcalde-de-apartado-antioquia-3385403
53c279a1c885b1073edda9274ebc60e007a30feaef9f274ca5b059e96a7f0fce,2024-09-28 14:29:30.193628+00:00,es,eltiempo.com,eltiempo.com,2024-09-28,El drama de una pareja bogotana que para huir de un incendio por escape de gas tuvo que saltar desde un edificio en Santa Marta continúa,https://www.eltiempo.com/bogota/el-drama-de-una-pareja-bogotana-que-para-escapar-de-un-incendio-tuvo-que-saltar-desde-un-edificio-en-santa-marta-3385396
d837b851dbc5d445816956a75bab4b823f47f177e7e6ac77b57dc69b0272e71d,2024-09-28 14:28:55.253617+00:00,es,eltiempo.com,eltiempo.com,2024-09-28,"La fotógrafa de jóvenes en Tumaco que con la danza buscan superar los riesgos por la violencia, el narcotráfico y los grupos armados",https://www.eltiempo.com/colombia/cali/la-fotografa-de-jovenes-en-tumaco-que-con-la-danza-buscan-superar-los-riesgos-por-la-violencia-el-narcotrafico-y-los-grupos-armados-3385391
61a492c5a4c9830099c39d9e237e5f7eee76f65a3eabe696a0a8f6b9c94ff931,2024-09-28 14:28:50.189771+00:00,es,eltiempo.com,eltiempo.com,2024-09-28,Asesinato de dragoneante del Inpec en Barranquilla,https://www.eltiempo.com/colombia/barranquilla/asesinato-de-dragoneante-del-inpec-en-barranquilla-investigan-tres-hipotesis-ajuste-de-cuentas-o-represalia-3385398
fc74579e2eb627392643bfbd0f67f89162436b5fe050b42a2a915b6c8eac2b9b,2024-09-28 14:28:45.508691+00:00,es,eltiempo.com,eltiempo.com,2024-09-28,Video de volcamiento en Bogotá: revelan el momento exacto del accidente de tránsito; dos peatones por poco resultan atropellados,https://www.eltiempo.com/bogota/video-de-volcamiento-en-bogota-revelan-el-momento-exacto-del-accidente-de-transito-dos-peatones-casi-son-atropellados-3385387
e9fc7b537477921bcccda76026e833f0e00831e643a1790d455eac0a79eb4e7a,2024-09-28 14:27:34.061899+00:00,es,eltiempo.com,eltiempo.com,2024-09-28,¿Es importante obtener Paz y Salvo del administrador antes de ocupar un inmueble en Colombia?,https://www.eltiempo.com/economia/finanzas-personales/es-importante-obtener-paz-y-salvo-del-administrador-antes-de-ocupar-un-inmueble-en-colombia-3385376
dc2a1666927f5e25284a451da8ef7e6ad2eadcd9524cc2fa953620bb60e4d0aa,2024-09-28 14:24:59.643515+00:00,es,eltiempo.com,eltiempo.com,2024-09-28,"James Rodríguez va de titular: Rayo Vallecano vs. Leganés, EN VIVO, minuto a minuto",https://www.eltiempo.com/deportes/futbol-internacional/james-rodriguez-rayo-vallecano-vs-leganes-otro-derbi-espanol-en-vivo-minuto-a-minuto-3385389
2a96ee51d300718449e588d59c5b4d2d2c6487216a46cfcd7e061794f4be14d9,2024-09-28 14:17:37.404344+00:00,es,eltiempo.com,eltiempo.com,2024-09-28,"Esta fue la suma de dinero que se llevaron Kevyn y ‘Guajira’, los ganadores del ‘Desafío XX’",https://www.eltiempo.com/cultura/gente/esta-fue-la-suma-de-dinero-que-se-llevaron-kevyn-y-guajira-los-ganadores-del-desafio-xx-3385394
8189afacd939cd7ec4c49dc6feba25ba379b5d08621db2b0dcd0e1269c650358,2024-09-28 02:24:22.761225+00:00,es,eltiempo.com,eltiempo.com,2024-09-27,"San Cipriano, la magia de las brujitas y la biodiversidad del Valle del Cauca: ¿cómo llegar a este destino?",https://www.eltiempo.com/vida/viajar/san-cipriano-la-magia-de-las-brujitas-y-la-biodiversidad-del-valle-del-cauca-como-llegar-a-este-destino-3385345
41f0d17d8bd2224c78d561b85c8e37eb8bb112c6d01113f59bcc06ef32ff913e,2024-09-27 22:24:46.450759+00:00,es,eltiempo.com,eltiempo.com,2024-09-27,La Salsa llegó al Times Square de Nueva York con el lema 'Cali es donde debes estar',https://www.eltiempo.com/colombia/cali/cop16-times-square-de-nueva-york-se-ilumino-con-la-promocion-de-la-conferencia-de-biodiversidad-en-cali-3385247
6812303a05e4e59e688ea377d500c431215da6c2c3657144909f4405c42f90e9,2024-09-27 22:24:03.671173+00:00,es,eltiempo.com,eltiempo.com,2024-09-27,Hay empresarios internacionales del turismo interesados en destinos del Cesar,https://www.eltiempo.com/colombia/otras-ciudades/empresarios-internacionales-interesados-en-destinos-turisticos-del-cesar-3385251
ad527f159c64639d3e0afa653eca28928b99f2571a0ce4622c613bf1bd61e7b0,2024-09-27 19:32:38.075371+00:00,es,occidente.co,occidente.co,2024-09-27,La última generación: ¿Seremos los últimos en caminar sobre la tierra?,https://occidente.co/secciones/tendencias/la-ultima-generacion-seremos-los-ultimos-en-caminar-sobre-la-tierra/
18f2ecb44a18e373b607ada9ce342a038abca455a05f5ea5c6653fc2cefc98b9,2024-09-27 18:27:41.916455+00:00,es,kienyke.com,kienyke.com,2024-09-27,Incendios forestales en Colombia: ¿Cómo mitigar su impacto?,https://www.kienyke.com/colombia/incendios-forestales-en-colombia-como-mitigar-su-impacto
65377cabdbb9319f7200382ca3c26e9f09b6be3ab7296161a6ad68c46c436506,2024-09-27 15:22:24.708659+00:00,es,hsbnoticias.com,hsbnoticias.com,2024-09-27,"Graves disturbios en el Atanasio Girardot; varios heridos, entre ellos un policía",https://www.hsbnoticias.com/graves-disturbios-en-el-atanasio-girardot-varios-heridos-entre-ellos-un-policia/
dd8ed4f63638f72755e702aeddd841a61e9125b29d3e41507d69516e0fc3309c,2024-09-27 15:22:05.757026+00:00,es,hsbnoticias.com,hsbnoticias.com,2024-09-27,Dólar: la tendencia hacia final de año sigue siendo alcista,https://www.hsbnoticias.com/dolar-la-tendencia-hacia-final-de-ano-sigue-siendo-alcista/
6d5ef86b98a8609e88c9c1917d674b3d068c1688d9947d9ffe19384b430bf377,2024-09-27 15:21:27.960674+00:00,es,hsbnoticias.com,hsbnoticias.com,2024-09-27,Miguel Polo Polo y Andrea Petro se enfrentaron en redes,https://www.hsbnoticias.com/miguel-polo-polo-y-andrea-petro-se-enfrentaron-en-redes/
256570031294a5aa77f50ca2a89c373cd964b60520d82e4ba42f31249438072b,2024-09-27 15:20:58.572485+00:00,es,hsbnoticias.com,hsbnoticias.com,2024-09-27,Desafío XX Años Capítulo 113,https://www.hsbnoticias.com/desafio-xx-anos-capitulo-113/
32d0f2ad2f31c66bd52d9c51355c9274f315ade10ad43491fb704753fe284dd5,2024-09-27 06:25:46.291604+00:00,es,eltiempo.com,eltiempo.com,2024-09-26,"Los cinco proyectos de IA colombianos presentados a Satya Nadella, presidente de Microsoft, durante su visita a Bogotá",https://www.eltiempo.com/tecnosfera/novedades-tecnologia/los-cinco-proyectos-ia-colombianos-que-le-presentaron-a-satya-nadella-presidente-de-microsoft-en-su-visita-a-bogota-3384987
92287548e5735f0e8233c3d874850bb64c72555bd62cb241b02a07af31a32fef,2024-09-27 03:19:27.899640+00:00,es,eltiempo.com,eltiempo.com,2024-09-26,Conozca el barrio elegido entre los más 'cool' del mundo: ¿cuánto vale comprar allí?,https://www.eltiempo.com/cultura/gente/conozca-el-barrio-elegido-entre-los-mas-cool-del-mundo-cuanto-vale-comprar-alli-3384946
be6970c4e3d99a620de0de02b5ca74b9ac5ae5a6814a5c963eeb06ce82926053,2024-09-27 02:27:17.523205+00:00,es,eltiempo.com,eltiempo.com,2024-09-26,"La vida en el sur del Tolima a más de 42 grados centígrados, con poca agua y en medio de incendios forestales",https://www.eltiempo.com/colombia/otras-ciudades/la-vida-en-el-sur-del-tolima-a-mas-de-42-grados-centigrados-con-poca-agua-y-en-medio-de-incendios-forestales-3384979
8e99b1955337a0d9a167d69ad6a3271cd831bc28ef6ed220c364a0ce2e4b86c5,2024-09-27 02:26:10.386867+00:00,es,eltiempo.com,eltiempo.com,2024-09-26,Sorpresa en la Copa Libertadores: el poderoso Flamengo se despide y Peñarol se mete en la semifinal,https://www.eltiempo.com/deportes/futbol-internacional/sorpresa-en-la-copa-libertadores-el-poderoso-flamengo-se-despide-y-penarol-se-mete-en-la-semifinal-3384970
3650a68d91afbd479d9c200e3ff84ea9c7bf29b3d567da0202f14d27e91ac1d4,2024-09-27 02:25:38.922184+00:00,es,eltiempo.com,eltiempo.com,2024-09-26,"Santa Fe sigue escalando, le ganó a Alianza en El Campín y se afianza entre los ocho",https://www.eltiempo.com/deportes/futbol-colombiano/santa-fe-sigue-escalando-le-gano-a-alianza-en-el-campin-y-se-afianza-entre-los-ocho-3384976
0c593d14e0b6c888008f5d153204134f0b3b8a877e03cce66e8bd542123ad6ed,2024-09-27 02:24:35.385879+00:00,es,eltiempo.com,eltiempo.com,2024-09-26,"Falcao García sufre otro inconveniente y pide ayuda en redes sociales, hinchas le responden con humor: 'Hágase baño de ruda'",https://www.eltiempo.com/deportes/futbol-colombiano/falcao-garcia-sufre-otro-inconveniente-y-pide-ayuda-en-redes-sociales-hinchas-le-responden-con-humor-hagase-bano-de-ruda-3384961
145674c14b8ac2ee2b8568c8afdb9f5d1af154d92f572bb5aa5f497dd8a9e30c,2024-09-27 02:23:54.995468+00:00,es,eltiempo.com,eltiempo.com,2024-09-26,La carga de Café alcanzó el precio interno más alto desde octubre del 2022 y espera una producción de 13 millones de sacos,https://www.eltiempo.com/economia/sectores/la-carga-de-cafe-alcanzo-el-precio-interno-mas-alto-desde-febrero-del-2022-y-espera-una-produccion-de-13-millones-de-sacos-3384921
2536c14fabfeb7dbf423793f8180686c8cb040c8a51eea8e76bb5a437c100e3e,2024-09-27 02:23:49.630793+00:00,es,eltiempo.com,eltiempo.com,2024-09-26,"Comercio con Venezuela por los puentes de Norte de Santander se ha recuperado 64,3 % en dos años",https://www.eltiempo.com/economia/sectores/comercio-con-venezuela-por-los-puentes-de-norte-de-santander-se-ha-recuperado-64-3-en-dos-anos-3384928
c5abfba96befd4d7cbf82ede4234e061477b9c51267922018bd1ba155012448f,2024-09-27 02:23:26.175966+00:00,es,eltiempo.com,eltiempo.com,2024-09-26,Huracán Helene: la pared del ojo del ciclón comenzó a tocar tierra; piden no salir los refugios por vientos peligrosos,https://www.eltiempo.com/mundo/eeuu-y-canada/en-vivo-huracan-helene-ciclon-sube-a-categoria-4-y-las-personas-que-no-quieran-evacuar-deben-identificar-su-cuerpo-3384971
84d0e9e6efbb14b1ade68ea90a1274fa8a1f3e9d5a4c9e481ea40bf8e310e27c,2024-09-27 02:22:45.664914+00:00,es,eltiempo.com,eltiempo.com,2024-09-26,"'Construir sobre lo construido, la mejor forma de lograr buenos resultados y que el país avance', sostiene expresidente Santos",https://www.eltiempo.com/economia/sectores/construir-sobre-lo-construido-la-mejor-forma-de-lograr-buenos-resultados-y-que-el-pais-avance-sostiene-expresidente-santos-3384951
b84da057ce69dfbcc1a7ee5d5d3f7548a95180aae02e3136c7c37ab87c95d0c2,2024-09-27 02:22:40.865983+00:00,es,eltiempo.com,eltiempo.com,2024-09-26,Alcaldes de grandes ciudades le piden al Gobierno que mire más hacia las regiones para impulsar el desarrollo del país en conjunto,https://www.eltiempo.com/economia/sectores/alcaldes-de-grandes-ciudades-le-piden-al-gobierno-que-mire-mas-hacia-las-regiones-para-impulsar-el-desarrollo-del-pais-3384916
a1f3b239d1086f103c18ac1cb341e4773db7a8b48270fa29e91c50e2e5e541ac,2024-09-27 02:22:30.697743+00:00,es,eltiempo.com,eltiempo.com,2024-09-26,'Es importante garantizar 50.000 subsidios de vivienda al año. El sector apenas empieza a levantar cabeza': Camacol,https://www.eltiempo.com/economia/sectores/es-importante-garantizar-50-000-subsidios-de-vivienda-al-ano-el-sector-apenas-empieza-a-levantar-cabeza-camacol-3384926
40f0eb2d3846d62019897d2c152bc7f90f27d7f7782b179cabb388d19ce79848,2024-09-27 02:22:15.862752+00:00,es,eltiempo.com,eltiempo.com,2024-09-26,Colombia y Francia suscriben memorando por un millón de euros para fortalecer la reforma agraria,https://www.eltiempo.com/economia/sectores/colombia-y-francia-suscriben-memorando-por-un-millon-de-euros-para-fortalecer-la-reforma-agraria-3384975
2f19da941c75a8e05cead6c4f0de9677fd71800f6f1990957de4c72486faed91,2024-09-26 18:27:56.781081+00:00,es,eltiempo.com,eltiempo.com,2024-09-26,Últimos días para votar por los premios BritCham 'Lazos a la Sostenibilidad 2024' a las mejores prácticas sostenibles,https://www.eltiempo.com/vida/medio-ambiente/premios-britcham-lazos-a-la-sostenibilidad-2024-elegiran-a-las-mejores-practicas-sostenibles-3384756
31594edca9b72f8c6edc65dbdd4faddf767495d723a5012e32cd7611b1c41f08,2024-09-26 10:30:53.828314+00:00,es,las2orillas.co,las2orillas.co,2024-09-25,¿Puede la transición energética detener el calentamiento global?,https://www.las2orillas.co/puede-la-transicion-energetica-detener-el-calentamiento-global/
0f785162b61e6f065da3c015d3fb0fb4e5e1e7edc7693333b899dec231e928a6,2024-09-26 10:29:49.096903+00:00,es,las2orillas.co,las2orillas.co,2024-09-24,Un gobierno atrapado en sus promesas,https://www.las2orillas.co/un-gobierno-atrapado-en-sus-promesas/
7b2f0793636921ffb5a3de5e6bdba03f3c84a01278b53279ff33567e7b2cea1f,2024-09-26 06:17:15.332963+00:00,es,eltiempo.com,eltiempo.com,2024-09-25,¿Quiere aportar en la protección de la naturaleza del país? Minambiente abre consulta ciudadana sobre plan para proteger la biodiversidad del país al 2030,https://www.eltiempo.com/vida/medio-ambiente/quiere-aportar-en-la-proteccion-de-la-naturaleza-del-pais-minambiente-abre-consulta-ciudadana-sobre-plan-para-proteger-la-biodiversidad-del-pais-al-2030-3384599
a1e77a26d5fa42ec914b72b64e2a5093027f61a99b371d901bf21e5669ee6d55,2024-09-25 23:00:47.445418+00:00,es,infobae.com,infobae.com,2021-11-12,Beber cerveza puede ahora ayudar a la conservación de las mariposas monarca,https://www.infobae.com/america/agencias/2021/11/12/beber-cerveza-puede-ahora-ayudar-a-la-conservacion-de-las-mariposas-monarca/
bb34e16fe733aa6b4eb766875ec6cbb383444d222edf1f5072f015900233e73c,2024-09-25 22:53:22.277030+00:00,es,eltiempo.com,eltiempo.com,2021-11-12,WWF y más de 200 científicos piden de forma 'urgente' proteger la Amazonia,https://www.eltiempo.com/vida/medio-ambiente/wwf-y-mas-de-200-cientificos-piden-de-forma-urgente-proteger-la-amazonia-631878
cae9f623358c9224e6b0a8fea0c485f64646c2df5f86e93676bc4d929c2168dc,2024-09-25 22:40:26.548678+00:00,es,infobae.com,infobae.com,2021-11-12,Fin de la COP26 en Glasgow: el mundo sigue estirando de la cuerda del cambio climático,https://www.infobae.com/america/medio-ambiente/2021/11/12/fin-de-la-cop26-en-glasgow-el-mundo-sigue-estirando-de-la-cuerda-del-cambio-climatico/
550dd0708efb9607dafd186e71a83109cf3a98bec77beb1c5dc05f09cacc7f7e,2024-09-25 20:46:08.698781+00:00,es,eltiempo.com,eltiempo.com,2021-11-13,COP26: una cumbre climática que prometió más de lo que logró,https://www.eltiempo.com/vida/medio-ambiente/cop26-acuerdos-finales-que-dejo-la-cumbre-climatica-en-glasgow-632159
3528175c27b40640834ba3b55073576d984b8f227e6553c373f229227e2ca210,2024-09-25 17:19:53.562638+00:00,es,hsbnoticias.com,hsbnoticias.com,2024-09-25,Previa 🏆 Millonarios vs Jaguares FC 🏆 liga BetPlay,https://www.hsbnoticias.com/previa-%F0%9F%8F%86-millonarios-vs-jaguares-fc-%F0%9F%8F%86-liga-betplay/
4b8e051686e804b7ea4759f02aabf446cbe4e1b3715d301f77e8b4f3518f3f2b,2024-09-25 13:21:52.594603+00:00,es,infobae.com,infobae.com,2021-11-17,Las tres nuevas iniciativas que adoptó la Comisión Europea para hacer realidad el Pacto Verde,https://www.infobae.com/america/medio-ambiente/2021/11/17/las-tres-nuevas-iniciativas-que-adopto-la-comision-europea-para-hacer-realidad-el-pacto-verde/
2580704d71808e051a9952a04d1da68352c21db93fdd94264fe0af5ac147f082,2024-09-24 00:22:31.786510+00:00,es,eltiempo.com,eltiempo.com,2024-09-23,"'Siempre estamos buscando inversiones que sean responsables y sostenibles': Milena López, presidente de Corficolombana",https://www.eltiempo.com/economia/sector-financiero/siempre-estamos-buscando-inversiones-que-sean-responsables-y-sostenibles-corficolombana-3383746
816606fe5424729804f482b3bd04699cbfbc601bc9d2ba44b4b48c7c62ce5845,2024-09-23 22:21:41.469103+00:00,es,eltiempo.com,eltiempo.com,2024-09-23,Investigación revela degradación alarmante de dunas en las playas del departamento del Atlántico,https://www.eltiempo.com/colombia/barranquilla/investigacion-revela-degradacion-alarmante-de-dunas-en-las-playas-del-departamento-del-atlantico-3383776
0588dc17a249394941bca7acbf98a5a2790f2c2df78d1abd60877d1707b65b1b,2024-09-23 21:19:20.292561+00:00,es,infobae.com,infobae.com,2024-09-23,"Petro lanzó alarmante advertencia global por incendios en la Amazonía: “Si se quema la selva, comienza el fin”",https://www.infobae.com/colombia/2024/09/23/petro-lanzo-alarmante-advertencia-global-por-incendios-en-la-amazonia-si-se-quema-la-selva-comienza-el-fin/
55cc5876f3b81e9bbade79899dd8225c8da04403813ab703f54bf993c37cc067,2024-09-23 06:26:24.539614+00:00,es,eltiempo.com,eltiempo.com,2024-09-22,‘Un error en política pública puede conducir a pérdidas de la diversidad biológica’,https://www.eltiempo.com/justicia/investigacion/un-error-en-politica-publica-puede-conducir-a-perdidas-de-la-diversidad-biologica-3383509
5d85d553737714a3ecac991d98541474848b5796e8b79d0f4b7a0f25f0145b17,2024-09-23 04:23:29.694530+00:00,es,occidente.co,occidente.co,2024-09-23,COP 16 en Cali: un momento decisivo para Colombia y el Valle del Cauca,https://occidente.co/opinion/columnistas/cop-16-en-cali-un-momento-decisivo-para-colombia-y-el-valle-del-cauca/
538042512f3496224f1980427b5f0838b0959d1da92d20ad3e16e1f076ae4c53,2024-09-23 03:19:41.122168+00:00,es,eltiempo.com,eltiempo.com,2024-09-22,Jóvenes colombianos se proyectan como líderes globales en EE. UU. con el programa ‘Dreamers and Makers’,https://www.eltiempo.com/mundo/eeuu-y-canada/jovenes-colombianos-se-proyectan-como-lideres-globales-en-ee-uu-con-el-programa-dreamers-and-makers-3383187
3d5efd93c7bc36a2be1fec01b9d562b6978c3ca279ff5aa0d2f578c5af20347e,2024-09-23 03:18:14.673284+00:00,es,diariolalibertad.com,diariolalibertad.com,2024-09-22,Diagnóstico crítico de la Ciénaga de Mallorquín con 21 hallazgos reveladores de MinAmbiente,https://diariolalibertad.com/sitio/2024/09/22/diagnostico-critico-de-la-cienaga-de-mallorquin-con-21-hallazgos-reveladores-de-minambiente/
7a22df71231285f7ddf885566633d6a3ee51ec77c161761ca4e1900fd6dbb861,2024-09-22 21:19:07.327249+00:00,es,portafolio.co,portafolio.co,2024-09-22,Los efectos del incremento del precio internacional del café para los cultivadores del país,https://www.portafolio.co/economia/agro/los-efectos-del-incremento-del-precio-internacional-del-cafe-para-los-cultivadores-del-pais-613891
e4b88c92b9f66bc25d1e22c2690bf56245778b700cc68c53ea1525be7f147172,2024-09-20 09:37:36.821108+00:00,es,infobae.com,infobae.com,2024-09-20,"El proyecto noruego de minería en el Ártico causará un daño ""irreversible"",dice Greenpeace",https://www.infobae.com/america/agencias/2024/09/20/el-proyecto-noruego-de-mineria-en-el-artico-causara-un-dano-irreversibledice-greenpeace/
cb5bcfef0d9f22ff461a6362acce0cfcb0d5b40b4c601924ea5baf50b76d1122,2024-09-19 17:30:52.591815+00:00,es,eltiempo.com,eltiempo.com,2024-09-19,"Falleció la 'Gorda Fabiola': ¿cuáles eran las enfermedades que padecía la humorista, ícono de Sábados Felices?",https://www.eltiempo.com/cultura/gente/fallecio-la-gorda-fabiola-cuales-eran-las-enfermedades-que-padecia-la-humorista-icono-de-sabados-felices-3382653
827cee1fe327e2206754364e7c0a27e0bb6dfa147bf4ac9faef4e11ee1dba9b1,2024-09-19 17:30:46.831287+00:00,es,eltiempo.com,eltiempo.com,2024-09-19,"Murió la 'Gorda Fabiola' a sus 61 años: se fue Fabiola Posada, ícono de Sábados Felices y la televisión colombiana",https://www.eltiempo.com/cultura/gente/murio-la-gorda-fabiola-a-sus-61-anos-fabiola-posada-fue-un-icono-del-humor-en-colombia-y-participo-en-sabados-felices-3382630
0e53d478ad32da8ab647bcd8e0eb2b474d80883456521eccae1ea10ac0d76ea8,2024-09-19 17:30:42.057090+00:00,es,eltiempo.com,eltiempo.com,2024-09-19,Exfutbolista del Arsenal en graves problemas: fue arrestado en Reino Unido y es acusado de contrabando de drogas,https://www.eltiempo.com/deportes/futbol-internacional/exfutbolista-del-arsenal-en-graves-problemas-fue-arrestado-en-reino-unido-y-es-acusado-de-contrabando-de-drogas-3382526
2329bbb1d7ff4e8c1538585c91a35e95ab493bc0f75ac58f51e4d86b81617023,2024-09-19 17:30:36.447463+00:00,es,eltiempo.com,eltiempo.com,2024-09-19,La cadena de EE. UU. que anunció nuevos cierres de tiendas en 19 estados,https://www.eltiempo.com/mundo/eeuu-y-canada/la-cadena-de-ee-uu-que-anuncio-nuevos-cierres-de-tiendas-en-19-estados-3382613
78818a560e2b01ac94262069bccf5e5c43011cece2aee23032b2ad4fd12cdbb6,2024-09-19 17:30:31.552610+00:00,es,eltiempo.com,eltiempo.com,2024-09-19,"Este es el hábito que aumenta la felicidad en las mujeres, según científicos de Harvard",https://www.eltiempo.com/cultura/gente/este-es-el-habito-que-aumenta-la-felicidad-en-las-mujeres-segun-cientificos-de-harvard-3382556
8ddfe55f1fdb572cfe5ee7f5f0b301e9c49bd1c650de5b887c8547c4a0e92c23,2024-09-19 17:30:26.094190+00:00,es,eltiempo.com,eltiempo.com,2024-09-19,DT de Atlético Nacional tomó cartas en el asunto por actos de indisciplina de sus jugadores: afuera los de la fiesta,https://www.eltiempo.com/deportes/futbol-colombiano/dt-de-atletico-nacional-tomo-cartas-en-el-asunto-por-actos-de-indisciplina-de-sus-jugadores-afuera-los-de-la-fiesta-3382592
4fa36dc7d2d4aabc98be902126add9d7c1cff14a2afa484fac4828b3c0dc6882,2024-09-19 17:30:21.131420+00:00,es,eltiempo.com,eltiempo.com,2024-09-19,Alcalde Jaime Beltrán confirmó que desde Bucaramanga operan grupos al margen de la ley: esto fue lo que reveló,https://www.eltiempo.com/colombia/santander/ojo-confirman-que-en-bucaramanga-operan-grupos-al-margen-de-la-ley-esto-es-lo-que-se-sabe-3382622
4a37c1a21612dd47af44a6d9129b6855781b7ca60091fd201a83438ef8f2eacb,2024-09-19 17:30:16.600648+00:00,es,eltiempo.com,eltiempo.com,2024-09-19,Encuentro de gobernadores y las Cars en Ibagué asume las problemáticas de la biodiversidad regional de cara a la COP16,https://www.eltiempo.com/colombia/otras-ciudades/encuentro-de-gobernadores-y-las-cars-en-ibague-asume-las-problematicas-de-la-biodiversidad-regional-de-cara-a-la-cop16-3382644
35609fea05472b3a4bcf68649a45aa887511c6769bf5397087e85a113aa39a26,2024-09-19 17:30:11.491582+00:00,es,eltiempo.com,eltiempo.com,2024-09-19,"Los cinco problemas de pareja más comunes, revelado por una psicóloga, y cómo enfrentarlos para evitar una crisis",https://www.eltiempo.com/cultura/gente/los-cinco-problemas-de-pareja-mas-comunes-revelado-por-una-psicologa-y-como-enfrentarlos-para-evitar-una-crisis-3382425
417fba0cb4f4a455a72f7f46e7a2967e5a867e6386d337cb633aa7d7f228a30a,2024-09-19 17:30:07.652343+00:00,es,eltiempo.com,eltiempo.com,2024-09-19,El truco del pitillo y la ziploc para guardar los tomates en la nevera y duren mucho más tiempo frescos,https://www.eltiempo.com/cultura/gente/el-truco-del-pitillo-y-la-ziploc-para-guardar-los-tomates-en-la-nevera-y-duren-mucho-mas-tiempo-frescos-3382598
80bd7596fd4dbf6f7ee1fc0b6d876d0cbbda5b4f363223e2f58150a0e962d98a,2024-09-19 17:30:02.427635+00:00,es,eltiempo.com,eltiempo.com,2024-09-19,David Ospina está en la mala: Atlético Nacional confirmó la gravedad de la lesión que sufrió el arquero en la Copa Colombia,https://www.eltiempo.com/deportes/futbol-colombiano/david-ospina-esta-en-la-mala-atletico-nacional-confirmo-la-gravedad-de-la-lesion-que-sufrio-el-arquero-en-la-copa-colombia-3382555
2f4b77226fe8e60fc46c9dab45e2891f52a3da2e9fea42fab92e30e3b788630a,2024-09-19 17:29:56.882188+00:00,es,eltiempo.com,eltiempo.com,2024-09-19,Así funciona el restaurante más 'rápido' del mundo: sirven la comida en 18 segundos y son platos elaborados,https://www.eltiempo.com/cultura/gente/asi-funciona-el-restaurante-mas-rapido-del-mundo-sirven-la-comida-en-18-segundos-y-son-platos-elaborados-3382608
46a4b10e9823764182a5f651838bd935a2bf124ad37368ac9e64f5852c881073,2024-09-19 17:29:53.132562+00:00,es,eltiempo.com,eltiempo.com,2024-09-19,Esperanza Gómez revela las razones por las que le fue mal en su primera escena en el cine para adultos,https://www.eltiempo.com/cultura/gente/esperanza-gomez-revela-las-razones-por-las-que-le-fue-mal-en-su-primera-escena-en-el-cine-para-adultos-3382593
324c71fd6e629f426f7de64eb68032a91ee3befe2e07901871df226b73280cf7,2024-09-19 17:29:47.727917+00:00,es,eltiempo.com,eltiempo.com,2024-09-19,Las 300 especies que movieron de Florida a Texas por este inédito motivo,https://www.eltiempo.com/mundo/eeuu-y-canada/las-300-especies-que-movieron-de-florida-a-texas-por-este-inedito-motivo-3382576
049788befe15c4dd45da3433c211e280e5e1fe052819cccf2c4340ca971f5372,2024-09-19 17:29:41.815536+00:00,es,eltiempo.com,eltiempo.com,2024-09-19,Reapareció Miguel Ángel López en Europa tras su sanción por caso de dopaje: lanzó un mensaje,https://www.eltiempo.com/deportes/ciclismo/reaparecio-miguel-angel-lopez-en-europa-tras-su-sancion-por-caso-de-dopaje-lanzo-un-mensaje-3382629
1597b173eb3df5ae11a7b8c0ac106150d8074a91d43c6261b2fa1fa2eed8afde,2024-09-19 17:29:39.111506+00:00,es,eltiempo.com,eltiempo.com,2024-09-19,Cristiano Ronaldo: por qué el colegio negó la matrícula a los hijos del jugador y Georgina Rodríguez,https://www.eltiempo.com/cultura/gente/cristiano-ronaldo-por-que-el-colegio-nego-la-matricula-a-los-hijos-del-jugador-y-georgina-rodriguez-3382599
e1efa0262d9681244fc07c67f505075bb04e837a8e58d87b26c81f2ddf3a9603,2024-09-19 17:29:32.754858+00:00,es,eltiempo.com,eltiempo.com,2024-09-19,La camiseta del Manchester City en honor a la banda Oasis que genera rechazo en redes: 'Parece un peto',https://www.eltiempo.com/deportes/futbol-internacional/la-camiseta-del-manchester-city-en-honor-a-la-banda-oasis-que-genera-rechazo-en-redes-parece-un-peto-3382578
3ad725d4e21975aa96b7ef0a4ed07cc6112ce90d39e4df7a0049d5746e9641ec,2024-09-19 17:29:26.530805+00:00,es,eltiempo.com,eltiempo.com,2024-09-19,"Luis Suárez, de cabeza en su negocio: abre dos restaurantes en Madrid y revelan cuál es el plato más exitoso del menú",https://www.eltiempo.com/deportes/futbol-internacional/luis-suarez-de-cabeza-en-su-negocio-abre-dos-restaurantes-en-madrid-y-revelan-cual-es-el-plato-mas-exitoso-del-menu-3382607
1ec40ec3593953281410a2172e54c1533b82ccef0351c0474b0ef7e269bdb552,2024-09-19 17:29:22.176968+00:00,es,eltiempo.com,eltiempo.com,2024-09-19,"Goyo, de ChocQuibTown, reveló detalles de una infidelidad que terminó con su relación",https://www.eltiempo.com/cultura/gente/goyo-de-chocquibtown-revelo-detalles-de-una-infidelidad-que-termino-con-su-relacion-3382633
4d8c3007362036fec8b5ed7f4921732b49f39063c3f64c9569c8b189aebf66a4,2024-09-19 17:29:13.131516+00:00,es,eltiempo.com,eltiempo.com,2024-09-19,Murió la 'Gorda Fabiola': su hijo le había dejado sentido mensaje para celebrarle los 61 años que cumplió un día antes,https://www.eltiempo.com/cultura/gente/murio-la-gorda-fabiola-su-hijo-le-habia-dejado-sentido-mensaje-para-celebrarle-los-61-anos-que-cumplio-un-dia-antes-3382638
41980d4f72c1d2f2f7a293b2725e2076442ebb8e07818f1f932d568309638937,2024-09-19 17:29:04.039238+00:00,es,eltiempo.com,eltiempo.com,2024-09-19,Esta ciudad de EE. UU. suspenderá en 2025 su programa de protección a migrantes,https://www.eltiempo.com/mundo/eeuu-y-canada/esta-ciudad-de-ee-uu-suspendera-en-2025-su-programa-de-proteccion-a-migrantes-3382631
0d3de2105e0ab77cff2027d85d434a942ec3e963ff222364c27f526c60aa998e,2024-09-19 17:20:46.042046+00:00,es,eltiempo.com,eltiempo.com,2024-09-19,Hombre fue detenido por compartir 5.000 fotos y vídeos de abusos sexuales a niños y adolescentes,https://www.eltiempo.com/mundo/latinoamerica/hombre-es-arrestado-por-compartir-fotos-y-videos-de-abuso-sexual-infantil-3382626
a0fc5ac6cde7107b33e322ee652d7f70c26706f76c2c82d9f979f5b6a124c5a5,2024-09-19 17:20:40.795867+00:00,es,eltiempo.com,eltiempo.com,2024-09-19,Trabajó en McDonald's de Nueva York por 50 años y sus jefes le regalaron algo impensado,https://www.eltiempo.com/mundo/eeuu-y-canada/trabajo-en-mcdonald-s-de-nueva-york-por-50-anos-y-sus-jefes-le-regalaron-algo-impensado-3382617
08ade8fb68b4e3e11a1d27dff706f8ec1817c036a522ec8121cbd510f0c692c4,2024-09-19 17:20:36.997790+00:00,es,eltiempo.com,eltiempo.com,2024-09-19,"Es de Texas, se mudó a México y se sorprendió con que esto es más caro",https://www.eltiempo.com/mundo/eeuu-y-canada/es-de-texas-se-mudo-a-mexico-y-se-sorprendio-con-que-esto-es-mas-caro-3382454
c6d00b2d8c8d4d01e6f0db0264ea5d3ed9b303c46ba11f9435f00b4508b866f2,2024-09-19 17:20:30.774326+00:00,es,eltiempo.com,eltiempo.com,2024-09-19,Nubes de fuego en California: así se ven desde el espacio los incendios forestales,https://www.eltiempo.com/mundo/eeuu-y-canada/nubes-de-fuego-en-california-asi-se-ven-desde-el-espacio-los-incendios-forestales-3382612
5aab8d75abf31145d8491303c1e45b750f5357e0c0888cd7f587cf272a10d38c,2024-09-19 17:20:25.885615+00:00,es,eltiempo.com,eltiempo.com,2024-09-19,Esta actitud suya al dormir puede aumentar el riesgo de diabetes: Harvard,https://www.eltiempo.com/mundo/eeuu-y-canada/esta-actitud-suya-al-dormir-puede-aumentar-el-riesgo-de-diabetes-harvard-3382597
2442bb46f62cca7374c09acbc82dbe2f88abf62f8d40cce017ae6ead2dd654ac,2024-09-19 17:20:05.631262+00:00,es,eltiempo.com,eltiempo.com,2024-09-19,"Niño muere al intentar 'surfear' en metro de Nueva York, ¿de qué trata la peligrosa maniobra?",https://www.eltiempo.com/mundo/eeuu-y-canada/nino-de-11-anos-muere-practicando-subway-surfing-en-nueva-york-peligro-en-aumento-3382614
443dc6da5c05a024b5726b7dc5ad98edb1268a481f5badafe2b1750f0e195d53,2024-09-19 17:19:40.763086+00:00,es,eltiempo.com,eltiempo.com,2024-09-19,Mujer latina atropelló a siete y mató a dos alemanas en Italia: 'Parecía un atentado',https://www.eltiempo.com/mundo/europa/mujer-latina-atropello-a-siete-y-mato-a-dos-alemanas-en-italia-parecia-un-atentado-3382609
1bc668ec73302c2b977fe2ae7ea5dd47b4f71202a7b694c4524602d62a08d9ba,2024-09-19 17:19:26.816950+00:00,es,eltiempo.com,eltiempo.com,2024-09-19,Alertan en EE. UU. por un virus que puede afectar especialmente a los niños,https://www.eltiempo.com/mundo/eeuu-y-canada/alertan-en-ee-uu-por-un-virus-que-puede-afectar-especialmente-a-los-ninos-3382323
313879d31cfa653f599cb2444746b9a263309add56d23faa608db011283010a7,2024-09-19 17:19:21.647257+00:00,es,eltiempo.com,eltiempo.com,2024-09-19,Estados Unidos anunció un cambio importante sobre el trámite del pasaporte,https://www.eltiempo.com/mundo/eeuu-y-canada/estados-unidos-anuncio-un-cambio-importante-sobre-el-tramite-del-pasaporte-3382620
24fe103d1f955df48b62a9281eff95423048d2a5a31798c2819f77fa1ee91e7f,2024-09-19 17:19:10.596623+00:00,es,eltiempo.com,eltiempo.com,2024-09-19,Aviones de combate de Israel sobrevuelan la capital del Líbano y rompen la barrera de sonido durante discurso del jefe de Hezbolá,https://www.eltiempo.com/mundo/medio-oriente/aviones-de-combate-israeli-sobrevuelan-beirut-la-capital-del-libano-durante-discurso-del-jefe-de-hezbola-3382619
1d7f6671df254052be78e423301a2383dbaade8ef55fe57b1293def6c245d97b,2024-09-12 14:30:20.905947+00:00,es,infobae.com,infobae.com,2024-09-12,"Dolores de cabeza, picazón en los ojos y dificultad para respirar: el humo de los incendios forestales ahoga a pueblos enteros en Bolivia",https://www.infobae.com/america/america-latina/2024/09/12/dolores-de-cabeza-picazon-en-los-ojos-y-dificultad-para-respirar-el-humo-de-los-incendios-forestales-ahoga-a-pueblos-enteros-en-bolivia/
99b6358687754d9052ebc11553b26779d98fba0603fdbdde20465d9bda3e85cd,2024-09-12 01:28:33.933014+00:00,es,infobae.com,infobae.com,2024-09-12,El humo de los incendios forestales ahoga a comunidades enteras en el oriente de Bolivia,https://www.infobae.com/america/agencias/2024/09/12/el-humo-de-los-incendios-forestales-ahoga-a-comunidades-enteras-en-el-oriente-de-bolivia/
337f263274c4276b1e7316e4da1285662bc253cd998678effb16924aa45a6d8f,2024-09-11 16:21:34.720354+00:00,es,elpilon.com.co,elpilon.com.co,2024-09-11,El SIRAP Caribe Colombiano inicia la identificación de Áreas de Manejo Especial en el contexto de la COP 16 de Biodiversidad,https://elpilon.com.co/el-sirap-caribe-colombiano-inicia-la-identificacion-de-areas-de-manejo-especial-en-el-contexto-de-la-cop-16-de-biodiversidad/
2a59982bc5f4352d4d4faaaac20207bb98add31b24d57c05d6ab8855325a2658,2024-09-10 11:29:10.026623+00:00,es,laguajirahoy.com,laguajirahoy.com,2024-09-10,La Guajira propone fondo de agua y Ley del Desierto,https://laguajirahoy.com/la-guajira/la-guajira-propone-fondo-de-agua-y-ley-del-desierto.html?utm_source=rss&utm_medium=rss&utm_campaign=la-guajira-propone-fondo-de-agua-y-ley-del-desierto
427b2031cc548a0fd1a9b112bdf362f941c7c4e0d30f70b8151b78eee53ce1de,2024-09-10 06:57:21.520358+00:00,es,lapatilla.com,lapatilla.com,2021-10-14,Toma nota: Guía simple para entender el cambio climático,https://www.lapatilla.com/2021/10/14/guia-cambio-climatico/
b1c22c0c6b9c3be66c63474ef49514e93038da582bbe14fde23e46a0fea32a79,2024-09-10 05:28:34.092720+00:00,es,infobae.com,infobae.com,2021-10-16,La reunión mundial más importante ya está sucediendo y no te has enterado,https://www.infobae.com/america/the-new-york-times/2021/10/16/la-reunion-mundial-mas-importante-ya-esta-sucediendo-y-no-te-has-enterado/
3284c594b3812ce3ee867aa4bb0d3ff6d8733b43d34b2fda6b48c5c94b8d4afb,2024-09-10 05:13:57.306214+00:00,es,lapatilla.com,lapatilla.com,2021-10-15,Siete razones científicas que confirman que el planeta se está calentando,https://www.lapatilla.com/2021/10/15/siete-razones-cientificas-que-confirman-que-el-planeta-se-esta-calentando/
28b692ba57a37c1fc5a25d2738fad7d6e77035620eeaa073b93a13b53a5a4c96,2024-09-10 00:48:21.899136+00:00,es,infobae.com,infobae.com,2021-10-17,La reunión mundial más importante ya está sucediendo y no te has enterado,https://www.infobae.com/america/the-new-york-times/2021/10/17/la-reunion-mundial-mas-importante-ya-esta-sucediendo-y-no-te-has-enterado/
89226e15b8cd231c8adfdfaafc91783b389f5ae7a4dbb8e96496abd74100dbfe,2024-09-10 00:31:27.629800+00:00,es,eltiempo.com,eltiempo.com,2021-10-17,Cuatro duros retratos del cambio climático,https://www.eltiempo.com/vida/medio-ambiente/cambio-climatico-cuatro-casos-625732
7761bf744c288d9b5ae9ca782575720de79e4863154508ad79178f457394361c,2024-09-09 20:26:00.401284+00:00,es,eltiempo.com,eltiempo.com,2024-09-09,Bogotá celebra el 'Mes del Patrimonio 2024' con más de 20 actividades gratuitas: conozca algunas de ellas,https://www.eltiempo.com/bogota/bogota-celebra-el-mes-del-patrimonio-2024-con-mas-de-20-actividades-gratuitas-conozca-algunas-de-ellas-3379367
1bcbef358ea0ecbc9ed349872e3f0605c41ec9e6631f65b1a6b2ad8934f37468,2024-09-09 18:54:44.852086+00:00,es,infobae.com,infobae.com,2021-10-21,REPORTE ESPECIAL-¿El Amazonas se acerca al punto de efracción? Tres trabajos en terreno son aciagos,https://www.infobae.com/america/agencias/2021/10/21/reporte-especial-el-amazonas-se-acerca-al-punto-de-efraccion-tres-trabajos-en-terreno-son-aciagos-3/
7fe79841b465533d46dae4c1fd6b85fff1de3471afc675077ecc7dcd013c2ead,2024-09-09 18:42:12.073969+00:00,es,infobae.com,infobae.com,2021-10-21,La Tierra podría ser un planeta radicalmente distinto en el año 2500 por el cambio climático,https://www.infobae.com/politica/2021/10/21/la-tierra-podria-ser-un-planeta-radicalmente-distinto-en-el-ano-2500-segun-revelo-un-grupo-de-cientificos/
66e75951791b802754d9bbbab07752d1dcf6860266f6c6d39419d70655a0043d,2024-09-09 18:34:00.886056+00:00,es,infobae.com,infobae.com,2021-10-21,La crisis climática en el centro del debate: la previa del encuentro en Glasgow para intentar poner en marcha el Acuerdo de París,https://www.infobae.com/politica/2021/10/21/la-crisis-climatica-en-el-centro-del-debate-la-previa-del-encuentro-en-glasgow-para-intentar-poner-en-marcha-el-acuerdo-de-paris/
019fce1d44db34051021e9cf70778aaf1907f10f739914e4df1247069be20f6e,2024-09-09 14:33:10.842487+00:00,es,eltiempo.com,eltiempo.com,2021-10-23,La financiación de un sistema de alimentación sostenible,https://www.eltiempo.com/vida/medio-ambiente/el-sistema-de-alimentacion-y-el-cambio-climatico-627246
c204d36f28706ba0b0568c3d5cbbc305f8dadfa40ebe4862ba6c4a5ca0a27e94,2024-09-09 14:33:10.773270+00:00,es,eltiempo.com,eltiempo.com,2021-10-23,La destrucción de la Amazonía traería un ‘apocalipsis’ mundial,https://www.eltiempo.com/vida/medio-ambiente/las-terribles-consecuencias-de-la-destruccion-de-la-amazonia-627251
5d23d13081aa81297c06e00c241257ca34cf32f6478d6168adae0be8f1dbebd1,2024-09-09 14:06:40.774939+00:00,es,eltiempo.com,eltiempo.com,2021-10-25,Hábitats de los delfines de río podrían convertirse en 'desiertos de agua',https://www.eltiempo.com/vida/medio-ambiente/delfines-de-rio-de-colombia-amenazados-por-la-contaminacion-627775
e5a8c552d08d82a149e2f39bd80e277ee395bfdc12ab012d5f9becd4b6bcc401,2024-09-09 12:07:50.520185+00:00,es,eltiempo.com,eltiempo.com,2021-10-26,Así será el tercer Festival de Cine y Ambiente Itinerante de la Amazonía,https://www.eltiempo.com/vida/medio-ambiente/ultima-semana-para-participar-en-el-festival-de-cine-de-la-amazonia-627809
1021d0e9af03149033a69020c4e43567ac32f108e7469c924b50712bc0bd73b2,2024-09-09 07:56:34.886522+00:00,es,infobae.com,infobae.com,2021-10-28,"Cambio climático: “No podemos esperar que pase la pandemia para ocuparnos”, advierte la comunidad científica",https://www.infobae.com/america/medio-ambiente/2021/10/28/cambio-climatico-no-podemos-esperar-que-pase-la-pandemia-para-ocuparnos-advierte-la-comunidad-cientifica/
5192109f445aeccb5420b892e1a8fb58e12c8dccbaa84ff0ed720b0a10d162a0,2024-09-09 05:20:43.791007+00:00,es,infobae.com,infobae.com,2021-10-30,Greta Thunberg: “Todos los sistemas políticos y económicos han fallado”,https://www.infobae.com/america/medio-ambiente/2021/10/30/greta-thunberg-todos-los-sistemas-politicos-y-economicos-han-fallado/
4defdf601840a8f48598cb4c42bd595272ffc178e871730db7543243a9990792,2024-09-09 04:28:58.088790+00:00,es,eltiempo.com,eltiempo.com,2021-10-30,La Cumbre Climática: un punto de quiebre sin margen para el fracaso,https://www.eltiempo.com/vida/medio-ambiente/que-se-define-en-la-cop26-de-glasgow-frente-al-cambio-climatico-628932
45369710bd875faa9e0fc1823188c0b2d6885cf367dd196f23e5730bbfbf0462,2024-09-09 03:30:50.177762+00:00,es,eltiempo.com,eltiempo.com,2021-11-01,El documental que muestra la realidad alimentaria del país,https://www.eltiempo.com/colombia/otras-ciudades/el-documental-que-muestra-la-realidad-alimentaria-del-pais-629229
dcf2422767fef46cf0a3d241e9037f234e9126baf0993bb46f55747f13474c0c,2024-09-09 02:29:43.063657+00:00,es,las2orillas.co,las2orillas.co,2021-11-02,El fracaso del romántico COP26 de Glasgow,https://www.las2orillas.co/el-fracaso-del-romantico-cop26-de-glasgow/
310127b2442590a3a405b45572bce2001b3128950336d1635f71123bb722433c,2024-09-09 01:55:31.428805+00:00,es,eltiempo.com,eltiempo.com,2021-11-02,Así cumplirá Colombia la meta de proteger el 30 % de sus océanos a 2022,https://www.eltiempo.com/vida/medio-ambiente/gobierno-creara-dos-nuevas-areas-protegidas-en-sus-oceanos-629466
887fd49ad8fa6d23154e15a2a0a07ca81739f94dab4d5d1b9e0d2e5582f28501,2024-09-09 01:31:19.048460+00:00,es,eltiempo.com,eltiempo.com,2021-11-02,"Alemania, Noruega y Reino Unido donan US$ 33 millones contra deforestación",https://www.eltiempo.com/vida/medio-ambiente/alemania-noruega-y-reino-unido-donan-us-33-millones-contra-deforestacion-629365
2fecbed52f36b8a191cb1df29ac168571828a870111654d8a6fc5e9583ba656a,2024-09-09 00:04:41.967453+00:00,es,portafolio.co,portafolio.co,2021-11-03,"América Latina y el Caribe, el actor inesperado del cambio climático",https://www.portafolio.co/internacional/america-latina-y-el-caribe-el-actor-inesperado-del-cambio-climatico-558093
227dfe744bcc759b49b0f8189f40f0d629b81730759ac63e62e1fedc4e36c94e,2024-09-08 19:09:09.805089+00:00,es,eltiempo.com,eltiempo.com,2021-11-05,‘Tenemos que evitar lo peor y prepararnos para lo inevitable’,https://www.eltiempo.com/vida/medio-ambiente/tenemos-que-evitar-lo-peor-y-prepararnos-para-lo-inevitable-630421
3f1a8d913e24799d5a11717b639333a77b0221c0a9c73c10072542c3d3874452,2024-09-08 18:20:23.606498+00:00,es,eltiempo.com,eltiempo.com,2021-11-06,"Proteger el 30 % del territorio, una meta compleja pero vital para Colombia",https://www.eltiempo.com/vida/medio-ambiente/cop26-proteger-el-30-del-territorio-una-meta-vital-para-colombia-630535
957bca91ac323ef9c0992703fe4c8575ba3203d65c212e1e61bbfd48f0e26370,2024-09-08 17:54:38.057244+00:00,es,infobae.com,infobae.com,2021-11-09,"Anticipo de “Tecnoceno”, de Flavia Costa",https://www.infobae.com/cultura/2021/11/09/anticipo-de-tecnoceno-de-flavia-costa/
fe423551a1ddda45f22cfe570b6607c55d715a0dc2cd7ee9b5d72481d9951c52,2024-09-08 16:40:39.937493+00:00,es,eltiempo.com,eltiempo.com,2021-11-07,¿La Cuarta Revolución Industrial servirá a la sostenibilidad?,https://www.eltiempo.com/vida/medio-ambiente/los-riesgos-de-la-cuarta-revolucion-industrial-630616
ac705cfb3b3aebe67090f758e5ac9934baa53375d4625d2eb497149600f5bc87,2024-09-08 12:22:36.538165+00:00,es,hoydiariodelmagdalena.com.co,hoydiariodelmagdalena.com.co,2021-11-11,Firman acuerdo para la recuperación del canal del Dique,https://www.hoydiariodelmagdalena.com.co/archivos/592571
e8b7814a84ac274479f734040607629ebd57c6a62cf15522ed166fabe7c495ca,2024-09-08 09:39:48.527322+00:00,es,infobae.com,infobae.com,2021-09-16,Ecoansiedad: el 75 % de los jóvenes opina que “el futuro es aterrador” por el cambio climático,https://www.infobae.com/sociedad/2021/09/16/ecoansiedad-el-75-de-los-jovenes-opina-que-el-futuro-es-aterrador-por-el-cambio-climatico/
2f3ce7d2e63cfa0946267699afa604cf8b455d965e048a45381442f0e6f52137,2024-09-08 08:12:48.856397+00:00,es,eltiempo.com,eltiempo.com,2021-09-15,"Colombia, entre los peores países para pensionarse",https://www.eltiempo.com/economia/finanzas-personales/colombia-entre-los-peores-paises-para-pensionarse-618257
20086ec01dbae430a6363866f1ffe8804343bc934c8de1cfaa5b8cd710fb4c53,2024-09-08 00:30:29.056747+00:00,es,infobae.com,infobae.com,2021-09-21,"ONU.-Guterres alerta de que el mundo está ante un ""callejón sin salida"" motivado por la COVID-19 y la crisis climática",https://www.infobae.com/america/agencias/2021/09/21/onu-guterres-alerta-de-que-el-mundo-esta-ante-un-callejon-sin-salida-motivado-por-la-covid-19-y-la-crisis-climatica/
7a1689c5babf89a8a48a063d78f8ce27705e37e64c400a92b04cc3116f8eb449,2024-09-07 23:26:04.072923+00:00,es,infobae.com,infobae.com,2024-09-07,Contaminación del aire: por qué es un grave problema global que afecta a la salud y el medio ambiente,https://www.infobae.com/salud/ciencia/2024/09/07/contaminacion-del-aire-por-que-es-un-grave-problema-global-que-afecta-a-la-salud-y-el-medio-ambiente/
4ed6615623c36ff9e8aa4fe77c5ec8b604ee026ad5346fbc803d7a1b74c8b5ea,2024-09-07 19:28:05.140910+00:00,es,infobae.com,infobae.com,2021-09-23,#24S: miles de jóvenes marcharán en todo el país y el mundo para reclamar acciones contra la crisis climática,https://www.infobae.com/sociedad/2021/09/23/24s-miles-de-jovenes-marcharan-en-todo-el-pais-y-el-mundo-para-reclamar-acciones-contra-la-crisis-climatica/
66d8d1e159811d91bf61edc24f4687860bfe0ad8de6f81449251daf940c1d189,2024-09-07 13:46:06.805364+00:00,es,infobae.com,infobae.com,2021-09-27,Una revolución sostenible intenta abrirse paso en la Amazonía brasileña,https://www.infobae.com/america/agencias/2021/09/27/una-revolucion-sostenible-intenta-abrirse-paso-en-la-amazonia-brasilena/
4f62f9fdd07eb8e479cfce91a32fdd2db51ee39e4c535da68d2ff4de498d1aa9,2024-09-07 12:56:32.348448+00:00,es,infobae.com,infobae.com,2021-09-27,Qué enseña sobre las sociedades y las personas el ranking de los países más felices del mundo,https://www.infobae.com/america/soluciones/2021/09/27/que-ensena-sobre-las-sociedades-y-las-personas-el-ranking-de-los-paises-mas-felices-del-mundo/
5b1642eecbd837a7019451e66c32527e7fa2c62a66a3e57d67e25c4324827631,2024-09-06 22:22:38.114578+00:00,es,pulzo.com,pulzo.com,2021-10-05,"Calentamiento global ‘cocina’ desaparición de papa, arroz, café, cacao y más productos",https://www.pulzo.com/vivir-bien/calentamiento-global-cocina-desaparicion-papa-arroz-cafe-PP1080953
4cee7e264377574c77821193f3c0ff492e7fd2e42196569cf6ebb9cdfa04b2bb,2024-09-06 21:53:10.634978+00:00,es,infobae.com,infobae.com,2021-10-05,La búsqueda de los ancestros de las plantas amenazadas por el cambio climático,https://www.infobae.com/america/agencias/2021/10/05/la-busqueda-de-los-ancestros-de-las-plantas-amenazadas-por-el-cambio-climatico/
6cfb117f2d695bff499593fb0a353d10dd24dd7d3dee2b5d2a8505d20dbdc5d4,2024-09-06 20:05:05.342975+00:00,es,infobae.com,infobae.com,2021-10-06,Ciencia.-El calentamiento aniquiló un 14% del coral mundial en la última década,https://www.infobae.com/america/agencias/2021/10/06/ciencia-el-calentamiento-aniquilo-un-14-del-coral-mundial-en-la-ultima-decada/
a6b573a278b24b32a6cb5567986fe9bb5043c8a415b99f35f2bca179dbc0e604,2024-09-06 13:37:07.112457+00:00,es,semanariovoz.com,semanariovoz.com,2021-10-11,“Estamos al borde del abismo”,https://semanariovoz.com/estamos-al-borde-del-abismo/
8a9a8ed5c66ee2152322fdabf2117bade5b7467efa90dac7f0b128f3261f4f96,2024-09-06 13:17:40.768530+00:00,es,45segundos.com,45segundos.com,2024-09-06,la producción audiovisual de Colsubsidio para todos los colombianos,https://45segundos.com/actualidad/la-produccion-audiovisual-de-colsubsidio-para-todos-los-colombianos/
c29ee3e061a0b5542aab8c131a63e6116d6ada0efa44083c91d576c119105470,2024-09-06 11:05:15.733384+00:00,es,infobae.com,infobae.com,2024-09-06,¿Desafiar las leyes del tiempo? Ahora es posible gracias al nuevo 'Double Serum' de Clarins,https://www.infobae.com/america/agencias/2024/09/06/desafiar-las-leyes-del-tiempo-ahora-es-posible-gracias-al-nuevo-double-serum-de-clarins/
deca100f81266691150c356e7934318dc26cdc5fd00ae7b8cad02020e48abae4,2024-09-06 10:27:36.059669+00:00,es,las2orillas.co,las2orillas.co,2024-09-06,'Latidos del Bosque Seco': la producción audiovisual de Colsubsidio para todos los colombianos,https://www.las2orillas.co/latidos-del-bosque-seco-la-produccion-audiovisual-de-colsubsidio-para-todos-los-colombianos/
8b425521bba6642fe5fe95770bf4cad982b8f9c6c4d97bb5e928308bef7ece7b,2024-09-06 09:10:53.488029+00:00,es,lapatilla.com,lapatilla.com,2021-10-12,"Si la selva desaparece, este mundo queda en llamas"": La GRAVE alerta del líder de los indígenas de la Amazonía",https://www.lapatilla.com/2021/10/12/alerta-amazonia-apocalipsis-selva/
4ebc8d9ce6539d9813945e811a9115ede22092df3e714e154fc7f17e7080861d,2024-09-06 09:02:04.089412+00:00,es,infobae.com,infobae.com,2021-10-12,"La destrucción de la Amazonía traería un ""apocalipsis"" mundial, alertan sus guardianes",https://www.infobae.com/america/agencias/2021/10/12/la-destruccion-de-la-amazonia-traeria-un-apocalipsis-mundial-alertan-sus-guardianes/
d8ac558ff87cc4c75ba044c3209dbafad87630c8383e582a6de1907692cd53c0,2024-09-06 08:13:48.494561+00:00,es,las2orillas.co,las2orillas.co,2021-10-13,Iván Duque: último heredero del 12 de octubre,https://www.las2orillas.co/ivan-duque-ultimo-heredero-del-12-de-octubre/
03076400e46db82b5449599567c4527685d997adab0d30074d2a33868c884f99,2024-09-05 11:27:06.140819+00:00,es,eltiempo.com,eltiempo.com,2024-09-04,Tormenta histórica desata el caos en Roma: reportan daños en el Arco de Constantino e inundaciones en el metro,https://www.eltiempo.com/mundo/europa/el-arco-de-constantino-y-el-metro-de-roma-danados-por-una-tormenta-sin-precedentes-3377944
9ae9197ac4ebb1e0791d34f7fb43deb45b6c75123dad62f9d79a7f93e8397893,2024-09-04 05:29:28.965723+00:00,es,diariolalibertad.com,diariolalibertad.com,2021-04-05,Evitemos la pérdida irreversible de nuestros bosques,https://diariolalibertad.com/sitio/2021/04/05/evitemos-la-perdida-irreversible-de-nuestros-bosques/
3edf1214e3c922a3849332ca80a244fc71c8ececaa716d2ff4d555f0a7a5a6c0,2024-09-03 23:51:32.337723+00:00,es,diariolalibertad.com,diariolalibertad.com,2021-04-08,Evitemos la pérdida irreversible de nuestros bosques,https://diariolalibertad.com/sitio/2021/04/08/evitemos-la-perdida-irreversible-de-nuestros-bosques-2/
18484d02c2a5047cb971c52c8598b79d8be90573d2835a809e9ae2c93ba2bcac,2024-09-03 22:37:51.611702+00:00,es,razonpublica.com,razonpublica.com,2021-04-12,¿Reducir el aguacero pero abrir más goteras?,https://razonpublica.com/reducir-aguacero-abrir-mas-goteras/
68473479f016997768c011e58752e8810a5977299215ebf8b890dff15e9e9c86,2024-09-03 20:14:01.073063+00:00,es,extra.com.co,extra.com.co,2021-04-14,Llamado a tomar conciencia sobre efectos ambientales de la demanda mundial de drogas,https://barrancabermeja.extra.com.co/noticias/politica/llamado-tomar-conciencia-sobre-efectos-ambientales-de-la-d-675779
f70d6dd5b72f68225ecde12d009c2255bedd85b15fe4e4d3536fd2d8d0b0e564,2024-09-03 20:13:16.010676+00:00,es,extra.com.co,extra.com.co,2021-04-14,Llamado a tomar conciencia sobre efectos ambientales de la demanda mundial de drogas,https://cauca.extra.com.co/noticias/politica/llamado-tomar-conciencia-sobre-efectos-ambientales-de-la-d-675779
672936efbeebb72e8e7ef36e64204c3402fc621fb2c0893897020e2fe013ecab,2024-09-03 20:11:36.613233+00:00,es,extra.com.co,extra.com.co,2021-04-14,Llamado a tomar conciencia sobre efectos ambientales de la demanda mundial de drogas,https://chiquinquira.extra.com.co/noticias/politica/llamado-tomar-conciencia-sobre-efectos-ambientales-de-la-d-675779
b889e3df020bc0b53680a4a75e7eab1ad1d5e5ce22497dea9997b90ffef6af40,2024-09-03 20:11:34.564910+00:00,es,extra.com.co,extra.com.co,2021-04-14,Llamado a tomar conciencia sobre efectos ambientales de la demanda mundial de drogas,https://pasto.extra.com.co/noticias/politica/llamado-tomar-conciencia-sobre-efectos-ambientales-de-la-d-675779
4a137b5bc3504abacb6fb7223c0007027eb0fb17b199576f8c64f959c74cbeb0,2024-09-03 20:04:26.040296+00:00,es,extra.com.co,extra.com.co,2021-04-14,Llamado a tomar conciencia sobre efectos ambientales de la demanda mundial de drogas,https://boyaca.extra.com.co/noticias/politica/llamado-tomar-conciencia-sobre-efectos-ambientales-de-la-d-675779
961dedab5c32031d42557f9e6df52ed6b4e3eacab8d5be3c1583f0164d2b12a6,2024-09-03 20:04:24.397862+00:00,es,extra.com.co,extra.com.co,2021-04-14,Llamado a tomar conciencia sobre efectos ambientales de la demanda mundial de drogas,https://huila.extra.com.co/noticias/politica/llamado-tomar-conciencia-sobre-efectos-ambientales-de-la-d-675779
5672388d1124d788ac31cd13e6e4607f0f01c0f13aa656a40abe1f80dd8e7c65,2024-09-03 20:04:20.349047+00:00,es,extra.com.co,extra.com.co,2021-04-14,Llamado a tomar conciencia sobre efectos ambientales de la demanda mundial de drogas,https://caqueta.extra.com.co/noticias/politica/llamado-tomar-conciencia-sobre-efectos-ambientales-de-la-d-675779
0c9320eb50c0231fedc06eec86120301cd93f2881af44005c8c2430825872c11,2024-09-03 20:04:17.432706+00:00,es,hsbnoticias.com,hsbnoticias.com,2021-04-14,Llamado a tomar conciencia sobre efectos ambientales de la demanda mundial de drogas,https://hsbnoticias.com/noticias/politica/llamado-tomar-conciencia-sobre-efectos-ambientales-de-la-d-675779
d388607f469c45f0f39c8de8c2e6ae24cb1109b1c7b16eb846ffd49a89a3f3b8,2024-09-03 20:03:59.631899+00:00,es,extra.com.co,extra.com.co,2021-04-14,Llamado a tomar conciencia sobre efectos ambientales de la demanda mundial de drogas,https://ladorada.extra.com.co/noticias/politica/llamado-tomar-conciencia-sobre-efectos-ambientales-de-la-d-675779
51fd7bc07eb9fa171f18bae4aa352a630779a0ce47bf99cff0403d86e71e27c1,2024-09-03 20:00:21.705365+00:00,es,extra.com.co,extra.com.co,2021-04-14,Llamado a tomar conciencia sobre efectos ambientales de la demanda mundial de drogas,https://casanare.extra.com.co/noticias/politica/llamado-tomar-conciencia-sobre-efectos-ambientales-de-la-d-675779
2b968a9b0a1b70db729066f6c30bd02af8b5ac0ca5ae392a4432eca8fe520a9d,2024-09-03 19:58:11.047875+00:00,es,extra.com.co,extra.com.co,2021-04-14,Llamado a tomar conciencia sobre efectos ambientales de la demanda mundial de drogas,https://ibague.extra.com.co/noticias/politica/llamado-tomar-conciencia-sobre-efectos-ambientales-de-la-d-675779
d10b7dbe18023decbe86e786609fee03ad6687640b59cd79e2d5af70552525ba,2024-09-03 19:58:10.575760+00:00,es,diariodelcauca.com.co,diariodelcauca.com.co,2021-04-14,Llamado a tomar conciencia sobre efectos ambientales de la demanda mundial de drogas,https://diariodelcauca.com.co/noticias/politica/llamado-tomar-conciencia-sobre-efectos-ambientales-de-la-d-675779
583ee84362592e9f89da5216c558796f67fd335e5c6605eae7590e0b7ed3c5e1,2024-09-03 19:58:09.494211+00:00,es,diariodelsur.com.co,diariodelsur.com.co,2021-04-14,Llamado a tomar conciencia sobre efectos ambientales de la demanda mundial de drogas,https://diariodelsur.com.co/noticias/politica/llamado-tomar-conciencia-sobre-efectos-ambientales-de-la-d-675779
2d2e6811919b007a81ad29169179aaa2e3445c7a9016e946a609667da7229b38,2024-09-03 19:56:09.362187+00:00,es,extra.com.co,extra.com.co,2021-04-14,Llamado a tomar conciencia sobre efectos ambientales de la demanda mundial de drogas,https://palmira.extra.com.co/noticias/politica/llamado-tomar-conciencia-sobre-efectos-ambientales-de-la-d-675779
8bb90b1f8d818dc1516db14f02a624b0c2d52c7a9806c28ace54dc6dfd3c5355,2024-09-03 19:55:55.136499+00:00,es,extra.com.co,extra.com.co,2021-04-14,Llamado a tomar conciencia sobre efectos ambientales de la demanda mundial de drogas,https://cali.extra.com.co/noticias/politica/llamado-tomar-conciencia-sobre-efectos-ambientales-de-la-d-675779
b97e043a637caf7a99b69711c8102fab152141b00fdd3f423be1f460bdc7faee,2024-09-03 19:54:54.068034+00:00,es,extra.com.co,extra.com.co,2021-04-14,Llamado a tomar conciencia sobre efectos ambientales de la demanda mundial de drogas,https://bucaramanga.extra.com.co/noticias/politica/llamado-tomar-conciencia-sobre-efectos-ambientales-de-la-d-675779
86359bd65100533066ac4b7be6b7ee6caf5b220aadec151254a280092f1901e1,2024-09-03 19:44:12.669750+00:00,es,extra.com.co,extra.com.co,2021-04-15,Piden conciencia sobre efectos ambientales de la demanda mundial de drogas,https://casanare.extra.com.co/noticias/politica/piden-conciencia-sobre-efectos-ambientales-de-la-demanda-mun-675914
07e0d68955b0f228363ac58acb0e39760cb023404228a9b59b7163691a10365a,2024-09-03 19:42:43.811664+00:00,es,extra.com.co,extra.com.co,2021-04-15,Piden conciencia sobre efectos ambientales de la demanda mundial de drogas,https://ibague.extra.com.co/noticias/politica/piden-conciencia-sobre-efectos-ambientales-de-la-demanda-mun-675914
d5ec089cc354d3a92ba1f9cd87a58bcc48f3feb5205cd9447b06db0547316b08,2024-09-03 19:41:23.018803+00:00,es,extra.com.co,extra.com.co,2021-04-15,Piden conciencia sobre efectos ambientales de la demanda mundial de drogas,https://pasto.extra.com.co/noticias/politica/piden-conciencia-sobre-efectos-ambientales-de-la-demanda-mun-675914
8db276d5ea2f258b032e4d8786132716f7352163cdcefd2d8c34a9f02a6ea379,2024-09-03 19:41:15.817417+00:00,es,extra.com.co,extra.com.co,2021-04-15,Piden conciencia sobre efectos ambientales de la demanda mundial de drogas,https://cali.extra.com.co/noticias/politica/piden-conciencia-sobre-efectos-ambientales-de-la-demanda-mun-675914
3a2d079c55b2362c7004a4d6a7e6dca2e6ff68dd1a5a30bb45c545138787fc1b,2024-09-03 19:39:40.544402+00:00,es,extra.com.co,extra.com.co,2021-04-15,Piden conciencia sobre efectos ambientales de la demanda mundial de drogas,https://bucaramanga.extra.com.co/noticias/politica/piden-conciencia-sobre-efectos-ambientales-de-la-demanda-mun-675914
2927dff9c523bdba4d6d9344502fb6da9a5bd3b5605077b978214866dcbcec28,2024-09-03 19:27:13.948421+00:00,es,extra.com.co,extra.com.co,2021-04-15,Piden conciencia sobre efectos ambientales de la demanda mundial de drogas,https://cauca.extra.com.co/noticias/politica/piden-conciencia-sobre-efectos-ambientales-de-la-demanda-mun-675914
49664971f03771b33b5cf982b8f304edca19c2cabd0b42bd44ce17ddd8444123,2024-09-03 19:27:13.845309+00:00,es,extra.com.co,extra.com.co,2021-04-15,Piden conciencia sobre efectos ambientales de la demanda mundial de drogas,https://chiquinquira.extra.com.co/noticias/politica/piden-conciencia-sobre-efectos-ambientales-de-la-demanda-mun-675914
27f5ce129016ddd8a17d84eeee61baa041c79178c801348e5122a28be9d52421,2024-09-03 19:25:46.011971+00:00,es,extra.com.co,extra.com.co,2021-04-15,Piden conciencia sobre efectos ambientales de la demanda mundial de drogas,https://cucuta.extra.com.co/noticias/politica/piden-conciencia-sobre-efectos-ambientales-de-la-demanda-mun-675914
d146da6d4c7f1a39ba9593370ee980503db5e19a8ee53fb134a2eef3f1a1bf2c,2024-09-03 19:23:52.883579+00:00,es,extra.com.co,extra.com.co,2021-04-15,Piden conciencia sobre efectos ambientales de la demanda mundial de drogas,https://putumayo.extra.com.co/noticias/politica/piden-conciencia-sobre-efectos-ambientales-de-la-demanda-mun-675914
ffb10298d19ed0071aa2673cc566f2cf5638375e410716f2b4fbdc86203c5bf9,2024-09-03 19:23:51.035772+00:00,es,extra.com.co,extra.com.co,2021-04-15,Piden conciencia sobre efectos ambientales de la demanda mundial de drogas,https://ladorada.extra.com.co/noticias/politica/piden-conciencia-sobre-efectos-ambientales-de-la-demanda-mun-675914
66d76509f8e42ebb352ce7caae86d710b07a3ad9cf6a9454d5c2da1dabf41624,2024-09-03 19:22:14.125094+00:00,es,extra.com.co,extra.com.co,2021-04-15,Piden conciencia sobre efectos ambientales de la demanda mundial de drogas,https://caqueta.extra.com.co/noticias/politica/piden-conciencia-sobre-efectos-ambientales-de-la-demanda-mun-675914
2cd2f54738fcf80508024f856fc9c8bdbca1baf81055b8642a9401584031c0b4,2024-09-03 19:19:28.537213+00:00,es,extra.com.co,extra.com.co,2021-04-15,Piden conciencia sobre efectos ambientales de la demanda mundial de drogas,https://boyaca.extra.com.co/noticias/politica/piden-conciencia-sobre-efectos-ambientales-de-la-demanda-mun-675914
aaa825bd80410eb6a7c5bb3e5cfef8ae71efc933a37d19c41064f4cb8bbf3c88,2024-09-03 16:57:12.170132+00:00,es,infobae.com,infobae.com,2021-04-16,"Merkel, Macron y Xi preparan la cumbre de líderes sobre el clima de Biden",https://www.infobae.com/america/agencias/2021/04/16/merkel-macron-y-xi-preparan-la-cumbre-de-lideres-sobre-el-clima-de-biden/
8f3c8454e36713e7ddf93448ea0717a52d17d6928aa174246a59415bdaaf352c,2024-09-03 06:28:57.167488+00:00,es,larepublica.co,larepublica.co,2024-03-09,Lejos del progreso,https://www.larepublica.co/analisis/paula-garcia-garcia-3037278/lejos-del-progreso-3942856
7a3c188fa7a2fb5698680ef03900c56c30b9aa0dd5fd3ba6d4d7b04fdb05bff2,2024-09-02 23:37:55.305706+00:00,es,confidencialcolombia.com,confidencialcolombia.com,2021-04-27,Zonas libres de plásticos de un solo uso superan primer debate en el Congreso,https://confidencialcolombia.com/lo-mas-confidencial/zonas-libres-de-plasticos-de-un-solo-uso-superan-primer-debate-en-el-congreso/2021/04/27/
bc73ceef45ce87ea83a6b32064f8170cb08b91b7c1ec5cd20a85379294bd7e68,2024-09-02 22:13:37.176047+00:00,es,infobae.com,infobae.com,2021-04-28,"Jacques Attali: “La OMS fue rehén de los chinos por mucho tiempo, fue totalmente criminal en esta historia”",https://www.infobae.com/america/mundo/2021/04/28/jacques-attali-la-oms-fue-rehen-de-los-chinos-por-mucho-tiempo-fue-totalmente-criminal-en-esta-historia/
067c0a3297ee07945f62721112f2cb72a3edcdb810d4b1419e572e20d97974a3,2024-09-02 20:02:38.388087+00:00,es,infobae.com,infobae.com,2021-04-29,"Un daño irreparable, la criminal gestión de la pandemia en México: ¿Cómo llegamos hasta aquí?",https://www.infobae.com/america/mexico/2021/04/29/un-dano-irreparable-la-criminal-gestion-de-la-pandemia-en-mexico-como-llegamos-hasta-aqui/
5fc626435a58037a3d703c7df8f291be034b73059cbd7914c5a41144df75e241,2024-09-02 06:21:05.422877+00:00,es,infobae.com,infobae.com,2021-05-07,UE.- El CE de las Regiones (CDR) presenta sus propuestas para proteger el medio marino y restaurar ecosistemas,https://www.infobae.com/america/agencias/2021/05/07/ue-el-ce-de-las-regiones-cdr-presenta-sus-propuestas-para-proteger-el-medio-marino-y-restaurar-ecosistemas/
2e3699130bce32bec46b212189550897bc9598eff3ded6be010973782c67141c,2024-09-01 17:20:32.936396+00:00,es,diariolalibertad.com,diariolalibertad.com,2021-05-15,¿Deuda histórica con nuestros hermanos mayores?,https://diariolalibertad.com/sitio/2021/05/15/deuda-historica-con-nuestros-hermanos-mayores/
7c9c2ecbf13ca3b5fc5dae343714aca0940cd9ce23e555049d4222cc6ebd334c,2024-09-01 17:05:43.804763+00:00,es,infobae.com,infobae.com,2021-05-15,Merkel: Entiendo frustración de jóvenes por cambio climático,https://www.infobae.com/america/agencias/2021/05/15/merkel-entiendo-frustracion-de-jovenes-por-cambio-climatico/
3a544315287f77f7d5e30d7f8d991f22f65f8c981b87b153ba379f31a5727ab3,2024-09-01 16:05:05.364098+00:00,es,infobae.com,infobae.com,2021-05-16,"Madagascar, la isla en la que más de un millón de personas pueden morir de hambre por la peor sequía en 40 años",https://www.infobae.com/america/mundo/2021/05/16/madagascar-la-isla-en-la-que-mas-de-un-millon-de-personas-pueden-morir-de-hambre-por-la-peor-sequia-en-40-anos/
7c00610436f5b12f1dd72c12694dca44aab3d21c77a00b497864895e69912b24,2024-09-01 13:12:17.691042+00:00,es,infobae.com,infobae.com,2021-05-18,Ciencia.-Hay más de 50.000 millones de aves en el mundo,https://www.infobae.com/america/agencias/2021/05/18/ciencia-hay-mas-de-50000-millones-de-aves-en-el-mundo/
6a8be1ee05f3611e8cce0029793a74706cc3d318e286e2ad1b0ae4a72a03a8d5,2024-09-01 07:28:39.741584+00:00,es,latarde.com,latarde.com,2021-05-22,"▷🥇 El mundo necesita una 'nueva mentalidad para nuestra supervivencia', dice la Dra. Jane Goodall",http://latarde.com/el-mundo-necesita-una-nueva-mentalidad-para-nuestra-supervivencia-dice-la-dra-jane-goodall/
73cc3f1248dade9ee2b0371fe7871d8f6bbed0037b6cbfa8b652c1f7d98c83a7,2024-09-01 07:14:30.893208+00:00,es,eltiempo.com,eltiempo.com,2021-05-21,Plantar bosques contra el cambio climático es ineficaz,https://www.eltiempo.com/vida/medio-ambiente/plantar-bosques-contra-el-cambio-climatico-es-ineficaz-590011
6c254f64db031a0ab3393724df36f55e4c5d1423ae2aa054b72473b24de5763c,2024-09-01 06:16:44.781243+00:00,es,infobae.com,infobae.com,2021-05-23,"Tráfico de animales exóticos: la FGR aseguró dos tigres, un águila, una tortuga y otras especies en Zapopan",https://www.infobae.com/america/mexico/2021/05/23/trafico-de-animales-exoticos-la-fgr-aseguro-dos-tigres-un-aguila-una-tortuga-y-otras-especies-en-zapopan/
bca28b29d3041460f4f296ad2565fc616e5ccb101b37cf4449662c4747d0626c,2024-09-01 05:32:31.288431+00:00,es,eltiempo.com,eltiempo.com,2021-05-24,La peligrosa apatía hacia la ciencia,https://www.eltiempo.com/vida/ciencia/negacion-de-la-ciencia-que-es-y-por-que-es-tan-peligrosa-590839
9db0970ced5c3934163bfc1aa5a27bda36948c9ec1adc61a5490f9203c3f2313,2024-08-31 16:37:53.884245+00:00,es,opinioncaribe.com,opinioncaribe.com,2021-06-02,Análisis en estos días críticos,https://www.opinioncaribe.com/2021/06/02/analisis-en-estos-dias-criticos/
cf82c5132cc892b6320b871f3f09521beac5a2efb71a96e5eb56a37d0d7d0163,2024-08-31 15:27:35.311187+00:00,es,infobae.com,infobae.com,2024-08-31,La batalla contra las especies invasoras en Argentina,https://www.infobae.com/revista-chacra/2024/08/31/la-batalla-contra-las-especies-invasoras-en-argentina/
58e89ea8f18414b1cd84816220d8e663747986b23d6927c8113a5660aa18afd8,2024-08-31 13:02:49.364597+00:00,es,infobae.com,infobae.com,2021-06-04,"""El fin del mundo como lo conocemos"", la mirada argentina al cambio climático",https://www.infobae.com/america/agencias/2021/06/04/el-fin-del-mundo-como-lo-conocemos-la-mirada-argentina-al-cambio-climatico/
0a5202328dd1840f6b5adba45dad427e1dee3012292913ba42339055a9158566,2024-08-31 11:55:47.259488+00:00,es,infobae.com,infobae.com,2021-06-05,Ricardo Lorenzetti: “La pandemia ha nacido de los desequilibrios de la naturaleza y de la negligencia humana”,https://www.infobae.com/sociedad/2021/06/05/ricardo-lorenzetti-la-pandemia-ha-nacido-de-los-desequilibrios-de-la-naturaleza-y-de-la-negligencia-humana/
b7fdd0350727d83c1f35226d238d5ceda55a18f443f6c2c11859c411d6b44e1d,2024-08-31 11:33:33.053580+00:00,es,elheraldo.co,elheraldo.co,2021-06-05,Hacer las paces con la naturaleza,https://www.elheraldo.co/editoriales/el-editorial-hacer-las-paces-con-la-naturaleza-823141
d31b617dbf7a126e2ca0bf47ed7e1bb4983034885fd570ffd87ec57f1fb80cc8,2024-08-31 11:16:04.560448+00:00,es,infobae.com,infobae.com,2021-06-05,Día Mundial del Medioambiente: en Argentina no quedan ecosistemas completos y el 70% del suelo está en proceso de desertificación,https://www.infobae.com/sociedad/2021/06/05/dia-mundial-del-medioambiente-en-argentina-no-quedan-ecosistemas-completos-y-el-70-del-suelo-esta-en-proceso-de-desertificacion/
4bc9a4b5188bd35bc4c86769a07a48aca48e55fb05c91bf413fab5b6009b03de,2024-08-31 10:10:23.405531+00:00,es,infobae.com,infobae.com,2021-06-06,"Ursula K. Le Guin y “La mano izquierda de la oscuridad”, la novela que anticipó que es posible vivir en un planeta no binario",https://www.infobae.com/cultura/2021/06/06/ursula-k-le-guin-y-la-mano-izquierda-de-la-oscuridad-la-novela-que-anticipo-que-es-posible-vivir-en-un-planeta-no-binario/
02126f0310ea9d63e562715a6e6756317b9a3b2ab55c19b369f8d306c95dbdd6,2024-08-31 04:00:59.224939+00:00,es,infobae.com,infobae.com,2021-06-10,Los “cisnes verdes” y la revolución de la biotecnología,https://www.infobae.com/opinion/2021/06/10/los-cisnes-verdes-y-la-revolucion-de-la-biotecnologia/
b3ae0233c5df09e12db8ca08c2f7b846b50ea5ceac7682b9f9429c5753477ae4,2024-08-31 00:25:03.613849+00:00,es,eltiempo.com,eltiempo.com,2021-06-13,El G7 respalda intensificar medidas para combatir el cambio climático,https://www.eltiempo.com/vida/medio-ambiente/el-g7-respalda-intensificar-medidas-para-combatir-el-cambio-climatico-595721
92a429c4bb75a122b1194cb0d07f0892d6c4e361ea854ca55b0d3de036a68084,2024-08-30 20:13:17.551159+00:00,es,eltiempo.com,eltiempo.com,2021-06-17,Real Jardín Botánico de Kew lanza página de hongos colombianos,https://www.eltiempo.com/vida/medio-ambiente/real-jardin-botanico-de-kew-lanza-pagina-de-hongos-colombianos-596557
7bea41e0d73399c8d3ce5ca4dbf7dc7ce48db304a115a249746d5d14f9815011,2024-08-30 11:25:19.869342+00:00,es,elpais.com.co,elpais.com.co,2021-06-22,"""Efectos devastadores"" del cambio climático serán una realidad en los próximos años: ONU",http://www.elpais.com.co/medio-ambiente/efectos-devastadores-del-cambio-climatico-seran-una-realidad-en-los-proximos-anos-onu.html
1a79f4871522ea96c36cd0a4898cfb3a15d2d0748ebd087b0c07d936dbf77bdd,2024-08-30 11:24:42.789220+00:00,es,infobae.com,infobae.com,2021-06-23,Los efectos devastadores del calentamiento serán una realidad en los próximos años,https://www.infobae.com/america/agencias/2021/06/23/los-efectos-devastadores-del-calentamiento-seran-una-realidad-en-los-proximos-anos/
72375088f3158e464359855c4f227a11f5aad67464f9b1c62d5f9dd51399a92d,2024-08-30 09:40:11.022759+00:00,es,infobae.com,infobae.com,2021-06-24,Los efectos devastadores del calentamiento serán una realidad en los próximos años,https://www.infobae.com/america/agencias/2021/06/24/los-efectos-devastadores-del-calentamiento-seran-una-realidad-en-los-proximos-anos/
35dc4819249595f1b92f28313810f6ed33054ed5349cb57b2ad80e2447f2c241,2024-08-30 08:59:35.753119+00:00,es,infobae.com,infobae.com,2021-06-23,Un alarmante informe de la ONU predice efectos devastadores por el calentamiento global antes de 2050,https://www.infobae.com/america/medio-ambiente/2021/06/23/un-alarmante-informe-de-la-onu-predice-efectos-devastadores-por-el-calentamiento-global-antes-de-2050/
6528a50b509e875b2a2c46fb69e8e5039b3314ea9226d8cb55258b7609d2a882,2024-08-30 05:54:04.062444+00:00,es,infobae.com,infobae.com,2021-06-25,"Las ciudades costeras, en la línea de frente del cambio climático",https://www.infobae.com/america/agencias/2021/06/25/las-ciudades-costeras-en-la-linea-de-frente-del-cambio-climatico/
9d68d5443d677bf76fa7b384decf4e3204e042f389ea418157fec2b280115cd8,2024-08-29 22:36:05.030895+00:00,es,infobae.com,infobae.com,2021-06-30,"Tierra del Fuego, extremo austral de Argentina, prohíbe la salmonicultura",https://www.infobae.com/america/agencias/2021/06/30/tierra-del-fuego-extremo-austral-de-argentina-prohibe-la-salmonicultura/
c875c09cac1d21846897e3744bdffb59783ba9ba26e43d2e5f7ac7a0dc2f5038,2024-08-29 22:19:41.942445+00:00,es,45segundos.com,45segundos.com,2021-06-30,El mayor proyecto de bonos de carbono de Colombia podría estar vendiendo aire caliente,https://45segundos.com/2021/06/30/el-mayor-proyecto-de-bonos-de-carbono-de-colombia-podria-estar-vendiendo-aire-caliente/
5e9e8e99e1ab540faa71a95733149c6950067850e201a709d41b5dcbec317f85,2024-08-29 21:09:56.546048+00:00,es,infobae.com,infobae.com,2021-06-30,Los efectos devastadores del calentamiento serán una realidad en los próximos años,https://www.infobae.com/america/agencias/2021/06/30/los-efectos-devastadores-del-calentamiento-seran-una-realidad-en-los-proximos-anos/
8ccf656e1ac9db7648d6dd54544f7e592867624607d53e88746258ebd1449569,2024-08-29 07:39:55.189078+00:00,es,extra.com.co,extra.com.co,2021-07-10,Se firmó acuerdo de sostenibilidad para preservar la quebrada Toibita,https://palmira.extra.com.co/noticias/nacional/se-firmo-acuerdo-de-sostenibilidad-para-preservar-la-quebrad-701615
8a1d13c928fc979672d4028a0e5b825340ef054fd8c23c050553e446dbc73704,2024-08-29 07:39:20.318217+00:00,es,hsbnoticias.com,hsbnoticias.com,2021-07-10,Se firmó acuerdo de sostenibilidad para preservar la quebrada Toibita,https://hsbnoticias.com/noticias/nacional/se-firmo-acuerdo-de-sostenibilidad-para-preservar-la-quebrad-701615
5cca718253fe2d2b49fbc508f4c899ccf865faa17eac5ed3db645a3b00d4c97c,2024-08-29 07:39:16.664744+00:00,es,extra.com.co,extra.com.co,2021-07-10,Se firmó acuerdo de sostenibilidad para preservar la quebrada Toibita,https://caqueta.extra.com.co/noticias/nacional/se-firmo-acuerdo-de-sostenibilidad-para-preservar-la-quebrad-701615
eea0ad6db4298dcc4000d3de1ed036c462974da647380dbd8cef44fa4a1313e8,2024-08-29 07:39:05.942214+00:00,es,infobae.com,infobae.com,2021-07-10,"Se firma acuerdo de sostenibilidad para preservar la quebrada Toibita, Boyacá",https://www.infobae.com/america/colombia/2021/07/10/se-firma-acuerdo-de-sostenibilidad-para-preservar-la-quebrada-toibita-boyaca/
5b275bb28fc3e2d8d44c1e375434deb965023f951985bececbb42f728d030afe,2024-08-29 07:38:57.819062+00:00,es,extra.com.co,extra.com.co,2021-07-10,Se firmó acuerdo de sostenibilidad para preservar la quebrada Toibita,https://cucuta.extra.com.co/noticias/nacional/se-firmo-acuerdo-de-sostenibilidad-para-preservar-la-quebrad-701615
4c4d7f8486e3359c121fda22406141a63479c1153690f6eb5bb81ba7fb2f91d8,2024-08-29 07:38:53.229706+00:00,es,extra.com.co,extra.com.co,2021-07-10,Se firmó acuerdo de sostenibilidad para preservar la quebrada Toibita,https://cauca.extra.com.co/noticias/nacional/se-firmo-acuerdo-de-sostenibilidad-para-preservar-la-quebrad-701615
0af316971b5a8a9bd4b5d0c82e5309f5838ba0a62cbd57b8a83141902460cfb4,2024-08-29 07:38:41.454711+00:00,es,extra.com.co,extra.com.co,2021-07-10,Se firmó acuerdo de sostenibilidad para preservar la quebrada Toibita,https://ibague.extra.com.co/noticias/nacional/se-firmo-acuerdo-de-sostenibilidad-para-preservar-la-quebrad-701615
0ed7779a7bcc77a1df0f712f5a39701112ec5b43b797e30d4f8c7a37ea7aa344,2024-08-29 07:38:27.995422+00:00,es,extra.com.co,extra.com.co,2021-07-10,Se firmó acuerdo de sostenibilidad para preservar la quebrada Toibita,https://huila.extra.com.co/noticias/nacional/se-firmo-acuerdo-de-sostenibilidad-para-preservar-la-quebrad-701615
d8547d695f61d97cf843758ab998947ff688a53e28a4bcfe5ca02355d78dc27e,2024-08-29 07:38:12.463662+00:00,es,extra.com.co,extra.com.co,2021-07-10,Se firmó acuerdo de sostenibilidad para preservar la quebrada Toibita,https://pasto.extra.com.co/noticias/nacional/se-firmo-acuerdo-de-sostenibilidad-para-preservar-la-quebrad-701615
5df1803f290c8a8b20088097666e5d0177bb1678e5e3e814ca7c9e0a39069f9e,2024-08-29 07:37:56.811116+00:00,es,extra.com.co,extra.com.co,2021-07-10,Se firmó acuerdo de sostenibilidad para preservar la quebrada Toibita,https://extra.com.co/noticias/nacional/se-firmo-acuerdo-de-sostenibilidad-para-preservar-la-quebrad-701615
24cff3bc2f3f98f43b7bce681a84e0dbe68158a57222ae269cb19441818947e6,2024-08-29 07:37:54.378948+00:00,es,extra.com.co,extra.com.co,2021-07-10,Se firmó acuerdo de sostenibilidad para preservar la quebrada Toibita,https://boyaca.extra.com.co/noticias/nacional/se-firmo-acuerdo-de-sostenibilidad-para-preservar-la-quebrad-701615
7c4e2f739a405c17b6d54d11de7f44f08a9d07aae1912e21ed1aa9d9d37ac2a9,2024-08-29 07:37:23.574625+00:00,es,extra.com.co,extra.com.co,2021-07-10,Se firmó acuerdo de sostenibilidad para preservar la quebrada Toibita,https://chiquinquira.extra.com.co/noticias/nacional/se-firmo-acuerdo-de-sostenibilidad-para-preservar-la-quebrad-701615
9543b73c0def35b50971ed437cc1f1ea23534758d7c169bf2ae7012119957df1,2024-08-29 07:37:23.097882+00:00,es,diariodelsur.com.co,diariodelsur.com.co,2021-07-10,Se firmó acuerdo de sostenibilidad para preservar la quebrada Toibita,https://diariodelsur.com.co/noticias/nacional/se-firmo-acuerdo-de-sostenibilidad-para-preservar-la-quebrad-701615
9ea9580e5ae0a809c5bd1d18d02bfb493ca0309b87f836c994dd50ee91faf0ab,2024-08-29 06:29:53.459700+00:00,es,infobae.com,infobae.com,2021-07-11,Un tigre de copiloto y un mono con gorro de Santa Claus: arresto en CDMX por tráfico de animales exóticos,https://www.infobae.com/america/mexico/2021/07/11/un-tigre-de-copiloto-y-un-mono-con-gorro-de-santa-claus-arresto-en-cdmx-por-trafico-de-animales-exoticos/
0ede89cf28b01f8552f6577abaf85b86c4d9b355b55e951fd26c7453db0016f9,2024-08-29 05:28:55.474986+00:00,es,semanariovoz.com,semanariovoz.com,2021-07-12,“Lo peor está por llegar”: Último informe sobre cambio climático,http://semanariovoz.com/lo-peor-esta-por-llegar-ultimo-informe-sobre-cambio-climatico/
60fa85f8bcdbaec3e17e2fa0de4ec916d86d70716db90bdecb2bcfc912a08db3,2024-08-29 01:54:53.866278+00:00,es,infobae.com,infobae.com,2021-07-14,"Más de 10.000 especies están en peligro de extinción en la Amazonia, según un enorme estudio",https://www.infobae.com/america/agencias/2021/07/14/mas-de-10000-especies-estan-en-peligro-de-extincion-en-la-amazonia-segun-un-enorme-estudio-2/
bc44bccb850d07d4a97454f0e507445aad206d7b2f07cb750a632d07470b0544,2024-08-28 18:42:03.511697+00:00,es,alertapaisa.com,alertapaisa.com,2021-07-19,"El mundo no está respondiendo adecuadamente a la crisis de la naturaleza"": WWF",https://www.alertapaisa.com/noticias/virales/el-mundo-no-esta-respondiendo-adecuadamente-la-crisis-de-la-naturaleza-wwf
7af5bf179f77c170207a4a9ee487460866ee11953a4f3cbce9822527dfc5d671,2024-08-28 16:29:55.357557+00:00,es,lapatilla.com,lapatilla.com,2021-07-20,Pedro Carmona Estanga: Cambio Climático y Transición Energética,https://www.lapatilla.com/2021/07/20/pedro-carmona-estanga-cambio-climatico-y-transicion-energetica/
354e920646558ba78836fa302c74075e5f1bfaf91bd17d3afd77dbba6174590e,2024-08-28 12:13:13.036883+00:00,es,infobae.com,infobae.com,2021-07-23,Ciencia.-Un índice para controlar la vulnerabilidad de los bosques tropicales,https://www.infobae.com/america/agencias/2021/07/23/ciencia-un-indice-para-controlar-la-vulnerabilidad-de-los-bosques-tropicales/
f5a86f41b7bf96f5f0bd40c3a67724569c2f7943788d0e9fb721f76593f43476,2024-08-28 08:26:50.334632+00:00,es,infobae.com,infobae.com,2021-07-26,Crearon un índice para controlar la vulnerabilidad de los bosques tropicales,https://www.infobae.com/america/ciencia-america/2021/07/26/crearon-un-indice-para-controlar-la-vulnerabilidad-de-los-bosques-tropicales/
4b1f135395ec39ca39e822d4a8990d317f9a84ec2360bf60a8d4f8d166a794d0,2024-08-28 05:13:07.153277+00:00,es,infobae.com,infobae.com,2021-07-28,"Científicos y una ""sirena"" quieren salvar la Bahía Vizcaína de Miami",https://www.infobae.com/america/agencias/2021/07/28/cientificos-y-una-sirena-quieren-salvar-la-bahia-vizcaina-de-miami/
5b95187f19ee7b8f5f96c6b37c9499935971f5857991e4dc4aabbccbca03a9c3,2024-08-27 18:51:12.128213+00:00,es,infobae.com,infobae.com,2021-08-02,Carne de pastizal: la ganadería que puede ser buen negocio y amable con el ambiente,https://www.infobae.com/america/soluciones/2021/08/02/carne-de-pastizal-la-ganaderia-que-puede-ser-buen-negocio-y-amable-con-el-ambiente/
9155f19e8ab3ec372a2accb7bb9ec58578cb205a9782752ec97ef6782bc32dd1,2024-08-27 17:57:57.249932+00:00,es,eltiempo.com,eltiempo.com,2021-08-03,¿Puede Ecuador lograr pasar de una economía petrolera a la bioeconomía?,https://www.eltiempo.com/mundo/latinoamerica/latinoamerica-607671
2b5ecbf10eeccfd4dd9b5336f1408de944c41a85c3837a22c7d2e5d0cd9f10a3,2024-08-27 15:22:58.312252+00:00,es,gatopardo.com,gatopardo.com,2021-08-04,El último humedal. Agonizan los remanentes de las Ciénegas de Lerma -,https://gatopardo.com/reportajes/el-ultimo-humedal-agonizan-los-remanentes-de-las-cienegas-de-lerma/
5a11b88ceb2d303995a28aa7adc23d41219024d5f4a50de20f43e7822d6e4d97,2024-08-27 10:15:09.361604+00:00,es,infobae.com,infobae.com,2021-08-08,Clima.- El IPCC publica mañana su sexto Informe de Evaluación sobre cambio climático,https://www.infobae.com/america/agencias/2021/08/08/clima-el-ipcc-publica-manana-su-sexto-informe-de-evaluacion-sobre-cambio-climatico/
8878e997f04ed02d1b5855af240223dbc31a0390460cd390c7018895b0bbb89f,2024-08-27 09:24:18.871799+00:00,es,infobae.com,infobae.com,2021-08-09,"Sequías y olas de calor extremas: cuáles serán los cambios en Sudamérica con 1,5 grados más de temperatura",https://www.infobae.com/america/medio-ambiente/2021/08/09/sequias-y-olas-de-calor-extremas-cuales-seran-los-cambios-en-sudamerica-con-15-grados-mas-de-temperatura/
39cc30fb9a525b8cdfcebaf689537bbf853a1fef19ec233458fffcef6cc4bb70,2024-08-27 08:24:02.153954+00:00,es,infobae.com,infobae.com,2021-08-09,Clima.- El IPCC publica hoy su sexto Informe de Evaluación sobre cambio climático,https://www.infobae.com/america/agencias/2021/08/09/clima-el-ipcc-publica-hoy-su-sexto-informe-de-evaluacion-sobre-cambio-climatico/
e2c0842e79ae35ed43beabe74f5d86290f5687ea9904cefea6e5eea69d79bd43,2024-08-27 08:20:51.569975+00:00,es,lapatria.com,lapatria.com,2021-08-09,La discusión sobre la megaminería apenas empieza en Caldas entre riesgos ambientales y fuente de recursos,https://www.lapatria.com/informe-especial/la-discusion-sobre-la-megamineria-apenas-empieza-en-caldas-entre-riesgos
f72d856bb3acd7afd542482699aaafb634030caef05cf6643aefb624d47e9614,2024-08-27 06:21:58.185763+00:00,es,infobae.com,infobae.com,2024-08-27,Cuatro estrategias para proteger y restaurar los ecosistemas acuáticos ante el cambio climático,https://www.infobae.com/america/medio-ambiente/2024/08/27/cuatro-estrategias-esenciales-para-proteger-y-restaurar-los-ecosistemas-acuaticos-ante-el-cambio-climatico/
ce52413883c29a477df981edf5a98ca91b319f1e3aba6d505fc28fcafb5b6a8f,2024-08-27 05:04:06.311429+00:00,es,infobae.com,infobae.com,2021-08-11,La defensa de América como productor de alimentos,https://www.infobae.com/opinion/2021/08/11/la-defensa-de-america-como-productor-de-alimentos/
2991a64ac9ee06a3b290cf9539761b87c08f14456fba257f96f9e510aeeacfc0,2024-08-27 00:09:59.666233+00:00,es,eltiempo.com,eltiempo.com,2021-08-14,‘A las puertas del apocalipsis climático’,https://www.eltiempo.com/vida/medio-ambiente/la-onu-advirtio-que-la-humanidad-llegara-a-un-punto-irreversible-analisis-610746
358e1919833dab67e0a33d1df11aecea3a94e04f7d69ac2191c0ab6e27c3d604,2024-08-26 22:58:04.285846+00:00,es,lanacion.com.co,lanacion.com.co,2021-01-01,Palestina reconstruye su memoria del conflicto,https://www.lanacion.com.co/palestina-reconstruye-su-memoria-del-conflicto/
c8e76eb29a54bd34432c867d59ab1c006ece14c338b6ab0cba2f009bf6edaa97,2024-08-26 11:55:18.766649+00:00,es,eltiempo.com,eltiempo.com,2021-08-24,Los gigantes de miles de millones de dólares que se están derritiendo,https://www.eltiempo.com/vida/ciencia/cambio-climatico-los-gigantes-se-estan-derritiendo-612471
b2889edaeed0ec1b85a5a82ced48c3716d0fb6dc2c9d6fb53dc89a4455280855,2024-08-26 11:46:04.836664+00:00,es,lafm.com.co,lafm.com.co,2021-08-25,"Brasil, mayor reserva hídrica del mundo, asusta a la humanidad porque ""se está secando""",https://www.lafm.com.co/medio-ambiente/brasil-mayor-reserva-hidrica-del-mundo-asusta-la-humanidad-porque-se-esta-secando
cc15875216648cdecaea8968fd65e7a014ab0333ce50dda64af5919082d09f4f,2024-08-26 07:58:18.019840+00:00,es,eltiempo.com,eltiempo.com,2021-08-28,‘La clave es que el centro llegue unido a la primera vuelta’: Gaviria,https://www.eltiempo.com/politica/partidos-politicos/alejandro-gaviria-busca-que-el-centro-llegue-unido-a-primera-vuelta-2022-614020
75e56be8c1870c725a02c027dbe7f4d767f0c81c9a9aeefd723a5bb8fb004a24,2024-08-26 07:17:09.683240+00:00,es,occidente.co,occidente.co,2024-08-26,“El mundo mirará a Colombia en la COP16”,https://occidente.co/medio-ambiente/el-mundo-mirara-a-colombia-en-la-cop16/
93074ec2525b8074d96b24891672e1751fa81988e3a1ba97593538d383693c42,2024-08-26 06:22:44.332146+00:00,es,eltiempo.com,eltiempo.com,2021-08-28,El viaje comienza de nuevo: las señales de reactivación del turismo,https://www.eltiempo.com/economia/sectores/reactivacion-del-turismo-en-el-analisis-de-ricardo-avila-614022
2e72fa05793791586f9d558971d01ccc3a9531a4464199e3afa5492370846a67,2024-08-26 03:41:43.838125+00:00,es,eltiempo.com,eltiempo.com,2021-08-31,‘La biodiversidad se debe situar como eje de la reconstrucción poscovid’,https://www.eltiempo.com/vida/medio-ambiente/la-biodiversidad-se-debe-situar-como-eje-de-la-reconstruccion-poscovid-614382
3edefa1606ad8b20e98c5d7347037f7945e76a8d5551f3c43e1226efd16725dc,2024-08-26 01:43:25.998378+00:00,es,diariolalibertad.com,diariolalibertad.com,2021-09-01,"Omar Tello, ambientalista y protector de la naturaleza",https://diariolalibertad.com/sitio/2021/09/01/omar-tello-ambientalista-y-protector-de-la-naturaleza/
c7382a5dfcd52336fc9a79dfead9431f5f1cdfae4d815aeddb28fe682b9a197c,2024-08-26 00:56:04.726356+00:00,es,periodicodebate.com,periodicodebate.com,2021-09-02,"Aplíquenos a nuestros enunciados de vida, la simpleza de la lógica de la &quot;Cartilla Coquito&quot;",http://periodicodebate.com/index.php/opinion/columnistas-nacionales/item/31055-aplíquenos-a-nuestros-enunciados-de-vida-la-simpleza-de-la-lógica-de-la-cartilla-coquito
1892c1ed01a2ce836a856cc82c954e7bfd0b7391d8355aa3c027e6bde6ea873f,2024-08-25 23:40:01.124391+00:00,es,larepublica.co,larepublica.co,2021-09-02,La Cartilla de Coquito,https://www.larepublica.co/analisis/luis-guillermo-echeverry-3225951/la-cartilla-de-coquito-3226020
e3fed2b9e9baac3b3564b45bfa3736e66e4ba7a9364fb693a8391194ba4d568d,2024-08-25 18:25:14.734424+00:00,es,infobae.com,infobae.com,2021-09-08,El calentamiento global preocupa a la comunidad científica: “No podemos esperar que pase la pandemia para ocuparnos”,https://www.infobae.com/america/medio-ambiente/2021/09/08/el-calentamiento-global-preocupa-a-la-comunidad-cientifica-no-podemos-esperar-que-pase-la-pandemia-para-ocuparnos/
c90e6ea6b214655cba46e1473be706c6691db6e5efaacbcb85db33c8ecbf76f1,2024-08-25 12:28:08.181654+00:00,es,infobae.com,infobae.com,2021-09-10,"El amenazado delfín mular, bajo estrecha vigilancia en el Mediterráneo",https://www.infobae.com/america/agencias/2021/09/10/el-amenazado-delfin-mular-bajo-estrecha-vigilancia-en-el-mediterraneo/
606e2a5d2cc5c13dec92d24fb4ff79e6853a35e6960b74e7e33ea3a5ef49e4c2,2024-08-25 10:03:34.670979+00:00,es,eltiempo.com,eltiempo.com,2021-09-11,El FMI lanza preocupante informe sobre el cambio climático,https://www.eltiempo.com/vida/medio-ambiente/ricardo-avila-fmi-lanza-preocupante-informe-sobre-el-cambio-climatico-617405
6c99b3774bd464d456c18e5bf953af8108095a0eee693321c91da5e4aa493950,2024-08-25 08:13:35.808625+00:00,es,quintopoder.com.co,quintopoder.com.co,2021-09-14,Corpocesar conformará la Plataforma Colaborativa de la cuenca del río Calenturitas,https://www.quintopoder.com.co/corpocesar-conformara-la-plataforma-colaborativa-de-la-cuenca-del-rio-calenturitas/?utm_source=rss&utm_medium=rss&utm_campaign=corpocesar-conformara-la-plataforma-colaborativa-de-la-cuenca-del-rio-calenturitas
99f05f36b0124c32616aa6ad9255c04c7059263841c11ba04b5b66d1a9fd02ce,2024-08-24 03:16:49.264163+00:00,es,infobae.com,infobae.com,2021-03-04,"Durante confinamiento, colombianos grabaron más de 5.000 sonidos de la fauna",https://www.infobae.com/america/colombia/2021/03/04/durante-confinamiento-colombianos-grabaron-mas-de-5000-sonidos-de-la-fauna/
bb4aa36d63b7748965fc7238bf820614c1bc240c9653f3dfecb8bc1dd705300d,2024-08-23 21:16:48.171290+00:00,es,eltiempo.com,eltiempo.com,2021-03-06,"Minería submarina, la nueva amenaza",https://www.eltiempo.com/vida/medio-ambiente/mineria-submarina-la-nueva-amenaza-571561
44dc9ca8eeb84c8198ee47e9ffb791501c5607e8dfc40746eda098113e8788ca,2024-08-23 20:30:26.476249+00:00,es,infobae.com,infobae.com,2021-03-07,Austria reafirma su veto al acuerdo comercial entre la UE y Mercosur,https://www.infobae.com/america/agencias/2021/03/07/austria-reafirma-su-veto-al-acuerdo-comercial-entre-la-ue-y-mercosur/
c35aea9f359b50577a5c073d1b2a0c6d4dfb4f9cd0b2abad3e5d7750974ef69b,2024-08-23 14:57:00.285172+00:00,es,infobae.com,infobae.com,2021-03-10,Autoridades de la Profepa aseguraron 22 cadáveres de especies exóticas en el AICM,https://www.infobae.com/america/mexico/2021/03/10/autoridades-de-la-profepa-aseguraron-22-cadaveres-de-especies-exoticas-en-el-aicm/
31e0eacf9029bbcf5eb420d9a401995fef531a178fab4a1d25612a7e04a18795,2024-08-22 22:56:59.015645+00:00,es,eltiempo.com,eltiempo.com,2021-03-12,Lanza en Colombia el ABC de las cadenas cero deforestación,https://www.eltiempo.com/vida/medio-ambiente/lanza-en-colombia-el-abc-de-las-cadenas-cero-deforestacion-572914
0e191dac503be47c9bd4621cb07b90a9b74bfeaf16d42fbb0dc1f0290e3dc045,2024-08-22 19:13:44.733893+00:00,es,eltiempo.com,eltiempo.com,2021-03-14,‘El reconocimiento del otro’ debe ser el nuevo eje en Latinoamérica,https://www.eltiempo.com/cultura/musica-y-libros/el-reconocimiento-del-otro-debe-ser-el-principio-de-un-nuevo-proyecto-573406
ec73d22527f84c17b33c4c56c1589d62baade011a2e5f0df792cc22ddf6b7325,2024-08-22 11:47:03.699022+00:00,es,infobae.com,infobae.com,2021-03-19,"Un año después, aún no tenemos un plan para prevenir la próxima pandemia",https://www.infobae.com/america/the-new-york-times/2021/03/19/un-ano-despues-aun-no-tenemos-un-plan-para-prevenir-la-proxima-pandemia/
44281c3e7140204b90b83bd82e5695dc23c107f9925e8a8d0164f86e01d2cbac,2024-08-22 04:49:28.178628+00:00,es,infobae.com,infobae.com,2021-03-23,Ambientalistas albaneses en contra del nuevo aeropuerto en una zona protegida,https://www.infobae.com/america/agencias/2021/03/23/ambientalistas-albaneses-en-contra-del-nuevo-aeropuerto-en-una-zona-protegida/
3da04aac1016c68f87a7aa8671fc4ece3ffa6f5c1286e72d09fd71e575bc2ce8,2024-08-22 02:16:53.862563+00:00,es,infobae.com,infobae.com,2021-03-24,REPORTE ESPECIAL-Militares brasileños fracasan en misión clave: frenar deforestación en la Amazonía,https://www.infobae.com/america/agencias/2021/03/24/reporte-especial-militares-brasilenos-fracasan-en-mision-clave-frenar-deforestacion-en-la-amazonia/
a33dd93a62acb8f75a8b9d7dfc5f2a680f0a5ef608eea3662b8c6a2f54b5a32d,2024-08-21 17:01:50.476614+00:00,es,eltiempo.com,eltiempo.com,2021-03-26,Origen del Domingo de Ramos y por qué preocupa a ambientalistas,https://www.eltiempo.com/vida/medio-ambiente/origen-del-domingo-de-ramos-y-por-que-preocupa-a-ambientalistas-576313
33e7d06ab59c836039d31b8d89d77b9f03aa2fd4935c618442be7cf732f9f9ba,2024-08-21 15:43:32.042671+00:00,es,diariolalibertad.com,diariolalibertad.com,2021-03-30,El derecho al trabajo y a la seguridad social en tiempos de pandemia y postpandemia,https://diariolalibertad.com/sitio/2021/03/30/el-derecho-al-trabajo-y-a-la-seguridad-social-en-tiempos-de-pandemia-y-postpandemia/
8fd5d6ca68a2f9551c279c46d186bfd31801b90f75d90835181bf827b0b4054f,2024-08-21 07:00:19.214235+00:00,es,infobae.com,infobae.com,2021-02-01,Ciencia.-Los humanos obligan a los animales a moverse un 70% más para sobrevivir,https://www.infobae.com/america/agencias/2021/02/01/ciencia-los-humanos-obligan-a-los-animales-a-moverse-un-70-mas-para-sobrevivir/
b1b7c64017f9ab0197072b577cb08a90d13925eafadfc68b6f47b97f3deb39b3,2024-08-21 07:00:18.712060+00:00,es,infobae.com,infobae.com,2021-02-01,La actividad humana fuerza los animales a alejarse de su hábitat para sobrevivir,https://www.infobae.com/america/agencias/2021/02/01/la-actividad-humana-fuerza-los-animales-a-alejarse-de-su-habitat-para-sobrevivir/
dc146d42ae89f4dc72a0fa5ce318c7b5c6b384432807b608bf792e3191533e08,2024-08-21 02:33:50.403716+00:00,es,eltiempo.com,eltiempo.com,2021-02-03,Actividad humana fuerza a animales a alejarse de su hábitat para vivir,https://www.eltiempo.com/vida/medio-ambiente/actividad-humana-fuerza-a-animales-a-alejarse-de-su-habitat-para-vivir-564475
b25c5c0569202fc773854abaa4e78269f30a5e967f28e3987f0f9b2df767018f,2024-08-20 13:26:51.991182+00:00,es,portafolio.co,portafolio.co,2021-02-10,Minería de oro en Colombia vulnerable a actividades ilícitas,https://www.portafolio.co/economia/mineria-de-oro-en-colombia-vulnerable-a-actividades-ilicitas-549009
d9384d1d2b27d92ac2ef429ace5c1f4d1609218a239997e06b5b7c5a2539882a,2024-08-20 11:37:40.090483+00:00,es,infobae.com,infobae.com,2021-02-11,Rescataron a 39 cocodrilos que eran transportados en una hielera en Chiapas,https://www.infobae.com/america/mexico/2021/02/11/rescataron-a-39-cocodrilos-que-eran-transportados-en-una-hielera-en-chiapas/
f384d47344dbea22a474a49cf5ede55d78d27f4ed7523e355b107b895ca336fa,2024-08-20 07:15:16.204972+00:00,es,confidencialcolombia.com,confidencialcolombia.com,2021-02-14,El Pacto Histórico: El Compromiso de una Generación,https://confidencialcolombia.com/lo-mas-confidencial/el-pacto-historico-el-compromiso-de-una-generacion/2021/02/14/
177f5a77384e02f69981e44fb759ec1763ac98ec1122dbf042bbbb3e6e73acec,2024-08-20 03:24:47.178424+00:00,es,eltiempo.com,eltiempo.com,2021-02-16,"'Estamos destruyendo nuestro mejor activo, la naturaleza'",https://www.eltiempo.com/vida/medio-ambiente/estamos-destruyendo-nuestro-mejor-activo-la-naturaleza-567302
5277b2daa9f5c0184d70378058af62d4c42f656a8a804067b4b41e792909a1dc,2024-08-20 01:19:34.835118+00:00,es,infobae.com,infobae.com,2021-02-17,Lanzan SOS por especies amenazadas durante la Cuaresma en Colombia,https://www.infobae.com/america/colombia/2021/02/17/lanzan-sos-por-especies-amenazadas-durante-la-cuaresma-en-colombia/
51799451a4092c21921d78386bb9069183bb08b31dec8da608c20a0ec101f18f,2024-08-19 18:41:54.369579+00:00,es,infobae.com,infobae.com,2021-02-21,"Tráfico de animales: GN aseguró boas constrictor, lagartos alicantes, iguanas y un armadillo",https://www.infobae.com/america/mexico/2021/02/21/trafico-de-animales-gn-aseguro-boas-constrictor-lagartos-alicantes-iguanas-y-un-armadillo/
d51bbba3f1e5d6500851039fe659099c01b05d50917febd51b1f005919813ae5,2024-08-19 16:01:29.153698+00:00,es,infobae.com,infobae.com,2021-02-23,Advierten del impacto del calentamiento global en el sistema atlántico,https://www.infobae.com/america/agencias/2021/02/23/advierten-del-impacto-del-calentamiento-global-en-el-sistema-atlantico/
d39241536fa450ff69ffed641c9a940751e2a96231bcfacf8e071543778c7da4,2024-08-19 15:59:02.283559+00:00,es,infobae.com,infobae.com,2021-02-23,Johnson: Cambio climático es una grave amenaza a la paz y seguridad mundial,https://www.infobae.com/america/agencias/2021/02/23/johnson-cambio-climatico-es-una-grave-amenaza-a-la-paz-y-seguridad-mundial/
b9a7afacff1b97939a8541a651e1b30292e59ebe7fb729a2d73d9e80da6642ee,2024-08-19 13:44:47.637591+00:00,es,elpilon.com.co,elpilon.com.co,2021-02-24,La Malena: la fábula del olvido,https://elpilon.com.co/la-malena-la-fabula-del-olvido/
af025cf6238526fe9b30bc71b48495d79b609892312bbfd66acba0f375752d2b,2024-08-19 10:13:33.405865+00:00,es,eltiempo.com,eltiempo.com,2021-02-25,"""Colombia tiene que salir del clóset"": Brigitte Baptiste",https://www.eltiempo.com/cultura/brigitte-baptiste-en-entrevista-con-revista-bocas-569515
c1fd65c1fa5ac7d828d25c3844794f5b90c3bffca011a3d3e4ced52d685ad995,2024-08-19 06:47:53.934771+00:00,es,infobae.com,infobae.com,2021-02-28,"Tráfico de animales: GN recuperó 75 iguanas, tortugas, boa y tarántula transportadas en camión de pasajeros",https://www.infobae.com/america/mexico/2021/02/28/trafico-de-animales-gn-recupero-75-iguanas-tortugas-boa-y-tarantula-transportadas-en-camion-de-pasajeros/
8277376c732760cb2316e1fd602a56a087114b8864e35a01f76106f83d7061ed,2024-08-17 14:56:57.127408+00:00,es,infobae.com,infobae.com,2021-01-03,"Flavia Broffoni: “El colapso de nuestra civilización es inevitable, pero podemos aprender a colapsar mejor”",https://www.infobae.com/sociedad/2021/01/03/flavia-broffoni-el-colapso-de-nuestra-civilizacion-es-inevitable-pero-podemos-aprender-a-colapsar-mejor/
39a9de08e77ce25210e64f437e6336ac07b123c17a5e053e6de80f7edd4ff1a2,2024-08-17 14:56:57.096052+00:00,es,infobae.com,infobae.com,2021-01-03,FGR aseguró una leona africana y dos tigres de bengala en un rancho de Sonora,https://www.infobae.com/america/mexico/2021/01/03/fgr-aseguro-una-leona-africana-y-dos-tigres-de-bengala-en-un-rancho-de-sonora/
574bec1260fdb1bdbf5e403c7dfc7300fda1d33d9ad546a06fc6a1f0a5a4962d,2024-08-16 23:00:44.125613+00:00,es,infobae.com,infobae.com,2021-01-13,Deforestación: la crisis del COVID-19 resalta más que nunca la necesidad de salvar los bosques,https://www.infobae.com/america/tendencias-america/2021/01/13/deforestacion-la-crisis-del-covid-19-resalta-mas-que-nunca-la-necesidad-de-salvar-los-bosques/
696bf17f3f2355d61b7ead969012f10e11618f1c9788e0797b81087d61c4ae78,2024-08-16 22:35:01.582642+00:00,es,infobae.com,infobae.com,2021-01-13,Ciencia.-Pronóstico sombrío para la civilización con la emergencia climática,https://www.infobae.com/america/agencias/2021/01/13/ciencia-pronostico-sombrio-para-la-civilizacion-con-la-emergencia-climatica/
f7cbeb2887f062c9df417d8604110d179155b012f4fac28a7647016f7c09c143,2024-08-16 21:44:15.327659+00:00,es,infobae.com,infobae.com,2021-01-13,Previsiones generales de la AFP de las 21H00 GMT,https://www.infobae.com/america/agencias/2021/01/13/previsiones-generales-de-la-afp-de-las-21h00-gmt/
e854c6d9a49af7e5493e86331a9d1c622c59fd2213fb22024defb63163aaf8db,2024-08-16 21:27:53.717283+00:00,es,infobae.com,infobae.com,2021-01-14,Previsiones generales de la AFP de las 02H00 GMT,https://www.infobae.com/america/agencias/2021/01/14/previsiones-generales-de-la-afp-de-las-02h00-gmt/
7849c83351ce1d83498b4d643437d525b59317528fd36b63638c93f0170963dc,2024-08-16 06:10:13.905801+00:00,es,infobae.com,infobae.com,2021-01-22,Ciencia.-Sin noticias de una cuarta parte de especies de abejas desde los años 90,https://www.infobae.com/america/agencias/2021/01/22/ciencia-sin-noticias-de-una-cuarta-parte-de-especies-de-abejas-desde-los-anos-90/
779792e0ecc7a67541fae4eb848160111479d13444e6ef77b678f697520ddfcb,2024-08-16 01:08:57.814544+00:00,es,eltiempo.com,eltiempo.com,2021-01-25,Sin noticias de una cuarta parte de especies de abejas desde los 90,https://www.eltiempo.com/vida/medio-ambiente/sin-noticias-de-una-cuarta-parte-de-especies-de-abejas-desde-los-90-562522
b75fd2c913741e12e7d6f78bf12a7f368898dbb302a3cec698f4a7da08668085,2024-08-16 00:26:09.339685+00:00,es,eltiempo.com,eltiempo.com,2024-08-15,"Zonas de páramo en Santander afectadas por incendios de enero 2024 muestran signos de recuperación, CDMB entrega balance positivo a seis meses",https://www.eltiempo.com/vida/medio-ambiente/la-zona-de-paramo-afectada-por-incendios-de-enero-2024-en-santander-muestra-signos-de-recuperacion-cdmb-entrega-balance-positivo-a-seis-meses-3372411
0fce20b36b59bbd4c51c937e743d83ea5daf6e12bc7f0da6c23e3b34539023b1,2024-08-15 23:03:00.005596+00:00,es,infobae.com,infobae.com,2021-01-27,"Fiscalía logró la judicialización de uno de los mayores auspiciadores de deforestación en el Parque Nacional Natural Tinigua, en el departamento del Meta",https://www.infobae.com/america/colombia/2021/01/27/fiscalia-logro-la-judicializacion-de-uno-de-los-mayores-auspiciadores-de-deforestacion-en-el-parque-nacional-natural-tinigua-en-el-departamento-del-meta/
5a007a8978347ee267876902fdcab5c837bc60a706cf6a85ec26f9fa901686a3,2024-08-15 19:22:24.831080+00:00,es,eltiempo.com,eltiempo.com,2024-08-15,COP16: ¿Qué se espera del evento y qué significa para Colombia ser el anfitrión del gran encuentro por el ambiente?,https://www.eltiempo.com/vida/medio-ambiente/cop-16-que-se-espera-del-evento-y-que-significa-para-colombia-ser-el-anfitrion-del-gran-encuentro-por-el-ambiente-3372189
f94cfdbc02ced1754215ad3fcbb72d94481e9e35a4cb4e6a77e73d3bfdf25c98,2024-08-15 02:25:53.664661+00:00,es,eltiempo.com,eltiempo.com,2024-08-14,¿Qué podemos esperar de la COP16? Según expertos un cambio político y un foco hacia la restauración,https://www.eltiempo.com/vida/medio-ambiente/que-podemos-esperar-de-la-cop16-segun-expertos-un-cambio-politico-y-un-foco-hacia-la-restauracion-3372004
db5f61bbee9b28df406d60be3f14d76a4a17fe736827ba6488a82ed1b9b49e85,2024-08-14 21:24:21.219381+00:00,es,eltiempo.com,eltiempo.com,2024-08-14,COP16 de Cali: Labor de indígenas amazónicos en la preservación de la biodiversidad serán temas centrales del evento,https://www.eltiempo.com/vida/medio-ambiente/labor-de-indigenas-amazonicos-y-preservacion-de-la-biodiversidad-seran-temas-centrales-en-la-cop16-de-cali-3371944
f4f6da28ffa2e17ac81ff97b9c42b4638b124c3094364b5055bd2e46b2e62b25,2024-08-14 20:30:50.229437+00:00,es,eltiempo.com,eltiempo.com,2024-08-14,Declaración de renta: ¿si tiene un negocio debe declarar como persona jurídica o persona natural?,https://www.eltiempo.com/economia/finanzas-personales/declaracion-de-renta-si-tiene-un-negocio-debe-declarar-como-persona-juridica-o-persona-natural-3371574
b2f209596969f6799b6faa2dbde55f0fbf6f57d5fcc44e13fd87c781748bfc63,2024-08-14 20:30:45.887399+00:00,es,eltiempo.com,eltiempo.com,2024-08-14,"Registro Multidimensional Wayú, una apuesta por el conocimiento de las necesidades en La Guajira",https://www.eltiempo.com/economia/sectores/registro-multidimensional-wayu-una-apuesta-por-el-conocimiento-de-las-necesidades-en-la-guajira-3370506
010fe9fb96cdc947b481b80262843823e2920476efcdd236ee12d0f52b3d19c8,2024-08-14 20:30:34.855653+00:00,es,eltiempo.com,eltiempo.com,2024-08-14,Reforma pensional en Colombia: ¿cómo será mi pensión si soy de las fuerzas militares; hay algún cambio?,https://www.eltiempo.com/economia/finanzas-personales/reforma-pensional-en-colombia-como-sera-mi-pension-si-soy-de-las-fuerzas-militares-hay-algun-cambio-3371702
ec4e0edaca524f44d0c888f9491f69d89fb19a5e9760fad24d01b58b08fcd9e0,2024-08-14 20:30:31.350796+00:00,es,eltiempo.com,eltiempo.com,2024-08-14,Ecopetrol aplaza intención de importar gas natural desde Venezuela a partir de enero de 2025,https://www.eltiempo.com/economia/sectores/ecopetrol-aplaza-intencion-importar-gas-natural-desde-venezuela-a-partir-de-enero-de-2025-3371945
15cd11a2f9d9ae1b9df5035d5e3d2f312841ed4a4b4379c9b2fe404c10fd7d22,2024-08-14 20:30:12.295128+00:00,es,eltiempo.com,eltiempo.com,2024-08-14,"Industria manufacturera sigue en terreno negativo, mientras ventas del comercio logran en junio una moderada recuperación",https://www.eltiempo.com/economia/sectores/industria-manufacturera-sigue-en-terreno-negativo-mientras-ventas-del-comercio-logran-en-junio-una-moderada-recuperacion-3371877
31d7ac1e180cbda173262c4423fd8797d4a86f79f175fa05c1399c76faa6704c,2024-08-14 20:30:05.904078+00:00,es,eltiempo.com,eltiempo.com,2024-08-14,Adultos mayores podrán reclamar la nueva transferencia de Colombia Mayor a partir del 16 de agosto,https://www.eltiempo.com/economia/finanzas-personales/adultos-mayores-podran-reclamar-la-nueva-transferencia-de-colombia-mayor-a-partir-del-16-de-agosto-3371890
a4aaea4fcce9b10f5d97fcbfaad5c8248eff901f3498be9d6b3915769245acb2,2024-08-14 20:29:59.921045+00:00,es,eltiempo.com,eltiempo.com,2024-08-14,¿Cuál es el porcentaje de mi sueldo que descontarán para la pensión con la reforma?,https://www.eltiempo.com/economia/finanzas-personales/cual-es-el-porcentaje-de-mi-sueldo-que-descontaran-para-la-pension-3371237
7e1a0b5976c777988d16159b2262f6b317143155e40f788c86e41112a2b73856,2024-08-14 20:29:34.754611+00:00,es,eltiempo.com,eltiempo.com,2024-08-14,Alternativas rápidas y fáciles: descubra la nueva forma de comprar vivienda desde su celular,https://www.eltiempo.com/economia/finanzas-personales/alternativas-rapidas-y-faciles-descubra-la-nueva-forma-de-comprar-vivienda-desde-su-celular-3371891
a004df096d11546565e489b184fc85c345021f621153295aa37d9c3211e6381d,2024-08-14 20:27:08.285751+00:00,es,eltiempo.com,eltiempo.com,2024-08-14,De servicio: más de la mitad de Manizales se quedará sin agua este puente festivo,https://www.eltiempo.com/colombia/otras-ciudades/de-servicio-mas-de-la-mitad-de-manizales-se-quedara-sin-agua-este-puente-festivo-3371948
10b07d014589147912c0eaa941e486b0ef98c47dd1e36d2c56aa9df0a88d40c4,2024-08-14 20:26:00.826875+00:00,es,eltiempo.com,eltiempo.com,2024-08-14,"Barranquilla, en la mira de 14 potenciales inversionistas nacionales e internacionales: estos son los sectores de mayor interés",https://www.eltiempo.com/colombia/barranquilla/barranquilla-en-la-mira-de-14-potenciales-inversionistas-nacionales-e-internacionales-estos-son-los-sectores-de-mayor-interes-3371921
c225590b571684d92dd38a89be1b8ad73b9f5f7831c4a2e7c00ca43d5e276a9f,2024-08-14 20:25:52.818593+00:00,es,eltiempo.com,eltiempo.com,2024-08-14,Diputado del Guaviare Iván Flórez revela que fue brutalmente golpeado por guerrilleros al mando de 'Iván Morisco',https://www.eltiempo.com/colombia/otras-ciudades/diputado-del-guaviare-ivan-florez-revela-que-fue-brutalmente-golpeado-por-guerrilleros-al-mando-de-ivan-morisco-3371937
9292706c3a5edd2060592863c15be4961c28750e24684e5ee1a48a2a04048af5,2024-08-14 20:23:24.289159+00:00,es,eltiempo.com,eltiempo.com,2024-08-14,Hermanas de Angélica Jaramillo rompen el silencio y hablan del consumo de sustancias psicoactivas por parte de la participante de 'Protagonistas de Nuestra Tele',https://www.eltiempo.com/cultura/gente/hermanas-de-angelica-jaramillo-rompen-el-silencio-y-hablan-del-consumo-de-sustancias-psicoactivas-por-parte-de-la-participante-de-protagonistas-de-nuestra-tele-3371927
78ba18347d78dcbb6d834c0dd35ab7b2cb083e86189dd29411925f54832e67cf,2024-08-14 20:22:53.786089+00:00,es,eltiempo.com,eltiempo.com,2024-08-14,¿Blake Lively y el director de 'Romper el círculo' se pelearon durante el rodaje? La polémica detrás del reciente debut de la película,https://www.eltiempo.com/cultura/gente/blake-lively-y-el-director-de-romper-el-circulo-se-pelearon-durante-el-rodaje-la-polemica-detras-del-reciente-debut-de-la-pelicula-3371942
5a845446007f31abceefc5a85b7b7aa69c534ed23738c835f85c3e4f50427a4d,2024-08-14 20:22:30.449472+00:00,es,eltiempo.com,eltiempo.com,2024-08-14,Video: la joven con el ‘peor dolor del mundo’ muestra cómo es una crisis de su enfermedad mientras intenta dormir,https://www.eltiempo.com/cultura/gente/video-la-joven-con-el-peor-dolor-del-mundo-muestra-como-es-una-crisis-de-su-enfermedad-mientras-intenta-dormir-3371930
e288f9f9fde78660220284ca4c02199648deb287856b824282fb3219531ca57f,2024-08-14 20:20:52.108046+00:00,es,eltiempo.com,eltiempo.com,2024-08-14,El alimento que le ayudaría a combatir la depresión y quizá no sabía,https://www.eltiempo.com/mundo/eeuu-y-canada/el-alimento-que-le-ayudaria-a-combatir-la-depresion-y-quiza-no-sabia-3371946
ea22a0fa67d3b06b1a44133e190703b25db0273c57df89f50ce6151e8067bce8,2024-08-14 19:29:53.156362+00:00,es,eltiempo.com,eltiempo.com,2024-08-14,Japón: las razones que llevaron a la renuncia del primer ministro Fumio Kishida y los nombres que suenan para reemplazarlo,https://www.eltiempo.com/mundo/asia/japon-renuncia-del-primer-ministro-fumio-kishida-las-razones-y-los-nombres-que-suenan-para-reemplazarlo-3371848
ce82408a75bd5b687824ccee9c141fb39c661340e4b679d42c580e4ec5843285,2024-08-14 19:29:37.572001+00:00,es,eltiempo.com,eltiempo.com,2024-08-14,Corea del Sur encuentra posibles sustancias tóxicas en productos de Shein y Temu,https://www.eltiempo.com/mundo/asia/corea-del-sur-encuentra-sustancias-toxicas-en-productos-de-shein-y-temu-3371925
2d0f811809fee8e538b2fee7e4196294d4c32edd172d0a5886cbe8c138f58be6,2024-08-14 19:29:10.218184+00:00,es,eltiempo.com,eltiempo.com,2024-08-14,Guerra en Gaza: Emiratos Árabes Unidos ha enviado más de 40.000 toneladas de ayuda humanitaria a la Franja,https://www.eltiempo.com/mundo/medio-oriente/guerra-en-gaza-emiratos-arabes-unidos-ha-enviado-mas-de-40-000-toneladas-de-ayuda-humanitaria-a-la-franja-3371924
f4c79ed813ee35256ecaabd523099fe8ecf399efbaba126aa26dde8d68bedfa2,2024-08-14 19:28:18.932329+00:00,es,eltiempo.com,eltiempo.com,2024-08-14,Acemi responde al informe de la Contraloría: 'recursos de la UPC financiaron enteramente el aseguramiento y la atención de la pandemia',https://www.eltiempo.com/salud/acemi-responde-al-informe-de-la-contraloria-recursos-de-la-upc-financiaron-enteramente-el-aseguramiento-y-la-atencion-de-la-pandemia-3371793
5515d10f93d9be13cc29eb41f7e15b01a0faeec0613cae3b9b4e81d289e30909,2024-08-14 19:27:56.528025+00:00,es,eltiempo.com,eltiempo.com,2024-08-14,Crecen en Estados Unidos los casos de virus respiratorio que disminuyó durante la pandemia: ¿cuáles son los síntomas?,https://www.eltiempo.com/salud/crecen-en-estados-unidps-los-casos-de-virus-respiratorio-que-disminuyo-durante-la-pandemia-y-ahora-es-mas-peligroso-cuales-son-los-sintomas-3371763
ca4ca57505a14ea0e473d701feb090c76e25a2d439f0978acd9325ca9b10d2de,2024-08-14 19:27:20.872556+00:00,es,eltiempo.com,eltiempo.com,2024-08-14,Simposio de Investigación Clínica en CTIC: se proyecta que muertes por cáncer se duplicarán en todo el mundo durante los próximos 20 a 40 años,https://www.eltiempo.com/salud/simposio-de-investigacion-clinica-en-ctic-se-proyecta-que-muertes-por-cancer-se-duplicaran-en-todo-el-mundo-durante-los-proximos-20-a-40-anos-3371617
a4269e7c8f71cf46ba2e7b1562e131ef71468d530507f4be51680aadf8a4ed87,2024-08-14 19:27:05.731456+00:00,es,eltiempo.com,eltiempo.com,2024-08-14,Supersalud abre investigación a EPS Salud Total por financiar la operación de Audifarma con $77.500 millones,https://www.eltiempo.com/salud/supersalud-abre-investigacion-a-eps-salud-total-por-financiar-la-operacion-de-audifarma-con-77-500-millones-3371731
30e682efa4f630c24e38852721e73d8232570c1babbb04d9b02e731978fbdd3f,2024-08-14 19:26:27.692184+00:00,es,eltiempo.com,eltiempo.com,2024-08-14,Se sometió a una cirugía para tratar la apnea del sueño y despertó más de un mes después con un pie y varios dedos amputados: ‘Tenía un 3 % de posibilidades de sobrevivir’,https://www.eltiempo.com/cultura/gente/se-sometio-a-una-cirugia-para-tratar-la-apnea-del-sueno-y-desperto-mas-de-un-mes-despues-con-un-pie-y-varios-dedos-amputados-tenia-un-3-de-posibilidades-de-sobrevivir-3371912
2b848e0c2cd306a5af519b8c21246109cb18893e9739f6676719bb4060868ccc,2024-08-14 19:25:43.098194+00:00,es,eltiempo.com,eltiempo.com,2024-08-14,Es estudiante de secundaria en EE. UU. y revela cómo ganar 10.000 dólares al mes con un trabajo muy simple: ‘Cualquiera puede hacerlo’,https://www.eltiempo.com/cultura/gente/como-un-joven-en-ee-uu-gana-10-000-dolares-al-mes-con-su-negocio-muy-simple-3371926
8dc748d19c0aaa6522361785c139e7ec7ad0f96080746745d916353d49596a49,2024-08-14 19:25:24.635115+00:00,es,eltiempo.com,eltiempo.com,2024-08-14,"Buscan a Sara Contreras, menor desaparecida en Aguazul, Casanare; familia teme que se encuentre en Boyacá",https://www.eltiempo.com/colombia/otras-ciudades/buscan-a-sara-contreras-menor-desaparecida-en-aguazul-casanare-familia-teme-que-se-encuentre-en-boyaca-3371920
a0fc27c71cb3a38a861b57fefee3808630595369dc61a2374d3f48274e8c5d0e,2024-08-14 19:22:27.604572+00:00,es,eltiempo.com,eltiempo.com,2024-08-14,Ernesto ya es huracán: ¿qué zonas de Estados Unidos amenaza?,https://www.eltiempo.com/mundo/eeuu-y-canada/ernesto-ya-es-huracan-que-zonas-de-estados-unidos-amenaza-3371916
f4ff56421d7fd737fd581f9eceb33932979fbd8fca8a7fe4abc93b6a58f5aca1,2024-08-14 19:22:04.649544+00:00,es,eltiempo.com,eltiempo.com,2024-08-14,Consejo Nacional Electoral de Venezuela tilda de 'panfletario' informe de la ONU que denuncia falta de transparencia en las elecciones presidenciales,https://www.eltiempo.com/mundo/venezuela/consejo-nacional-electoral-de-venezuela-tilda-de-panfletario-el-informe-de-onu-sobre-presidenciales-3371929
0c1585a15c91fa003fc5c7ab3305e41ffa0490d6f240534dc9a899d7e120204d,2024-08-14 19:21:59.347513+00:00,es,eltiempo.com,eltiempo.com,2024-08-14,'Soy neuróloga y esto es lo peor que las personas le hacen a su cerebro',https://www.eltiempo.com/mundo/eeuu-y-canada/soy-neurologa-y-esto-es-lo-peor-que-las-personas-le-hacen-a-su-cerebro-3371787
2c8dbac34e6091a846b18d7ec75f8412ff290cec2859848ef6c64da078856d39,2024-08-14 19:21:38.812051+00:00,es,eltiempo.com,eltiempo.com,2024-08-14,"Mostró qué se puede comprar por US$1,25 en Dollar Tree y se volvió viral",https://www.eltiempo.com/mundo/eeuu-y-canada/mostro-que-se-puede-comprar-por-us-1-25-en-dollar-tree-y-se-volvio-viral-3371915
9ea8a90ba10dc9ee5af043ede8a2789cbeeded95c788d4aedd639b70e75a1331,2024-08-14 19:21:31.226592+00:00,es,eltiempo.com,eltiempo.com,2024-08-14,'Soy dermatólogo y este síntoma que muchos ignoran puede significar cáncer',https://www.eltiempo.com/mundo/eeuu-y-canada/soy-dermatologo-y-este-sintoma-que-muchos-ignoran-puede-significar-cancer-3371928
be7e982272d8379011e06c2b4900a3bb81b2b88147676015ab2d4df331d3b91c,2024-08-14 19:21:26.097947+00:00,es,eltiempo.com,eltiempo.com,2024-08-14,'Soy médico y reduje mi edad biológica 20 años con estos 7 alimentos',https://www.eltiempo.com/mundo/eeuu-y-canada/soy-medico-y-reduje-mi-edad-biologica-20-anos-con-estos-7-alimentos-3371807
1f86bb42b07b67b55fbf3bc485bd0ae4e0b01766b4e51e3f242940498fe1c876,2024-08-14 19:21:15.604532+00:00,es,eltiempo.com,eltiempo.com,2024-08-14,Es la mujer más longeva de Texas y tiene 115 años: ¿cómo los alcanzó?,https://www.eltiempo.com/mundo/eeuu-y-canada/es-la-mujer-mas-longeva-de-texas-y-tiene-114-anos-como-los-alcanzo-3371863
c7a497a1de7f5e6460c22ef89cfc8a71879a6ac5349098531f035055ad16a6fb,2024-08-14 19:21:08.929177+00:00,es,eltiempo.com,eltiempo.com,2024-08-14,Es colombiana en EE. UU. y se desparasitó al estilo Latam: 'Aquí no creen en eso',https://www.eltiempo.com/mundo/eeuu-y-canada/es-colombiana-en-ee-uu-y-se-desparasito-al-estilo-latam-aqui-no-creen-en-eso-3371859
ec313d581ff2ae1e366aa85a084c639e9b79dbd1e25eafe8dafbf6636fa6164c,2024-08-14 18:33:14.541383+00:00,es,eltiempo.com,eltiempo.com,2024-08-14,La inteligencia artificial transforma la masturbación masculina: así son los nuevos dispositivos,https://www.eltiempo.com/cultura/gente/la-inteligencia-artificial-transforma-la-masturbacion-masculina-asi-son-los-nuevos-dispositivos-3371685
440bcae28eebbeaf899dcde2bfca943261ba61514677a39704f8f4996bf5093a,2024-08-14 18:33:03.932462+00:00,es,eltiempo.com,eltiempo.com,2024-08-14,Amor fatuo: ¿en qué consiste esta tendencia en las relaciones que puede llevar a vínculos destructivos?,https://www.eltiempo.com/cultura/gente/amor-fatuo-en-que-consiste-esta-tendencia-en-las-relaciones-que-puede-llevar-a-vinculos-destructivos-3371892
4723f9a55620c1cf7987b3d0a5ef0d1eadb33e128ada91f64a54b8320d992897,2024-08-14 18:32:33.298216+00:00,es,eltiempo.com,eltiempo.com,2024-08-14,¿Cuál es la cascada más alta de Colombia? Se encuentra a solo una hora de Bogotá,https://www.eltiempo.com/cultura/gente/cual-es-la-cascada-mas-alta-de-colombia-se-encuentra-a-solo-una-hora-de-bogota-3371910
5b1655c1dee08d6268038e3666833b3bcea27f8827bff1f08ded53d7e2e73dd7,2024-08-14 18:32:28.237168+00:00,es,eltiempo.com,eltiempo.com,2024-08-14,Juanes debutará en el cine en una historia sobre el contrabando de gasolina en la frontera colombo-venezolana,https://www.eltiempo.com/cultura/cine-y-tv/juanes-debutara-en-el-cine-en-una-historia-sobre-el-contrabando-de-gasolina-en-la-frontera-colombo-venezolana-3371907
516734da837c86cb4db0d2b7260e1ba6e3ba74ea4dc447ecb88b371af11902e4,2024-08-14 18:32:23.262306+00:00,es,eltiempo.com,eltiempo.com,2024-08-14,'The Last of Us' tendrá giros en la temporada 2: estas son las diferencias entre el juego y la serie,https://www.eltiempo.com/cultura/gente/the-last-of-us-tendra-giros-en-la-temporada-2-estas-son-las-diferencias-entre-el-juego-y-la-serie-3371917
f66c59358c6b463865e5018e5f7a263d344266798d432b8d090e655386a2ab57,2024-08-14 18:31:53.146232+00:00,es,eltiempo.com,eltiempo.com,2024-08-14,"¿Cuál es la bebida que más hidrata, según estudio? No es el agua",https://www.eltiempo.com/mundo/eeuu-y-canada/cual-es-la-bebida-que-mas-hidrata-segun-estudio-no-es-el-agua-3371846
4bbbcaa993e22f46a1bafe392af0123c5fd8094d5a8fd078935bdac01f955f11,2024-08-14 18:31:40.371854+00:00,es,eltiempo.com,eltiempo.com,2024-08-14,Las preocupaciones de la Contraloría frente al proyecto de Presupuesto General de la Nación presentado por el Gobierno,https://www.eltiempo.com/justicia/investigacion/las-preocupaciones-de-la-contraloria-frente-al-proyecto-de-presupuesto-general-de-la-nacion-presentado-por-el-gobierno-3371799
f9fa5f7cb97dc41e9c206c72604eccc830f8c99d1a996d8275160fda69b7954a,2024-08-14 18:31:10.709031+00:00,es,eltiempo.com,eltiempo.com,2024-08-14,JEP expulsó al prófugo mayor (r) 'Zeus' por incumplir sus compromisos con la paz al transportar armas en Norte de Santander,https://www.eltiempo.com/justicia/jep-colombia/jep-expulso-al-mayor-r-alias-zeus-por-ser-recapturado-transportando-armas-en-norte-de-santander-3371906
2be7d618c8fb5731044f5921d40570c4806b6fab5f08a30a65ec894a0c980ca3,2024-08-14 18:30:57.641382+00:00,es,eltiempo.com,eltiempo.com,2024-08-14,¿Por qué Nueva York tendrá una boleta menos en las elecciones?,https://www.eltiempo.com/mundo/eeuu-y-canada/por-que-nueva-york-tendra-una-boleta-menos-en-las-elecciones-3371855
9cb842a321c9f6d9d377afe41b5389b292e5d4ff47a4277fcd83862901408a9a,2024-08-14 18:30:40.415385+00:00,es,eltiempo.com,eltiempo.com,2024-08-14,"CTI capturó a Kevin López, secretario de Gobierno de Maicao que ha fungido como alcalde encargado",https://www.eltiempo.com/justicia/delitos/cti-capturo-a-kevin-lopez-secretario-de-gobierno-de-maicao-quien-ha-fungido-como-alcalde-encargado-3371914
2bf263ad615cb55a6000b61b1cb30c31bb58e6cc4d65e8856d205fd31df7d006,2024-08-14 18:30:35.938033+00:00,es,eltiempo.com,eltiempo.com,2024-08-14,"Así fue la caída de red criminal señalada de microtráfico, homicidio y desplazamiento forzado en Quindío y Nariño",https://www.eltiempo.com/justicia/delitos/asi-fue-la-caida-de-red-senalada-de-microtrafico-homicidio-y-desplazamientos-en-quindio-3371826
7aff577ae8dce46f270dc028e36751b4af3808fdcc4e3e750c72977eb5591295,2024-08-14 18:28:57.914069+00:00,es,eltiempo.com,eltiempo.com,2024-08-14,Esa es la historia de la Ventana del Mundo: de un basurero nació uno de los grandes símbolos de Barranquilla,https://www.eltiempo.com/colombia/barranquilla/de-un-basurero-nacio-uno-de-los-grandes-simbolos-de-barranquilla-conozca-la-historia-de-la-ventana-del-mundo-3371895
1c74a5a1abb1705435540a0a5dcda6cef9a615c9469c3fb99f0b501d26ddaa4c,2024-08-14 18:28:20.140204+00:00,es,eltiempo.com,eltiempo.com,2024-08-14,Video: Acalorada discusión en el Concejo de Medellín durante la instalación de las sesiones extraordinarias,https://www.eltiempo.com/colombia/medellin/video-acalorada-discusion-en-el-concejo-de-medellin-durante-la-instalacion-de-las-sesiones-extraordinarias-3371904
0445bb86daf26a1a406af34b18f3fad1c100be98110abe898a5aa32982db7ff4,2024-08-14 18:24:59.550348+00:00,es,eltiempo.com,eltiempo.com,2024-08-14,OMS declara nuevamente el mpox (antes viruela del mono) como una emergencia internacional de salud pública,https://www.eltiempo.com/mundo/oms-declara-nuevamente-el-mpox-antes-viruela-del-mono-como-una-emergencia-internacional-de-salud-publica-3371908
bbd0371f389c7f161bc759e5be0a8f8901d93c154ddd362185d54b5b13bd86d4,2024-08-14 18:24:50.529052+00:00,es,eltiempo.com,eltiempo.com,2024-08-14,Ecuador: ¿Qué le puede pasar al presidente Daniel Noboa si prospera la denuncia de la vicepresidenta Abad en su contra por violencia política de género?,https://www.eltiempo.com/mundo/latinoamerica/ecuador-que-le-puede-pasar-al-presidente-daniel-noboa-si-prospera-la-denuncia-de-la-vicepresidenta-abad-por-violencia-politica-de-genero-en-su-contra-3371627
0083bf76af8240495ac64b84105e016db4e0ba7817491fed32d7f674b152b488,2024-08-14 18:23:56.639904+00:00,es,eltiempo.com,eltiempo.com,2024-08-14,CBP One: ¿si estoy más cerca de la frontera es más probable que me den cita?,https://www.eltiempo.com/mundo/eeuu-y-canada/cbp-one-si-estoy-mas-cerca-de-la-frontera-es-mas-probable-que-me-den-cita-3371864
b48bb746e2e6bd2232f142d7902ff14afbcf16821fcbc37a66ac280f1c83da60,2024-08-14 18:23:51.827918+00:00,es,eltiempo.com,eltiempo.com,2024-08-14,¿Qué tan grave es la nueva crisis sanitaria por mpox (antes viruela del mono) que se declaró en África? Cinco preguntas para entenderlo,https://www.eltiempo.com/mundo/africa/que-tan-grave-es-la-nueva-crisis-sanitaria-por-mpox-antes-viruela-del-mono-que-se-declaro-en-africa-cinco-preguntas-para-entenderlo-3371893
48db043f4ebab3351a3db0b81427fdd62389e6284a22bedb0c028414496e4276,2024-08-14 18:23:46.353228+00:00,es,eltiempo.com,eltiempo.com,2024-08-14,"El consejo financiero clave para jubilarse sin problemas en EE. UU., según experta",https://www.eltiempo.com/mundo/eeuu-y-canada/el-consejo-financiero-clave-para-jubilarse-sin-problemas-en-ee-uu-segun-experta-3371824
ac0418f2f0b931f14d47dc593bf27f41c6f2486f691a511b2c9665c454169c2e,2024-08-14 18:23:41.097373+00:00,es,eltiempo.com,eltiempo.com,2024-08-14,Nairo Quintana podría perder un compañero colombiano en Movistar para el 2025: crece la incertidumbre,https://www.eltiempo.com/deportes/ciclismo/nairo-quintana-podria-perder-un-companero-colombiano-en-movistar-para-el-2025-crece-la-incertidumbre-3371867
40f38aaaa40ad46b601308508d5d51b6a4d5afe8c1ea29786489aaf9fb18565b,2024-08-14 18:23:36.182222+00:00,es,eltiempo.com,eltiempo.com,2024-08-14,¿Cuál brilla más y cuál se ve mejor? El campeón olímpico Viktor Axelsen comparó las medallas de oro de Tokio 2020 y París 2024,https://www.eltiempo.com/deportes/ciclo-olimpico/cual-brilla-mas-y-cual-se-ve-mejor-el-campeon-olimpico-viktor-axelsen-comparo-las-medallas-de-oro-de-tokio-2020-y-paris-2024-3371900
b02e55769a00ca0b751fd6fca1f8a73fb1bda8bcd7d028d2558f6058c633fc20,2024-08-14 18:23:28.008826+00:00,es,eltiempo.com,eltiempo.com,2024-08-14,La 'ciudad de tiendas de campaña' formada por migrantes en Nueva York,https://www.eltiempo.com/mundo/eeuu-y-canada/la-ciudad-de-tiendas-de-campana-formada-por-migrantes-en-nueva-york-3371866
4748de06adab874136881c978bdfdeed5331d89e234f826104c381ac544826b9,2024-08-14 18:23:23.381111+00:00,es,eltiempo.com,eltiempo.com,2024-08-14,Florida pidió a los residentes que estén atentos a este animal,https://www.eltiempo.com/mundo/eeuu-y-canada/florida-pidio-a-los-residentes-que-esten-atentos-a-este-animal-3371871
0a5e41fc96a98467827a647d0f420540844cfa4b652d6f3b0cfab27bc8ebd5b6,2024-08-14 18:23:17.452065+00:00,es,eltiempo.com,eltiempo.com,2024-08-14,Ramón Jesurún no se presentó a la audiencia tras ser acusado de agredir a un guardia: hay nueva fecha para comparecer,https://www.eltiempo.com/deportes/futbol-colombiano/ramon-jesurun-no-se-presento-a-la-audiencia-tras-ser-acusado-de-agredir-a-un-guardia-hay-nueva-fecha-para-comparecer-3371820
f2ccf5f2bd9bac07a7056e5512b8ef368990498da8c30770554122475aebb57e,2024-08-14 18:23:10.973807+00:00,es,eltiempo.com,eltiempo.com,2024-08-14,"La playa de Florida que es una reserva natural poco conocida, pero preciosa",https://www.eltiempo.com/mundo/eeuu-y-canada/la-playa-de-florida-que-es-una-reserva-natural-poco-conocida-pero-preciosa-3371901
1b944fda6215d4d82f407060e44641bbb53954a2fe9db07aa020be9fdd19fa00,2024-08-14 18:23:05.938910+00:00,es,eltiempo.com,eltiempo.com,2024-08-14,"Mindeporte le responde a Jennifer Pedraza sobre la petición de suspender a Ramón Jesurún, presidente de la Federación de Fútbol",https://www.eltiempo.com/deportes/futbol-colombiano/mindeporte-le-responde-a-jennifer-pedraza-sobre-la-peticion-de-suspender-a-ramon-jesurun-presidente-de-la-federacion-de-futbol-3371804
5eca915c267569c98b83aec25e59f8f7efd29a4e227ce4edfa3cf99886a1fcef,2024-08-14 18:23:01.136016+00:00,es,eltiempo.com,eltiempo.com,2024-08-14,El futuro de James Rodríguez en el fútbol,https://www.eltiempo.com/eltiempoplay/el-futuro-de-james-rodriguez-en-el-futbol-3371858
f01d62e65c9eaf0fd971bbee7989a51ae8fdd66b462fc7129cd5a8ac44546bf9,2024-08-14 18:22:55.780297+00:00,es,eltiempo.com,eltiempo.com,2024-08-14,CBP One: ¿tengo más probabilidades de obtener cita si tengo cierta nacionalidad?,https://www.eltiempo.com/mundo/eeuu-y-canada/cbp-one-tengo-mas-probabilidades-de-obtener-cita-si-tengo-cierta-nacionalidad-3371885
ec653b5260242353d6395b05ec65041149dd761841608c6305657be1d59f25c2,2024-08-14 18:22:43.910779+00:00,es,eltiempo.com,eltiempo.com,2024-08-14,Florida: perdió miles de dólares por esta estafa y alertó a otros,https://www.eltiempo.com/mundo/eeuu-y-canada/florida-perdio-miles-de-dolares-por-esta-estafa-y-alerto-a-otros-3371861
8ea286cfa7c747898bd7d1e81cf2693793fb8c0b6ed774c190c94f3639edd86e,2024-08-14 18:22:38.113906+00:00,es,eltiempo.com,eltiempo.com,2024-08-14,Latinos dijeron cuál es 'el peor error de los que buscan el sueño americano',https://www.eltiempo.com/mundo/eeuu-y-canada/latinos-dijeron-cual-es-el-peor-error-de-los-que-buscan-el-sueno-americano-3371886
bf09114995c0c9074928ea7689df2ca7e24108ddd2b996b534558ac1da86dc4a,2024-08-14 18:22:30.739961+00:00,es,eltiempo.com,eltiempo.com,2024-08-14,¿Qué es la regla del 80/20 para adelgazar y mantenerse saludable en el tiempo?,https://www.eltiempo.com/mundo/eeuu-y-canada/que-es-la-regla-del-80-20-para-adelgazar-y-mantenerse-saludable-en-el-tiempo-3371837
175ae66e1a71d3efe61be3bf75248524c083d50e62946d066d7e9654e0325284,2024-08-14 18:21:54.969944+00:00,es,eltiempo.com,eltiempo.com,2024-08-14,La Inteligencia Artificial que detecta el estado de salud de las personas con solo mirar la lengua,https://www.eltiempo.com/tecnosfera/novedades-tecnologia/revolucion-de-la-inteligencia-artificial-en-la-medicina-detecta-enfermedades-a-traves-del-analisis-de-la-lengua-3371876
f6dea19d7588118e759a9686a0ee55b00026eb9d33885072fdec5601419d2d93,2024-08-14 18:21:41.831626+00:00,es,eltiempo.com,eltiempo.com,2024-08-14,"'La cumbia del Tigre', la canción que Ha$lo Pablito le hizo a Falcao cuando llegó a Millonarios: 'Haberlo abrazado es un gran logro'",https://www.eltiempo.com/cultura/musica-y-libros/la-cumbia-del-tigre-esta-es-la-historia-de-la-cancion-que-ha-lo-pablito-le-hizo-a-falcao-cuando-llego-a-millonarios-3371881
328a633190df8b0326fb5a13472fabdbba6cb30220ca192a28a5003f8b024286,2024-08-14 18:21:32.825241+00:00,es,eltiempo.com,eltiempo.com,2024-08-14,Wingo lanza nueva promoción para viajar en pareja ahorrando hasta un 40 %: así funciona,https://www.eltiempo.com/cultura/gente/wingo-lanza-nueva-promocion-para-viajar-en-pareja-ahorrando-hasta-un-40-asi-funciona-3371878
834dacdc3127856699041a0ac63d2a9347b7c419694c7db03e7905014065b3bb,2024-08-14 18:20:54.551605+00:00,es,eltiempo.com,eltiempo.com,2024-08-14,Cómo detectar si una aplicación le puede robar los datos personales del celular: cinco 'tips' claves,https://www.eltiempo.com/tecnosfera/apps/como-identificar-aplicaciones-moviles-inseguras-consejos-esenciales-para-proteger-sus-datos-3371843
9330d3dfbe244dce31f46d3eb26ed2687c55a30a45c83ae9337c3eedc6f9391f,2024-08-14 18:20:37.924254+00:00,es,eltiempo.com,eltiempo.com,2024-08-14,"Esta es la razón por la que debemos apagar bien el Bluetooth en iPhone, explicada por un hacker",https://www.eltiempo.com/tecnosfera/novedades-tecnologia/esta-es-la-razon-por-la-que-debemos-apagar-bien-el-bluetooth-en-iphone-explicada-por-un-hacker-3371844
55ce5d260daa37d9cc2beea4d4867ff40f711edc01f780b3c7c6e97217b282f9,2024-08-14 18:17:43.786342+00:00,es,eltiempo.com,eltiempo.com,2024-08-14,El Abecé de la venta de acciones que tiene EPM en Tigo-UNE e Invertelco,https://www.eltiempo.com/colombia/medellin/el-abece-de-la-venta-de-acciones-que-tiene-epm-en-tigo-une-e-invertelco-3371887
e3ecf4d8f17d11f477c99bde76ac4bf8c75f6a97b9e056e8acf791b20b619d21,2024-08-14 18:17:39.119022+00:00,es,eltiempo.com,eltiempo.com,2024-08-14,"Video: ofrecen recompensa para dar con los asesinos de vigilante que murió tras defender a ciudadanía en un atraco, en Risaralda",https://www.eltiempo.com/colombia/otras-ciudades/ofrecen-recompensa-para-dar-con-los-asesinos-de-un-vigilante-en-risaralda-3371883
f50a1572f9fd9d9f661da3dcc82462384bf2993b61a396a641f8a3d52b3efa7a,2024-08-14 18:17:34.648907+00:00,es,eltiempo.com,eltiempo.com,2024-08-14,Un hombre salió de fiesta cargando un fusil y fue capturado en una discoteca en Antioquia: lo escondía en una bolsa de plástico,https://www.eltiempo.com/colombia/medellin/un-hombre-salio-de-fiesta-a-una-discoteca-en-antioquia-cargando-un-fusil-y-fue-capturado-lo-escondia-en-una-bolsa-de-plastico-3371879
069af91b2d58ea4829d9f27a483cda0d0ed833e52307e34bdc85e3585d3c7ae0,2024-08-14 18:17:28.719174+00:00,es,eltiempo.com,eltiempo.com,2024-08-14,Así se prepara Cartagena para ser la sede del Consejo Ejecutivo de ONU Turismo,https://www.eltiempo.com/colombia/otras-ciudades/asi-se-prepara-cartagena-para-ser-la-sede-del-consejo-ejecutivo-de-onu-turismo-3371884
2b228284fede06e3554bc5f7d4cf24c8423c8a14a4c29cbf9ccc0a27395d7b01,2024-08-14 17:32:02.995389+00:00,es,eltiempo.com,eltiempo.com,2024-08-14,Exconcejal de Itagüí se declaró 'decepcionado de Isabel Zuleta' y el Pacto Histórico,https://www.eltiempo.com/politica/partidos-politicos/exconcejal-de-itaguei-se-declaro-decepcionado-de-isabel-zuleta-y-el-pacto-historico-3371743
70711ec714201f57bd7f687051902a150dc965f1956fc21fb3ff9634738cd74a,2024-08-14 17:31:53.536307+00:00,es,eltiempo.com,eltiempo.com,2024-08-14,Reforma de la salud y ley de jurisdicción agraria se radicarán la próxima semana,https://www.eltiempo.com/politica/congreso/reforma-de-la-salud-y-jurisdiccion-agraria-se-radicaran-la-proxima-semana-3371726
cc488c6682aae11154ac4a7200bb7135310eb31c02c8e36e52f5883fa05fef4b,2024-08-14 17:31:04.115440+00:00,es,eltiempo.com,eltiempo.com,2024-08-14,"Ángela Benedetti hace dura revelación sobre la campaña Petro: '¿tú que quieres, puestos o negocios?'",https://www.eltiempo.com/politica/gobierno/angela-benedetti-hace-dura-revelacion-sobre-la-campana-petro-tu-que-quieres-puestos-o-negocios-3371772
075aa35ed92a0dd0c888257b57a4244746e5932a037fc7ca4dbd876c319e0fdb,2024-08-14 17:30:52.309741+00:00,es,eltiempo.com,eltiempo.com,2024-08-14,Pasaportes: Gobierno de Colombia seleccionará aliado gubernamental la próxima semana,https://www.eltiempo.com/politica/gobierno/gobierno-de-colombia-seleccionara-aliado-gubernamental-para-expedir-pasaportes-la-proxima-semana-canciller-murillo-3371865
fd6a2c75554d1095e96ce120a4e0417a53c93d38ad0edeb3dd400b57154ee93d,2024-08-14 17:30:42.862413+00:00,es,eltiempo.com,eltiempo.com,2024-08-14,¿Cuáles son las consecuencias para el país con el nuevo hundimiento del código electoral por la Corte Constitucional?,https://www.eltiempo.com/politica/partidos-politicos/cuales-son-las-consecuencias-para-el-pais-con-el-nuevo-hundimiento-del-codigo-electoral-por-la-corte-constitucional-3371868
5ecad3750aeb474f5af6d1c999631b21aedb1f48519ffd6fc5f53b4e4803c35b,2024-08-14 17:30:37.431170+00:00,es,eltiempo.com,eltiempo.com,2024-08-14,La mamá de Simone Biles revela por qué abandonó a su hija y pide perdón: ‘No juzgues mi pasado',https://www.eltiempo.com/cultura/gente/la-madre-de-simone-biles-pide-perdon-por-abandonar-a-su-hija-y-revela-la-razon-por-la-que-lo-hizo-3371857
5e805244160b87cd34f1954319413ff8a3b3a56cbcb02592e0a790f5a1a4fe68,2024-08-14 17:29:52.971752+00:00,es,eltiempo.com,eltiempo.com,2024-08-14,Trabaja como repartidor en EE. UU. y usa un curioso método para ganar más dinero: hasta 45 dólares por hora,https://www.eltiempo.com/cultura/gente/trabaja-como-repartidor-en-ee-uu-y-usa-un-curioso-metodo-para-ganar-mas-dinero-hasta-45-dolares-por-hora-3371882
029b5ffc7c96849d4700205e1330c959ab642bbe677af1419360c65dbdf7625d,2024-08-14 17:29:48.043863+00:00,es,eltiempo.com,eltiempo.com,2024-08-14,Los gatos no son antisociales: nuevo estudio revela que sienten la pérdida de otras mascotas y hacen duelo,https://www.eltiempo.com/cultura/gente/los-gatos-no-son-antisociales-nuevo-estudio-revela-que-sienten-la-perdida-de-otras-mascotas-y-hacen-duelo-3371856
d3d6c0beeef244e3ce62c8e8fa8e53a20011d09aeb42b0b7b612736c9e6ef2f6,2024-08-14 17:29:41.736258+00:00,es,eltiempo.com,eltiempo.com,2024-08-14,¿Siempre se enamora muy rápido cuando comienza a salir con alguien? Consejos para controlarlo,https://www.eltiempo.com/cultura/gente/siempre-se-enamora-muy-rapido-cuando-comienza-a-salir-con-alguien-consejos-para-controlarlo-3371870
7744ca0dc5873c8223159f33d6e76adf7332d9dcbb05b0dece08f9def331e3a6,2024-08-14 17:29:09.392725+00:00,es,eltiempo.com,eltiempo.com,2024-08-14,¿Cuáles son los signos del Zodíaco más molestos?,https://www.eltiempo.com/cultura/gente/cuales-son-los-signos-del-zodiaco-mas-molestos-3371873
ff253e43b3a2784d2aa62d8d7d318c4cca9319b0d4db12f4db23aad1486138ea,2024-08-14 17:29:02.895291+00:00,es,eltiempo.com,eltiempo.com,2024-08-14,Jürgen Klaric llega a Barranquilla para la Cumbre de Visionarios 2024,https://www.eltiempo.com/mas-contenido/juergen-klaric-llega-a-barranquilla-para-la-cumbre-de-visionarios-2024-3371869
24f2ef32a5c74ec30c3c2743ea36f8e0571f7fee2175c7d395399f6aa803cb57,2024-08-14 17:26:42.891049+00:00,es,eltiempo.com,eltiempo.com,2024-08-14,El proyecto de presupuesto para el 2025 inicia su discusión en las comisiones económicas del Congreso,https://www.eltiempo.com/economia/sectores/el-proyecto-de-presupuesto-para-el-2025-inicia-su-discusion-en-las-comisiones-economicas-del-congreso-3371845
6b2ee429d46c537300a4992439c5fe4abac4e69daa67b78affb766ff9828b662,2024-08-14 17:26:32.655077+00:00,es,eltiempo.com,eltiempo.com,2024-08-14,Alertan por amenaza de racionamiento en Bogotá y el centro del país por demoras en obras en embalses e infraestructura energética,https://www.eltiempo.com/economia/sectores/alertan-por-amenaza-de-racionamiento-en-bogota-y-el-centro-del-pais-por-demoras-en-obras-en-embalses-e-infraestructura-energetica-3371808
fe9b537a7d2f33713c522d37a7e9f7c7c411084d6f0e1023fe75e9f294d7ac0c,2024-08-14 17:26:25.680384+00:00,es,eltiempo.com,eltiempo.com,2024-08-14,Así puede acceder al subsidio de arriendo del Distrito para mujeres en Bogotá: conozca los requisitos y dónde postularse,https://www.eltiempo.com/economia/finanzas-personales/asi-puede-acceder-al-subsidio-de-arriendo-del-distrito-para-mujeres-en-bogota-conozca-los-requisitos-y-como-postularse-3371822
a724540179e41a9122e0b20f7f3980efa13c7d1f3b30aaa97d405d61f07cb0a7,2024-08-14 17:26:20.828490+00:00,es,eltiempo.com,eltiempo.com,2024-08-14,Cortes de luz en barrios de Bogotá para el miércoles 14 de agosto,https://www.eltiempo.com/bogota/cortes-de-luz-en-barrios-de-bogota-para-el-miercoles-14-de-agosto-3371744
fb54ad612938367692aede35bfb30f974fdf3c61eb30e88c67178e6570f0303a,2024-08-14 17:26:15.678264+00:00,es,eltiempo.com,eltiempo.com,2024-08-14,Esta es la identidad del escolta asesinado al evitar hurto en Bogotá: delincuentes se habrían hecho pasar por policías,https://www.eltiempo.com/bogota/esta-es-la-identidad-del-escolta-asesinado-al-evitar-hurto-en-bogota-delincuentes-se-habrian-hecho-pasar-por-policias-3371721
f897ff143706fc06ed2e7a60462aaeca66a055fe7f3255f422745e06693312ab,2024-08-14 17:26:09.240735+00:00,es,eltiempo.com,eltiempo.com,2024-08-14,¿Le atinó? Resultados de El Paisita Día y Noche del martes 13 de agosto de 2024,https://www.eltiempo.com/economia/finanzas-personales/resultados-de-el-paisita-dia-y-noche-del-martes-13-de-agosto-de-3371766
1e1b07d50729ad4b9575803f2663008cc94ca738629ddf92d06a4b8cb1542384,2024-08-14 17:26:03.974857+00:00,es,eltiempo.com,eltiempo.com,2024-08-14,Fedetranscarga advierte que gaseosas podrían subir de precio tras el aumento del diésel y ACPM,https://www.eltiempo.com/economia/sectores/fedetranscarga-advierte-que-gaseosas-podrian-subir-de-precio-tras-el-aumento-del-diesel-y-acpm-3371854
fe96df46cf3b3885855bd406b928df82e9a829230743302a71941682eb200818,2024-08-14 17:25:53.004706+00:00,es,eltiempo.com,eltiempo.com,2024-08-14,Concejal denunció atentado y amenazas en Facatativá: un hombre le prendió fuego a su carro al frente de su casa,https://www.eltiempo.com/bogota/concejal-denuncio-atentado-y-amenazas-en-facatativa-un-hombre-le-prendio-fuego-a-su-carro-al-frente-de-su-casa-3371730
1c301127bc58c515d1925e1ee53fa09425f7682f01df50e65589de191414407b,2024-08-14 17:25:17.600289+00:00,es,eltiempo.com,eltiempo.com,2024-08-14,Noche violenta en Bogotá dejó tres personas muertas por heridas con armas de fuego: estos fueron los casos,https://www.eltiempo.com/bogota/noche-violenta-en-bogota-dejo-tres-personas-muertas-por-heridas-con-armas-de-fuego-estos-fueron-los-casos-3371761
9d56fd2c51a5b03e22e6fe2e3947a05939b5eae50ddd09ba2d0668c463be99e0,2024-08-14 17:25:07.737137+00:00,es,eltiempo.com,eltiempo.com,2024-08-14,Las 3 claves para entender el nuevo requisito al abordar aviones en Estados Unidos,https://www.eltiempo.com/mundo/eeuu-y-canada/las-3-claves-para-entender-el-nuevo-requisito-al-abordar-aviones-en-estados-unidos-3371815
603ca0aa1ca928e3d97cd6bd532dcf46868b97d484297f1b2fcd6304a26b465e,2024-08-14 17:24:57.565698+00:00,es,eltiempo.com,eltiempo.com,2024-08-14,El hombre que grabó videollamadas con contenido sexual y luego extorsionó a una mujer en Bogotá,https://www.eltiempo.com/bogota/el-hombre-que-grabo-videollamadas-con-contenido-sexual-y-luego-extorsiono-a-una-mujer-en-bogota-3371819
97c2ea75d7078309a6d8704fd2015cac39ee668e84a0f52d462d8d880f252c3b,2024-08-14 17:24:52.932137+00:00,es,eltiempo.com,eltiempo.com,2024-08-14,¡Tome precauciones! Pico y placa en Bogotá para el jueves 15 de agosto de 2024,https://www.eltiempo.com/bogota/pico-y-placa-en-bogota-para-el-jueves-15-de-agosto-de-2024-3371722
ee0a741e23e9c3ac07ff106152edf082c9278e01d3f956e1a9310f455d7e4277,2024-08-14 17:24:38.502562+00:00,es,eltiempo.com,eltiempo.com,2024-08-14,"Nueva subasta de carros en Mosquera con precios bajos, hay más de 70 vehículos: le contamos cómo puede participar",https://www.eltiempo.com/economia/finanzas-personales/nueva-subasta-de-carros-en-mosquera-con-precios-bajos-hay-mas-de-70-vehiculos-le-contamos-como-puede-participar-3371798
f3132c4889ec0622bd423a7d617fc9e5af07561fee1f2e5f202d4d5e498aae62,2024-08-14 17:24:00.130523+00:00,es,eltiempo.com,eltiempo.com,2024-08-14,Norte del Cauca: suspenden clases a estudiantes de zona indígena por enfrentamientos entre grupos armados,https://www.eltiempo.com/colombia/otras-ciudades/norte-del-cauca-suspenden-clases-a-estudiantes-por-enfrentamientos-entre-grupos-armados-3371862
fdc2a69bd7692ef6ef14c663c09c3c433f51b10217fcb8c60b3137339d1d5870,2024-08-14 17:22:19.595246+00:00,es,eltiempo.com,eltiempo.com,2024-08-14,Alineación de chakras: ¿qué beneficios tiene y cómo se puede lograr?,https://www.eltiempo.com/cultura/gente/alineacion-de-chakras-que-beneficios-tiene-y-como-se-puede-lograr-3371827
ebbc7ab6613529b0c03898e9140987925c6e078b5e9d7821aa5c89814015618c,2024-08-14 17:22:14.526746+00:00,es,eltiempo.com,eltiempo.com,2024-08-14,"‘No vamos a asistir a una exhumación, sino a un nacimiento’: Fabio Rubiano sobre el nuevo Festival Internacional de Artes Vivas",https://www.eltiempo.com/cultura/arte-y-teatro/no-vamos-a-asistir-a-una-exhumacion-sino-a-un-nacimiento-fabio-rubiano-sobre-el-nuevo-festival-internacional-de-artes-vivas-3371852
18e7ab7d107c09f4cf539831c305e515acc3a15a4afd0b06193f6df28f2c90b6,2024-08-14 17:22:05.103139+00:00,es,eltiempo.com,eltiempo.com,2024-08-14,¿Está esperando que su pareja cambie por usted? Expertos explican por qué esto es un error,https://www.eltiempo.com/cultura/gente/esta-esperando-que-su-pareja-cambie-por-usted-expertos-explican-por-que-esto-es-un-error-3371684
c73bbbfd2724860b01e5bb4bcbbb2f162c54fc83943a7f28f3b8c8fc3b8b8572,2024-08-14 17:21:35.193332+00:00,es,eltiempo.com,eltiempo.com,2024-08-14,"¡Atención, conductores! Autoridades alertan una nueva modalidad de robo",https://www.eltiempo.com/cultura/gente/atencion-conductores-autoridades-alertan-una-nueva-modalidad-de-robo-3371805
dbf2f9a4327160ee462973009a7777c70a365ead3bc06acd6bee791fcedd8ab6,2024-08-14 17:21:29.769989+00:00,es,eltiempo.com,eltiempo.com,2024-08-14,Exmánager de Diomedes Díaz reveló detalles desconocidos de su muerte: 'Él no despertó',https://www.eltiempo.com/cultura/gente/exmanager-de-diomedes-diaz-revelo-detalles-desconocidos-de-su-muerte-3371831
9a3b99fc3384c8bf715535df979f072d87bddae4ab01e8b1adae466ecba79dab,2024-08-14 17:21:12.752299+00:00,es,eltiempo.com,eltiempo.com,2024-08-14,"Video: esta es la playa artificial que construyeron en Cartagena, con arena clara y aguas cristalinas",https://www.eltiempo.com/cultura/gente/video-esta-es-la-playa-artificial-que-construyeron-en-cartagena-con-arena-clara-y-aguas-cristalinas-3371830
1889bc5d12cfc04f05006a633d57e1e709ff3b78b9bef3dbc1f18f1a77dbfbe2,2024-08-14 17:21:07.348642+00:00,es,eltiempo.com,eltiempo.com,2024-08-14,Cardiólogo revela cuál es el alimento común que podría acelerar el envejecimiento,https://www.eltiempo.com/cultura/gente/cardiologo-revela-cual-es-el-alimento-comun-que-podria-acelerar-el-envejecimiento-3371832
4a995e70cc81e1fc7b0d06ed2137cf1f26be9ac1879fe511747a9be6d2a6fa92,2024-08-14 17:21:02.471306+00:00,es,eltiempo.com,eltiempo.com,2024-08-14,Video: este es el bus más lujoso que recorre las vías de Colombia,https://www.eltiempo.com/cultura/gente/video-este-es-el-bus-mas-lujoso-que-recorre-las-vias-de-colombia-3371841
5543e676b66955b4bd0a054f9ee29c1f3e91416138bdca475d297a62358a3a3c,2024-08-14 17:20:39.613013+00:00,es,eltiempo.com,eltiempo.com,2024-08-14,"La nominaron al Oscar y alcanzó el éxito en Hollywood, pero escondía un secreto: ‘Fui una inmigrante ilegal’",https://www.eltiempo.com/cultura/gente/salma-hayek-alcanzo-el-exito-en-hollywood-y-fue-nominada-al-oscar-escondiendo-un-secreto-3371833
97f4c99d35211af554d50e3fe883c698bd5d2396dcd32681a79a76b2e760620c,2024-08-14 17:20:30.728160+00:00,es,eltiempo.com,eltiempo.com,2024-08-14,"Si su pareja no le dice 'te amo' en este tiempo, no funcionará la relación",https://www.eltiempo.com/cultura/gente/cuanto-tiempo-debe-pasar-para-que-su-pareja-le-diga-te-amo-3371814
8b780a4fcf128ccacc0914832c038467389c6f072b1399e93f2c151565dcfd2f,2024-08-14 16:34:03.958943+00:00,es,eltiempo.com,eltiempo.com,2024-08-14,"Walmart, Target o Dollar General: ¿cuál es la más barata para el regreso a clases?",https://www.eltiempo.com/mundo/eeuu-y-canada/walmart-target-o-dollar-general-cual-es-la-mas-barata-para-el-regreso-a-clases-3371778
06736012bf8a48869fb0e0356d9fcf2361436cb315e90b93445b193ef127d2a4,2024-08-14 16:33:56.808435+00:00,es,eltiempo.com,eltiempo.com,2024-08-14,¿Venezuela espió al panel de expertos de las Naciones Unidas durante las elecciones del 28 de julio? Esto dicen los expertos,https://www.eltiempo.com/mundo/venezuela/venezuela-espio-al-panel-de-expertos-de-las-naciones-unidas-durante-las-elecciones-del-28-de-julio-esto-dicen-los-expertos-3371781
3c21c536e1d877510b93649eb7c9e5f03279f5880d356faaedf34db610eb6ecd,2024-08-14 16:33:52.266583+00:00,es,eltiempo.com,eltiempo.com,2024-08-14,Tenga cuidado: en 20 segundos roban los objetos dentro de los carros con una cadena,https://www.eltiempo.com/colombia/medellin/tenga-cuidado-en-20-segundos-roban-los-objetos-dentro-de-los-carros-con-una-cadena-3371816
f6ae8ae559a47a08c2640fee702ca2463a71de819da283e61bd7d46b5f2578b2,2024-08-14 16:33:42.419844+00:00,es,eltiempo.com,eltiempo.com,2024-08-14,Bancada Caribe y empresas de energía se reúnen para abordar la crisis de tarifas en la Costa,https://www.eltiempo.com/colombia/barranquilla/bancada-caribe-y-empresas-de-energia-se-reunen-para-abordar-la-crisis-de-tarifas-en-la-costa-3371849
c2aab37e93fbd514ed3256f741aa68357220745b27281065d8734a41116b250c,2024-08-14 16:33:36.721977+00:00,es,eltiempo.com,eltiempo.com,2024-08-14,Se conoce la identidad de los dos conductores que murieron en accidente ocasionado por camión que quedó sin frenos en Copacabana,https://www.eltiempo.com/colombia/medellin/se-conoce-la-identidad-de-las-dos-personas-que-murieron-en-accidente-ocasionado-por-camion-de-ron-que-perdio-el-control-en-copacabana-3371836
f7467ceec44bf0995df483f7ba0ab43491e60811b7101a6baf27a2980f4538b2,2024-08-14 16:33:32.054235+00:00,es,eltiempo.com,eltiempo.com,2024-08-14,Así operará la primera facultad de Inteligencia Artificial del Colombia: habrá ocho programas académicos,https://www.eltiempo.com/colombia/otras-ciudades/asi-operaria-la-primera-facultad-de-inteligencia-artificial-del-pais-habra-ocho-programas-academicos-3371851
52b442ff20762c88d3b41d6ad9e3cf39f7646892d27ac8bb4ef315846bfb51e7,2024-08-14 16:33:14.741000+00:00,es,eltiempo.com,eltiempo.com,2024-08-14,El duro mensaje de Soledad a Invías por lentitud en obras del puente que colapsó y dejó 4 muertos hace más de dos meses,https://www.eltiempo.com/colombia/barranquilla/el-duro-mensaje-de-soledad-a-invias-por-lentitud-en-obras-del-puente-que-colapso-y-dejo-4-muertos-hace-mas-de-dos-meses-3371847
d12af3612c42e0b7ab45892623cf939972f9e7cecc5cfa9770da3d7d7812fad1,2024-08-14 16:32:54.857123+00:00,es,eltiempo.com,eltiempo.com,2024-08-14,Uno de los más buscados en el Valle había evadido a la justicia en silla de ruedas hasta ser capturado por presunto sicariato,https://www.eltiempo.com/colombia/cali/evadio-durante-cuatro-anos-a-la-justicia-en-silla-de-ruedas-hasta-ser-capturado-por-presunto-sicariato-en-el-valle-3371835
6a0b53f5fad3739be24eb265b11142cfb9bd11a0c822516159a5fec5b89cbcf8,2024-08-14 16:32:43.484254+00:00,es,eltiempo.com,eltiempo.com,2024-08-14,Benjamín Netanyahu confirma que Israel participará este jueves en Doha en negociación sobre Gaza,https://www.eltiempo.com/mundo/medio-oriente/benjamin-netanyahu-confirma-que-israel-participara-este-jueves-en-doha-en-negociacion-sobre-gaza-3371838
0d78a4cbddeeab7b4082a01b515065e71ee166bbe1cdfb2d54b02c121fb4f04b,2024-08-14 16:32:39.250406+00:00,es,eltiempo.com,eltiempo.com,2024-08-14,El falso mensaje de WhatsApp con el que están robando las cuentas y datos de usuarios en Colombia: así es la estafa,https://www.eltiempo.com/tecnosfera/novedades-tecnologia/el-falso-mensaje-de-whatsapp-con-el-que-estan-robando-las-cuentas-y-datos-de-usuarios-en-colombia-asi-es-la-estafa-3371736
26f2fc5fcb6a938d2bbbcfab2b8df883af3755e96e11b11950217fbbbb8c813e,2024-08-14 16:32:33.437674+00:00,es,eltiempo.com,eltiempo.com,2024-08-14,Powerball: ¿cuál sería el premio si acierto solo la bola roja?,https://www.eltiempo.com/mundo/eeuu-y-canada/powerball-cual-seria-el-premio-si-acierto-solo-la-bola-roja-3371842
b2ed2384ee2c050d4ac904f573d42578b45afa3636c4a92ebf48ee0d7afe368a,2024-08-14 16:32:27.544925+00:00,es,eltiempo.com,eltiempo.com,2024-08-14,Los 5 hábitos de Bill Gates que lo llevaron al éxito,https://www.eltiempo.com/mundo/eeuu-y-canada/los-5-habitos-de-bill-gates-que-lo-llevaron-al-exito-3371788
1185cd2cd89ef5383ee2cd243596b05945f576c6abb7e691f3bd9ad85d73022a,2024-08-14 16:26:35.210838+00:00,es,eltiempo.com,eltiempo.com,2024-08-14,"Eln y desmovilizados del Epl estarían amenazando de muerte al alcalde de Bucaramanga, Jaime Beltrán",https://www.eltiempo.com/colombia/santander/el-eln-y-otra-banda-delincuencial-estaria-amenazando-de-muerte-al-alcalde-de-bucaramanga-jaime-beltran-3371801
a2081b4e08f64389ac438a62aa7d0172705f0c326b826a09b419969f31204cfb,2024-08-14 16:26:26.227186+00:00,es,eltiempo.com,eltiempo.com,2024-08-14,Habrían simulado ser policías para hacer allanamientos en viviendas y locales comerciales y robar a sus dueños en Nariño,https://www.eltiempo.com/colombia/otras-ciudades/habrian-simulado-ser-policias-para-hacer-allanamientos-en-viviendas-y-locales-comerciales-y-robar-a-sus-duenos-en-narino-3371806
a7c460c90a21a6dc345df680cd552b33faf1b90eb1b80d0b3cc7c718c6393d3c,2024-08-14 16:26:02.306051+00:00,es,eltiempo.com,eltiempo.com,2024-08-14,Operativos de seguridad se intensificaron en los barrios del suroccidente de Barranquilla,https://www.eltiempo.com/colombia/barranquilla/operativos-de-seguridad-se-intensificaron-en-los-barrios-del-suroccidente-de-barranquilla-3371794
2f4e54cd479ff1eb27bf2c00b4192138ef74bb81468ede9302d7e4f665da3de4,2024-08-14 16:25:56.332744+00:00,es,eltiempo.com,eltiempo.com,2024-08-14,"Fiestas de la Cosecha, Pereira celebra 161 años de fundación: prepárese para los cierres en las principales vías",https://www.eltiempo.com/colombia/otras-ciudades/fiestas-de-la-cosecha-pereira-celebra-161-anos-de-fundacion-preparese-para-los-cierres-viales-3371796
30e0ca8c9897f61ddc354c8063737008ec67239b2cafc9c949efd32689b27622,2024-08-14 16:25:26.683357+00:00,es,eltiempo.com,eltiempo.com,2024-08-14,Ofrecen $50 millones de recompensa por información sobre el asesinato de Policía en medio de la fuga de un detenido en Maicao,https://www.eltiempo.com/colombia/otras-ciudades/ofrecen-50-millones-de-recompensa-por-informacion-sobre-el-asesinato-de-policia-en-medio-de-la-fuga-de-un-detenido-en-maicao-3371825
51fe106df6f1512a62567c31fa46ece59113421e1491bc914509119efa39a316,2024-08-14 16:25:17.682612+00:00,es,eltiempo.com,eltiempo.com,2024-08-14,Distrito de Cartagena abre licitación para construcción de embarcaderos en Playa Blanca y Cholón,https://www.eltiempo.com/colombia/otras-ciudades/cartagena-abren-licitacion-para-construccion-de-embarcaderos-en-playa-blanca-y-cholon-3371785
0c268b0c9ce06ff1315ef719c3835ab6defcbb349bf093f2cbb3883c0b925a68,2024-08-14 16:25:12.679437+00:00,es,eltiempo.com,eltiempo.com,2024-08-14,Así es el plan para atentar contra la vida del alcalde de Bucaramanga y la de su familia: se estarían infiltrando en su iglesia para conocer sus movimientos,https://www.eltiempo.com/colombia/santander/asi-es-el-plan-para-atentar-contra-la-vida-del-alcalde-de-bucaramanga-y-la-de-su-familia-se-estarian-infiltrando-en-su-iglesia-para-conocer-sus-movimientos-3371817
31a18318ee0880bc113d178b4d92d6512acd166a34270a7eec2d02b306fa21e5,2024-08-14 16:21:05.594371+00:00,es,eltiempo.com,eltiempo.com,2024-08-14,Nuevo descubrimiento que sorprende a los científicos: los caballos pueden pensar y planificar con antelación,https://www.eltiempo.com/vida/ciencia/nuevo-descubrimiento-que-sorprende-a-los-cientificos-los-caballos-pueden-pensar-y-planificar-con-antelacion-3371752
a2054312a43b72b6bc1db0b0952d3cb3382cf0d3753231caa382da0df7310c3c,2024-08-14 16:21:00.606381+00:00,es,eltiempo.com,eltiempo.com,2024-08-14,"El batido de verano fácil de hacer lleno de propiedades saludables, según Harvard",https://www.eltiempo.com/mundo/eeuu-y-canada/el-batido-de-verano-facil-de-hacer-lleno-de-propiedades-saludables-segun-harvard-3371782
83bb3bad163466bf2a87ff9f30aedfdb282e55ae7280aa9bbd8622589ef6baaa,2024-08-14 16:20:42.033306+00:00,es,eltiempo.com,eltiempo.com,2024-08-14,Nasa dice que astronautas del Starliner varados en el espacio podrían permanecer allí hasta 2025,https://www.eltiempo.com/vida/ciencia/nasa-dice-que-astronautas-del-starliner-varados-en-el-espacio-podrian-permanecer-alli-hasta-3371683
61bd05903ec1c0f803b52b72fcb82eb60888aa103d9855ecfcfcba2c01330226,2024-08-14 16:19:58.534625+00:00,es,eltiempo.com,eltiempo.com,2024-08-14,¿Por qué se necesita tejido humano para viajar a Marte? Científicos explican la razón de salud detrás,https://www.eltiempo.com/vida/ciencia/por-que-se-necesita-tejido-humano-para-viajar-a-marte-cientificos-explican-la-razon-de-salud-detras-3371777
fc6929f09c0a02fcb99539a6887b01b3ff0d136af45bc2a6d30aab0499f1b0af,2024-08-14 16:19:47.726185+00:00,es,eltiempo.com,eltiempo.com,2024-08-14,Compró la web de la dupla Harris-Walz en 2020 por US$10 y lo vendió por esta enorme cifra,https://www.eltiempo.com/mundo/eeuu-y-canada/compro-la-web-de-la-dupla-harris-walz-en-2020-por-us-10-y-lo-vendio-por-una-fortuna-3371810
651c10cf2efd3d78f80bb66c8444ae547087e91c7d9c3097612b86fc4114bbf8,2024-08-14 16:19:42.533096+00:00,es,eltiempo.com,eltiempo.com,2024-08-14,Astronautas del Starliner de Boeing podrían pasar seis meses en la Estación Espacial: ¿que ocurre?,https://www.eltiempo.com/vida/ciencia/astronautas-del-starliner-de-boeing-podrian-pasar-seis-meses-mas-en-la-estacion-espacial-que-ocurre-3371791
7aadc72fd9c3b563859c240de3aa60bdb0e0547e87f88d69ff3885791e611b70,2024-08-14 16:19:19.011085+00:00,es,eltiempo.com,eltiempo.com,2024-08-14,Avon se declaró en bancarrota: ¿todavía venderá productos en México?,https://www.eltiempo.com/mundo/eeuu-y-canada/avon-se-declaro-en-bancarrota-todavia-vendera-productos-en-mexico-3371829
83090f61edd2e23d9435074038f82a92c68ce02cad146408915623887e47527f,2024-08-14 15:31:45.017518+00:00,es,eltiempo.com,eltiempo.com,2024-08-14,"¿Por qué la ley del hielo se considera una forma de abuso? Pilas, puede afectar sus relaciones más de lo que imagina",https://www.eltiempo.com/cultura/gente/por-que-la-ley-del-hielo-se-considera-una-forma-de-abuso-asi-afecta-sus-relaciones-mas-de-lo-que-imagina-3371783
f8d94aac49f7fd83c82ad1f60422437458e5482b9d6cc1dae6a1a85b4fcdc6e3,2024-08-14 15:31:26.470518+00:00,es,eltiempo.com,eltiempo.com,2024-08-14,Colombiana de 50 años decidió hacer un cambio en su vida: ha vivido en tres países distintos sin gastar un peso,https://www.eltiempo.com/cultura/gente/colombiana-de-50-anos-decidio-hacer-un-cambio-en-su-vida-ha-vivido-en-tres-paises-distintos-sin-gastar-un-peso-3371818
0de6fe49b9e65c228eb53087aed777eb807e12ec4f528b1b2fa3cc9554b5102b,2024-08-14 15:30:54.460490+00:00,es,eltiempo.com,eltiempo.com,2024-08-14,Hija de Rob Schneider revela que el actor la envió a un campamento ‘para gordos’: ‘No es una persona agradable’,https://www.eltiempo.com/cultura/gente/elle-king-hija-de-rob-schneider-revela-la-dificil-relacion-con-su-padre-rob-schneider-durante-su-infancia-3371795
9ac2c14b2ed4daeb742fb5580eae3e515e937284fa59e371d84edc3f38035fa1,2024-08-14 15:29:17.991327+00:00,es,eltiempo.com,eltiempo.com,2024-08-14,Tensión en Venezuela: denuncian marcas en las fachadas de las casas de quienes han protestado contra Nicolás Maduro tras las elecciones,https://www.eltiempo.com/mundo/venezuela/tension-en-venezuela-denuncian-marcas-en-las-fachadas-de-las-casas-a-quienes-han-protestado-contra-el-regimen-3371812
5062e52aecffa2017632e770fbe9687b443cd89ebdd90043b6f9bb0efd888dd9,2024-08-14 15:28:58.925913+00:00,es,eltiempo.com,eltiempo.com,2024-08-14,"Video: con puños y patadas, empleada de almacén se defendió de un ladrón que intentó robar la caja registradora",https://www.eltiempo.com/mundo/latinoamerica/video-con-punos-y-patadas-empleada-de-almacen-se-defendio-de-un-ladron-que-intento-robar-la-caja-registradora-3371813
6c210df9fe908504a2f1fa59bcc53cdc243d7f3015425d3df8dd416d52c8aa2d,2024-08-14 15:25:20.684922+00:00,es,eltiempo.com,eltiempo.com,2024-08-14,"Harris vs. Trump: ¿a quién prefiere la gente en Florida, según encuestas?",https://www.eltiempo.com/mundo/eeuu-y-canada/harris-vs-trump-a-quien-prefiere-la-gente-en-florida-segun-encuestas-3371800
50c5aa2971f42020cd8b551707c417550f51f6297bcaaa46f5a7f8112906c83b,2024-08-14 15:25:13.501114+00:00,es,eltiempo.com,eltiempo.com,2024-08-14,"Opositor encarcelado en Venezuela Williams Dávila fue ingresado a un hospital en estado grave, denuncian familiares",https://www.eltiempo.com/mundo/venezuela/opositor-encarcelado-en-venezuela-williams-davila-fue-ingresado-a-un-hospital-en-estado-grave-denuncian-familiares-3371803
c198c6a148704e5f094a1dc422a951f2294ec3d85e383184f0bf329e753e32e0,2024-08-14 15:24:57.149360+00:00,es,eltiempo.com,eltiempo.com,2024-08-14,Incendio a las afueras de Atenas: el fuego disminuye pero los bomberos siguen movilizados; este es el balance de daños,https://www.eltiempo.com/mundo/europa/incendio-en-grecia-el-fuego-disminuye-alrededor-de-atenas-pero-los-bomberos-siguen-movilizados-3371802
ac9741d0d5ffb5da7f5eaa3258dd22a67dcf24a04c324c09d72db0bb39cd18b0,2024-08-14 15:23:52.976586+00:00,es,eltiempo.com,eltiempo.com,2024-08-14,Los horóscopos de Mhoni Vidente para hoy miércoles 14 de agosto,https://www.eltiempo.com/mundo/eeuu-y-canada/los-horoscopos-de-mhoni-vidente-para-hoy-miercoles-14-de-agosto-3371811
cc70b4cf84bd87762a070095c76b71a69e5e991c8b52f5624d81dacf6dc2e73d,2024-08-14 14:32:25.775041+00:00,es,eltiempo.com,eltiempo.com,2024-08-14,"‘No existe un contratista de obra en el departamento que no esté siendo extorsionado’: Luis Francisco Ruiz Aguilar, gobernador de Caquetá",https://www.eltiempo.com/colombia/otras-ciudades/no-existe-un-contratista-de-obra-en-el-departamento-que-no-este-siendo-extorsionado-luis-francisco-ruiz-aguilar-gobernador-de-caqueta-3371585
a07d0d561a0a9f8e60d0c8c3bdfd0a35e652733b066247918dea572ea52f4f10,2024-08-14 14:32:17.490561+00:00,es,eltiempo.com,eltiempo.com,2024-08-14,"COP16: controles a presunta especulación en tarifas de hoteles, el pacto con Policía de Nueva York y 3.000 empleos para jóvenes",https://www.eltiempo.com/colombia/cali/cop16-controles-a-presunta-especulacion-en-tarifas-de-hoteles-el-pacto-con-policia-de-nueva-york-y-3-000-empleos-para-jovenes-3371748
df91f32db63cf3287ac15f106b636a8a1f9bf13ed7b916cd968d7cb1073afdf4,2024-08-14 14:32:12.596774+00:00,es,eltiempo.com,eltiempo.com,2024-08-14,Los horóscopos de Nana Calistar para hoy miércoles 14 de agosto,https://www.eltiempo.com/mundo/eeuu-y-canada/los-horoscopos-de-nana-calistar-para-hoy-miercoles-14-de-agosto-3371789
4165cf32a33f6fa8c082716a456064e7842bf03a449807bf0378b905903f5195,2024-08-14 14:32:04.995569+00:00,es,eltiempo.com,eltiempo.com,2024-08-14,"Pescaban en una isla de Florida, cuando encontraron un paquete que valía millones",https://www.eltiempo.com/mundo/eeuu-y-canada/pescaban-en-una-isla-de-florida-cuando-encontraron-un-paquete-que-valia-millones-3371792
007babfc8ecd0d1907e2a56afbb8a13115901b36a6a905c2b84b80277efb0f2b,2024-08-14 14:32:00.056695+00:00,es,eltiempo.com,eltiempo.com,2024-08-14,Los horóscopos de Niño Prodigio para hoy miércoles 14 de agosto,https://www.eltiempo.com/mundo/eeuu-y-canada/los-horoscopos-de-nino-prodigio-para-hoy-miercoles-14-de-agosto-3371774
44c435bf1a3d50e13c647cb901f23a63b69f9f805fb715651c1f6764c9b816ba,2024-08-14 14:31:50.379278+00:00,es,eltiempo.com,eltiempo.com,2024-08-14,Clima hoy Texas: el pronóstico para el miércoles 14 de agosto en el estado,https://www.eltiempo.com/mundo/eeuu-y-canada/clima-hoy-texas-el-pronostico-para-el-miercoles-14-de-agosto-en-el-estado-3371773
6ecbf75223607a20eb9a940d609d3cb4cdfa0277000905fc4cedc62dfd936a85,2024-08-14 14:31:28.659288+00:00,es,eltiempo.com,eltiempo.com,2024-08-14,Argentina: Cristina Fernández declara en el juicio por el intento de asesinato en su contra en septiembre de 2022,https://www.eltiempo.com/mundo/latinoamerica/argentina-cristina-fernandez-declara-en-el-juicio-por-el-intento-de-asesinato-en-su-contra-en-septiembre-de-2022-3371769
ff9433d574b73b55c15bbebaf0adf0fa3d459d6c9685713f09b23904448b5d19,2024-08-14 14:31:07.792735+00:00,es,eltiempo.com,eltiempo.com,2024-08-14,Clima hoy California: el pronóstico para el miércoles 14 de agosto en el estado,https://www.eltiempo.com/mundo/eeuu-y-canada/clima-hoy-california-el-pronostico-para-el-miercoles-14-de-agosto-en-el-estado-3371768
be5332fe68ad56630789300250d5c00a1991745c6e7d90af89c27ac3dbdc8da8,2024-08-14 14:31:01.407596+00:00,es,eltiempo.com,eltiempo.com,2024-08-14,Alemania ordenó detención de ciudadano ucraniano por el sabotaje del gasoducto NordStream en el mar Báltico,https://www.eltiempo.com/mundo/alemania-ordeno-arresto-de-ciudadano-ucraniano-por-el-sabotaje-del-gasoducto-nordstream-en-el-mar-baltico-3371776
60e35b266ebb78c6ab3d6b5fedcba4633f7bea0b7a5cff2799440f646c2d574c,2024-08-14 14:30:56.037954+00:00,es,eltiempo.com,eltiempo.com,2024-08-14,Venezuela: Nicolás Maduro acusa a WhatsApp de entregar a la oposición 'la base de datos' de los usuarios en el país,https://www.eltiempo.com/mundo/venezuela/venezuela-nicolas-maduro-acusa-a-whatsapp-de-entregar-a-maria-corina-machado-y-a-edmundo-gonzalez-la-base-de-datos-de-los-usuarios-en-el-pais-3371790
7ad6d15310a367ea149e1c276649cf0d423ba64d651894ad805f895f951b8f65,2024-08-14 14:30:26.768197+00:00,es,eltiempo.com,eltiempo.com,2024-08-14,JD Vance vs. Tim Walz: ¿quién va ganando en las encuestas de vicepresidente?,https://www.eltiempo.com/mundo/eeuu-y-canada/jd-vance-vs-tim-walz-quien-va-ganando-en-las-encuestas-de-vicepresidente-3371779
163d96cfea9cccf5bdc23eaaa6b7a4707855a4dd8939d0054dba478f5c92f211,2024-08-14 14:30:19.621628+00:00,es,eltiempo.com,eltiempo.com,2024-08-14,"3 hábitos que ayudarán a revertir su edad biológica en una década, según Harvard",https://www.eltiempo.com/mundo/eeuu-y-canada/3-habitos-que-ayudaran-a-revertir-su-edad-biologica-en-una-decada-segun-harvard-3371775
cd26213b6da89b178131abf742d2fcd4476c3097660ac93f12b6c6ac1728bd14,2024-08-14 14:29:10.183434+00:00,es,eltiempo.com,eltiempo.com,2024-08-14,UNGRD: Fiscalía pone en marcha su segunda fase del caso y vienen medidas contra salpicados,https://www.eltiempo.com/justicia/delitos/escandalo-de-la-ungrd-fiscalia-empezo-segunda-fase-del-caso-y-vienen-nuevas-medidas-contra-salpicados-3371710
30846279f6a8b4636372193108504033eb40457df06254c19a0227ce6836a306,2024-08-14 14:29:05.791686+00:00,es,eltiempo.com,eltiempo.com,2024-08-14,"Cayó en Ecuador alias Wilmer, cabecilla principal de peligrosa estructura disidente del 'Estado Mayor'",https://www.eltiempo.com/justicia/conflicto-y-narcotrafico/cayo-en-ecuador-alias-wilmer-el-cabecilla-principal-de-peligrosa-estructura-disidente-del-estado-mayor-central-3371784
81826252bad9b0edb6c2ff9eca4485d834b3db95479f4b693f9b5f43cd8ec4a7,2024-08-14 14:26:41.426083+00:00,es,eltiempo.com,eltiempo.com,2024-08-14,Kate Middleton: este sería el verdadero estado de salud de la princesa tras su anuncio de cáncer,https://www.eltiempo.com/cultura/entretenimiento/kate-middleton-este-seria-el-verdadero-estado-de-salud-de-la-princesa-tras-su-anuncio-de-cancer-3371732
005ce1e5d680cf44fe42bf0b25228404f5062e707b1f1782fac631592d1ea957,2024-08-14 14:26:35.977813+00:00,es,eltiempo.com,eltiempo.com,2024-08-14,Este es uno de los errores más comunes que se cometen al lavar la loza: ¿usted lo hace?,https://www.eltiempo.com/cultura/gente/este-es-uno-de-los-errores-mas-comunes-que-se-cometen-al-lavar-la-loza-usted-lo-hace-3371765
313d09e713659c364cae5aac4d741b53eb744805ad4fc234c900513f5e9afe77,2024-08-14 14:26:30.303750+00:00,es,eltiempo.com,eltiempo.com,2024-08-14,Angélica Jaramillo: ¿a qué se dedicó la exparticipante de ‘Protagonistas de novela’ tras su salida del programa?,https://www.eltiempo.com/cultura/gente/angelica-jaramillo-a-que-se-dedico-la-exparticipante-de-protagonistas-de-novela-tras-su-salida-del-programa-3371729
d1ca3b26418c5c8cfae7bd932021c31bd6d28004e30cfd214a82a2fa5225059f,2024-08-14 14:25:59.995905+00:00,es,eltiempo.com,eltiempo.com,2024-08-14,"La risa: cuántos tipos hay, qué efecto tiene sobre nuestra salud y cómo la usamos socialmente",https://www.eltiempo.com/cultura/gente/la-risa-cuantos-tipos-hay-que-efecto-tiene-sobre-nuestra-salud-y-como-la-usamos-socialmente-3371758
2f799ef01d955a3d99f8bc03a7f94654cf7e008302d949c398982286fe8c06ef,2024-08-14 14:25:54.967617+00:00,es,eltiempo.com,eltiempo.com,2024-08-14,Ayuda a mejorar el sistema neurológico y reduce el envejecimiento: este es el alimento alto en vitamina B,https://www.eltiempo.com/cultura/gente/ayuda-a-mejorar-el-sistema-neurologico-y-reduce-el-envejecimiento-este-es-el-alimento-alto-en-vitamina-b-3371679
ed9fad495e1118762fe8f495badeb72451ea538b62904169b452f0b97459b840,2024-08-14 14:25:49.441475+00:00,es,eltiempo.com,eltiempo.com,2024-08-14,Hip Hop al Parque 2024: conozca la programación oficial y artistas confirmados,https://www.eltiempo.com/cultura/gente/hip-hop-al-parque-2024-conozca-la-programacion-oficial-y-artistas-confirmados-3371681
1216143dd5f512896a1a79e4d510f6c4e99ed118effd82e571586e2e3530987e,2024-08-14 14:25:15.758538+00:00,es,eltiempo.com,eltiempo.com,2024-08-14,"Maluma, furioso, denunció robo de su celular en la Feria de las Flores en Medellín y le envió contundente mensaje a los ladrones: 'No se pueden dedicar a robar, ratas'",https://www.eltiempo.com/cultura/entretenimiento/maluma-furioso-denuncio-el-robo-de-su-celular-en-medellin-y-le-envio-contundente-mensaje-a-los-ladrones-no-se-pueden-dedicar-a-robar-ratas-3371771
857a171b5b5fc686af30b14badf651f0ac7ce49d26dd205ce150e35eac184ed8,2024-08-14 14:24:45.650055+00:00,es,eltiempo.com,eltiempo.com,2024-08-14,Resultados de MiLoto del martes 13 de agosto: ¿tuvo suerte?,https://www.eltiempo.com/economia/finanzas-personales/resultados-de-miloto-del-martes-13-de-agosto-3371760
12f29148379f934579fe94e173ee79b5d9bdf529a2e6896eda905d0f68bda397,2024-08-14 14:24:32.034786+00:00,es,eltiempo.com,eltiempo.com,2024-08-14,Declaración de renta: Estos son los ingresos que no debe reportar según la DIAN,https://www.eltiempo.com/economia/finanzas-personales/declaracion-de-renta-estos-son-los-ingresos-que-no-debe-reportar-segun-la-dian-3371724
218dc6c76b825ffe88ab6646c39081de60938514f34e411c65019b3bfddd47a0,2024-08-14 14:23:59.164196+00:00,es,eltiempo.com,eltiempo.com,2024-08-14,¿Tuvo suerte con el signo Leo? Resultados del Super Astro Luna del martes 13 de agosto de 2024,https://www.eltiempo.com/economia/finanzas-personales/resultados-del-super-astro-luna-del-martes-13-de-agosto-de-3371741
41c3fce3c4b2e703e16a96dc2c7c92a7b8223befd9a0d9c770f2b19b68e43157,2024-08-14 14:23:48.854800+00:00,es,eltiempo.com,eltiempo.com,2024-08-14,¿Qué pasa si no pude declarar renta por las fallas en la página de la Dian? Esto dice la entidad,https://www.eltiempo.com/economia/finanzas-personales/que-pasa-si-no-pude-declarar-renta-por-las-fallas-en-la-pagina-de-la-dian-esto-dice-la-entidad-3371755
c027cf5d0ba37365678550f744fc0386fac42129767c715ade69f0f9ff985c31,2024-08-14 14:23:33.553185+00:00,es,eltiempo.com,eltiempo.com,2024-08-14,¿Ganó el premio? Resultados del Chontico Día y Noche del martes 13 de agosto de 2024,https://www.eltiempo.com/economia/finanzas-personales/resultados-del-chontico-dia-y-noche-del-martes-13-de-agosto-de-3371746
e367cedcc01deb1a33ae25caae903a0e0864f0dad323b47fb4755e6cc21df92a,2024-08-14 14:23:15.499630+00:00,es,eltiempo.com,eltiempo.com,2024-08-14,¿Fue afortunado en ganar? Resultados de El Sinuano del martes 13 de agosto de 2024,https://www.eltiempo.com/economia/finanzas-personales/resultados-de-el-sinuano-del-martes13-de-agosto-de-3371764
e9cb922d37fb460b0e844b614ad54804520c44adacb685809e10a2f7ea40851e,2024-08-14 14:22:19.877954+00:00,es,eltiempo.com,eltiempo.com,2024-08-14,"Real Madrid: a pesar de las muestras de dolor, la lesión de Eduardo Camavinga no es tan grave como parecía; este es el diagnóstico",https://www.eltiempo.com/deportes/futbol-internacional/real-madrid-a-pesar-de-las-muestras-de-dolor-la-lesion-de-eduardo-camavinga-no-es-tan-grave-como-parecia-este-es-el-diagnostico-3371753
5b5c985242b7cd385790f82f2ac82ea1040228f93678abf906dc82c255ea8b6e,2024-08-14 14:21:49.595835+00:00,es,eltiempo.com,eltiempo.com,2024-08-14,Presidente de la Premier League pone contra las cuerdas al Manchester City por las supuestas irregularidades financieras,https://www.eltiempo.com/deportes/futbol-internacional/presidente-de-la-premier-league-pone-contra-las-cuerdas-al-manchester-city-por-las-supuestas-irregularidades-financieras-3371742
7a3d958924c5903a15e0306ceefb9b251ac137dbc00a2b910a6c7a7f34f7991f,2024-08-14 13:30:15.728160+00:00,es,eltiempo.com,eltiempo.com,2024-08-14,"Exclusivo: OEA alista nueva resolución sobre la crisis en Venezuela, ¿cuál será la postura de Colombia y qué dice el texto?",https://www.eltiempo.com/mundo/venezuela/oea-alista-nueva-resolucion-sobre-crisis-en-venezuela-cual-fue-la-postura-de-colombia-3371728
151af47ff1265f0a87b57b06e080d2da71c38266a6de292c10f32205f0bc8cf5,2024-08-14 13:29:54.379091+00:00,es,eltiempo.com,eltiempo.com,2024-08-14,Crisis en Venezuela: presidente de la Asamblea Nacional propone prohibir la observación internacional en las elecciones,https://www.eltiempo.com/mundo/venezuela/crisis-en-venezuela-presidente-de-la-asamblea-nacional-propone-prohibir-la-observacion-internacional-en-las-elecciones-3371745
d7d20da10a1a4dd76a9b88660b504dbdf7f041b360cd996ce5746a29c814630d,2024-08-14 13:29:49.473068+00:00,es,eltiempo.com,eltiempo.com,2024-08-14,Guerra en Ucrania: región rusa de Bélgorod decreta estado de emergencia por bombardeos de las tropas de Kiev,https://www.eltiempo.com/mundo/europa/region-rusa-de-belgorod-decreta-estado-de-emergencia-por-los-bombardeos-ucranianos-3371737
aa8413e31cb08e14a39f5a3590ed13d7d01889f0a7d2e9cb116743d9342f7c54,2024-08-14 13:29:16.074869+00:00,es,eltiempo.com,eltiempo.com,2024-08-14,Gobernador de la región rusa de Bélgorod declara estado de emergencia en todo su territorio,https://www.eltiempo.com/mundo/europa/gobernador-de-la-region-rusa-de-belgorod-declara-estado-de-emergencia-en-todo-su-territorio-3371739
94fe82cff546897d28037c2d22b286787ab560aac6924a272355f627378109c5,2024-08-14 13:28:43.577102+00:00,es,eltiempo.com,eltiempo.com,2024-08-14,Japón: primer ministro Fumio Kishida anuncia que dimitirá para promover 'renovación' del partido gobernante,https://www.eltiempo.com/mundo/asia/japon-primer-ministro-fumio-kishida-anuncia-que-dimitira-para-promover-renovacion-del-partido-gobernante-3371725
c084782d13a5c51d33e9157efdc99556fc9837333cb8b28115934dd75203b987,2024-08-14 13:28:36.172398+00:00,es,eltiempo.com,eltiempo.com,2024-08-14,Donald Trump defiende su relación con líderes como Vladímir Putin: 'Llevarse bien con ellos es bueno',https://www.eltiempo.com/mundo/eeuu-y-canada/donald-trump-defiende-su-relacion-con-lideres-como-vladimir-putin-llevarse-bien-con-ellos-es-bueno-3371723
d01a9f2ad53fc211ca5bac5da9ff9beaf3a27a3629934bf5d0324d399fad360d,2024-08-14 13:28:31.326939+00:00,es,eltiempo.com,eltiempo.com,2024-08-14,Revelan que Daniel Sancho plastificó la habitación donde murió Edwin Arrieta antes de encontrarse con él,https://www.eltiempo.com/mundo/asia/revelan-que-daniel-sancho-plastifico-la-habitacion-donde-murio-edwin-arrieta-antes-de-encontrarse-con-el-3371738
7d413750bde86060f87dcc29035683d17229fed28bf318e7d378ff8453c3ff6d,2024-08-14 13:28:12.447014+00:00,es,eltiempo.com,eltiempo.com,2024-08-14,La desaparición de la joven Ana Valeria: un enigma que moviliza a su familia y sacude a Barranquilla,https://www.eltiempo.com/colombia/barranquilla/la-desaparicion-de-ana-valeria-un-enigma-que-sacude-a-barranquilla-3371750
2b1fc3b2860c22c974300a5672d6b625aef7caca3682918ddc3cab1086fb3cec,2024-08-14 13:28:00.106986+00:00,es,eltiempo.com,eltiempo.com,2024-08-14,"Tiene sida, tuberculosis y problemas de salud mental y aún espera un cupo en hospital del Valle, pese a que ganó tutela para su atención",https://www.eltiempo.com/colombia/cali/tiene-sida-tuberculosis-y-problemas-de-salud-mental-y-aun-espera-un-cupo-en-hospital-del-valle-pese-a-que-gano-tutela-para-su-atencion-3371735
56d4db6b11fac9baccb98548443adeac189c695fe14c312d20bac151946e6076,2024-08-14 13:27:55.421199+00:00,es,eltiempo.com,eltiempo.com,2024-08-14,Asfalto ecológico y energía solar: las apuestas del nuevo puente que impulsará el desarrollo del Atlántico,https://www.eltiempo.com/colombia/barranquilla/este-es-el-nuevo-puente-que-impulsara-el-desarrollo-del-atlantico-se-beneficiaran-mas-de-10-mil-personas-en-la-circunvalar-de-la-prosperidad-3371676
d826f0f1c97a2a9ad58d880160f811b05efd505d7c34ef33b6362eaaa6838112,2024-08-14 13:27:41.212098+00:00,es,eltiempo.com,eltiempo.com,2024-08-14,"No dejaron nada: así operaban los presuntos ladrones de criptomonedas de extranjeros en El Poblado, Medellín",https://www.eltiempo.com/colombia/medellin/no-dejaron-nada-asi-operaban-los-presuntos-ladrones-de-criptomonedas-de-extranjeros-en-el-poblado-medellin-3371734
f1404c79d73823ca6be34e7e2f210c49cb81efb5bc25aaed4dc1dee7a8f85f24,2024-08-14 13:27:35.959726+00:00,es,eltiempo.com,eltiempo.com,2024-08-14,¡Evite multas! Pico y placa en Medellín para el jueves 15 de agosto de 2024,https://www.eltiempo.com/colombia/medellin/pico-y-placa-en-medellin-para-el-jueves-15-de-agosto-de-2024-3371727
91b1ad9ff02dc5a6d0e33cca58b298bb4630c372c416499c427688f4cad5e455,2024-08-14 13:27:30.623886+00:00,es,eltiempo.com,eltiempo.com,2024-08-14,¡Evite multas! Pico y placa en Cali para el jueves 15 de agosto de 2024,https://www.eltiempo.com/colombia/cali/pico-y-placa-en-cali-para-el-jueves-15-de-agosto-de-2024-3371751
9acbdc10cfe3e1bcc80ecab3482a9980a7caedddfadc35a5a374781aa494a578,2024-08-14 13:27:18.788827+00:00,es,eltiempo.com,eltiempo.com,2024-08-14,¡Tenga cuidado! Pico y placa en Bucaramanga para el jueves 15 de agosto de 2024,https://www.eltiempo.com/colombia/santander/pico-y-placa-en-bucaramanga-para-el-jueves-15-de-agosto-de-2024-3371733
2d4fde30b0cc5f6d7587707d7640150ec9c620e80d7bc635b9c146280bbaca06,2024-08-14 13:26:56.596774+00:00,es,eltiempo.com,eltiempo.com,2024-08-14,¡Tome precauciones! Pico y placa en Pereira para el jueves 15 de agosto de 2024,https://www.eltiempo.com/colombia/otras-ciudades/pico-y-placa-en-pereira-para-el-jueves-15-de-agosto-de-2024-3371740
4edeaac01fc5e2fe0e0f9e9eb6bc51062d99c91667b112cf45ee689aa974819c,2024-08-14 13:26:51.699917+00:00,es,eltiempo.com,eltiempo.com,2024-08-14,Masacre en Valledupar: conmoción por el asesinato de tres hombres y una mujer en una vivienda,https://www.eltiempo.com/colombia/otras-ciudades/masacre-en-valledupar-conmocion-por-el-asesinato-de-tres-hombres-y-una-mujer-en-una-vivienda-3371720
22979ddcf75f8636ac00565d58a837024fe564c9f17710ca21caf92e6f7e6382,2024-08-14 11:35:27.206384+00:00,es,eltiempo.com,eltiempo.com,2024-08-14,Crisis en Venezuela EN VIVO,https://www.eltiempo.com/mundo/venezuela/crisis-en-venezuela-en-vivo-nicolas-maduro-acusa-a-whatsapp-de-entregar-a-lideres-opositores-la-base-de-datos-del-vecino-pais-3371717
cb52431b4ad1d8c0bfc72d93f93b317535fd7a29d5db7e8cd9ea7829d8e3bc33,2024-08-14 11:34:50.678780+00:00,es,eltiempo.com,eltiempo.com,2024-08-14,"El calor no da tregua en Corea del Sur, donde han muerto ya 763.000 animales de granja; la Administración Meteorológica de Corea prevé que la ola de calor terminará hasta el 21 o 22 de agosto",https://www.eltiempo.com/mundo/asia/el-calor-no-da-tregua-en-corea-del-sur-donde-han-muerto-ya-763-000-animales-de-granja-la-administracion-meteorologica-de-corea-preve-que-la-ola-de-calor-terminara-hasta-el-21-o-22-de-agosto-3371716
33fcdde55bec1ccc073262614ac1be9da019d15cb69d5a6a7830376087561893,2024-08-14 11:22:53.529990+00:00,es,eltiempo.com,eltiempo.com,2024-08-13,Refuerzan acciones contra el 'Clan del Golfo': hasta 100 millones de pesos por información que permita captura de miembros del grupo,https://www.eltiempo.com/colombia/barranquilla/refuerza-acciones-contra-el-clan-del-golfo-hasta-100-millones-de-recompensa-por-informacion-que-permita-captura-de-miembros-del-grupo-3371334
fd02f579e29cf4d5b8ca12aba3c93be5ae7e9a97782ddc422b41e2cc858f0902,2024-08-14 11:21:47.477454+00:00,es,eltiempo.com,eltiempo.com,2024-08-14,Robot aplaca el histórico atasco para conseguir la nacionalidad española: la mayoría de los nuevos nacionalizados por residencia son personas de origen iberoamericano,https://www.eltiempo.com/mundo/europa/robot-aplaca-el-historico-atasco-para-conseguir-la-nacionalidad-espanola-la-mayoria-de-los-nuevos-nacionalizados-por-residencia-son-personas-de-origen-iberoamericano-3371715
66ae6467a08840bc34874fc6f75970b39af6d274eb54585c293f24796a4b7c00,2024-08-14 11:20:07.009626+00:00,es,eltiempo.com,eltiempo.com,2024-08-14,¿Qué fue lo que encontraron las contralorías Distrital y General en inspección a obras en 20 colegios en Bogotá? Secretaría de Educación responde sobre seguimiento a los contratos,https://www.eltiempo.com/bogota/bogota-que-fue-lo-que-encontro-la-contraloria-en-la-inspeccion-a-obras-en-20-colegios-distritales-hay-adiciones-y-prorrogas-3371707
87907d131791a4f0257c9c3662e05e2c5d8ca68062e19dc7f3f118126ac92919,2024-08-14 11:19:47.577799+00:00,es,eltiempo.com,eltiempo.com,2024-08-13,Menores que infringen la ley en Valle: uno habría extorsionado por $ 65 millones a otro adolescente,https://www.eltiempo.com/colombia/cali/menores-que-infringen-la-ley-el-valle-uno-habria-extorsionado-por-65-millones-a-otro-adolescente-y-tres-mas-amenazaban-a-moradores-de-un-barrio-3371344
7bf164d40fcf36c00d3421e29cd1a1eebad7ba715872bd523ed0a2ff7a2a784d,2024-08-14 11:19:34.986823+00:00,es,eltiempo.com,eltiempo.com,2024-08-14,Movilidad en Bogotá: así amanece el tránsito en las principales vías de la capital del país este miércoles 14 de agosto,https://www.eltiempo.com/bogota/en-vivo-movilidad-en-bogota-asi-amanece-el-transito-en-las-principales-vias-de-la-capital-del-pais-este-miercoles-14-de-agosto-3371703
72136acb1385b3289c3933b1e1b4b97319e65021dce5dc3d3ee931188fb5dc19,2024-08-14 08:24:26.850624+00:00,es,eltiempo.com,eltiempo.com,2024-08-13,Simposio de Investigación Clínica en el CTIC: Se proyecta que las muertes por cáncer se duplicarán en todo el mundo durante los próximos 20 a 40 años,https://www.eltiempo.com/salud/simposio-de-investigacion-clinica-en-el-ctic-se-proyecta-que-las-muertes-por-cancer-se-duplicaran-en-todo-el-mundo-durante-los-proximos-20-a-40-anos-3371617
d815a8b54a23560a1be6f3c1904f53ee39e1571d5160d3a610e7e6c87e2f9772,2024-08-14 07:29:37.764752+00:00,es,eltiempo.com,eltiempo.com,2024-08-14,"Angélica Jaramillo, exparticipante de 'Protagonistas de Nuestra Tele', hizo preocupante confesión en sus redes sociales: 'Llevo varios años consumiendo'",https://www.eltiempo.com/cultura/gente/angelica-jaramillo-exparticipante-de-protagonistas-de-nuestra-tele-hizo-preocupante-confesion-en-sus-redes-sociales-llevo-varios-anos-consumiendo-3371713
f31470ff5a61a2c7b23c5c59e9310ec52ee433c27f8d3b4d4b76967ff3466026,2024-08-14 07:17:47.969087+00:00,es,eltiempo.com,eltiempo.com,2024-08-14,"El Festival de Música del Pacífico Petronio Álvarez, abre sus puertas a ritmo de cultura, folclor y biodiversidad",https://www.eltiempo.com/colombia/cali/el-festival-de-musica-del-pacifico-petronio-alvarez-abre-sus-puertas-a-ritmo-de-cultura-folclor-y-biodiversidad-3371714
c54f141987c8fcfac8b8e918a2928c991f12a24382820e90defc0c28f62eaea8,2024-08-14 07:17:42.952957+00:00,es,eltiempo.com,eltiempo.com,2024-08-14,Así es la nueva mega obra que busca cambiarle la cara a tres sectores populares de Palmira,https://www.eltiempo.com/colombia/cali/asi-es-la-nueva-megaobra-que-busca-cambiarle-la-cara-a-tres-sectores-populares-de-palmira-3370948
0c9527c96faa278eb7b3da9296af895e7a46cb2d83f5d530cbfe71df646198d5,2024-08-14 06:27:45.226016+00:00,es,eltiempo.com,eltiempo.com,2024-08-13,Las movidas mafiosas del ‘Ángel’ del vallenato que lo pusieron en la mira de EE. UU: Corte Suprema avaló su extradición,https://www.eltiempo.com/justicia/cortes/las-movidas-mafiosas-del-angel-del-vallenato-que-lo-pusieron-en-la-mira-de-ee-uu-corte-suprema-avalo-su-extradicion-3371649
7c0620cb1437fa05eff23cb61d338b9ec8b3252cf2e1d665916dbbbc5df39d29,2024-08-14 06:27:36.572728+00:00,es,eltiempo.com,eltiempo.com,2024-08-13,Los reconocidos abogados a los que la Corte Suprema les cerró la puerta para el cargo de Procurador General,https://www.eltiempo.com/justicia/cortes/los-reconocidos-abogados-a-los-que-la-corte-suprema-les-dijo-no-en-carrera-por-llegar-a-la-procuraduria-3371662
b0b10b926787b7db307e3895c167afd4b210a5e85be48cd7a6ee36b7ec9c74ad,2024-08-14 06:27:00.459887+00:00,es,eltiempo.com,eltiempo.com,2024-08-13,Un policía fue asesinado en La Guajira mientras que custodiaba a peligroso delincuente: el criminal quedó prófugo,https://www.eltiempo.com/justicia/delitos/un-policia-fue-asesinado-en-la-guajira-mientras-que-custodiaba-a-peligroso-delincuente-el-criminal-quedo-profugo-3371704
df23ea4631eebb975f843a83d8ab4795b4ac50a3293da9de36a11be8bd082785,2024-08-14 06:22:01.306444+00:00,es,eltiempo.com,eltiempo.com,2024-08-13,Premier League explicará las decisiones del VAR en las redes sociales: nueva iniciativa del fútbol inglés,https://www.eltiempo.com/deportes/futbol-internacional/premier-league-explicara-las-decisiones-del-var-en-las-redes-sociales-nueva-iniciativa-del-futbol-ingles-3371689
03d4d59e2dc899000080e34e75c4e7e77252cf1b101df74769232e4a137c2031,2024-08-14 06:21:20.020471+00:00,es,eltiempo.com,eltiempo.com,2024-08-13,"Ramón Jesurún, citado este miércoles en audiencia por proceso tras escándalo y arresto en la final de la Copa América en Miami",https://www.eltiempo.com/deportes/futbol-internacional/ramon-jesurun-citado-este-miercoles-en-audiencia-en-miami-por-proceso-tras-escandalo-y-arresto-en-la-final-de-la-copa-america-3371701
4cb3086da848445db83903246201815d592a738c5d3d44cb969d8621be17c947,2024-08-14 06:20:50.482638+00:00,es,eltiempo.com,eltiempo.com,2024-08-13,"Junior cae contra Colo Colo y desata los mejores memes: Arturo Reyes, la víctima de las redes sociales",https://www.eltiempo.com/deportes/futbol-internacional/junior-cae-contra-colo-colo-y-desata-los-mejores-memes-arturo-reyes-la-victima-de-las-redes-sociales-3371706
ef6d93f711612134f0aa018a4c9648dcb2bb80c6e6fce0382828aa1552743348,2024-08-14 06:20:30.628233+00:00,es,eltiempo.com,eltiempo.com,2024-08-13,"Junior, con las manos vacías en su visita a Chile: Colo Colo se impuso en la ida de octavos en la Copa Libertadores, video",https://www.eltiempo.com/deportes/futbol-internacional/junior-con-las-manos-vacias-en-su-visita-a-chile-colo-colo-se-impuso-en-la-ida-de-octavos-en-la-copa-libertadores-video-3371694
216de6113ed4645fb81083231a90354e1dbc323643df9c72c2335782321ab066,2024-08-14 05:25:02.435544+00:00,es,eltiempo.com,eltiempo.com,2024-08-13,Canciller Murillo afirmó que más de 145 delegaciones del mundo ya confirmaron su asistencia a la COP16 de Cali,https://www.eltiempo.com/politica/gobierno/canciller-murillo-afirmo-que-mas-de-145-delegaciones-del-mundo-ya-confirmaron-su-asistencia-a-la-cop16-de-cali-3371630
3e3ecb6d93088a4c2fed6ec223b23187532ba2950847a7cc9eb86dbda274a543,2024-08-14 05:24:11.901029+00:00,es,eltiempo.com,eltiempo.com,2024-08-13,La polémica por el proyecto que buscaría asignar a las comunidades indígenas responsabilidad de autoridades ambientales en sus territorios,https://www.eltiempo.com/vida/medio-ambiente/la-polemica-por-el-proyecto-que-buscaria-asignar-a-las-comunidades-indigenas-responsabilidad-de-autoridades-ambientales-en-sus-territorios-3371692
d070d7c6e33da2439bf652ccc4fcbdfcf225c8cd7dab4d5a1d28089507507a9c,2024-08-10 10:30:57.500822+00:00,es,diariodelnorte.net,diariodelnorte.net,2024-08-09,"Plástico de un solo uso, ley 2232 de 2022",https://diariodelnorte.net/opinion/plastico-de-un-solo-uso-ley-2232-de-2022/
2e05f8a77578393c362654aeb8a3c373ab40ec1257272f7a1e4e0c5cd2a93a1a,2024-08-03 05:45:33.972321+00:00,es,infobae.com,infobae.com,2021-12-29,Incendios en la Patagonia: el Gobierno declaró la emergencia en todo el país y refuerza la ayuda,https://www.infobae.com/politica/2021/12/29/incendios-en-la-patagonia-el-gobierno-declaro-la-emergencia-en-todo-el-pais-y-refuerza-la-ayuda/
b59c4b7000c69e997436d4e61c73ea7c70d748c3a91a76feae77a3c90989bc86,2024-08-01 21:28:22.643491+00:00,es,eltiempo.com,eltiempo.com,2022-01-14,"De los riesgos más severos para 2022, la mitad son ambientales",https://www.eltiempo.com/vida/medio-ambiente/de-los-riesgos-mas-severos-para-2022-la-mitad-son-climaticos-y-ambientales-644936
96a5d7977efedb8baad73bbf76ce575f299450179f25f69a6bbd3dc22344f646,2024-08-01 19:31:53.348092+00:00,es,eltiempo.com,eltiempo.com,2022-01-15,"'Riesgos allá, riesgos acá': Análisis de Ricardo Ávila",https://www.eltiempo.com/economia/sectores/la-incertidumbre-global-tras-la-pandemia-agrava-las-tensiones-sociales-645136
f6a68ea1f06db9c75fc2f70ace4d6053deddeae0279d45b7e520e1a23858af64,2024-08-01 15:12:57.122852+00:00,es,choco7dias.com,choco7dias.com,2022-01-17,MIANMCO,https://choco7dias.com/mianmco/
8ca2ba5c49a05a0de3208ae2dc0b6e45947e9934efe5114f39196c7fc85ff36e,2024-07-26 03:18:25.481274+00:00,es,elpilon.com.co,elpilon.com.co,2024-07-26,Mucha norma jurídica ambiental y poca aplicación,https://elpilon.com.co/mucha-norma-juridica-ambiental-y-poca-aplicacion/
99f806b63d771671f50961d1e11fcf8182be1ec2ea770d01bda534c47307d49e,2024-07-15 12:21:05.046007+00:00,es,lalinternaazul2.wordpress.com,lalinternaazul2.wordpress.com,2024-07-15,La destrucción de los ecosistemas planetarios está llegando a límites irreversibles,https://lalinternaazul2.wordpress.com/2024/07/15/la-destruccion-de-los-ecosistemas-planetarios-esta-llegando-a-limites-irreversibles/
15baed902d88849146a6af6d159c692839239365c4f9c5669618aed1624111ca,2024-07-14 10:27:27.069009+00:00,es,choco7dias.com,choco7dias.com,2024-07-14,Codechocó: concurso de fotos sobre medio ambiente,https://choco7dias.com/codechoco-concurso-de-fotos-sobre-medio-ambiente/
c08ccf3f8c544648294a120864bf320bc8c4759532c28fb0462dfd218936b32c,2024-07-12 13:24:34.081589+00:00,es,eltiempo.com,eltiempo.com,2024-07-12,"'Buen trabajo, Joe', Trump se burla de los lapsus de Joe Biden con Kamala Harris y Zelensky",https://www.eltiempo.com/mundo/eeuu-y-canada/gran-trabajo-joe-trump-se-burla-de-los-lapsus-de-biden-al-confundir-a-zelenski-con-putin-y-otros-desaciertos-sobre-kamala-harris-3361417
93d007645621bae90e39212d46fec1aa7c47280b49bee0c306041676d84e4352,2024-07-12 13:24:18.313021+00:00,es,eltiempo.com,eltiempo.com,2024-07-12,El innovador proyecto de estudiantes colombianos con el que ganaron medalla de plata en Inglaterra,https://www.eltiempo.com/colombia/barranquilla/el-innovador-proyecto-de-estudiantes-colombianos-con-el-que-ganaron-medalla-de-plata-en-inglaterra-3361328
b4d22800b5130fb7bdf492042e62412b1072080bbc77fead259dc773a4bfbb08,2024-07-12 13:24:12.984569+00:00,es,eltiempo.com,eltiempo.com,2024-07-12,Denuncian abuso de autoridad y afectación a menores durante un procedimiento de desalojo en Barranquilla,https://www.eltiempo.com/colombia/barranquilla/denuncian-abuso-de-autoridad-y-afectacion-a-menores-durante-un-procedimiento-de-desalojo-en-barranquilla-3361371
f17eda9dfc58ef7cbea9bf54efa35277d0524a946f7547259b23eb1c914fbf5e,2024-07-12 13:24:08.212931+00:00,es,eltiempo.com,eltiempo.com,2024-07-12,Iván Duque rechaza propuesta de revivir el 'fast track': 'Buscan un mecanismo espurio para debilitar el trámite legislativo',https://www.eltiempo.com/politica/partidos-politicos/ivan-duque-se-va-contra-propuesta-de-revivir-el-fast-track-buscan-un-mecanismo-espurio-para-debilitar-el-tramite-legislativo-3361424
aa1ce59ba4d7d04c4e3e7ca2af565cdc44c6bcd149fb89e3df4863ed07b82ef4,2024-07-12 13:24:00.099158+00:00,es,eltiempo.com,eltiempo.com,2024-07-12,Medellín: fallece mujer que había sido atacada con arma de fuego por su expareja sentimental,https://www.eltiempo.com/colombia/medellin/medellin-fallece-mujer-que-habia-sido-atacada-con-arma-de-fuego-por-su-expareja-sentimental-3361406
64f0ec78935dcc12ecdd9b0e459a4f48e2ada378dad9ee2faf6e716f11fb26fd,2024-07-12 13:23:37.727231+00:00,es,eltiempo.com,eltiempo.com,2024-07-12,¿Presidente Gustavo Petro analiza si decreta día cívico en caso de que Colombia quede campeón de la Copa América?,https://www.eltiempo.com/politica/gobierno/presidente-gustavo-petro-analiza-si-decreta-dia-civico-en-caso-de-que-colombia-quede-campeon-de-la-copa-america-3361407
52be487ebe68d4ca3a2274f6a4df00c84d24320080336c4c4f9ed40c7b632462,2024-07-12 13:23:24.153458+00:00,es,eltiempo.com,eltiempo.com,2024-07-12,La Unidad de Riesgos hará giros directos para atender a familias damnificadas en la Mojana,https://www.eltiempo.com/colombia/otras-ciudades/la-unidad-de-riesgos-hara-giros-directos-para-atender-a-familias-damnificadas-en-la-monaja-3361420
a5f5a5a953916d2748f373336eba2f2cdb7dcf291626d81755940653bdb6f3cb,2024-07-12 13:22:40.368615+00:00,es,eltiempo.com,eltiempo.com,2024-07-12,Rodolfo Hernández salió de UCI tras fuerte operación en el hígado por cáncer terminal,https://www.eltiempo.com/colombia/santander/rodolfo-hernandez-salio-de-uci-tras-fuerte-operacion-en-el-higado-por-cancer-3361415
e6746cbbf97de06f5781a3333732e72d43835090c7a4839df7f040a04a425829,2024-07-12 01:24:23.105334+00:00,es,kienyke.com,kienyke.com,2024-07-11,Pasto: La esencia de la “ciudad sorpresa” del sur de Colombia,https://www.kienyke.com/region-andina/pasto-la-esencia-de-la-ciudad-sorpresa-del-sur-de-colombia
d7ba807d012ed6c30dd0a702d37c49a6228e49ca10947a7ad1029d72dbdd74a6,2024-07-11 17:29:31.052123+00:00,es,eltiempo.com,eltiempo.com,2024-07-11,COP16: Colombia lidera la posición regional de América Latina y el Caribe de cara a la cumbre internacional sobre biodiversidad,https://www.eltiempo.com/vida/medio-ambiente/cop16-colombia-lidera-posicion-regional-de-america-latina-y-el-caribe-para-la-cumbre-internacional-3361116
e392a931fe12f35dcd7765e82eab54ba45ac489cefff927688cda38bbc68101a,2024-07-08 15:35:24.636959+00:00,es,opinioncaribe.com,opinioncaribe.com,2024-07-08,¿Es la constituyente una estrategia para desviar la atención del descontento popular?,https://www.opinioncaribe.com/2024/07/08/es-la-constituyente-una-estrategia-para-desviar-la-atencion-del-descontento-popular/
d480d6fa6643c2fa145d9311f5caf7ba91a34f0a4305c29d0790e997748f29aa,2024-07-07 12:31:27.308013+00:00,es,infobae.com,infobae.com,2024-07-07,"El suelo puede ser fértil durante generaciones ""si se cuida bien"", afirma una experta",https://www.infobae.com/espana/agencias/2024/07/07/el-suelo-puede-ser-fertil-durante-generaciones-si-se-cuida-bien-afirma-una-experta/
c8eb454e895a83647e5d5117fb84b0f4f20e8f58062d3899ba9563766a08c72d,2024-07-05 18:24:41.004268+00:00,es,infobae.com,infobae.com,2024-07-05,"Cómo dice el dicho, ¿qué significa “agua que no has de beber, déjala correr”?",https://www.infobae.com/mexico/2024/07/05/refranes-mexicanos-agua-que-no-has-de-beber-dejala-correr-que-significa/
583efcd3de35f1093d9442001a68824cb701e16ebc10cec975a65798386ae3a5,2024-06-23 21:27:40.900567+00:00,es,las2orillas.co,las2orillas.co,2024-06-21,Multinacionales carboneras en La Guajira: cinismo corporativo,https://www.las2orillas.co/multinacionales-carboneras-en-la-guajira-cinismo-corporativo/
6d3a61a4ced577d1e46da13098afeea85587c026788be0ee7080541b5933647a,2024-06-13 23:30:01.502468+00:00,es,infobae.com,infobae.com,2024-06-13,"Proteger la Amazonía es proteger el planeta, el resumen de la semana de la sostenibilidad",https://www.infobae.com/america/agencias/2024/06/13/proteger-la-amazonia-es-proteger-el-planeta-el-resumen-de-la-semana-de-la-sostenibilidad/
a7dbea1c7decb9d0fc31b62eeb71976dd17da8181e842925616559d8f3a50240,2024-06-09 06:18:25.717875+00:00,es,infobae.com,infobae.com,2024-06-09,Cambio climático: un desafío que exige acción inmediata,https://www.infobae.com/opinion/2024/06/09/cambio-climatico-un-desafio-que-exige-accion-inmediata/
2cd0f900fc742f8e2aa03b9a2e6be480402640269230fb9934cb4a45815c3f9f,2024-06-07 15:27:29.517828+00:00,es,eltiempo.com,eltiempo.com,2024-06-07,"Tras ser líderes por años en América Latina, Colombia cae varios puestos en el Índice de Desempeño Ambiental (EPI)",https://www.eltiempo.com/vida/medio-ambiente/colombia-vuelve-a-mejorar-en-el-indice-de-desempeno-ambiental-epi-aunque-esta-lejos-de-la-buena-posicion-ocupo-por-anos-3350403
f21be5027128be003ddcce7f26b48531f3bfb1c2c68e674b35602e898da9057d,2024-06-07 11:27:45.387156+00:00,es,infobae.com,infobae.com,2024-06-07,"Consumidores cambian hábitos de consumo de pescado por la salud del océano, según encuesta",https://www.infobae.com/espana/agencias/2024/06/07/consumidores-cambian-habitos-de-consumo-de-pescado-por-la-salud-del-oceano-segun-encuesta/
3fc68255b89d2d991ae15bb5b6aa71f856eb3e4d3e5b1fbaf2eb1b1d0ce546f4,2024-06-05 19:48:01.361422+00:00,es,diariolalibertad.com,diariolalibertad.com,2024-06-05,Hacer más por el medio ambiente,https://diariolalibertad.com/sitio/2024/06/05/hacer-mas-por-el-medio-ambiente/
a3eb6c201c9bf10dba329faa2d6aeb2fdefa76cc76df8bcb9aff0ab681662e57,2024-06-05 05:29:25.072670+00:00,es,infobae.com,infobae.com,2024-06-05,Salvar especies en peligro de extinción es posible: cómo es el trabajo global para frenar las amenazas,https://www.infobae.com/america/medio-ambiente/2024/06/05/salvar-especies-en-peligro-de-extincion-es-posible-como-es-el-trabajo-global-para-frenar-las-amenazas/
0922f3631b40a43b004f077f1e082770a285b6305e59f036b79fa4cfdba3deec,2024-05-26 21:25:10.217665+00:00,es,diariolalibertad.com,diariolalibertad.com,2024-05-26,Alcances del discurso de Petro en la Universidad de Stanford,https://diariolalibertad.com/sitio/2024/05/26/alcances-del-discurso-de-petro-en-la-universidad-de-stanford/
aead4e21ddac4c01d4793e076f4003b52c1c731cafe91a15597ef3a441a2bff6,2024-05-22 20:27:49.604013+00:00,es,infobae.com,infobae.com,2024-05-22,"La minería submarina implicará un daño a gran escala y escasos beneficios, según expertos",https://www.infobae.com/america/agencias/2024/05/22/la-mineria-submarina-implicara-un-dano-a-gran-escala-y-escasos-beneficios-segun-expertos/
50aeacdecf74f9fc98d6fd05cf79234e4d79b788f36a08e58e02fcdc0fc28283,2024-05-22 06:21:39.687545+00:00,es,infobae.com,infobae.com,2024-05-22,Crisis de biodiversidad: cómo evitar que la Amazonia llegue al punto de no retorno,https://www.infobae.com/america/medio-ambiente/2024/05/22/crisis-de-biodiversidad-como-evitar-que-la-amazonia-llegue-al-punto-de-no-retorno/
c328198285151c73955c0ca524be27a5a39b2df615e575fbccc02ce28d06e62e,2024-05-22 06:21:19.734867+00:00,es,infobae.com,infobae.com,2024-05-22,Día Internacional de la Diversidad Biológica: cinco acciones urgentes para frenar la pérdida de biodiversidad,https://www.infobae.com/america/medio-ambiente/2024/05/22/dia-internacional-de-la-diversidad-biologica-cinco-acciones-urgentes-para-frenar-la-perdida-de-biodiversidad/
b40463ed6166e6fe4cb3345c8d0b7985bfc8e250e136a7b3acdbe7668a54b051,2024-05-21 11:37:39.700746+00:00,es,infobae.com,infobae.com,2024-05-21,Denuncia en Francia de víctimas del cambio climático para sentar en el banquillo a Total,https://www.infobae.com/america/agencias/2024/05/21/denuncia-en-francia-de-victimas-del-cambio-climatico-para-sentar-en-el-banquillo-a-total/
9cd04bc8a1f8f65dc26db34158b76b05074eec87a19cb47b108ddc31b06fd9cb,2024-05-18 13:26:04.978389+00:00,es,semanariovoz.com,semanariovoz.com,2024-05-18,Una paz regional es urgente,https://semanariovoz.com/una-paz-regional-es-urgente/
449c0097d74ab2f96909f2465377f96ac31026c18fa3bf3f3b7efb35478c8026,2024-05-11 00:12:53.617537+00:00,es,razonpublica.com,razonpublica.com,2022-05-02,Los sistemas agroalimentarios: un imperativo para sociedades más justas,https://razonpublica.com/los-sistemas-agroalimentarios-imperativo-sociedades-mas-justas/
19b21abec0386a828b3a456d806c54fb87afab322cf5beda34035578fd72aa19,2024-05-10 20:10:00.645623+00:00,es,infobae.com,infobae.com,2022-05-08,"Hay vida en los Esteros: 60 días después del fuego devastador, el Parque Nacional Iberá renace de las cenizas",https://www.infobae.com/sociedad/2022/05/08/hay-vida-en-los-esteros-60-dias-despues-del-fuego-devastador-el-parque-nacional-ibera-renace-de-las-cenizas/
898b39183c4f617eb6621748cfcfd5c004b288ad9fad70fd62445e5ecbb788db,2024-05-10 17:36:44.067878+00:00,es,infobae.com,infobae.com,2024-05-10,Se cuela en la Junta de Accionistas de Repsol e increpa al CEO: “No comprendo su necesidad de seguir acaparando riqueza a costa de la gente que sufre pobreza energética”,https://www.infobae.com/espana/2024/05/10/se-cuela-en-la-junta-de-accionistas-de-repsol-e-increpa-al-ceo-no-comprendo-su-necesidad-de-seguir-acaparando-riqueza-a-costa-de-la-gente-que-sufre-pobreza-energetica/
038bde4bc4340a8899382b23e9cdab8a5c8ac6944bbfa2b9176e63b0b985ef21,2024-05-10 11:24:46.326564+00:00,es,las2orillas.co,las2orillas.co,2022-05-13,Más triste que la deforestación es la ignorancia de los candidatos sobre el medio ambiente,https://www.las2orillas.co/mas-triste-que-la-deforestacion-es-la-ignorancia-de-los-candidatos-sobre-el-medio-ambiente/
9856c079a66ce5db95c976d28722ad063933e9ce39541a43269593c2e9e368f0,2024-05-10 07:43:12.673606+00:00,es,eltiempo.com,eltiempo.com,2022-05-16,Las dietas saludables pueden prevenir once millones de muertes al año,https://www.eltiempo.com/salud/onu-promovera-dietas-saludables-para-prevenir-11-millones-de-muertes-al-ano-672665
efecf0965ab5f524c960e09c2007bc002e2e6df4e3a789313fa1825923610a97,2024-05-10 05:22:39.703154+00:00,es,infobae.com,infobae.com,2022-05-18,Día Mundial del Reciclaje: una aproximación a la economía circular y la situación peruana,https://www.infobae.com/america/opinion/2022/05/18/dia-mundial-del-reciclaje-una-aproximacion-a-la-economia-circular-y-la-situacion-peruana/
c1462fd76a18b8671e654a3c2e3f7e87453a516307e11900f400514197afe441,2024-05-09 16:50:05.912482+00:00,es,larepublica.co,larepublica.co,2022-05-24,"Tiffanny & Co destinará US$6,5 millones para la conservación de biomas en el mundo",https://www.larepublica.co/ocio/tiffanny-co-destinara-us-6-5-millones-para-la-conservacion-de-biomas-en-el-mundo-3369867
7ad78848df179cf549b9952f568ff0816639718db67648da5626a859f9ab77ca,2024-05-09 13:57:30.360789+00:00,es,infobae.com,infobae.com,2022-05-26,Brasil mira hacia fertilizantes naturales para paliar dependencia rusa,https://www.infobae.com/america/agencias/2022/05/26/brasil-mira-hacia-fertilizantes-naturales-para-paliar-dependencia-rusa/
dcea0f3ea2476c33bba37aaf124602dae2b35ee6d64deda7a9ff56b764f6a11f,2024-05-09 07:34:32.554634+00:00,es,gatopardo.com,gatopardo.com,2022-05-31,"Cozumel, paraíso de unos cuantos – Gatopardo",https://gatopardo.com/noticias-actuales/cruceros-en-el-caribe-cozumel/
755bbe5dabc8ca693e74695e433166a77aaafc7133197f38846e2730c8dce472,2024-05-09 00:03:03.351139+00:00,es,infobae.com,infobae.com,2022-06-05,Desde contaminación pandémica hasta energías renovables: cuáles son las claves para frenar el cambio climático,https://www.infobae.com/america/medio-ambiente/2022/06/05/desde-contaminacion-pandemica-hasta-energias-renovables-cuales-son-las-claves-para-frenar-el-cambio-climatico/
d264dc5d137f5e3346a3109780ea85fada0247fde4b87a0b41bb8f4e8028e387,2024-05-08 23:59:37.305250+00:00,es,infobae.com,infobae.com,2022-06-05,"El peligro que es la carne, una amenazante guerra por el agua y nuevas enfermedades: el planeta a 50 años de la proclamación del Día Mundial del Medio Ambiente",https://www.infobae.com/leamos/2022/06/05/el-peligro-que-es-la-carne-una-amenazante-guerra-por-el-agua-y-nuevas-enfermedades-el-planeta-a-50-anos-de-la-proclamacion-del-dia-mundial-del-medio-ambiente/
0c699e637af5215dd6263b9b6b84f7721126b2ef24c2a1225b45a7aecb54fc16,2024-05-08 16:36:02.331421+00:00,es,eltiempo.com,eltiempo.com,2022-06-07,Revitalizar la vida - Columna de Victor Corcoba - Columnistas - Opinión,https://www.eltiempo.com/opinion/columnistas/victor-corcoba-herrero/revitalizar-la-vida-columna-de-victor-corcoba-678410
f9de7115239c3603ee49be6321d8da1ab126087e97d795d4412fea36a1284b18,2024-05-08 15:28:35.401451+00:00,es,opinioncaribe.com,opinioncaribe.com,2022-06-08,"En el Día Mundial de los Océanos, avanza la cumbre que busca proteger los mares del país",https://www.opinioncaribe.com/2022/06/08/en-el-dia-mundial-de-los-oceanos-avanza-la-cumbre-que-busca-proteger-los-mares-del-pais/
694317d125e0c9095bde7afbdc227a2366576e24ab540b60ade1a06ae37e56ef,2024-05-08 15:25:26.806084+00:00,es,rionoticias.co,rionoticias.co,2022-06-08,"En el Día Mundial de los Océanos, avanza la cumbre que busca proteger los mares del país",https://rionoticias.co/en-el-dia-mundial-de-los-oceanos-avanza-la-cumbre-que-busca-proteger-los-mares-del-pais/
19cf8a6f556734714bcbdab6a0163c15ac15fc9ff4e9c91eb81d234df0bf09e8,2024-05-08 11:30:04.128403+00:00,es,las2orillas.co,las2orillas.co,2022-06-11,La propuesta de transición energética de Petro: la más responsable,https://www.las2orillas.co/la-propuesta-de-transicion-energetica-de-petro-la-mas-responsable/
0f3f32628e2ad1ca9e7789ea546809801e82e6fe56a0b76cc07430f0a2e9c305,2024-05-08 10:07:10.798827+00:00,es,eltiempo.com,eltiempo.com,2022-06-12,La urgente necesidad de arreglar nuestros sistemas de alimentación fallidos,https://www.eltiempo.com/mundo/mas-regiones/hambre-por-que-hay-que-arreglar-sistemas-de-alimentacion-fallidos-679618
0c1851ad88d718d5c4880b8b666c73c316d7aa74596f386dd3a1f85f9ff1ae16,2024-05-08 06:54:54.561335+00:00,es,eltiempo.com,eltiempo.com,2022-06-14,El gran reto - Foro del lector - Cartas - Opinión,https://www.eltiempo.com/opinion/cartas/el-gran-reto-foro-del-lector-680267
5b155f3b12c490f93a85fe598b0715a7b15c6a4ee45147baef4c2ad69c28d859,2024-05-07 23:02:28.352515+00:00,es,larepublica.co,larepublica.co,2022-06-20,180 millones de razones…,https://www.larepublica.co/especiales/especial-elecciones-presidenciales-2022/180-millones-de-razones-3387528
bac1ebc8eb8951c8bb0177c29cce9f2228e7692e4a0dca8c3f758c60c00f7d61,2024-05-07 13:49:55.423279+00:00,es,infobae.com,infobae.com,2022-06-26,Dos represas financiadas por China amenazan los glaciares y la biodiversidad de Argentina,https://www.infobae.com/america/medio-ambiente/2022/06/26/dos-represas-financiadas-por-china-amenazan-los-glaciares-y-la-biodiversidad-de-argentina/
e796076c95b0625f69e51cfe95ef961f7b96936bf487a0fd1863af89787dd2bc,2024-05-07 13:41:16.387195+00:00,es,elpais.com,elpais.com,2022-06-26,Colombia y la nueva izquierda latinoamericana,https://elpais.com/america-colombia/elecciones-presidenciales/2022-06-26/colombia-y-la-nueva-izquierda-latinoamericana.html
0cee673c102fa17c5cd0e157623dfd47c9feb8f30096d99bd19c4991520629c5,2024-05-07 13:01:30.163689+00:00,es,infobae.com,infobae.com,2022-06-27,Brigitte Baptiste: “Hay una barrera que impide pensar la diversidad biológica del mundo y la diversidad de género”,https://www.infobae.com/lgbt/2022/06/27/brigitte-baptiste-hay-una-barrera-que-impide-pensar-la-diversidad-biologica-del-mundo-y-la-diversidad-de-genero/
54556a4cfcfe180d0b24b7124630fba55d584cd83125e2d2033bec433906591a,2024-05-07 12:01:51.122506+00:00,es,infobae.com,infobae.com,2022-06-27,Huawei ofrece su tecnología a ONG que promueven la conservación ambiental,https://www.infobae.com/america/agencias/2022/06/27/huawei-ofrece-su-tecnologia-a-ong-que-promueven-la-conservacion-ambiental-2/
4735bd4f52be2579239db7cfd375bdd9ff86dff5567423988b220785993cfb72,2024-05-07 06:47:35.361438+00:00,es,infobae.com,infobae.com,2022-07-01,"La explotación minera, nuevo frente de lucha para la preservación de los océanos",https://www.infobae.com/america/agencias/2022/07/01/la-explotacion-minera-nuevo-frente-de-lucha-para-la-preservacion-de-los-oceanos/
53a7e526f90647f63a5bdb4f2ec034fc389983bddd4abb7f751ad68f35c3d681,2024-05-07 06:18:20.470464+00:00,es,eltiempo.com,eltiempo.com,2022-07-01,Varios países inician debate para que se prohíba minería submarina,https://www.eltiempo.com/vida/medio-ambiente/varios-paises-inician-debate-para-que-se-prohiba-mineria-submarina-684301
b2a12335f072372ab0b9f25a9213940a5364eeda07c1f1b8b6f80eb735747295,2024-05-07 04:03:51.613752+00:00,es,razonpublica.com,razonpublica.com,2022-07-03,Educación y cultura bajo el próximo gobierno,https://razonpublica.com/educacion-cultura-proximo-gobierno/
7bc9d2b60448fd81e04b513587449835d0e65c86cb8a64d2055228b9d6a95bcb,2024-05-07 01:55:34.219939+00:00,es,eltiempo.com,eltiempo.com,2022-07-01,40 países buscan parar la minería submarina,https://www.eltiempo.com/vida/medio-ambiente/mineria-submarina-paises-se-oponen-a-la-exploracion-en-los-oceanos-684301
628b027871383d71da27a6b580bc354dd889da215e65113d9203cbfecf32c6f6,2024-05-06 17:21:04.771456+00:00,es,diariodelnorte.net,diariodelnorte.net,2022-07-09,¿Nos quedó grande?,https://www.diariodelnorte.net/?p=124737
f92ea206878d73ee78b43c479ce28a7362ff21f5ca4100d88069be9327e01945,2024-05-06 09:16:42.824151+00:00,es,diariolalibertad.com,diariolalibertad.com,2022-07-13,Merecido nombramiento de Cecilia López M,https://diariolalibertad.com/sitio/2022/07/13/merecido-nombramiento-de-cecilia-lopez-m-nbs/
d288b16bb0330a60572790e1c7664f7a489c95347d0cc39191c073cffcb13576,2024-05-06 08:19:29.778371+00:00,es,infobae.com,infobae.com,2022-07-14,"Por cada minuto que pasa, 54.000 colillas contaminan el ambiente en Argentina",https://www.infobae.com/america/medio-ambiente/2022/07/14/por-cada-minuto-que-pasa-54000-colillas-contaminan-el-ambiente-en-argentina/
2771d8bbe975ef1b1158e88e56456abc660568963edfdfc28b2c7566e1f34e88,2024-05-06 04:38:33.908415+00:00,es,eltiempo.com,eltiempo.com,2022-07-17,¿Es un logro que la deforestación haya crecido poco en 2021?,https://www.eltiempo.com/vida/medio-ambiente/deforestacion-es-un-triunfo-que-la-haya-crecido-poco-en-2021-687834
4953eb0429f20ee6bc96f30df321fb8daaa29736e64f0aadffb6090242d4734f,2024-05-06 04:32:30.207947+00:00,es,lapatilla.com,lapatilla.com,2022-07-17,Antonio Ledezma: Calorones incendiarios,https://www.lapatilla.com/2022/07/17/antonio-ledezma-calorones-incendiarios/
90ccd70de16f954cf24149c72f2fcf3967e11308fb76de75efa289e3f676b448,2024-05-06 01:18:50.141467+00:00,es,extra.com.co,extra.com.co,2024-05-05,la naturaleza - EXTRA,https://extra.com.co/la-naturaleza/
68fd39723de60045f92eceb6bbcc6a8040545951abe7dd787736e2cae84a3fc2,2024-05-05 19:03:27.917286+00:00,es,lapatilla.com,lapatilla.com,2022-07-22,"Cambio climático e impacto social, la situación casi ""crítica"" en América Latina y el Caribe",https://www.lapatilla.com/2022/07/22/cambio-climatico-e-impacto-social-la-situacion-casi-critica-en-america-latina-y-el-caribe/
a7fb36e8952786035aaccbf38055196af08bc90fb109c1f6de7af8b411dce6dd,2024-05-05 19:01:49.576426+00:00,es,infobae.com,infobae.com,2022-07-22,"Cambio climático e impacto social, la situación casi ""crítica"" en América Latina y el Caribe",https://www.infobae.com/america/agencias/2022/07/22/cambio-climatico-e-impacto-social-la-situacion-casi-critica-en-america-latina-y-el-caribe/
82b067400f16f13d27bb0a2f668862a9668f22cc7052c44a902be23850251dfe,2024-05-05 18:59:45.826089+00:00,es,elpais.com.co,elpais.com.co,2022-07-22,"Cambio climático e impacto social, la situación casi ""crítica"" en América Latina y el Caribe",https://www.elpais.com.co/mundo/cambio-climatico-e-impacto-social-la-situacion-casi-critica-en-america-latina-y-el-caribe.html
f4dcf5956631ecae37007344ccb90d9ab4385d5adee8c12853c6ad64375199c2,2024-05-05 14:17:52.147972+00:00,es,hoydiariodelmagdalena.com.co,hoydiariodelmagdalena.com.co,2024-05-05,Bomberos apoyan control de los incendios forestales,https://hoydiariodelmagdalena.com.co/archivos/940826/bomberos-apoyan-control-de-los-incendios-forestales/
48884cf8ecf7f5c991ee2084fc3ba856eeb9d7e6a161473271252cf3feca02c2,2024-05-05 04:22:27.891440+00:00,es,eltiempo.com,eltiempo.com,2024-05-04,Recuperación de la capa de ozono demuestra que sí se puede cambiar el curso de la crisis climática,https://www.eltiempo.com/vida/medio-ambiente/recuperacion-de-la-capa-de-ozono-demuestra-que-si-se-puede-cambiar-el-curso-de-la-crisis-climatica-3339730
0bc536c78608e187aaaf122cfe2d34df0d2656aa76e2b5af6643b6d87de3abc6,2024-05-05 03:32:05.569070+00:00,es,eltiempo.com,eltiempo.com,2022-07-25,Megasequías por cambio climático y deforestación aumentarán en A. Latina,https://www.eltiempo.com/vida/medio-ambiente/megasequias-por-cambio-climatico-y-deforestacion-aumentaran-en-a-latina-690004
6852b3a8a6e1d1d515bb7be503676beb80a85259bc66325240f953f7ddcf6caa,2024-05-04 22:10:48.511072+00:00,es,infobae.com,infobae.com,2022-07-28,¿Qué es ser peruano? Datos curiosos que debes saber si vives en Perú,https://www.infobae.com/america/peru/2022/07/28/que-es-ser-peruano-datos-curiosos-que-debes-saber-si-vives-en-peru/
2da64acdb5dc84f601b407ff27ab1536b85577bc43a4f18f0086ad9bb2e5ace7,2024-05-04 14:47:15.860238+00:00,es,eltiempo.com,eltiempo.com,2022-07-30,Los efectos del cambio climático en la temperatura de Bogotá,https://www.eltiempo.com/bogota/bogota-los-efectos-del-cambio-climatico-en-la-temperatura-691238
f019b32071719d3dd57d7509a9d7bc3c90423b63cfa7f985c98c8552cce4e2ae,2024-05-04 12:50:20.453687+00:00,es,infobae.com,infobae.com,2022-08-01,Qué dijo en vivo el presidente Andrés Manuel López Obrador en la mañanera de este lunes 1 agosto de 2022,https://www.infobae.com/noticias/2022/08/01/que-dijo-en-vivo-el-presidente-andres-manuel-lopez-obrador-en-la-mananera-de-este-lunes-1-agosto-de-2022/
e9bb2156496ba549e49223b033462867da0a797466f4e489f8192e8a563d828e,2024-05-04 11:08:58.191071+00:00,es,infobae.com,infobae.com,2022-08-03,Alerta Patagonia: el grave impacto ambiental de las dos represas que amenazan a glaciares y la biodiversidad,https://www.infobae.com/america/medio-ambiente/2022/08/03/alerta-patagonia-el-grave-impacto-ambiental-de-las-dos-represas-que-amenazan-a-glaciares-y-la-biodiversidad/
08eb81961bf99d35a162430c5dbe9f6403b71594e3d1d12240ad59b7f37dbe9b,2024-05-04 11:02:37.977266+00:00,es,diariodelhuila.com,diariodelhuila.com,2022-08-03,Ojalá sirva para algo,https://diariodelhuila.com/ojala-sirva-para-algo/
7ecf478e6cac03551d5e4da0625907b9372156e86b5b521e1e369fb0006f2c86,2024-05-04 10:20:13.950154+00:00,es,infobae.com,infobae.com,2022-08-03,"Congresista de la Alianza Verde busca frenar títulos mineros en Belén, Risaralda, por medio de una tutela",https://www.infobae.com/america/colombia/2022/08/03/congresista-de-la-alianza-verde-busca-frenar-titulos-mineros-en-belen-risaralda-por-medio-de-una-tutela/
2c110689d5e1b93956d2609edd337dde3bc28abc0b5b99cfa409f17fa022c5c4,2024-05-04 07:37:34.268104+00:00,es,semanariovoz.com,semanariovoz.com,2022-08-05,El mundo entre inundaciones e incendios,https://semanariovoz.com/el-mundo-entre-inundaciones-e-incendios/
bc2f0f985a397713c8d8adbf387694e754b3534f0a0bd183f630297532c77220,2024-05-04 02:57:12.224752+00:00,es,las2orillas.co,las2orillas.co,2022-08-09,Todos nos vamos para el quilombo pedagógico del Pacífico,https://www.las2orillas.co/todos-nos-vamos-para-el-quilombo-pedagogico-del-pacifico/
1ffb8256d3746cc6264bd62e33badcab8d2c6d89826ff2912f64d245da65976f,2024-05-03 23:10:46.035819+00:00,es,larepublica.co,larepublica.co,2022-08-12,"""Un país privilegiado como Colombia tiene posibilidades enormes de construir futuro""",https://www.larepublica.co/empresas/un-pais-privilegiado-como-colombia-tiene-posibilidades-enormes-de-construir-futuro-3423764
da7cae73542bf2b06ccb452efb7d3a01d6c1d307462e4956644fc62a7ffe4cfc,2024-05-03 21:47:01.603143+00:00,es,eltiempo.com,eltiempo.com,2022-08-13,Columna de Víctor Corcoba: Revitalizar la vida,https://www.eltiempo.com/opinion/columnistas/victor-corcoba-herrero/columna-de-victor-corcoba-revitalizar-la-vida-694679
281b57fabdddab8f6504edd654c0aa0dc631c57168a68d84eef0d1e81a09f6aa,2024-05-03 16:29:13.079715+00:00,es,infobae.com,infobae.com,2022-08-17,Argentina es el primer país del mundo en establecer un programa de cambio climático y salud,https://www.infobae.com/salud/2022/08/17/argentina-es-el-primer-pais-del-mundo-en-establecer-un-programa-de-cambio-climatico-y-salud/
c90284400f31ff32f00acd83e7bd7807043009d760f2a87e7ddd61eb7384bba5,2024-05-02 23:35:52.221182+00:00,es,eltiempo.com,eltiempo.com,2024-05-02,"En el mundo hay cada vez más apatía por el cambio climático, sobre todo entre hombres jóvenes: no se sabe qué hacer",https://www.eltiempo.com/vida/medio-ambiente/en-el-mundo-hay-cada-vez-mas-apatia-por-el-cambio-climatico-sobre-todo-entre-hombres-jovenes-no-se-sabe-que-hacer-3339468
34429360de218a3e6c159e67368f5ce3db4601ca10ffc043d62dda9bf4ae4f61,2024-05-02 22:28:40.543233+00:00,es,infobae.com,infobae.com,2022-08-31,En el filo de la navaja: ¿la Gran Barrera de Coral aún tiene futuro?,https://www.infobae.com/america/agencias/2022/08/31/en-el-filo-de-la-navaja-la-gran-barrera-de-coral-aun-tiene-futuro/
8fdebebe957027d243166eb51601e0e6c7c3eb0f0f93cf87ed47fc73f906fb53,2024-05-02 21:37:13.735726+00:00,es,diariodelnorte.net,diariodelnorte.net,2024-05-02,Servicios ecosistémicos del río Ranchería e identidad cultural de la población wiwa,https://diariodelnorte.net/opinion/servicios-ecosistemicos-del-rio-rancheria-e-identidad-cultural-de-la-poblacion-wiwa/
fea41c447668b958fddbde5a6d91bc7b79f76bf18ae3f0b9d66142fe5f43dbbc,2024-05-02 17:54:59.194872+00:00,es,eltiempo.com,eltiempo.com,2022-09-02,Fallo hito exige reordenamiento minero para proteger el medioambiente,https://www.eltiempo.com/justicia/cortes/mineria-y-medioambiente-fallo-hito-exige-reordenamiento-minero-699326
a1b40285befe6be9ee34ec0731de0f7105f969f6ba9967ac770343fe8b8a54aa,2024-05-02 11:04:26.207262+00:00,es,infobae.com,infobae.com,2022-09-08,Perú perdió unas 10 millones de hectáreas de bosque amazónico en los últimos 35 años,https://www.infobae.com/america/peru/2022/09/08/peru-perdio-unas-10-millones-de-hectareas-de-bosque-amazonico-en-los-ultimos-35-anos/
93195973b2948d54cfadb4dff6f854a5645992f6b4ad666ed8fd209a43127b67,2024-05-02 08:32:11.643071+00:00,es,infobae.com,infobae.com,2022-09-09,Dirigentes indígenas buscan un pacto mundial para preservar el 80% de la selva amazónica,https://www.infobae.com/america/agencias/2022/09/09/dirigentes-indigenas-buscan-un-pacto-mundial-para-preservar-el-80-de-la-selva-amazonica/
b3a9ce26c80ece0bf849e383fca45f7d151671f039d733cb40e2ace64b158c15,2024-05-02 07:47:35.698377+00:00,es,elpaisvallenato.com,elpaisvallenato.com,2022-09-10,ONU: El desarrollo humano se está quedando rezagado en el 90% de los países,https://www.elpaisvallenato.com/2022/09/10/onu-el-desarrollo-humano-se-esta-quedando-rezagado-en-el-90-de-los-paises/?utm_source=rss&utm_medium=rss&utm_campaign=onu-el-desarrollo-humano-se-esta-quedando-rezagado-en-el-90-de-los-paises
7640fd54836a32a1db7e81bbd856600b328a342444b9b1a14b8499eada567260,2024-05-02 04:31:24.001651+00:00,es,infobae.com,infobae.com,2022-09-13,"Bruselas: ""Sin una naturaleza saludable no habrá seguridad alimentaria""",https://www.infobae.com/america/agencias/2022/09/13/bruselas-sin-una-naturaleza-saludable-no-habra-seguridad-alimentaria-2/
0b8e9ad7fd1abcebec6cc8bcadd55f3e1082dbabda8bb097a81862b3a2cb4ca3,2024-05-01 12:32:47.187592+00:00,es,infobae.com,infobae.com,2022-09-21,¿Ingenuidad? No creo,https://www.infobae.com/america/opinion/2022/09/21/ingenuidad-no-creo/
24a6c16739c912c963922f8f2b497508003118eadd5bcdaa11a0a0def4714e49,2024-05-01 05:47:16.506911+00:00,es,las2orillas.co,las2orillas.co,2022-09-26,Más investigación y cultura y menos universidades de garaje,https://www.las2orillas.co/mas-investigacion-y-cultura-y-menos-universidades-de-garaje/
bcef4037b367353208a13c493cb962926991cb0b83b825f105ea00df13b138ec,2024-04-30 22:01:30.544755+00:00,es,infobae.com,infobae.com,2022-09-30,Día Mundial de los Mares: las razones para cuidar el principal recurso que tiene la humanidad,https://www.infobae.com/america/peru/2022/09/30/dia-mundial-de-los-mares-las-razones-para-cuidar-el-principal-recurso-que-tiene-la-humanidad/
39364837a540a8a7b034beae03c5e90e8e79b9b0ced2973cd43cd54244cc63b0,2024-04-30 17:20:21.485644+00:00,es,eltiempo.com,eltiempo.com,2022-10-01,Las Fiestas de San Pacho celebran una década como patrimonio,https://www.eltiempo.com/cultura/las-fiestas-de-san-pacho-celebran-una-decada-como-patrimonio-706517
41e76bc802c02ea235def61bc8a9867b933f98afec5f2ce847828758efead3f2,2024-04-30 13:19:17.189451+00:00,es,infobae.com,infobae.com,2022-10-04,"Experta ambientalista alerta sobre una ""muy grave"" situación de los océanos",https://www.infobae.com/america/agencias/2022/10/04/experta-ambientalista-alerta-sobre-una-muy-grave-situacion-de-los-oceanos/
9dd99f3d0ff4fc66f15f0fffce81f46bdcc7e1d8c275a8cd1fa93c78cb03d9a1,2024-04-30 13:17:50.712467+00:00,es,lapatilla.com,lapatilla.com,2022-10-04,"Experta ambientalista alerta sobre una ""muy grave"" situación de los océanos",https://www.lapatilla.com/2022/10/04/experta-ambientalista-alerta-sobre-una-muy-grave-situacion-de-los-oceanos/
6903190c5e00682976f9959ac124fef24195651256374cc70942507a0a2cf59a,2024-04-30 13:17:03.070008+00:00,es,eltiempo.com,eltiempo.com,2022-10-04,Experta ambientalista alerta sobre una ‘muy grave’ situación de los océanos,https://www.eltiempo.com/vida/medio-ambiente/experta-ambientalista-alerta-sobre-una-muy-grave-situacion-de-los-oceanos-707235
6a8328f19731167e694b4a26a1f78cb2f99126f6a779b9552984dfa9dbea95cd,2024-04-30 13:02:31.965824+00:00,es,infobae.com,infobae.com,2022-10-04,"Experta ambientalista alerta sobre una ""muy grave"" situación de los océanos",https://www.infobae.com/america/agencias/2022/10/04/experta-ambientalista-alerta-sobre-una-muy-grave-situacion-de-los-oceanos-2/
6f5eec6e9f77c2b414f54c7b0f266e60a993761a8532e0d3b767f10a3ef48e76,2024-04-30 12:54:59.854094+00:00,es,minuto30.com,minuto30.com,2022-10-04,"Experta ambientalista alerta sobre una ""muy grave"" situación de los océanos",https://www.minuto30.com/grave-situacion-oceanos/1369247/
1bda12cf88f9698056e695f11d4e2d4fb589bb5c08b2c0fec30e2e42c01567e0,2024-04-29 23:59:34.161322+00:00,es,lapatilla.com,lapatilla.com,2022-10-13,Crímenes de lesa humanidad ¿Hásta cuándo impunidad? por Marta de la Vega @martadelavegav,https://www.lapatilla.com/2022/10/13/crimenes-de-lesa-humanidad-hasta-cuando-impunidad-por-marta-de-la-vega-martadelavegav/
9fdde39f66fbd234a5ce4da549111f560a5a39cc2087caec170cfb990ac23cde,2024-04-29 20:04:27.076424+00:00,es,infobae.com,infobae.com,2022-10-16,"El niño ambientalista Francisco Vera emprende una nueva cruzada, esta vez a favor de las ballenas: “Nos brindan más oxígeno que los árboles”",https://www.infobae.com/america/colombia/2022/10/16/el-nino-ambientalista-francisco-vera-emprende-una-nueva-cruzada-esta-vez-a-favor-de-las-ballenas-nos-brindan-mas-oxigeno-que-los-arboles/
a94c4b8c017560b0be2db106ae6eb071bf5c6349418ced89949d8217094e1b8d,2024-04-29 18:11:04.765617+00:00,es,revistametro.co,revistametro.co,2022-10-17,Una nueva visión de la ciudad,https://revistametro.co/2022/10/17/una-nueva-vision-de-la-ciudad/
443b2158e9780b3f9c95878487003aaaedcb9962a7a1ccf6f0b4ee07db5c1f95,2024-04-29 16:13:23.295379+00:00,es,periodicodebate.com,periodicodebate.com,2022-10-16,¿Legalizar la cocaína?,https://periodicodebate.com/index.php/opinion/columnistas-nacionales/item/33977-¿legalizar-la-cocaína?
7fe41af668685983465122ab89e0ab35a88cc4506a1d6206bd880a012f1f86fc,2024-04-29 15:38:12.188583+00:00,es,eltiempo.com,eltiempo.com,2022-10-18,"Falleció Vitico, el flamenco encontrado en Venezuela bañado en petróleo",https://www.eltiempo.com/vida/medio-ambiente/flamenco-que-fallecio-en-venezuela-por-la-contaminacion-petrolera-710705
7f204270f3ee11ce4c7653b619c43ea2080bedadbce7a62c32e4f00c268174c7,2024-04-29 15:28:54.860181+00:00,es,infobae.com,infobae.com,2024-04-29,Los paisajes latinoamericanos elegidos entre los 30 mejores destinos del mundo para hacer turismo en 2024,https://www.infobae.com/america/mundo/2024/04/29/los-paisajes-latinoamericanos-elegidos-entre-los-30-mejores-destinos-del-mundo-para-hacer-turismo-en-2024/
215e16078e015c60a5eb5d88d055d0f5c4a71c53360e516b18ec014babd40ef8,2024-04-29 13:42:52.637662+00:00,es,eltiempo.com,eltiempo.com,2022-10-20,"‘Para ser sostenible Colombia debe cambiar su energía, transporte y agricultura’",https://www.eltiempo.com/vida/medio-ambiente/paul-polman-dice-que-colombia-debe-transformar-sectores-productivos-711099
4c16dd49855b23f2d2c46ad1fb9d91d35e240873680fcf01a9b810a9bf6c838a,2024-04-29 08:26:31.864915+00:00,es,rcnradio.com,rcnradio.com,2022-10-24,WWF advierte riesgos por cambio climático en Chiribiquete y Sumapaz,https://www.rcnradio.com/colombia/sur/wwf-advierte-posibles-riesgos-por-cambio-climatico-en-los-parques-nacionales
f186cc3c0854bf608ad77f90619ef139e7479e405bdb1ef54416b5c1eb638a92,2024-04-29 08:24:04.365873+00:00,es,alertapaisa.com,alertapaisa.com,2022-10-24,WWF advierte posibles riesgos por el cambio climático en los Parques Nacionales Chiribiquete y Sumapaz,https://www.alertapaisa.com/noticias/nacional/wwf-advierte-posibles-riesgos-por-el-cambio-climatico-en-los-parques-nacionales
310c048975844d48a3227f71459f7bf81f2cdc146d3d69325ba12c0bc53d349f,2024-04-28 21:02:56.241476+00:00,es,infobae.com,infobae.com,2022-11-02,"Continúa la lucha para liberar a Bua Noi, el último gorila de Tailandia",https://www.infobae.com/america/agencias/2022/11/02/continua-la-lucha-para-liberar-a-bua-noi-el-ultimo-gorila-de-tailandia/
8e7173ffbf24f3a711bdfedb76fa91b4b848aeac3e0d2c26e2d0716d51527183,2024-04-28 19:25:05.399729+00:00,es,infobae.com,infobae.com,2022-11-03,Conocidos glaciares desaparecerán en 2050 y hay riesgos para Argentina y Perú: informe de la ONU,https://www.infobae.com/america/agencias/2022/11/03/conocidos-glaciares-desapareceran-en-2050-y-hay-riesgos-para-argentina-y-peru-informe-de-la-onu/
6e479fe29c6e6b1aebb37292987bcfccc18e9eb30f434231363a177abcedc86d,2024-04-28 14:09:50.991379+00:00,es,larepublica.co,larepublica.co,2022-11-08,Clima y reforma agraria,https://www.larepublica.co/analisis/brigitte-baptiste-506149/clima-y-reforma-agraria-3483832
e82599045564c36fb8aacac099374ed798f7e2887eb7708435321eafdb07da3c,2024-04-28 12:19:30.892894+00:00,es,infobae.com,infobae.com,2022-11-09,"El arte rupestre, un libro abierto sobre el cambio climático",https://www.infobae.com/cultura/2022/11/09/el-arte-rupestre-un-libro-abierto-sobre-el-cambio-climatico/
1dd79d404e904bf17df893a7e82912b3a417cbddc542ef91f88659a93c7b99e4,2024-04-28 11:29:52.691479+00:00,es,infobae.com,infobae.com,2022-11-09,"Tráfico de vida silvestre ""fuera de control"" amenaza biodiversidad en México: informe",https://www.infobae.com/america/agencias/2022/11/09/trafico-de-vida-silvestre-fuera-de-control-amenaza-biodiversidad-en-mexico-informe/
6a6f000fc024c2e7cfa889bcc9558dceab9948149e959ad645e2885964a4f592,2024-04-28 11:28:34.388448+00:00,es,infobae.com,infobae.com,2022-11-09,"ACTUALIZA 1-Tráfico de vida silvestre ""fuera de control"" amenaza biodiversidad en México: informe",https://www.infobae.com/america/agencias/2022/11/09/actualiza-1-trafico-de-vida-silvestre-fuera-de-control-amenaza-biodiversidad-en-mexico-informe/
467459d290b5066cccf0eb6d81074d1777901368c5f38205d1cfdb91bcdb5602,2024-04-28 04:06:03.050405+00:00,es,infobae.com,infobae.com,2022-11-16,"Startups de Argentina, México y Colombia: quiénes ganaron el concurso de innovación 100K LATAM",https://www.infobae.com/america/tendencias-america/2022/11/16/startups-de-argentina-mexico-y-colombia-quienes-ganaron-el-concurso-de-innovacion-100k-latam/
c4a99b1e541dd5b13deeba7b3a1804cd928ccdc62e57ab615b45c02456521059,2024-04-28 03:55:50.940543+00:00,es,diariodelhuila.com,diariodelhuila.com,2022-11-16,La transición energética: hoja de ruta,https://diariodelhuila.com/la-transicion-energetica-hoja-de-ruta/
5a6e13f7fd6322be2293c0b85ec31a6ce95f74e28ddbc6f1634da1e0d9080d0f,2024-04-28 03:47:37.073596+00:00,es,infobae.com,infobae.com,2022-11-16,"Científicos y empresarios, contra la ""pérdida catastrófica"" de biodiversidad",https://www.infobae.com/america/agencias/2022/11/16/cientificos-y-empresarios-contra-la-perdida-catastrofica-de-biodiversidad-2/
45ee81356bba6d32ad1c15041abca2b4c22a059ba15dbbb70c74c3c0625a4083,2024-04-28 03:33:45.673437+00:00,es,diariolalibertad.com,diariolalibertad.com,2022-11-16,"Cambio de bonos de aire por deuda externa, es posible",https://diariolalibertad.com/sitio/2022/11/16/cambio-de-bonos-de-aire-por-deuda-externa-es-posible/
d3869294431508724eda002845ec1f2fa5d04f188472adea70c7840aae6d248f,2024-04-27 17:58:45.860272+00:00,es,las2orillas.co,las2orillas.co,2022-11-23,¿Puede cambiar la Amazonia con Petro y con Lula?,https://www.las2orillas.co/puede-cambiar-la-amazonia-con-petro-y-con-lula/
0380d2d805bab67a48bbbfe6690ae7e2515344ccb38a61577673d1624d9c9d0b,2024-04-27 16:54:45.221636+00:00,es,diariolalibertad.com,diariolalibertad.com,2022-11-24,¿Puede cambiar la Amazonía con Petro y Lula?,https://diariolalibertad.com/sitio/2022/11/24/puede-cambiar-la-amazonia-con-petro-y-lula/
975e789bf82c4f7a707d56a2419f3a539dd89ac88574e7518835ccce451e1f15,2024-04-27 14:48:06.761331+00:00,es,diariolalibertad.com,diariolalibertad.com,2022-11-25,Procuraduría pidió medidas para atender erosión costera y la protección de ecosistemas del archipiélago de San Andrés y Providencia,https://diariolalibertad.com/sitio/2022/11/25/procuraduria-pidio-medidas-para-atender-erosion-costera-y-la-proteccion-de-ecosistemas-del-archipielago-de-san-andres-y-providencia/
cf3a8226e874e6769f4e56f10289a38e2d0f3978bac0eec5b500684246fa01d8,2024-04-27 11:39:29.184259+00:00,es,larepublica.co,larepublica.co,2022-11-28,"Noruega, Suecia y Suiza, los principales donantes del Fondo Colombia Sostenible",https://www.larepublica.co/especiales/fondo-colombia-sostenible/noruega-suecia-y-suiza-los-principales-donantes-del-fondo-colombia-sostenible-3497990
7df862c55ff1cf82ee3fea8858de528c516519095b15c0b6e82439ff1410c990,2024-04-27 10:52:19.049183+00:00,es,infobae.com,infobae.com,2022-11-29,Macron busca en EE.UU. salidas conjuntas a consecuencias de guerra de Ucrania,https://www.infobae.com/america/agencias/2022/11/29/macron-busca-en-eeuu-salidas-conjuntas-a-consecuencias-de-guerra-de-ucrania/
3525c3c23a59a8f5134f7f13c39f2e77430f17250d8bb11bb474a492dd73f5c2,2024-04-27 10:50:27.591001+00:00,es,infobae.com,infobae.com,2022-11-29,Macron busca en EE.UU. salidas conjuntas a consecuencias de guerra de Ucrania,https://www.infobae.com/america/agencias/2022/11/29/macron-busca-en-eeuu-salidas-conjuntas-a-consecuencias-de-guerra-de-ucrania-2/
3191b46ca25ecb2af4bf97104ccf824d683dda8e90ffbecd65246b65477e6a12,2024-04-27 03:09:08.550930+00:00,es,infobae.com,infobae.com,2022-12-05,Escepticismo y esperanza de las ong conservacionistas ante la COP15 en Canadá,https://www.infobae.com/america/agencias/2022/12/05/escepticismo-y-esperanza-de-las-ong-conservacionistas-ante-la-cop15-en-canada/
4ad0b4ed8c37e11494a7db88a2a03b29ae1247a787a68837e05ce890d738e22d,2024-04-27 02:03:46.147353+00:00,es,eltiempo.com,eltiempo.com,2022-12-06,‘COP15 tiene la presión de alcanzar un acuerdo por la biodiversidad’,https://www.eltiempo.com/vida/medio-ambiente/cop15-tiene-la-presion-de-alcanzar-un-acuerdo-por-la-biodiversidad-723479
cc878abbd6be6ddf74a82f99f69099a4258e10be9a457ca42c83b8ef0e7b6674,2024-04-26 18:21:30.065324+00:00,es,elpais.com,elpais.com,2022-12-11,"La paz total, el discurso utópico de Gustavo Petro",https://elpais.com/america-colombia/2022-12-11/la-paz-total-el-discurso-utopico-de-gustavo-petro.html
63bed170cc4ef1a265d26626ea3d243a7b2e73272cbaa722504c7d8392f93086,2024-04-26 12:12:49.903034+00:00,es,infobae.com,infobae.com,2022-12-15,"Respetar los derechos indígenas, clave para un acuerdo sobre biodiversidad",https://www.infobae.com/america/agencias/2022/12/15/respetar-los-derechos-indigenas-clave-para-un-acuerdo-sobre-biodiversidad/
1c0b7acc258bbdedb974d37a734ca1efae414763c3b7a6eec812c5f52a48da18,2024-04-26 10:31:49.680741+00:00,es,infobae.com,infobae.com,2022-12-17,"Ribera ve 2023 como ""el punto de no retorno"" para valorar la biodiversidad",https://www.infobae.com/america/agencias/2022/12/17/ribera-ve-2023-como-el-punto-de-no-retorno-para-valorar-la-biodiversidad/
bd6ea5f97e7fa90935b18299ba99a59fb9784f35bec6dbadbb627bcd156e1b24,2024-04-26 07:42:36.586425+00:00,es,confidencialcolombia.com,confidencialcolombia.com,2022-12-19,Cerca de 200 países logran un acuerdo histórico en la COP15,https://confidencialcolombia.com/econfidencial/cerca-de-200-paises-logran-un-acuerdo-historico-en-la-cop15/2022/12/19/
91bddcf8e3d8e704e6bbf1390112ac2a57360fc7630ba49f47111d1145710ede,2024-04-26 07:29:08.034556+00:00,es,razonpublica.com,razonpublica.com,2022-12-18,Qué le espera a Colombia en 2023 en materia ambiental,https://razonpublica.com/le-espera-colombia-2023-materia-ambiental/
90884557219de944e40535560cd429238d589377cb89e6f5bdb8e97efa0d11c1,2024-04-26 05:47:45.421059+00:00,es,rcnradio.com,rcnradio.com,2022-12-20,Histórico acuerdo en la COP 15 por la preservación del medio ambiente,https://www.rcnradio.com/estilo-de-vida/medio-ambiente/historico-acuerdo-en-la-cop-15-por-la-preservacion-del-medio-ambiente
868a04760bc3f8a59d4e1598c00ccb33b33eedaf83ff2c4b71e3b74b1ae1da0f,2024-04-26 05:37:03.389641+00:00,es,lafm.com.co,lafm.com.co,2022-12-20,La COP15 finalizó con un acuerdo histórico por preservación de la biodiversidad,https://www.lafm.com.co/medio-ambiente/la-cop15-finalizo-con-un-acuerdo-historico-por-preservacion-de-la-biodiversidad
1f46722967b567a330db6b28997a6420db0f102cf5b75a7036d32667aa570793,2024-04-25 18:18:05.182288+00:00,es,infobae.com,infobae.com,2022-12-28,Qué es la sexta extinción masiva y cómo afecta a la fauna,https://www.infobae.com/america/perrosygatos/2022/12/28/que-es-la-sexta-extincion-masiva-y-como-afecta-a-la-fauna/
c8a60b15fe92392dc3e65bc948a3afcdf78f96f30a0ed96d6676d4454c496230,2024-04-25 16:15:31.223823+00:00,es,diariolalibertad.com,diariolalibertad.com,2022-12-29,Procuraduría alerta incumplimiento y dilación de acciones para atender el flagelo de deforestación,https://diariolalibertad.com/sitio/2022/12/29/procuraduria-alerta-incumplimiento-y-dilacion-de-acciones-para-atender-el-flagelo-de-deforestacion/
499350c9e716ddc1ca9311ec987ed527320a2278b13810fdd298c16ae9b14fea,2024-04-24 13:21:57.022118+00:00,es,eltiempo.com,eltiempo.com,2024-04-23,Iván Lalinde recuerda a Lina Marulanda con bello mensaje: ‘Siempre en mi mente’,https://www.eltiempo.com/cultura/gente/ivan-lalinde-recuerda-a-lina-marulanda-con-bello-mensaje-siempre-en-mi-mente-3336530
a30e216fd6cbef68aa25366d2ddc7d2fe8dc7fc2c11fac4abb4c90dbe4ac8923,2024-04-20 00:18:36.312288+00:00,es,infobae.com,infobae.com,2024-04-18,Senadores proponen pacto nacional por el agua,https://www.infobae.com/mexico/2024/04/18/senadores-proponen-pacto-nacional-por-el-agua/
1b320db65e4c0d28f847adfe75b494072a99eae581a3a74ea66a5ac0265905cc,2024-04-14 03:27:09.280787+00:00,es,lapatilla.com,lapatilla.com,2024-04-12,Nelson Hernández: Proyectos de inversión productiva en Venezuela en el marco de la transición energética,https://www.lapatilla.com/2024/04/12/nelson-hernandez-proyectos-de-inversion-productiva-en-venezuela-en-el-marco-de-la-transicion-energetica/
1787481d4bde331ee3f60cbe9529109dab8186f42767e371f809e602c38cf60f,2024-04-10 08:22:47.991889+00:00,es,eltiempo.com,eltiempo.com,2024-04-08,"Garantizar la seguridad durante la COP16, uno de los retos de la alcaldía de Cali",https://www.eltiempo.com/colombia/cali/garantizar-la-seguridad-durante-la-cop16-uno-de-los-retos-de-la-alcaldia-de-cali-3331511
1f7011699a8cd869c1f389dc202c2d6d3f1bc3c362634e01693d11aefff6eaea,2024-04-07 02:34:53.111881+00:00,es,eltiempo.com,eltiempo.com,2024-04-05,"Tras informe de HRW, Colombia y Panamá aseguran que no han 'abandonado' a los migrantes en el Darién",https://www.eltiempo.com/mundo/latinoamerica/colombia-y-panama-aseguran-que-no-han-abandonado-a-los-migrantes-en-el-darien-3331072
dba1015ef4be5cc83e948bde63a17b4bac8897f10e2702a63ba9dbc772b7a965,2024-03-26 00:19:40.058187+00:00,es,infobae.com,infobae.com,2024-03-24,"Gonzalo Sánchez: ¿Qué cambia si fueron 30.000 u 8.000? ¿Qué cambia de la historia, del dolor, de la violencia política, qué cambia de la dictadura?",https://www.infobae.com/reportajes/2024/03/24/gonzalo-sanchez-que-cambia-si-fueron-30000-u-8000-que-cambia-de-la-historia-del-dolor-de-la-violencia-politica-que-cambia-de-la-dictadura/
4616fcafd35050ee1cfd4a8be5ea4a0c24b33e6450bff09b8da10be8c029738d,2024-03-25 00:15:04.520892+00:00,es,infobae.com,infobae.com,2024-03-23,Apagón global: ciudades de todos los continentes se unen para reflexionar sobre el futuro del planeta,https://www.infobae.com/america/medio-ambiente/2024/03/23/apagon-global-ciudades-de-todos-los-continentes-se-unen-para-reflexionar-sobre-el-futuro-del-planeta/
b7447caf1100a31e58bf2378912e974ba27d1d8b7a25f2589a0ef2faa35dd731,2024-03-25 00:07:13.079505+00:00,es,infobae.com,infobae.com,2024-03-23,La Hora del Planeta 2024: 60 minutos de unidad global para cuidar la Tierra,https://www.infobae.com/america/medio-ambiente/2024/03/23/la-hora-del-planeta-2024-60-minutos-de-unidad-global-para-celebrar-la-tierra/
d52d36eeff15f819480ed35c54161ace09cbf0c29e71698e7a7a30aa848687e0,2024-03-24 00:42:29.469733+00:00,es,eltiempo.com,eltiempo.com,2024-03-22,"Profesionales del futuro, con la mira en el cambio climático",https://blogs.eltiempo.com/vocesdelaacademiapoli/2024/03/22/profesionales-del-futuro-con-la-mira-en-el-cambio-climatico/
86f07b3ab26a27187f3517fb18b620fc145ab7bcd068e4593e0c5f3a100acabf,2024-03-23 00:06:57.150460+00:00,es,infobae.com,infobae.com,2024-03-22,Por qué los bosques pueden convertirse en centros de innovación y brindar nuevas soluciones para el planeta,https://www.infobae.com/america/medio-ambiente/2024/03/22/por-que-los-bosques-pueden-convertirse-en-centros-de-innovacion-y-brindar-nuevas-soluciones-para-el-planeta/
e6f74f03568f699a177fd51e5fb06466e5bd85d4cf7850f7b7385a86e27ab995,2024-03-17 04:29:59.844165+00:00,es,aldia.co,aldia.co,2024-03-15,Capturan a mujer que vendía iguanas ahumadas y 700 de sus huevos,https://www.aldia.co/que-pasa/capturan-mujer-que-vendia-iguanas-ahumadas-y-700-de-sus-huevos-115277
a2bfa773d510607b0b75368be9a231ca447fdcf58c1d5a237e8cee7f61d74254,2024-03-10 14:02:15.392033+00:00,es,eltiempo.com,eltiempo.com,2022-02-07,Museos para conocer que no están en el centro de Bogotá,https://www.eltiempo.com/bogota/museos-de-bogota-para-conocer-que-no-estan-en-el-centro-650024
ca1d4a88c7e40fedf5b0c1d30de728e99d3f9ea6e334391d851e6bf07bdce65f,2024-03-10 12:15:41.582114+00:00,es,infobae.com,infobae.com,2023-01-08,Niño de 10 años ganó concurso de fotografía con cámara prestada,https://www.infobae.com/america/colombia/2023/01/08/nino-de-10-anos-gano-concurso-de-fotografia-con-camara-prestada/
9cf6d514fbc2d41908ecd46c3242cf20d39f7fe93318925a45130ef230c2173f,2024-03-10 07:25:09.669942+00:00,es,diariodelhuila.com,diariodelhuila.com,2023-01-12,Riesgos globales para el 2023: los conflictos alcanzan su punto más álgido,https://diariodelhuila.com/riesgos-globales-para-el-2023-los-conflictos-alcanzan-su-punto-mas-algido/
e7075eddd4b790f0975b8982cd0f9f4da6efbc079dfa417250f349655bff4fe0,2024-03-10 02:27:05.699057+00:00,es,lapatilla.com,lapatilla.com,2024-03-08,Científicos reclaman un plan a largo plazo para conservar la biodiversidad de La Tierra,https://www.lapatilla.com/2024/03/08/cientificos-reclaman-un-plan-a-largo-plazo-para-conservar-la-biodiversidad-de-la-tierra/
9bba51dc3c9380f068ffa70930f5f4e771193eff7a8d44b6c9d2a2c629d4f1f3,2024-03-10 02:10:25.338255+00:00,es,diariolalibertad.com,diariolalibertad.com,2023-01-16,La Amazonía con Petro y Lula,https://diariolalibertad.com/sitio/2023/01/16/la-amazonia-con-petro-y-lula/
6b63c8a154c90e80d8deaa18db79efeac8c5de4697cc703620b39052f9022247,2024-03-10 00:19:06.765131+00:00,es,infobae.com,infobae.com,2024-03-08,La Estación Biológica de Doñana y el CSIC urgen a diseñar un plan de conservación de la biodiversidad a largo plazo,https://www.infobae.com/america/agencias/2024/03/08/la-estacion-biologica-de-donana-y-el-csic-urgen-a-disenar-un-plan-de-conservacion-de-la-biodiversidad-a-largo-plazo/
1fece73b1c7532a375bd39d189d2fd183fea6b59210a4d5420785d9c09d00aa1,2024-03-10 00:18:53.824636+00:00,es,infobae.com,infobae.com,2024-03-08,Científicos reclaman un plan a largo plazo para conservar la biodiversidad de La Tierra,https://www.infobae.com/america/agencias/2024/03/08/cientificos-reclaman-un-plan-a-largo-plazo-para-conservar-la-biodiversidad-de-la-tierra/
d873e3e48dcd3317e61442c907392b4f93ed3bd838f1826fc33783f0ba66a429,2024-03-09 14:11:26.501254+00:00,es,elnuevodia.com.co,elnuevodia.com.co,2023-01-25,Foro de Davos: una realidad perturbadora,http://www.elnuevodia.com.co/nuevodia/opinion/columnistas/hugo-rincon-gonzalez/502217-foro-de-davos-una-realidad-perturbadora
b37785e26ec0fb6c1e3a6ded26f923e8be186c2c2eca8d0240f1094c32324f8f,2024-03-09 05:21:39.615895+00:00,es,larepublica.co,larepublica.co,2023-02-01,¡Y ahora: quién le pone el cascabel al gato y quién limpia lo del pato!,https://www.larepublica.co/analisis/luis-guillermo-echeverri-velez-3075852/y-ahora-quien-le-pone-el-cascabel-al-gato-y-quien-limpia-lo-del-pato-3534615
0aa0ca0b72936a50929667aa66e949e843d86d2827af0f4f230ffededefea45d,2024-03-09 05:11:44.071447+00:00,es,periodicodebate.com,periodicodebate.com,2023-02-01,Y ahora: ¿quién le pone el cascabel al gato y quien limpia lo del pato?,https://periodicodebate.com/index.php/opinion/columnistas-nacionales/item/34358-y-ahora-¿quién-le-pone-el-cascabel-al-gato-y-quien-limpia-lo-del-pato?
4a4bf9187fcd70bcb6be5e3dbe4c9f7dc579b763b19f1afea850dbb7b24a5e1b,2024-03-08 23:09:22.175346+00:00,es,infobae.com,infobae.com,2023-02-05,Tropicario de Bogotá: así es el invernadero de cristal que esconde la biodiversidad de Colombia en el corazón de la ciudad,https://www.infobae.com/colombia/2023/02/05/tropicario-de-bogota-asi-es-el-invernadero-de-cristal-que-esconde-la-biodiversidad-de-colombia-en-el-corazon-de-la-ciudad/
648df1f48386ea2e6a7fb5a4041a210d3c6bf790130c31d5ff30811712c6a84d,2024-03-08 18:43:00.427358+00:00,es,infobae.com,infobae.com,2023-02-08,México va por penas de hasta 3 años de cárcel para quien venda animales por internet,https://www.infobae.com/perros-y-gatos/2023/02/08/mexico-va-por-penas-de-hasta-3-anos-de-carcel-para-quien-venda-animales-por-internet/
18be8ca2c8a6f8a65613cff497d5e93d7c5ea9356d335dbc9e3a2319ec7e3871,2024-03-08 16:50:01.478103+00:00,es,infobae.com,infobae.com,2023-02-09,"Qué es la biodiversidad, por qué es importante y cuáles son las causas que la amenazan",https://www.infobae.com/sociedad/2023/02/09/que-es-la-biodiversidad-por-que-es-importante-y-cuales-son-las-causas-que-la-amenazan/
6e363d334243213d52fe11bc61df22078f7f8156f744bd73ce3e6bdd998af380,2024-03-07 14:37:38.658164+00:00,es,larepublica.co,larepublica.co,2023-02-28,Mallorquín en carnavales,https://www.larepublica.co/analisis/brigitte-baptiste-506149/mallorquin-en-carnavales-3556145
3cc55d50461214a4cfca51020b9b708adf64c7740f5f4560f23b089c0a09c911,2024-03-07 13:17:52.822616+00:00,es,infobae.com,infobae.com,2023-03-01,Celebridades del cine internacional pidieron un tratado global para proteger los océanos “antes de que sea tarde”,https://www.infobae.com/america/medio-ambiente/2023/03/01/celebridades-del-cine-internacional-pidieron-un-tratado-global-para-proteger-los-oceanos-antes-de-que-sea-tarde/
957a664c53a6cc31dd4a094c517e9d6234f77dee62c2847274201238262207fd,2024-03-07 08:59:33.120468+00:00,es,infobae.com,infobae.com,2023-03-03,"Perú perdió 49,9 % de sus glaciares y 3,9 % de vegetación natural en 37 años",https://www.infobae.com/america/agencias/2023/03/03/peru-perdio-499-de-sus-glaciares-y-39-de-vegetacion-natural-en-37-anos/
f4182100c8a331f8481a4224c763ffc8f8e983707e1487ea4aac755fd08b9083,2024-03-07 00:31:18.440312+00:00,es,infobae.com,infobae.com,2024-03-05,"Los animales migratorios se enfrentan a una extinción masiva, pero aún podemos ser optimistas",https://www.infobae.com/tendencias/2024/03/05/los-animales-migratorios-se-enfrentan-a-una-extincion-masiva-pero-aun-podemos-ser-optimistas/
ea537533dba685441d0c1168b0d71eb5485593c3bd87b5d71097d368e12e8152,2024-03-07 00:27:15.457438+00:00,es,infobae.com,infobae.com,2024-03-05,"Confirman la condena a dos empresarios por causar ""daño irreversible ambiental"" en Cabo de Gata (Almería)",https://www.infobae.com/espana/agencias/2024/03/05/confirman-la-condena-a-dos-empresarios-por-causar-dano-irreversible-ambiental-en-cabo-de-gata-almeria/
3a98fce2a85215dcadaa575a6f6e7ea98c723885b3cf5b276ba7cbf5ca651551,2024-03-06 23:22:43.564278+00:00,es,periodicodebate.com,periodicodebate.com,2024-01-28,Petro en vilo por violación de topes electorales,https://periodicodebate.com/index.php/nacion/politica/item/35688-cd-3059
c5d120a5dcea8f9a3c09705ba5c89476c614aed1390ec2530bb17c4e8f710509,2024-03-06 00:08:37.802813+00:00,es,infobae.com,infobae.com,2024-03-04,"Una quinta parte de los peces del río Mekong corren peligro de extinción, según estudio",https://www.infobae.com/america/agencias/2024/03/04/una-quinta-parte-de-los-peces-del-rio-mekong-corren-peligro-de-extincion-segun-estudio/
8809ad5eb1ac6feb066d3a221d96bb875738b4dd1bd2581c312f212d10ed7bed,2024-03-02 14:41:39.956571+00:00,es,rcnradio.com,rcnradio.com,2023-03-15,Jaguar fue asesinado por pobladores de Putumayo: el animal estaba protegido,http://www.rcnradio.com/colombia/sur/jaguar-fue-asesinado-por-pobladores-de-putumayo-el-animal-estaba-protegido
b31910141867f4fd5977be22954ab617d8ff1376130b932f3d6ffc4afe1a0d0b,2024-03-02 14:00:15.121569+00:00,es,infobae.com,infobae.com,2023-03-15,El debate del maíz transgénico en México: los argumentos científicos en contra y a favor de su consumo,https://www.infobae.com/mexico/2023/03/15/el-debate-del-maiz-transgenico-en-mexico-los-argumentos-cientificos-en-contra-y-a-favor-de-su-consumo/
d2a502f9f9b5e558935056c4d04342c206f77c0be2c16d6958338907fcce956b,2024-03-02 13:48:31.911557+00:00,es,occidente.co,occidente.co,2023-03-16,Rechazo por muerte de felino en Putumayo,https://occidente.co/colombia/rechazo-por-muerte-de-felino-en-putumayo/
eeec0239f7e3a6dec8ab7c0bdd21fd6ff88c5e6fd16e84385aa86112b36a5be3,2024-03-02 13:47:23.972748+00:00,es,infobae.com,infobae.com,2023-03-16,"Fui, vi y escribí: Un mundo sin nosotros",https://www.infobae.com/cultura/2023/03/16/fui-vi-y-escribi-un-mundo-sin-nosotros/
c2ab3774bbf6e6f26ddf45f786304446e04eefd30da59f743a25a8348e3748bb,2024-03-02 13:47:16.937806+00:00,es,occidente.co,occidente.co,2023-03-16,Rechazo por la muerte de un jaguar en Putumayo,https://occidente.co/colombia/rechazo-por-la-muerte-de-un-jaguar-en-putumayo/
341a6a35e16f3b86f81fff56519746871b4eb488ed38ba3a5b7d0f7d2c0c5511,2024-03-02 08:34:50.094295+00:00,es,lapatilla.com,lapatilla.com,2023-03-20,Expertos en cambio climático aseguran que la posibilidad de salvar al planeta se reduce,https://www.lapatilla.com/2023/03/20/expertos-en-cambio-climatico/
c13780dffe28ab8466498a50fbd05cba9546be19faba173a3d8f70868daa454e,2024-03-02 08:06:20.938038+00:00,es,infobae.com,infobae.com,2023-03-20,Depredación en el Mar Argentino: las impactantes imágenes de los pesqueros que causan pérdidas por USD 2.600 millones al año,https://www.infobae.com/economia/2023/03/20/depredacion-en-el-mar-argentino-las-impactantes-imagenes-de-los-pesqueros-que-causan-perdidas-por-usd-2600-millones-al-ano/
eb2fe4a6583597ce519206b9510af4e146a67227614e450655953bc2400962a3,2024-03-02 06:46:55.780654+00:00,es,infobae.com,infobae.com,2022-11-02,"La lucha de Bua Noi, la última gorila de Tailandia que vive sola y encerrada en un zoológico",https://www.infobae.com/mascotas/2022/11/02/continua-la-lucha-para-liberar-a-bua-noi-el-ultimo-gorila-de-tailandia/
04c10dfd095248446b037342f77e393d35daccc99ec0bc2c3146cfe5bf315e79,2024-03-02 03:24:47.233338+00:00,es,eltiempo.com,eltiempo.com,2023-03-24,De talar a reforestar: así cambiaron los campesinos del Bajo Caguán en Colombia,https://www.eltiempo.com/vida/medio-ambiente/de-talar-a-reforestar-asi-cambiaron-los-campesinos-del-bajo-caguan-752968
6b11460e9f3425f71bff4b2cc7f2acef5228c4edadf8d09d48a92f654f77cc9b,2024-03-02 01:37:50.160780+00:00,es,eltiempo.com,eltiempo.com,2023-03-24,Hay que enfrentar la crisis hídrica global,https://www.eltiempo.com/opinion/columnistas/mariana-mazzucato/hay-que-enfrentar-la-crisis-hidrica-global-columna-de-mariana-mazzucato-753269
d723f60449f0ea15d568cf1198c02d69a9e2ccf4a71cf65eb5d119e43fbf4aa6,2024-03-02 00:51:21.530852+00:00,es,infobae.com,infobae.com,2024-02-29,"Ruto pide una ""acción colectiva"" para atajar la ""crisis existencial"" del planeta",https://www.infobae.com/america/agencias/2024/02/29/ruto-pide-una-accion-colectiva-para-atajar-la-crisis-existencial-del-planeta/
9c59d757a088556931a17e9a44d7778c2865918ff74ab2833714013c2acd0479,2024-03-02 00:42:47.780739+00:00,es,infobae.com,infobae.com,2024-02-29,"La ONU y líderes africanos demandan medidas en auxilio de un planeta ""al borde del abismo""",https://www.infobae.com/america/agencias/2024/02/29/la-onu-y-lideres-africanos-demandan-medidas-en-auxilio-de-un-planeta-al-borde-del-abismo/
41ce2bfb2c307812ad55922c68f8a69a1b9b49b66db8623789f30ea2ce700335,2024-03-01 23:55:00.998516+00:00,es,razonpublica.com,razonpublica.com,2023-03-26,Lagos de Torca: ¿desarrollo o destrucción ambiental para Bogotá?,https://razonpublica.com/lagos-torca-desarrollo-destruccion-ambiental-bogota/
38f5bb7f0a4b2b11bccb3c93b0204f95bc32a63b62c564a898740182d8958068,2024-03-01 19:36:15.077784+00:00,es,diariodelnorte.net,diariodelnorte.net,2023-03-29,La séptima puede ser la vencida,https://www.diariodelnorte.net/?p=152432
6ada34229d639328fa9f3d6194e05b6c0ffbf6c5653652ecb468fe1d8ba48c6f,2024-03-01 07:39:26.529587+00:00,es,eltiempo.com,eltiempo.com,2023-04-07,Evolución: ¿qué tienen que ver los primates con las crisis financieras globales?,https://www.eltiempo.com/economia/sectores/evolucion-relacion-de-los-primates-con-las-crisis-financieras-globales-757371
4534fce02284b1368eef191a4d5031770614711f736de1efbf25f15345d8551b,2024-03-01 04:01:49.613013+00:00,es,lapatilla.com,lapatilla.com,2023-04-11,Jesús Ollarves Irazábal: La CIJ debe dictar medidas provisionales a favor de Venezuela,https://www.lapatilla.com/2023/04/11/jesus-ollarves-irazabal-la-cij-debe-dictar-medidas-provisionales-a-favor-de-venezuela/
f4b04706a5d934e0b42cab51196b721e64f3023410ce41d69b87efd3055b1e7d,2024-02-29 18:36:14.970497+00:00,es,infobae.com,infobae.com,2023-04-17,La ONU pide escuchar a los indígenas para evitar el desastre climático,https://www.infobae.com/america/agencias/2023/04/17/la-onu-pide-escuchar-a-los-indigenas-para-evitar-el-desastre-climatico/
79b68de971e63d6ab87face23eac85b00a93a74d4e2103d5096b67e089bf6de8,2024-02-29 18:34:01.313597+00:00,es,infobae.com,infobae.com,2023-04-17,Llaman a ministros chilenos a rechazar polémico proyecto de gran minera,https://www.infobae.com/america/agencias/2023/04/17/llaman-a-ministros-chilenos-a-rechazar-polemico-proyecto-de-gran-minera/
088e07bfcf4cac623778f2f7979c1630f3d0062f0d8283fc861abcdc6dd984fc,2024-02-29 18:27:47.641058+00:00,es,infobae.com,infobae.com,2023-04-18,Ambientalistas piden a ministros chilenos a rechazar un polémico proyecto de gran minera,https://www.infobae.com/america/agencias/2023/04/18/ambientalistas-piden-a-ministros-chilenos-a-rechazar-un-polemico-proyecto-de-gran-minera/
7ae1d45f2fc8507281d5cbad66f51675fa0716781c578385a89ce8510e6fcc3b,2024-02-29 17:49:44.083583+00:00,es,rcnradio.com,rcnradio.com,2023-04-18,La ONU pide escuchar a los indígenas para evitar un desastre climático,http://www.rcnradio.com/internacional/la-onu-pide-escuchar-a-los-indigenas-para-evitar-un-desastre-climatico
4f05ba75b1fa2331dcdb322f21d4a56200ca9e0896cd3497592c39c12378bc98,2024-02-29 16:49:18.747835+00:00,es,eltiempo.com,eltiempo.com,2023-04-18,Ella es la bióloga que protege el corazón de la Amazonía colombiana,https://www.eltiempo.com/vida/medio-ambiente/ella-es-la-biologa-que-protege-el-corazon-de-la-amazonia-colombiana-760514
d47a3d0912f10646c6582438690a54da79851c48f61bf627ee90c3f5f4d6138d,2024-02-29 15:32:33.229616+00:00,es,razonpublica.com,razonpublica.com,2023-04-16,Volando hacia un futuro incierto: la verdadera crisis de San Andrés Isla,https://razonpublica.com/volando-hacia-futuro-incierto-la-verdadera-crisis-san-andres-isla/
56cc5ddbce57bda7192836351bf0f741f1ca8afe84ef8252febc061af2b46285,2024-02-29 13:48:50.885956+00:00,es,rcnradio.com,rcnradio.com,2023-04-19,ONU pide escuchar a los indígenas para evitar crisis climática,http://www.rcnradio.com/historias/onu-pide-escuchar-a-los-indigenas-para-evitar-crisis-climatica
5f6804e0f7e395779133f73fe85b897dfee95799a01e5be77d2a9c22f0eae91f,2024-02-29 02:41:46.773988+00:00,es,diariodelnorte.net,diariodelnorte.net,2023-04-28,"La Laguna Salada, el pulmón histórico ambiental de los riohacheros, llora en silencio lágrimas de sangre",https://www.diariodelnorte.net/?p=155133
56447c60001e28dd4f77ed56e32d5c99e46558bee8334a1137da32c94a9404a9,2024-02-29 00:44:09.802292+00:00,es,eltiempo.com,eltiempo.com,2024-02-26,La genuina competitividad de los agricultores de las Américas,https://www.eltiempo.com/opinion/columnistas/otros-columnistas/la-genuina-competitividad-de-los-agricultores-de-las-americas-manuel-otero-858822
c6d79b041d28d54c363c5bb530776ec6e1a8c62eeaf795a67dce9f7f2fb43b1f,2024-02-29 00:29:18.727396+00:00,es,eltiempo.com,eltiempo.com,2023-04-29,Preparemos el Acuerdo Nacional,https://www.eltiempo.com/opinion/columnistas/ivan-cepeda-castro/columna-de-ivan-cepeda-preparemos-el-acuerdo-nacional-764024
89c83b62b9335e258d0ff5886261e716e17f33da9ba984059680b3982630a367,2024-02-28 19:30:06.961663+00:00,es,gatopardo.com,gatopardo.com,2023-05-03,El guardián de Calakmul: la expedición de un guardabosques,https://gatopardo.com/reportajes/el-guardian-de-calakmul/
91ca35bdbce64595b213153e537fbb28de0995f9b430e76edc5ec7d6af7e4410,2024-02-28 13:05:44.797942+00:00,es,portafolio.co,portafolio.co,2023-05-08,Vidrio o plástico: cuál es mejor para el medio ambiente y los altos costos de producirlos,https://www.portafolio.co/economia/finanzas/vidrio-o-plastico-cual-es-mejor-para-el-medio-ambiente-y-los-altos-costos-de-producirlos-582476
ae271beff311a132d6e0e84498493a72b48839bb364eed8f9ed87ad23df14793,2024-02-28 12:39:17.725336+00:00,es,eltiempo.com,eltiempo.com,2023-05-08,Vidrio o plástico: ¿cuál es mejor para el medio ambiente?,https://www.eltiempo.com/vida/ciencia/vidrio-o-plastico-cual-es-mejor-para-el-medio-ambiente-766035
6dfaccbd5b528c10c9804687acbb87d3a064dc0829cbf4bc24ed703a673468e2,2024-02-28 05:36:33.011034+00:00,es,eltiempo.com,eltiempo.com,2023-05-12,Adaptación al cambio climático,https://www.eltiempo.com/opinion/columnistas/manuel-rodriguez-becerra/adaptacion-al-cambio-climatico-columna-de-manuel-rodriguez-becerra-768083
fe31cc3a81fc4aa400595828ee92f60b14b995b4e04a999f08b4a5af18866d7f,2024-02-27 12:23:13.946989+00:00,es,infobae.com,infobae.com,2023-05-24,Brasil estudiará reacción de Amazonía a mayor concentración de CO2,https://www.infobae.com/america/agencias/2023/05/24/brasil-estudiara-reaccion-de-amazonia-a-mayor-concentracion-de-co2/
da55eda8a1dd6957270569dc9058709a28ec7411e42af06c1f64c4f94741bbcd,2024-02-27 05:02:48.647067+00:00,es,infobae.com,infobae.com,2023-05-29,Un tercio de la agricultura está en zonas de prioridad para conservar la biodiversidad,https://www.infobae.com/america/agencias/2023/05/29/un-tercio-de-la-agricultura-esta-en-zonas-de-prioridad-para-conservar-la-biodiversidad/
9629a92a889f925b48c505e3ca9007fe68270e72a2ce131bb314f2194333734d,2024-02-27 04:49:14.552352+00:00,es,eltiempo.com,eltiempo.com,2023-05-29,Un tercio de la agricultura está en zonas de prioridad para conservar la biodiversidad,https://www.eltiempo.com/vida/ciencia/un-tercio-de-la-agricultura-esta-en-zonas-de-prioridad-para-conservar-la-biodiversidad-772927
74346110893ddbd6e1802814a3968583637f32dbb6be20077eb8712efefad275,2024-02-27 02:17:02.708200+00:00,es,infobae.com,infobae.com,2023-05-31,La ciencia alerta de que el deterioro ambiental supera los límites de seguridad y justicia,https://www.infobae.com/america/agencias/2023/05/31/la-ciencia-alerta-de-que-el-deterioro-ambiental-supera-los-limites-de-seguridad-y-justicia/
e092b80f1ee795d34830ab10df1fe80fe852405e07e282a092f7bc3e6a3d01cc,2024-02-27 02:00:12.931564+00:00,es,eltiempo.com,eltiempo.com,2023-05-31,Estas son las líneas rojas del equilibrio de la Tierra que la humanidad ya cruzó,https://www.eltiempo.com/vida/medio-ambiente/equilibrio-de-la-tierra-lineas-rojas-que-la-humanidad-ya-cruzo-en-seguridad-y-justicia-773473
3a572bd58bbf26a1be4224764d94b36be851ae9ea067465bfcb7751e636330f3,2024-02-27 01:56:40.072389+00:00,es,infobae.com,infobae.com,2023-05-31,"La Tierra ya no tiene condiciones físicas para garantizar una vida “segura y justa” para la humanidad, según la revista ‘Nature’",https://www.infobae.com/espana/2023/05/31/la-tierra-ya-no-tiene-condiciones-fisicas-para-garantizar-una-vida-segura-y-justa-para-la-humanidad/
7ad60bd9de05fdaa86d589ed34da8e3c0094199134d1fe1cabb80325c28f1150,2024-02-27 01:41:03.639803+00:00,es,diariolalibertad.com,diariolalibertad.com,2023-05-31,"Autoridades ambientales y la RAP Caribe, unen esfuerzos para prevenir pérdida de la biodiversidad en la región",https://diariolalibertad.com/sitio/2023/05/31/autoridades-ambientales-y-la-rap-caribe-unen-esfuerzos-para-prevenir-perdida-de-la-biodiversidad-en-la-region/
0d0ad7a65a61ee2d919ca5c5d60a6e2fc4dcecd1b25c3b2f291248925d622b85,2024-02-27 01:40:26.629044+00:00,es,eltiempo.com,eltiempo.com,2023-05-31,Autoridades ambientales buscan prevenir pérdida de la biodiversidad en el Caribe,https://www.eltiempo.com/colombia/barranquilla/autoridades-ambientales-buscan-prevenir-perdida-de-la-biodiversidad-en-el-caribe-773669
7a27297f6e7f7149ef9802d3e0c781f137e59e5142454995cf60f3e224115107,2024-02-27 01:36:14.488351+00:00,es,canaltropical.co,canaltropical.co,2023-06-01,Siete límites que permiten la vida en la Tierra ya fueron sobrepasados: ¿el fin del mundo?,https://canaltropical.co/?p=65986
f40a74f1ed69046cb6f07ff59cbbbb1c93a32ae711b552fcce2c3ec321661819,2024-02-27 00:24:19.564940+00:00,es,eltiempo.com,eltiempo.com,2023-06-01,Científicos advierten a la humanidad por riesgo colosal: 'La Tierra está en peligro',https://www.eltiempo.com/cultura/gente/cientificos-advierten-a-la-humanidad-por-peligro-colosal-en-pocos-anos-773863
4172aa8d37dba26f860ead8fbc6292c946027d97fc914da00191706a161a46b1,2024-02-26 22:55:26.811110+00:00,es,infobae.com,infobae.com,2023-06-02,"El ""paraíso"" del Chocó Andino de Ecuador tendrá su plebiscito para desterrar a la minería",https://www.infobae.com/america/agencias/2023/06/02/el-paraiso-del-choco-andino-de-ecuador-tendra-su-plebiscito-para-desterrar-a-la-mineria/
fc31b90fcfa7caa2db72fd8b98e8974a91ce216c9c8cbdc3e650c06aeec1d26d,2024-02-26 20:35:02.997562+00:00,es,minuto30.com,minuto30.com,2023-06-04,"La Romera, pulmón verde del Área Metropolitana",https://www.minuto30.com/la-romera-pulmon-verde-area-metropolitana/1446178/
f849d168a2b11c7badd45169c72e6057146d074f84a1ff8872719dd7a091c355,2024-02-26 15:06:37.657795+00:00,es,infobae.com,infobae.com,2023-06-08,Las aguas marítimas alcanzaron un máximo histórico de temperatura en el mes de mayo,https://www.infobae.com/america/medio-ambiente/2023/06/08/las-aguas-maritimas-alcanzaron-un-maximo-historico-de-temperatura-en-el-mes-de-mayo/
3ef9b9f47cc14083bfa4e07e7188a78f4bf1aa3cbc473aa1fffa5f1af8b1f8e3,2024-02-26 14:11:31.028973+00:00,es,diariodelsur.com.co,diariodelsur.com.co,2023-03-29,¿Y nuestro “nicho común” qué?,https://www.diariodelsur.com.co/y-nuestro-nicho-comun-que/
c9a48d923512822dbc6f56b3966f9fab006bcb67146fcdaf61fd82f7c84bc762,2024-02-26 13:58:08.866927+00:00,es,infobae.com,infobae.com,2023-06-08,"El mar antártico, una exuberancia natural amenazada que Chile urge proteger",https://www.infobae.com/america/agencias/2023/06/08/el-mar-antartico-una-exuberancia-natural-amenazada-que-chile-urge-proteger/
2cb17b3107c259e62f3e1e363fed49810f5195901c8a406e433d2d73e6a9970e,2024-02-26 13:22:49.709718+00:00,es,confidencialnoticias.com,confidencialnoticias.com,2023-06-09,De mal en peor en el “Día mundial del medio ambiente”,https://confidencialnoticias.com/colombia/opinion/de-mal-en-peor-en-el-dia-mundial-del-medio-ambiente/2023/06/09/
4b61046cd0a73c1c07d756b8cb7533714b1db0fb88b71a476266721c479f428a,2024-02-26 09:15:30.289856+00:00,es,infobae.com,infobae.com,2023-06-12,"Ricardo Lorenzetti: “Si las instituciones no resuelven los problemas, el pueblo se aleja”",https://www.infobae.com/politica/2023/06/12/ricardo-lorenzetti-si-las-instituciones-no-resuelven-los-problemas-el-pueblo-se-aleja/
025d916622b706908e585d9c37747eb9d75a3d0e0a378315672594aa94544732,2024-02-26 05:16:49.174069+00:00,es,infobae.com,infobae.com,2023-06-15,"Alertan de que los servicios de extinción ""no pueden hacer frente solos"" a los incendios",https://www.infobae.com/espana/2023/06/15/alertan-de-que-los-servicios-de-extincion-no-pueden-hacer-frente-solos-a-los-incendios/
f3d4650c762b2d8944ef21341025ab11e5d00f072479fa86fa3c908b5c3f0437,2024-02-25 18:15:49.363966+00:00,es,eltiempo.com,eltiempo.com,2023-06-23,"Jane Fonda está lista ""para dar pelea"" por la crisis climática",https://www.eltiempo.com/vida/medio-ambiente/jane-fonda-esta-lista-para-dar-pelea-por-la-crisis-climatica-780297
bfe2c942b9d21d921abb8dab8f36440f7244a495709438ebec6e923ee17bcc03,2024-02-25 09:15:08.121848+00:00,es,infobae.com,infobae.com,2023-06-30,El salar de Maricunga: cuando el agua es más valiosa que la segunda mayor reserva de litio,https://www.infobae.com/america/agencias/2023/06/30/el-salar-de-maricunga-cuando-el-agua-es-mas-valiosa-que-la-segunda-mayor-reserva-de-litio/
e93b40cc3ab74b53b8a754e753e959695114a338cdd64083e1543f9cb21ae5db,2024-02-25 07:57:34.154624+00:00,es,minuto30.com,minuto30.com,2023-07-01,Video. ¡Desalmado! Hombre mata a oso hormiguero a machetazos en Valle del Cauca,https://www.minuto30.com/hombre-mata-a-oso-hormiguero-a-machetazos-en-valle-del-cauca/1454391/
1cc1b6edba865904269a90e0eabc6baf67bbf4b7ac00ba90829dc025022d3a73,2024-02-24 17:11:36.366550+00:00,es,infobae.com,infobae.com,2023-07-13,La ola de calor en Florida provoca récords de temperatura alta en las aguas,https://www.infobae.com/estados-unidos/2023/07/13/la-ola-de-calor-en-la-florida-provoca-records-de-temperatura-alta-en-las-aguas/
cd7e7594851e9c843ce74d3b49536c64daba962fc6b3be49385e37bd1c1d4e19,2024-02-24 09:56:35.608686+00:00,es,infobae.com,infobae.com,2023-07-19,Ministros de Agricultura buscan alianza por seguridad alimentaria y agua en América,https://www.infobae.com/espana/agencias/2023/07/19/ministros-de-agricultura-buscan-alianza-por-seguridad-alimentaria-y-agua-en-america/
13c9b9982415534f74816d7a0feee771ff7a29c74269a3491016357261dc07cc,2024-02-24 09:20:32.413961+00:00,es,lapatilla.com,lapatilla.com,2023-07-20,¿Cómo impacta a América Latina el fin del acuerdo de exportación de granos del mar Negro?,https://www.lapatilla.com/2023/07/20/como-impacta-a-america-latina-el-fin-del-acuerdo-de-exportacion-de-granos-del-mar-negro/
20658f897f99de53ac48e3d5f6249b1705509128fe1f00d2f2063b9706641a2e,2024-02-24 08:53:35.771995+00:00,es,infobae.com,infobae.com,2023-07-20,Varios países piden a Autoridad del Fondo Marina agilidad para autorizar minería profunda,https://www.infobae.com/america/agencias/2023/07/20/varios-paises-piden-a-autoridad-del-fondo-marina-agilidad-para-autorizar-mineria-profunda/
e0ec90bf9d7ebdac4e924992b0a80bf4b74c631dc5e548a4674f0790f7c3007c,2024-02-24 08:41:28.858715+00:00,es,infobae.com,infobae.com,2023-07-20,Garífunas instan a Honduras a cumplir sentencia de la CorteIDH que restituye sus tierras,https://www.infobae.com/america/agencias/2023/07/20/garifunas-instan-a-honduras-a-cumplir-sentencia-de-la-corteidh-que-restituye-sus-tierras/
83e18e00c0250241cabd405cce257132ae90675108b4c3ce4bff4863099249c0,2024-02-24 08:37:49.511994+00:00,es,lapatilla.com,lapatilla.com,2023-07-20,Empresa Acbl se defiende ante acusaciones de contaminación del río Orinoco por sus gabarras abandonadas,https://www.lapatilla.com/2023/07/20/empresa-acbl-se-defiende-ante-acusaciones/
35e9174555c785c49ee187249e219189258c2e6e977958df6dc944488ccb7090,2024-02-24 08:34:47.799888+00:00,es,infobae.com,infobae.com,2023-07-20,Garífunas instan a Honduras a cumplir la sentencia de la CorteIDH que restituye sus tierras,https://www.infobae.com/america/agencias/2023/07/20/garifunas-instan-a-honduras-a-cumplir-la-sentencia-de-la-corteidh-que-restituye-sus-tierras/
b37e98a35ad7e5950c61308893bd4fe6b3a5ceefd465491663c1b896f0e8bb1a,2024-02-24 07:12:15.913422+00:00,es,infobae.com,infobae.com,2023-07-21,"América apuesta por acciones conjuntas contra la crisis alimentaria, climática e hídrica",https://www.infobae.com/america/agencias/2023/07/21/america-apuesta-por-acciones-conjuntas-contra-la-crisis-alimentaria-climatica-e-hidrica/
c21cbca4bb82e8a5f06ff71576a544d0b3c36349d9bd1d8517fac024ff03112d,2024-02-24 05:53:32.511299+00:00,es,infobae.com,infobae.com,2023-07-23,"España es el segundo ""bosque"" más grande de Europa, pero cada vez más árido",https://www.infobae.com/espana/agencias/2023/07/23/espana-es-el-segundo-bosque-mas-grande-de-europa-pero-cada-vez-mas-arido/
ae4816220df32f12e2971012e20033eb244dde39ded3ee8d72f271b800b7ed06,2024-02-24 00:27:23.089736+00:00,es,infobae.com,infobae.com,2023-07-27,"""Amazonas"", la moda levanta su voz para clamar por la selva y frenar la destrucción",https://www.infobae.com/america/agencias/2023/07/27/amazonas-la-moda-levanta-su-voz-para-clamar-por-la-selva-y-frenar-la-destruccion/
1c8e2498b67597d198b1ac68bf9709bdf97df8009c25c132e6d836f1f733a247,2024-02-24 00:16:15.339015+00:00,es,minuto30.com,minuto30.com,2023-07-27,"Amazonas"", la moda levanta su voz para clamar por la selva y frenar la destrucción",https://www.minuto30.com/amazonas-la-moda-levanta-su-voz-para-clamar-por-la-selva-y-frenar-la-destruccion/1461884/
1fdd7d148a6ac08e6ed79bf46aec55de9018f993e2c8b8e800ac0a917843e6e5,2024-02-23 23:06:00.547525+00:00,es,canaltropical.co,canaltropical.co,2023-07-27,"Un grito por la Amazonía en Colombiamoda+Colombiatex 2023 con «Amazonas, una selva con voz de mujer»",https://canaltropical.co/?p=71965
4b1c63f3a918c6f841d0d1fe7c1ac2fd7ed878df704c7da5fd3e4782f4267295,2024-02-23 20:10:35.988652+00:00,es,infobae.com,infobae.com,2023-07-30,Temas del día de EFE España del domingo 30 de julio de 2023 (13:45 horas),https://www.infobae.com/espana/agencias/2023/07/30/temas-del-dia-de-efe-espana-del-domingo-30-de-julio-de-2023-1345-horas/
7fbff2b7fff922a93e8f6f26eadce79e0abb1952de16510a7b646a603107aefe,2024-02-23 16:38:47.485799+00:00,es,las2orillas.co,las2orillas.co,2023-08-02,"Unidos contra modificación irregular y antiambiental de La ceja, Antioquia",https://www.las2orillas.co/unidos-contra-modificacion-irregular-y-antiambiental-de-la-ceja-antioquia/
fa975a3c56bdf624f14640fe3604fa064d99c42b2bbc9bb9812aaa796e11b529,2024-02-23 11:36:40.856379+00:00,es,infobae.com,infobae.com,2023-08-05,Ola de calor invernal sin precedentes azota Sudamérica con temperaturas superiores a 40°C,https://www.infobae.com/america/medio-ambiente/2023/08/05/ola-de-calor-invernal-sin-precedentes-azota-sudamerica-con-temperaturas-superiores-a-40c/
6c6e275b1fc8f0d643d03030ec32f404d04f2fbd88e13e19ca22f8e75cae3408,2024-02-23 10:20:22.099096+00:00,es,infobae.com,infobae.com,2023-08-07,Los glaciares de los Pirineos franceses se derriten inexorablemente debido al calentamiento global,https://www.infobae.com/america/medio-ambiente/2023/08/07/los-glaciares-de-los-pirineos-franceses-se-derriten-inexorablemente-debido-al-calentamiento-global/
eed96837bca89c57902da6f49c6451c15733d6bdef8119222090b99411ec8866,2024-02-23 09:14:31.297740+00:00,es,laopinion.com.co,laopinion.com.co,2024-02-21,Así fue cómo Laura Sarabia saltó al Dapre,https://www.laopinion.com.co/colombia/asi-fue-como-laura-sarabia-salto-al-dapre
96a277d97468f51ed7e240a525dd5b93a21bcdc533e76bdb267cf3a9226f2c7e,2024-02-23 05:10:54.479003+00:00,es,lapatilla.com,lapatilla.com,2023-08-10,Oscar Arnal: Los desafíos humanos,https://www.lapatilla.com/2023/08/10/oscar-arnal-los-desafios-humanos/
d53d292f05cc1122bd8f4fcc7b51ae182f69227c2d11cd6c57938df3247c7866,2024-02-22 23:32:40.596040+00:00,es,eltiempo.com,eltiempo.com,2023-08-14,"En la Amazonia, la agricultura sostenible también es parte de la solución",https://www.eltiempo.com/opinion/columnistas/otros-columnistas/en-la-amazonia-la-agricultura-sostenible-tambien-es-parte-de-la-solucion-796195
de37ea49f2442e257528fdb917050b1bdb8119240bab90bcc3998fb612dcc18b,2024-02-22 15:27:21.862036+00:00,es,infobae.com,infobae.com,2023-08-20,Posible escasez de agua en Lima: lo que se podría hacer para sobrellevar la crisis,https://www.infobae.com/peru/2023/08/20/posible-escasez-de-agua-en-lima-lo-que-se-podria-hacer-para-sobrellevar-la-crisis/
cfc9523866c45c30f6914af10fb8f850346af9ed5a803016e6312b8b66d87254,2024-02-22 12:29:34.095806+00:00,es,larepublica.co,larepublica.co,2023-08-23,Las experiencias de las empresas de cara a nuevas estrategias de carbono neutralidad,https://www.larepublica.co/empresas/foro-lr-unidos-por-la-conservacion-hacia-la-carbono-neutralidad-3685914
83e91a62c520d1c88822ab0dc042739ca5aa2557871f25e654e5fa71abf27a16,2024-02-22 08:44:08.452420+00:00,es,infobae.com,infobae.com,2023-08-26,Pablo García Borboroglu: “El pingüino es una especie muy frágil y susceptible a cualquier cambio en su ambiente”,https://www.infobae.com/def/2023/08/26/pablo-garcia-borboroglu-el-pinguino-es-una-especie-muy-fragil-y-susceptible-a-cualquier-cambio-en-su-ambiente/
d1f0913b1b7ee1bf5b1a62d07c63db49b70a1f09806154ec2642b777ce3474a9,2024-02-22 08:38:47.119364+00:00,es,eltabloide.com.co,eltabloide.com.co,2023-08-25,Lo que nos queda - EL TABLOIDE,https://eltabloide.com.co/opinion/lo-que-nos-queda/
8f65e7fd535fec5a5baa8805c360e7a8eaa32e706e81522c4807fd70d3250591,2024-02-22 04:27:22.885684+00:00,es,infobae.com,infobae.com,2023-08-29,Denuncian maltrato a mantarrayas en San Andrés: “La tienen atada para tomarle fotos con los turistas”,https://www.infobae.com/colombia/2023/08/29/denuncian-maltrato-a-mantarrayas-en-san-andres-la-tienen-atada-para-tomarle-fotos-con-los-turistas/
8ab7cc750191a558c524677b899ae273f17c70413c9f2429c5db4081259cd1e5,2024-02-21 21:00:36.372471+00:00,es,eltiempo.com,eltiempo.com,2023-09-03,La unión hace la fuerza,https://www.eltiempo.com/opinion/columnistas/sergio-diaz-granados/columna-de-sergio-diaz-granados-la-union-hace-la-fuerza-802324
f7eb79ff1d4b58eaf899d11425bdf864c4eda05f5f44b10eccb42bdc8ff4da73,2024-02-21 19:14:09.699798+00:00,es,infobae.com,infobae.com,2023-09-05,Un informe coloca las especies invasoras como grave amenaza global,https://www.infobae.com/america/agencias/2023/09/05/un-informe-coloca-las-especies-invasoras-como-grave-amenaza-global/
02ed955b9eb8c749cddc8f64b3dfc0bef4b0df9fd5bcf93e7c29a43dd14cdff4,2024-02-21 18:53:31.656520+00:00,es,elcolombiano.com,elcolombiano.com,2023-09-05,Especies invasoras: una gran amenaza global,https://www.elcolombiano.com/medio-ambiente/especies-invasoras-una-gran-amenza-global-subestimada-JD22306087
5592d2e4fab2a146852d84c07f06ff3270bd53fd00fafdd7c7df89ab513fbbf3,2024-02-21 18:28:06.418508+00:00,es,infobae.com,infobae.com,2023-09-05,Apoyo europeo y exigencias de la ONU a los países ricos en la Cumbre del Clima de África,https://www.infobae.com/america/agencias/2023/09/05/apoyo-europeo-y-exigencias-de-la-onu-a-los-paises-ricos-en-la-cumbre-del-clima-de-africa/
4aee6a7868cda3028e048b6f063438f92df77f18547655d96ad40938d8cbca02,2024-02-21 10:44:26.554877+00:00,es,eltiempo.com,eltiempo.com,2023-09-09,Especies invasoras han contribuido con el 60 % de las extinciones del mundo,https://www.eltiempo.com/vida/medio-ambiente/especies-invasoras-han-contribuido-con-el-60-de-las-extinciones-del-mundo-804351
06e747e7174bd88df412dab2a95748293a2556b10a259aa5b2e4f8d1c385844c,2024-02-21 10:21:12.242485+00:00,es,infobae.com,infobae.com,2023-09-10,"Jaguar fue asesinado en el departamento de Caquetá, es el segundo caso en el país en menos de un mes",https://www.infobae.com/colombia/2023/09/10/jaguar-fue-asesinado-en-el-departamento-de-caqueta-es-el-segundo-caso-en-el-pais-en-menos-de-un-mes/
7f8c4e70189a8f48820c62c440a24884c94b0f8ed9f31f1ffb10f5652e07f34f,2024-02-21 10:15:45.057490+00:00,es,infobae.com,infobae.com,2023-09-10,Lago Titicaca bajo amenaza: Perú y Bolivia preocupados por el bajo nivel de sus aguas debido a la sequía,https://www.infobae.com/peru/2023/09/10/lago-titicaca-bajo-amenaza-peru-y-bolivia-preocupados-por-el-bajo-nivel-de-sus-aguas-debido-a-la-sequia/
bd6322e961a07a22d5f578719436ab72dd0486b9a46297c66a9858d54881ada5,2024-02-21 07:40:55.184726+00:00,es,santamartaaldia.co,santamartaaldia.co,2023-09-12,Policía de inició campaña de sensibilización fluvial en El Banco,https://santamartaaldia.co/policia-de-inicio-campana-de-sensibilizacion-fluvial-en-el-banco/?utm_source=rss&utm_medium=rss&utm_campaign=policia-de-inicio-campana-de-sensibilizacion-fluvial-en-el-banco
0f816dcaed9b9dfb7dfa1952f74722ed25631634027f9667a3194a6c2ca7243a,2024-02-21 05:58:58.510075+00:00,es,las2orillas.co,las2orillas.co,2023-09-13,Avanza el Plan de Cultura 2038 para Bogotá,https://www.las2orillas.co/avanza-el-plan-de-cultura-2038-para-bogota/
635c6199e56961c986dbf1574c103555e68ebdfa2d2492fc162a08d65b1776ae,2024-02-21 05:46:50.411728+00:00,es,eltiempo.com,eltiempo.com,2023-09-13,Las cinco líneas con las que se estructurará la cultura en Bogotá hasta 2038,https://www.eltiempo.com/bogota/bogota-las-cinco-lineas-con-las-que-se-estructurara-la-cultura-hasta-2038-805699
df8711a6e02422785c78a3d21648ccb3d4b68cb22165ae41a90e513e8c7adbf5,2024-02-21 05:31:17.211770+00:00,es,larepublica.co,larepublica.co,2023-09-14,Ventajas del subdesarrollo para sanar nuestro planeta,https://www.larepublica.co/analisis/mauricio-ucros-3001345/ventajas-del-subdesarrollo-para-sanar-nuestro-planeta-3704344
38a581a94945d8d556cd8eab326711e2601c31982b30401fe5331a166cfe677e,2024-02-20 18:36:25.497618+00:00,es,eltiempo.com,eltiempo.com,2023-09-22,"Cartagena, un paraíso turístico sostenible en el corazón del Caribe",https://www.eltiempo.com/contenido-comercial/cartagena-un-paraiso-turistico-sostenible-en-el-corazon-del-caribe-808579
f38bfa5d6dda9c76482d267877e307e814ad42b4f2de6afcd88b60a204684a2c,2024-02-20 17:25:21.275860+00:00,es,diariolalibertad.com,diariolalibertad.com,2023-09-23,Armada de Colombia rescata a oso perezoso en Antioquia,https://diariolalibertad.com/sitio/2023/09/23/armada-de-colombia-rescata-a-oso-perezoso-en-antioquia/
2066b599225e2e82c3c93624a1d90b9cc3da412ea255a46385e8b889c0ccc05d,2024-02-20 14:17:46.645292+00:00,es,notiriosucio.com,notiriosucio.com,2023-09-24,"Oso Perezoso es Rescatado por la Armada de Colombia en el Municipio de Turbo, Antioquia.",https://www.notiriosucio.com/2023/09/oso-perezoso-es-rescatado-por-la-armada-de-colombia-en-el-municipio-de-turbo-antioquia/
44ff7838d690277b7a8ad3006baba0eee5ffd1cc6a86b9038fed4b5afa0a26a3,2024-02-20 13:40:37.083883+00:00,es,occidente.co,occidente.co,2023-09-25,Microsoft presenta proyecto Guacamaya para el Amazonas,https://occidente.co/empresario/microsoft-presenta-proyecto-guacamaya-para-el-amazonas/
a6de608de5c4236c002dbdbeef2bbb973b5fffca0b76a2a15ed34e85bdbc042f,2024-02-20 13:06:29.035408+00:00,es,eltiempo.com,eltiempo.com,2023-09-25,'Hay una oportunidad para un modelo de felicidad distinta',https://www.eltiempo.com/vida/medio-ambiente/el-mito-de-que-el-colapso-ecologico-es-inevitable-es-un-error-hay-una-oportunidad-para-un-modelo-de-felicidad-distinta-808536
b16928ff17ddf634143746953acc0502bc534478aaede3b8402d1e5fde519218,2024-02-20 04:35:16.772881+00:00,es,diariodelhuila.com,diariodelhuila.com,2023-09-30,El derecho ambiental actual,https://diariodelhuila.com/el-derecho-ambiental-actual/
98c3c73ccc7c3320bd04c96a0394156e237ba80a17f27e4f83d55e697efc2e70,2024-02-20 02:49:13.173594+00:00,es,infobae.com,infobae.com,2023-10-01,"Por qué la zona sísmica bajo la CDMX es como una “gran gelatina”, según investigadores de la UNAM",https://www.infobae.com/mexico/2023/10/01/por-que-la-zona-sismica-bajo-la-cdmx-es-como-una-gran-gelatina-segun-investigadores-de-la-unam/
07d25c0aa6fec410ac3ce07c3d2bf78b07b92626013c4d097fe6e69f4b147e09,2024-02-19 21:51:31.587205+00:00,es,infobae.com,infobae.com,2023-10-04,"Anfibios en alerta roja: qué nos dice su ""pandemia"" de la salud del planeta",https://www.infobae.com/america/agencias/2023/10/04/anfibios-en-alerta-roja-que-nos-dice-su-pandemia-de-la-salud-del-planeta/
e9c7bafa3ddfe980f1113921dd6d013f76e4e5302e940a062e760a7172e98541,2024-02-19 21:13:48.011591+00:00,es,eltiempo.com,eltiempo.com,2023-10-04,¿Qué es la 'pandemia de los anfibios' y por qué debería preocupar al mundo?,https://www.eltiempo.com/vida/medio-ambiente/que-es-la-pandemia-de-los-anfibios-y-por-que-deberia-preocupar-al-mundo-812778
10f21ecc1cb2072d4b764b9eb78c5fef1188d09fdd311e2b490452fd7d3d3e17,2024-02-19 20:36:18.936297+00:00,es,infobae.com,infobae.com,2023-10-05,Liderazgo indígena para una relación pacífica con nuestra Tierra,https://www.infobae.com/america/opinion/2023/10/05/liderazgo-indigena-para-una-relacion-pacifica-con-nuestra-tierra/
2ac20a2bfc558900bc0035389212fa05588279f557c93abd588209cbe1573778,2024-02-19 19:13:22.390163+00:00,es,infobae.com,infobae.com,2023-10-06,"De cambio de color a mayor temperatura, las 5 formas en que el calentamiento global está alterando los océanos",https://www.infobae.com/america/medio-ambiente/2023/10/06/de-cambio-de-color-a-mayor-temperatura-las-5-formas-en-que-el-calentamiento-global-esta-alterando-los-oceanos/
0f8afd515ea9ad16df4cda836c82c52a7786c7553d1853198a4673cade84cd8d,2024-02-19 12:15:13.401822+00:00,es,infobae.com,infobae.com,2023-10-10,Crean un descontaminante que elimina de manera irreversible el lindano de los vertederos,https://www.infobae.com/espana/agencias/2023/10/10/crean-un-descontaminante-que-elimina-de-manera-irreversible-el-lindano-de-los-vertederos/
a4976d1eb6964e2d5b142356643d83f0d2f7cf614d8d496f6b5e17546e3813f1,2024-02-19 06:37:35.916963+00:00,es,eltiempo.com,eltiempo.com,2023-10-13,"Ejemplo de recuperación: isla caribeña que era 'árida como la luna', hoy es una reserva",https://www.eltiempo.com/vida/medio-ambiente/redone-isla-caribena-que-era-arida-como-la-luna-y-hoy-es-una-reserva-815753
1f4050bd0776a6e28e073d62d7cc1f28f8ece64c98e990495746b0e3af96e09b,2024-02-19 02:41:14.433663+00:00,es,eltiempo.com,eltiempo.com,2023-10-15,Salvar la sabana de Bogotá,https://www.eltiempo.com/opinion/columnistas/manuel-rodriguez-becerra/columna-de-manuel-rodriguez-becerra-salvar-la-sabana-de-bogota-816406
8b6fad5d627faf4b95b5ead3e1dc023ff5598501da00f4d189b27c29efea4d3f,2024-02-19 01:18:47.822007+00:00,es,infobae.com,infobae.com,2023-10-16,El uso consciente del agua es clave para una dieta sostenible que cuide el futuro del planeta,https://www.infobae.com/salud/2023/10/16/el-uso-consciente-del-agua-es-clave-para-una-dieta-sostenible-que-cuide-el-futuro-del-planeta/
13469effd005a2dcbb96fee46961918f07be7808d19244d241ededdb2c50732d,2024-02-18 03:16:07.241892+00:00,es,infobae.com,infobae.com,2023-11-05,Crece la polémica en Uruguay por un proyecto inmobiliario de un empresario argentino en Punta Ballena,https://www.infobae.com/america/america-latina/2023/11/05/crece-la-polemica-en-uruguay-por-un-proyecto-inmobiliario-de-un-empresario-argentino-en-punta-ballena/
910547629ddfd8c72888944c7469f420e53c650087f582aa3e74e7e24f33596a,2024-02-17 00:30:14.103813+00:00,es,infobae.com,infobae.com,2024-02-15,La Amazonía podría colapsar en 2050: ¿qué impacto tendrá en el Perú?,https://www.infobae.com/peru/2024/02/15/amazonia-podria-colapsar-en-2050-que-impacto-tendra-en-el-peru/
28da20f7b19e6b3c226d6ceedaecc93bb8c016805178416544459f1d8e64c9e9,2024-02-16 02:08:26.138845+00:00,es,eltiempo.com,eltiempo.com,2024-02-14,"¿Cómo se verá Estados Unidos en 50 años, según la inteligencia artificial?",https://www.eltiempo.com/mundo/eeuu-y-canada/como-se-vera-estados-unidos-en-50-anos-segun-la-inteligencia-artificial-854862
33b468a2abb3ccf14799c3f3ed505e8117698602648abe195789ee4d84c2a49f,2024-02-15 03:40:14.893550+00:00,es,occidente.co,occidente.co,2024-02-12,Las Corporaciones Autónomas Regionales y la gestión del riesgo,https://occidente.co/opinion/columnistas/las-corporaciones-autonomas-regionales-y-la-gestion-del-riesgo/
4e8f368a61ce81cb152ae08533551e9fee07e33c70a36521493d135e806323e2,2024-02-14 02:50:44.208104+00:00,es,portafolio.co,portafolio.co,2024-02-12,"¿Cómo será Colombia en 100 años, según la inteligencia artificial?",https://www.portafolio.co/tendencias/sociales/como-sera-colombia-en-100-anos-segun-la-inteligencia-artificial-598184
f9c27164d97b4964060e663951ba66ece145e26c91140ce3533b4d655645f2ee,2024-02-07 02:55:08.225382+00:00,es,razonpublica.com,razonpublica.com,2024-02-04,"Prevenir, restaurar y educar ambientalmente en Bogotá",https://razonpublica.com/prevenir-restaurar-educar-ambientalmente-bogota/
df6b8bbde914fcfd49bfe1cdc511f8c13f86b2075cb9bf9767bd2bcc8325552f,2024-02-06 01:46:33.383972+00:00,es,eltiempo.com,eltiempo.com,2024-02-03,¿Precaución o suspensión? Decretos que preocupan al sector minero / Ricardo Ávila,https://www.eltiempo.com/economia/sectores/decretos-del-minambiente-que-preocupan-al-sector-minero-precaucion-o-suspension-851377
31174fe856af1cd3321582e606ecadff7e28d8ae28cbc663ab9b5cfceff5a054,2024-02-02 00:42:03+00:00,es,eltiempo.com,eltiempo.com,2024-01-30,La rebelión del agro contra las leyes ambientales en Europa / Análisis Mauricio Vargas,https://www.eltiempo.com/mundo/europa/por-que-el-agro-armo-una-rebelion-contra-las-leyes-ambientales-en-europa-analisis-850025
ed842b619df0e413c04526eaf83ff2fd36315eb30b6e3427ec15deca36995fb3,2024-02-01 00:16:15+00:00,es,infobae.com,infobae.com,2024-01-30,Alcalde Galán anunció medidas para prevenir nuevos incendios forestales en Bogotá: “Nos preocupa Sumapaz”,https://www.infobae.com/colombia/2024/01/30/nos-preocupa-sumapaz-alcalde-carlos-galan-sobre-medidas-para-prevenir-nuevos-incendios-forestales-en-bogota/
bd3e34d45815614fdc36b7da8bd8df8233a090a44afdd8d734d90845207c172c,2024-01-31 04:34:54+00:00,es,larepublica.co,larepublica.co,2024-01-29,"En medio de la ola de calor, en promedio hay un bombero por cada 2.560 habitantes",https://www.larepublica.co/economia/solo-hay-un-bombero-por-cada-2-560-habitantes-3788922
f7f3f1444eaaeb50410a5deb79fe254235e0fd9b7982c5366ee4e3caf1d27bae,2024-01-29 03:26:06+00:00,es,areacucuta.com,areacucuta.com,2024-01-26,“Refugios Climáticos” Que Permite Sobrellevar Los Veranos Agobiantes.,https://www.areacucuta.com/refugios-climaticos-que-permite-sobrellevar-los-veranos-agobiantes/?utm_source=rss&utm_medium=rss&utm_campaign=refugios-climaticos-que-permite-sobrellevar-los-veranos-agobiantes
737e1cea034fafa6124bdc2ee16f964acae4795ea0181a5d92dc30c96f0536d8,2024-01-28 02:06:10+00:00,es,eltiempo.com,eltiempo.com,2024-01-26,"'Comer bien, dormir bien y ejercitarse es más efectivo que cualquier medicina antiedad'",https://www.eltiempo.com/vida/ciencia/nobel-de-quimica-dice-que-es-mas-efectivo-que-cualquier-medicina-antiedad-848604
e97e5559d170050f0c1bc236afd3afaad27bc30c0a5ea331265d27cfd4e66b5f,2024-01-19 07:11:12+00:00,es,eje21.com.co,eje21.com.co,2024-01-17,Petro dice que Colombia necesita 2.500 millones de dólares para recuperar área deforestada,https://www.eje21.com.co/2024/01/petro-dice-que-colombia-necesita-2-500-millones-de-dolares-para-recuperar-area-deforestada/
ed789a717f05fcc36d9e08805620708301dcd0505ae7a86e838712401941aac5,2024-01-18 10:38:55+00:00,es,kienyke.com,kienyke.com,2024-01-16,"Gustavo Petro: ""Se necesitan 2500 millones de dólares para salvar la Amazonía""",https://www.kienyke.com/colombia/gustavo-petro-se-necesitan-2500-millones-de-dolares-para-salvar-la-amazonia
30efced50f33413a5ab7076291796c38e2316d4a572d161127cd2632dc8012d8,2024-01-18 00:21:55+00:00,es,eltiempo.com,eltiempo.com,2024-01-16,¿Se debería hacer turismo en los páramos? Esto opinan los expertos,https://www.eltiempo.com/vida/medio-ambiente/paramos-se-deberia-hacer-turismo-en-estos-ecosistemas-844943
67bd458d4fb8a6e7a279e98226216894ccee7bd4f51d664a0888cc96bc662280,2024-01-18 00:20:02+00:00,es,eltiempo.com,eltiempo.com,2024-01-16,"Las claves del viaje que finalmente sí realizó el presidente Petro a Davos, Suiza",https://www.eltiempo.com/politica/gobierno/presidente-gustavo-petro-las-claves-de-su-viaje-a-davos-suiza-844961
694d3c5fea0c42b49cfb28abc6b59b5f603bed759b41c9c405ea62e0c0a43745,2024-01-18 00:14:20+00:00,es,infobae.com,infobae.com,2024-01-16,Petro dice que Colombia necesita 2.500 millones de dólares para recuperar área deforestada,https://www.infobae.com/america/agencias/2024/01/16/petro-dice-que-colombia-necesita-2500-millones-de-dolares-para-recuperar-area-deforestada/
1fc4ad605ece5ed9790cf8e8ef9800df5ecbb4c167ed43b3acb5dddbc9e966aa,2024-01-12 00:07:46+00:00,es,infobae.com,infobae.com,2024-01-10,Proponen doblegar el calentamiento global desde el cambio social,https://www.infobae.com/america/agencias/2024/01/10/proponen-doblegar-el-calentamiento-global-desde-el-cambio-social/
add1ee7269be5c43b4c4975ed2a8bc4a749a603e7690851eddb9bb5c07b3bd69,2024-01-11 07:26:48+00:00,es,alertapaisa.com,alertapaisa.com,2024-01-09,Corantioquia se une a las voces de rechazo por las corralejas realizadas en el municipio de Caucasia,https://www.alertapaisa.com/noticias/antioquia/corantioquia-se-une-las-voces-de-rechazo-por-las-corralejas-realizadas-en-el
585636b3196982c5185f1a05f31591843ea0af2e333658a68bff060c71c3d252,2024-01-02 00:06:58+00:00,es,infobae.com,infobae.com,2023-12-31,Líderes indígenas asesinados este 2023: muertes injustas de defensores ambientales sin protección del Gobierno peruano,https://www.infobae.com/peru/2023/12/31/lideres-indigenas-asesinados-este-2023-muertes-injustas-de-defensores-ambientales-sin-proteccion-del-gobierno-peruano/
28f550f9113457e72a6260245b59195287969be8774ce30ec5ebbdd4f85f81ab,2023-12-30 00:12:59+00:00,es,infobae.com,infobae.com,2023-12-28,El Teporingo o conejo de los volcanes: una especie mexicana que se encuentra en peligro de extinción,https://www.infobae.com/mexico/2023/12/28/el-teporingo-o-conejo-de-los-volcanes-una-especie-mexicana-que-se-encuentra-en-peligro-de-extincion/
d03a2fcdf48c67f536eda8089c7d5d8e8677abeeee94f56bfe4b668af3dc6cee,2023-12-27 00:04:15+00:00,es,infobae.com,infobae.com,2023-12-25,Policías se vistieron de héroes y salvaron a un perro en la Terminal de Transporte de Cali,https://www.infobae.com/colombia/2023/12/25/policias-se-vistieron-de-heroes-y-salvaron-a-un-perro-en-la-terminal-de-transporte-de-cali/
56b839f3f5815580ce532c3fcfa4c33c282a80695c1a13e2ca439e2cd10f7f24,2023-12-17 04:29:31+00:00,es,areacucuta.com,areacucuta.com,2023-12-15,"EPM, Aguas Regionales EPM Y Corpourabá, En Convenio Con El Resguardo Indígena Ibudó Las Playas De Apartadó, Protegieron 100 Hectáreas De Bosques En La Serranía De Abibe",https://www.areacucuta.com/epm-aguas-regionales-epm-y-corpouraba-en-convenio-con-el-resguardo-indigena-ibudo-las-playas-de-apartado-protegieron-100-hectareas-de-bosques-en-la-serrania-de-abibe/?utm_source=rss&utm_medium=rss&utm_campaign=epm-aguas-regionales-epm-y-corpouraba-en-convenio-con-el-resguardo-indigena-ibudo-las-playas-de-apartado-protegieron-100-hectareas-de-bosques-en-la-serrania-de-abibe
ea978da8baf99862709ff756709567bddc5cab4b8d183a8e262a0549c43c1864,2023-12-15 00:15:54+00:00,es,infobae.com,infobae.com,2023-12-13,Expertos advierten sobre el acelerado derretimiento de glaciares en Colombia debido al cambio climático: “Están en agonía”,https://www.infobae.com/colombia/2023/12/13/expertos-advierten-sobre-el-acelerado-derretimiento-de-glaciares-en-colombia-debido-al-cambio-climatico-estan-en-agonia/
b34110f282b8cedc8bcfe90349258ca88803dba401ca8323cdfbcf0917e9b612,2023-12-07 00:19:34+00:00,es,infobae.com,infobae.com,2023-12-05,"Perú ya perdió 14 millones de hectáreas de bosques y en el futuro sería peor, advierte Marc Dourojeanni",https://www.infobae.com/peru/2023/12/05/peru-ya-perdio-14-millones-de-hectareas-de-bosques-y-en-el-futuro-seria-peor-advierte-marc-dourojeanni/
062a1ce84d0459534372d160a9395170ce310051a870e454ca924e0b20396307,2023-12-07 00:19:12+00:00,es,infobae.com,infobae.com,2023-12-05,COP28: de la desigualdad de género a la importancia de centrar la acción climática en los derechos de las mujeres,https://www.infobae.com/america/medio-ambiente/2023/12/05/cop28-de-la-desigualdad-de-genero-a-la-importancia-de-centrar-la-accion-climatica-en-los-derechos-de-las-mujeres/
ab7fb15778cd73e5d03490a72ed78a87af5c574990629c38189249a2e5db9100,2023-12-06 01:34:04+00:00,es,diariolalibertad.com,diariolalibertad.com,2023-12-04,"Invertir en la transición energética y climática de Colombia, propone presidente Petro al mundo",https://diariolalibertad.com/sitio/2023/12/04/invertir-en-la-transicion-energetica-y-climatica-de-colombia-propone-presidente-petro-al-mundo/
1122efc1779b9904d473b22ac06a48cc59bf8f6b22aa6de2e0b9633a4493ec99,2023-11-29 00:14:13+00:00,es,infobae.com,infobae.com,2023-11-27,Una oportunidad latinoamericana: buscan impulsar seis compromisos ambientales para frenar el cambio climático,https://www.infobae.com/america/medio-ambiente/2023/11/27/una-oportunidad-latinoamericana-buscan-impulsar-seis-compromisos-ambientales-para-frenar-el-cambio-climatico/
8e8cccf90f04147b9346a6aa5428f41d2149545dd371e9b37e7ba3b84da1f2a6,2023-11-28 00:50:45+00:00,es,eltiempo.com,eltiempo.com,2023-11-25,"'Nuestro futuro', el nuevo libro del expresidente Iván Duque",https://www.eltiempo.com/cultura/musica-y-libros/nuestro-futuro-el-nuevo-libro-de-ivan-duque-se-lanza-en-la-cop-28-829191
1c4a18f5c7a6f1c2469c18e0bb1e6855b78e7d1a4d6963726adb6ce9c3ce7c01,2023-11-13 06:39:33+00:00,es,las2orillas.co,las2orillas.co,2023-11-10,"El progreso económico: el sueño de muchos, el derecho de todos",https://www.las2orillas.co/el-progreso-economico-el-sueno-de-muchos-el-derecho-de-todos/
