id,indexed_date,language,media_name,media_url,publish_date,title,url
ddac6e40c1a8a48fc5a3eb9b56013c92663cfbd0acadd11e43a81d547a66ff21,2026-08-31 22:23:28.295520+00:00,es,elheraldo.co,elheraldo.co,2026-08-31,Ecoparque Mallorquín se consolida como atractivo turístico para Barranquilla y alcanza un millón de visitantes,https://www.elheraldo.co/atlantico/barranquilla/2026/08/31/ecoparque-mallorquin-se-consolida-como-atractivo-turistico-para-barranquilla-y-alcanza-un-millon-de-visitantes/
c1fa4302d70994f332e635887862c7dc14c49d5efb257e8fcca4cd387fc905b7,2026-08-31 00:19:31.441220+00:00,es,diariolalibertad.com,diariolalibertad.com,2026-08-30,Nació ‘Milagro’ - La cría que le da esperanza al paujil de pico azul,https://diariolalibertad.com/2026/08/30/nacio-milagro-la-cria-que-le-da-esperanza-al-paujil-de-pico-azul/
d9bd6a7a45072f1bfd24ee19184d98e130599e778f208af664b62d2d67790c1c,2026-08-29 23:28:56.010573+00:00,es,elheraldo.co,elheraldo.co,2026-08-29,"Nace en el Zoológico de Barranquilla una cría de paujil de pico azul, especie en peligro crítico de extinción",https://www.elheraldo.co/atlantico/2026/08/29/nace-en-el-zoologico-de-barranquilla-una-cria-de-paujil-de-pico-azul-especie-en-peligro-critico-de-extincion/
b4ebf35cf10886c5c47b4e3449a837b2fd0f7a788875f606e9e335e36eeab43f,2026-08-29 17:40:00.762325+00:00,es,hsbnoticias.com,hsbnoticias.com,2026-08-29,La inteligencia natural: el conocimiento de millones de años que puede transformar la agricultura,https://www.hsbnoticias.com/la-inteligencia-natural-el-conocimiento-de-millones-de-anos-que-puede-transformar-la-agricultura/
0792083b41feea7e83eae40f3229f581c3286f720f20dea323f509ce93a11097,2026-08-29 15:30:36.090976+00:00,es,extra.com.co,extra.com.co,2026-08-29,La inteligencia natural: el conocimiento de millones de años que puede transformar la agricultura,https://extra.com.co/la-inteligencia-natural-el-conocimiento-de-millones-de-anos-que-puede-transformar-la-agricultura/
f080ce8a1e599b2cec93c523b6efbb5e49e07d1b5384217a72f40524b9a47720,2026-08-29 15:25:05.406255+00:00,es,diariodelsur.com.co,diariodelsur.com.co,2026-08-29,La inteligencia natural: el conocimiento de millones de años que puede transformar la agricultura,https://www.diariodelsur.com.co/la-inteligencia-natural-el-conocimiento-de-millones-de-anos-que-puede-transformar-la-agricultura/
d4c61450f1f76f9aa58bf7ef8576c1b8168b5606cabcd64be5099696116896fb,2026-08-29 00:34:09.665098+00:00,es,semana.com,semana.com,2026-08-28,Más de mil personas enterraron su ropa interior por un experimento: el resultado sorprende a los científicos,https://www.semana.com/tecnologia/articulo/mas-de-mil-personas-enterraron-su-ropa-interior-por-un-experimento-el-resultado-sorprende-a-los-cientificos/202621/
ae833aee4d37f5624525983bf71e225bcf04dbf54bfbc61c08f9e8c87e71da15,2026-08-24 21:40:06.764988+00:00,es,infobae.com,infobae.com,2026-08-24,Té de hojas de guayaba: el remedio digestivo de las abuelas mexicanas que la UNAM confirmó,https://www.infobae.com/mexico/2026/08/24/te-de-hojas-de-guayaba-el-remedio-digestivo-de-las-abuelas-mexicanas-que-la-unam-confirmo/
66c9a0125119ac4dc5bf13961d0ff2626ef7d29c9936c3c381e4c45db71c9ce1,2026-08-23 17:19:23.223357+00:00,es,hsbnoticias.com,hsbnoticias.com,2026-08-23,Cada vuelo cuenta: así estudian los científicos alemanes el comportamiento de miles de abejas,https://www.hsbnoticias.com/estudio-polinizadores-alemania-colmenas-inteligentes-abejas/
bc23a26de11760c65060dd875973fd8efe50ec1b2f138832b3b10526e51544de,2026-08-23 16:26:29.290428+00:00,es,diariodelcauca.com.co,diariodelcauca.com.co,2026-08-23,Colmenas conectadas e inteligencia artificial: la tecnología que busca entender qué ocurre con las abejas,https://diariodelcauca.com.co/estudio-polinizadores-alemania-colmenas-inteligentes-abejas/
c7314ce0cf493ad32adaf511e91cacb394764c49222674d192ff45657fa3a429,2026-08-23 16:25:28.364257+00:00,es,diariodelsur.com.co,diariodelsur.com.co,2026-08-23,Del panal a los datos: Alemania apuesta por colmenas inteligentes para investigar a los polinizadores,https://www.diariodelsur.com.co/estudio-polinizadores-alemania-colmenas-inteligentes-abejas/
a60d0c630bca554b0667e1c54955c0eae4478c655f602aa3a940b80a6db69413,2026-08-21 04:30:53.692665+00:00,es,semana.com,semana.com,2026-08-20,China apuesta por la energía solar y descubre un efecto inesperado: las aves pagaría el mortal precio,https://www.semana.com/tecnologia/articulo/china-apuesta-por-la-energia-solar-y-descubre-un-efecto-inesperado-las-aves-pagarian-el-mortal-precio/202655/
9933fd7e5d9dca26cdece7fee18f699cd6fb8d3b77106c1f829a09fcbcef5225,2026-08-16 17:37:33.637642+00:00,es,infobae.com,infobae.com,2026-08-16,Cómo atraer colibríes a tu casa aunque no tengas jardín: las mejores plantas para macetas,https://www.infobae.com/mexico/2026/08/16/como-atraer-colibries-a-tu-casa-aunque-no-tengas-jardin-las-mejores-plantas-para-macetas/
3079e49f368b6737129235d07ac2c85bfaeef89c48d472b8c501e433a9e6d58c,2026-08-11 23:21:04.935768+00:00,es,vanguardia.com,vanguardia.com,2026-08-11,Aviarte representará a Santander en Paraguay y busca recursos para llevar a sus niños,https://www.vanguardia.com/santander/ola-verde/2026/08/11/aviarte-representara-a-santander-en-paraguay-y-busca-recursos-para-llevar-a-sus-ninos/
7873a25a36e321a895e142c6ed5204b61c3c078b15a7c256c47d91299be9407b,2026-08-11 12:49:13.971915+00:00,es,infobae.com,infobae.com,2026-08-11,Ecovidrio galardona a los nueve hoteles de la costa española más comprometidos con la sostenibilidad,https://www.infobae.com/america/agencias/2026/08/11/ecovidrio-galardona-a-los-nueve-hoteles-de-la-costa-espanola-mas-comprometidos-con-la-sostenibilidad/
f3ce64d17d25cb6d27d25dfce213590d5350e97da77109d617e1059a57ab59b1,2026-08-11 08:36:40.381427+00:00,es,infobae.com,infobae.com,2026-08-11,"Así reaccionará la naturaleza: Aves a sus dormideros, insectos cambian su actividad y las flores se cierran",https://www.infobae.com/america/agencias/2026/08/11/asi-reaccionara-la-naturaleza-aves-a-sus-dormideros-insectos-cambian-su-actividad-y-las-flores-se-cierran/
087ffd36fce0d7ce429431bbb7f0e8b5d56d0e1607a2971d6b2745ba8e481311,2026-08-09 06:22:29.479512+00:00,es,eltiempo.com,eltiempo.com,2026-08-08,Diez años sembrando conciencia: el festival caleño que lleva el cine ambiental a las comunidades del Pacífico ahora inspira a América Latina,https://www.eltiempo.com/colombia/cali/diez-anos-sembrando-conciencia-el-festival-caleno-que-lleva-el-cine-ambiental-a-las-comunidades-del-pacifico-ahora-inspira-a-america-latina-3577093
8d78a660beec296b54eb1270ba8bd7ac7039690345dbde200276c75c34270b78,2026-08-08 09:24:39.217324+00:00,es,infobae.com,infobae.com,2026-08-08,SEO/BirdLife desarrolla dos aplicaciones móviles gratuitas para la identificación y el conteo de aves en España,https://www.infobae.com/america/agencias/2026/08/08/seobirdlife-desarrolla-dos-aplicaciones-moviles-gratuitas-para-la-identificacion-y-el-conteo-de-aves-en-espana/
463908038f2484c1eac569d6ec060ca604fc17344013dcb8bec403fa1c0d6787,2026-08-07 12:21:30.113545+00:00,es,infobae.com,infobae.com,2026-08-07,"Así reaccionará la naturaleza al eclipse: Aves a sus dormideros, insectos cambian su actividad y las flores se cierran",https://www.infobae.com/america/agencias/2026/08/07/asi-reaccionara-la-naturaleza-al-eclipse-aves-a-sus-dormideros-insectos-cambian-su-actividad-y-las-flores-se-cierran/
43ad3d02f872656bd15e4ce5bada9cd706b617874f733978a1a24203e51a869b,2026-08-06 10:28:33.029427+00:00,es,diariodelhuila.com,diariodelhuila.com,2026-08-06,¿Por qué debemos incluir la educación ambiental en las escuelas y colegios?,https://diariodelhuila.com/educacion-ambiental-escuelas-desarrollo-sostenible/
747990e621da6fff1acf1516bc236d13f5a377a5a661dbbd2c3722e4d807e910,2026-08-05 20:43:30.381893+00:00,es,infobae.com,infobae.com,2026-08-05,Investigadores documentan por primera vez en Ecuador el género de gorgojos 'Cydianerus',https://www.infobae.com/america/agencias/2026/08/05/investigadores-documentan-por-primera-vez-en-ecuador-el-genero-de-gorgojos-cydianerus/
3d9b10d9b9d18ed7c05020cca656a281ee9cd48f1e96a1df66dac75ce4587ef5,2026-08-04 02:36:32.947181+00:00,es,hsbnoticias.com,hsbnoticias.com,2026-08-03,El Jardín Botánico de Bogotá presenta la segunda edición del Festival Estéreo Botánico,https://www.hsbnoticias.com/el-jardin-botanico-de-bogota-presenta-la-segunda-edicion-del-festival-estereo-botanico/
87be4b73e2c22e7644c7a7be28b0f44bbcff940edff9fc4eca60723e1544cab0,2026-08-03 20:19:11.521944+00:00,es,diariodelsur.com.co,diariodelsur.com.co,2026-08-03,El Jardín Botánico de Bogotá presenta la segunda edición del Festival Estéreo Botánico,https://www.diariodelsur.com.co/el-jardin-botanico-de-bogota-presenta-la-segunda-edicion-del-festival-estereo-botanico/
2eaa160661219e26ff930374de0cfc1e1172bb46f9e1f90db5666f3298dd86f4,2026-08-03 19:44:44.731691+00:00,es,extra.com.co,extra.com.co,2026-08-03,El Jardín Botánico de Bogotá presenta la segunda edición del Festival Estéreo Botánico,https://extra.com.co/el-jardin-botanico-de-bogota-presenta-la-segunda-edicion-del-festival-estereo-botanico/
04416697c1295b548caef9e2a3e3882cb926ad84d997b67f6a24c2b9938bc21a,2026-08-03 19:44:20.673968+00:00,es,diariodelcauca.com.co,diariodelcauca.com.co,2026-08-03,El Jardín Botánico de Bogotá presenta la segunda edición del Festival Estéreo Botánico,https://diariodelcauca.com.co/el-jardin-botanico-de-bogota-presenta-la-segunda-edicion-del-festival-estereo-botanico/
335f665bde30d1571d889c7a734b573f18dc2cf1b3e7c8abfa0d7e219df0513e,2026-08-03 19:41:58.649235+00:00,es,elperiodicodeportivo.com.co,elperiodicodeportivo.com.co,2026-08-03,El Jardín Botánico de Bogotá presenta la segunda edición del Festival Estéreo Botánico,https://elperiodicodeportivo.com.co/el-jardin-botanico-de-bogota-presenta-la-segunda-edicion-del-festival-estereo-botanico/
43700d6f0abc6ef1d7f6594fad07beb0486e2da3631f4409c71a91da1781aad9,2026-08-03 18:58:19.497075+00:00,es,hsbnoticias.com,hsbnoticias.com,2026-08-03,Bogotá participa en la Semana Nacional de las Polillas 2026,https://www.hsbnoticias.com/bogota-participa-en-la-semana-nacional-de-las-polillas-2026/
5e448c53503b5c3fe7b8ad07cae629e18fad296a730a74b704f3b301d19f35f5,2026-08-03 18:51:20.000193+00:00,es,infobae.com,infobae.com,2026-08-03,Más de 200 ciudadanos grabarán el comportamiento de los animales durante el Trío de Eclipses en España,https://www.infobae.com/america/agencias/2026/08/03/mas-de-200-ciudadanos-grabaran-el-comportamiento-de-los-animales-durante-el-trio-de-eclipses-en-espana/
f6084d292370dbd143ffb8c05fc6d9375948b327bfa7a72fe0f77269d19afc75,2026-08-03 16:42:54.624666+00:00,es,elperiodicodeportivo.com.co,elperiodicodeportivo.com.co,2026-08-03,Bogotá participa en la Semana Nacional de las Polillas 2026,https://elperiodicodeportivo.com.co/bogota-participa-en-la-semana-nacional-de-las-polillas-2026/
abd73bdf527f9ff089caee4a0ddd0394447c8b74e91b0c414ef5d5b6809a6d18,2026-08-03 16:41:06.851231+00:00,es,diariodelcauca.com.co,diariodelcauca.com.co,2026-08-03,Bogotá participa en la Semana Nacional de las Polillas 2026,https://diariodelcauca.com.co/bogota-participa-en-la-semana-nacional-de-las-polillas-2026/
1ca86b72cce2861be4cdcec61540e363bda4922200ac6b179687739fd88ac929,2026-08-03 16:35:16.519878+00:00,es,extra.com.co,extra.com.co,2026-08-03,Bogotá participa en la Semana Nacional de las Polillas 2026,https://extra.com.co/bogota-participa-en-la-semana-nacional-de-las-polillas-2026/
3fa92c0f6ab254ae6d1cdc0fcaaad352054e2cba4801ac01a20066dc8baf6b08,2026-08-02 20:40:42.406338+00:00,es,vanguardia.com,vanguardia.com,2026-08-02,Santander ‘alza’ vuelo: la ruta de aviturismo de Topocoro que pone a brillar al departamento,https://www.vanguardia.com/santander/turismo/2026/08/02/santander-alza-vuelo-la-ruta-de-aviturismo-de-topocoro-que-pone-a-brillar-al-departamento/
d9d436fde7d802aad3ef6ce9ae730b76c8d85fa492baf4d4574ba7ce23762739,2026-07-31 12:03:21.255767+00:00,es,elnuevosiglo.com.co,elnuevosiglo.com.co,2026-07-30,"Cartago, Valle, se consolida como un territorio de aves",https://www.elnuevosiglo.com.co/nacion/cartago-valle-se-consolida-como-un-territorio-de-aves
6665140bd5f59b140b715cf628aa03b626c23e6b10adc15d463d03234d40d1ff,2026-07-29 18:57:25.668956+00:00,es,hsbnoticias.com,hsbnoticias.com,2026-07-29,Gastronomía e Identidad impulsa el regreso de los sabores que marcaron generaciones,https://www.hsbnoticias.com/gastronomia-e-identidad-marcas-consumo-masivo-insumos-tradicionales/
7f0a1bd38b4770652e9ae030a1ca29661bba8c2158fbe3d21b39b68c4a1c1018,2026-07-29 18:38:06.231249+00:00,es,diariodelsur.com.co,diariodelsur.com.co,2026-07-29,Gastronomía e Identidad: ingredientes locales vuelven al centro de las campañas de las grandes marcas,https://www.diariodelsur.com.co/gastronomia-e-identidad-marcas-consumo-masivo-insumos-tradicionales/
f423e89f302bacbea7e817e5715e5476a634efb2b907ae29f5eb458c718067b4,2026-07-29 18:32:13.305601+00:00,es,diariodelcauca.com.co,diariodelcauca.com.co,2026-07-29,Marcas de consumo masivo apuestan por la tradición para fortalecer su identidad gastronómica,https://diariodelcauca.com.co/gastronomia-e-identidad-marcas-consumo-masivo-insumos-tradicionales/
0b3b85e3281a99e4f985da512792c907b2542e96b42e6619b6d699d5a33aef33,2026-07-29 18:27:18.243623+00:00,es,extra.com.co,extra.com.co,2026-07-29,Gastronomía e Identidad: las marcas que rescatan ingredientes tradicionales para conectar con sus consumidores,https://extra.com.co/gastronomia-e-identidad-marcas-consumo-masivo-insumos-tradicionales/
84828737ef42a12c7e614f438e7c927388f1ae869a9cacf5b171d6964654af5a,2026-07-29 11:49:43.157189+00:00,es,caracol.com.co,caracol.com.co,2026-07-29,Ecopetrol impulsa la educación y conservación ambiental con jóvenes cartageneros,https://caracol.com.co/2026/07/29/ecopetrol-impulsa-la-educacion-y-conservacion-ambiental-con-jovenes-cartageneros/
269beacbef43bb7fa05ba3ceb3fbd6a878e6b4db24fea9b44eaa20ee9d15d641,2026-07-28 23:20:37.716695+00:00,es,hsbnoticias.com,hsbnoticias.com,2026-07-28,Día Mundial de la Conservación de la Naturaleza: un llamado urgente para proteger el planeta y garantizar un futuro sostenible,https://www.hsbnoticias.com/dia-mundial-de-la-conservacion-de-la-naturaleza-un-llamado-urgente-para-proteger-el-planeta-y-garantizar-un-futuro-sostenible/
3ecf62d19f2f3dbeb54f1c1b4158d37f208f56c0391e21e5ae3c1720bef95e6c,2026-07-28 21:39:06.838841+00:00,es,diariodelsur.com.co,diariodelsur.com.co,2026-07-28,Día Mundial de la Conservación de la Naturaleza: un llamado urgente para proteger el planeta y garantizar un futuro sostenible,https://www.diariodelsur.com.co/dia-mundial-de-la-conservacion-de-la-naturaleza-un-llamado-urgente-para-proteger-el-planeta-y-garantizar-un-futuro-sostenible/
a1a36d4f23e65767cc8e8e1d10f8d13f1ba0876dd4b3ddaa23dde8546b441fb3,2026-07-28 21:37:07.702976+00:00,es,extra.com.co,extra.com.co,2026-07-28,Día Mundial de la Conservación de la Naturaleza: un llamado urgente para proteger el planeta y garantizar un futuro sostenible,https://extra.com.co/dia-mundial-de-la-conservacion-de-la-naturaleza-un-llamado-urgente-para-proteger-el-planeta-y-garantizar-un-futuro-sostenible/
dd574eba3dd765afd844a68f8e6137dc26c3157f0b3669180beb4f27a582ba35,2026-07-28 21:35:38.164228+00:00,es,diariodelcauca.com.co,diariodelcauca.com.co,2026-07-28,Día Mundial de la Conservación de la Naturaleza: un llamado urgente para proteger el planeta y garantizar un futuro sostenible,https://diariodelcauca.com.co/dia-mundial-de-la-conservacion-de-la-naturaleza-un-llamado-urgente-para-proteger-el-planeta-y-garantizar-un-futuro-sostenible/
53f815a460b1ce85faa9e11b2d5dbd898a6be4c2afb4e6efb2de6bb4b5c4e55e,2026-07-27 09:29:09.079395+00:00,es,semana.com,semana.com,2026-07-27,"Biodiversidad, agua y alimentos: activos estratégicos de las empresas",https://www.semana.com/foros-semana/sostenible/articulo/ix-cumbre-de-sostenibilidad-biodiversidad-agua-y-alimentos-los-nuevos-activos-estrategicos-de-las-empresas/202607/
d4526d856a61e20d48fcacafe29a1700ed453aa55ead345298f6acdb814e1a97,2026-07-26 21:27:54.051523+00:00,es,vanguardia.com,vanguardia.com,2026-07-26,Vanguardia en los barrios: La Joya impulsó economía campesina,https://www.vanguardia.com/area-metropolitana/bucaramanga/2026/07/26/vanguardia-en-los-barrios-la-joya-celebra-el-buen-vivir/
108cc6a386fa9200737fd43a29b5ba7e6ecbf3a9ac5974edf687ef15ed1e2076,2026-07-25 06:31:15.437979+00:00,es,eltiempo.com,eltiempo.com,2026-07-24,Llano 360,https://www.eltiempo.com/mas-contenido/llano-3573504
fadd5a867186d920903c920020eb11634c767b9f554c3a8fdcd2f3c2750d98af,2026-07-24 07:23:18.996144+00:00,es,vanguardia.com,vanguardia.com,2026-07-23,Barrio La Joya celebrará el buen vivir en una jornada comunitaria,https://www.vanguardia.com/area-metropolitana/bucaramanga/2026/07/23/vanguardia-en-los-barrios-el-buen-vivir-florece-este-domingo-en-la-joya/
39fc86d3f49aa545c9772d071ed4dcbe66df76882b9d456f87fb1e3d9e8fa4ed,2026-07-23 20:43:47.868781+00:00,es,areacucuta.com,areacucuta.com,2025-12-01,"El 76% de los colombianos quiere viajar de forma sostenible, según Booking",https://www.areacucuta.com/el-76-de-los-viajeros-en-colombia-busca-realizar-turismo-sostenible-segun-booking-com/
77d95569e1802c22ac700e3f0383355e6646f9bbda6a9c28e9a379a8e0074ac2,2026-07-22 17:37:17.418201+00:00,es,infobae.com,infobae.com,2026-07-22,Cuando el ruido enferma: el impacto oculto de la contaminación acústica en la ciudad,https://www.infobae.com/salud/ciencia/2026/07/22/cuando-el-ruido-enferma-el-impacto-oculto-de-la-contaminacion-acustica-en-la-ciudad/
f4cb4fcc341b5c96fa81f34b4fdf63c96ffd928ba3c1533301e653fffcf91dee,2026-07-21 23:41:36.909117+00:00,es,infobae.com,infobae.com,2026-07-21,Impresionante espectáculo en Áncash: Ballenas jorobadas surcan las costas de Huarmey y cautivan a pescadores,https://www.infobae.com/peru/2026/07/21/impresionante-espectaculo-en-ancash-ballenas-jorobadas-surcan-las-costas-de-huarmey-y-cautivan-a-pescadores/
f96d95f0693b8383f697e6c629feabe0668f3538399906294ae7ad2bfa26ba1f,2026-07-19 23:23:17.656801+00:00,es,infobae.com,infobae.com,2026-07-19,Dieta de la milpa: qué la hace especial y cómo ayuda a tu organismo,https://www.infobae.com/mexico/2026/07/19/dieta-de-la-milpa-que-la-hace-especial-y-como-ayuda-a-tu-organismo/
0f8f2ec0000250808bea3ec565c61e701e0a5e8877656e0eaea8c082fbf8dcc7,2026-07-19 18:31:12.393655+00:00,es,extra.com.co,extra.com.co,2026-07-19,Emprender para conservar,https://extra.com.co/emprender-para-conservar/
0aaf3f0bc626a6476176ecc4472c1f980d89c860eacd1468a7acd2315be36ebf,2026-07-13 21:28:52.339437+00:00,es,elheraldo.co,elheraldo.co,2026-07-13,Preparan jornada de recolección de residuos posconsumo en La Guajira,https://www.elheraldo.co/region-caribe/la-guajira/2026/07/13/preparan-jornada-de-recoleccion-de-residuos-posconsumo-en-la-guajira/
80c9cd39d7079ecc2ca4aa9dee2c12a412cf52e2215ffc45691c86b2de91230e,2026-07-13 20:59:22.374918+00:00,es,hsbnoticias.com,hsbnoticias.com,2026-07-13,La Secretaría de Ambiente consolida la Red de Investigación en Biodiversidad,https://www.hsbnoticias.com/la-secretaria-de-ambiente-consolida-la-red-de-investigacion-en-biodiversidad/
2f342101b34ddb65855ffbceffcd1742793a5f2a037f8c7bd655c46b9fad721c,2026-07-13 15:48:59.597564+00:00,es,diariodelcauca.com.co,diariodelcauca.com.co,2026-07-13,La Secretaría de Ambiente consolida la Red de Investigación en Biodiversidad,https://diariodelcauca.com.co/la-secretaria-de-ambiente-consolida-la-red-de-investigacion-en-biodiversidad/
d022b6198249edaadd32a3295bcc8a16963d68b3e900db757757ec568b6fd4c3,2026-07-13 15:45:59.061661+00:00,es,diariodelsur.com.co,diariodelsur.com.co,2026-07-13,La Secretaría de Ambiente consolida la Red de Investigación en Biodiversidad,https://www.diariodelsur.com.co/la-secretaria-de-ambiente-consolida-la-red-de-investigacion-en-biodiversidad/
c94c06f17d7a04ac6c2679fddd79962a2882329175dc03b11ef1ee95928efbee,2026-07-11 01:30:40.136343+00:00,es,semana.com,semana.com,2026-07-10,"Colombia participa en Global Birdfair 2026, reconocida feria de turismo internacional",https://www.semana.com/turismo/articulo/colombia-participa-en-global-birdfair-2026-reconocida-feria-de-turismo-internacional/202628/
fa9fe454cae5ccb0a5e4c58ab7eb11b5498e6f9e5f08a570c59a77f3be33bf07,2026-07-07 06:27:11.990611+00:00,es,lanacion.com.co,lanacion.com.co,2026-07-07,El deterioro de la ciudad consolidada,https://www.lanacion.com.co/el-deterioro-de-la-ciudad-consolidada/
c1ea5d54d7e235e785c35a0df746bec324d9784dfaa4c93dab8666003e04b80c,2026-07-02 01:33:26.073859+00:00,es,areacucuta.com,areacucuta.com,2025-12-01,153.000 toneladas de plástico contaminan ecosistemas en Colombia,https://www.areacucuta.com/153-000-toneladas-de-plastico-contaminan-los-ecosistemas-colombianos-cada-ano-greenpeace-hace-un-llamado-urgente/
9e7a773befe1d2f9083d56f079000493120e9c21a9faa13de1fee589b25b50d7,2026-07-01 20:31:45.273884+00:00,es,eltiempo.com,eltiempo.com,2026-07-01,Rasmus Munk: la historia del mejor chef del mundo y su impresionante restaurante en Copenhague. Esta es su entrevista en la revista BOCAS,https://www.eltiempo.com/bocas/rasmus-munk-la-historia-del-mejor-chef-del-mundo-y-su-impresionante-restaurante-en-copenhague-esta-es-su-entrevista-en-la-revista-bocas-3567377
2e873ded6c16e957e6c0f089e4f988d74d98f446ab39313b86643013cd16f5b9,2026-06-30 06:35:04.976067+00:00,es,semana.com,semana.com,2026-06-29,"Transición para el desarrollo: el 15 de julio, Bogotá será el escenario de una conversación sobre el futuro de la sostenibilidad en Colombia",https://www.semana.com/foros-semana/articulo/transicion-para-el-desarrollo-el-15-de-julio-bogota-sera-el-escenario-de-una-conversacion-sobre-el-futuro-de-la-sostenibilidad-en-colombia/202652/
a256782854f4191c8d548a534767b099be3847e78647005a7eb4e9cc18f66341,2026-06-26 23:19:01.867386+00:00,es,larepublica.co,larepublica.co,2026-06-26,El FEP llevó la sostenibilidad al escenario con un ahorro de más de 151.000 litros de agua,https://www.larepublica.co/ocio/el-estereo-picnic-llevo-la-sostenibilidad-al-escenario-con-un-ahorro-de-mas-de-151-000-litros-de-agua-4424204
a2146a4c22f90a831fc1751f508b4b2bcfb48567306bc235aaaad51b62ec47e9,2026-06-24 12:19:00.969556+00:00,es,lasillavacia.com,lasillavacia.com,2026-06-24,Arquitectura circular y biofílica para un futuro sostenible,https://www.lasillavacia.com/red-de-expertos/red-verde/arquitectura-circular-biofilica-bienestar/
25a214faa405668eff421f5d7e59faa5bd03dcce95cc2d1d3480a4e0f182f125,2026-06-23 15:22:23.879382+00:00,es,eldiario.com.co,eldiario.com.co,2026-06-23,Risaralda protege Magnolias en peligro de extinción,https://www.eldiario.com.co/punto-final/risaralda-protege-magnolias-en-peligro-de-extincion/
70806d111896a174145f03e92370727140061da95e88a4038638856ef5b02207,2026-06-23 00:33:50.853938+00:00,es,infobae.com,infobae.com,2026-06-22,Abrieron las inscripciones al Chingaza Fest 2026 con cuatro rutas de 8 a 42 km para recorrer el páramo: así puede inscribirse,https://www.infobae.com/colombia/2026/06/22/abrieron-las-inscripciones-al-chingaza-fest-2026-con-cuatro-rutas-de-8-a-42-km-para-recorrer-el-paramo-asi-puede-inscribirse/
21beaab64fe244022dde39acf97dccff8860f3a23f5653f4ab0aae65b662b854,2026-06-22 01:24:04.810055+00:00,es,infobae.com,infobae.com,2026-06-22,Cinco alimentos saludables y baratos que encuentras en cualquier mercado de la CDMX,https://www.infobae.com/mexico/2026/06/22/cinco-alimentos-saludables-y-baratos-que-encuentras-en-cualquier-mercado-de-la-cdmx/
06af9ef19cceaf64192091c1aaf5c3327637a1ccbfb6635e58a972e834d33026,2026-06-20 17:22:32.527530+00:00,es,elespectador.com,elespectador.com,2026-06-20,"Prográmese con el primer Chingaza Fest 2026, un festival para conectarse con el páramo",https://www.elespectador.com/ambiente/programese-con-el-primer-chingaza-fest-2026-un-festival-para-conectarse-con-el-paramo-y-apoyar-comunidades-locales/
53d10422ff313c6162ffda6777736e13cedfe2dc3d1ff3ee462ab9946efe2e5a,2026-06-20 02:21:05.310686+00:00,es,eltiempo.com,eltiempo.com,2026-06-19,Chingaza Fest 2026: el parque abre sus rutas para vivir el páramo a través del deporte y la conservación,https://www.eltiempo.com/vida/viajar/chingaza-fest-2026-el-parque-abre-sus-rutas-para-vivir-el-paramo-a-traves-del-deporte-y-la-conservacion-3565598
cbb1de4e25e278e9d874abfe1147dd513a7458a8d929eab58944dba5a8c6d227,2026-06-09 23:39:02.861739+00:00,es,infobae.com,infobae.com,2026-06-09,Ballena jorobada quedó varada en playa de Tumbes: ejemplar fue hallado en avanzado estado de descomposición,https://www.infobae.com/peru/2026/06/09/ballena-jorobada-quedo-varada-en-playa-de-tumbes-ejemplar-fue-hallado-en-avanzado-estado-de-descomposicion/
6f16eb675bc92310998ec8b92dd0f8b538ba3bd1929ac2b0fd82b4e53b0f2625,2026-06-09 12:46:47.431814+00:00,es,elespectador.com,elespectador.com,2026-06-09,Santa Marta le hace frente al pez león convirtiéndolo en fuente de empleo y alimento,https://www.elespectador.com/colombia/mas-regiones/santa-marta-le-hace-frente-al-pez-leon-convirtiendolo-en-fuente-de-empleo-y-alimento/
d87e5805afe314c88ea9fb45871e9c847cf1fd44a152fa204b20bb663d1a3c4d,2026-06-08 14:36:04.433758+00:00,es,infobae.com,infobae.com,2026-06-08,Un millón de botellas recicladas y una meta de más de 6.000 árboles sembrados: la apuesta ambiental de EZVIZ,https://www.infobae.com/america/agencias/2026/06/08/un-millon-de-botellas-recicladas-y-una-meta-de-mas-de-6000-arboles-sembrados-la-apuesta-ambiental-de-ezviz/
612a81da1adf952627f61149a47c27c17eac26418f9fac536fcc95a69666333d,2026-06-05 22:26:27.968887+00:00,es,elfrente.com.co,elfrente.com.co,2026-06-05,Fundación Universitaria Comfenalco Santander fue reconocida por aporte al Reto Naturalista Urbano 2026,https://elfrente.com.co/fundacion-universitaria-comfenalco-santander-fue-reconocida-por-aporte-al-reto-naturalista-urbano-2026/
1f2b053ee2be1b9c1f799b302f2f7c6b91fa6fcbd22677f9a44db17cc1eef32b,2026-06-05 20:29:23.073765+00:00,es,seguimiento.co,seguimiento.co,2026-06-05,Corpamag y Fundación CIM Caribe convierten el desafío del pez león en oportunidad sostenible con “EcoSabores”,https://seguimiento.co/la-samaria/corpamag-y-fundacion-cim-caribe-convierten-el-desafio-del-pez-leon-en-oportunidad
756f5359f622dda700b32accf5a010c05910b2e64f4d3daf1337e25abbca61c1,2026-06-05 18:35:01.141099+00:00,es,elheraldo.co,elheraldo.co,2026-06-05,Día Mundial del Medio Ambiente 2026: el llamado global a actuar frente a la crisis climática,https://www.elheraldo.co/medio-ambiente/2026/06/05/dia-mundial-del-medio-ambiente-2026-el-llamado-global-a-actuar-frente-a-la-crisis-climatica/
96b549191278c16283e03d21ea0ee0082602df556dda14b0bbee1f2b21050c15,2026-06-05 08:22:15.715428+00:00,es,larepublica.co,larepublica.co,2026-06-05,Día del Medio Ambiente impulsa el llamado a reducir consumo de energía,https://www.larepublica.co/economia/dia-del-medio-ambiente-impulsa-el-llamado-a-reducir-consumo-de-energia-4408530
49991b00e206b50db0237d52d2657f68596a2c057527f845639dac18d65b2ad2,2026-06-05 02:23:27.026834+00:00,es,caracol.com.co,caracol.com.co,2026-06-05,Bogotá conmemora el Día Mundial del Medio Ambiente este 5 de junio: Agéndese con su cronograma,https://caracol.com.co/2026/06/05/bogota-conmemora-el-dia-mundial-del-medio-ambiente-este-5-de-junio-agendese-con-su-cronograma/
5128565ac9255600c09d6ee3e9a496773ac9cd8b8ba07b66371212aa72da2cbc,2026-06-04 23:25:38.763117+00:00,es,elespectador.com,elespectador.com,2026-06-04,Lanzan nueva cartilla sobre plantas medicinales que puede cultivar en casa,https://www.elespectador.com/la-huerta/lanzan-nueva-cartilla-sobre-plantas-medicinales-que-puede-cultivar-en-casa/
b1b972d3d0fa375a158d325f53906fc2db12073da5c92768cfe13d3557b5cf8f,2026-06-03 18:44:56.304686+00:00,es,caracoltv.com,caracoltv.com,2026-06-03,"'Tenemos todo un planeta por conservar', la nueva campaña de Caracol Televisión",https://www.caracoltv.com/actualidad/tenemos-todo-un-planeta-por-conservar-que-es-y-de-que-trata-la-apuesta-de-caracol-tv-ed45
9388ab5cac2c6cbff81ba5ca8951f694e5a5f4788a3125970412152988d79838,2026-06-03 11:51:39.458535+00:00,es,infobae.com,infobae.com,2026-06-03,La preocupación de los españoles por el cambio climático cae 25 puntos desde 2019,https://www.infobae.com/espana/agencias/2026/06/03/la-preocupacion-de-los-espanoles-por-el-cambio-climatico-cae-25-puntos-desde-2019/
98d638929d140352bde770db01940b99f1e559c7e16d1722d83e1d769449a99a,2026-06-03 00:17:27.150399+00:00,es,santamartaaldia.co,santamartaaldia.co,2026-06-02,Corpamag y Fundación CIM Caribe impulsan el consumo del pez león con la feria EcoSabores,https://santamartaaldia.co/corpamag-y-fundacion-cim-caribe-impulsan-el-consumo-del-pez-leon-con-la-feria-ecosabores/?utm_source=rss&utm_medium=rss&utm_campaign=corpamag-y-fundacion-cim-caribe-impulsan-el-consumo-del-pez-leon-con-la-feria-ecosabores
7bb0a0b6442a66d96e5fc1ddca134bfc397836b07e44aa0bb8091b14cf80bad1,2026-06-01 02:20:38.821309+00:00,es,diariodelcauca.com.co,diariodelcauca.com.co,2026-06-01,Calidad del aire y efecto invernadero,https://diariodelcauca.com.co/calidad-del-aire-y-efecto-invernadero/
312e4087e637b623fd4113dfab9ce100a45f0c3c82563efd5d98791270c89c0f,2026-05-30 00:25:00.040613+00:00,es,elfrente.com.co,elfrente.com.co,2026-05-29,Educación ambiental y reconocimiento a grupos de recicladores en Bucaramanga,https://elfrente.com.co/educacion-ambiental-y-reconocimiento-a-grupos-de-recicladores-en-bucaramanga/
eae4f8deccc20d06209c7dd011f7fd572c05a3142e209604ed7a65c1dbb87717,2026-05-30 00:18:49.675119+00:00,es,semana.com,semana.com,2026-05-29,¿Cómo cerrar brechas sociales y económicas en Colombia? Esta estrategia de Colsubsidio está cambiando la manera de hacer negocios,https://www.semana.com/hablan-las-marcas/articulo/como-cerrar-brechas-sociales-y-economicas-en-colombia-esta-estrategia-de-colsubsidio-esta-cambiando-la-manera-de-hacer-negocios/202600/
3aef6f29cefbd6b8d14c41fb388008b227afe429e00630a88a9d33eb8ce22d91,2026-05-29 01:26:03.733167+00:00,es,hsbnoticias.com,hsbnoticias.com,2026-05-28,Cuidar el medio ambiente se convierte en una prioridad para las nuevas generaciones,https://www.hsbnoticias.com/cuidar-el-medio-ambiente-se-convierte-en-una-prioridad-para-las-nuevas-generaciones/
d3fe3ce794453adb1157600fce0bf3523e6fb7cb02f6d3b303b831b63d0858ef,2026-05-28 23:37:08.370573+00:00,es,diariodelcauca.com.co,diariodelcauca.com.co,2026-05-28,Cuidar el medio ambiente se convierte en una prioridad para las nuevas generaciones,https://diariodelcauca.com.co/cuidar-el-medio-ambiente-se-convierte-en-una-prioridad-para-las-nuevas-generaciones/
6171f8441bb9d02ad7ebe0b766cd882ee1392cc74c8535036a8b5f3ae8561187,2026-05-28 23:35:14.849120+00:00,es,diariodelsur.com.co,diariodelsur.com.co,2026-05-28,Cuidar el medio ambiente se convierte en una prioridad para las nuevas generaciones,https://www.diariodelsur.com.co/cuidar-el-medio-ambiente-se-convierte-en-una-prioridad-para-las-nuevas-generaciones/
aff1149aec490f81f52886155372f0dd409541cf04215337cc00094dd2e721ac,2026-05-28 23:28:25.772967+00:00,es,extra.com.co,extra.com.co,2026-05-28,Cuidar el medio ambiente se convierte en una prioridad para las nuevas generaciones,https://extra.com.co/cuidar-el-medio-ambiente-se-convierte-en-una-prioridad-para-las-nuevas-generaciones/
c183e438d51b4756d18396feed11859365cdc55d130d662a10d00d54c9300926,2026-05-28 05:24:26.196625+00:00,es,redprensaverde.org,redprensaverde.org,2026-05-27,"En Bogotá, comunidad recupera el parque Navarra",https://redprensaverde.org/2026/05/27/en-bogota-comunidad-recupera-el-parque-navarra/
4a91cfab13cbe798161f71f147e369917083facbf1f9424b968acdcca0aa1817,2026-05-27 06:16:05.630818+00:00,es,infobae.com,infobae.com,2026-05-27,“México juega limpio”: Lotería Nacional presenta billete conmemorativo del Día Mundial del Medio Ambiente,https://www.infobae.com/mexico/2026/05/27/mexico-juega-limpio-loteria-nacional-presenta-billete-conmemorativo-del-dia-mundial-del-medio-ambiente/
dca2afa5f8bcd9d9ac28a14029d90ab36081e7beac28c34f0451afde28294943,2026-05-25 16:28:07.621955+00:00,es,publimetro.co,publimetro.co,2026-05-25,Economía circular: El giro decisivo hacia un nuevo modelo productivo,https://www.publimetro.co/opinion/2026/05/25/economia-circular-el-giro-decisivo-hacia-un-nuevo-modelo-productivo/
2d4377f20435aaa4db9d8d2d7c84a12668d025527f13bb8d97c7c8d27fdbf494,2026-05-23 06:17:16.925935+00:00,es,infobae.com,infobae.com,2026-05-23,Plantas centenarias adaptadas al cambio climático que pueden crear empleo verde local,https://www.infobae.com/espana/agencias/2026/05/23/plantas-centenarias-adaptadas-al-cambio-climatico-que-pueden-crear-empleo-verde-local/
5aa4f700c7f13b295d7ef97b8b83ef79d42222680423f79cca1b03605beb11bb,2026-05-18 23:31:05.973741+00:00,es,elnuevodia.com.co,elnuevodia.com.co,2026-05-17,La salud empieza en el suelo,https://www.elnuevodia.com.co/opinion/columnistas/luis-armando-castilla/la-salud-empieza-en-el-suelo-536690
90f29019e3add1f6def265f7bb153277e3e4267375663aa98be318138cd68b86,2026-05-17 00:19:27.474695+00:00,es,vanguardia.com,vanguardia.com,2026-02-01,Día Mundial de los Humedales: una mirada a estos ecosistemas en Santander,https://www.vanguardia.com/santander/2026/02/01/dia-mundial-de-los-humedales-el-pulso-de-estos-ecosistemas-en-santander/
b97cd0a02f582b5e1913ea34bcd83c0bf99f6bc514c24b20081c6de45a314d77,2026-05-16 21:37:47.741456+00:00,es,infobae.com,infobae.com,2026-05-16,"Ajolote, teporingo y gorrión serrano: las especies de CDMX que podrían desaparecer",https://www.infobae.com/mexico/2026/05/16/ajolote-teporingo-y-gorrion-serrano-las-especies-de-cdmx-que-podrian-desaparecer/
7d56a37286917321cf808e97445d963cb84db951cbf8b72bbc83ee56335b5953,2026-05-16 18:33:08.552851+00:00,es,portafolio.co,portafolio.co,2026-05-16,Colombia recuperó el liderazgo mundial en el Global Big Day con 1.566 especies de aves registradas,https://www.portafolio.co/tendencias/colombia-recupero-el-liderazgo-mundial-en-el-global-big-day-con-1-566-especies-de-aves-registradas-494166
0fae285b020fab8f4d254ba8a51e319fe48d7076fe1c26251f4b17ac88c93d08,2026-05-16 05:18:15.169378+00:00,es,occidente.co,occidente.co,2026-05-16,Valle del Cauca: paraíso de aves y líder en aviturismo,https://occidente.co/regionales/valle-del-cauca/aves-valle-del-cauca-aviturismo-biodiversidad/
09af3873cc8ca770e530534d58a9a743a90216c1673d5053f7ed12ba5a1b8115,2026-05-15 10:44:17.206417+00:00,es,lanacion.com.co,lanacion.com.co,2026-05-15,Huila reportó 445 casos de avistamiento de especies de aves,https://www.lanacion.com.co/huila-reporto-445-casos-de-avistamiento-de-especies-de-aves/
c323685d47574de568e2cfee8f14bb5dccd3da36c632e5928d8a475fefde1c83,2026-05-14 23:42:42.444800+00:00,es,elfrente.com.co,elfrente.com.co,2026-05-14,Colombia ratificó su liderazgo mundial como destino para el avistamiento de aves con más de 1.500 especies registradas,https://elfrente.com.co/colombia-ratifico-su-liderazgo-mundial-como-destino-para-el-avistamiento-de-aves-con-mas-de-1-500-especies-registradas/
b49f75e598151bd0a7a28d3edb56e6de41553d6f4eac3567444fa34b2859602e,2026-05-14 22:50:22.145178+00:00,es,infobae.com,infobae.com,2026-05-14,Panamá registró 790 especies de aves avistadas en tan solo 24 horas durante el Global Big Day,https://www.infobae.com/panama/2026/05/14/panama-registro-790-especies-de-aves-avistadas-en-tan-solo-24-horas-durante-el-global-big-day/
9b11b609a385b614e8ca19f625d0bd5377c44ab501eba38ccd94cd22a79b7931,2026-05-14 19:38:43.926978+00:00,es,llanoalmundo.com,llanoalmundo.com,2026-05-14,Meta conquista por tercera vez el Global Big Day y lidera el aviturismo en Colombia,https://llanoalmundo.com/meta-conquista-por-tercera-vez-el-global-big-day-y-lidera-el-aviturismo-en-colombia/
0f010505790da616f2c05f8f008847a3624f8df02c2f6e2c4f885335a0f933da,2026-05-14 18:37:37.222122+00:00,es,eltiempo.com,eltiempo.com,2026-05-14,"Meta lideró el Global Big Day 2026: con 714 especies, se consolidó con Caño Cristales y el Cañón del Río Güéjar como destino de avistamiento de aves",https://www.eltiempo.com/colombia/otras-ciudades/meta-lidero-el-global-big-day-2026-con-714-especies-se-consolido-con-cano-cristales-y-el-canon-del-rio-gueejar-como-destino-de-avistamiento-de-aves-3555728
2b389a9b9bc285b54780e96e6d280ff3aabe4391185559074006786e5b30f39f,2026-05-14 12:21:14.611643+00:00,es,prensalibrecasanare.com,prensalibrecasanare.com,2026-05-14,21 observadores de aves registraron 68 especies en el Global Big Day en la ecoreserva Cusiana,https://prensalibrecasanare.com/medioambiente/57110-21-observadores-de-aves-registraron-68-especies-en-el-global-big-day-en-la-ecoreserva-cusiana.html
f627cfd3cae20c18f5935293c6133f5df25703611f65e6bb15d0f71613934115,2026-05-14 09:39:10.716787+00:00,es,elinformador.com.co,elinformador.com.co,2026-05-14,Colombia vuelve a liderar el mayor conteo internacional de aves del mundo,https://www.elinformador.com.co/index.php/la-ciudad/81-distrito/352173-colombia-vuelve-a-liderar-el-mayor-conteo-internacional-de-aves-del-mundo
848ec0ee0dc5cb3c985f5c199d42c5a76567c8587e1ae1a6c30057d9a1fb55aa,2026-05-14 06:25:22.097456+00:00,es,hsbnoticias.com,hsbnoticias.com,2026-05-14,Colombia vuelve a liderar el mayor conteo internacional de aves del mundo,https://www.hsbnoticias.com/colombia-vuelve-a-liderar-el-mayor-conteo-internacional-de-aves-del-mundo/
c2295864182188af332433f39aee06ea9daa5207867bf37bf066f183d9c76dff,2026-05-14 04:31:18.175890+00:00,es,extra.com.co,extra.com.co,2026-05-14,Colombia vuelve a liderar el mayor conteo internacional de aves del mundo,https://extra.com.co/colombia-vuelve-a-liderar-el-mayor-conteo-internacional-de-aves-del-mundo/
6980cd2394943dd4a7e61dba402b503a0f478dbcc5e835bca40da4b590ae96bb,2026-05-14 03:34:44.006074+00:00,es,diariodelcauca.com.co,diariodelcauca.com.co,2026-05-14,Colombia vuelve a liderar el mayor conteo internacional de aves del mundo,https://diariodelcauca.com.co/colombia-vuelve-a-liderar-el-mayor-conteo-internacional-de-aves-del-mundo/
b8f908dbbe9e8f6fd2cec0062b171adbeba4032f3c17dabb688c30bfbfa62630,2026-05-14 03:34:13.113298+00:00,es,elperiodicodeportivo.com.co,elperiodicodeportivo.com.co,2026-05-14,Colombia vuelve a liderar el mayor conteo internacional de aves del mundo,https://elperiodicodeportivo.com.co/colombia-vuelve-a-liderar-el-mayor-conteo-internacional-de-aves-del-mundo/
a12898b78f6691452081025cb9ec0c787c52c0d883ad569cdfeb8d2682f81917,2026-05-14 03:27:10.964809+00:00,es,diariodelsur.com.co,diariodelsur.com.co,2026-05-14,Colombia vuelve a liderar el mayor conteo internacional de aves del mundo,https://www.diariodelsur.com.co/colombia-vuelve-a-liderar-el-mayor-conteo-internacional-de-aves-del-mundo/
0dd3f7f4f811046c4da84ac84cbf7a412490002cb96fe100e77f78fea06fe78a,2026-05-14 02:20:14.852017+00:00,es,kienyke.com,kienyke.com,2026-05-13,Meta gana Global Big Day 2026,https://www.kienyke.com/regiones/meta-gana-global-big-day-2026
5feaef0ca8e4cd8223bc542db2e3f6f62d672f478d855d3a716ade77d39bbd12,2026-05-14 02:20:12.465129+00:00,es,elnuevosiglo.com.co,elnuevosiglo.com.co,2026-05-13,Colombia vuelve a liderar mayor conteo de aves del mundo,https://www.elnuevosiglo.com.co/ambiente-y-ciencia/colombia-vuelve-liderar-mayor-conteo-de-aves-del-mundo
b9200eaaea05126dc43a6247df1a31ee4868d81b261d480a7b8100e1f9ca9bdf,2026-05-14 02:18:54.355604+00:00,es,semana.com,semana.com,2026-05-13,El Meta ganó por tercera vez el Global Big Day y se consolida como potencia mundial del aviturismo,https://www.semana.com/sostenible/articulo/el-meta-gano-por-tercera-vez-el-global-big-day-y-se-consolida-como-potencia-mundial-del-aviturismo/202609/
8fc5dbbb3ad3daf48c35b8a30328bd55b77294700d9a9c8f0bf1a1df4577c663,2026-05-14 00:23:27.703581+00:00,es,periodismopublico.com,periodismopublico.com,2026-05-13,Así fue la participación de Cundinamarca en el mayor evento de observación de aves del mundo,https://periodismopublico.com/asi-fue-la-participacion-de-cundinamarca-en-el-mayor-evento-de-observacion-de-aves-del-mundo
6f2e72b95b1731a898eaf87f80f2e9a40350fbe2ec53a87881881c59578691c0,2026-05-13 16:44:51.612591+00:00,es,semana.com,semana.com,2026-05-13,Global Big Day 2026: Colombia lideró nuevamente el mayor conteo internacional de aves del mundo,https://www.semana.com/turismo/articulo/global-big-day-2026-colombia-lidero-nuevamente-el-mayor-conteo-internacional-de-aves-del-mundo/202624/
c79b5073a38cf59a6f64559caaef99d50e6144e0eab5f50e2a4f8adacf799be9,2026-05-11 19:49:06.033213+00:00,es,caracol.com.co,caracol.com.co,2026-05-11,Santa Marta y Magdalena brillan en el Global Big Day con avistamiento de aves en áreas protegidas,https://caracol.com.co/2026/05/11/santa-marta-y-magdalena-brillan-en-el-global-big-day-con-avistamiento-de-aves-en-areas-protegidas/
66b688602967db7646bee7e28e57c0fca0f9d834010c1c21dd27dbcb66158857,2026-05-11 19:34:02.951216+00:00,es,pasionporsantamarta.com,pasionporsantamarta.com,2026-05-11,Corpamag celebra el día mundial de las aves migratorias vinculándose al Global Big Day en el Magdalena,https://pasionporsantamarta.com/corpamag-celebra-el-dia-mundial-de-las-aves-migratorias-vinculandose-al-global-big-day-en-el-magdalena/
5ae72d77fd70b4391f0a19bdb66d70869a7cdf5fe5b0fccc4381a51c2dbcba03,2026-05-10 23:21:00.845659+00:00,es,caracol.com.co,caracol.com.co,2026-05-10,Más de 40 especies de aves fueron registradas en el Global Big Day en Neiva,https://caracol.com.co/2026/05/10/mas-de-40-especies-de-aves-fueron-registradas-en-el-global-big-day-en-neiva/
c253c7c11ad9b0de38a82db65974d78ffe5d417e85a76b2eed4e458c173d6bc6,2026-05-09 20:25:58.109177+00:00,es,opinioncaribe.com,opinioncaribe.com,2026-05-09,CORPAMAG se une al Global Big Day por las aves migratorias en el Magdalena,https://www.opinioncaribe.com/2026/05/09/corpamag-se-une-al-global-big-day-por-las-aves-migratorias-en-el-magdalena/
2a261202571bd0840ab24bcc4b470b8e8e2881bd020ba0bedf8aa9ed5c4966b2,2026-05-09 03:23:43.862302+00:00,es,santamartaaldia.co,santamartaaldia.co,2026-05-08,El Magdalena se llena de alas: Corpamag se suma al Global Big Day para observar aves migratorias,https://santamartaaldia.co/el-magdalena-se-llena-de-alas-corpamag-se-suma-al-global-big-day-para-observar-aves-migratorias/?utm_source=rss&utm_medium=rss&utm_campaign=el-magdalena-se-llena-de-alas-corpamag-se-suma-al-global-big-day-para-observar-aves-migratorias
71f69b3b083f3699f7ac945c974f8741af165cf07bc0f1060d021a789a8bd274,2026-05-09 00:30:10.509044+00:00,es,seguimiento.co,seguimiento.co,2026-05-08,Corpamag celebra el Día Mundial de las Aves Migratorias vinculándose al Global Big Day en el Magdalena,https://seguimiento.co/magdalena/corpamag-celebra-el-dia-mundial-de-las-aves-migratorias-vinculandose-al-global-big-day-en
35deda336305a06511495e46eb94e82df2f7192fe4b88f8606a0cbb9faf30bb6,2026-05-08 22:32:36.446869+00:00,es,semana.com,semana.com,2026-05-08,Atlántico se prepara para el Global Big Day 2026 este 9 de mayo,https://www.semana.com/nacion/barranquilla/articulo/atlantico-se-alista-para-el-global-big-day-2026-este-9-de-mayo-con-multiples-puntos-de-observacion/202603/
887a9972231442126759f4977e588ca806d8623ff7deeace1508262e7236e657,2026-05-08 14:33:17.975139+00:00,es,marandua.com.co,marandua.com.co,2026-05-08,Guaviare participará en el Global Big Day 2026 con rutas de avistamiento de aves,https://marandua.com.co/guaviare-participara-en-el-global-big-day-2026-con-rutas-de-avistamiento-de-aves/
67d9c931f424a5967b6c5fc1044d7c1f8e085c543d6ed163aad18a0efb2b3be4,2026-05-07 22:42:32.566763+00:00,es,eltiempo.com,eltiempo.com,2026-05-07,"171 especies y contando: Barranquilla se suma como destino emergente al Global Big Day 2026, el mayor conteo de aves del mundo",https://www.eltiempo.com/colombia/barranquilla/171-especies-y-contando-barranquilla-se-suma-como-destino-emergente-al-global-big-day-2026-el-mayor-conteo-de-aves-del-mundo-3553950
80c0de1d1ee5825c087385f3698f59246860b026ac769cdbd3ef6611529d872d,2026-05-07 22:41:37.269564+00:00,es,elfrente.com.co,elfrente.com.co,2026-05-07,Un pueblito de Santander entre los seleccionados por Colombia para participar en el Global Big Day 2026,https://elfrente.com.co/un-pueblito-de-santander-entre-los-seleccionados-por-colombia-para-participar-en-el-global-big-day-2026/
fb15c3dfba5a6e1e1753d14ceacfd7e80f40d5c80cedbf2d1be827d287de5fa4,2026-05-06 22:39:34.957524+00:00,es,eluniversal.com.co,eluniversal.com.co,2026-05-06,Colombia busca superar 1.600 aves registradas en el Global Big Day,https://www.eluniversal.com.co/colombia/2026/05/06/colombia-busca-superar-1600-aves-registradas-en-el-global-big-day/
e8c130b57c1a456367bb1908df7ad82a11084b45a6ad7dfff3f76cd3a5b70294,2026-05-06 20:26:35.352110+00:00,es,elperiodicodeportivo.com.co,elperiodicodeportivo.com.co,2026-05-06,"Colombia, el País de la Belleza y de las aves, se prepara para el Global Big Day 2026",https://elperiodicodeportivo.com.co/colombia-el-pais-de-la-belleza-y-de-las-aves-se-prepara-para-el-global-big-day-2026/
220456a908375f6bc5093be95e4ee2f1514fa37f11c67ff33fcd2cd7eed72fb5,2026-05-06 20:23:54.980222+00:00,es,diariodelcauca.com.co,diariodelcauca.com.co,2026-05-06,"Colombia, el País de la Belleza y de las aves, se prepara para el Global Big Day 2026",https://diariodelcauca.com.co/colombia-el-pais-de-la-belleza-y-de-las-aves-se-prepara-para-el-global-big-day-2026/
3e78cb20f4ff1aa83878da3ae284831456b775ec128f10c022fcbcf2172b143e,2026-05-06 20:23:08.953457+00:00,es,extra.com.co,extra.com.co,2026-05-06,"Colombia, el País de la Belleza y de las aves, se prepara para el Global Big Day 2026",https://extra.com.co/colombia-el-pais-de-la-belleza-y-de-las-aves-se-prepara-para-el-global-big-day-2026/
26f791019a394d9a99a0ad1efaf9e3d52ebe8b320dc1b17c6c2a6b29ba460cb1,2026-05-06 20:22:34.817525+00:00,es,diariodelsur.com.co,diariodelsur.com.co,2026-05-06,"Colombia, el País de la Belleza y de las aves, se prepara para el Global Big Day 2026",https://www.diariodelsur.com.co/colombia-el-pais-de-la-belleza-y-de-las-aves-se-prepara-para-el-global-big-day-2026/
181c788b3128d1ec4e600a652ed62d039e3f616fd95f216aa8c5921ada595a7d,2026-05-06 20:20:12.814816+00:00,es,hsbnoticias.com,hsbnoticias.com,2026-05-06,"Colombia, el País de la Belleza y de las aves, se prepara para el Global Big Day 2026",https://www.hsbnoticias.com/colombia-el-pais-de-la-belleza-y-de-las-aves-se-prepara-para-el-global-big-day-2026/
c24b8f23edc2a816e944d0f8a83143f5882656103fbaec1064a1654de7210fbf,2026-05-06 20:20:08.926743+00:00,es,diariodelhuila.com,diariodelhuila.com,2026-05-06,Colombia buscará romper récord mundial de aves en Global Big Day,https://diariodelhuila.com/colombia-va-por-otro-record-mundial-de-avistamiento-de-aves-en-el-global-big-day-2026/
edcb54fb014d9c891274dd6d32c8adde00f04c51f133869bca7443586b87ffa8,2026-05-06 16:37:02.817410+00:00,es,caracol.com.co,caracol.com.co,2026-05-06,Atlántico se alista para el Global Big Day este 9 de mayo,https://caracol.com.co/2026/05/06/atlantico-se-alista-para-el-global-big-day-este-9-de-mayo/
b3b3a32dd3c3b83b0b50c0e49d44a627a31a238f4a83c95d61e32a1f800e3a04,2026-05-06 15:38:11.537031+00:00,es,eltiempo.com,eltiempo.com,2026-05-06,Colombia se proyecta como destino clave de aviturismo en el Global Big Day 2026,https://www.eltiempo.com/vida/viajar/colombia-se-proyecta-como-destino-clave-de-aviturismo-en-el-global-big-day-3553517
a4c1c5490b9a403209fbe371eb5e7ca5de9b0663510ad41e804b4d4e24caa6e5,2026-05-06 07:24:27.595884+00:00,es,lanacion.com.co,lanacion.com.co,2026-05-06,Un día por las aves,https://www.lanacion.com.co/un-dia-por-las-aves/
6a3f9ac343a4ec7d39a089b61b8da02e4226a7ebd2d8dff94e6559a9bbaf87bb,2026-05-05 16:32:56.985659+00:00,es,marandua.com.co,marandua.com.co,2026-05-05,Guaviare se suma al Global Big Day con rutas de avistamiento de aves,https://marandua.com.co/guaviare-se-suma-al-global-big-day-con-rutas-de-avistamiento-de-aves/
18a0b8811e5f06092ec97859493fa5cebdef51a2ffdfe7e4b42554d37488df2c,2026-05-04 23:42:40.594038+00:00,es,hsbnoticias.com,hsbnoticias.com,2026-05-04,"Con más de 1.100 especies de aves, Nariño busca liderar el Global Big Day 2026",https://www.hsbnoticias.com/con-mas-de-1-100-especies-de-aves-narino-busca-liderar-el-global-big-day-2026/
abcc7a9d5d9f7dd8b2f3ebff0fc78f1b9a72429b8db6002e0d390cd651a64d30,2026-05-04 21:32:52.576188+00:00,es,diariodelsur.com.co,diariodelsur.com.co,2026-05-04,"Con más de 1.100 especies de aves, Nariño busca liderar el Global Big Day 2026",https://www.diariodelsur.com.co/con-mas-de-1-100-especies-de-aves-narino-busca-liderar-el-global-big-day-2026/
b1ca2d42eb87c168599c6e6b6dab528b5fd950321584013bc16640c2382a8d44,2026-05-01 20:22:49.422535+00:00,es,infobae.com,infobae.com,2026-05-01,Panamá busca romper su récord de aves en el Global Big Day 2026,https://www.infobae.com/panama/2026/05/01/panama-busca-romper-su-record-de-aves-en-el-global-big-day-2026/
62e9a9e90358dc50ef5d9f5d16a0ce2d716d9f32254b0f05af39671b1fee93ea,2026-04-30 05:28:08.144316+00:00,es,entrecejayceja.co,entrecejayceja.co,2026-04-30,San Carlos tendrá su primer Festival de Aves con agenda ambiental y cultural,https://entrecejayceja.co/noticias/san-carlos-tendra-su-primer-festival-de-aves-con-agenda-ambiental-y-cultural/
79e6045f89057b2ad992433933a00ea1748526fc1f4683fd08a81dcc92f34fe3,2026-04-27 22:32:39.273158+00:00,es,infobae.com,infobae.com,2026-04-27,Científicos descubren dato inesperado sobre las ballenas jorobadas: usan la costa peruana como “restaurante” durante su migración,https://www.infobae.com/peru/2026/04/27/cientificos-descubren-dato-inesperado-sobre-las-ballenas-jorobadas-usan-la-costa-peruana-como-restaurante-durante-su-migracion/
d41be37fdaf3e9ce02ad33eead69b2645e5cf34e946776f05ff83cfcc2faaa2f,2026-04-26 19:20:44.506546+00:00,es,infobae.com,infobae.com,2026-04-26,"Bogotá prepara jornada de avistamiento de aves para académicos y aficionados, así puede participar",https://www.infobae.com/colombia/2026/04/26/bogota-prepara-jornada-de-avistamiento-de-aves-para-academicos-y-aficionados-asi-puede-participar/
b577f0faeb5093a62f2e6a60455412c30255301f0827fe47e89c91447794762d,2026-04-26 18:32:21.621684+00:00,es,eltiempo.com,eltiempo.com,2026-04-26,"Bogotá alista jornada simultánea de monitoreo de aves en humedales, bosques y cerros",https://www.eltiempo.com/bogota/bogota-alista-jornada-simultanea-de-monitoreo-de-aves-en-humedales-bosques-y-cerros-3550987
4039ab952d933d3ab7ce9145e55a05339ae1cd1e72f8d5a1d07b5e7a0935b50c,2026-04-24 15:29:59.064852+00:00,es,infobae.com,infobae.com,2026-04-24,"Las personas interesadas pueden participar en el desafío internacional utilizando la aplicación iNaturalistGT para documentar especies silvestres entre el 24 y el 27 de abril, contribuyendo así a la generación de datos científicos relevantes en la región",https://www.infobae.com/guatemala/2026/04/24/el-reto-naturalista-2026-convoca-a-ciudadanos-de-guatemala-y-peten-a-registrar-biodiversidad/
2ce559caa0522efbfdd4ea94644bd4802d535fbfbafa7183d7bde7a39e16cdf3,2026-04-24 14:44:02.355400+00:00,es,risaraldahoy.com,risaraldahoy.com,2026-04-24,"La CARDER rinde cuentas de la vigencia 2025: transparencia, resultados y compromiso con nuestros recursos naturales",https://risaraldahoy.com/la-carder-rinde-cuentas-de-la-vigencia-2025-transparencia-resultados-y-compromiso-con-nuestros-recursos-naturales/
6ed5d49a67cfe7da76ce26bc8f4d0f735fb1aad7fde0fbb5919ab0c951cae32e,2026-04-23 17:19:50.108969+00:00,es,infobae.com,infobae.com,2026-04-23,Un insecto similar al “avispón asesino” podría afectar a las abejas si continúa propagándose en Estados Unidos,https://www.infobae.com/estados-unidos/2026/04/23/un-insecto-similar-al-avispon-asesino-podria-afectar-a-las-abejas-si-continua-propagandose-en-estados-unidos/
d7a333cc57b1be3bf0835d0d746efad77265374ea7b9488ff4e49c562ec0aa9d,2026-04-22 20:35:36.462986+00:00,es,h13n.com,h13n.com,2026-04-22,Más de 8.000 vehículos eléctricos hay en Medellín una gran apuesta por la movilidad sostenible,https://h13n.com/mas-de-8-000-vehiculos-electricos-hay-en-medellin/
ae2ab1628067dbb66bb35f3ac24bc14893b0080e49d0bbd307beaea8292b5c99,2026-04-20 14:46:43.770028+00:00,es,periodicolaguajira.com,periodicolaguajira.com,2024-11-05,Corpoguajira y Minciencias impulsan proyecto para proteger el Pepino d,https://www.periodicolaguajira.com/index.php/general/159-medio-ambiente/92523-corpoguajira-y-minciencias-impulsan-proyecto-para-proteger-el-pepino-de-mar
7b42a5b97aa9a921c9ebecf0c1387c9c398e844f1d1460de0c6906e44c94de9f,2026-04-15 20:43:55.935417+00:00,es,infobae.com,infobae.com,2026-04-15,El análisis de ADN ambiental en aire multiplica la detección de biodiversidad terrestre,https://www.infobae.com/salud/ciencia/2026/04/15/el-analisis-de-adn-ambiental-en-aire-multiplica-la-deteccion-de-biodiversidad-terrestre/
2187428bcf23d429335c99b8f7184f3f8a0a5721a49e26fc17195406824327eb,2026-04-11 02:18:20.367867+00:00,es,portafolio.co,portafolio.co,2026-04-10,Planeta en alerta: empresas son clave de la sostenibilidad ambiental,https://www.portafolio.co/mas-contenido/planeta-en-alerta-empresas-son-clave-de-la-sostenibilidad-ambiental-491778
92586931f68d3893e0c678e1cb34788feadbbdd13861f40a3207d4fdbc17906b,2026-04-07 22:25:18.925100+00:00,es,infobae.com,infobae.com,2026-04-07,"Diputados de MC llevan “gotitas de chapopote” a la Cámara de Diputados, alertan por hidrocarburo en el Golfo de México",https://www.infobae.com/mexico/2026/04/07/diputados-de-mc-llevan-gotitas-de-chapopote-a-la-camara-de-diputados-alertan-por-hidrocarburo-en-el-golfo-de-mexico/
b1db033fe0896bf494534f16c42bc7860d62bb7b03f68ac682c5e899789b86ee,2026-04-05 05:34:29.887962+00:00,es,infobae.com,infobae.com,2026-04-05,Tras derrame de hidrocarburo implementan Observatorio Permanente del Golfo de México por instrucción de Sheinbaum,https://www.infobae.com/mexico/2026/04/05/tras-derrame-de-hidrocarburo-implementan-observatorio-permanente-del-golfo-de-mexico-por-instruccion-de-sheinbaum/
a83a9cfc4b61319942e31e2da8586ff2f11e22c53403e23dd946600e0bad62a2,2026-04-03 19:20:52.874055+00:00,es,eluniversal.com.co,eluniversal.com.co,2026-04-05,Avistamiento de aves en Cartagena: los mejores lugares para descubrir la riqueza natural que rodea La Heroica,https://www.eluniversal.com.co/cartagena/2026/04/05/avistamiento-de-aves-en-cartagena-los-mejores-lugares-para-descubrir-la-riqueza-natural-que-rodea-la-heroica/
3a08921bf2297baf8677555c649d441bbc490a69663089c35d6c2e81b053b691,2026-03-31 17:42:36.753068+00:00,es,caracol.com.co,caracol.com.co,2026-03-31,Medellín registra más de 80 especies de fauna silvestre gracias al monitoreo con cámaras trampa,https://caracol.com.co/2026/03/31/medellin-registra-mas-de-80-especies-de-fauna-silvestre-gracias-al-monitoreo-con-camaras-trampa/
e7059c9d8320ad2858791f34baf23945f9f1a0ecf17d15d117792a3480ad488f,2026-03-30 13:36:28.779848+00:00,es,infobae.com,infobae.com,2026-03-30,Gobierno aprueba la Hoja de Ruta de Economía Circular en el sector turismo al 2030,https://www.infobae.com/peru/2026/03/30/gobierno-aprueba-la-hoja-de-ruta-de-economia-circular-en-el-sector-turismo-al-2030/
fc59d919f896300ba4603595f71cff8a01ffa0b8431e6b41a443dd7a8f711ea7,2026-03-28 02:26:51.495488+00:00,es,publimetro.co,publimetro.co,2026-03-27,Francia y Colombia fortalecen su relación con el intercambio de frutas,https://www.publimetro.co/gourmetro/2026/03/27/francia-y-colombia-fortalecen-su-relacion-con-el-intercambio-de-frutas/
d53de653c0eaae32de5efba3b3f902f88d9406d7d66e651840de3f799b941ac3,2026-03-27 16:31:14.881184+00:00,es,minuto30.com,minuto30.com,2026-03-27,"¡Apaga la luz, enciende el planeta! Colombia se une este sábado a La Hora del Planeta 2026",https://www.minuto30.com/apaga-la-luz-enciende-el-planeta-colombia-se-une-este-sabado-a-la-hora-del-planeta-2026/1702271/
4055cf119b4e554999b44cafea39af73d7bc560cbbbd484d15a83a9bf7b36ba5,2026-03-26 23:35:09.758261+00:00,es,publimetro.co,publimetro.co,2026-03-26,Concebir un mundo sin residuos es posible: expertas,https://www.publimetro.co/noticias/2026/03/26/concebir-un-mundo-sin-residuos-es-posible-expertas/
3e50bf9aee7925246dc71642ba921732e66fb2742f6cfb4ffce58df125b44f57,2026-03-26 18:32:08.733719+00:00,es,eltiempo.com,eltiempo.com,2026-03-26,Barranquilla entregará 12.000 plántulas de palma de areca como alternativa sostenible de la tradicional palma de cera para el Domingo de Ramos,https://www.eltiempo.com/colombia/barranquilla/barranquilla-entregara-12-000-plantulas-de-palma-de-areca-como-alternativa-sostenible-de-la-tradicional-palma-de-cera-para-el-domingo-de-ramos-3543173
14ef9ab08e5a2b7630cd2a73ba595d94b641168123bf6104d0d42ff451d73aae,2026-03-26 14:40:38.453955+00:00,es,infobae.com,infobae.com,2026-03-26,"Apagón eléctrico masivo de marzo 2026 en México: fecha, hora e información importante",https://www.infobae.com/mexico/2026/03/26/apagon-electrico-masivo-de-marzo-2026-en-mexico-fecha-hora-e-informacion-importante/
3b62403e9b8670cdb181183bd1cb26c8cf67dc716ab124640b599ef869fcc09a,2026-03-23 14:21:33.252833+00:00,es,infobae.com,infobae.com,2026-03-23,"Este es el segundo mural ecológico más grande del país, se realizó con más de 86.000 tapas de botellas recicladas",https://www.infobae.com/colombia/2026/03/23/este-es-el-segundo-mural-ecologico-mas-grande-del-pais-se-realizo-con-mas-de-86000-tapas-de-botellas-recicladas/
5604ecade3da1e73563242d3822f1ae18413a838c820a0150cfc40ae67da7ee4,2026-03-21 06:13:16.942377+00:00,es,infobae.com,infobae.com,2026-03-21,The Last of Us' con ocho patas,https://www.infobae.com/america/the-new-york-times/2026/03/21/the-last-of-us-con-ocho-patas/
940039d6bdd52670a3e381fbfbb9361719e35a0918b12a886c1ade469e1e449b,2026-03-21 04:49:06.387238+00:00,es,semana.com,semana.com,2026-03-20,Economía circular y transición energética justa: así es como Drummond hace compatibles minería y sostenibilidad,https://www.semana.com/hablan-las-marcas/articulo/economia-circular-y-transicion-energetica-justa-asi-es-como-drummond-hace-compatibles-mineria-y-sostenibilidad/202627/
9dc0a77bd1ed7efbe6164c207e5475cbe2ec088d0862894041414a3d8ea29bfc,2026-03-20 00:04:08.803308+00:00,es,eltiempo.com,eltiempo.com,2026-03-19,Francia y Colombia siguen fortaleciendo sus lazos a través de la fruta: Interfel impulsa el intercambio cultural y comercial en 2026,https://www.eltiempo.com/economia/finanzas-personales/francia-y-colombia-siguen-fortaleciendo-sus-lazos-a-traves-de-la-fruta-interfel-impulsa-el-intercambio-cultural-y-comercial-en-3541617
604a1c7ad1d0117d0099ec8cff8a63960d3ccadba2dea6a40815249b3ece3ee3,2026-03-19 22:00:27.977116+00:00,es,hsbnoticias.com,hsbnoticias.com,2026-03-19,Araña amazónica imita hongo mortal para sobrevivir,https://www.hsbnoticias.com/arana-amazonica-imita-hongo-mortal-para-sobrevivir/
0401e0549cddbe4a7067c22eacf643dafb8af83f151f989136721a9b8e4215ca,2026-03-19 21:55:34.720322+00:00,es,diariodelsur.com.co,diariodelsur.com.co,2026-03-19,Araña amazónica imita hongo mortal para sobrevivir,https://www.diariodelsur.com.co/arana-amazonica-imita-hongo-mortal-para-sobrevivir/
d972de4aa9b706bbab2d70d350c4f300f9cb969b348198aa73563a88330c882d,2026-03-19 21:47:08.287634+00:00,es,diariodelcauca.com.co,diariodelcauca.com.co,2026-03-19,Araña amazónica imita hongo mortal para sobrevivir,https://diariodelcauca.com.co/arana-amazonica-imita-hongo-mortal-para-sobrevivir/
eb1012722fed73923e9efe1823866630ab5823f2a0f1cb0e55b4001fa493ec7d,2026-03-17 16:59:08.225612+00:00,es,caracol.com.co,caracol.com.co,2026-03-17,Todo está listo para la realización de la novena versión del Risaralda Bird Festival,https://caracol.com.co/2026/03/17/todo-esta-listo-para-la-realizacion-de-la-novena-version-del-risaralda-bird-festival/
1a24fec7d5f13ea7e17bfb03b31f1b6548ca88c1803ed46f8510654f6dba8219,2026-03-17 05:29:01.364957+00:00,es,eldiario.com.co,eldiario.com.co,2026-03-16,Alianzas con resultados,https://www.eldiario.com.co/opinion/alianzas-con-resultados/
f8cef7a109f930382dc8745bf1faa645e9b84d7d5ee417f96d6b7616d59e08c0,2026-03-16 22:24:18.475165+00:00,es,eje21.com.co,eje21.com.co,2026-03-16,"Pereira pone en marcha la novena edición del Risaralda Bird Festival, vitrina internacional para el aviturismo",https://www.eje21.com.co/2026/03/pereira-pone-en-marcha-la-novena-edicion-del-risaralda-bird-festival-vitrina-internacional-para-el-aviturismo/
f4975af4cce7b72a03ad3c4d67e8898b96877f7937bfe8b9df04c06d916b5397,2026-03-16 18:36:17.935556+00:00,es,eltabloide.com.co,eltabloide.com.co,2026-03-16,La Unión se consolida como destino para el avistamiento de aves,https://eltabloide.com.co/regional/la-union-se-consolida-como-destino-para-el-avistamiento-de-aves/
58e22c242b1b87a59963a75ffe0167382358b8e98adc8c1c0cd43f7ff48b2685,2026-03-15 19:19:53.845361+00:00,es,infobae.com,infobae.com,2026-03-15,Guardianes del clima en peligro: advierten sobre la pérdida acelerada de manglares por el cambio climático,https://www.infobae.com/america/medio-ambiente/2026/03/15/guardianes-del-clima-en-peligro-advierten-sobre-la-perdida-acelerada-de-manglares-por-el-cambio-climatico/
d55f4cdc4d1d3005bed610d62f8790f1130caeef1842e97bf80cce2636215cc9,2026-03-15 19:18:58.957614+00:00,es,infobae.com,infobae.com,2026-03-15,Perú en la cresta de la ‘ola verde’: más del 60% de negocios sostenibles del país apuestan por estos dos sectores clave,https://www.infobae.com/peru/2026/03/15/peru-en-la-cresta-de-la-ola-verde-mas-del-60-de-negocios-sostenibles-del-pais-apuestan-por-estos-dos-sectores-clave/
273aace76a86bf263031dca2ac8f766ca42a210c42e86a78fae2c4fc6d71b647,2026-03-13 23:32:13.136770+00:00,es,elespectador.com,elespectador.com,2026-03-13,Risaralda Bird Festival 2026: así será el evento de avistamiento de aves,https://www.elespectador.com/colombia/mas-regiones/risaralda-bird-festival-2026-asi-sera-el-evento-de-avistamiento-de-aves-que-llega-al-eje-cafetero/
a3f23f2e96aa64b861854ad717ac2cddffbfbec55b2277d9800c729a6f6316d3,2026-03-10 20:35:52.186150+00:00,es,eltiempo.com,eltiempo.com,2026-03-10,Científico escondió 11 caracoles en 1991 para evitar extinción y ahora mas de mil vuelven a las selvas de Hawái,https://www.eltiempo.com/cultura/gente/cientifico-escondio-11-caracoles-en-1991-para-evitar-extincion-y-ahora-mas-de-mil-vuelven-a-las-selvas-de-hawai-3539047
85b5a54d5ae13b60f8529799612e6e2b78a7c9eff891f415bd4727bd3efbc9d0,2026-03-10 11:48:45.815073+00:00,es,infobae.com,infobae.com,2026-03-10,Detectan por primera vez en Baleares una planta marina invasora de origen tropical,https://www.infobae.com/america/agencias/2026/03/10/detectan-por-primera-vez-en-baleares-una-planta-marina-invasora-de-origen-tropical/
e02110144ae1593882f97199eb6525f31ee9101c382383522af4aac63fdbce4e,2026-03-10 02:24:46.644688+00:00,es,infobae.com,infobae.com,2026-03-10,"La jornada prevista reunirá a miles de entusiastas para documentar especies en todo el istmo, mientras organizaciones y ciudadanos suman esfuerzos en plataformas digitales para fortalecer la conservación y la investigación regional",https://www.infobae.com/guatemala/2026/03/10/el-evento-centroamerica-big-day-congregara-a-observadores-de-aves-el-14-de-marzo-de-2026/
3af7623d4163ab39dedf979c5fd0ebdc71ae492b4ec13eeb7a8f853d83956c85,2026-03-09 16:48:23.539382+00:00,es,infobae.com,infobae.com,2026-03-09,"Degradación de bosques tropicales altera el papel ecológico de carroñeros, según estudio",https://www.infobae.com/america/agencias/2026/03/09/degradacion-de-bosques-tropicales-altera-el-papel-ecologico-de-carroneros-segun-estudio/
71f80a13f7291d07c7a26fb996d6aec181d9dd0713dfb8ee93854333b2480459,2026-03-09 16:41:20.822398+00:00,es,infobae.com,infobae.com,2026-03-09,"La degradación de los bosques tropicales altera el papel ecológico de los carroñeros, según estudio",https://www.infobae.com/america/agencias/2026/03/09/la-degradacion-de-los-bosques-tropicales-altera-el-papel-ecologico-de-los-carroneros-segun-estudio/
cadb66002bcc0f4530d53a6fdcdc905f2d340607e3cfbbc5fd2a2bb68f4e37a2,2026-03-09 16:24:46.291424+00:00,es,infobae.com,infobae.com,2026-03-09,La degradación de los bosques tropicales altera el papel ecológico de los carroñeros,https://www.infobae.com/espana/agencias/2026/03/09/la-degradacion-de-los-bosques-tropicales-altera-el-papel-ecologico-de-los-carroneros/
c5cb8861fc2de3eafb35c75955427011cb2c663e8bd0c02cbbcdc83415d55315,2026-03-09 11:24:44.043574+00:00,es,infobae.com,infobae.com,2026-03-09,"Un estudio revela que la degradación forestal ""altera"" el papel ecológico de los carroñeros en bosques tropicales",https://www.infobae.com/america/agencias/2026/03/09/un-estudio-revela-que-la-degradacion-forestal-altera-el-papel-ecologico-de-los-carroneros-en-bosques-tropicales/
46ede1c92693c9d551691309fd2ff74825d52a74a1d84dfea8aa2e98dcf99930,2026-03-07 19:26:02.636962+00:00,es,infobae.com,infobae.com,2026-03-07,La moda atemporal y circular se consolida como respuesta al modelo desechable,https://www.infobae.com/tendencias/2026/03/07/la-moda-atemporal-y-circular-se-consolida-como-respuesta-al-modelo-desechable/
c37ff675d82569cb9355701847a0eab86a794422d8a1bff39ae10949be220ff8,2026-03-06 08:26:53.851008+00:00,es,larepublica.co,larepublica.co,2026-06-03,"La sostenibilidad, consumo responsable e innovación en la industria dermatológica",https://www.larepublica.co/ocio/la-sostenibilidad-consumo-responsable-e-innovacion-en-la-industria-dermatologica-4342843
89ef0f17392c349a395cb75efc313fc077ca3251daf763cc6cffa6f69ca26320,2026-03-03 05:26:16.319824+00:00,es,infobae.com,infobae.com,2026-03-03,Más de 2000 especies y 9000 observaciones: qué reveló un amplio relevamiento de biodiversidad en Argentina,https://www.infobae.com/america/medio-ambiente/2026/03/03/mas-de-1000-plantas-y-700-insectos-detectan-cifras-record-en-un-relevamiento-de-biodiversidad-en-argentina/
702dff93e3561189e056639adee71380c7ae1b98df74e8d14251b97dc24bfd91,2026-03-03 00:33:24.552652+00:00,es,infobae.com,infobae.com,2026-03-02,Identifican la colonia de coral más grande jamás documentada en la Gran Barrera en Australia,https://www.infobae.com/tendencias/2026/03/02/identifican-la-colonia-de-coral-mas-grande-jamas-documentada-en-la-gran-barrera-de-coral-en-australia/
73083eb50fe660f064fca3e69d649a56d28fede8dadf01f5c1a207967c770a06,2026-03-02 23:31:24.029770+00:00,es,semana.com,semana.com,2026-03-02,Empresas que construyen país,https://www.semana.com/especiales-editoriales/articulo/empresas-que-construyen-pais/202345/
6ce51f3bbdbc2520b08034db84fe095db9501a717d7b9f3fa6d230a78ad0d2f2,2026-02-27 09:41:33.569119+00:00,es,infobae.com,infobae.com,2026-02-27,Los beneficios ocultos de tener una huerta en casa: cómo empezar paso a paso,https://www.infobae.com/tendencias/2026/02/27/los-beneficios-ocultos-de-tener-una-huerta-en-casa-como-empezar-paso-a-paso/
0b2dde1d4caf05e7bdc0f055615e3d1d196f746cb8c319a71352d22e64634633,2026-02-27 08:29:46.776244+00:00,es,larepublica.co,larepublica.co,2026-02-27,"Quien siembra un árbol, no lo hace por su sombra",https://www.larepublica.co/analisis/natasha-avendano-3083918/quien-siembra-un-arbol-no-lo-hace-por-su-sombra-4336993
06dd525139f91bc146120742caee5de24295ece01d8fabd2f5232379d7e37aaf,2026-02-26 14:32:37.114359+00:00,es,elespectador.com,elespectador.com,2026-02-26,Fotografiar aves para impulsar la conservación en Colombia,https://www.elespectador.com/ambiente/bibo/fotografiar-aves-para-impulsar-la-conservacion-en-colombia/
617ab234c1717eb4078610db4cc352e49de6c91a19f8c27c4ce7b30133da3156,2026-02-19 21:34:36.791333+00:00,es,infobae.com,infobae.com,2026-02-19,La reina Sofía recibe el Premio Gorila por su compromiso con la conservación ambiental,https://www.infobae.com/espana/agencias/2026/02/19/la-reina-sofia-recibe-el-premio-gorila-por-su-compromiso-con-la-conservacion-ambiental/
29932d15715a738c7f402969717ebece135f86d86ffd1f04b10dd9bc4479ff31,2026-02-19 14:28:20.946100+00:00,es,elespectador.com,elespectador.com,2026-02-19,Hay una nueva especie de ave para Colombia. Así la encontraron,https://www.elespectador.com/ambiente/bibo/hay-una-nueva-especie-de-ave-para-colombia/
89a25f666dcf52cc0308ee2d80cb3660ef3b3c683f84c40249112f2e4d7ede95,2026-02-17 18:25:13.204332+00:00,es,elpais.com.co,elpais.com.co,2026-02-17,Con más de 7 mil asistentes cerró Colombia Birdfair 2026 en Cali: esto es lo que sigue,https://www.elpais.com.co/entretenimiento/con-mas-de-7-mil-asistentes-cerro-colombia-birdfair-2026-en-cali-sigue-la-feria-mundial-de-aves-y-la-feria-de-suramerica-en-2027-1702.html
d0054ed18eaabec3a710201d2cc5af4382e09336e7307dc571d8270b46506c61,2026-02-16 00:22:40.856618+00:00,es,hsbnoticias.com,hsbnoticias.com,2026-02-15,Principales animales en peligro de extinción en el mundo,https://www.hsbnoticias.com/principales-animales-en-peligro-de-extincion-en-el-mundo/
554fc06d7dd787057e48416a5dbb95307163156cfab8a19e28f24d2f39ccb0b2,2026-02-15 21:29:16.752805+00:00,es,elperiodicodeportivo.com.co,elperiodicodeportivo.com.co,2026-02-15,Principales animales en peligro de extinción en el mundo,https://elperiodicodeportivo.com.co/principales-animales-en-peligro-de-extincion-en-el-mundo/
3657cd6575d664c0bcf52713e7c9d0503e6807c8e031292ec736ccdfc1bb5799,2026-02-15 21:23:26.814148+00:00,es,diariodelsur.com.co,diariodelsur.com.co,2026-02-15,Principales animales en peligro de extinción en el mundo,https://www.diariodelsur.com.co/principales-animales-en-peligro-de-extincion-en-el-mundo/
533a6faabab3d141b077c063f06fdadc06f3e90b406b37238de94fa786864559,2026-02-15 21:21:28.531895+00:00,es,extra.com.co,extra.com.co,2026-02-15,Principales animales en peligro de extinción en el mundo,https://extra.com.co/principales-animales-en-peligro-de-extincion-en-el-mundo/
74683c0312a5de49c5ac07728987652401f61369939713b088876afe5c7acea8,2026-02-06 04:22:10.955318+00:00,es,elnuevosiglo.com.co,elnuevosiglo.com.co,2026-02-05,Generación de residuos sólidos aumentará a 3.800 millones en 2050,https://www.elnuevosiglo.com.co/ambiente-y-ciencia/generacion-de-residuos-solidos-aumentara-3800-millones-en-2050
bd6eeae13deaf720e34de07933870838a5df88d585db2e2567488b45a3f1af8b,2026-02-05 06:22:18.639993+00:00,es,areacucuta.com,areacucuta.com,2025-12-01,Cruz Verde impulsa la economía circular para frenar residuos en 2050,https://www.areacucuta.com/economia-circular-cruz-verde-lidera-el-camino-para-frenar-la-crisis-global-de-residuos-en-2050/
3f3278ec007baa48eece8e69d14322cb2004624106068eaa5a464097ca360f52,2026-02-04 22:42:02.614629+00:00,es,hsbnoticias.com,hsbnoticias.com,2026-02-04,Educación ambiental se fortalece en escuelas y comunidades,https://www.hsbnoticias.com/educacion-ambiental-se-fortalece-en-escuelas-y-comunidades/
fd0a78512368fc6de0b36621bec2d55cbb5d7908afa234e0ef71c18ee6ced098,2026-01-20 22:20:46.627112+00:00,es,eltiempo.com,eltiempo.com,2026-01-20,El otro impacto de los cigarrillos electrónicos: no solo afectan la salud sino que también implican un reto en reciclaje de baterías y residuos,https://www.eltiempo.com/salud/el-otro-impacto-de-los-cigarrillos-electronicos-no-solo-afectan-la-salud-sino-que-tambien-implican-un-reto-en-reciclaje-de-baterias-y-residuos-3525629
2956f60df80ee421566996db0b1ad09ab0f3f1c504ffd3e5145284da9dc72e9b,2026-01-17 20:26:57.088625+00:00,es,opinioncaribe.com,opinioncaribe.com,2026-01-17,Corpamag inicia jornada de monitoreo y control del pez león,https://www.opinioncaribe.com/2026/01/17/corpamag-inicia-jornada-de-monitoreo-y-control-del-pez-leon/
d922b323d6fff5ff70c8e306bfb42219def732fc18334a0369f973371353b895,2026-01-04 09:17:10.841882+00:00,es,hsbnoticias.com,hsbnoticias.com,2026-01-04,Histórico precedente ambiental en la AmazoníaPor primera vez en el mundo,https://www.hsbnoticias.com/historico-precedente-ambiental-en-la-amazoniapor-primera-vez-en-el-mundo/
36bbbd4b396a9de7eb203dbf1851052296f2584b579f1f9ea433b9454d219539,2026-01-04 03:18:17.758687+00:00,es,diariodelsur.com.co,diariodelsur.com.co,2026-01-04,Histórico precedente ambiental en la AmazoníaPor primera vez en el mundo,https://www.diariodelsur.com.co/historico-precedente-ambiental-en-la-amazoniapor-primera-vez-en-el-mundo/
e7cc463cb8ba0a895fe3aefe52e47534044983257c6b28f00c01900b2fc0d69c,2026-01-04 02:18:58.548183+00:00,es,extra.com.co,extra.com.co,2026-01-04,Histórico precedente ambiental en la AmazoníaPor primera vez en el mundo,https://extra.com.co/historico-precedente-ambiental-en-la-amazoniapor-primera-vez-en-el-mundo/
47fd22305c21de17ded73bae359149e2dc6dbfac877a5c5217a4d7a9d35fd598,2025-12-22 21:26:56.539029+00:00,es,eltiempo.com,eltiempo.com,2025-12-22,Producción sostenible transforma la navidad en las comunidades rurales de Colombia,https://www.eltiempo.com/vida/medio-ambiente/produccion-sostenible-transforma-la-navidad-en-las-comunidades-rurales-de-colombia-3518972
e600f4b6d88ce0c30e2a03fead78f37a06e26823ab9c3b7f27359f72f0c89393,2025-12-12 08:21:06.727572+00:00,es,larepublica.co,larepublica.co,2025-11-12,China lanza su hoja de ruta más ambiciosa hacia América Latina y el Caribe,https://www.larepublica.co/globoeconomia/china-lanza-su-hoja-de-ruta-mas-ambiciosa-hacia-america-latina-y-el-caribe-4289116
de0d03975e8b9fe3ab69c60b600fac276643914ddf7a89a5111eea28da5d5388,2025-12-11 12:37:33.690315+00:00,es,eltiempo.com,eltiempo.com,2025-12-11,"'Los cocineros no somos los únicos en la gastronomía, necesitamos una buena política pública y es donde quiero trabajar': Chef Leonor Espinosa",https://www.eltiempo.com/cultura/gastronomia/titulo-3515867
bce7e955162100ed846effab1c0231ec71b87af2b2ba976633b52ea20653d7a8,2025-12-10 15:18:50.595160+00:00,es,hoydiariodelmagdalena.com.co,hoydiariodelmagdalena.com.co,2025-12-10,Crece migración de flamencos rosados a la Ciénaga Grande,https://hoydiariodelmagdalena.com.co/1214242/crece-migracion-de-flamencos-rosados-a-la-cienaga-grande/
41689baff63ab111419cb377cf15ad77889a2c0be696626a177adcf86a12f6f3,2025-12-09 04:25:14.444843+00:00,es,eltiempo.com,eltiempo.com,2025-12-08,"Fortaleza alimentaria 2030, con decisiones y metas medibles",https://blogs.eltiempo.com/cultivandoalser/2025/12/08/fortaleza-alimentaria-2030-con-decisiones-y-metas-medibles/
5c19bbd3fe6b6756d7dca367d47bd65b37d037db8a4667d70c8a1acae435564c,2025-12-02 02:24:31.935805+00:00,es,hsbnoticias.com,hsbnoticias.com,2025-12-01,Ciudades reducen hasta 4 °C la temperatura urbana gracias a programas masivos de plantación de árboles,https://www.hsbnoticias.com/ciudades-reducen-hasta-4-c-la-temperatura-urbana-gracias-a-programas-masivos-de-plantacion-de-arboles/
fd003b571575fc81b37e8e7113dbd270ada035275362fb6244c64cd903b7d24b,2025-12-01 22:19:54.406284+00:00,es,diariodelsur.com.co,diariodelsur.com.co,2025-12-01,Ciudades reducen hasta 4 °C la temperatura urbana gracias a programas masivos de plantación de árboles,https://www.diariodelsur.com.co/ciudades-reducen-hasta-4-c-la-temperatura-urbana-gracias-a-programas-masivos-de-plantacion-de-arboles/
6f7765561d86b0602029e35055f062a9c9aa648b0145eade41a205dc0c8dc133,2025-12-01 21:35:35.447941+00:00,es,extra.com.co,extra.com.co,2025-12-01,Ciudades reducen hasta 4 °C la temperatura urbana gracias a programas masivos de plantación de árboles,https://extra.com.co/ciudades-reducen-hasta-4-c-la-temperatura-urbana-gracias-a-programas-masivos-de-plantacion-de-arboles/
af42aa48fbb02ffab609def07ab0c2d37ed086e6d36affdaf9e332fe706a3119,2025-11-24 04:17:32.600720+00:00,es,elnuevosiglo.com.co,elnuevosiglo.com.co,2025-11-24,Siete especies exóticas invasoras acechan al Huila,https://www.elnuevosiglo.com.co/ambiente-y-ciencia/siete-especies-exoticas-invasoras-acechan-al-huila
2b2d9cde9f5583afaf33c49ca5ab0493f596d82a412d9f1fb997367a45242eba,2025-11-22 10:18:57.014953+00:00,es,areacucuta.com,areacucuta.com,2025-10-29,Inversión Italiana en Leticia (Amazonas): Ciudad Biodiversa y Sostenible,https://www.areacucuta.com/leticia-amazonas-recibe-inversion-de-e2-5-millones-de-euros-de-italia-para-ser-ciudad-biodiversa-y-sostenible/
6d5eb15c0d4ec9cdfb5b3854403b9d0d88882f94ce14f792e8f6228c9a593fcc,2025-11-14 18:34:49.784549+00:00,es,hsbnoticias.com,hsbnoticias.com,2025-11-14,Descubren la rana chocolate en los bosques de niebla del Huila,https://www.hsbnoticias.com/descubren-la-rana-chocolate-en-los-bosques-de-niebla-del-huila/
5b05e128b894f5da9ac02545bb5293c2b87973fc76511b2740df2e3ee7ab30a7,2025-11-14 15:24:04.529037+00:00,es,diariodelsur.com.co,diariodelsur.com.co,2025-11-14,Descubren la rana chocolate en los bosques de niebla del Huila,https://www.diariodelsur.com.co/descubren-la-rana-chocolate-en-los-bosques-de-niebla-del-huila/
42c9d4d35d7b4e2abffefbfcdb28360e578ef9a1f82ce3e5b087927d59f8f3e1,2025-11-09 17:21:51.344257+00:00,es,aldia.co,aldia.co,2025-11-08,Ecoparque Ciénaga de Mallorquín: la biodiversidad que transformó a Barranquilla,https://www.aldia.co/contenidos-en-alianza/ecoparque-cienaga-de-mallorquin-la-biodiversidad-que-transformo-barranquilla
d36189b6720cb977b513dd69cd2371105f9056971d5e2b640cc6d6cf79fdde4f,2025-11-02 20:20:29.159651+00:00,es,hsbnoticias.com,hsbnoticias.com,2025-11-02,"Perfecto título — “Retos Medioambientales para Colombia en 2025: Un Llamado Urgente a la Acción Colectiva” suena como un excelente punto de partida para un artículo, ensayo o informe.¿Quieres que te ayude a redactar el texto completo bajo ese título?Puedo hacerlo con el tono que prefieras (por ejemplo: académico, periodístico, educativo o de opinión).",https://www.hsbnoticias.com/perfecto-titulo-retos-medioambientales-para-colombia-en-2025-un-llamado-urgente-a-la-accion-colectiva-suena-como-un-excelente-punto-de-partida-para-un-articulo-ensayo-o-i/
73094b335f97a9dae679831ebf60e478abfc0215f68db430243c0c5a24c4c26a,2025-10-31 18:30:20.564559+00:00,es,diariolalibertad.com,diariolalibertad.com,2025-10-30,AJE y la Alcaldía de Santa Marta presentan Sierra Valley: el primer hub de innovación regenerativa de Latinoamérica,https://diariolalibertad.com/sitio/2025/10/30/aje-y-la-alcaldia-de-santa-marta-presentan-sierra-valley-el-primer-hub-de-innovacion-regenerativa-de-latinoamerica/
9ce81cc4b8d8dfb729952ecf2b32b20c8e82a3b56e288e247896030e49fd6963,2025-10-31 18:12:43.861008+00:00,es,occidente.co,occidente.co,2025-10-30,BiodiverCiudad: la transformación de Cali,https://occidente.co/medio-ambiente/transformacion-biodiverciudad-cali/
8474e94b41dd883a9a2fdf484b72cdbc8a83e1da3c98916f25bcb2c5d848d793,2025-10-31 10:29:29.633210+00:00,es,diariodelsur.com.co,diariodelsur.com.co,2025-10-30,Día Mundial por el Decrecimiento: vivir mejor con menos,https://www.diariodelsur.com.co/dia-mundial-por-el-decrecimiento-vivir-mejor-con-menos/
a17ceb90202a22c310b224e86ebee055f590f9ca52daa00b6a2cacdb258eeee8,2025-10-31 10:10:36.695578+00:00,es,hsbnoticias.com,hsbnoticias.com,2025-10-30,Día Mundial por el Decrecimiento: vivir mejor con menos,https://www.hsbnoticias.com/dia-mundial-por-el-decrecimiento-vivir-mejor-con-menos/
4714a3e58d74c753ea72da587c7ce322df33878049d235ad4d54d0297098fb97,2025-10-24 04:17:48.364007+00:00,es,occidente.co,occidente.co,2025-10-24,Yumbo referente de conservación ambiental en el Valle,https://occidente.co/regionales/valle-del-cauca/yumbo-referente-de-conservacion-ambiental-en-el-valle/
bbcd9182de67a239c3e7e86482a5ca305b90314036de504df1559d7f902eec5f,2025-10-23 22:22:49.002440+00:00,es,elnuevodia.com.co,elnuevodia.com.co,2025-10-23,El Encuentro Suramericano resalta liderazgo ambiental femenino,https://www.elnuevodia.com.co/tolima/el-encuentro-suramericano-resalta-liderazgo-ambiental-femenino-532437
b012786c97faa8dcd73f61bc2281c1601134c240f6b96566aacccc8e47016a65,2025-10-23 17:31:04.131496+00:00,es,diariolalibertad.com,diariolalibertad.com,2025-10-23,Aqualia premia el talento infantil que impulsa la sostenibilidad y el cuidado del agua en Magdalena,https://diariolalibertad.com/sitio/2025/10/23/aqualia-premia-el-talento-infantil-que-impulsa-la-sostenibilidad-y-el-cuidado-del-agua-en-magdalena/
977bf0269120023b15030bc839abada0a90c65a819818d328f681259ba16d7d4,2025-10-23 15:19:26.902650+00:00,es,hoydiariodelmagdalena.com.co,hoydiariodelmagdalena.com.co,2025-10-23,Niños del Magdalena destacan en concurso de Aqualia sobre sostenibilidad del agua,https://hoydiariodelmagdalena.com.co/1192594/ninos-del-magdalena-destacan-en-concurso-de-aqualia-sobre-sostenibilidad-del-agua/
3e3f2f8a1ee0b98b5abe9b6b08b081d452caf1a23e826137a6f5ac29cce4275f,2025-10-21 23:21:22.404120+00:00,es,areacucuta.com,areacucuta.com,2025-09-30,Corona alcanza 80% de certificación FSC en su mobiliario de baños y cocinas,https://www.areacucuta.com/corona-impulsa-la-sostenibilidad-80-de-su-mobiliario-para-banos-y-cocinas-cuenta-con-certificacion-fsc/
63c4b572a184ccc52b7cef72afc9295684e2450b9874256b6e18a26c990fa0ab,2025-10-18 23:18:56.748074+00:00,es,diariodelsur.com.co,diariodelsur.com.co,2025-10-18,Protección de la Naturaleza: un llamado a cuidar el planeta,https://www.diariodelsur.com.co/proteccion-de-la-naturaleza-un-llamado-a-cuidar-el-planeta/
1e32df4a25b9f42ee6241604c2b58d4ca0c57d3bb6094026c93a337769dae6a2,2025-10-18 22:31:05.076928+00:00,es,hsbnoticias.com,hsbnoticias.com,2025-10-18,Protección de la Naturaleza: un llamado a cuidar el planeta,https://www.hsbnoticias.com/proteccion-de-la-naturaleza-un-llamado-a-cuidar-el-planeta/
c8dab86ba01cce3151ce22e41e28295ef6b66c7f3dfedb8c6b8fdc3ebafe3ae1,2025-10-18 22:30:10.086206+00:00,es,hsbnoticias.com,hsbnoticias.com,2025-10-18,“La IA al servicio de la naturaleza: Colombia impulsa herramientas inteligentes para conservar su riqueza biológica”,https://www.hsbnoticias.com/la-ia-al-servicio-de-la-naturaleza-colombia-impulsa-herramientas-inteligentes-para-conservar-su-riqueza-biologica/
5e50972a71e4ba2bc83fa12476d21fdf5a0343df8f9a6c315435abf8c96944a3,2025-10-18 22:25:20.751892+00:00,es,extra.com.co,extra.com.co,2025-10-18,Protección de la Naturaleza: un llamado a cuidar el planeta,https://extra.com.co/proteccion-de-la-naturaleza-un-llamado-a-cuidar-el-planeta/
85e8da545a991aa96b7e6e2650cb071fe005789ae947bd1e254770357c2b9b73,2025-10-18 20:20:27.236057+00:00,es,diariodelsur.com.co,diariodelsur.com.co,2025-10-18,“La IA al servicio de la naturaleza: Colombia impulsa herramientas inteligentes para conservar su riqueza biológica”,https://www.diariodelsur.com.co/la-ia-al-servicio-de-la-naturaleza-colombia-impulsa-herramientas-inteligentes-para-conservar-su-riqueza-biologica/
1a9ddd20da2ab1ba9bc2df02af90548efe15710eba3e1bb89b919ab3a813bf65,2025-10-18 19:23:26.564274+00:00,es,extra.com.co,extra.com.co,2025-10-18,“La IA al servicio de la naturaleza: Colombia impulsa herramientas inteligentes para conservar su riqueza biológica”,https://extra.com.co/la-ia-al-servicio-de-la-naturaleza-colombia-impulsa-herramientas-inteligentes-para-conservar-su-riqueza-biologica/
b0559afa6708ef69510997cff202a3d20f846603e5a27f2ee70593cf7a1fc7e1,2025-10-18 05:22:58.359562+00:00,es,eldiario.com.co,eldiario.com.co,2025-10-17,La sostenibilidad: el nuevo motor de la industria y el comercio internacional,https://www.eldiario.com.co/500-empresas-que-hacen-grande-a-risaralda/la-sostenibilidad-el-nuevo-motor-de-la-industria-y-el-comercio-internacional/
cf60545ba12738351af5510130a96af346ff23e4b5a87ca0b011850f3881932b,2025-10-18 05:20:53.269705+00:00,es,eldiario.com.co,eldiario.com.co,2025-10-17,Economía circular: el camino hacia una Risaralda sostenible y resiliente,https://www.eldiario.com.co/500-empresas-que-hacen-grande-a-risaralda/economia-circular-el-camino-hacia-una-risaralda-sostenible-y-resiliente/
36ebd5d37f27d9ae4cf55f8aa2531f454e0581a57ad184b9abff4a83505dba6e,2025-10-17 03:22:42.249901+00:00,es,eltiempo.com,eltiempo.com,2025-10-16,"El mar llega a Bogotá con talleres para toda la familia en el Museo del Mar de Utadeo: actividade incluyen búsqueda del tesoro, experimentos y juegos",https://www.eltiempo.com/vida/medio-ambiente/el-mar-llega-a-bogota-con-talleres-para-toda-la-familia-en-el-museo-del-mar-de-utadeo-actividade-incluyen-busqueda-del-tesoro-experimentos-y-juegos-3500443
beaa87e356e3155a64c04abec432a11b6f2d406e1daf88a460e77442eec3eddf,2025-10-15 05:21:47.886769+00:00,es,eldiario.com.co,eldiario.com.co,2025-10-14,¿Qué es la Economía Circular y por qué transforma la manera en que producimos y consumimos?,https://www.eldiario.com.co/500-empresas-que-hacen-grande-a-risaralda/que-es-la-economia-circular-y-por-que-transforma-la-manera-en-que-producimos-y-consumimos/
4ffd3de3af1def01050c605421972fbc49cc6d10452bfff049d25b20dd9ea52a,2025-10-07 20:19:27.118439+00:00,es,extra.com.co,extra.com.co,2025-10-07,NUEVA APUESTA POR EL AVITURISMO,https://extra.com.co/nueva-apuesta-por-el-aviturismo/
5f340ed33def6bd9a6b4aba6be7c5a43a60ea5c954e3216ad09e7fea0c6e02be,2025-10-07 15:17:51.545007+00:00,es,extra.com.co,extra.com.co,2025-10-07,Cali vivió la ‘Semana de la Biodiversidad’ con más de 4000 personas sensibilizadas en sostenibilidad y manejo de residuos,https://extra.com.co/cali-vivio-la-semana-de-la-biodiversidad-con-mas-de-4000-personas-sensibilizadas-en-sostenibilidad-y-manejo-de-residuos/
2e3d5f59c51f7b70c8eb34d80b5d65cb18decbca8406b1be0d63a6b10a16dfd0,2025-10-07 05:22:22.539529+00:00,es,areacucuta.com,areacucuta.com,2025-09-30,El documental Ecos de la Amazonía destaca cómo organizaciones sociales en Colombia y Perú lideran acciones reales para proteger el bioma más importante del planeta.,https://www.areacucuta.com/ecos-de-la-amazonia-el-documental-que-revela-el-poder-de-las-comunidades-en-la-defensa-del-pulmon-del-planeta/
3726dcf08d8e5a5a9c5d5e9de123fc8cd40f1543a1ce27e24b23173f97010ac2,2025-10-02 13:21:37.195049+00:00,es,extra.com.co,extra.com.co,2025-10-02,Un aula viva: el mariposario del DAGMA que inspira a estudiantes y familias en la Ciudadela Educativa de la Biodiversidad,https://extra.com.co/un-aula-viva-el-mariposario-del-dagma-que-inspira-a-estudiantes-y-familias-en-la-ciudadela-educativa-de-la-biodiversidad-2/
fd2cf10d04cbc35b1979223bf7386e599fab9a03e284b85bbb6a2e0fa8cc55fd,2025-10-02 00:29:06.174767+00:00,es,eltiempo.com,eltiempo.com,2025-10-01,Con la presentación de un llamativo mariposario se abrieron las puertas de la Ciudadela Educativa de la Biodiversidad en el norte de Cali,https://www.eltiempo.com/colombia/cali/con-la-presentacion-de-un-llamativo-mariposario-se-abrieron-las-puertas-de-la-ciudadela-educativa-de-la-biodiversidad-en-el-norte-de-cali-3496003
0302612962b8e2807322482376e13d1c883955bae6ebe1b96267094a5df9187c,2025-09-29 07:17:36.100711+00:00,es,occidente.co,occidente.co,2025-09-29,"Semana de la Biodiversidad en Cali 2025: cultura, ciencia y acción",https://occidente.co/cali/semana-biodiversidad-en-cali-2025-2/
8ca01c87eb0e354d62195a3cc54d64f9a8d3426cdf296f70842030b3b83b93ee,2025-09-27 01:18:14.953285+00:00,es,extra.com.co,extra.com.co,2025-09-27,Arranca la ‘Semana de la Biodiversidad’: más de 350 actividades gratuitas para vivir en Cali,https://extra.com.co/arranca-la-semana-de-la-biodiversidad-mas-de-350-actividades-gratuitas-para-vivir-en-cali/
a176055dfda91b4c16b6f56cb60bd6ec0a189de7cad1fa5d1f3dfdf12505a00c,2025-09-26 00:18:34.388776+00:00,es,elnuevosiglo.com.co,elnuevosiglo.com.co,2025-09-22,Confirman el descubrimiento de una orquidea en Antioquia,https://www.elnuevosiglo.com.co/ambiente-y-ciencia/descubren-orquidea-en-el-paramo-de-sonson
0943e1def9ba2c568419a90f603591d0c1de661cf021a4fe77bd1da11c382550,2025-09-24 21:47:31.954023+00:00,es,hsbnoticias.com,hsbnoticias.com,2025-09-24,🌍 Retos Medioambientales de Colombia en 2025: Un Llamado a la Acción Colectiva,https://www.hsbnoticias.com/%F0%9F%8C%8D-retos-medioambientales-de-colombia-en-2025-un-llamado-a-la-accion-colectiva/
cf906637f2a90a7bd5b628e1ecfff43e5a46c92a91bdfa703a447f596cc7cf8b,2025-09-12 19:17:43.902157+00:00,es,lafm.com.co,lafm.com.co,2025-09-12,Colombia es el segundo país del mundo con más datos abiertos sobre biodiversidad,https://www.lafm.com.co/colombia/colombia-es-el-segundo-pais-del-mundo-con-mas-datos-abiertos-sobre-biodiversidad
f9a7cda96df9dcffc3d2c7380ba5879e37476eb9a61d437544d24551e22a8959,2025-09-12 16:19:24.562657+00:00,es,hsbnoticias.com,hsbnoticias.com,2025-09-12,"Colombia, segundo país del mundo con más datos públicos sobre biodiversidad",https://www.hsbnoticias.com/colombia-segundo-pais-del-mundo-con-mas-datos-publicos-sobre-biodiversidad/
3fd165910ebe31b6145434924ba1f9053bc99e4702ab0daaf6e2703f53b6cb56,2025-09-12 14:17:40.029153+00:00,es,diariodelsur.com.co,diariodelsur.com.co,2025-09-12,"Colombia, segundo país del mundo con más datos públicos sobre biodiversidad",https://www.diariodelsur.com.co/colombia-segundo-pais-del-mundo-con-mas-datos-publicos-sobre-biodiversidad/
c920e70a2cade0daa03551aadc646fcfd157cfa985f495246f9048850ba8bd13,2025-09-12 14:17:29.040917+00:00,es,extra.com.co,extra.com.co,2025-09-12,"Colombia, segundo país del mundo con más datos públicos sobre biodiversidad",https://extra.com.co/colombia-segundo-pais-del-mundo-con-mas-datos-publicos-sobre-biodiversidad/
8c412ac7cd5e0416c28c485676793af6b735887913a001766c69b8f86bbd0a24,2025-09-10 21:42:20.480050+00:00,es,diariodelhuila.com,diariodelhuila.com,2025-09-10,Huila suma dos nuevas especies de aves y llega a 756 registros,https://diariodelhuila.com/huila-suma-dos-nuevas-especies-de-aves-y-llega-a-756-registros/
aec5e72f49d361fa7307fbf26b0100847ed3e383372a2d07bd10817f679b3516,2025-09-09 15:31:14.588109+00:00,es,eltiempo.com,eltiempo.com,2025-09-09,Los pastos marinos; el desprotegido ecosistema que en Venezuela ayuda a capturar carbono azul y es clave en la lucha contra la crisis climática,https://www.eltiempo.com/vida/medio-ambiente/los-pastos-marinos-el-desprotegido-ecosistema-que-en-venezuela-ayuda-a-capturar-carbono-azul-y-que-es-clave-en-la-lucha-contra-la-crisis-climatica-3488878
7e8e706064f3f6648a4215a273fabb50a4e7e3fde794993a4ba0a3c08a522344,2025-09-07 12:21:05.708039+00:00,es,revistametro.co,revistametro.co,2025-07-19,Sistema Canal del Dique – Bahía de Cartagena – Archipiélagos: Una crisis socioecológica interconectada,https://revistametro.co/2025/09/sistema-canal-del-dique-bahia-de-cartagena-archipielagos-una-crisis-socioecologica-interconectada/
dedecd18a7a75794f4c71291622eb334a97d2f190c30603b0d3d25e82786a5e1,2025-09-03 20:17:48.559121+00:00,es,extra.com.co,extra.com.co,2025-09-03,"Cali, epicentro del cuidado del ambiente: así será el Festival Internacional de Cine Ambiental",https://extra.com.co/cali-epicentro-del-cuidado-del-ambiente-asi-sera-el-festival-internacional-de-cine-ambiental/
0df996a08ea35a96c3c64947fa684893d51a8385cb8e1f8742ee386617ebef3e,2025-09-03 10:21:38.646729+00:00,es,eltiempo.com,eltiempo.com,2025-09-03,¿Cómo puede una gran empresa lograr establecer cadenas de abastecimiento y prácticas sostenibles? Estos son los principios claves a seguir,https://www.eltiempo.com/vida/medio-ambiente/como-puede-una-gran-empresa-lograr-establecer-cadenas-de-abastecimiento-y-practicas-sostenibles-estos-son-los-principios-claves-a-seguir-3487216
3817fdc0465a29f176515be8a28ec986682ae1d9e73aef0a8fe3404ad66d9eac,2025-08-29 00:30:36.493440+00:00,es,hsbnoticias.com,hsbnoticias.com,2025-08-28,Agenda Interinstitucional para proteger el Río Blanco,https://www.hsbnoticias.com/agenda-interinstitucional-para-proteger-el-rio-blanco/
f8875c619cf67e5cfdef551c44b128de4ad4538302fed10b972b29fe07e82385,2025-08-24 03:19:02.472682+00:00,es,diariolalibertad.com,diariolalibertad.com,2025-08-23,CRA promueve la sostenibilidad con su tienda 'Atlántico Verde' en Sabor Barranquilla,https://diariolalibertad.com/sitio/2025/08/23/cra-promueve-la-sostenibilidad-con-su-tienda-atlantico-verde-en-sabor-barranquilla/
e1eb8b2bfa7be6c1a246d3e7cb81ab5948a01e4c01ac88c3078ad3bc0b678764,2025-08-23 12:37:47.900754+00:00,es,diariodelhuila.com,diariodelhuila.com,2016-03-09,"Marzo, mes del agua en la Biblioteca del Banco de la República",http://www.diariodelhuila.com/cultura/marzo-mes-del-agua-en-la-biblioteca-del-banco-de-la-republica-cdgint20160309163556138
3ca20da42e1057f3f4a9b89153a3d06eed5618d4a53291af95215f2cf24f74d9,2025-08-23 08:38:41.906774+00:00,es,terra.com.mx,terra.com.mx,2016-03-16,Recintos emblemáticos en Jalisco se suman a la Hora del Planeta,"http://noticias.terra.com.mx/mexico/estados/recintos-emblematicos-en-jalisco-se-suman-a-la-hora-del-planeta,a42eb3e4ec4e40ddfb9c9dad6a33f3b2r44x1rdq.html"
dd74085fcb19e0e34e593d86d35910a1febe2c161dba8d0c0780f2aa077c6e51,2025-08-23 06:09:54.643631+00:00,es,terra.com.mx,terra.com.mx,2016-03-21,Lollapalooza 2016 Chile fue una de las versiones más limpias,"http://musica.terra.com.mx/lollapalooza/lollapalooza-2016-chile-fue-una-de-las-versiones-mas-limpias,8b475cca8bc9708c48175c35c409d51chuehl5ko.html"
9bcb0da63ecc93b56577f7e0dfdfb3bdb35fc845300b5cdc460bffb925baeeef,2025-08-17 03:23:08.780989+00:00,es,viveelmeta.com,viveelmeta.com,2025-08-16,¿Qué tener en cuenta para hacer avistamiento de aves en Colombia?,https://www.viveelmeta.com/que-tener-en-cuenta-para-hacer-avistamiento-de-aves-en-colombia-47146/
8e3d91c5e05192ad18a96d0fe8a48cf3917e4b1c44bae93ccaa1a8446448ef48,2025-08-15 03:16:12.829365+00:00,es,elpilon.com.co,elpilon.com.co,2017-01-08,Después de la tempestad…,http://elpilon.com.co/despues-la-tempestad/
18aaadf19d455353c5a84c4939e886c0ee0622aba3756245a3113772eb64904a,2025-08-14 03:58:47.596721+00:00,es,elcolombiano.com,elcolombiano.com,2017-02-06,Antioquia en el 2030 en sostenibilidad,http://www.elcolombiano.com/antioquia-en-el-2030-en-sostenibilidad-ana-maria-delgado-XH5867099
47d0d1dbe29437fef155eb45b8d6be4d7f3a0814713a24919d235a0c8e1f645a,2025-08-13 09:46:19.682269+00:00,es,terra.com.mx,terra.com.mx,2017-03-01,Niños y adultos inician actividades naturalistas en Morelos,"https://noticias.terra.com.mx/mexico/estados/ninos-y-adultos-inician-actividades-naturalistas-en-morelos,24535de4ed5386482f31a206f056c3c7d3y05pb8.html"
9dc76bed2e4080305b4b7669b51f526194a82e5624989830758d1a12011592c9,2025-08-11 15:11:01.962221+00:00,es,eluniversal.com.co,eluniversal.com.co,2017-04-21,Cartagena se suma a la Semana por la Sostenibilidad Ambiental en Iberoamérica,http://www.eluniversal.com.co/ambiente/cartagena-se-suma-la-semana-por-la-sostenibilidad-ambiental-en-iberoamerica-251408
a39f2596527e52e17b81a6e97101d0d4d84d1c5d63822dcd34fb91f853aa5f49,2025-08-11 05:00:48.269159+00:00,es,terra.com.mx,terra.com.mx,2017-05-03,Abren inscripciones para Cumbre Infantil Morelense por el Medio Ambiente,"https://www.terra.com.mx/noticias/mexico/df/abren-inscripciones-para-cumbre-infantil-morelense-por-el-medio-ambiente,7cd7266a5e1c38ae45c4188b5db725d6hnpo7m37.html"
f27a93ca7a6d9531e2c1ace1dfcc8effa7759fbfe8bc5b46f9eb8c2744ab97e4,2025-08-10 13:52:09.042385+00:00,es,diariodelsur.com.co,diariodelsur.com.co,2017-05-22,#SoyNaturalista iniciativa del Gobierno para celebrar Día Internacional de Biodiversidad,http://diariodelsur.com.co/noticias/ciencia/ecolog%C3%ADa/soynaturalista-iniciativa-del-gobierno-para-celebrar-dia-int-307752
073f3ff97ac6ed2440c5d0374ce50479f8a4a079ada84e16878ec31b41f8cdbf,2025-08-09 15:22:50.678906+00:00,es,terra.com.mx,terra.com.mx,2017-06-15,Destaca PRI impulso federal a políticas en materia de protección al ambiente,"https://www.terra.com.mx/noticias/mexico/destaca-pri-impulso-federal-a-politicas-en-materia-de-proteccion-al-ambiente,3f49c5c651f123d63cddfe6f38406a1fln16m460.html"
9dbe540467c7ce0284ce1f9e400cfe7316c0c25a5553612b40f8cdcfc385b780,2025-08-09 08:00:02.578400+00:00,es,elcolombiano.com,elcolombiano.com,2017-06-22,Cine verde para cuidar el medio ambiente,http://www.elcolombiano.com/concurso-de-cine-sobre-medio-ambiente-KC6774286
0033fff03b01d321b7932eb3affabaf751c0357614c90211c8983ef433a5047d,2025-08-09 01:11:14.779562+00:00,es,hsbnoticias.com,hsbnoticias.com,2017-07-03,"Recuperado parque infantil del barrio San Vicente de Consaca, Nariño",http://hsbnoticias.com/noticias/judicial/recuperado-parque-infantil-del-barrio-san-vicente-de-consaca-321925
2e4e81381b54d32caa500f65fc3f6d14ac1dd72cde45ab55d3026fb3c2913762,2025-08-09 01:04:52.215224+00:00,es,diariodelsur.com.co,diariodelsur.com.co,2017-07-03,"Recuperado parque infantil del barrio San Vicente de Consaca, Nariño",http://diariodelsur.com.co/noticias/judicial/recuperado-parque-infantil-del-barrio-san-vicente-de-consaca-321925
575cc0f2cbf8b1f9be0ee220c3eef6d8f9be4ac289cf6c4de8b61870f9e3834e,2025-08-08 18:24:11.224331+00:00,es,eltiempo.com,eltiempo.com,2025-08-08,"Estéreo Botánico 2025: tres días de música, naturaleza y cultura para celebrar los 70 años del Jardín Botánico de Bogotá",https://www.eltiempo.com/bogota/festival-estereo-botanico-2025-programacion-y-actividades-por-los-70-anos-del-jardin-botanico-de-bogota-3479568
681dad5876dd0ab0dabac2aa0e368742f0ecaf833a03ee0efd3730126cd96d9a,2025-08-07 10:18:52.568762+00:00,es,choco7dias.com,choco7dias.com,2025-08-07,El Chocó y Costa Rica tienen más en común de lo que parece,https://choco7dias.com/el-choco-y-costa-rica-tienen-mas-en-comun-de-lo-que-parece/
e1671ac508a78cd8b0f7500c823108a92cab83d433f5ac2f884457bcde258bf9,2025-08-03 00:17:00.215097+00:00,es,diariodelsur.com.co,diariodelsur.com.co,2017-12-10,Policía desarrolló jornada de ornato,http://diariodelsur.com.co/noticias/local/policia-desarrollo-jornada-de-ornato-376667
db29495f486e36f7fcdedf4ef5e14b59fac450f6ddd08435022c45932caf4649,2025-08-01 05:20:58.718910+00:00,es,eldiario.com.co,eldiario.com.co,2025-07-31,Galardonados de “500 empresas que hacen grande a Risaralda”,https://www.eldiario.com.co/noticias/risaralda/pereira/galardonados-de-500-empresas-que-hacen-grande-a-risaralda/
6738053dfdfc64c2c0bf1d9327f87da577fa6b94d051ef056ab6b50fd0237ff2,2025-07-31 08:26:58.023116+00:00,es,larepublica.co,larepublica.co,2025-07-31,Rspo: acciones para la certificación de la producción de aceite de palma sostenible,https://www.larepublica.co/especiales/sostenibilidad-en-los-cultivos-de-palma/rspo-acciones-para-la-certificacion-de-la-produccion-de-aceite-de-palma-sostenible-4192504
42913a27d811de29099721a9bbeae7d633eb2e02ae47e43e4441d0fa5554a7f5,2025-07-31 04:37:09.264718+00:00,es,lapatria.com,lapatria.com,2018-01-31,Caldas actualiza su inventario de aves,http://www.lapatria.com/caldas-actualiza-su-inventario-de-aves-410454
76935f3af8ca180e5fc415e4fb9b4a1331835397cba0808f2c311cc6d11d8116,2025-07-31 03:37:19.985366+00:00,es,vanguardia.com,vanguardia.com,2018-02-01,Las cinco especies que urge conservar en el Magdalena Medio en Santander,http://www.vanguardia.com/santander/barrancabermeja/423247-las-cinco-especies-que-urge-conservar-en-el-magdalena-medio-en-sant
3942b1772dfeafefc6f90ca1b8f3f5f7de6d16a5c62807e98c0465a20fd9ae34,2025-07-30 22:52:41.510605+00:00,es,infobae.com,infobae.com,2018-02-05,Identifican en México nueva especie de hongo mediante aplicación Naturalista,https://www.infobae.com/america/mexico/2018/02/05/identifican-en-mexico-nueva-especie-de-hongo-mediante-aplicacion-naturalista/
c08427fbf7e3a660d4aa5c54338d53c9fcad0f2352a0ed4fb63e5b337ddcc94d,2025-07-30 21:44:41.491983+00:00,es,lapatria.com,lapatria.com,2018-01-31,Caldas actualiza su inventario de aves,http://www.lapatria.com/medioambiente/caldas-actualiza-su-inventario-de-aves-410454
cbec06a3c7488c9ef9dc04efc8f6500ba995a9c1d0c082fd175543e906b7fbef,2025-07-28 11:46:02.944222+00:00,es,eltiempo.com,eltiempo.com,2018-03-22,"Plantar bosques o restaurar humedales, soluciones en el Día del Agua",http://www.eltiempo.com/vida/medio-ambiente/en-el-dia-mundial-del-agua-la-naturaleza-es-un-gran-aliado-para-cuidar-el-recurso-196578
667ce8f52c16c85308dca9d563661af6167b831fc5dae732841ab694a24341db,2025-07-28 09:22:45.627636+00:00,es,eltiempo.com,eltiempo.com,2018-03-23,Semillas contra la deforestación: reto de parques nacionales en Brasil,http://www.eltiempo.com/vida/medio-ambiente/proyecto-de-semillas-contra-la-deforestacion-en-brasil-197654
65e401f8a93445102fc181e29b8b545faec7db200691dce637a1d495799262c3,2025-07-28 09:19:21.354091+00:00,es,elnuevosiglo.com.co,elnuevosiglo.com.co,2018-03-06,"En la Hora del Planeta, conectados por los Bosques",http://elnuevosiglo.com.co/articulos/03-2018-en-la-hora-del-planeta-conectados-por-los-bosques
4e8cbda264d8b79d251df4024840da27a58ac7cdbb272c4fae4ca7b5ad9fdec0,2025-07-28 06:54:16.870047+00:00,es,eltiempo.com,eltiempo.com,2018-03-26,Degradación del suelo tiene en jaque a más del 40 % de la humanidad,http://www.eltiempo.com/vida/medio-ambiente/efectos-de-la-degradacion-del-suelo-en-el-mundo-informe-de-ipbes-198192
1e41dcc176ddfc121b939c3e091b2999ee75182e7c49cd545a457f109ce2e75b,2025-07-28 06:37:00.407964+00:00,es,elnuevosiglo.com.co,elnuevosiglo.com.co,2018-03-06,Se encienden alarmas globales por degradación de suelos,http://elnuevosiglo.com.co/articulos/03-2018-se-encienden-alarmas-globales-por-degradacion-de-suelos
aee0d4b8c859c302229c838388fe962805813b729f97c40b712bd049a9c6ecad,2025-07-28 06:25:17.169655+00:00,es,elnuevosiglo.com.co,elnuevosiglo.com.co,2025-07-28,¿Cómo se movió la agenda ambiental y qué se espera en último año de Congreso?,https://www.elnuevosiglo.com.co/ambiente-y-ciencia/como-se-movio-la-agenda-ambiental-y-que-se-espera-en-ultimo-ano-de-congreso
493833f20f47712daa5c422e4f81012758de1bd38d8ed464dd1cf644850d4b21,2025-07-28 06:21:37.647680+00:00,es,meridiano70.co,meridiano70.co,2018-03-26,Degradación del suelo tiene en jaque a más del 40 % de la humanidad,https://meridiano70.co/degradacion-del-suelo-tiene-en-jaque-a-mas-del-40-de-la-humanidad/
e810e3c5e187b2265ebcce75f26bbf0b04f6133c26366960f91630752fc0aaaf,2025-07-28 01:59:37.849723+00:00,es,eltiempo.com,eltiempo.com,2018-03-31,"La extinción de especies es un suicidio global, advierte experto",http://www.eltiempo.com/vida/medio-ambiente/biologo-gerardo-ceballos-habla-de-la-extincion-de-especies-199862
27b2a3cb91672ae45a5b1188233efb8ff1bcf801fe064157079ad07c7e14a56a,2025-07-27 05:49:37.981832+00:00,es,eltiempo.com,eltiempo.com,2018-04-25,"El caos sonoro, una amenaza que enfrentan las aves en las ciudades",http://www.eltiempo.com/vida/medio-ambiente/como-afecta-el-ruido-de-las-ciudades-a-las-aves-209908
5f94f129a8eda3b1c8b4017e03df2d51b5296a0ae5550b9c47055bbcd61e9cd4,2025-07-27 02:01:23.433528+00:00,es,elnuevosiglo.com.co,elnuevosiglo.com.co,2018-05-06,"Suroriente de Boyacá, una potencia mundial de avifauna",http://elnuevosiglo.com.co/articulos/05-2018-suroriente-de-boyaca-una-potencia-mundial-de-avifauna
08c15a6b1163652eafae9c471117fe72923ca8b3a6debcdd15716bf1694f88d1,2025-07-26 07:21:10.096046+00:00,es,diariodelhuila.com,diariodelhuila.com,2025-07-26,Se avecina temporada seca en el Huila,https://diariodelhuila.com/se-avecina-temporada-seca-en-el-huila/
d7de99d53f72f393d998f23c5f1a6c7d0f3eb0a6a7a5e4cd1b0e4c3cef7cd1a8,2025-07-25 16:39:48.776740+00:00,es,elpilon.com.co,elpilon.com.co,2018-05-31,Problemas que afectan la Tierra,http://elpilon.com.co/problemas-que-afectan-la-tierra/
af2d7eeed4bf3ec18ecaa869932e1954c7e21fbdff9201ae1bab7b4fb60692e8,2025-07-25 13:01:00.413268+00:00,es,elpilon.com.co,elpilon.com.co,2018-06-03,“Con el avistamiento de aves se puede ser científico por un día”: Andrés Cuervo,http://elpilon.com.co/con-el-avistamiento-de-aves-se-puede-ser-cientifico-por-un-dia-andres-cuervo/
6831252b28c169da7fe67424daa5a0b05c45d7ff132ab025db79361afddb7c13,2025-07-25 10:48:39.081464+00:00,es,elpilon.com.co,elpilon.com.co,2018-06-05,¡No al plástico!: exhortación en el Día del Medio Ambiente,http://elpilon.com.co/no-al-plastico-exhortacion-en-el-dia-del-medio-ambiente/
154480cf892bbacb24b28cb4b3a9f097f83bbab9157142ea155d814dc5833709,2025-07-24 23:17:50.436675+00:00,es,elpais.com.co,elpais.com.co,2018-06-14,¿Pensando o soñando?,http://www.elpais.com.co/opinion/columnistas/benjamin-barney-caldas/pensando-o-sonando.html
a2db07fef3c82224e7af4c4a8a808aa5aad7c7dee138cd30dd0eac17b48dc1db,2025-07-24 19:32:32.340874+00:00,es,portafolio.co,portafolio.co,2025-07-24,Estos son los 6 alimentos que pueden desaparecer para el 2030: las increíbles causas,https://www.portafolio.co/tendencias/sociales/estos-son-los-6-alimentos-que-pueden-desaparecer-para-el-2030-las-increibles-causas-636085
1f60afbc647d08706afcc02be99b8dfb56c5993ebaa54943c7fb5c3b0a39acdf,2025-07-24 11:08:42.677736+00:00,es,eltiempo.com,eltiempo.com,2018-06-23,‘Esos momentos en que solo somos mi papá y yo’,http://www.eltiempo.com/vida/educacion/consejos-para-pasar-tiempo-con-mis-hijos-cuando-no-esta-mama-234520
cf9cb2e192eff8113107ca4af7db70bd0dd6757856dc2b8b8b527890c1cdc377,2025-07-24 03:48:12.017173+00:00,es,las2orillas.co,las2orillas.co,2018-06-28,"El Idea, finalista en Premios Latinoamérica Verde",https://www.las2orillas.co/el-idea-finalista-en-premios-latinoamerica-verde/
b18edc944bf27841199bd55e0c86c3366a59f3e45ecdf3f5c2ade4b7ed67da32,2025-07-23 15:28:39.366000+00:00,es,elespectador.com,elespectador.com,2018-07-08,La agenda cultural y ambiental que promoverá el gobierno de Iván Duque,https://www.elespectador.com/noticias/politica/la-agenda-cultural-y-ambiental-que-promovera-el-gobierno-de-ivan-duque-articulo-798875
c530cab379e646c8b4ca65e79374172bacfbe71eaeebee01eb2c7f08f02abf72,2025-07-23 12:46:48.926612+00:00,es,portafolio.co,portafolio.co,2018-07-11,‘El siguiente paso es generar energía con residuos’,http://www.portafolio.co/economia/el-siguiente-paso-es-generar-energia-con-residuos-518938
18c94b66ffdfb419a07ca8b2bf2d12011cd699262105784322facb9b1b9c121c,2025-07-22 22:31:16.360517+00:00,es,hoydiariodelmagdalena.com.co,hoydiariodelmagdalena.com.co,2018-07-23,Se realizará la Feria 'Magdalena Sostenible',http://www.hoydiariodelmagdalena.com.co/new/archivos/117678
6e66d283f428d71c635077bd1bd6ea57343bdb4841c96e8cbb77919e303dac3f,2025-07-22 16:25:01.125926+00:00,es,eltiempo.com,eltiempo.com,2018-07-27,La ciencia se abre paso en zonas antes castigadas por el conflicto,http://www.eltiempo.com/colombia/otras-ciudades/la-ciencia-se-abre-paso-en-zonas-antes-castigadas-por-el-conflicto-248390
298c8b212208856f741ff18fe8213148ece89683e4b8083758c36620d9c3d779,2025-07-21 08:19:03.509691+00:00,es,elpais.com.co,elpais.com.co,2018-08-23,A votar,http://www.elpais.com.co/opinion/columnistas/benjamin-barney-caldas/a-votar-1.html
e9a7a74ed2639348a04a883fa40d5e5f8ed850057a660dc6a5ea34417e708a59,2025-07-19 06:24:32.378837+00:00,es,eluniversal.com.co,eluniversal.com.co,2018-10-14,"Guna Nega, el pueblo panameño pegado a un basural que sobrevive del reciclaje",http://www.eluniversal.com.co/mundo/guna-nega-el-pueblo-panameno-pegado-un-basural-que-sobrevive-del-reciclaje-289886
cf83c8b7b3ebc1ef3727b8b330350e734a928dc93dfbdc86648f6ff2b616bc8a,2025-07-18 23:15:17.218263+00:00,es,las2orillas.co,las2orillas.co,2018-10-17,"Idea, triunfador en prestigioso premio de sostenibilidad",https://www.las2orillas.co/idea-triunfador-en-prestigioso-premio-de-sostenibilidad/
26addd81e26a96fba59d8c7461aeffd7fb426475c7920dcb35b6784ed4e647c4,2025-07-18 20:33:19.369540+00:00,es,gatopardo.com,gatopardo.com,2018-10-18,La 8ª edición del EcoFilm Festival llega a la Ciudad de México.,https://gatopardo.com/cultura/medios/8a-edicion-ecofilm-festival/
f1b700db751ff30460ff9e6a1dc122bef967d043255986c7ab46544dbe3cbc7f,2025-07-18 02:22:50.968175+00:00,es,infobae.com,infobae.com,2018-11-10,"Producción orgánica: en la actualidad, la oferta no llega a cubrir la demanda",https://www.infobae.com/campo/2018/11/10/produccion-organica-en-la-actualidad-la-oferta-no-llega-a-cubrir-la-demanda/
f09a3d2e41f309d7628cd3f875383456eaa38b534a5fee507f4ebb948d4df512,2025-07-16 12:22:23.082309+00:00,es,las2orillas.co,las2orillas.co,2018-12-11,"Guantes plásticos para comer, un hábito a erradicar",https://www.las2orillas.co/guantes-plasticos-para-comer-un-habito-erradicar/
216bb6f4db8ae6a57b7783a396b1e0f9e7d8b7dac2e8b675dc2f47caa9f6e708,2025-07-16 02:45:48.683012+00:00,es,elnuevosiglo.com.co,elnuevosiglo.com.co,2018-12-04,Evite una resaca al planeta y rechace el plástico desechable,http://elnuevosiglo.com.co/articulos/12-2018-evite-una-resaca-al-planeta-y-rechace-el-plastico-desechable
b0b52c94b9a2e3608ffd77730e9ea9eeed619e9ca8ca191d37f4a06f7d381cc4,2025-07-14 00:17:56.295769+00:00,es,eltiempo.com,eltiempo.com,2017-07-21,"Empresas B, un sello de emprendimiento responsable",http://www.eltiempo.com/economia/empresas/empresas-b-un-sello-de-emprendimiento-responsable-111500
c132f3769304cd68ef8363ede00832e30df080dd47303b18a516f2df4d247e4a,2025-07-13 05:31:20.117966+00:00,es,eltiempo.com,eltiempo.com,2019-01-16,Un país sin egoísmo ambiental / Desde el corazón de la tierra,https://www.eltiempo.com/vida/ciencia/columna-del-biologo-andres-franco-herrera-315440
dadb8f6c0d7d049b60640028ea0b85ebed36031b219a4317cfc712835b2afdb2,2025-07-12 09:16:13.906787+00:00,es,eltiempo.com,eltiempo.com,2019-04-07,Tras las mariposas de las calles de Manizales y Villamaría,https://www.eltiempo.com/colombia/otras-ciudades/tras-las-mariposas-de-las-calles-de-manizales-y-villamaria-346800
fe01f685829843d44a61b1da6bdd0e792b720ce87e019f4eb4f63d22a0b72c19,2025-07-12 00:36:29.970596+00:00,es,eltiempo.com,eltiempo.com,2019-04-13,"La Candelaria, el destino turístico más sostenible de Bogotá",https://www.eltiempo.com/bogota/la-candelaria-es-el-destino-turistico-mas-sostenible-de-bogota-349234
2490cfd5b2d4684600e9e34ec8756de11cd0166f7f7aa4f39575ab7a6d5f3bc3,2025-07-11 16:04:24.067418+00:00,es,lanacion.com.co,lanacion.com.co,2019-04-15,“He recibido buenos comentarios”,https://www.lanacion.com.co/2019/04/15/he-recibido-buenos-comentarios/
7d880315bf315c36519e630b2ae413f06a41c98a59d46ef9086b3b96f1005af9,2025-07-10 23:26:33.514678+00:00,es,infobae.com,infobae.com,2019-04-27,Turismo sustentable: ocho destinos en el mundo para una escapada ecológica,https://www.infobae.com/turismo/2019/04/27/turismo-sustentable-ocho-destinos-en-el-mundo-para-una-escapada-ecologica/
0d024cf8191b463b660d033be65a41ec88b4143821f85f3017caefbe7c4939ea,2025-07-10 06:02:08.455091+00:00,es,elnuevosiglo.com.co,elnuevosiglo.com.co,2019-01-06,Prohibirían el uso de pitillos,http://elnuevosiglo.com.co/articulos/01-2019-prohibir-uso-de-plasticos-desechables-al-congreso
31b56dc5055956f5c0443a7126db5113ecfd05c9145771f86e483d8136906fd3,2025-07-09 05:50:38.295321+00:00,es,eltiempo.com,eltiempo.com,2019-02-04,El ‘censo digital’ que arrancó en el páramo de Guacheneque,https://www.eltiempo.com/bogota/estudio-sobre-biodiversidad-en-el-paramo-de-guacheneque-donde-nace-el-rio-bogota-322922
6f833069d37bf9d8ad8519993414d7417e76deb393d63119c37e2d86fe50cbf5,2025-07-07 11:46:07.298787+00:00,es,elnuevosiglo.com.co,elnuevosiglo.com.co,2019-03-04,La biodiversidad de Brasil recibe apoyo “en línea”,http://elnuevosiglo.com.co/articulos/03-2019-la-biodiversidad-de-brasil-recibe-apoyo-en-linea
ad890ffc20c354559619e47934f3027f80ecf20aeb1dc09ee4e4d2b157b9fe64,2025-07-06 23:14:38.219056+00:00,es,las2orillas.co,las2orillas.co,2019-03-12,"Áreas protegidas urbanas, el gran oasis de diversidad en las urbes",https://www.las2orillas.co/areas-protegidas-urbanas-el-gran-oasis-de-diversidad-en-las-urbes/
52226bb89d710625edf103a613eed62a4a3cee6639482545de222f60c80b9c78,2025-07-06 00:39:51.228281+00:00,es,diariodelhuila.com,diariodelhuila.com,2019-04-02,El gran impacto ambiental que generan las bolsas de plástico,https://diariodelhuila.com/el-gran-impacto-ambiental-que-generan-las-bolsas-de-plastico
c24726751f6593c11b7670333142da9daf1aeaa4916de21cf7d98a432ac70687,2025-07-05 19:21:24.211205+00:00,es,elnuevodia.com.co,elnuevodia.com.co,2019-04-06,Jardín Botánico y Granja San Jorge: Un propósito local y regional,http://www.elnuevodia.com.co/nuevodia/opinion/editorial/431432-jardin-botanico-y-granja-san-jorge-un-proposito-local-y-regional
f227cde9ba9e7b73009207df79397803850e127f1f9f3f2b7522e4183ae3d36b,2025-07-05 04:06:03.260126+00:00,es,razonpublica.com,razonpublica.com,2019-04-28,¿Día de la Tierra?,https://razonpublica.com/index.php/econom-y-sociedad-temas-29/11939-dia-de-la-tierra.html
edc774585405f77afa450bb96d9b6b77540ff938c805e4b090fa204410241178,2025-07-04 20:27:51.784757+00:00,es,eltiempo.com,eltiempo.com,2025-07-04,"Jardín Botánico identifica 19 especies de aves, poco comunes en la ciudad, gracias a monitoreos en Bogotá",https://www.eltiempo.com/bogota/jardin-botanico-identifica-19-especies-de-aves-poco-comunes-en-la-ciudad-gracias-a-monitoreos-en-bogota-3469019
d605876a282f390dc92583745c6c4456999512dac65ba2761ac2b4fcb39db559,2025-07-04 17:54:38.042373+00:00,es,eltiempo.com,eltiempo.com,2019-05-09,"Por tercera vez, Colombia es campeona en avistamiento de aves",https://www.eltiempo.com/vida/viajar/colombia-es-campeona-en-avistamiento-de-aves-359196
f95c2bedf56ed6934e107ce2a7148e4795ed09ec42d84b47f40d3e1760c184e1,2025-07-04 13:15:16.985116+00:00,es,revistadiners.com.co,revistadiners.com.co,2019-05-16,La colombiana que dirige uno de los organismos de biodiversidad más importantes del mundo,https://revistadiners.com.co/actualidad/67296_la-colombiana-que-dirige-uno-de-los-organismos-de-biodiversidad-mas-importantes-del-mundo/
ac9bc374dbbb5d94d4209ac94b82c23e1881123355b7b5e5fa87946c27d90ca6,2025-07-04 05:24:56.751324+00:00,es,eltiempo.com,eltiempo.com,2025-07-03,‘Queremos pensar en la sostenibilidad como un compromiso en el cual una empresa no solamente genera utilidades’,https://www.eltiempo.com/vida/medio-ambiente/queremos-pensar-en-la-sostenibilidad-como-un-compromiso-en-el-cual-una-empresa-no-solamente-genera-utilidades-3468798
6a7cb46b88c659097355ac59b2e60631bb2a281bdb56e6baa2d22f35118678d7,2025-07-03 20:58:55.709671+00:00,es,larepublica.co,larepublica.co,2019-05-31,Cómo conseguir que la agricultura sea sostenible para cumplir los ODS a 2030,https://www.larepublica.co/economia/como-conseguir-que-la-agricultura-sea-sostenible-para-cumplir-los-ods-a-2030-2868836
47252ce7179bc578b90eddededb4f8064303613266517ec037330066e5e53dad,2025-07-03 19:29:01.076254+00:00,es,eltiempo.com,eltiempo.com,2019-06-01,"Antinatalidad, ¿la solución para salvar el planeta?",https://www.eltiempo.com/vida/medio-ambiente/en-que-consiste-el-concepto-de-antinatalidad-370018
dd23a752b401c26ae9902f698c8955657f2228e20b446c30d4be62acd1358388,2025-07-03 16:05:00.677724+00:00,es,infobae.com,infobae.com,2019-06-05,"Vivir sin basura: ""Hace un año y medio que no necesito sacar bolsas de residuos""",https://www.infobae.com/tendencias/2019/06/05/vivir-sin-basura-hace-un-ano-y-medio-que-no-necesito-sacar-bolsas-de-residuos/
a5a86abb4aed6b8069aa6f88601f2e69fab33b90dff366394dcb13a8a6178280,2025-07-03 06:50:30.660552+00:00,es,infobae.com,infobae.com,2019-06-09,Moda sustentable: 6 emprendimientos de moda que reutilizan y aprovechan los recursos naturales,https://www.infobae.com/tendencias/lifestyle/2019/06/09/moda-sustentable-6-emprendimientos-de-moda-que-reutilizan-y-aprovechan-los-recursos-naturales/
4dc87deacfb6692a06e9343233bb820bc373d5952c11bf66a733455388ae5e09,2025-07-02 13:02:02.995590+00:00,es,infobae.com,infobae.com,2019-06-23,El papa Francisco y nuestra relación con la naturaleza,https://www.infobae.com/opinion/2019/06/23/el-papa-francisco-y-nuestra-relacion-con-la-naturaleza/
0f15d0098bfab510286c503ee1a5d4ee5f9153deb280a1439779df2654cb8697,2025-07-01 08:28:26.945477+00:00,es,hoydiariodelmagdalena.com.co,hoydiariodelmagdalena.com.co,2019-07-12,La verdad detrás del video “Lo que dijo la ONU es aterrador”,http://www.hoydiariodelmagdalena.com.co/archivos/257506
6ded89c140796b49a84748db5c8789241401a49ef7dc377cdd69f350e3ede5f8,2025-06-30 11:15:24.064218+00:00,es,infobae.com,infobae.com,2019-07-28,Guerra a los desechables: iniciativas para terminar con los artículos “de un solo uso”,https://www.infobae.com/tendencias/ecologia-y-medio-ambiente/2019/07/28/guerra-a-los-desechables-iniciativas-para-terminar-con-los-articulos-de-un-solo-uso/
e003c8d7a25dfa567390e3a80d7173689482b88d4eb969329b849c69d0f09a5a,2025-06-30 04:11:23.509891+00:00,es,infobae.com,infobae.com,2019-08-03,Ahogados por el plástico: la contaminación en mares y océanos crece de forma alarmante,https://www.infobae.com/tendencias/2019/08/03/ahogados-por-el-plastico-la-contaminacion-en-mares-y-oceanos-crece-de-forma-alarmante/
c23e7621f75d9317f91bf974b25c8a3d45507da336ccff7130794c08068a336e,2025-06-29 23:31:22.280468+00:00,es,opinioncaribe.com,opinioncaribe.com,2019-08-06,Un problema ambiental,https://www.opinioncaribe.com/2019/08/06/un-problema-ambiental/
3515c31d656e7a375a537499f57484f75a21ef11f6ad2ac68238ee2c598d5e7c,2025-06-29 07:26:14.803462+00:00,es,infobae.com,infobae.com,2019-08-20,"Club de Reparadores: una iniciativa económica, ambiental y social que arregla no solo artefactos sino también vínculos",https://www.infobae.com/sociedad/solidaridad/2019/08/20/club-de-reparadores-una-iniciativa-economica-ambiental-y-social-que-arregla-no-solo-artefactos-sino-tambien-vinculos/
ba0dc05ddb8f5a8b798eb8deb44967d696beb3437aac9f9b916fa8e23ec8e459,2025-06-29 06:07:42.543192+00:00,es,eltiempo.com,eltiempo.com,2019-08-21,"En Reino Unido, los supermercados reducen los embalajes de plástico",https://www.eltiempo.com/vida/medio-ambiente/la-estrategia-del-reino-unido-para-reducir-envases-de-plastico-403150
2d4308789c6b9a38cdd98d2cd7a373c9a2dc282b7dddfe6930782a6e6d2dda57,2025-06-29 02:13:00.339813+00:00,es,infobae.com,infobae.com,2019-08-25,Latinoamericanos al rescate: cuatro proyectos sustentables que buscan salvar al mundo,https://www.infobae.com/tendencias/2019/08/25/latinoamericanos-al-rescate-cuatro-proyectos-sustentables-que-buscan-salvar-al-mundo/
8adc33c0334cef4074c9075f99df228f4f123f00005cb801dec816e1459039c8,2025-06-29 00:04:50.937974+00:00,es,eltiempo.com,eltiempo.com,2019-08-26,Una ‘app’ para llenar los vacíos de información sobre biodiversidad,https://www.eltiempo.com/vida/medio-ambiente/naturalista-una-app-con-informacion-sobre-la-biodiversidad-405158
27f58af84565368b76c538d8c5e0d10374ef624a3a1b919d53e63ba7795572a6,2025-06-28 22:32:21.746640+00:00,es,infobae.com,infobae.com,2019-08-28,¿Qué hacer para salvar nuestra vida en el planeta? la bióloga argentina más reconocida en el mundo responde esta pregunta,https://www.infobae.com/tendencias/2019/08/28/que-hacer-para-salvar-nuestra-vida-en-el-planeta-la-biologa-argentina-mas-reconocida-en-el-mundo-responde-esta-pregunta/
96f1198f629445d506e51bc32a2a02fc1250717a74560c13dc212b038af7cae5,2025-06-28 22:32:21.622334+00:00,es,infobae.com,infobae.com,2019-08-28,"Lucas Garibaldi, el científico argentino premiado por estudiar a las abejas",https://www.infobae.com/sociedad/2019/08/28/lucas-garibaldi-el-cientifico-argentino-premiado-por-estudiar-a-las-abejas/
c7707155ec2fe928131c7bacd03ec4b2badf6ab175a75f7e8f578935345f13f7,2025-06-28 20:35:56.349026+00:00,es,infobae.com,infobae.com,2019-08-29,Cómo la negligencia de Jair Bolsonaro podría socavar la prometedora liberalización económica que intenta impulsar en Brasil,https://www.infobae.com/america/america-latina/2019/08/29/como-la-negligencia-de-jair-bolsonaro-podria-socavar-la-prometedora-liberalizacion-economica-que-intenta-impulsar-en-brasil/
cbf531c77ffc08d582f73fe8e5b985431c71e737c7c15d520ec19a9c81acda68,2025-06-28 18:01:05.666181+00:00,es,infobae.com,infobae.com,2019-08-31,Efecto Amazonas: ¿cuánto le preocupa el medioambiente a la Argentina?,https://www.infobae.com/def/def-medio-ambiente/2019/08/31/efecto-amazonas-cuanto-le-preocupa-el-medioambiente-a-la-argentina/
ca81506de5ebdc62fcb444c7345a22d5b972be7ff01e1672cdf6e1e07f7f5c99,2025-06-28 09:22:47.751793+00:00,es,infobae.com,infobae.com,2019-09-06,"Los ocho puntos clave del ""Pacto de Leticia"" para la conservación del Amazonas",https://www.infobae.com/america/america-latina/2019/09/06/los-ocho-puntos-clave-del-pacto-de-leticia-para-la-conservacion-del-amazonas/
10f14bb7f5f398694046cfdf96bd8b4bddb49b2f2cd9e4685eef358939afbb20,2025-06-28 09:10:32.779250+00:00,es,eltiempo.com,eltiempo.com,2019-09-06,Los ocho puntos claves del pacto para salvar la Amazonia,https://www.eltiempo.com/politica/gobierno/pacto-para-salvar-la-amazonia-puntos-claves-de-cumbre-presidencial-409760
30ce893b5745c43a4138ccfe13ba08dfbca3b9f0d188022f13d1c80a04c8f014,2025-06-28 08:54:55.850366+00:00,es,lapatria.com,lapatria.com,2019-09-06,Acuerdo para proteger la selva,https://www.lapatria.com/internacional/acuerdo-para-proteger-la-selva-443756
539809ef3f4640074df4469db6471d1da0619f8cffeb051dfbc5bdf64d220890,2025-06-27 19:00:59.055107+00:00,es,revistadiners.com.co,revistadiners.com.co,2019-09-17,¿Por qué algunas marcas de moda queman los productos que no venden?,https://revistadiners.com.co/estilo-de-vida/71656_por-que-algunas-marcas-de-moda-queman-los-productos-que-no-venden/
9abfd57b66c5a9ecff3542feabab55dc501f17c3d2db5c44e9062dc0b1879293,2025-06-27 13:49:24.736483+00:00,es,elmundo.com,elmundo.com,2019-09-21,SOS me ahogo,https://www.elmundo.com/noticia/SOS-me-ahogo/377645
789adf28afcc6b8b7b3d3160a6d075c001b8d1921ec7bed587ed2aba39b2b6c3,2025-06-27 11:08:55.795395+00:00,es,extra.com.co,extra.com.co,2019-09-23,"Cambio climático, tema clave que abordará el presidente Duque en la Asamblea de la ONU",https://ibague.extra.com.co/noticias/nacional/cambio-climatico-tema-clave-que-abordara-el-presidente-duque-561269
879864402b664557ee00d7851d8ea48d2a9c5a8fd902dd95a25fe2b48b589535,2025-06-27 11:02:12.331419+00:00,es,extra.com.co,extra.com.co,2019-09-23,"Cambio climático, tema clave que abordará el presidente Duque en la Asamblea de la ONU",https://llano.extra.com.co/noticias/nacional/cambio-climatico-tema-clave-que-abordara-el-presidente-duque-561269
d1267d727387cc2e6e8ecf5ac437d59cd9b5dc2f015d71a16001af0a2ea9bdcc,2025-06-27 11:01:46.894612+00:00,es,extra.com.co,extra.com.co,2019-09-23,"Cambio climático, tema clave que abordará el presidente Duque en la Asamblea de la ONU",https://ladorada.extra.com.co/noticias/nacional/cambio-climatico-tema-clave-que-abordara-el-presidente-duque-561269
3251aaf821f4e0c20d4042d6d5ba13dbae01fd8456847e47bbaa389dfaf35912,2025-06-27 11:00:37.783115+00:00,es,extra.com.co,extra.com.co,2019-09-23,"Cambio climático, tema clave que abordará el presidente Duque en la Asamblea de la ONU",https://pasto.extra.com.co/noticias/nacional/cambio-climatico-tema-clave-que-abordara-el-presidente-duque-561269
f5703c970827cef566d13dc42654d03e5554575f9bd406feba982a2f99964a6a,2025-06-27 11:00:37.055149+00:00,es,extra.com.co,extra.com.co,2019-09-23,"Cambio climático, tema clave que abordará el presidente Duque en la Asamblea de la ONU",https://cauca.extra.com.co/noticias/nacional/cambio-climatico-tema-clave-que-abordara-el-presidente-duque-561269
2f7b0a68a9350dfe7000bc9c24a10bd9c6d48349f27f4dae128162e5077e330e,2025-06-27 10:59:38.301057+00:00,es,extra.com.co,extra.com.co,2019-09-23,"Cambio climático, tema clave que abordará el presidente Duque en la Asamblea de la ONU",https://casanare.extra.com.co/noticias/nacional/cambio-climatico-tema-clave-que-abordara-el-presidente-duque-561269
a945a3dfe716035813d270989a4bc7afab222b920f76c4e9cf80b155ac064c3d,2025-06-27 10:58:38.032946+00:00,es,extra.com.co,extra.com.co,2019-09-23,"Cambio climático, tema clave que abordará el presidente Duque en la Asamblea de la ONU",https://cucuta.extra.com.co/noticias/nacional/cambio-climatico-tema-clave-que-abordara-el-presidente-duque-561269
daca3c25223d02d7bbfb19af48e9d1f70717abf2cd9fd9423c99b1167a4038e9,2025-06-27 10:58:32.104364+00:00,es,extra.com.co,extra.com.co,2019-09-23,"Cambio climático, tema clave que abordará el presidente Duque en la Asamblea de la ONU",https://caqueta.extra.com.co/noticias/nacional/cambio-climatico-tema-clave-que-abordara-el-presidente-duque-561269
ad5c73a3068bcabfc26eb1b1553cf272ff980a1d6da5c6083701747a540ef0b0,2025-06-27 10:58:24.308391+00:00,es,extra.com.co,extra.com.co,2019-09-23,"Cambio climático, tema clave que abordará el presidente Duque en la Asamblea de la ONU",https://bucaramanga.extra.com.co/noticias/nacional/cambio-climatico-tema-clave-que-abordara-el-presidente-duque-561269
5f1bd88b5ce28873cc719cc43410b40c69c2203221e705d24dc58e872b68f848,2025-06-27 10:57:05.519236+00:00,es,extra.com.co,extra.com.co,2019-09-23,"Cambio climático, tema clave que abordará el presidente Duque en la Asamblea de la ONU",https://bogota.extra.com.co/noticias/nacional/cambio-climatico-tema-clave-que-abordara-el-presidente-duque-561269
43fd09dfe2c8af1b9317958eb51f2612f126c9abec6111831f4f6d67fc966bf4,2025-06-27 02:17:06.703561+00:00,es,eltiempo.com,eltiempo.com,2019-09-29,Cambio climático en la ONU: ¿solo carreta?,https://www.eltiempo.com/vida/medio-ambiente/entrevista-de-maria-isabel-rueda-al-ministro-de-ambiente-ricardo-lozano-417792
22f60372f08dad5b7fde03c35c03c09337fd5dc73439f83a5423c53b8c5e5360,2025-06-25 08:51:43.707033+00:00,es,eldiario.com.co,eldiario.com.co,2019-10-31,Risaralda pensada ambientalmente por los próximos 20 años,https://www.eldiario.com.co/risaralda-pensada-ambientalmente-por-los-proximos-20-anos/
387b70752114bb0734e298d6809c1d67cf1a545a2f0d5c5d1904e2fd34b29527,2025-06-24 14:51:57.832923+00:00,es,infobae.com,infobae.com,2019-11-13,"Cada minuto, el equivalente a un camión de basura lleno de plásticos se arroja al mar",https://www.infobae.com/tendencias/2019/11/13/cada-minuto-el-equivalente-a-un-camion-de-basura-lleno-de-plasticos-se-arroja-al-mar/
0aa49b15ad44dd8278c25a2d9e0b7fb068d3d20ca278806a50888f35c6db5d60,2025-06-24 13:48:23.337881+00:00,es,revistadiners.com.co,revistadiners.com.co,2019-11-14,"""Me preocupa el mundo llenándose de basura y sin una respuesta decente a largo plazo"", Brigitte Baptiste",https://revistadiners.com.co/cultura/8102_la-naturaleza-es-un-invento-de-los-hombres/
ff27dbd409b5f7c0be4c441a7d7d80c0ff6c90a1b26fe5c13810bdba2df1e71e,2025-06-24 01:49:01.292122+00:00,es,eltiempo.com,eltiempo.com,2019-11-23,‘La crisis medioambiental por el plástico es grave y hay que actuar’,https://www.eltiempo.com/vida/medio-ambiente/por-que-la-crisis-medioambiental-por-el-plastico-es-grave-436648
ef5d324c254a7c141bc73894900381f69a47a7b347158f77d6d776490908fda4,2025-06-23 22:41:16.593599+00:00,es,infobae.com,infobae.com,2019-11-26,El drama de la reserva ecológica de Sian Ka’an: la joya en la Riviera Maya está ahogada por los plásticos,https://www.infobae.com/america/mexico/2019/11/26/el-drama-de-la-reserva-ecologica-de-sian-kaan-la-joya-en-la-riviera-maya-esta-ahogada-por-los-plasticos/
c1f2eacd57e9291334a52aa94acf1ad8077263f52a8c5ed5de2bdcdff2bd7578,2025-06-23 10:33:46.618791+00:00,es,diariolalibertad.com,diariolalibertad.com,2019-12-05,El Zoológico prepara vacaciones sostenibles para este fin de año,https://diariolalibertad.com/sitio/2019/12/05/el-zoologico-prepara-vacaciones-sostenibles-para-este-fin-de-ano/
d7a8ffc33201f37309e9389ba9b723f3dbbfeb2b31cd8694178b47a2b80faff4,2025-06-23 04:57:14.930110+00:00,es,infobae.com,infobae.com,2019-12-10,El discurso completo de la asunción de Alberto Fernández ante la Asamblea Legislativa,https://www.infobae.com/politica/2019/12/10/el-discurso-completo-de-la-asuncion-de-alberto-fernandez-ante-la-asamblea-legislativa/
648cb79bf285eee2e331b1751b62b557f806fbe844b19daf44b743131d3a4841,2025-06-22 23:43:33.998008+00:00,es,dontamalio.com,dontamalio.com,2019-12-14,MinAmbiente invita a vivir una Navidad Sostenible,https://dontamalio.com/minambiente-invita-a-vivir-una-navidad-sostenible/
4969da8451882dd70a344b895c63678cf15b55124a9e64e008c655d476ef0b09,2025-06-22 20:07:27.648574+00:00,es,diariolalibertad.com,diariolalibertad.com,2019-12-17,"Zoológico de Barranquilla, cerrado en Navidad y Año Nuevo",https://diariolalibertad.com/sitio/2019/12/17/zoologico-de-barranquilla-cerrado-en-navidad-y-ano-nuevo/
ed7e1a87203f6e717639bcf7b8514b2814b01fa2ef8dd278ec16a59627d80f36,2025-06-22 19:30:50.655106+00:00,es,eltiempo.com,eltiempo.com,2019-12-17,Cinco regalos para evitar el uso del plástico en esta Navidad,https://www.eltiempo.com/vida/medio-ambiente/cinco-regalos-para-evitar-el-uso-del-plastico-en-esta-navidad-444638
83f310ae8bc5999ffb83ad1337643d12ba507fa217421f19ac1e865153133c0d,2025-06-21 17:17:34.017104+00:00,es,elnuevodia.com.co,elnuevodia.com.co,2025-06-21,¡Histórico! Tolima lidera acuerdo sin precedentes para proteger la Cordillera de Los Andes,https://www.elnuevodia.com.co/tolima/528965-cumbre-andina-en-tolima-estrategia-clave-para-la-proteccion-de-la-cordillera-de-los
1bb7a4025e47be2fb2e702a7a92220de8017e09b0f556a50c6bd4851517d8ca8,2025-06-20 20:28:45.920820+00:00,es,las2orillas.co,las2orillas.co,2025-06-19,Así fue como Colombia se convirtió en el campeón mundial en diversidad de aves con más de 1500 especies,https://www.las2orillas.co/asi-fue-como-colombia-se-convirtio-en-el-campeon-mundial-en-diversidad-de-aves-con-mas-de-1500-especies/
96660ca492f42de7760e2bb94579c8fe5e2a6fa77a12ac87a53ccf7a4e9c82d9,2025-06-16 15:21:58.523554+00:00,es,diariodelsur.com.co,diariodelsur.com.co,2025-06-16,Italia destina 3 millones de euros para transformar San Andrés y Leticia en ciudades sostenibles,https://www.diariodelsur.com.co/italia-destina-3-millones-de-euros-para-transformar-san-andres-y-leticia-en-ciudades-sostenibles/
e83dded6f20cb5abb80d7c74d154d2d7352c85d696de23d5093e06785e004133,2025-06-10 22:28:21.993731+00:00,es,diariodelsur.com.co,diariodelsur.com.co,2025-06-10,Conmemoran el Día Mundial del Reciclaje en Ipiales,https://www.diariodelsur.com.co/conmemoran-el-dia-mundial-del-reciclaje-en-ipiales/
fa7c18f74c9bada1a55daa60d23a9ad9f13f57e8ae506edcdf607ce3b4608ee8,2025-06-06 17:23:03.451178+00:00,es,rcnradio.com,rcnradio.com,2025-06-06,Sena abre inscripciones para certificación de los empleos verdes,https://www.rcnradio.com/colombia/sena-abre-inscripciones-para-certificacion-de-los-empleos-verdes?amp
ec8dff9de2fe257e5a45cfd4856990f303e0c837adb367fad800794602a32d8d,2025-06-05 22:29:58.111763+00:00,es,hoydiariodelmagdalena.com.co,hoydiariodelmagdalena.com.co,2025-06-05,SENA abre 1.500 cupos para reconocer saberes ambientales,https://hoydiariodelmagdalena.com.co/archivos/1131812/sena-abre-1-500-cupos-para-reconocer-saberes-ambientales/
b9b2c57ff99a58234d2dee9527ee2b128e0647e7c912afdbc3f47c9a58edf126,2025-06-05 15:30:20.625605+00:00,es,eldiario.com.co,eldiario.com.co,2025-06-05,"Día mundial del medio ambiente, una fecha para reflexionar y actuar",https://www.eldiario.com.co/noticias/risaralda/pereira/dia-mundial-del-medio-ambiente-una-fecha-para-reflexionar-y-actuar/
1d8b5d29ecd5b7114a1dd33307fa0c9140a17dca3619d86ae7cc9b3b1a803375,2025-05-30 00:24:58.350261+00:00,es,santamartaaldia.co,santamartaaldia.co,2025-05-29,Magdalena lleva su esencia a Bogotá: Corpamag destaca en la Primera Feria Nacional de Negocios Verdes,https://santamartaaldia.co/magdalena-lleva-su-esencia-a-bogota-corpamag-destaca-en-la-primera-feria-nacional-de-negocios-verdes/?utm_source=rss&utm_medium=rss&utm_campaign=magdalena-lleva-su-esencia-a-bogota-corpamag-destaca-en-la-primera-feria-nacional-de-negocios-verdes
42b68c29f652b0dce9faeaac28688f5c0900245088367b87386fc210b93fd271,2025-05-22 18:18:24.430866+00:00,es,larepublica.co,larepublica.co,2025-05-22,L’Oréal Groupe y Cueros Vélez presentaron sus estrategias de sostenibilidad en ForoLR,https://www.larepublica.co/empresas/las-estrategias-de-sostenibilidad-de-l-oreal-groupe-y-cueros-velez-4139903
0112236798931086e90b26b397db3b2830401c6f386b49d07557ca1fe1257a02,2025-05-18 14:28:32.503788+00:00,es,extra.com.co,extra.com.co,2025-05-18,GLOBAL BIG DAY 2025 EN PIAMONTE CAUCA,https://extra.com.co/global-big-day-2025-en-piamonte-cauca/
df27895c6728281e24ae65558574ba936f9c1fefdb71913efc4723b40b5207b4,2025-05-17 23:29:40.427103+00:00,es,diariodelsur.com.co,diariodelsur.com.co,2025-05-17,Nariño se convierte en destino privilegiado para el aviturismo,https://www.diariodelsur.com.co/narino-se-convierte-en-destino-privilegiado-para-el-aviturismo/
6cf4a2f54f19198431b3c5907959fce3efce7919f3631d38b250d5fe6ca77871,2025-05-15 23:30:59.195103+00:00,es,diariodelsur.com.co,diariodelsur.com.co,2025-05-15,Nariño destino privilegiado para el aviturismo en Colombia,https://www.diariodelsur.com.co/narino-destino-privilegiado-para-el-aviturismo-en-colombia/
7f4e745d0a91b7c20bdcea764bb27900d437deaa011e3945c609e9567f991176,2025-05-15 19:25:55.735549+00:00,es,eltiempo.com,eltiempo.com,2025-05-15,"Colombia, destino líder en avistamiento de aves con más de 1600 especies registradas durante evento especializado",https://www.eltiempo.com/vida/viajar/colombia-destino-lider-en-avistamiento-de-aves-con-mas-de-1600-especies-registradas-durante-evento-especializado-3454115
a89c20f6146b163fb201100587f51bf79d3a6763cb35a8e2401b720056dd82fc,2025-05-15 16:22:06.757453+00:00,es,lanacion.com.co,lanacion.com.co,2025-05-15,"Huila, entre los 10 departamentos con mayor registro de aves de Colombia",https://www.lanacion.com.co/huila-entre-los-10-departamentos-con-mayor-registro-de-aves-de-colombia/
37776a46f238a4ec77ec7821b199e8d672e1827a2061558df9fe53120d66f998,2025-05-15 13:20:21.445060+00:00,es,hsbnoticias.com,hsbnoticias.com,2025-05-15,Nariño se posicionó en el 8.º lugar a nivel nacional durante la celebración del Global Big Day 2025,https://www.hsbnoticias.com/narino-se-posiciono-en-el-8-o-lugar-a-nivel-nacional-durante-la-celebracion-del-global-big-day-2025/
56989511fbba615f196fec2356a6b5681f25c82548fa72e6dbe7b229581653bc,2025-05-15 11:31:44.036073+00:00,es,diariodelsur.com.co,diariodelsur.com.co,2025-05-15,"Durante la jornada de avistamiento de aves más importante del mundo, el departamento incrementó en 151 especies y superó la cifra del año pasado.",https://www.diariodelsur.com.co/durante-la-jornada-de-avistamiento-de-aves-mas-importante-del-mundo-el-departamento-incremento-en-151-especies-y-supero-la-cifra-del-ano-pasado/
d82ce9b5f268a759f70f146b6dc50a2cdd9d30a44ce2d6ac0a27b55456a977e3,2025-05-14 22:29:21.563697+00:00,es,kienyke.com,kienyke.com,2025-05-14,Récord de aves en Colombia impulsa turismo y conservación,https://www.kienyke.com/colombia/record-de-aves-en-colombia-impulsa-turismo-y-conservacion
7ec3f29c7aeeb20d89fb7640e71a3d724a2bcf99a8ea63652e32ba6727694b60,2025-05-14 18:33:55.596812+00:00,es,elnuevosiglo.com.co,elnuevosiglo.com.co,2025-05-14,Colombia mantiene el liderazgo global en diversidad de aves,https://www.elnuevosiglo.com.co/ambiente-y-ciencia/colombia-mantiene-el-liderazgo-global-de-diversidad-de-aves
aa3b882bf6ec38db962d4db711bbaa448399887525b5029d08c491db39ff84ea,2025-05-14 07:21:08.239195+00:00,es,lanacion.com.co,lanacion.com.co,2025-05-14,"Pájaros, binóculos y comunidad",https://www.lanacion.com.co/pajaros-binoculos-y-comunidad/
a8e1fa90998cef527b8dc247d40846ef2eba47d933dd4dafa5c27ed53719151d,2025-05-13 17:35:16.728401+00:00,es,eltiempo.com,eltiempo.com,2025-05-13,Exministra Susana Muhamad lidera gira internacional como referente global en ambiente y acción climática,https://www.eltiempo.com/vida/medio-ambiente/exministra-susana-muhamad-lidera-gira-internacional-como-referente-global-en-ambiente-y-accion-climatica-3453293
9242404ad6cfb1b4e7386241f107ac5d55536a4d15bd838bc69b4ec6f926a660,2025-05-03 12:25:45.002461+00:00,es,diariodelsur.com.co,diariodelsur.com.co,2025-05-03,Nariño se une al Global Big Day para celebrar el Día Mundial de las Aves Migratorias,https://www.diariodelsur.com.co/narino-se-une-al-global-big-day-para-celebrar-el-dia-mundial-de-las-aves-migratorias/
bad48f19310aaa56c7a806c8f4ec6891b127884edad2d8fe2dec4e703d2cb47b,2025-04-24 06:24:28.951659+00:00,es,portafolio.co,portafolio.co,2016-02-17,Por el sendero correcto,https://www.portafolio.co/economia/finanzas/sendero-correcto-revista-portafolio-168210
3e623eb96021b674933bb63b2b6e59ec94047769edfa669f37b5800df8b679be,2025-04-22 20:52:06.936535+00:00,es,extra.com.co,extra.com.co,2025-04-22,Fortalecimiento de la Asociación de Apicultores,https://extra.com.co/fortalecimiento-de-la-asociacion-de-apicultores/
bfb63988e994d3bd26af257571f3611c73584e296cb92c985995991fee3141fa,2025-03-30 23:22:55.101161+00:00,es,diariodelsur.com.co,diariodelsur.com.co,2025-03-30,Día Internacional de Cero Desechos: Un Compromiso por el Futuro del Planeta,https://www.diariodelsur.com.co/dia-internacional-de-cero-desechos-un-compromiso-por-el-futuro-del-planeta/
d0ebcdbb496c1fbdffc8bd9f094a3e21c0625613d15bbed2df1c9373743e595c,2025-03-30 16:18:22.722423+00:00,es,diariodelsur.com.co,diariodelsur.com.co,2025-03-30,Impulsan la conservación de los humedales en la frontera,https://www.diariodelsur.com.co/conservacion-humedales-frontera/
04753f0ae406767c1532c7129f9c5d7f4d5afdb95d9bffeff0c119e562cd691a,2025-03-28 20:31:21.867712+00:00,es,opinioncaribe.com,opinioncaribe.com,2025-03-28,Máquina Viva del Agua: Espejismo en tu Casa,https://www.opinioncaribe.com/2025/03/28/maquina-viva-del-agua-espejismo-en-tu-casa/
4774b6b0d27fc3c67c30bd81b2f1b9d468f981f7805f8fc565014f720ff6d35f,2025-03-10 06:22:23.975958+00:00,es,occidente.co,occidente.co,2025-03-10,Monitorean aves en Punta Soldado,https://occidente.co/medio-ambiente/monitorean-aves-en-punta-soldado/
7d74cf693ed81cc50e81960af17ea523840c1358ce8b937aaa6413a99204d05f,2025-03-04 11:27:32.729541+00:00,es,diariodelsur.com.co,diariodelsur.com.co,2025-03-04,"Con kits escolares y talleres ambientales, Emas fomenta la conciencia ecológica en la comunidad",https://www.diariodelsur.com.co/con-kits-escolares-y-talleres-ambientales-emas-fomenta-la-conciencia-ecologica-en-la-comunidad/
3fd877772e647f0e2db219ef28144b454e0805628b99ef89a4b5cbd50b266bba,2025-03-03 20:37:19.795132+00:00,es,rcnradio.com,rcnradio.com,2025-03-03,Ministerio de Ambiente abrió consulta pública sobre ordenamiento ambiental de la Sabana de Bogotá,https://www.rcnradio.com/bogota/ministerio-de-ambiente-abrio-consulta-publica-sobre-ordenamiento-ambiental-de-la-sabana-de-bogota?amp
1149055aec0ebd657fead6d864a8374abee1a694639953747e0d25d5c881a48a,2025-03-02 16:20:01.115400+00:00,es,diariolalibertad.com,diariolalibertad.com,2025-03-02,"“Quien lo cuida es quien lo goza”, el mensaje ambiental que abrió la Batalla de Flores",https://diariolalibertad.com/sitio/2025/03/02/quien-lo-cuida-es-quien-lo-goza-el-mensaje-ambiental-que-abrio-la-batalla-de-flores/
7365ee7445edd92610dbef69aa4b6c57c408f62f9db00de608841e8836a1022e,2025-03-02 07:22:14.985113+00:00,es,eje21.com.co,eje21.com.co,2025-03-02,Una mirada a la nueva cocina caldense,https://www.eje21.com.co/2025/03/una-mirada-a-la-nueva-cocina-caldense/
255d1c1f8dbb7507831f380cb50e0034abd44a6917989803a247f88a3367c34d,2025-02-19 02:24:06.753663+00:00,es,diariolalibertad.com,diariolalibertad.com,2025-02-18,"“Quien lo cuida es quien lo goza”, una apuesta educativa y cultural de la C.R.A por un carnaval sostenible",https://diariolalibertad.com/sitio/2025/02/18/quien-lo-cuida-es-quien-lo-goza-una-apuesta-educativa-y-cultural-de-la-c-r-a-por-un-carnaval-sostenible/
0e540376fa02c06fc540522798bc316e059c704f3e0ac24f95c02c96d6d5352c,2025-02-14 10:21:40.173530+00:00,es,larepublica.co,larepublica.co,2025-02-14,"Conozca cómo se debe disponer de los pitillos de plástico, en caso de que los utilice",https://www.larepublica.co/responsabilidad-social/conozca-como-debe-disponer-de-los-pitillos-de-plastico-en-caso-de-que-los-utilice-4062702
b82fde96050b77f66fa95ffa3d4b435959fc4fb668fb9a981d188d6805316d23,2025-02-13 18:29:35.291487+00:00,es,diariodelsur.com.co,diariodelsur.com.co,2025-02-13,La Universidad El Bosque es la tercera universidad más sostenible en Bogotá y la séptima a nivel nacional,https://www.diariodelsur.com.co/la-universidad-el-bosque-es-la-tercera-universidad-mas-sostenible-en-bogota-y-la-septima-a-nivel-nacional/
cde09e13709db1d613a2fb29f1f84556355b7b9bb8cde71ec7ce40e47440a6c6,2025-02-13 18:24:20.157974+00:00,es,extra.com.co,extra.com.co,2025-02-13,La Universidad El Bosque es la tercera universidad más sostenible en Bogotá y la séptima a nivel nacional,https://extra.com.co/la-universidad-el-bosque-es-la-tercera-universidad-mas-sostenible-en-bogota-y-la-septima-a-nivel-nacional/
3cb7afcb3469a2910af9fe7a18c307ce978fbaa149c2ab6a798848545cd99d6f,2025-02-12 21:11:56.027961+00:00,es,elcolombiano.com,elcolombiano.com,2025-02-12,MuriÃ³ el Pez Diablo tras varios dÃ­as de su sorprendente apariciÃ³n en la superficie del ocÃ©ano,https://www.elcolombiano.com/tecnologia/ciencia/pez-abisal-muere-pez-diablo-negro-visto-superficie-oceano-tenerife-espana-II26592280
60b02511d9d8a3f126fbd8db8984e6c7887b8c9449ee161add6bac53b5146359,2025-02-07 21:18:23.504457+00:00,es,elcolombiano.com,elcolombiano.com,2025-02-07,InÃ©dito: captan por primera vez un Pez Diablo vivo en la superficie del ocÃ©ano,https://www.elcolombiano.com/tecnologia/ciencia/video-avistamiento-pez-diablo-espana-tenerife-melanocetus-investigacion-descubrimiento-GE26555164
88d73c2e01112f67c58d801ab13f27b7a3f1645164fcbe2c347fcb90d71de16a,2025-02-07 16:31:30.015536+00:00,es,elcolombiano.com,elcolombiano.com,2025-02-07,Video inÃ©dito: captan por primera vez un âpez diabloâ vivo en la superficie del ocÃ©ano y a plena luz del dÃ­a,https://www.elcolombiano.com/tecnologia/ciencia/video-avistamiento-pez-diablo-espana-tenerife-melanocetus-investigacion-GE26555164
623c7c21fc78c1155d4c381454767cbcb0b957638dc3aecb3bfc7b7e683a3e21,2025-02-02 16:25:13.474011+00:00,es,kienyke.com,kienyke.com,2025-02-02,"IA, economía circular y los nuevos estándares de reporte marcan el futuro de la sostenibilidad empresarial",https://www.kienyke.com/kien-opina/ia-economia-circular-y-los-nuevos-estandares-de-reporte-marcan-el-futuro-de-la
ea94f7da294fd272e6ff4fb90976ec84ba9855dcb3354c9d4738dd1a2347d236,2025-01-31 22:18:42.239640+00:00,es,diariodelhuila.com,diariodelhuila.com,2025-01-31,“La Acción Frente al Calentamiento Terrestre: Un Compromiso Urgente y Colectivo»,https://diariodelhuila.com/la-accion-frente-al-calentamiento-terrestre-un-compromiso-urgente-y-colectivo/
c728b803086d08a641583cbdf1d3d4dbdcd225b30e6fe53e758ea876e2c577b9,2025-01-26 21:30:14.657626+00:00,es,eldiario.com.co,eldiario.com.co,2025-01-26,Una fecha para reflexionar sobre nuestro impacto en el planeta,https://www.eldiario.com.co/seccion-d/pagina-verde/una-fecha-para-reflexionar-sobre-nuestro-impacto-en-el-planeta/
f2f2a5ba3ba564287b878b1f00c326a9c809820e858b38433bae77e704278c32,2025-01-24 03:24:13.838618+00:00,es,portafolio.co,portafolio.co,2025-01-23,"Polarización, conflicto y tecnología: tendencias clave en educación para 2025",https://www.portafolio.co/internacional/polarizacion-conflicto-y-tecnologia-tendencias-clave-en-educacion-para-2025-622304
fb945f0be7c60decec1c1c817a4fd796e561a700dc072b02b840dd2d5c0ca97d,2025-01-23 16:32:15.056114+00:00,es,elcolombiano.com,elcolombiano.com,2025-01-22,Estudio revela cÃ³mo la vida silvestre sustenta el bienestar humano,https://www.elcolombiano.com/medio-ambiente/biodiversidad-estudio-vida-silvestre-bienestar-humano-NB26419747
390037ed54039bdf3688423e1234a1af4ab2983ccba0f6ada1078d2f46022d39,2025-01-22 15:29:37.388059+00:00,es,rcnradio.com,rcnradio.com,2025-01-22,"Investigadores colombianos crean ladrillo ""ecosostenible"" con plásticos reciclados",https://www.rcnradio.com/colombia/investigadores-colombianos-crean-ladrillo-ecosostenible-con-plasticos-reciclados?amp
6848e8e947d3f93886fe48bac2bec3c7fac92f369a6d0fa01012399dcf84a94f,2025-01-22 14:23:10.563295+00:00,es,lafm.com.co,lafm.com.co,2025-01-22,Innovación colombiana: investigadores crearon ladrillos con plástico reciclado,https://www.lafm.com.co/medio-ambiente/innovacion-colombiana-investigadores-crearon-ladrillos-con-plastico-reciclado
790d7cd06f4ca1542dbe3726beb83deba0667557910d484ebcc8e8f8d017dc9c,2025-01-17 20:21:42.543075+00:00,es,areacucuta.com,areacucuta.com,2025-01-14,El turismo y la arquitectura sostenible se afianzan en el Eje Cafetero. Conozca en qué consiste esta tendencia,https://www.areacucuta.com/el-turismo-y-la-arquitectura-sostenible-se-afianzan-en-el-eje-cafetero-conozca-en-que-consiste-esta-tendencia/?utm_source=rss&utm_medium=rss&utm_campaign=el-turismo-y-la-arquitectura-sostenible-se-afianzan-en-el-eje-cafetero-conozca-en-que-consiste-esta-tendencia
3cb72e9ff3ad1c84054f38eda6e5b9aaec8461aa809e8c72acd96a222cde72ab,2025-01-16 17:40:43.523194+00:00,es,lafm.com.co,lafm.com.co,2025-01-16,"Los beneficios “invisibles” que podría perder la humanidad en biodiversidad, según la WWF",https://www.lafm.com.co/medio-ambiente/los-beneficios-invisibles-que-podria-perder-la-humanidad-en-biodiversidad-segun-la
a23db1f05178e30eaf7c8037960ae2828f6a68bee9c984a066da9746a81b0d6d,2025-01-16 17:20:12.253256+00:00,es,rcnradio.com,rcnradio.com,2025-01-16,Crisis de biodiversidad: WWF alerta sobre los beneficios “invisibles” que la humanidad podría perder,https://www.rcnradio.com/colombia/crisis-de-biodiversidad-wwf-alerta-sobre-los-beneficios-invisibles-que-la-humanidad-podria-perder?amp
6cd516fac04a8b5ede0f8b82e58b42637eaae5a5dab7a4116e56edc7f9d7950f,2025-01-15 06:27:17.053629+00:00,es,lanacion.com.co,lanacion.com.co,2025-01-15,Ciencia ciudadana: del asombro cotidiano al conocimiento colectivo,https://www.lanacion.com.co/ciencia-ciudadana-del-asombro-cotidiano-al-conocimiento-colectivo/
9871c3bce40549db72a23416f375138306e5b7cc4c76f7b9ad82b02c9e78d14e,2025-01-10 04:18:56.529083+00:00,es,occidente.co,occidente.co,2025-01-10,Restauración natural: la clave para revivir nuestros bosques y salvar el planeta.,https://occidente.co/opinion/columnistas/restauracion-natural-la-clave-para-revivir-nuestros-bosques-y-salvar-el-planeta/
b81f9f756e7cabd0781786dcf6143c1e2bde3583ec933b2384b670b22563d185,2025-01-06 16:30:01.466205+00:00,es,elcolombiano.com,elcolombiano.com,2025-01-05,Abre sus puertas La Casa de la Ciencia en MedellÃ­n: un homenaje a la biodiversidad local.,https://www.elcolombiano.com/multimedia/imagenes/inauguracion-casa-de-la-ciencia-medellin-NB26277208
0ce2c0dc1d1c97c736fd8a33d61df96dee73a73abf9108333874d37c596b3787,2024-12-30 02:23:00.826658+00:00,es,elexpediente.co,elexpediente.co,2022-02-06,El fantasma de la violencia electoral,https://elexpediente.co/el-fantasma-de-la-violencia-electoral/
0568530cc5b6908907e0a528819698d93218925193b40f491215930bc72bc2f5,2024-12-29 13:44:41.408791+00:00,es,eltiempo.com,eltiempo.com,2022-02-09,Basura que el río Magdalena arrastra a playas del Atlántico ahora es arte,https://www.eltiempo.com/colombia/barranquilla/basura-en-playas-del-atlantico-es-utilizada-como-insumo-por-artesanos-650588
4de62b86a93c0f70a7b16519ae94b7b876d37d884a07196247fece0e1eea5cf7,2024-12-27 18:42:16.008351+00:00,es,infobae.com,infobae.com,2022-02-24,Colombia y los Países Bajos firman acuerdo para fortalecer la economía circular,https://www.infobae.com/america/colombia/2022/02/24/colombia-y-los-paises-bajos-firman-acuerdo-para-fortalecer-la-economia-circular/
15996bfa889efde88b671670d1e53478efa6d7da9329efddbd50ab98b6df5738,2024-12-27 09:24:37.266999+00:00,es,infobae.com,infobae.com,2022-02-26,"ONU ve oportunidad ""histórica"" para abordar contaminación plástica",https://www.infobae.com/america/agencias/2022/02/26/onu-ve-oportunidad-historica-para-abordar-contaminacion-plastica/
4a12c2ca21901459ea66b3444d1f38f1a0cbd230e0940bd6320b44cd24ac521b,2024-12-26 21:19:07.344893+00:00,es,rionoticias.co,rionoticias.co,2022-03-01,"Reducir la basura marina, el llamado del Minambiente en el Día Mundial del Reciclaje",https://rionoticias.co/reducir-la-basura-marina-el-llamado-del-minambiente-en-el-dia-mundial-del-reciclaje/
591f3379bec06f51ed54bc0421bd658186a2ab34c21141a25ddcc1a69523bc34,2024-12-24 15:25:24.786945+00:00,es,infobae.com,infobae.com,2022-03-16,Foro de la Fundación VoLo aborda en Florida la sustentabliidad alimentaria,https://www.infobae.com/america/agencias/2022/03/16/foro-de-la-fundacion-volo-aborda-en-florida-la-sustentabliidad-alimentaria/
1a3f42e69769dc66304b6ebb601723b7272e32aa94cf872ebbdd8f8365f4e30a,2024-12-24 10:55:21.639745+00:00,es,eltiempo.com,eltiempo.com,2022-03-17,Cómo el éxito del asaí amenaza la biodiversidad amazónica,https://www.eltiempo.com/vida/ciencia/como-el-exito-del-asai-amenaza-la-biodiversidad-amazonica-659064
ad3e4b09425b6c4fa4ce6c3a946250f40fb2973e9e41fcc1e5041a94b395493c,2024-12-24 08:38:43.835646+00:00,es,semanariovoz.com,semanariovoz.com,2022-03-18,"En dibujos, monedas y canciones quedarán los frailejones",https://semanariovoz.com/en-dibujos-monedas-y-canciones-quedaran-los-frailejones/
124430ff4eb598743a5e52eca408065521c3f05adbd04ca5b26562032df683da,2024-12-23 15:09:26.912302+00:00,es,elpilon.com.co,elpilon.com.co,2022-03-22,"El ‘oro líquido’ del Cesar, un recurso vital insustituible",https://elpilon.com.co/el-oro-liquido-del-cesar-un-recurso-vital-insustituible/
ce6fb367aa83123c463a138aeaa1141cbc21151b5107a9e0bc79414c832e71d1,2024-12-23 08:24:16.687930+00:00,es,larepublica.co,larepublica.co,2024-12-23,Las apuestas del sector privado en Paraguay hacia las buenas prácticas ambientales,https://www.larepublica.co/especiales/anuario-ripe-2024/practicas-de-sostenibilidad-de-las-empresas-paraguayas-4025906
a4705aea2c7654622095139874020865c3be4a12728f771bc1cbe31563006bcf,2024-12-21 22:02:44.593075+00:00,es,eltiempo.com,eltiempo.com,2022-03-28,Este 3 de abril se hará la Carrera Verde en Bogotá,https://www.eltiempo.com/vida/medio-ambiente/este-3-de-abril-se-hara-la-carrera-verde-en-bogota-661535
5114f3312b873c7e1b23f0e15f81923615327c777b43a932baa097a5efcf6f78,2024-12-20 13:16:51.866007+00:00,es,diariodelcauca.com.co,diariodelcauca.com.co,2022-03-30,"Medio ambiente y salud, claves para centros comerciales",http://diariodelcauca.com.co/economia/medio-ambiente-y-salud-claves-para-centros-comerciales
6e7a85675ef6a945f21f298068cafb3f74a2123413287f0ee5d50574575da536,2024-12-20 08:37:17.194588+00:00,es,canaltropical.co,canaltropical.co,2022-03-31,Zoológico de Barranquilla es reconocido como Centro de Ciencia,https://canaltropical.co/?p=23856
072bd177d241476196611b50eb401472de751ec85f5245ef5fcd5f625bab29c6,2024-12-20 07:21:46.851967+00:00,es,diariolalibertad.com,diariolalibertad.com,2022-03-31,Minciencias reconoció al Zoológico de Barranquilla como Centro de Ciencia,https://diariolalibertad.com/sitio/2022/03/31/minciencias-reconocio-al-zoologico-de-barranquilla-como-centro-de-ciencia/
764ab8bc02f03ba4e96108c0b9080fe48ffadf09aa2a82888400672916d42deb,2024-12-18 06:59:27.168528+00:00,es,revistadiners.com.co,revistadiners.com.co,2022-04-07,"""Nuestro planeta, nuestra salud"", dice la OMS en el Día Mundial",https://revistadiners.com.co/tendencias/65910_10-acciones-para-cuidar-planeta/
fc96ee71ae4db816942dbdecb1b466127599b6af661aa1646a30d6d5b456afcb,2024-12-17 23:17:41.892971+00:00,es,diariolalibertad.com,diariolalibertad.com,2022-04-08,Gremios del sector minero de la región afirman que la actividad debe ir alineada con el desarrollo sostenible del mundo,https://diariolalibertad.com/sitio/2022/04/08/gremios-del-sector-minero-de-la-region-afirman-que-la-actividad-debe-ir-alineada-con-el-desarrollo-sostenible-del-mundo/
c82686fd6ee68c46b4ae2f6c7543ce271eb65d64534137851db762a555b77aba,2024-12-15 18:41:22.183629+00:00,es,elnuevoliberal.com,elnuevoliberal.com,2022-01-21,Los residuos están ahogando al planeta,https://elnuevoliberal.com/los-residuos-estan-ahogando-al-planeta/
d3bc736a1664fb47389cf03e3e37819508f8c3e3f89dfc34aa5e8105a67df324,2024-12-14 12:27:01.358956+00:00,es,elnuevoliberal.com,elnuevoliberal.com,2022-04-26,"Proagricultor, una herramienta para profesionalizar las labores del campo",https://elnuevoliberal.com/proagricultor-una-herramienta-para-profesionalizar-las-labores-del-campo/
7c20e3954ed34c9fed994c80c508497bdbc20f9978adad52f6bf505d235f34cc,2024-12-02 13:03:12.636302+00:00,es,infobae.com,infobae.com,2020-01-07,Falta de tiempo e infraestructura: cuáles son los principales motivos por los que los argentinos no reciclan,https://www.infobae.com/tendencias/2020/01/07/falta-de-tiempo-e-infraestructura-cuales-son-los-principales-motivos-por-los-que-los-argentinos-no-reciclan/
fd2706ce2859e6e154dd873ea93ffbe06a1b347d9ae715cfd8e1bc19af9aaabc,2024-12-02 04:22:17.019313+00:00,es,extra.com.co,extra.com.co,2020-01-10,Contaminación de los suelos: una amenaza invisible,https://huila.extra.com.co/noticias/ciencia/contaminacion-de-los-suelos-una-amenaza-invisible-583939
8b795d39d67a26a50819420df8b16ab6f1bed469fd3a4b5cc95411d6cfefae43,2024-11-30 15:13:15.744791+00:00,es,eltiempo.com,eltiempo.com,2020-01-23,Bioeconomía - Voces de la academia,http://blogs.eltiempo.com/vocesdelaacademiapoli/2020/01/23/bioeconomia/
f772c5daf830788971cad437f3a8b9bac59591e950f300af60f4968bd11bb15f,2024-11-30 14:25:54.253763+00:00,es,hsbnoticias.com,hsbnoticias.com,2024-11-30,¡Atención! Continúa racionamiento de agua hoy en este sector,https://www.hsbnoticias.com/atencion-continua-racionamiento-de-agua-hoy-en-este-sector-16/
41c8a755a19338736321526f75b51941f6d84492cdfa0e66d1c283f42f9d06e4,2024-11-30 12:41:15.730326+00:00,es,infobae.com,infobae.com,2020-01-25,¿Es posible pensar en un modelo económico al servicio del planeta?,https://www.infobae.com/def/def-medio-ambiente/2020/01/25/es-posible-pensar-en-un-modelo-economico-al-servicio-del-planeta/
b98c17d349f4310e7feca8eebe4724f372a81279f33703e5f546553353927521,2024-11-30 11:32:35.524582+00:00,es,larepublica.co,larepublica.co,2020-01-25,La movilidad inteligente y eficiente es necesaria para fomentar el turismo,https://www.larepublica.co/economia/movilidad-inteligente-y-eficiente-para-el-turismo-2956254
6723735164c7858cb08c9b56ac86542a301c9297ac743e9e8b44a5032db0a95f,2024-11-29 23:23:45.456251+00:00,es,diariodelsur.com.co,diariodelsur.com.co,2024-11-29,Día Internacional contra el Consumismo,https://www.diariodelsur.com.co/dia-internacional-contra-el-consumismo/
3c9820fce0d52c5fc22999488cf2a916166d4e8f47a07f9261d6de50a720c1ff,2024-11-29 23:22:48.825405+00:00,es,hsbnoticias.com,hsbnoticias.com,2024-11-29,‘Las locas decían la verdad’ se corto sobre las madres de falsos positivos de Soacha,https://www.hsbnoticias.com/las-locas-decian-la-verdad-se-corto-sobre-las-madres-de-falsos-positivos-de-soacha/
5fbddc4fe546666735dd478bfe82c149171d4973530a694c48fb32d93d9bf67a,2024-11-29 23:22:18.749536+00:00,es,hsbnoticias.com,hsbnoticias.com,2024-11-29,Día Internacional contra el Consumismo,https://www.hsbnoticias.com/dia-internacional-contra-el-consumismo/
0538736c320618e48f1d7c3631b621af5c18ad36e4577617d2e5e2fe6df4c2c6,2024-11-29 23:17:52.438006+00:00,es,extra.com.co,extra.com.co,2024-11-29,Día Internacional contra el Consumismo,https://extra.com.co/dia-internacional-contra-el-consumismo/
76e5962ea9f4ca2d9bae1878c15d5da1cd5fa6e216d31d0b8b0fdd0a9597b3c4,2024-11-29 09:10:25.336934+00:00,es,infobae.com,infobae.com,2020-02-03,Pequeños hábitos con grandes impactos: qué hacer para cuidar el medio ambiente,https://www.infobae.com/tendencias/2020/02/03/pequenos-habitos-con-grandes-impactos-que-hacer-para-cuidar-el-medio-ambiente/
e017da33efb9d410aae41c1932fccdb7c81952e3eb925a2122bafc678229e1cf,2024-11-29 05:36:25.577277+00:00,es,eltiempo.com,eltiempo.com,2020-02-04,La contaminación lumínica amenaza de extinción a las luciérnagas,https://www.eltiempo.com/vida/ciencia/la-contaminacion-luminica-amenaza-de-extincion-a-las-luciernagas-458718
12cb539dfd3dbb4bff7c9b31e0ad94a4e1716e0dcd93767102e7cdcd6443eb71,2024-11-27 22:23:41.372557+00:00,es,extra.com.co,extra.com.co,2020-02-15,L'Occitane concientiza sobre cuidar la piel y el cabello sin degradar el medio ambiente,https://bogota.extra.com.co/noticias/ciencia/l-occitane-concientiza-sobre-cuidar-la-piel-y-el-cabello-sin-591096
e035612cc0acad4b8c48e86229abe22dcd9ad881a84d99f1314c99c46a53cc30,2024-11-27 22:21:23.810919+00:00,es,extra.com.co,extra.com.co,2020-02-15,L'Occitane concientiza sobre cuidar la piel y el cabello sin degradar el medio ambiente,https://chiquinquira.extra.com.co/noticias/ciencia/l-occitane-concientiza-sobre-cuidar-la-piel-y-el-cabello-sin-591096
8d9b4c5e5084ae8e191fc1eac67872a6a067e7256c22e597764d0fc1a51553da,2024-11-27 22:18:54.579738+00:00,es,extra.com.co,extra.com.co,2020-02-15,L'Occitane concientiza sobre cuidar la piel y el cabello sin degradar el medio ambiente,https://bucaramanga.extra.com.co/noticias/ciencia/l-occitane-concientiza-sobre-cuidar-la-piel-y-el-cabello-sin-591096
ec23eb38297cff38c2d39e5ffbf3235cdcc62a7893e20cee2cba07859babd229,2024-11-27 22:18:52.053428+00:00,es,extra.com.co,extra.com.co,2020-02-15,L'Occitane concientiza sobre cuidar la piel y el cabello sin degradar el medio ambiente,https://cali.extra.com.co/noticias/ciencia/l-occitane-concientiza-sobre-cuidar-la-piel-y-el-cabello-sin-591096
8fee91e471535e64f599c91a5bb3b8e0b57d17842892a7b063885d15060dc2db,2024-11-27 22:18:46.761569+00:00,es,extra.com.co,extra.com.co,2020-02-15,L'Occitane concientiza sobre cuidar la piel y el cabello sin degradar el medio ambiente,https://extra.com.co/noticias/ciencia/l-occitane-concientiza-sobre-cuidar-la-piel-y-el-cabello-sin-591096
53b9eaf6a967ebda934f4869658adbf10f8c30950fab232e2105e1b8bb4aafb7,2024-11-27 22:18:45.997924+00:00,es,extra.com.co,extra.com.co,2020-02-15,L'Occitane concientiza sobre cuidar la piel y el cabello sin degradar el medio ambiente,https://palmira.extra.com.co/noticias/ciencia/l-occitane-concientiza-sobre-cuidar-la-piel-y-el-cabello-sin-591096
fbe9719229fb10a0945e982dcff41e821ae8d85d6401c230136fa86c59430b30,2024-11-27 22:18:40.870740+00:00,es,extra.com.co,extra.com.co,2020-02-15,L'Occitane concientiza sobre cuidar la piel y el cabello sin degradar el medio ambiente,https://cucuta.extra.com.co/noticias/ciencia/l-occitane-concientiza-sobre-cuidar-la-piel-y-el-cabello-sin-591096
57683074bb38cbb3acc4950578762e8a46b21bf5f215b90ad1f088cb78669fdb,2024-11-27 22:18:39.366156+00:00,es,extra.com.co,extra.com.co,2020-02-15,L'Occitane concientiza sobre cuidar la piel y el cabello sin degradar el medio ambiente,https://barrancabermeja.extra.com.co/noticias/ciencia/l-occitane-concientiza-sobre-cuidar-la-piel-y-el-cabello-sin-591096
cade521d21d5a941fef59e9f132443b303c3383a44994b790ea02e078b231493,2024-11-27 22:16:12.603928+00:00,es,diariodelcauca.com.co,diariodelcauca.com.co,2020-02-15,L'Occitane concientiza sobre cuidar la piel y el cabello sin degradar el medio ambiente,https://diariodelcauca.com.co/noticias/ciencia/l-occitane-concientiza-sobre-cuidar-la-piel-y-el-cabello-sin-591096
37b72aa33978120f3b3f6fe2a4e1a9da81447e92f0a0b5a45ecebc7f15c7f440,2024-11-27 22:15:54.394801+00:00,es,extra.com.co,extra.com.co,2020-02-15,L'Occitane concientiza sobre cuidar la piel y el cabello sin degradar el medio ambiente,https://casanare.extra.com.co/noticias/ciencia/l-occitane-concientiza-sobre-cuidar-la-piel-y-el-cabello-sin-591096
639a12e8c3c7e4b546748f72deefb36ed57f8ba75b611769edfd7abff8a57f35,2024-11-27 22:15:54.305039+00:00,es,extra.com.co,extra.com.co,2020-02-15,L'Occitane concientiza sobre cuidar la piel y el cabello sin degradar el medio ambiente,https://putumayo.extra.com.co/noticias/ciencia/l-occitane-concientiza-sobre-cuidar-la-piel-y-el-cabello-sin-591096
481282819432122d36d86a14b82a90871fd3f57fd2273f69204fea097ca9ebfa,2024-11-27 22:14:16.630202+00:00,es,extra.com.co,extra.com.co,2020-02-15,L'Occitane concientiza sobre cuidar la piel y el cabello sin degradar el medio ambiente,https://huila.extra.com.co/noticias/ciencia/l-occitane-concientiza-sobre-cuidar-la-piel-y-el-cabello-sin-591096
ef9313cbf4b1b6f963e0d6b685bccb4cd7f3f6a79d4159d9ad599e1505b2e26d,2024-11-27 22:13:41.466362+00:00,es,extra.com.co,extra.com.co,2020-02-15,L'Occitane concientiza sobre cuidar la piel y el cabello sin degradar el medio ambiente,https://girardot.extra.com.co/noticias/ciencia/l-occitane-concientiza-sobre-cuidar-la-piel-y-el-cabello-sin-591096
88d35ed818965606babecb0ab81ac3f0bf449ecc1ee3f56e5b43d34c1c79c28f,2024-11-27 22:13:40.729320+00:00,es,extra.com.co,extra.com.co,2020-02-15,L'Occitane concientiza sobre cuidar la piel y el cabello sin degradar el medio ambiente,https://llano.extra.com.co/noticias/ciencia/l-occitane-concientiza-sobre-cuidar-la-piel-y-el-cabello-sin-591096
0c27d4fb610430436157b9acb55b2451e7ab52dcf229f662281ecfcd08830b5c,2024-11-27 22:13:34.601833+00:00,es,extra.com.co,extra.com.co,2020-02-15,L'Occitane concientiza sobre cuidar la piel y el cabello sin degradar el medio ambiente,https://boyaca.extra.com.co/noticias/ciencia/l-occitane-concientiza-sobre-cuidar-la-piel-y-el-cabello-sin-591096
e14a836e5804029e35b0a1b0ab4a7457f576ac2d3cf3c553232dd08b59a68332,2024-11-27 22:13:26.455857+00:00,es,extra.com.co,extra.com.co,2020-02-15,L'Occitane concientiza sobre cuidar la piel y el cabello sin degradar el medio ambiente,https://pasto.extra.com.co/noticias/ciencia/l-occitane-concientiza-sobre-cuidar-la-piel-y-el-cabello-sin-591096
00a5d534f8984e238569a3d5ae1fd0cb4bc20229208d918e973f8b4bee8a8dbe,2024-11-27 22:11:59.100731+00:00,es,extra.com.co,extra.com.co,2020-02-15,L'Occitane concientiza sobre cuidar la piel y el cabello sin degradar el medio ambiente,https://ladorada.extra.com.co/noticias/ciencia/l-occitane-concientiza-sobre-cuidar-la-piel-y-el-cabello-sin-591096
8ef59299ec074fa444c8d260939fdd9b13a255d1c7082111e5ccf00eca45d72d,2024-11-27 22:11:51.423160+00:00,es,extra.com.co,extra.com.co,2020-02-15,L'Occitane concientiza sobre cuidar la piel y el cabello sin degradar el medio ambiente,https://caqueta.extra.com.co/noticias/ciencia/l-occitane-concientiza-sobre-cuidar-la-piel-y-el-cabello-sin-591096
997558cc4df7883ae0e1fc90d579716e5a6ade54f2d630cab693d80f5908e14b,2024-11-27 22:09:48.409480+00:00,es,extra.com.co,extra.com.co,2020-02-15,L'Occitane concientiza sobre cuidar la piel y el cabello sin degradar el medio ambiente,https://cauca.extra.com.co/noticias/ciencia/l-occitane-concientiza-sobre-cuidar-la-piel-y-el-cabello-sin-591096
6908df14eddf4ce5cdbd371317881a36027deab79de4de9ff9b4aa9a4b4adb4e,2024-11-27 22:09:48.378796+00:00,es,extra.com.co,extra.com.co,2020-02-15,L'Occitane concientiza sobre cuidar la piel y el cabello sin degradar el medio ambiente,https://ibague.extra.com.co/noticias/ciencia/l-occitane-concientiza-sobre-cuidar-la-piel-y-el-cabello-sin-591096
f72e83c50c8958c2d39558eddf3920b41910a2c01418ef1f3d3a2ea5a0748cd2,2024-11-27 22:09:35.034735+00:00,es,hsbnoticias.com,hsbnoticias.com,2020-02-15,L'Occitane concientiza sobre cuidar la piel y el cabello sin degradar el medio ambiente,https://hsbnoticias.com/noticias/ciencia/l-occitane-concientiza-sobre-cuidar-la-piel-y-el-cabello-sin-591096
a4eb39d637321b2efe14441f292f979dc975690a6a773ac1a9bb7e239cd584e8,2024-11-26 08:04:34.004726+00:00,es,canaltropical.co,canaltropical.co,2020-02-28,"“BIOBLITZ Barranquilla 2020”, una jornada de ciencia ciudadana",https://canaltropical.co/?p=37724
19e11c78c2d0d06e66ff85444f3d940994502f490e4bff81d4c7c9ee8d05c778,2024-11-26 05:24:14.527868+00:00,es,diariolalibertad.com,diariolalibertad.com,2020-02-29,Barranquilleros se conectarán con la naturaleza en ‘Bioblitz 2020’,https://diariolalibertad.com/sitio/2020/02/29/barranquilleros-se-conectaran-con-la-naturaleza-en-bioblitz-2020/?utm_source=rss&utm_medium=rss&utm_campaign=barranquilleros-se-conectaran-con-la-naturaleza-en-bioblitz-2020
df9441f11369e7a94797f9ac0db589bbe072fd290e37d76f7b4365140cca20f1,2024-11-26 05:22:05.705723+00:00,es,diariolalibertad.com,diariolalibertad.com,2020-02-29,"Bioblitz Barranquilla 2020”, jornada de ciencia ciudadana",https://diariolalibertad.com/sitio/2020/02/29/bioblitz-barranquilla-2020-jornada-de-ciencia-ciudadana/?utm_source=rss&utm_medium=rss&utm_campaign=bioblitz-barranquilla-2020-jornada-de-ciencia-ciudadana
8c820f2df8ef65ca8a06caffae17d247900ad54a9e5782df921c58e4bcef97c0,2024-11-25 17:55:36.095089+00:00,es,diariolalibertad.com,diariolalibertad.com,2020-03-02,BioBlitz 2020: barranquilleros hechizarán sus sentidos con la naturaleza,https://diariolalibertad.com/sitio/2020/03/02/bioblitz-2020-barranquilleros-hechizaran-sus-sentidos-con-la-naturaleza/?utm_source=rss&utm_medium=rss&utm_campaign=bioblitz-2020-barranquilleros-hechizaran-sus-sentidos-con-la-naturaleza
2ad1ce96d9be78c8c74c0e81be163d47885324437067fe2233229ceaeef68d3f,2024-11-25 10:40:36.138169+00:00,es,razonpublica.com,razonpublica.com,2024-11-24,La Situación de Desastre Nacional en medio del Desastre Global,https://razonpublica.com/la-situacion-desastre-nacional-medio-del-desastre-global/
9f0b06ab6852c5593fc1dd4f5f1abe519a376506a92896dd09c6c5f6eaf6c2a7,2024-11-24 03:37:58.303744+00:00,es,elmundo.com,elmundo.com,2020-03-15,AngloGold Ashanti se comprometió con el ambiente y la sostenibilidad,https://www.elmundo.com/noticia/AngloGold-Ashanti-se-comprometio-con-el-ambiente-y-la-sostenibilidad/379052
8c7241784d5ffa714121e321e06d282540052502b5f96b1ddfef1f1fa0df8ee7,2024-11-21 10:36:31.021204+00:00,es,gatopardo.com,gatopardo.com,2024-11-13,Hoteles BF son un refugio para el alma y el planeta,https://gatopardo.com/estilo-de-vida/hoteles-bf-un-refugio-para-el-alma-y-el-planeta/
f753a64667ff33cb162173b54e095a4f039e060c98e122b30fb8af5a12cae37a,2024-11-19 21:42:39.985062+00:00,es,infobae.com,infobae.com,2020-04-08,Ni el pangolín ni el murciélago: el culpable es el modelo,https://www.infobae.com/opinion/2020/04/08/ni-el-pangolin-ni-el-murcielago-el-culpable-es-el-modelo/
f73e0ad9e28b3dd79abac5fbfb6fded95f3bcdfc43eb6e7cc6c20c162e909d17,2024-11-19 10:41:18.851220+00:00,es,pasionporsantamarta.com,pasionporsantamarta.com,2024-11-19,Santa Marta Avanza en la modificación excepcional 2024 -2025 del Plan de Ordenamiento Territorial (POT),https://pasionporsantamarta.com/santa-marta-avanza-en-la-modificacion-excepcional-2024-2025-del-plan-de-ordenamiento-territorial-pot/
effa2e33660bf03fc52a0f4c0bf8f8edcf80bffa833e8b85d4e1f71c36fb300f,2024-11-17 22:21:43.699899+00:00,es,caracoltv.com,caracoltv.com,2020-04-22,¿Estamos cuidando bien la Tierra que nos acoge? Expertos cuestionan por el COVID-19,https://www.caracoltv.com/covid-19/actualidad/estamos-cuidando-bien-la-tierra-que-nos-acoge-expertos-cuestionan-por-el-covid-19-ie5163
6c2d72bf2c11df94ac3936a649cc55babf313bab9bf634519e0feb9b26cc5dca,2024-11-17 12:34:22.102124+00:00,es,infobae.com,infobae.com,2020-04-26,¿Hombres-virus que destruyen el mundo?,https://www.infobae.com/opinion/2020/04/26/hombres-virus-que-destruyen-el-mundo/
92be0d0c76df4b9da9082a8e7a07bd1cbbadc3b72a13a94495583b64978a27a1,2024-11-17 08:28:15.218253+00:00,es,eldiario.com.co,eldiario.com.co,2024-11-17,Un refugio natural y cultural para el futuro,https://www.eldiario.com.co/seccion-d/un-refugio-natural-y-cultural-para-el-futuro/
b6de3ef6561efaa9cc94dcf2b7bb2fbbe7a6746f499ed33ca992162a83c066cd,2024-11-17 02:58:11.134224+00:00,es,confidencialcolombia.com,confidencialcolombia.com,2020-04-29,La otra pandemia: crisis ambiental en 2020,https://confidencialcolombia.com/opinion/columnista-invitado/otra-pandemia-crisis-ambiental-en-2020-juan-pablo-aljure/2020/04/29
ad10e51d7b75e88813c8bf3ea6429c9ebf148e0591833915a3b38a3291ccef2c,2024-11-16 22:05:33.085544+00:00,es,seguimiento.co,seguimiento.co,2020-04-30,El Magdalena se une a la celebración de una nueva edición del Global Big Day,https://seguimiento.co/la-hamaca/el-magdalena-se-une-la-celebracion-de-una-nueva-edicion-del-global-big-day-35904
83d44d2e1b01d8961a2c8ac48efa9309b691ef3c2f317bf9d40b815037c1f32c,2024-11-16 16:16:09.333873+00:00,es,eltiempo.com,eltiempo.com,2020-05-02,"El planeta ‘respira’, pero no se recupera",https://www.eltiempo.com/vida/medio-ambiente/medio-ambiente-que-pasara-cuando-termine-la-pandemia-por-coronavirus-en-el-mundo-491132
f6e60a8135eac45e46b98e2e9702fbf2fb57f25017f14ccb8f849551504534a7,2024-11-16 12:09:51.531901+00:00,es,eltiempo.com,eltiempo.com,2020-05-05,La fauna silvestre al alcance de su ventana,https://www.eltiempo.com/vida/medio-ambiente/cuarentena-la-fauna-silvestre-al-alcance-de-su-ventana-491696
7ca121159bbac137d4d6030a4da5474e1bf061eee06cadbbc802c1f7a9832c4e,2024-11-16 03:19:49.207248+00:00,es,lafm.com.co,lafm.com.co,2024-11-16,Consejos prácticos para tener un hogar sostenible,https://www.lafm.com.co/medio-ambiente/consejos-practicos-para-tener-un-hogar-sostenible
50da2dd9b7b6604dabd16562a19011d3c3a9e8b9d74daa54b40ad9afa345a178,2024-11-15 09:51:39.366822+00:00,es,las2orillas.co,las2orillas.co,2020-05-12,La reconfiguración de los opuestos,https://www.las2orillas.co/la-reconfiguracion-de-los-opuestos/
6e58b6c70cad748305cc084085513b968b35800f386acd9b8c336635552e3e46,2024-11-14 16:11:39.216943+00:00,es,occidente.co,occidente.co,2020-05-18,Cambio climático en la agenda de Cali,https://occidente.co/cali/cambio-climatico-en-la-agenda-de-cali/?utm_source=rss&utm_medium=rss&utm_campaign=cambio-climatico-en-la-agenda-de-cali
6418abdd8283894a9429520298921e3e028e31ec411d3dfcf9a7ecd01919387a,2024-11-14 16:03:15.600592+00:00,es,confidencialcolombia.com,confidencialcolombia.com,2020-05-17,Proyecto apícola de Socorro destacado en Premios Latinoamérica Verde alineados a ODS,https://confidencialcolombia.com/actualidad/premios-latinoamerica-verde-proyecto-apicola-bbva-socorro/2020/05/17
685dcd664a43034995d2053a8e3398d18d0579a6545181cbe9252c84fa5f2d05,2024-11-14 15:25:54.669169+00:00,es,diariodelsur.com.co,diariodelsur.com.co,2024-11-14,"En Corferias, en Bogotá, se realizará el Chocoshow",https://www.diariodelsur.com.co/corferias-6/
0f4597e58e998d8dd591997fead66b127121924c889ffd9ad5ff9925fd029f06,2024-11-14 10:54:53.912806+00:00,es,elcolombiano.com,elcolombiano.com,2024-11-13,CientÃ­ficos descubrieron un gusano africano que se alimenta de plÃ¡stico,https://www.elcolombiano.com/tecnologia/ciencia/cientificos-descubrieron-gusano-africano-alimenta-plastico-CL25846260
cc5033abd36a3b95c4cec151c7b4639aaeedaf6bb4b797486048b869b4ef824e,2024-11-14 10:34:38.249782+00:00,es,gatopardo.com,gatopardo.com,2024-11-13,Un refugio para el alma y el planeta: Hoteles BF y su compromiso con el turismo regenerativo,https://gatopardo.com/estilo-de-vida/un-refugio-para-el-alma-y-el-planeta-hoteles-bf-y-su-compromiso-con-el-turismo-regenerativo/
37b91f040b72192d1475c9428f00bbbf5f4dadda04131d1734fb7b8bc4347950,2024-11-14 03:28:48.187710+00:00,es,eltiempo.com,eltiempo.com,2020-05-22,Hoy celebramos la biodiversidad:conozca algunas de las 51.330 especies,https://www.eltiempo.com/vida/medio-ambiente/hoy-celebramos-la-biodiversidad-conozca-algunas-de-las-51-330-especies-498414
a5ff4ce77c62ed7a89144d8d9839fce8ea8626e375e815179a3737e9a636f5f6,2024-11-14 00:58:29.793040+00:00,es,canaltropical.co,canaltropical.co,2020-05-23,Uniautónoma destacó en los Premios Latinoamérica Verde ocupando el cuarto puesto en ranking de Energías,https://canaltropical.co/?p=48547
7aabff0e30279fa528046a2d639536d0f121c19ac191cb102a3041448a024c9e,2024-11-12 19:20:41.127127+00:00,es,infobae.com,infobae.com,2020-06-04,Destacan eclosión de tortugas en peligro de extinción en las Islas Galápagos,https://www.infobae.com/america/agencias/2020/06/04/destacan-eclosion-de-tortugas-en-peligro-de-extincion-en-las-islas-galapagos/
cfca01e051fb6d5fd82a0d478329a16b1e2b767ac336a2b8eeb20bf023cdfdf0,2024-11-12 17:47:30.622733+00:00,es,eltiempo.com,eltiempo.com,2020-06-04,Eclosión de tortugas en peligro de extinción en las Islas Galápagos,https://www.eltiempo.com/vida/medio-ambiente/destacan-eclosion-de-tortugas-en-peligro-de-extincion-en-las-islas-galapagos-503076
85df8405f2d27b53f05fbc9a3a9c5c9dd64ba91c7f4b4fd4b0e7eeb650cccce1,2024-11-12 17:01:30.913085+00:00,es,infobae.com,infobae.com,2020-06-05,Día Mundial del Medio Ambiente: 8 claves para cuidarlo desde casa,https://www.infobae.com/america/tendencias-america/2020/06/05/dia-mundial-del-medio-ambiente-8-claves-para-cuidarlo-desde-casa/
b1e2cb271ee93486b25e6550bdaa54c03a6c980daec2366932bf038958de978c,2024-11-12 16:21:19.334351+00:00,es,bcnoticias.com.co,bcnoticias.com.co,2024-11-12,Caldas respira biodiversidad: finalizó el 12° Congreso de Aviturismo,https://www.bcnoticias.com.co/caldas-respira-biodiversidad-finalizo-el-12-congreso-de-aviturismo/
9dbc033f43d18850666d22cc0bfbd232f1bba795290ad3b86b9b70e8c27538b9,2024-11-12 15:34:44.461064+00:00,es,opinioncaribe.com,opinioncaribe.com,2020-06-05,"Avistamiento digital, más sensible a la biodiversidad",https://www.opinioncaribe.com/2020/06/05/avistamiento-digital-mas-sensible-a-la-biodiversidad/
6a2e3e4df4657465e6bad368fb3a0ea676eea9b1cb0dc23812217db5bef4f8c2,2024-11-12 11:45:32.005577+00:00,es,rcnradio.com,rcnradio.com,2020-06-08,Cursos virtuales gratuitos sobre educación ambiental en Bogotá,https://www.rcnradio.com/bogota/conozca-los-cursos-virtuales-para-aprender-cuidar-el-ambiente-en-bogota
f8fa6b7afd0e0206dd7de0f894ed9b8a51dd3406c94cabd096a5543eff8339dc,2024-11-10 23:49:17.973898+00:00,es,eltiempo.com,eltiempo.com,2020-07-03,"Reducir la huella de carbono, un compromiso institucional e individual",http://blogs.eltiempo.com/vocesdelaacademiapoli/2020/07/03/reducir-la-huella-de-carbono-un-compromiso-institucional-e-individual/
787cb34046529943ade3b59f13e8dbad02c91f400352adf8074097bfb275e1dc,2024-11-10 12:07:43.774568+00:00,es,elpais.com.co,elpais.com.co,2020-07-10,Por una América verde,https://www.elpais.com.co/opinion/editorial/por-una-america-verde.html
cc03dfc02acc439fa1463a3cc6bc3e080b618411cb229f89da0e85cff4a92ed3,2024-11-09 23:33:06.276187+00:00,es,periodicodebate.com,periodicodebate.com,2020-07-18,Paquete legislativo de Uribe y CD,http://periodicodebate.com/index.php/nacion/politica/item/26760-cd-1512
aa7703d17e29d1049430d7ef513047b2e16a8bc88806213840b9a045aa25725b,2024-11-09 16:18:48.119262+00:00,es,bcnoticias.com.co,bcnoticias.com.co,2024-11-09,"Biodiversidad, conservación y comunidad: tres elementos claves del aviturismo en Caldas",https://www.bcnoticias.com.co/biodiversidad-conservacion-y-comunidad-tres-elementos-claves-del-aviturismo-en-caldas/
417e48bec9485860987127ef4a5f0aa38e1e6eace853f6275ea0a1f5030a5207,2024-11-09 15:24:59.386962+00:00,es,extra.com.co,extra.com.co,2024-11-09,Realiza inspección en la quebrada,https://extra.com.co/realiza-inspeccion-en-la-quebrada/
b86c926a3bffb24ddfb01f6176cc3d7ec596ffa2af11e9784c8d67df347f4c8d,2024-11-09 11:53:48.990963+00:00,es,eltiempo.com,eltiempo.com,2020-07-27,Se quedan sin bosque: la difícil situación de los primates en Colombia,https://www.eltiempo.com/vida/medio-ambiente/atlas-de-los-primates-en-colombia-deforestacion-los-deja-sin-bosque-522822
61c0d1dafb9910354c81eb8c503826a1563b6a6bb19c935a9b8e269048256ddf,2024-11-09 07:47:08.844854+00:00,es,infobae.com,infobae.com,2020-08-01,Cuenta regresiva para el medioambiente: ¿qué se debe hacer para salvar al mundo?,https://www.infobae.com/def/def-medio-ambiente/2020/08/01/cuenta-regresiva-para-el-medioambiente-que-se-debe-hacer-para-salvar-al-mundo/
e302009f89c20e0fd838bc20271c0de9cda5827b523365c9d4f39f8b67116eab,2024-11-08 23:48:14.293657+00:00,es,eltiempo.com,eltiempo.com,2020-08-07,Los retos que le esperan a Iván Duque,https://www.eltiempo.com/politica/gobierno/los-retos-que-le-esperan-al-presidente-ivan-duque-al-cumplir-dos-anos-de-su-proyecto-politico-526964
8d0ec072fe7a5e88181238334c0414d11e5b3c3e9cb53b1ad89ade11fe3d5126,2024-11-08 16:37:02.403591+00:00,es,infobae.com,infobae.com,2020-08-13,Naomi Harris y XR lanzan un cortometraje contra la pérdida de bioversidad,https://www.infobae.com/america/agencias/2020/08/13/naomi-harris-y-xr-lanzan-un-cortometraje-contra-la-perdida-de-bioversidad/
260f0a20d211a0120d5baf88e58a6091994249013a0e256df901654c832eaa68,2024-11-08 16:23:43.919485+00:00,es,bcnoticias.com.co,bcnoticias.com.co,2024-11-08,Con el Simposio de Educación inició el 12° Congreso de Aviturismo de Caldas,https://www.bcnoticias.com.co/con-el-simposio-de-educacion-inicio-el-12-congreso-de-aviturismo-de-caldas/
89dea2e70ee1ba0f3c4def4fecfb168c81dd0c05848c1b3ed77c8f879193868b,2024-11-08 11:14:30.601518+00:00,es,infobae.com,infobae.com,2020-08-17,“El planeta no soporta más; esto se nos va de las manos”: la mirada de 15 figuras sobre el cambio climático,https://www.infobae.com/tendencias/2020/08/17/el-planeta-no-soporta-mas-esto-se-nos-va-de-las-manos-la-mirada-de-15-figuras-sobre-el-cambio-climatico/
2d0d955b389c3c3c018a1829d8b95dd9155a1c03851660f26d28d85753f2c0be,2024-11-08 01:22:41.944926+00:00,es,hoydiariodelmagdalena.com.co,hoydiariodelmagdalena.com.co,2020-08-23,Talentoso grupo de investigadores ganó el Latinoamérica Verde,https://www.hoydiariodelmagdalena.com.co/archivos/405437
6b36d1fba6bee1ca5288a7ed8d7a6946669bf01123e6d69d6bbab9fd7c65a3de,2024-11-07 04:10:16.414964+00:00,es,eltiempo.com,eltiempo.com,2020-08-28,Arte convertido en instinto de conservación en la Sierra Nevada,https://www.eltiempo.com/vida/medio-ambiente/arte-convertido-en-instinto-de-conservacion-en-la-sierra-nevada-534674
81929e7fafb416e389dec31f51f308e9a5e419e50c2ace9a0ad17c4d9c39b7fa,2024-11-06 05:58:37.179198+00:00,es,eltiempo.com,eltiempo.com,2020-08-31,¿De qué trata el nuevo Reporte Bio que presentará Instituto Humboldt?,https://www.eltiempo.com/vida/medio-ambiente/de-que-va-el-nuevo-reporte-bio-que-presentara-el-instituto-humboldt-535151
dc4d9a39036eb45b8e197753a5a8e3532945ed9bea45ced3f8f02e3ace3dad60,2024-11-06 05:20:00.563675+00:00,es,occidente.co,occidente.co,2024-11-06,Asamblea Departamental de Juventud del Valle del Cauca: Jóvenes construyendo futuro,https://occidente.co/regionales/valle-del-cauca/asamblea-departamental-de-juventud-del-valle-del-cauca-jovenes-construyendo-futuro/
7633aebc154d97663985d40f173470ee5af1eae8f2b3c0f8ca869283e9957020,2024-11-06 00:38:57.217372+00:00,es,elpais.com.co,elpais.com.co,2020-09-01,El ejemplo de Bitaco,http://www.elpais.com.co/opinion/molino-de-papel/el-ejemplo-de-bitaco.html
d113b8e33fbb293ec61ab01f364b967308331c1c8e493976d77c394ace8b1fc7,2024-11-05 12:38:31.673988+00:00,es,laguajirahoy.com,laguajirahoy.com,2024-11-05,Corpoguajira y MinCiencias impulsan proyecto para proteger el Pepino de Mar,https://laguajirahoy.com/medio-ambiente/corpoguajira-y-minciencias-impulsan-proyecto-para-proteger-el-pepino-de-mar.html?utm_source=rss&utm_medium=rss&utm_campaign=corpoguajira-y-minciencias-impulsan-proyecto-para-proteger-el-pepino-de-mar
bc58bfab6b263bac61df1ccbee0100bf1b2018f4ce065366c0333ea2e6558691,2024-11-05 02:25:17.887235+00:00,es,portafolio.co,portafolio.co,2024-11-04,Para Bavaria el plan de cuidado a los recursos naturales es integral,https://www.portafolio.co/negocios/empresas/para-bavaria-el-plan-de-cuidado-a-los-recursos-naturales-es-integral-616846
c36c77fff01527cc95571c7361dfcc8125a14d1e5e66913bbe46ab503534a649,2024-11-04 22:36:15.795280+00:00,es,eldiario.com.co,eldiario.com.co,2021-11-25,"Nuevo Living Lab UTP, para apoyar a comunidades frente los desafíos ambientales",https://www.eldiario.com.co/noticias/pereira/nuevo-living-lab-utp-para-apoyar-a-comunidades-frente-los-desafios-ambientales/
1d15fe4f93c3f64a16c911abb17efcc8fceadb1885aba0d6afe383d5f7488ff3,2024-11-04 08:55:54.678389+00:00,es,eltiempo.com,eltiempo.com,2021-11-28,La responsabilidad ambiental se sienta a la mesa,https://www.eltiempo.com/cultura/gastronomia/el-gran-impacto-de-la-alimentacion-en-el-cambio-climatico-635451
b3f24d57c7e7e7d1606f3e3745fe87d8347c757a8f8f7a2a28418482f763a7c9,2024-11-03 12:37:26.338635+00:00,es,infobae.com,infobae.com,2021-12-04,El organismo más grande del planeta es un hongo y los científicos buscan entender por qué,https://www.infobae.com/america/ciencia-america/2021/12/04/el-organismo-mas-grande-del-planeta-es-un-hongo-y-los-cientificos-buscan-entender-por-que/
5ce706974dac763d6adece7e81bf307726f9496a850dc59048177e3743cb5580,2024-11-03 04:18:04.078295+00:00,es,eltiempo.com,eltiempo.com,2021-12-07,Ecoansiedad: así afecta el cambio climático a nuestra salud mental,https://www.eltiempo.com/vida/medio-ambiente/ecoansiedad-asi-afecta-el-cambio-climatico-a-nuestra-salud-mental-637405
29bf370afc6042719169c8af523d82a419481917d807d58e91d3536941e554b9,2024-11-03 03:57:52.600691+00:00,es,seguimiento.co,seguimiento.co,2021-12-07,Más de 1.300 policías brindarán seguridad en el Magdalena en Navidad y Fin de Año,https://seguimiento.co/magdalena/mas-de-1300-policias-brindaran-seguridad-en-el-magdalena-en-navidad-y-fin-de-ano-51815
3c659b42aae595c2ad9bc04cbd42ce6c797c40408d13008ec8ef73a838234529,2024-11-03 02:32:55.103239+00:00,es,diariodelhuila.com,diariodelhuila.com,2021-12-07,1.800 POLICÍAS APOYARÁN TEMPORADA NAVIDEÑA EN EL HUILA,https://diariodelhuila.com/1-800-policias-apoyaran-temporada-navidena-en-el-huila/
ca722e370b7b53df9bcda93ca69fdd3f3936118eb5fd4b716f20154cf4778c61,2024-11-01 16:21:50.511314+00:00,es,bcnoticias.com.co,bcnoticias.com.co,2024-11-01,Expertos destacan trabajo de la Industria Licorera de Caldas por la biodiversidad y la economía circular,https://www.bcnoticias.com.co/expertos-destacan-trabajo-de-la-industria-licorera-de-caldas-por-la-biodiversidad-y-la-economia-circular/
b7156ac6d4f481388f2cc9d827c9287e0a7a94feb53d83d6b3d2d384e433b251,2024-11-01 14:21:18.034032+00:00,es,eltiempo.com,eltiempo.com,2024-11-01,Cayeron responsables del asesinato de dos líderes culturales en Bosa llamados María Camila Ospitia y Camilo Sánchez,https://www.eltiempo.com/bogota/cayeron-responsables-de-dos-homicidios-de-lideres-culturales-en-bosa-maria-camila-ospitia-y-camilo-sanchez-3395872
1699db30518090dce11c33712f24015c9782eba591c8297f7695d55d54009765,2024-10-29 03:29:32.852918+00:00,es,eltiempo.com,eltiempo.com,2024-10-28,"Economía circular, ¿con transición o terapia de choque en el sector del plástico?",https://www.eltiempo.com/opinion/columnistas/economia-circular-con-transicion-o-terapia-de-choque-en-el-sector-del-plastico-3394590
9bea154570900233ebbb966ad8478befe7f74c67d2e58a5b4920dd76b81ed543,2024-10-28 06:15:16.437048+00:00,es,eltiempo.com,eltiempo.com,2021-12-20,365 días para aprender sobre los océanos con la Agenda del Mar 2022,https://www.eltiempo.com/vida/ciencia/agenda-del-mar-2022-una-oportunidad-para-aprender-sobre-los-oceanos-640319
b60bf5ecc006695819dbc50d25014366d04a3e28913de5412b0751557104fa92,2024-10-28 05:22:51.312444+00:00,es,eje21.com.co,eje21.com.co,2024-10-28,Buscan financiación para frenar la tala de más de cinco billones de árboles al año,https://www.eje21.com.co/2024/10/buscan-financiacion-para-frenar-la-tala-de-mas-de-cinco-billones-de-arboles-al-ano/
00818699bbde8662be217dc17899e8cb97a5c11f6403f8281b55cdd41250ef53,2024-10-25 08:25:19.946444+00:00,es,lanacion.com.co,lanacion.com.co,2024-10-25,Umúka: transformando residuos en oportunidades,https://www.lanacion.com.co/umuka-transformando-residuos-en-oportunidades/
1e36da40bac84c959e78e40d0cb511688142ebce7d1b55837c5677ea54b68bc8,2024-10-25 03:25:31.476477+00:00,es,eldiario.com.co,eldiario.com.co,2024-10-24,COP16 premia a 16 colombianas por su labor ambiental,https://www.eldiario.com.co/actualidad/cop16-premia-a-16-colombianas-por-su-labor-ambiental/
6bd11c4e7023fda5c7e65dda7b748e261fa3321778dd5233fbb9ad178ac49ddf,2024-10-25 01:23:18.581100+00:00,es,portafolio.co,portafolio.co,2024-10-24,Dos establecimientos colombianos están en la lista de The World’s 50 Best,https://www.portafolio.co/tendencias/entretenimiento/dos-establecimientos-colombianos-estan-en-la-lista-de-the-world-s-50-best-616168
4ae01f117e83343d4f45a8e5c34dc23aac7093127491960ea151222b2fcfba73,2024-10-24 20:27:52.616944+00:00,es,eltiempo.com,eltiempo.com,2024-10-24,"Si padece alguna de estas enfermedades, no puede consumir arándanos",https://www.eltiempo.com/cultura/gente/si-padece-alguna-de-estas-enfermedades-no-puede-consumir-arandanos-3393405
c7f7fc00294e86e1e759c2b84680875a3bb3194f8af8b59b5119e9d89ff1847f,2024-10-24 10:19:46.051231+00:00,es,lalinternaazul2.wordpress.com,lalinternaazul2.wordpress.com,2024-10-24,"COP 16, una reunión inútil",https://lalinternaazul2.wordpress.com/2024/10/24/cop-16-una-reunion-inutil/
a74ea72df3bebe0c438c529f80f3d2a070ceed2bc0bf7adddbf4da339cb5b23e,2024-10-24 02:00:12.108480+00:00,es,infobae.com,infobae.com,2020-09-09,Proyecto de ciencia ciudadana catalogará la biodiversidad en las Galápagos,https://www.infobae.com/america/agencias/2020/09/09/proyecto-de-ciencia-ciudadana-catalogara-la-biodiversidad-en-las-galapagos/
daf519ee82ebeedf9603884671345de29aacb293ab9f133df433d7a93520f573,2024-10-24 00:03:41.277004+00:00,es,wradio.com.co,wradio.com.co,2020-09-10,Cifra de pérdida de biodiversidad en América latina llega al 94 %: WWF,https://www.wradio.com.co/noticias/medio_ambiente/cifra-de-perdida-de-biodiversidad-en-america-latina-llega-al-94--wwf/20200910/nota/4069442.aspx
442cfb9b2a29091b3614287b70655e66ab9905264acc998199938a6528cea1d9,2024-10-23 20:21:02.156252+00:00,es,eltiempo.com,eltiempo.com,2024-10-23,¿Se le mide? La Nasa ofrece US$ 3 millones a quien pueda resolver este problema espacial,https://www.eltiempo.com/cultura/gente/se-le-mide-la-nasa-ofrece-us-3-millones-a-quien-pueda-resolver-este-problema-espacial-3393024
2a650852a8f6213e9551b78ff111b547ab9a1d3eb4d70e3f1ffc16c678b500df,2024-10-23 08:19:31.968205+00:00,es,occidente.co,occidente.co,2024-10-23,Corre por la biodiversidad en la carrera 4.2K de la COP16 y sé parte de la iniciativa deportiva más importante de Cali,https://occidente.co/cali/corre-por-la-biodiversidad-en-la-carrera-4-2k-de-la-cop16-y-se-parte-de-la-iniciativa-deportiva-mas-importante-de-cali/
66f16e9fd3e2e1c6ec23ff27183ae2c33c220fe4fc541688e82b3d4cdd108156,2024-10-22 23:23:30.398941+00:00,es,extra.com.co,extra.com.co,2020-09-25,Nat Geo celebra el Día Mundial de los Ríos con 'The Home River Bioblitz',https://llano.extra.com.co/noticias/vida-moderna/nat-geo-celebra-el-dia-mundial-de-los-rios-con-home-rive-632341
ebea2fc3c354bad212aa7dfa36026a40d6107789c73c4479f1350d5878f3e8af,2024-10-22 23:23:30.023745+00:00,es,diariodelcauca.com.co,diariodelcauca.com.co,2020-09-25,Nat Geo celebra el Día Mundial de los Ríos con 'The Home River Bioblitz',https://diariodelcauca.com.co/noticias/vida-moderna/nat-geo-celebra-el-dia-mundial-de-los-rios-con-home-rive-632341
dab1d3987643c585bdbfcf639d7e17138716e7212281b272e622fa5a1d7bf438,2024-10-22 23:23:26.481852+00:00,es,extra.com.co,extra.com.co,2020-09-25,Nat Geo celebra el Día Mundial de los Ríos con 'The Home River Bioblitz',https://palmira.extra.com.co/noticias/vida-moderna/nat-geo-celebra-el-dia-mundial-de-los-rios-con-home-rive-632341
91fed4be4f45c362b00adee40917bb9b9f1e148ff12f53f73bf2c5356f4ad3f7,2024-10-22 23:22:04.735982+00:00,es,extra.com.co,extra.com.co,2020-09-25,Nat Geo celebra el Día Mundial de los Ríos con 'The Home River Bioblitz',https://caqueta.extra.com.co/noticias/vida-moderna/nat-geo-celebra-el-dia-mundial-de-los-rios-con-home-rive-632341
1a25d795939088cf35ee2509680d7b2a378cd02f99d3eeb43c2ef8a6f3143487,2024-10-22 23:20:54.145301+00:00,es,extra.com.co,extra.com.co,2020-09-25,Nat Geo celebra el Día Mundial de los Ríos con 'The Home River Bioblitz',https://bucaramanga.extra.com.co/noticias/vida-moderna/nat-geo-celebra-el-dia-mundial-de-los-rios-con-home-rive-632341
00c3c6db8ed5d904f66bbdc089e7dde9ae0ca446b0b5c5d84bc232dc9341e053,2024-10-22 23:20:22.666261+00:00,es,extra.com.co,extra.com.co,2020-09-25,Nat Geo celebra el Día Mundial de los Ríos con 'The Home River Bioblitz',https://putumayo.extra.com.co/noticias/vida-moderna/nat-geo-celebra-el-dia-mundial-de-los-rios-con-home-rive-632341
7119c14f99334360d84fe6aab4f604f75d0a8c74f0fc69cd216724468d354ab8,2024-10-22 23:20:22.448244+00:00,es,extra.com.co,extra.com.co,2020-09-25,Nat Geo celebra el Día Mundial de los Ríos con 'The Home River Bioblitz',https://barrancabermeja.extra.com.co/noticias/vida-moderna/nat-geo-celebra-el-dia-mundial-de-los-rios-con-home-rive-632341
6563312af8785f7a8f2764003f053c0b27637278c109ad18c81bafb6fdcb765b,2024-10-22 23:20:22.192401+00:00,es,extra.com.co,extra.com.co,2020-09-25,Nat Geo celebra el Día Mundial de los Ríos con 'The Home River Bioblitz',https://ladorada.extra.com.co/noticias/vida-moderna/nat-geo-celebra-el-dia-mundial-de-los-rios-con-home-rive-632341
2425f71ada82e46d5b565d54c726637403393b2b8417bc5bcd29e8279ea2fc0b,2024-10-22 23:20:21.654845+00:00,es,extra.com.co,extra.com.co,2020-09-25,Nat Geo celebra el Día Mundial de los Ríos con 'The Home River Bioblitz',https://pasto.extra.com.co/noticias/vida-moderna/nat-geo-celebra-el-dia-mundial-de-los-rios-con-home-rive-632341
b6d8ddfe592306ed566215c756fc0f30fa16685bfe884705dece8375486b507c,2024-10-22 23:18:05.882047+00:00,es,extra.com.co,extra.com.co,2020-09-25,Nat Geo celebra el Día Mundial de los Ríos con 'The Home River Bioblitz',https://cucuta.extra.com.co/noticias/vida-moderna/nat-geo-celebra-el-dia-mundial-de-los-rios-con-home-rive-632341
ca66ce9fb7b1ca718bc3219f1fda94914e635f7d7c8d1f979cf54a9e1f1b6a2f,2024-10-22 23:17:51.693568+00:00,es,extra.com.co,extra.com.co,2020-09-25,Nat Geo celebra el Día Mundial de los Ríos con 'The Home River Bioblitz',https://boyaca.extra.com.co/noticias/vida-moderna/nat-geo-celebra-el-dia-mundial-de-los-rios-con-home-rive-632341
907c6cd6a87ed7064c3833c2eff6c40489df0ae23ce44d34375ff126fac5e4ee,2024-10-22 23:17:51.322137+00:00,es,extra.com.co,extra.com.co,2020-09-25,Nat Geo celebra el Día Mundial de los Ríos con 'The Home River Bioblitz',https://extra.com.co/noticias/vida-moderna/nat-geo-celebra-el-dia-mundial-de-los-rios-con-home-rive-632341
01fb55b86cd50c786da60e7904fa637fe862dd627a6e9aba4fb03adf2186f60f,2024-10-22 23:17:51.200968+00:00,es,extra.com.co,extra.com.co,2020-09-25,Nat Geo celebra el Día Mundial de los Ríos con 'The Home River Bioblitz',https://casanare.extra.com.co/noticias/vida-moderna/nat-geo-celebra-el-dia-mundial-de-los-rios-con-home-rive-632341
60f00153467c3b71b7b7a888ed9c99cf3ea59a3f661e546470dbf8cdfaf0df60,2024-10-22 23:17:14.590380+00:00,es,hsbnoticias.com,hsbnoticias.com,2020-09-25,Nat Geo celebra el Día Mundial de los Ríos con 'The Home River Bioblitz',https://hsbnoticias.com/noticias/vida-moderna/nat-geo-celebra-el-dia-mundial-de-los-rios-con-home-rive-632341
2948ca6d39250f4a5393301a963157be494b6cc4e334c68d5b119896a9398e07,2024-10-22 23:16:49.987191+00:00,es,extra.com.co,extra.com.co,2020-09-25,Nat Geo celebra el Día Mundial de los Ríos con 'The Home River Bioblitz',https://girardot.extra.com.co/noticias/vida-moderna/nat-geo-celebra-el-dia-mundial-de-los-rios-con-home-rive-632341
6159c98ab76b0ba60a19619213849a2686ed3b6ff2dd9139ff3265e3fb728442,2024-10-22 23:15:53.197826+00:00,es,extra.com.co,extra.com.co,2020-09-25,Nat Geo celebra el Día Mundial de los Ríos con 'The Home River Bioblitz',https://cali.extra.com.co/noticias/vida-moderna/nat-geo-celebra-el-dia-mundial-de-los-rios-con-home-rive-632341
542636b184135c583a0d136ce5617dedb47475752e281778a22bcad00bbb896e,2024-10-22 23:15:51.560716+00:00,es,diariodelsur.com.co,diariodelsur.com.co,2020-09-25,Nat Geo celebra el Día Mundial de los Ríos con 'The Home River Bioblitz',https://diariodelsur.com.co/noticias/vida-moderna/nat-geo-celebra-el-dia-mundial-de-los-rios-con-home-rive-632341
61e38ee2d750b233c68dfa25b97a6ece9ad9ece7a2ac2754d421d77be57c1803,2024-10-22 23:15:38.446625+00:00,es,extra.com.co,extra.com.co,2020-09-25,Nat Geo celebra el Día Mundial de los Ríos con 'The Home River Bioblitz',https://huila.extra.com.co/noticias/vida-moderna/nat-geo-celebra-el-dia-mundial-de-los-rios-con-home-rive-632341
33f2649fadce9a2d3214526b1579c81eb34648ac1cc76b36ac8119299a648904,2024-10-22 23:03:00.810645+00:00,es,extra.com.co,extra.com.co,2020-09-25,Nat Geo celebra el Día Mundial de los Ríos con 'The Home River Bioblitz',https://bogota.extra.com.co/noticias/vida-moderna/nat-geo-celebra-el-dia-mundial-de-los-rios-con-home-rive-632341
b90ef980807ed833666e7a8066b051fc80c22bf57a3fa7e44b3ea6c9a5b4a738,2024-10-22 22:58:05.358671+00:00,es,extra.com.co,extra.com.co,2020-09-25,Nat Geo celebra el Día Mundial de los Ríos con 'The Home River Bioblitz',https://cauca.extra.com.co/noticias/vida-moderna/nat-geo-celebra-el-dia-mundial-de-los-rios-con-home-rive-632341
9ef3074a3f998015e2f513a28996c0229abd04b371e1346b1ba6210e145ed0e3,2024-10-22 22:51:47.675223+00:00,es,extra.com.co,extra.com.co,2020-09-25,Nat Geo celebra el Día Mundial de los Ríos con 'The Home River Bioblitz',https://ibague.extra.com.co/noticias/vida-moderna/nat-geo-celebra-el-dia-mundial-de-los-rios-con-home-rive-632341
2c082f577702d556cdee4024433246f8554b30f4df2754f3798bf25412760c3f,2024-10-22 16:33:55.247291+00:00,es,canaltropical.co,canaltropical.co,2024-10-22,¿Qué tanto saben los colombianos sobre la biodiversidad?,https://canaltropical.co/?p=116758
d54b11dfaf252fe6d69eb90e95f7803b90d79b50ab7f836c2698971ec4471f1c,2024-10-22 05:22:20.695301+00:00,es,elpais.com.co,elpais.com.co,2020-10-07,El corazón del mundo,http://www.elpais.com.co/opinion/columnistas/benjamin-barney-caldas/el-corazon-del-mundo.html
efe67ddb3514e70fc000e0845cf7d705101896c58c8e3c84866b53ea3eeaa1e4,2024-10-21 18:25:16.818888+00:00,es,diariodelsur.com.co,diariodelsur.com.co,2024-10-21,"COP 16, el 60% de los colombianos desconoce conceptos claves para salvar el planeta",https://www.diariodelsur.com.co/cop-16-el-60-de-los-colombianos-desconoce-conceptos-claves-para-salvar-el-planeta/
186e04977e4286d3491d5d9307d9065245bae8666646e082226b808d01269d3a,2024-10-21 18:22:30.916477+00:00,es,extra.com.co,extra.com.co,2024-10-21,"COP 16, el 60% de los colombianos desconoce conceptos claves para salvar el planeta",https://extra.com.co/60-de-los-colombianos-desconoce-conceptos-clave-para-salvar-el-planeta/
d516ab5cb785322b1aedc10b8b7b1024572280623f33f480385846a84c432c3c,2024-10-21 07:53:29.678081+00:00,es,eldiario.com.co,eldiario.com.co,2020-10-20,Más de $92 mil millones invertirá la Cárder al ambiente en Risaralda en el nuevo Plan de Acción 2020-2023,https://www.eldiario.com.co/economia-2/editorwebeldiario-com-co/mas-de-92-mil-millones-invertira-la-carder-al-ambiente-en-risaralda-en-el-nuevo-plan-de-accion-2020-2023/
54c9de72417c24205740477a1b3eaa48300936d48d0f5750329992f3e68ad4ca,2024-10-20 23:20:33.017023+00:00,es,elheraldo.co,elheraldo.co,2020-10-26,¿Qué hacemos con la basura?,https://www.elheraldo.co/columnas-de-opinion/daniela-cepeda-tarud/que-hacemos-con-la-basura-768573
36b13d61e218325b7799c89c02955ccba293cb2932e108dbecfb7adf5189e0df,2024-10-20 20:20:02.433732+00:00,es,hsbnoticias.com,hsbnoticias.com,2024-10-20,María Fernanda Cabal explotó ante la Operación Perseo,https://www.hsbnoticias.com/mafe-cabal-exploto-fuertemente-ante-la-operacion-perseo/
f93aae82aef88b63384e438f039f6a99da3c6419d0eb3b89243f93c3a5eca0d4,2024-10-20 20:19:57.187018+00:00,es,hsbnoticias.com,hsbnoticias.com,2024-10-20,"Corinthians, campeón de la Libertadores, levantó la voz contra la Conmebol",https://www.hsbnoticias.com/corinthians-campeon-de-la-libertadores-levanto-la-voz-contra-la-conmebol/
dcce82c8ad2ed18ffbc653768666ad16ac7e1f46d5b98dc6fcfbec80197f5d8a,2024-10-20 04:21:35.671422+00:00,es,portafolio.co,portafolio.co,2024-10-18,El aislamiento ha dado lugar a una riqueza insular,https://www.portafolio.co/internacional/el-aislamiento-ha-dado-lugar-a-una-riqueza-insular-615758
5cee41da359938a7c8daa70ef49de8a6d270baa0641a28fad22b409da7a0a72e,2024-10-19 13:38:35.076037+00:00,es,infobae.com,infobae.com,2020-11-16,Sano y fuerte: cómo comer con menos de $100 por día,https://www.infobae.com/mix5411/2020/11/16/sano-y-fuerte-como-comer-con-menos-de-100-por-dia/
ff0faf7a42420d9abbbdce14e9e9762c0b7171cedbee0c5d0a827f7852a06402,2024-10-19 09:32:06.059162+00:00,es,diariolalibertad.com,diariolalibertad.com,2020-11-19,¿Polinizadores humanos o abejas robots?,https://diariolalibertad.com/sitio/2020/11/polinizadores-humanos-o-abejas-robots/
5e2fd3de91342e993dabec36f5f340049159bcec5960fc98136102c7fa53cab4,2024-10-19 09:07:54.816298+00:00,es,canaltropical.co,canaltropical.co,2020-11-19,¿Polinizadores humanos o abejas robots?,https://canaltropical.co/?p=71904
4886066a6d5d37ea6207942922b56ec88f90d33d8d4fa7916ceeec3a9dba10a2,2024-10-19 08:52:36.246636+00:00,es,infobae.com,infobae.com,2020-11-19,"Alex Atala: ""Podemos vivir sin fútbol, pero no sin el agricultor""",https://www.infobae.com/america/agencias/2020/11/19/alex-atala-podemos-vivir-sin-futbol-pero-no-sin-el-agricultor/
2dc4e322390c90a61025c7bd04c0b581741c08b90a0aeb7a56b8a0a2d5cf2a94,2024-10-18 18:25:28.198066+00:00,es,elpais.com.co,elpais.com.co,2020-11-29,Ecoparque de Pance: Así es el plan para convertirlo en el parque más grande de América Latina,http://www.elpais.com.co/cali/el-plan-para-convertir-a-pance-en-el-parque-mas-grande-de-america-latina.html
d8803725e6d9a655322947e9fd646502a4fa7afba1cc60d910d30e4f83700f79,2024-10-18 15:00:32.515633+00:00,es,larepublica.co,larepublica.co,2020-12-01,Colombia lidera adopción de Carta Ambiental en los países de la Comunidad Andina,https://www.larepublica.co/globoeconomia/colombia-lidera-adopcion-de-carta-ambiental-en-los-paises-de-la-comunidad-andina-3096541
1b4a2e00ababd91fc5a8cc422543ff0e0054e5535504904a2363dd6eaca082bc,2024-10-18 14:58:52.352049+00:00,es,lapiragua.co,lapiragua.co,2020-12-01,"Con el liderazgo de Colombia, países de la Comunidad Andina adoptan Carta Ambiental para proteger los ecosistemas de la región",https://www.lapiragua.co/con-el-liderazgo-de-colombia-paises-de-la-comunidad-andina-adoptan-carta-ambiental-para-proteger-los-ecosistemas-de-la-region/nacional/
4617320ead79d4a3da729074887fcfe9ff0443496ee1d73751d1dc21ac855ee7,2024-10-18 14:46:41.741806+00:00,es,infobae.com,infobae.com,2020-12-01,Países Andinos suscriben acuerdo para defender medio ambiente y enfrentar cambio climático,https://www.infobae.com/america/agencias/2020/12/01/paises-andinos-suscriben-acuerdo-para-defender-medio-ambiente-y-enfrentar-cambio-climatico-2/
299924021835d56e2f66fb7726af936705cd44253fa74c46e87018ff9e40c57b,2024-10-18 14:44:27.582606+00:00,es,eltiempo.com,eltiempo.com,2020-12-01,Duque pide unidad para luchar contra la deforestación,https://www.eltiempo.com/politica/gobierno/ivan-duque-se-compromete-a-proteger-los-ecosistemas-de-la-region-552270
768b6c4b0217c27b3d135f49d50fb9c1fadf23305b3682a2b5e3231c8314fce4,2024-10-18 14:43:25.500176+00:00,es,infobae.com,infobae.com,2020-12-01,El Sistema Nacional Ambiental se toma la Amazonía en una semana clave para su protección,https://www.infobae.com/america/colombia/2020/12/01/el-sistema-nacional-ambiental-se-toma-la-amazonia-en-una-semana-clave-para-su-proteccion/
efe20c6ece99f03e06e4b967e7de441d4afb1daee42abcb64ee39734b6cd65a5,2024-10-18 11:51:42.664059+00:00,es,periodicolacampana.com,periodicolacampana.com,2020-12-03,En 1ª. Cumbre Colombia Científica fueron presentados 900 productos resultado de investigaciones,https://www.periodicolacampana.com/en-1a-cumbre-colombia-cientifica-fueron-presentados-900-productos-resultado-de-investigaciones/
eea1b279d35f5888663f0525d3f9095d7c357fd2cb499334c21e51684b0becfa,2024-10-18 10:34:25.481709+00:00,es,losirreverentes.com,losirreverentes.com,2024-10-17,La hipocresía ambientalista y la depredación de la biodiversidad,https://losirreverentes.com/2024/10/la-hipocresia-ambientalista-y-la-depredacion-de-la-biodiversidad/
6f48392addd6bb4b5541819394b80845da3c9ca010478293c1e82b9ff9af9d6e,2024-10-18 01:16:52.594460+00:00,es,infobae.com,infobae.com,2020-12-09,Aprende en Casa II de la SEP: clases en internet del 9 de diciembre para alumnos de secundaria,https://www.infobae.com/america/mexico/2020/12/09/aprende-en-casa-ii-de-la-sep-clases-en-internet-del-9-de-diciembre-para-alumnos-de-secundaria/
5b68975fd0195a91990c8e2397b442e83c85542da2b398bbfdcc7f539fc8027c,2024-10-17 22:18:33.745096+00:00,es,extra.com.co,extra.com.co,2024-10-17,"‘Copito Recicla y Premia’, la campaña que impulsa el cuidado ambiental en el Valle",https://extra.com.co/copito-recicla-y-premia-la-campana-que-impulsa-el-cuidado-ambiental-en-el-valle/
a40433dc9ebd640b0797365c797aac064fd66d1fbfd0d68f31124dadc397bf94,2024-10-17 20:27:33.852024+00:00,es,elexpediente.co,elexpediente.co,2024-10-17,La hipocresía ambientalista y la depredación de la biodiversidad,https://elexpediente.co/la-hipocresia-ambientalista-y-la-depredacion-de-la-biodiversidad/
a422301c7679b5877bd941ef14219d719c9908ecd12020422e7a929501095ec1,2024-10-17 18:13:35.773910+00:00,es,infobae.com,infobae.com,2020-12-14,Aprende en Casa II de la SEP: clases en internet del 14 de diciembre para alumnos de secundaria,https://www.infobae.com/america/mexico/2020/12/14/aprende-en-casa-ii-de-la-sep-clases-en-internet-del-14-de-diciembre-para-alumnos-de-secundaria/
6530df732a7c6c7e00749c35a80f89c64edbb2e0596d50f46813b42a41abb94e,2024-10-17 17:57:08.753820+00:00,es,diariolalibertad.com,diariolalibertad.com,2020-12-14,Canciller Blum participó en reunión de Ministros de Relaciones Exteriores de la UE y América Latina,https://diariolalibertad.com/sitio/2020/12/canciller-blum-participo-en-reunion-de-ministros-de-relaciones-exteriores-de-la-ue-y-america-latina/
c02ff86e5b12ad2856a63e88e646cc720d5277aaafbe249d90a8f416d1635bf1,2024-10-17 16:26:03.067766+00:00,es,eldiario.com.co,eldiario.com.co,2024-10-17,COP 16 UNA GRAN OPORTUNIDAD.,https://www.eldiario.com.co/opinion/cop-16-una-gran-oportunidad/
23c4cbd049b10c35c318da21c5102699b5d4503cf726e2360768e86fa703ab60,2024-10-17 01:21:09.372812+00:00,es,diariolalibertad.com,diariolalibertad.com,2024-10-16,Previo a la inauguración de la COP16 se realizará en Bogotá el ‘Primer festival de aves de la Quinta: aves para la historia’,https://diariolalibertad.com/sitio/2024/10/16/previo-a-la-inauguracion-de-la-cop16-se-realizara-en-bogota-el-primer-festival-de-aves-de-la-quinta-aves-para-la-historia/
562bb789526cb94937e230e6e756299a90695146fe67c61ef251aaa081be5e91,2024-10-16 08:28:00.843286+00:00,es,lalinternaazul2.wordpress.com,lalinternaazul2.wordpress.com,2024-10-16,La hipocresía ambientalista y la depredación de la biodiversidad,https://lalinternaazul2.wordpress.com/2024/10/16/la-hipocresia-ambientalista-y-la-depredacion-de-la-biodiversidad/
e5b8f9e425a660b0aa9513dd6db35ae9959403935484e058018f53b25612ff2c,2024-10-16 06:30:43.445337+00:00,es,periodicodebate.com,periodicodebate.com,2024-10-16,La hipocresía ambientalista y la depredación de la biodiversidad,https://periodicodebate.com/index.php/opinion/columnistas-nacionales/item/36845-la-hipocresia-ambientalista-y-la-depredacion-de-la-biodiversidad
83de45a31bd849eaef1a675319df00e3cc92ff3cb67645e45395fb38b8adf6f0,2024-10-16 06:27:32.029098+00:00,es,larepublica.co,larepublica.co,2024-10-16,La hipocresía ambientalista y la depredación de la biodiversidad,https://www.larepublica.co/analisis/luis-guillermo-echeverri-velez-3075852/la-hipocresia-ambientalista-y-la-depredacion-de-la-biodiversidad-3976253
f3f053b629755982e168109967af2d06b465648d0def3bae57bc75851af01d35,2024-10-15 15:18:52.963134+00:00,es,hoydiariodelmagdalena.com.co,hoydiariodelmagdalena.com.co,2024-10-15,Así se vivió el October Big Day en ‘La Quinta’,https://hoydiariodelmagdalena.com.co/archivos/1011270/asi-se-vivio-el-october-big-day-en-la-quinta/
250e4cf02f87f4f8641f85969e6c0f46f44177a8df14c3eb91dc461654cdb912,2024-10-11 19:21:10.894555+00:00,es,lafm.com.co,lafm.com.co,2024-10-11,COP16: Lista la Casa Humboldt para disfrutar de exposiciones y actividades culturales,https://www.lafm.com.co/medio-ambiente/cop16-lista-la-casa-humboldt-para-disfrutar-de-exposiciones-y-actividades-culturales
9f875e2007308bbc0ee8dee319e2d1f4ee75b7af666d1e1f19ff0a45f920cfdd,2024-10-07 22:23:31.554717+00:00,es,90minutos.co,90minutos.co,2024-10-07,Cali lanza patrulla marítima para vigilar el Río Cauca,https://90minutos.co/cop16/cali-lanza-patrulla-maritima-para-vigilar-el-rio-cauca-07-10-2024/
4861b277e60cea51327dc34129475a8d154027c8503be110fffb021426c11725,2024-10-07 19:31:54.930187+00:00,es,90minutos.co,90minutos.co,2024-10-07,Cali lanza patrulla marítima para patrullar el Río Cauca,https://90minutos.co/cop16/cali-lanza-patrulla-maritima-para-patrullar-el-rio-cauca-07-10-2024/
6ee40623dfe19b6009d822d4d0c834b5a9a937a4b7f936668337ad8f550cdfd1,2024-10-07 16:21:24.435592+00:00,es,90minutos.co,90minutos.co,2024-10-07,220 vacantes en la 'Feria de Empleo COP16' en Cali: conozca la fecha y lugar donde se realizará,https://90minutos.co/cali/220-vacantes-en-la-feria-de-empleo-cop16-en-cali-conozca-la-fecha-y-lugar-07-10-2024/
0018102d606cf6ae5001ab768ca6b25704701bde0c70a082df9cbdb9714d67ae,2024-10-07 03:22:39.571636+00:00,es,occidente.co,occidente.co,2024-10-05,¡Viví la COP16! Cali se transforma en epicentro de biodiversidad y sostenibilidad,https://occidente.co/cali/vivi-la-cop16-cali-se-transforma-en-epicentro-de-biodiversidad-y-sostenibilidad/
f540bce73fe8b1c8d598f7a155269337e18db1f50c5298010ce3a38797372dbb,2024-10-05 22:18:36.567917+00:00,es,90minutos.co,90minutos.co,2024-10-05,La COP16 le apuesta a evitar el uso de plásticos y el cuidado de los residuos con el medio ambiente,https://90minutos.co/cop16/la-cop16-le-apuesta-a-evitar-el-uso-de-plasticos-y-el-cuidado-de-los-residuos-05-10-2024/
a63dddd730c38e350462fbf21e7d699a2ed6bea701a02b1c87390b7d65ead9b9,2024-10-05 19:21:06.275184+00:00,es,infobae.com,infobae.com,2024-10-05,Lucha contra las superbacterias en Argentina: un encuentro científico busca cómo combatir la resistencia antimicrobiana,https://www.infobae.com/salud/2024/10/05/lucha-contra-las-superbacterias-en-argentina-un-encuentro-cientifico-busca-como-combatir-la-resistencia-antimicrobiana/
64fe0afcd3338eac08931fca7d27239baf8760fc5aa2dedfbc16cb1187e10a54,2024-10-05 14:18:37.579430+00:00,es,lapatilla.com,lapatilla.com,2024-10-05,"Tierra, agua y semilla plantearon agrónomos venezolanos en Italia",https://www.lapatilla.com/2024/10/05/tierra-agua-y-semilla-plantearon-agronomos-venezolanos-en-italia/
d11966772f582c0113e821c200bc39b58b504eaabc6c4a986b82a1ee23f365a2,2024-10-03 23:17:15.481903+00:00,es,opinioncaribe.com,opinioncaribe.com,2024-10-03,Santa Marta se prepara para el October Big Day,https://www.opinioncaribe.com/2024/10/03/santa-marta-se-prepara-para-el-october-big-day/
47b80dd66a05d0d3a2fe17220b730a73a7d9b227612e59bf7bcfd75982d1ba42,2024-10-03 22:30:35.924124+00:00,es,90minutos.co,90minutos.co,2024-10-03,"Voluntarios de la COP16, los embajadores de Cali ante el mundo",https://90minutos.co/cali/voluntarios-cop16-embajadores-cali-03-10-2024/
c7e1e92a4d1008988c09910cf75269dab75afea638decd63f09feaba02802e7a,2024-10-03 22:29:49.216134+00:00,es,90minutos.co,90minutos.co,2024-10-03,Estos son los artistas que se presentarán en los eventos de la COP16,https://90minutos.co/cop16/estos-son-los-artistas-que-se-presentaran-en-los-eventos-de-la-cop16-03-10-2024/
d20bb9ddb542e0b7f5bddb9fcaf1ffa5705ff3c822cabaf60786e8da4a6e8a9d,2024-10-03 17:33:54.358568+00:00,es,90minutos.co,90minutos.co,2024-10-03,7 acciones para proteger la biodiversidad y tener un estilo de vida sostenible,https://90minutos.co/cop16/7-acciones-para-proteger-la-biodiversidad-y-tener-un-estilo-de-vida-sostenible-03-10-2024/
095e2d38f2ccb37f17e77c4a4af0f46ea77c17454f190091d424883e9ecc4f8b,2024-10-03 10:28:04.846759+00:00,es,infobae.com,infobae.com,2024-10-03,Comprueban la colonización de un gran lagarto en las ciudades del sudeste asiático,https://www.infobae.com/espana/agencias/2024/10/03/comprueban-la-colonizacion-de-un-gran-lagarto-en-las-ciudades-del-sudeste-asiatico/
8564fbf9569657ba895b8533f38b65e878adff55d0875f00acd0c8ca869f8f3a,2024-10-02 22:25:02.033671+00:00,es,90minutos.co,90minutos.co,2024-10-02,"Carlos Figueroa en la COP16, un caso de éxito en el reciclaje y consciencia ambiental",https://90minutos.co/cali/carlos-figueroa-cop16-caso-exito-reciclaje-consciencia-ambiental-02-10-2024/
1516ad238534b86f82872f543c23e304c95122669a6504226b5dd6498f7e3b11,2024-09-29 22:20:03.917977+00:00,es,minuto30.com,minuto30.com,2024-09-29,Medellín se une al Día Internacional de la Concienciación sobre la Pérdida y el Desperdicio de Alimentos,https://www.minuto30.com/medellin-se-une-al-dia-internacional-de-la-concienciacion-sobre-la-perdida-y-el-desperdicio-de-alimentos/1629996/
a8f372805021b135b6dd24e03f44d6c8e07343f425707a28d21a6b77387d1c88,2024-09-28 18:24:33.466065+00:00,es,infobae.com,infobae.com,2024-09-25,"Edna González, quién es la científica defensora de los anfibios que reta a la naturaleza",https://www.infobae.com/mexico/2024/09/25/edna-gonzalez-quien-es-la-cientifica-defensora-de-los-anfibios-que-reta-a-la-naturaleza/
16c757fe375b371da961bfd18f28374b23a286555b9d5168253f247f3c479c12,2024-09-28 16:25:13.046348+00:00,es,kienyke.com,kienyke.com,2024-09-28,¿Cuál es la marca que Andrea Petro presentará en la COP16?,https://www.kienyke.com/colombia/cual-es-la-marca-que-andrea-petro-presentara-en-la-cop16
b588f3acbb7c875e950c1a2abc36deae1ae1aabcfeb757610dcc30cf976adfd0,2024-09-28 05:21:49.459233+00:00,es,eje21.com.co,eje21.com.co,2024-09-28,Polémica en Colombia por presentación de marca de ropa de hija de Petro en la COP16,https://www.eje21.com.co/2024/09/polemica-en-colombia-por-presentacion-de-marca-de-ropa-de-hija-de-petro-en-la-cop16/
0d59f619046de2a62bc1c3c62a23d901bcef718459c83f192dbc953defba9471,2024-09-28 02:19:43.344993+00:00,es,portafolio.co,portafolio.co,2024-09-28,Polémica: hija de Gustavo Petro presentará su marca de ropa en la COP16,https://www.portafolio.co/economia/gobierno/polemica-hija-de-gustavo-petro-presentara-su-marca-de-ropa-en-la-cop16-614368
e3bd426c2c5aa49e0e1d73a09f5c621d70be06d54f9c433a8f9b87c764db09b2,2024-09-27 17:22:44.811382+00:00,es,lapatilla.com,lapatilla.com,2024-09-27,Polémica en Colombia tras la presentación de la marca de ropa de la hija de Petro en la COP16,https://www.lapatilla.com/2024/09/27/polemica-en-colombia-tras-la-presentacion-de-la-marca-de-ropa-de-la-hija-de-petro-en-la-cop16/
409b09633da4b73fff52cec90919626e17bd29fc6abff906d937caa2deef9e9b,2024-09-27 01:27:05.586516+00:00,es,infobae.com,infobae.com,2024-09-27,Miguel Polo Polo lanzó dura crítica a Andrea Petro por su presentanción en la COP16: “Se apalanca en su papá”,https://www.infobae.com/colombia/2024/09/27/miguel-polo-polo-lanzo-dura-critica-a-andrea-petro-por-su-presentancion-en-la-cop16-se-apalanca-en-su-papa/
2c553dcf910bed68d1410ec1e4d18017dd03b07e4c772c5cf4d473c5482a32e3,2024-09-25 21:25:57.471483+00:00,es,hoydiariodelmagdalena.com.co,hoydiariodelmagdalena.com.co,2021-11-13,Los temas clave con los que colombia finaliza su participación en la COP26,https://www.hoydiariodelmagdalena.com.co/archivos/593537
278439f0a93e4ca45f1f0ad6a012431f4fbb012182eb6812fbb700a90911e268,2024-09-24 04:17:53.085387+00:00,es,libretadeapuntes.com,libretadeapuntes.com,2024-09-23,Movistar Colombia lidera la sostenibilidad en telecomunicaciones,https://libretadeapuntes.com/movistar-colombia-3/
73e1ff9d77a91930e5f34bcd0cec66e544db6ea534939b23085df44a6c86db5c,2024-09-22 03:20:26.183440+00:00,es,90minutos.co,90minutos.co,2024-09-21,La Ciclovía llega este domingo para disfrutar del deporte y la recreación junto a las mascotas,https://90minutos.co/cali/la-ciclovia-de-cali-llega-este-domingo-para-disfrutar-del-deporte-21-09-2024/
ab17bc1d9bdc08c1a582bc870c2217e9739b0cf8b7e9d8579f0ec6f3ac1afaac,2024-09-21 21:19:48.790830+00:00,es,90minutos.co,90minutos.co,2024-09-21,Nueva Feria de Vivienda en Cali: ¿Quiénes pueden aplicar? Conozca los detalles,https://90minutos.co/cali/nueva-feria-de-vivienda-en-cali-quienes-pueden-aplicar-conozca-detalles-21-09-2024/
a8fee5bd1fd3ed2701332b88e4db085a74c9d429677622ce286e77de991d171d,2024-09-21 18:24:08.078460+00:00,es,90minutos.co,90minutos.co,2024-09-21,Colombia Mayor inicia noveno ciclo de pagos ¿Cuándo y dónde se puede cobrar?,https://90minutos.co/cali/colombia-mayor-inicia-noveno-ciclo-de-pagos-cuando-se-puede-cobrar-21-09-2024/
b8d0d387aea3ee6f139aa8d267e33732954602e9660962c13c2067b36e1ba289,2024-09-21 15:22:25.649004+00:00,es,infobae.com,infobae.com,2024-09-21,Plantar una semilla en el jardín puede ayudar a contrarrestar el cambio climático,https://www.infobae.com/wapo/2024/09/21/plantar-una-semilla-en-el-jardin-puede-ayudar-a-contrarrestar-el-cambio-climatico/
839e92c1ca9b179e6bf02b2be971b81407aea32bec65dcaab07d205c24835857,2024-09-17 22:28:01.201723+00:00,es,hsbnoticias.com,hsbnoticias.com,2024-09-17,"Relleno Sanitario, una bomba de tiempo para las comunidades",https://www.hsbnoticias.com/relleno-sanitario-una-bomba-de-tiempo-para-las-comunidades/
ca8b14faf13ad6945cf5af11e3dd77f76cdb4d2edd20706977bc30a75a912081,2024-09-17 22:26:20.327866+00:00,es,extra.com.co,extra.com.co,2024-09-17,"Relleno Sanitario, una bomba de tiempo para las comunidades",https://extra.com.co/relleno-sanitario-una-bomba-de-tiempo-para-las-comunidades/
c0bc0581b6895904f16bf25a01953135b299d5d83d876307b977d328055b1810,2024-09-16 03:19:41.070594+00:00,es,eltiempo.com,eltiempo.com,2024-09-15,COP16: estos son los 6 asuntos con los que Colombia podría consolidar su liderazgo ambiental,https://www.eltiempo.com/vida/medio-ambiente/cop16-estos-son-los-asuntos-con-los-que-colombia-podria-consolidar-su-liderazgo-ambiental-3381305
679e16516a281703dd9b47394c61af7ed469dcf8de91fefaeb56ce38dfe7140e,2024-09-15 02:22:05.985844+00:00,es,diariodelnorte.net,diariodelnorte.net,2024-09-14,"COP16, el reto que nos une para pensar en el planeta",https://diariodelnorte.net/opinion/cop16-el-reto-que-nos-une-para-pensar-en-el-planeta/
5bebe1a915281a3dd24751c128b86e81f3e2ebba6154a320a04b79e71cf6a1eb,2024-09-13 01:25:54.474818+00:00,es,infobae.com,infobae.com,2024-09-13,Jardín Botánico de Bogotá: el santuario urbano que preserva más de 2.000 especies andinas en peligro,https://www.infobae.com/colombia/2024/09/13/jardin-botanico-de-bogota-el-santuario-urbano-que-preserva-mas-de-2000-especies-andinas-en-peligro/
6232345c27fd40cd47441118a45c766a9f80155163ae7ad8e8109d988c76a71e,2024-09-11 18:18:44.398683+00:00,es,90minutos.co,90minutos.co,2024-09-11,Festival Internacional de Cine Infantil y Juvenil de Cali: Estas serán sus funciones y horarios,https://90minutos.co/cali/festival-internacional-de-cine-infantil-y-juvenil-de-cali-estas-seran-sus-funciones-y-horarios-11-09-2024/
e314940dc60543b3237b772a44fcf2437810fbe077c9bee1f8ed162f7f1f9686,2024-09-11 18:18:01.420538+00:00,es,90minutos.co,90minutos.co,2024-09-11,"90 al día: Las noticias más importantes de la región este miércoles, 11 de septiembre",https://90minutos.co/cali/90-al-dia-las-noticias-mas-importantes-de-la-region-este-miercoles-11-de-septiembre-11-09-2024/
9581e5bb33e7f1fff5215ae7af2a6a32104a841544eadd197254c6b9bdc60bc6,2024-09-10 18:20:31.115011+00:00,es,areacucuta.com,areacucuta.com,2024-07-17,Turismo Rural en Colombia: Experiencias Auténticas en el Corazón del Campo,https://www.areacucuta.com/turismo-rural-en-colombia-experiencias-autenticas-en-el-corazon-del-campo/?utm_source=rss&utm_medium=rss&utm_campaign=turismo-rural-en-colombia-experiencias-autenticas-en-el-corazon-del-campo
8f7b34048c318ea85306ae62f936b5a711d4ec9820f03c26d368c2b9f31dfd75,2024-09-10 09:24:02.781588+00:00,es,infobae.com,infobae.com,2024-09-10,"La ciencia también padece la ""España vaciada""",https://www.infobae.com/espana/agencias/2024/09/10/la-ciencia-tambien-padece-la-espana-vaciada/
cc3ec1af83e66490e5544b02a7a8f95d31b489b18bf7e9207dd9b2e70555b51c,2024-09-10 02:30:01.617491+00:00,es,eltiempo.com,eltiempo.com,2021-10-16,Acciones sencillas para comer de forma más responsable con el medioambiente,https://www.eltiempo.com/vida/medio-ambiente/como-comer-de-forma-mas-responsable-con-el-medioambiente-625645
b2c3d3db6bebc9b18cf6e64eb492310d8599bafd8fdcf62890496b317a5b5af3,2024-09-09 14:05:16.867350+00:00,es,eltiempo.com,eltiempo.com,2021-10-25,"La COP26, oportunidad para mitigar una emergencia ambiental irreversible",https://www.eltiempo.com/vida/medio-ambiente/cop26-oportunidad-para-mitigar-una-emergencia-ambiental-irreversible-627772
bba4da5031f2ef30afd4684e49e75175b37a0fb38a12fbd2de226a2c5d9d6986,2024-09-09 14:03:28.442602+00:00,es,eltiempo.com,eltiempo.com,2021-10-25,Minambiente abre convocatoria para financiar proyectos ambientales,https://www.eltiempo.com/vida/medio-ambiente/minambiente-abre-convocatoria-para-financiar-proyectos-ambientales-627767
d38ff0b3640bb6a9649cc5749940dd17efcfdba98c16d1f44d46697b2b28e11e,2024-09-09 03:56:10.223198+00:00,es,infobae.com,infobae.com,2021-11-01,La CE impulsa la conectividad digital en zonas rurales para atraer a jóvenes,https://www.infobae.com/america/agencias/2021/11/01/la-ce-impulsa-la-conectividad-digital-en-zonas-rurales-para-atraer-a-jovenes/
3b08ac71eb986da006b05d42d0456c5681584586788ee3d7b73ac36f66e629bd,2024-09-08 22:19:57.997640+00:00,es,diariodelnorte.net,diariodelnorte.net,2021-11-04,¿Qué tiene que ver La Guajira con la conferencia de Glasgow?,https://www.diariodelnorte.net/noticias/opinion/que-tiene-que-ver-la-guajira-con-la-conferencia-de-glasgow/
6c3724075cccaaba2670445aed9b42970d07f82ddef0b7af530283ccadeacea2,2024-09-08 21:32:44.123062+00:00,es,eltiempo.com,eltiempo.com,2021-11-05,A propósito de la COP26 en Glasgow: ¿Quién va a asumir la cuenta?,https://www.eltiempo.com/bogota/quien-va-a-asumir-la-cuenta-de-la-cop26-opinion-630402
6af82fcf8e51fe73838db9bb446ed40223d0d931ee56dd0183bddef7aa53f1e8,2024-09-08 10:53:37.198759+00:00,es,infobae.com,infobae.com,2021-09-15,Más de 200 estudiantes porteños participaron del Hackatón de Jóvenes por el Ambiente,https://www.infobae.com/educacion/2021/09/15/mas-de-200-estudiantes-portenos-participaron-del-hackaton-de-jovenes-por-el-ambiente/
da94684b29f798acaf6da063c203cab2b3852f037195ca2f88d51cb8a217d463,2024-09-08 05:56:09.825249+00:00,es,eltiempo.com,eltiempo.com,2021-09-18,"En Panamá, cientos de personas recogen basura de playas para concientizar",https://www.eltiempo.com/vida/medio-ambiente/voluntarios-recogen-basuras-en-playas-de-panama-619153
73da87c16953f3fd72ca80932f1d04ba9477af4eb8107b08fa7348e8ace53c25,2024-09-08 05:51:36.909342+00:00,es,infobae.com,infobae.com,2021-09-18,Centenares de voluntarios recogen basura en playas de Panamá para concienciar,https://www.infobae.com/america/agencias/2021/09/18/centenares-de-voluntarios-recogen-basura-en-playas-de-panama-para-concienciar/
5b1219cb7147d2057f1100a2d597e885bff77af0cea8181b2ca6f532dda5ee87,2024-09-08 03:09:20.751769+00:00,es,infobae.com,infobae.com,2021-09-20,Más de una tonelada de desechos fueron recuperados en playas del Chocó,https://www.infobae.com/america/colombia/2021/09/20/mas-de-una-tonelada-de-desechos-fueron-recuperados-en-playas-del-choco/
7a1689c5babf89a8a48a063d78f8ce27705e37e64c400a92b04cc3116f8eb449,2024-09-07 23:26:04.072923+00:00,es,infobae.com,infobae.com,2024-09-07,Contaminación del aire: por qué es un grave problema global que afecta a la salud y el medio ambiente,https://www.infobae.com/salud/ciencia/2024/09/07/contaminacion-del-aire-por-que-es-un-grave-problema-global-que-afecta-a-la-salud-y-el-medio-ambiente/
fb77d4e8f757c32bf306d6cfadaec8b885dceacbccbed361ce028992c7f50c13,2024-09-07 05:23:58.173385+00:00,es,infobae.com,infobae.com,2024-09-07,ONU: de anhelo internacional a decepción global,https://www.infobae.com/noticias/2024/09/07/onu-de-anhelo-internacional-a-decepcion-global/
a64f57067df840a4d044001f9d62b939103915da9be2765e70578b55109187e8,2024-09-06 16:29:08.743484+00:00,es,larepublica.co,larepublica.co,2024-06-09,"Más que dividendo opcional, la sostenibilidad es un pasaporte para operar en el futuro",https://www.larepublica.co/especiales/lr-express-congreso-andi/la-vision-del-tejido-empresarial-en-la-redefinicion-de-sostenibilidad-como-pilar-futuro-3946796
90dcc41d0d122a745061f54f3a89515a213d8bbd8b552155f062995a1230e60a,2024-09-06 15:11:20.594280+00:00,es,infobae.com,infobae.com,2021-10-08,Leticia recibirá a presidentes de Sudamérica para reforzar la protección de la selva amazónica,https://www.infobae.com/america/colombia/2021/10/08/leticia-recibira-a-presidentes-de-sudamerica-para-reforzar-la-proteccion-de-la-selva-amazonica/
98326dbdca43574188db2a2108a44206bf996f97f4e8e34bfedc014e51c8dc53,2024-09-04 00:45:05.335814+00:00,es,eltiempo.com,eltiempo.com,2021-04-07,Hallan nueva especie de rana arlequín en selva entre Panamá y Colombia,http://www.eltiempo.com/vida/medio-ambiente/especie-de-rana-arlequin-en-selva-entre-panama-y-colombia-medioambiente-579122
abce576897cb75e879f39b5d7175365a9a1ee156456a722d99b6ea9915663ad7,2024-09-03 19:53:38.463215+00:00,es,infobae.com,infobae.com,2021-04-14,Una isla de plástico flotante frente al Planetario alerta sobre el peligro de los residuos en la Ciudad,https://www.infobae.com/sociedad/2021/04/14/una-isla-de-plastico-flotante-frente-al-planetario-alerta-sobre-el-peligro-de-los-residuos-en-la-ciudad/
dad2d43d3a3b8e599bddb2f93bd3539c3fe8d3ac573a98d494e39c25dbad2e49,2024-09-03 11:03:53.128988+00:00,es,eldiario.com.co,eldiario.com.co,2021-04-21,"Pereiranos, dosquebradences y virginianos a participar en el reto mundial naturalista",https://www.eldiario.com.co/noticias/pereira/pereiranos-dosquebradences-y-virginianos-a-participar-en-el-reto-mundial-naturalista/
a4a93a2009411c199df7d8b3b856974a1d6d5b33a6f5e4ba83ed43fc9a2018fb,2024-09-03 07:38:21.717918+00:00,es,diariolalibertad.com,diariolalibertad.com,2021-04-22,Policía Ambiental del Magdalena conmemora el Día de la Tierra sembrando árboles,https://diariolalibertad.com/sitio/2021/04/22/policia-ambiental-del-magdalena-conmemora-el-dia-de-la-tierra-sembrando-arboles-y-relanzando-el-grupo-juvenil-ambiental/
e64797a306997c799065eacf4a49812a54b44702240e8d9d369d6bea80def04f,2024-09-03 07:21:28.137189+00:00,es,diariolalibertad.com,diariolalibertad.com,2021-04-22,Policía Ambiental realiza lanzamiento del grupo cívico juvenil 'Amigos de la Naturaleza',https://diariolalibertad.com/sitio/2021/04/22/policia-ambiental-realiza-lanzamiento-del-grupo-civico-juvenil-amigos-de-la-naturaleza/
6354830dc99c4d0d27b80890b86739f29f7dfc7e184cc581f02a0f1a0247b442,2024-09-02 23:36:51.558954+00:00,es,canaltropical.co,canaltropical.co,2021-04-27,Aprobado en primer debate Proyecto de Prohibición de Plásticos de un solo uso en el Distrito,https://canaltropical.co/?p=93173
fdcd7ddc5ae524ca0c593103a4559df9343de51bcbcedf2d34c5be316c63a326,2024-09-02 19:01:59.053240+00:00,es,elpilon.com.co,elpilon.com.co,2021-04-30,Hacia dónde enrumbar la economía,https://elpilon.com.co/hacia-donde-enrumbar-la-economia/
bcf6dd36cbfec63c0180a624ca0e087b83d3bb9ce6ed039fb466863b3c032058,2024-09-01 14:47:52.776978+00:00,es,infobae.com,infobae.com,2021-05-17,Fútbol.- Simeone anima a los ciudadanos a proteger juntos el planeta a través del reciclaje de vidrio,https://www.infobae.com/america/agencias/2021/05/17/futbol-simeone-anima-a-los-ciudadanos-a-proteger-juntos-el-planeta-a-traves-del-reciclaje-de-vidrio/
7c00610436f5b12f1dd72c12694dca44aab3d21c77a00b497864895e69912b24,2024-09-01 13:12:17.691042+00:00,es,infobae.com,infobae.com,2021-05-18,Ciencia.-Hay más de 50.000 millones de aves en el mundo,https://www.infobae.com/america/agencias/2021/05/18/ciencia-hay-mas-de-50000-millones-de-aves-en-el-mundo/
90675c4b4a9fe1dc6416fcad8c200bd6e90c279d3a4a84c4032ae4fde1f6303e,2024-09-01 11:04:48.179276+00:00,es,elheraldo.co,elheraldo.co,2021-05-21,Día de la Biodiversidad,https://www.elheraldo.co/columnas-de-opinion/carlos-eduardo-correa/dia-de-la-biodiversidad-818995
4e1edb164e8aa14f6fd42ffb78e2422b85eb7216c54a560598bd275b08cd312d,2024-09-01 10:13:32.523780+00:00,es,eltiempo.com,eltiempo.com,2021-05-20,Casi un 17 % de las áreas terrestres del mundo son ya zonas protegidas,https://www.eltiempo.com/vida/viajar/casi-un-17-de-las-areas-terrestres-del-mundo-son-ya-zonas-protegidas-589646
cf5832e5208b6723a6c922e80a8ddc6cec3a989b10f0fd1906995cc56a4da51d,2024-09-01 08:28:58.080995+00:00,es,infobae.com,infobae.com,2021-05-20,¿Cuántos pájaros hay en el mundo?,https://www.infobae.com/america/perrosygatos/2021/05/20/cuantos-pajaros-hay-en-el-mundo/
73cc3f1248dade9ee2b0371fe7871d8f6bbed0037b6cbfa8b652c1f7d98c83a7,2024-09-01 07:14:30.893208+00:00,es,eltiempo.com,eltiempo.com,2021-05-21,Plantar bosques contra el cambio climático es ineficaz,https://www.eltiempo.com/vida/medio-ambiente/plantar-bosques-contra-el-cambio-climatico-es-ineficaz-590011
49d02f31d70654b0903d1488ed46803bbdaeee05baa5afeded35187c8bf4380d,2024-08-31 19:48:03.102192+00:00,es,infobae.com,infobae.com,2021-05-30,La encíclica Laudato Si’ desde América Latina,https://www.infobae.com/opinion/2021/05/30/la-enciclica-laudato-si-desde-america-latina/
828e368432486977670b8ccd88cf099ab6e30f2601bf2eddcfec08b4363d3d7a,2024-08-31 16:49:35.169048+00:00,es,infobae.com,infobae.com,2021-06-03,Escuela y medio ambiente: qué plataformas promueven el trabajo colaborativo con científicos argentinos,https://www.infobae.com/educacion/2021/06/03/escuela-y-medio-ambiente-que-plataformas-promueven-el-trabajo-colaborativo-con-cientificos-argentinos/
0b24134af3b6c42dcc15ab960448b4ff16fd0f0efe5a7b1b8202ee85407bc9e6,2024-08-31 14:51:22.692971+00:00,es,larepublica.co,larepublica.co,2021-06-03,Scotiabank se une al programa ambiental 'Ecoescuelas' realizado en Cundinamarca,https://www.larepublica.co/finanzas/scotiabank-se-une-al-programa-ambiental-ecoescuelas-realizado-en-cundinamarca-3180457
4a85192dffdaa9d31ba9825fce8885679a8e950be802490295015ac59ad4efa6,2024-08-31 12:39:57.093898+00:00,es,elpilon.com.co,elpilon.com.co,2021-06-04,"El río Cesar, “entre la espuma”, espera acciones contundentes para su recuperación",https://elpilon.com.co/el-rio-cesar-entre-la-espuma-espera-acciones-contundentes-para-su-recuperacion/
f520b8664d874999b70f320f7df46a1ce7129fc2ae56cce4dce5e540f86f5fbe,2024-08-31 12:01:19.021877+00:00,es,hsbnoticias.com,hsbnoticias.com,2021-06-05,[VIDEO] Cinco películas para reflexionar en el Día Mundial del Medio Ambiente: 5 de junio,https://hsbnoticias.com/noticias/ciencia/video-cinco-peliculas-para-reflexionar-en-el-dia-mundial-del-689904
76f668817e84f81465c8fe7f90956a92451c2bfb4ffb831a0076af638367fd16,2024-08-31 12:00:02.539936+00:00,es,extra.com.co,extra.com.co,2021-06-05,"Pakistán, anfitrión del Día Mundial del Medio Ambiente: 5 películas para reflexionar",https://extra.com.co/noticias/ciencia/pakistan-anfitrion-del-dia-mundial-del-medio-ambiente-5-peli-689905
64e80a11de28604285b25354d29a5be14a39cce1028a6a09f41bea99ec2d4095,2024-08-31 11:59:15.165023+00:00,es,extra.com.co,extra.com.co,2021-06-05,"Pakistán, anfitrión del Día Mundial del Medio Ambiente: 5 películas para reflexionar",https://chiquinquira.extra.com.co/noticias/ciencia/pakistan-anfitrion-del-dia-mundial-del-medio-ambiente-5-peli-689905
7fef590fb8ac7d5e66bfc7d54df0cb7fdfe751344a5c578a0d06cfc4d750e84f,2024-08-31 11:59:08.635303+00:00,es,extra.com.co,extra.com.co,2021-06-05,"Pakistán, anfitrión del Día Mundial del Medio Ambiente: 5 películas para reflexionar",https://ladorada.extra.com.co/noticias/ciencia/pakistan-anfitrion-del-dia-mundial-del-medio-ambiente-5-peli-689905
b73654cc7987a0d28ed554ecac331e953a09c9f4e9951928d8e0067da4467f05,2024-08-31 11:58:44.726349+00:00,es,extra.com.co,extra.com.co,2021-06-05,"Pakistán, anfitrión del Día Mundial del Medio Ambiente: 5 películas para reflexionar",https://caqueta.extra.com.co/noticias/ciencia/pakistan-anfitrion-del-dia-mundial-del-medio-ambiente-5-peli-689905
3773711515e37b92df9d3d9c1ee7c5ce2c70747dd2b1c9270e0e6b7458a3c2a0,2024-08-31 11:56:36.057481+00:00,es,extra.com.co,extra.com.co,2021-06-05,"Pakistán, anfitrión del Día Mundial del Medio Ambiente: 5 películas para reflexionar",https://pasto.extra.com.co/noticias/ciencia/pakistan-anfitrion-del-dia-mundial-del-medio-ambiente-5-peli-689905
b0a058a959744b4a8bb149efdddb16c837dbc24f4968b2a3235e235ab491aaef,2024-08-31 11:56:35.165863+00:00,es,extra.com.co,extra.com.co,2021-06-05,"Pakistán, anfitrión del Día Mundial del Medio Ambiente: 5 películas para reflexionar",https://cauca.extra.com.co/noticias/ciencia/pakistan-anfitrion-del-dia-mundial-del-medio-ambiente-5-peli-689905
15b29a9187ac2871477f4a84dbdb38a6628b594803f65d92cfdbcf94f4ac973e,2024-08-31 11:55:16.982990+00:00,es,diariodelcauca.com.co,diariodelcauca.com.co,2021-06-05,[VIDEO] Cinco películas para reflexionar en el Día Mundial del Medio Ambiente: 5 de junio,https://diariodelcauca.com.co/noticias/ciencia/video-cinco-peliculas-para-reflexionar-en-el-dia-mundial-del-689904
bc89e7a43f52f9e3cf7bfa903b2306680987f78deb3566fb404f1eab67b7eeeb,2024-08-31 11:54:38.823594+00:00,es,extra.com.co,extra.com.co,2021-06-05,"Pakistán, anfitrión del Día Mundial del Medio Ambiente: 5 películas para reflexionar",https://boyaca.extra.com.co/noticias/ciencia/pakistan-anfitrion-del-dia-mundial-del-medio-ambiente-5-peli-689905
95b8bf658c3c3a8d0753db068f14f76694e2dfa2e49f44eefc7ec8af57b0bf69,2024-08-31 11:54:37.988745+00:00,es,extra.com.co,extra.com.co,2021-06-05,"Pakistán, anfitrión del Día Mundial del Medio Ambiente: 5 películas para reflexionar",https://ibague.extra.com.co/noticias/ciencia/pakistan-anfitrion-del-dia-mundial-del-medio-ambiente-5-peli-689905
c6910293f69dfb7af432716a77cfdcd1908df2d360381a06ace5d33acdddcd8b,2024-08-31 11:54:13.554996+00:00,es,extra.com.co,extra.com.co,2021-06-05,"Pakistán, anfitrión del Día Mundial del Medio Ambiente: 5 películas para reflexionar",https://bucaramanga.extra.com.co/noticias/ciencia/pakistan-anfitrion-del-dia-mundial-del-medio-ambiente-5-peli-689905
132ed1629a291de693a580ad64ff9af4a725f9b123d53efac66aa599abba6498,2024-08-31 11:53:39.795655+00:00,es,extra.com.co,extra.com.co,2021-06-05,"Pakistán, anfitrión del Día Mundial del Medio Ambiente: 5 películas para reflexionar",https://llano.extra.com.co/noticias/ciencia/pakistan-anfitrion-del-dia-mundial-del-medio-ambiente-5-peli-689905
bd003e2aff56c455587c06f98c3359700d70a407be4db0a9069b34f49d58ceff,2024-08-31 11:52:53.880429+00:00,es,extra.com.co,extra.com.co,2021-06-05,"Pakistán, anfitrión del Día Mundial del Medio Ambiente: 5 películas para reflexionar",https://cucuta.extra.com.co/noticias/ciencia/pakistan-anfitrion-del-dia-mundial-del-medio-ambiente-5-peli-689905
207295444338fdbbeef7e1187b668ac17c5144c4c48057b96561bce86432ac29,2024-08-31 11:52:50.406676+00:00,es,extra.com.co,extra.com.co,2021-06-05,"Pakistán, anfitrión del Día Mundial del Medio Ambiente: 5 películas para reflexionar",https://huila.extra.com.co/noticias/ciencia/pakistan-anfitrion-del-dia-mundial-del-medio-ambiente-5-peli-689905
c8b8bae128ac9519e8aba9a7b965ca59a7f84bc0ec62240d132d2e3be26a4a33,2024-08-31 11:52:49.042142+00:00,es,extra.com.co,extra.com.co,2021-06-05,"Pakistán, anfitrión del Día Mundial del Medio Ambiente: 5 películas para reflexionar",https://putumayo.extra.com.co/noticias/ciencia/pakistan-anfitrion-del-dia-mundial-del-medio-ambiente-5-peli-689905
4d0a278e61c00a59da734a45315e36bf63a1fc31b6fcf17c9942d0b2400d27b6,2024-08-31 11:52:20.786814+00:00,es,extra.com.co,extra.com.co,2021-06-05,"Pakistán, anfitrión del Día Mundial del Medio Ambiente: 5 películas para reflexionar",https://bogota.extra.com.co/noticias/ciencia/pakistan-anfitrion-del-dia-mundial-del-medio-ambiente-5-peli-689905
0bcc5bc9cf4263461a819f9b4dede7e4012fed9a369dd5623523c79da7acb653,2024-08-31 11:17:15.006152+00:00,es,infobae.com,infobae.com,2021-06-05,"“Dejar enfriar, colar y recolectar”: el hábito hogareño que ayuda a frenar el daño del aceite arrojado al agua",https://www.infobae.com/tendencias/2021/06/05/dejar-enfriar-colar-y-recolectar-el-habito-hogareno-que-ayuda-a-frenar-el-dano-del-aceite-arrojado-al-agua/
ad554a3c3026bb07e924158b3c122f2f4fdd00a0f2afd14efe7f8f9da7a1fc23,2024-08-31 11:17:14.930190+00:00,es,infobae.com,infobae.com,2021-06-05,Cuáles son los impactos ambientales que ha generado la pandemia por COVID-19 desde su llegada,https://www.infobae.com/america/tendencias-america/2021/06/05/cuales-son-los-impactos-ambientales-que-ha-generado-la-pandemia-por-covid-19-desde-su-llegada/
7dd226c479e97f10fc14996530034e4542b1530407b4bc6f136c5b7130c82486,2024-08-30 14:11:44.837152+00:00,es,infobae.com,infobae.com,2021-06-21,El Presidente desestima que gobernar también es educar,https://www.infobae.com/opinion/2021/06/21/el-presidente-desestima-que-gobernar-tambien-es-educar/
41d27b50a4c8dfb6420b095555ed69e79e45b6882177bd859f13b31361448970,2024-08-29 18:10:05.249377+00:00,es,infobae.com,infobae.com,2021-07-02,Ciencia.-La contaminación por plástico amenaza con efectos irreversibles,https://www.infobae.com/america/agencias/2021/07/02/ciencia-la-contaminacion-por-plastico-amenaza-con-efectos-irreversibles/
24f55b8e4ac4ec84448a41a99a9898eebfb3f85604a0b078d8f4274faaac6bfa,2024-08-29 16:41:44.074725+00:00,es,infobae.com,infobae.com,2021-07-05,Guía para bucear y cuidar de los arrecifes coralinos en San Andrés,https://www.infobae.com/america/colombia/2021/07/05/guia-para-bucear-y-cuidar-de-los-arrecifes-coralinos-en-san-andres/
a34489279352ff1d6b3e070d04a642da36f3da1b0ec734bf491ee66b2c8dcde4,2024-08-29 11:17:25.264756+00:00,es,elpilon.com.co,elpilon.com.co,2021-07-07,"Los escarabajos, la ‘salvación’ del desértico suelo del Cesar",https://elpilon.com.co/los-escarabajos-la-salvacion-del-desertico-suelo-del-cesar/
382c179886043bfc6421a13573900366b7bd8a28c4f7b8f49d69ecc81d3348ba,2024-08-28 17:15:19.328330+00:00,es,infobae.com,infobae.com,2021-07-20,Un futuro sustentable,https://www.infobae.com/america/mexico/2021/07/20/un-futuro-sustentable/
9b70c8b21b524013e032a106a6119058b78285430164032ac026dc5c0efc197f,2024-08-27 18:10:25.703037+00:00,es,wradio.com.co,wradio.com.co,2021-08-03,Empresas del sector privado reducirán emisiones de Gases de Efecto Invernadero,https://www.wradio.com.co/noticias/actualidad/empresas-del-sector-privado-reduciran-emisiones-de-gases-de-efecto-invernadero/20210803/nota/4155684.aspx
2eaddddfb57b266a9825be7344a232c087c5ff14e886dab127652de5b6ac775f,2024-08-27 13:34:26.593732+00:00,es,larepublica.co,larepublica.co,2021-08-05,Schneider Electric se sumó a 100 Days of Possibility para mitigar el cambio climático,https://www.larepublica.co/responsabilidad-social/schneider-electric-se-sumo-a-100-days-of-possibility-para-mitigar-el-cambio-climatico-3211058
9632434a68d7fff2521dc029671795c8b2e966a60fa4d0435325f31364f9fa01,2024-08-27 04:43:18.180559+00:00,es,wradio.com.co,wradio.com.co,2021-08-12,Si quiere ayudar al mar empiece por reciclar,https://www.wradio.com.co/noticias/regionales/si-quiere-ayudar-al-mar-empiece-por-reciclar/20210812/nota/4158105.aspx
53b7b76a4ca5c90b40a886f6617cc66d06d7e734fe5a892eef684b74746072d6,2024-08-27 00:24:32.313891+00:00,es,confidencialcolombia.com,confidencialcolombia.com,2021-08-15,"No serán las próximas generaciones, somos nosotros",https://confidencialcolombia.com/opinion/visiones-de-alla-y-de-aca/no-seran-las-proximas-generaciones-somos-nosotros/2021/08/15/
1506a05bf579426e17fd4f09e6e2dc549c2562969875f04df4bb75b50afba82f,2024-08-26 16:43:44.925587+00:00,es,elpilon.com.co,elpilon.com.co,2021-08-21,Bahía Portete cuenta con el 80 % de los pastos marinos del Caribe colombiano,https://elpilon.com.co/bahia-portete-cuenta-con-el-80-de-los-pastos-marinos-del-caribe-colombiano/
f2b7ec0975eb02ca81c0175a16a8d0c7a8bbe5f0e30160154695ee3eb1d61712,2024-08-26 13:45:40.612162+00:00,es,seguimiento.co,seguimiento.co,2021-08-24,‘Desplastifica Tu Ciudad’ entre los mejores proyectos ambientales de Latinoamérica,https://seguimiento.co/la-samaria/desplastifica-tu-ciudad-entre-los-mejores-proyectos-ambientales-de-latinoamerica-48975
540000036d7a248e75b6e8668b655ea1558561b2aea628cdb825afcabf34a91d,2024-08-26 13:18:39.943288+00:00,es,infobae.com,infobae.com,2021-08-24,Científicos buscan descifrar el ADN de las islas Galápagos,https://www.infobae.com/america/agencias/2021/08/24/cientificos-buscan-descifrar-el-adn-de-las-islas-galapagos/
ea662aa280ad43ea1f6c04f7fbb3c71ecb3826357978f0fc38c3649c7d068fe1,2024-08-26 12:04:19.811547+00:00,es,infobae.com,infobae.com,2021-08-25,Cómo frenar el cambio climático desde casa y en comunidad: UAM,https://www.infobae.com/america/mexico/2021/08/25/como-frenar-el-cambio-climatico-desde-casa-y-en-comunidad-uam/
844441567719240811d65ecec9c62e28aa50d2c7b6606444fc5baa80e4a1a8af,2024-08-26 11:03:47.347729+00:00,es,elinformador.com.co,elinformador.com.co,2021-08-25,‘Desplastifica Tu Ciudad’ uno de los tres mejores proyectos ambientales de Latinoamérica,https://www.elinformador.com.co/index.php/el-magdalena/81-distrito/261208-desplastifica-tu-ciudad-uno-de-los-tres-mejores-proyectos-ambientales-de-latinoamerica
e93039464ad649effea5fbbf66b676d0a27038c4f75802b485355edc78d1e1cd,2024-08-26 10:12:56.352548+00:00,es,infobae.com,infobae.com,2021-08-26,En busca del catálogo genético de las Galápagos,https://www.infobae.com/america/agencias/2021/08/26/en-busca-del-catalogo-genetico-de-las-galapagos/
00a10894732046216cce3575bfbb01a462dc95adb40bc5d77633393cc5f1aa10,2024-08-26 05:42:07.902678+00:00,es,eltiempo.com,eltiempo.com,2021-08-30,Los temas claves que se abordaron en la cumbre sobre biodiversidad,https://www.eltiempo.com/politica/gobierno/duque-en-leticia-en-la-precop-de-la-biodiversidad-614379
8696070d7fb2a427860dea9fbeb46d2f58d3dfd6a8a8cc9177ce7ae3ad2e8815,2024-08-26 03:11:13.027011+00:00,es,caracol.com.co,caracol.com.co,2021-08-30,Duque pide canje de deuda para Colombia por protección de la biodiversidad,https://caracol.com.co/radio/2021/08/30/politica/1630348455_744075.html#?ref=rss&format=simple&link=link
eca748eec795a15afb014d0831665bbc659ae4b6ea0e76513f06e59bc6f74588,2024-08-26 02:40:22.047849+00:00,es,periodicolacampana.com,periodicolacampana.com,2021-08-31,USD 100.000 millones al año se requieren para garantizar protección de biodiversidad del planeta,https://www.periodicolacampana.com/usd-100-000-millones-al-ano-se-requieren-para-garantizar-proteccion-de-biodiversidad-del-planeta/
c7382a5dfcd52336fc9a79dfead9431f5f1cdfae4d815aeddb28fe682b9a197c,2024-08-26 00:56:04.726356+00:00,es,periodicodebate.com,periodicodebate.com,2021-09-02,"Aplíquenos a nuestros enunciados de vida, la simpleza de la lógica de la &quot;Cartilla Coquito&quot;",http://periodicodebate.com/index.php/opinion/columnistas-nacionales/item/31055-aplíquenos-a-nuestros-enunciados-de-vida-la-simpleza-de-la-lógica-de-la-cartilla-coquito
1892c1ed01a2ce836a856cc82c954e7bfd0b7391d8355aa3c027e6bde6ea873f,2024-08-25 23:40:01.124391+00:00,es,larepublica.co,larepublica.co,2021-09-02,La Cartilla de Coquito,https://www.larepublica.co/analisis/luis-guillermo-echeverry-3225951/la-cartilla-de-coquito-3226020
4334f6a52fd59f6bc0ed552a10004f96973976f6fd546467ebdf06559f910477,2024-08-25 22:00:45.694828+00:00,es,infobae.com,infobae.com,2021-09-05,Día de la Amazonía: seis curiosidades del pulmón del planeta,https://www.infobae.com/america/tendencias-america/2021/09/05/dia-de-la-amazonia-seis-curiosidades-del-pulmon-del-planeta/
a077a467dc25bd3d00bf2a9960a86400d2624d8d34f79c80cceb9fb33d6b1bf4,2024-08-25 21:34:37.204829+00:00,es,hoydiariodelmagdalena.com.co,hoydiariodelmagdalena.com.co,2021-09-04,Nat Geo celebrará el día de la Amazonía,https://www.hoydiariodelmagdalena.com.co/archivos/563579
96174024510e39ea1c471b9eecbd435638dff68f1915dc27b8371be4abe4b62f,2024-08-25 18:59:59.627947+00:00,es,infobae.com,infobae.com,2021-09-06,La minería en aguas profundas despierta controversia en Congreso Mundial de la Naturaleza,https://www.infobae.com/america/agencias/2021/09/06/la-mineria-en-aguas-profundas-despierta-controversia-en-congreso-mundial-de-la-naturaleza/
ff8928817e44cb14ab6a686bdeef6f79632942e015979df78535a735aa697a74,2024-08-25 16:21:01.769275+00:00,es,diariodelcauca.com.co,diariodelcauca.com.co,2021-08-09,Mindefensa revisó acciones de la Armada Nacional en el Caribe para la protección del medio ambiente,http://diariodelcauca.com.co/nacional/mindefensa-reviso-acciones-de-la-armada-nacional-en-el-caribe-para-la-proteccion-del-medio
84d545b745f34157cd10059f5ae6f5e9ba848cc2753dbf4af7cd6a5bb7c55471,2024-08-25 16:18:12.978536+00:00,es,diariodelsur.com.co,diariodelsur.com.co,2021-09-08,Por la protección del medio ambiente: Mindefensa revisó acciones de la Armada Nacional en el Caribe,http://diariodelsur.com.co/nacional/por-la-proteccion-del-medio-ambiente-mindefensa-reviso-acciones-de-la-armada-nacional-en
7ba6b660e09c7bcdf94d760b852bc170e3d7c7057ab9b1d3afb70fed875266cc,2024-08-25 13:31:14.691067+00:00,es,portafolio.co,portafolio.co,2021-09-11,Banco de Bogotá vinculado a programa de medio ambiente para promever mejores prácticas,https://www.portafolio.co/negocios/empresas/banco-de-bogota-vinculado-a-programa-de-medio-ambiente-para-promever-mejores-practicas-556129
e7c883bd019b8a73b054e719e9d655c8a964ffa7e89452593457bdd58ab68dfa,2024-08-25 07:37:43.834897+00:00,es,eltiempo.com,eltiempo.com,2021-09-14,"La mora, la incómoda especie invasora de las Galápagos",https://www.eltiempo.com/vida/medio-ambiente/la-mora-especie-invasora-que-amenaza-islas-galapagos-617949
9092912219c4bc67636a58670b2823e00c8b3a024b88dc9f253599edeff64af9,2024-08-25 07:36:18.624700+00:00,es,infobae.com,infobae.com,2021-09-14,"La mora, la incómoda invasora de las Galápagos",https://www.infobae.com/america/agencias/2021/09/14/la-mora-la-incomoda-invasora-de-las-galapagos/
cd1c015f371bcd6b28970e8f3f317437ca01652e515342f77a0b8271732136b6,2024-08-22 22:28:01.284800+00:00,es,eltiempo.com,eltiempo.com,2021-03-12,Descubren tres especies de orquídeas en el Pacífico colombiano,https://www.eltiempo.com/vida/medio-ambiente/descubren-tres-especies-de-orquideas-en-el-pacifico-colombiano-572992
1a5887ce5ab7738405c98a1365abb9c7463186551f2a905f266836ba51863a15,2024-08-22 11:27:18.375944+00:00,es,eldiario.com.co,eldiario.com.co,2021-03-19,El Área Metropolitana mostrará su biodiversidad en el Reto Naturalista 2.021,https://www.eldiario.com.co/punto-final/el-area-metropolitana-mostrara-su-biodiversidad-en-el-reto-naturalista-2-021/
7c374f52cb33abe3708ee4b4c19bed8bffcb9a747c3318e634ace136e12d07c3,2024-08-22 05:46:27.558973+00:00,es,infobae.com,infobae.com,2021-03-22,En Bogotá se encuentra el barrio más limpio de Latinoamérica,https://www.infobae.com/america/colombia/2021/03/22/en-bogota-se-encuentra-el-barrio-mas-limpio-de-latinoamerica/
288bd940633b7b9bf16c409f0df96e091c66be6a1a01828b19fe1165a14309a8,2024-08-21 20:46:02.217708+00:00,es,infobae.com,infobae.com,2021-03-27,La Hora del Planeta 2021 propone un nuevo acuerdo por la naturaleza y las personas: “Es imposible pensar en una humanidad sana con un planeta enfermo”,https://www.infobae.com/america/carbononews/2021/03/27/la-hora-del-planeta-2021-propone-un-nuevo-acuerdo-por-la-naturaleza-y-las-personas-es-imposible-pensar-en-una-humanidad-sana-con-un-planeta-enfermo/
85ec9a5f1ad0ce41f500f66c1892291f8361adc901278ee2309d73b31e6c2e7e,2024-08-21 20:43:40.829329+00:00,es,lapatilla.com,lapatilla.com,2021-03-27,Hora del Planeta 2021 propone un nuevo acuerdo: Es imposible pensar en una humanidad sana con un planeta enfermo,https://www.lapatilla.com/2021/03/27/hora-del-planeta-2021-propone-un-nuevo-acuerdo-es-imposible-pensar-en-una-humanidad-sana-con-un-planeta-enfermo/
b84cf15e6f4e91b7dce838a7c4c3057a439bdc5658321e21d62b7c4d0b3226f3,2024-08-21 13:16:12.264349+00:00,es,eltiempo.com,eltiempo.com,2021-03-31,"Amazonia, una selva que arde",https://www.eltiempo.com/vida/amazonia-deforestacion-mineria-agricultura-y-cultivos-ilicitos-577528
12c5f358dcce045b1bc3fac1b3a41d8931a079013ea2906902942d3f60f85bf6,2024-08-21 07:29:14.412105+00:00,es,occidente.co,occidente.co,2021-02-01,Coral Col y la cultura ecológica,https://occidente.co/secciones/medio-ambiente/coral-col-y-la-cultura-ecologica/
38e03dec8f1a12cf0bbb11ad95c716faf8c1a4984370916bf4f8d1c98bb4e9d6,2024-08-20 22:28:41.100546+00:00,es,semanariovoz.com,semanariovoz.com,2021-02-05,Improvisación en el humedal Madre de Agua,http://semanariovoz.com/improvisacion-en-el-humedal-madre-de-agua/
260ccffabac4acd14d8ee9fc7c62f0cc3c8d508c86298ec7d50b68acf5648a55,2024-08-20 20:42:43.899554+00:00,es,eltiempo.com,eltiempo.com,2021-02-06,Los 'renaceres' de Leonor Espinosa en el 2021,https://www.eltiempo.com/cultura/gastronomia/tras-superar-el-covid-leonor-espinosa-habla-de-su-nuevo-lugar-y-del-regreso-de-leo-565206
25084897b1c6edf89d66e34f8f307cdcf5d5593a75f9b5db2600c0e99e408869,2024-08-20 18:21:19.541868+00:00,es,lapatria.com,lapatria.com,2021-02-08,A contar los cóndores en el primer censo nacional,https://www.lapatria.com/medioambiente/contar-los-condores-en-el-primer-censo-nacional-470593
da303c2d74cfef026ce9de33d7c4128f62bbb477c43ea74174a183225febe3f2,2024-08-20 17:17:35.762740+00:00,es,90minutos.co,90minutos.co,2024-08-20,Tierno rescate en Cartago: Rescatan a una zarigüeya y una ardilla con graves lesiones,https://90minutos.co/vida-moderna/ecologia/rescatan-a-una-zarigueya-y-una-ardilla-con-graves-lesiones-20-08-2024/
b707facee34736c0d589046bb1a3cddc847f3be3cda0a158e8cea710c8206f0b,2024-08-20 00:07:59.315370+00:00,es,infobae.com,infobae.com,2021-02-18,"La joven keniana que crea ladrillos reciclados ""más duros que el hormigón""",https://www.infobae.com/america/agencias/2021/02/18/la-joven-keniana-que-crea-ladrillos-reciclados-mas-duros-que-el-hormigon/
3d1beeb4cc36320e3f4eef4e2bfbe94ff39755b23a4d74e3507336a2b233f955,2024-08-19 08:37:23.907481+00:00,es,eltiempo.com,eltiempo.com,2021-02-26,Con estas 25 prácticas puede ser un viajero sostenible en Colombia,https://www.eltiempo.com/vida/viajar/practicas-para-ser-un-viajero-sostenible-en-colombia-569700
1912e252cbd1fe1e5e3748e75c02e518eb900e1987735a7d6989a1326e99dfd7,2024-08-17 16:30:14.474489+00:00,es,infobae.com,infobae.com,2021-01-01,Ciudad de México inicia 2021 con prohibición de plásticos de un solo uso,https://www.infobae.com/america/agencias/2021/01/01/ciudad-de-mexico-inicia-2021-con-prohibicion-de-plasticos-de-un-solo-uso/
e8b3adb1e8de30fb140d5d3167a7337be412a2f738e2ba3f8ddd0039a717a705,2024-08-17 16:25:48.202681+00:00,es,minuto30.com,minuto30.com,2021-01-01,Ciudad de México inicia 2021 con prohibición de plásticos de un solo uso,https://www.minuto30.com/internacional/ciudad-de-mexico-inicia-2021-con-prohibicion-de-plasticos-de-un-solo-uso/1178228/
1ddd0b5d7b4be13ecaa5ad68e69e11426e09c742706e404228cc8c78356e938a,2024-08-17 10:42:45.956975+00:00,es,eltiempo.com,eltiempo.com,2021-01-05,"Las gafas, complemento indispensable para cualquier ‘look’",https://www.eltiempo.com/vida/las-gafas-complemento-indispensable-para-cualquier-look-558936
c5ec677f39487b4286a0ac61fb348396584eeccf3ca91771fe5dc71bae9765ed,2024-08-16 09:14:21.829128+00:00,es,infobae.com,infobae.com,2021-01-20,Arrancó la convocatoria para premiar los mejores proyectos sostenibles en Colombia y Latinoamérica,https://www.infobae.com/america/colombia/2021/01/20/arranco-la-convocatoria-para-premiar-los-mejores-proyectos-sostenibles-en-colombia-y-latinoamerica/
7849c83351ce1d83498b4d643437d525b59317528fd36b63638c93f0170963dc,2024-08-16 06:10:13.905801+00:00,es,infobae.com,infobae.com,2021-01-22,Ciencia.-Sin noticias de una cuarta parte de especies de abejas desde los años 90,https://www.infobae.com/america/agencias/2021/01/22/ciencia-sin-noticias-de-una-cuarta-parte-de-especies-de-abejas-desde-los-anos-90/
f1205ebd5c583dc39b65a7431aa76f3cdcaec847c24fd3d6ed4707b9a91c14e3,2024-08-16 01:27:13.875627+00:00,es,infobae.com,infobae.com,2024-08-16,Abren concurso de cortometrajes hechos con celulares para la COP16: el ganador recibirá 20 millones de pesos,https://www.infobae.com/colombia/2024/08/16/abren-concurso-de-cortometrajes-hechos-con-celulares-para-la-cop16-el-ganador-recibira-20-millones-de-pesos/
779792e0ecc7a67541fae4eb848160111479d13444e6ef77b678f697520ddfcb,2024-08-16 01:08:57.814544+00:00,es,eltiempo.com,eltiempo.com,2021-01-25,Sin noticias de una cuarta parte de especies de abejas desde los 90,https://www.eltiempo.com/vida/medio-ambiente/sin-noticias-de-una-cuarta-parte-de-especies-de-abejas-desde-los-90-562522
49f8411c61225f48e3c143246040af850582a651bf3cc08f43f04d78442be089,2024-08-13 20:31:13.381655+00:00,es,extra.com.co,extra.com.co,2024-08-13,"Por primera vez en Colombia, un evento masivo aprovechará los residuos orgánicos para generar abono: sucederá en el ‘Petronio Álvarez 2024’",https://extra.com.co/por-primera-vez-en-colombia-un-evento-masivo-aprovechara-los-residuos-organicos-para-generar-abono-sucedera-en-el-petronio-alvarez-2024/
d070d7c6e33da2439bf652ccc4fcbdfcf225c8cd7dab4d5a1d28089507507a9c,2024-08-10 10:30:57.500822+00:00,es,diariodelnorte.net,diariodelnorte.net,2024-08-09,"Plástico de un solo uso, ley 2232 de 2022",https://diariodelnorte.net/opinion/plastico-de-un-solo-uso-ley-2232-de-2022/
a7cb5b813cc10a690886d6bff4a1347004929bc6e57ab332b295a3ee83300b65,2024-08-09 19:20:42.757364+00:00,es,90minutos.co,90minutos.co,2024-08-09,Presidente Petro revela presunta alianza criminal para atentar contra su vida,https://90minutos.co/colombia/presidente-petro-revela-presunta-alianza-criminal-para-atentar-contra-su-vida-09-08-2024/
004f0e2087daf21e91ee415205f430578a16e824133db06e3b9be885083d1157,2024-08-09 16:32:04.364414+00:00,es,90minutos.co,90minutos.co,2024-08-09,"¡Majestuosidad natural! Nace un polluelo de cóndor de los Andes, especie protegida",https://90minutos.co/colombia/polluelo-condor-de-los-andes-09-08-2024/
ce4c5fa17228bcc6cc970ddad35dd40db1556c050b1d45eee6c8de4c7178e20b,2024-08-06 16:17:11.877011+00:00,es,bcnoticias.com.co,bcnoticias.com.co,2024-08-06,Conozca los descuentos para participar en el Congreso de Aviturismo de Caldas,https://www.bcnoticias.com.co/conozca-los-descuentos-para-participar-en-el-congreso-de-aviturismo-de-caldas/
65d5743bd831cbbb442bc37469e9a44c8f9aa51b197506cffb49a1fe973468d7,2024-08-06 02:00:12.985279+00:00,es,eltiempo.com,eltiempo.com,2021-12-22,Así puede tener una Navidad amigable con el medioambiente,https://www.eltiempo.com/vida/medio-ambiente/asi-puede-tener-una-navidad-amigable-con-el-medioambiente-640812
9b9cbef03aa88081ea8caf4ce0dcfe9629095f93be1e562d09f4a60f7a90ce8b,2024-08-03 02:30:28.523612+00:00,es,eltiempo.com,eltiempo.com,2021-12-30,"Tras las elecciones del Congreso, 1.600 toneladas de papel se reciclarán",https://www.eltiempo.com/vida/medio-ambiente/tras-las-elecciones-del-congreso-1600-toneladas-de-papel-se-reciclaran-642147
8fff6c28c8af16e80814f685c0c2955ea6b017edd1e4f04db5aa5c1e43e0ead6,2024-08-02 17:32:14.704320+00:00,es,eltiempo.com,eltiempo.com,2024-08-02,El beneficio que le dan en Target de EE. UU. si lleva sus jeans viejos,https://www.eltiempo.com/mundo/eeuu-y-canada/el-beneficio-que-le-dan-en-target-de-ee-uu-si-lleva-sus-jeans-viejos-3368458
430fbc2c54148e6cb1693deb625fa9a1007b5b74e9f223e32af9559a6e0c3fb5,2024-08-02 17:21:52.655631+00:00,es,eltiempo.com,eltiempo.com,2024-08-02,Descubren en Escocia el tesoro submarino más buscado de la historia: el mundo espera su extracción,https://www.eltiempo.com/cultura/gente/descubren-en-escocia-el-tesoro-submarino-mas-buscado-de-la-historia-el-mundo-espera-su-extraccion-3368428
43ecef9688aed507bc1f34a9b14245e8f4aaaef861840d3425063a54dbdc8513,2024-08-02 17:20:19.577541+00:00,es,eltiempo.com,eltiempo.com,2024-08-02,El nuevo servicio de streaming que se lanzará en EE. UU. y pocos sabían,https://www.eltiempo.com/mundo/eeuu-y-canada/el-nuevo-servicio-de-streaming-que-se-lanzara-en-ee-uu-y-pocos-sabian-3368450
f22b7b3f5cf06a72b37c5f2f6b7b66a4c2c269719b25710bd8bce8b876b44260,2024-08-02 17:19:39.726216+00:00,es,eltiempo.com,eltiempo.com,2024-08-02,El menú de 5 dólares por tiempo limitado que lanzó esta cadena de EE. UU.,https://www.eltiempo.com/mundo/eeuu-y-canada/el-menu-de-5-dolares-por-tiempo-limitado-que-lanzo-esta-cadena-de-ee-uu-3368400
9a301b8d5ec96ceaf12d1903c71c1aba0c06b6a30d571762b6e6cde8f039e55f,2024-08-02 17:19:00.767070+00:00,es,eltiempo.com,eltiempo.com,2024-08-02,Crisis en Venezuela: ¿se puede registrar una nueva ola migratoria de venezolanos? Chile ya se prepara,https://www.eltiempo.com/mundo/venezuela/crisis-en-venezuela-se-puede-registrar-una-nueva-ola-migratoria-de-venezolanos-chile-ya-se-prepara-3368451
9ab2be3409242fd2da2202e65918bed14b1656dfd6056fac6868621c032fa400,2024-08-02 17:18:21.944233+00:00,es,eltiempo.com,eltiempo.com,2024-08-02,La crítica situación de salud que se vive en los hospitales públicos de Colombia: este es el panorama de posibles cierres,https://www.eltiempo.com/colombia/otras-ciudades/la-critica-situacion-de-salud-que-se-vive-en-los-hospitales-publicos-de-colombia-este-es-el-panorama-3368417
4b019bbf50e130b8335d761cc9faa4ede215c7873bd307f64a83ada6073cd7d0,2024-08-02 14:22:44.397816+00:00,es,90minutos.co,90minutos.co,2024-08-02,"Dos barrios de Cali se quedarán sin agua y sin energía este viernes, 02 de agosto",https://90minutos.co/cali/dos-barrios-cali-sin-agua-y-sin-energia-este-viernes-02-agosto-02-08-2024/
4180e6728f3428c3321805fadfcb2689700a7520f1c7679fd9a32b38aeafc681,2024-08-02 11:33:53.984057+00:00,es,diariolalibertad.com,diariolalibertad.com,2022-01-07,"En 2050 habría en el mundo unos 12.000 millones de toneladas de basura plástica, si no se cambian las pautas de consumo",https://diariolalibertad.com/sitio/2022/01/07/en-2050-habria-en-el-mundo-unos-12-000-millones-de-toneladas-de-basura-plastica-si-no-se-cambian-las-pautas-de-consumo/
61e8e065bb54b2193866e03a7e72bf59a07094ac1ce36f458bf5990836a23651,2024-08-02 09:45:16.923267+00:00,es,infobae.com,infobae.com,2022-01-09,"Para un año nuevo más sostenible, MinAmbiente recomienda cómo dejar de usar plásticos de un solo uso",https://www.infobae.com/america/colombia/2022/01/09/para-un-ano-nuevo-mas-sostenible-minambiente-recomienda-como-dejar-de-usar-plasticos-de-un-solo-uso/
4b01fee67d8886e894357d4b05c0ae985cfcdcc6a3c8264588bd7f0bb6b5723b,2024-08-02 01:31:23.350884+00:00,es,lanacion.com.co,lanacion.com.co,2022-01-01,En 2050 habría en el mundo unos 12.000 millones de toneladas de basura plástica,https://www.lanacion.com.co/en-2050-habria-en-el-mundo-unos-12-000-millones-de-toneladas-de-basura-plastica/
dfc0b5d26a416ff193672ef7424975d68bc91f83f43ff2d6ac8740d24dbd51c6,2024-08-02 00:21:14.835168+00:00,es,90minutos.co,90minutos.co,2024-08-01,Turismo regenerativo: Una de las apuestas para la COP16 en Cali,https://90minutos.co/cali/turismo-regenerativo-una-de-las-apuestas-para-la-cop16-en-cali/
8bb58a76b88a24394c889e9277068a0b78c22325b15b6b70937a805e20774be6,2024-08-02 00:12:38.791695+00:00,es,eltiempo.com,eltiempo.com,2022-01-13,"El problema de basuras en los municipios apartados, pequeños y turísticos",https://www.eltiempo.com/vida/medio-ambiente/el-problema-de-basuras-en-los-municipios-apartados-pequenos-y-turisticos-644775
503790d6cc6c7d29946c08efecee722d73d9ac3abdf9ea8cff3fee7e4f259c0f,2024-08-01 16:08:23.029017+00:00,es,lapatilla.com,lapatilla.com,2022-01-16,La crisis ambiental de Venezuela: el comienzo de una ola de destrucción,https://www.lapatilla.com/2022/01/16/la-crisis-ambiental-de-venezuela-el-comienzo-de-una-ola-de-destruccion/
a41637232de7887cdca65b4c553dcc9aea88fc716113b51d4673469bf7beb2c5,2024-08-01 15:38:19.368343+00:00,es,infobae.com,infobae.com,2024-08-01,Crean una app para denunciar malas prácticas en el mar como la pesca ilegal o los vertidos,https://www.infobae.com/espana/agencias/2024/08/01/crean-una-app-para-denunciar-malas-practicas-en-el-mar-como-la-pesca-ilegal-o-los-vertidos/
37777599712874773c2954ee3df3e59359e5aed8d87dd17eb489be9dea84be49,2024-07-22 08:33:13.459193+00:00,es,infobae.com,infobae.com,2024-07-22,Un profundo análisis genético sacude conocimientos sobre la biodiversidad marina: descubrieron una nueva especie de aguaviva,https://www.infobae.com/america/ciencia-america/2024/07/22/un-profundo-analisis-genetico-sacude-conocimientos-sobre-la-biodiversidad-marina-descubrieron-una-nueva-especie-de-aguaviva/
5c1845eca07ca768ca0cceb7c520c04cf1f12358992599a81ba4b3776fa38377,2024-07-12 23:18:26.176044+00:00,es,90minutos.co,90minutos.co,2024-07-12,"Sofía Plaza, Miss World Valle 2024 se compromete con la región ¿de qué manera?",https://90minutos.co/vida-moderna/entretenimiento/sofia-plaza-miss-world-valle-2024-se-compromete-con-la-region-de-que-manera/
23c6f816d38f62f4e47ef5b13ff4565ebec5f52acdd2406550dd5297dc4ca34d,2024-07-12 18:35:56.540790+00:00,es,infobae.com,infobae.com,2024-07-11,El futuro de la agricultura sustentable: bioinsumos y la economía circular,https://www.infobae.com/revista-chacra/2024/07/11/el-futuro-de-la-agricultura-sustentable-bioinsumos-y-la-economia-circular/
82e413e3c0603822c748ea13ae4af6c8f45843886e2e7434d9f9bddbdd2fa1e9,2024-07-11 14:41:48.591970+00:00,es,elnuevodia.com.co,elnuevodia.com.co,2024-07-11,Los microplásticos no se forman solo de plásticos de un solo uso,https://www.elnuevodia.com.co/nuevodia/archivo-columnista/archivo-columnista/jairo-puentes-bruges/519949-los-microplasticos-no-se-forman
7be9e57563a7edde24d57ec67909512e59c1c1d4e0010ab384b936d90d5f6e91,2024-07-06 05:20:36.825646+00:00,es,infobae.com,infobae.com,2024-07-06,Día Mundial de la Zoonosis: cómo se incrementó la amenaza de estas enfermedades por la acción del hombre en la naturaleza,https://www.infobae.com/salud/2024/07/06/dia-mundial-de-la-zoonosis-como-se-incremento-la-amenaza-de-estas-enfermedades-por-la-accion-del-hombre-en-la-naturaleza/
be141b0594c050e193a9bf7a93466e92883bde7510f985a0abd58826be12d8a8,2024-07-03 20:29:52.738807+00:00,es,larepublica.co,larepublica.co,2024-03-07,El país no estaría listo para implementación de resolución del plástico de un solo uso,https://www.larepublica.co/economia/el-pais-no-estaria-lista-para-implementacion-de-resolucion-del-plastico-de-un-solo-uso-3899919
8a37dfd776cfb80efeff69f093f5dbcfb92311c286354b904d7a4e5a669a7651,2024-07-02 06:24:28.318951+00:00,es,infobae.com,infobae.com,2024-07-02,El cambio climático y los argentinos: del reconocimiento a la acción,https://www.infobae.com/opinion/2024/07/02/el-cambio-climatico-y-los-argentinos-del-reconocimiento-a-la-accion/
212830b805de8cf7dc23587ae1ed910563a9b71f3e46710fd6d09ec490790db9,2024-06-30 09:24:32.748154+00:00,es,infobae.com,infobae.com,2024-06-30,"Economía Circular:""El 80% del impacto ambiental de un producto se explica por su diseño""",https://www.infobae.com/espana/agencias/2024/06/30/economia-circularel-80-del-impacto-ambiental-de-un-producto-se-explica-por-su-diseno/
8dfca643b6ddbe9209776feaed1f2309e37f4669d13f5de85a7e8cf9a4873ffc,2024-06-27 00:31:00.030427+00:00,es,infobae.com,infobae.com,2024-06-26,Cómo serán los premios que distinguen las prácticas sustentables de la economía circular,https://www.infobae.com/america/medio-ambiente/2024/06/26/como-seran-los-premios-que-distinguen-las-practicas-sustentables-de-la-economia-circular/
3b116a4ec862d0d30af84a2e793857651a24ee2d8333940f99607be9f5ef2d15,2024-06-19 07:27:10.146856+00:00,es,infobae.com,infobae.com,2024-06-19,El Club de Roma: hay que dejar de subsidiar los proyectos que dañan al medio ambiente,https://www.infobae.com/espana/agencias/2024/06/19/el-club-de-roma-hay-que-dejar-de-subsidiar-los-proyectos-que-danan-al-medio-ambiente/
d50b6df8056e3f36f327b9d09298a5677aee18b0f21998f7666d2d97e8d5f67c,2024-06-19 04:19:32.410691+00:00,es,occidente.co,occidente.co,2024-06-19,"Dar la milla extra, el gran ejemplo de los caleños para Colombia y el mundo",https://occidente.co/opinion/columnistas/dar-la-milla-extra-el-gran-ejemplo-de-los-calenos-para-colombia-y-el-mundo/
b210ed8d88a39adbad8c96313347e1f52bfef78e078e610f9604f41bd44ae786,2024-06-16 04:57:23.181915+00:00,es,las2orillas.co,las2orillas.co,2024-06-14,Desafíos climáticos demandan estrategias sostenibles para el futuro,https://www.las2orillas.co/desafios-climaticos-demandan-estrategias-sostenibles-para-el-futuro/
a7dbea1c7decb9d0fc31b62eeb71976dd17da8181e842925616559d8f3a50240,2024-06-09 06:18:25.717875+00:00,es,infobae.com,infobae.com,2024-06-09,Cambio climático: un desafío que exige acción inmediata,https://www.infobae.com/opinion/2024/06/09/cambio-climatico-un-desafio-que-exige-accion-inmediata/
5a9fbc3d5f823c27420cd552bee7a14a46f171edc2b71d85dd226c31bbff5204,2024-06-09 00:21:57.632744+00:00,es,infobae.com,infobae.com,2024-06-08,Casi el 70% de las basuras en los océanos provienen de las ciudades del interior del país,https://www.infobae.com/colombia/2024/06/08/mas-del-60-de-las-basuras-en-los-oceanos-provienen-de-las-ciudades-del-interior-del-pais/
8d8bffeac0ed19038ad4bd53f83b04ec8363476e5c8e2aeda8b1e6d075eaab9d,2024-06-07 23:28:26.023893+00:00,es,eltiempo.com,eltiempo.com,2024-06-07,¿La Economía Circular y los ODS de las Naciones Unidas?,https://blogs.eltiempo.com/laventanaindiscreta/2024/06/07/la-economia-circular-y-los-ods-de-las-naciones-unidas/
072f0881bcb89f365f2cf5fc6a08edecb92c60bcad0f9d82b1de88c0d4b098d9,2024-06-06 00:26:28.473414+00:00,es,infobae.com,infobae.com,2024-06-05,Día Mundial del Medio Ambiente: ¿por qué se celebra y cuál es su importancia en Perú?,https://www.infobae.com/peru/2024/06/05/dia-mundial-del-medio-ambiente-por-que-se-celebra-y-cual-es-su-importancia-en-peru/
a8963b6e1091433e87370401c66376f3fdef525030fc161df3e144572abf977b,2024-05-24 23:23:51.988265+00:00,es,eldiario.com.co,eldiario.com.co,2024-05-23,¿CÓMO AFECTAN LAS NUEVAS MEDIDAS DE LA UNIÓN EUROPEA A LAS EXPORTACIONES DE COLOMBIA?,https://www.eldiario.com.co/opinion/como-afectan-las-nuevas-medidas-de-la-union-europea-a-las-exportaciones-de-colombia/
c6bca113116240e433370cdf06fbddf9c44163bdb3c6b60c47dae2cd41cefe43,2024-05-23 20:18:45.515337+00:00,es,eltiempo.com,eltiempo.com,2024-05-23,Familias de escasos recursos en varias ciudades del país recibirán griferías ultra-ahorradoras de agua para baños y cocinas,https://www.eltiempo.com/vida/medio-ambiente/familias-de-escasos-recursos-en-varias-ciudades-del-pais-recibiran-griferias-ultra-ahorradoras-de-agua-para-banos-y-cocinas-3345697
cad8d06cd83084ac7283c37ae507b029dcfc06abd5f971bc332666ff318bb758,2024-05-22 22:33:03.955627+00:00,es,areacucuta.com,areacucuta.com,2024-05-22,"Postobón Invirtió $34.955 Millones En Programas De Sostenibilidad, Beneficiando A 202.313 Personas",https://www.areacucuta.com/postobon-invirtio-34-955-millones-en-programas-de-sostenibilidad-beneficiando-a-202-313-personas/?utm_source=rss&utm_medium=rss&utm_campaign=postobon-invirtio-34-955-millones-en-programas-de-sostenibilidad-beneficiando-a-202-313-personas
7e4f89ad0cb191934b0be13b40446273b286f632caeb48bec926c73cddff5023,2024-05-22 21:22:18.074772+00:00,es,kienyke.com,kienyke.com,2024-05-22,El reconocimiento del Congreso de la República a Asocolflores,https://www.kienyke.com/colombia/el-reconocimiento-del-congreso-de-la-republica-asocolflores
c328198285151c73955c0ca524be27a5a39b2df615e575fbccc02ce28d06e62e,2024-05-22 06:21:19.734867+00:00,es,infobae.com,infobae.com,2024-05-22,Día Internacional de la Diversidad Biológica: cinco acciones urgentes para frenar la pérdida de biodiversidad,https://www.infobae.com/america/medio-ambiente/2024/05/22/dia-internacional-de-la-diversidad-biologica-cinco-acciones-urgentes-para-frenar-la-perdida-de-biodiversidad/
1c274c8532f157ce193210b39e6626717d036accfcbf867933ee1aeb7e843081,2024-05-21 08:20:15.192993+00:00,es,occidente.co,occidente.co,2024-05-21,De la teoría a la acción para la Cop16 de biodiversidad,https://occidente.co/medio-ambiente/de-la-teoria-a-la-accion-para-la-cop16-de-biodiversidad/
f403ee26e39a3fd313af88e2d99088d427bcd9109a21e55d3327ba14ed2d4c3b,2024-05-21 00:31:50.934338+00:00,es,infobae.com,infobae.com,2024-05-20,Día Mundial de las abejas: por qué los jóvenes son esenciales en su cuidado,https://www.infobae.com/america/medio-ambiente/2024/05/20/dia-mundial-de-las-abejas-por-que-los-jovenes-son-esenciales-en-su-cuidado/
04d969afa11c9c9668f88aac9f94fcb9936784299a82276ca2e2c56262dfe853,2024-05-18 07:20:42.619205+00:00,es,occidente.co,occidente.co,2024-05-18,Llamado urgente en el Día mundial del reciclaje,https://occidente.co/secciones/tendencias/llamado-urgente-en-el-dia-mundial-del-reciclaje/
f0e8dbcec1c38bf6db433eba6b2598c465a86e3b39e0faa031ea52c40d68bb69,2024-05-17 03:21:49.611527+00:00,es,areacucuta.com,areacucuta.com,2024-05-16,"Colombia: Líder En El Avistamiento De Aves En El Mundo, Según Global Big Day 2024",https://www.areacucuta.com/colombia-lider-en-el-avistamiento-de-aves-en-el-mundo-segun-global-big-day-2024/?utm_source=rss&utm_medium=rss&utm_campaign=colombia-lider-en-el-avistamiento-de-aves-en-el-mundo-segun-global-big-day-2024
c3d839e5ee53f59deda4e0013dc7db77f9fb22b5d6db31dab6edecbc311c4f21,2024-05-14 06:23:26.719052+00:00,es,infobae.com,infobae.com,2024-05-14,"Alimentos sustentables: trazabilidad y huella de carbono, dos claves para una dieta amigable con el planeta",https://www.infobae.com/america/medio-ambiente/2024/05/14/alimentos-sustentables-trazabilidad-y-huella-de-carbono-dos-claves-para-una-dieta-amigable-con-el-planeta/
53f44b551b23466d2a5eb9100f063b6588b37d3b45bd82ce3b36445289f07257,2024-05-12 23:19:17.941471+00:00,es,eldiario.com.co,eldiario.com.co,2024-05-12,Declive de las aves y los insectos: un grito de alerta,https://www.eldiario.com.co/seccion-d/pagina-verde/declive-de-las-aves-y-los-insectos-un-grito-de-alerta/
5ffab4e0f001f92dcc1c36bd672f612fd819174c5271553b38cd38b542153146,2024-05-11 23:20:29.830026+00:00,es,pasionporsantamarta.com,pasionporsantamarta.com,2024-05-11,Corpamag participará en el Global Big Day,https://pasionporsantamarta.com/corpamag-participara-en-el-global-big-day/
0a42d0c9c7f7f40781bd08a88983972eb4f8741b27a490924590c655e7371a1b,2024-05-11 14:18:08.996114+00:00,es,hoydiariodelmagdalena.com.co,hoydiariodelmagdalena.com.co,2024-05-11,Corpamag se une al Global Big Day,https://hoydiariodelmagdalena.com.co/archivos/943111/corpamag-se-une-al-global-big-day/
5d4973a89157f51e28251bd6f7a54ec2003b9b82b6f64ee04bfcf58fa9817d15,2024-05-11 01:20:52.811498+00:00,es,seguimiento.co,seguimiento.co,2024-05-10,Amantes de la observación de aves: este sábado es el Global Big Day,https://seguimiento.co/magdalena/amantes-de-la-observacion-de-aves-este-sabado-es-el-global-big-day-72413
2a414780c4001173046faf2b54def213e4760538f37b454b5599113b809a3a0b,2024-05-11 00:27:38.977996+00:00,es,hoydiariodelmagdalena.com.co,hoydiariodelmagdalena.com.co,2024-05-10,"Corpamag se une al Global Big Day, jornada mundial de avistamiento de aves",https://hoydiariodelmagdalena.com.co/archivos/943007/corpamag-se-une-al-global-big-day-jornada-mundial-de-avistamiento-de-aves/
213d687b9a2642fd479382680f84ac5f2d25cdda33ab61a8fbad4eb91b577df2,2024-05-10 23:22:34.702863+00:00,es,santamartaaldia.co,santamartaaldia.co,2024-05-10,Este sábado Corpamag participará en el Global Big Day,https://santamartaaldia.co/este-sabado-corpamag-participara-en-el-global-big-day/?utm_source=rss&utm_medium=rss&utm_campaign=este-sabado-corpamag-participara-en-el-global-big-day
d0f6d1a075fecd30b1102a6935bd557f6d67645b7b1c7d2a024be0ab5091e451,2024-05-10 19:10:09.174544+00:00,es,eltiempo.com,eltiempo.com,2022-05-08,¿Qué sucedería si de un momento a otro abandonáramos la minería?,https://www.eltiempo.com/vida/ciencia/mineria-que-sucederia-si-de-un-momento-a-otro-la-abandonaramos-670700
15795dd55c8091beddfd2573476f143281cd63807c00038502e29d5f78e7019c,2024-05-10 13:21:16.811475+00:00,es,lapatilla.com,lapatilla.com,2022-05-12,"Una escuela hecha de residuos, el primer colegio sustentable de Colombia (FOTOS)",https://www.lapatilla.com/2022/05/12/una-escuela-hecha-de-residuos-el-primer-colegio/
4dc7808bea6ca1de27e4bf4b5ba33f9d7171d0b0ca6aad316ff1c3962c57cfbc,2024-05-10 13:04:08.326668+00:00,es,minuto30.com,minuto30.com,2022-05-12,¡Escuela hecha de residuos! El primer colegio sustentable de Colombia está en San Jerónimo,https://www.minuto30.com/primer-colegio-sustentable-san-jeronimo/1332547/
48758de26034e374330d4d24ccb834f9ab55c2eac53c4ee2e5e0db413d475644,2024-05-10 12:25:12.634115+00:00,es,diarioadn.co,diarioadn.co,2022-05-12,"Una escuela hecha de residuos, el primer colegio sustentable de Colombia",https://www.diarioadn.co/noticias/una-escuela-hecha-de-residuos-el-primer-colegio-sustentable-de-colombia+articulo+55170
87d24c2538342517d62d241c56812022ac42197ca30cf401f8eba3efc42fa363,2024-05-10 10:15:10.982015+00:00,es,lapatilla.com,lapatilla.com,2022-05-14,"Wanda, la primera rueda sostenible de Latinoamérica que pesca basura flotante",https://www.lapatilla.com/2022/05/14/wanda-la-primera-rueda-sostenible-de-latinoamerica-que-pesca-basura-flotante/
f6e057f514b96a12d2b2a7156038131149840aafdc9fe895c7fcb742bf375b2a,2024-05-10 09:55:30.744414+00:00,es,infobae.com,infobae.com,2022-05-15,"5 cosas que debemos hacer para proteger la naturaleza cuando viajamos, según Condé Nast Traveler",https://www.infobae.com/turismo/2022/05/15/5-cosas-que-debemos-hacer-para-proteger-la-naturaleza-cuando-viajamos-segun-conde-nast-traveler/
ca36e21cb5152c5c01e3863fb18ec9c2126b1b529ceaed60e5ecfe325cd56f64,2024-05-10 05:49:11.175074+00:00,es,portafolio.co,portafolio.co,2022-05-18,Colombia genera 12 millones de toneladas de basura al año,https://www.portafolio.co/economia/finanzas/colombia-genera-12-millones-de-toneladas-de-basura-al-ano-565581
9b4e7633cf5a8bbe50ae1c5e311e908da43abc0137ccf6a6d58f69ea87a63a32,2024-05-10 05:14:14.168987+00:00,es,eltiempo.com,eltiempo.com,2022-05-18,"Colombia produce 12 millones de toneladas de basura, pero recicla solo 17 %",https://www.eltiempo.com/economia/sectores/que-hacen-los-colombianos-con-la-basura-que-producen-cada-ano-673208
10e84e1f07717e928a11656c8f31554ce867310abecb2aec735d5ec5b4b4e8a7,2024-05-10 00:00:30.279144+00:00,es,opinioncaribe.com,opinioncaribe.com,2022-05-20,UNIMAGDALENA contribuyó al triunfo de Colombia como el país con más especies de aves en el mundo,https://www.opinioncaribe.com/2022/05/20/unimagdalena-contribuyo-al-triunfo-de-colombia-como-el-pais-con-mas-especies-de-aves-en-el-mundo/
a3ce7b071a39c69876a27f31c40bfed4d7902744cb8389b9e7f1fccafdb85adb,2024-05-09 16:42:06.802131+00:00,es,libretadeapuntes.com,libretadeapuntes.com,2022-05-24,5 consejos para disminuir desperdicio de alimentos en los hogares,https://libretadeapuntes.com/5-consejos-para-disminuir-desperdicio-de-alimentos-en-los-hogares/
d051e118e7884a72b9d61d2c02707d1ebb2114b6e6ff532b729debcf7e512d15,2024-05-09 08:43:18.548736+00:00,es,portafolio.co,portafolio.co,2022-05-31,Los emprendimientos con una B mayúscula,https://www.portafolio.co/negocios/empresas/los-emprendimientos-con-una-b-mayuscula-566171
3733fb3d128c31a7d9e19d21e6aa2bc18829bd94f441d5803ebae4001ff74b51,2024-05-09 03:41:33.960057+00:00,es,infobae.com,infobae.com,2022-06-03,La OCDE prevé un fuerte aumento de la producción y los residuos de plástico,https://www.infobae.com/america/agencias/2022/06/03/la-ocde-preve-un-fuerte-aumento-de-la-produccion-y-los-residuos-de-plastico/
f073776cd23ebbc75f64c392f3b058729a41db0b866ba7d4e5b9108d3b62a61c,2024-05-09 03:39:40.856869+00:00,es,eldiario.com.co,eldiario.com.co,2022-06-03,"Pereira, epicentro de la alta montaña",https://www.eldiario.com.co/noticias/pereira/pereira-epicentro-de-la-alta-montana/
e608de5c4f3ef6f9a1fdcb37b4bb80af1a98edbc8ebd440dca83977d43122bdd,2024-05-09 02:51:07.162068+00:00,es,eltiempo.com,eltiempo.com,2022-06-03,Ocde prevé un fuerte aumento de la producción y los residuos de plástico,https://www.eltiempo.com/vida/medio-ambiente/ocde-preve-un-fuerte-aumento-de-la-produccion-y-los-residuos-de-plastico-677340
e21e7231fd61f20b38ab2a02b7e53be1ad87616a5b19f151cf666f78fbe6a4d9,2024-05-08 12:29:10.865043+00:00,es,opinioncaribe.com,opinioncaribe.com,2022-06-10,¡Recuerda! En el Tayrona están prohibidos los plásticos de un solo uso,https://www.opinioncaribe.com/2022/06/10/recuerda-en-el-tayrona-estan-prohibidos-los-plasticos-de-un-solo-uso/
b4b9e7c5c597b7c292e0b6e6ba3d16f66321bbb63ff9f178d9ee504a8da26e44,2024-05-08 12:20:25.086949+00:00,es,infobae.com,infobae.com,2022-06-10,Aumentaron los avistamientos de especies endémicas en la Ciudad de México,https://www.infobae.com/america/mexico/2022/06/10/aumentaron-los-avistamientos-de-especies-endemicas-en-la-ciudad-de-mexico/
68c47b5332b930d9f3363304083f4ee8aa8a2b1e984c9baef178de84ad8a5421,2024-05-08 06:22:54.856391+00:00,es,infobae.com,infobae.com,2022-06-15,Desarrollo sustentable: qué hacen las empresas para cuidar el planeta y crecer junto a la sociedad,https://www.infobae.com/inhouse/2022/06/15/desarrollo-sustentable-que-hacen-las-empresas-para-cuidar-el-planeta-y-crecer-junto-a-la-sociedad/
d0ca37d490efb747c7d8e2d880ce989325b3aefc40c86c950640d3c941ae22bc,2024-05-08 05:59:09.586606+00:00,es,infobae.com,infobae.com,2022-06-16,Economía circular: el modelo de producción que crece en la Argentina e involucra a todos,https://www.infobae.com/inhouse/2022/06/16/economia-circular-el-modelo-de-produccion-que-crece-en-la-argentina-e-involucra-a-todos/
3726108c3b8d850c4666199fe2c9274c0f8eccf8b1ba3d408bf749b55f19b340,2024-05-07 19:05:31.928529+00:00,es,choco7dias.com,choco7dias.com,2022-06-22,Bagadó: reciclaje para proteger el medio ambiente,https://choco7dias.com/bagado-reciclaje-para-proteger-el-medio-ambiente/
d2fc09d30ef15ad636b60b14dd4692738cbf5949eb4d201db15ee419c33b3f78,2024-05-07 16:53:04.791848+00:00,es,laotracara.co,laotracara.co,2022-06-23,Principales riesgos de los parques naturales de Colombia,https://laotracara.co/actualidad/principales-riesgos-de-los-parques-naturales-de-colombia/
fa8f57e4f52f40c8512969ba5a4166e656092955ccc0c596f8f5c7f3d226ce27,2024-05-07 05:04:22.629717+00:00,es,infobae.com,infobae.com,2022-07-03,"Comisario Medioambiente: ""El sector textil siempre escapa a las regulaciones""",https://www.infobae.com/america/agencias/2022/07/03/comisario-medioambiente-el-sector-textil-siempre-escapa-a-las-regulaciones/
b288f30c7edc0f0ccf99488d939cc44a9d816ad7b5aa63cdc730dce48ef610cf,2024-05-06 07:44:00.937726+00:00,es,elnuevodia.com.co,elnuevodia.com.co,2022-07-14,¿Plantar árboles es la solución real frente al cambio climático?,http://www.elnuevodia.com.co/nuevodia/otros/ecologica/491308-plantar-arboles-es-la-solucion-real-frente-al-cambio-climatico
f03eb5dc0b55d1ff7c5f6b0718ea0cfdf42cb8282b9393718473eeab57e95135,2024-05-06 06:54:57.549350+00:00,es,infobae.com,infobae.com,2022-07-15,"Reino fungi, el tesoro escondido de la regeneración",https://www.infobae.com/opinion/2022/07/15/reino-fungi-el-tesoro-escondido-de-la-regeneracion/
acc0681978bdf658e454f1dc054a54c2d7013932ac3c772bc7afbfde086d7e39,2024-05-06 05:39:32.062866+00:00,es,elpais.com.co,elpais.com.co,2022-07-15,Crucial momento,https://www.elpais.com.co/opinion/columnistas/fernando-cepeda-ulloa/crucial-momento.html
4d8e389f3b4547e2f70b3f3dbf6ab596dbabd9ef4103d2eb575c1e845976bcfc,2024-05-06 04:48:33.887030+00:00,es,hoydiariodelmagdalena.com.co,hoydiariodelmagdalena.com.co,2022-07-17,Crucial momento,https://www.hoydiariodelmagdalena.com.co/archivos/692993/crucial-momento/
cda06ab31080163b5c25fd2bf1610529b854cf06292371464137a1628bcf9771,2024-05-05 12:30:40.721319+00:00,es,lapatilla.com,lapatilla.com,2022-07-24,Antonio Ledezma: Cemento y ecología,https://www.lapatilla.com/2022/07/24/antonio-ledezma-cemento-y-ecologia/
ed66df610d6409663fb43fb088aa7d1dd7f3491b46ed0d23ca6b5c1a24968b43,2024-05-05 00:47:11.270843+00:00,es,libretadeapuntes.com,libretadeapuntes.com,2022-07-27,El 53% de la energía que consume Movistar Colombia proviene de fuentes renovables,https://libretadeapuntes.com/el-53-de-la-energia-que-consume-movistar-colombia-proviene-de-fuentes-renovables/
1f8458c7e432001ecd1bbd211195739bb96d490bf04b67cc18244ab148c9dbc7,2024-05-04 20:40:18.019778+00:00,es,libretadeapuntes.com,libretadeapuntes.com,2022-07-28,"Digitalización, eje de la transformación de la economía y la sustentabilidad",https://libretadeapuntes.com/digitalizacion-eje-de-la-transformacion-de-la-economia-y-la-sustentabilidad/
8f66292865582b30ba68459387d4f3448ec62a759c668fde4f57fb90f43803b2,2024-05-04 01:51:47.132655+00:00,es,eltiempo.com,eltiempo.com,2022-08-10,¿Fin del 'fracking' en Colombia? Congreso radica proyecto para prohibirlo,https://www.eltiempo.com/vida/medio-ambiente/fin-del-fracking-en-colombia-congreso-radica-proyecto-para-prohibirlo-693817
2090b400b8230a827a6b2707b434880e318762c6d010b31861cd13cacc4e1385,2024-05-03 16:24:15.622458+00:00,es,confidencialcolombia.com,confidencialcolombia.com,2022-08-17,Incauca se convertirá este año en el mayor cogenerador de en,https://confidencialcolombia.com/econfidencial/incauca-se-convertira-este-ano-en-el-mayor-cogenerador-de-energia-del-pais/2022/08/17/
d445786c4779dfcdc01e777f5d68f972e9c3eab043eca430a7faa65d95794930,2024-05-03 14:10:42.766605+00:00,es,infobae.com,infobae.com,2022-08-19,Los hongos pueden ser la clave para deshacerse de las colillas de cigarrillos,https://www.infobae.com/america/agencias/2022/08/19/los-hongos-pueden-ser-la-clave-para-deshacerse-de-las-colillas-de-cigarrillos/
67e5ab7f4c66e3ffcb966bfbc9b71212cb14ece15ba797b7964b5d6f950247b5,2024-05-03 13:23:12.447252+00:00,es,diariodelhuila.com,diariodelhuila.com,2022-08-20,Científicos descubren hongos capaces de descontaminar las colillas,https://diariodelhuila.com/cientificos-descubren-hongos-capaces-de-descontaminar-las-colillas/
2d6a360fdafe824569a4231ffd0c1beb9e90309d8b5ec6ae3843ae81572e53f2,2024-05-03 10:26:37.349988+00:00,es,eltiempo.com,eltiempo.com,2022-08-22,Nenúfar: así es la planta gigante que rompió un récord Guinness,https://www.eltiempo.com/vida/ciencia/nenufar-asi-es-la-planta-gigante-que-rompio-un-record-guinness-696654
893a1caeb8dd2a77fd94d6c6f852125cc1190e3627802ce1f4439a9548de8642,2024-05-03 09:10:54.797509+00:00,es,infobae.com,infobae.com,2022-08-24,Gobierno nacional plantea apoyo económico para fortalecer asociaciones de recicladores,https://www.infobae.com/america/colombia/2022/08/24/gobierno-nacional-plantea-apoyo-economico-para-fortalecer-asociaciones-de-recicladores/
6e55c39a00aee22f0727bf529d973ce3b022eef190f752ffc252658d6cefd4aa,2024-05-03 06:38:20.317723+00:00,es,eltiempo.com,eltiempo.com,2021-12-07,Ecoansiedad: así afecta el cambio climático a nuestra salud mental,https://www.eltiempo.com/vida/medio-ambiente/cambio-climatico-y-salud-mental-que-relacion-tienen-637405
b2da34d17067912fe2f949034d6cbcf0f3ead88c713c7e5eb7804e1c146de021,2024-05-03 00:36:07.270109+00:00,es,revistametro.co,revistametro.co,2022-08-29,"Ciudad basura – Revista Metro, a la medida de Cartagena – Noticias de Cartagena de Indias, Bolívar y Colombia",https://revistametro.co/2022/08/29/ciudad-basura/
c90284400f31ff32f00acd83e7bd7807043009d760f2a87e7ddd61eb7384bba5,2024-05-02 23:35:52.221182+00:00,es,eltiempo.com,eltiempo.com,2024-05-02,"En el mundo hay cada vez más apatía por el cambio climático, sobre todo entre hombres jóvenes: no se sabe qué hacer",https://www.eltiempo.com/vida/medio-ambiente/en-el-mundo-hay-cada-vez-mas-apatia-por-el-cambio-climatico-sobre-todo-entre-hombres-jovenes-no-se-sabe-que-hacer-3339468
d0780dd0dfe55b56d3c4f69017249d4cbfb5e06df14f83a8a2450f8be8146e55,2024-05-02 17:22:27.373174+00:00,es,prensalibrecasanare.com,prensalibrecasanare.com,2024-05-02,10 municipios de Casanare participan este año en el Global Big Day,https://prensalibrecasanare.com/casanare/51473-10-municipios-de-casanare-participan-este-aso-en-el-global-big-day.html
00cf612611aaa188184812d8694906864b3f5656614359b29cbcc4d7c4869c2e,2024-05-02 05:10:12.739517+00:00,es,diarioadn.co,diarioadn.co,2022-09-12,"La gastronomía, motor del desarrollo sostenible en Latinoamérica",https://www.diarioadn.co/noticias/la-gastronomia-motor-del-desarrollo-sostenible-en-latinoamerica+articulo+56189
931b092d0ef406f12f946f6009f186207b52a458aa0f0f636ef073760cf56435,2024-05-01 09:22:40.545587+00:00,es,diariodelnorte.net,diariodelnorte.net,2022-09-23,"Jabones Rioh, el Negocio Verde comprometido con el medio ambiente y el cuidado de la piel",https://www.diariodelnorte.net/?p=134757
7342beb017483d0589fd22aaf3ab56c962d3d06de3c4c0f124a61a66e513ec19,2024-05-01 08:53:31.379690+00:00,es,choco7dias.com,choco7dias.com,2022-09-23,Teatrino y títeres: Estrategia de educación ambiental en Bahía Solano,https://choco7dias.com/teatrino-y-titeres-estrategia-de-educacion-ambiental-en-bahia-solano/
adae1d68892c887eea406433837dcbdb9803f59813a3db398925072874ac3319,2024-05-01 04:46:26.785066+00:00,es,infobae.com,infobae.com,2022-09-27,"Los hermanos Roca, ""héroes de la alimentación"" para la FAO",https://www.infobae.com/america/agencias/2022/09/27/los-hermanos-roca-heroes-de-la-alimentacion-para-la-fao/
c3cf86fbbba5c35708f3dce7161ce6fbb50251a7375f4829bfec35fe7794eb10,2024-04-30 21:33:40.717150+00:00,es,las2orillas.co,las2orillas.co,2024-04-30,Birds of the World: la plataforma de pájaros es gratis ahora,https://www.las2orillas.co/la-plataforma-birds-of-the-world-ahora-es-de-acceso-gratuito-para-colombia/
f104578d944f619d671b0a4006974424981943a24af7cb17f85158c552f04166,2024-04-30 08:35:02.401364+00:00,es,elpais.com.co,elpais.com.co,2022-10-07,Alimentación sostenible,https://www.elpais.com.co/opinion/editorial/alimentacion-sostenible.html
064bfdac44948dd6e4f6e114d61ef8529af4c5e2e304408944d4df088b964b6c,2024-04-30 04:06:20.763157+00:00,es,gatopardo.com,gatopardo.com,2022-10-11,¿Qué queda de la Conabio tras los embates de la 4T?,https://gatopardo.com/opinion/conabio-crisis-jose-sarukhan-renuncia/
e1e5b9f998f0b3ab0cb956ca071e1ef83f3f96f4456c9e3012cab82b148326a4,2024-04-29 22:05:19.176501+00:00,es,las2orillas.co,las2orillas.co,2022-10-14,Las urgencias ambientales de las ciudades,https://www.las2orillas.co/las-urgencias-ambientales-de-las-ciudades/
132d0b86763710edd07fdeb306d93003fae56dbda7c2b847edbed51ff0167522,2024-04-29 21:22:52.007946+00:00,es,eltiempo.com,eltiempo.com,2024-04-29,Pequeñas acciones para mejorar la vida en el planeta: ideas para incorporar hábitos sostenibles,https://www.eltiempo.com/cultura/gente/pequenas-acciones-para-mejorar-la-vida-en-el-planeta-ideas-para-incorporar-habitos-sostenibles-3338419
9c52ba20f22d5b9d3e8c8121e637ac6410bfed1e05f0dcdf048920c5d0bc9681,2024-04-29 20:59:48.994250+00:00,es,diariolalibertad.com,diariolalibertad.com,2022-10-15,Las urgencias ambientales de las ciudades,https://diariolalibertad.com/sitio/2022/10/15/las-urgencias-ambientales-de-las-ciudades/
443b2158e9780b3f9c95878487003aaaedcb9962a7a1ccf6f0b4ee07db5c1f95,2024-04-29 16:13:23.295379+00:00,es,periodicodebate.com,periodicodebate.com,2022-10-16,¿Legalizar la cocaína?,https://periodicodebate.com/index.php/opinion/columnistas-nacionales/item/33977-¿legalizar-la-cocaína?
c95ed77445a34d6ffc952873e45bbf525e7a617b6944ee97683c941f1770ab55,2024-04-29 06:08:11.755683+00:00,es,infobae.com,infobae.com,2022-10-26,Directores de museos internacionales de historia natural crean una red global,https://www.infobae.com/america/agencias/2022/10/26/directores-de-museos-internacionales-de-historia-natural-crean-una-red-global/
586545fe7c693a89b5f422aa8e24eef2a08228d23487c862efafe8cdc05860b2,2024-04-28 23:19:44.520789+00:00,es,eldiario.com.co,eldiario.com.co,2024-04-28,TENSIÓN ENTRE EL MEDIO AMBIENTE Y COMERCIO INTERNACIONAL,https://www.eldiario.com.co/seccion-d/pagina-verde/tension-entre-el-medio-ambiente-y-comercio-internacional/
e7bf4d67ecfc5bf15f9f12e94139e5da15cac3bfa8ef16691fa64dd68da6ce9d,2024-04-28 02:11:18.302872+00:00,es,infobae.com,infobae.com,2022-11-17,"Renaturalizadas, sanas e inclusivas: las ciudades del futuro buscan su senda",https://www.infobae.com/america/agencias/2022/11/17/renaturalizadas-sanas-e-inclusivas-las-ciudades-del-futuro-buscan-su-senda/
25c33ceceb2061e5669e70e775f9bb7af250ba6f583a5596bf5795ee0ee01ccd,2024-04-28 02:07:12.233159+00:00,es,infobae.com,infobae.com,2022-11-17,"Renaturalizadas, sanas e inclusivas: las ciudades del futuro buscan su senda",https://www.infobae.com/america/agencias/2022/11/17/renaturalizadas-sanas-e-inclusivas-las-ciudades-del-futuro-buscan-su-senda-2/
1cdee18a75bbe019c8e6275bda65dfcd37bcd6f7b5128319846a6ff8868232dd,2024-04-28 01:23:56.210156+00:00,es,infobae.com,infobae.com,2022-11-17,El Foro Mar de Cortés promete preservar el mayor ecosistema marino de México,https://www.infobae.com/america/agencias/2022/11/17/el-foro-mar-de-cortes-promete-preservar-el-mayor-ecosistema-marino-de-mexico-2/
d9c72ca9350833c136b4b99b864267ba0f3562f33335f947604a3b14e87777c7,2024-04-28 01:06:05.848265+00:00,es,larepublica.co,larepublica.co,2022-11-17,"Compañías optan por desalinización, energías limpias y reciclaje de diversos equipos",https://www.larepublica.co/globoeconomia/companias-optan-por-desalinizacion-energias-limpias-y-reciclaje-de-diversos-equipos-3491035
bcd0c38f9054215e828737a982685400b21c6412b721334285e13fc70cc9071d,2024-04-27 15:39:39.910828+00:00,es,infobae.com,infobae.com,2022-11-25,"Venecia acoge el ""Blue Friday"", la alternativa de la Unesco al ""Black Friday""",https://www.infobae.com/america/agencias/2022/11/25/venecia-acoge-el-blue-friday-la-alternativa-de-la-unesco-al-black-friday-2/
b6f72facc88d4ab542965a45900aa02faca8774b7eb9466153094637638c7512,2024-04-27 14:00:53.545714+00:00,es,infobae.com,infobae.com,2022-11-26,"La basura, el enemigo que afecta a zonas de árboles aéreos en Ecuador",https://www.infobae.com/america/agencias/2022/11/26/la-basura-el-enemigo-que-afecta-a-zonas-de-arboles-aereos-en-ecuador/
35bc9f3d2a90b17015261e5c0072805e91c955b1231ec2ff82a3a60552f05997,2024-04-27 10:52:18.925891+00:00,es,infobae.com,infobae.com,2022-11-29,El urbanista Carlos Moreno: La naturaleza tiene que recuperar el espacio público,https://www.infobae.com/america/agencias/2022/11/29/el-urbanista-carlos-moreno-la-naturaleza-tiene-que-recuperar-el-espacio-publico/
87165493a3841d4bfdb0530ba59e9ae1d208e43e632ccef115eef61f8eb8d8c2,2024-04-27 10:50:27.676453+00:00,es,infobae.com,infobae.com,2022-11-29,Urbanista Carlos Moreno: La naturaleza tiene que recuperar el espacio público,https://www.infobae.com/america/agencias/2022/11/29/urbanista-carlos-moreno-la-naturaleza-tiene-que-recuperar-el-espacio-publico/
e40798971e40b257ddb3cebe741d504134bc80546c1b61e80d91085b30457eee,2024-04-27 10:25:00.008921+00:00,es,minuto30.com,minuto30.com,2022-11-29,La naturaleza tiene que recuperar el espacio público,https://www.minuto30.com/naturaleza-recuperar-espacio-publico/1384102/
4e15811610294539192aa329e8eead3a42d0239ff1cf3fd21a1392bcd117577a,2024-04-27 09:04:47.168482+00:00,es,infobae.com,infobae.com,2022-11-30,Agenda informativa América de texto para el miércoles 30 de noviembre de 2022,https://www.infobae.com/america/agencias/2022/11/30/agenda-informativa-america-de-texto-para-el-miercoles-30-de-noviembre-de-2022/
28bd4a19fcc8055a64992bbde3ac3f609e5c4cb602ec839ad6ff945047baf959,2024-04-26 20:14:22.149430+00:00,es,infobae.com,infobae.com,2022-12-09,"Los guepardos podrían extinguirse en breve, según reveló un estudio",https://www.infobae.com/america/perrosygatos/2022/12/09/los-guepardos-podrian-extinguirse-en-breve-segun-revelo-un-estudio/
ae4112ee6a2864382f282556af035756b516240c22a78b603383511c3c6c2f88,2024-04-26 20:08:10.117868+00:00,es,lapatilla.com,lapatilla.com,2022-12-09,"Los guepardos podrían extinguirse pronto, advirtió un estudio",https://www.lapatilla.com/2022/12/09/guepardos-podrian-extinguirse/
a999c8a42fae1853920c5fc68ccd81a4274a0bfe2a1efb8abc86050a10dd199c,2024-04-26 05:02:45.768792+00:00,es,infobae.com,infobae.com,2022-12-21,Minam promueve campaña “Eco Navidad” para fomentar consumo responsable,https://www.infobae.com/america/peru/2022/12/21/minam-promueve-campana-eco-navidad-para-fomentar-consumo-responsable/
ffecd1228102ba53717d27ffbc43bc28994ee9d0a4613aaa678b3ba56017e3a2,2024-04-26 00:17:57.118081+00:00,es,diariodelnorte.net,diariodelnorte.net,2022-12-23,"Cerrejón, empresa pionera en el monitoreo de la biodiversidad a través de cámaras trampa en La Guajira",https://www.diariodelnorte.net/?p=143825
3d59606393eb51a711f6b7fd6d9379f2f845c073b516c5fe2226fe1696a87a80,2024-04-25 23:21:09.697560+00:00,es,larepublica.co,larepublica.co,2022-12-24,Carta de Santa al Niño Dios 2022,https://www.larepublica.co/analisis/ramiro-santa-513971/carta-de-santa-al-nino-dios-2022-3515331
7c0f6564c5b19ed8e0069c6771d84d6884fb8a945914c24d49b979de75e7b662,2024-04-25 19:20:39.949081+00:00,es,larepublica.co,larepublica.co,2024-04-25,Tratado contra la contaminación por plásticos: una oportunidad única,https://www.larepublica.co/analisis/santiago-lopez-jaramillo-401771/tratado-contra-la-contaminacion-por-plasticos-una-oportunidad-unica-3847941
d754c32fe9241b74b86c128e757645c3feac8c78f9d1cb051115594365bc5262,2024-04-25 16:21:16.886697+00:00,es,infobae.com,infobae.com,2024-04-25,La invasión del pez león se extiende imparable por el Mediterráneo,https://www.infobae.com/america/agencias/2024/04/25/la-invasion-del-pez-leon-se-extiende-imparable-por-el-mediterraneo/
e765327ff14e392558039d1176f96d17cb4caccafd7f3b61ff2e5ef3c7a46c25,2024-04-25 14:52:37.972272+00:00,es,infobae.com,infobae.com,2022-12-30,La Raya hispanolusa busca un futuro industrial y económico verde y sostenible,https://www.infobae.com/america/agencias/2022/12/30/la-raya-hispanolusa-busca-un-futuro-industrial-y-economico-verde-y-sostenible/
af3a176825154ab26e9ad0d1bc09978529d67928fd84eac803394d3d949bdfaf,2024-04-24 09:04:46.590426+00:00,es,diariodelnorte.net,diariodelnorte.net,2024-04-22,Cerrejón avanza en su compromiso con la sostenibilidad ambiental,https://diariodelnorte.net/laguajira/cerrejon-avanza-en-su-compromiso-con-la-sostenibilidad-ambiental/
5f491c11f4ab3250c4ee34fe107dee172564d2adb6bddaa41ca9a1a2b4342f26,2024-04-24 05:55:38.853170+00:00,es,eltiempo.com,eltiempo.com,2024-04-23,Racionamiento de agua en Bogotá: los barrios cuyos habitantes tienen mayor riesgo de ser multados por gasto excesivo,https://www.eltiempo.com/bogota/racionamiento-de-agua-los-barrios-cuyos-habitantes-podrian-ser-multados-por-gastar-mucha-agua-en-bogota-3336428
128ee075b0a7fa9c5a26756a7b6ed8a5f9cb0ace72f28e23e1287350f43e5fa4,2024-04-23 10:52:10.444860+00:00,es,minuto30.com,minuto30.com,2024-04-22,"22 de abril, Día de la Tierra ¡Cuidémosla no solo hoy!",https://www.minuto30.com/22-de-abril-dia-de-la-tierra-cuidemosla-no-solo-hoy/1601611/
818ed8bf0d9d6731a36c58a595cfabac3d416fe0f2dbf8711758dd27530a8298,2024-04-18 00:38:50.825904+00:00,es,infobae.com,infobae.com,2024-04-16,Grecia anuncia 21 nuevos compromisos con el océano y la creación de dos parques marinos,https://www.infobae.com/america/agencias/2024/04/16/grecia-anuncia-21-nuevos-compromisos-con-el-oceano-y-la-creacion-de-dos-parques-marinos/
cccfebff7dbdf984e81325dd932cc4841df81791506a291d7f3233f571601200,2024-04-17 00:45:07.245014+00:00,es,infobae.com,infobae.com,2024-04-15,El océano y sus retos reúne a cien jóvenes de todo el mundo para exponer sus proyectos,https://www.infobae.com/america/agencias/2024/04/15/el-oceano-y-sus-retos-reune-a-cien-jovenes-de-todo-el-mundo-para-exponer-sus-proyectos/
28407bc102f66ff45dae59cf6ea07c4774b6357c1a6d6b2e48e9a9586606281c,2024-04-15 00:14:35.866599+00:00,es,infobae.com,infobae.com,2024-04-13,"Las cedrelas, un árbol que amenaza la migración de las tortugas gigantes de Galápagos",https://www.infobae.com/america/agencias/2024/04/13/las-cedrelas-un-arbol-que-amenaza-la-migracion-de-las-tortugas-gigantes-de-galapagos/
3322eb7caba766d0002fb5b760aae1faae879f5a1d739665ae6f4fa1a4ef87d1,2024-04-12 04:48:17.260902+00:00,es,elpaisvallenato.com,elpaisvallenato.com,2024-04-09,Drummond Ltd. y su gestión responsable con el medio ambiente,https://www.elpaisvallenato.com/2024/04/09/drummond-y-su-gestion-responsable-con-el-medio-ambiente/?utm_source=rss&utm_medium=rss&utm_campaign=drummond-y-su-gestion-responsable-con-el-medio-ambiente
78e61a453c9182fe654f7394f5c95fffa9cabaec4102f5c542baaf7d7c260b7f,2024-04-08 00:19:24.792424+00:00,es,infobae.com,infobae.com,2024-04-06,Los 10 destinos del planeta que son vanguardia por el turismo sustentable,https://www.infobae.com/tendencias/2024/04/06/los-10-destinos-del-planeta-que-son-vanguardia-por-el-turismo-sustentable/
c8fcc451638a5df39fe6f6758676d5ec6473047f700a80ec4f64200d1e3371df,2024-04-08 00:17:52.182372+00:00,es,infobae.com,infobae.com,2024-04-06,"El cambio climático altera el sistema inmune y aumenta el riesgo de tres tipos de enfermedades, según Harvard",https://www.infobae.com/america/medio-ambiente/2024/04/06/el-cambio-climatico-altera-el-sistema-inmune-y-aumenta-el-riesgo-de-tres-tipos-de-enfermedades-segun-harvard/
aa88530d6d99e84b8dc1b4ebe9fa1a1fe40e3b92fdc47151691334b3f49c0c8b,2024-04-06 00:06:27.755964+00:00,es,infobae.com,infobae.com,2024-04-04,"La isla de Pascua busca junto al resto del Pacífico dejar de ""recibir la basura del mundo""",https://www.infobae.com/america/agencias/2024/04/04/la-isla-de-pascua-busca-junto-al-resto-del-pacifico-dejar-de-recibir-la-basura-del-mundo/
864a5a855196b2edf9308e6fffbc4cbcfbcffe7a07b8df43dddb9abde9241527,2024-04-05 07:35:10.128934+00:00,es,pulzo.com,pulzo.com,2024-04-03,Carrera Verde de Bogotá 2024 confirmó recorrido y anunció artista que la amenizará,https://www.pulzo.com/deportes/carrera-verde-bogota-2024-fecha-recorridos-inscripciones-artista-invitado-PP3550921
bc1f200beca4cde24148230abdbd75eaa1dfb190911b3f0930efa694ef176de8,2024-04-04 03:28:49.955502+00:00,es,larepublica.co,larepublica.co,2024-02-04,Conozca los programas a los que acudir para desechar correctamente los neumáticos,https://www.larepublica.co/responsabilidad-social/conozca-los-programas-a-los-que-acudir-para-desechar-correctamente-los-neumaticos-3830986
daa8cbc611e736084148192a80093062681c73e333f9b031e5eb8392c2722540,2024-04-02 07:07:02.671444+00:00,es,laopinion.com.co,laopinion.com.co,2024-03-31,En Cúcuta la contaminación ambiental es un problema de todos,https://www.laopinion.com.co/cucuta/en-cucuta-la-contaminacion-ambiental-es-un-problema-de-todos
5ca5065f4356d10a60575541f01ad30643776b53a93484515b0412b3a561d748,2024-03-30 03:24:33.659266+00:00,es,diariodelhuila.com,diariodelhuila.com,2024-03-27,Los colombianos consumirán cerca de 47.000 toneladas de pescado esta Semana Santa,https://diariodelhuila.com/los-colombianos-consumiran-cerca-de-47-000-toneladas-de-pescado-esta-semana-santa/
43b13a17ed21142cae9a47f4864b6c74f42129c464a7db0f8fb0fc23729a540f,2024-03-29 05:15:53.227963+00:00,es,diariodelhuila.com,diariodelhuila.com,2024-03-27,Alerta por niveles bajos de embalses en Colombia: precios energéticos al alza,https://diariodelhuila.com/alerta-por-niveles-bajos-de-embalses-en-colombia-precios-energeticos-al-alza/
6a8d07abb1d175add06e51deea56d6c766df4a311a3d55d33b27bbd8869cec98,2024-03-27 03:51:47.907749+00:00,es,diariodelhuila.com,diariodelhuila.com,2024-03-25,Impulsar la alimentación sostenible para la protección de la biodiversidad,https://diariodelhuila.com/impulsar-la-alimentacion-sostenible-para-la-proteccion-de-la-biodiversidad/
9486b21ce00ef09aebc73e7fbd5d55380e6d92a653b74cec11ccabf9018ddde4,2024-03-24 05:24:16.720500+00:00,es,periodicolacampana.com,periodicolacampana.com,2024-03-21,Impulsar la alimentación sostenible para combatir crisis climática,https://www.periodicolacampana.com/impulsar-la-alimentacion-sostenible-para-combatir-crisis-climatica/
c72b547fc7b88e64963358792f0666856b3ea6f5eb2e3ea2e97e96898bc32d63,2024-03-21 02:53:56.830887+00:00,es,las2orillas.co,las2orillas.co,2024-03-14,Así será la decimosexta sesión de la Conferencia de las Partes COP16,https://www.las2orillas.co/asi-sera-la-decimosexta-sesion-de-la-conferencia-de-las-partes-cop16/
1c82b2b6bf821a483db4a8259b4523acafe0c7225b4718e3fe71105b11c7dfd2,2024-03-17 00:15:48.362334+00:00,es,infobae.com,infobae.com,2024-03-14,Perú: evaluación de los ODS ambientales,https://www.infobae.com/peru/2024/03/14/peru-evaluacion-de-los-ods-ambientales/
dae8c591718bcb52b4b5dcb962be7314076f952e37d330bd6582d51f559feccf,2024-03-16 03:28:09.203521+00:00,es,areacucuta.com,areacucuta.com,2024-03-14,87% De Los 31.702 Humedales Nacionales Están Intervenidos Por Zonas Habitadas,https://www.areacucuta.com/87-de-los-31-702-humedales-nacionales-estan-intervenidos-por-zonas-habitadas/?utm_source=rss&utm_medium=rss&utm_campaign=87-de-los-31-702-humedales-nacionales-estan-intervenidos-por-zonas-habitadas
5dc6b63b724bfb180e466eeda9a96ac8d132d3c587cd9df9e3cbebf00b60abd8,2024-03-16 00:29:39.479525+00:00,es,infobae.com,infobae.com,2024-03-14,Lollapalooza Argentina 2024: todo lo que hay que saber para disfrutar al máximo la experiencia,https://www.infobae.com/tendencias/2024/03/14/lollapalooza-argentina-2024-todo-lo-que-hay-que-saber-para-disfrutar-al-maximo-del-festival/
7cd580735e76bfba5f956c66a3ca14ef05044f1b22d57128cd51472a9074fef3,2024-03-15 00:26:23.102636+00:00,es,infobae.com,infobae.com,2024-03-13,El PSOE plantea incorporar como prácticas comerciales desleales las tendentes a reducir la vida útil de un producto,https://www.infobae.com/america/agencias/2024/03/13/el-psoe-plantea-incorporar-como-practicas-comerciales-desleales-las-tendentes-a-reducir-la-vida-util-de-un-producto/
c71f80acd65355adcaefd532e3cda59a239494ee39949822c3870fc6bac1f8d2,2024-03-13 03:08:07.731861+00:00,es,diariodelhuila.com,diariodelhuila.com,2024-03-11,Alias 'Macaco' admitió responsabilidad en 141 crímenes,https://diariodelhuila.com/dhyuaeneydn783474dnxx/
a7154fbf723ea7fcc38f27df0110711b093e116c0ab4c8351cf7aacdd111a8d6,2024-03-13 03:08:07.500731+00:00,es,diariodelhuila.com,diariodelhuila.com,2024-03-11,"Sumapaz, primer territorio reconocido como 'sujeto de reparación colectiva'",https://diariodelhuila.com/sumapaz-primer-territorio-reconocido-como-sujeto-de-reparacion-colectiva/
43406764ec1e3c8b576ae79c55636e7b1a7e46c666492dd68e37af8040d75d07,2024-03-10 18:42:04.743094+00:00,es,infobae.com,infobae.com,2023-01-03,Las fechas medioambientales más relevantes para el año 2023,https://www.infobae.com/america/agencias/2023/01/03/las-fechas-medioambientales-mas-relevantes-para-el-ano-2023-2/
c5a57462ee952e448cc72469bd173317d560f14224f75b6ab9e76650d2145eca,2024-03-10 17:58:25.410445+00:00,es,eltiempo.com,eltiempo.com,2023-01-03,Las fechas medioambientales más relevantes para el año 2023,https://www.eltiempo.com/vida/medio-ambiente/las-fechas-medioambientales-mas-relevantes-para-el-ano-2023-731026
86db06260185832d8f61d22f84255369920fe64c10ac548363970a3478e5a191,2024-03-10 16:22:27.389964+00:00,es,infobae.com,infobae.com,2023-01-05,Proyecto Vaquitas de San Antonio: cómo es la iniciativa que busca mapear su distribución en Argentina,https://www.infobae.com/salud/ciencia/2023/01/05/proyecto-vaquitas-de-san-antonio-como-es-la-iniciativa-que-busca-mapear-su-distribucion-en-argentina/
76318bc14651f4caff7fb122a20b1a36295183c029470f43510e984965401812,2024-03-10 12:36:08.379621+00:00,es,eldiario.com.co,eldiario.com.co,2023-01-08,Las fechas medioambientales más relevantes para el año 2023,https://www.eldiario.com.co/seccion-d/las-fechas-medioambientales-mas-relevantes-para-el-ano-2023/
d29b13acd3595f7f153a36ea82f94ee13cfe5cdcd8f22a29971d4a606191a8fd,2024-03-10 02:47:07.072130+00:00,es,infobae.com,infobae.com,2023-01-15,"Consumo responsable, esta es la tendencia que se impondrá con urgencia en Colombia en el 2023",https://www.infobae.com/america/colombia/2023/01/15/consumo-responsable-esta-es-la-tendencia-que-se-impondra-con-urgencia-en-colombia-en-el-2023/
b4295e1ea8e0fe18c0790aa09f6351ba90c94e4b17be4cb3db556f3409836359,2024-03-09 16:16:41.888392+00:00,es,larepublica.co,larepublica.co,2023-01-23,La secretaria de Estado de Francia se reunirá con miembros del Gobierno colombiano,https://www.larepublica.co/globoeconomia/la-secretaria-de-estado-de-francia-se-reunira-con-miembros-del-gobierno-colombiano-3528621
e69ca930e90c2442e41b0083e4916c07a20c885106650cc6fd7516c8edd9a1b1,2024-03-09 16:10:47.048285+00:00,es,eltiempo.com,eltiempo.com,2023-01-24,"En 2022, Colombia marcó un récord en su medición de biodiversidad",https://www.eltiempo.com/vida/medio-ambiente/en-2022-colombia-marco-un-record-en-su-medicion-de-biodiversidad-736214
d16635552c94df710151776bc0af88c24cf1356747c9541f01959a527ba5d871,2024-03-09 13:13:28.674637+00:00,es,elpais.com.co,elpais.com.co,2023-01-25,"Guerra, cambio climático y ciudades",https://www.elpais.com.co/opinion/columnistas/benjamin-barney-caldas/guerra-cambio-climatico-y-ciudades.html
90e59999ecae94c6ca7aa74c21fd1b0e3e3bb12219b2b30b56a6a52ba4ebc7a9,2024-03-09 02:31:58.109911+00:00,es,larepublica.co,larepublica.co,2024-03-07,"El paradigma que lleva “de la cuna, a la cuna”",https://www.larepublica.co/especiales/empresario-del-ano-2023/el-paradigma-que-lleva-de-la-cuna-a-la-cuna-3816066
a0519c1729e9adf1aabcccaf326b7144bc88f9c2612fdcfed531ea4862f81d42,2024-03-09 01:56:40.635276+00:00,es,rionoticias.co,rionoticias.co,2023-02-02,Aqualia presenta una nueva edición de su Concurso Digital Infantil,https://rionoticias.co/aqualia-presenta-una-nueva-edicion-de-su-concurso-digital-infantil/
3693527c5e6766d3a0f1723f1d212176f36531891370ca7ae093ded0501bd2f5,2024-03-08 13:30:49.579184+00:00,es,eltiempo.com,eltiempo.com,2023-02-12,"Tallin, el destino ecológico y medieval de moda en Europa",https://www.eltiempo.com/vida/viajar/tallin-el-destino-ecologico-y-medieval-de-moda-en-europa-740979
3f3df3e073acecbfbddf0d7e0b642ee84c015c8a1623f0db52f0cc84ad44a0e5,2024-03-08 09:14:09.144145+00:00,es,occidente.co,occidente.co,2023-02-15,"Banco de Germoplasma del CIAT, con reconocimiento internacional",https://occidente.co/secciones/internacionales/banco-de-germoplasma-del-ciat-con-reconocimiento-internacional/
b64499407705eb60850a6aa5a295d07f2627aa3f713fdfb3579675b0f74ac05f,2024-03-08 07:21:02.076585+00:00,es,extra.com.co,extra.com.co,2024-03-06,Huila: 120 niños se graduaron como observadores de aves,https://extra.com.co/huila-120-ninos-se-graduaron-como-observadores-de-aves/
9dbd7e7fe917deb4423ee38a7217ae6c62c779c14759b86043641049223e1f0d,2024-03-08 04:33:21.859529+00:00,es,diariodelsur.com.co,diariodelsur.com.co,2024-03-06,Huila: 120 niños se graduaron como observadores de aves,https://www.diariodelsur.com.co/huila-120-ninos-se-graduaron-como-observadores-de-aves/
ebc31270db5657078b393645f2b3a41ef7bfdacbab22b987f2c397a396f523b3,2024-03-08 03:12:09.541635+00:00,es,eltiempo.com,eltiempo.com,2023-02-12,"Tallin, el destino ecológico y medieval de moda en Europa",https://www.eltiempo.com/vida/viajar/tallin-historia-datos-y-lugares-turisticos-de-la-capital-de-estonia-740979
6bbf333e82551617b65933771f9eefeeb35330be12646749646ee41f2e1bb96b,2024-03-07 15:40:56.699476+00:00,es,eltiempo.com,eltiempo.com,2021-12-07,Ecoansiedad: así afecta el cambio climático a nuestra salud mental,https://www.eltiempo.com/vida/medio-ambiente/ecoansiedad-el-temor-a-la-crisis-climatica-se-transforma-en-enfermedad-637405
4f1cf33567b8e09e1e2749a72d8d4bd2866e50e0941b71a437ec3540505c2b14,2024-03-07 10:05:07.597137+00:00,es,infobae.com,infobae.com,2023-03-03,Una de cada 8 especies silvestres en el mundo se encuentra bajo amenaza de extinción,https://www.infobae.com/america/medio-ambiente/2023/03/03/una-de-cada-8-especies-silvestres-en-el-mundo-se-encuentra-bajo-amenaza-de-extincion/
9551e047d7e2a2777797db08f797810f904251d2aaae8058c357deaba7e1efd0,2024-03-07 07:38:57.608397+00:00,es,eltiempo.com,eltiempo.com,2023-03-05,La ola del turismo en los nevados y los retos de conservación,https://www.eltiempo.com/vida/medio-ambiente/nevados-ola-del-turismo-y-los-retos-de-conservacion-747013
f63dde967bd9ce89d95d3a0c5c42b359d3ae56e16a5c4dd88285dd492c00035a,2024-03-07 03:59:24.562387+00:00,es,elcolombiano.com,elcolombiano.com,2023-03-07,En Medellín hay una carreta viajera que vive llena de bichos y que espera su visita,https://www.elcolombiano.com/medio-ambiente/bichomovil-exposicion-entomologica-intinerante-FF20701040
5cb2e561f17eb48eb469eecfcb0f07a31f09f8c2146a04dd6dc79846d24d0a3d,2024-03-02 09:33:48.851257+00:00,es,diariodelsur.com.co,diariodelsur.com.co,2023-03-19,Destino de turismo sostenible se consolida Colombia,https://www.diariodelsur.com.co/destino-de-turismo-sostenible-se-consolida-colombia/
9513d0fa675056b809c4bc183fe1c61866963ed2feb0afeb60a732926a1de5fe,2024-03-02 06:48:44.503839+00:00,es,eltiempo.com,eltiempo.com,2023-03-21,Residuos sólidos: ¿cómo se deben clasificar a la hora de reciclar?,https://www.eltiempo.com/vida/medio-ambiente/clasificacion-de-residuos-solidos-importancia-de-clasificarlos-bien-752026
962dac761bf687beb85c54a2a201393d1860e0fee7f4dbc4d181cf508d75ad7a,2024-03-01 17:58:30.381751+00:00,es,eltiempo.com,eltiempo.com,2023-03-30,Día de la Tierra: ¿cómo podemos contribuir al cuidado del medio ambiente?,https://www.eltiempo.com/vida/medio-ambiente/dia-de-la-tierra-como-podemos-contribuir-al-cuidado-del-medio-ambiente-755192
bb0690ecfc23ed20a6b9c35d2547df888bccef4e9f59c9b46eebea1c931bd3b3,2024-03-01 17:58:30.078053+00:00,es,eltiempo.com,eltiempo.com,2023-03-30,Día de la Tierra: ¿cómo podemos proteger la biodiversidad?,https://www.eltiempo.com/vida/medio-ambiente/dia-de-la-tierra-como-podemos-proteger-la-biodiversidad-755264
d25f72701a4c2ca9cbb68d0126e0ed4a65d1aba7680e44f7d1db93d786dca39a,2024-03-01 03:54:42.967434+00:00,es,diariodelhuila.com,diariodelhuila.com,2023-04-11,“La humanidad está tratando a nuestro planeta como un basurero”,https://diariodelhuila.com/la-humanidad-esta-tratando-a-nuestro-planeta-como-un-basurero/
cb82e4d3ded292a9173bde1ce46acf1915f29d1a0d3c8c879db06e5f264c552f,2024-02-29 16:22:05.303928+00:00,es,lanacion.com.co,lanacion.com.co,2023-04-19,La tierra del olvido • La Nación,https://www.lanacion.com.co/la-tierra-del-olvido-2/
66584ff55c3fa927cf724f427f23402ffbd62f4bb69e525fa238198253274049,2024-02-29 12:28:05.058379+00:00,es,infobae.com,infobae.com,2023-04-21,Los diez consejos de Ron Magill para celebrar el Día Mundial de la Tierra,https://www.infobae.com/america/agencias/2023/04/21/los-diez-consejos-de-ron-magill-para-celebrar-el-dia-mundial-de-la-tierra/
c7808ee4a2505edb7092a7223ccc534ba48fc257b41507b9d6dadfc63c8ea469,2024-02-29 11:23:24.581720+00:00,es,diariodelhuila.com,diariodelhuila.com,2023-04-22,22 de abril: Día de la Tierra,https://diariodelhuila.com/22-de-abril-dia-de-la-tierra/
5bc77feae20775b3921338b46d5577332608d8f6775e210403a9f570fcd5a661,2024-02-29 11:12:17.287465+00:00,es,lafm.com.co,lafm.com.co,2023-04-22,Día de la Tierra: el nuevo lujo es cuidar el medio ambiente,https://www.lafm.com.co/medio-ambiente/dia-de-la-tierra-el-nuevo-lujo-es-cuidar-el-medio-ambiente
3bdc4899b8a2edb9b9ca7539c1e832b9a05fc1ecac9192d4768e4bb06f94ea92,2024-02-29 05:44:52.066973+00:00,es,elnuevodia.com.co,elnuevodia.com.co,2024-02-27,Cada vez son más personas las que se apasionan por la naturaleza,https://www.elnuevodia.com.co/nuevodia/otros/generales/516881-avistamiento-de-aves-otro-motivo-para-preservar-el-centenario
c9c01876d5a67dc908e430c4703eed8a3d71fe458c5aab75ffe6d1f22cd0c529,2024-02-29 05:30:01.480264+00:00,es,infobae.com,infobae.com,2023-04-27,Ecuador lanza su plataforma de acción para reducir contaminación de plásticos,https://www.infobae.com/america/agencias/2023/04/27/ecuador-lanza-su-plataforma-de-accion-para-reducir-contaminacion-de-plasticos/
08d1167e30e10e80824ef47017337e94caf803cb2d5a98a672186407c1c98654,2024-02-29 01:40:38.064536+00:00,es,infobae.com,infobae.com,2023-04-29,Tres ciudades ecuatorianas participan en maratón fotográfico de biodiversidad,https://www.infobae.com/america/agencias/2023/04/29/tres-ciudades-ecuatorianas-participan-en-maraton-fotografico-de-biodiversidad/
723b63fde0e7c35de75d0b524750bfc5f8f3b4cfc4e5bbbcc9e8b8b1a2de4f9f,2024-02-28 19:35:26.147861+00:00,es,eltiempo.com,eltiempo.com,2023-05-03,Colombia tendrá expediciones para el cuidado de arrecifes de corales,https://www.eltiempo.com/vida/medio-ambiente/colombia-tendra-expediciones-para-el-cuidado-de-arrecifes-de-corales-765054
91ca35bdbce64595b213153e537fbb28de0995f9b430e76edc5ec7d6af7e4410,2024-02-28 13:05:44.797942+00:00,es,portafolio.co,portafolio.co,2023-05-08,Vidrio o plástico: cuál es mejor para el medio ambiente y los altos costos de producirlos,https://www.portafolio.co/economia/finanzas/vidrio-o-plastico-cual-es-mejor-para-el-medio-ambiente-y-los-altos-costos-de-producirlos-582476
ae271beff311a132d6e0e84498493a72b48839bb364eed8f9ed87ad23df14793,2024-02-28 12:39:17.725336+00:00,es,eltiempo.com,eltiempo.com,2023-05-08,Vidrio o plástico: ¿cuál es mejor para el medio ambiente?,https://www.eltiempo.com/vida/ciencia/vidrio-o-plastico-cual-es-mejor-para-el-medio-ambiente-766035
eea1dcaff5f70ae24a92ebe40a1052271f557684d4ed8bb0d097fb41a97d32a9,2024-02-28 10:59:19.417047+00:00,es,larepublica.co,larepublica.co,2023-05-10,Arrecifes de energía,https://www.larepublica.co/analisis/maria-de-los-angeles-manrique-3611781/arrecifes-de-energia-3611776
b1349822b7b4664916d62144cc86e2999c5a475c4ff9183eeb0ccf7f701ced3a,2024-02-27 22:16:50.211993+00:00,es,meridiano70.co,meridiano70.co,2023-05-17,¡Hoy celebramos el Día Internacional del Reciclaje!,https://meridiano70.co/hoy-celebramos-el-dia-internacional-del-reciclaje/
f03bc0f6f86601b0a0349549b9a42a4a5307461068c4d95f3200db16d6e90050,2024-02-27 21:06:04.558078+00:00,es,laopinion.com.co,laopinion.com.co,2017-04-03,10 % de las emisiones de gases de efecto invernadero son causados por la industria textil,https://www.laopinion.com.co/zona-verde/10-de-las-emisiones-de-gases-de-efecto-invernadero-son-causados-por-la-industria-textil
c44e2c05e51e1db7e0cb25f115fb3c32303e75de123460c4272ae91b3a58bc57,2024-02-27 19:18:14.906842+00:00,es,rionoticias.co,rionoticias.co,2023-05-19,Veolia y UPB escogieron a los ganadores de los concursos de Reciclaje en Creando Sociedades Sostenibles,https://rionoticias.co/veolia-y-upb-escogieron-a-los-ganadores-de-los-concursos-de-reciclaje-en-creando-sociedades-sostenibles/
f23185b1c189285ff3db52a8f2f29cbb192100f9d5dad10f6783e0d23b8737ee,2024-02-27 11:26:23.396946+00:00,es,infobae.com,infobae.com,2023-05-24,Loreto se viste de fiesta: Celebra el Día de San Juan en la selva amazónica,https://www.infobae.com/peru/2023/05/24/loreto-se-viste-de-fiesta-celebra-el-dia-de-san-juan-en-la-selva-amazonica/
c1f4ccb3bf3a31baefd07a1d7c99d9809b0a4708b464abb03b5c73ef21b22aed,2024-02-27 11:23:24.954928+00:00,es,infobae.com,infobae.com,2023-05-24,Enric Sala (Pristine Seas): las reservas marinas bien gestionada dan beneficios económicos,https://www.infobae.com/america/agencias/2023/05/24/enric-sala-pristine-seas-las-reservas-marinas-bien-gestionada-dan-beneficios-economicos/
6e4f79e15fe8d6dbef599feb5644b6f679e7e9d5092e9beaf0b8da869b770dc2,2024-02-27 05:22:05.498106+00:00,es,extra.com.co,extra.com.co,2023-05-22,Distrito realizó jornada de limpieza en el conector ecosistémico Media Luna del Sur,https://extra.com.co/distrito-realizo-jornada-de-limpieza-en-el-conector-ecosistemico-media-luna-del-sur/
7ca6fe50f5c36422bae6b6c7fa546a854ecdc481415ffb35f4c5c1443359c0f9,2024-02-26 20:40:21.805521+00:00,es,confidencialnoticias.com,confidencialnoticias.com,2023-06-04,El tratado que busca reducir producción de plástico,https://confidencialnoticias.com/colombia/econfidencial/el-tratado-que-busca-reducir-produccion-de-plastico/2023/06/04/
5404451eafa7d60e82de145ed69981ba430ddffab8d192bd6652f6843adb1b5d,2024-02-26 20:07:45.222780+00:00,es,infobae.com,infobae.com,2023-06-05,Día Mundial del Ambiente: por qué los plásticos son el eje de la contaminación planetaria,https://www.infobae.com/america/medio-ambiente/2023/06/05/dia-mundial-del-ambiente-por-que-los-plasticos-son-el-eje-de-la-contaminacion-planetaria/
be09c25fae8e9105cd349e4b3ccd6af28aeaa64644ca0b8582f025927522df46,2024-02-26 15:20:32.653999+00:00,es,infobae.com,infobae.com,2023-06-07,"Consumo responsable y ""soluciones a largo plazo"" centran debate sobre el agua en Uruguay",https://www.infobae.com/america/agencias/2023/06/07/consumo-responsable-y-soluciones-a-largo-plazo-centran-debate-sobre-el-agua-en-uruguay/
9e0e8c79b14d80649af2d59c0b4f9379c0e3f1242902c79328e02f4e0e878814,2024-02-26 13:21:15.502561+00:00,es,infobae.com,infobae.com,2023-06-09,"Analizan 574 especies exóticas en las costas españolas, el 10 % de carácter invasor",https://www.infobae.com/espana/2023/06/09/analizan-574-especies-exoticas-en-las-costas-espanolas-el-10-de-caracter-invasor/
23ad5035313ddf46bdb6a82a32b27956b86345bdcd48d06fae4d1ac7e454c657,2024-02-26 10:38:23.004824+00:00,es,infobae.com,infobae.com,2023-06-11,Ecuador tiene más de 1.700 especies de aves,https://www.infobae.com/america/agencias/2023/06/11/ecuador-tiene-mas-de-1700-especies-de-aves/
3fc49408808c4305f7ff202a0c3b102568ef630fdca1ff8078e5d9ab897c6395,2024-02-26 09:52:21.183217+00:00,es,infobae.com,infobae.com,2023-06-12,"De Buenos Aires a Tokio, cómo es la mega exposición artística que interpela sobre el futuro ambiental",https://www.infobae.com/america/medio-ambiente/2023/06/12/de-buenos-aires-a-tokio-como-es-la-mega-exposicion-artistica-que-interpela-sobre-el-futuro-ambiental/
8f11db6749e25262bfacf9530d8aa661bd8e37c896e637bd4ec26576493c0611,2024-02-26 09:47:11.175912+00:00,es,elpaisvallenato.com,elpaisvallenato.com,2023-06-12,Ecuador tiene más de 1.700 especies de aves,https://www.elpaisvallenato.com/2023/06/12/ecuador-tiene-mas-de-1-700-especies-de-aves/?utm_source=rss&utm_medium=rss&utm_campaign=ecuador-tiene-mas-de-1-700-especies-de-aves
86f7f27c45252eab1b225287702ca128794ff025aa6d5fb6b82e88d51d3272ef,2024-02-26 04:27:07.307451+00:00,es,eltiempo.com,eltiempo.com,2023-06-15,La rana invasora y ‘gomela’ que solo vive en barrios costosos y exclusivos de Colombia,https://www.eltiempo.com/vida/medio-ambiente/rana-coqui-la-invasora-y-gomela-que-vive-en-barrios-costosos-de-colombia-778190
29a9ee082b7da836252ac2913a599b6e862a687334499a11770c6d0c44fa8fbb,2024-02-26 00:19:54.629651+00:00,es,eltiempo.com,eltiempo.com,2023-06-19,La cumbre en Francia sobre finanzas climáticas a la que irá Gustavo Petro esta semana,https://www.eltiempo.com/mundo/europa/gustavo-petro-de-que-se-trata-la-cumbre-a-la-que-ira-en-francia-esta-semana-778902
14cbfa4df87ae252a5be728d3c37ff595b4314216dcc7300abe712a717e8c0f8,2024-02-25 21:45:36.458747+00:00,es,infobae.com,infobae.com,2023-06-21,Bayer anunció nuevas tecnologías para la agricultura regenerativa y apunta a duplicar mercados accesibles,https://www.infobae.com/campo/2023/06/21/bayer-anuncio-nuevas-tecnologias-para-la-agricultura-regenerativa-y-apunta-a-duplicar-mercados-accesibles/
599731db6ebd7fa978de1026d0c7e5eabd2f9317aee0179963da2096301e6277,2024-02-25 16:55:26.172306+00:00,es,eltiempo.com,eltiempo.com,2023-06-24,Cuando reciclar plásticos no es suficiente: ¿qué más hay por hacer?,https://www.eltiempo.com/vida/medio-ambiente/reciclar-plasticos-no-es-suficiente-que-mas-hacer-780339
a37fbe84ff9c2a922cc562cbab5cb436c7aa5e3abfd508906cbee7fa5c7096b1,2024-02-25 08:52:59.917627+00:00,es,eltiempo.com,eltiempo.com,2023-06-15,La rana invasora y ‘gomela’ que solo vive en barrios costosos y exclusivos de Colombia,https://www.eltiempo.com/vida/medio-ambiente/rana-coqui-la-especia-invasora-que-vive-en-barrios-costosos-de-colombia-778190
ad9e895e0f96c20ef8bd9c74b71611a401f2a977ac29d807c6a5a8f687336a49,2024-02-25 05:31:48.395678+00:00,es,eltiempo.com,eltiempo.com,2023-07-03,'Esta es nuestra apuesta para reciclar material y fabricar cemento’: Cemex,https://www.eltiempo.com/economia/empresas/cemex-habla-de-su-nueva-empresa-filial-regenera-reciclaran-cemento-782955
dce6c80c9c04a4b26523de3e9b9762de1d3196b7e5fb61d54b21de782ba79ecd,2024-02-25 00:33:59.241576+00:00,es,occidente.co,occidente.co,2023-07-07,"‘El cambio climático está en tus manos’, inicia evento por el medio ambiente",https://occidente.co/secciones/medio-ambiente/el-cambio-climatico-esta-en-tus-manos-evento/
d8a94a9d107b6e2f338ee0d903b2decd31cad3b4f79dc63ddee056d884aa8210,2024-02-24 21:12:12.592234+00:00,es,infobae.com,infobae.com,2023-07-11,Cómo el mundo puede acabar con la contaminación plástica y crear una economía circular,https://www.infobae.com/america/ciencia-america/2023/07/11/como-el-mundo-puede-acabar-con-la-contaminacion-plastica-y-crear-una-economia-circular/
6684014bd5cef3d892aac6d29694763ad1708bf8e074dcfd8eb4c7f186bbb7a5,2024-02-24 08:07:22.453303+00:00,es,larepublica.co,larepublica.co,2023-07-21,Estos son algunos sellos que certifican la sostenibilidad en los productos del campo,https://www.larepublica.co/responsabilidad-social/estos-son-algunos-sellos-que-certifican-la-sostenibilidad-en-los-productos-del-campo-3662643
f6d061be24a05f03457e1f3878dea8153055da04c78f4ecbc6531620aaa1155f,2024-02-24 05:05:30.908539+00:00,es,eldiario.com.co,eldiario.com.co,2023-07-24,Un enamorado de la danta corre por ella,https://www.eldiario.com.co/noticias/risaralda/un-enamorado-de-la-danta-corre-por-ella/
32beec21b1e95c6513ae70bbd55d8f4cee7cd437b64d9e996894454cc5e94424,2024-02-24 04:30:28.539690+00:00,es,portafolio.co,portafolio.co,2023-07-24,"Niñas, niños y docentes aprendieron sobre el cambio climático",https://www.portafolio.co/tendencias/sociales/ninas-ninos-y-docentes-aprendieron-sobre-el-cambio-climatico-586299
deddab5a6c7af4b08022a877e45d54435f7d4266a398ffbc7ca7c906bf3990f9,2024-02-24 00:34:53.768413+00:00,es,larepublica.co,larepublica.co,2023-07-26,Fundación EPM lanza la segunda edición de libro con MinEducación y MinAmbiente,https://www.larepublica.co/responsabilidad-social/fundacion-epm-lanza-la-segunda-edicion-de-libro-con-mineducacion-y-minambiente-3666593
ae4816220df32f12e2971012e20033eb244dde39ded3ee8d72f271b800b7ed06,2024-02-24 00:27:23.089736+00:00,es,infobae.com,infobae.com,2023-07-27,"""Amazonas"", la moda levanta su voz para clamar por la selva y frenar la destrucción",https://www.infobae.com/america/agencias/2023/07/27/amazonas-la-moda-levanta-su-voz-para-clamar-por-la-selva-y-frenar-la-destruccion/
1c8e2498b67597d198b1ac68bf9709bdf97df8009c25c132e6d836f1f733a247,2024-02-24 00:16:15.339015+00:00,es,minuto30.com,minuto30.com,2023-07-27,"Amazonas"", la moda levanta su voz para clamar por la selva y frenar la destrucción",https://www.minuto30.com/amazonas-la-moda-levanta-su-voz-para-clamar-por-la-selva-y-frenar-la-destruccion/1461884/
decef4fda11f5c2c5d09d53b965c3f13716909493b8764c1cd35e52a2849e369,2024-02-23 23:36:10.034574+00:00,es,infobae.com,infobae.com,2023-07-27,Descubren una nueva especie de araña cangrejo gigante en los bosques tropicales de la Amazonia del Ecuador,https://www.infobae.com/america/agencias/2023/07/27/descubren-una-nueva-especie-de-arana-cangrejo-gigante-en-los-bosques-tropicales-de-la-amazonia-del-ecuador/
1fdd7d148a6ac08e6ed79bf46aec55de9018f993e2c8b8e800ac0a917843e6e5,2024-02-23 23:06:00.547525+00:00,es,canaltropical.co,canaltropical.co,2023-07-27,"Un grito por la Amazonía en Colombiamoda+Colombiatex 2023 con «Amazonas, una selva con voz de mujer»",https://canaltropical.co/?p=71965
7e1fe77aa80df5d79793247087449fcccc99efc13b1aed09c7e27095bc8bc275,2024-02-23 17:08:56.362505+00:00,es,pasionporsantamarta.com,pasionporsantamarta.com,2023-07-28,Embajador del Reino Unido en Colombia y director de Corpamag liberaron 22 especies marinas en playas de Inca Inca,https://pasionporsantamarta.com/embajador-del-reino-unido-en-colombia-y-director-de-corpamag-liberaron-22-especies-marinas-en-playas-de-inca-inca/
e7f98713a931d97561b76f32e2ebed9bfde3262d272875844e5f22d4a140f32e,2024-02-23 14:00:43.917956+00:00,es,infobae.com,infobae.com,2023-08-03,"¿Cómo visitar los fósiles del Perucetus colossus, el animal más pesado de la Tierra?",https://www.infobae.com/peru/2023/08/03/como-visitar-los-fosiles-del-perucetus-colossus-el-animal-mas-pesado-de-la-tierra/
a620fac00706b1eb07720fc1cf9da882b17bbda781a7786128f2f5f7f06e410c,2024-02-23 03:23:29.379825+00:00,es,chicanoticias.com,chicanoticias.com,2023-08-11,Los 5 retos de Erasmo Zuleta con Córdoba Pr1mero,https://chicanoticias.com/2023/08/11/los-5-retos-de-erasmo-zuleta-con-cordoba-pr1mero/?utm_source=rss&utm_medium=rss&utm_campaign=los-5-retos-de-erasmo-zuleta-con-cordoba-pr1mero
dd08a74439ca28e3b5ba8c6f7b6d7f1e535aa8b5c74388ed62c315eec70aee1e,2024-02-23 03:14:25.795188+00:00,es,rionoticias.co,rionoticias.co,2023-08-11,Los 5 retos de Erasmo Zuleta con Córdoba Pr1mero,https://rionoticias.co/los-5-retos-de-erasmo-zuleta-con-cordoba-pr1mero/
2891b83fdf58ca715c00d93816114711d66fc353af9579d39889d496ab3bad88,2024-02-23 01:07:41.928346+00:00,es,infobae.com,infobae.com,2023-08-13,El legado de conservar un área que antes fue un basural y ahora refugia a 79 tipos de aves en Tumbes,https://www.infobae.com/peru/2023/08/13/el-legado-de-conservar-un-area-que-antes-fue-un-basural-y-ahora-refugia-a-79-tipos-de-aves-en-tumbes/
de37ea49f2442e257528fdb917050b1bdb8119240bab90bcc3998fb612dcc18b,2024-02-22 15:27:21.862036+00:00,es,infobae.com,infobae.com,2023-08-20,Posible escasez de agua en Lima: lo que se podría hacer para sobrellevar la crisis,https://www.infobae.com/peru/2023/08/20/posible-escasez-de-agua-en-lima-lo-que-se-podria-hacer-para-sobrellevar-la-crisis/
f5ebef6766a3e94ca5bf4db5c3db977d8a31fbddd6097876f867ad723f9f020c,2024-02-22 15:17:48.627171+00:00,es,infobae.com,infobae.com,2023-08-21,"Es argentino, tiene 33 años y se identifica “pangeísta”: viaje al interior de una filosofía que sueña con cambiar el mundo",https://www.infobae.com/sociedad/2023/08/21/es-argentino-tiene-33-anos-y-se-identifica-pangeista-viaje-al-interior-de-una-filosofia-que-suena-con-cambiar-el-mundo/
1b0735cc637fff50fe1d15ed273acd47e944556545f1fb312197dba8132fe5c0,2024-02-22 13:48:35.377325+00:00,es,eldiario.com.co,eldiario.com.co,2023-08-22,Conciencia ambiental desde temprana edad,https://www.eldiario.com.co/contenido-patrocinado/conciencia-ambiental-desde-temprana-edad/
6a10c40f337a0a0d100b38e6ad3b531799ce629f57d779003365b523886c9222,2024-02-22 04:31:11.845130+00:00,es,pulzo.com,pulzo.com,2023-08-29,El premio que ofrecen a quien de una mano para cuidar a las aves; ¿de qué se trata?,https://www.pulzo.com/vivir-bien/ayudar-aves-cambio-premio-PP2926708
0706ea8a00a58f3cfc2c6e106cde2ce7343d435c5f9ed0ca6a9dde7eaa8106da,2024-02-22 00:38:31.919117+00:00,es,infobae.com,infobae.com,2023-09-01,"Agricultura sustentable, neutralidad en plásticos y energía eléctrica renovable: cuál es la estrategia de la industria para desarrollar sistemas alimentarios regenerativos",https://www.infobae.com/inhouse/2023/09/01/agricultura-sustentable-neutralidad-en-plasticos-y-energia-electrica-renovable-cual-es-la-estrategia-de-la-industria-para-desarrollar-sistemas-alimentarios-regenerativos/
5069f747b66894192b704efff777939cd5b58437aca349f4e839b750f7584c7e,2024-02-21 19:34:40.139574+00:00,es,infobae.com,infobae.com,2023-09-05,"3.500 especies invasoras de microbios, animales y plantas causan extinciones y enfermedades en todo el mundo",https://www.infobae.com/america/medio-ambiente/2023/09/05/3500-especies-invasoras-de-microbios-animales-y-plantas-causan-extinciones-y-enfermedades-en-todo-el-mundo/
ae187d8551db25ee1110f772a98cfa5c2ce002adcceb1d2a8639402aa8eaa186,2024-02-21 16:50:27.206078+00:00,es,infobae.com,infobae.com,2023-09-06,Apoyo alemán para acciones la educación para el desarrollo sostenible en Ecuador,https://www.infobae.com/america/agencias/2023/09/06/apoyo-aleman-para-acciones-la-educacion-para-el-desarrollo-sostenible-en-ecuador/
8994e4257eeac6d074916cb215498894ac73676d83defe6ec3f27eb37ff120f4,2024-02-21 08:29:38.340562+00:00,es,pasionporsantamarta.com,pasionporsantamarta.com,2023-09-10,"Corpamag, policía departamental y ejército nacional decomisan madera en vereda los patos, municipio de el Piñón-Magdalena",https://pasionporsantamarta.com/corpamag-policia-departamental-y-ejercito-nacional-decomisan-madera-en-vereda-los-patos-municipio-de-el-pinon-magdalena/
db6502c1f958cb1e3051a6b049c53e76cee9d7dbee578b7d697da8698c7b1a13,2024-02-21 07:16:45.328259+00:00,es,extra.com.co,extra.com.co,2023-09-12,Syngenta transforma los sistemas agroalimentarios de Latinoamérica Norte,https://extra.com.co/syngenta-transforma-los-sistemas-agroalimentarios-de-latinoamerica-norte/
e0136559194295d211ffe475cca8bb1c4eea87ff5d2b43f7b6ba34572ed1d551,2024-02-21 07:15:21.833922+00:00,es,diariodelcauca.com.co,diariodelcauca.com.co,2023-09-12,Syngenta transforma los sistemas agroalimentarios de Latinoamérica Norte,https://diariodelcauca.com.co/syngenta-transforma-los-sistemas-agroalimentarios-de-latinoamerica-norte/
d301be19dc82b72e3ce47328969bae1ebf6140cab6b5d6aa38d4c216c3ec6fe6,2024-02-21 07:14:54.606780+00:00,es,eltiempo.com,eltiempo.com,2023-09-12,¿Por qué comemos lo que comemos?: nuestros alimentos tienen un impacto en el ambiente,https://www.eltiempo.com/vida/medio-ambiente/por-que-comemos-lo-que-comemos-nuestros-alimentos-tienen-un-impacto-en-el-ambiente-805156
2e33b507431c87032e9a3f458f4fde0f48aa6c1da3cff5bc00f3f9807103d75d,2024-02-21 04:18:20.611703+00:00,es,rionoticias.co,rionoticias.co,2023-09-14,Aqualia premia a los ganadores de la edición 21 del concurso digital de dibujo,https://rionoticias.co/aqualia-premia-a-los-ganadores-de-la-edicion-21-del-concurso-digital-de-dibujo/
a9e1f2dd9574d6470b1897bfcb680f784911cb94f93d4075880c994ce8a367b5,2024-02-21 04:10:24.251502+00:00,es,infobae.com,infobae.com,2023-09-15,El impacto del cambio climático en la biodiversidad: cómo prevenir las consecuencias,https://www.infobae.com/america/medio-ambiente/2023/09/15/como-afecta-el-cambio-climatico-a-la-biodiversidad-y-como-prevenir-las-consecuencias/
949c944d6b57b7cce6beb9383f76b573c6ecc69312220216bf82298fd3d49ccb,2024-02-20 23:13:28.423665+00:00,es,infobae.com,infobae.com,2023-09-19,Escolares pedirán a sus padres que cuiden el planeta en un concurso de cartas,https://www.infobae.com/america/agencias/2023/09/19/escolares-pediran-a-sus-padres-que-cuiden-el-planeta-en-un-concurso-de-cartas/
b596d06dd2b5b607e13e957abf907a9f0359a00cbf6e84f79bdff628b790d9f4,2024-02-20 19:20:39.791699+00:00,es,gatopardo.com,gatopardo.com,2023-09-21,Nespresso: el amor por México en un ciclo de café,https://gatopardo.com/estilo-de-vida/nespresso-ama-mexico/
21268584294965ccb23c8806d48a5b61b61a969cb1d815cf3dac69c6100789e6,2024-02-20 16:58:36.112501+00:00,es,pasionporsantamarta.com,pasionporsantamarta.com,2023-09-21,"MinCIT, Colombia Productiva y PNUD invertirán $1.581 millones para fortalecer proyectos agroindustriales de comunidades afro e indígenas",https://pasionporsantamarta.com/mincit-colombia-productiva-y-pnud-invertiran-1-581-millones-para-fortalecer-proyectos-agroindustriales-de-comunidades-afro-e-indigenas/
fb98294dfdc31a3b9cef8fe4b716b9b37fcaab5b82fda5fe1050a20741022c20,2024-02-20 14:46:13.911939+00:00,es,infobae.com,infobae.com,2023-09-25,España participa en 13 de los 17 proyectos que recibirán 90 millones de la UE para apoyar suelos saludables,https://www.infobae.com/america/agencias/2023/09/25/espana-participa-en-13-de-los-17-proyectos-que-recibiran-90-millones-de-la-ue-para-apoyar-suelos-saludables/
cf04e03f4285ea1dcc080cb9218d0cac7e70fdeff49796824bc371f88dde2105,2024-02-20 05:53:20.691237+00:00,es,pasionporsantamarta.com,pasionporsantamarta.com,2023-09-28,Corpamag participa en la X Feria Bioexpo 2023,https://pasionporsantamarta.com/corpamag-participa-en-la-x-feria-bioexpo-2023/
45ba8f6924ad454be1f8b37de7e3584c4c092e4ce68267c3770193aadca05238,2024-02-20 03:23:05.361058+00:00,es,eltiempo.com,eltiempo.com,2023-09-30,‘No queremos acabar con la minería’: ministra de Ambiente envía mensaje a empresas,https://www.eltiempo.com/economia/sectores/minambiente-susana-muhamad-dice-que-no-buscan-acabar-con-la-mineria-en-colombia-811350
f87f989bed9d26060f5958bf57d541c61e10e32766bda203fdfa59fcd1756116,2024-02-19 21:37:47.093874+00:00,es,infobae.com,infobae.com,2023-10-04,Representantes del sector marítimo debaten sobre los retos de la economía azul en el IV Congreso de Ingeniería Naval,https://www.infobae.com/america/agencias/2023/10/04/representantes-del-sector-maritimo-debaten-sobre-los-retos-de-la-economia-azul-en-el-iv-congreso-de-ingenieria-naval/
c406472f017e9314a2b09a5b5457716552efa1fa632f54ed246e918bf8f2ebef,2024-02-19 08:33:10.057121+00:00,es,laguajirahoy.com,laguajirahoy.com,2023-10-12,Multinacional en La Guajira se vinculó a segunda edición del Data Challengue,https://laguajirahoy.com/la-guajira/multinacional-en-la-guajira-se-vinculo-a-segunda-edicion-del-data-challengue.html
eb7f220ac70a0fd0f0b7f3fb58abf4db7356c4edd52da1187c87ae30aadcc5b0,2024-02-19 07:36:15.274920+00:00,es,diariodelnorte.net,diariodelnorte.net,2023-10-12,Cerrejón se vinculó a la segunda edición del Data Challengue que realiza la Universidad del Norte,https://www.diariodelnorte.net/noticias/barranquilla/medio-ambiente-barranquilla/cerrejon-se-vinculo-a-la-segunda-edicion-del-data-challengue-que-realiza-la-universidad-del-norte/
543c672837ea4af0cc903e7860283625eafda3c3b2ca5e578dce24ac238e45a9,2024-02-19 01:01:13.717474+00:00,es,eltiempo.com,eltiempo.com,2023-10-16,Bajo la niebla de la desinformación: falta de datos pone en peligro a anfibios de páramo,https://www.eltiempo.com/vida/medio-ambiente/anfibios-de-paramo-los-graves-riesgos-que-corren-por-falta-de-informacion-816570
401b04a23ddd3d7cb69148a95c0511a0ae1cf727d534aa431b2a0f52d6ee4dcf,2024-02-19 00:57:10.479008+00:00,es,eltiempo.com,eltiempo.com,2023-10-16,Bajo la niebla de la desinformación: falta de datos pone en riesgo a anfibios de páramo,https://www.eltiempo.com/vida/medio-ambiente/anfibios-de-paramo-los-riesgos-que-corren-por-falta-de-informacion-816570
0be23c0eef4ca6c014fcce6e123c0e8981bb2fd4e7db6ec22e1730f4f3e9087b,2024-02-18 20:25:27.445691+00:00,es,infobae.com,infobae.com,2023-10-19,"El calor extremo acelera el declive de las aves, sobre todo en terrenos agrícolas",https://www.infobae.com/america/agencias/2023/10/19/el-calor-extremo-acelera-el-declive-de-las-aves-sobre-todo-en-terrenos-agricolas/
d39d3046ce38b63b8cd6150c9ba6d7139fe47742f536e7ce6f49e88b04c23905,2024-02-18 20:16:55.213111+00:00,es,infobae.com,infobae.com,2023-10-19,"El desafío de los residuos en Latinoamérica: leyes flojas, logística y el efecto covid",https://www.infobae.com/america/agencias/2023/10/19/el-desafio-de-los-residuos-en-latinoamerica-leyes-flojas-logistica-y-el-efecto-covid/
08b8dcfa34c372da5e72e08c87aff5a44bb6e5993e5cb6af091b676ded3e9d13,2024-02-18 20:12:40.924269+00:00,es,infobae.com,infobae.com,2023-10-19,Tuvieron que detener a las podadoras para salvar a las mariposas monarca,https://www.infobae.com/america/the-new-york-times/2023/10/19/tuvieron-que-detener-a-las-podadoras-para-salvar-a-las-mariposas-monarca/
f0efe918441fa1a7dd00cac06ddbb7dfe07c203fdff8519ea1243cfa15151b7d,2024-02-18 20:11:50.129103+00:00,es,minuto30.com,minuto30.com,2023-10-19,"El desafío de los residuos en Latinoamérica: leyes flojas, logística y el efecto covid",https://www.minuto30.com/el-desafio-de-los-residuos-en-latinoamerica-leyes-flojas-logistica-y-el-efecto-covid/1509000/
45f9e0d311ffed9d6129994c11ee0d716b492fed72b948bfc4b5c993ea6594b6,2024-02-18 16:25:15.979701+00:00,es,extra.com.co,extra.com.co,2023-10-22,'Los hijos del Páramo' lideraron jornada de limpieza,https://extra.com.co/los-hijos-del-paramo-lideraron-jornada-de-limpieza-en-paletara-cauca/
8e401bd5a6c5f65bd55a5aa8f5719c4ac3a4bd30d98cc74bba860bfc495a662f,2024-02-18 16:24:16.859696+00:00,es,diariodelcauca.com.co,diariodelcauca.com.co,2023-10-22,La sostenibilidad en la industria alimentaria,https://diariodelcauca.com.co/industria-alimentaria/
31880c0a56afba8177b88097461e9a36360d0d57688b15d81c2c4280dc70a3be,2024-02-18 12:07:38.726719+00:00,es,diariodelcauca.com.co,diariodelcauca.com.co,2023-10-24,Ciencia al rescate: Diseñan proteínas artificiales capaces de devorar plásticos,https://diariodelcauca.com.co/ciencia-al-rescate-disenan-proteinas-artificiales-capaces-de-devorar-plasticos/
88ca3491c6baeaa178b3ed35d9378060b43db770980df7f90ad2989710235218,2024-02-17 09:11:01.313045+00:00,es,pasionporsantamarta.com,pasionporsantamarta.com,2023-11-08,Fedepalma recibe reconocimiento nacional por su compromiso con la sostenibilidad,https://pasionporsantamarta.com/fedepalma-recibe-reconocimiento-nacional-por-su-compromiso-con-la-sostenibilidad/
6c3bed37b38ac41713b9c65c12687ddbd6d92eb6be6b3ab56ed7a10f4aa01577,2024-02-17 03:18:39.374149+00:00,es,90minutos.co,90minutos.co,2024-02-15,¡A cuidar el agua! Conozca cómo cuidar del recurso hídrico,https://90minutos.co/vida-moderna/ecologia/a-cuidar-el-agua-conozca-como-cuidar-del-recurso-hidrico-14-02-2024/
f60d847d794064cb062e1958ffbda77fde31ae2f5e7785442f74205a33f12a6f,2024-02-14 00:28:01.963959+00:00,es,infobae.com,infobae.com,2024-02-12,Lombrices invasoras amenazan ecosistemas en América del Norte,https://www.infobae.com/america/agencias/2024/02/12/lombrices-invasoras-amenazan-ecosistemas-en-america-del-norte/
d1275f30e7558090bb16b72d505d38880e657d49b4880ae5d241373e242075e1,2024-02-13 00:10:11.832965+00:00,es,infobae.com,infobae.com,2024-02-11,"Colombia, el país de las aves: guía básica para empezar a “pajarear” y no morir en el intento",https://www.infobae.com/colombia/2024/02/11/colombia-el-pais-de-las-aves-guia-basica-para-empezar-a-pajarear-y-no-morir-en-el-intento/
ade324fd5c7ac07f2b268ab0efb734a075678f0186ceb4fd9c3bc42891417879,2024-02-10 03:36:50.912290+00:00,es,eltiempo.com,eltiempo.com,2023-06-10,Así es la titánica tarea de hacerle un ‘examen médico’ a los arrecifes del país,https://www.eltiempo.com/vida/medio-ambiente/expediciones-para-hacerles-un-examen-medico-a-los-arrecifes-de-coral-del-pais-776612
f9c27164d97b4964060e663951ba66ece145e26c91140ce3533b4d655645f2ee,2024-02-07 02:55:08.225382+00:00,es,razonpublica.com,razonpublica.com,2024-02-04,"Prevenir, restaurar y educar ambientalmente en Bogotá",https://razonpublica.com/prevenir-restaurar-educar-ambientalmente-bogota/
3534ab7673f4aca4d9b8cf41c8c5d2724d66180ed13ea57aba9af004167dd5d0,2024-01-28 01:39:19+00:00,es,infobae.com,infobae.com,2024-01-26,Un juez canadiense rechaza suspender la construcción de la planta de baterías de Northvolt,https://www.infobae.com/america/agencias/2024/01/26/un-juez-canadiense-rechaza-suspender-la-construccion-de-la-planta-de-baterias-de-northvolt/
769026097aeb8525a03b87d7ec1ca62b1a3b75a0b0c8730d25c2c6e3f9191311,2024-01-25 00:46:37+00:00,es,infobae.com,infobae.com,2024-01-23,"Del Pacífico al mar de Alaska: El fondo marino, sus ecosistemas y la ""fiebre"" minera",https://www.infobae.com/espana/agencias/2024/01/23/del-pacifico-al-mar-de-alaska-el-fondo-marino-sus-ecosistemas-y-la-fiebre-minera/
86bb0e81a7da6153fa3a0c8d1fbb5d9e33d8f739ae52f074240806e8d48f9d8e,2024-01-22 00:58:10+00:00,es,eltiempo.com,eltiempo.com,2024-01-20,"En Cartagena, rescatan a 10 especies de fauna silvestre: algunas eran comercializadas",https://www.eltiempo.com/colombia/otras-ciudades/cartagena-rescate-de-especies-de-fauna-silvestre-en-casas-y-bazurto-846641
9ed996599171296d0d853ef19334c0f9aad6600699d7f0ff4a8d8427ee08ad5a,2024-01-22 00:06:39+00:00,es,infobae.com,infobae.com,2024-01-20,Carabineros y protección animal hicieron el rescate de 10 especies silvestres en Cartagena,https://www.infobae.com/colombia/2024/01/20/carabineros-y-proteccion-animal-hicieron-el-rescate-de-10-especies-silvestres-en-cartagena/
46d9766f22093fdc54a567cb9af620f7d98b712ca3d72d756011aa37f2c4c709,2024-01-20 01:51:18+00:00,es,eltiempo.com,eltiempo.com,2024-01-18,¿Qué tan biodiversas son las ciudades en Colombia?,https://www.eltiempo.com/vida/medio-ambiente/que-tan-biodiversas-son-las-ciudades-en-colombia-845972
5a7c82556c70c76361399914109bef0358cfbbe8a09fda84d66b8c2bae8edc21,2024-01-12 00:27:43+00:00,es,eltiempo.com,eltiempo.com,2024-01-10,"La polémica decisión de Noruega, el primer país en aprobar minería en el fondo marino",https://www.eltiempo.com/mundo/mas-regiones/noruega-polemica-tras-aprobar-la-mineria-en-el-fondo-marino-843132
2a7599d880ffbb9cba3d2473cd649b15088a077b59dd5da3b59f7ea7c7027af8,2024-01-11 04:28:55+00:00,es,latarde.com,latarde.com,2024-01-09,Explorando Manjarrés Salvaje: Un Viaje Único a Través de su Impresionante Biodiversidad,https://latarde.com/manjarres-salvaje-biodiversidad/
104ca67d2f827f06ba9e868baacb706686dcfbbcd8e5f49f4bb62b173f49b250,2024-01-07 00:09:30+00:00,es,infobae.com,infobae.com,2024-01-05,"El CSIC fomenta el diálogo entre ciencia y cultura sobre alimentación y biodiversidad entre España, Argentina y Ecuador",https://www.infobae.com/america/agencias/2024/01/05/el-csic-fomenta-el-dialogo-entre-ciencia-y-cultura-sobre-alimentacion-y-biodiversidad-entre-espana-argentina-y-ecuador/
de39f969ff30c7712f63d2a865a01bf6025b356ac8e24e7577346aea1e8c9e88,2023-12-28 01:10:14+00:00,es,eltiempo.com,eltiempo.com,2023-12-25,Así es la iniciativa colombiana de educación basada en la naturaleza premiada en Catar,https://www.eltiempo.com/vida/educacion/asi-es-la-iniciativa-colombiana-de-educacion-basada-en-la-naturaleza-premiada-en-catar-838674
f5e34aef4ff05014da908c79fa681ab47aec0e8a986f9e543b22a5e60bef1d42,2023-12-16 05:28:09+00:00,es,laopinion.com.co,laopinion.com.co,2023-12-14,Economía circular: clave para salvar el planeta en 2050,https://www.laopinion.com.co/economia/economia-circular-clave-para-salvar-el-planeta-en-2050
879f4c9116d94d4840a247411b1a18383ae568393f615ba3cd1b63031cae7a1b,2023-12-10 00:05:48+00:00,es,infobae.com,infobae.com,2023-12-08,"COP28: en un mundo caliente, los jóvenes lideran los reclamos por la acción climática",https://www.infobae.com/america/medio-ambiente/2023/12/08/cop28-en-un-mundo-caliente-los-jovenes-lideran-los-reclamos-por-la-accion-climatica/
ed2366b12ed773543b2fd2750eeb561e3857d4688dbc6b63235a138c571feacf,2023-12-06 02:15:27+00:00,es,larepublica.co,larepublica.co,2023-12-04,El Dorado presenta una fusión entre arte y tecnología para la llegada de los viajeros,https://www.larepublica.co/especiales/un-aeropuerto-sostenible/una-fusion-de-arte-y-tecnologia-para-la-llegada-de-viajeros-3760184
1ae66955c609b1179e2885650dfadc406b78bef4a081c72005f1c56bbf5ece65,2023-11-29 00:04:50+00:00,es,infobae.com,infobae.com,2023-11-26,Nueva York combate el cambio climático y el hambre con el reciclaje y la donación de alimentos,https://www.infobae.com/estados-unidos/2023/11/26/nueva-york-combate-el-cambio-climatico-y-el-hambre-con-el-reciclaje-y-la-donacion-de-alimentos/
9cfe6b22902b067a694c3064c1e393c2ddedce3c11a0f4f8e17334e9a0ef62b7,2023-11-21 00:09:37+00:00,es,infobae.com,infobae.com,2023-11-19,El costoso mundo acuático de Dubái,https://www.infobae.com/america/the-new-york-times/2023/11/19/el-costoso-mundo-acuatico-de-dubai/
07c7d309a3aade8114c33fa10f23a631ea1ced4cf5301af990baeb906e0ea4a5,2023-11-20 00:47:41+00:00,es,eltiempo.com,eltiempo.com,2023-11-18,Estos fueron los seis mamíferos que fueron captados en los cerros orientales de Bogotá,https://www.eltiempo.com/bogota/estos-fueron-los-seis-mamiferos-que-fueron-captados-en-los-cerros-orientales-de-bogota-827150
