id,indexed_date,language,media_name,media_url,publish_date,title,url
ed9a9c32497475bee3d506ac5edb0cb25404ccfcae36e1d42be7653b60a97461,2026-08-31 15:44:28.660081+00:00,hu,index.hu,index.hu,2026-08-31,"Újra életre kel a Lutra album, a Lidl és a WWF Magyarország közös kezdeményezése",https://index.hu/gazdasag/2026/08/31/lidl-wwf-allat-allatvedelem-kornyezetvedelem-album-matrica/
63dbc2855ebf2b07adede9259136c4fd85928c63c9e1eaea2dbe75dc7a7c916a,2026-08-26 08:25:20.413276+00:00,hu,portfolio.hu,portfolio.hu,2026-08-26,Veszélyben a vízkészlet és a versenyképesség – Elindult a végső visszaszámlálás a Sustainable World konferenciára,https://www.portfolio.hu/gazdasag/20260826/veszelyben-a-vizkeszlet-es-a-versenykepesseg-elindult-a-vegso-visszaszamlalas-a-sustainable-world-konferenciara-858224
f9641db21bbb46629dd92eab055cafd278ee258bade6e8b67f37ac9082db2678,2026-08-17 21:33:44.159875+00:00,hu,rtl.hu,rtl.hu,2026-08-17,"Vízlépcsővel előzné meg a vízhiányt Szalma Botond, a Greenpeace szerint ez tévút",https://rtl.hu/reggeli/2026/08/17/duna-vizlepseg-fajsz-paks-szalma-botond-greenpeace
a7de9f04c57478ec749a38895ada0576b84721c79c292a991561b3ee526137ea,2026-08-16 09:27:58.626002+00:00,hu,index.hu,index.hu,2026-08-16,Tisztított szennyvízből töltenék fel a Velencei-tavat,https://index.hu/tudomany/2026/08/16/greenpeace-bio-diverzitas-viz-hiany-globalis-felmelegedes-klima-valsag-energia/
189f590a60e06ed28d2c34984fef697d3baf82f94eab565f6a27132b1a76a8ac,2026-08-11 19:26:23.560699+00:00,hu,index.hu,index.hu,2026-08-11,"Van megoldás a hőhullámra és a vízhiányra, de komoly áldozatot kellene hoznunk érte",https://index.hu/belfold/2026/08/11/klimavaltozas-eghajlatvaltozas-hohullam-aszaly-vizhiany-idojaras-greenpeace-pribeli-levente/
0b9060357caabb63f1ffa91120c941e3b434f729c2c26ba93777c5025240e687,2026-08-09 06:25:57.137538+00:00,hu,portfolio.hu,portfolio.hu,2026-08-09,A rövid távú profit vagy a hosszú távú zöld célok számítanak jobban? A körforgásos gazdaság valódi dilemmája,https://www.portfolio.hu/gazdasag/20260809/a-rovid-tavu-profit-vagy-a-hosszu-tavu-zold-celok-szamitanak-jobban-a-korforgasos-gazdasag-valodi-dilemmaja-854198
98827c9e9db77fbb3e30b0ff025a137f79e512132eda5b1bfb2381e5c99ebb13,2026-08-05 11:46:32.931067+00:00,hu,mandiner.hu,mandiner.hu,2026-08-05,"A természetvédők és a mérnökök vitája közben a Duna medre tovább mélyült, ami ma már fontos hazai létesítmények működését is veszélyezteti",https://mandiner.hu/belfold/2026/08/a-termeszetvedok-es-a-mernokok-vitaja-kozben-a-duna-medre-tovabb-melyult-ami-ma-mar-fontos-hazai-letesitmenyek-mukodeset-is-veszelyezteti
bbc7366ba17c5dac201ba529f17e9d791990bec8dd48b8e34daf2cf9d6091c25,2026-08-04 11:29:40.394405+00:00,hu,portfolio.hu,portfolio.hu,2026-08-04,"Új támogatást terveznek Magyarországon: külön pénzt kaphatnak a termelők, ha megőrzik a vizet",https://www.portfolio.hu/gazdasag/20260804/uj-tamogatast-terveznek-magyarorszagon-kulon-penzt-kaphatnak-a-termelok-ha-megorzik-a-vizet-853958
f8ebaadf329841b37f8da8fd35760b2267a49417911c2ac781aae9c1053b0cba,2026-08-04 07:38:41.464873+00:00,hu,index.hu,index.hu,2026-08-04,"Soha nem érintkeztek a külvilággal, mégis boldogan élnek",https://index.hu/tudomany/2026/08/04/elszigetelt-torzs-civilizacio-betegsegek-amazonas/
efa4c12e782abbb10d1075e00eaaac6b71e46a6d471fb2ca9f59ab9cd8052148,2026-08-02 20:41:36.906529+00:00,hu,origo.hu,origo.hu,2026-08-02,"Jean-Pascal van Ypersele a klímaváltozásról: A természet nem vár politikai tárgyalásokra, a saját törvényeit követi",https://www.origo.hu/kulpol/2026/08/klima-europa-erdotuz-klimapolitika
640a29ebd14805415b298082faa585bc2083297b56ce7fd4d4bd218c9da24fbb,2026-08-02 17:17:38.455375+00:00,hu,nepszava.hu,nepszava.hu,2026-08-02,"Az erdő nem díszlet, hanem társ: a természetkapcsolat sokkal több, mint egy túra vagy mezítláb járkálni a fűben",https://nepszava.hu/3330141_erdo-termeszet-kapcsolat-borzsony-riport
5577e69667de752ad181eaf0a3d5f504c7584bf72362024f186ec964418aecd2,2026-07-31 02:57:23.537767+00:00,hu,vg.hu,vg.hu,2026-07-30,"Milliárdos erdőtüzek: nemcsak a spanyol erdők, hanem a költségvetés is elfüstöl",https://www.vg.hu/nemzetkozi-gazdasag/2026/07/erdotuz-spanyolorszag-oltasi-koltsegek
e3ab6da5abc344c3c3a18425eda05f23f9c47804ebcb4440f82da543993e0176,2026-07-29 05:25:23.756233+00:00,hu,infostart.hu,infostart.hu,2026-07-29,A tenger mélyére is leért a gyilkos hőség,https://infostart.hu/tudomany/2026/07/29/a-tenger-melyere-is-leert-a-gyilkos-hoseg
b6e25b16d8d909e2774ef4bdddadce832e74b3111c11e188122f439c1f572476,2026-07-28 15:36:18.072432+00:00,hu,portfolio.hu,portfolio.hu,2026-07-28,Elképesztő adatok: már 40 méter mélyen is érezni a felmelegedést,https://www.portfolio.hu/global/20260728/elkepeszto-adatok-mar-40-meter-melyen-is-erezni-a-felmelegedest-852566
3c1083f663e47ced56fbe32caf258d854e3eb1786306f0cc1fb1b55c64348e15,2026-07-27 09:34:06.573110+00:00,hu,index.hu,index.hu,2026-07-27,Tizenkét év után felkerült az UNESCO világörökségi listájára az istenek lakhelye,https://index.hu/kulfold/2026/07/27/olumposz-unesco-vilagorokseg-normandiai-partraszallas/
ec9f1129ad3817a5865301f1db8984629ff29d0bc20738e256c9df30f7313beb,2026-07-27 05:24:55.767245+00:00,hu,blikk.hu,blikk.hu,2026-07-27,A fák molekuláris szintű nyomonkövetése és klímarezisztens fajok telepítése teremt új korszakot az európai erdőkben,https://www.blikk.hu/ferfiaknak/tech/erdok-eu-digitalis-ellenorzes-uj-korszak/bgexyhy
cf537b7f13ef4982259d49d4d7d3bb2766aa52bb8fedeb3ecfe4b3239cf8db31,2026-07-23 18:41:08.971927+00:00,hu,index.hu,index.hu,2026-07-23,Gajdos László szerint új kihívás előtt áll az erdőgazdálkodás,https://index.hu/gazdasag/2026/07/23/gajdos-laszlo-erdok-klimavedelmi-funkcio-erdogazdalkodas-nyiregyhaza-vandorgyules/
8cce2ea571a0ff10e3bead5e4512ff6aacc4f59d4aa9bd8ed69b58cbb58e6ce7,2026-07-23 18:27:42.248140+00:00,hu,magyarkurir.hu,magyarkurir.hu,2026-07-23,„A gazdaság legfőbb célja a közjó” – Baritz Laura OP az újrainduló Emberközpontú gazdaság képzésről,https://www.magyarkurir.hu/hirek/-gazdasag-legfobb-celja-kozjo-baritz-laura-op-az-ujraindulo-emberkozpontu-gazdasag-kepzesrol
5d69bd9ceb5b92a1282784699259866830e86f4237e80df97dc258a1f682d283,2026-07-22 20:25:59.350936+00:00,hu,dunaujvaros.com,dunaujvaros.com,2026-07-22,"Virágos Magyarország: újra neveztünk a jeles viadalra, a városban járt a zsűri",https://dunaujvaros.com/hirek/202607/viragos_magyarorszag_ujra_neveztunk_a_jeles_viadalra_a_varosban_jart_a_zsuri
ba3ab4d60e739f21f998390f3bebcf4f354166113960374e6806991b60abe73c,2026-07-21 17:25:12.670978+00:00,hu,hvg.hu,hvg.hu,2026-07-21,"Őrült tempóban fogy az oxigén a vizekből, és ez nagy bajt jelez",https://hvg.hu/tudomany/20260721_viz-oxigenszint-globalis-felmelegedes-klimavaltozas-biodiverzitas
b695ef8d4a7ae5ad640fea9dab6de0204b0d26eaa750938197eac7fb5f043a55,2026-07-21 04:21:47.996980+00:00,hu,blikk.hu,blikk.hu,2026-07-21,"A jövőkutatók: az emberiség túlélése már nem magától értetődő, a saját technológiánk a fő veszély a következő évszázadban",https://www.blikk.hu/ferfiaknak/tech/emberiseg-kihalasa-oxfordi-egyetem/tgmxeqk
2bebedf9fbca04686cea1f6569663bf8a703ed74ee28df9f41443e9a6c08fa74,2026-07-20 20:30:33.099065+00:00,hu,dunaujvaros.com,dunaujvaros.com,2026-07-20,A cél: zöldítsük együtt Dunaújvárost! (2),https://dunaujvaros.com/hirek/202607/a_cel_zolditsuk_egyutt_dunaujvarost_2
b2728a38c1c956828848046955def493ced0140e795eb41f0927a4029ad6a623,2026-07-17 15:24:15.740686+00:00,hu,blikk.hu,blikk.hu,2026-07-17,Már senki sem akar gyepet – mindenki ezt a megoldást választja a kertjében,https://www.blikk.hu/eletmod/tippek/angol-gyep-kert/j9889m4
de1f62e2fbdcadca0aca1d1f33773be9af579a3f880188b824f8516c942da85b,2026-07-17 15:17:18.726020+00:00,hu,blog.hu,blog.hu,2026-07-17,Ellentmondások a fogyasztói társadalom és a fennntarthatóság között,https://fogyasztas.blog.hu/2026/07/17/ellentmondasok_a_fogyasztoi_tarsadalom_es_a_fennntarthatosag_kozott
17267c1ce300d5c8d35c41bd2798788e7e1c86c83c25f8ad3dda12bf260fbcc7,2026-07-17 14:35:21.772969+00:00,hu,blog.hu,blog.hu,2026-07-17,KertAkadémia Tabdiban,https://sheabouteverything.blog.hu/2026/07/17/kertakademia-tabdi
b119ebc43e6892be4b70927fce8dd6d77e62b2e74e2905868b34e3d917e54b8b,2026-07-16 14:32:41.804749+00:00,hu,portfolio.hu,portfolio.hu,2026-07-16,Döntött a dán kormány: drasztikusan átírják a termelés szabályait,https://www.portfolio.hu/podcast/20260716/dontott-a-dan-kormany-drasztikusan-atirjak-a-termeles-szabalyait-850186
8616879e8a18d228e1e2335f3d78237b226386532f332794733b11a9f23effc9,2026-07-15 17:43:08.217947+00:00,hu,hvg.hu,hvg.hu,2026-07-15,"3,04 billió fa élhet a Földön, de sokkal megdöbbentőbb, hogy mennyi tűnt el",https://hvg.hu/tudomany/20260715_mennyi-fa-el-a-foldon-erdo-fakivagas-kornyezetvedelem-globalis-felmelegedes-klimavaltozas
9c667e0efc0d3901b51c91591072de787d18c3bf04545bb0561ffbf775bbe119,2026-07-15 15:31:53.206280+00:00,hu,blog.hu,blog.hu,2026-07-15,A KAP Stratégiai Terv beavatkozási területei és forrásainak megoszlása,https://illes-angela.blog.hu/2026/07/15/a_kap_strategiai_terv_beavatkozasi_teruletei_es_forrasainak_megoszlasa
f9706bdb6b9bdf732d20e8e5d124eff4471ef7ee3c68fba03bb34047e7f1b29d,2026-07-15 08:19:25.598385+00:00,hu,portfolio.hu,portfolio.hu,2026-07-15,Klímakockázatok a nyomunkban: előremenekülési útvonalak a fenntarthatóság csúcsrendezvényén,https://www.portfolio.hu/uzlet/20260715/klimakockazatok-a-nyomunkban-eloremenekulesi-utvonalak-a-fenntarthatosag-csucsrendezvenyen-849240
c909343a6a6143f61a9190167c5d24a39f855477fd869afc1ea974c93d0294d3,2026-07-13 10:29:16.612072+00:00,hu,portfolio.hu,portfolio.hu,2026-07-13,Felkerült a Sustainable World konferencia programja: készülnek a vállalatok a zöld gazdaság következő nagy hullámára?,https://www.portfolio.hu/uzlet/20260713/felkerult-a-sustainable-world-konferencia-programja-keszulnek-a-vallalatok-a-zold-gazdasag-kovetkezo-nagy-hullamara-849220
98489e9c21be6deaa2f775a2eda95845e4d3b5ad642c33cd30b7391eb0ff1764,2026-07-11 20:26:08.920281+00:00,hu,dunaujvaros.com,dunaujvaros.com,2026-07-11,A cél: zöldítsük együtt Dunaújvárost! (1),https://dunaujvaros.com/hirek/202607/a_cel_zolditsuk_egyutt_dunaujvarost_1
8c30bde6cf4030369cc29b023f91e66f76d8e70bca3d60cf2f0e7de8a1cc2d8f,2026-07-11 06:17:51.546256+00:00,hu,portfolio.hu,portfolio.hu,2026-07-11,Nem kellene életben tartani a falvakat?,https://www.portfolio.hu/krtk/20260711/nem-kellene-eletben-tartani-a-falvakat-848272
24bc7fdf6d653bec87bc25fe98043beaf90a079df3230495046119f6c11fcd4f,2026-07-04 12:23:58.260072+00:00,hu,nepszava.hu,nepszava.hu,2026-07-04,Vissza a kertészetbe!,https://nepszava.hu/3327969_vissza-a-kerteszetbe
78c97fe4624111bca137ee6b61ca84e797408c334eb71f6a34a4bd4e48e08dac,2026-07-02 13:38:52.187293+00:00,hu,portfolio.hu,portfolio.hu,2026-07-02,A bivaly mentheti meg a pusztuló termőföldeket? Egyre többen tartják őket,https://www.portfolio.hu/podcast/20260702/a-bivaly-mentheti-meg-a-pusztulo-termofoldeket-egyre-tobben-tartjak-oket-847156
bf7d14cfd08f65cb431e15decfddc2423e3d4266810a1795592959c788ac4fff,2026-07-02 09:34:04.263960+00:00,hu,portfolio.hu,portfolio.hu,2026-07-02,Méregdrága halogatás a zöld átállás? Szeptemberben jön a Sustainable World konferencia,https://www.portfolio.hu/uzlet/20260702/meregdraga-halogatas-a-zold-atallas-szeptemberben-jon-a-sustainable-world-konferencia-847102
1f54f108db4b552406e9f920abb15603145dc0719f68ea43001ef9ddd3adf90b,2026-07-01 08:35:28.103938+00:00,hu,portfolio.hu,portfolio.hu,2026-07-01,A színfalak mögött így dőlnek el az önkormányzatok számára fontos kérdések az EP-ben,https://www.portfolio.hu/krtk/20260701/a-szinfalak-mogott-igy-dolnek-el-az-onkormanyzatok-szamara-fontos-kerdesek-az-ep-ben-845666
2f45453ab2c66186d4baa838aef20aec089b76724ab3a577e4cfbe323324583d,2026-06-29 15:24:26.945386+00:00,hu,hvg.hu,hvg.hu,2026-06-29,"Íme tíz HVG-videó arról, hogyan harcolunk a hőséggel és az aszállyal",https://hvg.hu/elet/20260629_hoseg-aszaly-klimavaltozas-mezogazdasag-varos-nyar-tuleles-video
f4b5e006ab9521c2616354371e018fb8982487d5711d6a1abb895d06aae0022c,2026-06-19 18:42:05.008624+00:00,hu,hvg.hu,hvg.hu,2026-06-19,"Kiszámolták, mekkora kárt okoz a világnak a leggazdagabbak életmódja",https://hvg.hu/tudomany/20260619_kornyezetszennyezes-gazdagok-repulogep
93e0ca22c7f0af736ef5a54010c672f032b110222d11c33c3942a12c18e4c725,2026-06-17 12:36:23.532578+00:00,hu,24.hu,24.hu,2026-06-17,Magyarország csatlakozott a Stockholmi Miniszteri Nyilatkozathoz,https://24.hu/tudomany/2026/06/17/magyarorszag-stockholmi-miniszteri-nyilatkozat/
2eded312bb7c5e394b7b44ebd372cb6d3ee8dc6893dfe8751f1ace868ad7f316,2026-06-08 14:31:16.710692+00:00,hu,ripost.hu,ripost.hu,2026-06-08,Kék csoda a bolygónkon: ma van az Óceánok Világnapja – teszteld a tudásod!,https://ripost.hu/insider/2026/06/kviz-az-oceanokrol
696b7f983e7ad0fdfaff816215cfe71eaac4780cfa7b5842e57a024260742054,2026-06-06 13:36:17.404361+00:00,hu,magyarhirlap.hu,magyarhirlap.hu,2026-06-06,Megállítják-e végre Magyarország kiszáradását?,https://magyarhirlap.hu/kornyezet/20260606-megallitjak-e-vegre-magyarorszag-kiszaradasat
a9da6781f0334be2222e17caf9c233187738366cfe2661d75eb1c26f8b73cf18,2026-06-01 17:46:32.073656+00:00,hu,vg.hu,vg.hu,2026-06-01,Nem csak az olaj miatt aggódik a világ: az élelmiszer-ellátás alapjai is veszélybe kerültek a Hormuzi-szorosban – globálisan alakulhat át a mezőgazdaság,https://www.vg.hu/nemzetkozi-gazdasag/2026/06/mutragya-ellatas-hormuzi-szoros-energia-mezogazdasag
7154ec0f880f2f29d47393c2b2755f45cd60b5043daff04299bea371ee9e5312,2026-05-31 09:26:32.791809+00:00,hu,hvg.hu,hvg.hu,2026-05-31,Baj van az Alföldön: így alkalmazkodhat a legjobban az aszályhoz,https://hvg.hu/tudomany/20260531_szalyhelyzet-belviz-vizelvezetes-vizet-a-tajba-alfold
6af285f201b133df1741edb3c095a7f1d4052ed7181304b6a4f7c70b2be096f7,2026-05-29 09:23:35.817111+00:00,hu,origo.hu,origo.hu,2026-05-29,Súlyos figyelmeztetés érkezett: hatalmas változás várhat az Alföldre,https://www.origo.hu/itthon/2026/05/vizes-elohelyek-helyreallitasa-alfold-aszaly
5ef71c1ceb0a2a941fda4b5c67a719eaa4b0f3f20bcfa9fb3cb79b2b844bc289,2026-05-28 14:24:08.698922+00:00,hu,blikk.hu,blikk.hu,2026-05-28,"Mindössze 2,5 milliárd embernek lenne hely a Földön, de már 8,3 milliárdan vagyunk",https://www.blikk.hu/ferfiaknak/tech/fold-eltartokepessege-tullepte-a-hatarokat/4gmk5qf
ad6a3637f09cb4561f2d4d7413608b1687ed9abe19869368aa4e1e2d15b6bc79,2026-05-26 23:30:49.150401+00:00,hu,infostart.hu,infostart.hu,2026-05-26,Új nemzeti erdőprogramot sürgetnek a szakemberek,https://infostart.hu/belfold/2026/05/26/uj-nemzeti-erdoprogramot-surgetnek-a-szakemberek
eac4da671e4e6ffdc4fd137a8fe13878917a20d96d2b1a56270c31e1770a3f24,2026-05-20 10:46:28.958153+00:00,hu,magyarkurir.hu,magyarkurir.hu,2026-05-20,A vállalatirányítás és a teremtésvédelem összefüggésével foglalkozott a Pázmány workshopja,https://www.magyarkurir.hu/hirek/a-vallalatiranyitas-es-teremtesvedelem-osszefuggesevel-foglalkozott-pazmany-workshopja
9889600e48797a1eebc7b3d12bf725590323a82ca311c3513c5d5503181e537a,2026-05-15 16:43:33.445987+00:00,hu,origo.hu,origo.hu,2026-05-15,Magyarországon is megkezdődhet egy alig ismert szupernövény termesztése,https://www.origo.hu/gazdasag/2026/05/aztek-zsalya-szupernoveny-termesztes
55f1766cc0b65354853923eb4e5d5c4117326563bfc5cdb30ad56a569b29494f,2026-05-15 07:22:39.761407+00:00,hu,portfolio.hu,portfolio.hu,2026-05-15,Bóna Szabolcs kimondta: vége a folyamatos állami mentőöveknek Magyarországon,https://www.portfolio.hu/gazdasag/20260515/bona-szabolcs-kimondta-vege-a-folyamatos-allami-mentooveknek-magyarorszagon-836934
eb16ddf6bd1481e5ded4fa44221869a89f4fa93687dcb02995e4ced19cfdcb89,2026-05-14 05:23:09.553573+00:00,hu,hvg.hu,hvg.hu,2026-05-14,"Úgy gyorsul a klímaváltozás, hogy már a 2022-es aszályról sem mondatjuk biztosra, hogy csak 100 évente egyszer fordulhat elő",https://hvg.hu/gazdasag/20260514_hvg-impacttalks-panelbeszelgetes-termeszeti-kockazatok-klimavaltozas-adaptacio-fenntarthatosagi-jelentes-aszaly
270ee145f8898661015a6a6cef914a5460b76c1f8de9ef46849a7f41073e71a5,2026-05-12 18:19:09.723230+00:00,hu,hvg.hu,hvg.hu,2026-05-12,"Kezet nyújt az MTA az új kormánynak, hogy egy fenntarthatóbb Magyarország felé vezesse",https://hvg.hu/gazdasag/20260512_fenntarthatosag-mta-ajanlasok-tisza-kormany-zold-atmenet-energiaatmenet-termeszetvedelem
d357cba787dfd4d1b2474ee99c0bb4b7b8187064f636cbbf19b62b1bc1a4f1d2,2026-05-10 09:31:14.535816+00:00,hu,portfolio.hu,portfolio.hu,2026-05-10,"Nem mindegy, miként alakítjuk ki kertjeinket – A tökéletesre nyírt gyep nagy bajt okoz a klímavédelem terén",https://www.portfolio.hu/krtk/20260510/nem-mindegy-mikent-alakitjuk-ki-kertjeinket-a-tokeletesre-nyirt-gyep-nagy-bajt-okoz-a-klimavedelem-teren-834988
998da3eec1fe486a66cba6ea29b964e660ed155036d900e000d05576e52c3069,2026-05-10 09:21:17.488495+00:00,hu,borsonline.hu,borsonline.hu,2026-05-10,Íme Magyarország top 5 legszebb természetvédelmi területe,https://www.borsonline.hu/belfoldi-utazas/2026/05/madarak-es-fak-napja
3a30753b3e88367d5602d8b732d194776a4c6b4e208ea0ecc0646edcc3d1912c,2026-05-10 07:20:01.876292+00:00,hu,portfolio.hu,portfolio.hu,2026-05-10,A tétlenség ára – Óriási összegeket tesz ki a természetkárosítás elhallgatott számlája,https://www.portfolio.hu/gazdasag/20260510/a-tetlenseg-ara-oriasi-osszegeket-tesz-ki-a-termeszetkarositas-elhallgatott-szamlaja-833644
61b39454038cb46a42f8337a45c3273a65949929bf80e45a7e790c30b9841f67,2026-05-09 20:25:13.892788+00:00,hu,hvg.hu,hvg.hu,2026-05-09,"A Földet megmentő 25 legjobb tudós közé került az SZTE kutatója, elnyerte a Frontiers Planet Prize nemzeti bajnoki címét",https://hvg.hu/tudomany/20260509_szte-tolgyesi-csaba-frontiers-planet-prize-nemzeti-bajnok
993d782f5d977f534bcb4939b2599d7ad847d5622824a01bfe9b581581e4d1da,2026-04-30 06:22:14.909310+00:00,hu,24.hu,24.hu,2026-04-30,Már egy margitszigetnyi méhlegelő segíti Budapestet a klímaváltozás elleni harcban,https://24.hu/elet-stilus/2026/04/30/mar-egy-margitszigetnyi-mehlegelo-segiti-budapestet-a-klimavaltozas-elleni-harcban/
1c0b801138298e65a46a505cf0f6cd7b4409aaf0be7d48635578f9c1203e89d4,2026-04-29 08:19:08.444320+00:00,hu,portfolio.hu,portfolio.hu,2026-04-29,"Kimondták a kutatók: sosem látott hőség perzselte fel Európát tavaly, de ez még csak a kezdet",https://www.portfolio.hu/global/20260429/kimondtak-a-kutatok-sosem-latott-hoseg-perzselte-fel-europat-tavaly-de-ez-meg-csak-a-kezdet-833546
9e157c9f729d02dc1d77ab7e46564781566770886aa557d04c6e3b7847796a27,2026-04-29 08:17:24.926318+00:00,hu,portfolio.hu,portfolio.hu,2026-04-29,"Apokaliptikus jelenetek Tuapszében, megszólalt Putyin az ukrán támadás után – Híreink az orosz-ukrán frontról szerdán",https://www.portfolio.hu/global/20260429/apokaliptikus-jelenetek-tuapszeben-megszolalt-putyin-az-ukran-tamadas-utan-hireink-az-orosz-ukran-frontrol-szerdan-833508
ab96ad70994cd4876c89684edc12752f987d4945b49081facdbae10ce76cf08c,2026-04-29 07:24:49.839084+00:00,hu,portfolio.hu,portfolio.hu,2026-04-29,Fájdalmas bejelentést tettek a kutatók: egy Dániával egyenlő területű esőerdő tűnt el örökre,https://www.portfolio.hu/gazdasag/20260429/fajdalmas-bejelentest-tettek-a-kutatok-egy-daniaval-egyenlo-teruletu-esoerdo-tunt-el-orokre-833510
096d04e3fd39315b216136660ebc0f27797851d48cec5dbbb903f8a3da7788d7,2026-04-28 12:44:44.218821+00:00,hu,portfolio.hu,portfolio.hu,2026-04-28,"Két konferencia, egy közös cél: versenyképesebb és fenntarthatóbb agrárium",https://www.portfolio.hu/gazdasag/20260428/ket-konferencia-egy-kozos-cel-versenykepesebb-es-fenntarthatobb-agrarium-833384
df7e9d3e0906a502069380bb2ea4550a1166be25d3d6c0120fd7291fbbc2e041,2026-04-27 10:28:20.478062+00:00,hu,portfolio.hu,portfolio.hu,2026-04-27,"Így válasszunk zöldépület-minősítést 2026-ban: mutatjuk, milyen új változások lépnek életbe",https://www.portfolio.hu/ingatlan/20260427/igy-valasszunk-zoldepulet-minositest-2026-ban-mutatjuk-milyen-uj-valtozasok-lepnek-eletbe-832754
2894d25baed16791649600e47897c035ee184b47fc09ec3252a2efffc42f2d23,2026-04-26 16:29:37.847505+00:00,hu,portfolio.hu,portfolio.hu,2026-04-26,"Tönkreteszik a Földet a cégek, mert még mindig ez a legjövedelmezőbb üzlet nekik",https://www.portfolio.hu/gazdasag/20260426/tonkreteszik-a-foldet-a-cegek-mert-meg-mindig-ez-a-legjovedelmezobb-uzlet-nekik-831876
627e82025e74ee938a607127cec1af47e26f02aa498be3a2aa0dcf8e98f7e645,2026-04-26 16:20:35.601858+00:00,hu,magyarhirlap.hu,magyarhirlap.hu,2026-04-26,Klímaváltozás: visszafordítható még a folyamat?,https://magyarhirlap.hu/kornyezet/20260426-klimavaltozas-visszafordithato-meg-a-folyamat
3f7250c28cf719cf32b0f9ec016c3206a08116ba4a133927bdc2d237a4fbee58,2026-04-25 09:31:29.992927+00:00,hu,index.hu,index.hu,2026-04-25,A magyar természetvédőket tömörítő szövetség segítene a Tisza kormánynak,https://index.hu/tudomany/2026/04/25/termeszet-vedok-tisza-kormany-kornyezeti-miniszterium/
b454844e964f63ae27eb3612fb8cd057960086f0ccebe5e4d9e26e9aa0d84bcf,2026-04-23 15:39:03.176403+00:00,hu,hvg.hu,hvg.hu,2026-04-23,"Nyakig ülünk az ökológiai válságban, és a cégek sem menekülhetnek előle",https://hvg.hu/gazdasag/20260423_impact-talks-hvg-fenntarthatosag-okologiai-valsag-kockazat-biodiverzitas-vallalatiranyitas
886161d1a7f3555c93d96f9997906f0d9d05281ae7dabf9929d36866fbeb8117,2026-04-23 02:35:31.887745+00:00,hu,gondola.hu,gondola.hu,2026-04-22,Áder János: mindenkinek van felelőssége a környezetvédelemben,https://gondola.hu/hirek/fold-napja-ader-janos-felelosseg-kornyezetvedelem-319774
1a1c44d985e71fa42b3d62b578120d685cf723569698ff15fa52fdb3c24bfbd9,2026-04-17 19:30:45.629755+00:00,hu,index.hu,index.hu,2026-04-17,"A virágpor lenne a csodaszer, a pollen pedig az örök ellenség?",https://index.hu/tudomany/2026/04/17/mehesz-bodo-jozsef-attila-viragpor-pollen/
7a99a7f959cbbe59407a8536a321c26279719fec28590fdd8b1d31d83e57af4c,2026-04-07 09:31:08.620373+00:00,hu,infostart.hu,infostart.hu,2026-04-07,"Kiszámolták, meddig bírja még a Föld, ijesztő a válasz",https://infostart.hu/tudomany/2026/04/07/kiszamoltak-meddig-birja-meg-a-fold-ijeszto-a-valasz
fd089cf0e41f2b9440ba1b47c9d6699a56b55c4cbbdb47dca9d522135436dd56,2026-04-06 21:31:25.933048+00:00,hu,portfolio.hu,portfolio.hu,2026-04-06,"Súlyos jóslat érkezett a bolygó jövőjéről: kiderült, mikorra éri el az emberiség a kritikus végpontot",https://www.portfolio.hu/global/20260406/sulyos-joslat-erkezett-a-bolygo-jovojerol-kiderult-mikorra-eri-el-az-emberiseg-a-kritikus-vegpontot-828876
f9d9781ba983921538d33850c5fd9b7ef9f0b0505623e95c2ded7f1b44c23e22,2026-04-06 16:38:13.401425+00:00,hu,portfolio.hu,portfolio.hu,2026-04-06,"A napelem ugyanolyan stratégiai eszközzé vált, mint a golyóálló mellény",https://www.portfolio.hu/gazdasag/20260406/a-napelem-ugyanolyan-strategiai-eszkozze-valt-mint-a-golyoallo-melleny-827520
69a93b59d79bbd97641fd364c62ca798fe8c389ed46fde636b8ac9f855065108,2026-04-02 14:34:17.473351+00:00,hu,origo.hu,origo.hu,2026-04-02,Pánik: gyíkokat faló óriásrovarok özönlötték el Európát,https://www.origo.hu/tudomany/2026/04/invaziv-imadkozo-saska-veszely
077d53fc04e8b8dd05a9ccd670db00eec86e0c80f02b278482b41bc5ca1d85c5,2026-03-30 08:25:02.287794+00:00,hu,nepszava.hu,nepszava.hu,2026-03-30,Negyven új vándorló állatfajt helyeztek nemzetközi védelem alá a világon,https://nepszava.hu/3317109_negyven-uj-vandorlo-allatfajt-helyeztek-nemzetkozi-vedelem-ala-a-vilagon
6f57b621bcf03e4397a0e17d49e8a5cfb5c458c6a1ce6e655c4b989e0191a1a3,2026-03-26 21:23:19.629269+00:00,hu,index.hu,index.hu,2026-03-26,Spanyol sztármenedzser vezérletével szedték a szemetet a budafoki srácok,https://index.hu/sport/futball/2026/03/26/betis-budafok-lc-teteny-szemetszedes-akcio-kozossegi-ertekek-labdarugas-futball/
4e3a55c6f61568f69913d6b07b779f8914e8d05723fa27d5929f42b9f51cd633,2026-03-22 13:33:44.191907+00:00,hu,portfolio.hu,portfolio.hu,2026-03-22,"Klímaváltozás, mint nemzetbiztonsági fenyegetés? Sok kormány néz félre ez ügyben",https://www.portfolio.hu/gazdasag/20260322/klimavaltozas-mint-nemzetbiztonsagi-fenyegetes-sok-kormany-nez-felre-ez-ugyben-825408
a938c7c4de37365576a160d300102cf7aca3f9fa98f524d6fa2de11fabd1685a,2026-03-21 12:40:26.956884+00:00,hu,borsonline.hu,borsonline.hu,2026-03-21,"Ahol megállt az idő: 5 bakancslistás európai őserdő, amit egyszer látnod kell",https://www.borsonline.hu/kulfoldi-utazas/2026/03/erdok-vilagnapja-europa
761d9b57e59dc78693717e8aa81afb34a5d92a5e4913ec6d3d738742ace366c4,2026-03-11 23:18:08.359424+00:00,hu,infostart.hu,infostart.hu,2026-03-11,Egyre több magyar óvoda kapja meg ezt a különleges címet,https://infostart.hu/belfold/2026/03/11/egyre-tobb-magyar-ovoda-kapja-meg-ezt-a-kulonleges-cimet
6b750f7fc1885cf83ef5c83e6faf95fd0ae4a6241b5d596eafa486400e4f60d9,2026-03-07 13:31:50.149465+00:00,hu,portfolio.hu,portfolio.hu,2026-03-07,Szinte minden magyart érint az uniós agrárpolitika reformja – A lakosság 85%-a egy kilométerre él agrárterületektől,https://www.portfolio.hu/krtk/20260307/szinte-minden-magyart-erint-az-unios-agrarpolitika-reformja-a-lakossag-85-a-egy-kilometerre-el-agrarteruletektol-822200
df433945872ca6f2d823e5c2f8e65be01aafa2602e3cefeadab641a3802b334c,2026-03-06 21:25:32.720278+00:00,hu,origo.hu,origo.hu,2026-03-06,Mitől nyüzsög a világ legszárazabb sivatagja? – meglepő felfedezés a felszín alatt,https://www.origo.hu/tudomany/2026/03/sivatag-atacama-nyuzsgo-elet-a-felszin-alatt
12cfc9c152a45c8659136b12833403607b824f1a2b92e497f7aab89d7aabfa14,2026-03-06 11:36:03.753449+00:00,hu,origo.hu,origo.hu,2026-03-06,"Kihaltnak hitt állatok tértek vissza a „halálból” – hihetetlen, hol bukkantak rájuk",https://www.origo.hu/nagyvilag/2026/03/kihaltnak-hitt-allatok-szenzacios-felfedezes
4b60ea4d8dba0c9cf499ff27b41f443b6c5493135e0156e8f22ccadb28faccc0,2026-03-01 15:22:21.637257+00:00,hu,index.hu,index.hu,2026-03-01,Brüsszelre ugathatnak és fújhatnak hamarosan a kutyák és a macskák is,https://index.hu/tudomany/2026/03/01/kutya-macska-biodiverzitas-veszely-europai-unio-szabalyozas/
79174050de98b272e3696bea4bf7880f09a6ddfce74cd43bcfa0b8c551e34e6d,2026-02-25 16:36:53.560303+00:00,hu,origo.hu,origo.hu,2026-02-25,Egy 400 éves korall még a tengerbiológusokat is megdöbbentette,https://www.origo.hu/tudomany/2026/02/korall-400-eves
5bc06ada1c3daafe21bd6523bc7263a2490ef38e798dcddef8cdb6df82ff6ec3,2026-02-25 12:44:18.826029+00:00,hu,portfolio.hu,portfolio.hu,2026-02-25,"Elkezdődött a Planet Budapest 2026 Expo és Konferencia, Közép-Európa egyik legjelentősebb fenntarthatósági rendezvénye",https://www.portfolio.hu/gazdasag/20260225/elkezdodott-a-planet-budapest-2026-expo-es-konferencia-kozep-europa-egyik-legjelentosebb-fenntarthatosagi-rendezvenye-820346
d55c5ef4105d4349e47200e9fac1273006ddeaaacc8ce67808339b25f9b40d10,2026-02-24 14:50:50.921916+00:00,hu,portfolio.hu,portfolio.hu,2026-02-24,A karbongazdálkodás lehet a jövő nagy lehetősége?,https://www.portfolio.hu/uzlet/20260224/a-karbongazdalkodas-lehet-a-jovo-nagy-lehetosege-819782
9008d7adf15b57f391e168f3df3da03f4f5d3e14896f93137746a7baea466283,2026-02-24 08:07:24.097723+00:00,hu,index.hu,index.hu,2026-02-24,"Nem a napelem a megoldás, a föld alatt rejtőzik hazánk zöld energiakincse",https://index.hu/bcs/2026/02/24/planet-expo-2026-energiaatmenet-zold-energia-sodar-gabriella/
4b13a308c5f3dee590528434d1c979b47190ab98e570f0ceade6eaf5b38c3875,2026-02-15 08:24:24.284070+00:00,hu,kuruc.info,kuruc.info,2026-02-15,- Vadvilág monitoring központot adtak át a Debreceni Egyetemen,https://kuruc.info/r/1/298357/
dcca48217e27b7eb359335d7a9b0bc8fca9db6c0e3d5d4318e48012995094c3e,2026-02-14 15:31:06.102324+00:00,hu,24.hu,24.hu,2026-02-14,"Betiltották a halászatot a kínai folyón, az eredmények magukért beszélnek",https://24.hu/tudomany/2026/02/14/jangce-kinai-folyo-halaszati-tilalom/
363731bf2f95653a2b645b7e4c65ce9900bb7625efa476115b9bf19dd4da9916,2026-02-14 06:24:48.844156+00:00,hu,infostart.hu,infostart.hu,2026-02-14,"Erdőökológus: szemléletváltásra van szükség, vannak kímélőbb eljárások is, mint a tarvágás",https://infostart.hu/belfold/2026/02/14/erdookologus-szemleletvaltasra-van-szukseg-vannak-kimelobb-eljarasok-is-mint-a-tarvagas
72772632196ee6962179af56adc2138fd3ae97999bf94be170b3ec9a6fe15135,2026-02-13 19:27:39.997596+00:00,hu,infostart.hu,infostart.hu,2026-02-13,A világ legősibb fái is veszélybe kerültek a pusztító erdőtűzben,https://infostart.hu/kulfold/2026/02/13/a-vilag-legosibb-fai-is-veszelybe-kerultek-a-pusztito-erdotuzben
4e1e15e0a946eab59d8b08bb144b2618432cef5b6d7ba1defaa3c98b3fc6dbdd,2026-02-12 12:35:54.693308+00:00,hu,origo.hu,origo.hu,2026-02-12,A világ legősibb fái is veszélybe kerültek a halálos erdőtűzben,https://www.origo.hu/nagyvilag/2026/02/erdotuzek-pusztitottak-patagoniaban
7869cd26b6214e8641fe9523388ee17f3753a5789a690703c589fe3e86241c2d,2026-02-09 10:28:23.701136+00:00,hu,portfolio.hu,portfolio.hu,2026-02-09,"Fokozódik a feszültség: újabb vasfüggöny ereszkedett Európára, csak most karbonból van",https://www.portfolio.hu/gazdasag/20260209/fokozodik-a-feszultseg-ujabb-vasfuggony-ereszkedett-europara-csak-most-karbonbol-van-813602
f8209365b9f50935c5a1924cc94f8f7f2d31e721e6d17d8ece8aef4fd0129bd1,2026-02-09 01:24:06.334539+00:00,hu,index.hu,index.hu,2026-02-09,Ekkor fog előadást tartani Magyarországon a Cambridge-i Egyetem sztárprofesszora,https://index.hu/bcs/2026/02/09/planet-expo-2026-budapest-vasuttorteneti-park/
4733f6c0ff57149b8c8bd40b055b83cdc7395c9f7dbcc25da03f35f0f0e1f3d9,2026-01-24 17:24:04.041627+00:00,hu,index.hu,index.hu,2026-01-24,Új génmódosított élelmiszerekkel veszélyeztetné a lakosságot egy EU-s szabályozás,https://index.hu/tudomany/2026/01/24/genmodositott-elelmiszer-noveny-bio-kornyezet-europai-unio/
187960c2528000df321f2f1836de17316c439663c5322af34f1e44cbe2c7c90f,2026-01-22 10:31:40.999619+00:00,hu,portfolio.hu,portfolio.hu,2026-01-22,Saját szabályaiban botlik el az EU legnagyobb lelőhelyének kihasználása,https://www.portfolio.hu/unios-forrasok/20260122/sajat-szabalyaiban-botlik-el-az-eu-legnagyobb-lelohelyenek-kihasznalasa-812634
225ab780e219f15a2ad7121edc37572b41465ac724f6a3644e0c0b10e11c278a,2026-01-21 19:22:54.622046+00:00,hu,portfolio.hu,portfolio.hu,2026-01-21,Bejelentést tett az amerikai kormány: fontos könnyítés jöhet a jövő egyik kulcsfontosságú iparágában,https://www.portfolio.hu/global/20260121/bejelentest-tett-az-amerikai-kormany-fontos-konnyites-johet-a-jovo-egyik-kulcsfontossagu-iparagaban-812554
deab807391cc0f6154543890907090969806523c80d608684f666361a420e876,2026-01-20 08:31:19.588450+00:00,hu,24.hu,24.hu,2026-01-20,Egyre gyakrabban csípnek meg embereket a szúnyogok,https://24.hu/tudomany/2026/01/20/szunyogok-gyakrabban-csipnek-embereket/
9e255bed471a809668850892830f50a88c48271d7be48c881044e69bb3b69743,2026-01-17 19:26:40.864329+00:00,hu,portfolio.hu,portfolio.hu,2026-01-17,"Hiába nevezik sokan méregzöldnek az EU-t, lenne még mit szigorítania a környezetvédelmi politikájában",https://www.portfolio.hu/gazdasag/20260117/hiaba-nevezik-sokan-meregzoldnek-az-eu-t-lenne-meg-mit-szigoritania-a-kornyezetvedelmi-politikajaban-809701
f3a9ba8453d784e0988afeb4c5b1153c2c61f070515e8ac872da2b291d935b62,2026-01-10 19:23:05.420654+00:00,hu,portfolio.hu,portfolio.hu,2026-01-10,Bejelentették: 1200 megawattos új atomerőmű épülhet a szomszédban,https://www.portfolio.hu/uzlet/20260110/bejelentettek-1200-megawattos-uj-atomeromu-epulhet-a-szomszedban-810213
9a7b7d8ad35395dab1dd3230f652851994c249021d7e2fad44ce0e6c28b8155e,2026-01-10 19:22:20.895622+00:00,hu,portfolio.hu,portfolio.hu,2026-01-10,"Elfogyott a víz a hatmilliós fővárosban, már vízszüneteket tartanak",https://www.portfolio.hu/global/20260110/elfogyott-a-viz-a-hatmillios-fovarosban-mar-vizszuneteket-tartanak-810215
3a47ea06b12d6ca58362a4d6c90289d00b82308e45383554d9fdb6a52738ade4,2026-01-10 18:23:41.615270+00:00,hu,portfolio.hu,portfolio.hu,2026-01-10,Kérést intézett a lakossághoz a BRFK,https://www.portfolio.hu/gazdasag/20260110/kerest-intezett-a-lakossaghoz-a-brfk-810207
a6318a1fb949b66574fc0447b47a865c4e756a3e4fddf1e64173efd1c339b460,2026-01-10 18:23:21.573347+00:00,hu,portfolio.hu,portfolio.hu,2026-01-10,Donald Trump nemzeti vészhelyzetet hirdetett Venzeuela érdekében,https://www.portfolio.hu/global/20260110/donald-trump-nemzeti-veszhelyzetet-hirdetett-venzeuela-erdekeben-810211
3c2318b2869e2a8951c9ef0aa8716cb259a3dad55a1dd44c52172c94474c2807,2026-01-10 18:23:09.019135+00:00,hu,portfolio.hu,portfolio.hu,2026-01-10,Jön az újabb hideghullám: néhol -20 fokig eshet a hőmérséklet Magyarországon,https://www.portfolio.hu/gazdasag/20260110/jon-az-ujabb-hideghullam-nehol-20-fokig-eshet-a-homerseklet-magyarorszagon-810209
6cf3072d8b80c17345a8f124a4e14dd812c630762eef9774ab37cff322897845,2026-01-10 17:18:36.021855+00:00,hu,portfolio.hu,portfolio.hu,2026-01-10,Volgográdi olajraktár gyulladt ki ukrán dróncsapás miatt,https://www.portfolio.hu/gazdasag/20260110/volgogradi-olajraktar-gyulladt-ki-ukran-droncsapas-miatt-810203
c44b45aadb87f85c71ac47ed857bbc35427071aadc582b4d4e4a1672bdd74302,2026-01-10 17:18:25.708026+00:00,hu,portfolio.hu,portfolio.hu,2026-01-10,Évtizedekig próbálták leváltani a legendás amerikai fegyvert – Egészen különleges okokból dőlt be a projekt,https://www.portfolio.hu/global/20260110/evtizedekig-probaltak-levaltani-a-legendas-amerikai-fegyvert-egeszen-kulonleges-okokbol-dolt-be-a-projekt-806916
d1fa368b0546341890db702137b3b6241d540b7df35b15ef9f8374411ab29db5,2026-01-10 17:18:20.286614+00:00,hu,portfolio.hu,portfolio.hu,2026-01-10,Négy venezuelai tanker tért haza,https://www.portfolio.hu/global/20260110/negy-venezuelai-tanker-tert-haza-810197
ee9edef4660bd59e8663ed227863de5b38e04bbd392a7e5ad6061a82a78f9599,2026-01-10 17:17:58.407256+00:00,hu,portfolio.hu,portfolio.hu,2026-01-10,Mi lesz a gázszámlákkal? Megszólalt az MVM a zord idő miatt,https://www.portfolio.hu/uzlet/20260110/mi-lesz-a-gazszamlakkal-megszolalt-az-mvm-a-zord-ido-miatt-810201
60189984d93b0543ac482a24d11cf67258c23942e280808ba89aa2ee5d8056aa,2026-01-10 17:17:53.718525+00:00,hu,portfolio.hu,portfolio.hu,2026-01-10,Összeül az ENSZ BT az oroszok újabb húzása miatt,https://www.portfolio.hu/global/20260110/osszeul-az-ensz-bt-az-oroszok-ujabb-huzasa-miatt-810205
c628438f3afe8dfceeb2b01dfaf128340e1c7a4826e5a627b394530b1331f65a,2026-01-10 17:17:19.500670+00:00,hu,portfolio.hu,portfolio.hu,2026-01-10,Gigantikus veszteség a cseh jegybanknál,https://www.portfolio.hu/deviza/20260110/gigantikus-veszteseg-a-cseh-jegybanknal-810199
526d9e3599c645714f4964cf4c9950349fe5aca2be99c015c992c36ef664acde,2026-01-10 17:17:16.923554+00:00,hu,portfolio.hu,portfolio.hu,2026-01-10,Hármas környezeti kihívással kell megküzdenie a bolygónknak – Hogyan lehet ebből kiút?,https://www.portfolio.hu/gazdasag/20260110/harmas-kornyezeti-kihivassal-kell-megkuzdenie-a-bolygonknak-hogyan-lehet-ebbol-kiut-809531
65bb7259cc31dc299b0cfa4efcd7933d03b106fb81c6c6ca4f98c26f27dcb3e8,2025-12-30 08:20:48.776106+00:00,hu,demokrata.hu,demokrata.hu,2025-12-30,Profithajhászás helyett kiteljesedés,https://demokrata.hu/gazdasag/profithajhaszas-helyett-kiteljesedes-1106737/
25dbf0c00684642aba6955b54f1fedd9cde82f3f57ecbf447a84e0ee8a2c6bb5,2025-12-30 00:27:50.088276+00:00,hu,index.hu,index.hu,2025-12-29,"Így „égetjük el” a bolygót, újabb tudományos jelzőrakéta az égben",https://index.hu/gazdasag/2025/12/29/klimavaltozas-parizsi-klimaegyezmeny-nagy-korallzatony-globalis-felmelegedes-uveghazhatasu-gazok-karosanyag-kibocsatas/
fdf7eda3f6f1b9d1aaab9ffdbd97701a6285968407d37c6c57c8c6af49462bd3,2025-12-24 18:29:09.311862+00:00,hu,origo.hu,origo.hu,2025-12-24,Cunamiként forgatják fel a tankönyveket: évente több tízezer új fajt fedeznek fel,https://www.origo.hu/nagyvilag/2025/12/fajok-felfedezese-biodiverzitas-elolenyek
a5fd032ae8391b1ed0b7a0c6db62d0e62e6aee745f42c99a5d674952ecdb7663,2025-12-20 12:18:13.628222+00:00,hu,infostart.hu,infostart.hu,2025-12-20,"Átszabnak több városi parkot, sokan fellélegezhetnek",https://infostart.hu/belfold/2025/12/20/atszabnak-tobb-varosi-parkot-sokan-fellelegezhetnek
2c30fcfc34ff41f7bebb566017d8f8f6cf52694922f6dc90b9e58d80079049ad,2025-12-12 18:24:32.849722+00:00,hu,portfolio.hu,portfolio.hu,2025-12-12,Macron: Tíz évvel a párizsi egyezmény után kettőzzük meg klímavédelmi erőfeszítéseinket,https://www.portfolio.hu/gazdasag/20251212/macron-tiz-evvel-a-parizsi-egyezmeny-utan-kettozzuk-meg-klimavedelmi-erofesziteseinket-805856
97d45e8e36be48444c55f66eb0ee1e9fada993151cf7b1a52871b54b668c9ef7,2025-12-11 10:17:28.460877+00:00,hu,infostart.hu,infostart.hu,2025-12-11,Bemutatták az Áder János tízéves elnökségéről készült interjúkötetet,https://infostart.hu/belfold/2025/12/11/bemutattak-az-ader-janos-tizeves-elnoksegerol-keszult-interjukotetet
bb0158bba71addea6739e7601549e8e5d9e629242ca3e53db8e5c892a6e572b1,2025-12-11 07:18:24.552746+00:00,hu,demokrata.hu,demokrata.hu,2025-12-11,Bemutatták az Áder János volt államfő tíz elnöki évéről szóló könyvet Budapesten,https://demokrata.hu/magyarorszag/bemutattak-az-ader-janos-volt-allamfo-tiz-elnoki-everol-szolo-konyvet-budapesten-1106126/
9d81212db90c556da9b982ec6aa19bdee8eb8f2f2237299a66f7fe6484e61c59,2025-12-11 05:19:40.420161+00:00,hu,magyarhirlap.hu,magyarhirlap.hu,2025-12-11,Áder János: az elmúlt 16 év közvagyongyarapodása csak a kiegyezés utáni időszakhoz mérhető,https://magyarhirlap.hu/belfold/20251210-ader-janos-az-elmult-16-ev-kozvagyongyarapodasa-csak-a-kiegyezes-utani-idoszakhoz-merheto
e1ae52f429881ee51057d772b942d01673618d9808a053580f09faae22be78f9,2025-12-05 19:17:36.999114+00:00,hu,portfolio.hu,portfolio.hu,2025-12-05,Európa madarai menekülnek: évente fél métert másznak feljebb a hegyekben,https://www.portfolio.hu/gazdasag/20251205/europa-madarai-menekulnek-evente-fel-metert-masznak-feljebb-a-hegyekben-804460
52d8fbcd0709230d1c04b9ae1044abd1d7f5ec53dd1da8fb991b151824b6640a,2025-12-04 18:26:22.828741+00:00,hu,hvg.hu,hvg.hu,2025-12-04,"Génmódosítás helyett egy innováció, amely alapjaiban formálhatja az európai mezőgazdaság jövőjét",https://hvg.hu/360/20251204_corteva-agrar-europai-agrar-mezogazdasag-ngt-dns
cc17b084b49c50f83d7603d1573dd29ff9c6669d0d07d5912b9b5535f8ccf301,2025-11-27 21:26:31.901936+00:00,hu,merce.hu,merce.hu,2025-11-27,"Ádáz vita a következő klímacsúcs helyszínéről, küzdelem a fosszilis lobbistákkal – diplomáciai csaták a COP hátterében « Mérce",https://merce.hu/2025/11/27/adaz-vita-a-kovetkezo-klimacsucs-helyszinerol-kuzdelem-a-fosszilis-lobbistakkal-diplomaciai-csatak-a-cop30-hattereben/
0e0f1c83047f1e42005cb825f28a3fcc4defa23721167e1abb74d96043e7a635,2025-11-12 20:37:09.266110+00:00,hu,borsonline.hu,borsonline.hu,2025-11-12,A legrosszabbra készülnek: meglepő tervet dolgoztak ki a Loch Ness-i szörny felbukkanására,https://www.borsonline.hu/titkos-aktak/2025/11/loch-ness-i-szorny-skocia
9920cfa852591fe9e61b1c30d5b1dbc6e95a5d2a10047ac34ada3420cd7f9539,2025-11-12 17:22:11.821644+00:00,hu,pecsiujsag.hu,pecsiujsag.hu,2025-11-12,Balasetveszélyessé váltak a fák az egyik legszebb baranyai út mentén,https://www.pecsiujsag.hu/pecs/hir/helyi-hireink/balasetveszelyesse-valtak-a-fak-az-egyik-legszebb-baranyai-ut-menten
d27c24ef2783d7fce6f747772f25544b3c0261e045ccff355cea95f5d8dcec57,2025-11-11 23:33:18.182117+00:00,hu,magyarhirlap.hu,magyarhirlap.hu,2025-11-11,Jelentős támogatást kapnak a fenntartható mezőgazdasági gyakorlatokat vállaló gazdák,https://www.magyarhirlap.hu/belfold/20251111-ujabb-jelentos-tamogatashoz-jutnak-a-fenntarthato-mezogazdasagi-gyakorlatokat-vallalo-gazdak
2817ae0df3a871ba27cc0904501df25b51d5c3694d4e36139933f53ec7852e08,2025-11-09 15:18:17.940984+00:00,hu,portfolio.hu,portfolio.hu,2025-11-09,Globális alkuk sora szabhatja át az EU-s pénzek elosztását,https://www.portfolio.hu/unios-forrasok/20251109/globalis-alkuk-sora-szabhatja-at-az-eu-s-penzek-elosztasat-797412
48c89558f103fb584b4056cbe3135fb832d28846eca4e1506687c325b91fd3f8,2025-11-07 14:33:23.815108+00:00,hu,portfolio.hu,portfolio.hu,2025-11-07,"Komoly kifizetéseket jelentett be Brüsszel, Magyarország is örülhet",https://www.portfolio.hu/unios-forrasok/20251107/komoly-kifizeteseket-jelentett-be-brusszel-magyarorszag-is-orulhet-798246
4850cbee16c45b4e87b2411008469bcbe56d6ce9a47f1f8d34b101ae53704902,2025-11-01 14:22:46.817626+00:00,hu,hvg.hu,hvg.hu,2025-11-01,Harrison Ford: Trump „a történelem egyik legnagyobb bűnözője”,https://hvg.hu/zhvg/20251101_harrison-ford-donald-trump-bunozo
741588d47e47599794e9a8ea6d900cae25c66f906f8279450fbb1fd4d04273fd,2025-10-31 12:16:00.188663+00:00,hu,borsonline.hu,borsonline.hu,2025-10-30,Figyelmeztetnek a szakértők: Magyarországra érkezett egy vérszomjas rovar,https://www.borsonline.hu/igaz-tortenetek/2025/10/figyelmeztetnek-magyarorszagra-erkezett-a-verszomjas-rovar
d32272e3adcbee35b912b978a271216f4cf8951b822c332e3f369cb139118eed,2025-10-31 10:45:07.912765+00:00,hu,origo.hu,origo.hu,2025-10-30,"Japánból érkezett, de magyar vérre szomjazik – újabb rovarfajt azonosítottak Magyarországon",https://www.origo.hu/kek-hirek/2025/10/szarvas-kullancslegy-japan-azonositottak-magyarorszagon
82f0f5bd3330f59d7928d731f7a2e0acc6de2bd041e92373bc57f14264f0fccd,2025-10-28 13:23:11.615686+00:00,hu,magyarhirlap.hu,magyarhirlap.hu,2025-10-28,Hazánkban is megjelent a repülő kullancs,https://www.magyarhirlap.hu/kronika/20251028-hazankban-is-megjelent-a-repulo-kullancs
8cf43c14e98fd3f212c642b9c937b494bb3e6117933335b1999a1d11922b04dc,2025-10-26 09:25:08.285183+00:00,hu,origo.hu,origo.hu,2025-10-26,"Már messze nem csak morális, hanem egyenesen létkérdés a klímaválság",https://www.origo.hu/gazdasag/2025/10/klimavalsag-letkerdes-gazdasagi-valsag
6bfe98269c333d8637e140d3615ccff6a62a77d425bec6c2d37691e606b90b89,2025-10-20 19:22:32.798792+00:00,hu,hvg.hu,hvg.hu,2025-10-20,"Az elmúlt évtizedek legrosszabb méztermelése várható idén Magyarországon, és ez csak a kezdet",https://hvg.hu/eurologus/20251020_mez-meh-klimavaltozas
c12db9e21820717922f25f35d98a1ba4d5c49fe97fc5c9fa2b666e0845bc09a7,2025-10-20 14:20:42.518880+00:00,hu,portfolio.hu,portfolio.hu,2025-10-20,"Csúnya vége lehet, ha egy kulcsfontosságú témában nem tudnak kiegyezni az uniós tagállamok",https://www.portfolio.hu/gazdasag/20251020/csunya-vege-lehet-ha-egy-kulcsfontossagu-temaban-nem-tudnak-kiegyezni-az-unios-tagallamok-793570
3617d2759ca97d2a2d2872da35e8aaa3cbf8e20aba9f3cda296ad4a191d0da8c,2025-10-17 10:32:37.599539+00:00,hu,demokrata.hu,demokrata.hu,2025-10-17,Repülő kullancs támad Magyarországon,https://demokrata.hu/magyarorszag/repulo-kullancs-tamad-magyarorszagon-1075335/
b5c15798b6dfd8c9a1742a3256d75d4ce521c120807d7b577163b25bd4cbc01d,2025-10-14 19:30:13.412221+00:00,hu,hvg.hu,hvg.hu,2025-10-14,"Mi köze Noé bárkájának a banánok pusztulásához? És miért jó, ha egy kosárcsapatban van alacsony játékos is?",https://hvg.hu/360/20251014_biodiverzitas-genetikai-sokfeleseg-klimavaltozas-bordacs-sandor
3942e0870ce9cb7fcf286df4b0d78d4616d4bbd374dd50e94c653bb634a90ebe,2025-10-14 14:25:53.260364+00:00,hu,hvg.hu,hvg.hu,2025-10-14,"Frissítették a Vörös listát: kihalás felé sodródnak a sarkvidéki fókák, egyre kevesebb a madár a világon",https://hvg.hu/tudomany/20251014_voros-lista-veszelyeztetett-fajok-sarkvideki-foka-madarak-pusztulasa
80f86d6198a48bde379295d7a49b56b9382a544e81ffe19e0780429f14870d71,2025-10-13 01:20:28.480305+00:00,hu,gondola.hu,gondola.hu,2025-10-12,Zambó Péter: a világ élvonalában a magyar vadgazdálkodás,https://gondola.hu/hirek/Zambo-Peter-a-vilag-elvonalaban-a-magyar-vadgazdalkodas--317989
01d8c96bbfc20eabb61c7f518bc9cc9615facc363c54cf481c905b7954435a2d,2025-10-12 14:25:48.361954+00:00,hu,portfolio.hu,portfolio.hu,2025-10-12,Ezért fontosak a méhlegelők,https://www.portfolio.hu/gazdasag/20251012/ezert-fontosak-a-mehlegelok-a-beporzok-pusztulasa-sulyos-helyzetet-okozhat-az-elelmiszer-termelesben-791736
c36496426fa864f93c74a9467fcbee6ca5dad07ec27764513a2c59cae26657d7,2025-10-11 20:25:06.234055+00:00,hu,magyarnemzet.hu,magyarnemzet.hu,2025-10-11,"Ebben is sikeresek a magyarok, rekordszámú trófeát gyűjtöttek be",https://magyarnemzet.hu/belfold/2025/10/ebben-is-sikeresek-a-magyarok-rekordszamu-trofeat-gyujtottek-be?utm_source=hirstart&utm_medium=referral&utm_campaign=hiraggregator
dfca5a5cfeb1d1c194c5d5af9259bfec8c8e79a2a03aa92fe6f5feac8d353193,2025-10-11 19:20:46.126504+00:00,hu,magyarhirlap.hu,magyarhirlap.hu,2025-10-11,A világ élvonalában a magyar vadgazdálkodás,https://www.magyarhirlap.hu/gazdasag/20251011-a-vilag-elvonalaban-a-magyar-vadgazdalkodas
2711a4d8a5b0c517a55b557ddccb41b5018add38152e80a89583f62e5e8319be,2025-10-11 17:19:27.123771+00:00,hu,infostart.hu,infostart.hu,2025-10-11,Zambó Péter: a világ élvonalában a magyar vadgazdálkodás,https://infostart.hu/belfold/2025/10/11/zambo-peter-a-vilag-elvonalaban-a-magyar-vadgazdalkodas
0658ac59c16db0f9514a7382fd87a7a0646b04a8d37d2aba41d939ea69ad2f37,2025-10-08 10:34:14.904781+00:00,hu,vg.hu,vg.hu,2025-10-08,Mit vetünk a magyar földekbe?,https://www.vg.hu/velemeny/2025/10/terulet-mit-vetunk-magyar-foldekbe?utm_source=hirstart&utm_medium=referral&utm_campaign=hiraggregator
252aa648d52002296712b3a1ec02cb2c35c403cc6449d1f67cb0f605bbba38e5,2025-10-05 09:18:55.100430+00:00,hu,portfolio.hu,portfolio.hu,2025-10-05,Az újrahasznosítás nem elég: drasztikusabb megoldásokra lenne szükség,https://www.portfolio.hu/gazdasag/20251005/az-ujrahasznositas-nem-eleg-drasztikusabb-megoldasokra-lenne-szukseg-788342
69489ff4a705fe25a1602d2e4a2e324fbc7606c897b63af570ffd7436487a5fa,2025-10-04 15:22:42.599314+00:00,hu,portfolio.hu,portfolio.hu,2025-10-04,Milliárdokba kerülhet a halogatás az inváziós fajok kezelésénél,https://www.portfolio.hu/krtk/20251004/milliardokba-kerulhet-a-halogatas-az-invazios-fajok-kezelesenel-790406
3fdc183928a0531e2d102bbd7a43bb5e503a3dcc7ba1dd316f48af3a79bff456,2025-10-02 01:21:32.655069+00:00,hu,gondola.hu,gondola.hu,2025-10-01,Áder János: most zajlik a hatodik tömeges kihalási hullám a Föld történetében,https://gondola.hu/cikkek/Ader-Janos-most-zajlik-a-hatodik-tomeges-kihalasi-hullam-a-Fold--155700
9e59d5218f58f644790517c567a8c1b3f8b21b648647424b897783511b19bbb6,2025-10-01 15:29:19.123093+00:00,hu,infostart.hu,infostart.hu,2025-10-01,Áder János: most zajlik a hatodik tömeges kihalási hullám a Föld történetében,https://infostart.hu/belfold/2025/10/01/ader-janos-most-zajlik-a-hatodik-tomeges-kihalasi-hullam-a-fold-torteneteben
afe1f9a92b998d92f50f7699a66e71de6e95b8fbdd575070dce459afc6abb771,2025-10-01 15:23:48.746410+00:00,hu,magyarhirlap.hu,magyarhirlap.hu,2025-10-01,Áder János: Most zajlik a hatodik tömeges kihalási hullám a Föld történetében,https://www.magyarhirlap.hu/belfold/20251001-ader-janos-most-zajlik-a-hatodik-tomeges-kihalasi-hullam-a-fold-torteneteben
59d72f7a41fdda3cf56d9731b9f01bdc2a13865dd5ce7111324d5fcbde18e755,2025-10-01 13:25:50.710287+00:00,hu,demokrata.hu,demokrata.hu,2025-10-01,Áder János: Most zajlik a hatodik tömeges kihalási hullám a Föld történetében,https://demokrata.hu/magyarorszag/ader-janos-most-zajlik-a-hatodik-tomeges-kihalasi-hullam-a-fold-torteneteben-1066710/
3c9ef158799ea19249ebc8aa8585356667aa2284f7fc778b5f79c928db59a454,2025-10-01 08:24:57.376090+00:00,hu,index.hu,index.hu,2025-10-01,"Kapu Tibor az űrig ment az elismerésért, de itt a Földön is van kire büszkének lennünk",https://index.hu/kultur/2025/10/01/highlights-of-hungary-2025-dijatado-nagykovetek-jeloltek-konig-robert-kapas-boglarka-szabadfi-szabolcs/
09ea9bd8fa4de9bf571033ec3fe42e9f4823c0b77897b48475eb2026718bdaf0,2025-09-29 06:24:22.807388+00:00,hu,index.hu,index.hu,2025-09-29,Az emirátusok szépen csendben lekörözik a nagyokat a mesterséges intelligencia terén,https://index.hu/kulfold/2025/09/29/egyesult-arab-emirsegek-mesterseges-intelligencia-fejlesztes-felho-alapu-szolgaltatas/
e4ef9fdc82f39365157179a9e00133eab7a86e0273e92bb30b55bc5838128ed7,2025-09-21 12:21:47.609306+00:00,hu,ma.hu,ma.hu,2025-09-21,A biodiverzitás megőrzését segítő mesterséges tengeri élőhelyet telepítettek Szlovéniában,https://www.ma.hu/vilagvege/405962/A_biodiverzitas_megorzeset_segito_mesterseges_tengeri_elohelyet_telepitettek_Szloveniaban?place=srss
3e3e77339a0ccdefe0248d3525dc7da1bdb1bd4fac4dda281712b18709e121d6,2025-09-21 09:17:08.489003+00:00,hu,kuruc.info,kuruc.info,2025-09-21,- Mesterséges tengeri élőhely telepítésével segítik biodiverzitás megőrzését a szlovéniai Secovlje-öbölben,https://kuruc.info/r/4/292777/
a59e0af130139aa7e9cacff6737d02116216f2c7a86a1ae3c5af4535981b4fde,2025-09-20 13:30:25.260498+00:00,hu,vg.hu,vg.hu,2025-09-20,Eltűnt a víz: kiszáradhat a 70 ezres magyar vidéki város legszebb tava – bele kell törődni,https://www.vg.hu/vilaggazdasag-magyar-gazdasag/2025/09/tatabanyai-tavak-kiszaradas-aszaly-hoseg-viz-csapadek?utm_source=hirstart&utm_medium=referral&utm_campaign=hiraggregator
08aac6f4ba364a9ab4c391cb6750dd856a462ffb936f222599e3982c5505f9e6,2025-09-16 20:21:04.286089+00:00,hu,dunaujvaros.com,dunaujvaros.com,2025-09-17,„Európai Mobilitási Hét” Dunaújvárosban is,https://dunaujvaros.com/hirek/202509/europai_mobilitasi_het_dunaujvarosban_is
aee30b66c0aced474d04cde40962e79863bc3d3095add47074234743bac8d849,2025-09-16 13:34:40.164767+00:00,hu,portfolio.hu,portfolio.hu,2025-09-16,"Nem is túl rég egy olyan környezeti katasztrófa fenyegette a Földet, amiről ma már alig beszélnek",https://www.portfolio.hu/global/20250916/nem-is-tul-reg-egy-olyan-kornyezeti-katasztrofa-fenyegette-a-foldet-amirol-ma-mar-alig-beszelnek-786182
ed378fe0401c60c28a03dd3c62cefedebed2cacf6b0e259887648aa042c95826,2025-09-15 10:21:29.742422+00:00,hu,demokrata.hu,demokrata.hu,2025-09-15,"Kicsik, de életbevágóan fontosak – így menthetik meg a magyar kistavak a jövőnket",https://demokrata.hu/tudomany/kicsik-de-eletbevagoan-fontosak-igy-menthetik-meg-a-magyar-kistavak-a-jovonket-1057125/
b84d7f9fc535ae8113a880aded7d62425addbb082ebe143375a4cf425fd67452,2025-09-11 11:32:55.076312+00:00,hu,demokrata.hu,demokrata.hu,2025-09-11,Megalakult az Erdészeti Klímaadaptációs Fórum,https://demokrata.hu/magyarorszag/megalakult-az-erdeszeti-klimaadaptacios-forum-1055449/
00e371d83c99ad1ac62a6690a54bb0a1a0b6bdeeedeb154d794e9cefe456f1e0,2025-09-10 14:35:18.184853+00:00,hu,szeretlekmagyarorszag.hu,szeretlekmagyarorszag.hu,2025-09-10,Udvaros Dorottyát jogerősen is felmentették a Fertő-tavi tiltakozásai után,https://www.szeretlekmagyarorszag.hu/hirek/udvaros-dorottyat-jogerosen-is-felmentettek-a-ferto-tavi-tiltakozasai-utan/
2b89f153be050e0c5576a181cf3a558b471124721954dd1ba835038b41c07839,2025-09-04 19:35:42.453291+00:00,hu,portfolio.hu,portfolio.hu,2025-09-04,Kiderültek a 2025-ös Green Awards nyertesek!,https://www.portfolio.hu/uzlet/20250904/kiderultek-a-2025-os-green-awards-nyertesek-a-zold-programokat-es-vallalatokat-dijaztuk-783600
35ab23b4deb81c6e90e2de2ced12fb194babf964983e43b4eeb4266f5b683b6e,2025-08-31 21:21:23.493750+00:00,hu,magyarkurir.hu,magyarkurir.hu,2025-08-31,A béke és a remény magjai – Leó pápa üzenete a 10. teremtésvédelmi imanapra,https://www.magyarkurir.hu/hirek/a-beke-es-remeny-magjai-leo-papa-uzenete-10-teremtesvedelmi-imanapra
9ceb7a0ad130c985694abe19d3a9161953f10368749e45f2f26aaed1d4039832,2025-08-31 10:28:39.240093+00:00,hu,index.hu,index.hu,2025-08-31,"Égetjük, mintha nem lenne holnap, pedig már a cápák is elveszítik a fogaikat",https://index.hu/tudomany/2025/08/31/capa-capafog-globalis-felmelegedes-ocean-osszetetel-okoszisztema/
295d8017b4e50869fd97a937302c88262c7cdc219f504a477f87f3856881744e,2025-08-26 18:33:56.363047+00:00,hu,index.hu,index.hu,2025-08-26,Itt az új magyar fegyver: új kötelező tanúsítvány alakítja át a városképet,https://index.hu/gazdasag/2025/08/26/zoldfeluleti-tanusitvanyi-rendszer-zoldfelulet-varoskep-klimavaltozas-kornyezetvedelem-magyar-kertorokseg-alapitvany/
3b458370d5aa104937255bc9c8d7ff81a2e2216d49993dc37689260c9659d7fb,2025-08-26 11:24:03.460284+00:00,hu,origo.hu,origo.hu,2025-08-26,"A sör, amitől nem hízol, nem rúgsz be, és még menő is vagy vele",https://www.origo.hu/nagyvilag/2025/08/ujfajta-sorok-dieta-rizs
da2882eaf2c0835c17b843d0e009ccffc2b667f0c3d4af9b90de4ee2bd977523,2025-08-23 16:39:04.371688+00:00,hu,index.hu,index.hu,2016-03-01,Szereti a kávét? Akkor kezdjen aggódni a méhek miatt!,http://index.hu/tudomany/2016/03/01/szereti_a_kavet_akkor_kezdjen_aggodni_a_mehek_miatt/
deb4d30a0d6ab6e96eeba420a1aa1df6380af9828228026a45168fee90cc2ebb,2025-08-23 16:36:49.080092+00:00,hu,hvg.hu,hvg.hu,2016-03-01,Pusztulnak a méhek: milliók élete kerülhet veszélybe,http://hvg.hu/plazs/20160301_Pusztulnak_a_mehek_milliok_elete_kerulhet_veszelybe#rss
84c56ac0fe61437dfd5bfa3f0a6fdba66a91c6e8e65e4e3b2cd3fa1653a0fdf9,2025-08-23 11:13:49.095016+00:00,hu,hvg.hu,hvg.hu,2016-03-11,"Kialszanak a fények jövő szombaton, itt vannak hozzá a programok",http://hvg.hu/plazs/20160311_kialszanak_a_fenyek_jovo_szombaton_itt_vannak_hozza_a_programok#rss
c8bb45386487bf3bfa73aa049b5a4a267148f596fbb635c291401682c2f450e4,2025-08-23 06:42:23.914368+00:00,hu,hirado.hu,hirado.hu,2016-03-19,A világ legnagyobb önkéntes akciója,http://www.hirado.hu/2016/03/19/a-vilag-legnagyobb-onkentes-akcioja/
465f9e99be2468f3484e558d5d55fd50c034fce2b6d7070eb95137056366f53c,2025-08-23 06:32:45.005729+00:00,hu,nol.hu,nol.hu,2016-03-20,Ha kivesznek a méhek...,http://nol.hu/tud-tech/ha-kivesznek-a-mehek-1607119
2856973fc238eb58c52c01e8e992892f087649be5697d13d9c70f84156cb703a,2025-08-23 02:28:21.722462+00:00,hu,hirado.hu,hirado.hu,2016-03-28,Gyermekeink már nem igen fognak bükkfát látni,http://www.hirado.hu/2016/03/28/gyermekeink-mar-nem-igen-fognak-bukkfat-latni/
1ebe97473ad1f695983f198c01ebc750db80e2909a26f3991cd48a6ef34ae976,2025-08-21 10:19:47.050065+00:00,hu,24.hu,24.hu,2025-08-21,Még a mesterséges intelligenciát is sikerült meglepni a korallokkal kapcsolatban!,https://24.hu/tech/2025/08/21/meg-a-mesterseges-intelligenciat-is-sikerult-meglepni-a-korallokkal-kapcsolatban/
60ef2770f418516be5408dff37942d3555f6ac527129148ca8e06646ebc51d14,2025-08-20 14:19:37.354684+00:00,hu,hirado.hu,hirado.hu,2016-06-29,Új fajok evolúcióját gyorsítja az ember,http://www.hirado.hu/2016/06/29/uj-fajok-evoluciojat-gyorsitja-az-ember/
89ef9c43866abd7df30348043c8f77c33bb8a2dbf0efe7d89a8a9fd58355c2a4,2025-08-20 13:23:52.126228+00:00,hu,hirado.hu,hirado.hu,2016-06-30,Miattunk lesznek gyúlékonyak az esőerdők,http://www.hirado.hu/2016/06/30/miattunk-lesznek-gyulekonyak-az-esoerdok/
923fa0b7a56b23b3bd975d403fad6b8d5558bb2515aded7ab78b7f864b4ec13e,2025-08-19 13:34:30.524501+00:00,hu,hvg.hu,hvg.hu,2025-08-19,"A faültetés már kevés, másra van szükség a klímaváltozás megállításához",https://hvg.hu/tudomany/20250819_klimavaltozas-kutatas-faultetes-keves-szen-dioxid-kibocsatas-csokkentes
edaa24be14b120acea766b4dc9d0a0f3394ec54b61106b2f9eb7577201d45f50,2025-08-19 05:26:58.632853+00:00,hu,444.hu,444.hu,2025-08-19,Rekordalacsony a Tisza vízállása Szolnoknál,https://444.hu/2025/08/19/rekordalacsony-a-tisza-vizallasa-szolnoknal?utm_source=rss_feed&utm_medium=rss&utm_campaign=rss_syndication
312d06dd10f69c2fe9bf4ad36d0e9dd051cc7761210276d561f0fc5778c5809e,2025-08-19 05:12:51.552861+00:00,hu,24.hu,24.hu,2016-08-19,Kiirtjuk az erdei embereket. Kit érdekel?,http://24.hu/elet-stilus/2016/08/19/kiirtjuk-az-erdei-embereket-kit-erdekel/
b87d7286a4221658b05897409eddb666837e1095ee6179288e0c9c527d0e41cf,2025-08-18 20:32:01.950716+00:00,hu,index.hu,index.hu,2016-09-01,Ferenc pápa szerint a környezetszennyezés meggyónandó bűn,http://index.hu/kulfold/2016/09/01/ferenc_papra_szerint_a_kornyezetszennyezes_meggyonando_bun/
02e24a4b82bbbf10bb9794bb88a880a245ca22cfe8fb5be85a42047110632a71,2025-08-18 20:22:50.323358+00:00,hu,hvg.hu,hvg.hu,2016-09-01,Ferenc pápa: meg kell gyónni a természetkárosítást,http://hvg.hu/vilag/20160901_Ferenc_papa_meg_kell_gyonni_a_termeszetkarositast#rss
27448f196fbfc8ee5114e79905156c67fad0e967d5068e9c1d5c3a37c6b222b8,2025-08-18 20:22:19.891329+00:00,hu,hirado.hu,hirado.hu,2016-09-01,Ferenc pápa: a természet bántalmazása meggyónandó bűnnek számít,http://www.hirado.hu/2016/09/01/ferenc-papa-a-termeszet-bantalmazasa-meggyonando-bunnek-szamit/
fb6876808b2ebaef172bb26915bd0a6c0c7400d7c9d3e5de0931d21843c498f0,2025-08-18 16:52:44.923214+00:00,hu,hvg.hu,hvg.hu,2016-09-06,"Váltson zöldre, hogy a jövőben is legyen munkája!",http://hvg.hu/kkv.businessmagazin/20160906_zold_allasok#rss
9d9e5c760824cc60e73734535547d383533001ccce3e5d6a8fa01e015cf8451e,2025-08-17 18:30:22.846937+00:00,hu,hirado.hu,hirado.hu,2016-10-15,Jön a nemzeti erdőstratégia,http://www.hirado.hu/2016/10/15/jon-a-nemzeti-erdostrategia/
d0f15f21d4a719dc2133398337f44e61286e4441b4bd4172f842b6407aa27675,2025-08-17 18:29:44.829642+00:00,hu,nepszava.hu,nepszava.hu,2016-10-15,Nemzeti erdőstratégia,http://nepszava.hu/cikk/1108956-nemzeti-erdostrategia---elfogadta-a-kormany/
f4cfe9975f25dd8a6a0a16572bece2369f16ffb14d91af0258f612abdca2c090,2025-08-17 06:20:06.966842+00:00,hu,index.hu,index.hu,2025-08-17,"Megérezzük a jövő aranyának hiányát – terméskiesés, infláció, elvándorlás",https://index.hu/gazdasag/2025/08/17/viz-vizhiany-vizgazdalkodas-termeszetes-viz-ivoviz-klimavaltozas-globalis-felmelegedes-aszaly-ontozes-vizkeszlet/
c7566d71b281c0898d7d2776c3266ab51c98118c6252a628db96d187cd10d192,2025-08-16 09:58:02.257069+00:00,hu,zaol.hu,zaol.hu,2016-12-09,Klímaváltozás,http://m.zaol.hu/belfold/klimavaltozas-1805301
f99dcb0d326de521b249cc6648de9984312e62beb072432b1b47ab721c300526,2025-08-16 09:57:54.451698+00:00,hu,veol.hu,veol.hu,2016-12-09,Klímaváltozás,https://m.veol.hu/belfold/klimavaltozas-1805301
eef57f090861caa4e8584d21b568852cb1cfea9d6ee271012015636a3208c642,2025-08-16 09:57:51.611623+00:00,hu,vaol.hu,vaol.hu,2016-12-09,Klímaváltozás,http://m.vaol.hu/belfold/klimavaltozas-1805301
dace65d7c71bdd68fff3d067e0f05b8bb4ff8bbdf9d40788c6757ccb333bd26f,2025-08-15 22:39:33.058577+00:00,hu,veol.hu,veol.hu,2016-12-26,Lendvai Gábor sárbogárdi biológus szerint a biodiverzitás csökkenés,https://m.veol.hu/gazdasag/lendvai-gabor-sarbogardi-biologus-szerint-a-biodiverzitas-csokkenese-kozvetlen-veszely-1808286
e5d511fbc3745df6459b9af21577dd77dbedb2c527f7640758cc7d6c2f399d84,2025-08-15 22:39:29.878874+00:00,hu,feol.hu,feol.hu,2016-12-26,Lendvai Gábor sárbogárdi biológus szerint a biodiverzitás csökkenés,http://m.feol.hu/gazdasag/lendvai-gabor-sarbogardi-biologus-szerint-a-biodiverzitas-csokkenese-kozvetlen-veszely-1808286
a6c93168e99415bb0f17d701a4ee8d808367e25567836a28c1b3e82333901483,2025-08-15 22:39:27.424521+00:00,hu,vaol.hu,vaol.hu,2016-12-26,Lendvai Gábor sárbogárdi biológus szerint a biodiverzitás csökkenés,http://m.vaol.hu/gazdasag/lendvai-gabor-sarbogardi-biologus-szerint-a-biodiverzitas-csokkenese-kozvetlen-veszely-1808286
59f3df9b91d20bf91cac8bdb6b4d51b3025708974766e36b5f3bafe17b74658f,2025-08-15 05:16:26.133040+00:00,hu,index.hu,index.hu,2017-01-05,A növények kihalásával a beporzó méheknek is lőttek,http://index.hu/tudomany/2017/01/05/a_novenyek_kihalasaval_a_beporzo_meheknek_is_lottek/
a432b98fb37e738a6f11185e58a9195a2e756578473aff2ed41b9d0f01825671,2025-08-15 05:15:41.900969+00:00,hu,hirado.hu,hirado.hu,2017-01-05,A növények kihalása veszélyes lehet egyes méhfajoknak,http://www.hirado.hu/2017/01/05/a-novenyek-kihalasa-veszelyes-lehet-egyes-mehfajoknak/
19e971b2bdc77c17205c56572077689b655a29c4bfe0056b7de3613e78c2017e,2025-08-15 05:10:50.011288+00:00,hu,24.hu,24.hu,2017-01-05,"Először a növények halnak ki, aztán a méhek, végül minden más",http://24.hu/tudomany/2017/01/05/eloszor-a-novenyek-halnak-ki-aztan-a-mehek-vegul-minden-mas/
28fd53f454e474cf6457440073ad1990b4c79af39e0ed6b9bdf57195c379caba,2025-08-14 19:36:49.662177+00:00,hu,portfolio.hu,portfolio.hu,2025-08-14,Újratervezett vidék: hogyan hasznosultak az uniós források az agrár- és vidékfejlesztésben?,https://www.portfolio.hu/unios-forrasok/20250814/ujratervezett-videk-hogyan-hasznosultak-az-unios-forrasok-az-agrar-es-videkfejlesztesben-779001
d52607bec505e53297cb9cc585e2270c2c88bbc8b57d27b1e336c21fb1ecb52f,2025-08-14 17:01:33.314344+00:00,hu,hirado.hu,hirado.hu,2017-01-20,Mégis az embert irthatta ki az ausztrál megafaunát?,http://www.hirado.hu/2017/01/20/megis-az-embert-irthatta-ki-az-ausztral-megafaunat/
26c52749e8645da6f82035b04f21aa73f8ea0ee7645b1cd9db71b762be9425c8,2025-08-14 13:16:34.715641+00:00,hu,boon.hu,boon.hu,2017-01-25,"EEA: Európában egyre súlyosabban fenyegeti az ökoszisztémákat, az emberi egészséget és a gazdaságot az éghajlatváltozás",http://www.boon.hu/eea-europaban-egyre-sulyosabban-fenyegeti-az-okoszisztemakat-az-emberi-egeszseget-es-a-gazdasagot-az-eghajlatvaltozas/3351008
c7a3c997834b16f5404cb4297143ade98c78db5ac0c02d046eea8860b36cac28,2025-08-14 13:16:27.142892+00:00,hu,szon.hu,szon.hu,2017-01-25,"EEA: Európában egyre súlyosabban fenyegeti az ökoszisztémákat, az emberi egészséget és a gazdaságot az éghajlatváltozás",http://www.szon.hu/eea-europaban-egyre-sulyosabban-fenyegeti-az-okoszisztemakat-az-emberi-egeszseget-es-a-gazdasagot-az-eghajlatvaltozas/3351008
781b25c400d21c85fae7eef99e39f5c2d24deea29e52952389849796e91136be,2025-08-13 22:29:22.411768+00:00,hu,index.hu,index.hu,2017-02-13,Drámai a klímaváltozás tempója: 170-szer gyorsabban melegszik az éghajlat miattunk,http://index.hu/tudomany/2017/02/13/dramai_keplet_irja_le_a_klimavaltozast/
d314158e196c7d67d7e7262fb11274bedf10a952380676a077edd1b88ec34550,2025-08-13 01:48:32.799477+00:00,hu,index.hu,index.hu,2017-03-10,Az autók 3 százaléka elég lenne a nagyvárosokban,http://index.hu/bcs/2017/03/10/klimavaltozas_kovetkezmenyei_nemzetkozi_kezdemenyezesek_e.on_energy_globe_magyarorszag_dij/
0c8dd6898a845cfcca4e88b0acecfb5399f5606756ea6c4589e0c96a42c090c8,2025-08-10 08:21:34.517256+00:00,hu,boon.hu,boon.hu,2017-05-29,Fazekas: a világon a szegénység és éhínség leküzdése a következő évek egyik legfontosabb feladata,http://www.boon.hu/fazekas-a-vilagon-a-szegenyseg-es-ehinseg-lekuzdese-a-kovetkezo-evek-egyik-legfontosabb-feladata/3498908
6455eb597d41a07b0fb339ee0147da3d4ce479a95064731b945245d25f724e85,2025-08-10 08:21:31.528213+00:00,hu,szon.hu,szon.hu,2017-05-29,Fazekas: a világon a szegénység és éhínség leküzdése a következő évek egyik legfontosabb feladata,http://www.szon.hu/fazekas-a-vilagon-a-szegenyseg-es-ehinseg-lekuzdese-a-kovetkezo-evek-egyik-legfontosabb-feladata/3498908
fc1e5c093f75d545c48b50819a8b9e52d863bf1f888520222f85c56f93b87bda,2025-08-10 08:16:12.259513+00:00,hu,hirado.hu,hirado.hu,2017-05-29,Az éhínség és a szegénység leküzdéséről beszélt Fazekas,http://www.hirado.hu/2017/05/29/az-ehinseg-es-a-szegenyseg-lekuzdeserol-beszelt-fazekas/
476b2fdb4ebb7c463235595a0294f8e312b955c102198a3a2fab7e14dec4a5fa,2025-08-10 04:55:50.901176+00:00,hu,atv.hu,atv.hu,2017-06-02,Oslo kapja az Európa Zöld Fővárosa címet 2019-ben,http://www.atv.hu/kulfold/20170602-oslo-kapja-az-europa-zold-fovarosa-cimet-2019-ben
995580c56cf23255c698717e9276ccaf756c8653f42eb2eccfa550d5e5588826,2025-08-10 04:52:57.590547+00:00,hu,nepszava.hu,nepszava.hu,2017-06-02,"Oslo lesz ""Európa Zöld Fővárosa"" 2019-ben",http://nepszava.hu/cikk/1131121-oslo-lesz-europa-zold-fovarosa-2019-ben/
c781349d85d7e09ce58c1a6183187a6e9d801133a5b3ff15ad2f983bc5be47ff,2025-08-10 02:37:28.675847+00:00,hu,delmagyar.hu,delmagyar.hu,2017-06-05,PĂźnkĂśsd figyelmezet a vilĂĄg irĂĄnti felelĹssĂŠgĂźnkre,http://www.delmagyar.hu/vilagvevo/punkosd_figyelmezet_a_vilag_iranti_felelossegunkre/2521384/?utm_source=rssfeed
76f5d3ebc72930fc6b3c6b625a13ca6f2d902ee3efdf71891cdb146608524f90,2025-08-09 05:36:53.550895+00:00,hu,hvg.hu,hvg.hu,2017-06-27,Balavány: A vadászok az igazi zöldek,http://hvg.hu/itthon/20170627_Balavany_vadaszok_zoldek_termeszet_okologia_erdo_vedett_allatok_kiloves#rss
9e2f62304703fab3931a10d4557f5409cfe412a6be088c46e02fb9f6977ec6b9,2025-08-08 15:45:38.692717+00:00,hu,hirado.hu,hirado.hu,2017-07-14,Kirepültek a pilismaróti rétisasfiókák,http://www.hirado.hu/2017/07/14/kirepultek-a-pilismaroti-retisasfiokak/
06fa574f250ff07f338f9327195543de3e666864c30c45aa232be0a7e3c7bba3,2025-08-07 10:10:09.664058+00:00,hu,index.hu,index.hu,2017-08-15,Láncfűrész az őserdőben: az utolsó európai rengeteg jövője a tét,http://index.hu/tudomany/2017/08/15/az_utolso_europai_oserdo_tulelese_forog_kockan_lengyelorszagban/
cf6675ba060706acf9bf115ebe9f334666363f58a29f4de2642d908453f36334,2025-08-06 10:32:24.553288+00:00,hu,index.hu,index.hu,2017-09-12,A paraziták is megszívják a klímaváltozást,http://index.hu/tudomany/2017/09/12/a_parazitak_is_megszivjak_a_klimavaltozast/
5096e4c89311b44bda8912c3deb107e8acb2ba482b80729cafc23125a1e7ec1a,2025-08-05 19:36:48.653954+00:00,hu,boon.hu,boon.hu,2017-09-30,Valóságos víziók a 21. századi mezőgazdaságban,http://www.boon.hu/jegyzet-valosagos-viziok-a-21-szazadi-mezogazdasagban/3634446
6a7f1d49506859764e8771c84b73c2fe4364331f969531e8b796eae88339722a,2025-08-05 19:36:32.454305+00:00,hu,szon.hu,szon.hu,2017-09-30,Valóságos víziók a 21. századi mezőgazdaságban,http://www.szon.hu/jegyzet-valosagos-viziok-a-21-szazadi-mezogazdasagban/3634446
32e88c7b0388f3e531370d40e11e5f6bae28103d7ba4ef8db5d38ff202fd5410,2025-08-05 01:42:38.947118+00:00,hu,index.hu,index.hu,2017-10-20,Már úton vannak hozzánk az új paraziták,http://index.hu/tudomany/2017/10/20/klimavaltozas_uj_fertozo_betegsegek_malaria_magyarorszagon_parazitak/
026d0951a5d8770d66af76c7806e2f84693c106988c9e1ac9ac03af0499327eb,2025-08-03 20:56:01.482873+00:00,hu,24.hu,24.hu,2017-11-17,A mezőgazdasággal győzhetjük le a klímaváltozást,http://24.hu/tudomany/2017/11/17/a-mezogazdasaggal-gyozhetjuk-le-a-klimavaltozast/
1f87b5b0ec030c656e84e86095120ee9d03d256eb6bc1ae563eaccd3f9cac374,2025-08-03 05:09:37.194891+00:00,hu,index.hu,index.hu,2017-12-06,Rabszolgák vágják ki az őserdőt az európaiak hamburgereiért?,http://index.hu/gazdasag/2017/12/06/eu_latin-amerika_szabadkereskedelem/
4666891a43bd65ddb586338b38ef03785a0727fcbf0563fbac2db936a900128f,2025-08-02 11:34:28.912720+00:00,hu,kisalfold.hu,kisalfold.hu,2017-12-20,"Nagyobb magtĂśmeg, kisebb elterjedĂŠs",http://www.kisalfold.hu/tudomany/nagyobb_magtomeg_kisebb_elterjedes_-_lenduletes_kutatok_tisztaztak_a_novenyi_terjedesbiologia_egyik_vitatott_kerdeset/2543421/?utm_source=rssfeed
309c73d9d685ec7c1a5b9df57e22f42a3a7f34f731132c4cafad51c60d74246e,2025-08-02 11:29:28.570866+00:00,hu,delmagyar.hu,delmagyar.hu,2017-12-20,"Nagyobb magtĂśmeg, kisebb elterjedĂŠs",http://www.delmagyar.hu/vilagvevo/nagyobb_magtomeg_kisebb_elterjedes_-_lenduletes_kutatok_tisztaztak_a_novenyi_terjedesbiologia_egyik_vitatott_kerdeset/2543421/?utm_source=rssfeed
d4a54cdab423977294d52d575d7933219ff9caa2bdd37b17c05962ba3302f5fe,2025-08-02 11:14:24.925095+00:00,hu,haon.hu,haon.hu,2017-12-20,"Nagyobb magtömeg, kisebb elterjedés",http://www.haon.hu/nagyobb-magtomeg-kisebb-elterjedes-magyar-kutatok-tisztaztak-a-novenyi-terjedesbiologia-egyik-vitatott-kerdeset/3716201
369612fdf49287dd6d740f54c5918b6a1d06a31ef26b612099b6bebfeea91cad,2025-08-02 11:13:50.243917+00:00,hu,szon.hu,szon.hu,2017-12-20,"Nagyobb magtömeg, kisebb elterjedés",http://www.szon.hu/nagyobb-magtomeg-kisebb-elterjedes-magyar-kutatok-tisztaztak-a-novenyi-terjedesbiologia-egyik-vitatott-kerdeset/3716201
374f56a1fe943e645d2557524f44a6f21bf8474a185d675a1baadcced1f5cdc8,2025-08-02 11:12:27.850340+00:00,hu,boon.hu,boon.hu,2017-12-20,"Nagyobb magtömeg, kisebb elterjedés",http://www.boon.hu/nagyobb-magtomeg-kisebb-elterjedes-magyar-kutatok-tisztaztak-a-novenyi-terjedesbiologia-egyik-vitatott-kerdeset/3716201
9bd6fcc2097ee5ae97550a01af6830cc2259b9aa4c145331d7a0d44b0eced6dc,2025-08-02 01:47:13.727758+00:00,hu,24.hu,24.hu,2017-12-29,Elkezdhetnénk manipulálni a Föld légkörét,https://24.hu/tudomany/2017/12/29/elkezdhetnenk-manipulalni-a-fold-legkoret/
58e6fef740028c4c5629c3ee6872384501dde8fd090ebeddd28c229183463245,2025-07-31 13:48:55.254931+00:00,hu,vg.hu,vg.hu,2018-01-25,A légszennyezés fenyegeti leginkább a közegészségügyet,https://www.vg.hu/kozelet/a-legszennyezes-fenyegeti-leginkabb-a-kozegeszsegugyet-763511
dde049e83cb01c0299aa3fe9526204ce8f2f3a427907194751c35b9453d5d3c8,2025-07-31 13:48:32.471573+00:00,hu,nepszava.hu,nepszava.hu,2018-01-25,Ez veszélyezteti leginkább az egészségünket,http://nepszava.hu/cikk/1151160-ez-veszelyezteti-leginkabb-az-egeszsegunket/
c8178a5dfc924f66af981da191b05f6649089a2cbc9e2eee20a9982d95667074,2025-07-31 13:43:19.800696+00:00,hu,szon.hu,szon.hu,2018-01-25,A légszennyezés jelenti a legnagyobb környezeti veszélyt az emberek egészségére,http://www.szon.hu/davos-a-legszennyezes-jelenti-a-legnagyobb-kornyezeti-veszelyt-az-emberek-egeszsegere/3747021
211645c68cea1211791fc5b156edad2b3efab69fe1a528071f90045845cd18c9,2025-07-31 13:42:14.887742+00:00,hu,haon.hu,haon.hu,2018-01-25,A légszennyezés jelenti a legnagyobb környezeti veszélyt az emberek egészségére,http://www.haon.hu/davos-a-legszennyezes-jelenti-a-legnagyobb-kornyezeti-veszelyt-az-emberek-egeszsegere/3747021
dead4b5d0713f8c4531b19da927584487b77d0db710adf64c78582fe403d92a2,2025-07-31 13:42:05.554515+00:00,hu,boon.hu,boon.hu,2018-01-25,A légszennyezés jelenti a legnagyobb környezeti veszélyt az emberek egészségére,http://www.boon.hu/davos-a-legszennyezes-jelenti-a-legnagyobb-kornyezeti-veszelyt-az-emberek-egeszsegere/3747021
6f897eef872923f35c032a92c1123e13996d4d2a16cf162956c9ea42bacea03f,2025-07-29 04:01:14.241588+00:00,hu,24.hu,24.hu,2018-03-09,"Semjén Zsolt, a puskás ember",https://24.hu/poszt-itt/2018/03/09/semjen-zsolt-a-puskas-ember/
e89638d2cec62414855342a686faabdd21f09e68934f35ce6994e0bfdf3a41f5,2025-07-28 12:40:52.286452+00:00,hu,24.hu,24.hu,2018-03-21,"Helló, nem a vadászok tehetnek Semjén Zsoltról!",https://24.hu/poszt-itt/2018/03/21/allatvedok-vadaszat-semjen-gyuloletbeszed/
42da30696a2f5e4d81d072e939a6d88e2287e75ca0c7957c99d48a3155a16845,2025-07-28 09:48:18.997567+00:00,hu,vg.hu,vg.hu,2018-03-23,"Víz: egyéni jog, közös kihívás",https://www.vg.hu/velemeny/viz-egyeni-jog-kozos-kihivas-2-839115
8f426803148f8b9f60c4fac9f69972377bda61d41d2f43053d5a92a12a4e3e7c,2025-07-28 08:06:44.850729+00:00,hu,szon.hu,szon.hu,2018-03-25,"Sydney, Moszkva és Párizs után az amerikai kontinensen is kihunytak a fények",http://www.szon.hu/a-fold-oraja-sydney-moszkva-es-parizs-utan-az-amerikai-kontinensen-is-kihunytak-a-fenyek/3806936
f2415a9292829f682e2f9fbcb8621ce64f018719cd17ac6cf6f5357e90181043,2025-07-28 08:06:43.490351+00:00,hu,haon.hu,haon.hu,2018-03-25,"Sydney, Moszkva és Párizs után az amerikai kontinensen is kihunytak a fények",http://www.haon.hu/a-fold-oraja-sydney-moszkva-es-parizs-utan-az-amerikai-kontinensen-is-kihunytak-a-fenyek/3806936
05e59b13136ab88597b92e12014a0a7a716390b7390a44916e94d14cd5d28efe,2025-07-28 08:06:21.519302+00:00,hu,boon.hu,boon.hu,2018-03-25,"Sydney, Moszkva és Párizs után az amerikai kontinensen is kihunytak a fények",http://www.boon.hu/a-fold-oraja-sydney-moszkva-es-parizs-utan-az-amerikai-kontinensen-is-kihunytak-a-fenyek/3806936
a111d9317d36e59bd5b429580b7437ccb0d564a3b4acfde65fa6b37cd5a75150,2025-07-28 08:03:18.651166+00:00,hu,blikk.hu,blikk.hu,2018-03-25,Elsötétült Amerika is: így jelzik a veszélyt,http://www.blikk.hu/aktualis/vilag-titkai/a-fold-oraja-sydney-moszkva-parizs-amerika/w9nb4py
f6de905ae3070f3d3b40dcc68fe40a9366ac64b471139bd40c5df51edc141ad9,2025-07-28 08:02:40.644317+00:00,hu,nepszava.hu,nepszava.hu,2018-03-25,A Föld órája,http://nepszava.hu/cikk/1156038-a-fold-oraja---kihunytak-a-fenyek/
5e993ab78a053aab717ac50e11b18801bf543e9109966538419dabfa60b3b82a,2025-07-27 14:25:25.608462+00:00,hu,haon.hu,haon.hu,2018-04-12,Egyetemi tanácskozás a vizes élőhelyek védelmében,http://www.haon.hu/egyetemi-tanacskozas-a-vizes-elohelyek-vedelmeben/3826645
0f3cc22cf4cb803bac6346a1dfdaeaf0c0cdf95528d8b67fa04c44756c34126a,2025-07-27 14:25:04.045528+00:00,hu,szon.hu,szon.hu,2018-04-12,Egyetemi tanácskozás a vizes élőhelyek védelmében,http://www.szon.hu/egyetemi-tanacskozas-a-vizes-elohelyek-vedelmeben/3826645
eedd8302f57fa157dba869e998d266f990a9e6b2d5c1512472a16a1319e5604f,2025-07-27 14:24:33.122433+00:00,hu,boon.hu,boon.hu,2018-04-12,Egyetemi tanácskozás a vizes élőhelyek védelmében,http://www.boon.hu/egyetemi-tanacskozas-a-vizes-elohelyek-vedelmeben/3826645
c3a13c1bbaff277ed3310773ff7c78cccb75cb9511c90f74bc3962f548defda4,2025-07-27 04:51:10.934682+00:00,hu,kisalfold.hu,kisalfold.hu,2018-04-27,ĂriĂĄskĂ­gyĂłval avattĂĄk fel a krokodilvadĂĄsz Steve Irwin hollywoodi csillagĂĄt,http://www.kisalfold.hu/szorakozas/oriaskigyoval_avattak_fel_a_krokodilvadasz_steve_irwin_hollywoodi_csillagat/2558306/?utm_source=rssfeed
c812988d263e1912ac76c4af736403c870585240cb83d7d3d9864f8f829bbb44,2025-07-27 04:50:05.852113+00:00,hu,delmagyar.hu,delmagyar.hu,2018-04-27,ĂriĂĄskĂ­gyĂłval avattĂĄk fel a krokodilvadĂĄsz Steve Irwin hollywoodi csillagĂĄt,http://www.delmagyar.hu/szorakozas/oriaskigyoval_avattak_fel_a_krokodilvadasz_steve_irwin_hollywoodi_csillagat/2558306/?utm_source=rssfeed
c86752203b79c2b2f237bfdc5a549ce46e2d0ef321e388a4148bc668a1dc90e7,2025-07-27 04:45:51.619973+00:00,hu,hvg.hu,hvg.hu,2018-04-27,Óriáskígyó tekergett Steve Irwin csillaga körül,http://hvg.hu/elet/20180427_Oriaskigyo_tekergett_Steve_Irwin_csillaga_korul#rss
7c4f75bcf93e28969495ff967fe178b8bc175a3c986c382635b10a90749624ca,2025-07-27 04:21:15.242396+00:00,hu,vg.hu,vg.hu,2018-04-27,Kígyóval avatták fel Steve Irwin hollywoodi csillagát,https://www.vg.hu/mozaik/kigyoval-avattak-fel-steve-irwin-hollywoodi-csillagat-881535
eb1fd23b419b6d637055cd8d7ba39039c2b3d278132ffedab39bd789d8b6c911,2025-07-27 02:37:46.521998+00:00,hu,duol.hu,duol.hu,2018-05-01,A Föld napja a környezettudatosságra és az odafigyelésre hívja fel a figyelmünket,https://www.duol.hu/kozelet/helyi-kozelet/fold-kornyezetszennyezes-vedelem-szemet-muanyag-klimavaltozas-2253043/
44b5056cac1632a04c96240128620f6271f5bf7c5247986522523c01272af5cd,2025-07-26 19:28:56.272636+00:00,hu,index.hu,index.hu,2025-07-26,A fák több mint felét már kiírtottuk a Földön,https://index.hu/tudomany/til/2025/07/26/villamok-villamcsapas-fak-pusztulasa-fak-szama-globalisan-erdoirtas-csillagok-szama-tejutrendszerben/
2d8fe6340eb9c3f6f46f97bcfef627580cbec6c7bba7ddd88ce97a294ddbab6d,2025-07-25 15:25:47.872693+00:00,hu,nepszava.hu,nepszava.hu,2018-06-01,Csökkentené az EB Magyarország uniós agrártámogatását,http://nepszava.hu/cikk/1161190-csokkentene-az-eb-magyarorszag-unios-agrartamogatasat/
b73a032376c10f77af829edafc65b87d74ff36f53c8adfe9f5713b137f90336a,2025-07-25 04:45:25.081094+00:00,hu,24.hu,24.hu,2018-06-09,"Sorra halnak ki a fajok a Földön, mégis optimistának kéne lennünk",https://24.hu/kultura/2018/06/09/sorra-halnak-ki-a-fajok-a-foldon-megis-optimistanak-kene-lennunk/
4241de04e955820be65589ff9ba76b701d6b8bdbeb0e07d8f28957b6dd56bcc5,2025-07-24 16:20:19.278636+00:00,hu,vg.hu,vg.hu,2018-06-19,Zöldebb és jobb városok,https://www.vg.hu/velemeny/zoldebb-es-jobb-varosok-2-962898/
41ac516c711199ccbe0a46791b89343dee7acc8a477c10c362605972ccc64a9f,2025-07-24 03:38:13.828816+00:00,hu,nepszava.hu,nepszava.hu,2018-06-28,Gazdátlan környezetvédelem,http://nepszava.hu/cikk/1163375-gazdatlan-kornyezetvedelem---elmarasztalo-oecd-jelentes/
7dcd48befd2cab5e4dc84ecc69743be54178414ead71d631d2c7c09cbc77d338,2025-07-24 03:07:21.273078+00:00,hu,boon.hu,boon.hu,2018-06-29,Állatok életterét vághatja ketté az épülő autópálya,http://www.boon.hu/allatok-eletteret-vaghatja-kette-az-epulo-autopalya/3906351
08e8aa7a44ce7d601b668c4ba20ce7b774a42f976a2c37e1d6b4ef93b72f6cc7,2025-07-24 03:07:08.287638+00:00,hu,szon.hu,szon.hu,2018-06-29,Állatok életterét vághatja ketté az épülő autópálya,http://www.szon.hu/allatok-eletteret-vaghatja-kette-az-epulo-autopalya/3906351
a653762e226d07e40af602f051a5697899da34f9f9225850471c779c82259eb5,2025-07-19 11:33:17.285165+00:00,hu,index.hu,index.hu,2018-10-09,Vessünk véget a gazdasági növekedésnek?,https://index.hu/gazdasag/2018/10/09/ensz_klimavaltozas_fenntarthatosag_novekedes_innovacio_fold/
5a9dd86f4c83f35733c1717d89e6b65b721a69fe80638036ec92c504f26f94c1,2025-07-19 09:13:13.340503+00:00,hu,haon.hu,haon.hu,2018-10-11,AM-államtitkár: az uniós agrárkifizetések végrehajtási szabályai bonyolultabbá válhatnak,http://www.haon.hu/lizingkonferencia-am-allamtitkar-az-unios-agrarkifizetesek-vegrehajtasi-szabalyai-bonyolultabba-valhatnak/4014793
6f2f2f7a22d92b4539440039753b00056f9807cb0066ea3323b3a25d63635620,2025-07-19 09:12:46.436845+00:00,hu,szon.hu,szon.hu,2018-10-11,AM-államtitkár: az uniós agrárkifizetések végrehajtási szabályai bonyolultabbá válhatnak,http://www.szon.hu/lizingkonferencia-am-allamtitkar-az-unios-agrarkifizetesek-vegrehajtasi-szabalyai-bonyolultabba-valhatnak/4014793
715bc447ba0fc85a979dd336df9457d51dc199c20c9027ebe886f9943f7235c7,2025-07-19 09:12:38.349043+00:00,hu,boon.hu,boon.hu,2018-10-11,AM-államtitkár: az uniós agrárkifizetések végrehajtási szabályai bonyolultabbá válhatnak,http://www.boon.hu/lizingkonferencia-am-allamtitkar-az-unios-agrarkifizetesek-vegrehajtasi-szabalyai-bonyolultabba-valhatnak/4014793
9036ed77efb3e7350e0493ad0d526d604ac125089be5f2df043851f472a3cc92,2025-07-19 08:24:10.657538+00:00,hu,duol.hu,duol.hu,2018-10-11,Hatalmas sikert ért el a magyar Slow Food Torinóban,https://www.duol.hu/eletstilus/hatalmas-sikert-ert-el-a-magyar-slow-food-torinoban-2498180/
7d6e14cf42df4762840dd30c146f03af38d3dfd9556acf349d7199844d9b9628,2025-07-18 14:11:33.386670+00:00,hu,24.hu,24.hu,2018-10-25,Katicainvázió: az embert is megkóstolhatják,https://24.hu/tudomany/2018/10/25/katicainvazio-az-embert-is-megkostolhatjak/
c69e333f833c53b3204d3e4a2fbdfa19e6e37054bf978471022df4c29cbea2ce,2025-07-18 09:43:01.666090+00:00,hu,hvg.hu,hvg.hu,2018-10-30,"Nem kérdés, hogy történelmi időket élünk – az a kérdés, lesz-e még folytatás",http://hvg.hu/tudomany/20181030_wwf_elo_bolygo_jelentes_2018_termeszetvedelem#rss
1423ae2f6b60ccfc98f58209ba1eb6947b9dafaca1c6371a0f79107bee148c1d,2025-07-18 06:11:11.410647+00:00,hu,24.hu,24.hu,2018-11-03,"ENSZ: Kihalhat az emberiség, ha ezt a fenyegetést semmibe veszi",https://24.hu/kulfold/2018/11/03/ensz-az-emberiseg-is-kihalhat-ha-ezt-a-fenyegetest-semmibe-veszi/
6e466062adb2fd2c5b9cc564192f70578623747c1c4e8e171f1346d05af6b0af,2025-07-17 23:33:18.949519+00:00,hu,nepszava.hu,nepszava.hu,2018-11-16,A talaj nem korlátlanul rendelkezésre álló erőforrás,https://nepszava.hu/3015362_a-talaj-nem-korlatlanul-rendelkezesre-allo-eroforras
62b4dc657e26d62533b180d15a5a320e98c704a8c63d4b72c0c18a7529ea0614,2025-07-17 21:57:07.783528+00:00,hu,infostart.hu,infostart.hu,2018-11-19,"Úgy bánik talajával Európa, mintha lábtörlő lenne",https://infostart.hu/belfold/2018/11/19/ugy-banik-talajaval-europa-mintha-labtorlo-lenne
119de10a52ef273e810e997754914ab8090a307cd59f9793dc69d52cdeb7aa36,2025-07-17 18:39:23.664277+00:00,hu,index.hu,index.hu,2018-11-27,A biodiverzitás csökkenése komoly veszélyt jelent ránk nézve,https://index.hu/techtud/2018/11/27/a_biodverzitas_csokkenese_komoly_veszelyt_jelent_rank_nezve/
4ef7bcb367c40328e8d34eda04a02a36d11329cdff53eb75383c26faa65c2787,2025-07-17 17:18:09.796097+00:00,hu,hirtv.hu,hirtv.hu,2025-07-17,"Brüsszel sokkoló terve: Az uniós gazdák pénzét Ukrajnára költenék, elképesztő hatalomátvétel készül",https://hirtv.hu/hirtvkulfold/brusszel-sokkolo-terve-az-unios-gazdak-penzet-ukrajnara-koltenek-elkepeszto-hatalomatvetel-keszul-2611703?utm_source=feed&utm_medium=rss
dc48c364823c16c4b8940d165d27590991ac193b61ba18c001dc400069e14c28,2025-07-17 11:35:37.487378+00:00,hu,magyarnemzet.hu,magyarnemzet.hu,2025-07-17,Elképesztő mértékben csökkentené az agrártámogatásokat az unió költségvetése,https://magyarnemzet.hu/gazdasag/2025/07/hatterbe-szoritana-az-agrariumot-az-unio-koltsegvetese?utm_source=hirstart&utm_medium=referral&utm_campaign=hiraggregator
6940ff931d1a6b57409a46d0ee5356f22508c5913cb73a291576f7e83ce3042a,2025-07-17 11:22:35.219959+00:00,hu,vg.hu,vg.hu,2025-07-17,"EU-költségvetés: Ukrajna javára vennék el a pénzt az uniós gazdáktól, elképesztő hatalomkoncentrációra készül Brüsszel",https://www.vg.hu/nemzetkozi-gazdasag/2025/07/eu-koltsegvetes-ukrajna-gazdak?utm_source=hirstart&utm_medium=referral&utm_campaign=hiraggregator
900adf0880c3b058fe5c6536f8263a8fe935480dfab18f1161ddd150a185be17,2025-07-17 08:38:06.650867+00:00,hu,hvg.hu,hvg.hu,2018-12-02,Arat a csendes gyilkos: a dinoszauruszok óta nem látott ütemben pusztulnak a Földön az állatok,http://hvg.hu/tudomany/20181202_ensz_biodiverzitas_kihalasi_valsag#rss
11d5b6b39c0f9724f30e2f4307b557b8b078ab049ce4cf4938b7597f0085f96f,2025-07-17 05:44:26.215023+00:00,hu,nepszava.hu,nepszava.hu,2018-12-03,"Nagy a baj: kiirthatja az élővilágot a ""csendes gyilkos""",https://nepszava.hu/3017216_nagy-a-baj-kiirthatja-az-elovilagot-a-csendes-gyilkos
56bb2994387268400275302f384f9cc480c4b34f1d2d48b9083050fb4b364f61,2025-07-17 02:37:04.708620+00:00,hu,magyaridok.hu,magyaridok.hu,2018-12-04,Újabb UNESCO-elismerést kapott a Pilisi Bioszféra-rezervátum,https://magyaridok.hu/belfold/ujabb-unesco-elismerest-kapott-a-pilisi-bioszfera-rezervatum-3723173/
43fb8d0174d41a78b6efd1e79b561cc865fc1b80e9ff4ed399142731be97269d,2025-07-16 23:26:20.747083+00:00,hu,24.hu,24.hu,2018-12-05,Tartályokba zárják a Balatont,https://24.hu/belfold/2018/12/05/balaton-ivoviz-viz-klimavaltozas/
585b875d564902c5eba6ed7f6c10f9530c8e2d37b38f854ced165955b18bbef4,2025-07-16 22:36:46.653006+00:00,hu,infostart.hu,infostart.hu,2025-07-16,Ursula Von der Leyen: 2000 milliárd eurós költségvetést javasol az Európai Bizottság a következő időszakra,https://infostart.hu/gazdasag/2025/07/16/ursula-von-der-leyen-2000-milliard-euros-koltsegvetest-javasol-az-europai-bizottsag-a-kovetkezo-idoszakra
8984f8e51ff971abdbb03e8abd922d8588a409ccd58761cf886295d923cff918,2025-07-16 21:33:46.916000+00:00,hu,magyarkurir.hu,magyarkurir.hu,2025-07-16,"Jelkép, amire hat a klímaváltozás – Megújul a Pannonhalmi Főapátság arborétuma",https://www.magyarkurir.hu/hirek/jelkep-amire-hat-klimavaltozas-megujul-pannonhalmi-foapatsag-arboretuma
fcd00883a7ffabfa747c87754c1c7b4e411cd885bf0e0f855cfeb5998653370f,2025-07-16 18:28:46.512630+00:00,hu,hirtv.hu,hirtv.hu,2018-12-07,"Áder: A klímaváltozás nemcsak veszély, lehetőség is",http://hirtv.hu/ahirtvhirei/ader-a-klimavaltozas-nemcsak-veszely-lehetoseg-is-2472957?utm_source=feed&utm_medium=rss
4cc807d8d57aa0971b319cbc47f2fb21060d8e60ed15da1bbe4496d03f7aa382,2025-07-16 14:41:57.106477+00:00,hu,infostart.hu,infostart.hu,2018-12-09,"Van, ami a felmelegedésnél is pusztítóbb",https://infostart.hu/belfold/2018/12/09/van-ami-a-felmelegedesnel-is-pusztitobb
5ace8f12b75011a7a4e0655478b6336dc29f570c8db2dcf83d103c93c03f8716,2025-07-16 03:49:40.856996+00:00,hu,index.hu,index.hu,2018-12-19,Komoly károkat okozhat a Természettudományi Múzeum Debrecenbe költöztetése,https://index.hu/techtud/2018/12/19/mttm_termeszettudomanyi_muzeum_koltozes_debrecen/
ffa4304341e330d957658f4362b9e077596fc8f31cd6d33cc4f200a3d81eaa57,2025-07-16 03:12:41.044637+00:00,hu,nepszava.hu,nepszava.hu,2018-12-20,Így etessük a madarakat hóban-fagyban,https://nepszava.hu/3018825_igy-etessuk-a-madarakat-hoban-fagyban
36acf363bcbc128d4d29fe35137d6ca5c10c0aa591869d0385c276f333437ec2,2025-07-16 01:51:41.437828+00:00,hu,nepszava.hu,nepszava.hu,2018-12-21,Nem muszáj minden ajándékot papírba csomagolni,https://nepszava.hu/3019428_nem-muszaj-minden-ajandekot-papirba-csomagolni
fd53cff71ccac3907903dd4bb330fd0e79574e932ca321c0e3734c397f38e8cf,2025-07-16 01:47:05.993162+00:00,hu,atv.hu,atv.hu,2018-12-22,Elképesztő: mintegy 95 kilogramm papírhulladékot termelünk fejenként,http://www.atv.hu/belfold/20181222-elkepeszto-mintegy-95-kilogramm-papirhulladekot-termelunk-fejenkent
58756d3fda4664c91c30154a4b2eae480e4205f2085abfdd7bc08270fc14093e,2025-07-16 01:35:10.263880+00:00,hu,index.hu,index.hu,2018-12-22,Még nem késő a környezetbarát ajándékcsomagolás mellett dönteni!,https://index.hu/mindekozben/poszt/2018/12/22/meg_nem_keso_a_kornyezetbarat_ajandekcsomagolas_mellett_donteni/
dd93593522ec9dc3477b37aa9809765243de85d40deaa8371a446bb2091c61e8,2025-07-16 00:50:43.595390+00:00,hu,index.hu,index.hu,2018-12-23,"1,5 millió francia követeli, hogy lépjen fel az állam a klímaváltozással szemben",https://index.hu/techtud/2018/12/23/1_5_millio_francia_koveteli_hogy_lepjen_fel_az_allam_a_klimavaltozassal_szemben/
1640fe8ba383318621b4ec9ec3427bd696ae9bed8f46ef68c881b5eba827fbe9,2025-07-16 00:47:11.548301+00:00,hu,demokrata.hu,demokrata.hu,2018-12-23,Másfél millió aláírás a francia állam beperléséért,http://www.demokrata.hu/hir/kulfold/masfel-millio-alairas-francia-allam-beperleseert
67b6b9827a021991173614f94f3707320d60e2856d19c4ae048ae65e618aaaf1,2025-07-16 00:41:43.354422+00:00,hu,magyaridok.hu,magyaridok.hu,2018-12-27,"Rengetegen szeretnék, ha a francia állam be lenne perelve tétlenségéért",https://magyaridok.hu/kulfold/rengetegen-szeretnek-ha-a-francia-allam-be-lenne-perelve-tetlensegeert-3795551/
632859482723eabaf4ac25309997faa11072ef299725d49866367c5e77576da9,2025-07-16 00:40:51.576680+00:00,hu,vg.hu,vg.hu,2018-12-26,Több mint másfél millióan perelnék be a francia államot,https://www.vg.hu/kozelet/kozeleti-hirek/tobb-mint-masfel-million-perelnek-be-a-francia-allamot-1267741/
0117e382f00d45959c4d32af66c030cb9cbdd56593e4579007903485e4280979,2025-07-15 22:43:31.974959+00:00,hu,napi.hu,napi.hu,2018-12-26,Gyomron üti a gazdagokat és Magyarországot a klímaváltozás,https://www.napi.hu/magyar_gazdasag/gyomron_uti_a_gazdagokat_es_magyarorszagot_a_klimavaltozas.675779.html
a13ddae9bc049d853affce6602615f1e80b029e5b5a177c63d017c47662ca598,2025-07-15 22:35:37.095874+00:00,hu,index.hu,index.hu,2018-12-27,Miért ölik a bálnákat a japánok?,https://index.hu/gazdasag/2018/12/27/japan_balna_balnavadaszat_miert_olik_a_balnakat/
33aa4372094da25673e35fc94f4ece36a4965ba2e759471318a27c07ecbdeb72,2025-07-15 21:28:50.579239+00:00,hu,index.hu,index.hu,2018-12-28,"Kiolvadó higany és kínai időjárásmanipuláció: 15 környezeti tényező, ami érzékenyen érintheti a Földet",https://index.hu/techtud/2018/12/28/varatlan_hatasok_fogjak_befolyasolni_az_elovilag_allapotat_2019-ben/
3777c56795b5471a2810a7fa1e0f03b273223c16f20ff4b8573ef61d12335fd1,2025-07-15 20:47:58.651662+00:00,hu,index.hu,index.hu,2018-12-29,"Listák, amik megmutatják Magyarország helyzetét a világban",https://index.hu/gazdasag/2018/12/29/magyarorszag_listakon_2018/
c4e7c63edf4daa7a2fd3a95d6627d4fde183a444cd8b099db5c54159a872f354,2025-07-15 15:34:35.138308+00:00,hu,index.hu,index.hu,2025-07-15,Újabb állomáshoz érkezett az MBH Bank Fenntartható Jövő Bankja programja,https://index.hu/gazdasag/2025/07/15/mbh-bank-program-kozlemeny/
0c7eac07472d2143006801e045be71f16c59fc60cef9cb2f8e4e0e480992ffee,2025-07-12 20:22:19.586454+00:00,hu,atv.hu,atv.hu,2025-07-12,Debrecen a TOP3-ban az Európa Zöld Fővárosa címért zajló versenyben,https://www.atv.hu/belfold/20250712/debrecen-top-lista-zold-fovaros/
6c48b577fd62dad6cdb92f5ef79937777afe62a9a82437c4dba6168079172c64,2025-07-12 06:11:13.783997+00:00,hu,infostart.hu,infostart.hu,2019-04-09,Nagy István: nélkülözhetetlen a kisgazdaságok támogatása,https://infostart.hu/gazdasag/2019/04/09/nagy-istvan-nelkulozhetetlen-a-kisgazdasagok-tamogatasa
6a15959b47639c4b27c367f5db2ea7e8f917bc00f079ddc0da749630d93c3001,2025-07-12 03:32:40.803636+00:00,hu,444.hu,444.hu,2019-04-10,"Figyelem: tökre nem hülyék a madarak, sőt!",https://444.hu/2019/04/10/figyelem-tokre-nem-hulyek-a-madarak-sot
eb60e7b9771f8a38f843180642d7154f7704e5670b65caa3e26de01f6ad54dd8,2025-07-11 21:38:54.830529+00:00,hu,infostart.hu,infostart.hu,2025-07-11,"Lehet, hogy Debrecen lesz Európa Zöld Fővárosa",https://infostart.hu/belfold/2025/07/11/lehet-hogy-debrecen-lesz-europa-zold-fovarosa
a9dcbd7eda4edc91ed2e06ea71ad6630ff90f515e608803a2925bf833d901d50,2025-07-11 18:25:31.188380+00:00,hu,origo.hu,origo.hu,2025-07-11,Óriási siker! Európa élére tört Debrecen,https://www.origo.hu/itthon/2025/07/europa-zold-fovarosa-debrecen-varos
f4e466834440d4df244d114f77815a63fcf6f2b7cccac76081fe9d4d3aa268f8,2025-07-11 17:35:16.630758+00:00,hu,index.hu,index.hu,2025-07-11,Egy magyar városé lehet Európa zöld trónja és a hatszázezer eurós jutalom,https://index.hu/belfold/2025/07/11/debrecen-europai-bizottsag-europa-zold-varosa-verseny/
ae373f2e4bdf228c04a1bca9a3d906455826826d47f64f25bae69117a9329d16,2025-07-11 14:24:14.554969+00:00,hu,hvg.hu,hvg.hu,2025-07-11,"Azt hinnénk, hogy vidéken mindenhol gazdagabb az élővilág, de néha a városok rávernek a falvakra",https://hvg.hu/gazdasag/20250711_eloszor-vizsgaltak-a-falvak-okologiajat-biodiverzitas-lenne-mit-javitani-batary-peter-ecolres-okologiai-kutatokozpont
85926390e48621cedc42cb051598142b4e017ccf011e06feeaa5a64c4d529eb0,2025-07-11 13:37:49.272565+00:00,hu,nepszava.hu,nepszava.hu,2019-04-16,Lemaradásban a kormány klímaterve,https://nepszava.hu/3032724_lemaradasban-a-kormany-klimaterve
3f88f1f06b925e3494f81e0008551df3524ecb568f1378a45ab05fa7be8b05f6,2025-07-11 13:37:48.949037+00:00,hu,nepszava.hu,nepszava.hu,2019-04-16,Nagy Zöld Fal: az elsivatagosodás védőgátja,https://nepszava.hu/3031998_nagy-zold-fal-az-elsivatagosodas-vedogatja
2da08e41ea874d9123e1d57703d61c6ca44b46022b525738269fe61338394094,2025-07-11 08:26:06.533196+00:00,hu,444.hu,444.hu,2019-04-19,"Nem az a természetfilm, amit megérdemlünk, hanem amire szükségünk van",https://444.hu/2019/04/19/nem-az-a-termeszetfilm-amit-megerdemlunk-hanem-amire-szuksegunk-van
89370a0325fb0e576770c549677e208312c11c0413ff7a7a8225f67bde3672f0,2025-07-11 08:00:46.313808+00:00,hu,bama.hu,bama.hu,2019-04-19,Mérföldkőhöz érkezett a hazai biogazdálkodás,https://www.bama.hu/gazdasag/hazai-gazdasag/merfoldkohoz-erkezett-a-hazai-biogazdalkodas-1790833/
c105cd19b8e18bb19127d52f983a07edc3a72204a594d5c0724b3dfd7b8630a6,2025-07-11 08:00:45.460000+00:00,hu,vaol.hu,vaol.hu,2019-04-19,Mérföldkőhöz érkezett a hazai biogazdálkodás,https://www.vaol.hu/gazdasag/hazai-gazdasag/merfoldkohoz-erkezett-a-hazai-biogazdalkodas-2959297/
9a6c7e0443c08e384581551392d07608aa701d27a3867ef23badc4c761fa8f7d,2025-07-11 08:00:39.014028+00:00,hu,feol.hu,feol.hu,2019-04-19,Mérföldkőhöz érkezett a hazai biogazdálkodás,https://www.feol.hu/gazdasag/hazai-gazdasag/merfoldkohoz-erkezett-a-hazai-biogazdalkodas-2984062/
fc957f53244d4ddd7c92d836900035416811586bac78d25013f9e016532351f0,2025-07-11 08:00:35.843523+00:00,hu,teol.hu,teol.hu,2019-04-19,Mérföldkőhöz érkezett a hazai biogazdálkodás,https://www.teol.hu/gazdasag/hazai-gazdasag/merfoldkohoz-erkezett-a-hazai-biogazdalkodas-1602556/
420a4dcd5928aaa0861c6d758efca79563a3e73ff32d8579d6c5c3e419572bc9,2025-07-11 08:00:35.355974+00:00,hu,heol.hu,heol.hu,2019-04-19,Mérföldkőhöz érkezett a hazai biogazdálkodás,https://www.heol.hu/gazdasag/hazai-gazdasag/merfoldkohoz-erkezett-a-hazai-biogazdalkodas-1657249/
c52b4dc8779a9434a58f364b9b3bde1a3244e07c6c3bf6f56ab8b34ba9db99fe,2025-07-11 08:00:34.322627+00:00,hu,sonline.hu,sonline.hu,2019-04-19,Mérföldkőhöz érkezett a hazai biogazdálkodás,https://www.sonline.hu/gazdasag/hazai-gazdasag/merfoldkohoz-erkezett-a-hazai-biogazdalkodas-1530757/
7d7643af35606c519344e1f02a8ffbf966b227c13a26f5a5b3a43a3a8d8c063e,2025-07-11 08:00:33.917757+00:00,hu,veol.hu,veol.hu,2019-04-19,Mérföldkőhöz érkezett a hazai biogazdálkodás,https://www.veol.hu/gazdasag/hazai-gazdasag/merfoldkohoz-erkezett-a-hazai-biogazdalkodas-2816428/
5d02e129e4cd5435e6a8589264afc9172d390a93b33328836d7d5490463e80d0,2025-07-11 08:00:33.799987+00:00,hu,duol.hu,duol.hu,2019-04-19,Mérföldkőhöz érkezett a hazai biogazdálkodás,https://www.duol.hu/gazdasag/hazai-gazdasag/merfoldkohoz-erkezett-a-hazai-biogazdalkodas-2774854/
93a1424ac6f29dfc08c237fc12c52b4d9174117d8e021598bf264a2eb2a4bd4c,2025-07-10 23:25:41.160335+00:00,hu,index.hu,index.hu,2019-04-27,A földi élet sokféleségének kulcsa a pásztorok kezében van,https://index.hu/techtud/2019/04/27/a_biodiverzitas_kulcsa_a_pasztorok_kezeben_van/
0d0d5d7b9f261b486672cd9b34a7aaa6d41f2597c220f531053bf237f38fd5a4,2025-07-10 21:36:56.774371+00:00,hu,nepszava.hu,nepszava.hu,2019-04-29,"Paprika, sercli és sör a Gourmet Fesztiválon",https://nepszava.hu/3034204_paprika-sercli-es-sor-a-gourmet-fesztivalon
7390506cc5da86660d843b795329a20557f8e4599d1e89c5da7271493901e50a,2025-07-10 21:35:34.234975+00:00,hu,index.hu,index.hu,2019-04-29,"Ha pusztítjuk a talajt, felgyorsítjuk a klímaváltozást",https://index.hu/techtud/2019/04/29/talaj_karositasa_szen_klimavaltozas/
4dcd40ac79ab818adc923ac00082fb3d7363471359b23991bbf36374244ead0d,2025-07-10 21:34:02.315767+00:00,hu,kisalfold.hu,kisalfold.hu,2019-04-29,GyorsĂ­thatja a klĂ­mavĂĄltozĂĄst a talaj kĂĄrosĂ­tĂĄsa,https://www.kisalfold.hu/tudomany/gyorsithatja_a_klimavaltozast_a_talaj_karositasa/2595716/?utm_source=rssfeed
484fa988b79fa6d007cbcb1316d25540a8839e27cc34b543b61010ff29f16dc6,2025-07-10 21:33:44.506748+00:00,hu,delmagyar.hu,delmagyar.hu,2019-04-29,GyorsĂ­thatja a klĂ­mavĂĄltozĂĄst a talaj kĂĄrosĂ­tĂĄsa,https://www.delmagyar.hu/vilagvevo/gyorsithatja_a_klimavaltozast_a_talaj_karositasa/2595716/?utm_source=rssfeed
62423469fb6863adc1bb2486de2b3f463f373d5e03f379d7e503bcecb6b6b16b,2025-07-10 21:32:28.273509+00:00,hu,napi.hu,napi.hu,2019-04-29,Újabb figyelmeztetés: a talaj károsítása gyorsíthatja a klímaváltozást,https://www.napi.hu/nemzetkozi_gazdasag/ujabb_figyelmeztetes_a_talaj_karositasa_gyorsithatja_a_klimavaltozast.683269.html
97567ebcefb9b503dcb377dc3ed9d508821dbce29c94bef756e8ad443a5cb5bf,2025-07-10 21:20:23.337663+00:00,hu,magyarkurir.hu,magyarkurir.hu,2025-07-10,Krízisüzemmódban a rovarinvázió miatt – Látogatás a Pannonhalmi Főapátságban,https://www.magyarkurir.hu/hirek/krizisuzemmodban-rovarinvazio-miatt-latogatas-pannonhalmi-foapatsagban
5a33a1b828985994d96e5bc359d38a77b19129861888d28fa3adca30b3e1e55e,2025-07-10 19:48:20.746040+00:00,hu,nepszava.hu,nepszava.hu,2019-04-30,Már Moszkvában vannak a kölcsönpandák,https://nepszava.hu/3034306_mar-moszkvaban-vannak-a-kolcsonpandak
2231195e3b8033ff3174bf01ee869bfb5805ce989f809e4e80c7e183e7193c40,2025-07-10 19:48:20.130149+00:00,hu,nepszava.hu,nepszava.hu,2019-04-30,Megállíthatatlanná teheti a klímaváltozást a talaj további pusztítása,https://nepszava.hu/3034300_megallithatatlanna-teheti-a-klimavaltozast-a-talaj-tovabbi-pusztitasa
93479f93f8359e0f78529e95a315c69f6144136fe7e342393ef7a5504f3fc417,2025-07-10 03:34:43.508407+00:00,hu,bama.hu,bama.hu,2019-01-07,"Áder János: ne szalasszuk el az esélyt, hogy 2019 a fordulat éve lehessen",https://www.bama.hu/orszag-vilag/ader-janos-ne-szalasszuk-el-az-eselyt-hogy-2019-a-fordulat-eve-lehessen-1646143/
c09251ab33d235ce9987a3f473de36c5353662870237113a1848999ab81db135,2025-07-10 03:33:55.140825+00:00,hu,demokrata.hu,demokrata.hu,2019-01-07,2019 a fordulat éve lehet a klímaváltozás elleni harcban,http://www.demokrata.hu/hir/belfold/2019-fordulat-eve-lehet-klimavaltozas-elleni-harcban
635a3098df7e5e54021190cc6a81d5d9097a4eb849792acc627ba30ad8e455f3,2025-07-10 03:33:54.988236+00:00,hu,boon.hu,boon.hu,2019-01-07,"Áder: ne szalasszuk el az esélyt, hogy 2019 a fordulat éve lehessen a klímaváltozás elleni harcban",http://www.boon.hu/ader-ne-szalasszuk-el-az-eselyt-hogy-2019-a-fordulat-eve-lehessen-a-klimavaltozas-elleni-harcban/4100523
91f80958fb04e0c9b8ab7cafa1abca8b304f8710ccdc9aa9f7f665e11a975fb4,2025-07-10 03:33:04.405880+00:00,hu,teol.hu,teol.hu,2019-01-07,"Áder János: ne szalasszuk el az esélyt, hogy 2019 a fordulat éve lehessen",https://www.teol.hu/orszag-vilag/ader-janos-ne-szalasszuk-el-az-eselyt-hogy-2019-a-fordulat-eve-lehessen-1441801/
8a412bbf22349c394c938c6e9457b41efd4c314b0008506c86a5a3b7b10a53c8,2025-07-10 03:32:53.644098+00:00,hu,haon.hu,haon.hu,2019-01-07,"Áder: ne szalasszuk el az esélyt, hogy 2019 a fordulat éve lehessen a klímaváltozás elleni harcban",http://www.haon.hu/ader-ne-szalasszuk-el-az-eselyt-hogy-2019-a-fordulat-eve-lehessen-a-klimavaltozas-elleni-harcban/4100523
6bc8e51266af9d64f2fbcd9e871261fe5c520884a4ee94a5a2579a864c94831c,2025-07-10 03:32:52.875492+00:00,hu,heol.hu,heol.hu,2019-01-07,"Áder János: ne szalasszuk el az esélyt, hogy 2019 a fordulat éve lehessen",https://www.heol.hu/orszag-vilag/ader-janos-ne-szalasszuk-el-az-eselyt-hogy-2019-a-fordulat-eve-lehessen-1487503/
eff76cab71f3c8ac0f41acd9c39c5518514fe91d15bb015a62ca248e7bd0fce7,2025-07-10 03:32:21.687907+00:00,hu,hirtv.hu,hirtv.hu,2019-01-07,Áder: Ne szalasszuk el az esélyt,http://hirtv.hu/ahirtvhirei/ader-ne-szalasszuk-el-az-eselyt-2474636?utm_source=feed&utm_medium=rss
703b60eead3a349b5047cae6f6f89848fc67cb890f43c39856f5dc8429aa4bc4,2025-07-10 03:32:20.208880+00:00,hu,szon.hu,szon.hu,2019-01-07,"Áder: ne szalasszuk el az esélyt, hogy 2019 a fordulat éve lehessen a klímaváltozás elleni harcban",http://www.szon.hu/ader-ne-szalasszuk-el-az-eselyt-hogy-2019-a-fordulat-eve-lehessen-a-klimavaltozas-elleni-harcban/4100523
921d7543c6b096a1a40c6d147a430d1ffb56af973fe1745f5c7a111ba31d4796,2025-07-10 03:32:11.960572+00:00,hu,atv.hu,atv.hu,2019-01-07,"Áder: ne szalasszuk el az esélyt, hogy 2019 a fordulat éve lehessen",http://www.atv.hu/belfold/20190107-ader-ne-szalasszuk-el-az-eselyt-hogy-2019-a-fordulat-eve-lehessen
428619b1fb078e034b19093fc459623fd5dd454c86c76bf9b92ac2b5467832fc,2025-07-10 03:31:20.871829+00:00,hu,duol.hu,duol.hu,2019-01-07,"Áder János: ne szalasszuk el az esélyt, hogy 2019 a fordulat éve lehessen",https://www.duol.hu/orszag-vilag/ader-janos-ne-szalasszuk-el-az-eselyt-hogy-2019-a-fordulat-eve-lehessen-2627467/
d55b7dc4a50155d3e33c6e2f3419bfb1bc44dc70cc5b07ae535506d37cb210dd,2025-07-10 03:31:13.631439+00:00,hu,feol.hu,feol.hu,2019-01-07,"Áder János: ne szalasszuk el az esélyt, hogy 2019 a fordulat éve lehessen",https://www.feol.hu/orszag-vilag/ader-janos-ne-szalasszuk-el-az-eselyt-hogy-2019-a-fordulat-eve-lehessen-2772139/
2db0b41e569a5e76b4203c2f0c8cec130ec324cb65d1f1e57097af4d2e857efd,2025-07-10 03:27:03.992869+00:00,hu,infostart.hu,infostart.hu,2019-01-07,Áder János a klímaváltozásról: mázsás súlyú kérdések nehezednek ránk,https://infostart.hu/belfold/2019/01/07/ader-janos-a-klimavaltozasrol-mazsas-sulyu-kerdesek-nehezednek-rank
523198b50e0c8d1298131c9bb1ead36fcb527f57dbb903c1784a06c8af73343c,2025-07-10 02:59:00.805686+00:00,hu,veol.hu,veol.hu,2019-01-07,"Áder János: ne szalasszuk el az esélyt, hogy 2019 a fordulat éve lehessen",https://www.veol.hu/orszag-vilag/ader-janos-ne-szalasszuk-el-az-eselyt-hogy-2019-a-fordulat-eve-lehessen-2634766/
0623c1ef6e93558f62c9870795c0927b1dcd2e6ed848fd56ce9fce29e92563df,2025-07-09 23:26:51.777949+00:00,hu,vg.hu,vg.hu,2025-07-09,Az MBH Bank „Fenntartható Jövő Bankja” új reményt ad egy hortobágyi állatfajnak (X),https://www.vg.hu/hirdetes/2025/07/mbh-bank-fenntarthato-jovo-bankja-szekicser?utm_source=hirstart&utm_medium=referral&utm_campaign=hiraggregator
54a8bdbbd6c8b83a45cdb5fa1c6c82494468b2d8dcb9ce055fb950c3540387e7,2025-07-09 12:43:41.375958+00:00,hu,vg.hu,vg.hu,2019-01-23,"Útmutató a klímaváltozásról, optimistáknak",https://www.vg.hu/velemeny/hatter/utmutato-a-klimavaltozasrol-optimistaknak-2-1312630/
871ea598ec9736baaf4f20bb401dba041284745d72d263f697d36fa85c353531,2025-07-09 10:25:52.414387+00:00,hu,vg.hu,vg.hu,2025-07-09,"Ursula von der Leyen irigykedik Kínára, de fél is tőle – elmondta végre, mit akar az EU Pekingtől",https://www.vg.hu/nemzetkozi-gazdasag/2025/07/gazdasagi-hatalom-kina-europai-unio?utm_source=hirstart&utm_medium=referral&utm_campaign=hiraggregator
86601c8e16924dbb6fa47486295c7403d94820d681ec1db958c9959e3b2b2650,2025-07-09 08:14:09.395574+00:00,hu,infostart.hu,infostart.hu,2019-02-01,"Hihetetlen: Ausztráliában 90 fokkal melegebb van, mint Amerikában",https://infostart.hu/kulfold/2019/02/01/hihetetlen-ausztraliaban-90-fokkal-melegebb-van-mint-amerikaban
9e8959f518676918c54dab72e12c9ba824c48b111ea084e8763023491bf361b5,2025-07-09 05:02:04.246112+00:00,hu,index.hu,index.hu,2019-02-05,Átalakul a Duna élővilága,https://index.hu/techtud/2019/02/05/duna_elovilag_atalakul_fitoplankton_klimavaltozas_sokszinuseg/
04177e846a97d5d7ca31618eabfbe5c43449b5b425eebbc835b761bc1d6327a4,2025-07-09 04:20:26.647371+00:00,hu,zaol.hu,zaol.hu,2019-02-06,Hanti-Manysi delegációt fogadott a megyei önkormányzat,https://www.zaol.hu/gazdasag/hanti-manysi-delegaciot-fogadott-a-megyei-onkormanyzat-2834116/
7fdeaa8a6a22ced2d89a2a6bebcfdafc669b25c92a6fe39026d2831ad9de061d,2025-07-09 03:50:52.059786+00:00,hu,24.hu,24.hu,2019-02-06,"Egymillió dollárt ajánlottak Ferenc pápának, ha nagyböjt alatt vegán lesz",https://24.hu/kulfold/2019/02/06/ferenc-papa-nagybojt-hus-vegan/
456597a5b9fda711777227075ba30b74b70745d19b31a12c3916df4cd7890e77,2025-07-09 03:45:14.967014+00:00,hu,delmagyar.hu,delmagyar.hu,2019-02-06,"EgymilliĂł dollĂĄrt ajĂĄnlottak a pĂĄpĂĄnak, ha 40 napig vegĂĄn lesz",https://www.delmagyar.hu/szorakozas/egymillio_dollart_ajanlottak_a_papanak_ha_40_napig_vegan_lesz/2587640/?utm_source=rssfeed
f82c791d92d71a26061d997ddda8d518933c8bb9295f3b746688dfadcd81894c,2025-07-09 03:44:57.618121+00:00,hu,kisalfold.hu,kisalfold.hu,2019-02-06,"EgymilliĂł dollĂĄrt ajĂĄnlottak a pĂĄpĂĄnak, ha 40 napig vegĂĄn lesz",https://www.kisalfold.hu/szorakozas/egymillio_dollart_ajanlottak_a_papanak_ha_40_napig_vegan_lesz/2587640/?utm_source=rssfeed
93752452035c1e125f79b001fce6b322932e7c234288b73a006635c77bbbf9a7,2025-07-09 03:42:13.979514+00:00,hu,888.hu,888.hu,2017-12-25,"Egymillió dollárt ajánlottak a pápának, ha nagyböjtig vegán lesz",https://888.hu/article-egymillio-dollart-ajanlottak-a-papanak-ha-nagybojtig-vegan-lesz
a27d6ae25847b2980e971bbbb14e966050e20274e72c358fa4f8a4c162527602,2025-07-09 03:40:17.119631+00:00,hu,vg.hu,vg.hu,2019-02-06,Egymillió dollárt ajánlottak a pápának,https://www.vg.hu/kozelet/kornyezetvedelem/egymillio-dollart-ajanlottak-a-papanak-1340800/
722706b6c0f55a251ae5833f244419a3841909d8e21d5b64309d184bb5c6a6bc,2025-07-08 23:00:33.356661+00:00,hu,hvg.hu,hvg.hu,2019-02-08,Figyelmeztetnek az MTA kutatói: átalakul a Duna élővilága,http://hvg.hu/tudomany/20190208_duna_lebego_alga_vizi_elovilag#rss
393a3f3e6d88e4be6f49616f5aff54f75f8895b81e8d0db8ec0fe8044cde5013,2025-07-08 10:41:47.007195+00:00,hu,nepszava.hu,nepszava.hu,2019-02-17,Beszélgetni hősökkel és gonosztevőkkel,https://nepszava.hu/3025518_beszelgetni-hosokkel-es-gonosztevokkel-robert-laszlo-emlekere
ccc7a2baba5529fc8c8ab78ea66a448778c455bc9284887d78c316bd0d4da0e3,2025-07-08 10:41:46.783130+00:00,hu,nepszava.hu,nepszava.hu,2019-02-17,Hitlerbogár és Trumpféreg,https://nepszava.hu/3025529_hitlerbogar-es-trumpfereg
d1c2dd901eaef9b6c22e3bac95fd6169b7ca67d520d13ad9cc2944fd4295b720,2025-07-08 10:02:44.272268+00:00,hu,nepszava.hu,nepszava.hu,2019-02-17,"Még a kockás füzet is eltűnt: nincs, aki átvegye a gazdaságot",https://nepszava.hu/3025522_meg-a-kockas-fuzet-is-eltunt-nincs-aki-atvegye-a-gazdasagot
240ebe294e5aaf22a61a5c95207a77f326ffe101d86dbccb83dae4dcfd60c4b4,2025-07-08 09:20:46.899089+00:00,hu,infostart.hu,infostart.hu,2019-02-17,Újabb bizonyíték: a 6. nagy kihalási krízis zajlik a Földön,https://infostart.hu/tudomany/2019/02/17/a-hatodik-nagy-kihalasi-krizis-zajlik-a-foldon
e5b3ad7603100c1cc38d8ce12decbd6d8d5725fd0a9a627c25088ee86348b736,2025-07-08 05:41:56.919526+00:00,hu,nethirlap.hu,nethirlap.hu,2019-02-17,Újabb bizonyíték: a 6. nagy kihalási krízis zajlik a Földön,http://www.nethirlap.hu/hir.php?hirid=49710
0c0a9fcba4d64a9366f75104d837e80a7dac0aac054e1442c49bc2052890c900,2025-07-07 20:17:12.086043+00:00,hu,portfolio.hu,portfolio.hu,2025-07-07,A rendszerszintű változásokhoz példaképekre és jó példákra van szükség,https://www.portfolio.hu/uzlet/20250707/a-rendszerszintu-valtozasokhoz-peldakepekre-es-jo-peldakra-van-szukseg-772883
74c43feb0c843dc5c6117a60b95c564d89407ce6c7b2deb1ab6e1fb1b31db597,2025-07-07 15:27:20.826739+00:00,hu,index.hu,index.hu,2025-07-07,"Budapest főkertésze: Ha elveszítjük a fáinkat, abba szó szerint belebetegszünk",https://index.hu/belfold/2025/07/07/klimavaltozas-budapest-fovaros-fa-narancs-hoseg-szarzasag-meleg-idojaras-arnyek-fokertesz-dezsenyi-peter/
583e1b766ae98ebdf7b48dd619a899518948ebcde3a41e0b02605b2c56a0c28c,2025-07-07 08:23:21.811516+00:00,hu,echotv.hu,echotv.hu,2019-03-05,ECHO,http://www.echotv.hu/hirek/2019/03/05/multik-es-spekulansok-ne-iranyithassak-a-politikat
d4af642c10fe0177ebc26e2990dc9ebc0352af66c8fe37c32c00b2892849b396,2025-07-07 07:51:42.650538+00:00,hu,hirtv.hu,hirtv.hu,2019-03-05,Multik és spekulánsok ne irányíthassák a politikát!,http://hirtv.hu/ahirtvhirei/multik-es-spekulansok-ne-iranyithassak-a-politikat-2477760?utm_source=feed&utm_medium=rss
01d653a73543387eecea0ab5aee9d5ef96609708e5b7a95031fc3db0c72c6030,2025-07-06 22:35:14.164267+00:00,hu,24.hu,24.hu,2019-03-13,"Ezek a fiatalok nem nyugszanak, amíg nem érnek el változást",https://24.hu/kulfold/2019/03/13/klimavaltozas-globalis-felmelegedes-klimasztrajk-greta-thunberg-fridays-for-future/
7fe67a3505333df0f774fd8537910810818b18f82da624affbe335f6cb6055d0,2025-07-06 14:25:48.424725+00:00,hu,hvg.hu,hvg.hu,2019-03-20,"2,5 kilométer hosszú korallzátonyt fedeztek fel az Adriai-tengerben",http://hvg.hu/tudomany/20190320_korallzatony_olaszorszag_monopoli#rss
35ce6f762812488de3fa96fdd7a0c5d435a0988de8ac113d85363cdd7bcdc763,2025-07-06 05:08:56.499630+00:00,hu,vg.hu,vg.hu,2019-03-28,Teret a kis gazdaságoknak!,https://www.vg.hu/velemeny/hatter/teret-a-kis-gazdasagoknak-2-1432183/
5b9101d460e97eb723153ce3bbbf70cb99a45683dc61e2704e166ea365324eda,2025-07-06 01:06:33.961836+00:00,hu,index.hu,index.hu,2019-04-02,Guanóban kúszva kutatják magyarok a múltbéli klímaváltozást,https://index.hu/techtud/2019/04/02/guanoban_kuszva_kutatjak_magyarok_a_multbeli_klimavaltozast/
68690f2c14804a8068a8ddb24fc3caf33a77310a6683b5d3214f479355a1a6c2,2025-07-06 01:04:06.515542+00:00,hu,zaol.hu,zaol.hu,2019-04-02,A permakultúra állandó titkai,https://www.zaol.hu/eletstilus/helyi-eletstilus/a-permakultura-allando-titkai-2947072/
e244edee041f447bfbaf733d02401b3b4d6071f8b798007fee0d180ddd24526c,2025-07-05 12:27:09.830420+00:00,hu,vg.hu,vg.hu,2019-04-18,36 milliárdra emelték az ökológiai gazdálkodás pályázat keretösszegét,https://www.vg.hu/gazdasag/gazdasagi-hirek/36-milliardra-emeltek-az-okologiai-gazdalkodas-palyazat-keretosszeget-1471099/
75cb313ce5acba175f4e2a8161fbcc181dfbea678350ed87f75c0ea46f8be63d,2025-07-05 12:23:52.666520+00:00,hu,napi.hu,napi.hu,2019-04-18,Jó hírt kaptak a magyar ökogazdák!,https://www.napi.hu/magyar_vallalatok/jo_hirt_kaptak_a_magyar_okogazdak.682711.html
b1f1a47e04f4028c9b0c02cf74e8419effdc7605869d410d12344faef4e0b809,2025-07-05 07:54:42.835710+00:00,hu,24.hu,24.hu,2019-04-29,Egyszerre két sírt ás magának az emberiség,https://24.hu/tudomany/2019/04/29/biologiai-sokfeleseg-csokkenese/
c46472ee7fed25484ed0c8d98fbd8ba3b2fe9405aaba7a4af63c1cd99ee60b5b,2025-07-05 07:46:31.429076+00:00,hu,vg.hu,vg.hu,2019-04-29,Itt az idő a Green EU Deal elindítására,https://www.vg.hu/velemeny/a-kozgazdaszok/itt-az-ido-a-green-eu-deal-elinditasara-2-1484701/
e0e026a63d9052e12faad29a3e93a505ca8778f97f180026d114a468a6d53286,2025-07-05 07:33:08.635432+00:00,hu,nepszava.hu,nepszava.hu,2019-04-30,"Kiszáradhat a Panama-csatorna, korlátozták a forgalmát",https://nepszava.hu/3034324_kiszaradhat-a-panama-csatorna-korlatoztak-a-forgalmat
ee766938e01bdf3a75237a167cd99274def257f02752358fbe531e0cd87f3cf4,2025-07-05 05:13:22.857944+00:00,hu,hvg.hu,hvg.hu,2019-05-02,"Megállíthatatlanná válik a klímaváltozás, ha nem teszünk rendet a talajban",http://hvg.hu/tudomany/20190502_talaj_karositasa_gyorsithatja_a_klimavaltozast#rss
cbfe4d4281ea3d62d22f986cf52c202d74f1b1c95e1368d767ed0a27f2b3b320,2025-07-05 01:33:50.829766+00:00,hu,index.hu,index.hu,2019-05-06,Egymillió fajt fenyeget a kihalás,https://index.hu/techtud/2019/05/06/egymillio_fajt_fenyeget_kihalas/
d21da775d9c2b304ead0626b027461a22072f8d4b757c25dfdd796e3ce27c85d,2025-07-05 01:20:32.684985+00:00,hu,gondola.hu,gondola.hu,2025-07-04,Pannonhalma kincsei,https://gondola.hu/hirek/Pannonhalma-kincsei--316602
724afabf3b1d0a2902736a545101aec0f492847327ca05ac85ba58211e869ae0,2025-07-04 22:35:37.375476+00:00,hu,nepszava.hu,nepszava.hu,2019-05-08,Egységet demonstrálnak az EU-csúcson,https://nepszava.hu/3035162_egyseget-demonstralnak-az-eu-csucson
21a8ca3a6d9ea9db324d03ee83316974cc2d9071229d0829d92055dae0be70bd,2025-07-04 22:00:06.765887+00:00,hu,nepszava.hu,nepszava.hu,2019-05-09,Európa már elfogyasztotta az idei erőforrásait,https://nepszava.hu/3035276_europa-mar-elfogyasztotta-az-idei-eroforrasait
441488b9ad9a049367346d8e80219829de7a7c755c6988516730bec942d6e6ef,2025-07-04 21:52:29.986740+00:00,hu,blikk.hu,blikk.hu,2019-05-09,"Figyelmeztetés: katasztrófához vezetne, ha mindenki úgy élne, mint a magyarok",https://www.blikk.hu/geo/tullepte-az-emberiseg-fogyasztasa-a-fold-kapacitasait-magyarorszagon-is/zkrpdky
a6933f61b453107c4fe879abb1bf7d7c45ab989bb6439cddd9aa968336f922fd,2025-07-04 21:52:22.683341+00:00,hu,hvg.hu,hvg.hu,2019-05-09,"Ha a világon mindenki úgy élne, mint egy átlag európai, már most elfogynának az éves erőforrásaink",http://hvg.hu/elet/20190509_Ha_a_vilagon_mindenki_ugy_elne_mint_egy_atlag_europai_mar_most_elfogynanak_az_eves_eroforrasaink#rss
d84da5ceeed73a038a13ec0b947137240a0043c2b90a6145543b26126f60f361,2025-07-04 21:50:25.800387+00:00,hu,infostart.hu,infostart.hu,2019-05-09,Ijesztő dátumhoz érkezünk,https://infostart.hu/tudomany/2019/05/09/ijeszto-datumhoz-erkezunk
64d881d2df965491b27ceb8d19f38b964b25eac457c4a71e47a4bbe6325c235d,2025-07-04 20:37:23.198930+00:00,hu,nepszava.hu,nepszava.hu,2019-05-10,Szülői értekezlet is lesz az állatkerti nevelőszülők találkozóján,https://nepszava.hu/3035483_szuloi-ertekezlet-is-lesz-az-allatkerti-neveloszulok-talalkozojan
c6ca3cef5049dd37387b86b1919994d81735d5aae8902498a81d84b1e879cbd6,2025-07-04 20:14:23.520896+00:00,hu,szon.hu,szon.hu,2019-05-10,Elérkezett az európai túlfogyasztás napja,https://szon.hu/eletstilus/elerkezett-az-europai-tulfogyasztas-napja-3042868/
a057bf4bdaddb9c29f32e542351024b20cc4b3fb9d78f3a4dbd19b8103c0e040,2025-07-04 20:14:03.176616+00:00,hu,beol.hu,beol.hu,2019-05-10,Elérkezett az európai túlfogyasztás napja,https://www.beol.hu/eletstilus/elerkezett-az-europai-tulfogyasztas-napja-1936336/
71b925ea1cdbbb5115338de1053bb018dc2f20af6bde85ee25078eae3983721c,2025-07-04 20:14:03.129543+00:00,hu,sonline.hu,sonline.hu,2019-05-10,Elérkezett az európai túlfogyasztás napja,https://www.sonline.hu/eletstilus/elerkezett-az-europai-tulfogyasztas-napja-1563535/
09fd9b6d63d52ca99f9665eed1754380523a7eaeca6c4201e8fd6837865cced7,2025-07-04 20:14:02.040317+00:00,hu,vaol.hu,vaol.hu,2019-05-10,Elérkezett az európai túlfogyasztás napja,https://www.vaol.hu/eletstilus/elerkezett-az-europai-tulfogyasztas-napja-3004279/
6ac8b68ed6e664cf3093ad203282eca4f807113d62aec1388e7df745835712a5,2025-07-04 20:14:00.762941+00:00,hu,haon.hu,haon.hu,2019-05-10,Elérkezett az európai túlfogyasztás napja,https://haon.hu/eletstilus/elerkezett-az-europai-tulfogyasztas-napja-3247198/
345f4acb04b8d9b7c9739702eacbd40637046ee70babb7d6e528c920d2068717,2025-07-04 20:13:59.787734+00:00,hu,zaol.hu,zaol.hu,2019-05-10,Elérkezett az európai túlfogyasztás napja,https://www.zaol.hu/eletstilus/elerkezett-az-europai-tulfogyasztas-napja-3028807/
e3e27d2f7fd7631c1681877acc0f4aa593d4ce0e32b8ac0f8289d484d50375a7,2025-07-04 20:13:56.167739+00:00,hu,boon.hu,boon.hu,2019-05-10,Elérkezett az európai túlfogyasztás napja,https://boon.hu/eletstilus/elerkezett-az-europai-tulfogyasztas-napja-3564928/
461e7a15d5401b3080c4c65737dba1a0a9c0dc2084471cedddd16bdbde261e5b,2025-07-04 20:13:46.832686+00:00,hu,bama.hu,bama.hu,2019-05-10,Elérkezett az európai túlfogyasztás napja,https://www.bama.hu/eletstilus/elerkezett-az-europai-tulfogyasztas-napja-1820623/
b593577ca5f25356152113f9fcc317882aade40501aeeab1a0627e823ef7b341,2025-07-04 20:13:39.301375+00:00,hu,teol.hu,teol.hu,2019-05-10,Elérkezett az európai túlfogyasztás napja,https://www.teol.hu/eletstilus/elerkezett-az-europai-tulfogyasztas-napja-1636168/
3348232279a0ec02bff216e80cf25275474797713cb6ba8c0a257d8dee4a7ae0,2025-07-04 20:13:39.209237+00:00,hu,duol.hu,duol.hu,2019-05-10,Elérkezett az európai túlfogyasztás napja,https://www.duol.hu/eletstilus/elerkezett-az-europai-tulfogyasztas-napja-2807194/
853fec8cfe9f694b94344843f54fb9192ff8ee66127202e79619b2ee99cdee7b,2025-07-04 20:13:37.273900+00:00,hu,baon.hu,baon.hu,2019-05-10,Elérkezett az európai túlfogyasztás napja,https://www.baon.hu/eletstilus/elerkezett-az-europai-tulfogyasztas-napja-1905505/
3a2157680226d485b1d939172dd21985dc58394ab85e53d26ccf010f235498f9,2025-07-04 20:13:32.159586+00:00,hu,szoljon.hu,szoljon.hu,2019-05-10,Elérkezett az európai túlfogyasztás napja,https://www.szoljon.hu/eletstilus/elerkezett-az-europai-tulfogyasztas-napja-1678270/
c1563b3798b68a67772aa44923a5488244026ee93ff1e599639296f9e975afc7,2025-07-04 20:13:31.179680+00:00,hu,feol.hu,feol.hu,2019-05-10,Elérkezett az európai túlfogyasztás napja,https://www.feol.hu/eletstilus/elerkezett-az-europai-tulfogyasztas-napja-3028306/
c8636ed9aa7de229b07d07bfc5a2b4bc711953f65740069ad9da32e5f408c2f0,2025-07-04 20:13:12.160938+00:00,hu,heol.hu,heol.hu,2019-05-10,Elérkezett az európai túlfogyasztás napja,https://www.heol.hu/eletstilus/elerkezett-az-europai-tulfogyasztas-napja-1694671/
0b1095dc9a17d5136cf1d31f113ad33818435fe30bf058f303c5755c6cb272a1,2025-07-04 20:13:09.673155+00:00,hu,veol.hu,veol.hu,2019-05-10,Elérkezett az európai túlfogyasztás napja,https://www.veol.hu/eletstilus/elerkezett-az-europai-tulfogyasztas-napja-2854576/
4d96216f577aee06eff39c642d50bd271277c68f935b9d52930c299e18f7a939,2025-07-04 06:57:09.260556+00:00,hu,infostart.hu,infostart.hu,2019-05-22,Álljunk meg! Évente 2 százalék eltűnik a természetből,https://infostart.hu/eletmod/2019/05/22/alljunk-meg-evente-2-szazalek-eltunik-a-termeszetbol
3a620d8743008ac7db6548f435867d763e1d20e5492725753e9ed7b047684a2a,2025-07-04 03:06:59.901089+00:00,hu,infostart.hu,infostart.hu,2019-05-26,Kongatják a vészharangot,https://infostart.hu/belfold/2019/05/26/kongatjak-a-veszharangot-mar-magyarorszagon-is-csak-az-attores-segithet
a56d86acf640f9f5630cc43d4fc6180532be80871387d5b9550ac6ecf0ed1254,2025-07-04 03:01:59.386202+00:00,hu,hirtv.hu,hirtv.hu,2019-05-26,Szivárványos zászlóval buzdít szavazásra az Európai Bizottság,http://hirtv.hu/hirtvkulfold/szivarvanyos-zaszloval-buzdit-szavazasra-az-europai-bizottsag-2481676?utm_source=feed&utm_medium=rss
49cbdc0c508c4740faf9564feb8b09d5f9e30c774360d742101672c1bede6e46,2025-07-04 01:07:37.002642+00:00,hu,feol.hu,feol.hu,2019-05-28,Megnyitott a martonvásári Agroverzum: élvezetes ismerkedés a tudománnyal,https://www.feol.hu/gazdasag/helyi-gazdasag/a-martonvasari-agroverzumban-az-is-kiderul-miert-fontos-a-novenynemesites-3063956/
a5a769d9c0732128d6a727298c5f5bcd3717061c95f5335b303218f1c7b67a4b,2025-07-03 18:22:27.006283+00:00,hu,magyarnemzet.hu,magyarnemzet.hu,2025-07-03,Természetbarát kert: ez lenne a legjobb megoldás?,https://magyarnemzet.hu/tudomany/2025/07/termeszetbarat-kert-a-legjobb-megoldas?utm_source=hirstart&utm_medium=referral&utm_campaign=hiraggregator
6438f711bbc2c1c274cdd81e5529a6f877aa637a71e8a84d5c3f833362149796,2025-07-03 13:58:52.968930+00:00,hu,szon.hu,szon.hu,2019-06-06,Növényekkel ellensúlyoznák a klímaváltozást biológusok,https://szon.hu/eletstilus/novenyekkel-ellensulyoznak-a-klimavaltozast-biologusok-3173315/
27967f616b7dc934fe80636bf4a3de026025fc7322d259e5a64e34624d9dac90,2025-07-03 13:53:14.907611+00:00,hu,boon.hu,boon.hu,2019-06-06,Növényekkel ellensúlyoznák a klímaváltozást biológusok,https://boon.hu/eletstilus/novenyekkel-ellensulyoznak-a-klimavaltozast-biologusok-3657131/
63493441b6f0337d2a0c740dd4e5432721b9206cd546558f19943d31275f3c88,2025-07-03 13:50:34.236611+00:00,hu,haon.hu,haon.hu,2019-06-06,Növényekkel ellensúlyoznák a klímaváltozást biológusok,https://haon.hu/eletstilus/novenyekkel-ellensulyoznak-a-klimavaltozast-biologusok-3363977/
ef56deee6de4aca84a9b923dc3c003aa7f4d71ccabb63f1cdb82997392301b83,2025-07-03 13:30:11.769381+00:00,hu,444.hu,444.hu,2025-07-03,Negatív rekordot döntött a Tisza,https://444.hu/2025/07/03/negativ-rekordot-dontott-a-tisza?utm_source=rss_feed&utm_medium=rss&utm_campaign=rss_syndication
f8aa77db07cba51ced128d51b51b88d23ced84a8ab6f990a187f031db73f7c3e,2025-07-03 10:35:22.748765+00:00,hu,24.hu,24.hu,2025-07-03,Szárad a Tisza: soha nem volt még ilyen alacsony a vízszintje,https://24.hu/tudomany/2025/07/03/szarad-a-tisza-rekord-alacsony-vizallas/
a4aac9c4c2619c647a706eb5648e8da7acde64e5527543956fac4b6fe8402224,2025-07-03 04:16:32.467411+00:00,hu,magyarnemzet.hu,magyarnemzet.hu,2019-06-11,Honunk virulása,https://magyarnemzet.hu/lugas-rovat/honunk-virulasa-6988907/
26f4896f7f188feb2c64f91f7ff0bed4d3322554f928e6acf4e4ab0c28b299f4,2025-07-02 20:33:40.403385+00:00,hu,magyarkurir.hu,magyarkurir.hu,2025-07-02,XIV. Leó pápa a FAO közgyűléséhez: Az éhínség botrány és szégyen háborús eszközként felhasználni,https://www.magyarkurir.hu/hirek/xiv-leo-papa-fao-kozgyulesehez-az-ehinseg-botrany-es-szegyen-haborus-eszkozkent-felhasznalni
fa7a7ab71128076465e2988b2fc802d740a66d96ee13f6296cf3117fc81dcdbc,2025-07-02 18:41:26.061008+00:00,hu,magyarnarancs.hu,magyarnarancs.hu,2018-05-23,Borsot törhetnek Orbán Viktor orra alá Európa új üdvöskéi,https://m.magyarnarancs.hu/belpol/zold-fidesz-120330
74be4724c4a753777429fd7b6967a804636d7cd65b575f3740e330abe4cd6d6c,2025-07-02 07:41:56.679036+00:00,hu,vg.hu,vg.hu,2019-06-26,A nettó zéró emisszió elérése,https://www.vg.hu/velemeny/elemzes/a-netto-zero-emisszio-elerese-3-1593554/
bde826fc46a2de1d18e8f38e8085692129ac165525ab16c5c70f159e12f561dc,2025-07-01 22:25:19.463111+00:00,hu,napi.hu,napi.hu,2019-07-03,Megszórja ingyenpénzzel az állam a zártkerteket,https://www.napi.hu/magyar_gazdasag/megszorja_ingyenpenzzel_az_allam_a_zartkerteket.687218.html
3c24bdc18692c543ac65d68ecd53c11c94d1f43dfff62ec47b78bcd1c0cce956,2025-07-01 19:35:19.294033+00:00,hu,444.hu,444.hu,2019-07-05,Rengeteg új fa telepítése lehet a leghatékonyabb eszköz a klímaváltozás lassítására,https://444.hu/2019/07/05/rengeteg-uj-fa-telepitese-lehet-a-leghatekonyabb-eszkoz-a-klimavaltozas-lassitasara
325b922979412c301693cedc6180974e62d70285a523426068ed449805bb068e,2025-07-01 16:27:37.910776+00:00,hu,index.hu,index.hu,2019-07-07,Mi köze van Beethovennek a klímaváltozáshoz?,https://index.hu/kultur/2019/07/07/agroverzum_martonvasar_mta/
22ed7d6e81928b5a534b7ba5afc5cd20ca4d104d6d695a8f163517bd243e530d,2025-07-01 15:53:01.228090+00:00,hu,nepszava.hu,nepszava.hu,2019-07-08,"Új piacok, új feszültségek az EU-Mercosur egyezmény árnyékában",https://nepszava.hu/3042319_uj-piacok-uj-feszultsegek-az-eu-mercosur-egyezmeny-arnyekaban
d6cf66dee84dfc88f294135bd612f5cb4e93c9e87f901c40ef5e69c800fe48d2,2025-07-01 15:51:14.814486+00:00,hu,nepszava.hu,nepszava.hu,2019-07-08,Az első fél évben 390 milliárd forint volt az államháztartás hiánya,https://nepszava.hu/3042351_az-elso-fel-evben-390-milliard-forint-volt-az-allamhaztartas-hianya
68e6661d30dd2fb1dfcf223c3a63b9bdbb479a89007b6467cfe2184f567b2466,2025-07-01 15:51:14.768816+00:00,hu,nepszava.hu,nepszava.hu,2019-07-08,Minden ellenőrzött webáruháznál talált jogsértést az ügyészség,https://nepszava.hu/3042352_minden-ellenorzott-webaruhaznal-talalt-jogsertest-az-ugyeszseg
939b7202487ca0f3510e84a41d2a1d497f4b13d32c5ab6c9cee9013490e3da62,2025-07-01 15:45:29.742643+00:00,hu,nepszava.hu,nepszava.hu,2019-07-08,"Új piacok, új feszültségek",https://nepszava.hu/3042319_uj-piacok-uj-feszultsegek-sokan-aggodnak-az-eu-legujabb-szabadkereskedelmi-egyezmenye-miatt
89bb94d56fae43237a687acb0055a622c22cedd222132ae0728aab2970012f5a,2025-07-01 11:54:46.680173+00:00,hu,hvg.hu,hvg.hu,2019-07-10,Klímaváltozás nélkül ma háromból két embernek nem lenne Lyme-kórja,http://hvg.hu/elet/20190710_Klimavaltozas_nelkul_ma_harombol_ket_embernek_nem_lenne_Lymekorja#rss
2a8102dd45405f12443c1a695d8a19a860c2e280dda2e07dffb5200b0c6d7783,2025-07-01 00:39:02.756722+00:00,hu,blikk.hu,blikk.hu,2019-07-18,Aggasztóan hosszú a lista: akár fajok tízezreit sem láthatják majd az unokáink,https://www.blikk.hu/aktualis/kulfold/fajok-tizezreit-sem-lathatjak-majd-az-unokaink-kihalas/551vxxb
f147278738538426dc6c447d966396acec845a3c61ac4aeb4bb360573f6d0b71,2025-06-30 10:40:35.148579+00:00,hu,magyarnarancs.hu,magyarnarancs.hu,2018-05-23,"A társadalom egy része leveszi a hasznot a közjóról, a következményekkel pedig nem foglalkozik",https://m.magyarnarancs.hu/tudomany/a-tarsadalom-egy-resze-leveszi-a-hasznot-a-kozjorol-akovetkezmenyekkel-pedig-nem-foglalkozik-121625
4b38cdb737a21311f6977a16618770f3246fea69082acaaaca82a5638b573cb5,2025-06-29 19:50:55.698729+00:00,hu,infostart.hu,infostart.hu,2019-08-09,"Megkongatta a vészharangot az ENSZ, klímatudatos gazdálkodást és étrendet sürget",https://infostart.hu/tudomany/2019/08/09/az-ensz-szerint-at-kell-terni-a-klimatudatos-gazdalkodasra-es-etrendre
e5e3b9469c680b4b8763ca903a47cac38047b5c5dfec0c6710a99ec5ddb7a4ae,2025-06-29 19:13:10.496392+00:00,hu,hvg.hu,hvg.hu,2019-08-10,"Ferenc pápának Hitler jutott eszébe, amikor a szuverenizmusról kérdezték",http://hvg.hu/elet/20190810_Ferenc_papanak_Hitler_jutott_eszebe_amikor_a_szuverenizmusrol_kerdeztek#rss
07dcc052f03a9925282c2bca5038c40a7c082f6093da840a64302f183d6133a1,2025-06-29 17:14:01.725283+00:00,hu,index.hu,index.hu,2019-08-12,Bolsonarónak nem kellenek a német milliárdok,https://index.hu/kulfold/2019/08/12/bolsonaronak_nem_kellenek_a_nemet_milliardok/
6a43f4a4ac56df7b8b8d19ce9c40240e94f9c0889f7f7551446cd318876fc5ee,2025-06-29 17:12:39.417032+00:00,hu,demokrata.hu,demokrata.hu,2019-08-12,Bolsonaro: Németország nem fogja felvásárolni az Amazonast,https://demokrata.hu/vilag/bolsonaro-nemetorszag-nem-fogja-felvasarolni-az-amazonast-152678/
8a4ddc0dcf1c52a3e96a32fdb07ee26e896f08622a288f3572f9b9ab875a5e29,2025-06-29 17:10:34.415616+00:00,hu,444.hu,444.hu,2019-08-12,Bolsonaro: Brazíliának nem kell az amazonasi őserdő fenntartására szánt német támogatás,https://444.hu/2019/08/12/bolsonaro-brazilianak-nem-kell-az-amazonasi-oserdo-fenntartasara-szant-nemet-tamogatas
d955981234278ea1764cea87da5592f05a817f61c8ae9b5656d2c503267212c4,2025-06-29 17:08:19.524365+00:00,hu,vg.hu,vg.hu,2019-08-12,Élesen bírálta a brazil elnök a német támogatások leállítását,https://www.vg.hu/kozelet/kornyezetvedelem/elesen-biralta-a-brazil-elnok-a-nemet-tamogatasok-leallitasat-1686193/
ffc6637807b452dc0e88a8d385bf8479d2072121a7b5e67c26626e2f5e3118d7,2025-06-29 15:48:51.156971+00:00,hu,index.hu,index.hu,2019-08-13,WWF: 50 év alatt a felére csökkent az erdőben élő gerinces állatok száma,https://index.hu/techtud/2019/08/13/wwf_50_ev_alatt_a_felere_csokkent_az_erdoben_elo_gerinces_allatok_szama_klimavaltozas_vadaszat_erdoirtak/
5f8c7d81a205414aa29caf5e4c179eee30929243c5a458443757fbf4d9f1bb6e,2025-06-29 15:42:05.660783+00:00,hu,magyarnarancs.hu,magyarnarancs.hu,2018-05-23,Az elmúlt ötven évben megfeleződött az erdőben élő gerincesek populációja,https://m.magyarnarancs.hu/tudomany/az-elmult-otven-evben-megfelezodott-az-erdoben-elo-gerincesek-populacioi-122170
ab17f76f69308703f749fecb5c35ffc422a74913d9a111ec771ca7d058e9e4ed,2025-06-29 15:13:22.200020+00:00,hu,haon.hu,haon.hu,2019-08-14,Felével csökkentek az erdőben élő gerincesek populációi 50 év alatt,https://haon.hu/eletstilus/felevel-csokkentek-az-erdoben-elo-gerincesek-populacioi-50-ev-alatt-3480289/
95354019bc74a1942c4c709ee5f7e7fcc23109fb318949e0d0be8575df3a1c4a,2025-06-29 15:13:21.605931+00:00,hu,boon.hu,boon.hu,2019-08-14,Felével csökkentek az erdőben élő gerincesek populációi 50 év alatt,https://boon.hu/eletstilus/felevel-csokkentek-az-erdoben-elo-gerincesek-populacioi-50-ev-alatt-3748309/
b0e38183574d45fab88d42cdec0902352886bb09e0447c96c4d65710e2dac35c,2025-06-29 15:13:21.474238+00:00,hu,szon.hu,szon.hu,2019-08-14,Felével csökkentek az erdőben élő gerincesek populációi 50 év alatt,https://szon.hu/eletstilus/felevel-csokkentek-az-erdoben-elo-gerincesek-populacioi-50-ev-alatt-3317461/
e395bd73233c417263707a4098018ba20cde368bdbd4c11a7f57593470b9a046,2025-06-29 15:02:06.945517+00:00,hu,nepszava.hu,nepszava.hu,2019-08-14,WWF: 50 év alatt felére csökkent az erdőben élő gerincesek száma,https://nepszava.hu/3046532_wwf-50-ev-alatt-felere-csokkent-az-erdoben-elo-gerincesek-szama
616e3eaa60d2fe1adfb11e88e0f39c720880455218d73dc9bfff6a771772f9a3,2025-06-29 14:59:27.479164+00:00,hu,magyarnarancs.hu,magyarnarancs.hu,2018-05-23,"Hiába a vásárlói nyomás, nem lesznek pálmaolaj-mentes polcok a kereskedelmi láncoknál",https://m.magyarnarancs.hu/gazdasag/palmaolaj-aldi-spar-lidl-122151
ac78825d503401fbd75268e800f3d4d405b7b3f7a38ca372fa12aa832b14e339,2025-06-29 14:44:13.952272+00:00,hu,24.hu,24.hu,2019-08-14,Iszonyú pusztítást végeztünk az állatvilágban,https://24.hu/tudomany/2019/08/14/allatok-pusztitas-termeszet-erdo/
d951cf03cdde687ab44a04bf08062ba49e0191a492d24207f149bc4008905b4f,2025-06-29 12:31:21.024891+00:00,hu,index.hu,index.hu,2019-08-16,Norvégia is felfüggesztette a brazil őserdővédelmi segélyeket,https://index.hu/techtud/2019/08/16/norvegia_is_felfuggesztette_a_brazil_oserdovedelmi_segelyeket_amazonas_esoerdo_fakivagas_kornyezetvedelem_brazilia/
cbf51d390ae809031e1c859a4d95cbbec29b54657826b801719db39f89569404,2025-06-29 12:29:19.593801+00:00,hu,168ora.hu,168ora.hu,2018-06-27,Németország után Norvégia is felfüggesztette az erdővédelmi segélyek folyósítását Brazíliának,https://168ora.hu/kulfold/nemetorszag-felfuggesztes-norvegia-brazilia-esoerdo-erdoirtas-segelyek-amazonas-jair-bolsonaro-172677
ae8f1b8b2f73ed0715739787e7b9d059b570fc2d49a5776580b6c3ebe8061932,2025-06-29 12:02:34.052995+00:00,hu,nepszava.hu,nepszava.hu,2019-08-16,Bolsonaro a bálnavadászattal vágott vissza Norvégiának az esőerdőkért,https://nepszava.hu/3046885_bolsonaro-a-balnavadaszattal-vagott-vissza-norvegianak-az-esoerdokert
412a4c864564820043539e9fe0d9f97644378d184f0b0a79c2e04ca8d39c2494,2025-06-29 11:34:40.879778+00:00,hu,nepszava.hu,nepszava.hu,2019-08-17,"Leégett egy odesszai szálloda, 8-an meghaltak",https://nepszava.hu/3046904_leegett-egy-odesszai-szalloda-8-an-meghaltak
d134c9c0668ff702788b5d5ba85993ece547aebf681e3314b725f919874646af,2025-06-29 08:07:23.798736+00:00,hu,168ora.hu,168ora.hu,2018-06-27,"A világ legnagyobb problémája, hogy a természeti tőke ingyenes",https://168ora.hu/eletmod/klimavaltozas-gazdasag-termeszet-bartus-gabor-kornyezetvedelem-172815
0200051a393fb31004c1bfd9c23ab206f9381d1200475cc6a39d81a75049e0a3,2025-06-29 03:34:35.570644+00:00,hu,24.hu,24.hu,2019-08-23,"Ami Brazíliában folyik, az valójában klímaháború""",https://24.hu/tudomany/2019/08/23/amazonas-fold-tudeje-erdotuz-langok-brazilia-bolsonaro-klimakatasztrofa-klimaveszhelyzet/
3b4645697814f29a1b39d9886a196e46a03a6f9b10a3ee604707627979b3ce8c,2025-06-29 03:30:15.849520+00:00,hu,infostart.hu,infostart.hu,2019-08-23,Macron a G7 előtt: nyomást fogok gyakorolni az USA-ra,https://infostart.hu/kulfold/2019/08/23/macron-a-g7-elott-nyomast-fogok-gyakorolni-az-usa-ra
e2f68b8e457661377cfcb2efcd722d86a286728d915a5391b47a46be8f682a1c,2025-06-29 03:29:25.358674+00:00,hu,hvg.hu,hvg.hu,2019-08-23,Macron: Biodiverzitási alapokmány kell,http://hvg.hu/elet/20190823_Macron_Biodiverzitasi_alapokmany_kell#rss
364641e4a71c68730492ba17dba51681ae171574cd45ab80f7470a950e82baa4,2025-06-29 03:17:59.306862+00:00,hu,168ora.hu,168ora.hu,2018-06-27,"Emmanuel Macron megvétózza a milliárdos üzletet, ha Brazília nem hajlandó fellépni az Amazónia esőerdeit pusztító tüzek ellen",https://168ora.hu/kulfold/emmanuel-macron-jair-bolsonaro-erdo-tuz-mercosur-173018
f36d21bceab5c4d714d97caabbfece490927804cdb2116887c1bacaf380a61dc,2025-06-29 03:01:34.823928+00:00,hu,index.hu,index.hu,2019-08-24,Feszült hangulatban kezdődik a G7,https://index.hu/gazdasag/2019/08/24/feszult_hangulatban_kezdodik_a_g7/
d198e974ea7f509a294807e5afbdf7fd984acf91aaaa56bb6af7f0cfb06fade9,2025-06-29 02:51:00.914020+00:00,hu,vg.hu,vg.hu,2019-08-24,G7: Franciaország biodiverzitási alapokmányt fogadtatna el,https://www.vg.hu/kozelet/kornyezetvedelem/g7-franciaorszag-biodiverzitasi-alapokmanyt-fogadtatna-el-1705585/
31bdfbef81aec36c2e717053bab06d8579961717d7c29fe2cf98358a859d4c18,2025-06-28 23:58:18.461852+00:00,hu,index.hu,index.hu,2019-08-27,Trump lassan újraforgathatná a Szomszédokat,https://index.hu/gazdasag/2019/08/27/donald_trump_macron_g7_esoerdo_kornyezetvedelem_klimavaltozas_kereskedelmi_haboru_iran_atomprogram/
4d60ada69d70b70fa71c0626fcf63138bda3ad6224397c006227c058a19828a9,2025-06-28 23:48:34.033962+00:00,hu,24.hu,24.hu,2019-08-27,Az Apple pénzt ad az amazonasi esőerdő megmentésére,https://24.hu/tech/2019/08/27/apple-tim-cook-adomany-amazonia-esoerdo-tuz-erdotuz-tamogatas-amazonas/
59bfa7028e0fda1791321dee056d153172866628235a9c690a10d2a41b242d0a,2025-06-28 23:31:56.511700+00:00,hu,nepszava.hu,nepszava.hu,2019-08-27,Németország pénzt és segítséget küldene az amazóniai erdőtüzek megfékezéséhez,https://nepszava.hu/3047933_nemetorszag-penzt-es-segitseget-kuldene-az-amazoniai-erdotuzek-megfekezesehez
ba2dcb5d9626ff6bfeaaf72d65be2a60f37efd65f1fe83f4465a569d20432c10,2025-06-28 23:27:31.818161+00:00,hu,napi.hu,napi.hu,2019-08-27,Amazóniai erdőtüzek: a németek sem akarnak tétlenül ülni,https://www.napi.hu/nemzetkozi_gazdasag/amazoniai_erdotuzek_a_nemetek_sem_akarnak_tetlenul_ulni.690385.html
34e4cd450bacfc8b4760d971ff5597d4d3c300d158ceac5be91f628128536b85,2025-06-28 23:14:00.907730+00:00,hu,infostart.hu,infostart.hu,2019-08-27,Ürge-Vorsatz Diana: Amazónia a Föld nagy kincseskamrája,https://infostart.hu/kulfold/2019/08/27/urge-vorsatz-diana-amazonia-a-fold-nagy-kincseskamraja
8321ec3a21eda22a3cbfa8bab31e08080abd9d7d55920f7c60bb75fac038eb1c,2025-06-28 20:41:30.844327+00:00,hu,hvg.hu,hvg.hu,2019-08-29,"Megújul a Tabán, lesz árokásó, 8 méteres trambulin is",http://hvg.hu/itthon/20190829_Megujul_a_Taban_lesz_arokaso_8_meteres_trambulin_is#rss
8e21eb310cad1359408bd81df2125c64b4d5c45e1ee93163d1afa3f8d17da5ba,2025-06-28 17:20:01.096377+00:00,hu,168ora.hu,168ora.hu,2018-06-27,Mátyás Győző: Gyúlékony terület,https://168ora.hu/velemeny/matyas-gyozo-gyulekony-terulet-173430
ceb3ceec9a9b6ccc6fe59fc44e6ea6ddd91df04a1d21bfd7e6130535179b9778,2025-06-28 17:15:19.598594+00:00,hu,hvg.hu,hvg.hu,2019-08-31,"Valóban a vég kezdete az amazonasi erdőtűz, vagy csak túlreagálják?",http://hvg.hu/hvgfriss/2019.35/201935__langol_azesoerdo__afordulat_erve__egi_folyo__tudovesz#rss
c83b898d8e9b31fa46edb712559ea8d8d7135914d96fb38dd1d62a57a34e6654,2025-06-28 13:24:13.183303+00:00,hu,index.hu,index.hu,2019-09-04,Az oxigénhiány egyszer már kiirtotta a tengeri fajok negyedét,https://index.hu/techtud/2019/09/04/oxigenhiany_tomeges_kihalas_tengeri_fajok_lau-kozlowski_kihalas_klimavaltozas/
0fb4352e9359f08f5ca70776f841396406701f728bd9f985fe371ab39021d59c,2025-06-28 12:55:29.068390+00:00,hu,index.hu,index.hu,2019-09-04,Nem élhetek pálmaolaj nélkül,https://index.hu/techtud/2019/09/04/nem_elhetek_palmaolaj_nelkul/
dec390dfdf9404ea57039354f6885ab8696a024c30c539df7e73e84264cfce82,2025-06-28 05:36:24.439580+00:00,hu,nepszava.hu,nepszava.hu,2019-09-10,Őserdő vagy pálmaolaj – Harc a 60 milliárdos üzlet ellen,https://nepszava.hu/3049454_oserdo-vagy-palmaolaj--harc-a-60-milliardos-uzlet-ellen
5b3e09fd03e215b70c6490fdf05a5eb1ac20d44b418bb3ebcd6a014c878b1151,2025-06-28 03:09:37.470351+00:00,hu,index.hu,index.hu,2019-09-11,Van középút klímaügyben pánik és patópálkodás között?,https://index.hu/techtud/2019/09/11/van_kozeput_klimaugyben_a_panik_es_a_patopalkodas_kozott/
4365af87fe3a2c441921debdf0958e6db4d56d3db1c5bae6cce5ddb7e1b2eb99,2025-06-28 02:13:12.430541+00:00,hu,nepszava.hu,nepszava.hu,2019-09-12,"Betiltotta a növényvédőket Párizs, és még négy francia nagyváros",https://nepszava.hu/3049826_betiltotta-a-novenyvedoket-parizs-es-meg-negy-francia-nagyvaros
35f9b2e6380a0a8bf8fc9c4e4fe30e13a7aef360d1b5ff22c9ee1a5105836fb7,2025-06-28 02:07:53.486387+00:00,hu,nepszava.hu,nepszava.hu,2019-09-12,Tovább nyúlnak a Moszkva elleni uniós szankciók a Krím megszállásáért,https://nepszava.hu/3049847_tovabb-nyulnak-a-moszkva-elleni-unios-szankciok-a-krim-megszallasaert
987ca9d028236b8544054fae030eae38a399aedc7a796f11a20da02fe806af30,2025-06-27 23:23:01.114492+00:00,hu,napi.hu,napi.hu,2019-09-14,Rámenősebb lesz az EU,https://www.napi.hu/nemzetkozi_gazdasag/ramenosebb_lesz_az_eu_kivel_szemben.691266.html
f91e6b04ac920034e54194844fb5a99a3f8013fbc467d3826de57f0246b361da,2025-06-27 21:15:45.552038+00:00,hu,magyarnarancs.hu,magyarnarancs.hu,2018-05-23,Facsemetéket cipelve futották le a fokvárosi maratont,https://m.magyarnarancs.hu/elet_mod/facsemeteket-cipelve-futottak-le-a-fokvarosi-maratont-122973
e073ea50485f7bac3f7f592ec7f16f3d685d8cccf314efef5769749701e92a99,2025-06-27 18:54:08.740247+00:00,hu,index.hu,index.hu,2019-09-17,Nincs B-terv az éghajlatválság megoldására,https://index.hu/techtud/2019/09/17/geomernokseg_szen-dioxid-eltavolitas_albedo_klimahekkeles_dekarbonizacio/
2e0d3f20cd24814f1b72d34bdfb603433256f904edc0a84a837e92efddc98d87,2025-06-27 18:08:32.126539+00:00,hu,magyarnarancs.hu,magyarnarancs.hu,2018-05-23,"Aggódunk az őserdőkért, ám közben észre sem vesszük a népirtást, amiben mi is nyakig benne vagyunk",https://m.magyarnarancs.hu/kulpol/aggodunk-az-oserdokert-am-kozben-eszre-sem-vesszuk-a-nepirtast-amiben-mi-is-nyakig-benne-vagyunk-123017
0883a420944c49a97e8979e908faf476ce58298445bccf6bc1185cf07fba5bbc,2025-06-27 16:28:28.157902+00:00,hu,vg.hu,vg.hu,2019-09-19,Elképesztő ötlettel hűtené le a Földet egy csapat kutató,https://www.vg.hu/kozelet/technologia-tudomany/elkepeszto-otlettel-hutene-le-a-foldet-egy-csapat-kutato-1758165/
ca6665409816433fe2a5e163c3901adb7681fdbd32f60713114b913399a5418d,2025-06-27 16:28:06.546044+00:00,hu,24.hu,24.hu,2019-09-19,Mesterséges porfelhő menthetné meg a bolygót a klímaváltozástól,https://24.hu/tudomany/2019/09/19/aszteroida-porfelho-klimavaltozas/
7963518062dd2472b6f8f85a695547d302e6c852d102c1d43bae50bd64ec8900,2025-06-27 16:25:30.170847+00:00,hu,hirtv.hu,hirtv.hu,2019-09-19,Gigantikus porfelhővel lehetne hűteni a Föld klímáját egy nemzetközi kutatócsoport szerint,http://hirtv.hu/hirtvszines/gigantikus-porfelhovel-lehetne-huteni-a-fold-klimajat-egy-nemzetkozi-kutatocsoport-szerint-2487512?utm_source=feed&utm_medium=rss
21c91f936764db44c23c02bad2e41591639138f86e7b2e028361d86e789397ff,2025-06-27 16:05:22.568674+00:00,hu,nepszava.hu,nepszava.hu,2019-09-19,„Váratlan felfedezés” segíthet a globális felmelegedés megfékezésében,https://nepszava.hu/3050669_varatlan-felfedezes-segithet-a-globalis-felmelegedes-megfekezeseben
25bed2014a548055b55d69c5ac0bd07db5cb7fbaab3350d35c81fc8968b6114d,2025-06-27 13:48:01.774450+00:00,hu,szon.hu,szon.hu,2019-09-21,Így hűtené le a Föld klímáját egy kutatócsoport,https://szon.hu/egyperces/igy-hutene-le-a-fold-klimajat-egy-kutatocsoport-3404232/
0c7f6ece2b48756e4fcb32c3ff5bfc754a88e1e821ad4fd805cd1735fb074bb0,2025-06-27 13:47:38.915268+00:00,hu,boon.hu,boon.hu,2019-09-21,Így hűtené le a Föld klímáját egy kutatócsoport,https://boon.hu/egyperces/igy-hutene-le-a-fold-klimajat-egy-kutatocsoport-3809574/
638f7c28aa38a9d8eca03ccf6cd8355acf85cf316d6c1946913f7058aff52b61,2025-06-27 13:47:38.449541+00:00,hu,haon.hu,haon.hu,2019-09-21,Így hűtené le a Föld klímáját egy kutatócsoport,https://haon.hu/egyperces/igy-hutene-le-a-fold-klimajat-egy-kutatocsoport-3559104/
6f207ca6e77ed47417cdd242cc997ee593bff9c7a4b7dc9a06ff297d626ee884,2025-06-27 13:28:53.580400+00:00,hu,delmagyar.hu,delmagyar.hu,2019-09-21,Így hűtené le a Föld klímáját egy kutatócsoport,https://www.delmagyar.hu/egyperces/igy-hutene-le-a-fold-klimajat-egy-kutatocsoport-4592484/?utm_source=rssfeed
b793724017477c2303a1fba30f5a7dc40d937f48761d46529bad317213a8d2b6,2025-06-27 11:48:33.973382+00:00,hu,hvg.hu,hvg.hu,2019-09-23,"Eszement ötlettel álltak elő tudósok arra, hogyan hűthetnénk vissza a Föld klímáját",http://hvg.hu/tudomany/20190923_fold_hutese_porfelhovel_klimavaltozas_globalis_felmelegedes#rss
8dcd7aa091c8444389b6ca4e2447c03e6cb897b26b1a9e2dc1d67fe4a31d40ac,2025-06-27 08:39:15.806971+00:00,hu,24.hu,24.hu,2019-09-25,Országok tűnhetnek el a jég és a hó miatt,https://24.hu/tudomany/2019/09/25/ipcc-jelentes-krioszfera-ho-es-jegtakaro-permafroszt-globalis-felmelegedes-klimavaltozas/
d9f0171187cd9d5a9792fca92e64acf90114a9f20ee96e14d1a9d04d91db5d17,2025-06-27 03:13:10.574104+00:00,hu,napi.hu,napi.hu,2019-09-29,Betört a klímaváltozás Magyarországra is - csak tárt karokkal nézzük,https://www.napi.hu/magyar_gazdasag/betort_a_klimavaltozas_magyarorszagra_is_csak_tart_karokkal_nezzuk.691646.html
b3461b157b7a71f2f0cd626c57869cb36583e9ab29a037f9373cd78a4cee8348,2025-06-26 19:22:15.782112+00:00,hu,nepszava.hu,nepszava.hu,2019-10-04,Eladó minden ötödik szárazföldi gerinces,https://nepszava.hu/3052524_elado-minden-otodik-szarazfoldi-gerinces
01a712ca09e86b36fc52d4526ccd51fc5795814110e361473447ed0f93c82364,2025-06-26 19:17:15.570082+00:00,hu,nepszava.hu,nepszava.hu,2019-10-04,Újabb tapírbébi született Debrecenben,https://nepszava.hu/3052466_ujabb-tapirbebi-szuletett-debrecenben
dffb1a384b0a7b9a52eff911ebc3e12aef4a2c95164f129d53088ee038a8e44e,2025-06-26 18:24:14.206966+00:00,hu,nepszava.hu,nepszava.hu,2019-10-05,Vonatra cserélik a repülőt a svédek,https://nepszava.hu/3052449_vonatra-cserelik-a-repulot-a-svedek
4799180a7a075f0ae983e4d703cb57f803ccf75f1b2a564ccc8d0ae6470a92d7,2025-06-26 13:00:16.347838+00:00,hu,vg.hu,vg.hu,2019-10-09,Ki húz hasznot a téves megoldásokból?,https://www.vg.hu/velemeny/velemeny-rovat-hirei/ki-huz-hasznot-a-teves-megoldasokbol-2-1798275/
30ff798a2553688a7fe48cf747d744cb7c58622fea7b48b04cb133c70b4300c0,2025-06-26 10:19:30.730219+00:00,hu,24.hu,24.hu,2019-10-11,"Ott a legnagyobb az éhezés, ahol a tápanyagban leggazdagabb növényeket termelik",https://24.hu/tudomany/2019/10/11/del-amerika-mezogazdasag-ehezes-tapanyag-biodiverzitas-bayer-future-of-farming/
778cec3e5784786aec40ce1c540ce6ef9baa5fa98727db8088009874ffc45253,2025-06-26 05:06:56.308814+00:00,hu,24.hu,24.hu,2019-10-15,"Lassan eldől, elpusztít-e minket a mohóságunk",https://24.hu/tudomany/2019/10/15/bayer-future-of-farming-mezogazdasag-monsanto-gmo-glifozat-gyomirto/
f26fee658943996daf4dc9454920cb668c6ed1ef6f950393ab2000f46363fcce,2025-06-26 04:20:19.277161+00:00,hu,demokrata.hu,demokrata.hu,2019-10-16,Klímaváltozás késleltetve,https://demokrata.hu/zold-jovo/klimavaltozas-kesleltetve-168712/
572afb56e66679b71337373239ecbc4dceb9dc0a0471dfa194236e6ec9e3cf1c,2025-06-26 02:18:42.526402+00:00,hu,vg.hu,vg.hu,2019-10-17,Hatalmas feladatok előtt a mezőgazdaság,https://www.vg.hu/vallalatok/mezogazdasag/hatalmas-feladatok-elott-a-mezogazdasag-2-1816617/
49b7234035c68713eb1df545d62630d57aab3eb3cfd31188344b91df167a660f,2025-06-25 23:12:55.882858+00:00,hu,24.hu,24.hu,2019-10-20,Ilyen lehet Magyarország 2050-re,https://24.hu/tudomany/2019/10/20/jovo-jovokutatas-termeszet/
bfd3fc15f7319635a8537b203d7811f2c214bbc6f38583ec39b96e47fd735b1b,2025-06-25 02:49:24.671807+00:00,hu,portfolio.hu,portfolio.hu,2019-11-05,"Apokalipszis vagy földi paradicsom vár ránk? Attól függ, sikerül-e megfékezni a globális felmelegedést",https://www.portfolio.hu/uzlet/20191105/apokalipszis-vagy-foldi-paradicsom-var-rank-attol-fugg-sikerul-e-megfekezni-a-globalis-felmelegedest-405985
15fd19f60665092d9b1a06f8b68f36bfa9ce0f8de6c62402678c2c57290ba31e,2025-06-24 20:43:04.819067+00:00,hu,infostart.hu,infostart.hu,2019-11-09,Borús jövőkép: kiszámíthatatlanul és hirtelen fog összeomlani a rendszer,https://infostart.hu/eletmod/2019/11/09/borus-jovokep-kiszamithatatlanul-es-hirtelen-fog-osszeomlani-a-rendszer
a4020299cc191ce2daf9c793ba4bccb6d23edc492dd0a86216b1b19728d2d5f9,2025-06-24 16:25:26.113398+00:00,hu,24.hu,24.hu,2019-11-12,Jégbe fagyott hajón vészelnek át egy évet a kutatók,https://24.hu/tudomany/2019/11/12/jegbe-fagyott-kutatohajo-arktisz-eszaki-sark-eghajlatvaltozas-klimavaltozas-antje-boetius-falling-walls-berlin/
a94f5f56383f492ccc4332c52eadd5c393d4a00ede28f60a76da4f737a5f2d92,2025-06-24 15:45:58.236843+00:00,hu,index.hu,index.hu,2019-11-13,3600 billió forint kárt okoz a világ elcseszett élelmiszer-termelése,https://index.hu/techtud/2019/11/13/elelmiszer-termeles_elelmiszeripar_kornyezetszennyezes_kornyezetterheles_klimavaltozas_betegsegek/
3f0d349a4a6ebbb8d02e7338dcc2691eb1c54e5b57ead659e8283c049b88c8ca,2025-06-24 15:25:22.450180+00:00,hu,magyarnarancs.hu,magyarnarancs.hu,2019-11-13,Ketten meghaltak Velencében,https://m.magyarnarancs.hu/katasztrofa/ketten-meghaltak-velenceben-50-eve-nem-volt-ekkora-aradas-124515
b34e923263df632c90475311f9b7cc69bdaa88c52b92c5fd1be0428df67773a1,2025-06-24 11:09:08.371378+00:00,hu,szon.hu,szon.hu,2019-11-16,Jövő héten az olasz gasztronómiáé lesz a főszerep,https://szon.hu/eletstilus/jovo-heten-az-olasz-gasztronomiae-lesz-a-foszerep-3523197/
bc7ef6400e40fc39602bc14587e818fe9bf2a0f8c03cf8e49ef34e32bc782425,2025-06-24 11:08:26.239076+00:00,hu,boon.hu,boon.hu,2019-11-16,Jövő héten az olasz gasztronómiáé lesz a főszerep,https://boon.hu/eletstilus/jovo-heten-az-olasz-gasztronomiae-lesz-a-foszerep-3910908/
9d2962b5bbdb750f5d309e1266c6e8670d0bd1ef9398d6c91703978c21de1653,2025-06-24 11:08:25.728378+00:00,hu,haon.hu,haon.hu,2019-11-16,Jövő héten az olasz gasztronómiáé lesz a főszerep,https://haon.hu/eletstilus/jovo-heten-az-olasz-gasztronomiae-lesz-a-foszerep-3671565/
1570da5d85f112da23c8f11c0ea5e9c8ae4fc823794a8767291af854ac2fde9c,2025-06-24 11:07:30.221175+00:00,hu,bama.hu,bama.hu,2019-11-16,Jövő héten az olasz gasztronómiáé lesz a főszerep,https://www.bama.hu/eletstilus/jovo-heten-az-olasz-gasztronomiae-lesz-a-foszerep-2127462/
602ba2652716577223ee37c25b169c84366a275e28fdd8d7c41ab46d287a2fec,2025-06-24 09:29:38.631624+00:00,hu,nepszava.hu,nepszava.hu,2019-11-18,A rizottókészítés titkai is kiderülnek az olasz gasztronómiai világhéten,https://nepszava.hu/3057497_a-rizottokeszites-titkai-is-kiderulnek-az-olasz-gasztronomiai-vilagheten
48c42fda4436cfc0700fe2b5a49b0513073aa05aaf939a3df8d18dbb918a24d2,2025-06-24 09:28:00.207956+00:00,hu,magyarnarancs.hu,magyarnarancs.hu,2019-11-18,Gázrobbanás volt a püspökladányi gázfogadó állomáson,https://m.magyarnarancs.hu/katasztrofa/gazrobbanas-volt-a-puspokladanyi-gazfogado-allomason-124630
3e04a738f0be57a405a1048998c888ffd16723de79cf87f46ea558165bf47f15,2025-06-24 06:18:42.049558+00:00,hu,vg.hu,vg.hu,2019-11-20,Zöldpiacok az igazságos növekedésért,https://www.vg.hu/velemeny/a-kozgazdaszok/zoldpiacok-az-igazsagos-novekedesert-2-1880289/
67b76a0f81afcae5d07c1d2940e3880a989cecbc252c6ca69f0075de6dcbfb87,2025-06-24 04:58:53.585210+00:00,hu,444.hu,444.hu,2019-11-21,Az afrikai növények harmadát fenyegeti a kihalás,https://444.hu/2019/11/21/az-afrikai-novenyek-harmadat-fenyegeti-a-kihalas
4859ddcfc5701ca8306c0325be2e7f83f550b06bc4e8b46eedf5f7199ee0a2ef,2025-06-24 04:55:55.378078+00:00,hu,napi.hu,napi.hu,2019-11-21,A növények 40 százalékát kihalás fenyegeti Afrikában,https://www.napi.hu/nemzetkozi_gazdasag/a_novenyek_40_szazalekat_kihalas_fenyegeti_afrikaban.695517.html
e42abe8508aa87424b736e9d2d16c7359d63e2415b41d0e444db107418b61652,2025-06-24 04:55:50.892153+00:00,hu,hvg.hu,hvg.hu,2019-11-21,Eltűnhet a trópusi növényfajok harmada,http://hvg.hu/tudomany/20191121_Eltunhet_a_tropusi_novenyfajok_harmada#rss
0b177b8235aaa28255654b51786cfe3eb994e5dddb6b8f91fcf2524e414bcde2,2025-06-24 03:20:16.564762+00:00,hu,nepszava.hu,nepszava.hu,2019-11-22,A trópusi növények harmada a kihalás szélén áll,https://nepszava.hu/3058025_a-tropusi-novenyek-harmada-a-kihalas-szelen-all
abc04a2e5dc4d41ef74b8b8dbb7c09c9ff924c0704d4fab1a6ea3a65d998060a,2025-06-23 20:17:40.328260+00:00,hu,index.hu,index.hu,2019-11-28,Ez egy segélykiáltás: ennek így nagyon-nagyon rossz vége lesz,https://index.hu/techtud/2019/11/28/klimasztrajk_klimatuntetes_fridays_for_future_szervezok_feig_emma_pribeli_levente_interju_klimavaltozas/
48a366b1609533af9f8ad68e46bbb248e1ba23b77dfd60d36244ae7000953385,2025-06-23 18:38:28.556471+00:00,hu,444.hu,444.hu,2019-11-29,"Bemikrofonozzák az erdőket, hogy kiderüljön, mekkora odabent a baj",https://444.hu/2019/11/29/bemikrofonozzak-az-erdoket-hogy-kideruljon-mekkora-odabent-a-baj
e4b4ee564c976ba01a21cbec319c63a9f9811132d2b359c9d87883b388706f82,2025-06-23 18:07:32.706584+00:00,hu,index.hu,index.hu,2019-11-29,Az éghajlatváltozás elleni küzdelmet várják el a politikától az uniós polgárok,https://index.hu/kulfold/eurologus/2019/11/29/eghajlatvaltozas_elleni_kuzdelem_europai_politikai_ep_legfontosabb_feladata/
935ea3784596e004d38ea2facdbc33a2b35169464ae00ecc300596b3c44d5afa,2025-06-23 17:05:09.823689+00:00,hu,napi.hu,napi.hu,2019-12-01,Világkatasztrófára figyelmeztet az ENSZ főtitkára,https://www.napi.hu/nemzetkozi_gazdasag/vilagkatasztrofara_figyelmeztet_az_ensz_fotitkara.696072.html
dc1f4ed2d9a3a2e67d94a76b24747014ed76e1558c0c3f0d7cdcd3723c64bbd9,2025-06-23 17:03:28.682901+00:00,hu,demokrata.hu,demokrata.hu,2019-12-01,Globális válságra figyelmeztet az ENSZ-főtitkár,https://demokrata.hu/vilag/globalis-valsagra-figyelmeztet-az-ensz-fotitkar-184058/
2c1335425d13bea9fc7ee3f49684d6267bf7ef441bd7592e0374e530bf3d5843,2025-06-23 17:03:09.275432+00:00,hu,168ora.hu,168ora.hu,2019-12-02,"ENSZ-főtitkár: Sok évtizeden át az emberi faj háborút viselt a bolygó ellen, és a bolygó most visszatámad",https://168ora.hu/eletmod/antonio-guterres-ensz-fotitkar-klimavalsag-178223
4f55050b962c45da5eadddd281d03ca975cb91fdc51ee3f8ec2708bebc796b6f,2025-06-23 16:57:39.715591+00:00,hu,pestisracok.hu,pestisracok.hu,2019-12-01,Ungár: a zöldmozgalom szempontjából teljesen irreleváns Greta Thunberg kommunista kiáltványa,https://pestisracok.hu/ungar-a-zoldmozgalom-szempontjabol-teljesen-irrelevans-greta-thunberg-kommunista-kialtvanya/
6924d9766d76483dfdbeba8d4802f3fcf41a93d5431f15ffc5436454350acd1f,2025-06-23 16:37:43.352804+00:00,hu,index.hu,index.hu,2019-12-01,"Klímaválság: az ENSZ-főtitkár szerint hamarosan elérünk ahhoz a ponthoz, ahonnan nincs visszaút",https://index.hu/techtud/2019/12/01/ensz_klimavaltozas_antonio_guterres/
e2b47298d7711ed486dc8cbafe2ef0f6718070ef55e9a1c2f8c8503588d72fd0,2025-06-23 15:51:14.302274+00:00,hu,hvg.hu,hvg.hu,2019-12-02,"A klímaváltozás már itt van, és gyilkol",http://hvg.hu/tudomany/20191202_klimavaltozas_ensz_fotitkar_antonio_gueterres#rss
9d343854e0a2bf5cd000d2f48013d3d2d74b0371e90516ec3e5c6f4046e686e0,2025-06-23 09:53:21.439988+00:00,hu,portfolio.hu,portfolio.hu,2019-12-06,"Ne betonba, az emberbe fektessünk: szomorú látlelet a magyar fejlődésről",https://www.portfolio.hu/gazdasag/20191206/ne-betonba-az-emberbe-fektessunk-szomoru-latlelet-a-magyar-fejlodesrol-409379
d60bd1b2c6d2a89ada70bcf14db6a672cf6a25d7401c531b8c03804ece1ba911,2025-06-23 05:39:30.092750+00:00,hu,24.hu,24.hu,2019-12-10,34 évesen lesz miniszterelnök: Sanna Marin felemelkedése,https://24.hu/kulfold/2019/12/10/finnorszag-sanna-marin-miniszterelnok-34-eves-portre/
0765e5cae07e851301bf8162e36079cf4c602a441f63191caa6e6f63e2affbfe,2025-06-23 03:45:16.252463+00:00,hu,index.hu,index.hu,2019-12-11,"Megmutatta az Európai Bizottság, hogyan mentene meg a klímakatasztrófától",https://index.hu/gazdasag/2019/12/11/europai_zold_megallapodas_ursula_von_der_leyen_europai_bizottsag/
e839f60058a0888f00051823531139148367b6687f9cbef3e8cf5b2a828cc1f2,2025-06-22 21:32:47.054357+00:00,hu,hvg.hu,hvg.hu,2019-12-16,Az elszalasztott lehetőség: semmire nem jutottak a madridi klímacsúcson,http://hvg.hu/gazdasag/20191216_madridi_klimacsucs_ensz_klimavaltozas#rss
0a20fd9a6650df9ccad31bb3ee4a52356d7b4dabd549db868dfe738b134c821e,2025-06-22 18:03:50.565814+00:00,hu,boon.hu,boon.hu,2019-12-18,Kenya megduplázza nemzeti parkjai erdőterületét,https://boon.hu/orszag-vilag/kenya-megduplazza-nemzeti-parkjai-erdoteruletet-3969747/
25d8ae4442368bbe19f25a7a38d11dd9026ef8b4bb49aade1aa2e15d00ad8230,2025-06-22 18:01:54.443931+00:00,hu,haon.hu,haon.hu,2019-12-18,Kenya megduplázza nemzeti parkjai erdőterületét,https://haon.hu/orszag-vilag/kenya-megduplazza-nemzeti-parkjai-erdoteruletet-3737829/
56b72beed560879bd6c516a0c95ee64d993665d822f5e43b98843e383a91d0d4,2025-06-22 18:01:52.383711+00:00,hu,delmagyar.hu,delmagyar.hu,2019-12-18,Kenya megduplázza nemzeti parkjai erdőterületét,https://www.delmagyar.hu/orszag-vilag/kenya-megduplazza-nemzeti-parkjai-erdoteruletet-4815249/?utm_source=rssfeed
882f6333612817d5d573eaacfd6d65bedfa0aa590a4c33ecb4a6da94edec90b0,2025-06-22 18:00:48.218934+00:00,hu,szon.hu,szon.hu,2019-12-18,Kenya megduplázza nemzeti parkjai erdőterületét,https://szon.hu/orszag-vilag/kenya-megduplazza-nemzeti-parkjai-erdoteruletet-3591459/
ff989d3c7523a21033c1b82121daff4eff6eb7343e8c302feddff30fc27afbf7,2025-06-22 08:55:33.328038+00:00,hu,magyarnarancs.hu,magyarnarancs.hu,2018-05-23,"Nem akarják megmenteni a világot azok, akik a mézesbödönben ülnek",https://m.magyarnarancs.hu/tudomany/mta-kutatas-halal-125530
0a6d126f50a83330fd9ec4f10cc65d287de89b4c91a307df5252295fba41befc,2025-06-22 01:35:06.802508+00:00,hu,demokrata.hu,demokrata.hu,2019-12-31,Az erdősítés évszázada,https://demokrata.hu/zold-jovo/az-erdosites-evszazada-189854/
48fa502ea9f1af11fff8a28d11550085dd425cff3910d3966a21853668941da5,2025-06-17 07:30:19.149379+00:00,hu,demokrata.hu,demokrata.hu,2025-06-17,Jönnek és maradnak – Agresszív betolakodók fenyegetik hazánkat,https://demokrata.hu/tudomany/jonnek-es-maradnak-995703/
a434c810b3ebfeaa59b2f54a7c53fda8ade1a579ac13b3865d691a1078117a8d,2025-06-17 07:28:10.234311+00:00,hu,portfolio.hu,portfolio.hu,2025-06-17,"Rákapcsolt a Magyar Telekom, több mint 16 milliárd forintért vett saját részvényeket",https://www.portfolio.hu/uzlet/20250617/rakapcsolt-a-magyar-telekom-tobb-mint-16-milliard-forintert-vett-sajat-reszvenyeket-768481
e7a707f1fe1cb4c6140f446106b8e90ee2d992c0cad8b866bd115da9370df250,2025-06-17 07:28:04.134662+00:00,hu,portfolio.hu,portfolio.hu,2025-06-17,Itt az első fecske: pert nyert egy devizahiteles az Európai Unió Bíróságának ítélete alapján,https://www.portfolio.hu/bank/20250617/itt-az-elso-fecske-pert-nyert-egy-devizahiteles-az-europai-unio-birosaganak-itelete-alapjan-768475
27612d27d7f30e81c284db1c5c29f97464204d158047e998e593dc1ab8643786,2025-06-17 07:27:56.980146+00:00,hu,portfolio.hu,portfolio.hu,2025-06-17,Betelt a pohár: váratlan támadásra készül az OpenAI,https://www.portfolio.hu/uzlet/20250617/betelt-a-pohar-varatlan-tamadasra-keszul-az-openai-768477
9f2f937493383a51702b68b550e3499a0d1f238c1abd76a38ebb98ae8d64da27,2025-06-17 07:27:33.804383+00:00,hu,portfolio.hu,portfolio.hu,2025-06-17,Jön az EU nagy szakítása Oroszországgal: új részletek szivárogtak ki,https://www.portfolio.hu/global/20250617/jon-az-eu-nagy-szakitasa-oroszorszaggal-uj-reszletek-szivarogtak-ki-768467
38cc1bb3bbfd61e43b212d918c773e13093aac5b8af533d757402014470c8acf,2025-06-17 07:27:24.478361+00:00,hu,portfolio.hu,portfolio.hu,2025-06-17,"Donald Trump szavai miatt aggódnak a befektetők, lefordulás a tőzsdéken",https://www.portfolio.hu/uzlet/20250617/donald-trump-szavai-miatt-aggodnak-a-befektetok-lefordulas-a-tozsdeken-768451
5778841cb5df09262bb3212568cb135caf8a85c88d72911a8a94acb7c3e50c87,2025-06-17 07:27:04.115886+00:00,hu,portfolio.hu,portfolio.hu,2025-06-17,AI-klónt vet be az egyik sztárfintech,https://www.portfolio.hu/bank/20250617/ai-klont-vet-be-az-egyik-sztarfintech-768459
2590996480a60adff084459567fc0db6b9a19528ef164d19dbd4d0ba4cb8dc8d,2025-06-17 07:26:22.998515+00:00,hu,portfolio.hu,portfolio.hu,2025-06-17,"Mélypontra esett a kereslet, kevesen vették a lakossági állampapírokat",https://www.portfolio.hu/befektetes/20250617/melypontra-esett-a-kereslet-kevesen-vettek-a-lakossagi-allampapirokat-768465
c77e8d19a214588dbcf5c7f566b07be7636333ef9609039677427f85f9be1e4c,2025-06-16 22:28:55.171805+00:00,hu,portfolio.hu,portfolio.hu,2025-06-16,Két kriptós nagyágyú jöhet hamarosan Európába,https://www.portfolio.hu/befektetes/20250616/ket-kriptos-nagyagyu-johet-hamarosan-europaba-768173
ace57fc526f7563965b97032b8182af01344db9ad582c00660b809fb4843740f,2025-06-16 22:27:53.485511+00:00,hu,portfolio.hu,portfolio.hu,2025-06-16,Több mint egymilliárd forint értékben vett saját részvényeket a Magyar Telekom,https://www.portfolio.hu/befektetes/20250616/tobb-mint-egymilliard-forint-ertekben-vett-sajat-reszvenyeket-a-magyar-telekom-768187
018e128b17ce6cfb4b44922038ce6c15c0defdb0f5723359e4361fdf87e2f699,2025-06-16 22:27:39.433123+00:00,hu,portfolio.hu,portfolio.hu,2025-06-16,Kiderültek az Opus részvényvásárlásának körülményei,https://www.portfolio.hu/befektetes/20250616/kiderultek-az-opus-reszvenyvasarlasanak-korulmenyei-768167
d5100a10e1b215821e61c8a43d03460cb51402aeb2223f1ec63e8b2bb3c590f5,2025-06-16 22:27:23.973527+00:00,hu,portfolio.hu,portfolio.hu,2025-06-16,MBH: havonta 91 ezer forintot tudnak félretenni a magyarok,https://www.portfolio.hu/befektetes/20250616/mbh-havonta-91-ezer-forintot-tudnak-felretenni-a-magyarok-768209
5656b8136fd72601261317e89856448ff34c6a0f5dc362f5e46a69a980522426,2025-06-16 21:39:54.156965+00:00,hu,portfolio.hu,portfolio.hu,2025-06-16,Ez is eljött: hőségriasztást adtak ki Alaszkára,https://www.portfolio.hu/gazdasag/20250616/ez-is-eljott-hosegriasztast-adtak-ki-alaszkara-768409
49308859e33d4f8c7b6441f00b633f20d40dd2713745506b42f7c73f79d9c86a,2025-06-16 21:20:37.180263+00:00,hu,portfolio.hu,portfolio.hu,2025-06-16,Döntött a kormány: megszűnik a TAJ-kártya,https://www.portfolio.hu/gazdasag/20250616/dontott-a-kormany-megszunik-a-taj-kartya-768433
7f333539c96c7dbe43d9b1cc9bd7e1296d72d645d80850751ab0b38e516c5ac8,2025-06-16 21:20:15.734652+00:00,hu,portfolio.hu,portfolio.hu,2025-06-16,ÁKK: jelentős kereslet volt a magyar devizakötvények iránt,https://www.portfolio.hu/deviza/20250616/akk-jelentos-kereslet-volt-a-magyar-devizakotvenyek-irant-768425
fe8ebfae98718989d76beb9db458b258e9e148c4644a0c4e925dc6a9a1588cb0,2025-06-16 21:19:48.115401+00:00,hu,portfolio.hu,portfolio.hu,2025-06-16,Minimálbéres támogatásról döntött a kormány,https://www.portfolio.hu/gazdasag/20250616/minimalberes-tamogatasrol-dontott-a-kormany-itt-vannak-a-reszletek-768427
abc9bd13ad6adcda6eafa583287e44a76e3aaf46a7be3c2ae1a0383b754fc704,2025-06-16 21:19:11.812197+00:00,hu,portfolio.hu,portfolio.hu,2025-06-16,"Újabb orosz ajánlat érkezett Ukrajnának, ezzel pedig véletlen lebuktatta magát Moszkva",https://www.portfolio.hu/global/20250616/ujabb-orosz-ajanlat-erkezett-ukrajnanak-ezzel-pedig-veletlen-lebuktatta-magat-moszkva-768429
4a82c44daa43e6d7e0542b5bb5dcbf2c9ccb1947b2ea1533457fc4d0409c83ef,2025-06-16 21:18:45.781177+00:00,hu,portfolio.hu,portfolio.hu,2025-06-16,"Fordulat a közel-keleti konfliktusban, erősödéssel zárt Amerika",https://www.portfolio.hu/befektetes/20250616/fordulat-a-kozel-keleti-konfliktusban-erosodessel-zart-amerika-768147
ac81b55e2d22edc17751cab694578e6282438045cb5238960af6d52fc1877fb3,2025-06-16 20:21:28.995851+00:00,hu,portfolio.hu,portfolio.hu,2025-06-16,Itt a váratlan bejelentés: Németország lakatot tenne az uniós forrásokra,https://www.portfolio.hu/gazdasag/20250616/itt-a-varatlan-bejelentes-nemetorszag-lakatot-tenne-az-unios-forrasokra-768405
a3d8e5b08826cd851689bf5236d19b694f53dcdfd5be90d3bad0cc618886ff69,2025-06-16 20:21:21.579719+00:00,hu,portfolio.hu,portfolio.hu,2025-06-16,Kiszivárgott dokumentum: 36 országra terjedhet ki az USA utazási tilalma,https://www.portfolio.hu/global/20250616/kiszivargott-dokumentum-36-orszagra-terjedhet-ki-az-usa-utazasi-tilalma-768421
24ba865e8044554e2014efc525a2ec103b7fac7be607b7118515f441e750ab73,2025-06-16 20:21:08.146417+00:00,hu,portfolio.hu,portfolio.hu,2025-06-16,Bejelentette Irán: a valaha volt legnagyobb támadásra készül,https://www.portfolio.hu/global/20250616/bejelentette-iran-a-valaha-volt-legnagyobb-tamadasra-keszul-768415
1cc9d76ce72d34dc46ca8e67b62767244b101b8108ea689db759a04b5904059b,2025-06-16 20:20:00.244164+00:00,hu,portfolio.hu,portfolio.hu,2025-06-16,Kerek-perec elmondta Izrael a véleményét a békéről,https://www.portfolio.hu/global/20250616/kerek-perec-elmondta-izrael-a-velemenyet-a-bekerol-mar-az-irani-vezeto-elleni-csapast-fontolgatjak-768407
937fc153bfae9eee89ff6e81d63dd02d42e99b8093037b4f426083ce43e46feb,2025-06-16 20:19:55.702199+00:00,hu,portfolio.hu,portfolio.hu,2025-06-16,Veszélyben az oltási politika: újabb amerikai tudós távozott,https://www.portfolio.hu/global/20250616/veszelyben-az-oltasi-politika-ujabb-amerikai-tudos-tavozott-768411
bfac7cbfc45b7ca24b8d229598f4d72b9970ea3b5e55037dd65adfaf46cc67cf,2025-06-16 20:19:50.361184+00:00,hu,portfolio.hu,portfolio.hu,2025-06-16,Megszólalt Donald Trump is az iráni béke lehetőségéről,https://www.portfolio.hu/global/20250616/megszolalt-donald-trump-is-az-irani-beke-lehetosegerol-768393
ceacd63e5a7121d2329dd4564b312b1d4736f8d2ddad0d1d8a5b85e23b0aaaef,2025-06-16 20:19:45.661238+00:00,hu,portfolio.hu,portfolio.hu,2025-06-16,"Nagyon egyszerű trükköt találtak ki az ukránok, ezzel már bárhová elér az ukrán hírszerzés keze",https://www.portfolio.hu/global/20250616/nagyon-egyszeru-trukkot-talaltak-ki-az-ukranok-ezzel-mar-barhova-eler-az-ukran-hirszerzes-keze-768419
0e3619a8e956d5f08b6bb64ecad145cd4eb15bfaa09d09aca701c6e37711e0d7,2025-06-16 20:19:40.719465+00:00,hu,portfolio.hu,portfolio.hu,2025-06-16,Drasztikus döntést hozott a Wizz Air,https://www.portfolio.hu/gazdasag/20250616/drasztikus-dontest-hozott-a-wizz-air-768403
cb26528b3c39e68793d977a83ad79fef441fad9ef35af0c8b2979cc79695e177,2025-06-16 20:19:20.611221+00:00,hu,portfolio.hu,portfolio.hu,2025-06-16,Pórul járt minden Tesla-vásárló,https://www.portfolio.hu/uzlet/20250616/porul-jart-minden-tesla-vasarlo-768397
a8b233a0c8ff009ef40684b126c98e692174add6b3d84eac35d4f0bd50ec5816,2025-06-16 20:18:56.265359+00:00,hu,portfolio.hu,portfolio.hu,2025-06-16,Akvizíciót jelentett be a Delta Technologies,https://www.portfolio.hu/uzlet/20250616/akviziciot-jelentett-be-a-delta-technologies-768279
7a5863d0e3591e9a4f3b64e9abb40f424caa68b943d2f99ee88391ea4dcb341a,2025-06-16 20:18:03.104948+00:00,hu,portfolio.hu,portfolio.hu,2025-06-16,Emelkedéssel kezdi a hetet a magyar tőzsde,https://www.portfolio.hu/uzlet/20250616/emelkedessel-kezdi-a-hetet-a-magyar-tozsde-768201
d041cf7f50abc4e8fc0c4113aa4425d885b8d1e92a82d12924bed55148123115,2025-06-16 20:17:12.220749+00:00,hu,portfolio.hu,portfolio.hu,2025-06-16,Több mint 10 százalékot ralizott egy magyar részvény,https://www.portfolio.hu/uzlet/20250616/tobb-mint-10-szazalekot-ralizott-egy-magyar-reszveny-768283
77675188db9f487767f98fa6b69318b5442f70101229592caf5b39e61f573132,2025-06-16 19:37:47.794344+00:00,hu,portfolio.hu,portfolio.hu,2025-06-16,"Újabb olasz banki felvásárlás csúszik, mert zúgolódnak a részvényesek",https://www.portfolio.hu/bank/20250616/ujabb-olasz-banki-felvasarlas-csuszik-mert-zugolodnak-a-reszvenyesek-768181
7c706f57a6dfc69715d47ca9c4ed71b71639e8e23bca131e07169671a6f4f026,2025-06-16 19:37:42.236595+00:00,hu,portfolio.hu,portfolio.hu,2025-06-16,"Kiderült, mennyi pénzt nyúltak le a magyarok bankszámláiról",https://www.portfolio.hu/bank/20250616/kiderult-mennyi-penzt-nyultak-le-a-magyarok-bankszamlairol-768291
466381e4edb671790266db2e466c09c33df2c7230341bbf2fc6b605082e524eb,2025-06-16 19:37:16.672569+00:00,hu,portfolio.hu,portfolio.hu,2025-06-16,Munkavállalói részvénytulajdonosi programot indított az UniCredit,https://www.portfolio.hu/bank/20250616/munkavallaloi-reszvenytulajdonosi-programot-inditott-az-unicredit-768297
df5f6911cdbea0e4cacc93f95caaaebc4be27e3b73bf7e088bf627590c804969,2025-06-16 19:35:54.186945+00:00,hu,portfolio.hu,portfolio.hu,2025-06-16,Most vagy soha? Jóárasították az eurót a nyaraláshoz,https://www.portfolio.hu/deviza/20250616/most-vagy-soha-joarasitottak-az-eurot-a-nyaralashoz-768271
8f85627cbdae93cb56075cb4e7c946c8f0c6597cebf379a51161465137072591,2025-06-16 19:35:48.999138+00:00,hu,portfolio.hu,portfolio.hu,2025-06-16,"Nem szabály, csak kivétel: 2% alá csökkenhet jövőre az infláció az euróövezetben",https://www.portfolio.hu/deviza/20250616/nem-szabaly-csak-kivetel-2-ala-csokkenhet-jovore-az-inflacio-az-euroovezetben-768199
9d4697a2386968b778bbdd1ea54a5092eee8cbc2506cf256afd578f1cde84ce6,2025-06-16 19:33:28.069439+00:00,hu,portfolio.hu,portfolio.hu,2025-06-16,"Brüsszel új adók sorát vetheti ki, az EU-pénzekre is ráteszik a kezüket",https://www.portfolio.hu/unios-forrasok/20250616/brusszel-uj-adok-sorat-vetheti-ki-az-eu-penzekre-is-rateszik-a-kezuket-768217
67542605dd0424d32641fbb745e28ccce24ed271edd6bbbd6032652cee19695f,2025-06-16 19:33:16.480277+00:00,hu,portfolio.hu,portfolio.hu,2025-06-16,"Brüsszel felismerte: G6+1 lett a G7-ből, az EU lehet a Nyugat valódi hatalma",https://www.portfolio.hu/unios-forrasok/20250616/brusszel-felismerte-g61-lett-a-g7-bol-az-eu-lehet-a-nyugat-valodi-hatalma-768183
8c0a1e295fc9451f432853ed51eb9e4001235679f384403d77e8fdf3af190d88,2025-06-16 19:33:10.494631+00:00,hu,portfolio.hu,portfolio.hu,2025-06-16,Zöld Burger King épül Csepelen,https://www.portfolio.hu/ingatlan/20250616/zold-burger-king-epul-csepelen-768213
6358cf3fae37c5c8d811029008a6002341a4b810670ea50ca1e0a013f3b4a1b6,2025-06-16 17:23:54.829105+00:00,hu,portfolio.hu,portfolio.hu,2025-06-16,Alkalmasnak ítélték Palotai Dánielt az MNB alelnöki posztjára,https://www.portfolio.hu/gazdasag/20250616/alkalmasnak-iteltek-palotai-danielt-az-mnb-alelnoki-posztjara-768391
14d8b2d755650eb9c3a699dcb1e12e52ffbf4d358b3c7b382dff5c8066141750,2025-06-16 17:22:53.870242+00:00,hu,portfolio.hu,portfolio.hu,2025-06-16,Komoly harc megy a fogyasztószerek piacán,https://www.portfolio.hu/gazdasag/20250616/komoly-harc-megy-a-fogyasztoszerek-piacan-768385
883da1f98f7b4a64d0197f34dce5399d0e8fc5c34fad9946af68f0e1ce0b4f70,2025-06-16 17:22:48.570781+00:00,hu,portfolio.hu,portfolio.hu,2025-06-16,Elképesztő felvételek: élő adásban bombázták le az iráni médiát,https://www.portfolio.hu/global/20250616/elkepeszto-felvetelek-elo-adasban-bombaztak-le-az-irani-mediat-768389
aaf7a0e502c449be2c1d229f500df3ad5728a43ffe535341f704e36bfdeb6f2a,2025-06-16 17:22:28.869765+00:00,hu,portfolio.hu,portfolio.hu,2025-06-16,"Invázió a Balatonnál: milliónyi rovar lepi el a partot, és ez még csak a kezdet!",https://www.portfolio.hu/gazdasag/20250616/invazio-a-balatonnal-millionyi-rovar-lepi-el-a-partot-es-ez-meg-csak-a-kezdet-768373
a054d3a0bf9a10515b301d988b168fb9419dce597dd374492bc7e97739a9d692,2025-06-16 17:21:56.976686+00:00,hu,portfolio.hu,portfolio.hu,2025-06-16,"Az EU minden háztartása háborúban áll, a pusztítás már kézzel fogható",https://www.portfolio.hu/unios-forrasok/20250616/az-eu-minden-haztartasa-haboruban-all-a-pusztitas-mar-kezzel-foghato-768245
7c3d9add912311102332ff10708140bcd62f7d43668806b305cd87f3d275038d,2025-06-16 17:21:51.966109+00:00,hu,portfolio.hu,portfolio.hu,2025-06-16,Súlyos támadásra készülnek a főváros ellen,https://www.portfolio.hu/global/20250616/sulyos-tamadasra-keszulnek-a-fovaros-ellen-kiadta-az-evakualasi-parancsot-izrael-768381
6ef035e9240c7e8d157c759f62fee2f32bd6233a6129b07e99f43721e4d07754,2025-06-16 17:21:44.148289+00:00,hu,portfolio.hu,portfolio.hu,2025-06-16,Visszafordult a forint: 402 felett az árfolyam,https://www.portfolio.hu/deviza/20250616/visszafordult-a-forint-402-felett-az-arfolyam-768159
7f3500c6065c210d7f7772f3a6e4f64724dfd3cd89873ddf764172a02edfde0e,2025-06-16 17:21:35.485687+00:00,hu,portfolio.hu,portfolio.hu,2025-06-16,Kiadta a parancsot az Egyesült Államok: útnak indították a világ egyik legnagyobb hadihajóját,https://www.portfolio.hu/global/20250616/kiadta-a-parancsot-az-egyesult-allamok-utnak-inditottak-a-vilag-egyik-legnagyobb-hadihajojat-768377
cd05446517549c27c25c046e7d28ec95f0b562a54093a1a4730261025a95f874,2025-06-16 16:21:30.611303+00:00,hu,portfolio.hu,portfolio.hu,2025-06-16,"Szétbombázza Teheránt az izraeli légierő, Irán kész tárgyalni a békéről",https://www.portfolio.hu/global/20250616/szetbombazza-teherant-az-izraeli-legiero-iran-kesz-targyalni-a-bekerol-hetfoi-hireink-az-iran-izrael-haborurol-percrol-percre-768145
1cdbd66fcecaf42007934f5eaac288f204631505b1724f3a165c914543b1ab0d,2025-06-16 16:21:25.485479+00:00,hu,portfolio.hu,portfolio.hu,2025-06-16,Nagyon viszik a magyar devizakötvényeket,https://www.portfolio.hu/deviza/20250616/nagyon-viszik-a-magyar-devizakotvenyeket-768353
bc1fbb7349deb079e429dc2134bf136cde2b6a88226dea63c3222f2f8db93364,2025-06-16 16:21:20.482492+00:00,hu,portfolio.hu,portfolio.hu,2025-06-16,Szijjártó: Magyarország és Szlovákia megvétózta az orosz energiahordozók kivezetéséről szóló brüsszeli tervet,https://www.portfolio.hu/global/20250616/szijjarto-magyarorszag-es-szlovakia-megvetozta-az-orosz-energiahordozok-kivezeteserol-szolo-brusszeli-tervet-768357
dbd5f384239dac7832c586fbd75eabde35dab872748d2422528e8a708725ddd8,2025-06-16 16:21:15.509032+00:00,hu,portfolio.hu,portfolio.hu,2025-06-16,Stratégiai atomalku köttetett Kazahsztánban: két nagyágyúval sikerült leszerződni,https://www.portfolio.hu/gazdasag/20250616/strategiai-atomalku-kottetett-kazahsztanban-ket-nagyagyuval-sikerult-leszerzodni-768371
7210ba2e07af22f5399517aead4984d78edff0d1885eae4c4619c619a424a69c,2025-06-16 16:21:09.281696+00:00,hu,portfolio.hu,portfolio.hu,2025-06-16,Elképesztő méreteket öltő kábítószerpiacra csaptak le Európában: lőttek az illegális platformnak,https://www.portfolio.hu/global/20250616/elkepeszto-mereteket-olto-kabitoszerpiacra-csaptak-le-europaban-lottek-az-illegalis-platformnak-768367
d2fe9f79f703d3ea4329c9ad5675a80257afd079c7ed6134888b107ab6634a2f,2025-06-16 16:21:01.798873+00:00,hu,portfolio.hu,portfolio.hu,2025-06-16,Lerázta magáról a háborút a forint: lőtávolban a 400-as euró,https://www.portfolio.hu/deviza/20250616/lerazta-magarol-a-haborut-a-forint-lotavolban-a-400-as-euro-768159
454c2943e7d5d8d8ac16179df61b55612fb6aacc52dfd063ac10397bd9611d30,2025-06-16 16:20:57.126961+00:00,hu,portfolio.hu,portfolio.hu,2025-06-16,"Emelkedéssel zárt a magyar tőzsde, több kispapír ralizott",https://www.portfolio.hu/uzlet/20250616/emelkedessel-zart-a-magyar-tozsde-tobb-kispapir-ralizott-768379
d36cb7a13b0f3f5caad0c0578ecbccaa2bba6a85be272c58a06c64ac7eb0b315,2025-06-16 16:20:52.486171+00:00,hu,portfolio.hu,portfolio.hu,2025-06-16,"Úgy néz ki, Iránnak máris elég volt: készek tárgyalni a békéről",https://www.portfolio.hu/global/20250616/ugy-nez-ki-irannak-maris-eleg-volt-keszek-targyalni-a-bekerol-768351
6ba9327e14c4f4af1aa1a746bdfba5bb89ba8b64810caec9bbbd41fb4b45feee,2025-06-16 16:20:47.221813+00:00,hu,portfolio.hu,portfolio.hu,2025-06-16,Meddig tart még a háború? Határozott választ adott Izrael,https://www.portfolio.hu/global/20250616/meddig-tart-meg-a-haboru-hatarozott-valaszt-adott-izrael-768349
7ced3fe8fc124b01e2df8ed92cec04f4eb21bccee51bb7354725134f13a3a818,2025-06-16 16:20:40.394137+00:00,hu,portfolio.hu,portfolio.hu,2025-06-16,Sokkszerű bejelentés: Washington hirtelen megszakította a párbeszédet Moszkvával,https://www.portfolio.hu/global/20250616/sokkszeru-bejelentes-washington-hirtelen-megszakitotta-a-parbeszedet-moszkvaval-768341
0184ec705550d3f0699de16e726930f014f29d23ccf09e33b9246b97723080c7,2025-06-16 16:20:35.462095+00:00,hu,portfolio.hu,portfolio.hu,2025-06-16,Magyarázatot követelnek: a légikatasztrófa után újabb Boeing kényszerült visszafordulni,https://www.portfolio.hu/global/20250616/magyarazatot-kovetelnek-a-legikatasztrofa-utan-ujabb-boeing-kenyszerult-visszafordulni-768363
dd47d3790c0aafef63aa89c54c09f272d7652aea824f09a629cb035f74134513,2025-06-16 16:20:30.363469+00:00,hu,portfolio.hu,portfolio.hu,2025-06-16,"Az állampapír-befektetőktől próbálnak lopni a csalók, ne dőljön be ennek az átverésnek!",https://www.portfolio.hu/befektetes/20250616/az-allampapir-befektetoktol-probalnak-lopni-a-csalok-ne-doljon-be-ennek-az-atveresnek-768345
3f81f37992e0ee7b8e85d0300ba5b894366d8acd97c2cb5849a64bf8e102c4c8,2025-06-16 16:20:20.324267+00:00,hu,portfolio.hu,portfolio.hu,2025-06-16,Itt a friss előrejelzés: alig nőhet idén a magyar gazdaság,https://www.portfolio.hu/gazdasag/20250616/itt-a-friss-elorejelzes-alig-nohet-iden-a-magyar-gazdasag-768369
0d50eca69ec1e98eb7c95e52319efd18615c573e85ec07b9b6ae4a72cea5b0cc,2025-06-16 16:20:15.250253+00:00,hu,portfolio.hu,portfolio.hu,2025-06-16,"Új korszak köszöntött be a nukleáris fegyverkezésben, és ez semmi jót nem ígér a világnak",https://www.portfolio.hu/global/20250616/uj-korszak-koszontott-be-a-nuklearis-fegyverkezesben-es-ez-semmi-jot-nem-iger-a-vilagnak-768365
b5f7c87805e02dd84e5421e0b91cdb7d6d4fdaf16e5c3f0398f1f3d7eec755e7,2025-06-16 16:20:10.273724+00:00,hu,portfolio.hu,portfolio.hu,2025-06-16,Irán-Izrael háború: itt van az 5 legfontosabb tudnivaló,https://www.portfolio.hu/global/20250616/iran-izrael-haboru-itt-van-az-5-legfontosabb-tudnivalo-768313
3a8f580388f07cb1ff8f0f558de2083147bc8ecdab92e110859067c518a912cf,2025-06-16 16:20:05.296525+00:00,hu,portfolio.hu,portfolio.hu,2025-06-16,Aranyba öntött okostelefonok gyártásába kezd a Trump család: szeptembertől indul a Trump Mobile,https://www.portfolio.hu/uzlet/20250616/aranyba-ontott-okostelefonok-gyartasaba-kezd-a-trump-csalad-szeptembertol-indul-a-trump-mobile-768337
33ce9b1a0b20064a31ff36ab610d7891655df1c549160acdb238593fc6035ae9,2025-06-16 16:20:00.445567+00:00,hu,portfolio.hu,portfolio.hu,2025-06-16,"Fordulat a közel-keleti konfliktusban, felpattantak a tőzsdék",https://www.portfolio.hu/befektetes/20250616/fordulat-a-kozel-keleti-konfliktusban-felpattantak-a-tozsdek-768147
d4998a19f31d4909f5e98af293c58566dd618e2558378195764f6cab96a7e928,2025-06-16 16:19:55.521272+00:00,hu,portfolio.hu,portfolio.hu,2025-06-16,"Alapos ráncfelvarrást kapott a világ legmodernebb vadászgépe, kész a T-3 az F-35-ösökhöz",https://www.portfolio.hu/global/20250616/alapos-rancfelvarrast-kapott-a-vilag-legmodernebb-vadaszgepe-kesz-a-t-3-az-f-35-osokhoz-768361
8d93b01dccf92f6ec7cc61ad3aebb83e74fdd3076c3f5cf853c46c86ae41d0ab,2025-06-16 16:19:49.015990+00:00,hu,portfolio.hu,portfolio.hu,2025-06-16,Csúcsközelben a tőzsdék,https://www.portfolio.hu/podcast/20250616/csucskozelben-a-tozsdek-mit-tegyunk-most-768355
496ef379b5fa04b0dc8881235c45f9a55c52045942b8863b19dcfa4ba91d8102,2025-06-16 14:27:54.278147+00:00,hu,portfolio.hu,portfolio.hu,2025-06-16,Megszólalt az MNB új alelnökjelöltje,https://www.portfolio.hu/gazdasag/20250616/megszolalt-az-mnb-uj-alelnokjeloltje-768339
7423c8a7a263c26744897e50aa9ecba9d04278232d7bca7aac86379ec4010c07,2025-06-16 14:27:49.202859+00:00,hu,portfolio.hu,portfolio.hu,2025-06-16,Rejtélyes rádiójeleket fogtak a kutatók az Antarktiszon,https://www.portfolio.hu/global/20250616/rejtelyes-radiojeleket-fogtak-a-kutatok-az-antarktiszon-768301
e8ff0019b8ccc249b74f27035bc3aec23d2ff11bc1683af87395cb7569cc496e,2025-06-16 14:27:44.140937+00:00,hu,portfolio.hu,portfolio.hu,2025-06-16,Kellemetlen adatokat kapott kézhez Zelenszkij: ez már zuhanórepülés,https://www.portfolio.hu/global/20250616/kellemetlen-adatokat-kapott-kezhez-zelenszkij-ez-mar-zuhanorepules-768321
8c33b6ec51b0e0d82df9b574da62861cdd51bb4999043d82ba157b79e9f0fe51,2025-06-16 14:27:39.224939+00:00,hu,portfolio.hu,portfolio.hu,2025-06-16,"Ki akartak rabolni egy bankot Solymáron, nagy erőkkel vonult ki a rendőrség",https://www.portfolio.hu/bank/20250616/ki-akartak-rabolni-egy-bankot-solymaron-nagy-erokkel-vonult-ki-a-rendorseg-768309
19b9e93aa68feeb0f57b8a94cac51653050f35318679e5c671b996818cbf99fe,2025-06-16 14:27:34.166279+00:00,hu,portfolio.hu,portfolio.hu,2025-06-16,Pusztító tűz tombol a mediterrán turistaparadicsomban: evakuálják a lakosságot,https://www.portfolio.hu/global/20250616/pusztito-tuz-tombol-a-mediterran-turistaparadicsomban-evakualjak-a-lakossagot-768329
0bd88dc1a1d22703e518d41294266b9e6dd6ed2ecb8e780aa2554e59500c3908,2025-06-16 14:27:29.708462+00:00,hu,portfolio.hu,portfolio.hu,2025-06-16,"Friss felvételek: álcázott szállítmányokat semmisít meg az IDF, az iráni légvédelem teljesen tehetetlen",https://www.portfolio.hu/global/20250616/friss-felvetelek-alcazott-szallitmanyokat-semmisit-meg-az-idf-az-irani-legvedelem-teljesen-tehetetlen-768319
5140e0de9d36974ff6803daad5d03c550399e3231f6351d0cd8a40039c0bbff8,2025-06-16 14:27:24.490493+00:00,hu,portfolio.hu,portfolio.hu,2025-06-16,"Hidegfront vonul át Magyarországon: már kiadták a riasztásokat, akár jégeső is jöhet",https://www.portfolio.hu/global/20250616/hidegfront-vonul-at-magyarorszagon-mar-kiadtak-a-riasztasokat-akar-jegeso-is-johet-768317
85ce443f448b19dd2caf6d90db50924a45b24bbcb47c4d13d4e3e7b62a358ef1,2025-06-16 14:27:19.258729+00:00,hu,portfolio.hu,portfolio.hu,2025-06-16,Jön a 700 forintos benzin? Súlyos következményekkel fenyeget a közel-keleti háború,https://www.portfolio.hu/gazdasag/20250616/jon-a-700-forintos-benzin-sulyos-kovetkezmenyekkel-fenyeget-a-kozel-keleti-haboru-768195
227478e0aa163bf700cb0afa89c6448cd68ef6acc2378dc0f11d86119efbb45d,2025-06-16 14:27:09.346787+00:00,hu,portfolio.hu,portfolio.hu,2025-06-16,Kongatja a vészharangot a világszervezet: ezzel csak a diktátorok járnak jól!,https://www.portfolio.hu/global/20250616/kongatja-a-veszharangot-a-vilagszervezet-ezzel-csak-a-diktatorok-jarnak-jol-768325
134475b14868c74b0c45caf8f97b074ed46aff16d7fe44366a19b751e27384a4,2025-06-16 14:27:04.165643+00:00,hu,portfolio.hu,portfolio.hu,2025-06-16,Teljes szélességében lezárták a Nyugat-Magyarországot átszelő főutat,https://www.portfolio.hu/gazdasag/20250616/teljes-szelessegeben-lezartak-a-nyugat-magyarorszagot-atszelo-foutat-768311
929666267d0defcc5849d97eb9d0e5ede3a3fa5cddf5ff0a26d2af3e76d4a6ec,2025-06-16 14:26:59.438791+00:00,hu,portfolio.hu,portfolio.hu,2025-06-16,Lendületben a befektetések: erősödik a megújuló energia üzletág a régióban,https://www.portfolio.hu/uzlet/20250616/lenduletben-a-befektetesek-erosodik-a-megujulo-energia-uzletag-a-regioban-768269
dc2b5e6660995786e5dc9e33a15019222ccaffeba20127f0d0da6ee2e51e63c0,2025-06-16 14:26:47.398792+00:00,hu,portfolio.hu,portfolio.hu,2025-06-16,Indul a lakossági távhőpályázat – Akár 200 ezer háztartás fizethet kevesebbet a rezsiért,https://www.portfolio.hu/gazdasag/20250616/indul-a-lakossagi-tavhopalyazat-akar-200-ezer-haztartas-fizethet-kevesebbet-a-rezsiert-768335
f3c1a48fe13a6b3e16eb999471dd26594eefb227ee054bb542284bcd7dcd70b5,2025-06-16 14:26:41.277139+00:00,hu,portfolio.hu,portfolio.hu,2025-06-16,Határidőt hosszabbít az OTP a régi netbank kivezetésénél,https://www.portfolio.hu/bank/20250616/hataridot-hosszabbit-az-otp-a-regi-netbank-kivezetesenel-768323
d69bb8cc2a7506b4ea0aa968d5de6c7876c8e5b9ff6dcf4fbda5b06f7c27c602,2025-06-16 14:26:22.123128+00:00,hu,portfolio.hu,portfolio.hu,2025-06-16,Kispapírok nagy napja a magyar tőzsdén,https://www.portfolio.hu/befektetes/20250616/kispapirok-nagy-napja-a-magyar-tozsden-768299
b5906d7533ebdb133d1ea6ec79327ea4b99cd2da3d02ed2d7cba81a10f320f34,2025-06-16 10:31:16.951631+00:00,hu,portfolio.hu,portfolio.hu,2025-06-16,Máris piacra dobta Magyarország az új dollárkötvényeket,https://www.portfolio.hu/befektetes/20250616/maris-piacra-dobta-magyarorszag-az-uj-dollarkotvenyeket-768265
603446d6a74da67b7970f20470c9ecb43a6efb1f61639453af7dd20927090121,2025-06-16 10:31:12.749948+00:00,hu,portfolio.hu,portfolio.hu,2025-06-16,Az iráni háború árnyékában is emelkednek a tőzsdék,https://www.portfolio.hu/befektetes/20250616/az-irani-haboru-arnyekaban-is-emelkednek-a-tozsdek-768147
ab60569876f0dcb93e6e4471ea17854798fa7ea79aa5f6f3bd08694978950b50,2025-06-16 10:30:52.511686+00:00,hu,portfolio.hu,portfolio.hu,2025-06-16,"Már a nagyhatalom elsöprő támadására készülnek a feszült térségben, az is kiderült, mikor jöhet el a pillanat",https://www.portfolio.hu/global/20250616/mar-a-nagyhatalom-elsopro-tamadasara-keszulnek-a-feszult-tersegben-az-is-kiderult-mikor-johet-el-a-pillanat-768259
7d98e5489d52a90df940d0ae102f6c6914d818a4d80d88a78b28528bf16b658d,2025-06-16 10:30:45.715659+00:00,hu,portfolio.hu,portfolio.hu,2025-06-16,Miyen lehet az életünk 25 év múlva? Albert Einstein leszármazottja is megszólal a Brain Baron,https://www.portfolio.hu/gazdasag/20250616/miyen-lehet-az-eletunk-25-ev-mulva-albert-einstein-leszarmazottja-is-megszolal-a-brain-baron-767729
66d05179369d046792a1d6a4e0705ea9461a3aa9b32f6e52bf61f15438ca64e1,2025-06-16 10:30:40.083262+00:00,hu,portfolio.hu,portfolio.hu,2025-06-16,Amerikából fogják irányítani a JP Morgan európai részlegét,https://www.portfolio.hu/bank/20250616/amerikabol-fogjak-iranyitani-a-jp-morgan-europai-reszleget-768261
373a9c36512a3adf09214ad0499a0bc09c0ae02766104dedda1bbef767c84d69,2025-06-16 10:30:34.790661+00:00,hu,portfolio.hu,portfolio.hu,2025-06-16,Nagy meglepetésre lemondott a Renault vezére,https://www.portfolio.hu/uzlet/20250616/nagy-meglepetesre-lemondott-a-renault-vezere-768215
d6f20617e9e1825c255cdb3602efa8be035427371aa50a03e8701133fd54ea2c,2025-06-16 10:29:42.975898+00:00,hu,portfolio.hu,portfolio.hu,2025-06-16,Egymásnak ellentmondó üzeneteket küld Donald Trump? Egyszerre fokozza és enyhíti a hadjáratát,https://www.portfolio.hu/global/20250616/egymasnak-ellentmondo-uzeneteket-kuld-donald-trump-egyszerre-fokozza-es-enyhiti-a-hadjaratat-768263
1da01e3a606dceec47c92b03338a1b48a2415e9b16fbd9f812fd0d51fad2479f,2025-06-16 10:18:54.009406+00:00,hu,portfolio.hu,portfolio.hu,2025-06-16,Lezárták az M3-as autópályát mindkét irányban,https://www.portfolio.hu/gazdasag/20250616/lezartak-az-m3-as-autopalyat-mindket-iranyban-768253
649bc7eb3ca502f738178fabe11de2ba0f7b6f59a474fd650c36fdef81fa60d7,2025-06-16 10:18:49.080933+00:00,hu,portfolio.hu,portfolio.hu,2025-06-16,"Váratlanul felbukkant Amerika nagy riválisánál egy szupertitkos lopakodó, ami feltűnően hasonlít a legendás B-2-es bombázóra",https://www.portfolio.hu/global/20250616/varatlanul-felbukkant-amerika-nagy-rivalisanal-egy-szupertitkos-lopakodo-ami-feltunoen-hasonlit-a-legendas-b-2-es-bombazora-768251
6c037a14679ba85209a34830e8584713c1ab773744a9d970e342a42ffa765ecb,2025-06-16 10:18:41.246088+00:00,hu,portfolio.hu,portfolio.hu,2025-06-16,"Elmagyarázta Teherán, hogyan sikerült áthatolni Izrael komplex légvédelmén",https://www.portfolio.hu/global/20250616/elmagyarazta-teheran-hogyan-sikerult-athatolni-izrael-komplex-legvedelmen-768235
92f0cf06bc05e1147fecd883ddeb37a092604fb55211b7dbc6fa09b8aa4e5651,2025-06-16 10:18:31.272347+00:00,hu,portfolio.hu,portfolio.hu,2025-06-16,"Iráni rakéták csapódtak be Izrael központjába, fejvesztve menekül Teherán lakossága",https://www.portfolio.hu/global/20250616/irani-raketak-csapodtak-be-izrael-kozpontjaba-fejvesztve-menekul-teheran-lakossaga-hetfoi-hireink-az-iran-izrael-haborurol-percrol-percre-768145
171311d7282cb9b85b600ff76efb924f9fa6a80150f54122a94f4f6191650c39,2025-06-16 10:18:25.891066+00:00,hu,portfolio.hu,portfolio.hu,2025-06-16,"Vadonatúj Covid-variáns kezdett terjedni: egyetlen, irtózatosan gyötrelmes tünet árulkodhat a fertőzésről",https://www.portfolio.hu/global/20250616/vadonatuj-covid-varians-kezdett-terjedni-egyetlen-irtozatosan-gyotrelmes-tunet-arulkodhat-a-fertozesrol-768233
c41ad18cb46b91170805cd7fe96365c47427a8ac788775ba803add256c2f1e91,2025-06-16 10:18:21.206646+00:00,hu,portfolio.hu,portfolio.hu,2025-06-16,"Meglépheti Irán, amitől mindenki rettegett: itt van a bejelentés",https://www.portfolio.hu/global/20250616/meglepheti-iran-amitol-mindenki-rettegett-itt-van-a-bejelentes-768241
6498b2ce0c4dbe01432516923ff7dc4a3759818c3db1bcbddfcc7d9ab86f0ada,2025-06-16 10:18:15.968918+00:00,hu,portfolio.hu,portfolio.hu,2025-06-16,"Trump elgáncsolná az EU-t, erre olyan erőssé tette, mint soha nem volt",https://www.portfolio.hu/gazdasag/20250616/trump-elgancsolna-az-eu-t-erre-olyan-erosse-tette-mint-soha-nem-volt-768225
5d6eabe291222f4b768413b1e14c63ad9f68adc258874be4a554a7ce85922f3f,2025-06-16 10:18:10.652550+00:00,hu,portfolio.hu,portfolio.hu,2025-06-16,Több kilométeren torlódik az M0-s autóút egy hármas karambol miatt,https://www.portfolio.hu/gazdasag/20250616/tobb-kilometeren-torlodik-az-m0-s-autout-egy-harmas-karambol-miatt-768227
4ba25ebaec4af02f74615fd240b39db308d7910e2196825b4dca5449748414c2,2025-06-16 10:18:05.738253+00:00,hu,portfolio.hu,portfolio.hu,2025-06-16,"Budapesten közlekedők, figyelem! Leáll a BudapestGO applikáció",https://www.portfolio.hu/gazdasag/20250616/budapesten-kozlekedok-figyelem-leall-a-budapestgo-applikacio-768229
265010390a000ac1f516d4f21e0bfb0367bb8d7999dd6a8f9a76b32804411c76,2025-06-16 10:18:01.420859+00:00,hu,portfolio.hu,portfolio.hu,2025-06-16,"Amerikai elemzőház: egyedülálló lehetőséget kapott Putyin, rögvest le is csapott rá",https://www.portfolio.hu/global/20250616/amerikai-elemzohaz-egyedulallo-lehetoseget-kapott-putyin-rogvest-le-is-csapott-ra-768243
ae414b3cc404e4f1ece475a3060d05c796058bc4dc0f1143399814cad82ada89,2025-06-16 10:17:55.535585+00:00,hu,portfolio.hu,portfolio.hu,2025-06-16,"Árulkodó műholdképek: alaposan felturbózta egyes atomlétesítményeit Oroszország, nem is akárhol",https://www.portfolio.hu/global/20250616/arulkodo-muholdkepek-alaposan-felturbozta-egyes-atomletesitmenyeit-oroszorszag-nem-is-akarhol-768249
54b31cc8c0a698a6bda900de0d8d40180c8e379281e4e3a66d5a6608a92abcd1,2025-06-16 10:17:51.147217+00:00,hu,portfolio.hu,portfolio.hu,2025-06-16,Atomcsapdába zárta magát Európa: 180 fokos fordulatra van szükség,https://www.portfolio.hu/gazdasag/20250616/atomcsapdaba-zarta-magat-europa-180-fokos-fordulatra-van-szukseg-768207
9879713eca186171ee347d710e871032b228daa52b295b4e963d12c48ad1f562,2025-06-16 10:17:45.895108+00:00,hu,portfolio.hu,portfolio.hu,2025-06-16,Az ukrán hírszerzés lefülelt egy európai partok közelében ólálkodó orosz hajót: súlyos dolog bukott ki,https://www.portfolio.hu/global/20250616/az-ukran-hirszerzes-lefulelt-egy-europai-partok-kozeleben-olalkodo-orosz-hajot-sulyos-dolog-bukott-ki-768219
4760837f8ab3ee4ef988db8a63170997eaa810713649f2b26ec5f8a0bffdd103,2025-06-16 10:17:31.625238+00:00,hu,portfolio.hu,portfolio.hu,2025-06-16,Hírszerzési jelentés: példátlan vezetőváltás jön,https://www.portfolio.hu/global/20250616/hirszerzesi-jelentes-peldatlan-vezetovaltas-jon-768239
bf1cf7cd526d4fe884681bdde72cd6ae9b3a0c260139f09b3b52676dfce6a1dc,2025-06-16 10:17:24.777981+00:00,hu,portfolio.hu,portfolio.hu,2025-06-16,Trump vámjai megütötték a legnagyobb amerikai kikötőt – 19%-os zuhanás az importban,https://www.portfolio.hu/gazdasag/20250616/trump-vamjai-megutottek-a-legnagyobb-amerikai-kikotot-19-os-zuhanas-az-importban-768221
fcdb806ed0c1265beec455b42db5de81b65b1bc2d825ff5882e0e2061fca2242,2025-06-16 10:17:20.343960+00:00,hu,portfolio.hu,portfolio.hu,2025-06-16,Megint rákapcsolt a forint a háborús pofon után,https://www.portfolio.hu/deviza/20250616/megint-rakapcsolt-a-forint-a-haborus-pofon-utan-768159
4c7db78e701612f3c55b8f6ba35108cd4b64c309fdb1b2b2c519ec1ae9c154f0,2025-06-16 10:17:15.718565+00:00,hu,portfolio.hu,portfolio.hu,2025-06-16,Halálos földrengés rázta meg Dél-Amerikát,https://www.portfolio.hu/global/20250616/halalos-foldrenges-razta-meg-del-amerikat-768247
c341d57b01a0d1fe42d27e31c65c2fc1f45eee29eb2282b557bac3a783a27c00,2025-06-16 10:17:12.449054+00:00,hu,portfolio.hu,portfolio.hu,2025-06-16,"Helyreállították a vízszolgáltatást a Balaton északnyugati partján, de nem mindenki ilyen szerencsés",https://www.portfolio.hu/gazdasag/20250616/helyreallitottak-a-vizszolgaltatast-a-balaton-eszaknyugati-partjan-de-nem-mindenki-ilyen-szerencses-768223
c5686def56f38739fc0f0cab8162a0dad72133c28f012a2a4bf21f754c432e69,2025-06-16 07:17:46.251383+00:00,hu,portfolio.hu,portfolio.hu,2025-06-16,"Erős adatok jöttek Kínából, de már látszik a vámháború hatása",https://www.portfolio.hu/gazdasag/20250616/eros-adatok-jottek-kinabol-de-mar-latszik-a-vamhaboru-hatasa-768161
9512ada8b3489c9103c256ff0488107996c9af03a5035a42d99064540f8fff21,2025-06-16 06:25:42.276598+00:00,hu,portfolio.hu,portfolio.hu,2025-06-16,"Magyar magánegészségügy: üzlet, de másképp",https://www.portfolio.hu/gazdasag/20250616/magyar-maganegeszsegugy-uzlet-de-maskepp-768065
3fbcd9d0f3fd074671e2a4b7a0e8b509545491a6a00c5e16d3bca180c58e1b28,2025-06-16 06:25:32.519219+00:00,hu,portfolio.hu,portfolio.hu,2025-06-16,Ötszörös hatékonyság és világszínvonalú növekedés: így látják most Bécsből a biztosítási piacot,https://www.portfolio.hu/uzlet/20250616/otszoros-hatekonysag-es-vilagszinvonalu-novekedes-igy-latjak-most-becsbol-a-biztositasi-piacot-768099
477d4021873b93a79d0f9a7612c14262e454cf66701c58f594e786e36fcb8214,2025-06-16 06:25:27.330089+00:00,hu,portfolio.hu,portfolio.hu,2025-06-16,"Lépett Tajvan, bővül a feketelista",https://www.portfolio.hu/gazdasag/20250616/lepett-tajvan-bovul-a-feketelista-768149
bd8ddff0857bd222d566f512ad99a4ed4e5a09d37cef893175702d92b300ac04,2025-06-16 06:25:07.044336+00:00,hu,portfolio.hu,portfolio.hu,2025-06-16,Eszkalálódik az iráni háború,https://www.portfolio.hu/befektetes/20250616/eszkalalodik-az-irani-haboru-mi-varhato-a-tozsdeken-768147
374126fbf6271e15ef6163a416dd8be8c5849011e28f5fd3904423acbcab9029,2025-06-16 06:24:54.221422+00:00,hu,portfolio.hu,portfolio.hu,2025-06-16,"Kegyetlen dróneső hullott Ukrajnára, nagy bajban Kijev",https://www.portfolio.hu/global/20250616/kegyetlen-droneso-hullott-ukrajnara-nagy-bajban-kijev-hireink-az-ukrajnai-haborurol-hetfon-768155
09683d7b4ff395cb4b976eec964186d2b69c3b5bc1852eaa279ad53b7a929540,2025-06-16 06:24:35.413812+00:00,hu,portfolio.hu,portfolio.hu,2025-06-16,"Iráni rakéták csapódtak be Izrael központjába, lángokban a Kudsz erők központja",https://www.portfolio.hu/global/20250616/irani-raketak-csapodtak-be-izrael-kozpontjaba-langokban-a-kudsz-erok-kozpontja-hetfoi-hireink-az-iran-izrael-haborurol-percrol-percre-768145
dd80ffc0b38dfb4771f301202bd3f2720b070add88e0ce0d729a808fe885c953,2025-06-16 06:24:27.580784+00:00,hu,portfolio.hu,portfolio.hu,2025-06-16,Kiheveri a háborús pofont a forint?,https://www.portfolio.hu/deviza/20250616/kiheveri-a-haborus-pofont-a-forint-768159
29fb0fb45b3373bbae1fed50157cad63b657cff2bea3fb52b5afb6c0f187b6ac,2025-06-16 06:24:07.325886+00:00,hu,portfolio.hu,portfolio.hu,2025-06-16,Jöhet az ugrás az olaj árában,https://www.portfolio.hu/gazdasag/20250616/johet-az-ugras-az-olaj-araban-768153
ae6356c8f6426b81e034859ffa2f017a6146f54169f1c4e7993528fe087c7870,2025-06-15 23:19:12.759394+00:00,hu,portfolio.hu,portfolio.hu,2025-06-15,Furcsa videók jönnek Iránból: végül mégis meg fog bukni az ajatollah?,https://www.portfolio.hu/global/20250615/furcsa-videok-jonnek-iranbol-vegul-megis-meg-fog-bukni-az-ajatollah-768143
0eb192651be22132fa5be9596f97519f9c987688c2de4f10f375df3bd4a58116,2025-06-15 19:26:30.318404+00:00,hu,portfolio.hu,portfolio.hu,2025-06-15,Megszólalt Orbán Viktor az újabb háborúról – Fontos lépésre készül holnap Magyarország,https://www.portfolio.hu/gazdasag/20250615/megszolalt-orban-viktor-az-ujabb-haborurol-fontos-lepesre-keszul-holnap-magyarorszag-768133
a26f761525241d7b509851f6fd8045f6bb5d8c9f7a8e68f21955ea0e787d5fa4,2025-06-15 19:26:09.507872+00:00,hu,portfolio.hu,portfolio.hu,2025-06-15,Drágán megfizetik a magyarok a háború árát – Hétfőn jöhet a fájdalmas bejelentés,https://www.portfolio.hu/gazdasag/20250615/dragan-megfizetik-a-magyarok-a-haboru-arat-hetfon-johet-a-fajdalmas-bejelentes-768135
0d0bb12444eb06ce4d561296c30e8b21b387cb605c5475b6cf505d6cccdb2eab,2025-06-15 19:26:03.983784+00:00,hu,portfolio.hu,portfolio.hu,2025-06-15,Távozik a Renault vezére,https://www.portfolio.hu/uzlet/20250615/tavozik-a-renault-vezere-768139
4258bdfc355ca7c6ecab800a7d29e5028a70e7d8d09185073451de62cfa0d193,2025-06-15 19:25:59.482897+00:00,hu,portfolio.hu,portfolio.hu,2025-06-15,Merz szerint ki kell állni Irán ellen a világ legfejlettebb országainak a csúcson,https://www.portfolio.hu/gazdasag/20250615/merz-szerint-ki-kell-allni-iran-ellen-a-vilag-legfejlettebb-orszagainak-a-csucson-768129
373434bc949f29cd0408408a4e825b2f9620a7114e2955a902c9484b3ea67ff2,2025-06-15 19:25:54.217726+00:00,hu,portfolio.hu,portfolio.hu,2025-06-15,Lassan fellázad Dél-Európa a turisták ellen,https://www.portfolio.hu/gazdasag/20250615/lassan-fellazad-del-europa-a-turistak-ellen-768127
5a8d6d6b70ba4c0a3857c01eebc28d772c9769197ab39029efa9ca0d3bbb76dc,2025-06-15 19:25:41.141082+00:00,hu,portfolio.hu,portfolio.hu,2025-06-15,A részvénypiacot nem hatja meg a háború: emelkedett az izraeli tőzsde,https://www.portfolio.hu/befektetes/20250615/a-reszvenypiacot-nem-hatja-meg-a-haboru-emelkedett-az-izraeli-tozsde-768125
dbfc65f21ec48a6cc6ae18aa443b82a49807c70fb7386535721e028a410533e9,2025-06-15 19:25:35.603196+00:00,hu,portfolio.hu,portfolio.hu,2025-06-15,"Netanjahu: ha Irán ezt megteszi, azonnal vége a háborúnak",https://www.portfolio.hu/global/20250615/netanjahu-ha-iran-ezt-megteszi-azonnal-vege-a-haborunak-768131
092900505c3e52e8de87d2999a4218bab8de0ad7c7bbdab3d040a751d55c739b,2025-06-15 19:25:18.538622+00:00,hu,portfolio.hu,portfolio.hu,2025-06-15,Elképesztő videó: a világűrben fogta el Izrael az iráni rakétákat,https://www.portfolio.hu/global/20250615/elkepeszto-video-a-vilagurben-fogta-el-izrael-az-irani-raketakat-768137
26a2dfb74c5693a2442a61d8250a06fc0f4aa18daa7d7f5f5121f7ff58e1e7cc,2025-06-15 17:20:51.749262+00:00,hu,portfolio.hu,portfolio.hu,2025-06-15,Megint megadta magát a MÁV a Balatonon,https://www.portfolio.hu/gazdasag/20250615/megint-megadta-magat-a-mav-a-balatonon-768121
26d75869c2cdcd203378d24ad86c4d457e0f05c078e82319a013484361450d6e,2025-06-15 17:20:40.978575+00:00,hu,portfolio.hu,portfolio.hu,2025-06-15,"Azt mondják, titokban félelmetes megfigyelőrendszert épít ki Donald Trump – Tényleg átveszi a hatalmat a Nagy Testvér?",https://www.portfolio.hu/global/20250615/azt-mondjak-titokban-felelmetes-megfigyelorendszert-epit-ki-donald-trump-tenyleg-atveszi-a-hatalmat-a-nagy-testver-767919
8f6572ec63001a857df0f8605d516598461c894f54f5fe073e89e5dc3e16e7c3,2025-06-15 17:19:09.463780+00:00,hu,portfolio.hu,portfolio.hu,2025-06-15,Kiszivárgott: ezekből az országokból tiltaná meg a beutazást Donald Trump,https://www.portfolio.hu/gazdasag/20250615/kiszivargott-ezekbol-az-orszagokbol-tiltana-meg-a-beutazast-donald-trump-768123
40ac3e8c96e06da8b3b4b7e0de934e34032ad5851a8e8ddf38dd92346ef51e4f,2025-06-15 16:19:57.789474+00:00,hu,portfolio.hu,portfolio.hu,2025-06-15,"Olajfinomítóra mértek csapást az oroszok, a Boeing épülete is megsérült",https://www.portfolio.hu/global/20250615/olajfinomitora-mertek-csapast-az-oroszok-a-boeing-epulete-is-megserult-768103
667206f0c915660e3a9404fc9d3a580cc5361e4df9bcd5691022d9e89802ee89,2025-06-15 16:19:46.724259+00:00,hu,portfolio.hu,portfolio.hu,2025-06-15,Oroszország visszaadta 1200 további elesett ukrán katona holttestét,https://www.portfolio.hu/global/20250615/oroszorszag-visszaadta-1200-tovabbi-elesett-ukran-katona-holttestet-768113
dd737931d96073f170a981c218aa6bcf487115c940a220bfc2d3924c0c846ce8,2025-06-15 16:19:41.668464+00:00,hu,portfolio.hu,portfolio.hu,2025-06-15,Baleset történt az M7-esen Budapest felé,https://www.portfolio.hu/gazdasag/20250615/baleset-tortent-az-m7-esen-budapest-fele-768107
cdf13cc41af6f5ab49b5ded88f8a751dcfe08d3bd60bb8c09f82bd9eb98640fe,2025-06-15 16:19:36.843310+00:00,hu,portfolio.hu,portfolio.hu,2025-06-15,Időjárás: erre számíthatunk a jövő hét egyes napjain,https://www.portfolio.hu/gazdasag/20250615/idojaras-erre-szamithatunk-a-jovo-het-egyes-napjain-768109
ae62f869efdc49eab6b13f9e909c33d9550fbcacb6b5c23281d65a3c3ef36a3e,2025-06-15 16:19:17.908387+00:00,hu,portfolio.hu,portfolio.hu,2025-06-15,Elszabadult a pokol a Közel-Keleten: ez most már tényleg háború?,https://www.portfolio.hu/global/20250615/elszabadult-a-pokol-a-kozel-keleten-ez-most-mar-tenyleg-haboru-768101
10111255fe385a89fcbd8783489e772663d0b1aa0b5cca1e4bce5bd49becfba0,2025-06-15 16:19:12.808900+00:00,hu,portfolio.hu,portfolio.hu,2025-06-15,"Steiner Attila: ez nem RepowerEU, hanem DepowerEU",https://www.portfolio.hu/gazdasag/20250615/steiner-attila-ez-nem-repowereu-hanem-depowereu-765373
e66591f43582a323e4334570499878db138b72c36343e6a07ae17f8f1f618935,2025-06-15 16:19:06.757161+00:00,hu,portfolio.hu,portfolio.hu,2025-06-15,"Megszólalt Trump a közel-keleti háborúról: elmondta, szerinte mi lesz a kimenetel",https://www.portfolio.hu/global/20250615/megszolalt-trump-a-kozel-keleti-haborurol-elmondta-szerinte-mi-lesz-a-kimenetel-768115
3808d9dd1a384515656fcb632b8e9237ff02a0a2333ff0a8fbd31efc1c708e84,2025-06-15 16:18:58.505442+00:00,hu,portfolio.hu,portfolio.hu,2025-06-15,"Rommá bombázza Teheránt az izraeli légierő, ballisztikus rakétákat lőtt ki Irán",https://www.portfolio.hu/global/20250615/romma-bombazza-teherant-az-izraeli-legiero-ballisztikus-raketakat-lott-ki-iran-hireink-a-kozel-keletrol-vasarnap-768073
c363a557e9e36e2402eeff4df1e2b3b3d33f747b19859da1565330a629c31291,2025-06-15 12:28:09.894206+00:00,hu,portfolio.hu,portfolio.hu,2025-06-15,"Izrael: ez még csak a kezdet, hatalmas pusztítás vár Iránra",https://www.portfolio.hu/global/20250615/izrael-ez-meg-csak-a-kezdet-hatalmas-pusztitas-var-iranra-768085
1aca87a0496c07978e7c3aa5bd3d896abc2fc368eb6ffa954de53b7ea765ff04,2025-06-15 12:27:01.785463+00:00,hu,portfolio.hu,portfolio.hu,2025-06-15,AI-ügynökök akcióban,https://www.portfolio.hu/uzlet/20250615/ai-ugynokok-akcioban-orak-alatt-mukodo-munkatarsakat-raktak-ossze-a-magyar-kkv-k-767511
475cbc2d814ba93e246be50fc7c3c17ad8fbd5011d85a577f3c75528eaf8feba,2025-06-15 12:26:35.673136+00:00,hu,portfolio.hu,portfolio.hu,2025-06-15,"Újabb légiszerencsétlenség történt Indiában, minden utas meghalt",https://www.portfolio.hu/gazdasag/20250615/ujabb-legiszerencsetlenseg-tortent-indiaban-minden-utas-meghalt-768087
1a6d02065fd9628e3a6ee94538f9e134388fb51c16154ba5837866d6fe158f0f,2025-06-15 12:26:30.661397+00:00,hu,portfolio.hu,portfolio.hu,2025-06-15,Meggondolta volna magát Irán?,https://www.portfolio.hu/global/20250615/meggondolta-volna-magat-iran-erdekes-nyilatkozat-erkezett-teheranbol-768081
6563b5d2bb1d6ac59803d7bd00f9ef380d591ae1741b88bf233537c3bf5fdc3f,2025-06-15 12:26:25.831262+00:00,hu,portfolio.hu,portfolio.hu,2025-06-15,"Kiderült: van egy dolog, amivel nem bír el Izrael, hiába indult jól a támadás",https://www.portfolio.hu/global/20250615/kiderult-van-egy-dolog-amivel-nem-bir-el-izrael-hiaba-indult-jol-a-tamadas-768083
ceba7f91117a372be093dddbb63f375e02145872789a137a85280c835b01b6e7,2025-06-15 12:26:20.677440+00:00,hu,portfolio.hu,portfolio.hu,2025-06-15,"Vízhiány van a Balaton nyugati partján, lajtos kocsival hordják a vizet",https://www.portfolio.hu/gazdasag/20250615/vizhiany-van-a-balaton-nyugati-partjan-lajtos-kocsival-hordjak-a-vizet-768093
0ece4b59ead193dd48f945f614098ed93794a75a00e6827dbcca4fd6cb8cea60,2025-06-15 12:26:15.451699+00:00,hu,portfolio.hu,portfolio.hu,2025-06-15,Typhoonok mennek a Közel-Keletre: beszállhatnak az Irán elleni háborúba,https://www.portfolio.hu/global/20250615/typhoonok-mennek-a-kozel-keletre-beszallhatnak-az-iran-elleni-haboruba-768089
46077a3248108d342185dcc04a5b5d6bf7172e53a6b2fe28b9738fafe89bb5e9,2025-06-15 12:26:11.635612+00:00,hu,portfolio.hu,portfolio.hu,2025-06-15,"Pepco, KiK és TEDi: kiderült, melyik teljesített a legjobban",https://www.portfolio.hu/uzlet/20250615/pepco-kik-es-tedi-kiderult-melyik-teljesitett-a-legjobban-768095
07ea25f744ceadf6f1ecac967678b48058fad3dd391c446f0a6c5f5877cd26d3,2025-06-15 09:17:32.955057+00:00,hu,portfolio.hu,portfolio.hu,2025-06-15,Újabb szereplő léphet be az iráni-izraeli csörtébe?,https://www.portfolio.hu/global/20250615/ujabb-szereplo-lephet-be-az-irani-izraeli-csortebe-megszolalt-az-europai-nagyhatalom-768079
99e673d096f3936537ad86a240b5d75bf72a4b03f33d47e9e2efa0bf72c761a8,2025-06-15 09:17:24.294452+00:00,hu,portfolio.hu,portfolio.hu,2025-06-15,"Nyári energiaszegénység: a rejtett válság, ami milliókat érint Magyarországon",https://www.portfolio.hu/global/20250615/nyari-energiaszegenyseg-a-rejtett-valsag-ami-milliokat-erint-magyarorszagon-767819
d81b781721b380ad7ffbc86286a888914e99c2d6664d6d245a3482333d4234fc,2025-06-15 09:17:21.406975+00:00,hu,portfolio.hu,portfolio.hu,2025-06-15,A globalizáció átka: a fejlődő országok is nyögik Trump kereskedelmi háborúját,https://www.portfolio.hu/gazdasag/20250615/a-globalizacio-atka-a-fejlodo-orszagok-is-nyogik-trump-kereskedelmi-haborujat-767373
0dad83f72bfe2086fe6a4831c5cf2d3f1da146c344841753ff1d9e9b09e1167e,2025-06-15 05:24:21.565787+00:00,hu,portfolio.hu,portfolio.hu,2025-06-15,Lomborg: az amerikai rozsdaövezet lehangoló képei ellenére ki kellene tartani a szabadkereskedelem mellett,https://www.portfolio.hu/gazdasag/20250615/lomborg-az-amerikai-rozsdaovezet-lehangolo-kepei-ellenere-ki-kellene-tartani-a-szabadkereskedelem-mellett-767539
8e62fa8e67c19ef82bdaf7c55c86acee5b1deab129ac300e5ceee5aa06d9aa12,2025-06-15 05:24:05.659038+00:00,hu,portfolio.hu,portfolio.hu,2025-06-15,Egy aprócska ország egymaga intézte el az európai gazdasági csodát,https://www.portfolio.hu/gazdasag/20250615/egy-aprocska-orszag-egymaga-intezte-el-az-europai-gazdasagi-csodat-767899
353290ff8d87f7f5805c24f85e41c8f1c5b322d89c27ff53af1f711521bdcea9,2025-06-14 20:33:27.265070+00:00,hu,portfolio.hu,portfolio.hu,2025-06-14,Az egyik EU-s országban vészhelyzeti programot aktiválták a közel-keleti konfliktus miatt,https://www.portfolio.hu/global/20250614/az-egyik-eu-s-orszagban-veszhelyzeti-programot-aktivaltak-a-kozel-keleti-konfliktus-miatt-768063
88ece6a10cc83d3eb3174195bcee796dc552ac17bee5f72134745a05566c8408,2025-06-14 20:33:14.310237+00:00,hu,portfolio.hu,portfolio.hu,2025-06-14,Kimondta Trump: Amerika beszállhat az Irán elleni támadásba,https://www.portfolio.hu/global/20250614/kimondta-trump-amerika-beszallhat-az-iran-elleni-tamadasba-768069
091b627b5dae6390dbb19ed945bac8b54771abb52011b66839634124d1b1dcb8,2025-06-14 20:33:09.311921+00:00,hu,portfolio.hu,portfolio.hu,2025-06-14,"Kiderült, hol nyílhat a következő Aldi Budapesten",https://www.portfolio.hu/gazdasag/20250614/kiderult-hol-nyilhat-a-kovetkezo-aldi-budapesten-768055
06fc92531de57564962148e051671d517b1d8db07239aef0981a61c6960047b1,2025-06-14 20:33:04.870326+00:00,hu,portfolio.hu,portfolio.hu,2025-06-14,Donald Trumppal egyeztetett Ursula von der Leyen,https://www.portfolio.hu/gazdasag/20250614/donald-trumppal-egyeztetett-ursula-von-der-leyen-768071
4eea723dd2ebd4aadcb84ee17a0f9b611a40a1f609381b76f2c391877b316ddd,2025-06-14 20:32:59.666973+00:00,hu,portfolio.hu,portfolio.hu,2025-06-14,Menekülhet az iráni elit Teheránból,https://www.portfolio.hu/global/20250614/menekulhet-az-irani-elit-teheranbol-768057
ac9114c0c1baef65bf5e6886a933543eba951c1feeefc01f2d860be9d78e4ce2,2025-06-14 20:32:54.914294+00:00,hu,portfolio.hu,portfolio.hu,2025-06-14,Ukrán sikerekről számolt be Zelenszkij,https://www.portfolio.hu/global/20250614/ukran-sikerekrol-szamolt-be-zelenszkij-768059
daca119aedc57b9477a6428a9a84109a83f2dc51d38dbf8a3f151eacf614d3e8,2025-06-14 20:32:30.024459+00:00,hu,portfolio.hu,portfolio.hu,2025-06-14,Megszólaltak a hatóságok a sugárzásról az iráni nukleáris létesítmények lebombázása után,https://www.portfolio.hu/global/20250614/megszolaltak-a-hatosagok-a-sugarzasrol-az-irani-nuklearis-letesitmenyek-lebombazasa-utan-768061
cb9132d6c6c677a642783e9ceb39ce44fea25292506c7254f3f6324713b25d55,2025-06-14 20:32:18.687701+00:00,hu,portfolio.hu,portfolio.hu,2025-06-14,Parajdi katasztrófa: másodfokú készültség van a Maroson és a Tiszán,https://www.portfolio.hu/gazdasag/20250614/parajdi-katasztrofa-masodfoku-keszultseg-van-a-maroson-es-a-tiszan-768067
fbd564ddb76208f39c862c18fa0d39f44ed0e6b9000c75433946c765363bbff7,2025-06-14 19:25:42.668287+00:00,hu,portfolio.hu,portfolio.hu,2025-06-13,Plázastop” módosítás a küszöbön – Az MBSZ állásfoglalást készít a kormányrendelet módosításról,https://www.portfolio.hu/ingatlan/20250613/plazastop-modositas-a-kuszobon-az-mbsz-allasfoglalast-keszit-a-kormanyrendelet-modositasrol-767979
6e2b72fc4abf4922a13866e2fe14412738f7a0199fcac100a3b5229e01aa7294,2025-06-14 19:24:55.165564+00:00,hu,portfolio.hu,portfolio.hu,2025-06-11,"Ingatlanpiaci elemzőt keres a Portfolio, jelentkezz hozzánk!",https://www.portfolio.hu/ingatlan/20250611/ingatlanpiaci-elemzot-keres-a-portfolio-jelentkezz-hozzank-751993
edc9fb09cdcc07730d735514a4c06f13746ba1b1fee57be98cad10b4f0e80ab6,2025-06-14 18:18:35.566031+00:00,hu,portfolio.hu,portfolio.hu,2025-06-14,"Kiderült, mikor indulhatnak Kapu Tiborék a Nemzetközi Űrállomásra",https://www.portfolio.hu/global/20250614/kiderult-mikor-indulhatnak-kapu-tiborek-a-nemzetkozi-urallomasra-768047
bd485ff3fe0a7f46003ccf1c36b76229cd297beac7c1a978be278e7c5c9d80be,2025-06-14 16:28:20.064615+00:00,hu,portfolio.hu,portfolio.hu,2025-06-14,Hajtóvadászat indult: meggyilkoltak egy politikust az Egyesült Államokban,https://www.portfolio.hu/global/20250614/hajtovadaszat-indult-meggyilkoltak-egy-politikust-az-egyesult-allamokban-768045
dbe605c7ad2da5d7efa4bb6ac4baad89db7178aa08b44bf04d834bb353732669,2025-06-14 16:27:23.740001+00:00,hu,portfolio.hu,portfolio.hu,2025-06-14,"Családtámogatásból horrorhitel, személyi kölcsönből bedőlt adósság: merre tart a magyar lakosság?",https://www.portfolio.hu/bank/20250614/csaladtamogatasbol-horrorhitel-szemelyi-kolcsonbol-bedolt-adossag-merre-tart-a-magyar-lakossag-767925
af19919b251367480285a4d9df3b1896be6c408358e6704e093323fcf62c2c81,2025-06-14 16:27:19.031633+00:00,hu,portfolio.hu,portfolio.hu,2025-06-14,Kimondták: a kriptovaluták rendszerszintű kockázatot jelenthetnek a pénzügyi rendszerre,https://www.portfolio.hu/bank/20250614/kimondtak-a-kriptovalutak-rendszerszintu-kockazatot-jelenthetnek-a-penzugyi-rendszerre-768043
d74a47b15640a4229aae5756f9737e92b1d1a19e70b0e1873d78f6205b891e5c,2025-06-14 15:23:05.624349+00:00,hu,portfolio.hu,portfolio.hu,2025-06-14,"Dobja egyik fontos partnerét a Google, mert beszálltak a cégbe Zuckerbergék",https://www.portfolio.hu/uzlet/20250614/dobja-egyik-fontos-partneret-a-google-mert-beszalltak-a-cegbe-zuckerbergek-768035
43d4fb3a0082825a9f60b3d5c3e5b15efad3f75466e7fcf2761b3c65a91b828b,2025-06-14 15:23:00.618080+00:00,hu,portfolio.hu,portfolio.hu,2025-06-14,"Ha ezt meglépi Irán, azt az egész világon érezni fogják",https://www.portfolio.hu/global/20250614/ha-ezt-meglepi-iran-azt-az-egesz-vilagon-erezni-fogjak-768029
db1bd92e163ae3bbecb0618d80489bbba2ad9d5c857863dde858a7bd16e7d09f,2025-06-14 15:22:45.110319+00:00,hu,portfolio.hu,portfolio.hu,2025-06-14,Trump titokban támadást készít elő a legnagyobb volt szövetségese ellen,https://www.portfolio.hu/uzlet/20250614/trump-titokban-tamadast-keszit-elo-a-legnagyobb-volt-szovetsegese-ellen-768033
35911b5055e69db6cbde92e18fa7d38ebeb924f4e07317e436db735c4510d97e,2025-06-14 15:22:40.208685+00:00,hu,portfolio.hu,portfolio.hu,2025-06-14,A vízválság már az üzleti világot fenyegeti – Az EU drasztikus lépéssel reagál,https://www.portfolio.hu/gazdasag/20250614/a-vizvalsag-mar-az-uzleti-vilagot-fenyegeti-az-eu-drasztikus-lepessel-reagal-767643
e9a4b88d2db84cbf1adffc86a4d0dd5a5dc4cb72c147df95298e01775a4d7716,2025-06-14 15:22:35.496646+00:00,hu,portfolio.hu,portfolio.hu,2025-06-14,"Miközben Magyarországon majd megfagytunk tavasszal, a világ többi része valósággal lángolt",https://www.portfolio.hu/gazdasag/20250614/mikozben-magyarorszagon-majd-megfagytunk-tavasszal-a-vilag-tobbi-resze-valosaggal-langolt-768031
9f9e227851be8fee12f371530daec9eeff7c030e1411e2f48e7b47358daba011,2025-06-14 15:22:02.833243+00:00,hu,portfolio.hu,portfolio.hu,2025-06-14,"Zelenszkij nagyon berezelt, hogy Európa egy másik háborút kezd el támogatni",https://www.portfolio.hu/global/20250614/zelenszkij-nagyon-berezelt-hogy-europa-egy-masik-haborut-kezd-el-tamogatni-768041
07797d2b8dd718e7806cb9bfb6868116c231ceb15411a550a1e55f19ee88ee4e,2025-06-14 15:21:52.280400+00:00,hu,portfolio.hu,portfolio.hu,2025-06-14,"Nagyot zuhant a kereslet az új lakások iránt, megszólaltak a fejlesztők",https://www.portfolio.hu/ingatlan/20250614/nagyot-zuhant-a-kereslet-az-uj-lakasok-irant-megszolaltak-a-fejlesztok-768037
eb548c970ef26016156d7048c44a7341e564ce0838ee260cfa5a50640735cbd3,2025-06-14 15:21:47.133507+00:00,hu,portfolio.hu,portfolio.hu,2025-06-14,Tényleg veszélyben van a Fed függetlensége?,https://www.portfolio.hu/gazdasag/20250614/tenyleg-veszelyben-van-a-fed-fuggetlensege-767653
f4f42dcba8a4d0f85d1fdfe0fdcf078d15b824a94169e32935fa91d28f425d63,2025-06-14 15:21:36.678658+00:00,hu,portfolio.hu,portfolio.hu,2025-06-14,Kiszivárgott: az EU legnagyobb befizetője nem hajlandó többet költeni,https://www.portfolio.hu/unios-forrasok/20250614/kiszivargott-az-eu-legnagyobb-befizetoje-nem-hajlando-tobbet-kolteni-768039
157b665ef00a9e594bc3552d7f57369f83247cff2899f63bd5c1b4ff233251ea,2025-06-14 15:21:08.826289+00:00,hu,portfolio.hu,portfolio.hu,2025-06-14,1200 elesett katona holttestét kapta vissza Ukrajna,https://www.portfolio.hu/global/20250614/1200-elesett-katona-holttestet-kapta-vissza-ukrajna-768021
dab1737a5e59e4d1b636491e75b2e466980fa2d27ad0835fcbe50c89b2510602,2025-06-14 12:27:37.108296+00:00,hu,portfolio.hu,portfolio.hu,2025-06-14,A részvénypiac letaglózó győzelme a kötvénypiac fölött,https://www.portfolio.hu/befektetes/20250614/a-reszvenypiac-letaglozo-gyozelme-a-kotvenypiac-folott-767639
78992436ff4a6fa8c1690e8201f9232738f875d10fd0d968f30f2755513c2220,2025-06-14 12:27:08.333326+00:00,hu,portfolio.hu,portfolio.hu,2025-06-14,Indul a vizsgálat: ki is vonhatják a Boeing 787-es gépeket a forgalomból,https://www.portfolio.hu/uzlet/20250614/indul-a-vizsgalat-ki-is-vonhatjak-a-boeing-787-es-gepeket-a-forgalombol-768019
46b1e3b00f1e9fb7a8876eba8c2c5e2f2b03817d0ee478dedbe44906d63c98e7,2025-06-14 12:27:02.801752+00:00,hu,portfolio.hu,portfolio.hu,2025-06-14,"40. szülinapját ünnepli Schengen, miközben a szemünk láttára hullik szét",https://www.portfolio.hu/gazdasag/20250614/40-szulinapjat-unnepli-schengen-mikozben-a-szemunk-lattara-hullik-szet-767793
ffcbcf13ed58eb571a523dc85c913ff1172f625375e8fc693e18a912d2513070,2025-06-14 12:26:51.562828+00:00,hu,portfolio.hu,portfolio.hu,2025-06-14,"Megkapta Irán a végső figyelmeztetést: ha nem állnak le, Teherán lángolni fog",https://www.portfolio.hu/global/20250614/megkapta-iran-a-vegso-figyelmeztetest-ha-nem-allnak-le-teheran-langolni-fog-768017
a319bf64531947b162fffcaf35acb29a60262a0db53dcd6e04c20fecbeb141f3,2025-06-14 12:26:13.609822+00:00,hu,portfolio.hu,portfolio.hu,2025-06-14,"Hétfőn hidegfront érkezik Magyarországra: zápor, zivatar, viharos szél jöhet",https://www.portfolio.hu/gazdasag/20250614/hetfon-hidegfront-erkezik-magyarorszagra-zapor-zivatar-viharos-szel-johet-768023
4daf6c76f5949f8e94585ab34bcf7b2659f5c57ffb565773253fc98c94dbda3a,2025-06-14 12:26:08.540479+00:00,hu,portfolio.hu,portfolio.hu,2025-06-14,"A nőket is besoroznák az európai nagyhatalomnál, 60 ezer katonára van szükség",https://www.portfolio.hu/gazdasag/20250614/a-noket-is-besoroznak-az-europai-nagyhatalomnal-60-ezer-katonara-van-szukseg-768025
3fd902890cffc89e024f8c00de886cba8037623c5ed8bdfc3807e9c55b41b1d0,2025-06-14 12:26:02.935714+00:00,hu,portfolio.hu,portfolio.hu,2025-06-14,"Megkapta Irán a végső ultimátumot, példátlan támadás zajlik a főváros ellen",https://www.portfolio.hu/global/20250614/megkapta-iran-a-vegso-ultimatumot-peldatlan-tamadas-zajlik-a-fovaros-ellen-hireink-a-kozel-keleti-konfliktusrol-szombaton-768003
dd77947cb217f79430f5d282e4de03ee3f9bc90747e384e7c8303ef2c89aebb6,2025-06-14 10:18:40.299375+00:00,hu,portfolio.hu,portfolio.hu,2025-06-14,Miért nem öli meg Izrael Irán politikai vezetőit? – Íme a válasz,https://www.portfolio.hu/global/20250614/miert-nem-oli-meg-izrael-iran-politikai-vezetoit-ime-a-valasz-768015
366333500d96e8b774b1e81ae97062472f34c676fd265e17710a2d418232efe7,2025-06-14 10:17:19.004517+00:00,hu,portfolio.hu,portfolio.hu,2025-06-14,"Bejelentette Izrael: Teherán gyakorlatilag védtelen, indul a csapás Irán fővárosa ellen",https://www.portfolio.hu/global/20250614/bejelentette-izrael-teheran-gyakorlatilag-vedtelen-indul-a-csapas-iran-fovarosa-ellen-768013
85d74c74152166b7bce7124a66ed30fe39364d245beb52bbfcf61d5684257139,2025-06-14 09:19:54.921992+00:00,hu,portfolio.hu,portfolio.hu,2025-06-14,Veszélyben az európai együttműködés egyik motorja? – Sötét fellegek gyülekeznek,https://www.portfolio.hu/global/20250614/veszelyben-az-europai-egyuttmukodes-egyik-motorja-sotet-fellegek-gyulekeznek-767581
e76d473a001361cea9fa220e121e8440b231916d2dcaf0e7ec053c0a7587fbec,2025-06-14 09:19:47.173231+00:00,hu,portfolio.hu,portfolio.hu,2025-06-14,Furcsaság az izraeli támadás kapcsán: mégis hova tűntek az iráni vadászgépek?,https://www.portfolio.hu/global/20250614/furcsasag-az-izraeli-tamadas-kapcsan-megis-hova-tuntek-az-irani-vadaszgepek-768009
2a3c9fe7f5fbbe7a9994323e652d969878792d35282e066d034aa2fe1c1528ad,2025-06-14 09:19:40.434601+00:00,hu,portfolio.hu,portfolio.hu,2025-06-14,"Lángolnak Teherán repterei, rakéták csapódtak be Izrael központjában",https://www.portfolio.hu/global/20250614/langolnak-teheran-repterei-raketak-csapodtak-be-izrael-kozpontjaban-hireink-a-kozel-keleti-konfliktusrol-szombaton-768003
f6332abf63cb3efb09c0ae296c325c77af116668346538d2d8bba07dc5ab2bc4,2025-06-14 09:18:27.761013+00:00,hu,portfolio.hu,portfolio.hu,2025-06-14,Megjött a figyelmeztetés: dominánssá válik a szaharai por Magyarországon,https://www.portfolio.hu/gazdasag/20250614/megjott-a-figyelmeztetes-dominanssa-valik-a-szaharai-por-magyarorszagon-768011
e2ef3bca40a5a53f93ab533225a94e81da2b3b56c9f6d51066b7c281354687db,2025-06-14 07:23:02.079844+00:00,hu,portfolio.hu,portfolio.hu,2025-06-14,"Kiderült: Irán egyetlen, hatalmas hibát követett el",https://www.portfolio.hu/global/20250614/kiderult-iran-egyetlen-hatalmas-hibat-kovetett-el-ezert-volt-ilyen-sikeres-az-izraeli-tamadas-768005
9ff2928cdb287cbe00ba8c89bf49eb99669c43991dc818d9540d39fbc68c0050,2025-06-14 07:22:19.265979+00:00,hu,portfolio.hu,portfolio.hu,2025-06-14,Robbanásszerűen nő az új befektetési őrület,https://www.portfolio.hu/befektetes/20250614/robbanasszeruen-no-az-uj-befektetesi-orulet-de-tenyleg-lehet-jovoje-767481
b4a2be16f9ba7bafd4c4306d12fe8e62ee046940c70b38db00d66c6c7ee2086d,2025-06-14 07:22:09.780173+00:00,hu,portfolio.hu,portfolio.hu,2025-06-14,"Elképesztő, mennyi élelmiszer landol a kukában – A rövid ellátási láncok csökkenthetik ezt a veszteséget",https://www.portfolio.hu/krtk/20250614/elkepeszto-mennyi-elelmiszer-landol-a-kukaban-a-rovid-ellatasi-lancok-csokkenthetik-ezt-a-veszteseget-767423
cc776e23a9e5973cb2ce8683a0538d997ac920e2a28e2cea2e6fa27011acc283,2025-06-14 07:21:47.819043+00:00,hu,portfolio.hu,portfolio.hu,2025-06-14,Bemondta Irán: lelőttek két szupermodern F-35-ös lopakodó vadászbombázót,https://www.portfolio.hu/global/20250614/bemondta-iran-lelottek-ket-szupermodern-f-35-os-lopakodo-vadaszbombazot-768007
457096b4b8f139fccc8fbee0687760afc9a702ba01dbbae3e40614a79517c239,2025-06-14 07:18:59.240370+00:00,hu,portfolio.hu,portfolio.hu,2025-06-13,Döccent egyet az európai ipar,https://www.portfolio.hu/gazdasag/20250613/doccent-egyet-az-europai-ipar-767865
f7b601ec8c8a8ca0912db69a6907fc293cdcb58534137b36414bc5ac932bca28,2025-06-14 07:18:53.485260+00:00,hu,portfolio.hu,portfolio.hu,2025-06-13,Kényszerleszállást hajtott végre egy repülőjárat az Air Indiánál,https://www.portfolio.hu/gazdasag/20250613/kenyszerleszallast-hajtott-vegre-egy-repulojarat-az-air-indianal-767755
7a2a4ff3e5dabc36f398c0d61d7fbcc182d18f290211046b3f947d2c8747975f,2025-06-14 07:18:34.648388+00:00,hu,portfolio.hu,portfolio.hu,2025-06-13,Megjött a bejelentés: így alakul holnaptól a benzin ára,https://www.portfolio.hu/gazdasag/20250613/megjott-a-bejelentes-igy-alakul-holnaptol-a-benzin-ara-767833
d02df83515c7ed4510acebf6a99931d5b7a7742666752d4e2143cb3d4cf9b910,2025-06-14 07:17:22.165517+00:00,hu,portfolio.hu,portfolio.hu,2025-06-13,Éledezik az építőipar?,https://www.portfolio.hu/gazdasag/20250613/eledezik-az-epitoipar-767749
e7937cd3d75fc648012ae30de324065e889040732e6d58fd3e26258a8d5fb61a,2025-06-14 05:19:11.820335+00:00,hu,portfolio.hu,portfolio.hu,2025-06-14,"Iráni rakéták pusztítottak Izrael központjában, az IDF háborút hirdetett",https://www.portfolio.hu/global/20250614/irani-raketak-pusztitottak-izrael-kozpontjaban-az-idf-haborut-hirdetett-hireink-a-kozel-keleti-konfliktusrol-szombaton-768003
174ca5944c76688cd92a8343b3125727c692a9e86f802420265a27d23a477e6f,2025-06-14 05:18:22.561942+00:00,hu,portfolio.hu,portfolio.hu,2025-06-14,Veszélyes időjárási jelenség csap le Magyarországra: hőkupola alakul ki hazánk felett,https://www.portfolio.hu/global/20250614/veszelyes-idojarasi-jelenseg-csap-le-magyarorszagra-hokupola-alakul-ki-hazank-felett-767873
491450e840b89bace785c8f59c68eb8245233e94fcf600bcc42cbf0eac0630a7,2025-06-13 22:28:06.358109+00:00,hu,portfolio.hu,portfolio.hu,2025-06-13,Slow painting – Csáky Donát Márk kiállítása,https://www.portfolio.hu/befektetes/20250613/slow-painting-csaky-donat-mark-kiallitasa-767871
8160be8d5480a8731d3b05b59cdda6153f37b09809918727ca7969542f41b7f2,2025-06-13 21:31:00.287151+00:00,hu,portfolio.hu,portfolio.hu,2025-06-13,"Ártatlannak vallotta magát a férfi, akiről azt hitték, Donald Trump soha többé nem engedi vissza Amerikába",https://www.portfolio.hu/global/20250613/artatlannak-vallotta-magat-a-ferfi-akirol-azt-hittek-donald-trump-soha-tobbe-nem-engedi-vissza-amerikaba-767993
36105f4b31641dd8997adb838aa6632400ef8ae7f452757f1df450e304a16db7,2025-06-13 21:30:28.630785+00:00,hu,portfolio.hu,portfolio.hu,2025-06-13,Kiderült: ennyibe fájnak összesen a Kremlnek a háborús szankciók,https://www.portfolio.hu/global/20250613/kiderult-ennyibe-fajnak-osszesen-a-kremlnek-a-haborus-szankciok-767997
d74543a8212744d58c95158bd644dfd344b57e896d48b99325549d802ea301ce,2025-06-13 21:30:23.723448+00:00,hu,portfolio.hu,portfolio.hu,2025-06-13,"Szárnyal az Oracle, 24 éve nem volt ilyen jó hete a cégnek",https://www.portfolio.hu/uzlet/20250613/szarnyal-az-oracle-24-eve-nem-volt-ilyen-jo-hete-a-cegnek-768001
72417fc736565d3719b768324b7dcd32ef021f42771943a5398aa20368f70f9b,2025-06-13 21:30:16.349642+00:00,hu,portfolio.hu,portfolio.hu,2025-06-13,Minden szem a bankrészvényekre szegeződik két hét múlva,https://www.portfolio.hu/bank/20250613/minden-szem-a-bankreszvenyekre-szegezodik-ket-het-mulva-767995
c9e0e815c1ddc1a6ec1ce6705e50bcf26dbca7f864d2d98d63d3ddb1a3290f42,2025-06-13 20:20:04.123464+00:00,hu,portfolio.hu,portfolio.hu,2025-06-13,"Ilyet is ritkán látni: lezuhant Moszkva Szu-25-ös csatarepülőgépe, saját társa lőhette le",https://www.portfolio.hu/global/20250613/ilyet-is-ritkan-latni-lezuhant-moszkva-szu-25-os-csatarepulogepe-sajat-tarsa-lohette-le-767985
ae9996f87c6e3775068ed21903cbf0504d2bac9e896277d70c6c95e69f890a8c,2025-06-13 20:19:59.513631+00:00,hu,portfolio.hu,portfolio.hu,2025-06-13,"Olyan helyre hatolt be Oroszország, ahova nagyon nem kellett volna: azonnal riasztották a NATO vadászgépeit",https://www.portfolio.hu/global/20250613/olyan-helyre-hatolt-be-oroszorszag-ahova-nagyon-nem-kellett-volna-azonnal-riasztottak-a-nato-vadaszgepeit-767987
6145077a11da920c529b5398074a4b7791124bbb57f4db93cb2b75bd53ffdbac,2025-06-13 20:18:50.329468+00:00,hu,portfolio.hu,portfolio.hu,2025-06-13,"Elesett az M1-es autópálya, teljesen megállt a forgalom",https://www.portfolio.hu/uzlet/20250613/elesett-az-m1-es-autopalya-teljesen-megallt-a-forgalom-767869
8867f4bcded320d3d2d561d62243a5f920a84f1a1453e043a903817f8b2b09e5,2025-06-13 20:18:45.500993+00:00,hu,portfolio.hu,portfolio.hu,2025-06-13,Bank of America: minden mutató alapján drágák már az amerikai részvények,https://www.portfolio.hu/uzlet/20250613/bank-of-america-minden-mutato-alapjan-dragak-mar-az-amerikai-reszvenyek-767983
352cb55e80d7ff9f282bdbf88a4b8d1e3cc0e80e6a3506c7ad8146132a625960,2025-06-13 20:17:19.755279+00:00,hu,portfolio.hu,portfolio.hu,2025-06-13,Megjött Irán bosszúja az izraeli támadásokra,https://www.portfolio.hu/uzlet/20250613/megjott-iran-bosszuja-az-izraeli-tamadasokra-elszallt-az-olaj-estek-a-tozsdek-767715
fd9ca86c573355df74e4d6fbb204c2915184255c6281055d354a73c62dad136c,2025-06-13 20:17:15.758438+00:00,hu,portfolio.hu,portfolio.hu,2025-06-13,Parajdi katasztrófa: megnyílt a támogatás a károsult cégeknek,https://www.portfolio.hu/uzlet/20250613/parajdi-katasztrofa-megnyilt-a-tamogatas-a-karosult-cegeknek-767989
6f2f1327bd140cf7acd7661467ed71f0a9476768d1bc0ec0588662cfe23e1e9c,2025-06-13 19:33:40.573564+00:00,hu,portfolio.hu,portfolio.hu,2025-06-13,"Áll a bál Brüsszelben, belháború indult Ursula von der Leyen emberei között",https://www.portfolio.hu/unios-forrasok/20250613/all-a-bal-brusszelben-belhaboru-indult-ursula-von-der-leyen-emberei-kozott-767731
9703645dfc28a2e602d4432d89d7e06ca657f7f9e25a1c663a381cafc457ca4b,2025-06-13 17:31:42.474865+00:00,hu,portfolio.hu,portfolio.hu,2025-06-13,160 kilométeres sebességgel száguldott a vonat Budapest és Székesfehérvár között,https://www.portfolio.hu/uzlet/20250613/160-kilometeres-sebesseggel-szaguldott-a-vonat-budapest-es-szekesfehervar-kozott-767971
1f0e1011eecd94ff5dba0d02ea1398315c56ace15164c3a78a22f49f8c7d6015,2025-06-13 17:31:37.233239+00:00,hu,portfolio.hu,portfolio.hu,2025-06-13,Lerántották a leplet a Kreml titkos mestertervéről? Komoly válságot robbanthat ki Vlagyimir Putyin,https://www.portfolio.hu/global/20250613/lerantottak-a-leplet-a-kreml-titkos-mesterterverol-komoly-valsagot-robbanthat-ki-vlagyimir-putyin-767967
2eed4e3d6cce691d425111ebb9e6448d758df15bec45daff50b4204273018843,2025-06-13 17:31:26.318220+00:00,hu,portfolio.hu,portfolio.hu,2025-06-13,"Nagy bejelentéseket tett az Amazon, az egészségügyben erősítenék meg a vállalatot",https://www.portfolio.hu/uzlet/20250613/nagy-bejelenteseket-tett-az-amazon-az-egeszsegugyben-erositenek-meg-a-vallalatot-767973
d772df60e66e8e9cf7d505f87119ad649f6a8085f2d3b86afb23f76780d62c9d,2025-06-13 17:25:50.102794+00:00,hu,portfolio.hu,portfolio.hu,2025-06-13,"Eldőlt, ki lehet a Magyar Nemzeti Bank negyedik alelnöke",https://www.portfolio.hu/gazdasag/20250613/eldolt-ki-lehet-a-magyar-nemzeti-bank-negyedik-alelnoke-767969
47bd21f145858262d2170a83c14ec85dc35d29e503ca9ceb0c8c8cdc14b11ce1,2025-06-13 17:25:32.898306+00:00,hu,portfolio.hu,portfolio.hu,2025-06-13,Új megállapodásra készül Svájc az EU-val,https://www.portfolio.hu/gazdasag/20250613/uj-megallapodasra-keszul-svajc-az-eu-val-767965
418fcdc59aa6b0a75f1e90cf91645dce40dd5a7c15edf86ef481de03173b4a34,2025-06-13 17:24:49.636957+00:00,hu,portfolio.hu,portfolio.hu,2025-06-13,Botot dobtak Donald Trump küllői közé: túltolta a biciklit az amerikai elnök?,https://www.portfolio.hu/global/20250613/botot-dobtak-donald-trump-kulloi-koze-tultolta-a-biciklit-az-amerikai-elnok-767959
97d50da4bc8f61414ad4a2979bfd49b060db606b51711151f70d02a29c9410bd,2025-06-13 16:27:36.553140+00:00,hu,portfolio.hu,portfolio.hu,2025-06-13,"Megszólalt Donald Trump a világ forrongó régiójáról: tudtuk, mi folyik itt",https://www.portfolio.hu/global/20250613/megszolalt-donald-trump-a-vilag-forrongo-regiojarol-tudtuk-mi-folyik-itt-767963
ea32a7572643ada6b7576c1f74b6ca07ab1afd412f2fda12460a2e1404c5f4d6,2025-06-13 16:27:31.784791+00:00,hu,portfolio.hu,portfolio.hu,2025-06-13,Eséssel zárt a BUX,https://www.portfolio.hu/uzlet/20250613/esessel-zart-a-bux-767957
fc9ad5b34935689138c5318f78b86a0957d3022f25ce5d5eb8728e6e6a993c77,2025-06-13 15:30:55.925449+00:00,hu,portfolio.hu,portfolio.hu,2025-06-13,Megkongatta a vészharangot a hírhedt orosz elitegység parancsnoka: Moszkvának drámai lépést kell tennie,https://www.portfolio.hu/global/20250613/megkongatta-a-veszharangot-a-hirhedt-orosz-elitegyseg-parancsnoka-moszkvanak-dramai-lepest-kell-tennie-767953
4f7647aa1082c313cf38b51f22d8c7330e63f33ae6afcb8329cb1570570b9976,2025-06-13 15:30:36.012670+00:00,hu,portfolio.hu,portfolio.hu,2025-06-13,Milyen idő lesz a hétvégén? Mutatjuk a friss előrejelzést,https://www.portfolio.hu/uzlet/20250613/milyen-ido-lesz-a-hetvegen-mutatjuk-a-friss-elorejelzest-767949
e6fa641a6141305e15214d6bea2aaf66beaf1e61b40538a6a720a2fb1149ad48,2025-06-13 15:30:31.126152+00:00,hu,portfolio.hu,portfolio.hu,2025-06-13,Elképesztő videó jött: mit művel az iráni légvédelem?,https://www.portfolio.hu/global/20250613/elkepeszto-video-jott-mit-muvel-az-irani-legvedelem-767951
0294cb467c71afcfe403c1a747cf6a964753de89db016607f369e3fea0108c3f,2025-06-13 15:29:52.030296+00:00,hu,portfolio.hu,portfolio.hu,2025-06-13,Izrael megtámadta Iránt: meddig eszkalálódhat a konfliktus?,https://www.portfolio.hu/podcast/20250613/izrael-megtamadta-irant-meddig-eszkalalodhat-a-konfliktus-767807
999fd74f8d793903d2f0c5e3378171d91a6bea4dd13e293e174b27416884b8dc,2025-06-13 15:18:42.834744+00:00,hu,portfolio.hu,portfolio.hu,2025-06-13,Órásit javult a fogyasztói bizalom Amerikában,https://www.portfolio.hu/gazdasag/20250613/orasit-javult-a-fogyasztoi-bizalom-amerikaban-767941
a14917ec902028b2d12af285c1f6c2b726d1c314fe3e08516c75937f8efe61c0,2025-06-13 15:18:38.051273+00:00,hu,portfolio.hu,portfolio.hu,2025-06-13,Venni kell a Waberers részvényeit az Equilor szerint,https://www.portfolio.hu/befektetes/20250613/venni-kell-a-waberers-reszvenyeit-az-equilor-szerint-767923
3b5038ba485e8aa105c3f50233946965621b996601d932d33f746dd80f9b08db,2025-06-13 15:18:32.917023+00:00,hu,portfolio.hu,portfolio.hu,2025-06-13,Ukránok millióinak sorsa dőlt el az EU-ban,https://www.portfolio.hu/unios-forrasok/20250613/ukranok-millioinak-sorsa-dolt-el-az-eu-ban-767929
860dcef25986780a98ea050ecb8f78c273b9fb3f0266655bde45ef7c68f9685e,2025-06-13 15:18:28.443496+00:00,hu,portfolio.hu,portfolio.hu,2025-06-13,Megjött a figyelmeztetés: bármelyik pillanatban megindulhatnak a rakéták Izrael felé,https://www.portfolio.hu/global/20250613/megjott-a-figyelmeztetes-barmelyik-pillanatban-megindulhatnak-a-raketak-izrael-fele-767917
45782c63d75d90c781620908ddeaeda33ad1b5b706f9837340123e3920ff907f,2025-06-13 15:18:22.851987+00:00,hu,portfolio.hu,portfolio.hu,2025-06-13,Bukhat a Moderna legújabb vakcinája?,https://www.portfolio.hu/uzlet/20250613/bukhat-a-moderna-legujabb-vakcinaja-767935
2de20c0e6b07cfc77ec4acb2d8e66fd46d94bc8dfd01dd46c29894ab4971dbd2,2025-06-13 15:18:00.137544+00:00,hu,portfolio.hu,portfolio.hu,2025-06-13,Meglepő bejelentéseket tett az Apple: mindenki ezekre az újításokra figyelt,https://www.portfolio.hu/global/20250613/meglepo-bejelenteseket-tett-az-apple-mindenki-ezekre-az-ujitasokra-figyelt-767663
3b5d4aafcf2755f0bf06e715ee07b24c5f32c6050e5da3b166118ef8cbe8467c,2025-06-13 15:17:51.410564+00:00,hu,portfolio.hu,portfolio.hu,2025-06-13,Kiszivárgott: ez lehet a végső csapás Iránnal szemben – Egyszer és mindenkorra elintéznék a perzsa országot,https://www.portfolio.hu/global/20250613/kiszivargott-ez-lehet-a-vegso-csapas-irannal-szemben-egyszer-es-mindenkorra-elinteznek-a-perzsa-orszagot-767939
6ca103b5942baa7268b66574bdffdcb292b91c53f6dfb034969ea1b382920756,2025-06-13 15:17:46.603163+00:00,hu,portfolio.hu,portfolio.hu,2025-06-13,Figyelmeztették a hatóságokat: érkezik a sószennyezés Parajdról Magyarországra,https://www.portfolio.hu/uzlet/20250613/figyelmeztettek-a-hatosagokat-erkezik-a-soszennyezes-parajdrol-magyarorszagra-767943
2e94bb1864a4e1c1d35a6be14fa4a2e2558d1085f7a36919bc819049a9fa7d42,2025-06-13 15:17:41.164642+00:00,hu,portfolio.hu,portfolio.hu,2025-06-13,"Kiderült, MPR-500-as csúcsrakétákkal zúzhatták szét Iránt az éjjel, de ez sem lehetett mindenre elég",https://www.portfolio.hu/global/20250613/kiderult-mpr-500-as-csucsraketakkal-zuzhattak-szet-irant-az-ejjel-de-ez-sem-lehetett-mindenre-eleg-767931
7d7317cf3aae146d87d4b17da082b2096cd4c5a5e0fdc79d3636b3f18ff3bf32,2025-06-13 15:17:36.484653+00:00,hu,portfolio.hu,portfolio.hu,2025-06-13,Itt a bejelentés: nagy változás jön a patikákban,https://www.portfolio.hu/gazdasag/20250613/itt-a-bejelentes-nagy-valtozas-jon-a-patikakban-767921
58cd6ee022419b16643a4ef3f3a356fffa6ab24c1ff05a75414521e14dc79cfb,2025-06-13 15:17:15.132345+00:00,hu,portfolio.hu,portfolio.hu,2025-06-13,Lemondták a párizsi légikiállítást a Boeing vezetői az Air India katasztrófája után,https://www.portfolio.hu/uzlet/20250613/lemondtak-a-parizsi-legikiallitast-a-boeing-vezetoi-az-air-india-katasztrofaja-utan-767915
d167144cf65e543d6f62a5be7aac98cd1ceb354b30cc9c8a9fbb9f6747af05d6,2025-06-13 14:27:30.256854+00:00,hu,portfolio.hu,portfolio.hu,2025-06-13,Irán elleni támadás: meghökkentő bejelentést tett Izrael egyik legnagyobb ellensége,https://www.portfolio.hu/global/20250613/iran-elleni-tamadas-meghokkento-bejelentest-tett-izrael-egyik-legnagyobb-ellensege-767911
17b1fedb123ccba9759c5466f1395265845de9c7444c4df322d8e488a416eed3,2025-06-13 13:35:11.698100+00:00,hu,portfolio.hu,portfolio.hu,2025-06-13,Megszólalt Putyin főideológusa: kitört a harmadik világháború,https://www.portfolio.hu/global/20250613/megszolalt-putyin-foideologusa-kitort-a-harmadik-vilaghaboru-767907
74ebc493c087fcc14cedd45922bc169ccfe18d473aae758b57a85f374ab766c1,2025-06-13 13:33:43.857822+00:00,hu,portfolio.hu,portfolio.hu,2025-06-13,"Örülhet Donald Trump, de még semmi sincs kőbe vésve – Füstbe ment tervvé válhat a példátlan katonai művelet",https://www.portfolio.hu/global/20250613/orulhet-donald-trump-de-meg-semmi-sincs-kobe-vesve-fustbe-ment-tervve-valhat-a-peldatlan-katonai-muvelet-767885
acb5f6a68fa5a14e0f701a14819a88af09c2bdfe899c1b6e78523841d56a0400,2025-06-13 13:28:33.401648+00:00,hu,portfolio.hu,portfolio.hu,2025-06-13,A szemem előtt haltak meg,https://www.portfolio.hu/uzlet/20250613/a-szemem-elott-haltak-meg-megszolalt-az-air-india-jarat-egyetlen-tuleloje-a-lezuhant-repulogep-utolso-pillanatairol-767879
a1b77719c0e1cd729400ad50371d1fbdce1251fcfbe16226cff69dcdff3cfa4e,2025-06-13 13:28:28.373885+00:00,hu,portfolio.hu,portfolio.hu,2025-06-13,Claire Vasarely – Színnel teli élet,https://www.portfolio.hu/befektetes/20250613/claire-vasarely-szinnel-teli-elet-767881
b033571f699006cfb887addf000985e3d5e210e0dc8b0d20359ebbf70d138447,2025-06-13 13:28:23.191552+00:00,hu,portfolio.hu,portfolio.hu,2025-06-13,Jönnek a mesterséges intelligenciával működő Barbie-babák?,https://www.portfolio.hu/uzlet/20250613/jonnek-a-mesterseges-intelligenciaval-mukodo-barbie-babak-767903
9f551b58f0a3b75dca5287b377ff559ee6ef554bf7baa87243bd9c22111cbb85,2025-06-13 13:28:15.776134+00:00,hu,portfolio.hu,portfolio.hu,2025-06-13,Biztonsági ellenőrzést rendeltek el az Air Indiánál,https://www.portfolio.hu/uzlet/20250613/biztonsagi-ellenorzest-rendeltek-el-az-air-indianal-767887
544bb8237c289ed10dc7891e2f3b80c7e6ec61e55b5aee926f9b3e5a03a8b65e,2025-06-13 13:28:10.979664+00:00,hu,portfolio.hu,portfolio.hu,2025-06-13,"Nagyon súlyos támadást indított Izrael Irán ellen, folyamatosan eszkalálódik a helyzet",https://www.portfolio.hu/global/20250613/nagyon-sulyos-tamadast-inditott-izrael-iran-ellen-folyamatosan-eszkalalodik-a-helyzet-cikkunk-percrol-percre-frissul-767709
2e04f299f8a4c7b9cadac32b066b9b3baf6337c57f8e7b51cdd57c974f0f08f1,2025-06-13 13:28:05.617627+00:00,hu,portfolio.hu,portfolio.hu,2025-06-13,Légibalesetek: melyik a legbiztonságosabb ülés a repülőn?,https://www.portfolio.hu/uzlet/20250613/legibalesetek-melyik-a-legbiztonsagosabb-ules-a-repulon-767895
5d49512a9a6c854903b84ec430b80a83bbc04f73a69babbdf242e90b3604a6f8,2025-06-13 13:27:54.927286+00:00,hu,portfolio.hu,portfolio.hu,2025-06-13,"Sorra börtönzik be az ellenzéki vezetőket Grúziában, már a harmadik került rács mögé",https://www.portfolio.hu/global/20250613/sorra-bortonzik-be-az-ellenzeki-vezetoket-gruziaban-mar-a-harmadik-kerult-racs-moge-767875
d88f6a693609a27613a71f78db6c961e62eaa5c5c77405464acbcfac4941959a,2025-06-13 13:27:49.913704+00:00,hu,portfolio.hu,portfolio.hu,2025-06-13,Izrael a legrosszabbra készül: nagy háború jöhet,https://www.portfolio.hu/global/20250613/izrael-a-legrosszabbra-keszul-nagy-haboru-johet-767901
349bba8b5cbbe4868f2893044499130aa7b9f3699d07de12c97febfa1f21eccf,2025-06-13 13:27:43.036997+00:00,hu,portfolio.hu,portfolio.hu,2025-06-13,"Haladékot kaptak a cégek, de nem dőlhetnek hátra",https://www.portfolio.hu/podcast/20250613/haladekot-kaptak-a-cegek-de-nem-dolhetnek-hatra-767477
a3d82dff7e6ef97f2706ab1ce1dc3c687e758fdbed5d20fd4a44b5e32e47b27a,2025-06-13 13:27:38.494090+00:00,hu,portfolio.hu,portfolio.hu,2025-06-13,Esik a forint árfolyama,https://www.portfolio.hu/deviza/20250613/esik-a-forint-arfolyama-767743
8c42da3faf32d580f806e0e8df51b07fdc8d6709023c8d3c37c3a606370c400a,2025-06-13 13:27:33.211090+00:00,hu,portfolio.hu,portfolio.hu,2025-06-13,16 éves mélypontra esett Kínában a lakosság hitelfelvétele,https://www.portfolio.hu/bank/20250613/16-eves-melypontra-esett-kinaban-a-lakossag-hitelfelvetele-767889
1c7f3e40bd1e1bfdc075054f189daed07f2eccfc30b7a96eccbe58451ac426c1,2025-06-13 13:27:28.825067+00:00,hu,portfolio.hu,portfolio.hu,2025-06-13,Tűpontos csapást hajtott végre az ukrán MiG-29-es: felvételen az eredmény,https://www.portfolio.hu/global/20250613/tupontos-csapast-hajtott-vegre-az-ukran-mig-29-es-felvetelen-az-eredmeny-767897
c2a0d06b400abef8119cd36bc4d56f2fece690b1ddd6684283fba62c64c64f65,2025-06-13 13:27:18.515258+00:00,hu,portfolio.hu,portfolio.hu,2025-06-13,NNGYK: emelkedhetnek a koronavírus-fertőzések Magyarországon,https://www.portfolio.hu/uzlet/20250613/nngyk-emelkedhetnek-a-koronavirus-fertozesek-magyarorszagon-767891
4fde8c58f92202356a6db13247e3921bb6e63135a3a5fe6cf5d37492fd062706,2025-06-13 13:27:13.131830+00:00,hu,portfolio.hu,portfolio.hu,2025-06-13,"Amíg mindenki Iránra és Izraelre figyel, az EU hatalmas összeget utalt Ukrajnának",https://www.portfolio.hu/unios-forrasok/20250613/amig-mindenki-iranra-es-izraelre-figyel-az-eu-hatalmas-osszeget-utalt-ukrajnanak-767893
a179ba1029c9ab437fa4555fb8b2a9c1af458a35c839182f34c3e98b9b84f7d1,2025-06-13 13:27:08.494088+00:00,hu,portfolio.hu,portfolio.hu,2025-06-13,"Tapsol a brit ingatlanpiac, elképesztő tőkeinjekciót kapnak a munkáspárti kormánytól",https://www.portfolio.hu/ingatlan/20250613/tapsol-a-brit-ingatlanpiac-elkepeszto-tokeinjekciot-kapnak-a-munkasparti-kormanytol-767877
28c86bc23df73a98a738a417dabf646e45c4e14beea485c99bd1c581f3685bb8,2025-06-13 13:27:03.385767+00:00,hu,portfolio.hu,portfolio.hu,2025-06-13,Világraszóló bravúrt hajtott végre a világ legsötétebb diktatúrája: hetek alatt vízre tették az új rombolót,https://www.portfolio.hu/global/20250613/vilagraszolo-bravurt-hajtott-vegre-a-vilag-legsotetebb-diktaturaja-hetek-alatt-vizre-tettek-az-uj-rombolot-767867
79eaaecd5d3ee17a73a6b138472e031137b6d059afc6c74e54638f8f434b1199,2025-06-13 13:24:51.191197+00:00,hu,rtl.hu,rtl.hu,2025-06-13,Klímaváltozásnak ellenálló erdőt alakítanak ki a Budakeszi Vadaspark mellett,https://rtl.hu/reggeli/2025/06/13/otp-bank-pilisi-parkerdo-zrt-soproni-egyetem-10-eves-egyuttmukodes
18021ef9253ff29348eebdbabe20109b55f853587022257131e8f5edae15fb53,2025-06-13 10:34:57.752084+00:00,hu,portfolio.hu,portfolio.hu,2025-06-13,Moszkva keményen üzent Izraelnek az Irán elleni támadás után,https://www.portfolio.hu/global/20250613/moszkva-kemenyen-uzent-izraelnek-az-iran-elleni-tamadas-utan-767839
01a74978d7cd6587374db80dc184e7cc14ba7c93a3b6aa2de41e74e8e15778e1,2025-06-13 10:28:41.536651+00:00,hu,portfolio.hu,portfolio.hu,2025-06-13,Baljós előjelek: több kényszerleszállás volt Boeing 787-es gépekkel az Air India katasztrófája előtt,https://www.portfolio.hu/uzlet/20250613/baljos-elojelek-tobb-kenyszerleszallas-volt-boeing-787-es-gepekkel-az-air-india-katasztrofaja-elott-767815
3a5ccd154acd8a13cea602f7225eed08c5ee01067bb873268fc0ab90b0d845e8,2025-06-13 10:28:24.312640+00:00,hu,portfolio.hu,portfolio.hu,2025-06-13,Kiszivárogtak Oroszország titkos támogatói: európai országok is a listán,https://www.portfolio.hu/global/20250613/kiszivarogtak-oroszorszag-titkos-tamogatoi-europai-orszagok-is-a-listan-767811
8545acfe712e9010bff8aded3d673dcd298dcb83b9f3e3c624f09ad9a18af726,2025-06-13 10:28:05.485135+00:00,hu,portfolio.hu,portfolio.hu,2025-06-13,Air India-légikatasztrófa: megvan a fekete doboz!,https://www.portfolio.hu/uzlet/20250613/air-india-legikatasztrofa-megvan-a-fekete-doboz-767837
6d160259c088cd4f07a6a0548772b925d208adf312a3ae50e6cd28a6f0fa6397,2025-06-13 10:27:36.666486+00:00,hu,portfolio.hu,portfolio.hu,2025-06-13,Francia győzelem Portugáliában: lecsapott az óriásbank a milliárdos bizniszre,https://www.portfolio.hu/bank/20250613/francia-gyozelem-portugaliaban-lecsapott-az-oriasbank-a-milliardos-bizniszre-767797
a75d8c01e34ac724e85ba9c66d6fcfd4b4e9592e3b6bcee1ec94c957f5a17e1a,2025-06-13 10:27:31.291110+00:00,hu,portfolio.hu,portfolio.hu,2025-06-13,"Videó: bődületes hibát követett el Oroszország, Ukrajna nem is volt rest kihasználni",https://www.portfolio.hu/global/20250613/video-boduletes-hibat-kovetett-el-oroszorszag-ukrajna-nem-is-volt-rest-kihasznalni-767821
90e108664b9472b9da8baa38c8ed4f33650b23e74188989c8d931d91cfd9be82,2025-06-13 10:27:26.790563+00:00,hu,portfolio.hu,portfolio.hu,2025-06-13,Nyolc budapesti iskolát fenyegetett meg bombával egy 16 éves fiú,https://www.portfolio.hu/uzlet/20250613/nyolc-budapesti-iskolat-fenyegetett-meg-bombaval-egy-16-eves-fiu-767831
98ca06b22ec47691410a50752400ec645914a7ebc8d63494ca451a05e0643699,2025-06-13 10:27:21.304255+00:00,hu,portfolio.hu,portfolio.hu,2025-06-13,Járatokat függeszt fel a Wizz Air,https://www.portfolio.hu/uzlet/20250613/jaratokat-fuggeszt-fel-a-wizz-air-767829
1578ad05f55a4ce7b1c57d03120a14cd5c63b00c5553d2d0b7b7c003f07f206a,2025-06-13 09:29:53.435209+00:00,hu,portfolio.hu,portfolio.hu,2025-06-13,"Elmondta Izrael, mit bombáztak Iránban",https://www.portfolio.hu/global/20250613/elmondta-izrael-mit-bombaztak-iranban-ennek-teheran-nagyon-nem-fog-orulni-767803
642626ac8d21696b99fd10e263ce1aaca746a6eed5f92513531c586b1154be9c,2025-06-13 09:29:48.701930+00:00,hu,portfolio.hu,portfolio.hu,2025-06-13,"Duna House: fordulat az ingatlanpiacon, de alkudozásra nincs lehetőség",https://www.portfolio.hu/ingatlan/20250613/duna-house-fordulat-az-ingatlanpiacon-de-alkudozasra-nincs-lehetoseg-767809
32b0a5d04d724073a9fe752c5bbfccf4f8bcae35cab2e59503d5f0aac1c9d0e8,2025-06-13 09:29:41.314100+00:00,hu,portfolio.hu,portfolio.hu,2025-06-13,Izrael megtámadta Iránt,https://www.portfolio.hu/uzlet/20250613/izrael-megtamadta-irant-ide-menekitik-a-befektetok-a-penzuket-767791
3ad5b981bb699ff3b72361dfea7ecb46ad25f5d914914a6ea7de083d89bd15ba,2025-06-13 09:29:32.593440+00:00,hu,portfolio.hu,portfolio.hu,2025-06-13,Átalakul a világrend – de hova tegyem a pénzem?,https://www.portfolio.hu/podcast/20250613/atalakul-a-vilagrend-de-hova-tegyem-a-penzem-766507
832967a77c716802f3af503023bba149359b1ac46c57969e41cb1ebe1039d481,2025-06-13 09:29:13.783282+00:00,hu,portfolio.hu,portfolio.hu,2025-06-13,"Elképesztő rohamra indultak Oroszország legjobb helikopterei, de ami ezután történt, arra senki sem számított",https://www.portfolio.hu/global/20250613/elkepeszto-rohamra-indultak-oroszorszag-legjobb-helikopterei-de-ami-ezutan-tortent-arra-senki-sem-szamitott-767783
da1c7a29e94a36060615dcaeb28723d522be3da84647657f7f73b0ea24c61164,2025-06-13 09:29:05.143717+00:00,hu,portfolio.hu,portfolio.hu,2025-06-13,"Kiderült, hogy menekülhetett meg a lezuhant Air India-gép egyetlen túlélője",https://www.portfolio.hu/uzlet/20250613/kiderult-hogy-menekulhetett-meg-a-lezuhant-air-india-gep-egyetlen-tuleloje-767789
7fdf0a636e196f70558314697c274512d22fdedf4b819f8e513062865f21863c,2025-06-13 09:29:00.060812+00:00,hu,portfolio.hu,portfolio.hu,2025-06-13,"Figyelem, országos razzia jön: az ittas sofőrökre vadásznak",https://www.portfolio.hu/uzlet/20250613/figyelem-orszagos-razzia-jon-az-ittas-soforokre-vadasznak-767813
6338964f830ae271e64fcafed2d9036fb53fa865c28a8412e8f7eed07fe139f4,2025-06-13 09:28:45.331465+00:00,hu,portfolio.hu,portfolio.hu,2025-06-13,Kimondta Boris Pistorius: fel kell készülnünk az Amerika utáni életre,https://www.portfolio.hu/global/20250613/kimondta-boris-pistorius-fel-kell-keszulnunk-az-amerika-utani-eletre-767801
2d26279ea9d188226973598e2228da664ca1b288b46e3c14f690602feb5da8ee,2025-06-13 09:28:40.012889+00:00,hu,portfolio.hu,portfolio.hu,2025-06-13,"Lezártak egy strandot a Velencei-tónál, nem szabad fürdeni a vízben",https://www.portfolio.hu/uzlet/20250613/lezartak-egy-strandot-a-velencei-tonal-nem-szabad-furdeni-a-vizben-767799
1a721ce957387e06c04f0ff20d8eafd6bd8406cb5242c2d65b33897bcfe651ff,2025-06-13 09:28:35.074202+00:00,hu,portfolio.hu,portfolio.hu,2025-06-13,Lezárások jönnek a hétvégén Budapesten,https://www.portfolio.hu/uzlet/20250613/lezarasok-jonnek-a-hetvegen-budapesten-ezeket-az-utakat-keruld-el-767805
66c7c3630ad8173a81b3bcf49144109f28b5d7add478a360ad3c49f8a3cbef9d,2025-06-13 09:28:20.981552+00:00,hu,portfolio.hu,portfolio.hu,2025-06-13,„A zöld átmenet nem lehet palotaforradalom” – Gondola Csaba az EKR átalakításának hátteréről,https://www.portfolio.hu/gazdasag/20250613/a-zold-atmenet-nem-lehet-palotaforradalom-gondola-csaba-az-ekr-atalakitasanak-hattererol-767501
4453b102d2eb3d7c3e55a514c6e8aca2a58da071c6339f00d95ba73c2b044f3d,2025-06-13 09:28:17.046449+00:00,hu,portfolio.hu,portfolio.hu,2025-06-13,"Kibukott Izrael trükközése: egyetlen, hatalmas csellel tudták kijátszani Irán légvédelmét",https://www.portfolio.hu/global/20250613/kibukott-izrael-trukkozese-egyetlen-hatalmas-csellel-tudtak-kijatszani-iran-legvedelmet-767817
3f87bbacdba0cb6d48c48b974aae770db3c5357d99a6e6d1dcb2f54784205315,2025-06-13 08:27:38.993756+00:00,hu,portfolio.hu,portfolio.hu,2025-06-13,"Lezuhant egy Londonba tartó repülőgép 242 emberrel a fedélzetén, friss hírek érkeztek",https://www.portfolio.hu/global/20250613/lezuhant-egy-londonba-tarto-repulogep-242-emberrel-a-fedelzeten-friss-hirek-erkeztek-767543
b6908a1a452b17fa1dc3bd848b4d257d1f1762fbc1885a9ce7d264868617a14e,2025-06-13 08:27:28.461015+00:00,hu,portfolio.hu,portfolio.hu,2025-06-13,"Ha historikusan nézzük, folytatódhat a tőzsdei rali",https://www.portfolio.hu/befektetes/20250613/ha-historikusan-nezzuk-folytatodhat-a-tozsdei-rali-767759
629b5e83c22966dcbeb68ef116cde73039d86566e4f1b46ffbc266ce92202da9,2025-06-13 08:27:23.452102+00:00,hu,portfolio.hu,portfolio.hu,2025-06-13,Titkos tárgyalások a NATO-ban: Oroszország ellen irányulhat az új védelmi rendszer?,https://www.portfolio.hu/global/20250613/titkos-targyalasok-a-nato-ban-oroszorszag-ellen-iranyulhat-az-uj-vedelmi-rendszer-767761
c5112b5fa6675b69c8d282e12398ff1f6ffb9542ce1cbeac3ebcfde1dca1fb74,2025-06-13 08:27:09.288582+00:00,hu,portfolio.hu,portfolio.hu,2025-06-13,"Békésen strandoltak a NATO-ország tengerpartján, aztán egyszer csak feltűnt egy ukrán drón",https://www.portfolio.hu/global/20250613/bekesen-strandoltak-a-nato-orszag-tengerpartjan-aztan-egyszer-csak-feltunt-egy-ukran-dron-767779
da0d091f86147d476223c06ea2460877eba78c8851644207d86272ea26001c9c,2025-06-13 08:27:04.247631+00:00,hu,portfolio.hu,portfolio.hu,2025-06-13,"Megüzenték Trumpnak Brüsszelből: ha erősebb NATO-t akar, akkor azonnal álljon le!",https://www.portfolio.hu/unios-forrasok/20250613/meguzentek-trumpnak-brusszelbol-ha-erosebb-nato-t-akar-akkor-azonnal-alljon-le-767757
d731b10f253d637aedfec0a4532c455c90df8f6b22b08f64a04842b5cc9734ae,2025-06-13 08:26:59.146791+00:00,hu,portfolio.hu,portfolio.hu,2025-06-13,Drasztikus lépésre készül a kormány az Air Indiánál a tegnapi légikatasztrófa után,https://www.portfolio.hu/uzlet/20250613/drasztikus-lepesre-keszul-a-kormany-az-air-indianal-a-tegnapi-legikatasztrofa-utan-767785
ec020a7c84a9acd6e4723ea4fc6a1968fb1190659628597a99d75544eb665265,2025-06-13 08:26:54.186966+00:00,hu,portfolio.hu,portfolio.hu,2025-06-13,"50 ezer beteg, 4 milliárdos fejlesztés a magyar családi tulajdonú klinikánál",https://www.portfolio.hu/gazdasag/20250613/50-ezer-beteg-4-milliardos-fejlesztes-a-magyar-csaladi-tulajdonu-klinikanal-766255
29a8031eee42450537c4069148a6289226e7e756b2563aeb699ca810d0502244,2025-06-13 08:26:49.371523+00:00,hu,portfolio.hu,portfolio.hu,2025-06-13,Irán bosszút ígért az izraeli támadásokra,https://www.portfolio.hu/uzlet/20250613/iran-bosszut-igert-az-izraeli-tamadasokra-utik-az-otp-t-elszallt-az-olaj-767715
9d0759c2739611465074dc0a83ead53ad3892a1bc1b59b08c6d9c047922b7766,2025-06-13 08:26:44.095349+00:00,hu,portfolio.hu,portfolio.hu,2025-06-13,Háború van? Atomcsapás lesz? Régiós összeomlás jön? – Megválaszoljuk a legfontosabb kérdéseket az Irán elleni támadás kapcsán,https://www.portfolio.hu/global/20250613/haboru-van-atomcsapas-lesz-regios-osszeomlas-jon-megvalaszoljuk-a-legfontosabb-kerdeseket-az-iran-elleni-tamadas-kapcsan-767775
5235922e91f5818f92ed6b49b30a678c9ce0b0d1290ebd48c00afe3e18cef24d,2025-06-13 08:26:39.455624+00:00,hu,portfolio.hu,portfolio.hu,2025-06-13,A közel-keleti feszültség elérte az európai gáztőzsdét is: ideges lett a piac,https://www.portfolio.hu/global/20250613/a-kozel-keleti-feszultseg-elerte-az-europai-gaztozsdet-is-ideges-lett-a-piac-767781
e8913774fb766e28d804c2c95fb9de32a4b7a8f21a939d1af8c9f6afa33d9644,2025-06-13 08:26:34.345482+00:00,hu,portfolio.hu,portfolio.hu,2025-06-13,"Támad a BlackRock: ha ez megtörténik, azt mindenki érezni fogja",https://www.portfolio.hu/befektetes/20250613/tamad-a-blackrock-ha-ez-megtortenik-azt-mindenki-erezni-fogja-767753
ffabbf5e60daa6efc318eef2e5b3ffaa7b2b68ae03c38e262100d1caafe855f1,2025-06-13 08:26:29.208596+00:00,hu,portfolio.hu,portfolio.hu,2025-06-13,"Egy 28 éves zseni fejlesztheti a Meta szuperintelligenciáját, mesés vagyont költöttek a megszerzésére",https://www.portfolio.hu/befektetes/20250613/egy-28-eves-zseni-fejlesztheti-a-meta-szuperintelligenciajat-meses-vagyont-koltottek-a-megszerzesere-767765
a06d84b13702d25bb0f38c997900710823047b97519fe912e1594449749d2546,2025-06-13 08:26:24.568167+00:00,hu,portfolio.hu,portfolio.hu,2025-06-13,Az energetika húzza az Opus Global profitját,https://www.portfolio.hu/uzlet/20250613/az-energetika-huzza-az-opus-global-profitjat-767763
e8650e9f4e15f785c0b8292f8ddd1f7d49289518af8401fb62bc58f7317f2ebb,2025-06-13 08:26:19.918006+00:00,hu,portfolio.hu,portfolio.hu,2025-06-13,Fellélegezhet a forint a hajnali ijedség után,https://www.portfolio.hu/deviza/20250613/fellelegezhet-a-forint-a-hajnali-ijedseg-utan-767743
456b2118fda2791d698f83bde9c3eca88067cedee17820a50617d54a705cffd2,2025-06-13 08:26:14.369394+00:00,hu,portfolio.hu,portfolio.hu,2025-06-13,"Válasz az NGM-ből: a magyar adórendszer köszöni, jól van",https://www.portfolio.hu/gazdasag/20250613/valasz-az-ngm-bol-a-magyar-adorendszer-koszoni-jol-van-767707
3199d1398037a0cdf781f90563b71587cd4252c86a716911345ae575b93474d2,2025-06-13 08:26:01.410164+00:00,hu,portfolio.hu,portfolio.hu,2025-06-13,Megszólalt Donald Trump a pusztító izraeli légicsapás után,https://www.portfolio.hu/global/20250613/megszolalt-donald-trump-a-pusztito-izraeli-legicsapas-utan-767771
c5f389c30f20d35e642ded7c60c7642712d97dabb2ed0fc76d5a4502f330912d,2025-06-13 08:25:57.269265+00:00,hu,portfolio.hu,portfolio.hu,2025-06-13,"Újabb csapás a légitársaságok számára, zuhanórepülésben a részvények",https://www.portfolio.hu/befektetes/20250613/ujabb-csapas-a-legitarsasagok-szamara-zuhanorepulesben-a-reszvenyek-767773
b1d52896587b9d2a3d85610a9822e451bd74cbf83a21d5c574c5968b46fed0b9,2025-06-13 08:25:51.667881+00:00,hu,portfolio.hu,portfolio.hu,2025-06-13,Légikatasztrófa Indiában: nyilvánosságra hozták a pilóta utolsó üzenetét,https://www.portfolio.hu/global/20250613/legikatasztrofa-indiaban-nyilvanossagra-hoztak-a-pilota-utolso-uzenetet-767751
a00b4ad421104582345881ced6e1e7dd379d558980aa9a3dbb4c5e1f574a4930,2025-06-12 06:17:36.715384+00:00,hu,origo.hu,origo.hu,2025-06-12,"Őserdő és bölények Európában? Ezt neked is látnod kell, irány a Białowieża Nemzeti Park!",https://www.origo.hu/utazas/2025/06/bia-owieza-nemzeti-park
9c0b330c3146f00b3abe20c79b8dfaf7d082600360de312857b189ccc46b9fa2,2025-06-11 10:31:04.991166+00:00,hu,portfolio.hu,portfolio.hu,2025-06-11,Idén tavasszal is csúcsra járattuk a Portfolio konferenciákat: hatalmas érdeklődés mellett zakatoltak rendezvényeink,https://www.portfolio.hu/gazdasag/20250611/iden-tavasszal-is-csucsra-jarattuk-a-portfolio-konferenciakat-hatalmas-erdeklodes-mellett-zakatoltak-rendezvenyeink-766153
24e1382fca945c296ba0133221e713879b308717fd0e43afd5fbb77f6c055dad,2025-06-07 13:17:40.871701+00:00,hu,index.hu,index.hu,2025-06-07,A teljes pusztulás szélére sodródott Európa egyik legikonikusabb folyója,https://index.hu/fomo/2025/06/07/folyo-szajna-vizszennyezes-visszaallitas-bbc-earth-dokumentumfilm-premier/
5e04b5d8a82e0582314f61affda9f7f190e8c361bd751d1c73bf52eaabd477d0,2025-06-06 09:31:21.028017+00:00,hu,portfolio.hu,portfolio.hu,2025-06-06,Dübörögnek a Portfolio konferenciák: iparági networking és szakmai információdömping egy helyen már 21. éve!,https://www.portfolio.hu/gazdasag/20250606/duborognek-a-portfolio-konferenciak-iparagi-networking-es-szakmai-informaciodomping-egy-helyen-mar-21-eve-766153
642accc704119d5cddc46693700fdd2787f3d6247ad8ea13359bb6027097307e,2025-06-05 14:26:21.053252+00:00,hu,origo.hu,origo.hu,2025-06-05,Fajkihalás a szomszédban – Az állat- és növényvilág pusztulása minden országban jelen van,https://www.origo.hu/tudomany/2025/06/fajkihalas-a-szomszedban
bf16f6c2e3942a66810b326d0c8490d475ff472b24457464164bcf80ff34f9a7,2025-06-05 13:18:42.242343+00:00,hu,portfolio.hu,portfolio.hu,2025-06-05,Lesújtott az Alkotmánybíróság: megsemmisítették a magyar klímatörvény kulcsfontosságú részét,https://www.portfolio.hu/global/20250605/lesujtott-az-alkotmanybirosag-megsemmisitettek-a-magyar-klimatorveny-kulcsfontossagu-reszet-766201
633566b97c02abe35f618c3b6f48d6dd31582118b79691efd633b0ae82731cb1,2025-06-01 18:24:15.250149+00:00,hu,portfolio.hu,portfolio.hu,2025-06-01,Itt már nem elég néhány környezettudatos ember erőfeszítése – Drasztikus lépések kellenek a műanyagválság kezeléséhez,https://www.portfolio.hu/gazdasag/20250601/itt-mar-nem-eleg-nehany-kornyezettudatos-ember-erofeszitese-drasztikus-lepesek-kellenek-a-muanyagvalsag-kezelesehez-764683
2bbe5043c1d3f480ad12a660255bb511665e28fe7b20839a737a85b6af10f2f7,2025-05-25 12:27:02.660518+00:00,hu,hvg.hu,hvg.hu,2025-05-25,"Ki kellene törnünk a GDP mágikus köréből, de túlságosan is rabjai vagyunk",https://hvg.hu/gazdasag/20250525_partha-dasgupta-kozgazdasz-professzor-eloadas-interju-gdp-termeszeti-toke-bioszfera-fenntarthatosag#rss
7a42aa41015526a70c95a80526f9e90b87804a78708b4efe866058b8ae211d98,2025-05-22 09:17:13.427306+00:00,hu,index.hu,index.hu,2025-05-22,"Nagy veszélyben a csokoládé, de más importélelmiszerek körül is sok a rizikó",https://index.hu/tudomany/2025/05/22/csokolade-kakao-europai-unio-eghajlat-valtozas-globalis-felmelegedes/
ca5ce39f0cb589391bdf0c8e692b75c220e0323e98867b0352d84032a63803a3,2025-05-20 07:17:47.489253+00:00,hu,portfolio.hu,portfolio.hu,2025-05-20,Brüsszel radikális átalakítást tervez: veszélyben az uniós mezőgazdasági támogatások?,https://www.portfolio.hu/unios-forrasok/20250520/brusszel-radikalis-atalakitast-tervez-veszelyben-az-unios-mezogazdasagi-tamogatasok-762317
eb1c257402e36354bb17dd87205901832d75c1dc262a6c1fd35a49f2852edf02,2025-05-17 18:21:53.545600+00:00,hu,magyarkurir.hu,magyarkurir.hu,2025-05-17,"Száz év múlva lehet szegényebb, mégis jobb a világ – Teremtésvédelmi napot rendeztek Budapesten",https://www.magyarkurir.hu/hirek/szaz-ev-mulva-lehet-szegenyebb-megis-jobb-vilag-teremtesvedelmi-napot-rendeztek-budapesten
0edcb5e9c645815cafd493b2940311716d4c2400d4250044f14d668b8ee38546,2025-05-16 14:30:03.169835+00:00,hu,demokrata.hu,demokrata.hu,2025-05-16,A néppárt csendben kihátrált a Green Deal mögül,https://demokrata.hu/gazdasag/a-neppart-csendben-kihatralt-a-green-deal-mogul-993616/
5d4717f1eee5d19cc79d3e14d62b733a3ae84196f4c6b02aae782a4697403b5c,2025-05-08 13:37:10.954469+00:00,hu,kitekinto.hu,kitekinto.hu,2025-05-08,2028-tól is marad az uniós pénzek kiutalásának szigorú felügyelete,https://kitekinto.hu/2025/05/08/europai-ugyek/2028-tol-is-marad-az-unios-penzek-kiutalasanak-szigoru-felugyelete/211663/
3a57f6f58838ac661542a8cb3a62bd254f96771a3af4d23b7ecf52898e2853bd,2025-05-08 13:25:45.854259+00:00,hu,24.hu,24.hu,2025-05-08,"Egy lépéssel közelebb kerültünk ahhoz, hogy vadászni lehessen a farkasokra",https://24.hu/tudomany/2025/05/08/farkasvadaszat-europai-parlament-szavazas-vedettseg-gyengitese/
fab06e6a5c5c4fd8e1ecddc343872a79b43faec6e15db24d47641870f53ef9af,2025-05-07 20:19:25.995640+00:00,hu,index.hu,index.hu,2025-05-07,Az Európai Parlament a következő uniós pénzügyi keret forrásait is a jogállamiság tiszteletben tartásához kötné,https://index.hu/kulfold/2025/05/07/europai-parlament-unios-forrasok-unios-koltsegvetes-europai-bizottsag-jogallamisag/
ee949b8d65c7816f55eab833950c8aaaf91c9e9503a09682eb6904ca9a6e3b83,2025-05-07 18:29:41.642346+00:00,hu,infostart.hu,infostart.hu,2025-05-07,Uniós pénzek: a következő években is marad a jogállamisági szigor,https://infostart.hu/gazdasag/2025/05/07/unios-penzek-a-kovetkezo-evekben-is-marad-a-jogallamisagi-szigor
013afd7f2558dc0f6a6d3a1d49c536b8d3d92941e12fdae06858b0dd4cb4309f,2025-05-05 14:19:16.498277+00:00,hu,index.hu,index.hu,2025-05-05,„Le kell ölni ezeket az állatokat” – a miniszter személyesen válaszolt a kritikákra,https://index.hu/belfold/2025/05/05/orszaggyules-parlament-fidesz-kdnp-ellenzek-vita-nagy-istvan-ragados-szaj-es-koromfajas/
d7ceee93ecd46ce2e4d49d266550f246cccdc23bba1543cb93e2a16fc6a4c7c7,2025-05-02 13:20:02.074489+00:00,hu,hvg.hu,hvg.hu,2025-05-02,"A klímaváltozás buszán ülünk, féktávolságon belül van a fal, mindenki előtt van gáz- és fékpedál – ön épp melyiket nyomja?",https://hvg.hu/gazdasag/20250502_klimavalsag-klimavaltozas-klimatudomany-tiz-pontja-Gelencser-Andras-Urge-Vorsatz-Diana-Zlinszky-Janos-GPC#rss
5a08f252bd261c769f8eb5bb670ad387b7ad16dae20d7ccb677c58cf20d26fc5,2025-04-27 14:24:34.455751+00:00,hu,nepszava.hu,nepszava.hu,2025-04-27,„A kevesebb néha több”,https://nepszava.hu/3277453_a-kevesebb-neha-tobb-harminc-eve-segiti-a-kornyezettudatos-nevelest-a-magyar-termeszetvedok-szovetsege
5fdd71efe8287b64c438311d1655e63a19a56c62211dd7956d7a6f99d600db98,2025-04-23 10:30:20.788549+00:00,hu,origo.hu,origo.hu,2025-04-23,A pingvinek titkai: James Cameron új természetfilmje felfedi a sarkvidék rejtett hőseit,https://www.origo.hu/teve/2025/04/pingvinek-titkai-james-cameron-termeszetfilm
049e4d83a46c74f49759af57217d5e4b7b9958b0e40c1be7cc5cf9546c716c82,2025-04-22 07:22:02.831101+00:00,hu,origo.hu,origo.hu,2025-04-22,A Föld napja: globális összefogás bolygónk védelméért,https://www.origo.hu/tudomany/2025/04/fold-napja
cc660fa90b056723b5cf8c3db5451810868f0cc05e6695d584b5b2af3d05f1e6,2025-04-06 19:19:53.593155+00:00,hu,infostart.hu,infostart.hu,2025-04-06,HUN-REN: az eddig sejtettnél is nagyobb hatást gyakorolhat az ember a biodiverzitásra,https://infostart.hu/tudomany/2025/04/06/hun-ren-az-eddig-sejtettnel-is-nagyobb-hatast-gyakorolhat-az-ember-a-biodiverzitasra
81f7dc983f0a801d6fef19215dafbf7487361f51b7eb2dcb02690cad1fb826f7,2025-04-05 00:18:52.420470+00:00,hu,gondola.hu,gondola.hu,2025-04-04,"HUN-REN: nagyobb az ember hatása a biodiverzitásra, mint eddig gondolták",https://gondola.hu/hirek/315099-HUN-REN__nagyobb_az_ember_hatasa_a_biodiverzitasra__mint_eddig.html
7bc59b4cf9deb9a40c65b9fb5c3954271c8a5703384dbf48d3c268ab60264198,2025-04-04 03:23:36.565834+00:00,hu,pecsiujsag.hu,pecsiujsag.hu,2025-04-03,Innovatív gazdasági megoldások a Dél-Dunántúlon,https://www.pecsiujsag.hu/pecs/hir/helyi-hireink/innovativ-gazdasagi-megoldasok-a-del-dunantulon
ba17222bec83226b89cddee82df5c96380283f3a1cd034105fee17a7a42e81bc,2025-04-03 11:30:11.961862+00:00,hu,hvg.hu,hvg.hu,2025-04-03,"Magyar tudós is részt vett abban a kutatásban, ami riasztó adatokkal szolgál az ember biodiverzitásra gyakorolt hatásáról",https://hvg.hu/zhvg/20250403_nemzetkozi-kutatas-hun-ren-biodiverzitas-emberi-hatas#rss
a49cbe96dd880131594f342e5883ddbaba435799075e31c06f3fa8a7750a189a,2025-04-03 10:27:34.347318+00:00,hu,portfolio.hu,portfolio.hu,2025-04-03,"Ijesztő számok: drámai tempóban csökken a természet sokszínűsége, és ez az egész emberi civilizációt veszélyezteti",https://www.portfolio.hu/uzlet/20250403/ijeszto-szamok-dramai-tempoban-csokken-a-termeszet-sokszinusege-es-ez-az-egesz-emberi-civilizaciot-veszelyezteti-752313
a9656e5e8b0c9ccf25a81bd05645f92158be041b598e35545aa32cce17cb83b8,2025-04-01 09:21:46.871903+00:00,hu,portfolio.hu,portfolio.hu,2025-04-01,"Jó, ha tudjuk: az erdőirtás és a fajkihalás a gazdagabb országok rejtett exportcikkévé vált",https://www.portfolio.hu/global/20250401/jo-ha-tudjuk-az-erdoirtas-es-a-fajkihalas-a-gazdagabb-orszagok-rejtett-exportcikkeve-valt-750375
91b4753065f05098918f8169bd997475b2f511b3405636271ac4c559855415d6,2025-03-31 07:24:04.596658+00:00,hu,demokrata.hu,demokrata.hu,2025-03-31,Az erdő a jövőnk záloga,https://demokrata.hu/magyarorszag/az-erdo-a-jovonk-zaloga-965360/
591303240315051a905b426e1372489dbf1c7d216f5ef9e38d8ef8212fb0aaa1,2025-03-29 18:21:01.373209+00:00,hu,infostart.hu,infostart.hu,2025-03-29,Szárad a Hortobágy: egyre nagyobb bajban a gazdák a klímaváltozás miatt,https://infostart.hu/belfold/2025/03/29/szarad-a-hortobagy-egyre-nagyobb-bajban-a-gazdak-a-klimavaltozas-miatt
93b4bf3fa1682c60e91190f707920307087a026a60c359bd3437c3383cf95d02,2025-03-28 15:26:45.800422+00:00,hu,24.hu,24.hu,2025-03-28,Lesújtó tanulmány mutatja meg az ember pusztító erejét,https://24.hu/tudomany/2025/03/28/emberi-tevekenyseg-hatasa-az-elovilagra-biodiverzitas/
c037f4b244013e1fc6091395bd2b66a8864365b46406871f4cbbf5beb3916509,2025-03-26 18:26:51.219952+00:00,hu,portfolio.hu,portfolio.hu,2025-03-26,"OVF: olyan aszály jön, amilyet még nem láttunk",https://www.portfolio.hu/gazdasag/20250326/ovf-olyan-aszaly-jon-amilyet-meg-nem-lattunk-750463
0c8b78043e5fe0495b5508712b0ccb29b474bd777553a245f5b9cde3bc5e9174,2025-03-24 12:24:16.038505+00:00,hu,magyarnemzet.hu,magyarnemzet.hu,2025-03-24,"Bezárhatjuk a boltot, ha így megy tovább + videó",https://magyarnemzet.hu/belfold/2025/03/vizgazdalkodas-szarazsag-aszaly-arviz-konfliktus-harc-klimavaltozas-afrika-kek-bolygo?utm_source=hirstart&utm_medium=referral&utm_campaign=hiraggregator
2a1b6f96fd142bf35fa7b1560998a3003146bc44c4b137c3e3a749df0fd94da4,2025-03-24 11:33:24.575545+00:00,hu,hirtv.hu,hirtv.hu,2025-03-24,Szöllősi-Nagy András: paradigmaváltásra van szükség a vízgazdálkodásban,https://hirtv.hu/ahirtvhirei/szollosi-nagy-andras-paradigmavaltasra-van-szukseg-a-vizgazdalkodasban-2604181?utm_source=feed&utm_medium=rss
9e03b92d0d0b0bf8cabd3ce7adca4736e1c20087fd4665525fb6e168d113ad78,2025-03-21 09:23:22.181080+00:00,hu,index.hu,index.hu,2025-03-21,"Rá sem ismerünk a Kárpát-medence időjárására, nem a fűtésre költünk majd legtöbbet",https://index.hu/belfold/2025/03/21/szegedi-tudomanyegyetem-gal-tamas-klimavaltozas-interdiszciplinaris-kutatocsoport-eghajlaszvaltozas-felmelegedes/
2eafddefa57aefd8cf16b7040303cfecb3ec92328cf49eb3d289ba4255babcfe,2025-03-14 13:34:32.843179+00:00,hu,demokrata.hu,demokrata.hu,2025-03-14,Újabb pályázatok jelentek meg a fenntartható mezőgazdaság jegyében,https://demokrata.hu/magyarorszag/ujabb-palyazatok-jelentek-meg-a-fenntarthato-mezogazdasag-jegyeben-965113/
bcf9bdfd706d764c9742651f3af2b1eeefa7c970bead65f7b04fa4a09f0abd7b,2025-03-13 01:21:30.182759+00:00,hu,magyarnarancs.hu,magyarnarancs.hu,2025-03-12,Egy hét tudomány 2025/11.,https://magyarnarancs.hu/interaktiv/egy-het-tudomany-202511-275188
a513164a560b9a151962c874971274bd344f91afa69e682b6becb705e51e9e60,2025-03-10 19:37:35.683045+00:00,hu,origo.hu,origo.hu,2025-03-10,"Az orosz-ukrán háború háromévnyi környezeti költsége: 230 millió tonna üvegházhatású gáz, elszennyeződött vizek és talajok, pusztuló bioszféra",https://www.origo.hu/tudomany/2025/03/orosz-ukran-haboru-kornyezeti-hatasai
954d67535862cb4f6537961fb0bf66e3b46853444414d057678c22cdbec2022c,2025-03-10 11:39:02.369057+00:00,hu,blikk.hu,blikk.hu,2025-03-10,Egyre kilátástalanabb a bolygónk és az emberiség jövője,https://www.blikk.hu/eletmod/vilag-titkai/easac-emberiseg-bolygo-jovo-klimavalsag/cdvnt8y
47a6aaf687ebe697d9b57af59c9b572298beff06ce0c2e013853c6c21e6e3b2e,2025-03-08 20:27:20.559879+00:00,hu,infostart.hu,infostart.hu,2025-03-08,Magyar–szlovák bioszféra-együttműködés indul: vadmacskákat is mentenek,https://infostart.hu/belfold/2025/03/08/magyar-szlovak-bioszfera-egyuttmukodes-indul-vadmacskakat-is-mentenek
a23f594ed1d3e44f440d3379f3e7703d39b469dd0cacca8e7aede30662417322,2025-03-07 17:20:14.515831+00:00,hu,portfolio.hu,portfolio.hu,2025-03-07,Zöld átállás és dekarbonizáció: merre tartanak a kulcsiparágak?,https://www.portfolio.hu/gazdasag/20250307/zold-atallas-es-dekarbonizacio-merre-tartanak-a-kulcsiparagak-746291
16762144a1fbb5036d5aabb67b00732a10aed3e61c42068d4d912e2cfd10b1a5,2025-03-06 14:28:51.009841+00:00,hu,portfolio.hu,portfolio.hu,2025-03-06,"Sokba fog kerülni az ESG-megfelelés a magyar vállalkozásoknak, amire sokan nincsenek felkészülve",https://www.portfolio.hu/gazdasag/20250306/sokba-fog-kerulni-az-esg-megfeleles-a-magyar-vallalkozasoknak-amire-sokan-nincsenek-felkeszulve-745975
08850c9c682cd248478c6728125137a258e989467505e5784967f73d4a958c41,2025-03-05 16:34:55.403953+00:00,hu,origo.hu,origo.hu,2025-03-05,Génmanipulált gyapjas egér jelenti az első lépést a mamutok feltámasztásához,https://www.origo.hu/tudomany/2025/03/genmanipulalt-gyapjas-eger-jelenti-az-elso-lepest-a-mamutok-feltamasztasahoz
30be23cd8f9b0c0fe2a70d260d913cf0321761e4555e84dad7f227678242ab6f,2025-02-18 05:26:22.789963+00:00,hu,hvg.hu,hvg.hu,2025-02-18,"Szerbiai szélturbinákra, horvát naperőművekre, szlovákiai vízerőművekre feni a fogát az Alteo",https://hvg.hu/zhvg/20250218_alteo-strategia-megujulo-energia-regionalis-terjeszkedes-leptekvaltas#rss
129bcef5af472b495b07f20f24fc9f073d992e1c69b1ae6336250ce06693b000,2025-02-17 09:25:28.533713+00:00,hu,nepszava.hu,nepszava.hu,2025-02-17,Kétmillió fát akarnak ültetni az idén a Maldív-szigeteken,https://nepszava.hu/3269073_maldiv-szigetek-ketmillio-fa-ultetes-klimavedelem-biodiverzitas
4cd2d9d355d2474f02be1a2ef0d921280933cf3565e06c267e1b8dc4a2876d03,2025-02-17 07:19:07.589759+00:00,hu,hirtv.hu,hirtv.hu,2025-02-17,Kétmillió fát terveznek ültetni az idén a Maldív-szigeteken,https://hirtv.hu/hirtvszines/ketmillio-fat-terveznek-ultetni-az-iden-a-maldiv-szigeteken-2601737?utm_source=feed&utm_medium=rss
cdcc0e5b7ab3eee3c700d0eb4f08cc8eb379041ed7f4836f53587d98eba11a55,2025-02-14 19:49:42.351213+00:00,hu,hirtv.hu,hirtv.hu,2025-02-14,Új támogatások segítik a hazai kertészeti ágazatokat,https://hirtv.hu/hirtv_gazdasagi_hirei/uj-tamogatasok-segitik-a-hazai-kerteszeti-agazatokat-2601628?utm_source=feed&utm_medium=rss
769c326fdf426e16213adafe16d9b2d7b9c78a20b8c7998fa2d9f34bd2b3f572,2025-02-14 15:21:40.110715+00:00,hu,demokrata.hu,demokrata.hu,2025-02-14,Új támogatások segítik a hazai kertészeti ágazatokat,https://demokrata.hu/magyarorszag/uj-tamogatasok-segitik-a-hazai-kerteszeti-agazatokat-950432/
f101924110c327a2072e171280277f20786a25cdd6129b2141503c295182b76c,2025-02-13 06:22:13.849234+00:00,hu,blikk.hu,blikk.hu,2025-02-13,"A Bosch zöldre váltana, 99 százalékban zöldenergiát vásárol",https://www.blikk.hu/ferfiaknak/tech/bosch-kornyezetvedelem-es-klimavaltozas/gr4l99g
4f3b9f5c2cb9f776cbd09ed50d11582ea3627d1449572d2a21b78850a2e4707c,2025-02-06 15:34:51.802005+00:00,hu,dunaujvaros.com,dunaujvaros.com,2025-02-06,Sikeres lehet a Nemzeti Faültetés Napja,https://dunaujvaros.com/hirek/202502/sikeres_lehet_a_nemzeti_faultetes_napja
a396fcf9ab7458ff4b944e2fadecd5a24c32c84ce58bb302f8a97ba647deb9ee,2025-02-03 19:36:17.370148+00:00,hu,index.hu,index.hu,2025-02-03,Hatmilliárd fa hiányzik Magyarországról,https://index.hu/belfold/2025/02/03/faultetes-fenntarthatosag-klimavalsag-10-millio-fa-nemzeti-faultetes-napja-litkai-gergely-esg/
310b8eec938708445e65d560c68945c5bb40a12aaf2e5c031ed27e1c3f5fc070,2025-02-02 18:27:51.144224+00:00,hu,origo.hu,origo.hu,2025-02-02,A vizes élőhelyek világnapját ünnepeljük,https://www.origo.hu/tudomany/2025/02/vizes-elohelyek-vilagnapjat-unnepeljuk
33a562030fbe90e0d031fca6e68b139fca30b713d067d9eb1f3b30e29a07fa53,2025-02-02 15:22:56.883410+00:00,hu,index.hu,index.hu,2025-02-02,"A „dupla pofon” hatásai még sajognak, de vonzó célpont Magyarország",https://index.hu/gazdasag/2025/02/02/iroda-irodapiac-ingatlanszektor-fenntarthatosag-innovacio-home-office-munkahely-irodahaz-kereskedelmi-ingatlan/
65d4ac206a66bd13a3688dc222290885dc9ee72fab4ea0fe3b37913e4877c05f,2025-01-23 19:38:34.950121+00:00,hu,ma.hu,ma.hu,2025-01-23,"Litkai Gergely: Mindennek van már világnapja, nem árt, ha van értelmes dolgoknak is",https://www.ma.hu/belfold/403731/Litkai_Gergely_Mindennek_van_mar_vilagnapja_nem_art_ha_van_ertelmes_dolgoknak_is?place=srss
4326913281e81188d2ce1cd5ec7e71e726cbbc6dd7e6ff608a0866d2f20e5b35,2025-01-21 23:22:48.728211+00:00,hu,infostart.hu,infostart.hu,2025-01-21,Gigajelentés készült az emberiség jövőjéről – magyar részvétellel,https://infostart.hu/tudomany/2025/01/21/gigajelentes-keszult-az-emberiseg-jovojerol-magyar-reszvetellel
51b8cf0f6dae351bf425056c062d11f59d5b99916151f06bc2be2bba20a5aa9c,2025-01-21 15:36:17.968319+00:00,hu,hirtv.hu,hirtv.hu,2025-01-21,Több száz oldalas jelentés készült a világ jövőjéről,https://hirtv.hu/hirtvszines/tobb-szaz-oldalas-jelentes-keszult-a-vilag-jovojerol-2599895?utm_source=feed&utm_medium=rss
080bcb952a4e0c0c45ac15c127071d9d2938c97b66a3c1848c98e7182a0b4f49,2025-01-21 08:20:53.905429+00:00,hu,portfolio.hu,portfolio.hu,2025-01-21,Valóban növelik az agrár-környezetvédelmi programok az öko-hatékonyságot?,https://www.portfolio.hu/krtk/20250121/valoban-novelik-az-agrar-kornyezetvedelmi-programok-az-oko-hatekonysagot-735435
6ba23f979d2f746dce7d281c93cc2040484307dbe25c6f5e47c04a0214e4bb3c,2025-01-19 08:21:28.747576+00:00,hu,portfolio.hu,portfolio.hu,2025-01-19,"Von der Leyen megdönti a legnagyobb uniós tabut, 1200 milliárd euró sorsa a tét",https://www.portfolio.hu/unios-forrasok/20250119/von-der-leyen-megdonti-a-legnagyobb-unios-tabut-1200-milliard-euro-sorsa-a-tet-735401
4532c3248eb59dca0897a1fac30f723cfa906e19d28522a78a900f3ea7ab3d3d,2025-01-15 12:17:15.977106+00:00,hu,portfolio.hu,portfolio.hu,2025-01-15,"Friss felmérés mutatja, hogy mik most a legnagyobb globális kockázatok",https://www.portfolio.hu/gazdasag/20250115/friss-felmeres-mutatja-hogy-mik-most-a-legnagyobb-globalis-kockazatok-734787
7b1c9b9114c106c807153eb8510e09325496686679b27e689ef0b49e45a0e925,2025-01-14 10:20:50.246596+00:00,hu,infostart.hu,infostart.hu,2025-01-14,Kőrösi Csaba: a klímacsúcsok jelenleg alkalmazott rendszere szemlátomást csődöt mondott,https://infostart.hu/interju/2025/01/14/korosi-csaba-a-klimacsucsoknak-a-jelenleg-alkalmazott-rendszere-szemlatomast-csodot-mondott
55be31ec3ac293c3dfac998549ac005548dca25571d058194387d140da3581ac,2025-01-12 16:24:19.970685+00:00,hu,24.hu,24.hu,2025-01-12,Túlélhetjük a klímakatasztrófát?,https://24.hu/tudomany/2025/01/12/tulelhetjuk-a-klimakatasztrofat/
3a82fe647547ad53629fd3263b25b2205c0fc1177bc5542ad6da9c07af802792,2024-12-31 14:40:17.980874+00:00,hu,hvg.hu,hvg.hu,2022-01-27,"Kevesebb Paks, több szélenergia, kritika a rezsicsökkentésnek – Milyen zöldpolitikával készül az ellenzék?",https://hvg.hu/gazdasag/20220127_ellenzeki_kerekasztal_2022_kornyezetvedelem_zoldpolitika_energia_paks_mezogazdasag
47f5c48a31f94c77637e1e7d1b3e820a0953d4d32e718ccbc571e38943199187,2024-12-31 11:20:46.877140+00:00,hu,napi.hu,napi.hu,2022-01-28,Ki fizesse meg a klímaváltozás elleni küzdelem árát?,https://www.napi.hu/magyar-gazdasag/zoldgazdasag-2022-napi-konferencia-vegh-richard-tozsde-alteo-greenpeace-mnb-befektetes.744935.html
f346be2f67775415e1876c6905b41c4f5bd8de4e5f6200d0028a1e2ddb772433,2024-12-30 23:42:23.544937+00:00,hu,origo.hu,origo.hu,2022-01-31,A szennyezés az elfelejtett globális krízis és ezt meg kell oldanunk most,https://www.origo.hu/tudomany/20220131-szennnyezes.html
4e41839c0a526ba423aadaa37240be49a76a3d9c72e5f0f82a1c53afd17c0dc2,2024-12-30 18:09:28.598199+00:00,hu,magyarnemzet.hu,magyarnemzet.hu,2022-02-02,Erdészek és kutatók fogtak össze a gyepi béka megmentésére,https://magyarnemzet.hu/mozaik/2022/02/erdeszek-es-kutatok-fogtak-ossze-a-gyepi-beka-megmentesere?utm_source=hirstart&utm_medium=referral&utm_campaign=hiraggregator
1246a68539a4fd59fd56b6d8b77f41a4eceb788f5c2ee7b78598cec3d12e706d,2024-12-30 09:50:04.706553+00:00,hu,szeretlekmagyarorszag.hu,szeretlekmagyarorszag.hu,2022-02-04,Erdészek és kutatók fogtak össze a gyepi béka megmentéséért,https://www.szeretlekmagyarorszag.hu/dunakanyar/erdeszek-es-kutatok-fogtak-ossze-a-gyepi-beka-megmenteseert/
72e81817084483c43a2ce190d7c2187bfd74c906e4d4c6d70282134637066665,2024-12-30 05:38:51.872599+00:00,hu,24.hu,24.hu,2022-02-05,Így képes gyógyítani a természet,https://24.hu/tudomany/2022/02/05/egeszseg-termeszet-jollet-okologia-pszichologia/
ece4c77954f29730d63b26a57fdb65b68bf7875e83ac6111ce138b76197016f8,2024-12-29 23:11:50.008927+00:00,hu,origo.hu,origo.hu,2022-02-07,A klímaváltozás miatt egy hónappal korábban virágoznak a növények az Egyesült Királyságban,https://www.origo.hu/tudomany/20220204-viragzas.html
828a006fcbf17fa695793edda587846a940f9f7ea8bf907c2580da1c1c44c025,2024-12-29 19:08:57.176187+00:00,hu,24.hu,24.hu,2022-02-08,Politikamentes tudomány mellett kampányolnak az európai tudósok,https://24.hu/tudomany/2022/02/08/stick-to-science-horizon-europe-europai-unio-kutatas-tudosok-nagy-britannia-svajc/
07e33d6d94ef876a7f10cecd433f60812ec247a9f59ba456f95bb5b76fa080f4,2024-12-29 15:52:17.041778+00:00,hu,feol.hu,feol.hu,2022-02-09,FEOL - Uralkodó tévhitek bukása,https://www.feol.hu/helyi-eletstilus/2022/02/uralkodo-tevhitek-bukasa-litkei-mate-a-klimavaltozasrol-atomenergiarol-es-az-amazonasi-esoerdokrol?utm_source=hirstart&utm_medium=referral&utm_campaign=hiraggregator
d641e4c935c8612a22cc7b7980a46fafe0b3b4b0817db68e9b861c81b7e655fc,2024-12-29 14:18:22.196619+00:00,hu,infostart.hu,infostart.hu,2024-12-29,Kegyetlen év volt a 2024-es esztendő,https://infostart.hu/kulfold/2024/12/29/kegyetlen-ev-volt-a-2024-es-esztendo
412dfdeaaed677406e616645295ca191d48445b9c63539380434a908225733af,2024-12-29 11:46:15.331815+00:00,hu,demokrata.hu,demokrata.hu,2022-02-10,Erdők nélkül Magyarország védtelen a klímaváltozással szemben,https://demokrata.hu/zold-jovo/erdok-nelkul-magyarorszag-vedtelen-a-klimavaltozassal-szemben-485982/
0f1658f136a84784174234410c2070aa866a43f5f0354d3d2c1ea73765a7f11c,2024-12-29 04:34:51.313623+00:00,hu,teol.hu,teol.hu,2022-02-12,AM: az erdő a legjobb eszköz a klímaváltozás negatív hatásai ellen,https://www.teol.hu/hazai-gazdasag/2022/02/am-az-erdo-a-legjobb-eszkoz-a-klimavaltozas-negativ-hatasai-ellen?utm_source=hirstart&utm_medium=referral&utm_campaign=hiraggregator
dfbd0fdfec9cbba2dcafdfa657536d97897ed29f2bc23722b886e6549a7de512,2024-12-29 04:33:34.622374+00:00,hu,beol.hu,beol.hu,2022-02-12,AM: az erdő a legjobb eszköz a klímaváltozás negatív hatásai ellen,https://www.beol.hu/hazai-gazdasag/2022/02/am-az-erdo-a-legjobb-eszkoz-a-klimavaltozas-negativ-hatasai-ellen?utm_source=hirstart&utm_medium=referral&utm_campaign=hiraggregator
0034ebc61e2cfa6f10ad2430367a59614a62cb703f1c04e2bbe702b13fda44ae,2024-12-29 04:33:34.378433+00:00,hu,duol.hu,duol.hu,2022-02-12,AM: az erdő a legjobb eszköz a klímaváltozás negatív hatásai ellen,https://www.duol.hu/hazai-gazdasag/2022/02/am-az-erdo-a-legjobb-eszkoz-a-klimavaltozas-negativ-hatasai-ellen?utm_source=hirstart&utm_medium=referral&utm_campaign=hiraggregator
b4ed65bad22fd27a9616ac30e4ef33374f7bf04d868ee20975890bdda8dd76ef,2024-12-29 04:33:32.720668+00:00,hu,boon.hu,boon.hu,2022-02-12,AM: az erdő a legjobb eszköz a klímaváltozás negatív hatásai ellen,https://www.boon.hu/hazai-gazdasag/2022/02/am-az-erdo-a-legjobb-eszkoz-a-klimavaltozas-negativ-hatasai-ellen?utm_source=hirstart&utm_medium=referral&utm_campaign=hiraggregator
b7ed696952804e6ab80eeb137fcf3a56e47af01d8c69a89102e3c2223a2b7000,2024-12-29 04:33:32.209031+00:00,hu,heol.hu,heol.hu,2022-02-12,AM: az erdő a legjobb eszköz a klímaváltozás negatív hatásai ellen,https://www.heol.hu/hazai-gazdasag/2022/02/am-az-erdo-a-legjobb-eszkoz-a-klimavaltozas-negativ-hatasai-ellen?utm_source=hirstart&utm_medium=referral&utm_campaign=hiraggregator
41bc57dd5559c09caba6b27c2cae0d11414716d82a2f9832bd88af8034a33b87,2024-12-29 04:33:12.100716+00:00,hu,bama.hu,bama.hu,2022-02-12,AM: az erdő a legjobb eszköz a klímaváltozás negatív hatásai ellen,https://www.bama.hu/hazai-gazdasag/2022/02/am-az-erdo-a-legjobb-eszkoz-a-klimavaltozas-negativ-hatasai-ellen?utm_source=hirstart&utm_medium=referral&utm_campaign=hiraggregator
a37bd35b6c592fa2fdb793c3989bd80ca0691b92641cc9cea419a9953c971863,2024-12-29 04:33:08.898636+00:00,hu,delmagyar.hu,delmagyar.hu,2022-02-12,AM: az erdő a legjobb eszköz a klímaváltozás negatív hatásai ellen,https://www.delmagyar.hu/hazai-gazdasag/2022/02/am-az-erdo-a-legjobb-eszkoz-a-klimavaltozas-negativ-hatasai-ellen?utm_source=hirstart&utm_medium=referral&utm_campaign=hiraggregator
5f60be14f79b5f0cb18ea57ebde7d6fbcda25a7f00c742c4d256f510ec203c22,2024-12-29 04:33:01.263919+00:00,hu,haon.hu,haon.hu,2022-02-12,AM: az erdő a legjobb eszköz a klímaváltozás negatív hatásai ellen,https://www.haon.hu/hazai-gazdasag/2022/02/am-az-erdo-a-legjobb-eszkoz-a-klimavaltozas-negativ-hatasai-ellen?utm_source=hirstart&utm_medium=referral&utm_campaign=hiraggregator
3002fa506a7a5d987d7316587724535bdf6e4b2771260df7f08bbfd9c5ccc47f,2024-12-29 04:32:54.979379+00:00,hu,baon.hu,baon.hu,2022-02-12,AM: az erdő a legjobb eszköz a klímaváltozás negatív hatásai ellen,https://www.baon.hu/hazai-gazdasag/2022/02/am-az-erdo-a-legjobb-eszkoz-a-klimavaltozas-negativ-hatasai-ellen?utm_source=hirstart&utm_medium=referral&utm_campaign=hiraggregator
351cec8d125a37762963d06116d4951441bf0dee9f684bf7216ec04cfdb2ee97,2024-12-29 04:32:46.573353+00:00,hu,vaol.hu,vaol.hu,2022-02-12,AM: az erdő a legjobb eszköz a klímaváltozás negatív hatásai ellen,https://www.vaol.hu/hazai-gazdasag/2022/02/am-az-erdo-a-legjobb-eszkoz-a-klimavaltozas-negativ-hatasai-ellen?utm_source=hirstart&utm_medium=referral&utm_campaign=hiraggregator
91e4930b49480e421b9813ad47d6ee4e2eb791b9c22ae09e3a2c1a1564816d68,2024-12-29 04:28:00.079872+00:00,hu,szon.hu,szon.hu,2022-02-12,AM: az erdő a legjobb eszköz a klímaváltozás negatív hatásai ellen,https://www.szon.hu/hazai-gazdasag/2022/02/am-az-erdo-a-legjobb-eszkoz-a-klimavaltozas-negativ-hatasai-ellen?utm_source=hirstart&utm_medium=referral&utm_campaign=hiraggregator
ef46f612c7c571946a2692c578da791804e63b5e5dbfb19b038a4aa37aba8882,2024-12-29 04:27:59.634352+00:00,hu,zaol.hu,zaol.hu,2022-02-12,AM: az erdő a legjobb eszköz a klímaváltozás negatív hatásai ellen,https://www.zaol.hu/hazai-gazdasag/2022/02/am-az-erdo-a-legjobb-eszkoz-a-klimavaltozas-negativ-hatasai-ellen?utm_source=hirstart&utm_medium=referral&utm_campaign=hiraggregator
9dfaa17c842c40ae47e8e41fef9da0a9c1d5b443ae9c916675ecf0b67561085f,2024-12-29 04:27:56.915155+00:00,hu,feol.hu,feol.hu,2022-02-12,AM: az erdő a legjobb eszköz a klímaváltozás negatív hatásai ellen,https://www.feol.hu/hazai-gazdasag/2022/02/am-az-erdo-a-legjobb-eszkoz-a-klimavaltozas-negativ-hatasai-ellen?utm_source=hirstart&utm_medium=referral&utm_campaign=hiraggregator
d17eabf0987d798a244916dbba39a8e126944ad6439e8cfb03eda800d31dbcd0,2024-12-29 04:27:55.734684+00:00,hu,veol.hu,veol.hu,2022-02-12,AM: az erdő a legjobb eszköz a klímaváltozás negatív hatásai ellen,https://www.veol.hu/hazai-gazdasag/2022/02/am-az-erdo-a-legjobb-eszkoz-a-klimavaltozas-negativ-hatasai-ellen?utm_source=hirstart&utm_medium=referral&utm_campaign=hiraggregator
d3d6c3ff44dfc7f9a755f5efb021d421d759ce7cbde727485d9044377e4e5c9d,2024-12-29 01:00:01.146932+00:00,hu,origo.hu,origo.hu,2022-02-15,A klímaváltozás miatt gyorsul két virágfaj terjedése az Antarktiszon,https://www.origo.hu/tudomany/20220215-virag.html
da645e52ae2329d0a505f22f2a71cf9111806dabe741cd0f494dfbad252bf702,2024-12-29 00:21:13.174807+00:00,hu,hirtv.hu,hirtv.hu,2024-12-28,Az idén is kijutott a pusztulásból az amazóniai esőerdőnek,https://hirtv.hu/hirtvkulfold/az-iden-is-kijutott-a-pusztulasbol-az-amazoniai-esoerdonek-2598526?utm_source=feed&utm_medium=rss
9711a9802e18c506fcd98c34a93306c318d68c596a89d76abcf646235ebdb01c,2024-12-28 23:17:56.814243+00:00,hu,kuruc.info,kuruc.info,2024-12-28,"- Amazon Watch: az erdőtüzek annak a jelei, hogy 2024-ben elérhettük az ökológiai fordulópontot",https://kuruc.info/r/4/282435/
8d98099bcec92b6fb77160cbc0d23df2e8c11fe68738044d9f75fe43ea8dd4c1,2024-12-27 21:10:50.777987+00:00,hu,origo.hu,origo.hu,2022-02-23,Sci-fibe illő módszerekkel mentenék meg a vadon élő állatokat,https://www.origo.hu/tudomany/20220223-igy-segithet-a-mesterseges-intelligencia-a-vadon-elo-allatok-megmenteseben.html
8ca88133a4d99fad00eb25908febcc7521e7907b08af1100a5cbb8ae22523e41,2024-12-27 10:35:14.204673+00:00,hu,vaol.hu,vaol.hu,2022-02-25,"Monológok helyett párbeszédet, nyílt kommunikációt",https://www.vaol.hu/pr/2022/02/monologok-helyett-parbeszedet-nyilt-kommunikaciot?utm_source=hirstart&utm_medium=referral&utm_campaign=hiraggregator
ac8cb7511fadba59281a9866f6c74a85599594b2ce5ca38846afb927d6d12656,2024-12-27 01:38:25.558232+00:00,hu,hvg.hu,hvg.hu,2022-02-28,IPCC: 6000 éve lakott területek válhatnak élhetetlenné a klímaváltozás miatt,https://hvg.hu/zhvg/20220228_klimavalsag_klimavaltozas_globalis_felmelegedes_ipcc_hatodik_jelentese
ed6abaa8e1d684aa78e76a81d3f34b98035660da5afb7db63d47d7e8d4c4b3bf,2024-12-26 23:50:24.287383+00:00,hu,merce.hu,merce.hu,2022-03-01,Minden késlekedés az emberiség túlélését jelentő időablak elszalasztásához vezet – kijött az IPCC új klímajelentése « Mérce,https://merce.hu/2022/03/01/minden-keslekedes-az-emberiseg-tuleleset-jelento-idoablak-elszalasztasahoz-vezet-kijott-az-ipcc-uj-klimajelentese/
37b53950c28a490b4f9145b00417757b3e92bc2fcd714e4df8214f4c1cb73bba,2024-12-26 16:35:46.943016+00:00,hu,delmagyar.hu,delmagyar.hu,2022-03-03,Erdősávokat telepítenének a szántók közé,https://www.delmagyar.hu/helyi-kozelet/2022/03/erdosavokat-telepitenenek-a-szantok-koze?utm_source=hirstart&utm_medium=referral&utm_campaign=hiraggregator
ee89ac67700166edc209be192f189ecb350bf9959b718cdb8083414e47a463af,2024-12-26 06:22:45.539400+00:00,hu,vaol.hu,vaol.hu,2022-03-07,"Különleges, ritka, védett halfajok bukkantak elő Szombathelyen",https://www.vaol.hu/helyi-kozelet/2022/03/kulonleges-ritka-vedett-halfajok-bukkantak-elo-szombathelyen?utm_source=hirstart&utm_medium=referral&utm_campaign=hiraggregator
4b4c7aea4b916f1c9c98a00e1b232eae70ee0b7e31ae3a3fec44cc03c85548fc,2024-12-24 07:00:22.916149+00:00,hu,kisalfold.hu,kisalfold.hu,2022-03-18,Kétmilliárd forintos kutatási program indul a Soproni Egyetemen az Erdők Nemzetközi Napján,https://www.kisalfold.hu/helyi-kozelet/2022/03/ketmilliard-forintos-kutatasi-program-indul-a-soproni-egyetemen-az-erdok-nemzetkozi-napjan?utm_source=hirstart&utm_medium=referral&utm_campaign=hiraggregator
a2da4a1570b80c60cf74b5bfc2a6fe7223fd805a8b2ade9fc03a1288f8e70173,2024-12-23 18:20:00.428920+00:00,hu,origo.hu,origo.hu,2022-03-21,Erdészek és kutatók összefogása a gyepi béka megmentésére,https://www.origo.hu/tudomany/20220320-gyepi-beka.html
6da88eea86a3ab7ab55ff74f8c5e98ff48a89c653080d584a0ce503a2780b836,2024-12-23 16:00:59.514466+00:00,hu,magyarnemzet.hu,magyarnemzet.hu,2022-03-22,Megerősíti élelmiszerpiacát az Európai Unió,https://magyarnemzet.hu/gazdasag/2022/03/megerositi-elelmiszerpiacat-az-europai-unio?utm_source=hirstart&utm_medium=referral&utm_campaign=hiraggregator
8eecd1c924297d0e0bb62584f4ab793ddef2d743886b43ceff60b5482c3da14f,2024-12-23 14:39:34.229632+00:00,hu,origo.hu,origo.hu,2022-03-22,"Sóssá válnak az édesvizeink, és ez hatalmas gondokat okozhat",https://www.origo.hu/tudomany/20220322-az-ok-kutatoi-is-reszt-vettek-az-edesvizek-sotartalmanak-novekedesevel-kapcsolatos-globalis-kutatasi.html
49979d8b8a122ca41ea42c509e025769408e1fd888d29e6db6c986636dc14a9a,2024-12-23 00:26:22.936528+00:00,hu,origo.hu,origo.hu,2022-03-24,Miért ne dobjam ki az ételt?,https://www.origo.hu/tudomany/20220324-etelphulladek.html
288d692bd1afebc7743c9b73474287cf016ce9a84d9da0b62f2e5120adbf528f,2024-12-22 13:22:28.011654+00:00,hu,baon.hu,baon.hu,2022-03-26,Ne dobjuk ki az ételt – van jobb megoldás,https://www.baon.hu/egyperces/2022/03/ne-dobjuk-ki-az-etelt-van-jobb-megoldas?utm_source=hirstart&utm_medium=referral&utm_campaign=hiraggregator
d366bfd0e7739c4897cccca180d8ab3b2cba68ac32b2e93ebff2926425b6b5ea,2024-12-22 13:20:03.590711+00:00,hu,bama.hu,bama.hu,2022-03-26,Ne dobjuk ki az ételt – van jobb megoldás,https://www.bama.hu/egyperces/2022/03/ne-dobjuk-ki-az-etelt-van-jobb-megoldas?utm_source=hirstart&utm_medium=referral&utm_campaign=hiraggregator
2c69bc64f5a2f5b43710c24050045112985ad9336c9d37a9b697044e0c762b0c,2024-12-22 13:19:47.736014+00:00,hu,vaol.hu,vaol.hu,2022-03-26,Ne dobjuk ki az ételt – van jobb megoldás,https://www.vaol.hu/egyperces/2022/03/ne-dobjuk-ki-az-etelt-van-jobb-megoldas?utm_source=hirstart&utm_medium=referral&utm_campaign=hiraggregator
0d18fe25be685d4ea0ab885d3c989cba9cc35ce02b354be423f3bc59c118494a,2024-12-22 13:17:54.368593+00:00,hu,teol.hu,teol.hu,2022-03-26,Ne dobjuk ki az ételt – van jobb megoldás,https://www.teol.hu/egyperces/2022/03/ne-dobjuk-ki-az-etelt-van-jobb-megoldas?utm_source=hirstart&utm_medium=referral&utm_campaign=hiraggregator
af8a70065679453c718a8ca2755d7c393ff1772ea8482437d50c5570f5519a85,2024-12-22 13:17:51.308302+00:00,hu,szon.hu,szon.hu,2022-03-26,Ne dobjuk ki az ételt – van jobb megoldás,https://www.szon.hu/egyperces/2022/03/ne-dobjuk-ki-az-etelt-van-jobb-megoldas?utm_source=hirstart&utm_medium=referral&utm_campaign=hiraggregator
89572f4a918cc97c34ccf40d48082a58bc511ae303486fd6ee0850b263221f7f,2024-12-22 13:17:48.745137+00:00,hu,feol.hu,feol.hu,2022-03-26,Ne dobjuk ki az ételt – van jobb megoldás,https://www.feol.hu/egyperces/2022/03/ne-dobjuk-ki-az-etelt-van-jobb-megoldas?utm_source=hirstart&utm_medium=referral&utm_campaign=hiraggregator
0f2a8d4df5e8b1c7ecf9ad73115edb87169fe231e95f189812d4832365adf0dc,2024-12-22 13:17:38.257123+00:00,hu,haon.hu,haon.hu,2022-03-26,Ne dobjuk ki az ételt – van jobb megoldás,https://www.haon.hu/egyperces/2022/03/ne-dobjuk-ki-az-etelt-van-jobb-megoldas?utm_source=hirstart&utm_medium=referral&utm_campaign=hiraggregator
c41262735114d7216bb3475519ac7e1d3c07561ad1550a4148ebdee56ffcbce3,2024-12-22 13:16:45.883258+00:00,hu,boon.hu,boon.hu,2022-03-26,Ne dobjuk ki az ételt – van jobb megoldás,https://www.boon.hu/egyperces/2022/03/ne-dobjuk-ki-az-etelt-van-jobb-megoldas?utm_source=hirstart&utm_medium=referral&utm_campaign=hiraggregator
1527660a6c04c1fc41893bf85f26146ae51348e52b688d40fcb8aa721aff7fe0,2024-12-22 13:15:55.258651+00:00,hu,heol.hu,heol.hu,2022-03-26,Ne dobjuk ki az ételt – van jobb megoldás,https://www.heol.hu/egyperces/2022/03/ne-dobjuk-ki-az-etelt-van-jobb-megoldas?utm_source=hirstart&utm_medium=referral&utm_campaign=hiraggregator
fd95577c2a3a31a232d5b94c559c025d14dc45789120ef0a2bbc9b578b93b637,2024-12-22 13:08:32.189474+00:00,hu,veol.hu,veol.hu,2022-03-26,Ne dobjuk ki az ételt – van jobb megoldás,https://www.veol.hu/egyperces/2022/03/ne-dobjuk-ki-az-etelt-van-jobb-megoldas?utm_source=hirstart&utm_medium=referral&utm_campaign=hiraggregator
65e7d2dd236503837a2be43443bc310c5c7a440b0d74084acccbfcd2503c6b87,2024-12-22 13:08:01.609279+00:00,hu,szoljon.hu,szoljon.hu,2022-03-26,Ne dobjuk ki az ételt – van jobb megoldás,https://www.szoljon.hu/egyperces/2022/03/ne-dobjuk-ki-az-etelt-van-jobb-megoldas?utm_source=hirstart&utm_medium=referral&utm_campaign=hiraggregator
03be953adf4c7756019935703e33c2781322dac9eb6cf0e95082fcda48928f5d,2024-12-22 13:07:55.422029+00:00,hu,duol.hu,duol.hu,2022-03-26,Ne dobjuk ki az ételt – van jobb megoldás,https://www.duol.hu/egyperces/2022/03/ne-dobjuk-ki-az-etelt-van-jobb-megoldas?utm_source=hirstart&utm_medium=referral&utm_campaign=hiraggregator
4472fd7c5025a5cbaa42fb00e8e6a32a90da63e23e859e1b0b45ebb2cf3b4e12,2024-12-22 13:06:22.818792+00:00,hu,kisalfold.hu,kisalfold.hu,2022-03-26,Ne dobjuk ki az ételt – van jobb megoldás,https://www.kisalfold.hu/egyperces/2022/03/ne-dobjuk-ki-az-etelt-van-jobb-megoldas?utm_source=hirstart&utm_medium=referral&utm_campaign=hiraggregator
391f175ccc8aa6ef0dc684a95435d78cb6f48b42c7be38733ffc536fb1fbd2f7,2024-12-22 13:06:00.705860+00:00,hu,beol.hu,beol.hu,2022-03-26,Ne dobjuk ki az ételt – van jobb megoldás,https://www.beol.hu/egyperces/2022/03/ne-dobjuk-ki-az-etelt-van-jobb-megoldas?utm_source=hirstart&utm_medium=referral&utm_campaign=hiraggregator
79b2333d57a712140f60845619d3a5ed45cc774cafb16a89295c3bc41bbf7278,2024-12-22 13:05:55.385024+00:00,hu,sonline.hu,sonline.hu,2022-03-26,Ne dobjuk ki az ételt – van jobb megoldás,https://www.sonline.hu/egyperces/2022/03/ne-dobjuk-ki-az-etelt-van-jobb-megoldas?utm_source=hirstart&utm_medium=referral&utm_campaign=hiraggregator
f4682f3f379e7af279c03eeb3a542189d87a2e86bb4873b4cd57a03e255441a3,2024-12-22 12:59:11.847411+00:00,hu,zaol.hu,zaol.hu,2022-03-26,Ne dobjuk ki az ételt – van jobb megoldás,https://www.zaol.hu/egyperces/2022/03/ne-dobjuk-ki-az-etelt-van-jobb-megoldas?utm_source=hirstart&utm_medium=referral&utm_campaign=hiraggregator
dbbcb523369da554793b47ceb7b724ff96b4314e2e7d39cbfaf9ca5dd9595d6c,2024-12-22 12:58:43.361133+00:00,hu,delmagyar.hu,delmagyar.hu,2022-03-26,Ne dobjuk ki az ételt – van jobb megoldás,https://www.delmagyar.hu/egyperces/2022/03/ne-dobjuk-ki-az-etelt-van-jobb-megoldas?utm_source=hirstart&utm_medium=referral&utm_campaign=hiraggregator
fa526cadd82af1e353e3c524433f8141ae41aa8a6d5e6e4df5690af24a242ced,2024-12-22 09:32:28.115238+00:00,hu,baon.hu,baon.hu,2022-03-27,"Sóssá válnak az édesvizeink, és ez hatalmas gondokat okozhat",https://www.baon.hu/egyperces/2022/03/sossa-valnak-az-edesvizeink-es-ez-hatalmas-gondokat-okozhat?utm_source=hirstart&utm_medium=referral&utm_campaign=hiraggregator
5ba97ac6209a99c8112e10323986ad22cc6f18499a312721cabcc99c536d5e6e,2024-12-22 09:31:38.760938+00:00,hu,szon.hu,szon.hu,2022-03-27,"Sóssá válnak az édesvizeink, és ez hatalmas gondokat okozhat",https://www.szon.hu/egyperces/2022/03/sossa-valnak-az-edesvizeink-es-ez-hatalmas-gondokat-okozhat?utm_source=hirstart&utm_medium=referral&utm_campaign=hiraggregator
8686c1b55fd85d86c92f31b3e7b10e0b198d360b2c88b52ca9faf994c018f619,2024-12-22 09:31:34.538171+00:00,hu,teol.hu,teol.hu,2022-03-27,"Sóssá válnak az édesvizeink, és ez hatalmas gondokat okozhat",https://www.teol.hu/egyperces/2022/03/sossa-valnak-az-edesvizeink-es-ez-hatalmas-gondokat-okozhat?utm_source=hirstart&utm_medium=referral&utm_campaign=hiraggregator
45b90e71bc6412f63b92c07241f3f9b47e3ca41e379121bb61cd97c47a12d1cb,2024-12-22 09:31:17.402388+00:00,hu,delmagyar.hu,delmagyar.hu,2022-03-27,"Sóssá válnak az édesvizeink, és ez hatalmas gondokat okozhat",https://www.delmagyar.hu/egyperces/2022/03/sossa-valnak-az-edesvizeink-es-ez-hatalmas-gondokat-okozhat?utm_source=hirstart&utm_medium=referral&utm_campaign=hiraggregator
338730a3adb8123b9a12a394bb79c934389334290e74eb59467a2f32083bbab3,2024-12-22 09:31:04.850307+00:00,hu,feol.hu,feol.hu,2022-03-27,"Sóssá válnak az édesvizeink, és ez hatalmas gondokat okozhat",https://www.feol.hu/egyperces/2022/03/sossa-valnak-az-edesvizeink-es-ez-hatalmas-gondokat-okozhat?utm_source=hirstart&utm_medium=referral&utm_campaign=hiraggregator
3bc5129f48249c8f141a76f80ab8539d8531d65e7fe3d09ef212729b0d988759,2024-12-22 09:30:59.387904+00:00,hu,szoljon.hu,szoljon.hu,2022-03-27,"Sóssá válnak az édesvizeink, és ez hatalmas gondokat okozhat",https://www.szoljon.hu/egyperces/2022/03/sossa-valnak-az-edesvizeink-es-ez-hatalmas-gondokat-okozhat?utm_source=hirstart&utm_medium=referral&utm_campaign=hiraggregator
a5a5dc0b8d398f402ec3f0efe0a066d76ff38cd1c4ed7fbd6db9de873ffd1c19,2024-12-22 09:30:32.746744+00:00,hu,vaol.hu,vaol.hu,2022-03-27,"Sóssá válnak az édesvizeink, és ez hatalmas gondokat okozhat",https://www.vaol.hu/egyperces/2022/03/sossa-valnak-az-edesvizeink-es-ez-hatalmas-gondokat-okozhat?utm_source=hirstart&utm_medium=referral&utm_campaign=hiraggregator
41f969a7e26acd66bfc22995055cebbb50531edccd27270dd39178806ca47ed4,2024-12-22 09:29:43.764667+00:00,hu,heol.hu,heol.hu,2022-03-27,"Sóssá válnak az édesvizeink, és ez hatalmas gondokat okozhat",https://www.heol.hu/egyperces/2022/03/sossa-valnak-az-edesvizeink-es-ez-hatalmas-gondokat-okozhat?utm_source=hirstart&utm_medium=referral&utm_campaign=hiraggregator
0844ae900d96e40232aa35b3e47a90ee3133664f54a22536de9018f8f3583fe7,2024-12-22 09:29:32.458699+00:00,hu,kisalfold.hu,kisalfold.hu,2022-03-27,"Sóssá válnak az édesvizeink, és ez hatalmas gondokat okozhat",https://www.kisalfold.hu/egyperces/2022/03/sossa-valnak-az-edesvizeink-es-ez-hatalmas-gondokat-okozhat?utm_source=hirstart&utm_medium=referral&utm_campaign=hiraggregator
8a9b4e99ad1d1e6023a0f0e59ea9daaa235f1c2e924aebf7dc908ce1a28ce6b9,2024-12-22 09:29:14.781620+00:00,hu,sonline.hu,sonline.hu,2022-03-27,"Sóssá válnak az édesvizeink, és ez hatalmas gondokat okozhat",https://www.sonline.hu/egyperces/2022/03/sossa-valnak-az-edesvizeink-es-ez-hatalmas-gondokat-okozhat?utm_source=hirstart&utm_medium=referral&utm_campaign=hiraggregator
20d3eaad645274268b2a1c5963e8caffed3cf29758268b2835bf1f121f9d9f43,2024-12-22 09:29:14.469475+00:00,hu,veol.hu,veol.hu,2022-03-27,"Sóssá válnak az édesvizeink, és ez hatalmas gondokat okozhat",https://www.veol.hu/egyperces/2022/03/sossa-valnak-az-edesvizeink-es-ez-hatalmas-gondokat-okozhat?utm_source=hirstart&utm_medium=referral&utm_campaign=hiraggregator
6f1987348d5e8f5223784cc9812b4dfe5d67b563cc64a45b7722c9005cc1dff7,2024-12-22 09:25:33.603162+00:00,hu,bama.hu,bama.hu,2022-03-27,"Sóssá válnak az édesvizeink, és ez hatalmas gondokat okozhat",https://www.bama.hu/egyperces/2022/03/sossa-valnak-az-edesvizeink-es-ez-hatalmas-gondokat-okozhat?utm_source=hirstart&utm_medium=referral&utm_campaign=hiraggregator
8827e5ffff2f079125b359db164c5cecb688c11977372fb19392bc872f8e9482,2024-12-22 09:20:46.616987+00:00,hu,boon.hu,boon.hu,2022-03-27,"Sóssá válnak az édesvizeink, és ez hatalmas gondokat okozhat",https://www.boon.hu/egyperces/2022/03/sossa-valnak-az-edesvizeink-es-ez-hatalmas-gondokat-okozhat?utm_source=hirstart&utm_medium=referral&utm_campaign=hiraggregator
a5f3a534ab23b6ec5578d52cc03ca09394f855f23fc308a3cb78852c1d6cf0a8,2024-12-22 09:11:09.686341+00:00,hu,zaol.hu,zaol.hu,2022-03-27,"Sóssá válnak az édesvizeink, és ez hatalmas gondokat okozhat",https://www.zaol.hu/egyperces/2022/03/sossa-valnak-az-edesvizeink-es-ez-hatalmas-gondokat-okozhat?utm_source=hirstart&utm_medium=referral&utm_campaign=hiraggregator
c9235ac68c56b12eec218712584bba349d1a36fe86313d31f346679237bf53df,2024-12-22 09:11:01.743952+00:00,hu,haon.hu,haon.hu,2022-03-27,"Sóssá válnak az édesvizeink, és ez hatalmas gondokat okozhat",https://www.haon.hu/egyperces/2022/03/sossa-valnak-az-edesvizeink-es-ez-hatalmas-gondokat-okozhat?utm_source=hirstart&utm_medium=referral&utm_campaign=hiraggregator
5aa1c8cc1426be42326440a7afc1c250fd2c526771f2b326b8a03e8fd56b72ed,2024-12-22 09:10:46.197717+00:00,hu,duol.hu,duol.hu,2022-03-27,"Sóssá válnak az édesvizeink, és ez hatalmas gondokat okozhat",https://www.duol.hu/egyperces/2022/03/sossa-valnak-az-edesvizeink-es-ez-hatalmas-gondokat-okozhat?utm_source=hirstart&utm_medium=referral&utm_campaign=hiraggregator
988a885e02d37fe6aec2768a13493f15871cf09823ed570bb8cfc9330513b637,2024-12-22 08:37:44.538736+00:00,hu,beol.hu,beol.hu,2022-03-27,"Sóssá válnak az édesvizeink, és ez hatalmas gondokat okozhat",https://www.beol.hu/egyperces/2022/03/sossa-valnak-az-edesvizeink-es-ez-hatalmas-gondokat-okozhat?utm_source=hirstart&utm_medium=referral&utm_campaign=hiraggregator
dd6177786899fc432daa8d936c0cd9e6751be84f2dc80a88ecebd44df7efe75f,2024-12-22 04:35:50.658204+00:00,hu,vg.hu,vg.hu,2022-03-28,Meddig képes Európa alkalmazkodni a klímaváltozáshoz?,https://www.vg.hu/zoldgazdasag/2022/03/meddig-kepes-europa-alkalmazkodni-a-klimavaltozashoz?utm_source=hirstart&utm_medium=referral&utm_campaign=hiraggregator
b5678bffb64a4da1ead92a475887865fa33fcb144764120437731d0b2a7c9e6e,2024-12-21 19:48:29.154846+00:00,hu,merce.hu,merce.hu,2024-12-21,Világvége helyett világeleje « Mérce,https://merce.hu/2024/12/21/vilagvege-helyett-vilageleje/
12fc74170e3ba9df59d0ebbc9d9a6ea9951a58163c2613df64a82176518900e9,2024-12-20 19:44:51.161185+00:00,hu,vg.hu,vg.hu,2022-03-30,"Egyre fontosabbá válnak a hazai termékek, a teljes élelmiszer-önellátás a cél",https://www.vg.hu/vilaggazdasag-magyar-gazdasag/2022/03/egyre-fontosabba-valnak-a-hazai-termekek-a-teljes-elelmiszer-onellatas-a-cel?utm_source=hirstart&utm_medium=referral&utm_campaign=hiraggregator
92f7a6a7e3270e4564259624307ad59ef614889b1159e78f1900f17340792afb,2024-12-20 19:36:36.149545+00:00,hu,hvg.hu,hvg.hu,2022-03-30,Klímaváltozás a kampányban: az ellenzék legalább ígér valamit,https://hvg.hu/zhvg/20220330_valasztas_2022_zold_kampany_klimavedelem_klimaharc_klimavaltozas
f8a99c2fabf7acc96e55aa28288f6f5d369ea7e64967ed4ce45780ac5f6ef3cf,2024-12-20 18:53:43.307118+00:00,hu,portfolio.hu,portfolio.hu,2022-03-30,"Tízmilliókat spórolhatnának az ingatlantulajdonosok, mégis kevesen élnek a lehetőséggel",https://www.portfolio.hu/ingatlan/20220330/tizmilliokat-sporolhatnanak-az-ingatlantulajdonosok-megis-kevesen-elnek-a-lehetoseggel-509710
c28e35a36c6c71b83d6ef0aed8307ebb1df0df0221c35de04a9467e9dc75bac7,2024-12-20 14:27:20.167054+00:00,hu,hvg.hu,hvg.hu,2024-12-20,A magyar agrárminiszter állításával ellentétben Brüsszel nem akarja Ukrajnának adni a gazdák pénzét,https://hvg.hu/eurologus/20241220_orosz-ukran_agrarminiszterek_europai_bizottsag_nagy-istvan#rss
52bc7e976588242ef139ab415c0e32c3434c92e564fc89c59d30f317eda87cab,2024-12-18 08:31:54.069622+00:00,hu,portfolio.hu,portfolio.hu,2024-12-18,Kiemelkedő szezont zártak a Portfolio Csoport rendezvényei,https://www.portfolio.hu/uzlet/20241218/kiemelkedo-szezont-zartak-a-portfolio-csoport-rendezvenyei-730451
b83b8ee0a78e039d0f75b87ae76fb1cabe364c32207545560e1496727aaae277,2024-12-18 01:08:17.089462+00:00,hu,szeretlekmagyarorszag.hu,szeretlekmagyarorszag.hu,2022-04-08,Rekordmennyiséggel nőtt a légkör metántartalma tavaly,https://www.szeretlekmagyarorszag.hu/jovo/rekordmennyiseggel-nott-a-legkor-metantartalma-tavaly/
ad7224090cf62c42d8b180ebd95f9c336a2f12fd47663d82dd13267c414aa0f0,2024-12-18 00:45:37.742397+00:00,hu,index.hu,index.hu,2022-04-08,Rekordmennyiségű metán került a légkörbe tavaly,https://index.hu/techtud/2022/04/08/klimavaltozas-legkor-noaa-metan-kibocsatas-legszennyezes-2021-es-adat/
21bf55530f06c10712d6957bb93e930e9ad2490bf2a38813b9404979b0f600c8,2024-12-18 00:41:26.720858+00:00,hu,24.hu,24.hu,2022-04-08,Sosem volt még ennyi metán a légkörben,https://24.hu/tudomany/2022/04/08/metan-kibocsatas-emisszio-rekord-2022/
bd5c5befa81f8fc2b3eb902d586b5ab01bed8d87469b3a3cd362163a5a73fee7,2024-12-17 22:58:53.299326+00:00,hu,kitekinto.hu,kitekinto.hu,2022-04-08,38 éves csúcson a levegőben mért metán mennyisége,https://kitekinto.hu/2022/04/08/kiemelt/38-eves-csucson-a-levegoben-mert-metan-mennyisege/199432/
e654d505588ebbbd08b184226ba156e89529fa7371123c2ee0c753b3ba85ae8c,2024-12-17 19:22:52.364965+00:00,hu,origo.hu,origo.hu,2024-12-17,Kihalás: Körülbelül 9.000 faj már kihalt Ausztráliában és valószínűleg a héten is fognak kihalni fajok,https://www.origo.hu/tudomany/2024/12/kihalas-ausztralia-gerinctelenek
d225ddc8e84d6bf6c00a4ce0bd4a7cf7fa4042e0fdd0d978cefa32ed4feb9a21,2024-12-17 18:44:45.234037+00:00,hu,origo.hu,origo.hu,2022-04-09,Rekordmennyiséggel nőtt a légkör metántartalma,https://www.origo.hu/tudomany/20220409-tavaly-rekordmennyiseggel-nott-a-legkor-metantartalma.html
c733678acb8570714f1f59007e69a8d42bcfb31298923913e3febb3ce6bce279,2024-12-17 02:51:32.606853+00:00,hu,hvg.hu,hvg.hu,2022-04-11,Rekordmennyiséggel nőtt a légkör metánszintje 2021-ben is,https://hvg.hu/tudomany/20220411_legkor_metan_rekord_legszennyezes_uveghazhatasu_gazok
80ea44e7c399973eb1f8b73e9062c30d24c42daaa12e51517e80ada4545b9dcf,2024-12-16 21:42:47.064023+00:00,hu,vg.hu,vg.hu,2022-04-12,A növényvédelem és a trágyázás biológiai módszerei hozhatnak további növekedést,https://www.vg.hu/cegvilag/2022/04/a-novenyvedelem-es-a-tragyazas-biologiai-modszerei-hozhatnak-tovabbi-novekedest?utm_source=hirstart&utm_medium=referral&utm_campaign=hiraggregator
1a159d4c85245b0ac45945c9d0d415f077148d1d8c6ac01ad3e932df7c7e6aef,2024-12-16 07:23:04.439897+00:00,hu,magyarnemzet.hu,magyarnemzet.hu,2022-01-24,Súlyos árat fizethet a közösség a brüsszeli ámokfutásért,https://magyarnemzet.hu/gazdasag/2022/01/sulyos-arat-fizethet-a-kozosseg-a-brusszeli-amokfutasert?utm_source=hirstart&utm_medium=referral&utm_campaign=hiraggregator
9ecc6ed590728054bf8a3b21f28cc6cba079caea35d607bb691f89a2832a32bc,2024-12-15 05:50:15.709645+00:00,hu,24.hu,24.hu,2022-04-21,Nem mindig segítik a biodiverzitást a védett területek,https://24.hu/tudomany/2022/04/21/biodiverzitas-vedett-teruletek-nemzeti-parkok/
6183103c804471fd9e2cca7235cd55a90170fe9bf3f313753f99c1f3f4c6e8af,2024-12-15 05:37:48.666814+00:00,hu,portfolio.hu,portfolio.hu,2022-04-21,Koronavírus előtt és most: a járvány átalakította még az utazásainkat is,https://www.portfolio.hu/krtk/20220421/koronavirus-elott-es-most-a-jarvany-atalakitotta-meg-az-utazasainkat-is-540257
039041eb5e88a0496821008e6faa11f3e07adc5507337c7dac5689728a4a7258,2024-12-15 05:07:04.717440+00:00,hu,vaol.hu,vaol.hu,2022-04-21,David Attenborough természettudóst a Föld bajnoka címmel tüntette ki az ENSZ,https://www.vaol.hu/egyperces/2022/04/david-attenborough-termeszettudost-a-fold-bajnoka-cimmel-tuntette-ki-az-ensz?utm_source=hirstart&utm_medium=referral&utm_campaign=hiraggregator
f8afbc92bfc4a4ce8422abca9aa6283ba0cb48225165ad76457124abfb81f49b,2024-12-15 05:06:56.706435+00:00,hu,beol.hu,beol.hu,2022-04-21,David Attenborough természettudóst a Föld bajnoka címmel tüntette ki az ENSZ,https://www.beol.hu/egyperces/2022/04/david-attenborough-termeszettudost-a-fold-bajnoka-cimmel-tuntette-ki-az-ensz?utm_source=hirstart&utm_medium=referral&utm_campaign=hiraggregator
e141e1d418d7b03a476902a8ec51b0bb9d223210ce658e13ade396b1b6d3f8a8,2024-12-15 05:06:54.510681+00:00,hu,duol.hu,duol.hu,2022-04-21,David Attenborough természettudóst a Föld bajnoka címmel tüntette ki az ENSZ,https://www.duol.hu/egyperces/2022/04/david-attenborough-termeszettudost-a-fold-bajnoka-cimmel-tuntette-ki-az-ensz?utm_source=hirstart&utm_medium=referral&utm_campaign=hiraggregator
fbf1c59ba7b672e7445e222384318e4d5d05e234c0a4854d041b2c189abf6930,2024-12-15 05:04:46.560872+00:00,hu,szoljon.hu,szoljon.hu,2022-04-21,David Attenborough természettudóst a Föld bajnoka címmel tüntette ki az ENSZ,https://www.szoljon.hu/egyperces/2022/04/david-attenborough-termeszettudost-a-fold-bajnoka-cimmel-tuntette-ki-az-ensz?utm_source=hirstart&utm_medium=referral&utm_campaign=hiraggregator
7af31737ad4de913ed493a9ab940b47876eaf13ccc0370bfa8c98f0bcdacd1c9,2024-12-15 05:04:44.748379+00:00,hu,kisalfold.hu,kisalfold.hu,2022-04-21,David Attenborough természettudóst a Föld bajnoka címmel tüntette ki az ENSZ,https://www.kisalfold.hu/egyperces/2022/04/david-attenborough-termeszettudost-a-fold-bajnoka-cimmel-tuntette-ki-az-ensz?utm_source=hirstart&utm_medium=referral&utm_campaign=hiraggregator
7092bd346e296ac21f60c14ba7c8e8e3a6caf555580527b4447e59c2db1ab71c,2024-12-15 05:03:19.413679+00:00,hu,baon.hu,baon.hu,2022-04-21,David Attenborough természettudóst a Föld bajnoka címmel tüntette ki az ENSZ,https://www.baon.hu/egyperces/2022/04/david-attenborough-termeszettudost-a-fold-bajnoka-cimmel-tuntette-ki-az-ensz?utm_source=hirstart&utm_medium=referral&utm_campaign=hiraggregator
d08bbcbc116de28b54857644e607f4ab84a1860722b489894a0e8441fdd456d3,2024-12-15 04:59:58.878172+00:00,hu,veol.hu,veol.hu,2022-04-21,David Attenborough természettudóst a Föld bajnoka címmel tüntette ki az ENSZ,https://www.veol.hu/egyperces/2022/04/david-attenborough-termeszettudost-a-fold-bajnoka-cimmel-tuntette-ki-az-ensz?utm_source=hirstart&utm_medium=referral&utm_campaign=hiraggregator
f1491852cdd06c031af14d8923046d2ce2b0556564e19d5706b894d2a8638ab1,2024-12-15 04:59:10.302257+00:00,hu,hvg.hu,hvg.hu,2022-04-21,A Föld bajnoka lett David Attenborough,https://hvg.hu/zhvg/20220421_david_attenborougj_fold_bajnoka_ensz_termeszetvedelem
c1fd1d59edf06820185ba6e63839748a55f5f23497a27c82b88168703726a32d,2024-12-15 04:59:05.275084+00:00,hu,index.hu,index.hu,2022-04-21,David Attenborough is a Föld bajnoka lett Gorbacsov után,https://index.hu/techtud/2022/04/21/david-attenborough-fold-bajnoka-termeszetvedelem-ensz-eghajlatvaltozas/
fa3609a70d31cd06a8cfc2d5ea6932ecda658fcbc78754c94fe70a68206e4f94,2024-12-15 04:58:34.945316+00:00,hu,bama.hu,bama.hu,2022-04-21,David Attenborough természettudóst a Föld bajnoka címmel tüntette ki az ENSZ,https://www.bama.hu/egyperces/2022/04/david-attenborough-termeszettudost-a-fold-bajnoka-cimmel-tuntette-ki-az-ensz?utm_source=hirstart&utm_medium=referral&utm_campaign=hiraggregator
33c77e7c148ed687a083b3a55bd4c14863ac75d10f35607d0fd8d8a9d524e21d,2024-12-15 04:57:32.305365+00:00,hu,infostart.hu,infostart.hu,2022-04-21,David Attenborough szerint azonnal cselekedni kell,https://infostart.hu/tudomany/2022/04/21/david-attenborough-szerint-azonnal-cselekedni-kell
2aa463c19a5d411f602dd4771182349ad68caa4c42aa54ae05a93e57e68f7fc4,2024-12-15 04:54:47.214056+00:00,hu,zaol.hu,zaol.hu,2022-04-21,David Attenborough természettudóst a Föld bajnoka címmel tüntette ki az ENSZ,https://www.zaol.hu/egyperces/2022/04/david-attenborough-termeszettudost-a-fold-bajnoka-cimmel-tuntette-ki-az-ensz?utm_source=hirstart&utm_medium=referral&utm_campaign=hiraggregator
d46d1b47958886792492fa5866c4d515bfcea8b3b2069f01e6b945e552f93bb4,2024-12-15 04:54:38.507496+00:00,hu,sonline.hu,sonline.hu,2022-04-21,David Attenborough természettudóst a Föld bajnoka címmel tüntette ki az ENSZ,https://www.sonline.hu/egyperces/2022/04/david-attenborough-termeszettudost-a-fold-bajnoka-cimmel-tuntette-ki-az-ensz?utm_source=hirstart&utm_medium=referral&utm_campaign=hiraggregator
5303187b66d58b2b199ab24b8eb6e5741f0f4ebd7bb476d3f6af07bdfa79804e,2024-12-15 04:52:40.026439+00:00,hu,heol.hu,heol.hu,2022-04-21,David Attenborough természettudóst a Föld bajnoka címmel tüntette ki az ENSZ,https://www.heol.hu/egyperces/2022/04/david-attenborough-termeszettudost-a-fold-bajnoka-cimmel-tuntette-ki-az-ensz?utm_source=hirstart&utm_medium=referral&utm_campaign=hiraggregator
a2d9a77620840f82786b4ff1c6ba80e2f4f47170a066bc58b9a690d3b9d675fc,2024-12-15 04:52:37.579564+00:00,hu,haon.hu,haon.hu,2022-04-21,David Attenborough természettudóst a Föld bajnoka címmel tüntette ki az ENSZ,https://www.haon.hu/egyperces/2022/04/david-attenborough-termeszettudost-a-fold-bajnoka-cimmel-tuntette-ki-az-ensz?utm_source=hirstart&utm_medium=referral&utm_campaign=hiraggregator
dbb323d52066c82ab1b3d52d07547b4a5aa4afc3c34ed21affc1d0aab005d131,2024-12-15 04:52:00.577438+00:00,hu,teol.hu,teol.hu,2022-04-21,David Attenborough természettudóst a Föld bajnoka címmel tüntette ki az ENSZ,https://www.teol.hu/egyperces/2022/04/david-attenborough-termeszettudost-a-fold-bajnoka-cimmel-tuntette-ki-az-ensz?utm_source=hirstart&utm_medium=referral&utm_campaign=hiraggregator
ba1966d528a4351f7df9caa23279d4275068750206c415d60c9bb8e8bbfa5a06,2024-12-15 04:48:44.145881+00:00,hu,boon.hu,boon.hu,2022-04-21,David Attenborough természettudóst a Föld bajnoka címmel tüntette ki az ENSZ,https://www.boon.hu/egyperces/2022/04/david-attenborough-termeszettudost-a-fold-bajnoka-cimmel-tuntette-ki-az-ensz?utm_source=hirstart&utm_medium=referral&utm_campaign=hiraggregator
1c3cbffffcd7229a6b97f50703a5ebca9e3ddadd2a4b779a7e00309f656e583d,2024-12-15 04:48:26.053243+00:00,hu,feol.hu,feol.hu,2022-04-21,David Attenborough természettudóst a Föld bajnoka címmel tüntette ki az ENSZ,https://www.feol.hu/egyperces/2022/04/david-attenborough-termeszettudost-a-fold-bajnoka-cimmel-tuntette-ki-az-ensz?utm_source=hirstart&utm_medium=referral&utm_campaign=hiraggregator
3a6923e5e763b20c272957a024d01a73d4bcd53b45d3830025fdd476097b8bbe,2024-12-15 04:47:50.945203+00:00,hu,delmagyar.hu,delmagyar.hu,2022-04-21,David Attenborough természettudóst a Föld bajnoka címmel tüntette ki az ENSZ,https://www.delmagyar.hu/egyperces/2022/04/david-attenborough-termeszettudost-a-fold-bajnoka-cimmel-tuntette-ki-az-ensz?utm_source=hirstart&utm_medium=referral&utm_campaign=hiraggregator
7b103af44b553d30868762418d5f4ada48587de92698dc40b88ed759c485a82f,2024-12-15 04:45:13.247333+00:00,hu,szon.hu,szon.hu,2022-04-21,David Attenborough természettudóst a Föld bajnoka címmel tüntette ki az ENSZ,https://www.szon.hu/egyperces/2022/04/david-attenborough-termeszettudost-a-fold-bajnoka-cimmel-tuntette-ki-az-ensz?utm_source=hirstart&utm_medium=referral&utm_campaign=hiraggregator
5fb73ed9c0fac690f146091875a99651f89d3a0afbf90135ef6d00af715597a8,2024-12-14 09:26:21.566032+00:00,hu,index.hu,index.hu,2024-12-14,Hamarosan Budapest klímája Firenzééhez lesz hasonló – kutatók a jogszabályok zöldítését sürgetik,https://index.hu/belfold/2024/12/14/kisvarga-szilvia-mate-klimavaltozas-zoldteto-hosziget-effektus-kanyonhatas-legkondicionalo-okotudatossag-eden-project/
5c2f3a02b806966e5cbda905d47e0c85c5c3ce09bdc8b1ad5c2aea0b4ac2cfdc,2024-12-14 03:45:21.021753+00:00,hu,444.hu,444.hu,2022-04-28,Vég nélkül pusztulnak az esőerdők,https://444.hu/2022/04/28/veg-nelkul-pusztulnak-az-esoerdok
b87daf658a0dfc146ad550efc26a27b82475d95be4d97a466d8ed6214b6694d9,2024-12-07 06:17:15.627057+00:00,hu,magyarnemzet.hu,magyarnemzet.hu,2024-12-07,"Karácsonyfa: biztos, hogy a műfenyő az igazi?",https://magyarnemzet.hu/gazdasag/2024/12/karacsonyfa-biztos-hogy-a-mufenyo-az-igazi-seo?utm_source=hirstart&utm_medium=referral&utm_campaign=hiraggregator
481669130c58ae8631139c961391f7f29f4589b0ea4f412e3022af212ab4d155,2024-12-06 13:27:08.888397+00:00,hu,origo.hu,origo.hu,2024-12-06,Aggasztó kérdéseket vet fel a szürke farkasok védelme Európában,https://www.origo.hu/tudomany/2024/12/szurke-farkasok-vedelme-europaban
a710f60ee9e86c83ca384814aa0a9a5620802a6035e14dc5e9ab2932608997ea,2024-12-06 07:17:36.103065+00:00,hu,magyarnemzet.hu,magyarnemzet.hu,2024-12-06,"Igazi, vagy műfenyő? – mutatjuk, melyik lehet jobb választás",https://magyarnemzet.hu/belfold/2024/12/igazi-vagy-mufenyo-mutatjuk-melyik-lehet-jobb-valasztas?utm_source=hirstart&utm_medium=referral&utm_campaign=hiraggregator
10350d229a9471e84b8585ba340e466cf7ad9e63ffad9278cfd5591da05f7f4c,2024-12-04 16:30:01.118833+00:00,hu,origo.hu,origo.hu,2024-12-04,"Már az űrből is látni, mekkora a baj",https://www.origo.hu/tudomany/2024/12/antarktiszi-novenyzet-terjedese
478e691471c679cbd9cf0d52a12fb7a0d115db5a0ad1413f12138f28ce0de4bb,2024-12-03 17:23:14.588503+00:00,hu,hvg.hu,hvg.hu,2024-12-03,ENSZ: 124 ezer milliárd forintnyi kárt okoz évente a szárazság,https://hvg.hu/zhvg/20241203_ensz-szarazsag-fold-jelentes#rss
9c26bc82d7129b9bb9a1915db9858d6063f176cc98b66f4c1afcde95bc82f0b5,2024-12-02 15:34:56.756381+00:00,hu,hvg.hu,hvg.hu,2024-12-02,Megdöbbentő eredményre jutott egy vizsgálat: aktívan segíti az Instagram az önkárosító tartalmak terjedését,https://hvg.hu/tudomany/20241202_meta-instagram-karos-tartalmak-terjedese-moderalas-tanulmany#rss
18e754518866d370b64789cf8a58e6e0bd9d41cd7b7a8eda835396dab04c6a5e,2024-12-02 15:34:34.274005+00:00,hu,24.hu,24.hu,2024-12-02,Farkasvadászatok kezdődhetnek Európában,https://24.hu/tudomany/2024/12/02/szurke-farkas-vadaszata-europa/
af062e35e816bc4f298a0a2bd4e740853813711c3d35f4626c91e09f1cc6ddea,2024-12-02 09:23:21.860383+00:00,hu,hirtv.hu,hirtv.hu,2024-12-02,Egymillió fajt fenyeget a kihalás veszélye,https://hirtv.hu/hirtvszines/egymillio-fajt-fenyeget-a-kihalas-veszelye-2597091?utm_source=feed&utm_medium=rss
29f4d446dc5ce363ef3ac274857977d3d2df17939e583d13a3c88b7b609fafdc,2024-12-02 02:31:57.003997+00:00,hu,hvg.hu,hvg.hu,2020-01-10,"Vegánok, etikusok, újrahasznosítók – milyen irányzat szerint élünk 2020-ban?",http://hvg.hu/gazdasag/20200110_fenntarthatosag_trend_2020#rss
9521b27c3b94b3912dbff07ea35a860787818c8e289e18cb10f8804497c542db,2024-12-01 17:06:09.770479+00:00,hu,nepszava.hu,nepszava.hu,2020-01-14,"Ha nem akarunk elbúcsúzni az állatvilágtól, a Föld harmadát védelem alá kell venni",https://nepszava.hu/3063517_ha-nem-akarunk-elbucsuzni-az-allatvilagtol-a-fold-harmadat-vedelem-ala-kell-venni
c34cbc622a64344b5bad570719485bbc6ce84d5470b76917df240f75d3f7f5ae,2024-12-01 16:53:24.765825+00:00,hu,magyarnemzet.hu,magyarnemzet.hu,2020-01-14,ENSZ: A Föld felszínének 30 százalékát kell védelembe venni 2030-ig,https://magyarnemzet.hu/kulfold/ensz-a-fold-felszinenek-30-szazalekat-kell-vedelembe-venni-2030-ig-7671776/
58b32b38f106e2ede4ff93889251c8c78318c7d8cf9b49e8892ed5b2a9a12e75,2024-12-01 16:50:44.380974+00:00,hu,nepszava.hu,nepszava.hu,2020-01-14,Európa tárgyalóasztalhoz kényszeríti Iránt,https://nepszava.hu/3063542_europa-targyaloasztalhoz-kenyszeriti-irant
18b5453ac75ddda731d6fb18bcf526d320c14d90c3962bb0377d2d07298e060f,2024-12-01 16:50:32.032342+00:00,hu,vg.hu,vg.hu,2020-01-14,ENSZ: A Föld felszínének 30 százalékát kell védelembe venni,https://www.vg.hu/kozelet/kozeleti-hirek/ensz-a-fold-felszinenek-30-szazalekat-kell-vedelembe-venni-1979925/
82d31b247eb23a51974bb2d73942639f4f91439c62293517dc5f34a224bcc6bf,2024-12-01 16:47:25.367024+00:00,hu,nepszava.hu,nepszava.hu,2020-01-14,"Felrobbant egy vegyi üzem, vészhelyzetet hirdettek Spanyolországban (videón a detonáció)",https://nepszava.hu/3063555_felrobbant-egy-vegyi-uzem-veszhelyzetet-hirdettek-spanyolorszagban-videon-a-detonacio
2e6edfaa07b18b470eb22476e7baf75258304fdf5cc08e3d30a7cf2779456130,2024-12-01 14:45:57.381506+00:00,hu,hvg.hu,hvg.hu,2020-01-15,"Elmondták, mi jelenti a legnagyobb kockázatot az emberiségre",http://hvg.hu/gazdasag/20200115_klimavaltozas_vilaggazdasagi_forum_davos#rss
99081a5a311bdd6b628c28811539bf34882a83547a5ecc0bda6d4732abd316ad,2024-12-01 13:41:56.394784+00:00,hu,magyarnemzet.hu,magyarnemzet.hu,2020-01-15,Környezetvédelmi problémák állnak a davosi Világgazdasági Fórum kockázatelemzési jelentésének élén,https://magyarnemzet.hu/kulfold/kornyezetvedelmi-problemak-allnak-a-davosi-vilaggazdasagi-forum-kockazatelemzesi-jelentesenek-elen-7675616/
ce74399f1969c5a5d269e739f65cc6f7a59ef20bb34065c4e2d074a0e90e1095,2024-12-01 00:16:01.683959+00:00,hu,infostart.hu,infostart.hu,2020-01-21,Példátlan eset a kezdődő davosi tanácskozás előtt,https://infostart.hu/kulfold/2020/01/21/peldatlan-eset-a-kezdodo-davosi-tanacskozas-elott
c1367134d7bdfabe0887858c1c853e58a3a107dd65e429c32006494db6ba7ed2,2024-11-30 23:50:11.536485+00:00,hu,hvg.hu,hvg.hu,2020-01-21,"„Azt kockáztatjuk, hogy egy üres világban fogunk élni”",http://hvg.hu/elet/20200121_Azt_kockaztatjuk_hogy_egy_ures_vilagban_fogunk_elni#rss
0ce4d25f7794b75b4070abda189adaef18b1b91b1facc4628d2d8002b1e42705,2024-11-30 23:17:56.946953+00:00,hu,hirtv.hu,hirtv.hu,2020-01-21,Kezdődik az 50. Világgazdasági Fórum,http://hirtv.hu/hirtv_gazdasagi_hirei/kezdodik-az-50-vilaggazdasagi-forum-2493751?utm_source=feed&utm_medium=rss
dec88f0ab90b93f5ccb054f39bfe4fb5e1e042dbb2f405dc9ac47eae2f11a7a9,2024-11-30 22:36:03.320182+00:00,hu,hvg.hu,hvg.hu,2020-01-21,Sokkoló hírek a luxushüttéből: idén Davost is utolérte a klímaváltozás,http://hvg.hu/gazdasag/20200121_A_fenntarthatosag_lesz_az_idei_Vilaggazdasagi_Forum_kozeppontjaban#rss
010ac7e6bb6ef2b19b26f5454e0636e6ef2483ebaeb2e64bcb8ba43a6b393086,2024-11-30 12:04:10.283403+00:00,hu,feol.hu,feol.hu,2020-01-25,"Fenyeget a szélsőséges időjárás, a sikertelen alkalmazkodás a klímaváltozáshoz",https://www.feol.hu/eletstilus/helyi-eletstilus/fenyeget-a-szelsoseges-idojaras-a-sikertelen-alkalmazkodas-a-klimavaltozashoz-3503967/
bc427ff6d1fe62a0d1deaa75677f7a8428df05939ac898b00152df559855ef30,2024-11-30 10:08:13.267988+00:00,hu,168ora.hu,168ora.hu,2018-06-27,A dominóhatás már megkezdődött – Ürge-Vorsatz Diána: A klímaváltozás miatt kártevők inváziójára kell számítanunk,https://168ora.hu/tudas/a-dominohatas-mar-megkezdodott-urge-vorsatz-diana-a-klimavaltozas-miatt-kartevok-invaziojara-kell-szamitanunk-180945
43520b8156cb44abe7b18bf83650407c69ca131dcbbd0191e04372f4dff3f530,2024-11-30 07:51:42.410030+00:00,hu,portfolio.hu,portfolio.hu,2020-01-27,Öt év alatt 100 millió fát ültetne a Mastercard,https://www.portfolio.hu/uzlet/20200127/ot-ev-alatt-100-millio-fat-ultetne-a-mastercard-413779
e2451c7b591e3024c018b73d64637c3163416d0c3a7ff07a2e55ee74805aea08,2024-11-30 07:51:21.799714+00:00,hu,napi.hu,napi.hu,2020-01-27,Faültetésre bírná a cégeket a Mastercard,https://www.napi.hu/nemzetkozi_vallalatok/faultetesre_birna_a_cegeket_a_mastercard.699167.html
cf75a893f0ae8dfd522152f78cf35d0617b6d1903a0b0171b84f2ba9315d8bec,2024-11-30 07:32:41.998897+00:00,hu,vg.hu,vg.hu,2020-01-27,Megmentené a világot a Mastercard,https://www.vg.hu/vallalatok/vallalati-hirek/megmentene-a-vilagot-a-mastercard-2005827/
9b3fdff1874df6953aa21d9e29fc1157dea6791db630bdef67c5c141862a49ec,2024-11-29 20:20:02.918246+00:00,hu,origo.hu,origo.hu,2024-11-29,Óriási mértékű madárkihalás -Több százan vannak a veszélyeztetett madárfajok,https://www.origo.hu/tudomany/2024/11/kihalasok
4e1a5368540e4abbfc51468c9b81ec28834bf9c0cc580e36812c8ee104d6ac04,2024-11-29 14:40:42.012010+00:00,hu,portfolio.hu,portfolio.hu,2020-01-31,20 milliárdnyi EU-pénzből újult meg 40 ezer hektárnyi vizes élőhely Magyarországon,https://www.portfolio.hu/unios-forrasok/20200131/20-milliardnyi-eu-penzbol-ujult-meg-40-ezer-hektarnyi-vizes-elohely-magyarorszagon-414375
7d2c5938aeff2694aa90ac4b05d30c0f9d59d337a151431bfd399e463ed51765,2024-11-29 14:30:28.836402+00:00,hu,pestisracok.hu,pestisracok.hu,2020-01-31,Negyvenezer hektárnyi vizes élőhely újult meg,https://pestisracok.hu/negyvenezer-hektarnyi-vizes-elohely-ujult-meg/
b7ef8dd2e883f34ea0f2e74b3987a96e9e720c7bce7243e6a72010b2a0451989,2024-11-29 12:30:52.568095+00:00,hu,hvg.hu,hvg.hu,2020-02-01,"Gond lesz a szomszédban (is), nehezen tűrik az Alpok élőlényei a klímaváltozást",http://hvg.hu/tudomany/20200201_alpok_alpesi_regio_faji_sokszinuseg_biodiverzitas_klimavaltozas_globalis_felmelegedes#rss
14326a3dfe2b1c32776f9818824d3b1d6ff3e0a99f68e43320fc03e9f84a936e,2024-11-29 11:51:19.402379+00:00,hu,teol.hu,teol.hu,2020-02-01,A vaddisznóállományt csökkenteni akarják,https://www.teol.hu/kozelet/helyi-kozelet/a-vaddisznoallomanyt-csokkenteni-akarjak-2154576/
c3d41849b1f6fa3ee9fe9032a574c9461d79cea910baa11767fc6ac6bc2ed2cd,2024-11-29 11:17:16.606291+00:00,hu,ujegyenloseg.hu,ujegyenloseg.hu,2024-11-29,A klímatudomány 10 alapüzenete,https://ujegyenloseg.hu/a-klimatudomany-10-alapuzenete/
e62dfceb9a06fa810db233973999f13caa512903cd661e10659ab84cec3bf4e2,2024-11-29 06:41:20.115484+00:00,hu,168ora.hu,168ora.hu,2018-06-27,A varázsszó: karbonsemlegesen – Elszigetelődött Davosban a washingtoni kormány,https://168ora.hu/kulfold/a-varazsszo-karbonsemlegesen-elszigetelodott-davosban-a-washingtoni-kormany-181305
0b38eaf3413db0cbb7c98eb77b08a0c0ce6200e7f36e4481da9dba97ee1ad5a3,2024-11-29 00:10:43.804834+00:00,hu,napi.hu,napi.hu,2020-02-06,Adóval sújtanák a húsokat - ezzel a javaslattal állt elő egy lobbicsoport,https://www.napi.hu/nemzetkozi_gazdasag/adoval_sujtanak_a_husokat_ezzel_a_javaslattal_allt_elo_egy_lobbicsoport.699830.html
4e24ea91dd0eea74b5066345181a9cd0d84f0fec0d489353dfd05e9874237afa,2024-11-28 22:43:27.401291+00:00,hu,index.hu,index.hu,2020-02-07,Drámaian csökken Európában is a poszméhek száma,https://index.hu/techtud/2020/02/07/dramaian_csokken_europaban_is_a_poszmehek_szama/
36a55d3ecb9ab8e51e46dc9bd81eae9924816e1c1450fad16f8ad9d9f6290c87,2024-11-28 01:51:56.233692+00:00,hu,infostart.hu,infostart.hu,2020-02-14,Természetvédelmi övezet lesz a világ tetején,https://infostart.hu/kulfold/2020/02/14/termeszetvedelmi-ovezet-lesz-a-vilag-tetejen
54ece5cd0646a5edaf44aeed5d7a6a915850a6f944c64304321f47914a31b263,2024-11-28 01:43:18.488177+00:00,hu,nepszava.hu,nepszava.hu,2020-02-14,"Macron megígérte, szabályozzák, hányan mehetnek fel egyszerre a Mont Blanc-ra",https://nepszava.hu/3067116_macron-megigerte-szabalyozzak-hanyan-mehetnek-fel-egyszerre-a-mont-blanc-ra
38c4fa17ed8fe4993db3947ed0b0ade6dcd22114637313a2195094e0defe46ed,2024-11-27 15:42:18.442569+00:00,hu,haon.hu,haon.hu,2020-02-18,"Helikopterrel vittek havat egy sípályára, az eset politikai vitát kavart",https://haon.hu/orszag-vilag/helikopterrel-vittek-havat-egy-sipalyara-az-eset-politikai-vitat-kavart-3855267/
c0f0ad2a41ae4aff2b1737c5f411c65c856d2ac75a229895b8536b3fdf3624a2,2024-11-27 15:41:59.578458+00:00,hu,bama.hu,bama.hu,2020-02-18,"Helikopterrel vittek havat egy sípályára, az eset politikai vitát kavart",https://www.bama.hu/orszag-vilag/helikopterrel-vittek-havat-egy-sipalyara-az-eset-politikai-vitat-kavart-2287734/
06f11a985d1d5f5a417f21ed1a4f33b13ef64bc77d1a9deeb818d3dd75d9af4d,2024-11-27 15:40:03.181348+00:00,hu,boon.hu,boon.hu,2020-02-18,"Helikopterrel vittek havat egy sípályára, az eset politikai vitát kavart",https://boon.hu/orszag-vilag/helikopterrel-vittek-havat-egy-sipalyara-az-eset-politikai-vitat-kavart-4073952/
a4bfce10462a2aff59fbc8c3f71314b8d30f8c0e97acc54c0e1eaef7990fe19f,2024-11-27 15:35:30.903273+00:00,hu,szon.hu,szon.hu,2020-02-18,"Helikopterrel vittek havat egy sípályára, az eset politikai vitát kavart",https://szon.hu/orszag-vilag/helikopterrel-vittek-havat-egy-sipalyara-az-eset-politikai-vitat-kavart-3701559/
9a412d16e1c2a8caef06ed8572a165b25c818813aa63bf137afa2e6c02f2c749,2024-11-27 15:35:26.822703+00:00,hu,delmagyar.hu,delmagyar.hu,2020-02-18,"Helikopterrel vittek havat egy sípályára, az eset politikai vitát kavart",https://www.delmagyar.hu/orszag-vilag/helikopterrel-vittek-havat-egy-sipalyara-az-eset-politikai-vitat-kavart-4977864/
826fb2f34d2767a8afd011f74f5954cf7b3f1d13cd6ab7d188f2c24204a11352,2024-11-27 09:00:34.161660+00:00,hu,888.hu,888.hu,2020-01-09,A műanyagterhelés a klímaváltozásnál is nagyobb veszély?,https://888.hu/okojobb/a-muanyagterheles-a-klimavaltozasnal-is-nagyobb-veszely-4229993/
9ef3a9100002a43a626637e476c9bc04553d1c63981bfd648052ea61af37567c,2024-11-26 21:15:19.795775+00:00,hu,444.hu,444.hu,2020-02-24,"80 évnyi kutatás után végre tudjuk, hogyan dugnak az ezerlábúak",https://444.hu/2020/02/24/80-evnyi-kutatas-utan-vegre-tudjuk-hogyan-dugnak-az-ezerlabuak
92f8c62abf199e49251aae521edcf378c2c1cfe4c75563db7e16bd8a806e13d6,2024-11-26 12:09:59.594085+00:00,hu,vg.hu,vg.hu,2020-02-27,A klímaváltozás elleni sikeres fellépés,https://www.vg.hu/velemeny/a-kozgazdaszok/a-klimavaltozas-elleni-sikeres-fellepes-2-2074839/
839fcfcea6f9e170a71f7d6cb148aa601810f7540ddc4eb67218d722f2a76f37,2024-11-25 15:57:25.869808+00:00,hu,magyarnemzet.hu,magyarnemzet.hu,2020-03-03,Vadvilág napot rendeznek a budapesti állatkertben,https://magyarnemzet.hu/belfold/vadvilag-napot-rendeznek-a-budapesti-allatkertben-7842947/
6aae5e61be41486dff4266bb7adbf6ad8d314fcbd608ce9d5f890e94e93a58c9,2024-11-25 08:46:17.562079+00:00,hu,magyarnarancs.hu,magyarnarancs.hu,2018-05-23,"„Ezen a rendszeren túl kell lépnünk, nincs más választás”",https://m.magyarnarancs.hu/belpol/ezen-a-rendszeren-tul-kell-lepnunk-nincs-mas-valasztas-127379
5a19c3e01967d7636439bc876e95c35cfd952869c4614caee1570cc144c3404d,2024-11-24 18:35:19.338336+00:00,hu,demokrata.hu,demokrata.hu,2020-03-10,Új tanulmány: átlagos méretű volt a tavalyi amazonasi erdőtűz,https://demokrata.hu/vilag/uj-tanulmany-atlagos-meretu-volt-a-tavalyi-amazonasi-erdotuz-214100/
f08f4e82d9e542c72fc2563c57137c5bb15ca9d225bf2f334c7c8c3c422db19e,2024-11-24 18:33:22.291202+00:00,hu,magyarnemzet.hu,magyarnemzet.hu,2020-03-10,"Nem égett le több erdő az Amazonasnál, mint az elmúlt években",https://magyarnemzet.hu/kulfold/nem-egett-le-tobb-erdo-az-amazonasnal-mint-az-elmult-evekben-7869911/
8ad4fac835d8a541fcce3183fdeccc4c0ea4c195a2f55a432ad0a95382a8b6ba,2024-11-24 17:35:04.692885+00:00,hu,vg.hu,vg.hu,2020-03-10,"Kiderült, mekkora pusztítást okozott az amazonasi erdőtűz",https://www.vg.hu/kozelet/kornyezetvedelem/kiderult-mekkora-pusztitast-okozott-az-amazonasi-erdotuz-2100834/
835731257f1dc9e31587f06131fc8cdb50a87589636053328a532ddc6b64518b,2024-11-24 11:14:22.222962+00:00,hu,magyarnemzet.hu,magyarnemzet.hu,2020-03-12,A felmelegedés miatt kihalhatnak a görög karsztviperák,https://magyarnemzet.hu/kulfold/a-felmelegedes-miatt-kihalhatnak-a-gorog-karsztviperak-7879943/
edff429de3864e942ae70e32e55510b34065e4aa7b65622521caba9da00d0784,2024-11-24 09:22:56.337101+00:00,hu,24.hu,24.hu,2020-03-13,Újabb fajt sodort kihalás szélére a klímaváltozás,https://24.hu/tudomany/2020/03/13/gorog-karsztvipera-okologia-klimavaltozas-globalis-felmelegedes/
27e26111c3d0fd6f35beb30afe5ad971948e22ef8e9dd36237d0f7d647959be7,2024-11-24 06:08:16.595187+00:00,hu,haon.hu,haon.hu,2020-03-14,Átlagosan nem változott a Brazíliában pusztító tüzek száma,https://haon.hu/egyperces/atlagosan-nem-valtozott-a-braziliaban-pusztito-tuzek-szama-3909789/
05b88a4da792efd3b1047be9fa766dbeb3eab21ed8e39e610a6f5ed53e86443b,2024-11-24 06:07:48.380752+00:00,hu,szon.hu,szon.hu,2020-03-14,Átlagosan nem változott a Brazíliában pusztító tüzek száma,https://szon.hu/egyperces/atlagosan-nem-valtozott-a-braziliaban-pusztito-tuzek-szama-3767805/
ce474327ce8a93a1b83422adeed8b3bb68fd1b5f9b6947b92d2ba3f0b4318ed5,2024-11-24 06:07:16.114136+00:00,hu,boon.hu,boon.hu,2020-03-14,Átlagosan nem változott a Brazíliában pusztító tüzek száma,https://boon.hu/egyperces/atlagosan-nem-valtozott-a-braziliaban-pusztito-tuzek-szama-4126101/
707023259d1d3789fb68407fcf3315f253a39e5c63529fdcbe82e3b541d046ea,2024-11-24 06:06:51.795179+00:00,hu,delmagyar.hu,delmagyar.hu,2020-03-14,Átlagosan nem változott a Brazíliában pusztító tüzek száma,https://www.delmagyar.hu/egyperces/atlagosan-nem-valtozott-a-braziliaban-pusztito-tuzek-szama-5535948/?utm_source=rssfeed
4f10b751e174b4b552c3c8d68774934da231c4e2eafc284d9f81ce01efb64505,2024-11-24 00:57:54.970749+00:00,hu,index.hu,index.hu,2020-03-16,Egyre pusztítóbb járványok jöhetnek Afrikából és Ázsiából,https://index.hu/techtud/2020/03/16/zoonozis_covid19_koronavirus_jarvany_pandemia_azsia_afrika/
fa2f43c3532b8ea0dba68d3b6c29e8cdd1908fc5711cc88bad00a2b95fb0ad1d,2024-11-23 21:18:27.388408+00:00,hu,hvg.hu,hvg.hu,2020-03-17,"Olyan meleg van a hegyekben is, hogy kihalhat a karsztvipera",http://hvg.hu/tudomany/20200317_hegyvidekek_felmelegedese_gorog_karsztvipera_kihalas#rss
746896d746490cf5a2def214d2c00f0c0fd225f920a9da852782a492d4254913,2024-11-22 20:19:08.492202+00:00,hu,beol.hu,beol.hu,2024-11-22,BEOL - Agráriumot érintő aktualitásokról számoltak be Biharugrán,https://www.beol.hu/helyi-kozelet/2024/11/tamogatas-agrarium-aktualitasok?utm_source=hirstart&utm_medium=referral&utm_campaign=hiraggregator
e4e34b06d0276b75106e3f877d7c3b1a6577b91195e8da248226ceaf0810ceef,2024-11-22 14:24:54.098914+00:00,hu,portfolio.hu,portfolio.hu,2024-11-22,Egyre többet és többet használunk a természeti erőforrásokból,https://www.portfolio.hu/uzlet/20241122/egyre-tobbet-es-tobbet-hasznalunk-a-termeszeti-eroforrasokbol-724598
219b8334164f22cc1f4c6fc3fad5e140f15559538994708dc05df52711f79176,2024-11-21 10:50:38.037948+00:00,hu,index.hu,index.hu,2020-03-29,"Az egész táj üres, halott",https://index.hu/techtud/2020/03/29/tnt_podcast_magyar_madartani_es_termeszetvedelmi_egyesulet_orban_zoltan/
4e306dfffdbb7cd987e33d334db31fb98f6206182e51ff3b28b581c41dfb49bc,2024-11-20 20:30:04.693756+00:00,hu,444.hu,444.hu,2020-04-02,A természet pusztításában kódolva volt egy veszedelmes világjárvány,https://444.hu/2020/04/02/a-termeszet-pusztitasaban-kodolva-volt-egy-veszedelmes-vilagjarvany
0be5236f61835f10dea9592b15e57ad25e9dfe96a41995ce2044ee555dae636e,2024-11-20 11:56:02.703120+00:00,hu,index.hu,index.hu,2020-04-03,A pillangók az ökogazdálkodást választják,https://index.hu/techtud/2020/04/03/a_pillangok_az_okogazdalkodast_valasztjak/
b6aad9964035b606060d972dab1c9af419a95537a43a025cb3aa96dc53661393,2024-11-20 09:17:53.147010+00:00,hu,bama.hu,bama.hu,2024-11-20,MI: Ilyen lesz a jövő Baranyája,https://www.bama.hu/helyi-kozelet/2024/11/mi-mesterseges-intelligencia-baranya?utm_source=hirstart&utm_medium=referral&utm_campaign=hiraggregator
a4c67a5ed9e6cc774d5712c2665f466c204b85c2ccfcb007e4ab649b430364c1,2024-11-20 05:49:50.436367+00:00,hu,nepszava.hu,nepszava.hu,2020-04-05,A természet kizsákmányolása egyenesen vezetett a koronavírus-járvány kitöréséhez,https://nepszava.hu/3073348_a-termeszet-kizsakmanyolasa-egyenesen-vezetett-a-koronavirus-jarvany-kitoresehez
7d8e5c0b4b8ec6cf0b86be31aab843bf839a4dfef6aaa772b97d91b996fac8cc,2024-11-20 05:39:37.783482+00:00,hu,nepszava.hu,nepszava.hu,2020-04-05,A jövő megoldása a rákterápiában,https://nepszava.hu/3073345_a-jovo-megoldasa-a-rakterapiaban
85c221413c0f99b9778bfbc2c7fec62a6e36f8b1d419fd8009285172d48a429a,2024-11-20 05:18:22.766172+00:00,hu,nepszava.hu,nepszava.hu,2020-04-05,Népszava Átlátszó tudomány,https://nepszava.hu/3073352_atlatszo-tudomany
e170ea57e08c03825f03abe33932ba8f76ed25521f63f48e1bdc805aa2c8cbc2,2024-11-20 03:27:04.331022+00:00,hu,hvg.hu,hvg.hu,2020-04-06,Betiltaná a vadállatpiacokat az ENSZ szakértője,http://hvg.hu/gazdasag.zhvg/20200406_koronavirus_vadallat_fogyasztas#rss
912893fcebf5f55a2e210c33255cee6bea9df720625e11520e472e78993012f6,2024-11-20 00:00:50.938678+00:00,hu,hvg.hu,hvg.hu,2020-04-07,A megújulóenergia-beruházások is veszélyeztethetik a biodiverzitást,http://hvg.hu/gazdasag.zhvg/20200407_Veszelyeztetik_a_biodiverzitast_a_megujulo_energiaberuhazasok#rss
7f894e57e26e587f5038eb510760ed1d3bee7b110666a61f80aa9af199481f9b,2024-11-19 21:00:30.789416+00:00,hu,magyarnemzet.hu,magyarnemzet.hu,2020-04-08,"Medveepe, avagy a vadállatipar borzalmai",https://magyarnemzet.hu/velemeny/medveepe-avagy-a-vadallatipar-borzalmai-7981298/
3dcab09ce84b7dfe7e182c41fa490152618f9000f4061acdb8575178baa2f2af,2024-11-19 13:21:24.409550+00:00,hu,index.hu,index.hu,2020-04-10,"Majdnem az egész országot lefotózta a CIA, most térképen böngészhetjük a kémfotókat",https://index.hu/techtud/2020/04/10/cia_corona_muholdas_kemkedes_magyaroszag_terkep_interspect_mapire_arcanum/
3b2921ce4aa7785e67e6aced47ff2920fa0bff06b56c4419f146316c6c03ae20,2024-11-19 06:57:47.854355+00:00,hu,infostart.hu,infostart.hu,2020-04-12,Ökoréten dupla annyi rovar él,https://infostart.hu/tudomany/2020/04/12/okoreten-dupla-annyi-rovar-el
9de99cdd72d8171c97610e24ce1438e8042182dd487a60e5872d9551940267d9,2024-11-18 09:39:00.922846+00:00,hu,index.hu,index.hu,2020-04-19,"A kopárnak tartott Görögországban több erdő van, mint Magyarországon",https://index.hu/kulfold/eurologus/2020/04/19/erdosites_kozos_politika_nelkul_nem_latszik_a_faktol_az_erdo/
168aa3b6486c9f762b26a3f781bf98ed2abce6bd25c7fbb14c40e2c6f85073cf,2024-11-18 03:25:49.757080+00:00,hu,24.hu,24.hu,2024-11-18,A dm idén is átszínezi a Black Friday napot,https://24.hu/belfold/2024/11/18/a-dm-iden-is-atszinezi-a-black-friday-napot/
5c17efc6191fc9c6fc4c58f8d0a018ff09a3664774be338dc317e315705f3cdd,2024-11-18 02:46:22.447503+00:00,hu,hvg.hu,hvg.hu,2020-04-21,A globális felmelegedés a halak antibiotikum-ellenállóságára is hatással van,http://hvg.hu/gazdasag.zhvg/20200421_A_globalis_felmelegedes_a_halak_antibiotikumellenallosagara_is_hatassal_van#rss
bce2daaea1026730f78bd12b567213882cf460e4a5848603364d26dfb477765f,2024-11-17 21:37:21.977013+00:00,hu,index.hu,index.hu,2020-04-22,"19 billió dollár kellene az energia kizöldítésére, de állítólag megéri",https://index.hu/gazdasag/2020/04/22/zold_gazdasag_kovetelesek_energiaatallas_ensz_fotitkar_irena/
c5c4a82761b0d9a42b37e60a362910e92e507b00ed4f72abd5906fbd6cbea980,2024-11-17 16:55:24.366957+00:00,hu,hvg.hu,hvg.hu,2020-04-24,A rovarok negyede eltűnt 1990 óta és ez ránk nézve is tragikus következményekkel jár,http://hvg.hu/gazdasag.zhvg/20200424_A_rovarok_negyede_eltunt_1990_ota_es_ez_rank_nezve_is_tragikus_kovetkezmenyekkel_jar#rss
33e7f26c181cd33b7a33ec6812f0be24ed50e427cfdf1571f77370e5859c46ae,2024-11-17 14:08:48.252204+00:00,hu,24.hu,24.hu,2020-04-25,"Amíg a méhek haldokolnak, a szúnyogok köszönik szépen, jól vannak",https://24.hu/tudomany/2020/04/25/rovarok-mehek-beporzok-kihalas-eloszlas/
dd8134f4f84057b8eb25bc6a81994f8d628b0fd8a9bce358ea6b8fcbd5d20ec7,2024-11-17 03:37:08.871486+00:00,hu,portfolio.hu,portfolio.hu,2020-04-29,Lehet zöld a gazdasági újrakezdés?,https://www.portfolio.hu/gazdasag/20200429/lehet-zold-a-gazdasagi-ujrakezdes-428094
bad7b46122e22ff91fda0b921669bc63e0fb4cf45be19c062f1046c59b387d97,2024-11-15 23:32:46.519078+00:00,hu,hvg.hu,hvg.hu,2020-05-08,"Jó érzés fát ültetni, csak éppen édeskevés a klímaváltozás elleni harcban",http://hvg.hu/gazdasag.zhvg/20200508_A_faultetes_nem_gyogyir_a_klimavaltozasra#rss
b8bfbe1f2ab99bcebb4d765a274082a3cbec6d74d17c725d0c91e6001f08554f,2024-11-15 01:23:58.878067+00:00,hu,index.hu,index.hu,2020-05-15,"Vége a zacskózásnak, betiltjuk a felesleges bolti nejlont",https://index.hu/techtud/2020/05/15/magyarorszag_betiltja_a_bolti_nejlonzacskokat/
9d3501d7a5beee2a3e7eed0240ae7ce734960d4856eee9589fc8d1c71cbf84d8,2024-11-14 21:37:59.770265+00:00,hu,index.hu,index.hu,2020-05-16,"A légszennyezettség több embert öl meg, mint a koronavírus",https://index.hu/techtud/2020/05/16/a_legszennyezettseg_tobb_embert_ol_meg_evente_mint_a_koronavirus/
ce44b389533312a9cbe23132a6a262cfb7829743cd495e85d0d711a39ca0dbf7,2024-11-14 17:07:57.281832+00:00,hu,hvg.hu,hvg.hu,2020-05-18,"Gyorsabban pusztul az ökoszisztéma, mint gondolták",http://hvg.hu/gazdasag.zhvg/20200518_greenpeace_okoszisztema_biodiverzitas_klimavaltozas_ipbes#rss
837b6edde13f82ecb512b47b9b4944c45d9b6edaa7853b519ffd5eca2dceb67e,2024-11-14 08:03:17.132791+00:00,hu,nepszava.hu,nepszava.hu,2020-05-21,"Termelőtől fogyasztóig""",https://nepszava.hu/3078871_termelotol-fogyasztoig-uj-modellben-finansziroznak-az-europai-elelmiszeripart
f69f9a9086ca41d6a6fca305a8f8130dad8b07ba779a3e6a831c1c2ff3f6cf34,2024-11-14 07:41:08.239319+00:00,hu,nepszava.hu,nepszava.hu,2020-05-21,Bezöldítik az algák az Antarktisz partvidékét,https://nepszava.hu/3078861_bezolditik-az-algak-az-antarktisz-partvideket
5af9362689d93eb720d3fd08ccb0c04a9e6ebb4fab77b48188c7b81edd4a4001,2024-11-14 07:27:05.011870+00:00,hu,boon.hu,boon.hu,2020-05-21,Agrárkamara: elfogadhatatlan az uniós Termőföldtől az Asztalig stratégia,https://boon.hu/gazdasag/hazai-gazdasag/agrarkamara-elfogadhatatlan-az-unios-termofoldtol-az-asztalig-strategia-4270554/
725b11220cd49758f5c3901165530a232b6182872433755e91fd6e0d35e99afd,2024-11-14 07:25:24.904911+00:00,hu,haon.hu,haon.hu,2020-05-21,Agrárkamara: elfogadhatatlan az uniós Termőföldtől az Asztalig stratégia,https://haon.hu/gazdasag/hazai-gazdasag/agrarkamara-elfogadhatatlan-az-unios-termofoldtol-az-asztalig-strategia-4054971/
463fe003fbe21f619b1426f920e86963b662ef179c069c4ad9fe1b3482ce6f42,2024-11-14 07:25:13.676799+00:00,hu,szon.hu,szon.hu,2020-05-21,Agrárkamara: elfogadhatatlan az uniós Termőföldtől az Asztalig stratégia,https://szon.hu/gazdasag/hazai-gazdasag/agrarkamara-elfogadhatatlan-az-unios-termofoldtol-az-asztalig-strategia-3918564/
fc2c56cd839446999869422f6038a9831d7f37321eae8720dda4f2141e0120cf,2024-11-14 07:24:49.896850+00:00,hu,delmagyar.hu,delmagyar.hu,2020-05-21,Agrárkamara: elfogadhatatlan az uniós Termőföldtől az Asztalig stratégia,https://www.delmagyar.hu/gazdasag/hazai-gazdasag/agrarkamara-elfogadhatatlan-az-unios-termofoldtol-az-asztalig-strategia-6467454/?utm_source=rssfeed
8db5ebdf95f964578aa6c1f81921f98457ea061ca00be73ca24f37905812f4c0,2024-11-14 07:24:46.940788+00:00,hu,nepszava.hu,nepszava.hu,2020-05-21,Kacsák miatt nem közlekedhetett a metró a teljes vonalon,https://nepszava.hu/3078883_kacsak-miatt-nem-kozlekedhetett-a-metro-a-teljes-vonalon
0c478da67ca749f46d44c610bc199d461f290ed064683704921b44f2539e483a,2024-11-14 07:23:07.734531+00:00,hu,bama.hu,bama.hu,2020-05-21,Agrárkamara: elfogadhatatlan az uniós Termőföldtől az Asztalig stratégia,https://www.bama.hu/gazdasag/hazai-gazdasag/agrarkamara-elfogadhatatlan-az-unios-termofoldtol-az-asztalig-strategia-2514774/
ac4ece4374afde42c47f5a8de6d8f8ea9b8d9d91f316ea71606d87496b7ac64a,2024-11-14 07:13:54.572538+00:00,hu,nepszava.hu,nepszava.hu,2020-05-21,Kacsák miatt nem közlekedhetett a metró a teljes vonalon (videó),https://nepszava.hu/3078883_kacsak-miatt-nem-kozlekedhetett-a-metro-a-teljes-vonalon-video
c691840e50a01c76cc9fd9316ce7f41f8d9a8c188b20b9561a82f7a4c315bb0d,2024-11-14 04:53:05.512122+00:00,hu,infostart.hu,infostart.hu,2020-05-22,Két tűz között az EU új agrárpolitikája,https://infostart.hu/tudositoink/2020/05/22/ket-tuz-kozott-az-eu-uj-agrarpolitikaja
e999b8f0da8b4e571d560592bded8ee9c2c1e1c229ffd66072909d2857eaa9cd,2024-11-14 04:41:04.735773+00:00,hu,pestisracok.hu,pestisracok.hu,2020-05-22,"AM: az európai mezőgazdaság halálos ítélete lehet, ha az Európai Bizottság javaslatai alapján hajtják végre a Green Deal-t",https://pestisracok.hu/am-az-europai-mezogazdasag-halalos-itelete-lehet-ha-az-europai-bizottsag-javaslatai-alapjan-hajtjak-vegre-a-green-deal-t/?utm_source=rss&utm_medium=rss&utm_campaign=am-az-europai-mezogazdasag-halalos-itelete-lehet-ha-az-europai-bizottsag-javaslatai-alapjan-hajtjak-vegre-a-green-deal-t
048d0cd2445ad201758d4c9fa37aade50889d6a9251a0cb560cd3bce51d6aa1a,2024-11-14 04:33:22.261780+00:00,hu,magyarnemzet.hu,magyarnemzet.hu,2020-05-22,Veszélyes a brüsszeli forgatókönyv,https://magyarnemzet.hu/gazdasag/veszelyes-a-brusszeli-forgatokonyv-8149550/
779d283a01e6ab67b4da0f7597d6b34881e14e06c71b4994b8183916faa7dc42,2024-11-14 04:22:30.047576+00:00,hu,magyarnemzet.hu,magyarnemzet.hu,2020-05-22,Magyarország kiemelkedő természeti értékekkel rendelkezik,https://magyarnemzet.hu/mozaik/magyarorszag-kiemelkedo-termeszeti-ertekekkel-rendelkezik-8149706/
b352436284075a4e7b7a4036c35abaf5b0bb225ef434b4a39220fdab18d12d94,2024-11-14 04:21:46.456571+00:00,hu,boon.hu,boon.hu,2020-05-22,Nagy István: az Európai Bizottság stratégiája az európai mezőgazdaság jövőjét fenyegeti,https://boon.hu/gazdasag/hazai-gazdasag/nagy-istvan-az-europai-bizottsag-strategiaja-az-europai-mezogazdasag-jovojet-fenyegeti-4272999/
50da25318515aaff67b5782acaf88cfa8497e9c235128a6ca0756c19632f038d,2024-11-14 04:21:38.234316+00:00,hu,zaol.hu,zaol.hu,2020-05-22,Nagy István: az Európai Bizottság stratégiája az európai mezőgazdaság jövőjét fenyegeti,https://www.zaol.hu/gazdasag/hazai-gazdasag/nagy-istvan-az-europai-bizottsag-strategiaja-az-europai-mezogazdasag-jovojet-fenyegeti-4220946/
193b276f2377cc57ca91e38af7524cccd91f0888fd77eb5bd16c24c08fb2437c,2024-11-14 04:21:36.546650+00:00,hu,szoljon.hu,szoljon.hu,2020-05-22,Nagy István: az Európai Bizottság stratégiája az európai mezőgazdaság jövőjét fenyegeti,https://www.szoljon.hu/gazdasag/hazai-gazdasag/nagy-istvan-az-europai-bizottsag-strategiaja-az-europai-mezogazdasag-jovojet-fenyegeti-2387673/
8adc03c42ad1e5dd4bf878037499d9cc8c21e9f6553e0de683e440e5f650fad9,2024-11-14 04:21:36.105392+00:00,hu,duol.hu,duol.hu,2020-05-22,Nagy István: az Európai Bizottság stratégiája az európai mezőgazdaság jövőjét fenyegeti,https://www.duol.hu/gazdasag/hazai-gazdasag/nagy-istvan-az-europai-bizottsag-strategiaja-az-europai-mezogazdasag-jovojet-fenyegeti-3613062/
60c5e70a3683308934c10ab48702cf9900161e5c284ace67ff0defef9cc4901b,2024-11-14 04:20:00.162093+00:00,hu,haon.hu,haon.hu,2020-05-22,Nagy István: az Európai Bizottság stratégiája az európai mezőgazdaság jövőjét fenyegeti,https://haon.hu/gazdasag/hazai-gazdasag/nagy-istvan-az-europai-bizottsag-strategiaja-az-europai-mezogazdasag-jovojet-fenyegeti-4057944/
e493442b1f4a7133eb2a2f380f79b2d2c105d83493270595c642a17ba631437b,2024-11-14 04:19:50.090424+00:00,hu,szon.hu,szon.hu,2020-05-22,Nagy István: az Európai Bizottság stratégiája az európai mezőgazdaság jövőjét fenyegeti,https://szon.hu/gazdasag/hazai-gazdasag/nagy-istvan-az-europai-bizottsag-strategiaja-az-europai-mezogazdasag-jovojet-fenyegeti-3920721/
aaa5bcbfbb057dbedc1b087e587d23d319776169689ce5503a42628823b01860,2024-11-14 04:19:22.384058+00:00,hu,delmagyar.hu,delmagyar.hu,2020-05-22,Nagy István: az Európai Bizottság stratégiája az európai mezőgazdaság jövőjét fenyegeti,https://www.delmagyar.hu/gazdasag/hazai-gazdasag/nagy-istvan-az-europai-bizottsag-strategiaja-az-europai-mezogazdasag-jovojet-fenyegeti-6470445/?utm_source=rssfeed
b86a2d0b6a09eae63b3acc9a7b1d58c5bb76fcb9d2cdaba135f7c7e62978ac7f,2024-11-14 04:18:52.616538+00:00,hu,vg.hu,vg.hu,2020-05-22,"Nagy István: a mezőgazdaság halálos ítélete is lehet, ha Brüsszel végre hajtja a Green Deal rendelkezéseit",https://www.vg.hu/vallalatok/mezogazdasag/nagy-istvan-a-mezogazdasag-halalos-itelete-is-lehet-ha-brusszel-vegre-hajtja-a-green-deal-rendelkezeseit-2274117/
8ae5166e927b6e92244e2d7cdf2ba434927de3c66fe7760dce5a7c1d40f6d5ec,2024-11-14 04:18:49.375698+00:00,hu,beol.hu,beol.hu,2020-05-22,Nagy István: az Európai Bizottság stratégiája az európai mezőgazdaság jövőjét fenyegeti,https://www.beol.hu/gazdasag/hazai-gazdasag/nagy-istvan-az-europai-bizottsag-strategiaja-az-europai-mezogazdasag-jovojet-fenyegeti-2729001/
adec391dd9829ba0893e5d49fd7572735502e7172a8ff24d742457b90685bafa,2024-11-14 04:18:47.822857+00:00,hu,sonline.hu,sonline.hu,2020-05-22,Nagy István: az Európai Bizottság stratégiája az európai mezőgazdaság jövőjét fenyegeti,https://www.sonline.hu/gazdasag/hazai-gazdasag/nagy-istvan-az-europai-bizottsag-strategiaja-az-europai-mezogazdasag-jovojet-fenyegeti-2815944/
6fda4d3f445bc5490922210d7af4cb50e24c4baaa3e1417ea876febf15303f31,2024-11-14 04:18:39.586976+00:00,hu,kisalfold.hu,kisalfold.hu,2020-05-22,Nagy István: az Európai Bizottság stratégiája az európai mezőgazdaság jövőjét fenyegeti,https://www.kisalfold.hu/gazdasag/hazai-gazdasag/nagy-istvan-az-europai-bizottsag-strategiaja-az-europai-mezogazdasag-jovojet-fenyegeti-8817294/?utm_source=rssfeed
1056fbaa348dfb46813ab636d1b1ddc30f46e8f0e5c7cf4bab9f9154964e8367,2024-11-14 04:18:31.249059+00:00,hu,vaol.hu,vaol.hu,2020-05-22,Nagy István: az Európai Bizottság stratégiája az európai mezőgazdaság jövőjét fenyegeti,https://www.vaol.hu/gazdasag/hazai-gazdasag/nagy-istvan-az-europai-bizottsag-strategiaja-az-europai-mezogazdasag-jovojet-fenyegeti-3996312/
7bb44c4eaf99cd54eaf4f22fc5f54752425feeffd2074cfabec6053c5c4547e0,2024-11-14 04:18:02.497567+00:00,hu,heol.hu,heol.hu,2020-05-22,Nagy István: az Európai Bizottság stratégiája az európai mezőgazdaság jövőjét fenyegeti,https://www.heol.hu/gazdasag/hazai-gazdasag/nagy-istvan-az-europai-bizottsag-strategiaja-az-europai-mezogazdasag-jovojet-fenyegeti-2476152/
79ffe255af8435492184db8fa971188e0aaa91303c6a11ebc827bc61f1b586cb,2024-11-14 04:17:41.738789+00:00,hu,feol.hu,feol.hu,2020-05-22,Nagy István: az Európai Bizottság stratégiája az európai mezőgazdaság jövőjét fenyegeti,https://www.feol.hu/gazdasag/hazai-gazdasag/nagy-istvan-az-europai-bizottsag-strategiaja-az-europai-mezogazdasag-jovojet-fenyegeti-4021683/
6684001e4c87bee4b986690630e09091942e514ee2ed28954a1f9d2a6fd2a707,2024-11-14 04:17:18.169582+00:00,hu,bama.hu,bama.hu,2020-05-22,Nagy István: az Európai Bizottság stratégiája az európai mezőgazdaság jövőjét fenyegeti,https://www.bama.hu/gazdasag/hazai-gazdasag/nagy-istvan-az-europai-bizottsag-strategiaja-az-europai-mezogazdasag-jovojet-fenyegeti-2517867/
a01354609b95f770c3448b2e5307eed7e2f63ff52c67d23285c3b97444379e0e,2024-11-14 04:17:10.705980+00:00,hu,teol.hu,teol.hu,2020-05-22,Nagy István: az Európai Bizottság stratégiája az európai mezőgazdaság jövőjét fenyegeti,https://www.teol.hu/gazdasag/hazai-gazdasag/nagy-istvan-az-europai-bizottsag-strategiaja-az-europai-mezogazdasag-jovojet-fenyegeti-2435067/
095ea4de23f764c6196a2254a8aa400dcbd28596401aa32d21aebae31532a8c2,2024-11-14 04:17:04.846147+00:00,hu,baon.hu,baon.hu,2020-05-22,Nagy István: az Európai Bizottság stratégiája az európai mezőgazdaság jövőjét fenyegeti,https://www.baon.hu/gazdasag/hazai-gazdasag/nagy-istvan-az-europai-bizottsag-strategiaja-az-europai-mezogazdasag-jovojet-fenyegeti-2699814/
9f94b4d5b2f799b40edf37e5a0662168d5f2403d13d5b9da2433c587409fde4f,2024-11-14 04:16:57.767334+00:00,hu,veol.hu,veol.hu,2020-05-22,Nagy István: az Európai Bizottság stratégiája az európai mezőgazdaság jövőjét fenyegeti,https://www.veol.hu/gazdasag/hazai-gazdasag/nagy-istvan-az-europai-bizottsag-strategiaja-az-europai-mezogazdasag-jovojet-fenyegeti-3794688/
e39a62178d471e2849442b9f4145a0abab51d0722b02bbf98ef7a90894383b90,2024-11-14 04:15:19.455321+00:00,hu,hirtv.hu,hirtv.hu,2020-05-22,Varga Judit: A kormány a valódi munkában hisz,http://hirtv.hu/ahirtvhirei/varga-judit-a-kormany-a-valodi-munkaban-hisz-2501935?utm_source=feed&utm_medium=rss
ba9170008835fbe661b004452acc866707c1f7fbb1c26a20dd59c5a0fe60a5ce,2024-11-14 04:15:19.329826+00:00,hu,hirtv.hu,hirtv.hu,2020-05-22,Jobbik: Varga-Damm a becstelenséget választotta,http://hirtv.hu/ahirtvhirei/jobbik-varga-damm-a-becstelenseget-valasztotta-2501934?utm_source=feed&utm_medium=rss
728aa271f5803d72e06e039364a85c0c7be331168547253ecf2561d78d4ff189,2024-11-14 04:15:19.295105+00:00,hu,hirtv.hu,hirtv.hu,2020-05-22,Lakott területre zuhant egy utasszállító repülőgép Pakisztánban,http://hirtv.hu/hirtvkulfold/lezuhant-egy-utasszallito-repulogep-pakisztanban-2501933?utm_source=feed&utm_medium=rss
d788f1db0134fe604c85263fbb3c8acf81227d97c562c4c82b777140c8ae76ac,2024-11-14 04:15:19.268459+00:00,hu,hirtv.hu,hirtv.hu,2020-05-22,Apáti Bence: Bocsánatkérés a javából…,http://hirtv.hu/apati_bence_blogja/apati-bence-bocsanatkeres-a-javabol-2501931?utm_source=feed&utm_medium=rss
f8094383ea83a4c7866b3aae792fffe44165bd7fa8d7fda419439392e7277675,2024-11-14 04:15:19.251950+00:00,hu,hirtv.hu,hirtv.hu,2020-05-22,Fidesz: A kormány tegyen további lépéseket az egyszer használatos műanyagok betiltásáért!,http://hirtv.hu/ahirtvhirei/fidesz-a-kormany-tegyen-tovabbi-lepeseket-az-egyszer-hasznalatos-muanyagok-betiltasaert-2501932?utm_source=feed&utm_medium=rss
db62548c61b5ebc0dc57d55ead4f977a77e8f1d9a4ab3c535c4fa7a6f06dbce5,2024-11-14 04:15:19.200851+00:00,hu,hirtv.hu,hirtv.hu,2020-05-22,Fővárosi Fidesz: Karácsony nem mond igazat,http://hirtv.hu/ahirtvhirei/fovarosi-fidesz-karacsony-nem-mond-igazat-2501928?utm_source=feed&utm_medium=rss
f908a0dbd972d2a66a699e01fc61503d580a6089eb1babcda7059cbab0d58a8f,2024-11-14 04:15:19.100742+00:00,hu,hirtv.hu,hirtv.hu,2020-05-22,Rendőröket bántalmaznak a migránsok Brüsszelben,http://hirtv.hu/hirtvkulfold/rendoroket-bantalmaznak-a-migransok-brusszelben-2501929?utm_source=feed&utm_medium=rss
ee6960d80f480dd3d91295efccdba22299aa58bbcc1fe28fc9e73c1cd106112d,2024-11-14 04:15:19.027979+00:00,hu,hirtv.hu,hirtv.hu,2020-05-22,Új GPS készülékeket kapott az Országos Mentőszolgálat,http://hirtv.hu/ahirtvhirei/uj-gps-keszulekeket-kapott-az-orszagos-mentoszolgalat-2501927?utm_source=feed&utm_medium=rss
d6f1c7b8b6065c9545f9252b2489ba65e461b42fe55c802e01cfde97a51c314a,2024-11-14 04:15:18.934235+00:00,hu,hirtv.hu,hirtv.hu,2020-05-22,Ripost: Egy dolgozó terjeszthette a vírust a Pesti Úti Idősek Otthonában,http://hirtv.hu/ahirtvhirei/ripost-egy-dolgozo-terjeszthette-a-virust-a-pesti-uti-idosek-otthonaban-2501923?utm_source=feed&utm_medium=rss
20ca38425cce609ce66f5a785d9432dca7bd2a91a0bf7687110160428186b867,2024-11-14 04:15:18.924184+00:00,hu,hirtv.hu,hirtv.hu,2020-05-22,Izer Norbert: Magyarország a vírussal szembeni első fordulót megnyerte,http://hirtv.hu/ahirtvhirei/izer-norbert-magyarorszag-a-virussal-szembeni-elso-fordulot-megnyerte-2501924?utm_source=feed&utm_medium=rss
c6cbbd769408856e612951221596746135de0981f30a5764fac25d61629e3483,2024-11-14 04:15:18.912811+00:00,hu,hirtv.hu,hirtv.hu,2020-05-22,Véget értek az írásbeli érettségi vizsgák,http://hirtv.hu/ahirtvhirei/veget-ertek-az-irasbeli-erettsegi-vizsgak-2501922?utm_source=feed&utm_medium=rss
79f9252b2008e3d2f84fed46dd3b081354fc5574e001cfafdb10e91c6550a257,2024-11-14 04:15:18.880872+00:00,hu,hirtv.hu,hirtv.hu,2020-05-22,Törvénytelenül gazdálkodott a DK,http://hirtv.hu/ahirtvhirei/torvenytelenul-gazdalkodott-a-dk-2501920?utm_source=feed&utm_medium=rss
40aa89398edf0df41972e4e160c8b4b95e9bcf81f2441e8152d8757662e86f8f,2024-11-14 04:15:18.805200+00:00,hu,hirtv.hu,hirtv.hu,2020-05-22,FBI: Terrorista merénylet történt a texasi katonai támaszponton,http://hirtv.hu/hirtvkulfold/fbi-terrorista-merenylet-tortent-a-texasi-katonai-tamaszponton-2501912?utm_source=feed&utm_medium=rss
40a0c3c24bb7ddc5b6c0ebcce332d87092faec7523eee58c3e65795a98fe3c25,2024-11-14 04:15:18.787119+00:00,hu,hirtv.hu,hirtv.hu,2020-05-22,Ezer maszkot kapott a Semmelweis Egyetem,http://hirtv.hu/ahirtvhirei/ezer-maszkot-kapott-a-semmelweis-egyetem-2501913?utm_source=feed&utm_medium=rss
c106013f9034384f62bd4ab310e18828c07afc1f69d3323fb23e4f0a72264194,2024-11-14 04:15:18.714085+00:00,hu,hirtv.hu,hirtv.hu,2020-05-22,Világgazdaság: A fővárosi plázák látogatószáma heteken belül elérheti a korábbi szintet,http://hirtv.hu/hirtv_gazdasagi_hirei/vilaggazdasag-a-fovarosi-plazak-latogatoszama-heteken-belul-elerheti-a-korabbi-szintet-2501911?utm_source=feed&utm_medium=rss
594412019a65406d19cb75cef9a42d889dae75353f427c9551f363317ba74c19,2024-11-14 04:15:18.713485+00:00,hu,hirtv.hu,hirtv.hu,2020-05-22,A Bajcsy-kórházra hárítaná a felelősséget a főpolgármester,http://hirtv.hu/ahirtvhirei/a-bajcsy-korhazra-haritana-a-felelosseget-a-fopolgarmester-2501914?utm_source=feed&utm_medium=rss
c72b1db05ebf3c72217a45c10b6caea6a9f1c9ddac2e2f1f362d0a27044e737b,2024-11-14 04:15:18.623903+00:00,hu,hirtv.hu,hirtv.hu,2020-05-22,"Két embert megöltek Budapesten, a Deák téren egy verekedésben",http://hirtv.hu/ahirtvhirei/ket-embert-megoltek-budapesten-a-deak-teren-egy-verekedesben-2501907?utm_source=feed&utm_medium=rss
59f66d06faf7dfa7bb4c59ac591b3dba0978a79c2d678f7fe2122aff51d0c7d5,2024-11-14 04:15:18.621895+00:00,hu,hirtv.hu,hirtv.hu,2020-05-22,3678 főre nőtt a beazonosított fertőzöttek száma és elhunyt 3 idős krónikus beteg,http://hirtv.hu/ahirtvhirei/3678-fore-nott-a-beazonositott-fertozottek-szama-es-elhunyt-3-idos-kronikus-beteg-2501909?utm_source=feed&utm_medium=rss
1a4ddf09c6adba0c41fb882a00b7e03dc4ebef4e9cbe60626746484340b31b08,2024-11-14 04:10:05.564476+00:00,hu,hirtv.hu,hirtv.hu,2020-05-22,Palkovics: zavartalan a Zalazone járműipari tesztpálya építése,http://hirtv.hu/ahirtvhirei/palkovics-zavartalan-a-zalazone-jarmuipari-tesztpalya-epitese-2501940?utm_source=feed&utm_medium=rss
0198acefe6d9e9134749bb9e0f684a48aa561a400a0fac311e4d6d26fe6bc9cf,2024-11-14 04:10:05.534992+00:00,hu,hirtv.hu,hirtv.hu,2020-05-22,Veszélyes a brüsszeli forgatókönyv,http://hirtv.hu/ahirtvhirei/veszelyes-a-brusszeli-forgatokonyv-2501939?utm_source=feed&utm_medium=rss
62b261d88595340999c4b46dfa28966919cc5922459a0bed1376e8bccd3e3370,2024-11-14 04:10:05.478885+00:00,hu,hirtv.hu,hirtv.hu,2020-05-22,Nincs túlélője a pakisztáni repülőgép-szerencsétlenségnek,http://hirtv.hu/hirtvkulfold/nincs-tuleloje-a-pakisztani-repulogep-szerencsetlensegnek-2501933?utm_source=feed&utm_medium=rss
fb7680f674254d71365d24901cfa9cb51f9aa8e27b88fe779297f4f8fce58336,2024-11-14 04:05:02.302183+00:00,hu,hirtv.hu,hirtv.hu,2020-05-22,Egy napja töltötte be 18. életévét a feltételezett Deák téri késelő,http://hirtv.hu/ahirtvhirei/egy-napja-toltotte-be-18-eletevet-a-feltetelezett-deak-teri-keselo-2501943?utm_source=feed&utm_medium=rss
cfa5b64a68eaf6d6b1918c40f51ed4a7a2a92a97b82d4a16afec4137444e5d33,2024-11-14 04:04:02.273504+00:00,hu,infostart.hu,infostart.hu,2020-05-22,Az Agrárminisztérium szerint az európai mezőgazdaság halálos ítélete lehet a Green Deal,https://infostart.hu/gazdasag/2020/05/22/az-agrarminiszterium-szerint-az-europai-mezogazdasag-halalos-itelete-is-lehet-a-green-deal
fe395362f1881351896caade36a725018f5eb11cb8f4b3ed5984624ae2e8face,2024-11-14 03:59:54.740627+00:00,hu,hirtv.hu,hirtv.hu,2020-05-22,Tiltakozik a pécsi Fidesz az óvodák több száz milliós elvonása ellen,http://hirtv.hu/ahirtvhirei/tiltakozik-a-pecsi-fidesz-az-ovodak-tobb-szaz-millios-elvonasa-ellen-2501944?utm_source=feed&utm_medium=rss
428530a758e969bd491013d84038c610d58eb402f928d6ec760b6c8cd4cfe962,2024-11-14 03:59:54.689011+00:00,hu,hirtv.hu,hirtv.hu,2020-05-22,Terrortámadás Texasban,http://hirtv.hu/hirtvkulfold/terrortamadas-texas-ban-2501942?utm_source=feed&utm_medium=rss
4401dcc9257b95e0231fce13229b5c70b76a23da2b840f968700e105dd4ba357,2024-11-14 03:59:54.685365+00:00,hu,hirtv.hu,hirtv.hu,2020-05-22,Varga Mihály: A bankrendszer stabil,http://hirtv.hu/ahirtvhirei/varga-mihaly-a-bankrendszer-stabil-2501941?utm_source=feed&utm_medium=rss
631924f90a87008be8891fc9b3d9c87a449822e6e55d30928581508af886604d,2024-11-14 03:54:52.777354+00:00,hu,hirtv.hu,hirtv.hu,2020-05-22,Hidvéghi Balázs a nemzetközi sajtóban megvédte a kormányt és annak döntéseit,http://hirtv.hu/hirtvkulfold/hidveghi-balazs-a-nemzetkozi-sajtoban-megvedte-a-kormanyt-es-annak-donteseit-2501948?utm_source=feed&utm_medium=rss
35c9ba5d5f6e902ffb9eba7d55159422e79ab2582be9c474bdd76ed44f3090e8,2024-11-14 03:54:52.694190+00:00,hu,hirtv.hu,hirtv.hu,2020-05-22,Már látogathatók a fertődi Esterházy-kastély parkjai,http://hirtv.hu/kultura/mar-latogathatok-a-fertodi-esterhazy-kastely-parkjai-2501945?utm_source=feed&utm_medium=rss
d64010928e6ea971b33f9d8d29378e825331a6476b80ffd736db3e738d122bb1,2024-11-14 03:49:51.389693+00:00,hu,hirtv.hu,hirtv.hu,2020-05-22,Jelentősen csökkent az elhunytak száma Belgiumban,http://hirtv.hu/hirtvkulfold/jelentosen-csokkent-az-elhunytak-szama-belgiumban-2501949?utm_source=feed&utm_medium=rss
d3d920fa0e5e05a771f37192b2455ccb9df6d5b9b9db1de6ca0fda33af974d96,2024-11-14 03:49:49.867576+00:00,hu,hirtv.hu,hirtv.hu,2020-05-22,A baloldal a járvány kezdete óta akadályozza a védekezést,http://hirtv.hu/ahirtvhirei/a-baloldal-a-jarvany-kezdete-ota-akadalyozza-a-vedekezest-2501950?utm_source=feed&utm_medium=rss
e8027e6c8a5aad6356188289f9499bc26144a5e21a844bfca34d4979b155de3c,2024-11-14 03:49:49.844290+00:00,hu,hirtv.hu,hirtv.hu,2020-05-22,Több tucat migráns érkezett Leszboszra,http://hirtv.hu/hirtvkulfold/tobb-tucat-migrans-erkezett-leszboszra-2501952?utm_source=feed&utm_medium=rss
03fddbb9e7d0c39fa37a9aca33cbc287f97b4c39de95723c7ac2fc2561b08763,2024-11-14 03:44:58.313294+00:00,hu,hirtv.hu,hirtv.hu,2020-05-22,Bocsánatkérésre szólítja fel a DK-t a CÖF,http://hirtv.hu/ahirtvhirei/bocsanatkeresre-szolitja-fel-a-dk-t-a-cof-2501954?utm_source=feed&utm_medium=rss
ca7e58f4c3932061e64e839a022ffbb54c6d7597013086f469d0df016f0b99d7,2024-11-14 03:44:58.242971+00:00,hu,hirtv.hu,hirtv.hu,2020-05-22,Zöldövezet: Napi 24 órás ügyelet az állatokért Mályin,http://hirtv.hu/ahirtvhirei/zoldovezet-napi-24-oras-ugyelet-az-allatokert-malyin-2501951?utm_source=feed&utm_medium=rss
345716e9a49e804807a14b736b1c286f32e995da3735f7f97af56f389c91aa02,2024-11-14 03:40:00.419666+00:00,hu,hirtv.hu,hirtv.hu,2020-05-22,SZTE: Védekezéshez szükséges eszközök 840 millió forint értékben,http://hirtv.hu/ahirtvhirei/szte-vedekezeshez-szukseges-eszkozok-840-millio-forint-ertekben-2501961?utm_source=feed&utm_medium=rss
52371d253a838ae70872eb762d901d124aed63dc801a09050581c32d923730cd,2024-11-14 03:40:00.402702+00:00,hu,hirtv.hu,hirtv.hu,2020-05-22,Fákat vágatott ki Pikó András a VIII. kerületben,http://hirtv.hu/ahirtvhirei/fakat-vagatott-ki-piko-andras-a-viii-keruletben-2501960?utm_source=feed&utm_medium=rss
0e02ef6c9ab9e34638ee71659bb3f962d5768a79131e476eb5b55ad720fad984,2024-11-14 03:40:00.289541+00:00,hu,hirtv.hu,hirtv.hu,2020-05-22,Folyamatosan járőröznek a szerb katonák,http://hirtv.hu/hirtvkulfold/folyamatosan-jaroroznek-a-szerb-katonak-2501959?utm_source=feed&utm_medium=rss
bdf18bfe5a2416ee5e437864e10afa89347d8e0a554b9226e1b53e0af864b599,2024-11-14 03:40:00.189709+00:00,hu,hirtv.hu,hirtv.hu,2020-05-22,Megérkezett az utolsó berendezés is,http://hirtv.hu/ahirtvhirei/megerkezett-az-utolso-berendezes-is-2501958?utm_source=feed&utm_medium=rss
16d401409b99781aba2268e0e2f624f532e39534daf1e2033c584123f7f214ee,2024-11-14 03:40:00.067657+00:00,hu,hirtv.hu,hirtv.hu,2020-05-22,Gyurcsányt többször is kezelte Kásler Miklós,http://hirtv.hu/ahirtvhirei/gyurcsanyt-tobbszor-is-kezelte-kasler-miklos-2501957?utm_source=feed&utm_medium=rss
3c571f853b38941dbf400484d375f2599b13317e9a7fd69c24f37903d3996b5c,2024-11-14 03:40:00.005114+00:00,hu,hirtv.hu,hirtv.hu,2020-05-22,Új pihenőparkot adtak át Budapest XII. kerületében,http://hirtv.hu/ahirtvhirei/uj-pihenoparkot-adtak-at-budapest-xii-keruleteben-2501956?utm_source=feed&utm_medium=rss
2627bd9a3f875ead04bc5f1486f85622c028c2bd2fdfbcc3a901dc64242ac323,2024-11-14 03:39:59.933399+00:00,hu,hirtv.hu,hirtv.hu,2020-05-22,György László: Júniusban indulhat a Zöld Nemzeti Bajnokok Program,http://hirtv.hu/ahirtvhirei/gyorgy-laszlo-juniusban-indulhat-a-zold-nemzeti-bajnokok-program-2501955?utm_source=feed&utm_medium=rss
1f6fbd9eda12fa2032e3966551c5abc1272d9197c350a4f169f055baeddbd79f,2024-11-14 03:34:09.205859+00:00,hu,hirtv.hu,hirtv.hu,2020-05-22,Kim Dzsong Un újabb három hete nem jelent meg a nyilvánosság előtt,http://hirtv.hu/hirtvkulfold/kim-dzsong-un-ujabb-harom-hete-nem-jelent-meg-a-nyilvanossag-elott-2501962?utm_source=feed&utm_medium=rss
3dad7bd87930ed3a13d2dfa5c7f695a20b013b575db3531a15c5a6e1ccbcbb83,2024-11-14 03:34:09.203611+00:00,hu,hirtv.hu,hirtv.hu,2020-05-22,Nézzük a pluszt és nézzük a mínuszt,http://hirtv.hu/plusz-minusz/nezzuk-a-pluszt-es-nezzuk-a-minuszt-2501963?utm_source=feed&utm_medium=rss
7c2d229ed7ea346b1c1992420977161f8b263e6e495223d6640b89ad0ac96eba,2024-11-14 03:28:39.429387+00:00,hu,hirtv.hu,hirtv.hu,2020-05-22,Hat terroristát likvidáltak Dagesztánban,http://hirtv.hu/hirtvkulfold/hat-terroristat-likvidaltak-dagesztanban-2501966?utm_source=feed&utm_medium=rss
28fdfb8d9311835031a17a4e87f4c6777129aa4b2ca09ce9e56d3e368a62a0f8,2024-11-14 03:28:39.186203+00:00,hu,hirtv.hu,hirtv.hu,2020-05-22,Orbán: Egész Európára veszélyes döntést hoztak az Európai Bíróságon,http://hirtv.hu/ahirtvhirei/orban-egesz-europara-veszelyes-dontest-hoztak-az-europai-birosagon-2501965?utm_source=feed&utm_medium=rss
e46bbce098c5517fc6792b02d92e4b54d2330cc9103b71dda114dcf9f3dd1016,2024-11-14 03:23:50.876070+00:00,hu,hirtv.hu,hirtv.hu,2020-05-22,"Bodnár Attila: Nincs ellentmondás, csak ismerniük kellene amiről beszélnek",http://hirtv.hu/magyarorszageloben/dr-bodnar-attila-nincs-ellentmondas-csak-ismerniuk-kellene-amirol-beszelnek-2501969?utm_source=feed&utm_medium=rss
c0ba711ad8f1c7671f097439257a3c150a3dee22f1e78198d144f1027048d23b,2024-11-14 03:23:50.679262+00:00,hu,hirtv.hu,hirtv.hu,2020-05-22,Két hónap alatt több mint 403 ezer munkahely szűnt meg Romániában,http://hirtv.hu/hirtv_gazdasagi_hirei/ket-honap-alatt-tobb-mint-403-ezer-munkahely-szunt-meg-romaniaban-2501967?utm_source=feed&utm_medium=rss
02dfd1365c77b7333d55c90b0d99bf6a20f1cd3765d208c755c3d9edfd38b267,2024-11-14 03:10:37.549710+00:00,hu,hirtv.hu,hirtv.hu,2020-05-22,Bakondi György: Tranzitzónák nélkül is marad a szigorú határőrizet,http://hirtv.hu/magyarorszageloben/bakondi-gyorgy-tranzitzonak-nelkul-is-marad-a-szigoru-hatarorizet-2501977?utm_source=feed&utm_medium=rss
6718d6a8354405cee95bc3e223766f4be654dd2cb1e43d2ae77ae4e4f8bb3248,2024-11-14 03:10:37.494615+00:00,hu,hirtv.hu,hirtv.hu,2020-05-22,WHO: Dél-Amerika lett a járvány új gócpontja,http://hirtv.hu/hirtvkulfold/who-del-amerika-lett-a-jarvany-uj-gocpontja-2501976?utm_source=feed&utm_medium=rss
c57ec8a2a4005a4e5ac0bc24aab13dc3f67b851a9c7965e8bde5ffb3a4903294,2024-11-14 03:10:37.411848+00:00,hu,hirtv.hu,hirtv.hu,2020-05-22,Szécsi Zoltán: Szó szerint életmentés történt,http://hirtv.hu/hirtvsport/szecsi-zoltan-szo-szerint-eletmentes-tortent-2501974?utm_source=feed&utm_medium=rss
32ba13f9e0e4f60092276ed3a5671d9956fdaed62f41b2332f6e6c9eac7103c4,2024-11-14 03:10:37.395740+00:00,hu,hirtv.hu,hirtv.hu,2020-05-22,Elhunyt a Ghymes együttes billentyűse,http://hirtv.hu/kultura/elhunyt-a-ghymes-egyuttes-billentyuse-2501972?utm_source=feed&utm_medium=rss
7d3a9393e67b134a9c4a7ea29c5139422692b92a77a47e4c6b3b2bf691db7179,2024-11-14 02:47:35.066903+00:00,hu,hirtv.hu,hirtv.hu,2020-05-22,"Elhunyt Sitku Ernő, 149-szeres válogatott kosárlabdázó",http://hirtv.hu/hirtvsport/elhunyt-sitku-erno-149-szeres-valogatott-kosarlabdazo-2501983?utm_source=feed&utm_medium=rss
51e0d0891e7a556f19c14dd3596ee39d3b941716b574269c631947a18b2e1b95,2024-11-14 00:53:38.173282+00:00,hu,blikk.hu,blikk.hu,2020-05-23,Döbbenet: egymillió állat- és növényfajt fenyeget a kipusztulás veszélye,https://www.blikk.hu/aktualis/kulfold/dobbenet-egymillio-allat-es-novenyfajt-fenyeget-a-kipusztulas-veszelye/qlwxbzh
93016335f198dd9d8e99950fee0d5cda4fa67dad97f424e7bc88dc9bcca07d84,2024-11-14 00:02:25.814232+00:00,hu,infostart.hu,infostart.hu,2020-05-24,"Duplán fog fájni a Föld élőlényeinek most zajló, hatodik kihalása",https://infostart.hu/tudomany/2020/05/24/az-emberiseg-ugy-el-mintha-17-fold-allna-a-rendelkezesere
b58b71e861bcec2285e36277f9b471baba70f58093e5b39fc0f273525bca29f6,2024-11-12 23:22:55.764887+00:00,hu,ripost.hu,ripost.hu,2024-11-12,Orbán Viktor: A józan ész vezérelte klímapolitikára van szükség,https://ripost.hu/politik/2024/11/orban-viktor-a-jozan-esz-vezerelte-klimapolitikara-van-szukseg
983c3626f16ec8593c823d7def109acef75c1746b5256264c0063d0256b868f8,2024-11-12 23:21:41.970239+00:00,hu,magyarnemzet.hu,magyarnemzet.hu,2020-06-02,Veszélyben a biológiai sokféleség,https://magyarnemzet.hu/belfold/veszelyben-a-biologiai-sokfeleseg-8189123/
20e41c2307a63210a7b176a97281783aee06c2a1659e13d57f6fe3914db8deda,2024-11-12 17:41:35.054043+00:00,hu,szon.hu,szon.hu,2020-06-04,Teljesíthetetlenek a célok,https://szon.hu/gazdasag/helyi-gazdasag/teljesithetetlenek-a-celok-3950907/
ebc1fd941d6fbeea5bc8f4b061c6ed84b48d4babf0d403a5f0bb6dc8171c935b,2024-11-12 17:31:20.226706+00:00,hu,magyarkurir.hu,magyarkurir.hu,2024-11-12,A világ vallási vezetői is tanácskoztak Bakuban az ENSZ-csúcs előtt,https://www.magyarkurir.hu/hirek/a-vilag-vallasi-vezetoi-is-tanacskoztak-bakuban-az-ensz-csucs-elott
c4df34c8a8bb276a05685855040824ff8d12a1d73cbe2ef89945d651e8d2bdbb,2024-11-12 16:57:24.608025+00:00,hu,blikk.hu,blikk.hu,2020-06-05,Ezzel is támogatják a kiszolgáltatott nőket,https://www.blikk.hu/eletmod/tippek/150-millio-euroval-tamogatja-a-vallalat-a-kiszolgaltatott-noket-es-a-kornyezet/5phlgyk
5ec4cdf90f6fdc5516dde16c546376b6b41bab5d2a02575c5a48d6f2297525d7,2024-11-12 16:17:49.017451+00:00,hu,hvg.hu,hvg.hu,2020-06-05,Eddig kudarcot vallott az EU agrárpolitikája a biológiai sokféleség megőrzésében,http://hvg.hu/gazdasag.zhvg/20200605_Eddig_kudarcot_vallott_az_EU_agrarpolitikaja_a_biologiai_sokfeleseg_megorzeseben#rss
d956639eb4b381e3271ba06532e66ad395a0553cc7313337c8aa6c5bd0d0596f,2024-11-12 14:29:17.343948+00:00,hu,index.hu,index.hu,2020-06-06,"Mondjunk búcsút a nagy, öreg fáknak",https://index.hu/techtud/2020/06/06/mondjunk_bucsut_a_nagy_oreg_faknak/
7eb4b3ee69c0c4fc11208a0ff28179b482d76e0ea813db1fa99742b82102163f,2024-11-12 13:53:40.141660+00:00,hu,24.hu,24.hu,2020-06-07,"Európa 30 milliárd eurót áldoz a természetre, ha elfogadjuk",https://24.hu/tudomany/2020/06/07/eu-biodiverzitas-farm-to-fork-mezogazdasag-strategia-baldi-andras-okologia/
afcd6011b6c903ea9b143f6d3c543459f508304a66a5dda522f6227ab8b66120,2024-11-12 13:27:35.737029+00:00,hu,boon.hu,boon.hu,2020-06-07,Natura 2000 díjas lehet a Bükki Nemzeti Park projektje,https://boon.hu/eletstilus/helyi-eletstilus/natura-2000-dijas-lehet-a-bukki-nemzeti-park-projektje-4309533/
2739ea743d16d0febf7124c142efa6f4e1e3c8f1658226fa9704a5c9ad5b5a25,2024-11-12 11:16:06.971574+00:00,hu,24.hu,24.hu,2020-06-09,"Az erdők nélkül elpusztulnak a beporzók, mi pedig éhen halunk",https://24.hu/tudomany/2020/06/09/erdo-beporzok-mehek-biodiverzitas-kornyezet/
4d177faf98493468b9a1bb4a0d8d473131f53d9689b7823340237f63efeb30e4,2024-11-12 07:23:07.837744+00:00,hu,vg.hu,vg.hu,2020-06-11,Lehetséges a kék fellendülés,https://www.vg.hu/velemeny/elemzes/lehetseges-a-kek-fellendules-2-2315010/
9d0a99de1b1ac673677deeffad5986e902d9a8d1800c211e566f16921a37774a,2024-11-12 07:13:17.239329+00:00,hu,hvg.hu,hvg.hu,2020-06-11,Megelőzné a következő járványt? Mondjon le a pálmaolajról!,http://hvg.hu/elet/20200611_Okologus_uj_normalis_aszalos_reka_biodiverzitas_kornyezetvedelem#rss
444764e2dce2402a3fd7ef10e5e48571bd62372b062a561dfd29cc78d41ae022,2024-11-12 03:22:58.092906+00:00,hu,pestisracok.hu,pestisracok.hu,2020-06-14,Ezt nem gondoltuk volna az agrárminiszterről! – valamiért nagyon rajong!,https://pestisracok.hu/ezt-nem-gondoltuk-volna-az-agrarminiszterrol-valamiert-nagyon-rajong/?utm_source=rss&utm_medium=rss&utm_campaign=ezt-nem-gondoltuk-volna-az-agrarminiszterrol-valamiert-nagyon-rajong
1b009a7b84b312dbc6c23475d8627fbfc18a4686418718fb60757f352246c902,2024-11-12 02:42:53.139972+00:00,hu,index.hu,index.hu,2020-06-15,"Ahol luxus van, ott az élővilág is jómódban él",https://index.hu/techtud/2020/06/15/ahol_luxus_van_ott_az_elovilag_is_jomodu/
6728bdb9330610401359b723470cec65bf4e89f2a53cb3db6dd533cf2dee78d1,2024-11-12 02:34:35.379648+00:00,hu,hvg.hu,hvg.hu,2020-06-15,Gazdagabb környékeken nagyobb a biológiai sokféleség,http://hvg.hu/gazdasag.zhvg/20200615_Gazdagabb_kornyekeken_kulonosen_a_szaraz_videkeken_nagyobb_a_biologiai_sokfeleseg#rss
d0a2c57e0e01466728e2de53527a466032e2e0034e54d86717e7f137a0e4fa25,2024-11-12 02:29:12.267699+00:00,hu,nepszava.hu,nepszava.hu,2020-06-15,Gazdagabb környéken változatosabb az élővilág,https://nepszava.hu/3081637_gazdagabb-kornyeken-valtozatosabb-az-elovilag
34b237989d6188ce675377c541443dfc2b37735935b09aec223d8e005da89baf,2024-11-12 01:47:59.061635+00:00,hu,infostart.hu,infostart.hu,2020-06-15,Luxushatás-mintázatot tártak fel a kutatók,https://infostart.hu/tudomany/2020/06/15/nagyobb-a-biologiai-sokfeleseg-a-varosok-jomodu-kornyekein
bf5fe5f1b3cecd469bb8662d494eafeea40020c2fa548f29385559d7bfc94511,2024-11-12 00:55:46.109986+00:00,hu,hvg.hu,hvg.hu,2020-06-16,Minierdőkkel küzdenének Európában a klímaváltozás ellen,http://hvg.hu/gazdasag.zhvg/20200616_minierdo_erdo_faultetes_europa_miyawaki_klimavaltozas#rss
c62264e51741a703b2a429da402600a113c7c965a8986db7076fc82970900e97,2024-11-12 00:50:30.291130+00:00,hu,haon.hu,haon.hu,2020-06-16,"Megállapították, a városok mely részein nagyobb a biológiai sokféleség",https://haon.hu/eletstilus/megallapitottak-a-varosok-mely-reszein-nagyobb-a-biologiai-sokfeleseg-4121646/
ebc092f824f84609e8b6a4f47796fc568bc55bf4d586da77220e6aa4ee5090aa,2024-11-12 00:50:17.590985+00:00,hu,infostart.hu,infostart.hu,2020-06-16,Alaptörvény-ellenes az erdőtörvény 2017-es módosítása,https://infostart.hu/belfold/2020/06/16/megsemmisitette-az-alkotmanybirosag-az-erdotorveny-2017-es-modositasanak-tobb-rendelkezeset
d61f987822502df50b73df087e2cbb445d491ccc61199748c85a668ee6ef3da6,2024-11-12 00:50:13.939653+00:00,hu,boon.hu,boon.hu,2020-06-16,"Megállapították, a városok mely részein nagyobb a biológiai sokféleség",https://boon.hu/eletstilus/megallapitottak-a-varosok-mely-reszein-nagyobb-a-biologiai-sokfeleseg-4334400/
0b44f0a5dbc7c5703da0a5cbad4b85eb9d8020aab91c09ae5e517c5a1cb5ab36,2024-11-12 00:49:59.539216+00:00,hu,duol.hu,duol.hu,2020-06-16,"Megállapították, a városok mely részein nagyobb a biológiai sokféleség",https://www.duol.hu/eletstilus/megallapitottak-a-varosok-mely-reszein-nagyobb-a-biologiai-sokfeleseg-3659280/
d96b715054c80ae3fca4798474a1b2110ed7e8a8677d8f5d93986a8b1478000b,2024-11-12 00:49:56.618456+00:00,hu,veol.hu,veol.hu,2020-06-16,"Megállapították, a városok mely részein nagyobb a biológiai sokféleség",https://www.veol.hu/eletstilus/megallapitottak-a-varosok-mely-reszein-nagyobb-a-biologiai-sokfeleseg-3848262/
29fa1f7b0424381c62e7d8ff8ac711e730ee0fa58eaa493097a0065fa50bb2fb,2024-11-12 00:49:48.455888+00:00,hu,szon.hu,szon.hu,2020-06-16,"Megállapították, a városok mely részein nagyobb a biológiai sokféleség",https://szon.hu/eletstilus/megallapitottak-a-varosok-mely-reszein-nagyobb-a-biologiai-sokfeleseg-3977955/
470f22671ec3958ae44e34a68d7c3193345c4a3d81af74cf648dd813a0217c56,2024-11-12 00:49:47.859681+00:00,hu,bama.hu,bama.hu,2020-06-16,"Megállapították, a városok mely részein nagyobb a biológiai sokféleség",https://www.bama.hu/eletstilus/megallapitottak-a-varosok-mely-reszein-nagyobb-a-biologiai-sokfeleseg-2586387/
403df7e44b4e63061db486128cac94771eec87461a997e7493a3afe0f68a80f8,2024-11-12 00:49:37.869550+00:00,hu,delmagyar.hu,delmagyar.hu,2020-06-16,"Megállapították, a városok mely részein nagyobb a biológiai sokféleség",https://www.delmagyar.hu/eletstilus/megallapitottak-a-varosok-mely-reszein-nagyobb-a-biologiai-sokfeleseg-6541038/?utm_source=rssfeed
2a406ad885b83a23a92f26235ee3bc976b2b91ea8d1d7070a4a27759b03d1599,2024-11-11 23:08:30.674364+00:00,hu,vg.hu,vg.hu,2020-06-17,"Az Unilever a termékein feltünteti, hogy mekkora az ökológiai lábnyomuk",https://www.vg.hu/vallalatok/vallalati-hirek/az-unilever-termekein-feltunteti-hogy-mekkora-az-okologiai-labnyoma-2327706/
b9dcc0914576a16eacecb760454e971cb4bfe9f1a1419e73c4047ba909683756,2024-11-11 20:20:58.157047+00:00,hu,pestisracok.hu,pestisracok.hu,2020-06-19,ENSZ: a koronavírus egy vészjelzés az emberiségnek,https://pestisracok.hu/ensz-a-koronavirus-egy-veszjelzes-az-emberisegnek/?utm_source=rss&utm_medium=rss&utm_campaign=ensz-a-koronavirus-egy-veszjelzes-az-emberisegnek
e7a77729aab6b98e6ec1db177c84851615785b43ba94260282ddcee264bfe913,2024-11-11 19:56:55.884880+00:00,hu,444.hu,444.hu,2020-06-19,"ENSZ, WHO, WWF: A világjárványok a természet szétverésének a következményei",https://444.hu/2020/06/19/ensz-who-wwf-a-vilagjarvanyok-a-termeszet-szetveresenek-a-kovetkezmenyei
03f6e18104d4e9c1d83f3cd3efb429f7bc23e7c58a04b64fee185fade60a20bc,2024-11-11 14:59:21.362541+00:00,hu,24.hu,24.hu,2020-06-23,Megmenekülhet a kihalás szélén álló antilopfaj,https://24.hu/tudomany/2020/06/23/szajga-tatarantilop-kazahsztan/
087254c4cbaef6d062367394cea82bb695c25fec5bffbf6f614b16872df12520,2024-11-11 14:48:44.482624+00:00,hu,vg.hu,vg.hu,2020-06-23,A bolygó a járvány után,https://www.vg.hu/velemeny/a-kozgazdaszok/a-bolygo-a-jarvany-utan-2-2339723/
d6b96b9ca275708033b8906fb1c68a3cd695160e3369f9990bc54175f407d07a,2024-11-11 14:48:06.842220+00:00,hu,hvg.hu,hvg.hu,2020-06-23,"Több száz millió dollárt költöttek faültetésre, kevesebb természetes erdejük lett",http://hvg.hu/gazdasag.zhvg/20200623_faultetes_erdo_chile_klimavaltozas_erdoirtas_fakivagas#rss
aa3de3ba796b2f72a1b082a7e76b4b73c55d631d23f6bc746c0ca957ca262057,2024-11-11 13:31:44.364169+00:00,hu,nepszava.hu,nepszava.hu,2020-06-24,40 évnyi vízfogyasztásra elegendő jeget veszítettek az új-zélandi gleccserek,https://nepszava.hu/3082714_40-evnyi-vizfogyasztasra-elegendo-jeget-veszitettek-az-uj-zelandi-gleccserek
e4a8fc1be596e2e52f0356f471cee702277fce81ac4dc5e8e0e9c92c629a4094,2024-11-11 08:43:37.466993+00:00,hu,bama.hu,bama.hu,2020-06-27,Csodájára járnak a Tenkes-hegyi biokertészetnek,https://www.bama.hu/kozelet/helyi-kozelet/csodajara-jarnak-a-tenkes-hegyi-biokerteszetnek-2616995/
8eb6f1b83380696e020214266594a5531091252dacad23f33aa45c3ace677c36,2024-11-11 08:19:52.461461+00:00,hu,zaol.hu,zaol.hu,2020-06-28,Természetesebb erdők – Egyre fontosabb a közjóléti szempontok érvényesítése is,https://www.zaol.hu/eletstilus/helyi-eletstilus/termeszetesebb-erdok-egyre-fontosabb-a-kozjoleti-szempontok-ervenyesitese-is-4297601/
0d500b2a5e55b00ac45a6ac5522ccad3fc31b06d432ea096b2237d5fa3e7e66e,2024-11-11 07:11:19.848958+00:00,hu,24.hu,24.hu,2020-06-29,Klímaváltozás: egyre több lesz a villámáradás,https://24.hu/tudomany/2020/06/29/villamaradas-villamarviz-klimavaltozas/
662258323fea92d13abc28ef6d0f619ca5c586ddfb5b66064aab728fc16d49df,2024-11-11 06:49:45.366336+00:00,hu,demokrata.hu,demokrata.hu,2020-06-29,Macron 15 milliárd eurót és legalább két népszavazást ígér,https://demokrata.hu/vilag/macron-15-milliard-eurot-es-legalabb-ket-nepszavazast-iger-262048/
e04a93d2152c83fe2d8cd62b686fcb595d0e672769acee2cd0fda01e16f5077e,2024-11-11 06:47:29.669493+00:00,hu,portfolio.hu,portfolio.hu,2020-06-29,Újabb 15 milliárd eurót költ Franciaország a környezetvédelemre,https://www.portfolio.hu/gazdasag/20200629/ujabb-15-milliard-eurot-kolt-franciaorszag-a-kornyezetvedelemre-439188
74de6aec932cfa450226b812808e7e60f68074c6a5254eca69592fccca46de79,2024-11-11 03:15:02.338560+00:00,hu,infostart.hu,infostart.hu,2020-07-01,Nagy veszedelemben Magyarország,https://infostart.hu/tudomany/2020/07/01/nagy-veszedelemben-magyarorszag
4ff21f96cb2d6a9f4f826aebe186497434def625265a5aa5914030de66dee668,2024-11-11 00:45:05.291675+00:00,hu,hvg.hu,hvg.hu,2020-07-03,"Egyre inkább el fogják mosni az országot a villámárvizek, ha nem alkalmazkodunk",http://hvg.hu/gazdasag.zhvg/20200703_villamarviz_klimavaltozas_idojaras_szelsosegesidojaras_zhvg_masfelfok#rss
3aea7d0793b8e2b20965a2dcd420720e07fcbc70d9af69b4eb4e043bad5bcc46,2024-11-10 15:33:10.990070+00:00,hu,hvg.hu,hvg.hu,2020-07-09,"A gazdaságnak is jót tenne, ha természetvédelmi terület lenne a Föld a harmada",http://hvg.hu/gazdasag.zhvg/20200709_termeszetvedelem_gazdasag_klimavaltozas_ocean_szarazfold#rss
b6bc757a7acbe820168b8d98eb739d55f905f5fa9874f012a4d2908d9377091e,2024-11-10 04:17:20.202347+00:00,hu,magyarnemzet.hu,magyarnemzet.hu,2020-07-15,Az emberi tevékenység egyre nagyobb hatással van az Antarktiszra,https://magyarnemzet.hu/mozaik/az-emberi-tevekenyseg-egyre-nagyobb-hatassal-van-az-antarktiszra-8383725/
f5eea2239e983c60d24083c5739ef54d183824b5ebbe60719d7128439e3c58ca,2024-11-09 19:23:07.435414+00:00,hu,index.hu,index.hu,2024-11-09,Eltűnhetnek a francia sajtok a polcokról,https://index.hu/tudomany/2024/11/09/sajt-erjesztes-globalis-felmelegedes-gomba/
9404d191a2f4b1548fab7ade3875c1027ee27a74b50851fb0392d303dd6f6f31,2024-11-09 19:17:01.987934+00:00,hu,pestisracok.hu,pestisracok.hu,2020-07-21,FAO: Afrikában volt a legnagyobb mértékű az erdőirtás az elmúlt tíz évben,https://pestisracok.hu/fao-afrikaban-volt-a-legnagyobb-merteku-az-erdoirtas-az-elmult-tiz-evben/?utm_source=rss&utm_medium=rss&utm_campaign=fao-afrikaban-volt-a-legnagyobb-merteku-az-erdoirtas-az-elmult-tiz-evben
1a8de93502342d3408d5678dd968d370790eeb978fd3ca279ce160bd41e5dcf3,2024-11-09 18:12:53.918000+00:00,hu,24.hu,24.hu,2020-07-22,Ez a legnagyobb fenyegetés most a biodiverzitásra,https://24.hu/tudomany/2020/07/22/biodiverzitas-fenyegetes-turizmus-invaziv-fajok-klimavaltozas/
8702d1f3418e33c27a857106b5ee06cd73c60a51ba4df33062f44e8756d7a2cb,2024-11-09 14:40:24.365417+00:00,hu,portfolio.hu,portfolio.hu,2020-07-24,A fejlett országok valójában kevésbé pusztítják a környezetet,https://www.portfolio.hu/krtk/20200724/a-fejlett-orszagok-valojaban-kevesbe-pusztitjak-a-kornyezetet-tenyleg-igy-van-442052
9dd33e760bd510c87dee98f21e521d1e9cdfcb125d129ed13954e76fd251ee01,2024-11-09 12:17:12.016435+00:00,hu,hvg.hu,hvg.hu,2020-07-29,Egy szobában voltunk közel egymillió méhhel,http://hvg.hu/elet/20200729_Egy_szobaban_kozel_egymillio_mehhel_a_mez_utan_mar_a_kaptarlevego_is_fogyaszthato#rss
2403843337a98de0748a7805898732540304440392391f2dd116060d2348d572,2024-11-09 10:21:57.172571+00:00,hu,portfolio.hu,portfolio.hu,2024-11-09,Újranyitják civilizációnk szimbólumát: a Notre-Dame és a normandiai tölgyfák története,https://www.portfolio.hu/ingatlan/20241109/ujranyitjak-civilizacionk-szimbolumat-a-notre-dame-es-a-normandiai-tolgyfak-tortenete-721931
c402124ebe4c7fd1d167b8a8c78fb0243442dd890f74e575493a0555add8ddaa,2024-11-09 07:30:33.731415+00:00,hu,magyarnemzet.hu,magyarnemzet.hu,2020-08-01,Magasba törekvő növények,https://magyarnemzet.hu/gazdasag/magasba-torekvo-novenyek-8454735/
84992b6b08515f429d401351094235b95ab8f89ef01fdbe96dba34c8b6417280,2024-11-09 05:02:18.848839+00:00,hu,hvg.hu,hvg.hu,2020-08-03,"""Egy járvány idején osztozunk a hülyeség kockázataiban""",http://hvg.hu/gazdasag.zhvg/20200803_2020_lehet_az_az_ev_amikor_elkezdenek_kihalni_az_individualista_tarsadalmak#rss
bc114e7722eb1287fe7c510cf00483934e24dbeabf26fe26a748aa733ee4579f,2024-11-08 09:39:57.618026+00:00,hu,vg.hu,vg.hu,2020-08-18,A fejlődés veszélyei,https://www.vg.hu/velemeny/publicisztika/a-fejlodes-veszelyei-2-2862671/
00ea712b3430090c7bc048311f466ddad252151b9d97484d2be1b98ea80fdd1c,2024-11-08 08:19:07.833939+00:00,hu,index.hu,index.hu,2020-08-19,Egy kihunyt csillag okozhatta a Devon időszak nagy kihalási hullámát,https://index.hu/techtud/2020/08/19/csillagaszat_fold_csillag_kihalas_devon/
883b79560c4c737ab9fc533c35f0c84a21d13df387c7d8264e67fbaa291656e2,2024-11-08 00:58:01.302174+00:00,hu,hvg.hu,hvg.hu,2020-08-24,Bárki lehet zöld befektető,http://hvg.hu/brandcontent/20200824_Barkibol_lehet_zold_befekteto_otp_alapkezelo#rss
c24ba95d56296f89c5415e95777da32479d96d0ddf716aabbeab5b0adfd48fbd,2024-11-07 19:24:10.776377+00:00,hu,origo.hu,origo.hu,2024-11-07,A fák világszerte a kihalás felé tartanak,https://www.origo.hu/tudomany/2024/11/a-fak-vilagszerte-a-kihalas-fele-tartanak
c8abb790a4433d2079254d3ecfcd2bbc249f72155ba9f8a711aebff3f18c9ce7,2024-11-07 16:46:52.910409+00:00,hu,bama.hu,bama.hu,2020-08-28,Denevér-hotellánc az erdőkben,https://www.bama.hu/pr/denever-hotellanc-az-erdokben-2813939/
b64e075c416f22a4da3c28a4a5455ff26f9b6150afecc188e4a10289d03e47e1,2024-11-07 13:20:15.687074+00:00,hu,index.hu,index.hu,2024-11-07,"Bebizonyítanák, hogy Magyarország Európa legzöldebb országa",https://index.hu/gazdasag/2024/11/07/faultetes-fa-nemzeti-faultetes-napja-10-millio-fa-klimavedelem-klimavedelem/
48726f97aee4c78540d8e0a59a8c9e4bf5cf7c2ccf7fbc621c12d221e2e8073a,2024-11-07 11:47:01.440214+00:00,hu,origo.hu,origo.hu,2024-11-07,A sündisznók kihalása elkerülhetetlennek tűnik,https://www.origo.hu/tudomany/2024/11/sundisznok-kihalasa-elkerulhetetlen-lehet
ad4482e8a192c834b1981347d1441076be6722e32a19dfd34cbbc947d0e3b880,2024-11-07 03:00:01.814179+00:00,hu,24.hu,24.hu,2020-08-29,"Mi történne a Földdel, ha eltűnnének az emberek?",https://24.hu/tudomany/2020/08/29/mi-tortenne-a-folddel-ha-eltunnenek-az-emberek/
ec1417e0d4d5d1d451991c9f2d7f01e83a0c6e7ab634bf463857a9e27efaf192,2024-11-07 01:51:25.521379+00:00,hu,demokrata.hu,demokrata.hu,2020-08-30,Visszatérnek a nagyragadozók,https://demokrata.hu/zold-jovo/visszaternek-a-nagyragadozok-278593/
2eec45e9a85d500d17c374b511ec35a21bef8e5f4d67ed783cb7036d2c5bf32f,2024-11-07 01:24:02.946750+00:00,hu,magyarnemzet.hu,magyarnemzet.hu,2020-08-30,Váratlan helyről érkezhetett hatalmas csapás a Földre,https://magyarnemzet.hu/mozaik/varatlan-helyrol-erkezhetett-hatalmas-csapas-a-foldre-8592300/
9a724c74148640f8439a0e145a1df33424ef34fd906e0e4ae5c6ceb55ccc0990,2024-11-05 16:31:11.729869+00:00,hu,hvg.hu,hvg.hu,2024-11-05,"A közpénzt már sajnálják rá, magántőkéből remélik megóvni a Föld természetes élőhelyeit",https://hvg.hu/gazdasag/20241105_cop16-fajkihalas-megakadalyozasa-biodiverzitas-bioszfera-termeszetes-elohelyek-vedelme-ensz#rss
6d56d34da44c5750473acfeb20538138bdf35adc0fe63edb7edb4d630b769229,2024-11-05 16:18:11.950686+00:00,hu,bama.hu,bama.hu,2024-11-05,Egy hétre beköltözik a természet az Árkád bevásárlóközpontba,https://www.bama.hu/helyi-kozelet/2024/11/egy-hetre-bekoltozik-a-termeszet-az-arkad-bevasarlokozpontba?utm_source=hirstart&utm_medium=referral&utm_campaign=hiraggregator
fd1b01108b1ac2f0cb7f2d0a94ec4f6580524862c94dceaf502fdebcabfa5e24,2024-11-05 07:29:01.919914+00:00,hu,merce.hu,merce.hu,2021-11-23,Klímavédelem és bevándorlás « Mérce,https://merce.hu/2021/11/23/klimavedelem-es-bevandorlas/
e51c7aac8a55a6aa99dcbdabe2ce5e27486d7df1ffe9f1aa9d95e13d403f9e04,2024-11-04 20:53:26.569094+00:00,hu,portfolio.hu,portfolio.hu,2021-11-25,"Több ezer milliárd dolláros üzleti lehetőség, mégis alig ismerik a vállalatok",https://www.portfolio.hu/gazdasag/20211125/tobb-ezer-milliard-dollaros-uzleti-lehetoseg-megis-alig-ismerik-a-vallalatok-512644
8c836433778fda131730c933c307126490b482aae1f7ace2bde14bedd569511f,2024-11-04 15:27:33.960782+00:00,hu,haon.hu,haon.hu,2021-11-26,Az intermodális központról is volt szó a megyei közgyűlésen,https://haon.hu/kozelet/helyi-kozelet/az-intermodalis-kozpontrol-is-volt-szo-a-megyei-kozgyulesen-5868758/
88b8d1dbc4dc976be7b3058bba8f127b81f2ccf96e14ea3b3c81684ff47b0dca,2024-11-04 09:23:56.314987+00:00,hu,nepszava.hu,nepszava.hu,2024-11-04,"Csalódással zárult a Cop16, a a világ legnagyobb természetvédelmi konferenciájának a résztvevői nem tudtak döntést hozni az egyik legnagyobb kérdésről",https://nepszava.hu/3256334_cop16-termeszetvedelem-biologiai-sokfeleseg-csalodas
4dcb696add946f92824579aa9433a385ad2d4474e57e553225caa07aa45f5c59,2024-11-04 05:06:51.810778+00:00,hu,kisalfold.hu,kisalfold.hu,2021-11-30,Áder János: a globális cselekvés nemzetállami tettekkel válhat eredményessé,https://www.kisalfold.hu/orszag-vilag/ader-janos-a-globalis-cselekves-nemzetallami-tettekkel-valhat-eredmenyesse-11627834/
e324b0845165c140149d3ff375975c64b7597039a5264e87fcc1f5f1bbafe1f4,2024-11-04 05:06:23.972091+00:00,hu,boon.hu,boon.hu,2021-11-30,Áder János: a globális cselekvés nemzetállami tettekkel válhat eredményessé,https://boon.hu/orszag-vilag/ader-janos-a-globalis-cselekves-nemzetallami-tettekkel-valhat-eredmenyesse-6044636/
07c7477aad5ae5781bab02dd2042c51d22c3bfd574719e6c36676c5b95647c95,2024-11-04 05:06:00.842549+00:00,hu,delmagyar.hu,delmagyar.hu,2021-11-30,Áder János: a globális cselekvés nemzetállami tettekkel válhat eredményessé,https://www.delmagyar.hu/orszag-vilag/ader-janos-a-globalis-cselekves-nemzetallami-tettekkel-valhat-eredmenyesse-8193947/
c69153dd0fddaa6b7f99a741dbe8136c4c7298427d5aa53165ecec8b5cc2c6a1,2024-11-04 05:05:12.564350+00:00,hu,zaol.hu,zaol.hu,2021-11-30,Áder János: a globális cselekvés nemzetállami tettekkel válhat eredményessé,https://www.zaol.hu/orszag-vilag/ader-janos-a-globalis-cselekves-nemzetallami-tettekkel-valhat-eredmenyesse-5818970/
ac708585f9ec05c87a65dcad143dd28a045f6ac215106e3c9bcbcef37ba9489a,2024-11-04 05:05:04.857520+00:00,hu,haon.hu,haon.hu,2021-11-30,Áder János: a globális cselekvés nemzetállami tettekkel válhat eredményessé,https://haon.hu/orszag-vilag/ader-janos-a-globalis-cselekves-nemzetallami-tettekkel-valhat-eredmenyesse-5878007/
fc1a4a427d05f2a19b868f17cc5282a6a147fd9ea22d4705214d930b53176781,2024-11-04 05:04:52.031534+00:00,hu,vaol.hu,vaol.hu,2021-11-30,Áder János: a globális cselekvés nemzetállami tettekkel válhat eredményessé,https://www.vaol.hu/orszag-vilag/ader-janos-a-globalis-cselekves-nemzetallami-tettekkel-valhat-eredmenyesse-5522015/
67a88a231ef62f292e689c958a03735920b7121995266454fc08d22a312823e3,2024-11-04 05:04:48.782675+00:00,hu,bama.hu,bama.hu,2021-11-30,Áder János: a globális cselekvés nemzetállami tettekkel válhat eredményessé,https://www.bama.hu/orszag-vilag/ader-janos-a-globalis-cselekves-nemzetallami-tettekkel-valhat-eredmenyesse-4283078/
4db39ba766e1802ad32f4aca6ec87cf65f5670915ecbc96b7b3c76a80904ab0c,2024-11-04 05:04:42.015817+00:00,hu,heol.hu,heol.hu,2021-11-30,Áder János: a globális cselekvés nemzetállami tettekkel válhat eredményessé,https://www.heol.hu/orszag-vilag/ader-janos-a-globalis-cselekves-nemzetallami-tettekkel-valhat-eredmenyesse-4161530/
de28f1972ea0f5ba0ba48ba5f5108241a1d0a2e0a0a9535dea945322ded462b7,2024-11-04 05:04:22.667899+00:00,hu,baon.hu,baon.hu,2021-11-30,Áder János: a globális cselekvés nemzetállami tettekkel válhat eredményessé,https://www.baon.hu/orszag-vilag/ader-janos-a-globalis-cselekves-nemzetallami-tettekkel-valhat-eredmenyesse-4513652/
51cadf716d258230e116055961c67c308e1041729b032f91f67607842387a29c,2024-11-04 05:04:17.004226+00:00,hu,szon.hu,szon.hu,2021-11-30,Áder János: a globális cselekvés nemzetállami tettekkel válhat eredményessé,https://szon.hu/orszag-vilag/ader-janos-a-globalis-cselekves-nemzetallami-tettekkel-valhat-eredmenyesse-5592638/
79ceed7f9abf654fcb405f26ac5ff647e9f58329959d5fa20e2d02c0a9822287,2024-11-04 05:04:14.419737+00:00,hu,sonline.hu,sonline.hu,2021-11-30,Áder János: a globális cselekvés nemzetállami tettekkel válhat eredményessé,https://www.sonline.hu/orszag-vilag/ader-janos-a-globalis-cselekves-nemzetallami-tettekkel-valhat-eredmenyesse-4582598/
bc075afd58fd7fa139c45cbe50948c9fb5aecbc3ab17ebbe65a43435ee074822,2024-11-04 05:04:11.436979+00:00,hu,szoljon.hu,szoljon.hu,2021-11-30,Áder János: a globális cselekvés nemzetállami tettekkel válhat eredményessé,https://www.szoljon.hu/orszag-vilag/ader-janos-a-globalis-cselekves-nemzetallami-tettekkel-valhat-eredmenyesse-4054835/
2504af569a75bd7dc9c39f83339c64bbc499fbf1b5fd6958df42860f48b0f540,2024-11-04 04:42:16.301861+00:00,hu,beol.hu,beol.hu,2021-11-30,Áder János: a globális cselekvés nemzetállami tettekkel válhat eredményessé,https://www.beol.hu/orszag-vilag/ader-janos-a-globalis-cselekves-nemzetallami-tettekkel-valhat-eredmenyesse-4551650/
3b357bf1aa3e5caf2277da17ba8dfbf3e73a2e541e2ac4b72fa1e4d5099d3065,2024-11-04 04:42:13.728363+00:00,hu,origo.hu,origo.hu,2021-11-30,Áder János: A globális cselekvés nemzetállami tettekkel válhat eredményessé,https://www.origo.hu/itthon/20211130-ader-janos-planet-2021-kornyezetvedelem.html
9f87c8dfd6d298f17ca7086cc1cd0f442ef707239a68fb642ce7b6194141a41b,2024-11-04 04:42:00.931369+00:00,hu,teol.hu,teol.hu,2021-11-30,Áder János: a globális cselekvés nemzetállami tettekkel válhat eredményessé,https://www.teol.hu/orszag-vilag/ader-janos-a-globalis-cselekves-nemzetallami-tettekkel-valhat-eredmenyesse-4235060/
1812d3c3c6adc7a683c8793d33a600f2674591e60811ae410a28339dbcca9ad3,2024-11-04 04:35:05.915656+00:00,hu,demokrata.hu,demokrata.hu,2021-11-30,Áder János: nemzetállami tettekkel válhat eredményessé a cselekvés,https://demokrata.hu/zold-jovo/ader-janos-nemzetallami-tettekkel-valhat-eredmenyesse-a-cselekves-456719/
e52aafe6bb960ab8aa1719f8b0ae94d84bf6e900913f521ef995e3f592c780d2,2024-11-04 03:48:47.214258+00:00,hu,index.hu,index.hu,2021-11-30,"Áder János: Számít, hogy mennyi időnk van, de az még inkább, hogy mit kezdünk vele",https://index.hu/belfold/2021/11/30/ader-janos-szamit-hogy-mennyi-idonk-van-de-az-meg-inkabb-hogy-mit-kezdunk-vele-kornyezetvedelem-planet-budapest/
a9902819aae458feb4c5fda26dc90184204704578fd6119d69b24d9f18f2adf0,2024-11-04 03:44:31.896003+00:00,hu,infostart.hu,infostart.hu,2021-11-30,"Áder János a klímaváltozásról: az számít, mit kezdünk az időnkkel",https://infostart.hu/belfold/2021/11/30/ader-janos-a-klimavaltozasrol-az-szamit-mit-kezdunk-az-idonkkel
6393772401fdb61f3ba3adeffcf637c9da2ea37d167815d20eace38676f33416,2024-11-03 18:31:29.057350+00:00,hu,origo.hu,origo.hu,2021-12-02,Kormánybiztos: A Planet 2021 konferencia sikeresen hozzájárul a fenntarthatósági fordulat előmozdításához,https://www.origo.hu/itthon/20211202-kormanybiztos-a-konferencia-sikeresen-hozzajarul-a-fenntarthatosagi-fordulat-elomozditasahoz.html
b2f311aa841c907bd289b14464c4803b000ed9d54c966eb8dc220448e4df98cb,2024-11-03 17:54:38.003389+00:00,hu,mandiner.hu,mandiner.hu,2021-12-02,"Planet 2021: Cselekedni kell azoknak, akik tenni akarnak a fenntarthatóságért!",https://mandiner.hu/cikk/20211202_planet_2021_cselekedni_kell_azoknak_akik_tenni_akarnak_a_fenntarthatosagert
614875b829413b2d79114fd8120a06209ef1e856c4322a734d482bb78f8c09db,2024-11-03 13:03:54.251524+00:00,hu,kisalfold.hu,kisalfold.hu,2021-12-04,Együtt kertészkedhet a falu Sokorópátkán,https://www.kisalfold.hu/kozelet/helyi-kozelet/egyutt-kerteszkedhet-a-falu-sokoropatkan-11643434/
03ed3c36d49b04bab6e084a00914289a6b1947471ea7c7404dc887ff386a7b3d,2024-11-03 05:13:57.488140+00:00,hu,hvg.hu,hvg.hu,2021-12-07,Komoly karbon-lábnyoma van minden tábla csokoládénak,https://hvg.hu/gazdasag/20211207_kakaotermesztes_csokolade_erdoirtas_klimavaltozas_masfelfok
46316adadbec9ecb32833487f4d5bf53f7e16c779587f62cbe8c7b433ff877db,2024-11-03 00:03:57.876495+00:00,hu,origo.hu,origo.hu,2021-12-08,Lance Uggla: A vállalatoknak kötelessége példát mutatni bolygónk védelme érdekében,https://www.origo.hu/itthon/20211207-lance-uggla-a-vallalatoknak-kotelessege-peldat-mutatni-bolygonk-vedelme-erdekeben.html
5f231df74a6b37f6a43d8b7e593e67a691bfe13d295a47088c5bf9a035083431,2024-11-02 23:23:56.024995+00:00,hu,napi.hu,napi.hu,2021-12-08,Bajban van a kakaó,https://www.napi.hu/nemzetkozi-gazdasag/kakotermesztes-klimavedelem-kornyezetszennyezes.741791.html
6ea57f2f31645d489f411810d2deed94f0be3533b7534e005da71e4f2ae4e79e,2024-11-02 22:18:10.894196+00:00,hu,szeretlekmagyarorszag.hu,szeretlekmagyarorszag.hu,2021-12-08,A kakaó egyszerre oka és áldozata a klímaválságnak,https://www.szeretlekmagyarorszag.hu/jovo/a-kakao-egyszerre-oka-es-aldozata-a-klimavalsagnak/
6e1a7c48a0c527047a6a5572cc1bbefeee3bbe90305b48151727a51b11e109d9,2024-11-02 09:21:48.430489+00:00,hu,merce.hu,merce.hu,2021-12-12,"Élelmiszer-önrendelkezés: lehetőségek, feladatok, esélyek és korlátok « Mérce",https://merce.hu/2021/12/12/elelmiszer-onrendelkezes-lehetosegek-feladatok-eselyek-es-korlatok/
15d16a629d5380f956412c6d4df50dec5fae4e153e0bff66b33fb699fd4ca536,2024-11-01 21:20:48.135707+00:00,hu,index.hu,index.hu,2024-11-01,"Nem elég, hogy lassan aranyáron mérik, veszélyben is van az emberiség egyik kedvence",https://index.hu/gazdasag/2024/11/01/kave-kavepiac-kavetermesztes-aremelkedes-kavear-kiskereskedelem-kavetermelok-kavevallalatok-fenntarthatosag/
e31441d5ccd57c3fc127615706622059f88aac988b5712aff042e5213984601c,2024-11-01 20:26:39.457538+00:00,hu,origo.hu,origo.hu,2021-12-15,Ezt jelenti az éghajlatváltozás egy kritikusan veszélyeztetett fajnak,https://www.origo.hu/tudomany/20211215-a-kritikusan-veszelyeztetett-fajok-felenek-termeszetvedelmi-dokumentumai-nem-tesznek-emlitest-az.html
3527735a166366463f0f4e93a146915c684ffdda8e0cc9734d69ac5c5718c7a5,2024-11-01 12:14:57.416388+00:00,hu,origo.hu,origo.hu,2021-12-17,14 új fajt cickányfajt fedeztek egy indonéziai szigeten,https://www.origo.hu/tudomany/20211217-cickany.html
67cd0624401f28cb88808faee0a4f3abf46aa125026a42ea45d7f688ad7ac869,2024-10-29 15:32:15.704721+00:00,hu,nepszava.hu,nepszava.hu,2024-10-29,"Európa felszíni vizeinek csupán egyharmada minősül jónak vagy annál jobb állapotúnak, Magyarország tavainak és folyóinak többsége közepes állapotú",https://nepszava.hu/3255650_europa-felszini-viz-szennyezes-pohar
59a8a542afa2cb9aa12b97064b2f98924becc164f03b2575c8057d74466d6dae,2024-10-29 15:32:03.799751+00:00,hu,nepszava.hu,nepszava.hu,2024-10-29,"Tiszta vizet öntenénk a pohárba, de nem lehet, Európa felszíni vizeinek csupán egyharmada minősül legalább jó állapotúnak",https://nepszava.hu/3255341_europa-felszini-viz-szennyezes-pohar
ad0fa079e869aa4d8106c5b7842f8789338a24ed7eab0e063a8637ec59c50f32,2024-10-28 07:56:57.113942+00:00,hu,origo.hu,origo.hu,2021-12-20,Havonta egy nyelv kihalhat ebben a században,https://www.origo.hu/tudomany/20211218-nyelvveszteseg.html
be31ff780ef903951b6f87bfbf0819e050546c8037564ddf30ba19eaaf6bdc78,2024-10-28 05:01:26.485538+00:00,hu,mandiner.hu,mandiner.hu,2021-12-21,Michal Kravčík: Mindennek az alapja a víz – Kassa megyében nekifogtak a tájat regenerálni,https://mandiner.hu/cikk/20211221_mindennek_az_alapja_a_viz_kassa_megyeben_nekifogtak_a_tajat_regeneralni
894f166f0ffef9a18288b3c054ad935f1e12e0a96692f60e031dbbddc75e6b8b,2024-10-27 06:25:41.705974+00:00,hu,index.hu,index.hu,2024-10-27,"Az éghajlatváltozás kétszer olyan súlyos lehet, mint azt korábban jósolták",https://index.hu/tudomany/2024/10/27/globalis-felmelegedes-klimacel-homerseklet-emelkedes/
73c18b5c940403d765b47cac8b154b9e2ba20ec2a66ce596621d5c9920af5ddf,2024-10-25 18:14:13.703402+00:00,hu,portfolio.hu,portfolio.hu,2021-12-24,Jövőre 60 éves az EU közös agrárpolitikája: siker vagy kudarc?,https://www.portfolio.hu/krtk/20211224/jovore-60-eves-az-eu-kozos-agrarpolitikaja-siker-vagy-kudarc-517846
f3d0b12947a5821fa5509083ba19759405733fdfed1224f6927555c04698b42e,2024-10-25 12:39:06.028760+00:00,hu,haon.hu,haon.hu,2024-10-25,Még idén elkezdik felmérni Debrecen környezetének állapotát,https://www.haon.hu/helyi-kozelet/2024/10/biodiverzitas-debrecen-ellenorzo-rendszer?utm_source=hirstart&utm_medium=referral&utm_campaign=hiraggregator
8d1bdbb558345a83fe18bf2213e728e7e87d02894e66deee5780d88aaca4b7f7,2024-10-24 06:21:03.562035+00:00,hu,index.hu,index.hu,2024-10-24,Baljós üzenetet küldtek északról: ez így nem mehet tovább!,https://index.hu/gazdasag/2024/10/24/svedorszag-malmo-living-city-konferencia-husqvarna/
9fd75856da12705d2cc0d000af1072452174217cd89f456591bdf8aaf5c52ba9,2024-10-24 01:35:27.304418+00:00,hu,hvg.hu,hvg.hu,2020-09-10,"WWF: Az életmódunkat is meg kell változtatni, hogy megakadályozzuk fajok kihalását",http://hvg.hu/gazdasag.zhvg/20200910_elo_bolygo_jelentes_wwf_biodiverzitas#rss
6319517b6631b147b72383d7d1fb4f1b814394c6adbcbcee28324d55dd420803,2024-10-23 23:30:52.885793+00:00,hu,hvg.hu,hvg.hu,2020-09-11,"A kaliforniai erdőtüzek megmutatják, mit jelent ránk nézve a klímaváltozás – galéria",http://hvg.hu/gazdasag.zhvg/20200911_kalifornia_erdotuz_tuzvesz_klimavaltozas#rss
65a40f2f9292926f82a2340d154ed0647fc618b25ede7cab4eccb57c83cee099,2024-10-23 19:36:32.754005+00:00,hu,origo.hu,origo.hu,2020-09-14,Így tudjuk megmenteni a Földet,https://www.origo.hu/itthon/20200914-igy-tudjuk-szemelyesen-ismegmenteni-a-foldet.html
71ae74351e0cbd14c06a5b1c9906d342f7dddd49adc8b419adfdf7d4b6621110,2024-10-23 17:11:52.183098+00:00,hu,444.hu,444.hu,2020-09-15,ENSZ: A természet pusztulása elleni célok közül egyet sem sikerült teljesítenie a világnak,https://444.hu/2020/09/15/ensz-a-termeszet-pusztulasa-elleni-celok-kozul-egyet-sem-sikerult-teljesitenie-a-vilagnak
667822bf9ac3be2a85a4c9063bb9816139588fbc03cf1470c9a3663a28d68cea,2024-10-23 16:23:13.807499+00:00,hu,magyarnemzet.hu,magyarnemzet.hu,2020-09-16,"Tűz, jöjj velem!",https://magyarnemzet.hu/velemeny/tuz-jojj-velem-8671044/
44639820f68d2e50ba3cdf5819a040c5c5744a0c0e6a3cc37c8720916645b9e8,2024-10-23 15:56:41.896401+00:00,hu,nepszava.hu,nepszava.hu,2020-09-16,ENSZ: elbukott a világ a biodiverzitási célok teljesítésében,https://nepszava.hu/3092144_ensz-elbukott-a-vilag-a-biodiverzitasi-celok-teljesiteseben
081a88c6d00c936a4e4d8c9a8d8ab96d1f5d2a85e5ea3476711a84ded8972a14,2024-10-23 15:47:18.034603+00:00,hu,nepszava.hu,nepszava.hu,2020-09-16,Az északi félteke legmelegebb nyara volt az idei,https://nepszava.hu/3092145_az-eszaki-felteke-legmelegebb-nyara-volt-az-idei
88ffaa76936b2546231775b2385e442edc32daaa368aa939d8443425160ac8c1,2024-10-23 12:48:40.687351+00:00,hu,sonline.hu,sonline.hu,2024-10-23,Eljött a cselekvés ideje”: megkezdődött a 16. Biodiverzitás Csúcstalálkozó,https://www.sonline.hu/helyi-gazdasag/2024/10/eljott-a-cselekves-ideje-megkezdodott-a-16-biodiverzitas-csucstalalkozo?utm_source=hirstart&utm_medium=referral&utm_campaign=hiraggregator
cad41b3c005b8ff82abaeed0a0a85a7ef14c0fe76b002e023f29c2b54358ba5e,2024-10-23 11:33:48.500259+00:00,hu,veol.hu,veol.hu,2024-10-23,"Balaton száz év múlva: ökoturizmus, fehér homokos part (képgaléria",https://www.veol.hu/helyi-eletstilus/2024/10/balaton-szaz-ev-mulva?utm_source=hirstart&utm_medium=referral&utm_campaign=hiraggregator
4643364edbc51a061fef5b4572e1968ac93d8934ad99b3777a3cb7270444caa1,2024-10-23 11:27:54.324524+00:00,hu,nepszava.hu,nepszava.hu,2020-09-19,"Akkor sem lesz teljesen szelíd egy farkas, ha emberek között nő fel",https://nepszava.hu/3092509_akkor-sem-lesz-teljesen-szelid-egy-farkas-ha-emberek-kozott-no-fel
67e99600ffa4aa0cb43da2b5d90b727943083420d6ed8e5e21c5d34d0628106b,2024-10-23 11:27:54.281127+00:00,hu,nepszava.hu,nepszava.hu,2020-09-19,Átszabja az erdők arcát a klímaváltozás,https://nepszava.hu/3092564_atszabja-az-erdok-arcat-a-klimavaltozas
636da8b6082e0d4f91b3d57557f9028faba13e78a41e0a47c7ef924f39cac41a,2024-10-23 08:53:50.812108+00:00,hu,nepszava.hu,nepszava.hu,2020-09-21,Megmenekült a krokodiloktól hemzsegő folyóba tévedt bálna,https://nepszava.hu/3092751_megmenekult-a-krokodiloktol-hemzsego-folyoba-tevedt-balna
23c26d45a86cb8c94eca0f69dd35bb8a62e44590729e91b6a9176ec5cf20bac9,2024-10-22 19:16:30.778464+00:00,hu,hvg.hu,hvg.hu,2020-09-29,"David Attenborough megkongatta a vészharangot, hamarosan egymillió faj halhat ki",http://hvg.hu/tudomany/20200929_david_attenborough_ensz_fajok_kihalasa_termeszeti_katasztrofa#rss
26552da1023ace04cbb84057e550c7bc0a94fbd8a8029b9f16af3039017ab6d3,2024-10-22 19:01:09.994221+00:00,hu,blikk.hu,blikk.hu,2020-09-29,Szomorú és félelmetes dologra figyelmeztet David Attenborough,https://www.blikk.hu/aktualis/kulfold/kornyezetvedelem-klimavalsag-kihalas-pusztulas/v9cpvqs
ae858fc8aedeafa8432c093a7254bf524e9987a44fa9497404c80b762efc249f,2024-10-22 17:43:16.048910+00:00,hu,boon.hu,boon.hu,2020-09-30,Hullámtéri tájgazdálkodás,https://boon.hu/kozelet/helyi-kozelet/hullamteri-tajgazdalkodas-4590835/
a9ca971ff85767b35fe6a40c07b745b649ca88a272d765790a5630889051588c,2024-10-22 17:43:16.009760+00:00,hu,boon.hu,boon.hu,2020-09-30,Tájkép bivallyal,https://boon.hu/boon-jegyzet/tajkep-bivallyal-4590847/
ee2f6ff53c3e6cb6849015ebd7d74efd8b5b52f67d9518625cf1fe09253124e3,2024-10-22 17:35:22.353481+00:00,hu,index.hu,index.hu,2020-09-30,A növények kétötödét kihalás fenyegeti,https://index.hu/techtud/2020/09/30/novenyek_ketotode_kihalasi/
cba330d32e098bd645cb0f252744198a7315eacf875f7ad61c7cd3f3dc46348b,2024-10-22 17:31:41.870493+00:00,hu,nepszava.hu,nepszava.hu,2020-09-30,Spanyolországban is delfineket kellett menteni,https://nepszava.hu/3093812_spanyolorszagban-is-delfineket-kellett-menteni
9a2336ad71b48123af9778813b3115ddfd83b05371ce503efc801ebdf3407f5b,2024-10-22 17:31:41.786450+00:00,hu,nepszava.hu,nepszava.hu,2020-09-30,Kihalás fenyegeti a növények 40 százalékát,https://nepszava.hu/3093816_kihalas-fenyegeti-a-novenyek-40-szazalekat
e7710b593e1004795e9b545a1fb2035980339daae4e491cbf8a8cc0adf4c5789,2024-10-22 17:30:29.097788+00:00,hu,origo.hu,origo.hu,2020-09-30,A növények kétötödét kihalás fenyegeti,https://www.origo.hu/tudomany/20200930-a-novenyek-ketotodet-kihalas-fenyegeti-a-kutatok-szerint.html
b37b9edcd9d430cd9d7414a64e6718fbe77d463c1061f30f0aa22ae8a692b31e,2024-10-22 16:11:29.188781+00:00,hu,zaol.hu,zaol.hu,2020-10-01,Áder János szerint a klímavédelem és a fenntarthatósági fordulat a városokban fog eldőlni,https://www.zaol.hu/kozelet/helyi-kozelet/ader-janos-szerint-a-klimavedelem-es-a-fenntarthatosagi-fordulat-a-varosokban-fog-eldolni-4553125/
f9c0e0959b5726b539f3b4ad29564a4beb7b1acf0da91ea4262abac5a2450d68,2024-10-22 15:33:18.638314+00:00,hu,hvg.hu,hvg.hu,2020-10-01,A világ növényeinek 40 százalékát is kihalás fenyegeti,http://hvg.hu/gazdasag.zhvg/20201001_A_vilag_novenyeinek_40_szazalekat_is_kihalas_fenyegeti#rss
843a2d45c60aa238b853ebca717ed5070a3fac6c274d9694f0916aabfb0d81b5,2024-10-22 15:15:21.133210+00:00,hu,hvg.hu,hvg.hu,2020-10-01,Zöld Újratervezés: Merre tovább?,http://hvg.hu/gazdasag.zhvg/20201001_Zold_Ujratervezes_Merre_tovabb#rss
499a3cb928e72a2139f6424888d531f6fff0db616f3a17b3de40c6c7794c6ad1,2024-10-22 14:18:45.815772+00:00,hu,24.hu,24.hu,2020-10-02,Tíz évet elvesztegetett az emberiség,https://24.hu/tudomany/2020/10/02/tiz-evet-elvesztegetett-az-emberiseg/
7c19daf6755a45a434e7e8f5918b7afb7cc7209f46d401ea82eb823ff3ffb629,2024-10-22 12:59:15.868730+00:00,hu,nepszava.hu,nepszava.hu,2020-10-03,Harc az ivóvízért – most már itthon is,https://nepszava.hu/3094176_harc-az-ivovizert--most-mar-itthon-is
2256addc1281dc6adada48168cefd39d096fd7be40eef0c0ca125da7e0d32558,2024-10-22 12:55:35.234987+00:00,hu,nepszava.hu,nepszava.hu,2020-10-03,„Otthon is eldobod?” – Elindult a Cigicsikkmentes október,https://nepszava.hu/3094109_otthon-is-eldobod--elindult-a-cigicsikkmentes-oktober
f5d63104225456471b94b521bb2542d66b8c457367ed52dcef63a67dbc8e8e12,2024-10-22 12:31:49.058532+00:00,hu,boon.hu,boon.hu,2020-10-03,Kihalás fenyegeti a növények kétötödét,https://boon.hu/egyperces/kihalas-fenyegeti-a-novenyek-ketotodet-4595047/
171d6681468891a957f31fe50766bb15661f0322d4d91489a4b20b5e0bc8ffda,2024-10-22 12:31:17.461870+00:00,hu,haon.hu,haon.hu,2020-10-03,Kihalás fenyegeti a növények kétötödét,https://haon.hu/egyperces/kihalas-fenyegeti-a-novenyek-ketotodet-4390207/
35641090f0b263901682b7aab0c95f73c9b3703007c1129860040ccbc0d3a77a,2024-10-22 12:30:45.079616+00:00,hu,szon.hu,szon.hu,2020-10-03,Kihalás fenyegeti a növények kétötödét,https://szon.hu/egyperces/kihalas-fenyegeti-a-novenyek-ketotodet-4226089/
f06514db22a76ee6d67942d430b92eabd938c5fe880dafab80ffc264f253ba0e,2024-10-22 12:30:32.504673+00:00,hu,teol.hu,teol.hu,2020-10-03,Kihalás fenyegeti a növények kétötödét,https://www.teol.hu/egyperces/kihalas-fenyegeti-a-novenyek-ketotodet-2812678/
ab214d63ab34fa0e66eacc697f200a59a2c53455f63406312b062b101aecdf35,2024-10-22 12:29:58.934493+00:00,hu,delmagyar.hu,delmagyar.hu,2020-10-03,Kihalás fenyegeti a növények kétötödét,https://www.delmagyar.hu/egyperces/kihalas-fenyegeti-a-novenyek-ketotodet-6871921/
8d745f42d1f5f309145a0d7bcf4ec19d3629239383a8aab668834db63753ece9,2024-10-22 12:29:46.889139+00:00,hu,bama.hu,bama.hu,2020-10-03,Kihalás fenyegeti a növények kétötödét,https://www.bama.hu/egyperces/kihalas-fenyegeti-a-novenyek-ketotodet-2902015/
031d4166027b15c73c9287a5a0672fba294f3e32642c6c6c26e5533c04a509fb,2024-10-22 07:24:02.117277+00:00,hu,24.hu,24.hu,2024-10-22,Remek halválaszték – feltűnően jó áron,https://24.hu/elet-stilus/2024/10/22/remek-halvalasztek-feltunoen-jo-aron/
0abc72dcc3d083d9133e20fb049eb4448985b478a8507a5b401b6b5f98ad45fa,2024-10-22 06:10:43.390859+00:00,hu,origo.hu,origo.hu,2020-10-07,"Ne csak beszéljünk róla, tegyünk is érte!  aktívan a fenntarthatóságért",https://www.origo.hu/gazdasag/20201007-ne-csak-beszeljunk-rola-tegyunk-is-erte-aktivan-a-fenntarthatosagert.html
126170eab77f51480042db18db3d7fb2bd242c816c38b85d4dad8fc8ba5e53a5,2024-10-22 04:43:52.989012+00:00,hu,szon.hu,szon.hu,2020-10-08,Lehet-e az erdőt üzemnek tekinteni…?!,https://szon.hu/kozelet/helyi-kozelet/lehet-e-az-erdot-uzemnek-tekinteni-4247314/
4a2d5fff0f9ee87e69bfc0bd0acdd27c578722a7b4b679a618ff776b7984dff5,2024-10-22 04:24:24.593748+00:00,hu,magyarnemzet.hu,magyarnemzet.hu,2020-10-08,Bartha: Csak a gazdasági erdőknél szempont a nyereség,https://magyarnemzet.hu/orszagszerte/bartha-denes-csak-a-gazdasagi-erdoknel-szempont-a-nyereseg-8780053/
d622fe8f2ac22b32b6dd3766d83e464079aec20aaaa3cd0977c351262153474b,2024-10-21 23:25:12.557885+00:00,hu,index.hu,index.hu,2024-10-22,Játszva is lehet várost tervezni?,https://index.hu/bcs/2024/10/22/varostervezes-okosvarosok-simcity-4ig/
0297aec5766bbdd354cb21a519ac1c479b6d2695aba505572270d418b943041f,2024-10-21 17:23:49.427374+00:00,hu,portfolio.hu,portfolio.hu,2024-10-21,Két budapesti projekt is nyert EU-pénzt,https://www.portfolio.hu/unios-forrasok/20241021/ket-budapesti-projekt-is-nyert-eu-penzt-718061
e86bed636c2c83b36459d1bdf7360ded8846a6aef017b6ba9bc402d244bbe15b,2024-10-21 16:53:34.868084+00:00,hu,merce.hu,merce.hu,2020-10-15,"A Néppárt, a szocialisták és a liberálisok együtt torpedóznák meg EU-s mezőgazdaság zöldítését « Mérce",https://merce.hu/2020/10/15/a-neppart-a-szocialistak-es-a-liberalisok-egyutt-torpedoznak-meg-eu-s-mezogazdasag-zolditeset/
b9986ef04a4c5ea37f463eb95d5e022af67e82a420c1aaebed9b34badc932622,2024-10-21 16:45:38.987607+00:00,hu,origo.hu,origo.hu,2020-10-15,Az elmúlt években jócskán megugrott a hazai biogazdálkodók száma,https://www.origo.hu/gazdasag/20201014-az-elmult-ot-evben-jocskan-megugrott-a-hazai-biogazdalkodok-szama.html
aeca7ed98d77b870b347f86d5b064d1f470dec09c9b05a0c01fcb802f6b1fb59,2024-10-21 13:26:50.768260+00:00,hu,demokrata.hu,demokrata.hu,2024-10-21,Áder János: Egyre súlyosabbak a klímaváltozás következményei,https://demokrata.hu/magyarorszag/ader-janos-minel-inkb-serul-a-biodiverzitas-annal-sulyosabbak-a-klimavaltozas-kovetkezmenyei-900128/
c7470c8cfab20bddb98b61a0c547aeed47f1c4bf295aac4e5022a34ad5942a52,2024-10-21 12:48:36.949272+00:00,hu,hvg.hu,hvg.hu,2020-10-17,"A klímaváltozás és a fajok kihalása is megállítható volna, ha hallgatnánk egy friss tanulmány szerzőire",http://hvg.hu/gazdasag.zhvg/20201017_klimavaltozas_helyreallitas_mezogazdasag_szen_dioxid#rss
1bec4d8b04a803911d03364902e2f7427b517a29031ffe7ce196ddf2b5ef9391,2024-10-21 10:10:19.279547+00:00,hu,origo.hu,origo.hu,2020-10-19,Hárommilliárd fát ültetnének a következő tíz évben,https://www.origo.hu/tudomany/20201019-elindultunk-a-zoldebb-jovo-fele.html
0bbe9fd0ab0232a77413cb55a3d1a7ef543671b7efe16cc5426b39024dee5724,2024-10-21 09:02:31.560771+00:00,hu,blikk.hu,blikk.hu,2020-10-20,"„Eljött az ideje annak, hogy megpróbáljuk rendezni a viszonyunkat a természettel” – Fontos lépést tettünk világunk megmentéséért",https://www.blikk.hu/aktualis/vilag-titkai/3-milliard-fa-kornyezetvedelem-biodiverzitas/4v1dn7h
084e8f82483e37c894079cbdca0c11063d99bddf9d486edfba95a9ba965920cb,2024-10-20 20:59:32.800722+00:00,hu,napi.hu,napi.hu,2020-10-27,A jövő év elején kerülhet az Országgyűlés elé az új nemzeti környezetvédelmi program,https://www.napi.hu/magyar_gazdasag/a_jovo_ev_elejen_kerulhet_az_orszaggyules_ele_az_uj_nemzeti_kornyezetvedelmi_program.716450.html
86fcbc0e41641a938fb6dbf227852587636e42a93157b3c744fe780a27cf98de,2024-10-20 17:44:10.351918+00:00,hu,444.hu,444.hu,2020-10-29,A legnagyobb bankok irgalmatlanul sok pénzt öntenek a biodiverzitást pusztító projektekbe,https://444.hu/2020/10/29/a-legnagyobb-bankok-irgalmatlanul-sok-penzt-ontenek-a-biodiverzitast-pusztito-projektekbe
e428da3c4871ca6bdfbcebf448d5d4f4271495e559e268cb8a4ad79d17e8c6a6,2024-10-20 15:03:27.757137+00:00,hu,portfolio.hu,portfolio.hu,2020-10-29,"Kiderült, mely bankok felelősek a leginkább a fajok kihalásáért",https://www.portfolio.hu/bank/20201029/kiderult-mely-bankok-felelosek-a-leginkabb-a-fajok-kihalasaert-454962
37807aa9f102ef94699fd6dbddda97fedaddcc8fbf9e6fdb691005583a52cbd2,2024-10-20 13:02:07.735804+00:00,hu,24.hu,24.hu,2020-11-02,"Peru, a biokávé őshazája (x)",https://24.hu/belfold/2020/11/02/peru-a-biokave-oshazaja-x/
1d52f45157f5dc75bf0302ef467105c1cae80f3c4fee841f41940ffbd13647b1,2024-10-20 03:26:59.562451+00:00,hu,24.hu,24.hu,2020-11-07,Így vethetnénk véget a járványoknak,https://24.hu/tudomany/2020/11/07/jarvany-koronavirus-allatok-okologia/
3ac0e70bf01bb82ea73695ff44c4e0b8c092fde2ae0d25e389245c767411e877,2024-10-20 02:13:37.827976+00:00,hu,infostart.hu,infostart.hu,2020-11-07,Ökogazdálkodás: megosztottságot teremt idehaza az uniós direktíva,https://infostart.hu/gazdasag/2020/11/07/okogazdalkodas-megosztottsagot-teremt-idehaza-az-unios-direktiva
7c9b2305210e674ac7a77108f406aa845e2b33f1eb5049f2f5724383f96246fc,2024-10-19 23:38:02.940321+00:00,hu,merce.hu,merce.hu,2020-11-10,"„Az a szép zöld gyep, az fog nekem hiányozni, a gyep!” « Mérce",https://merce.hu/2020/11/10/az-a-szep-zold-gyep-az-fog-nekem-hianyozni-a-gyep/
63744553adfeaf399c996f7a766b0db7c86ddb7b28838f7a6f7236acd78c4444,2024-10-19 18:06:45.258844+00:00,hu,hvg.hu,hvg.hu,2020-11-13,Akár a Margit-szigetről is kitörhetne a következő világjárvány?,http://hvg.hu/gazdasag.zhvg/20201113_koronavirus_jarvany_zoonozis_foldvari_interju#rss
adff5b291d8a623068ca247e1ed5bd6297606ecdefe10ad8b2886dfefcc82ac1,2024-10-19 15:14:38.982230+00:00,hu,index.hu,index.hu,2020-11-15,Miért kell Hongkongban is az őshonos magyar állat?,https://index.hu/techtud/2020/11/15/mit_keresnek_oshonos_magyar_allatok_hongkongban/
5991d134b5b898cae31f2bb9125127d30f7d3163067c18541646f8c0e6796449,2024-10-19 14:24:45.288955+00:00,hu,24.hu,24.hu,2020-11-16,Így pusztítja el a klímaváltozás az erdőinket,https://24.hu/tudomany/2020/11/16/europai-erdok-klimavaltozas-szarazsag-falling-walls-konferencia/
89590aa87bfd2305e12e28a96c1953323bd7e270b4642760faa593c4f4a9cc7a,2024-10-19 07:17:41.135338+00:00,hu,hvg.hu,hvg.hu,2020-11-20,"Nem csak a parlagfű miatt kell aggódnia, ha allergiás",http://hvg.hu/gazdasag.zhvg/20201120_biologiai_invazio_klimavaltozas_allergia_zhvg#rss
47a8b50f6fc88f4fa4ed4656c0e470bca2a56c13b51e3e9d198348e871083f6b,2024-10-19 03:17:18.048157+00:00,hu,sonline.hu,sonline.hu,2024-10-19,"Nemcsak az állatok, hanem a talaj és a növények állapotát is érdemes vizsgálni",https://www.sonline.hu/helyi-kozelet/2024/10/nemcsak-az-allatok-hanem-a-talaj-es-a-novenyek-allapotat-is-erdemes-vizsgalni?utm_source=hirstart&utm_medium=referral&utm_campaign=hiraggregator
3b00a89abd3f07f72fd39ebe27cb53f8d809f6678c1dfc9be5a4afd2c7c32922,2024-10-18 22:14:33.756955+00:00,hu,hvg.hu,hvg.hu,2020-11-26,"Felfedeztek egy új majomfajt, a gond csak az, hogy máris kihalófélben van",http://hvg.hu/gazdasag.zhvg/20201126_Felfedeztek_egy_uj_majomfajt_a_gond_csak_az_hogy_maris_kihalofelben_van#rss
100e98565ac62029f2fa8748a991caee46af31b17962ae30817e3062e5583e14,2024-10-18 19:53:15.610634+00:00,hu,nepszava.hu,nepszava.hu,2020-11-28,"A magyar kormány gátolja az európai agrárium zöldítését – Interjú Rodics Katalinnal, a Greenpeace szakértőjével",https://nepszava.hu/3100932_a-magyar-kormany-gatolja-az-europai-agrarium-zolditeset--interju-rodics-katalinnal-a-greenpeace-szakertojevel
9753c7f9d3e515bde2be3de3960dec78cb5d08514f8d0dcf28a0ecd398f9d321,2024-10-18 19:28:17.363959+00:00,hu,nepszava.hu,nepszava.hu,2020-11-28,Megszállták a patikákat a magyarok,https://nepszava.hu/3100957_megszalltak-a-patikakat-a-magyarok
7955033f04d9aaa80cc7a5c9f2ee7d81feaac76be373b61debabb912a0752552,2024-10-18 18:21:23.937091+00:00,hu,nepszava.hu,nepszava.hu,2020-11-29,ITM: Egy éves autópálya-matrica megvételével letudható a pótdíj,https://nepszava.hu/3100998_itm-egy-eves-autopalya-matrica-megvetelevel-letudhato-a-potdij
035de41cdd24efc2925d62b2512ef82493ca22d373ad37edf9d37d84302d3b24,2024-10-18 15:28:14.937367+00:00,hu,merce.hu,merce.hu,2020-12-01,"Miért elhibázott az Európai Unió támogatási rendszere, és hogyan lehetne jobb? « Mérce",https://merce.hu/2020/12/01/miert-elhibazott-az-europai-unio-tamogatasi-rendszere-es-hogyan-lehetne-jobb/
461dfe5ae3fdafe3fdb05a1e2d722523951ad2734a1eacc844ff2ae49dc8f1c0,2024-10-18 14:14:29.646713+00:00,hu,444.hu,444.hu,2020-12-02,Klímavészhelyzetet hirdetett ki az új-zélandi parlament,https://444.hu/2020/12/02/klimaveszhelyzetet-hirdetett-ki-az-uj-zelandi-parlament
358a170e0a61d5fdb3fec76eebd878a7785ce86275cf36c257b5abbfede9fb37,2024-10-18 12:29:50.200175+00:00,hu,portfolio.hu,portfolio.hu,2020-12-03,A gyors büdzséalku és a klímavédelem fontosságát hangsúlyozta a lengyel agrárbiztos a Portfolio konferenciáján,https://www.portfolio.hu/unios-forrasok/20201203/a-gyors-budzsealku-es-a-klimavedelem-fontossagat-hangsulyozta-a-lengyel-agrarbiztos-a-portfolio-konferenciajan-460184
07202fac517c5eedff84347db4679748c1b2f9ba005fbb7bfb902c6f582d7d0b,2024-10-18 11:02:18.069949+00:00,hu,atv.hu,atv.hu,2020-12-04,"2020 lehet a második legmelegebb év, mióta adataink vannak a globális hőmérsékletről",http://www.atv.hu/kulfold/20201203-2020-lehet-a-masodik-legmelegebb-ev-miota-adataink-vannak-a-globalis-homersekletrol
90db6e1455e7b653702b62f74dedfbe141b9c981821740642c1408897810b305,2024-10-18 02:13:46.846752+00:00,hu,24.hu,24.hu,2020-12-09,Így lesz félsivatag Magyarországból,https://24.hu/tudomany/2020/12/09/magyarorszag-elsivatagosodas-klimavaltozas/
a95fea701ea317ea196f6c72e6c4f15beb42f50fd2cb8de4c02d4619a389a53c,2024-10-17 21:50:32.396499+00:00,hu,mandiner.hu,mandiner.hu,2020-12-11,Klímaváltozás: elvándorlás vagy helyben alkalmazkodás?,https://mandiner.hu/cikk/20201211_klimavaltozas_elvandorlas_vagy_helyben_alkalmazkodas
b7fa152dc7c0c54990d60437ffe279a66a44e531ac86b0b988e433abdf958fe2,2024-10-17 18:27:11.728008+00:00,hu,pestisracok.hu,pestisracok.hu,2020-12-14,"Közösek a céljaink, de nem az agrárium lejáratása hozza el a zöldfordulatot – Nagy István a PS-nek reagált a Greenpeace vádjaira",https://pestisracok.hu/kozosek-a-celjaink-de-nem-az-agrarium-lejaratasa-hozza-el-a-zoldfordulatot-nagy-istvan-a-ps-nek-reagalt-a-greenpeace-vadjaira/
71f05d97719a5be10edf878ab62ceb99cc2a8118e1980b095d15fa5634d65661,2024-10-17 14:24:09.457891+00:00,hu,haon.hu,haon.hu,2024-10-17,Új kihívások és lehetőségek a növényvédelemben – Nemzetközi fórumot tartottak Debrecenben,https://www.haon.hu/helyi-kozelet/2024/10/debreceni-egyetem-novenyvedelem-forum?utm_source=hirstart&utm_medium=referral&utm_campaign=hiraggregator
dab130b94e71679af51c0967b275e4973f086ebee8d9c13a9ea319324df9e921,2024-10-17 14:12:04.927137+00:00,hu,bama.hu,bama.hu,2020-12-16,„Elsődleges a természetvédelem szolgálata”,https://www.bama.hu/pr/elsodleges-a-termeszetvedelem-szolgalata-3427063/?utm_source=rss&utm_medium=referral&utm_campaign=hiraggregator
67b3a24d679eaef45071da004269a4cf7f736975f4063d5b9a8ac65ac3a43faa,2024-10-17 11:44:05.495720+00:00,hu,merce.hu,merce.hu,2020-12-18,A gazdasági válságtól egy új gazdasági rendszer elképzeléséig « Mérce,https://merce.hu/2020/12/18/a-gazdasagi-valsagtol-egy-uj-gazdasagi-rendszer-elkepzeleseig/
1caed8ada1d0e4673a7aa2d146fc02256a719fa2b99a4ab98ef35ec0e0d8318a,2024-10-17 08:55:04.740269+00:00,hu,magyarnemzet.hu,magyarnemzet.hu,2020-12-20,Teljesíthető ajánlásokat tett az Európai Bizottság,https://magyarnemzet.hu/gazdasag/teljesitheto-ajanlasokat-tett-az-europai-bizottsag-9128540/?utm_source=rss&utm_medium=referral&utm_campaign=hiraggregator
881f0262ce2ace72e76530e474d07a0c4bea131afafc616226afc3a11162825e,2024-10-17 08:52:23.393329+00:00,hu,boon.hu,boon.hu,2020-12-20,Teljesíthető ajánlásokat tett az Európai Bizottság,https://boon.hu/gazdasag/hazai-gazdasag/teljesitheto-ajanlasokat-tett-az-europai-bizottsag-5057182/?utm_source=rss&utm_medium=referral&utm_campaign=hiraggregator
c67d4655909e41874f513734116ce21eead745521a38230b66291e2d831e31cb,2024-10-17 08:52:15.732415+00:00,hu,szon.hu,szon.hu,2020-12-20,Teljesíthető ajánlásokat tett az Európai Bizottság,https://szon.hu/gazdasag/hazai-gazdasag/teljesitheto-ajanlasokat-tett-az-europai-bizottsag-4689625/?utm_source=rss&utm_medium=referral&utm_campaign=hiraggregator
96538a89c8f60462e17e3ced1e833766cc390655c3a773a51b2ec641bed76e5e,2024-10-17 08:52:13.173412+00:00,hu,duol.hu,duol.hu,2020-12-20,Teljesíthető ajánlásokat tett az Európai Bizottság,https://www.duol.hu/gazdasag/hazai-gazdasag/teljesitheto-ajanlasokat-tett-az-europai-bizottsag-4022842/?utm_source=rss&utm_medium=referral&utm_campaign=hiraggregator
ec786896dad87b6d522051d96a7750ed805efc258d7465bd58467bbe223d240c,2024-10-17 08:52:06.496151+00:00,hu,bama.hu,bama.hu,2020-12-20,Teljesíthető ajánlásokat tett az Európai Bizottság,https://www.bama.hu/gazdasag/hazai-gazdasag/teljesitheto-ajanlasokat-tett-az-europai-bizottsag-3435403/?utm_source=rss&utm_medium=referral&utm_campaign=hiraggregator
9c34c2af6008a430a5663fc8cf58c67aa96625799d889acc52618096c64282a3,2024-10-17 08:52:05.293610+00:00,hu,szoljon.hu,szoljon.hu,2020-12-20,Teljesíthető ajánlásokat tett az Európai Bizottság,https://www.szoljon.hu/gazdasag/hazai-gazdasag/teljesitheto-ajanlasokat-tett-az-europai-bizottsag-3141109/?utm_source=rss&utm_medium=referral&utm_campaign=hiraggregator
af62edc801cef5dfaa7932bd03a5de3147e5649aa1a81338cb04e8ca78c9e3f4,2024-10-17 08:52:05.004889+00:00,hu,beol.hu,beol.hu,2020-12-20,Teljesíthető ajánlásokat tett az Európai Bizottság,https://www.beol.hu/gazdasag/hazai-gazdasag/teljesitheto-ajanlasokat-tett-az-europai-bizottsag-3550624/?utm_source=rss&utm_medium=referral&utm_campaign=hiraggregator
11624da93ead1d95cb95e3352d1d458c60cce00c5463093293c90a748ddf38fe,2024-10-17 08:51:46.368913+00:00,hu,haon.hu,haon.hu,2020-12-20,Teljesíthető ajánlásokat tett az Európai Bizottság,https://haon.hu/gazdasag/hazai-gazdasag/teljesitheto-ajanlasokat-tett-az-europai-bizottsag-4851763/?utm_source=rss&utm_medium=referral&utm_campaign=hiraggregator
ea2e33e024dc2adf938eafa3a302b010ff5a771d3f981de1bd75856b27adf33b,2024-10-17 08:51:32.954818+00:00,hu,delmagyar.hu,delmagyar.hu,2020-12-20,Teljesíthető ajánlásokat tett az Európai Bizottság,https://www.delmagyar.hu/gazdasag/hazai-gazdasag/teljesitheto-ajanlasokat-tett-az-europai-bizottsag-7075798/?utm_source=rss&utm_medium=referral&utm_campaign=hiraggregator
27ba21ed0f8ef2e09ca4a949d3359c905908b6c62dd1c043d317b8934ac30452,2024-10-17 04:28:36.089682+00:00,hu,index.hu,index.hu,2020-12-23,Az RMDSZ új minisztere szabályozná a medvepopulációt,https://index.hu/kulfold/2020/12/23/tanczos_barna_rmdsz_romania_medveallomany/
2ce10a09edfe2e077661cf99a4a2e553271e5b85d134489860b8311c74769ccd,2024-10-16 23:08:57.695878+00:00,hu,origo.hu,origo.hu,2020-12-27,Ennyi fajt menthetünk meg az étkezési szokásaink megváltoztatásával,https://www.origo.hu/tudomany/20201227-szinte-az-osszes-szarazfoldi-allatfaj-elveszitheti-az-elohelyenek-egy-reszet.html
7fdd2af8b72a6bc6f790b6442e692caec64c19856b58a496bf90c99c7b773eec,2024-10-16 19:01:44.875862+00:00,hu,444.hu,444.hu,2020-12-30,Több mint ötszáz új állat- és növényfajt azonosítottak be az idén brit természettudósok,https://444.hu/2020/12/30/tobb-mint-otszaz-uj-allat-es-novenyfajt-azonositottak-be-az-iden-brit-termeszettudosok
4deb547c500ee72d7eb2ed436a1ee257f275cea8dbdebb9df282350a55ec9eca,2024-10-14 11:48:01.673310+00:00,hu,vg.hu,vg.hu,2024-10-14,COP29: magas szintű magyar delegáció dolgozik a klímacsúcs sikeréért,https://www.vg.hu/kozelet/2024/10/cop29-klimacsucs-baku-magyar-delegacio?utm_source=hirstart&utm_medium=referral&utm_campaign=hiraggregator
0e859a0054cf04bf369060438fab91d61dee5b0f13ec084a19bb6cb23d62c2ce,2024-10-11 17:28:50.783343+00:00,hu,origo.hu,origo.hu,2024-10-11,"Egy új tanulmány feltárta, azt a meglepő hajtóerőt, ami az erdei növények gyors migrációja mögött áll.",https://www.origo.hu/tudomany/2024/10/erdei-novenyeket-a-nitrogen-hajtja-nyugatra
20ff83eee43b024a9216e9e554b1563747652a96d8a8faae6cd003e71cdc9eb4,2024-10-10 10:33:10.664708+00:00,hu,hvg.hu,hvg.hu,2024-10-10,"Kandrács Csaba, az MNB alelnöke: Hamarosan új világ kezdődik a pénzügyekben",https://hvg.hu/gazdasag/20241010_MNB-alelnok-kandracs-csaba-zold-penzugy-jegybank-zoldhitel-esg-klima-kornyezetvedelem#rss
a7a972a1e7a85c9c064ac541f3fd9ca9f8e95b0599efe20a72cde8f857333257,2024-10-07 13:30:38.849587+00:00,hu,infostart.hu,infostart.hu,2024-10-07,Az elmúlt száz évben használt növények háromnegyedét már nem termesztik,https://infostart.hu/tudomany/2024/10/07/az-elmult-szaz-evben-hasznalt-novenyek-haromnegyedet-mar-nem-termesztik
b4ed11713c9ee0737d9de3e15dc3161565186236e1adbd39528cb14c2321e5d5,2024-10-03 12:25:13.074003+00:00,hu,vg.hu,vg.hu,2024-10-03,"Trópusi fertőzések kutatása: késik az uniós pénz, de a Debreceni Egyetemnek van megoldása",https://www.vg.hu/vilaggazdasag-magyar-gazdasag/2024/10/tropusi-fertozesek-kutatasa-kesik-az-unios-penz-de-a-debreceni-egyetemnek-van-megoldasa?utm_source=hirstart&utm_medium=referral&utm_campaign=hiraggregator
0c2283f9009a5b395088a8ffc31b97f22ac4e0994d8c946c829c9bfc33354644,2024-10-01 05:22:01.341936+00:00,hu,index.hu,index.hu,2024-10-01,"Áder János műsorában beszélt egy miniszter arról, hogyan verték át Brüsszelt",https://index.hu/belfold/2024/10/01/ader-janos-koztarsasagi-elnok-kek-bolygo-podcast-nagy-istvan-agrarminiszter-arviz-aszaly/
ed242b6e9704f05734fa5a7a746dd0c6eb3bf8213b16c66f68181d38eb99f427,2024-09-30 15:26:35.596787+00:00,hu,sonline.hu,sonline.hu,2024-09-30,Diverzitásbarát kisvíz-gazdálkodás a Koppány-patak mentén,https://www.sonline.hu/helyi-kozelet/2024/09/diverzitasbarat-kisviz-gazdalkodas-a-koppany-patak-menten?utm_source=hirstart&utm_medium=referral&utm_campaign=hiraggregator
bfa590eb2293e379cc31317be6a5c1f898112f7d1d0619d5856cacf7fb77fc79,2024-09-25 21:35:30.868371+00:00,hu,444.hu,444.hu,2021-11-13,"Egyre kisebbek lesznek az Amazonas-medence madarai, és vannak fajok, melyeknek hosszabb lesz a szárnya",https://444.hu/2021/11/13/egyre-kisebbek-lesznek-az-amazonas-medence-madarai-es-vannak-fajok-melynek-hosszabb-lesz-a-szarnya?utm_source=rss_feed&utm_medium=rss&utm_campaign=rss_syndication
d7d2d632e51d4293539c8bbb8df11dd7c05e944949472166c64ccb32ed1c0fcd,2024-09-25 15:45:32.961686+00:00,hu,blikk.hu,blikk.hu,2021-11-16,Honnan érkezhet a koronavírus utódja? Hogyan készüljünk fel rá? – Videón mesélnek a szakértők,https://www.blikk.hu/aktualis/belfold/koronavirus-uj-jarvany-uj-virusok-pandemia-eloadas-video/17017tl
86131cde1161f048fe15636682aee8d469ba0fa98928ebe3ebd258ae4da89212,2024-09-25 15:44:11.568775+00:00,hu,hvg.hu,hvg.hu,2021-11-16,Honnan érkezhet a következő koronavírus? És hogyan tudunk rá felkészülni?,http://hvg.hu/tudomany/20211116_koronavirus_kemenesi_gabor_foldvari_gabor_virusok#rss
f9634c8121b4d90588f678e1e371e6ab72bc7900dc06ccbb7a054ddb4615db6d,2024-09-25 14:55:04.013712+00:00,hu,portfolio.hu,portfolio.hu,2021-11-17,"Kemenesi Gábor elárulta, honnan jöhet a koronavírus utódja",https://www.portfolio.hu/gazdasag/20211117/kemenesi-gabor-elarulta-honnan-johet-a-koronavirus-utodja-511164
ec48c22e28473e5cdb7c0ff1be7e9f7810c8ee07492e3f13f015b183fc95a66e,2024-09-25 14:18:59.261104+00:00,hu,infostart.hu,infostart.hu,2021-11-17,Kemenesi Gábor már harmincezer fenyegető koronavírusról beszélt,https://infostart.hu/tudomany/2021/11/17/kemenesi-gabor-mar-harmincezer-fenyegeto-koronavirusrol-beszelt
c89b4cf5c956d1f0c8ccda9fd4ac499d3bdf96a95728b9ca98b5301080615bdb,2024-09-24 19:23:31.410383+00:00,hu,index.hu,index.hu,2024-09-24,A folyók természetes kanyarulatainak visszaállítása oldhatja meg az árvízvédelmet?,https://index.hu/tudomany/2024/09/24/arviz-folyo-szabalyozas-kanyarulat-megoldas/
9305d13a43083a3fe379d99c8c3daeabbe68ba556d7eae8a6e7fca10f5bf87aa,2024-09-21 02:21:42.095639+00:00,hu,sonline.hu,sonline.hu,2024-09-21,Célzott támogatások ösztönzik a talajkímélő gazdálkodást és a szakmai kutatásokat,https://www.sonline.hu/helyi-gazdasag/2024/09/celzott-tamogatasok-osztonzik-a-talajkimelo-gazdalkodast-es-a-szakmai-kutatasokat?utm_source=hirstart&utm_medium=referral&utm_campaign=hiraggregator
f60a5f281e2adb4910b649476a9d02e5701678fff5ce2474b36a47847abe80e2,2024-09-20 10:53:07.490083+00:00,hu,merce.hu,merce.hu,2024-09-19,"Hogyan készüljünk fel az árvízre, hogy veszedelem helyett lehetőséget lássunk benne? « Mérce",https://merce.hu/2024/09/19/aszalyra-ar-mit-tehetunk-hogy-ne-csak-megusszuk-de-munkara-foghassuk/
f1c7c6cfa2559a3c486802d51bf3733b27d51c8886b46b65a6318c62354dfd9b,2024-09-19 20:17:28.158533+00:00,hu,infostart.hu,infostart.hu,2024-09-19,Ettől talajt fog: új területre veti ki hálóját az EU,https://infostart.hu/gazdasag/2024/09/19/ettol-talajt-fog-uj-teruletre-veti-ki-halojat-az-eu
091c56ba375c0b32f6c00e924fd745e0731379d71c0a167c06e32b17024d2a10,2024-09-19 10:32:04.487718+00:00,hu,pestisracok.hu,pestisracok.hu,2024-09-18,"Áradás, kánikula, aszály, silány élelmiszerek, klímahiszti – Mindnek ugyanaz az ellenszere",https://pestisracok.hu/aradas-kanikula-aszaly-silany-elelmiszerek-klimahiszti-mindnek-ugyanaz-az-ellenszere/comment-page-1/#comment-2097165
0c0da204b2392919e3563152bcfa5eb186c1f01580bc6760ed3296ecfbdbf883,2024-09-18 13:30:37.036987+00:00,hu,origo.hu,origo.hu,2024-09-18,A pollen hatással van a felhőképződésre és a csapadékmintázatra,https://www.origo.hu/tudomany/2024/09/pollen-hatassal-van-az-idojarasra
9fd7ba059c2beb39d0d5621b4cce2f5a5de19a7939da160ee4fe12eab4c83ed6,2024-09-18 07:22:43.321671+00:00,hu,pestisracok.hu,pestisracok.hu,2024-09-18,"Áradás, kánikula, aszály, silány élelmiszerek, klímahiszti – Mindnek ugyanaz az ellenszere",https://pestisracok.hu/aradas-kanikula-aszaly-silany-elelmiszerek-klimahiszti-mindnek-ugyanaz-az-ellenszere/
c351d79c9a4a20df5698aea749b2b4a17e0c9078b9bf8320aeca50c8e6b5f86d,2024-09-17 09:32:49.743068+00:00,hu,portfolio.hu,portfolio.hu,2024-09-17,"Mikor kapcsolhatjuk fel az első lámpát, ami Paks II.-es árammal világít?",https://www.portfolio.hu/gazdasag/20240917/mikor-kapcsolhatjuk-fel-az-elso-lampat-ami-paks-ii-es-arammal-vilagit-709449
bb5ade2a62d85b3f66bda3d774f5209cc0792799447a3749c4b14a8dc8099952,2024-09-12 05:22:03.286181+00:00,hu,nepszava.hu,nepszava.hu,2024-09-12,Ontológia,https://nepszava.hu/3249756_ontologia
e6655b38b3290c9a6ae5d413d2d6fbf0cfb0e84b722d7d919039c65294b83d1f,2024-09-10 06:24:24.164412+00:00,hu,haon.hu,haon.hu,2021-10-14,Stratégiai megállapodást kötött a Debreceni Egyetem az erdőgazdálkodásért,https://haon.hu/kozelet/helyi-kozelet/strategiai-megallapodast-kotott-a-debreceni-egyetem-az-erdogazdalkodasert-5737625/?utm_source=rss&utm_medium=referral&utm_campaign=hiraggregator
c7bb70086f98738dc0dccd966d0ba3a08a5630b868e1902574b869ceb845abdd,2024-09-10 00:31:30.413428+00:00,hu,origo.hu,origo.hu,2021-10-17,Ezek az erdei biodiverzitás kulcsfontosságú környezeti tényezői,https://www.origo.hu/tudomany/20211016-az-erdei-biodiverzitas-kulcsfontossagu-kornyezeti-tenyezoit-vizsgaltak-az-ok-kutatoi.html
12b95ce909b7474e1ed6fdca465f0539c181cdc31a1fe95cdc1cb0c6b86362cb,2024-09-09 22:22:04.349009+00:00,hu,szeretlekmagyarorszag.hu,szeretlekmagyarorszag.hu,2021-10-19,Riasztó klímajelentés: A következő két évtizedben eltűnnek Afrika ritka gleccserei,https://www.szeretlekmagyarorszag.hu/jovo/riaszto-klimajelentes-a-kovetkezo-ket-evtizedben-eltunnek-afrika-ritka-gleccserei/
244a484f15a83f8bc3776d301d768503cdab7b5f7c49612421c35cc6dcb35acb,2024-09-09 20:35:01.685728+00:00,hu,szeretlekmagyarorszag.hu,szeretlekmagyarorszag.hu,2021-10-20,Várhatóan nem csökken a fosszilis tüzelőanyagok kitermelése a következő évtizedben,https://www.szeretlekmagyarorszag.hu/jovo/varhatoan-nem-csokken-a-fosszilis-tuzeloanyagok-kitermelese-a-kovetkezo-evtizedben/
8a93a97c2a2d2022e3e737dcdd31a5c5255520618824d33a35d0e59f397e362d,2024-09-09 19:07:53.390809+00:00,hu,szeretlekmagyarorszag.hu,szeretlekmagyarorszag.hu,2021-10-21,Rengeteg krónikus vesebeteg lehet a jövőben a globális felmelegedés miatt,https://www.szeretlekmagyarorszag.hu/jovo/rengeteg-kronikus-vesebeteg-lehet-a-jovoben-a-globalis-felmelegedes-miatt/
af5d8a53f590e4d0c74038b1ffed1e4554286daf84bfdfe09c3dbbde3aec13f0,2024-09-09 19:03:29.403882+00:00,hu,szeretlekmagyarorszag.hu,szeretlekmagyarorszag.hu,2021-10-21,Először szállított drón donorszervet beültetésre,https://www.szeretlekmagyarorszag.hu/jovo/dron-szallitott-tudot-beultetesre/
162fb44b595b6a89911038712c6e2b1ef550d2784e9d84f21945b2a2eb8c4d57,2024-09-09 14:41:20.684512+00:00,hu,24.hu,24.hu,2021-10-24,"Ezt kell tennünk, ha meg akarjuk védeni a Földet",https://24.hu/tudomany/2021/10/24/klimavaltozas-globalis-felmelegedes-termeszetvedelem-biodiverzitas-megoldasok-jovo/
2d6f686f44702e61bbc9b07d07898f29e68aa58f97870618267cb7f0d03591c4,2024-09-09 09:47:04.314534+00:00,hu,infostart.hu,infostart.hu,2021-10-27,Drámai adatokról beszélt Áder János,https://infostart.hu/belfold/2021/10/27/dramai-adatokrol-beszelt-ader-janos
cedbe0f6d67437af04b16113b31369324c3100d29c5f96e9826cd3904f9d24c7,2024-09-09 09:45:43.506201+00:00,hu,atv.hu,atv.hu,2021-10-27,Áder: a kihalási hullám még sosem volt ilyen gyors,http://www.atv.hu/belfold/20211027-ader-a-kihalasi-hullam-meg-sosem-volt-ilyen-gyors
78f523fcf63251ce29a8eaa3f05eb5efb010707b5330c24cc4dda3b7e79ff57d,2024-09-09 05:49:10.009114+00:00,hu,hvg.hu,hvg.hu,2021-10-30,"Hirtelen olyan sokat interneteznek az emberek, hogy be kell avatkozni – átalakítja adatközpontjait a Microsoft",http://hvg.hu/tudomany/20211030_internet_forgalma_microsoft_adatkozpontok_energiafogyasztasa_karosanyag_kibocsatas_zero_emisszio#rss
f4891e21e4680955487d2dddce377dbc7d6157ac4d15daf3e2a0905c9db23024,2024-09-09 04:59:47.144110+00:00,hu,infostart.hu,infostart.hu,2021-10-31,"Öt étel-ital, amelyet elvehet tőlünk a klímaváltozás",https://infostart.hu/tudomany/2021/10/31/ot-etel-ital-amelyet-elvehet-tolunk-a-klimavaltozas
052902191ba83887076c215298f913282cf0000a6b64e384a24b93b33b8b0131,2024-09-09 03:15:59.446267+00:00,hu,index.hu,index.hu,2021-11-01,"Most természetesnek vesszük ezeket a finomságokat, a klímaváltozás miatt elköszönhetünk tőlük",https://index.hu/kulfold/2021/11/01/kave-banan-csokolade-klimavaltozas-szeszelyes-evszakok/
e5fc78ab4da825ce1c69354ad55025dd6e9bf574a55489d8c63f4f268b6c55d7,2024-09-08 22:36:37.611192+00:00,hu,merce.hu,merce.hu,2021-11-04,"Hajszárítóval a jéghegy ellen, avagy miért nagy átverés a nettó nulla kibocsátás? « Mérce",https://merce.hu/2021/11/04/hajszaritoval-a-jeghegy-ellen-avagy-miert-nagy-atveres-a-netto-nulla-kibocsatas/
9b168efdb098c123c0704f0ad0de002da19dc86e9fb7e1bfac756bd57d0e8574,2024-09-08 21:57:29.749394+00:00,hu,24.hu,24.hu,2021-11-04,"A természetnél brutálisabb, kegyetlenebb, szexistább dolog nincs a világon""",https://24.hu/kultura/2021/11/04/torok-zoltan-termeszetfilm-vadlovak-interju-hortobagy/
0b8175c4a5c0820a17becb73526e1cd6322c2c903efad9e924a12bac1c1af281,2024-09-08 21:13:31.472520+00:00,hu,24.hu,24.hu,2021-11-05,Egy halott bolygón már felesleges lesz a pénz,https://24.hu/tudomany/2021/11/05/cop26-ensz-klimakonferencia-fridays-for-future-skocia-tuntetes-greta-thunberg/
f42692c8b11d9eab32d453c9234c97339672077863ffd427e6149fdb59bbbae4,2024-09-08 16:28:47.187226+00:00,hu,24.hu,24.hu,2021-11-08,"Még mindig messze vagyunk attól, hogy elkerüljük a klímakatasztrófát",https://24.hu/tudomany/2021/11/08/cop26-ensz-klimacsucs-pr-akcio-greta-thunberg-elso-het/
c87f9ca0cfaa31aa9a44a86f1c6a7280de782b284a1299392e64389534874b7a,2024-09-08 10:30:42.805332+00:00,hu,delmagyar.hu,delmagyar.hu,2024-09-08,Stabil és kiemelt termékpálya a jövőben is a díszkertészet,https://www.delmagyar.hu/hazai-gazdasag/2024/09/diszkerteszet-faiskola-kiemelt-termekpalya-magyar-kert-tajeptio-hungarogreen?utm_source=hirstart&utm_medium=referral&utm_campaign=hiraggregator
c07849842dbbf64f58d533fee4a5547742fb75fd69c62a6aa8a0a8624e411a12,2024-09-08 10:29:36.561491+00:00,hu,heol.hu,heol.hu,2024-09-08,Stabil és kiemelt termékpálya a jövőben is a díszkertészet,https://www.heol.hu/hazai-gazdasag/2024/09/diszkerteszet-faiskola-kiemelt-termekpalya-magyar-kert-tajeptio-hungarogreen?utm_source=hirstart&utm_medium=referral&utm_campaign=hiraggregator
0fcd030a9845d011891c302fe5c32efac9b9f3d2ba42c1080bf19ffe8e6b8dec,2024-09-08 10:26:35.634425+00:00,hu,duol.hu,duol.hu,2024-09-08,Stabil és kiemelt termékpálya a jövőben is a díszkertészet,https://www.duol.hu/hazai-gazdasag/2024/09/diszkerteszet-faiskola-kiemelt-termekpalya-magyar-kert-tajeptio-hungarogreen?utm_source=hirstart&utm_medium=referral&utm_campaign=hiraggregator
7bea7816b0c7267d2974a7648f77455e13b94a054c05e997be7fc8a243c17385,2024-09-08 09:26:33.806676+00:00,hu,vaol.hu,vaol.hu,2024-09-08,Stabil és kiemelt termékpálya a jövőben is a díszkertészet,https://www.vaol.hu/hazai-gazdasag/2024/09/diszkerteszet-faiskola-kiemelt-termekpalya-magyar-kert-tajeptio-hungarogreen?utm_source=hirstart&utm_medium=referral&utm_campaign=hiraggregator
03b928cce7922446ba0f5ac17d0b9e21dbacb1434152a70ce88658810f123b31,2024-09-08 09:23:08.887432+00:00,hu,beol.hu,beol.hu,2024-09-08,Stabil és kiemelt termékpálya a jövőben is a díszkertészet,https://www.beol.hu/hazai-gazdasag/2024/09/diszkerteszet-faiskola-kiemelt-termekpalya-magyar-kert-tajeptio-hungarogreen?utm_source=hirstart&utm_medium=referral&utm_campaign=hiraggregator
8531a078a87c536b9f80c0d4b78466ff34fb75d366f3b374847b4d51cbe4d744,2024-09-08 09:22:48.917379+00:00,hu,kisalfold.hu,kisalfold.hu,2024-09-08,Stabil és kiemelt termékpálya a jövőben is a díszkertészet,https://www.kisalfold.hu/hazai-gazdasag/2024/09/diszkerteszet-faiskola-kiemelt-termekpalya-magyar-kert-tajeptio-hungarogreen?utm_source=hirstart&utm_medium=referral&utm_campaign=hiraggregator
3a71f3444d32241f80f1efafaf2842b9456d50d98a560b874aa32723a0662216,2024-09-08 09:21:00.149842+00:00,hu,boon.hu,boon.hu,2024-09-08,Stabil és kiemelt termékpálya a jövőben is a díszkertészet,https://www.boon.hu/hazai-gazdasag/2024/09/diszkerteszet-faiskola-kiemelt-termekpalya-magyar-kert-tajeptio-hungarogreen?utm_source=hirstart&utm_medium=referral&utm_campaign=hiraggregator
2970cdd5b06b07d8cb593c0b2e1d597a69caea6e202835d140bcd195da07be4f,2024-09-08 09:20:56.008602+00:00,hu,teol.hu,teol.hu,2024-09-08,Stabil és kiemelt termékpálya a jövőben is a díszkertészet,https://www.teol.hu/hazai-gazdasag/2024/09/diszkerteszet-faiskola-kiemelt-termekpalya-magyar-kert-tajeptio-hungarogreen?utm_source=hirstart&utm_medium=referral&utm_campaign=hiraggregator
2b65ead3cec887efbecc2333436c5ead1ac6bc005d9247041bc974b2791ef9ef,2024-09-08 09:19:34.424743+00:00,hu,szon.hu,szon.hu,2024-09-08,Stabil és kiemelt termékpálya a jövőben is a díszkertészet,https://www.szon.hu/hazai-gazdasag/2024/09/diszkerteszet-faiskola-kiemelt-termekpalya-magyar-kert-tajeptio-hungarogreen?utm_source=hirstart&utm_medium=referral&utm_campaign=hiraggregator
cb2df374c2fcdd4db157904e9923ded53d2d5fe3b62a6cefd8c3cbaccddf2c7e,2024-09-08 09:19:10.694037+00:00,hu,szoljon.hu,szoljon.hu,2024-09-08,Stabil és kiemelt termékpálya a jövőben is a díszkertészet,https://www.szoljon.hu/hazai-gazdasag/2024/09/diszkerteszet-faiskola-kiemelt-termekpalya-magyar-kert-tajeptio-hungarogreen?utm_source=hirstart&utm_medium=referral&utm_campaign=hiraggregator
86cb0d4317138740d9d2e08d0c142c1cb05209fd8c4a4fddecf80b0d6d203d8e,2024-09-08 08:21:32.793208+00:00,hu,zaol.hu,zaol.hu,2024-09-08,Stabil és kiemelt termékpálya a jövőben is a díszkertészet,https://www.zaol.hu/hazai-gazdasag/2024/09/diszkerteszet-faiskola-kiemelt-termekpalya-magyar-kert-tajeptio-hungarogreen?utm_source=hirstart&utm_medium=referral&utm_campaign=hiraggregator
7220f859600d0d5ce1a4ec766ec1384121d135174cf7de4cec9669c9be0d07ee,2024-09-08 07:25:48.886383+00:00,hu,haon.hu,haon.hu,2024-09-08,Stabil és kiemelt termékpálya a jövőben is a díszkertészet,https://www.haon.hu/hazai-gazdasag/2024/09/diszkerteszet-faiskola-kiemelt-termekpalya-magyar-kert-tajeptio-hungarogreen?utm_source=hirstart&utm_medium=referral&utm_campaign=hiraggregator
42937644914d1a36338586d7a2d0edc0b755acabd82e67eb6914915a719a022c,2024-09-08 07:24:14.887125+00:00,hu,baon.hu,baon.hu,2024-09-08,Stabil és kiemelt termékpálya a jövőben is a díszkertészet,https://www.baon.hu/hazai-gazdasag/2024/09/diszkerteszet-faiskola-kiemelt-termekpalya-magyar-kert-tajeptio-hungarogreen?utm_source=hirstart&utm_medium=referral&utm_campaign=hiraggregator
e6264163a5f958d920990b482c65dcd5c937a457a84dac9d3fe21150d7e008d0,2024-09-08 07:24:10.135353+00:00,hu,veol.hu,veol.hu,2024-09-08,Stabil és kiemelt termékpálya a jövőben is a díszkertészet,https://www.veol.hu/hazai-gazdasag/2024/09/diszkerteszet-faiskola-kiemelt-termekpalya-magyar-kert-tajeptio-hungarogreen?utm_source=hirstart&utm_medium=referral&utm_campaign=hiraggregator
0a63e7bd108f25f14ea71a2c0cb4fbc974c623a28819af28904895847d7b88eb,2024-09-08 07:24:08.363180+00:00,hu,sonline.hu,sonline.hu,2024-09-08,Stabil és kiemelt termékpálya a jövőben is a díszkertészet,https://www.sonline.hu/hazai-gazdasag/2024/09/diszkerteszet-faiskola-kiemelt-termekpalya-magyar-kert-tajeptio-hungarogreen?utm_source=hirstart&utm_medium=referral&utm_campaign=hiraggregator
bcefb78bab7c3b818530c9e9811ff456bf3fbd4d57a6c7cf21087858f1d561ce,2024-09-08 07:18:50.482117+00:00,hu,bama.hu,bama.hu,2024-09-08,Stabil és kiemelt termékpálya a jövőben is a díszkertészet,https://www.bama.hu/hazai-gazdasag/2024/09/diszkerteszet-faiskola-kiemelt-termekpalya-magyar-kert-tajeptio-hungarogreen?utm_source=hirstart&utm_medium=referral&utm_campaign=hiraggregator
26e3a4b2d1e7616b02226847f78f57f08ebfe4c27d8d4bae7c29fb4fbe25d845,2024-09-07 22:49:36.651546+00:00,hu,444.hu,444.hu,2021-09-22,"Indul a globális csúcstalálkozó, ahol teljesen átalakítanák a világ élelmiszer-rendszerét",https://444.hu/2021/09/22/indul-a-globalis-csucstalalkozo-ahol-teljesen-atalakitanak-a-vilag-elelmiszer-rendszeret?utm_source=rss_feed&utm_medium=rss&utm_campaign=rss_syndication
bb12752f4f7e51abdde9807cbb02c19973d0d61110ce4a30d9f69b9666458418,2024-09-07 22:31:54.626401+00:00,hu,vg.hu,vg.hu,2021-09-22,Biogazdálkodás magyar módra,https://www.vg.hu/velemeny/2021/09/biogazdalkodas-magyar-modra?utm_source=hirstart&utm_medium=referral&utm_campaign=hiraggregator
ef2ebadd7f7ac1d048a03ba5225fafb62f6acf71b180044e503a8c304c982cdd,2024-09-07 21:54:17.556913+00:00,hu,portfolio.hu,portfolio.hu,2021-09-22,"Ez már nem őrület, hanem a jövő: minden második eurót ESG-alapba fektetnek",https://www.portfolio.hu/befektetes/20210922/ez-mar-nem-orulet-hanem-a-jovo-minden-masodik-eurot-esg-alapba-fektetnek-501714
8ffb2f83494d369006b88227b8b5fe67b89e16d91b7d0c7d8e5f30b40b63f9e7,2024-09-07 20:28:14.792161+00:00,hu,heol.hu,heol.hu,2021-09-23,"Elindul a Megújuló vidék, megújuló agrárium program második üteme",https://www.heol.hu/gazdasag/hazai-gazdasag/elindul-a-megujulo-videk-megujulo-agrarium-program-masodik-uteme-3984740/?utm_source=rss&utm_medium=referral&utm_campaign=hiraggregator
1428a67edbaa361ed3c0cb0d15f1c5d7e7af65cc20467fca76a82d735f09b50c,2024-09-07 20:28:11.035362+00:00,hu,feol.hu,feol.hu,2021-09-23,"Elindul a Megújuló vidék, megújuló agrárium program második üteme",https://www.feol.hu/gazdasag/hazai-gazdasag/elindul-a-megujulo-videk-megujulo-agrarium-program-masodik-uteme-5303213/?utm_source=rss&utm_medium=referral&utm_campaign=hiraggregator
221a281d1df4cb894a45a2354c438efd6b5a47142ee31da8c3fdfedd50110aa0,2024-09-07 20:27:34.856830+00:00,hu,zaol.hu,zaol.hu,2021-09-23,"Elindul a Megújuló vidék, megújuló agrárium program második üteme",https://www.zaol.hu/gazdasag/hazai-gazdasag/elindul-a-megujulo-videk-megujulo-agrarium-program-masodik-uteme-5614871/?utm_source=rss&utm_medium=referral&utm_campaign=hiraggregator
5e6d01d187a5d45ae8b1681cdea7c1c532c61c01e7bc0bce1cd6023b177106eb,2024-09-07 20:27:24.600224+00:00,hu,veol.hu,veol.hu,2021-09-23,"Elindul a Megújuló vidék, megújuló agrárium program második üteme",https://www.veol.hu/gazdasag/hazai-gazdasag/elindul-a-megujulo-videk-megujulo-agrarium-program-masodik-uteme-5040257/?utm_source=rss&utm_medium=referral&utm_campaign=hiraggregator
436649bb8ff71eba56d565f741700c1a92167238dbf20bab36608f391d66af1f,2024-09-07 20:27:17.853446+00:00,hu,haon.hu,haon.hu,2021-09-23,"Elindul a Megújuló vidék, megújuló agrárium program második üteme",https://haon.hu/gazdasag/hazai-gazdasag/elindul-a-megujulo-videk-megujulo-agrarium-program-masodik-uteme-5672459/?utm_source=rss&utm_medium=referral&utm_campaign=hiraggregator
86bb10e620644329dc56f2dc09a9dac083794232cc3dec416610d7a6aca58fca,2024-09-07 20:27:13.473559+00:00,hu,boon.hu,boon.hu,2021-09-23,"Elindul a Megújuló vidék, megújuló agrárium program második üteme",https://boon.hu/gazdasag/hazai-gazdasag/elindul-a-megujulo-videk-megujulo-agrarium-program-masodik-uteme-5839379/?utm_source=rss&utm_medium=referral&utm_campaign=hiraggregator
97d9d49e32f7772bccc25b846623249b80d7c1bde97c45919eaa175174886137,2024-09-07 20:27:01.373971+00:00,hu,szon.hu,szon.hu,2021-09-23,"Elindul a Megújuló vidék, megújuló agrárium program második üteme",https://szon.hu/gazdasag/hazai-gazdasag/elindul-a-megujulo-videk-megujulo-agrarium-program-masodik-uteme-5413787/?utm_source=rss&utm_medium=referral&utm_campaign=hiraggregator
ef92318edb91974cca3debcb9e6df098bf87c8cfb36fc7eede2504eb2620a619,2024-09-07 20:26:57.088989+00:00,hu,beol.hu,beol.hu,2021-09-23,"Elindul a Megújuló vidék, megújuló agrárium program második üteme",https://www.beol.hu/gazdasag/hazai-gazdasag/elindul-a-megujulo-videk-megujulo-agrarium-program-masodik-uteme-4353644/?utm_source=rss&utm_medium=referral&utm_campaign=hiraggregator
754c54a0ff5a0e5cf125422059889b71e9e989c1ae1fdfe7ff6c71c9c5f3ff24,2024-09-07 20:26:48.303772+00:00,hu,kisalfold.hu,kisalfold.hu,2021-09-23,"Elindul a Megújuló vidék, megújuló agrárium program második üteme",https://www.kisalfold.hu/gazdasag/hazai-gazdasag/elindul-a-megujulo-videk-megujulo-agrarium-program-masodik-uteme-11400830/?utm_source=rssfeed
01e9821a524d0edec92371500484136e40534fd8eb168a5b8eac10d11c2129c5,2024-09-07 20:26:40.451549+00:00,hu,bama.hu,bama.hu,2021-09-23,"Elindul a Megújuló vidék, megújuló agrárium program második üteme",https://www.bama.hu/gazdasag/hazai-gazdasag/elindul-a-megujulo-videk-megujulo-agrarium-program-masodik-uteme-4110842/?utm_source=rss&utm_medium=referral&utm_campaign=hiraggregator
0e79cd60246839622b30963c2b12695f3ab1badea3305cdc06abb6bc991262b3,2024-09-07 20:26:18.356954+00:00,hu,baon.hu,baon.hu,2021-09-23,"Elindul a Megújuló vidék, megújuló agrárium program második üteme",https://www.baon.hu/gazdasag/hazai-gazdasag/elindul-a-megujulo-videk-megujulo-agrarium-program-masodik-uteme-4295102/?utm_source=rss&utm_medium=referral&utm_campaign=hiraggregator
a5e10b512bf328baacfd8ff334d2a0f2e1a9e25dedc7d70ba2710d7d4ad2367a,2024-09-07 20:26:13.117478+00:00,hu,sonline.hu,sonline.hu,2021-09-23,"Elindul a Megújuló vidék, megújuló agrárium program második üteme",https://www.sonline.hu/gazdasag/hazai-gazdasag/elindul-a-megujulo-videk-megujulo-agrarium-program-masodik-uteme-4423760/?utm_source=rss&utm_medium=referral&utm_campaign=hiraggregator
a129aeafab169afd3c63889c598761c5fabb46eda6bb6f834be9fcb09ca92a72,2024-09-07 20:26:12.302267+00:00,hu,teol.hu,teol.hu,2021-09-23,"Elindul a Megújuló vidék, megújuló agrárium program második üteme",https://www.teol.hu/gazdasag/hazai-gazdasag/elindul-a-megujulo-videk-megujulo-agrarium-program-masodik-uteme-4049441/?utm_source=rss&utm_medium=referral&utm_campaign=hiraggregator
7a57b41a0b152fa061da640ec59cb36b0a610f4a8c26ee71c53ed6f0ac7f5bbd,2024-09-07 20:26:11.115587+00:00,hu,szoljon.hu,szoljon.hu,2021-09-23,"Elindul a Megújuló vidék, megújuló agrárium program második üteme",https://www.szoljon.hu/gazdasag/hazai-gazdasag/elindul-a-megujulo-videk-megujulo-agrarium-program-masodik-uteme-3870173/?utm_source=rss&utm_medium=referral&utm_campaign=hiraggregator
4a3d000719df4525140027f000e53d3f4d6847e91cb0e7cfa087d1d52232b971,2024-09-07 20:25:50.822173+00:00,hu,delmagyar.hu,delmagyar.hu,2021-09-23,"Elindul a Megújuló vidék, megújuló agrárium program második üteme",https://www.delmagyar.hu/gazdasag/hazai-gazdasag/elindul-a-megujulo-videk-megujulo-agrarium-program-masodik-uteme-7977797/?utm_source=rssfeed
bf7339ef5a6d7a4fb26d068bb8f30efb6038ab72d95d13860c17c18a9fff4132,2024-09-07 20:25:46.714784+00:00,hu,duol.hu,duol.hu,2021-09-23,"Elindul a Megújuló vidék, megújuló agrárium program második üteme",https://www.duol.hu/gazdasag/hazai-gazdasag/elindul-a-megujulo-videk-megujulo-agrarium-program-masodik-uteme-4667282/?utm_source=rss&utm_medium=referral&utm_campaign=hiraggregator
43d69c6a77413dc5b5426ddd1e51643a311758191298a222ab35f1fde5f6e8da,2024-09-07 20:24:57.196178+00:00,hu,vaol.hu,vaol.hu,2021-09-23,"Elindul a Megújuló vidék, megújuló agrárium program második üteme",https://www.vaol.hu/gazdasag/hazai-gazdasag/elindul-a-megujulo-videk-megujulo-agrarium-program-masodik-uteme-5318072/?utm_source=rss&utm_medium=referral&utm_campaign=hiraggregator
1cd74095b4b46a3d181bdb0f7c167a0c849fafe6247e6c649b6166559db4c699,2024-09-07 20:09:36.495433+00:00,hu,demokrata.hu,demokrata.hu,2021-09-23,"Elindul a Megújuló vidék, megújuló agrárium program második üteme",https://demokrata.hu/gazdasag/elindul-a-megujulo-videk-megujulo-agrarium-program-masodik-uteme-429331/
e6963dfb8f8f1b0ed3220cf5e9ebe982d2c811d844ebc1b7890216580809eecd,2024-09-07 20:06:37.271736+00:00,hu,origo.hu,origo.hu,2021-09-23,"Indul a Megújuló vidék, megújuló agrárium program második üteme",https://www.origo.hu/gazdasag/20210923-agrarium-megujulas-palyazat-projekt-videkfejlesztes.html
a08066817656919c20becf4e897b0113a4dbbb0636540a911751e61c12960982,2024-09-07 20:03:56.641770+00:00,hu,vg.hu,vg.hu,2021-09-23,Brutális agrárpályázati dömping jön,https://www.vg.hu/vilaggazdasag-magyar-gazdasag/2021/09/brutalis-agrarpalyazati-domping-jon?utm_source=hirstart&utm_medium=referral&utm_campaign=hiraggregator
347f28b5a321276ee9ce3fe90fabc764e7f62fb1fd6ba4502bd798104e1f4d36,2024-09-07 18:42:48.407792+00:00,hu,index.hu,index.hu,2021-09-24,Két év után rendeztek újra klímasztrájkot Budapesten,https://index.hu/belfold/2021/09/24/kornyezetvedelem-klimasztrajkot-budapesten/
cba877f31352b3107babdd0c501dd113ddd666b208110ac242db82ed5c88dede,2024-09-07 18:16:06.581047+00:00,hu,hvg.hu,hvg.hu,2021-09-24,"Hol fognak grasszálni a mamutok, ha most felélesztjük őket?",http://hvg.hu/elet/20210924_Egyetlen_felelesztett_mamutbol_meg_nem_lesz_itt_semmifele_Jurassic_Park#rss
b2b64ba6e2afaedb75aaeb5285dc75104b90aa18e8302e1c86bb02fd5a458d1e,2024-09-07 16:12:55.370584+00:00,hu,24.hu,24.hu,2021-09-25,"Túlélhetjük méhek nélkül is, de az az élet senkinek sem tetszene",https://24.hu/tudomany/2021/09/25/mehek-beporzok-tuleles-termeszetvedelem-okologia/
c7019707c3953f7777d73b073b65059a9ee08d713ae6537d2035705033766668,2024-09-07 14:38:06.568308+00:00,hu,portfolio.hu,portfolio.hu,2021-09-27,Megjött a bejelentés: százmilliárdok ömlenek a magyar vidékre,https://www.portfolio.hu/unios-forrasok/20210927/megjott-a-bejelentes-szazmilliardok-omlenek-a-magyar-videkre-502532
2a13f223c6424bd533152f0e794d7898ec5dab924e2bc0496f8c9ca7a2b4628b,2024-09-07 14:04:49.939624+00:00,hu,demokrata.hu,demokrata.hu,2021-09-27,Merre gurul a magyar alma?,https://demokrata.hu/magyarorszag/merre-gurul-a-magyar-alma-428652/
675b3bd91c578d0127692c13efddd433d131528ca266e9f73bb6dc7a0b76de86,2024-09-07 13:37:16.220110+00:00,hu,origo.hu,origo.hu,2021-09-27,Az ÖK is részt vesz a vadon élő beporzók védelmében,https://www.origo.hu/tudomany/20210927-az-ok-is-reszt-vesz-a-vadon-elo-beporzok-vedelmere-inditott-europai-unios-kutatasi-programban.html
8e9ef35dc0a60c696fb4748f23692a0191413bf9f74898b5ed51096923e1207d,2024-09-07 11:24:00.111360+00:00,hu,heol.hu,heol.hu,2021-09-28,Ezermilliárdokból fejleszthet a vidék,https://www.heol.hu/gazdasag/hazai-gazdasag/ezermilliardokbol-fejleszthet-a-videk-3997466/?utm_source=rss&utm_medium=referral&utm_campaign=hiraggregator
00835560d6a9a5d6b7890cf3df122ebf5787a8b1920ece607ac718cd0e3eb377,2024-09-07 11:23:40.371410+00:00,hu,feol.hu,feol.hu,2021-09-28,Ezermilliárdokból fejleszthet a vidék,https://www.feol.hu/gazdasag/hazai-gazdasag/ezermilliardokbol-fejleszthet-a-videk-5316140/?utm_source=rss&utm_medium=referral&utm_campaign=hiraggregator
bcb397e758518c36126464884035c52ad5ab03da68419dd8bce6bd8c5d9ea73f,2024-09-07 11:23:03.047426+00:00,hu,delmagyar.hu,delmagyar.hu,2021-09-28,Ezermilliárdokból fejleszthet a vidék,https://www.delmagyar.hu/gazdasag/hazai-gazdasag/ezermilliardokbol-fejleszthet-a-videk-7992887/?utm_source=rss&utm_medium=referral&utm_campaign=hiraggregator
c2f0830ef73ba63ed691a1e02d931e6f9bf63edf136e6d4c7c53c4307fe36f3e,2024-09-07 11:22:49.542725+00:00,hu,veol.hu,veol.hu,2021-09-28,Ezermilliárdokból fejleszthet a vidék,https://www.veol.hu/gazdasag/hazai-gazdasag/ezermilliardokbol-fejleszthet-a-videk-5053826/?utm_source=rss&utm_medium=referral&utm_campaign=hiraggregator
501b1d7f6d711c7f4312caad8f60505328333bfca263fd8f817a87529c1892d1,2024-09-07 11:22:40.939176+00:00,hu,vaol.hu,vaol.hu,2021-09-28,Ezermilliárdokból fejleszthet a vidék,https://www.vaol.hu/gazdasag/hazai-gazdasag/ezermilliardokbol-fejleszthet-a-videk-5331854/?utm_source=rss&utm_medium=referral&utm_campaign=hiraggregator
a5054406d6454a5c6bf93b698b6eb21142dd2f95036042cd8a568207d0ab69aa,2024-09-07 11:22:40.885250+00:00,hu,haon.hu,haon.hu,2021-09-28,Ezermilliárdokból fejleszthet a vidék,https://haon.hu/gazdasag/hazai-gazdasag/ezermilliardokbol-fejleszthet-a-videk-5686517/?utm_source=rss&utm_medium=referral&utm_campaign=hiraggregator
9a6423729ebb7533eb45f950a213e9787a979742204d2a21b2e93629c764f417,2024-09-07 11:22:39.781111+00:00,hu,boon.hu,boon.hu,2021-09-28,Ezermilliárdokból fejleszthet a vidék,https://boon.hu/gazdasag/hazai-gazdasag/ezermilliardokbol-fejleszthet-a-videk-5853635/?utm_source=rss&utm_medium=referral&utm_campaign=hiraggregator
dd5cb981752e395bef6304706cfc2882a787d68044bc5fb1eb81ca7360c0149b,2024-09-07 11:22:22.979456+00:00,hu,beol.hu,beol.hu,2021-09-28,Ezermilliárdokból fejleszthet a vidék,https://www.beol.hu/gazdasag/hazai-gazdasag/ezermilliardokbol-fejleszthet-a-videk-4368200/?utm_source=rss&utm_medium=referral&utm_campaign=hiraggregator
40e0e1588872acdc48354878cb89c37da5261b780247e87053b01b98a05080ab,2024-09-07 11:22:13.442977+00:00,hu,kisalfold.hu,kisalfold.hu,2021-09-28,Ezermilliárdokból fejleszthet a vidék,https://www.kisalfold.hu/gazdasag/hazai-gazdasag/ezermilliardokbol-fejleszthet-a-videk-11418269/?utm_source=rssfeed
6b74b28f55217253bcb40362d3a4c906c85e589b96d75b33cecdd0dfe1508ee4,2024-09-07 11:22:06.012152+00:00,hu,bama.hu,bama.hu,2021-09-28,Ezermilliárdokból fejleszthet a vidék,https://www.bama.hu/gazdasag/hazai-gazdasag/ezermilliardokbol-fejleszthet-a-videk-4122437/?utm_source=rss&utm_medium=referral&utm_campaign=hiraggregator
dfdc21b5c1fcca4cf66a536b4a2fb0cace233907fb912625e171147489ac6003,2024-09-07 11:21:41.399416+00:00,hu,baon.hu,baon.hu,2021-09-28,Ezermilliárdokból fejleszthet a vidék,https://www.baon.hu/gazdasag/hazai-gazdasag/ezermilliardokbol-fejleszthet-a-videk-4312511/?utm_source=rss&utm_medium=referral&utm_campaign=hiraggregator
b0bf8feaa463e292e7150e5667db9fd052fd9ec1075a558effe24349adb91a56,2024-09-07 11:21:37.346250+00:00,hu,szon.hu,szon.hu,2021-09-28,Ezermilliárdokból fejleszthet a vidék,https://szon.hu/gazdasag/hazai-gazdasag/ezermilliardokbol-fejleszthet-a-videk-5427461/?utm_source=rss&utm_medium=referral&utm_campaign=hiraggregator
a937941936819d0c9912f17aefcb636d85fdaea0f485e703e8379e789fd9c6ef,2024-09-07 11:21:35.273431+00:00,hu,teol.hu,teol.hu,2021-09-28,Ezermilliárdokból fejleszthet a vidék,https://www.teol.hu/gazdasag/hazai-gazdasag/ezermilliardokbol-fejleszthet-a-videk-4061828/?utm_source=rss&utm_medium=referral&utm_campaign=hiraggregator
793f9944c63c397f24948d96233edc86d38eac166ec4d00512db73338d0dd2d6,2024-09-07 11:21:35.199800+00:00,hu,sonline.hu,sonline.hu,2021-09-28,Ezermilliárdokból fejleszthet a vidék,https://www.sonline.hu/gazdasag/hazai-gazdasag/ezermilliardokbol-fejleszthet-a-videk-4435187/?utm_source=rss&utm_medium=referral&utm_campaign=hiraggregator
9f72fca5f9e20836bbcf23480f571703022a384d575e5d6596278f3021dd1e26,2024-09-07 11:21:32.926840+00:00,hu,szoljon.hu,szoljon.hu,2021-09-28,Ezermilliárdokból fejleszthet a vidék,https://www.szoljon.hu/gazdasag/hazai-gazdasag/ezermilliardokbol-fejleszthet-a-videk-3883883/?utm_source=rss&utm_medium=referral&utm_campaign=hiraggregator
40c6d20b8fba417960f39300a8c80f76da5d83454c3250da6c5a22b0761035d0,2024-09-07 11:21:05.809128+00:00,hu,duol.hu,duol.hu,2021-09-28,Ezermilliárdokból fejleszthet a vidék,https://www.duol.hu/gazdasag/hazai-gazdasag/ezermilliardokbol-fejleszthet-a-videk-4678229/?utm_source=rss&utm_medium=referral&utm_campaign=hiraggregator
16785a83c9fcaacc790d6e6f48731a7fc3d852fae945193d80ecd4f33801096e,2024-09-07 11:04:10.062025+00:00,hu,origo.hu,origo.hu,2021-09-28,A kormány történelmi léptékű forrást fordít vidékfejlesztésre,https://www.origo.hu/gazdasag/20210928-ezermilliardok-videkfejlesztes.html
31081e65b7bbf1ef20ca5200babd1799c7b35ed47a79f7bcf1a2330d47e65a1e,2024-09-07 11:02:41.287013+00:00,hu,vg.hu,vg.hu,2021-09-28,Több ezermilliárd megy vidékfejlesztésre,https://www.vg.hu/vilaggazdasag-magyar-gazdasag/2021/09/tobb-ezermilliard-megy-videkfejlesztesre?utm_source=hirstart&utm_medium=referral&utm_campaign=hiraggregator
db1800d63cf0b635eae85719542f531329c670bd696f1bff29878e4fc966e262,2024-09-07 00:26:25.359831+00:00,hu,index.hu,index.hu,2021-10-04,Felhívást intéztek az ENSZ klímakonferenciájához a világ vallási vezetői,https://index.hu/kulfold/2021/10/04/ferenc-papa-i.-bartolomaiosz-ahmed-at-tajjib-ensz-klimakonferencia-felhivas/
ac001d61e78c993ee5de0481df22633b7e150619dc10460da3e9cdf9661b9d77,2024-09-07 00:22:25.481450+00:00,hu,24.hu,24.hu,2021-10-04,Vallási vezetők sürgetik a klímacélok komolyan vételét,https://24.hu/kulfold/2021/10/04/vallas-vatikan-klimavaltozats-cop26/
1c1e2b86a04a8b9284c3b7ea0bac895c0dfc5d4a21aaedbec6aef8b3ff2b226c,2024-09-07 00:21:09.008217+00:00,hu,infostart.hu,infostart.hu,2021-10-04,Ferenc pápa: súlyos sebet okoz a klímaváltozás,https://infostart.hu/kulfold/2021/10/04/ferenc-papa-sulyos-sebet-okoz-a-klimavaltozas
e0270870eaab6b5d8c6da26312b16d5d7a1b2f4fbf036d4696930456210dd179,2024-09-06 22:26:37.766194+00:00,hu,infostart.hu,infostart.hu,2021-10-05,Erősödik a nyomás az atomenergia „zöldesítése” érdekében,https://infostart.hu/kulfold/2021/10/05/erosodik-a-nyomas-az-atomenergia-zoldesitese-erdekeben
938878c2cba0fa1d17d859c6ab1828fba4fe989884dbff5f19d1c27065c4a3d6,2024-09-06 22:12:31.156320+00:00,hu,pestisracok.hu,pestisracok.hu,2021-10-05,Brüsszel feladná Európa önellátását,https://pestisracok.hu/brusszel-feladna-europa-onellatasat/
4aebb970abb6f3efc91c276ea1ee5cfd7997e0efd4100dbbbc8cec92d5d175f6,2024-09-06 22:11:57.387293+00:00,hu,demokrata.hu,demokrata.hu,2021-10-05,Brüsszel feladná Európa önellátását,https://demokrata.hu/gazdasag/brusszel-feladna-europa-onellatasat-433954/
94a73a5d8e07a944a42fbb28407b6e37436f0840324ef4ee69d281f6c0e61ad8,2024-09-06 21:55:53.754793+00:00,hu,index.hu,index.hu,2021-10-05,Nehézséget okozhatnak a mezőgazdaságban az Európai Bizottság tervezett korlátozásai,https://index.hu/gazdasag/2021/10/05/europai-unio-green-deal-mezogazdasag/
f5ef1d85afb54c1bfc812a052779123265c453dd0a8dbc5a1c16fa7642623d9a,2024-09-06 21:53:40.787469+00:00,hu,delmagyar.hu,delmagyar.hu,2021-10-05,Green Deal: Brüsszel feladná Európa önellátását,https://www.delmagyar.hu/gazdasag/nemzetkozi-gazdasag/green-deal-brusszel-feladna-europa-onellatasat-8015627/?utm_source=rss&utm_medium=referral&utm_campaign=hiraggregator
131e4ef00d4b90f0961f994e003489a06ee87a93291f668bda423da2662f274d,2024-09-06 21:53:33.909685+00:00,hu,vaol.hu,vaol.hu,2021-10-05,Green Deal: Brüsszel feladná Európa önellátását,https://www.vaol.hu/gazdasag/nemzetkozi-gazdasag/green-deal-brusszel-feladna-europa-onellatasat-5354273/?utm_source=rss&utm_medium=referral&utm_campaign=hiraggregator
838ca147fe1d84a195739e52b7e9d90ec447e2852f53533ac78eaa47a11598f8,2024-09-06 21:52:52.547437+00:00,hu,haon.hu,haon.hu,2021-10-05,Green Deal: Brüsszel feladná Európa önellátását,https://haon.hu/gazdasag/nemzetkozi-gazdasag/green-deal-brusszel-feladna-europa-onellatasat-5709179/?utm_source=rss&utm_medium=referral&utm_campaign=hiraggregator
831c5819180a9eeef32ff91c39bf60f430ed83727d1079e57b800e0a0f8214a0,2024-09-06 21:52:48.700353+00:00,hu,boon.hu,boon.hu,2021-10-05,Green Deal: Brüsszel feladná Európa önellátását,https://boon.hu/gazdasag/nemzetkozi-gazdasag/green-deal-brusszel-feladna-europa-onellatasat-5875907/?utm_source=rss&utm_medium=referral&utm_campaign=hiraggregator
8c782544c32cbad19d06a7f4238bdbf8abce88f48808c61307e3ee1b371ce808,2024-09-06 21:52:32.935394+00:00,hu,beol.hu,beol.hu,2021-10-05,Green Deal: Brüsszel feladná Európa önellátását,https://www.beol.hu/gazdasag/nemzetkozi-gazdasag/green-deal-brusszel-feladna-europa-onellatasat-4389104/?utm_source=rss&utm_medium=referral&utm_campaign=hiraggregator
e59b60ef998e0c581983047cfc2f085b5da800b0ef8c0cb9296e123d8039385a,2024-09-06 21:52:20.811484+00:00,hu,bama.hu,bama.hu,2021-10-05,Green Deal: Brüsszel feladná Európa önellátását,https://www.bama.hu/gazdasag/nemzetkozi-gazdasag/green-deal-brusszel-feladna-europa-onellatasat-4140734/?utm_source=rss&utm_medium=referral&utm_campaign=hiraggregator
ee3aceb889e6a5ab92583baa8c91dd0d0331685a43f297afd4b3c7b4b3e98d1d,2024-09-06 21:51:56.528150+00:00,hu,baon.hu,baon.hu,2021-10-05,Green Deal: Brüsszel feladná Európa önellátását,https://www.baon.hu/gazdasag/nemzetkozi-gazdasag/green-deal-brusszel-feladna-europa-onellatasat-4336643/?utm_source=rss&utm_medium=referral&utm_campaign=hiraggregator
123ceeb2cc5fab7b88a68ee381b88884ad3d357a2eaad69d7062e7f127b948b6,2024-09-06 21:51:49.793286+00:00,hu,sonline.hu,sonline.hu,2021-10-05,Green Deal: Brüsszel feladná Európa önellátását,https://www.sonline.hu/gazdasag/nemzetkozi-gazdasag/green-deal-brusszel-feladna-europa-onellatasat-4452848/?utm_source=rss&utm_medium=referral&utm_campaign=hiraggregator
8f6dd920a1c9239ba1baa6399130127606fba5e003403b8301ec031545ba5d3a,2024-09-06 21:51:49.131676+00:00,hu,teol.hu,teol.hu,2021-10-05,Green Deal: Brüsszel feladná Európa önellátását,https://www.teol.hu/gazdasag/nemzetkozi-gazdasag/green-deal-brusszel-feladna-europa-onellatasat-4081199/?utm_source=rss&utm_medium=referral&utm_campaign=hiraggregator
d5f1825d3b29dd08652591434016bb2dd165cda38ac3897f1a4926152309138c,2024-09-06 21:51:48.273642+00:00,hu,szoljon.hu,szoljon.hu,2021-10-05,Green Deal: Brüsszel feladná Európa önellátását,https://www.szoljon.hu/gazdasag/nemzetkozi-gazdasag/green-deal-brusszel-feladna-europa-onellatasat-3903722/?utm_source=rss&utm_medium=referral&utm_campaign=hiraggregator
7877fea657793e45cbd12177a4de9fbfeccb75079c70463bd3ab1abb8d3b3096,2024-09-06 21:51:14.551110+00:00,hu,feol.hu,feol.hu,2021-10-05,Green Deal: Brüsszel feladná Európa önellátását,https://www.feol.hu/gazdasag/nemzetkozi-gazdasag/green-deal-brusszel-feladna-europa-onellatasat-5336630/?utm_source=rss&utm_medium=referral&utm_campaign=hiraggregator
06d1cccad13c844fe69d43116ebe82b3ec2a1fa7d23a1b70fc4bba68a93228f6,2024-09-06 21:51:08.681384+00:00,hu,duol.hu,duol.hu,2021-10-05,Green Deal: Brüsszel feladná Európa önellátását,https://www.duol.hu/gazdasag/nemzetkozi-gazdasag/green-deal-brusszel-feladna-europa-onellatasat-4696022/?utm_source=rss&utm_medium=referral&utm_campaign=hiraggregator
0ae383d60890a4c26a4fe544388ed02c3f72798886606dbacea53c9cd0ca96b1,2024-09-06 21:50:30.145459+00:00,hu,heol.hu,heol.hu,2021-10-05,Green Deal: Brüsszel feladná Európa önellátását,https://www.heol.hu/gazdasag/nemzetkozi-gazdasag/green-deal-brusszel-feladna-europa-onellatasat-4016465/?utm_source=rss&utm_medium=referral&utm_campaign=hiraggregator
31db4e89c443ee1c6646f31a03813e805237fe998f34b5dbe8e0eb2d8a6d521f,2024-09-06 21:50:19.234701+00:00,hu,zaol.hu,zaol.hu,2021-10-05,Green Deal: Brüsszel feladná Európa önellátását,https://www.zaol.hu/gazdasag/nemzetkozi-gazdasag/green-deal-brusszel-feladna-europa-onellatasat-5651189/?utm_source=rss&utm_medium=referral&utm_campaign=hiraggregator
f8151d085c2c3400e99c1a2531a09de4af43a5cbb8c6a7279890c2fdd6db39b2,2024-09-06 21:50:02.861062+00:00,hu,veol.hu,veol.hu,2021-10-05,Green Deal: Brüsszel feladná Európa önellátását,https://www.veol.hu/gazdasag/nemzetkozi-gazdasag/green-deal-brusszel-feladna-europa-onellatasat-5074178/?utm_source=rss&utm_medium=referral&utm_campaign=hiraggregator
1d918b1ad0c26e9a80af7b2d48980333acfa61d55cd8891daaecd6f84e58b9b1,2024-09-06 18:18:24.190914+00:00,hu,infostart.hu,infostart.hu,2021-10-07,"Áder János: kevesebb mint 30 évünk van arra, hogy átálljunk a körforgásos gazdaságra",https://infostart.hu/belfold/2021/10/07/ader-janos-kevesebb-mint-30-evunk-van-arra-hogy-atalljunk-a-korforgasos-gazdasagra
19877b564b939869a118c2d84cbfd739424699c800e89234144b3aa76fbddaf7,2024-09-06 18:08:50.520422+00:00,hu,pestisracok.hu,pestisracok.hu,2021-10-07,"Sok a tennivaló és kevés az idő a klímaváltozás, a vízválság ügyében",https://pestisracok.hu/ader-janos-sok-a-tennivalo-es-keves-az-ido-a-klimavaltozas-a-vizvalsag-ugyeben/
279fcb6c1e47d79c6685e67f04d07f55e0c7aecc4fe7d3681e5204d9474b10aa,2024-09-06 18:07:31.999689+00:00,hu,hvg.hu,hvg.hu,2021-10-07,Áder a klímaváltozásról: Sok a tennivaló és kevés az idő,http://hvg.hu/gazdasag.zhvg/20211007_Ader_Janos_a_klimavaltozasrol_Sok_a_tennivalo_es_keves_az_ido#rss
1866ba1257026656bead9e671fd9a5999d4e3330af8398672e440990b1b4bd32,2024-09-06 18:07:23.075264+00:00,hu,delmagyar.hu,delmagyar.hu,2021-10-07,Áder János: sok a tennivaló és kevés az idő,https://www.delmagyar.hu/orszag-vilag/ader-janos-sok-a-tennivalo-es-keves-az-ido-8024936/?utm_source=rssfeed
b2f7afda4e584275a3b411f0487486bdbac8b5052a8a7ea7ac714e92890ae047,2024-09-06 18:05:15.243206+00:00,hu,haon.hu,haon.hu,2021-10-07,Áder János: sok a tennivaló és kevés az idő,https://haon.hu/orszag-vilag/ader-janos-sok-a-tennivalo-es-keves-az-ido-5716970/?utm_source=rss&utm_medium=referral&utm_campaign=hiraggregator
9177dc4fc21369b18f6d91262e8a9762d34260b0e7ba35ff5227356f2402b216,2024-09-06 18:05:13.347845+00:00,hu,boon.hu,boon.hu,2021-10-07,Áder János: sok a tennivaló és kevés az idő,https://boon.hu/orszag-vilag/ader-janos-sok-a-tennivalo-es-keves-az-ido-5885084/?utm_source=rss&utm_medium=referral&utm_campaign=hiraggregator
79775c995cfe88bf56233bdec0ceb819f8469c64a79077cd3ef396ee9dfb7380,2024-09-06 18:04:39.978611+00:00,hu,bama.hu,bama.hu,2021-10-07,Áder János: sok a tennivaló és kevés az idő,https://www.bama.hu/orszag-vilag/ader-janos-sok-a-tennivalo-es-keves-az-ido-4147880/?utm_source=rss&utm_medium=referral&utm_campaign=hiraggregator
bf8e37900f473d6ad891fcf509ba8a70b50aa500282233eb0f564eab0dd50730,2024-09-06 18:04:28.704368+00:00,hu,demokrata.hu,demokrata.hu,2021-10-07,Áder János: sok a tennivaló és kevés az idő,https://demokrata.hu/zold-jovo/ader-janos-sok-a-tennivalo-es-keves-az-ido-435005/
d53a09d48502be718fc33d1320875e131c970cb4b45e898c4564b151192701d7,2024-09-06 18:04:07.838590+00:00,hu,szon.hu,szon.hu,2021-10-07,Áder János: sok a tennivaló és kevés az idő,https://szon.hu/orszag-vilag/ader-janos-sok-a-tennivalo-es-keves-az-ido-5453666/?utm_source=rss&utm_medium=referral&utm_campaign=hiraggregator
8c6557f00bbd4ba6e033cfac797d824b444802c44322bc7a55331283937d91b7,2024-09-06 18:01:32.377935+00:00,hu,index.hu,index.hu,2021-10-07,Áder János: Kevés az időnk,https://index.hu/belfold/2021/10/07/ader-janos-klimacsucs-lornyezetvedelem/
e211235ac26f8c5bebb1111a6bdda78ccc9f2ac104148c29a089fbf442d47682,2024-09-06 11:01:38.963857+00:00,hu,vg.hu,vg.hu,2021-10-11,Versenyeznek a bankok az agrár ügyfelekért,https://www.vg.hu/vilaggazdasag-magyar-gazdasag/2021/10/versenyeznek-a-bankok-az-agrar-ugyfelekert?utm_source=hirstart&utm_medium=referral&utm_campaign=hiraggregator
7b603c62dc88f67cf66bd65b6d9780616c402756135e0d03cea50fcee56087da,2024-09-06 07:11:12.120665+00:00,hu,feol.hu,feol.hu,2021-10-13,"Fontos tudni, hogy a gazdasági hasznosítás mellett miként óvható meg az erdők élővilága",https://www.feol.hu/egyperces/fontos-tudni-hogy-a-gazdasagi-hasznositas-mellett-mikent-ovhato-meg-az-erdok-elovilaga-5359595/?utm_source=rss&utm_medium=referral&utm_campaign=hiraggregator
60b16d417b30e5ca44c8dd285894543b410cc7514327a54fecded549573cc535,2024-09-06 07:10:38.217921+00:00,hu,bama.hu,bama.hu,2021-10-13,"Fontos tudni, hogy a gazdasági hasznosítás mellett miként óvható meg az erdők élővilága",https://www.bama.hu/egyperces/fontos-tudni-hogy-a-gazdasagi-hasznositas-mellett-mikent-ovhato-meg-az-erdok-elovilaga-4161005/
9390a7aab16cb4eadfe29a95649bf2e5cb7869ac65aea1d50bb8c5f2ec06077d,2024-09-06 07:10:16.271872+00:00,hu,zaol.hu,zaol.hu,2021-10-13,"Fontos tudni, hogy a gazdasági hasznosítás mellett miként óvható meg az erdők élővilága",https://www.zaol.hu/egyperces/fontos-tudni-hogy-a-gazdasagi-hasznositas-mellett-mikent-ovhato-meg-az-erdok-elovilaga-5677862/?utm_source=rss&utm_medium=referral&utm_campaign=hiraggregator
43e6dbb83430be08b9f5be409c30d1806e0bff91ddc4ff17ad6c6be186a8035d,2024-09-06 07:10:13.054488+00:00,hu,vaol.hu,vaol.hu,2021-10-13,"Fontos tudni, hogy a gazdasági hasznosítás mellett miként óvható meg az erdők élővilága",https://www.vaol.hu/egyperces/fontos-tudni-hogy-a-gazdasagi-hasznositas-mellett-mikent-ovhato-meg-az-erdok-elovilaga-5379851/?utm_source=rss&utm_medium=referral&utm_campaign=hiraggregator
ca7feb2d52a908204e30c411579f68139c313ca294da7a6a0192447f6a874237,2024-09-06 07:10:11.354678+00:00,hu,beol.hu,beol.hu,2021-10-13,"Fontos tudni, hogy a gazdasági hasznosítás mellett miként óvható meg az erdők élővilága",https://www.beol.hu/egyperces/fontos-tudni-hogy-a-gazdasagi-hasznositas-mellett-mikent-ovhato-meg-az-erdok-elovilaga-4413446/?utm_source=rss&utm_medium=referral&utm_campaign=hiraggregator
6ab07d771dda7f153959adc1690bc862fc002cc2a9cca2da99ae0a2324c37f20,2024-09-06 07:10:10.937922+00:00,hu,veol.hu,veol.hu,2021-10-13,"Fontos tudni, hogy a gazdasági hasznosítás mellett miként óvható meg az erdők élővilága",https://www.veol.hu/egyperces/fontos-tudni-hogy-a-gazdasagi-hasznositas-mellett-mikent-ovhato-meg-az-erdok-elovilaga-5098415/?utm_source=rss&utm_medium=referral&utm_campaign=hiraggregator
aadaf8065d0ca060bc3f1bde96fbc960b5b8dd2a14ce00b4b30ab89a40ab6e92,2024-09-06 07:09:40.278338+00:00,hu,heol.hu,heol.hu,2021-10-13,"Fontos tudni, hogy a gazdasági hasznosítás mellett miként óvható meg az erdők élővilága",https://www.heol.hu/egyperces/fontos-tudni-hogy-a-gazdasagi-hasznositas-mellett-mikent-ovhato-meg-az-erdok-elovilaga-4038608/?utm_source=rss&utm_medium=referral&utm_campaign=hiraggregator
4ab894f96719094f5120387480786b3816be026bbb13bb18b6e722eef3f92e41,2024-09-06 07:09:37.602904+00:00,hu,haon.hu,haon.hu,2021-10-13,"Fontos tudni, hogy a gazdasági hasznosítás mellett miként óvható meg az erdők élővilága",https://haon.hu/egyperces/fontos-tudni-hogy-a-gazdasagi-hasznositas-mellett-mikent-ovhato-meg-az-erdok-elovilaga-5733503/?utm_source=rss&utm_medium=referral&utm_campaign=hiraggregator
284613922c61857f6ab7874fa406de45ea06b3d9d049915d049fa2b1c4207f04,2024-09-06 07:09:31.924802+00:00,hu,boon.hu,boon.hu,2021-10-13,"Fontos tudni, hogy a gazdasági hasznosítás mellett miként óvható meg az erdők élővilága",https://boon.hu/egyperces/fontos-tudni-hogy-a-gazdasagi-hasznositas-mellett-mikent-ovhato-meg-az-erdok-elovilaga-5902322/?utm_source=rss&utm_medium=referral&utm_campaign=hiraggregator
02151586f01b90672c859e37829507d7df205e52fa0bd2689dd4a5e0b8acd0fb,2024-09-06 07:09:26.668151+00:00,hu,kisalfold.hu,kisalfold.hu,2021-10-13,"Fontos tudni, hogy a gazdasági hasznosítás mellett miként óvható meg az erdők élővilága",https://www.kisalfold.hu/egyperces/fontos-tudni-hogy-a-gazdasagi-hasznositas-mellett-mikent-ovhato-meg-az-erdok-elovilaga-11470574/?utm_source=rssfeed
fb9343725e94a5558f5cfb9a3c42f7673da0403ac40f8c19c149c2d5600f799f,2024-09-06 07:09:07.228371+00:00,hu,baon.hu,baon.hu,2021-10-13,"Fontos tudni, hogy a gazdasági hasznosítás mellett miként óvható meg az erdők élővilága",https://www.baon.hu/egyperces/fontos-tudni-hogy-a-gazdasagi-hasznositas-mellett-mikent-ovhato-meg-az-erdok-elovilaga-4363625/?utm_source=rss&utm_medium=referral&utm_campaign=hiraggregator
33dbb1fd576f40935c4aac4ace2f6bdeac83b348864da671a3199ddd19b78011,2024-09-06 07:09:06.397016+00:00,hu,delmagyar.hu,delmagyar.hu,2021-10-13,"Fontos tudni, hogy a gazdasági hasznosítás mellett miként óvható meg az erdők élővilága",https://www.delmagyar.hu/egyperces/fontos-tudni-hogy-a-gazdasagi-hasznositas-mellett-mikent-ovhato-meg-az-erdok-elovilaga-8042339/?utm_source=rssfeed
8ba89ca8a046a17c1aa1e4c3b489815ab47e5ff652830ee38651fdf0ea3e4e4f,2024-09-06 07:09:03.822171+00:00,hu,szon.hu,szon.hu,2021-10-13,"Fontos tudni, hogy a gazdasági hasznosítás mellett miként óvható meg az erdők élővilága",https://szon.hu/egyperces/fontos-tudni-hogy-a-gazdasagi-hasznositas-mellett-mikent-ovhato-meg-az-erdok-elovilaga-5469113/?utm_source=rss&utm_medium=referral&utm_campaign=hiraggregator
117687efb48eca4bbc1a444ffd8d05cf82153203a8621d376021714b6ea9455d,2024-09-06 07:09:01.929772+00:00,hu,sonline.hu,sonline.hu,2021-10-13,"Fontos tudni, hogy a gazdasági hasznosítás mellett miként óvható meg az erdők élővilága",https://www.sonline.hu/egyperces/fontos-tudni-hogy-a-gazdasagi-hasznositas-mellett-mikent-ovhato-meg-az-erdok-elovilaga-4472087/?utm_source=rss&utm_medium=referral&utm_campaign=hiraggregator
36b56ab22bf45c54e470f55ca47c47c281ae2381029b7c815207bc3b717e5810,2024-09-06 07:09:01.278100+00:00,hu,teol.hu,teol.hu,2021-10-13,"Fontos tudni, hogy a gazdasági hasznosítás mellett miként óvható meg az erdők élővilága",https://www.teol.hu/egyperces/fontos-tudni-hogy-a-gazdasagi-hasznositas-mellett-mikent-ovhato-meg-az-erdok-elovilaga-4104845/?utm_source=rss&utm_medium=referral&utm_campaign=hiraggregator
12eece3caa684d97dcd8c49ba9dd67cd492c77dd3c7a5f61873cbae1923f12c4,2024-09-06 07:09:00.118347+00:00,hu,szoljon.hu,szoljon.hu,2021-10-13,"Fontos tudni, hogy a gazdasági hasznosítás mellett miként óvható meg az erdők élővilága",https://www.szoljon.hu/egyperces/fontos-tudni-hogy-a-gazdasagi-hasznositas-mellett-mikent-ovhato-meg-az-erdok-elovilaga-3926948/?utm_source=rss&utm_medium=referral&utm_campaign=hiraggregator
0afbb0fb6e0070f90560d552857d4aa1fdcbc9005523c9a1f6dde8f6191084fb,2024-09-06 07:08:37.557589+00:00,hu,duol.hu,duol.hu,2021-10-13,"Fontos tudni, hogy a gazdasági hasznosítás mellett miként óvható meg az erdők élővilága",https://www.duol.hu/egyperces/fontos-tudni-hogy-a-gazdasagi-hasznositas-mellett-mikent-ovhato-meg-az-erdok-elovilaga-4715801/?utm_source=rss&utm_medium=referral&utm_campaign=hiraggregator
7cc3e995bad5c2190aa95a5016480da9480e481f98809d11bc0fc61633b4ce88,2024-09-06 06:34:45.010614+00:00,hu,24.hu,24.hu,2021-10-13,Az európai tudományos akadémiák a biodiverzitás végzetes pusztulására figyelmeztetnek,https://24.hu/tudomany/2021/10/13/tudomanyos-akademiak-biodiverzitas-pusztulasa/
0fb55ee7a6775bc4017da33cbaa560da4b75d6dc75ada2805158e72365a47e7d,2024-09-04 15:18:31.922288+00:00,hu,kisalfold.hu,kisalfold.hu,2024-09-04,KISALFOLD - Szemléletet formál - Bemutatkozott a Mosonmagyaróvári Kertbarátok terménykiállítása a Flesch Központban,https://www.kisalfold.hu/helyi-eletstilus/2024/09/szemleletet-formal-bemutatkozott-a-mosonmagyarovari-kertbaratok-termenykiallitasa-a-flesch-kozpontban-fotok?utm_source=hirstart&utm_medium=referral&utm_campaign=hiraggregator
e21f477c1cb8fb2b99b4b5ce627b9624c8ef8e47ef303925ed59f9475c2b157d,2024-09-04 13:23:27.125653+00:00,hu,atv.hu,atv.hu,2021-04-01,Budapest negyven százalékkal csökkentené szén-dioxid kibocsátását 2030-ra,http://www.atv.hu/belfold/20210401-budapest-negyven-szazalekkal-csokkentene-szen-dioxid-kibocsatasat-2030-ra
fe49edeca04666650aaba55523fc39e949f3e7c1ddccb654d5ed824e36afebcb,2024-09-04 13:23:10.807955+00:00,hu,portfolio.hu,portfolio.hu,2021-04-01,Drasztikusan megvágja a főváros a széndioxid-kibocsátást: alig 10 év alatt jön a 40 százalékos csökkentés,https://www.portfolio.hu/ingatlan/20210401/drasztikusan-megvagja-a-fovaros-a-szendioxid-kibocsatast-alig-10-ev-alatt-jon-a-40-szazalekos-csokkentes-476776
22f0cb597a8e019ba1d32493a9ab63e0a398bf03721a0b31b7f5debe7d58412e,2024-09-04 13:21:10.185085+00:00,hu,blikk.hu,blikk.hu,2021-04-01,Jelentős százalékkal csökkentené szén-dioxid-kibocsátását 2030-ra Budapest,https://www.blikk.hu/aktualis/belfold/budapest-szen-dioxid-kibocsatas-csokkentes-2030/m1x0qlw
7c5b49775f5412efe1d7d0b1aabb6e17384eb61e7cb4001295a61aa04c17b546,2024-09-04 07:57:05.551954+00:00,hu,portfolio.hu,portfolio.hu,2021-04-04,Miért fektetnek termőföldbe a gazdagok?,https://www.portfolio.hu/gazdasag/20210404/miert-fektetnek-termofoldbe-a-gazdagok-476534
740faa1bc51a41789f0f949e8e81c34f424e1234f33310d079ff3554a3617ce0,2024-09-04 05:46:52.747706+00:00,hu,444.hu,444.hu,2021-04-05,"Egy vödörből vízből nézik meg, hogy járt-e a közelben bálna",https://444.hu/2021/04/05/egy-vodorbol-vizbol-nezik-meg-hogy-jart-e-a-kozelben-balna
e946aa79ec42f06071d81e77677bceae610c6a13efe02aa6eecd2978a06a6935,2024-09-04 05:39:39.473775+00:00,hu,merce.hu,merce.hu,2021-04-05,Megfeleződött az egyenlítői térségben élő tengeri fajok száma « Mérce,https://merce.hu/2021/04/05/egyre-tobb-faj-tunik-el-az-egyenlito-kornyeki-oceani-regiokbol-a-klimavaltozas-miatt/
7d9734980beae6dd6f8ee7661eb81c4eaaf37507499a90ca4bbac617b2db0ec4,2024-09-03 18:55:32.536247+00:00,hu,portfolio.hu,portfolio.hu,2021-04-15,Tovább fog nőni a hitelállomány az agráriumban,https://www.portfolio.hu/bank/20210415/tovabb-fog-noni-a-hitelallomany-az-agrariumban-476020
f574c53a3954b70aa11339ebcae7061c39a3a57067ef2b66552e56b798323ade,2024-09-03 14:23:11.512430+00:00,hu,ujegyenloseg.hu,ujegyenloseg.hu,2021-04-18,A fosszilis tőke ellen nincs védőoltás,https://ujegyenloseg.hu/a-fosszilis-toke-ellen-nincs-vedooltas/
404a679117391b18b214f49ce2ab24b51e4e03e8fe4a9bfc2bb1cbbfaf2b2d39,2024-09-03 11:44:45.636032+00:00,hu,blikk.hu,blikk.hu,2024-09-03,Nemsokára világvége-bunker épülhet a Holdon,https://www.blikk.hu/ferfiaknak/tech/vilagvege-bunker-epul-a-holdon/9m44kcy
7e756967e0015f02e0b9cd1a26c05af156bf6a573bdb92594a2bbcd90e3d839d,2024-09-03 10:02:46.666740+00:00,hu,888.hu,888.hu,2021-04-21,Nemzetközi szinten is méltányolják a magyar klímavédelmi törekvéseket,https://888.hu/ketharmad/a-magyar-klimavedelmi-torekveseket-nemzetkozi-szinten-is-meltanyoljak-4310779/
46d7165e52044e8bad5215aba159e53df87485ace9915c5d4dd17225db6b843c,2024-09-03 06:41:32.635549+00:00,hu,24.hu,24.hu,2021-04-23,Vadlovak lepik el Csernobil környékét,https://24.hu/tudomany/2021/04/23/csernobil-zona-atombaleset-allatok-vadlovak/
09dcfb24ecef9debad2aba04c4dd8ffc3fd50a0bf1a3559b4f4129f7b7889e55,2024-09-02 23:54:10.822963+00:00,hu,portfolio.hu,portfolio.hu,2021-04-27,Új játékszert kaptak a befektetők,https://www.portfolio.hu/befektetes/20210427/uj-jatekszert-kaptak-a-befektetok-elfelejthetjuk-a-jo-es-rossz-vallalatokat-480550
f912c54bf34b5bafbe1a563dc9affc254d373a5dc65c1c84893275f8d9da34bc,2024-09-02 23:39:52.918175+00:00,hu,origo.hu,origo.hu,2021-04-27,"Kevesebb, mint a felére csökkent a kacsacsőrű emlősök élettere a klímaváltozás miatt",https://www.origo.hu/tudomany/20210427-kacsacsoru-emlos.html
ca8f0fb7f74f162108ccc20f31766c28867b7dfc442dc03866cb6d342ba159e4,2024-09-02 15:34:13.123749+00:00,hu,delmagyar.hu,delmagyar.hu,2021-05-02,"Kevesebb, mint a felére csökkent a kacsacsőrű emlősök élettere",https://www.delmagyar.hu/eletstilus/kevesebb-mint-a-felere-csokkent-a-kacsacsoru-emlosok-elettere-7473445/?utm_source=rssfeed
7d3d3fa2ed2796274dc04cb996730c6bec8770a20d9bf695f27db3c777fda780,2024-09-02 15:33:57.439458+00:00,hu,boon.hu,boon.hu,2021-05-02,"Kevesebb, mint a felére csökkent a kacsacsőrű emlősök élettere",https://boon.hu/eletstilus/kevesebb-mint-a-felere-csokkent-a-kacsacsoru-emlosok-elettere-5402218/?utm_source=rss&utm_medium=referral&utm_campaign=hiraggregator
6c4e199d1641853e6f2733d84e1ff1f289d47fa52c8261ee51f82a0a591d6c5b,2024-09-02 15:33:23.768253+00:00,hu,haon.hu,haon.hu,2021-05-02,"Kevesebb, mint a felére csökkent a kacsacsőrű emlősök élettere",https://haon.hu/eletstilus/kevesebb-mint-a-felere-csokkent-a-kacsacsoru-emlosok-elettere-5210173/?utm_source=rss&utm_medium=referral&utm_campaign=hiraggregator
095a4c78918904fc6a208e04afab4ba4bd1422912adf16aedce69a605991dcd5,2024-09-02 15:33:20.905021+00:00,hu,szon.hu,szon.hu,2021-05-02,"Kevesebb, mint a felére csökkent a kacsacsőrű emlősök élettere",https://szon.hu/eletstilus/kevesebb-mint-a-felere-csokkent-a-kacsacsoru-emlosok-elettere-5018788/?utm_source=rss&utm_medium=referral&utm_campaign=hiraggregator
1ad2645001428f729226345afaa2ae7326f54979c5d621538b0d260bbccab350,2024-09-02 15:33:01.619880+00:00,hu,bama.hu,bama.hu,2021-05-02,"Kevesebb, mint a felére csökkent a kacsacsőrű emlősök élettere",https://www.bama.hu/eletstilus/kevesebb-mint-a-felere-csokkent-a-kacsacsoru-emlosok-elettere-3745660/?utm_source=rss&utm_medium=referral&utm_campaign=hiraggregator
a759736244878f05ad94f624231e502fb0c6f953b3ea6fe611b9efd548b94921,2024-09-02 15:30:36.417520+00:00,hu,hvg.hu,hvg.hu,2021-05-02,A klímaváltozás nagyon csúnyán elbánik a kacsacsőrű emlősökkel,http://hvg.hu/tudomany/20210502_klimavaltozas_kacsacsoru_emlosok_szama_elettere#rss
dcde6c5f65c9191430c2dd5dc3815f2728dc3c7f691ddc36898ea0b1ba5fb646,2024-09-02 14:07:22.347618+00:00,hu,hvg.hu,hvg.hu,2021-05-03,Tizenhárom uniós ország már sorban áll a helyreállítási pénzért – Magyarország még nem,http://hvg.hu/eurologus/20210503_Tizenharom_unios_orszag_mar_sorban_all_a_helyreallitasi_penzert__Magyarorszag_meg_nem#rss
372ec79fa9d0438c71cf0ed1be2e52ceefaee26364f256efb476444ea5906d61,2024-09-02 13:56:38.021031+00:00,hu,portfolio.hu,portfolio.hu,2021-05-03,Kiüresítik a tájat az európai mezőgazdasági támogatások – Mit lehet tenni?,https://www.portfolio.hu/unios-forrasok/20210503/kiuresitik-a-tajat-az-europai-mezogazdasagi-tamogatasok-mit-lehet-tenni-481182
bf76a19c44f596d6d91b404bb0e0a97387e855df3fb8710b9e1496aa673a70ee,2024-09-02 07:12:51.277036+00:00,hu,hvg.hu,hvg.hu,2021-05-07,Világörökségi területet veszélyeztethet egy újabb beruházás a Fertő tónál,http://hvg.hu/gazdasag/20210507_ferto_to_mosoni_duna_vizpotlas#rss
d56b923eb3145d3408727ddba0835b06007ea0db345268662cd9e5d437805f34,2024-09-02 05:31:39.861011+00:00,hu,nepszava.hu,nepszava.hu,2021-05-08,Sir David Attenborough 95,https://nepszava.hu/3119034_sir-david-attenborough-95
3c9e28723be9f1e0651cccbe3e41232ee4add5f3bdce56b2f21b39a77e1879e4,2024-09-02 05:27:12.517583+00:00,hu,nepszava.hu,nepszava.hu,2021-05-08,Bagolycsalád költözött a Diósgyőri várba,https://nepszava.hu/3118978_bagolycsalad-koltozott-a-diosgyori-varba
bb6711e4deba8d940dcbadfb354d8eee7b11ecf13a8dd526a53f964157860ce1,2024-09-02 02:36:35.763957+00:00,hu,demokrata.hu,demokrata.hu,2021-05-10,Az eltűnő méhek nyomában,https://demokrata.hu/magyarorszag/az-eltuno-mehek-nyomaban-378250/
e68f0352c9ac6d399224a624c43bd9934b719a83290d81e88248dd63bd41719c,2024-09-02 00:39:48.661967+00:00,hu,vg.hu,vg.hu,2021-05-11,Franciaországnyi erdő nőtt az elmúlt évtizedekben,https://www.vg.hu/kozelet/kornyezetvedelem/franciaorszagnyi-erdo-nott-az-elmult-evtizedekben-3754609/?utm_source=rss&utm_medium=referral&utm_campaign=hiraggregator
44cd344aebab972a1b37b9280bb07c24583ab0fbc9043a8bb681ee86818e36ad,2024-09-02 00:34:37.070700+00:00,hu,hvg.hu,hvg.hu,2021-05-11,Franciaország méretű erdő nőtt ki a földből az elmúlt 20 évben,http://hvg.hu/gazdasag.zhvg/20210511_franciaorszag_erdo_fak_wwf#rss
ec52d87e1e3855a97383bacade091cb1ec39d816561b5c35d44edbc5280c2677,2024-09-02 00:32:16.219071+00:00,hu,444.hu,444.hu,2021-05-11,Franciaországnyi területtel nőttek a világ természetes erdői az elmúlt 20 évben,https://444.hu/2021/05/11/franciaorszagnyi-terulettel-nottek-a-vilag-termeszetes-erdoi-az-elmult-20-evben
1e42b4341d03ddf969af8ea558a0b9d735f471cb5bdce9ac93ff5ccfa123532c,2024-09-02 00:30:49.598519+00:00,hu,nepszava.hu,nepszava.hu,2021-05-11,Franciaországnyi természetes erdő nőtt az elmúlt 20 évben,https://nepszava.hu/3119324_franciaorszagnyi-termeszetes-erdo-nott-az-elmult-20-evben
dbaed2dbd0e553aeb6616bce648943f5dc07333936658d34707ebff1b717624d,2024-09-01 17:47:32.290935+00:00,hu,delmagyar.hu,delmagyar.hu,2021-05-15,Franciaországnyi természetes erdő nőtt az elmúlt húsz évben,https://www.delmagyar.hu/egyperces/franciaorszagnyi-termeszetes-erdo-nott-az-elmult-husz-evben-7519024/?utm_source=rssfeed
58ebbc14f63ef558f0097320b2943f93e23b2eebc6e58edca15943391193334b,2024-09-01 17:46:53.015970+00:00,hu,haon.hu,haon.hu,2021-05-15,Franciaországnyi természetes erdő nőtt az elmúlt húsz évben,https://haon.hu/egyperces/franciaorszagnyi-termeszetes-erdo-nott-az-elmult-husz-evben-5251081/?utm_source=rss&utm_medium=referral&utm_campaign=hiraggregator
a8408d3f7555182a5e0e09d54e8bcad6c32570f2a6c499a0eb69916176140fac,2024-09-01 17:46:38.159206+00:00,hu,boon.hu,boon.hu,2021-05-15,Franciaországnyi természetes erdő nőtt az elmúlt húsz évben,https://boon.hu/egyperces/franciaorszagnyi-termeszetes-erdo-nott-az-elmult-husz-evben-5439784/?utm_source=rss&utm_medium=referral&utm_campaign=hiraggregator
8e22e0f227aed009104ebbf436fed281b2b4bf27dcc756a30458d3c24733d669,2024-09-01 17:46:28.991754+00:00,hu,szon.hu,szon.hu,2021-05-15,Franciaországnyi természetes erdő nőtt az elmúlt húsz évben,https://szon.hu/egyperces/franciaorszagnyi-termeszetes-erdo-nott-az-elmult-husz-evben-5054455/?utm_source=rss&utm_medium=referral&utm_campaign=hiraggregator
8573051b48609fc4404986d9f8de3a62f344d71fb433dffc0732cb311ba444d5,2024-09-01 13:41:23.157790+00:00,hu,hvg.hu,hvg.hu,2021-05-18,Már a napelemet sem lehet fenntarthatónak nevezni?,http://hvg.hu/gazdasag.zhvg/20210518_fenntarthatosag_napelem_kornyezetvedelem#rss
a473023329f2d9fa8e7e54bfcbd2bcdc868125a2aac20477c4055f31971bbede,2024-09-01 13:13:14.168784+00:00,hu,merce.hu,merce.hu,2021-05-18,Radikálisokból reálpolitikusok? A kormányzásra készülő német Zöldekről « Mérce,https://merce.hu/2021/05/18/radikalisokbol-realpolitikusok-a-kormanyzasra-keszulo-nemet-zoldekrol/
8d2e349bf9a5214a354f35ecb95b4773ad18d2e4c8835160d9606bdb041aabaa,2024-09-01 09:51:35.754679+00:00,hu,merce.hu,merce.hu,2021-05-20,"A szabadkereskedelmi megállapodás, amit elsodorhat az új idők szele « Mérce",https://merce.hu/2021/05/20/a-szabadkereskedelmi-megallapodas-amit-elsodorhat-az-uj-idok-szele/
028e3af1d184b69efb8c7b4aad46e73529ea696f214a218d12ea9b7b2f1631d0,2024-09-01 02:25:53.943821+00:00,hu,hvg.hu,hvg.hu,2021-05-25,Árterek helyreállítása a vízi ökoszisztémák javulásáért,http://hvg.hu/brandcontent/20210524_Arterek_helyreallitasa_a_vizi_okoszisztemak_javulasaert_WWF_Magyarorszag#rss
b63671b6eb929e31729bec84feddda773336e32df7c5d8872d49b0dabc125293,2024-08-31 22:47:25.851624+00:00,hu,nepszava.hu,nepszava.hu,2021-05-28,Új technológia mentheti meg a korallokat,https://nepszava.hu/3121224_uj-technologia-mentheti-meg-a-korallokat
fa8d2cbc46ad5aa18ae7658864155af58868b8e3e0cc757d3da898b48a237462,2024-08-31 22:26:30.774917+00:00,hu,portfolio.hu,portfolio.hu,2021-05-28,Új korallmentő technológia segíthet visszafordítani a klímaváltozás okozta károkat,https://www.portfolio.hu/gazdasag/20210528/uj-korallmento-technologia-segithet-visszaforditani-a-klimavaltozas-okozta-karokat-485370
dce9d7c4d4385a77f2da22d03eb3d80d9e283d301a12852406ffa16da3777030,2024-08-31 21:39:31.248130+00:00,hu,infostart.hu,infostart.hu,2021-05-29,"A világ korallzátonyainak fele már elpusztult, a többit most új módszerrel próbálják megmenteni",https://infostart.hu/tudomany/2021/05/29/a-vilag-korallzatonyainak-fele-mar-elpusztult-a-tobbit-most-uj-modszerrel-probaljak-megmenteni
12375da188df0a12f126ffdd0a77639daddb13b4e685f6626d42e039d6ad5889,2024-08-31 21:37:11.977969+00:00,hu,demokrata.hu,demokrata.hu,2021-05-29,Eső előtt köpönyeg,https://demokrata.hu/vilag/eso-elott-koponyeg-386309/
92e6c2a7985f60686bfdd2977156a34d5bde343235753cb8203254f082ee8dfc,2024-08-31 20:27:00.132349+00:00,hu,magyarnarancs.hu,magyarnarancs.hu,2024-08-31,"Az állatkert igazgatója nem fogadja el, hogy a vegánok szerint az intézmény kizsákmányolja az állatokat",https://magyarnarancs.hu/belpol/az-allatkert-igazgatoja-nem-fogadja-el-hogy-a-veganok-szerint-az-intezmeny-kizsakmanyolja-az-allatokat-270664
25fa41e63dd0e253cb655e0ec0d92ee760434cbfca360d14eb0e90e1a8dee91f,2024-08-31 20:05:12.685926+00:00,hu,origo.hu,origo.hu,2021-05-30,Korszakalkotó technológiával mentenék meg a korallzátonyokat,https://www.origo.hu/tudomany/20210530-uj-korallmento-technologia-segithet-visszaforditani-a-klimavaltozas-okozta-karokat.html
67d897dc18be7abf18eb232243190b7fc97d8a2b735d3149e7991d2e287a24ac,2024-08-31 20:04:12.161166+00:00,hu,pestisracok.hu,pestisracok.hu,2021-05-30,"Csendesen, de töretlenül zajlik hazánk erdősítése – Újabb lendületet vett a Településfásítási Program",https://pestisracok.hu/csendesen-de-toretlenul-zajlik-hazank-erdositese-ujabb-lenduletet-vett-a-telepulesfasitasi-program/
36a8665bd259ca2491ab909a503abdf220998cfeed9d6586e2ca32e08d057435,2024-08-31 18:43:29.557384+00:00,hu,444.hu,444.hu,2021-05-31,"Jót akart az EU az agrártámogatások átalakításával, mégis mindenki utálta a javaslatot",https://444.hu/2021/05/31/jot-akart-az-eu-az-agrartamogatasok-atalakitasaval-megis-mindenki-utalta-a-javaslatot?utm_source=rss_feed&utm_medium=rss&utm_campaign=rss_syndication
e596d5f1da945b7e9a95112c310df5e7def1ca9aeb2d4d372190a4264d833b3d,2024-08-31 15:22:30.410808+00:00,hu,infostart.hu,infostart.hu,2021-06-02,Uniós agrárpolitika: reform vagy forradalom? – egyelőre egyik sem,https://infostart.hu/kulfold/2021/06/02/unios-agrarpolitika-reform-vagy-forradalom-egyelore-egyik-sem
2f84a4ad1fb5cae4516e98b48225f84daa53f87c21e72a3567bde107ccbe8b97,2024-08-31 12:28:06.233180+00:00,hu,hvg.hu,hvg.hu,2021-06-04,Elsírják magukat a tudósok David Attenborough legújabb filmjében,http://hvg.hu/elet/20210604_Elsirjak_magukat_a_tudosok_David_Attenborough_legujabb_filmjeben#rss
dff9c188495d06ef9d3aed5da9f04e34c865d5093ebff13eeae69376ba6c9641,2024-08-31 12:20:17.898072+00:00,hu,portfolio.hu,portfolio.hu,2021-06-04,Koronaválság: az utolsó vészharangkondítás?,https://www.portfolio.hu/global/20210604/koronavalsag-az-utolso-veszharangkonditas-484982
bc72c760a22a82118b523d989b0108f3c763c072d39a727cfff20f719e5f4c8c,2024-08-31 11:38:40.323706+00:00,hu,nepszava.hu,nepszava.hu,2021-06-05,Betiltanák a műfüvet Nagy-Britanniában,https://nepszava.hu/3121978_betiltanak-a-mufuvet-nagy-britanniaban
fd070d78fff4fd94122abfe25d856c5e1c17c4a9d3f0fa2fff09930e0b30891d,2024-08-31 11:30:57.578356+00:00,hu,beol.hu,beol.hu,2021-06-05,Új megállapodást kell kötnünk az élővilággal,https://www.beol.hu/kozelet/helyi-kozelet/uj-megallapodast-kell-kotnunk-az-elovilaggal-4010176/?utm_source=rss&utm_medium=referral&utm_campaign=hiraggregator
1f37a8f7dae8c6cd3a60e191d4721e000d24a1207d96151ce960ee66e9f8284e,2024-08-31 04:40:33.373029+00:00,hu,origo.hu,origo.hu,2021-06-10,A klímavédelmi intézkedések káros hatással lehetnek a faji sokszínűségre,https://www.origo.hu/tudomany/20210610-a-klimavedelmi-intezkedesek-karos-hatast-gyakorolhatnak-a-faji-sokszinusegre.html
5d457aec68b0aa8d22f0fc0337b0c6b68e997307674d9016b69a10b660e08696,2024-08-31 02:24:38.036244+00:00,hu,bama.hu,bama.hu,2021-06-11,A klímavédelmi intézkedések káros hatással lehetnek a faji sokszínűségre,https://www.bama.hu/egyperces/a-klimavedelmi-intezkedesek-karos-hatassal-lehetnek-a-faji-sokszinusegre-3857791/
0f183a0051a8023d61acd6de0a00b6bbcb3c37aa2c2f73c07bbbc0ed8aad0581,2024-08-31 02:23:57.891656+00:00,hu,boon.hu,boon.hu,2021-06-11,A klímavédelmi intézkedések káros hatással lehetnek a faji sokszínűségre,https://boon.hu/egyperces/a-klimavedelmi-intezkedesek-karos-hatassal-lehetnek-a-faji-sokszinusegre-5533875/?utm_source=rss&utm_medium=referral&utm_campaign=hiraggregator
7fa3adedec091a01fb620cf36cdb950af5bb928783110c5b3d9c2c598f87b53d,2024-08-31 02:23:39.273541+00:00,hu,szon.hu,szon.hu,2021-06-11,A klímavédelmi intézkedések káros hatással lehetnek a faji sokszínűségre,https://szon.hu/egyperces/a-klimavedelmi-intezkedesek-karos-hatassal-lehetnek-a-faji-sokszinusegre-5139687/?utm_source=rss&utm_medium=referral&utm_campaign=hiraggregator
4e89a4452cf10db5f9477c8b99fe6907e1662cef9a5d637c317e54e9070909dc,2024-08-31 02:23:33.352713+00:00,hu,haon.hu,haon.hu,2021-06-11,A klímavédelmi intézkedések káros hatással lehetnek a faji sokszínűségre,https://haon.hu/egyperces/a-klimavedelmi-intezkedesek-karos-hatassal-lehetnek-a-faji-sokszinusegre-5358589/?utm_source=rss&utm_medium=referral&utm_campaign=hiraggregator
e50b9cef8e1b84b84702abc63a1f066e8834b8f7eed0cf1ed0bd5a95e1fc89f7,2024-08-31 02:23:26.186373+00:00,hu,duol.hu,duol.hu,2021-06-11,A klímavédelmi intézkedések káros hatással lehetnek a faji sokszínűségre,https://www.duol.hu/egyperces/a-klimavedelmi-intezkedesek-karos-hatassal-lehetnek-a-faji-sokszinusegre-4419591/?utm_source=rss&utm_medium=referral&utm_campaign=hiraggregator
8e678e67bdcd3a20f33bc3b5058d9fc2c63f0392ac45e9d475eac25cd64b0e91,2024-08-31 02:23:07.197556+00:00,hu,delmagyar.hu,delmagyar.hu,2021-06-11,A klímavédelmi intézkedések káros hatással lehetnek a faji sokszínűségre,https://www.delmagyar.hu/egyperces/a-klimavedelmi-intezkedesek-karos-hatassal-lehetnek-a-faji-sokszinusegre-7630065/?utm_source=rssfeed
a138f4e4f3453dcd7cb519c041ccd6ecf27f78fcce3f11fbb8fa2ceab7441378,2024-08-31 02:18:36.913096+00:00,hu,24.hu,24.hu,2021-06-11,"Ha nem vigyázunk, árthatunk a kílmavédelmi intézkedésekkel",https://24.hu/tudomany/2021/06/11/klimavedelem-intezkedesek-faji-sokszinuseg-ipcc/
81c13f5b967daa32c8e89ae4376ff242772dddd70fae0fa44ad7f0ed9bfb2b5e,2024-08-31 02:12:41.568658+00:00,hu,origo.hu,origo.hu,2021-06-11,Vízhiány vezethet súlyos problémákhoz Iránban,https://www.origo.hu/gazdasag/20210528-iran-vizhiany-gazdasag-klimavalsag.html
2b748d5508c79e865c08f9eb94ecfb356a4ca470487d06c8562b60491438ab77,2024-08-31 00:02:29.078295+00:00,hu,portfolio.hu,portfolio.hu,2021-06-13,"Feszült kampány után ma eldől, hogy Svájcban betiltják-e a szintetikus növényvédő szereket",https://www.portfolio.hu/global/20210613/feszult-kampany-utan-ma-eldol-hogy-svajcban-betiltjak-e-a-szintetikus-novenyvedo-szereket-487826
fcd20728dc5d683af3244adf46a3e9a902b4e6d6c9dae72df327678928031e72,2024-08-30 22:46:59.862460+00:00,hu,magyarnemzet.hu,magyarnemzet.hu,2021-06-14,Fát ültettek az erdők védelmének nevében,https://magyarnemzet.hu/mozaik/tobb-millio-fat-ultettek-el-az-erdoirtasok-elleni-kuzdelem-jegyeben-9937292/?utm_source=rss&utm_medium=referral&utm_campaign=hiraggregator
ff0578b635f8559ebe76deef8d3cab622388e2c74b596a73ff552f0b7495798f,2024-08-30 18:47:31.733136+00:00,hu,blikk.hu,blikk.hu,2021-06-16,"Ez óriási! Irány Szeged, ahol egy 500 négyzetméteres falfestmény készült",https://www.blikk.hu/eletmod/tippek/szeged-oriasi-festmeny-mehek/ckn8pes
0232de213792968faefcd5f2bb3edad375528e07e72999b2d2c45f9db0e17bfb,2024-08-30 17:14:06.243994+00:00,hu,azonnali.hu,azonnali.hu,2021-06-17,"A magyarországi erdők negyede valójában nem is erdő, hanem akácültetvény",http://azonnali.hu/cikk/20210617_a-magyarorszagi-erdok-negyede-valojaban-nem-is-erdo-hanem-akacultetveny
28386240a0dcbbe431fdb1e2d3a0c2be1c59e66dd73abf485d0710846f99275a,2024-08-30 16:00:15.354560+00:00,hu,merce.hu,merce.hu,2021-06-18,"Ne a G7-től várjuk a világ megmentését, inkább tőlük mentsük meg a világot « Mérce",https://merce.hu/2021/06/18/ne-a-g7-tol-varjuk-a-vilag-megmenteset-inkabb-toluk-mentsuk-meg-a-vilagot/
10641b4edaf4a2294ede6febfcec9ea0b65322a9d4330fc4dae933905c7f954b,2024-08-30 15:38:32.478910+00:00,hu,origo.hu,origo.hu,2021-06-18,A Led Zeppelinről neveztek el egy új békafajt,https://www.origo.hu/tudomany/20210618-a-led-zeppelinrol-neveztek-el-egy-ecuadorban-talalt-uj-bekafajt.html
723f0fbb8f5f4b72762a78b68fa429c10756d17127c0b7df095c9cfce251932a,2024-08-30 15:33:25.131860+00:00,hu,24.hu,24.hu,2021-06-18,A Led Zeppelinről neveztek el egy békafajt,https://24.hu/tudomany/2021/06/18/uj-bekafaj-ecuador-led-zeppelin/
b1930c127c7c55a14859396210aebcc7d03a8c9e9b39a333bbedc6ecd943c68a,2024-08-30 15:31:24.968335+00:00,hu,index.hu,index.hu,2021-06-18,A Led Zeppelinről neveztek el egy új békafajt,https://index.hu/techtud/2021/06/18/led-zeppelin-beka-ecuador-peru-pristimantis-ledzeppelin-andok/
904e6e1f549fcdca2a7dd3a0f71c7137c7c4fb172dcfc0485e6c063ea035b6a5,2024-08-30 15:27:55.197442+00:00,hu,magyarnemzet.hu,magyarnemzet.hu,2021-06-18,A Led Zeppelinről neveztek el egy Ecuadorban talált új békafajt,https://magyarnemzet.hu/eletstilus/a-led-zeppelinrol-neveztek-el-egy-ecuadorban-talalt-uj-bekafajt-9957563/?utm_source=rss&utm_medium=referral&utm_campaign=hiraggregator
606e5a006f552f2b73259d0e700fc4ed540110d44b1bc3272cdff0f541ff9bf4,2024-08-30 15:26:18.015466+00:00,hu,haon.hu,haon.hu,2021-06-18,A Led Zeppelinről neveztek el egy új békafajt,https://haon.hu/egyperces/a-led-zeppelinrol-neveztek-el-egy-uj-bekafajt-5378858/?utm_source=rss&utm_medium=referral&utm_campaign=hiraggregator
656fada6f9727c566f650801e9a8e412389c7adf25ba52495b809de7b514afa9,2024-08-30 15:26:01.995020+00:00,hu,boon.hu,boon.hu,2021-06-18,A Led Zeppelinről neveztek el egy új békafajt,https://boon.hu/egyperces/a-led-zeppelinrol-neveztek-el-egy-uj-bekafajt-5554895/?utm_source=rss&utm_medium=referral&utm_campaign=hiraggregator
40b82fcaffc82a51103b1470b19cc1ee65c8cd50bcefa59ac9bb6aa517c60f07,2024-08-30 15:25:51.790204+00:00,hu,delmagyar.hu,delmagyar.hu,2021-06-18,A Led Zeppelinről neveztek el egy új békafajt,https://www.delmagyar.hu/egyperces/a-led-zeppelinrol-neveztek-el-egy-uj-bekafajt-7652948/?utm_source=rss&utm_medium=referral&utm_campaign=hiraggregator
d15bf0473f4202aba23e7881a36c89a701d456fc66bc8a35114df5635a81619d,2024-08-30 15:25:48.684336+00:00,hu,szon.hu,szon.hu,2021-06-18,A Led Zeppelinről neveztek el egy új békafajt,https://szon.hu/egyperces/a-led-zeppelinrol-neveztek-el-egy-uj-bekafajt-5158322/?utm_source=rss&utm_medium=referral&utm_campaign=hiraggregator
a862f862b2918b136c4c93ccc953bf1f33207be40bf88a8009b44da8635963c3,2024-08-30 14:40:21.024489+00:00,hu,ujegyenloseg.hu,ujegyenloseg.hu,2021-06-18,Nemzetközi ökocídium-egyezmény. Utópia vagy valóság?,https://ujegyenloseg.hu/nemzetkozi-okocidium-egyezmeny-utopia-vagy-valosag/
ac77880a7ed788324be0e975d67c75dfbe7719def455344d33614b58b778d5a6,2024-08-30 13:34:42.677877+00:00,hu,delmagyar.hu,delmagyar.hu,2021-06-20,"Hiába szép, ha kiszorítja a sajátot",https://www.delmagyar.hu/kozelet/helyi-kozelet/hiaba-szep-ha-kiszoritja-a-sajatot-7653794/?utm_source=rss&utm_medium=referral&utm_campaign=hiraggregator
04039b40244420ae3432fa4e0108aab46add1091af78c69277807c5ea574dc21,2024-08-30 12:51:19.428285+00:00,hu,index.hu,index.hu,2021-06-22,Így zöldült a XIII. kerület,https://index.hu/bcs/2021/06/22/angyalfold-xiii-kerulet-zoldterulet-novekedes-duna-terasz-lakoovezet/
f3012c6194e22cb35cbbca9a489e934d10e09515d7f4cf96810a8cf2955ea915,2024-08-30 02:59:19.271225+00:00,hu,merce.hu,merce.hu,2021-06-27,"Az éhínséget fel lehetne számolni, csak épp rendszerszintű változások kellenének hozzá « Mérce",https://merce.hu/2021/06/27/az-ehinseget-fel-lehetne-szamolni-csak-epp-rendszerszintu-valtozasok-kellenenek-hozza/
a28193c34d9b77e500e7216f40c60b52a52e26a7db7e71b0b3958d61ce132c05,2024-08-30 01:08:04.477162+00:00,hu,infostart.hu,infostart.hu,2021-06-28,Ürge-Vorsatz Diána: elszúrtuk a járványkezelést a nyugati világban,https://infostart.hu/tudomany/2021/06/28/urge-vorsatz-diana-elszurtuk-a-jarvanykezelest-a-nyugati-vilagban
72626a6f6bcac1d638c15d4a130cb5bd620a19dc15b9ad1fd1e8801ac33f9eef,2024-08-29 23:42:59.839505+00:00,hu,index.hu,index.hu,2021-06-29,"Nem a légkondis irodából érezhető át, milyen, amikor támad a medve",https://index.hu/kulfold/2021/06/29/romania-ketteszakadt-medveolokre-es-vedokre/
eaaaf08f2fa9746362d5ced8661676dbb5cb652492eb7889236786db723cdc7a,2024-08-29 23:10:30.233459+00:00,hu,magyarnemzet.hu,magyarnemzet.hu,2021-06-29,Kiállnak a keresztény egyházak a teremtett világért,https://magyarnemzet.hu/belfold/kiallnak-a-kereszteny-egyhazak-a-teremtett-vilagert-10007780/?utm_source=rss&utm_medium=referral&utm_campaign=hiraggregator
944cfa5d53e23a2eb34a5f5665e61a9e1573112ed60822783e5b8044e9f86fab,2024-08-29 21:15:58.866479+00:00,hu,infostart.hu,infostart.hu,2021-06-30,A portugál EU-elnökség mérlege: a reméltnél sokkal feszültebb félév,https://infostart.hu/kulfold/2021/06/30/a-portugal-eu-elnokseg-merlege-a-remeltnel-sokkal-feszultebb-felev
155fe7a0076faf9fc96b9d113c4bc41610b5d1282f57fc1d2e702fe86bab8c05,2024-08-29 13:38:02.196648+00:00,hu,delmagyar.hu,delmagyar.hu,2021-07-06,"Vörös, kék vagy zöld lehet az Év madara 2021-ben",https://www.delmagyar.hu/eletstilus/helyi-eletstilus/voros-kek-vagy-zold-lehet-az-ev-madara-2021-ben-7720967/?utm_source=rss&utm_medium=referral&utm_campaign=hiraggregator
a9da99083ad8c3e4b13ba3e1ee0065774cbb3fd55eb8d6ad71dfb2f4e30a9c9c,2024-08-29 13:10:07.149818+00:00,hu,origo.hu,origo.hu,2021-07-06,Biodiverzitás-szigetekkel állítanák helyre a szántók biológiai sokféleségét,https://www.origo.hu/tudomany/20210706-biodiverzitasszigetek-letrehozasaval-szandekoznak-helyreallitani-a-szantok-biologiai-sokfeleseget-az.html
3b87cd56e76417f206a213844a3c5dc642477fb0317b2023cc317f57659e61ea,2024-08-29 05:12:26.296425+00:00,hu,szon.hu,szon.hu,2021-07-12,Brüsszel most az erdőgazdálkodókat lehetetlenítené el,https://szon.hu/gazdasag/nemzetkozi-gazdasag/brusszel-most-az-erdogazdalkodokat-lehetetlenitene-el-5225660/?utm_source=rss&utm_medium=referral&utm_campaign=hiraggregator
eec0b4a81b34a3b91ef856882057eb34e1627959770107a69a11d721c6deb17f,2024-08-29 05:12:00.492583+00:00,hu,bama.hu,bama.hu,2021-07-12,Brüsszel most az erdőgazdálkodókat lehetetlenítené el,https://www.bama.hu/gazdasag/nemzetkozi-gazdasag/brusszel-most-az-erdogazdalkodokat-lehetetlenitene-el-3936653/?utm_source=rss&utm_medium=referral&utm_campaign=hiraggregator
c328511cde99ce86a9838a9a069bd34ca6ef7adaa48ef926e2cc30982c97f3ba,2024-08-29 05:10:27.942893+00:00,hu,delmagyar.hu,delmagyar.hu,2021-07-12,Brüsszel most az erdőgazdálkodókat lehetetlenítené el,https://www.delmagyar.hu/gazdasag/nemzetkozi-gazdasag/brusszel-most-az-erdogazdalkodokat-lehetetlenitene-el-7743455/?utm_source=rss&utm_medium=referral&utm_campaign=hiraggregator
0062c6708ee8bdb81baa602285663f19a31187cc88ebd6b7aaf9e2b0ef0e23b7,2024-08-29 05:09:13.307218+00:00,hu,teol.hu,teol.hu,2021-07-12,Brüsszel most az erdőgazdálkodókat lehetetlenítené el,https://www.teol.hu/gazdasag/nemzetkozi-gazdasag/brusszel-most-az-erdogazdalkodokat-lehetetlenitene-el-3856943/?utm_source=rss&utm_medium=referral&utm_campaign=hiraggregator
34f7f033a75132866dec9a83bd9a93103c5a8bb766f019f28a4b583bc5fe4815,2024-08-29 05:09:07.634195+00:00,hu,duol.hu,duol.hu,2021-07-12,Brüsszel most az erdőgazdálkodókat lehetetlenítené el,https://www.duol.hu/gazdasag/nemzetkozi-gazdasag/brusszel-most-az-erdogazdalkodokat-lehetetlenitene-el-4498250/?utm_source=rss&utm_medium=referral&utm_campaign=hiraggregator
d11c509ed67ecfa6a94479d34171bf83cb8983b7d9890adebcf89aacfbca818c,2024-08-29 05:08:39.089722+00:00,hu,haon.hu,haon.hu,2021-07-12,Brüsszel most az erdőgazdálkodókat lehetetlenítené el,https://haon.hu/gazdasag/nemzetkozi-gazdasag/brusszel-most-az-erdogazdalkodokat-lehetetlenitene-el-5454023/?utm_source=rss&utm_medium=referral&utm_campaign=hiraggregator
c6106b55c9af6588499255a6aa4ec0495dd1c3639bc25a39288da9faed4d99b6,2024-08-29 05:08:29.647285+00:00,hu,boon.hu,boon.hu,2021-07-12,Brüsszel most az erdőgazdálkodókat lehetetlenítené el,https://boon.hu/gazdasag/nemzetkozi-gazdasag/brusszel-most-az-erdogazdalkodokat-lehetetlenitene-el-5630291/?utm_source=rss&utm_medium=referral&utm_campaign=hiraggregator
76c2a32719504f4cc9d13e9dd5ec9d69b0c27b7898f94d235f5cb39e73cdc3e3,2024-08-29 04:59:51.163115+00:00,hu,magyarnemzet.hu,magyarnemzet.hu,2021-07-12,Brüsszel most az erdőgazdálkodókat lehetetlenítené el,https://magyarnemzet.hu/gazdasag/brusszel-most-az-erdogazdalkodokat-lehetetlenitene-el-10070807/?utm_source=rss&utm_medium=referral&utm_campaign=hiraggregator
db8c87a6701885029a0f41b9cab5092cd234e0e5ab74c21532fa3fd28da5e1a5,2024-08-29 04:58:44.224312+00:00,hu,index.hu,index.hu,2021-07-12,Az agrárminiszter felülvizsgálná a formálódó uniós erdészeti stratégiát,https://index.hu/gazdasag/2021/07/12/frans-timmermans-nagy-istvan-erdeszeti-strategia/
335562e64a6c6e43b5c33e54f90d8884c6e8b6bed4aa56724c18afe4b3706b96,2024-08-29 04:57:39.147841+00:00,hu,origo.hu,origo.hu,2021-07-12,Őserdőirtás okozza a megugrott szénkibocsátást,https://www.origo.hu/tudomany/20210712-a-felgyorsult-erdoirtas-peldatlan-szenkibocsatast-eredmenyezett-delkeletazsiaban.html
4ecd19cdf048078b6c14a4dad4482de3423f601569800367c3a892e9c1f865c5,2024-08-29 04:56:53.414968+00:00,hu,demokrata.hu,demokrata.hu,2021-07-12,Magyarország is aláírta a Frans Timmermansnak küldött levelet,https://demokrata.hu/magyarorszag/magyarorszag-is-alairta-a-frans-timmermansnak-kuldott-levelet-403718/
0ce35a699676f83c37c6828b0594cbf866febfa5f253eddbec7964c317fbfc5d,2024-08-29 01:46:12.277810+00:00,hu,index.hu,index.hu,2021-07-14,Több mint tízezer fajt kihalás fenyeget az Amazonas térségében,https://index.hu/tudomany/2021/07/14/tobb-mint-tizezer-faj-kihalas-veszely-amazonas/
5b770a42bb0139388073525b5f0e84afc04623222d38c93ddea3655aa3c3e5a4,2024-08-28 23:22:58.995352+00:00,hu,magyarnemzet.hu,magyarnemzet.hu,2021-07-15,Több mint tízezer fajt fenyeget a kihalás az Amazonas térségében,https://magyarnemzet.hu/mozaik/tobb-mint-tizezer-fajt-fenyeget-a-kihalas-az-amazonas-tersegeben-10082576/?utm_source=rss&utm_medium=referral&utm_campaign=hiraggregator
a4661f3eaab235b38409b209c2e7324cc08cbabd1c8732d7c2106dc78c9c72b5,2024-08-28 22:26:13.077720+00:00,hu,napi.hu,napi.hu,2021-07-16,Így védené az EU az erdőit,https://www.napi.hu/nemzetkozi-gazdasag/erdovedelem-eu-klimavaltozas-green-deal.733053.html
8bdcf70517d08a68f3fec894da65a443d7fc58463f7c0319d3b2b7cd5c13fdea,2024-08-28 22:01:13.541765+00:00,hu,demokrata.hu,demokrata.hu,2021-07-16,Az Európai Bizottság új stratégiát mutatott be,https://demokrata.hu/vilag/az-europai-bizottsag-uj-strategiat-mutatott-be-405063/
84d3677ffe777391965a3d5c98bc6ef4620563860de89c69474e254058e308bd,2024-08-28 21:48:01.405489+00:00,hu,szon.hu,szon.hu,2021-07-16,Több mint félmilliárd forint támogatás jut a balatoni klímavédelmi fejlesztésekre,https://szon.hu/eletstilus/tobb-mint-felmilliard-forint-tamogatas-jut-a-balatoni-klimavedelmi-fejlesztesekre-5235203/?utm_source=rss&utm_medium=referral&utm_campaign=hiraggregator
ed79dc20788d01ee1211d57de43fee572fde87f2f04c5d3ae60bfdb94b99fc69,2024-08-28 21:47:21.488943+00:00,hu,boon.hu,boon.hu,2021-07-16,Több mint félmilliárd forint támogatás jut a balatoni klímavédelmi fejlesztésekre,https://boon.hu/eletstilus/tobb-mint-felmilliard-forint-tamogatas-jut-a-balatoni-klimavedelmi-fejlesztesekre-5640842/?utm_source=rss&utm_medium=referral&utm_campaign=hiraggregator
698a1e60cac9b2e95f2a55bd98016ead3d3fdc69e2e15ecc09a7e14026750755,2024-08-28 21:47:06.557690+00:00,hu,delmagyar.hu,delmagyar.hu,2021-07-16,Több mint félmilliárd forint támogatás jut a balatoni klímavédelmi fejlesztésekre,https://www.delmagyar.hu/eletstilus/tobb-mint-felmilliard-forint-tamogatas-jut-a-balatoni-klimavedelmi-fejlesztesekre-7755941/?utm_source=rss&utm_medium=referral&utm_campaign=hiraggregator
b805a1cd26dcafcbc2ecf14c5e4fb517f1103705e9f3288fa790b6191907ab7e,2024-08-28 21:46:11.577357+00:00,hu,haon.hu,haon.hu,2021-07-16,Több mint félmilliárd forint támogatás jut a balatoni klímavédelmi fejlesztésekre,https://haon.hu/eletstilus/tobb-mint-felmilliard-forint-tamogatas-jut-a-balatoni-klimavedelmi-fejlesztesekre-5464430/?utm_source=rss&utm_medium=referral&utm_campaign=hiraggregator
74ee65d97064268f6247df31d8503c969e2ccb8cd0a3e63e35f9fa905eeb4aca,2024-08-28 21:34:08.178228+00:00,hu,portfolio.hu,portfolio.hu,2021-07-16,Újabb félmilliárdból fejlesztik a Balatont,https://www.portfolio.hu/ingatlan/20210716/ujabb-felmilliardbol-fejlesztik-a-balatont-492884
f5cc4b05d727e82650db14eaa1412af6e43e29adf2b5dec168e077086e4d16ae,2024-08-28 20:41:45.273498+00:00,hu,zaol.hu,zaol.hu,2021-07-17,Több mint tízezer fajt fenyeget a kihalás az Amazonas térségében,https://www.zaol.hu/egyperces/tobb-mint-tizezer-fajt-fenyeget-a-kihalas-az-amazonas-tersegeben-5409959/?utm_source=rss&utm_medium=referral&utm_campaign=hiraggregator
99eb1daa4bc9e245ab38a13054cc80c0dcd7c7ac5a7b82aec386ed333ecbc4b0,2024-08-28 20:41:32.871582+00:00,hu,bama.hu,bama.hu,2021-07-17,Több mint tízezer fajt fenyeget a kihalás az Amazonas térségében,https://www.bama.hu/egyperces/tobb-mint-tizezer-fajt-fenyeget-a-kihalas-az-amazonas-tersegeben-3944318/
adf3d23191c9982a6bd21873a985ef31005ed70228e87eb09891fbd964d7564a,2024-08-28 20:41:10.500006+00:00,hu,duol.hu,duol.hu,2021-07-17,Több mint tízezer fajt fenyeget a kihalás az Amazonas térségében,https://www.duol.hu/egyperces/tobb-mint-tizezer-fajt-fenyeget-a-kihalas-az-amazonas-tersegeben-4505435/?utm_source=rss&utm_medium=referral&utm_campaign=hiraggregator
eaa292ab6702468690289f0bd07dc4e73cbde022ae02d5d21d13b12e98068d8d,2024-08-28 20:41:03.764421+00:00,hu,szon.hu,szon.hu,2021-07-17,Több mint tízezer fajt fenyeget a kihalás az Amazonas térségében,https://szon.hu/egyperces/tobb-mint-tizezer-fajt-fenyeget-a-kihalas-az-amazonas-tersegeben-5233613/?utm_source=rss&utm_medium=referral&utm_campaign=hiraggregator
e729eb4d1df1b0128ce5288069378ab424fce30b2b7c93ea4c594837c8046e60,2024-08-28 20:40:52.918090+00:00,hu,haon.hu,haon.hu,2021-07-17,Több mint tízezer fajt fenyeget a kihalás az Amazonas térségében,https://haon.hu/egyperces/tobb-mint-tizezer-fajt-fenyeget-a-kihalas-az-amazonas-tersegeben-5462912/?utm_source=rss&utm_medium=referral&utm_campaign=hiraggregator
1b88487a787a9033578cd005c5594ea2ef40bc6e382719ce3d9c0826df653614,2024-08-28 20:40:37.174274+00:00,hu,boon.hu,boon.hu,2021-07-17,Több mint tízezer fajt fenyeget a kihalás az Amazonas térségében,https://boon.hu/egyperces/tobb-mint-tizezer-fajt-fenyeget-a-kihalas-az-amazonas-tersegeben-5639339/?utm_source=rss&utm_medium=referral&utm_campaign=hiraggregator
2ce33fba68f7cc7bd6cd25b49a6a8a752b9cbf9a7594fba7e9373d7573bac006,2024-08-28 20:40:28.289005+00:00,hu,delmagyar.hu,delmagyar.hu,2021-07-17,Több mint tízezer fajt fenyeget a kihalás az Amazonas térségében,https://www.delmagyar.hu/egyperces/tobb-mint-tizezer-fajt-fenyeget-a-kihalas-az-amazonas-tersegeben-7753736/?utm_source=rss&utm_medium=referral&utm_campaign=hiraggregator
a4a17ac090365a8f88fc47ccba503b77977dc8a6c10e9340775722838b63559c,2024-08-28 20:30:19.411801+00:00,hu,nepszava.hu,nepszava.hu,2021-07-17,Felnőttkorunk leghűvösebb nyara?,https://nepszava.hu/3126545_felnottkorunk-leghuvosebb-nyara
7b1e24ee0a1e26cb8abdc9f352b1dc173bbc36ccead92fa037438009e0a575b9,2024-08-28 20:14:55.719768+00:00,hu,origo.hu,origo.hu,2021-07-17,Több mint tízezer fajt fenyeget a kihalás az Amazonas térségében,https://www.origo.hu/tudomany/20210717-tobb-mint-tizezer-fajt-fenyeget-a-kihalas-az-amazonasnal.html
7cf434767b87605c938a23bb5819c828fd57193611c141aea44bf84fa149b001,2024-08-28 19:55:05.111225+00:00,hu,hvg.hu,hvg.hu,2021-07-19,"8000 növény- és 2300 állatfaj halhat ki, a világ sorsa függhet az Amazonas sorsától",http://hvg.hu/tudomany/20210719_amazonas_veszelyeztetett_fajok_kihalas#rss
6090a010bc37fea72071f9ec719828a176283b8642bd21b93e9f04638796cf42,2024-08-28 19:27:27.069577+00:00,hu,24.hu,24.hu,2021-07-18,Tönkreteszi a globális tömegturizmus a természetet,https://24.hu/tudomany/2021/07/18/globalis-tomegturizmus-termeszetvedelem-kornyezetszennyezes/
b05a2c0c9b7fa5d4efce85808d4719b073b91e4318dc0dc2394d856c75beb58e,2024-08-28 18:05:18.378698+00:00,hu,index.hu,index.hu,2021-07-19,Nagy István szerint el akarják lehetetleníteni az erdőgazdálkodást,https://index.hu/gazdasag/2021/07/19/nagy-istvan-agrarminiszterium-tarcavezeto-erdogazdalkodas-klimavaltozas/
6f0548a265d4c5e8d025c898448ecef7cde9ace884ed424a4ca8b9c3e4118711,2024-08-28 18:01:52.605948+00:00,hu,888.hu,888.hu,2021-07-19,Elfogadhatatlan az Európai Bizottság legújabb dokumentuma,https://888.hu/ketharmad/elfogadhatatlan-az-europai-bizottsag-legujabb-dokumentuma-4325579/
0937bbba046e8c4bea8bf1f55375f155f5c2b26fb4ca8c925166e36f49c71d27,2024-08-28 17:51:10.939244+00:00,hu,napi.hu,napi.hu,2021-07-19,Új uniós erdőstratégia: zúgolódik az Agrárminisztérium,https://www.napi.hu/magyar-gazdasag/uj-unios-erdostrategia-zugolodik-agrarminiszterium.733136.html
e32a8b85e32dc9fc9e1a7ee9006f86f754e5c48bb96c76bb9d4669eb872c611a,2024-08-28 17:46:33.226738+00:00,hu,origo.hu,origo.hu,2021-07-19,Az Agrárminisztérium szerint elfogadhatatlan az Európai Bizottság Új erdő stratégiája,https://www.origo.hu/gazdasag/20210719-am-uj-erdo-strategia.html
e8a87438beb9ff66d09fc7ac815ae70f7d0de49f801adb89580a5f18ab99f9f2,2024-08-28 17:45:02.294711+00:00,hu,szon.hu,szon.hu,2021-07-19,Nagy: elfogadhatatlan az Európai Bizottság Új erdő stratégiája,https://szon.hu/gazdasag/hazai-gazdasag/nagy-elfogadhatatlan-az-europai-bizottsag-uj-erdo-strategiaja-5241701/?utm_source=rss&utm_medium=referral&utm_campaign=hiraggregator
b11bf3e5d72d3cf7d4bf6bf4c8dea81f3bfee54c93f948060e94c9ab2dff099a,2024-08-28 17:44:47.394852+00:00,hu,haon.hu,haon.hu,2021-07-19,Nagy: elfogadhatatlan az Európai Bizottság Új erdő stratégiája,https://haon.hu/gazdasag/hazai-gazdasag/nagy-elfogadhatatlan-az-europai-bizottsag-uj-erdo-strategiaja-5470256/?utm_source=rss&utm_medium=referral&utm_campaign=hiraggregator
282434f19a48035186ecdbcf098d4e6b40000f6932323b2d055e8db03fd54e1f,2024-08-28 17:44:34.670047+00:00,hu,boon.hu,boon.hu,2021-07-19,Nagy: elfogadhatatlan az Európai Bizottság Új erdő stratégiája,https://boon.hu/gazdasag/hazai-gazdasag/nagy-elfogadhatatlan-az-europai-bizottsag-uj-erdo-strategiaja-5646809/?utm_source=rss&utm_medium=referral&utm_campaign=hiraggregator
1abe4b5ba3cf0efa87553d2591d2e41038cfe6f82eeb336858df8a53185461c1,2024-08-28 16:06:08.736667+00:00,hu,feol.hu,feol.hu,2021-07-20,Brüsszel most az erdők felett venné át az irányítást,https://www.feol.hu/gazdasag/nemzetkozi-gazdasag/brusszel-most-az-erdok-felett-venne-at-az-iranyitas-5124377/?utm_source=rss&utm_medium=referral&utm_campaign=hiraggregator
9c7a592acafb2a332bee744c1f24b457b38abb1df4cdc7f8f00b8bbd62541f8c,2024-08-28 16:05:48.800620+00:00,hu,zaol.hu,zaol.hu,2021-07-20,Brüsszel most az erdők felett venné át az irányítást,https://www.zaol.hu/gazdasag/nemzetkozi-gazdasag/brusszel-most-az-erdok-felett-venne-at-az-iranyitas-5420630/?utm_source=rss&utm_medium=referral&utm_campaign=hiraggregator
9b997c7813282774b18efd03e3c504c410712e9c72306c3f936a8a7062b7bb80,2024-08-28 16:05:44.061024+00:00,hu,szoljon.hu,szoljon.hu,2021-07-20,Brüsszel most az erdők felett venné át az irányítást,https://www.szoljon.hu/gazdasag/nemzetkozi-gazdasag/brusszel-most-az-erdok-felett-venne-at-az-iranyitas-3693296/?utm_source=rss&utm_medium=referral&utm_campaign=hiraggregator
c391422f58c7d50de6f6bfd311d073f25c4a3a079b4ff4bd6b57c0c24c0f3ce6,2024-08-28 16:05:41.654872+00:00,hu,baon.hu,baon.hu,2021-07-20,Brüsszel most az erdők felett venné át az irányítást,https://www.baon.hu/gazdasag/nemzetkozi-gazdasag/brusszel-most-az-erdok-felett-venne-at-az-iranyitas-4086380/?utm_source=rss&utm_medium=referral&utm_campaign=hiraggregator
be110ae7a3a3de9164f1a570edbe4b0b7565a7a618e3e7f1020872894c02ad0b,2024-08-28 16:05:35.200473+00:00,hu,veol.hu,veol.hu,2021-07-20,Brüsszel most az erdők felett venné át az irányítást,https://www.veol.hu/gazdasag/nemzetkozi-gazdasag/brusszel-most-az-erdok-felett-venne-at-az-iranyitas-4857068/?utm_source=rss&utm_medium=referral&utm_campaign=hiraggregator
44f5b0d8dec38cb2b62ba3411afc2cc8eb464ae6d8fea075f944461f7cf70e20,2024-08-28 16:05:35.006363+00:00,hu,duol.hu,duol.hu,2021-07-20,Brüsszel most az erdők felett venné át az irányítást,https://www.duol.hu/gazdasag/nemzetkozi-gazdasag/brusszel-most-az-erdok-felett-venne-at-az-iranyitas-4520564/?utm_source=rss&utm_medium=referral&utm_campaign=hiraggregator
467640fa3f508e99f27cf33332131f144de082a90e925044f303d9b5a7cf0577,2024-08-28 16:05:34.006457+00:00,hu,bama.hu,bama.hu,2021-07-20,Brüsszel most az erdők felett venné át az irányítást,https://www.bama.hu/gazdasag/nemzetkozi-gazdasag/brusszel-most-az-erdok-felett-venne-at-az-iranyitas-3953450/
4a34829af3fa7461a0b20f2937aa2562ff2748c6ccee11dbb725f8e98b2f0bb4,2024-08-28 16:05:27.233377+00:00,hu,sonline.hu,sonline.hu,2021-07-20,Brüsszel most az erdők felett venné át az irányítást,https://www.sonline.hu/gazdasag/nemzetkozi-gazdasag/brusszel-most-az-erdok-felett-venne-at-az-iranyitas-4275341/?utm_source=rss&utm_medium=referral&utm_campaign=hiraggregator
f09de4904c1277a36c0b3646109b88b0e64de39b505e4adbedc9751c7b3a02d1,2024-08-28 16:05:22.169807+00:00,hu,teol.hu,teol.hu,2021-07-20,Brüsszel most az erdők felett venné át az irányítást,https://www.teol.hu/gazdasag/nemzetkozi-gazdasag/brusszel-most-az-erdok-felett-venne-at-az-iranyitas-3875006/?utm_source=rss&utm_medium=referral&utm_campaign=hiraggregator
d098b860792fa1a35d79416de0a5f742f24057aabc1579e454e0f3439207d8c3,2024-08-28 16:05:17.764418+00:00,hu,szon.hu,szon.hu,2021-07-20,Brüsszel most az erdők felett venné át az irányítást,https://szon.hu/gazdasag/nemzetkozi-gazdasag/brusszel-most-az-erdok-felett-venne-at-az-iranyitas-5244404/?utm_source=rss&utm_medium=referral&utm_campaign=hiraggregator
af7df867becac48f317b597cf6d06a12e1adc3c3ca6d0a5cba9986561561e894,2024-08-28 16:05:05.306473+00:00,hu,beol.hu,beol.hu,2021-07-20,Brüsszel most az erdők felett venné át az irányítást,https://www.beol.hu/gazdasag/nemzetkozi-gazdasag/brusszel-most-az-erdok-felett-venne-at-az-iranyitas-4157828/?utm_source=rss&utm_medium=referral&utm_campaign=hiraggregator
10fa4296bf67bfd486b68f51b32eb6c547ef6476be88f5d51aa6538e94e924f8,2024-08-28 16:04:59.879202+00:00,hu,haon.hu,haon.hu,2021-07-20,Brüsszel most az erdők felett venné át az irányítást,https://haon.hu/gazdasag/nemzetkozi-gazdasag/brusszel-most-az-erdok-felett-venne-at-az-iranyitas-5473412/?utm_source=rss&utm_medium=referral&utm_campaign=hiraggregator
bf9c4b3b206a67aae769df1bd61242c4ecac2709d20af2bd16ed5c5f8f3eca36,2024-08-28 16:04:43.841669+00:00,hu,boon.hu,boon.hu,2021-07-20,Brüsszel most az erdők felett venné át az irányítást,https://boon.hu/gazdasag/nemzetkozi-gazdasag/brusszel-most-az-erdok-felett-venne-at-az-iranyitas-5649986/?utm_source=rss&utm_medium=referral&utm_campaign=hiraggregator
ac38d8d0ccaa1c314318d19ad9ecdb25a23e00309d5e8f854c69085d8dff4d16,2024-08-28 16:04:34.573484+00:00,hu,delmagyar.hu,delmagyar.hu,2021-07-20,Brüsszel most az erdők felett venné át az irányítást,https://www.delmagyar.hu/gazdasag/nemzetkozi-gazdasag/brusszel-most-az-erdok-felett-venne-at-az-iranyitas-7766558/?utm_source=rss&utm_medium=referral&utm_campaign=hiraggregator
46183797f7503e93f4154f81df92d3bee0e853e507214b53f9ad6ccf5342cbb4,2024-08-28 16:03:48.136510+00:00,hu,heol.hu,heol.hu,2021-07-20,Brüsszel most az erdők felett venné át az irányítás,https://www.heol.hu/gazdasag/nemzetkozi-gazdasag/brusszel-most-az-erdok-felett-venne-at-az-iranyitas-3810557/?utm_source=rss&utm_medium=referral&utm_campaign=hiraggregator
a3a2ce5be06e859fcfb6e46306ab4cbcb8ef350e97533e55d9bec35c55a91ea3,2024-08-28 16:01:29.420095+00:00,hu,magyarnemzet.hu,magyarnemzet.hu,2021-07-20,Brüsszel most az erdők felett venné át az irányítás,https://magyarnemzet.hu/gazdasag/brusszel-most-az-erdok-felett-venne-at-az-iranyitast-10101437/?utm_source=rss&utm_medium=referral&utm_campaign=hiraggregator
518c460a250ac4c6a5dddcd2f2483eac50153e82ba5d34bdb7d2520478870e5d,2024-08-28 13:31:45.539618+00:00,hu,index.hu,index.hu,2021-07-22,Új darázsfajt fedeztek fel Ecuadorban,https://index.hu/techtud/2021/07/22/uj-parazitoid-darazsfaj-dolichomitus-meii-oserdo-darwin-darazsak/
b41dab87ee92ea47cf1581ab49596ae2f4d0af2d8c48aa72856e2c3b268f44b2,2024-08-28 13:22:36.164740+00:00,hu,vg.hu,vg.hu,2021-05-30,Magyar tiltakozás az uniós erdőgazdálkodási stratégia ellen,https://www.vg.hu/vilaggazdasag-magyar-gazdasag/2021/07/magyar-tiltakozas-az-unios-erdogazdalkodasi-strategia-ellen-2?utm_source=hirstart&utm_medium=referral&utm_campaign=hiraggregator
b86935f0505a3f5434fdc3b1697a09f6cffc5ec9e01f6d8ed059c284655f598e,2024-08-28 06:46:20.646188+00:00,hu,origo.hu,origo.hu,2021-07-27,A tudósok öt új növényfajt azonosítottak a bolíviai Andokban,https://www.origo.hu/tudomany/20210727-a-tudosok-ot-uj-novenyfajt-azonositottak-boliviaban.html
c530702a2a6ac5f43309759259adf881ad5a24b4899b45151c4cf94dde6da7fb,2024-08-27 17:58:53.018495+00:00,hu,index.hu,index.hu,2021-08-03,"Földanya elfáradt, apad a Poopó",https://index.hu/techtud/2021/08/03/poopo-to-bolivia-kiszaradas-andok-klimavaltozas/
8ff68381b96d3e442effb983d74376b52c1882f9fc1d274378a13f426ca6b935,2024-08-27 11:28:57.479326+00:00,hu,azonnali.hu,azonnali.hu,2021-08-07,A szélsőjobboldal lehetséges jövője: így zöldült be egy észak-európai neonáci mozgalom,https://azonnali.hu/cikk/20210807_a-szelsojobboldal-lehetseges-jovoje-igy-zoldult-be-egy-eszak-europai-neonaci-mozgalom
997de1ceb5a7599c7550725f501c1d9352fc6dd7c59144c63ca112792bf572f9,2024-08-27 02:36:22.543729+00:00,hu,merce.hu,merce.hu,2021-08-13,Vétózás helyett Magyarország élen is járhatna a klímavédelemben « Mérce,https://merce.hu/2021/08/13/vetozas-helyett-magyarorszag-elen-is-jarhatna-a-klimavedelemben/
4287939f255e60983853f6472300949be5312680504cfb9fb595d5b015fba564,2024-08-26 16:45:51.544543+00:00,hu,24.hu,24.hu,2021-08-21,Egyre több hazánkban a 20 kilós rágcsáló,https://24.hu/tudomany/2021/08/21/hod-ragas-elarasztas-konfliktus-termeszet-okologia/
06680c38cbf96e35dacca7e908e1a2dea96bf9e99d90ca3d713e2831ffaa0f04,2024-08-26 03:41:42.155283+00:00,hu,vg.hu,vg.hu,2021-08-31,"Jók a magyar vetőmagok, többet is használhatnának belőlük a gazdálkodók",https://www.vg.hu/vilaggazdasag-magyar-gazdasag/2021/08/jok-a-magyar-vetomagok-tobbet-is-hasznalhatnanak-beloluk-a-gazdalkodok?utm_source=hirstart&utm_medium=referral&utm_campaign=hiraggregator
48c883735ce1d61c5bc9881eadbf9831e8e7cb86e40ec3c084e875b85e81f39b,2024-08-26 01:57:47.826426+00:00,hu,index.hu,index.hu,2021-09-01,Drasztikusan csökkenteni kell a tengeri közlekedés okozta károsanyag-kibocsátást az Európai Unióban,https://index.hu/kulfold/2021/09/01/eu-hajozas-szen-dioxid-kibocsatas-karbonsemlegesseg-emsa/
604f1110a98f5414b6c8b53fb9b14b071fb30f7fb4307dd12726d2e18a8f178f,2024-08-25 18:05:58.968354+00:00,hu,origo.hu,origo.hu,2021-09-07,Felhívást tett közzé a világ három legjelentősebb keresztény egyházi vezetője az ENSZ-klímacsúcs előtt,https://www.origo.hu/nagyvilag/20210907-a-vilag-harom-legjelentosebb-kereszteny-egyhazi-vezetojenek-felhivasa-az-enszklimacsucs-elott.html
69bae377bcd71ddd7f3332ec5e46ad9d51cf1379c528de0e045ef974309357bb,2024-08-25 18:05:41.845667+00:00,hu,infostart.hu,infostart.hu,2021-09-07,"Közös felhívással állt elő a pápa, a canterbury érsek és az ortodox ökumenikus pátriárka",https://infostart.hu/kulfold/2021/09/07/klimaveszhelyzet-kozos-felhivassal-allt-elo-a-papa-a-canterbury-ersek-es-az-ortodox-okumenikus-patriarka
43c17eea20589f4bf42a30eedd6863c6ddfecf70d4ce860754e9d4981cce4d4c,2024-08-25 07:22:21.495906+00:00,hu,index.hu,index.hu,2021-09-14,"Károly herceg ünnepel, magyarul üzent a magyaroknak",https://index.hu/kulfold/2021/09/14/karoly-herceg-magyar-brit-diplomacia-szazeves-evfordulo/
c1a250b89207fee3fe7afcbeed52776b657b2cef0c7cb789c48cb21e60067285,2024-08-25 07:07:22.881517+00:00,hu,atv.hu,atv.hu,2021-09-14,Magyarul küldött üzenetet nekünk Károly herceg,http://www.atv.hu/belfold/20210914-magyarul-kuldott-uzenetet-nekunk-karoly-herceg
ba1e7dbc01029d8f4fe715c150137c71113dc6540103c3855795e0a1b5c9df23,2024-08-24 10:39:32.773315+00:00,hu,nepszava.hu,nepszava.hu,2021-03-01,Csak aprópénz jut természetvédelemre,https://nepszava.hu/3111422_csak-apropenz-jut-termeszetvedelemre
c1502ee8c8fc7bbbddf760e543134009fe598d449f8de3b89d986f7ce3ed5faf,2024-08-24 10:36:48.468074+00:00,hu,nepszava.hu,nepszava.hu,2021-03-01,"362,51 forinton az euró",https://nepszava.hu/3111461_362-51-forinton-az-euro
cddcbe3bb40fa12ad9f1ab8cf94fe2888664f37d44e726254a9c6947f4064947,2024-08-24 10:20:27.276782+00:00,hu,nepszava.hu,nepszava.hu,2021-03-01,Nem aggályos Mészáros Lőrinc állami reklámozása,https://nepszava.hu/3111476_nem-aggalyos-meszaros-lorinc-allami-reklamozasa
ecd2f930af90107aa34f7cc9fdfbfde157945ec80d113fef4d370638d6420abc,2024-08-24 09:32:45.252207+00:00,hu,vg.hu,vg.hu,2021-03-01,A Föld számára 2021 sorsfordító év lesz,https://www.vg.hu/kozelet/kozeleti-hirek/a-fold-szamara-2021-sorsfordito-ev-lesz-2-3587971/?utm_source=rss&utm_medium=referral&utm_campaign=hiraggregator
d22599d82eea471cdbc4c9550379c1a12dc5cd01b6027973a9186a641d571bd1,2024-08-23 17:12:00.179757+00:00,hu,444.hu,444.hu,2021-03-09,A Német Időjárási Szolgálat szerint buktuk a párizsi klímacélt,https://444.hu/2021/03/09/a-nemet-idojarasi-szolgalat-szerint-buktuk-a-parizsi-klimacelt
b4bb193da8d9ca8c0b08339e6f3f688b628a06557e3d4ae79239ed7bfb9d0b2d,2024-08-22 19:59:38.451961+00:00,hu,24.hu,24.hu,2021-03-14,Fontos rovarok ébredeznek az országban,https://24.hu/tudomany/2021/03/14/idojaras-mehek-pusztulas-okologia/
da13720ddf78fddb97c5855bb9dbe0f0fac9adba756fba53d871cf12f4c69990,2024-08-22 15:13:57.704103+00:00,hu,origo.hu,origo.hu,2021-03-17,Folytatódhat az emberiség egyik legnagyobb vállalkozásának megvalósítása,https://www.origo.hu/gazdasag/20210222-szahel-ovezet-sahara-nagy-zold-fal-gazdasag.html
2cd21d9374157d850ff85aacb0d0f6402788b869186ec7c38a289b9e3038a1bd,2024-08-22 12:17:56.891362+00:00,hu,infostart.hu,infostart.hu,2021-03-18,"Van egy vízi iparág, amely annyira szennyez, mint a légi közlekedés",https://infostart.hu/gazdasag/2021/03/18/van-egy-vizi-iparag-amely-annyira-szennyez-mint-a-legi-kozlekedes
212bb27ea0e94b3b457a96f7bde18228e4d79354312a94319ace79aba8572940,2024-08-22 11:15:05.714324+00:00,hu,boon.hu,boon.hu,2021-03-19,"A fenékhálós halászat is annyira szennyezi a levegőt, mint a repülés",https://boon.hu/egyperces/a-fenekhalos-halaszat-is-annyira-szennyezi-a-levegot-mint-a-repules-5294857/?utm_source=rss&utm_medium=referral&utm_campaign=hiraggregator
4e558b4b85649c04cfa0936e42ec8d88d43c5494aff8c918b8722023a3f6d7f6,2024-08-22 11:14:53.258238+00:00,hu,beol.hu,beol.hu,2021-03-19,"A fenékhálós halászat is annyira szennyezi a levegőt, mint a repülés",https://www.beol.hu/egyperces/a-fenekhalos-halaszat-is-annyira-szennyezi-a-levegot-mint-a-repules-3793861/?utm_source=rss&utm_medium=referral&utm_campaign=hiraggregator
ef0a0a004736dd4f9e6cf0fe4ca3122c6e105d41ad5d5369a5ad8240f86d576b,2024-08-22 11:14:48.235477+00:00,hu,haon.hu,haon.hu,2021-03-19,"A fenékhálós halászat is annyira szennyezi a levegőt, mint a repülés",https://haon.hu/egyperces/a-fenekhalos-halaszat-is-annyira-szennyezi-a-levegot-mint-a-repules-5097712/?utm_source=rss&utm_medium=referral&utm_campaign=hiraggregator
ba2fe058be827f56e0769570e92e47313dc50010ed32ef3432b98e54e45cccc6,2024-08-22 11:14:42.611922+00:00,hu,duol.hu,duol.hu,2021-03-19,"A fenékhálós halászat is annyira szennyezi a levegőt, mint a repülés",https://www.duol.hu/egyperces/a-fenekhalos-halaszat-is-annyira-szennyezi-a-levegot-mint-a-repules-4221394/?utm_source=rss&utm_medium=referral&utm_campaign=hiraggregator
6dc80b23e788cac2f72a764b076ccd19a5aa614d9b9c7d6cedb5b285acf609cc,2024-08-22 11:14:42.175714+00:00,hu,szoljon.hu,szoljon.hu,2021-03-19,"A fenékhálós halászat is annyira szennyezi a levegőt, mint a repülés",https://www.szoljon.hu/egyperces/a-fenekhalos-halaszat-is-annyira-szennyezi-a-levegot-mint-a-repules-3363826/?utm_source=rss&utm_medium=referral&utm_campaign=hiraggregator
4e00d56650c72032235074397863b04812f7909b447ecf4adf33377658c8c0a5,2024-08-22 11:14:36.660972+00:00,hu,szon.hu,szon.hu,2021-03-19,"A fenékhálós halászat is annyira szennyezi a levegőt, mint a repülés",https://szon.hu/egyperces/a-fenekhalos-halaszat-is-annyira-szennyezi-a-levegot-mint-a-repules-4916860/?utm_source=rss&utm_medium=referral&utm_campaign=hiraggregator
08778d2ef1073d5c924a34200ee910fecc786eb7aa14616a8bdb72279cb9a788,2024-08-22 11:14:35.468135+00:00,hu,feol.hu,feol.hu,2021-03-19,"A fenékhálós halászat is annyira szennyezi a levegőt, mint a repülés",https://www.feol.hu/egyperces/a-fenekhalos-halaszat-is-annyira-szennyezi-a-levegot-mint-a-repules-4772116/?utm_source=rss&utm_medium=referral&utm_campaign=hiraggregator
8824f147965f0ada473b72649d4d1311c22ca6bd96061890499f339bb847527e,2024-08-22 11:14:28.720613+00:00,hu,bama.hu,bama.hu,2021-03-19,"A fenékhálós halászat is annyira szennyezi a levegőt, mint a repülés",https://www.bama.hu/egyperces/a-fenekhalos-halaszat-is-annyira-szennyezi-a-levegot-mint-a-repules-3648403/
aee48d9c4938105245355968d66bd84aae621efed6701ab52b7ff85a7abef6fa,2024-08-22 11:14:23.403192+00:00,hu,teol.hu,teol.hu,2021-03-19,"A fenékhálós halászat is annyira szennyezi a levegőt, mint a repülés",https://www.teol.hu/egyperces/a-fenekhalos-halaszat-is-annyira-szennyezi-a-levegot-mint-a-repules-3555568/?utm_source=rss&utm_medium=referral&utm_campaign=hiraggregator
a025b7a0ac0456bbdd4969cd4d4e0a82455e43ec416d03e6af42565df55238ee,2024-08-22 11:13:38.847047+00:00,hu,delmagyar.hu,delmagyar.hu,2021-03-19,"A fenékhálós halászat is annyira szennyezi a levegőt, mint a repülés",https://www.delmagyar.hu/egyperces/a-fenekhalos-halaszat-is-annyira-szennyezi-a-levegot-mint-a-repules-7342198/?utm_source=rss&utm_medium=referral&utm_campaign=hiraggregator
709ed4c11c2b9e0503013a541f8239691b9289cace263935e4001c4561458274,2024-08-22 11:01:52.210466+00:00,hu,nepszava.hu,nepszava.hu,2021-03-19,Rövidül az alpesi hószezon,https://nepszava.hu/3113573_rovidul-az-alpesi-hoszezon
9093485b65944ae70e52ace2281bbe7296baa57a28dcbf4a1231573318c9fadc,2024-08-22 09:30:13.588318+00:00,hu,sonline.hu,sonline.hu,2024-08-22,A legzöldebb beruházás: a klímaváltozás ellen a természet helyreállításába fektet az MNB,https://www.sonline.hu/helyi-gazdasag/2024/08/a-legzoldebb-beruhazas-a-klimavaltozas-ellen-a-termeszet-helyreallitasaba-fektet-az-mnb?utm_source=hirstart&utm_medium=referral&utm_campaign=hiraggregator
0b365c85c24d86ad96ca120905a6f02c1dfcf495cae6ab72cb7ecc5756343dd9,2024-08-22 09:02:06.838829+00:00,hu,hvg.hu,hvg.hu,2021-03-20,"Most először feltérképezték az óceáni területeket, melyekkel odacsaphatunk a klímaváltozásnak",http://hvg.hu/tudomany/20210320_fenekhalos_halaszat_legszennyezes_repules#rss
301e6ad1af3e0c215410249da47a71170f33cef8e46975650a74ae051708efc7,2024-08-22 07:55:19.219097+00:00,hu,24.hu,24.hu,2021-03-21,71 új fajt rejtett a budapesti múzeum,https://24.hu/tudomany/2021/03/21/allatok-muzeum-biodiverzitas/
ff10b504b219bc7bd9d6027f7f4dbd5c528368d92b84ee4980e424d3b7e7c951,2024-08-22 02:46:13.143850+00:00,hu,szon.hu,szon.hu,2021-03-24,Két évszak egy hét alatt – mi történik?,https://szon.hu/kozelet/helyi-kozelet/ket-evszak-egy-het-alatt-mi-tortenik-4923433/?utm_source=rss&utm_medium=referral&utm_campaign=hiraggregator
b9cbbc49a20c34539048f115009c8b9bf1755eade31865e96e898a69ab083a70,2024-08-21 23:55:16.782574+00:00,hu,merce.hu,merce.hu,2021-03-25,A fosszilis tőke ellen nincs védőoltás « Mérce,https://merce.hu/2021/03/25/a-fosszilis-toke-ellen-nincs-vedooltas/
58a56569caa0b0ecda3cff05540c5ee0f02d7b3ad49d64386bb30cad831fbebe,2024-08-21 19:46:12.271657+00:00,hu,index.hu,index.hu,2021-03-28,Világszerte sok város és magánember is csatlakozott a Föld órája akcióhoz,https://index.hu/kulfold/2021/03/28/fold-oraja-elsotetites-wwf/
58b59e7d58acfab09199efb3965a0f59740321cbd2c51f090d854fd7e1250e2c,2024-08-21 02:40:51.271483+00:00,hu,feol.hu,feol.hu,2021-02-03,"Lárvát és a bábját, s mi jó falat",https://www.feol.hu/gazdasag/helyi-gazdasag/eheto-rovarok-merkl-otto-4643032/?utm_source=rss&utm_medium=referral&utm_campaign=hiraggregator
f6d2074658e2ed40067ef85362b1017e54ef3e889a9fda116ce3a03673807d9d,2024-08-20 16:29:27.769150+00:00,hu,vg.hu,vg.hu,2021-02-09,A Nestlé 2050-re éri el karbonsemlegességét,https://www.vg.hu/kozelet/kornyezetvedelem/a-nestle-2050-re-eri-el-karbonsemlegesseget-3545314/?utm_source=rss&utm_medium=referral&utm_campaign=hiraggregator
af904a0b98d1807cce51f7702ff787b13689e4ce5b783051a838377fbb7719c5,2024-08-20 16:07:17.210426+00:00,hu,vg.hu,vg.hu,2021-02-09,A Nestlé 2050-re éri el a karbonsemlegességet,https://www.vg.hu/pr/a-nestle-2050-re-eri-el-a-karbonsemlegesseget-3546277/?utm_source=rss&utm_medium=referral&utm_campaign=hiraggregator
d638e7e80a78dae625590f89ad2d2d2539a476b22dc2380cdd75e47464843100,2024-08-20 16:06:18.445440+00:00,hu,origo.hu,origo.hu,2021-02-09,2050-re elérné a karbonsemlegességet a világ egyik nagy élelmiszeripari vállalata,https://www.origo.hu/gazdasag/20210209-2050re-eri-el-a-karbonsemlegesseget-a-nestle.html
013d3ba7a2363accdf0a3e3cf96cd5ff7a8c64790506f866f7e24b8d5510d560,2024-08-20 07:30:48.864648+00:00,hu,index.hu,index.hu,2021-02-14,Ukrajna: ivóvízhiány és elsivatagosodás fenyeget,https://index.hu/kulfold/2021/02/14/ukrajna_ivovizhiany_elsivatagosodas_eghajlatvaltozas/
b76b09190cafc6ff53dac82ceba7d120006c3b3ac9c8e284b5fe45898c090c76,2024-08-19 23:17:58.191748+00:00,hu,infostart.hu,infostart.hu,2021-02-18,Áder János: alapvetően kell újragondolni a gazdasági működést,https://infostart.hu/gazdasag/2021/02/18/ader-janos-alapvetoen-kell-ujragondolni-a-gazdasagi-mukodest
1378c43dc48be7e8a84041ece75cb60238a5334266c891f2426f14e5c5901e54,2024-08-19 16:43:24.028021+00:00,hu,portfolio.hu,portfolio.hu,2021-02-22,Csak mérhető célok és környezetvédelmi szempontok mentén szabad elosztani a rengeteg EU-s pénzt,https://www.portfolio.hu/unios-forrasok/20210222/csak-merheto-celok-es-kornyezetvedelmi-szempontok-menten-szabad-elosztani-a-rengeteg-eu-s-penzt-470906
504fc349d2981ca56acb4aca2ee79586be8d4eb529acaae0e92267247d21fadc,2024-08-19 15:09:04.964952+00:00,hu,444.hu,444.hu,2021-02-23,Óriási pusztítást okoz az ember az édesvizekben,https://444.hu/2021/02/23/oriasi-pusztitast-okoz-az-ember-az-edesvizekben
6d6c16de640d526e1e0fb9c2f08c9cad4898561fe5d448ec9dc463f9ee3722e8,2024-08-19 07:40:46.051305+00:00,hu,infostart.hu,infostart.hu,2021-02-27,"MME: intő jel, hogy már az igénytelen fajok is fogyatkoznak",https://infostart.hu/tudomany/2021/02/27/mme-into-jel-hogy-mar-az-igenytelen-fajok-is-fogyatkoznak
4d29d4a03f800e1685279bee7de536170439f45119e7fb9ea371d8c0edf601d2,2024-08-17 16:43:40.716555+00:00,hu,infostart.hu,infostart.hu,2021-01-01,"Múzeumköltöztetés, országos riasztási őrség",https://infostart.hu/tudomany/2021/01/01/muzeumkoltoztetes-orszagos-riasztasi-orseg-kornyezetvedelmi-valtozasok-2020-bol
651e50d9b032f77bc463f45b379dce43fdc5328e8f6188e014401d1f6507596e,2024-08-17 14:35:55.391666+00:00,hu,origo.hu,origo.hu,2021-01-03,Már csak 44 éve lenne vissza az amazóniai esőerdőknek?,https://www.origo.hu/tudomany/20210103-szavannava-valthat-amazonia-egy-nagyobb-resze.html
c8238e11745fba24b4ca63e75d463f61c8606d3077d7fa8cdf864bc2d4f07b56,2024-08-17 14:12:14.595041+00:00,hu,merce.hu,merce.hu,2021-01-03,A marseille-i polgármester lemondása rossz ómen az összefogni képtelen francia progresszíveknek « Mérce,https://merce.hu/2021/01/03/a-marseille-i-polgarmester-lemondasa-rossz-omen-az-osszefogni-keptelen-francia-progressziveknek/
ecd22b244d4469a41670e7f65e057d9457a06cbd83858a05ecf887f3ab249faa,2024-08-17 13:19:22.045556+00:00,hu,444.hu,444.hu,2021-01-04,"Az európai tudományos akadémiák testülete szerint radikális változásokra van szükség a technológia, a gazdaság és a társadalmi viszonyok terén",https://444.hu/2021/01/04/az-europai-tudomanyos-akademiak-testulete-szerint-radikalis-valtozasokra-van-szukseg-a-technologia-a-gazdasag-es-a-tarsadalmi-viszonyok-teren
72515ad7eda6ac68443de7a25b565b762e858e6d51acdf5ba70f292fbd55cd81,2024-08-17 13:15:34.186619+00:00,hu,blikk.hu,blikk.hu,2021-01-04,"Felesleges várakozni, soha nem tér vissza a világ a „rendes” kerékvágásba: megszólaltak Európa tudósai, javaslataik nem fognak tetszeni az elitnek",https://www.blikk.hu/geo/koronavirus-tudomany-europa-klimavaltozas/l3vdv6x
224a91d95cf243c959776a9bd1278c949647047d8027850fc2f150823908a191,2024-08-17 13:11:45.358952+00:00,hu,merce.hu,merce.hu,2021-01-04,Az európai tudományos akadémiák szerint a járvány után nem térhetünk vissza a „rendes kerékvágásba” « Mérce,https://merce.hu/2021/01/04/az-europai-tudomanyos-akademiak-szerint-a-jarvany-utan-nem-terhetunk-vissza-a-rendes-kerekvagasba/
c5ef36f2a72e451b49af4dd2ab551b3cb5e21ff259f2a3b718bd3dbbf14529d6,2024-08-17 13:02:46.698728+00:00,hu,24.hu,24.hu,2021-01-04,"Senkinek nem jó, ha visszatérünk a rendes kerékvágásba",https://24.hu/tudomany/2021/01/04/klimavaltozas-koronavirus-jarvany-mta-easac-jelentes/
d1510088df31f5fc3a0f2d28162ab5f77e2c2f15e09ee5ffae66d9a2bbd2d078,2024-08-17 11:45:25.192749+00:00,hu,nepszava.hu,nepszava.hu,2021-01-05,A rendes kerékvágás finomhangolása nem lesz elég a fenntarthatósághoz,https://nepszava.hu/3104918_a-rendes-kerekvagas-finomhangolasa-nem-lesz-eleg-a-fenntarthatosaghoz
2a1ec9cf03de5bd09b501cf31331a0cf15603040456ba2c8d0cb7c502de9d5b9,2024-08-17 11:42:35.122254+00:00,hu,napi.hu,napi.hu,2021-01-05,"A tudósok nekimentek az elitnek: drasztikus váltás kell, mert a finomhangolás már nem menti meg a földi életet",https://www.napi.hu/nemzetkozi_gazdasag/a_tudosok_nekimentek_az_elitnek_drasztikus_valtas_kell_mert_a_finomhangolas_mar_nem_menti_meg_a_foldi_eletet.720862.html
eacf0dcbe0eed2f1f8f2039f50e17ddd2cc1fb8536e0016f99e4870a899d82ae,2024-08-17 11:36:35.433442+00:00,hu,nepszava.hu,nepszava.hu,2021-01-05,Megbolondult szaglás is lehet a koronavírus-fertőzés következménye,https://nepszava.hu/3104926_megbolondult-szaglas-is-lehet-a-koronavirus-fertozes-kovetkezmenye
0310ba59c690ea7dd56ef58e6ac45f3868637fd4a3531159fe957b59aa5aab05,2024-08-17 11:27:58.936285+00:00,hu,nepszava.hu,nepszava.hu,2021-01-05,Megzavarodott szaglás is lehet a koronavírus-fertőzés következménye,https://nepszava.hu/3104926_megzavarodott-szaglas-is-lehet-a-koronavirus-fertozes-kovetkezmenye
1c60bc16a31f80bc9676591a035045770393b881d7399bacf4668bb2cb0108a4,2024-08-17 10:03:58.810621+00:00,hu,origo.hu,origo.hu,2021-01-06,Trópusi fajok hódítják meg a Földközi-tenger keleti részét,https://www.origo.hu/tudomany/20210106-osszeomloban-a-biodiverzitas-a-foldkozitenger-keleti-reszen.html
6cd66c9656efbc8f95253a3438cb0334da27015c4983e0d4c02dd24d014f2685,2024-08-17 09:59:26.124531+00:00,hu,24.hu,24.hu,2021-01-06,Összeomlóban a biodiverzitás a Földközi-tenger keleti részén,https://24.hu/tudomany/2021/01/06/biodiverzitas-osszeomlas-foldkozi-tenger/
affd0aada111f6727c136b0e7acdc4141bcbd81f2cd3b1f605ce07e2a5b60d4a,2024-08-17 09:59:15.873497+00:00,hu,nepszava.hu,nepszava.hu,2021-01-06,Összeomlóban a biodiverzitás a Földközi-tenger keleti részén,https://nepszava.hu/3105063_osszeomloban-a-biodiverzitas-a-foldkozi-tenger-keleti-reszen
cf12f4f73178637d6b2795cf9e9942f7233d3ebd0d5e34ff037d4bd2ab4d42e6,2024-08-17 09:56:24.166430+00:00,hu,magyarnemzet.hu,magyarnemzet.hu,2021-01-06,Gondban vannak a Földközi-tenger keleti részén élő fajok,https://magyarnemzet.hu/mozaik/gondban-vannak-a-foldkozi-tenger-keleti-reszen-elo-fajok-9185570/?utm_source=rss&utm_medium=referral&utm_campaign=hiraggregator
7d62b89d7d6625e0cbe2335aaf2b4a329006df56f6b0758fc0225581ad32c66e,2024-08-17 09:25:57.803773+00:00,hu,vg.hu,vg.hu,2021-01-06,Fajok tűnnek el a Földközi-tenger keleti részén,https://www.vg.hu/kozelet/kornyezetvedelem/osszeomloban-a-biodiverzitas-a-foldkozi-tenger-keleti-reszen-3467968/?utm_source=rss&utm_medium=referral&utm_campaign=hiraggregator
70e4d96d54137ef4e7ab35b7b2c6685ff602ca05c5b1c3d159f950259874045f,2024-08-17 05:11:57.144047+00:00,hu,magyarnemzet.hu,magyarnemzet.hu,2021-01-09,Buborék,https://magyarnemzet.hu/lugas-rovat/buborek-9191663/?utm_source=rss&utm_medium=referral&utm_campaign=hiraggregator
8b4a17d80b9cffa03249b8cbfd9d09f8193287ad682e2c293803cf103e3bc07c,2024-08-17 04:46:55.267330+00:00,hu,magyarnemzet.hu,magyarnemzet.hu,2021-01-09,"Védetté nyilvánították, majd feldúlták a tó környékét",https://magyarnemzet.hu/belfold/vedette-nyilvanitott-to-kornyeket-dulta-fel-a-fovaros-9202070/?utm_source=rss&utm_medium=referral&utm_campaign=hiraggregator
d76b1b33ad58f5ad4e16dd1b64bcc74200040ae65b52fced2ca7fa5a2f51e129,2024-08-17 03:49:00.016135+00:00,hu,infostart.hu,infostart.hu,2021-01-10,A trópusi fajok és a felmelegedés miatt nyakunkon a Földközi-tenger ökológiai összeomlása,https://infostart.hu/tudomany/2021/01/10/a-tropusi-fajok-es-a-felmelegedes-miatt-nyakunkon-a-foldkozi-tenger-okologiai-osszeomlasa
ed0647895da1283f3dab0610d37da2d10192e3420bf7523f60b67715eb90ac93,2024-08-17 02:39:10.359192+00:00,hu,hvg.hu,hvg.hu,2021-01-11,Így értékeljük a Zhvg évét,http://hvg.hu/gazdasag.zhvg/20210111_Igy_ertekeljuk_a_Zhvg_evet#rss
30520b653f914c487b802faf55da453453a803402c9cac1de42c301b65fea49a,2024-08-16 22:24:26.400817+00:00,hu,origo.hu,origo.hu,2021-01-13,A szlovén tenger koralljait is veszélyezteti a klímaváltozás,https://www.origo.hu/tudomany/20210113-a-szloven-tenger-koralljai-is-veszelyben-vannak-a-klimavaltozas-miatt.html
6711a4164f1048b37f31283ea94d3db4058fd65497f4f8784ebd132e2a0f8044,2024-08-16 22:15:20.629663+00:00,hu,24.hu,24.hu,2021-01-13,A szlovén tenger koralljai veszélyben vannak,https://24.hu/tudomany/2021/01/13/szloven-tenger-korallok-klimavaltozas/
bbb7c347a91b658b68c47e6c3ae6977a2726bbd49a7bb3cff5a3194b210fdfe6,2024-08-16 18:08:48.243409+00:00,hu,blikk.hu,blikk.hu,2021-01-15,"Nincs másik bolygó: gyorsabban haldoklik a Föld, mint gondoltuk – Az emberi faj is komoly veszélyben lehet, ha nem cselekszünk",https://www.blikk.hu/geo/kornyezetvedelem-klimavalsag-bolygo-pusztulas-figyelem/lwbm8n7
b6505bea3e636c76aa6e25b98d64b90ecc7ef780cef7a2e738965bb4631c012a,2024-08-16 17:33:36.120779+00:00,hu,haon.hu,haon.hu,2021-01-16,Már 50 tagállam védi a Föld szárazföldi és óceáni területeit,https://haon.hu/egyperces/mar-50-tagallam-vedi-a-fold-szarazfoldi-es-oceani-teruleteit-4903345/?utm_source=rss&utm_medium=referral&utm_campaign=hiraggregator
10f0fae34791bbc9afd174e532272598ff1ed8ce24ccf931db050da509498c3b,2024-08-16 17:33:00.168357+00:00,hu,delmagyar.hu,delmagyar.hu,2021-01-16,Már 50 tagállam védi a Föld szárazföldi és óceáni területeit,https://www.delmagyar.hu/egyperces/mar-50-tagallam-vedi-a-fold-szarazfoldi-es-oceani-teruleteit-7134574/?utm_source=rss&utm_medium=referral&utm_campaign=hiraggregator
638b46d0c09c530c88e22ba6a6b0a8d8b0e8534f7ea627bb1177420c84036cbc,2024-08-16 17:33:00.079477+00:00,hu,szon.hu,szon.hu,2021-01-16,Már 50 tagállam védi a Föld szárazföldi és óceáni területeit,https://szon.hu/egyperces/mar-50-tagallam-vedi-a-fold-szarazfoldi-es-oceani-teruleteit-4736653/?utm_source=rss&utm_medium=referral&utm_campaign=hiraggregator
cf763d2fba614397bd9495e23bbe9dee5bba9cc91f05aa02c9039a4dc347dc5c,2024-08-16 17:32:59.129104+00:00,hu,boon.hu,boon.hu,2021-01-16,Már 50 tagállam védi a Föld szárazföldi és óceáni területeit,https://boon.hu/egyperces/mar-50-tagallam-vedi-a-fold-szarazfoldi-es-oceani-teruleteit-5109808/?utm_source=rss&utm_medium=referral&utm_campaign=hiraggregator
4040b3c555d76f6f69edc267b46bbbcbd5f03be9de4bfd999b79f52ecd69f1a6,2024-08-16 15:48:05.751135+00:00,hu,infostart.hu,infostart.hu,2021-01-17,Vezető kutatók kongatták meg a vészharangot a Föld állapota miatt,https://infostart.hu/tudomany/2021/01/17/vezeto-kutatok-kongattak-meg-a-veszharangot-a-fold-allapota-miatt
4753b25f65c5f003913b852c697bde1a5eaf750913fafaa803978570bb1a43b9,2024-08-16 10:28:12.268041+00:00,hu,index.hu,index.hu,2021-01-20,A növények 40 százalékát a kihalás fenyegeti,https://index.hu/techtud/2021/01/20/a_novenyek_kozel_felet_a_kihalas_fenyegeti/
2c28267a3b2c5cea785ff028d19266a214cdd0062ad7f7b608f35ef959ad9560,2024-08-16 09:41:35.590492+00:00,hu,hvg.hu,hvg.hu,2021-01-20,"Világjárvány ide vagy oda, a pusztuló környezet tehet be a leginkább a világgazdaságnak",http://hvg.hu/gazdasag.zhvg/20210120_A_jarvany_ellenere_is_a_kornyezeti_kockazatok_jelentik_a_legnagyobb_veszelyt#rss
4f8bc1f85a0c9938918d6f19103ff0b625fa05f14526a035cb405e689bde81f2,2024-08-16 07:48:59.042064+00:00,hu,merce.hu,merce.hu,2021-01-21,Szolidáris élelem a termőföldtől a tányérig « Mérce,https://merce.hu/2021/01/21/szolidaris-elelem-a-termofoldtol-a-tanyerig/
2b49a1404ff06ce42af3e49c863e54f15dcfca65c496129d23610d6e6c42ef26,2024-08-16 06:21:57.937542+00:00,hu,vg.hu,vg.hu,2021-01-22,Mezőgazdasági és Élelmezésügyi Világtalálkozót tartottak online,https://www.vg.hu/vallalatok/mezogazdasag/mezogazdasagi-es-elelmezesugyi-vilagtalalkozot-tartottak-online-3506845/?utm_source=rss&utm_medium=referral&utm_campaign=hiraggregator
52227ece48fe7a0465297de56c89c04e5b7945ef3fd856904e461a3076295f88,2024-08-16 06:02:26.650488+00:00,hu,szon.hu,szon.hu,2021-01-22,Közös nyilatkozattal zárult a 13. Élelmezésügyi és Mezőgazdasági Világfórum,https://szon.hu/gazdasag/hazai-gazdasag/kozos-nyilatkozattal-zarult-a-13-elelmezesugyi-es-mezogazdasagi-vilagforum-4764712/?utm_source=rss&utm_medium=referral&utm_campaign=hiraggregator
de4496c2250ce7f5de02cf10add538c0ab11f7a3bc9249f86fb3796776092e77,2024-08-16 06:02:22.301353+00:00,hu,heol.hu,heol.hu,2021-01-22,Közös nyilatkozattal zárult a 13. Élelmezésügyi és Mezőgazdasági Világfórum,https://www.heol.hu/gazdasag/hazai-gazdasag/kozos-nyilatkozattal-zarult-a-13-elelmezesugyi-es-mezogazdasagi-vilagforum-3330745/?utm_source=rss&utm_medium=referral&utm_campaign=hiraggregator
704c6327bc87a712473d48710cb9b7abdb79d035d61ac82c11e85c3f3acb912a,2024-08-16 06:02:18.275826+00:00,hu,vaol.hu,vaol.hu,2021-01-22,Közös nyilatkozattal zárult a 13. Élelmezésügyi és Mezőgazdasági Világfórum,https://www.vaol.hu/gazdasag/hazai-gazdasag/kozos-nyilatkozattal-zarult-a-13-elelmezesugyi-es-mezogazdasagi-vilagforum-4602649/?utm_source=rss&utm_medium=referral&utm_campaign=hiraggregator
5492302c593bb9944328c1b6272704a17ae3a44ee44240a4899f93ff8b0beff1,2024-08-16 06:02:15.627545+00:00,hu,sonline.hu,sonline.hu,2021-01-22,Közös nyilatkozattal zárult a 13. Élelmezésügyi és Mezőgazdasági Világfórum,https://www.sonline.hu/gazdasag/hazai-gazdasag/kozos-nyilatkozattal-zarult-a-13-elelmezesugyi-es-mezogazdasagi-vilagforum-3839143/?utm_source=rss&utm_medium=referral&utm_campaign=hiraggregator
48fdcaa8210ce0f82c1e58d21558598876d409ba8283f95f7715d019e47a545c,2024-08-16 06:02:13.769853+00:00,hu,zaol.hu,zaol.hu,2021-01-22,Közös nyilatkozattal zárult a 13. Élelmezésügyi és Mezőgazdasági Világfórum,https://www.zaol.hu/gazdasag/hazai-gazdasag/kozos-nyilatkozattal-zarult-a-13-elelmezesugyi-es-mezogazdasagi-vilagforum-4868620/?utm_source=rss&utm_medium=referral&utm_campaign=hiraggregator
cf072b379218f2906a1181140fbbae3932b6fc3b37dd748c77a1cea261ad7afd,2024-08-16 06:02:11.648137+00:00,hu,haon.hu,haon.hu,2021-01-22,Közös nyilatkozattal zárult a 13. Élelmezésügyi és Mezőgazdasági Világfórum,https://haon.hu/gazdasag/hazai-gazdasag/kozos-nyilatkozattal-zarult-a-13-elelmezesugyi-es-mezogazdasagi-vilagforum-4934140/?utm_source=rss&utm_medium=referral&utm_campaign=hiraggregator
1567e4452fde831ec6889d8374d581912872be91e9d2a8fc125427cdcff98e26,2024-08-16 06:02:03.856852+00:00,hu,szoljon.hu,szoljon.hu,2021-01-22,Közös nyilatkozattal zárult a 13. Élelmezésügyi és Mezőgazdasági Világfórum,https://www.szoljon.hu/gazdasag/hazai-gazdasag/kozos-nyilatkozattal-zarult-a-13-elelmezesugyi-es-mezogazdasagi-vilagforum-3215365/?utm_source=rss&utm_medium=referral&utm_campaign=hiraggregator
5650b2adf7cd83863d71681d5e4ed37bf63448958d8cc0c08070eaa53945076e,2024-08-16 06:02:01.655144+00:00,hu,bama.hu,bama.hu,2021-01-22,Közös nyilatkozattal zárult a 13. Élelmezésügyi és Mezőgazdasági Világfórum,https://www.bama.hu/gazdasag/hazai-gazdasag/kozos-nyilatkozattal-zarult-a-13-elelmezesugyi-es-mezogazdasagi-vilagforum-3509311/?utm_source=rss&utm_medium=referral&utm_campaign=hiraggregator
98c24b3bb110ace6a6c4a1bf876658bde5b1b1008788ef338c9d7b64eb5d4661,2024-08-16 06:02:00.592139+00:00,hu,feol.hu,feol.hu,2021-01-22,Közös nyilatkozattal zárult a 13. Élelmezésügyi és Mezőgazdasági Világfórum,https://www.feol.hu/gazdasag/hazai-gazdasag/kozos-nyilatkozattal-zarult-a-13-elelmezesugyi-es-mezogazdasagi-vilagforum-4612450/?utm_source=rss&utm_medium=referral&utm_campaign=hiraggregator
1249b7dc52c647fc2eaea7d355699089ce82f66346be29cbea002c08297b8ab7,2024-08-16 06:01:45.072472+00:00,hu,boon.hu,boon.hu,2021-01-22,Közös nyilatkozattal zárult a 13. Élelmezésügyi és Mezőgazdasági Világfórum,https://boon.hu/gazdasag/hazai-gazdasag/kozos-nyilatkozattal-zarult-a-13-elelmezesugyi-es-mezogazdasagi-vilagforum-5138005/?utm_source=rss&utm_medium=referral&utm_campaign=hiraggregator
969d33ac8612d868d379a20849f7badf4a4946ef9c350aefaab4ded38debbfba,2024-08-16 06:01:33.124589+00:00,hu,teol.hu,teol.hu,2021-01-22,Közös nyilatkozattal zárult a 13. Élelmezésügyi és Mezőgazdasági Világfórum,https://www.teol.hu/gazdasag/hazai-gazdasag/kozos-nyilatkozattal-zarult-a-13-elelmezesugyi-es-mezogazdasagi-vilagforum-3412324/?utm_source=rss&utm_medium=referral&utm_campaign=hiraggregator
12c027f778f8fb966f343a818a95448a4427cb094a9b5868274edbb129a4c06a,2024-08-16 06:01:24.555753+00:00,hu,duol.hu,duol.hu,2021-01-22,Közös nyilatkozattal zárult a 13. Élelmezésügyi és Mezőgazdasági Világfórum,https://www.duol.hu/gazdasag/hazai-gazdasag/kozos-nyilatkozattal-zarult-a-13-elelmezesugyi-es-mezogazdasagi-vilagforum-4089556/?utm_source=rss&utm_medium=referral&utm_campaign=hiraggregator
9bf8f7880ce2bca8b37a0a4449e1dc869a9dcb372f248e7acbd2561d7b3d29c0,2024-08-16 05:59:29.954772+00:00,hu,kisalfold.hu,kisalfold.hu,2021-01-22,Közös nyilatkozattal zárult a 13. Élelmezésügyi és Mezőgazdasági Világfórum,https://www.kisalfold.hu/gazdasag/hazai-gazdasag/kozos-nyilatkozattal-zarult-a-13-elelmezesugyi-es-mezogazdasagi-vilagforum-10588732/?utm_source=rssfeed
7547043a3b896eaa40a32158010364861f4ad9686aa431f9eb08400b5daa1c92,2024-08-16 05:59:27.527655+00:00,hu,veol.hu,veol.hu,2021-01-22,Közös nyilatkozattal zárult a 13. Élelmezésügyi és Mezőgazdasági Világfórum,https://www.veol.hu/gazdasag/hazai-gazdasag/kozos-nyilatkozattal-zarult-a-13-elelmezesugyi-es-mezogazdasagi-vilagforum-4349722/?utm_source=rss&utm_medium=referral&utm_campaign=hiraggregator
01e771d2afc34178297ffd216a306b2c9e5376368f7e117c7e1d1acee554e0c8,2024-08-16 05:59:22.204054+00:00,hu,delmagyar.hu,delmagyar.hu,2021-01-22,Közös nyilatkozattal zárult a 13. Élelmezésügyi és Mezőgazdasági Világfórum,https://www.delmagyar.hu/gazdasag/hazai-gazdasag/kozos-nyilatkozattal-zarult-a-13-elelmezesugyi-es-mezogazdasagi-vilagforum-7166758/?utm_source=rssfeed
eb426b1ba1d9f9329bf81be5a657b86f792ed33b86c8e0a067084dbb0e66d7e5,2024-08-16 05:59:22.082400+00:00,hu,beol.hu,beol.hu,2021-01-22,Közös nyilatkozattal zárult a 13. Élelmezésügyi és Mezőgazdasági Világfórum,https://www.beol.hu/gazdasag/hazai-gazdasag/kozos-nyilatkozattal-zarult-a-13-elelmezesugyi-es-mezogazdasagi-vilagforum-3630916/?utm_source=rss&utm_medium=referral&utm_campaign=hiraggregator
4fe9be5dc068f30ca5b418c85e66ed1c7e1d00180f280008fca317ea2113c330,2024-08-16 05:04:52.762124+00:00,hu,bama.hu,bama.hu,2021-01-23,A botanikus kert feladata a nevelés is Wirth Tamás szerint,https://www.bama.hu/kozelet/helyi-kozelet/a-botanikus-kert-feladata-a-neveles-is-3509002/?utm_source=rss&utm_medium=referral&utm_campaign=hiraggregator
90b23c2a378bf8e587bba447801ce3c345be99be97c6af3fbf0db8e661d000b2,2024-08-15 12:35:42.112891+00:00,hu,nepszava.hu,nepszava.hu,2021-01-30,A lakosság helyett az oligarchákat etetjük,https://nepszava.hu/3107922_a-lakossag-helyett-az-oligarchakat-etetjuk
f60247b074c1f38a134f761f3f14c5cb60503e42e13286c064688e47d0e70bfc,2024-08-15 12:32:09.287354+00:00,hu,nepszava.hu,nepszava.hu,2021-01-30,"Kérdőívvel segítik, hogy valóban örökre szóljon az állatbefogadás",https://nepszava.hu/3107886_kerdoivvel-segitik-hogy-valoban-orokre-szoljon-az-allatbefogadas
2d217c95f7b2ddeca5859b90168f276dc70fb76696534f00ebe525e9630d2199,2024-08-08 12:30:04.546288+00:00,hu,szon.hu,szon.hu,2024-08-08,Vegán étel a PanyolaFeszten,https://www.szon.hu/helyi-kozelet/2024/08/vegan-etel-a-panyolafeszten?utm_source=hirstart&utm_medium=referral&utm_campaign=hiraggregator
cccd784fc273bf6edde97fa879c1c8fb0e877cf9e8701b74d416fe8f4cf24aa1,2024-08-06 10:24:34.684422+00:00,hu,portfolio.hu,portfolio.hu,2024-08-06,"Hamarosan pecsét kerülhet az EU mestertervére, közel a nagy megállapodás",https://www.portfolio.hu/unios-forrasok/20240806/hamarosan-pecset-kerulhet-az-eu-mestertervere-kozel-a-nagy-megallapodas-702679
e472d11b6adb52e770cf3c3a1db9d3a9b5751e1c1504dcc3c2abf342dd5f35ec,2024-08-06 01:15:19.406477+00:00,hu,infostart.hu,infostart.hu,2021-12-25,Politikailag megosztottabbá tette az Európai Uniót 2021,https://infostart.hu/kulfold/2021/12/25/politikailag-megosztottabba-tette-az-europai-uniot-2021
c74fd1a479321272b0bec489f54be04dd7f8b77c1be0454168899bfa3126d3a0,2024-08-03 07:01:41.639743+00:00,hu,vg.hu,vg.hu,2021-12-28,Össze kell fogni és fejleszteni kell – ez a jövő záloga,https://www.vg.hu/vilaggazdasag-magyar-gazdasag/2021/12/ossze-kell-fogni-es-fejleszteni-kell-ez-a-jovo-zaloga?utm_source=hirstart&utm_medium=referral&utm_campaign=hiraggregator
e5567af1abfacc1c0d3041d5c29f2ca46c6b95098f79797f51d817b58a92d72c,2024-08-03 06:32:03.154436+00:00,hu,origo.hu,origo.hu,2021-12-29,Több mint 1 millió négyzetkilométerrel zsugorodtak a természetes élőhelyek,https://www.origo.hu/tudomany/20211227-szantofold.html
26a85a4faeb09f1475fdf918b429a9cfe8235cdaf07e2bad72a7ae9d2feeb771,2024-08-01 23:42:50.377754+00:00,hu,vg.hu,vg.hu,2022-01-13,Ettől retteg a globális elit,https://www.vg.hu/nemzetkozi-gazdasag/2022/01/ettol-retteg-a-globalis-elit?utm_source=hirstart&utm_medium=referral&utm_campaign=hiraggregator
0c5a4e09dbcc3b97f89206308774c9e313f831868a69a4f2b1f94ca594bf7ff1,2024-08-01 18:36:55.165942+00:00,hu,index.hu,index.hu,2022-01-15,Tíz év alatt több mint 80 védett természeti terület jött létre,https://index.hu/gazdasag/2022/01/15/termeszetvedelem-nagy-istvan-agrarminisztrium-nagy-istvan-vedett-allatok/
3a0eb5e50d6dae16e71010576c7a13fa4cd7a35ed855ca5c64d948c88d181467,2024-08-01 18:23:53.784825+00:00,hu,vg.hu,vg.hu,2022-01-15,Itthon is az ökogazdálkodás lehet a jövő,https://www.vg.hu/vilaggazdasag-magyar-gazdasag/2022/01/itthon-is-az-okogazdalkodas-lehet-a-jovo?utm_source=hirstart&utm_medium=referral&utm_campaign=hiraggregator
f40d2a2e66c75cb135523e84732d287bb08e4cbecb2e67d4484ea098a37f57ca,2024-08-01 17:47:28.590497+00:00,hu,origo.hu,origo.hu,2022-01-15,"Olyan fejlődési lehetőség előtt áll a magyar vidék, amilyen 100 évenként csak egyszer adódik",https://www.origo.hu/gazdasag/20220114-interju-gyorffy-balazzsal-a-nemzeti-agrargazdasagi-kamara-elnokevel.html
e6fd846fd7fdb15575663e400a048fd132c8e86ba781cb690dc875e875068d04,2024-08-01 12:20:46.274359+00:00,hu,sonline.hu,sonline.hu,2024-08-01,"Magunkkal és a természettel is harmóniában élhetünk, ha tudatosabban fogyasztunk",https://www.sonline.hu/helyi-kozelet/2024/08/magunkkal-es-a-termeszettel-is-harmoniaban-elhetunk-ha-tudatosabban-fogyasztunk?utm_source=hirstart&utm_medium=referral&utm_campaign=hiraggregator
2aaeaf9d208a5090491dd22f9571ada4083cf3d5564f7ce7c71736b70919a30d,2024-08-01 12:02:14.412773+00:00,hu,origo.hu,origo.hu,2022-01-18,"Legalább 50 millió évesek, de a kihalás veszélyezteti őket",https://www.origo.hu/tudomany/20220118-a-tapirt-a-kihalas-veszelye-fenyegeti-delamerikaban.html
7ca6e0eb15b2349d850305943a7e589a3509b84c79fbaa587570cf06e7d2b99b,2024-07-30 20:20:47.924128+00:00,hu,magyarnemzet.hu,magyarnemzet.hu,2024-07-30,Ezért láthat egyre több kockás siklót a Balaton partján,https://magyarnemzet.hu/belfold/2024/07/ezert-lathat-egyre-tobb-kockas-siklot-a-balaton-partjan?utm_source=hirstart&utm_medium=referral&utm_campaign=hiraggregator
31275de26cb4bd65d990da72cfe2450dc5d5e21da084f7c5f61a6eb3e1af9384,2024-07-25 12:26:38.351776+00:00,hu,vg.hu,vg.hu,2024-07-25,"Corvinus Egyetem: nem csak a hallgatók, a munkaerőpiac is elvárja a korszerű tudást",https://www.vg.hu/vilaggazdasag-magyar-gazdasag/2024/07/corvinus-egyetem-felveteli-ponthatarok-dekan?utm_source=hirstart&utm_medium=referral&utm_campaign=hiraggregator
92c455277cf983cd3d416276d263176974cd9e99e41389c33d624653a2a31231,2024-07-13 07:24:05.310311+00:00,hu,index.hu,index.hu,2024-07-13,"III. Károly ajtajáig mennek a tüntetők, pedig otthon sincs",https://index.hu/fomo/2024/07/13/iii-karoly-kornyezetvedelem-tuntetes-aktivistak-windsori-kastely/
9476113e975f58928aa7484ddf3da705bb796907130d927b67f748a2e2bdfc91,2024-07-10 21:20:28.573355+00:00,hu,vg.hu,vg.hu,2024-07-10,Pálmaolajba fullad Malajzia,https://www.vg.hu/vilaggazdasag/2024/07/palmaolajba-fullad-malajzia?utm_source=hirstart&utm_medium=referral&utm_campaign=hiraggregator
867a7b15ffaace2e5aed782a77721495e2bf16c1de550c6f2afcd9b4d0ec0354,2024-06-30 14:19:36.773797+00:00,hu,rtl.hu,rtl.hu,2024-06-30,Szó szerint gyilkos hőség söpör végig Európán,https://rtl.hu/tudomany-tech/2024/06/30/gyilkos-hoseg-europa-forrosag-hany-fok-van-veszhelyzet
0cf106503265353ed349868ac4121deb5b8f5bf1449ec7c0b556750663fb9fe9,2024-06-18 09:25:44.020944+00:00,hu,portfolio.hu,portfolio.hu,2024-06-18,"Fenntarthatósági jelentés: küzdenek a vállalatok, bonyolult a rendelet végrehajtása",https://www.portfolio.hu/uzlet/20240618/fenntarthatosagi-jelentes-kuzdenek-a-vallalatok-bonyolult-a-rendelet-vegrehajtasa-693043
fb7c827daca9b55cd7caa8dfbc067fedb28fe5e83c7a5875e24efb05c6e865b5,2024-06-10 14:34:27.820654+00:00,hu,vg.hu,vg.hu,2024-06-10,A klímaváltozás ellen felhasználható milliárdokra pályázhatnak a gazdák,https://www.vg.hu/agrar/2024/06/a-klimavaltozas-ellen-felhasznalhato-milliardokra-palyazhatnak-a-gazdak?utm_source=hirstart&utm_medium=referral&utm_campaign=hiraggregator
65de157b0ddd971e0a7c0ef4690359287b883efb503d211ea46294d265ae901f,2024-06-05 19:10:00.649010+00:00,hu,portfolio.hu,portfolio.hu,2024-06-05,"Dübörögnek a Portfolio konferenciák: networking és információdömping, már 20 éve!",https://www.portfolio.hu/uzlet/20240605/duborognek-a-portfolio-konferenciak-networking-es-informaciodomping-mar-20-eve-690507
d691ca804a4633b2bf94ee2bd147f2aa27c628e3fc65f2edc77d0dc7652ca780,2024-06-05 10:18:25.897706+00:00,hu,index.hu,index.hu,2024-06-05,Több EP-listavezető is hatalmas vállalást tett,https://index.hu/kulfold/ep/2024/valasztas/2024/06/05/greenpeace-partok-kornyezetvedelem-ep-listavezetok-vallalasok/
01c8ec07221e491832b9d84c9ed04a605a76aef66640cb847fa03bfdaa547beb,2024-05-24 17:27:43.349540+00:00,hu,magyarkurir.hu,magyarkurir.hu,2024-05-24,Teremtésvédelmi kalendárium – Pünkösd ragyogó rózsái,https://www.magyarkurir.hu/hirek/teremtesvedelmi-kalendarium-az-alazat-viragai-20240510132414-20240524102927
f0ffe0a7f3116a5ffcd447b501d7fdaf67978deacd609caa23bb2abb7483f51b,2024-05-24 05:25:35.545605+00:00,hu,magyarnemzet.hu,magyarnemzet.hu,2024-05-24,Ádáz küzdelem folyik a környezetvédők és az aktív kertművelők között,https://magyarnemzet.hu/lugas-rovat/2024/05/adaz-kuzdelem-folyik-a-kornyezetvedok-es-az-aktiv-kertmuvelok-kozott?utm_source=hirstart&utm_medium=referral&utm_campaign=hiraggregator
6ed1b26ca054d79ce91d27104f6236ddbd2fe92d4443a7ad2e2ebf84779dd6ea,2024-05-22 12:34:53.969512+00:00,hu,sonline.hu,sonline.hu,2024-05-22,Agrárkutatásokkal a biológiai sokszínűségért,https://www.sonline.hu/helyi-gazdasag/2024/05/agrarkutatasokkal-a-biologiai-sokszinusegert?utm_source=hirstart&utm_medium=referral&utm_campaign=hiraggregator
0a087bbc98b755f708fdd2c08732a544df29d7565e7ce87fcdfb40ef211665c1,2024-05-16 14:34:00.781391+00:00,hu,szoljon.hu,szoljon.hu,2024-05-16,A fenntartható mezőgazdaságról kaptak információkat a szolnoki diákok,https://www.szoljon.hu/helyi-kozelet/2024/05/fenntarthato-mezogazdasag-diakok?utm_source=hirstart&utm_medium=referral&utm_campaign=hiraggregator
6d8973567a19f05d50755f5f4573804482886f316d4f53f2abca55f716adc7a1,2024-05-11 00:05:24.800892+00:00,hu,merce.hu,merce.hu,2022-05-06,"Carlos Taibo: Kevesebből jobban élni csak akkor van értelme, ha előbb radikálisan újraosztottuk a javakat",https://merce.hu/2022/05/06/carlos-taibo-kevesebbol-jobban-elni-csak-akkor-van-ertelme-ha-elobb-radikalisan-ujraosztottuk-a-javakat/
44d3e31fb792430de013d4a263b5cb0ad670ee7768d8ffd3cb42525c6548d2b8,2024-05-10 18:04:20.188800+00:00,hu,portfolio.hu,portfolio.hu,2022-05-09,"Macron: nem vagyunk háborúban Oroszországgal, de kiállunk Ukrajna mellett",https://www.portfolio.hu/global/20220509/macron-nem-vagyunk-haboruban-oroszorszaggal-de-kiallunk-ukrajna-mellett-543791
889fe61f05438f80f7871ad33d27b2e2f5a4cce32041594e3973db332e4ccefd,2024-05-10 18:01:42.245863+00:00,hu,mandiner.hu,mandiner.hu,2022-05-09,Macron: Nem vagyunk háborúban Oroszországgal,https://mandiner.hu/cikk/20220509_macron_nem_vagyunk_haboruban_oroszorszaggal
5b047a7c972832415bb3f91de4ec2526e22eeea070a62dfb91f3598af3ae22d4,2024-05-10 14:30:48.104259+00:00,hu,azonnali.hu,azonnali.hu,2022-05-11,A válságokból kiutakat mutatnak az ökofeminista közösségek,https://azonnali.hu/cikk/20220511_a-valsagokbol-kiutakat-mutatnak-az-okofeminista-kozossegek
be965324d1edbc483820fb50cc87ba1103a7d4b6bc507e7a32f42082d959eea1,2024-05-10 12:06:05.989152+00:00,hu,index.hu,index.hu,2022-05-13,Mi van az illegális szamárbőr-kereskedelem mögött?,https://index.hu/tudomany/2022/05/13/illegalis-kereskedelem-szamar-bor-drog-kina/
88a50329e67bbc524cad7d8cf5939691eb6ff62c2d055ae0c7022b8a27e5bd3e,2024-05-10 11:51:42.689354+00:00,hu,haon.hu,haon.hu,2022-05-13,Az agrárágazat nem csorbulhat a fenntarthatóság súlya alatt,https://www.haon.hu/helyi-gazdasag/2022/05/az-agraragazat-nem-csorbulhat-a-fenntarthatosag-sulya-alatt?utm_source=hirstart&utm_medium=referral&utm_campaign=hiraggregator
4f043510edc909ff243e5f6d7e1b86c2d31358d6cbbb99848f0f8b1e3effc677,2024-05-10 11:39:46.570061+00:00,hu,demokrata.hu,demokrata.hu,2022-05-13,Maradnak a budapesti méhlegelők,https://demokrata.hu/magyarorszag/maradnak-a-budapesti-mehlegelok-531686/
cbd69eb324cb2dbe24c432003a4ccab316dd1175af30c3c39729ad22092cde76,2024-05-10 05:12:40.429687+00:00,hu,origo.hu,origo.hu,2022-05-18,Kilencmillióan is meghalhattak a rossz levegő miatt,https://www.origo.hu/tudomany/20220518-the-lancet-vilagszerte-kilencmillioan-haltak-meg-a-rossz-levego-miatt-2019ben.html
ebe4d96a29d68eb5158ce76675e203d57c39bcb22fe04691ab94e1df6688aca5,2024-05-10 05:04:28.174116+00:00,hu,hvg.hu,hvg.hu,2022-05-18,"Ahogy szennyezzük a vizet és a levegőt, úgy arat a halál – a friss számok szerint nem javul a helyzet",http://hvg.hu/tudomany/20220518_kornyezetszennyezes_egeszseg_halalozas#rss
9de8e6b8c47fb2473c98801cc56fe37657e7c9f2404f10c17aaf12b610c2d82c,2024-05-10 04:48:00.526376+00:00,hu,delmagyar.hu,delmagyar.hu,2022-05-18,Gyilkol a szennyezett víz és levegő,https://www.delmagyar.hu/egyperces/2022/05/gyilkol-a-szennyezett-viz-es-levego?utm_source=hirstart&utm_medium=referral&utm_campaign=hiraggregator
20345a09a6d67b931f4697081aaa1ad7fd1741afcc7154edadfc0a46ea1cfec4,2024-05-10 04:47:57.606943+00:00,hu,heol.hu,heol.hu,2022-05-18,Gyilkol a szennyezett víz és levegő,https://www.heol.hu/egyperces/2022/05/gyilkol-a-szennyezett-viz-es-levego?utm_source=hirstart&utm_medium=referral&utm_campaign=hiraggregator
33c3801efd6766681d817325106b4d103e9781b306389c97ae24cf3002af4ee8,2024-05-10 04:47:47.768368+00:00,hu,teol.hu,teol.hu,2022-05-18,Gyilkol a szennyezett víz és levegő,https://www.teol.hu/egyperces/2022/05/gyilkol-a-szennyezett-viz-es-levego?utm_source=hirstart&utm_medium=referral&utm_campaign=hiraggregator
3eca111188d283883baebfc74dee4e28d0336dd54b316295a45b81c586aa7c93,2024-05-10 04:47:22.465668+00:00,hu,duol.hu,duol.hu,2022-05-18,Gyilkol a szennyezett víz és levegő,https://www.duol.hu/egyperces/2022/05/gyilkol-a-szennyezett-viz-es-levego?utm_source=hirstart&utm_medium=referral&utm_campaign=hiraggregator
66acf266018d11f799d68b05f1ad3b3b6819ac381fa0cf5917610b4ec6cd9592,2024-05-10 04:47:07.250437+00:00,hu,veol.hu,veol.hu,2022-05-18,Gyilkol a szennyezett víz és levegő,https://www.veol.hu/egyperces/2022/05/gyilkol-a-szennyezett-viz-es-levego?utm_source=hirstart&utm_medium=referral&utm_campaign=hiraggregator
3115eaadbecc4e66a744884c31d59b33d58dce5924d5f5e729b3d51c596b8038,2024-05-10 04:46:51.900197+00:00,hu,beol.hu,beol.hu,2022-05-18,Gyilkol a szennyezett víz és levegő,https://www.beol.hu/egyperces/2022/05/gyilkol-a-szennyezett-viz-es-levego?utm_source=hirstart&utm_medium=referral&utm_campaign=hiraggregator
85eba97bd9040b4553c282bd7aa5900a1765ca88e3d2e8ce84323ff4cb6aa201,2024-05-10 04:46:50.682370+00:00,hu,baon.hu,baon.hu,2022-05-18,Gyilkol a szennyezett víz és levegő,https://www.baon.hu/egyperces/2022/05/gyilkol-a-szennyezett-viz-es-levego?utm_source=hirstart&utm_medium=referral&utm_campaign=hiraggregator
9b3b0b807a2c74deb7d5e5c3bda92ba35c82a8dedde2e8e486f85bcc39bb462c,2024-05-10 04:46:33.581291+00:00,hu,haon.hu,haon.hu,2022-05-18,Gyilkol a szennyezett víz és levegő,https://www.haon.hu/egyperces/2022/05/gyilkol-a-szennyezett-viz-es-levego?utm_source=hirstart&utm_medium=referral&utm_campaign=hiraggregator
d814ffe62241e214e96c8e56913ba9e3dfd06d6c94e0be2ed0c11320de7a81c5,2024-05-10 04:46:17.064444+00:00,hu,feol.hu,feol.hu,2022-05-18,Gyilkol a szennyezett víz és levegő,https://www.feol.hu/egyperces/2022/05/gyilkol-a-szennyezett-viz-es-levego?utm_source=hirstart&utm_medium=referral&utm_campaign=hiraggregator
0c4864547ee601d42c2b51ada940be253019eeda26c42850500923b5a065958f,2024-05-10 04:46:15.833275+00:00,hu,bama.hu,bama.hu,2022-05-18,Gyilkol a szennyezett víz és levegő,https://www.bama.hu/egyperces/2022/05/gyilkol-a-szennyezett-viz-es-levego?utm_source=hirstart&utm_medium=referral&utm_campaign=hiraggregator
2a40d7bddba847d88480b9b9d43ec22bc3a030829cff4f272e7768fb4cc26b0e,2024-05-10 04:46:09.938380+00:00,hu,vaol.hu,vaol.hu,2022-05-18,Gyilkol a szennyezett víz és levegő,https://www.vaol.hu/egyperces/2022/05/gyilkol-a-szennyezett-viz-es-levego?utm_source=hirstart&utm_medium=referral&utm_campaign=hiraggregator
87ad2604304ee8d9e517c18e6e14bbdd47492bce5c468735711d4324ed27ecf6,2024-05-10 04:45:57.827015+00:00,hu,szoljon.hu,szoljon.hu,2022-05-18,Gyilkol a szennyezett víz és levegő,https://www.szoljon.hu/egyperces/2022/05/gyilkol-a-szennyezett-viz-es-levego?utm_source=hirstart&utm_medium=referral&utm_campaign=hiraggregator
901ed98150bde76a841367d5f4c7499057356a8cdbcd6d7a86ed1d8382d0b4d1,2024-05-10 04:44:13.870765+00:00,hu,szon.hu,szon.hu,2022-05-18,Gyilkol a szennyezett víz és levegő,https://www.szon.hu/egyperces/2022/05/gyilkol-a-szennyezett-viz-es-levego?utm_source=hirstart&utm_medium=referral&utm_campaign=hiraggregator
8abe62c377e6d67a0f4d5e325e54ecbcb9f884fae9c2a234bc360261134b4355,2024-05-10 04:44:13.441220+00:00,hu,kisalfold.hu,kisalfold.hu,2022-05-18,Gyilkol a szennyezett víz és levegő,https://www.kisalfold.hu/egyperces/2022/05/gyilkol-a-szennyezett-viz-es-levego?utm_source=hirstart&utm_medium=referral&utm_campaign=hiraggregator
7f00d256a905a4aef5fa5434fa233990d60befc2c73cee0905f9930dd9a8a555,2024-05-10 04:43:41.405700+00:00,hu,sonline.hu,sonline.hu,2022-05-18,Gyilkol a szennyezett víz és levegő,https://www.sonline.hu/egyperces/2022/05/gyilkol-a-szennyezett-viz-es-levego?utm_source=hirstart&utm_medium=referral&utm_campaign=hiraggregator
b4be2c971debadf0e07ea4d51e4474da5fba5636bbe26b256c84ae398aae91a0,2024-05-10 04:43:39.761725+00:00,hu,boon.hu,boon.hu,2022-05-18,Gyilkol a szennyezett víz és levegő,https://www.boon.hu/egyperces/2022/05/gyilkol-a-szennyezett-viz-es-levego?utm_source=hirstart&utm_medium=referral&utm_campaign=hiraggregator
eb8085f21fa3726f202f5a66021cef240623f6f87001a0d888cf894c64a7c06e,2024-05-10 04:42:36.377732+00:00,hu,zaol.hu,zaol.hu,2022-05-18,Gyilkol a szennyezett víz és levegő,https://www.zaol.hu/egyperces/2022/05/gyilkol-a-szennyezett-viz-es-levego?utm_source=hirstart&utm_medium=referral&utm_campaign=hiraggregator
d333cfee5d98b9ee602d759053000fe8c285e88a3b880c8c4fea55a5cb6256e2,2024-05-10 03:32:43.147189+00:00,hu,24.hu,24.hu,2022-05-19,"A bálványfa inkább káros, mint hasznos – Nem mindegy, milyen fa van a hazai erdőkben",https://24.hu/elet-stilus/2022/05/19/a-balvanyfa-inkabb-karos-mint-hasznos-nem-mindegy-milyen-fa-van-a-hazai-erdokben/
d48b955980afaf4c0793cfa8a124682e78a114fa8534e5805df77c83d4645ec0,2024-05-10 02:55:19.591578+00:00,hu,haon.hu,haon.hu,2022-05-19,A hatékonyabb pontytermelést célozták a debreceni kutatók,https://www.haon.hu/helyi-kozelet/2022/05/a-hatekonyabb-pontytermelest-celoztak-a-debreceni-kutatok?utm_source=hirstart&utm_medium=referral&utm_campaign=hiraggregator
a2517930471c945b33739887f10c084188e24873a1f25c337a0c22e578b434fc,2024-05-10 01:05:04.911816+00:00,hu,index.hu,index.hu,2022-05-20,"Ha ők nincsenek, a mezőgazdaság nagy bajba kerül",https://index.hu/tudomany/2022/05/20/mehek-vilagnapja-kornyezetvedelem/
23e0793230ebc68f418a0c21380daa34175fc63591ed666caed28cc423bc2b77,2024-05-09 23:00:04.846390+00:00,hu,index.hu,index.hu,2022-05-21,"Beszánthatnak néhány halastavat idén, mert a kukorica jobban fizet",https://index.hu/gazdasag/2022/05/21/beszanthatnak-nehany-halastavat-az-iden-mert-a-kukorica-jobban-fizet/
725c1f06069704b8df33fe827934fad3eacbcfb66ebc2ce0e6d0b9b777de91f7,2024-05-09 21:55:58.419751+00:00,hu,index.hu,index.hu,2022-05-22,Ma van a biológiai sokféleség nemzetközi napja,https://index.hu/gazdasag/2022/05/22/biologiai-sokfeleseg-napja-agrarminiszterium/
a94bfdc86cce938d2512b31cfcc4145b3633156fbb1464b4178f6494bcae63a5,2024-05-09 19:45:58.441861+00:00,hu,portfolio.hu,portfolio.hu,2022-05-23,Van még idő visszafordítani a klímaváltozás negatív hatásait?,https://www.portfolio.hu/uzlet/20220523/van-meg-ido-visszaforditani-a-klimavaltozas-negativ-hatasait-546481
59c45a30d2d9e70556f6818b4dbfc2973698aeda38fe70ae3315d20e46d2b68f,2024-05-09 13:47:27.430329+00:00,hu,delmagyar.hu,delmagyar.hu,2022-05-26,Fórum az új agrárstratégiáról,https://www.delmagyar.hu/helyi-eletstilus/2022/05/forum-az-uj-agrarstrategiarol?utm_source=hirstart&utm_medium=referral&utm_campaign=hiraggregator
75ab92fdec07a9d6c0861b4e00f9e9e00a7bd05538e1c25625d88d602d1ad31f,2024-05-09 08:05:40.048084+00:00,hu,hvg.hu,hvg.hu,2022-05-31,Tényleg ki kell békülnünk az atomenergiával és a földgázzal az európai klímacélokért?,http://hvg.hu/eurologus/20220531_atomenergia_foldgaz_klimavalsag_Europai_Parlament#rss
917f8371a44e5d4964d595b21b9239ece0227a0abfa95e36e77228d18cae0f94,2024-05-09 06:43:03.195598+00:00,hu,magyarnemzet.hu,magyarnemzet.hu,2022-06-01,A vízgazdálkodástól függ a magyar agrárium jövője,https://magyarnemzet.hu/gazdasag/2022/06/a-vizgazdalkodastol-fugg-a-magyar-agrarium-jovoje?utm_source=hirstart&utm_medium=referral&utm_campaign=hiraggregator
855c9b9c7d28144997e9367e318d409f92859f211837c11a51c4c99d71419526,2024-05-09 06:38:41.520378+00:00,hu,demokrata.hu,demokrata.hu,2022-06-01,Közel egymillió hektár szántó került be az agrárkörnyezetgazdálkodási programba,https://demokrata.hu/gazdasag/kozel-egymillio-hektar-szanto-kerult-be-az-agrarkornyezetgazdalkodasi-programba-539139/
db3249c65ea6202ec1a070a20c93a10df634f4cd5e555b2f65b0ca9cc0c7fb8c,2024-05-09 05:26:10.701163+00:00,hu,haon.hu,haon.hu,2022-06-02,Jóváhagyták a Klinikai Központ működési rendjének átalakítását,https://www.haon.hu/helyi-gazdasag/2022/06/jovahagytak-a-klinikai-kozpont-mukodesi-rendjenek-atalakitasat?utm_source=hirstart&utm_medium=referral&utm_campaign=hiraggregator
b5e48031b028ab68ab1d6cceb3ae5dfd1e5a629c71fa876b9b98b6855fc1118b,2024-05-08 19:55:00.638081+00:00,hu,merce.hu,merce.hu,2022-06-07,Donáth Anna: A zöld átállást csak szociális érzékenységgel lehet megvalósítani « Mérce,https://merce.hu/2022/06/07/donath-anna-a-zold-atallast-csak-szocialis-erzekenyseggel-lehet-megvalositani/
8f2533a33e82f31bf3812053818a9cd94deaeeb9eed56c8675332dcac7ec9241,2024-05-08 18:33:21.689681+00:00,hu,vg.hu,vg.hu,2024-05-08,"Orangutánt kaphat, aki pálmaolajat vesz",https://www.vg.hu/kozelet/2024/05/orangutan-palmaolaj-malajzia?utm_source=hirstart&utm_medium=referral&utm_campaign=hiraggregator
6727c3faa07df8fabf5b93e0c712a6daeea3c31ef2751fc103e155b0980edd9c,2024-05-08 14:38:57.086554+00:00,hu,mandiner.hu,mandiner.hu,2022-06-09,A zöld átállást csak szociális érzékenységgel lehet megvalósítani,https://mandiner.hu/cikk/20220609_donath_anna_velemeny_zold_szocialis_erzekenyseg
626dfde61164496168b51885633622663f67a23ed1d09aee1eed518cf41376c8,2024-05-08 08:42:15.186732+00:00,hu,veol.hu,veol.hu,2022-06-14,Kevesebb növényvédő szer a cél,https://www.veol.hu/helyi-gazdasag/2022/06/kevesebb-novenyvedo-szer-a-cel?utm_source=hirstart&utm_medium=referral&utm_campaign=hiraggregator
2dfdf0da3ff508f4dfa30ebbaea469545f4e9ecb3e7f90da90a6dfba5e3f9b91,2024-05-08 06:45:57.898272+00:00,hu,hvg.hu,hvg.hu,2022-06-15,Laptoppal a karbonlábnyom ellen: így kompenzálhatja mindennapi energiafogyasztását,http://hvg.hu/brandcontent/20220615_Laptoppal_a_karbonlabnyom_ellen_igy_kompenzalhatja_mindennapi_energiafogyasztasat#rss
dfff107b0687916f1c4f331911304e3cff02abbcc2fbc06c34bd2985dda92831,2024-05-08 05:25:39.815809+00:00,hu,veol.hu,veol.hu,2022-06-16,"Mi lesz a Balatonnal, ha pusztul a nádas",https://www.veol.hu/helyi-kozelet/2022/06/mi-lesz-a-balatonnal-ha-pusztul-a-nadas?utm_source=hirstart&utm_medium=referral&utm_campaign=hiraggregator
76bf6c947181fd10ec7dfe29108047e115042a55a311add455074558481c124d,2024-05-07 19:36:36.978919+00:00,hu,portfolio.hu,portfolio.hu,2022-06-22,Magyarország nem kér sivatagot!,https://www.portfolio.hu/uzlet/20220622/magyarorszag-nem-ker-sivatagot-megreformalnak-a-mezogazdasagi-tamogatasokat-a-termeszetvedok-552029
c48918a1e4a32a35273b00a3f8ef2ad53291b9d09d7bba08e1c2d905aea25259,2024-05-07 18:42:32.154366+00:00,hu,hirtv.hu,hirtv.hu,2022-06-22,A biológiai sokféleség védelmét sürgetik az Európai Bizottságnál a természetvédők,http://hirtv.hu/hirtvkulfold/a-biologiai-sokfeleseg-vedelmet-surgetik-az-europai-bizottsagnal-a-termeszetvedok-2547897?utm_source=feed&utm_medium=rss
ef24b7c21e580fbd90f70c7b7179227dd52a3ded2afe3c80cf48c246a14e935e,2024-05-07 17:07:22.226408+00:00,hu,origo.hu,origo.hu,2022-06-23,Helyet a természetnek!,https://www.origo.hu/tudomany/20220623-termeszetvedelem.html
7acd5d206fd672ea1514a3c06f12188707c9a9e0431f85316681207b3df7283d,2024-05-07 14:31:39.183063+00:00,hu,infostart.hu,infostart.hu,2022-06-25,"Még pár év, és néhány helyen már egyáltalán nem lehetne növényvédőzni",https://infostart.hu/gazdasag/2022/06/25/meg-par-ev-es-nehany-helyen-mar-egyaltalan-nem-lehetne-novenyvedozni
914841628bd9bec488e710dc193cf18ff5bfde89155af173babba1bba161582f,2024-05-07 13:01:20.622315+00:00,hu,infostart.hu,infostart.hu,2022-06-27,"Van, ahol már a rovarok felét elpusztította az ember",https://infostart.hu/tudomany/2022/06/27/van-ahol-mar-a-rovarok-felet-elpusztitotta-az-ember
d494f184657ebe76884540d17946008fdb45f58c03f3807ce62b9e210102ffd3,2024-05-07 12:17:14.669673+00:00,hu,origo.hu,origo.hu,2022-06-27,Az európai édesvízi biodiverzitás védelmi prioritásai,https://www.origo.hu/tudomany/20220627-biodiverzitas.html
020c683a385528688e1fa8676d69d3874be88ad366b58949476b2806871ca67b,2024-05-07 08:21:10.704502+00:00,hu,hvg.hu,hvg.hu,2022-06-30,Veszíthet és nyerhet is a hazai borászat a klímaváltozással,http://hvg.hu/gazdasag/20220630_klimavaltozas_hatasa_a_szoleszetre_boraszatra_toth_patricia_molnar_akos#rss
61a236958bdc91147abca2d5ecd8914212b05621027174be9f78173f912f53d7,2024-05-07 04:02:18.839200+00:00,hu,hvg.hu,hvg.hu,2022-07-04,A klímaváltozás miatt száradt ki egy horgásztó Baranyában,http://hvg.hu/gazdasag.zhvg/20220704_Bicserd_horgaszto_kiszaradas_klimavaltozas#rss
1c4335ba3612121cc0d1c9219fcaf4cbfeff0152439f2c616a0bac4e175073b0,2024-05-06 18:53:35.773760+00:00,hu,infostart.hu,infostart.hu,2022-07-08,Schiffer András: van még egy háború – a globális tőkeérdekeltségek konfrontálódnak nemzetállamokkal,https://infostart.hu/interju/2022/07/08/schiffer-andras-van-meg-egy-haboru-a-globalis-tokeerdekeltsegek-konfrontalodnak-nemzetallamokkal
47f75063881646e0b5db82b1ebd4eb7dfc795047c2f579da77b0247ce4459a7f,2024-05-06 18:39:02.678054+00:00,hu,demokrata.hu,demokrata.hu,2022-07-08,Vízkrízis a gazdagok földjén,https://demokrata.hu/magyarorszag/vizkrizis-a-gazdagok-foldjen-553171/
e2b057f7c790b507a45fa9264c9d337ce09d43c32f62a717a253ae174846cf58,2024-05-06 10:40:38.498679+00:00,hu,24.hu,24.hu,2022-07-12,Saját aszpirint termelnek a növények,https://24.hu/tudomany/2022/07/12/novenyek-fajdalomcsillapito-aszpirin-szalicilsav/
62644313067a4b1b05a7012339b463a97b381359cd2d31680ecc558830d41f4d,2024-05-06 07:56:11.862364+00:00,hu,24.hu,24.hu,2022-07-14,Felemás itthon az édesvízi élőhelyek állapota,https://24.hu/tudomany/2022/07/14/biodiverzitas-magyarorszag-okologiai-kutatokozpont-edesvizi-biologiai-sokfeleseg/
313b6aabf9c68216e65b182f725e3444933674401b5de99492128976aa6c4a7e,2024-05-06 07:54:18.818268+00:00,hu,sonline.hu,sonline.hu,2022-07-14,"Magyarország elkötelezett az ökoszisztémák védelme, helyreállítása és a velük való fenntartható gazdálkodás mellett",https://www.sonline.hu/hazai-gazdasag/2022/07/magyarorszag-elkotelezett-az-okoszisztemak-vedelme-helyreallitasa-es-a-veluk-valo-fenntarthato-gazdalkodas-mellett?utm_source=hirstart&utm_medium=referral&utm_campaign=hiraggregator
59f68f213930075260daf2d2aed4e4a0d009dbce3c7b3e19fa86368837bf0d80,2024-05-06 07:53:54.504293+00:00,hu,boon.hu,boon.hu,2022-07-14,"Magyarország elkötelezett az ökoszisztémák védelme, helyreállítása és a velük való fenntartható gazdálkodás mellett",https://www.boon.hu/hazai-gazdasag/2022/07/magyarorszag-elkotelezett-az-okoszisztemak-vedelme-helyreallitasa-es-a-veluk-valo-fenntarthato-gazdalkodas-mellett?utm_source=hirstart&utm_medium=referral&utm_campaign=hiraggregator
3633275e44f57b44e631c34cc121e12d1cfc7e52f544de90ef3c297d709a879e,2024-05-06 07:53:51.550217+00:00,hu,teol.hu,teol.hu,2022-07-14,"Magyarország elkötelezett az ökoszisztémák védelme, helyreállítása és a velük való fenntartható gazdálkodás mellett",https://www.teol.hu/hazai-gazdasag/2022/07/magyarorszag-elkotelezett-az-okoszisztemak-vedelme-helyreallitasa-es-a-veluk-valo-fenntarthato-gazdalkodas-mellett?utm_source=hirstart&utm_medium=referral&utm_campaign=hiraggregator
7339a7f092da6b7cf3374a9df7420f5aa6a0f008312d0f12f0fdd87fb1526206,2024-05-06 07:53:51.233092+00:00,hu,bama.hu,bama.hu,2022-07-14,"Magyarország elkötelezett az ökoszisztémák védelme, helyreállítása és a velük való fenntartható gazdálkodás mellett",https://www.bama.hu/hazai-gazdasag/2022/07/magyarorszag-elkotelezett-az-okoszisztemak-vedelme-helyreallitasa-es-a-veluk-valo-fenntarthato-gazdalkodas-mellett?utm_source=hirstart&utm_medium=referral&utm_campaign=hiraggregator
edef516988225c850baa2c75f47e17b22afdc8213a06670215823a97d528b3d6,2024-05-06 07:53:48.175893+00:00,hu,feol.hu,feol.hu,2022-07-14,"Magyarország elkötelezett az ökoszisztémák védelme, helyreállítása és a velük való fenntartható gazdálkodás mellett",https://www.feol.hu/hazai-gazdasag/2022/07/magyarorszag-elkotelezett-az-okoszisztemak-vedelme-helyreallitasa-es-a-veluk-valo-fenntarthato-gazdalkodas-mellett?utm_source=hirstart&utm_medium=referral&utm_campaign=hiraggregator
cc569b20c6b2c67931d075457d96502a558d5aaeb31f74b6b67f77b40f831c85,2024-05-06 07:53:04.056923+00:00,hu,vaol.hu,vaol.hu,2022-07-14,"Magyarország elkötelezett az ökoszisztémák védelme, helyreállítása és a velük való fenntartható gazdálkodás mellett",https://www.vaol.hu/hazai-gazdasag/2022/07/magyarorszag-elkotelezett-az-okoszisztemak-vedelme-helyreallitasa-es-a-veluk-valo-fenntarthato-gazdalkodas-mellett?utm_source=hirstart&utm_medium=referral&utm_campaign=hiraggregator
b72223a0c7ca79c59b47a0060590b9c333a033196c73b06b32081bd6fa47c838,2024-05-06 07:52:44.084299+00:00,hu,kisalfold.hu,kisalfold.hu,2022-07-14,"Magyarország elkötelezett az ökoszisztémák védelme, helyreállítása és a velük való fenntartható gazdálkodás mellett",https://www.kisalfold.hu/hazai-gazdasag/2022/07/magyarorszag-elkotelezett-az-okoszisztemak-vedelme-helyreallitasa-es-a-veluk-valo-fenntarthato-gazdalkodas-mellett?utm_source=hirstart&utm_medium=referral&utm_campaign=hiraggregator
d1ccb54e173ca5d868b919f189c740b3145f4c6c6f364878eb7b56268a5cb66c,2024-05-06 07:52:42.598547+00:00,hu,haon.hu,haon.hu,2022-07-14,"Magyarország elkötelezett az ökoszisztémák védelme, helyreállítása és a velük való fenntartható gazdálkodás mellett",https://www.haon.hu/hazai-gazdasag/2022/07/magyarorszag-elkotelezett-az-okoszisztemak-vedelme-helyreallitasa-es-a-veluk-valo-fenntarthato-gazdalkodas-mellett?utm_source=hirstart&utm_medium=referral&utm_campaign=hiraggregator
cd5b58ddde4472387a7e278cc6e1c0237bfab8edb83c4925d7cce3a7e2e2ebd7,2024-05-06 07:52:30.645090+00:00,hu,szon.hu,szon.hu,2022-07-14,"Magyarország elkötelezett az ökoszisztémák védelme, helyreállítása és a velük való fenntartható gazdálkodás mellett",https://www.szon.hu/hazai-gazdasag/2022/07/magyarorszag-elkotelezett-az-okoszisztemak-vedelme-helyreallitasa-es-a-veluk-valo-fenntarthato-gazdalkodas-mellett?utm_source=hirstart&utm_medium=referral&utm_campaign=hiraggregator
32b953ad681806f22a0692ae6d29b5d75cabaa99e82320dacd4576d13d131665,2024-05-06 07:52:05.251737+00:00,hu,origo.hu,origo.hu,2022-07-14,Így őrizhetők meg az édesvízi halak és más élőlények a jővő generációknak,https://www.origo.hu/tudomany/20220714-atfogo-elemzes-keszult-az-europai-edesvizi-biodiverzitas-vedelmenek-legfontosabb-szempontjairol.html
93df938bc7c932dda17143064a1a137d1f7be8481717cf3d93fb59ac5f4e7ca1,2024-05-06 07:51:39.997142+00:00,hu,veol.hu,veol.hu,2022-07-14,"Magyarország elkötelezett az ökoszisztémák védelme, helyreállítása és a velük való fenntartható gazdálkodás mellett",https://www.veol.hu/hazai-gazdasag/2022/07/magyarorszag-elkotelezett-az-okoszisztemak-vedelme-helyreallitasa-es-a-veluk-valo-fenntarthato-gazdalkodas-mellett?utm_source=hirstart&utm_medium=referral&utm_campaign=hiraggregator
ca552a7b6c1ba14b0ee5447379e6c8ad1924957eb4fdafb9adfc735c111096ff,2024-05-06 07:51:28.438805+00:00,hu,heol.hu,heol.hu,2022-07-14,"Magyarország elkötelezett az ökoszisztémák védelme, helyreállítása és a velük való fenntartható gazdálkodás mellett",https://www.heol.hu/hazai-gazdasag/2022/07/magyarorszag-elkotelezett-az-okoszisztemak-vedelme-helyreallitasa-es-a-veluk-valo-fenntarthato-gazdalkodas-mellett?utm_source=hirstart&utm_medium=referral&utm_campaign=hiraggregator
0d9a7d8d8c902b875a8e2e0b90c64801fa72e8438998df68e4d99f1a57817966,2024-05-06 07:50:40.944918+00:00,hu,duol.hu,duol.hu,2022-07-14,"Magyarország elkötelezett az ökoszisztémák védelme, helyreállítása és a velük való fenntartható gazdálkodás mellett",https://www.duol.hu/hazai-gazdasag/2022/07/magyarorszag-elkotelezett-az-okoszisztemak-vedelme-helyreallitasa-es-a-veluk-valo-fenntarthato-gazdalkodas-mellett?utm_source=hirstart&utm_medium=referral&utm_campaign=hiraggregator
4122704431a150c0fbf87bf004307bf6a62623270a6bb9a07a39b02f9f98e7fb,2024-05-06 07:50:35.402024+00:00,hu,baon.hu,baon.hu,2022-07-14,"Magyarország elkötelezett az ökoszisztémák védelme, helyreállítása és a velük való fenntartható gazdálkodás mellett",https://www.baon.hu/hazai-gazdasag/2022/07/magyarorszag-elkotelezett-az-okoszisztemak-vedelme-helyreallitasa-es-a-veluk-valo-fenntarthato-gazdalkodas-mellett?utm_source=hirstart&utm_medium=referral&utm_campaign=hiraggregator
13edb3cd01aebd5affa575539482ee8be7380185005810a9c630601c87811609,2024-05-06 07:50:32.564460+00:00,hu,zaol.hu,zaol.hu,2022-07-14,"Magyarország elkötelezett az ökoszisztémák védelme, helyreállítása és a velük való fenntartható gazdálkodás mellett",https://www.zaol.hu/hazai-gazdasag/2022/07/magyarorszag-elkotelezett-az-okoszisztemak-vedelme-helyreallitasa-es-a-veluk-valo-fenntarthato-gazdalkodas-mellett?utm_source=hirstart&utm_medium=referral&utm_campaign=hiraggregator
c9ed0ed10a368cbe1deb915d9a689593a3ca2fd3d7f0452e96a2aaac04114d1f,2024-05-06 07:49:55.482072+00:00,hu,delmagyar.hu,delmagyar.hu,2022-07-14,"Magyarország elkötelezett az ökoszisztémák védelme, helyreállítása és a velük való fenntartható gazdálkodás mellett",https://www.delmagyar.hu/hazai-gazdasag/2022/07/magyarorszag-elkotelezett-az-okoszisztemak-vedelme-helyreallitasa-es-a-veluk-valo-fenntarthato-gazdalkodas-mellett?utm_source=hirstart&utm_medium=referral&utm_campaign=hiraggregator
f2fb5060b947409b278667fd47ba4effa5670d9a5f6eab6c22d61429eab5be49,2024-05-06 07:47:55.106468+00:00,hu,szoljon.hu,szoljon.hu,2022-07-14,"Magyarország elkötelezett az ökoszisztémák védelme, helyreállítása és a velük való fenntartható gazdálkodás mellett",https://www.szoljon.hu/hazai-gazdasag/2022/07/magyarorszag-elkotelezett-az-okoszisztemak-vedelme-helyreallitasa-es-a-veluk-valo-fenntarthato-gazdalkodas-mellett?utm_source=hirstart&utm_medium=referral&utm_campaign=hiraggregator
33e7503a79e708e47bbbe78cc475775d6395ba85355ad6aa69d16f10b1134760,2024-05-06 07:42:42.715513+00:00,hu,beol.hu,beol.hu,2022-07-14,"Magyarország elkötelezett az ökoszisztémák védelme, helyreállítása és a velük való fenntartható gazdálkodás mellett",https://www.beol.hu/hazai-gazdasag/2022/07/magyarorszag-elkotelezett-az-okoszisztemak-vedelme-helyreallitasa-es-a-veluk-valo-fenntarthato-gazdalkodas-mellett?utm_source=hirstart&utm_medium=referral&utm_campaign=hiraggregator
20e56d6b0ee350924c881c36d2ebcc496fd8849abca7823e5d8dede4d8efd46a,2024-05-06 06:37:34.049883+00:00,hu,merce.hu,merce.hu,2022-07-15,"Se a Fidesz, se a Momentum ne fesse magát zöldre! « Mérce",https://merce.hu/2022/07/15/se-a-fidesz-se-a-momentum-ne-fesse-magat-zoldre/
586e92ef896a74da7be066e01a4db8e9a850a78d41a8e7717b42722d8f284abd,2024-05-06 06:34:04.913064+00:00,hu,mandiner.hu,mandiner.hu,2022-07-15,"Agrárminisztérium: Magyarország elkötelezett az ökoszisztémák védelme, helyreállítása és a velük való fenntartható gazdálkodás mellett",https://makronom.mandiner.hu/cikk/20220715_agrarminiszterium_magyarorszag_elkotelezett_okoszisztemak_vedelme
d5831b34db6f87e51b6f1da3828cbd687a7e9e35ceeff11e2e000250970d523e,2024-05-05 22:50:09.545616+00:00,hu,kisalfold.hu,kisalfold.hu,2022-07-20,Dráguló élelmiszerek: egyre nagyobb divat az önellátás Bécsben,https://www.kisalfold.hu/helyi-eletstilus/2022/07/dragulo-elelmiszerek-egyre-nagyobb-divat-az-onellatas-becsben?utm_source=hirstart&utm_medium=referral&utm_campaign=hiraggregator
e10422959876d95289a2c1d8dbdb43720b1f276e9e8ab2bd6991963e27865054,2024-05-05 19:44:36.104163+00:00,hu,boon.hu,boon.hu,2022-07-22,Az emberiségnek olyan száz éve van hátra. Vagy még annyi sem,https://www.boon.hu/helyi-kozelet/2022/07/az-emberisegnek-olyan-szaz-eve-van-hatra-vagy-meg-annyi-sem?utm_source=hirstart&utm_medium=referral&utm_campaign=hiraggregator
01f0c3381580d3576953f762e0721dcb4bc135a8c1f6dd875e18a5187cc1033f,2024-05-05 16:39:33.873549+00:00,hu,24.hu,24.hu,2022-07-23,"Zöldebbé lehet tenni a legszennyezőbb közlekedési ágazatot, de azt még nem tudni, hogyan",https://24.hu/tudomany/2022/07/23/europai-bizottsag-connecting-europe-konferencia-repules-legikozlekedes-fenntarthatosag/
60a8fbc32d02ca40e5f33fa5c7d5db4e1c2664bfee4fcc7b8ad167c57f26f721,2024-05-05 14:48:02.475221+00:00,hu,24.hu,24.hu,2022-07-23,Többszáz milliárdos kárt okoz itthon az aszály,https://24.hu/tudomany/2022/07/23/aszaly-szarazsag-magyarorszag-hatasok-karok-pinke-zsolt/
0c54f8ac316fe69f2b449f6d7b9206cdece608445dfe6fed18b9d58a24646217,2024-05-04 17:55:10.524470+00:00,hu,origo.hu,origo.hu,2022-07-29,Egy kakapó Új-Zéland természetvédelmi nagykövete,https://www.origo.hu/tudomany/20220223-kakapo.html
39153abb9c6a5f32830e372c789b3beda17e9c5da23b6da9a62ac7f99f5880d6,2024-05-04 12:01:42.493270+00:00,hu,hvg.hu,hvg.hu,2022-08-02,A természeti katasztrófák 72 milliárd dolláros kárt okozhattak világszerte az év első felében,http://hvg.hu/gazdasag/20220802_termeszetikatasztrofak_okozott_kar_vilagszerte_2022#rss
856878d5d393dd71e238b8ee02258894df3e119da9c642c6395046855f01d560,2024-05-04 10:38:15.522012+00:00,hu,portfolio.hu,portfolio.hu,2022-08-03,"Aszályhelyzet: azonnali lépések kellenek, Magyarország a legrosszabb helyzetűek között",https://www.portfolio.hu/gazdasag/20220803/aszalyhelyzet-azonnali-lepesek-kellenek-magyarorszag-a-legrosszabb-helyzetuek-kozott-559419
a62719ef6b44f4e5514d95c9c0537fa4d41170ff632a80d92261be3c3f7c4440,2024-05-04 10:38:14.548155+00:00,hu,demokrata.hu,demokrata.hu,2022-08-03,Azonnali megoldást követel az aszályhelyzet Európában,https://demokrata.hu/tudomany/azonnali-megoldast-kovetel-az-aszalyhelyzet-europaban-563464/
6dbeaacfac65dfa65d6f5b3ee5be2234ca8e162274f48038b990165c23f41850,2024-05-04 10:36:47.509499+00:00,hu,magyarnemzet.hu,magyarnemzet.hu,2022-08-03,Aszály elleni megoldásai javaslatokkal álltak elő kutatók,https://magyarnemzet.hu/gazdasag/2022/08/aszaly-elleni-megoldasai-javaslatokkal-alltak-elo-kutatok
9f9fdf810e367a90cee61ffbf349e77d1dcbf44867d47048d4b9f21c9333451a,2024-05-04 10:34:46.263923+00:00,hu,magyarnemzet.hu,magyarnemzet.hu,2022-08-03,Aszály elleni megoldási javaslatokkal álltak elő kutatók,https://magyarnemzet.hu/gazdasag/2022/08/aszaly-elleni-megoldasi-javaslatokkal-alltak-elo-kutatok?utm_source=hirstart&utm_medium=referral&utm_campaign=hiraggregator
3b40e452a3607d2ee9eddd3223f2dc10aa06d668cd98f9bb777129725020ff31,2024-05-04 10:18:04.930830+00:00,hu,zaol.hu,zaol.hu,2022-08-03,Sokkoló aszálytérképet készítettek az ELTE kutatói,https://www.zaol.hu/egyperces/2022/08/sokkolo-aszalyterkepet-keszitettek-az-elte-kutatoi?utm_source=hirstart&utm_medium=referral&utm_campaign=hiraggregator
d49ff2c01818f673592118771cdd11286a5e1f0d0798b9939cd2ebc500dce8a6,2024-05-04 10:18:01.330525+00:00,hu,teol.hu,teol.hu,2022-08-03,Sokkoló aszálytérképet készítettek az ELTE kutatói,https://www.teol.hu/egyperces/2022/08/sokkolo-aszalyterkepet-keszitettek-az-elte-kutatoi?utm_source=hirstart&utm_medium=referral&utm_campaign=hiraggregator
163230469566e3b276162cfbd575d781adf43c4d38bb7d6adbff2e27b5b2b51d,2024-05-04 10:17:10.794219+00:00,hu,bama.hu,bama.hu,2022-08-03,Sokkoló aszálytérképet készítettek az ELTE kutatói,https://www.bama.hu/egyperces/2022/08/sokkolo-aszalyterkepet-keszitettek-az-elte-kutatoi?utm_source=hirstart&utm_medium=referral&utm_campaign=hiraggregator
58c6d007c1dbb544e5a786923a46914994d1b946d3840a7f32b968d35f7e6e2c,2024-05-04 10:16:49.518683+00:00,hu,delmagyar.hu,delmagyar.hu,2022-08-03,Sokkoló aszálytérképet készítettek az ELTE kutatói,https://www.delmagyar.hu/egyperces/2022/08/sokkolo-aszalyterkepet-keszitettek-az-elte-kutatoi?utm_source=hirstart&utm_medium=referral&utm_campaign=hiraggregator
8e67f78a0f64db9b255dde6b61c8608027b278eb3e1cb4ab76b1157bd4a5e8c6,2024-05-04 10:15:54.763349+00:00,hu,heol.hu,heol.hu,2022-08-03,Sokkoló aszálytérképet készítettek az ELTE kutatói,https://www.heol.hu/egyperces/2022/08/sokkolo-aszalyterkepet-keszitettek-az-elte-kutatoi?utm_source=hirstart&utm_medium=referral&utm_campaign=hiraggregator
8fa2a6b6e6b0f2072528f8a1fc1152e15779dc8ce5585ee458cc1c7ca5e40c63,2024-05-04 10:15:50.269508+00:00,hu,duol.hu,duol.hu,2022-08-03,Sokkoló aszálytérképet készítettek az ELTE kutatói,https://www.duol.hu/egyperces/2022/08/sokkolo-aszalyterkepet-keszitettek-az-elte-kutatoi?utm_source=hirstart&utm_medium=referral&utm_campaign=hiraggregator
b91cf709e8ad4208bccad93b7ed90e671a3d0d0b316d876d15743285746f7f01,2024-05-04 10:15:50.253403+00:00,hu,beol.hu,beol.hu,2022-08-03,Sokkoló aszálytérképet készítettek az ELTE kutatói,https://www.beol.hu/egyperces/2022/08/sokkolo-aszalyterkepet-keszitettek-az-elte-kutatoi?utm_source=hirstart&utm_medium=referral&utm_campaign=hiraggregator
b38d3e440b39dd016892af9dc390f9515d0947baa2224c409c36b75e4e8f8368,2024-05-04 10:15:45.040948+00:00,hu,baon.hu,baon.hu,2022-08-03,Sokkoló aszálytérképet készítettek az ELTE kutatói,https://www.baon.hu/egyperces/2022/08/sokkolo-aszalyterkepet-keszitettek-az-elte-kutatoi?utm_source=hirstart&utm_medium=referral&utm_campaign=hiraggregator
372cbcfeaba92b8538890a4565e890d50566e1b1af9113753cd4eabb409435d6,2024-05-04 10:15:42.494185+00:00,hu,szoljon.hu,szoljon.hu,2022-08-03,Sokkoló aszálytérképet készítettek az ELTE kutatói,https://www.szoljon.hu/egyperces/2022/08/sokkolo-aszalyterkepet-keszitettek-az-elte-kutatoi?utm_source=hirstart&utm_medium=referral&utm_campaign=hiraggregator
1c403c32834a9898b356169c0a4ce19fde6baca1bc77b8d27e8addbd557f95a4,2024-05-04 10:15:31.972219+00:00,hu,kisalfold.hu,kisalfold.hu,2022-08-03,Sokkoló aszálytérképet készítettek az ELTE kutatói,https://www.kisalfold.hu/egyperces/2022/08/sokkolo-aszalyterkepet-keszitettek-az-elte-kutatoi?utm_source=hirstart&utm_medium=referral&utm_campaign=hiraggregator
7225049fc7327a8a171144116b8e9367b20a9f86538635214b006e45913701e5,2024-05-04 10:15:19.564014+00:00,hu,vaol.hu,vaol.hu,2022-08-03,Sokkoló aszálytérképet készítettek az ELTE kutatói,https://www.vaol.hu/egyperces/2022/08/sokkolo-aszalyterkepet-keszitettek-az-elte-kutatoi?utm_source=hirstart&utm_medium=referral&utm_campaign=hiraggregator
93167ddb2419ce005b3ab5dac7286f3603ba4be729919c686db2813f39da17f6,2024-05-04 10:15:13.847954+00:00,hu,boon.hu,boon.hu,2022-08-03,Sokkoló aszálytérképet készítettek az ELTE kutatói,https://www.boon.hu/egyperces/2022/08/sokkolo-aszalyterkepet-keszitettek-az-elte-kutatoi?utm_source=hirstart&utm_medium=referral&utm_campaign=hiraggregator
dd87aa792f366886035813002e2f6420f9433c09ee443652b19e4dcdcf41cb5e,2024-05-04 10:15:07.712721+00:00,hu,sonline.hu,sonline.hu,2022-08-03,Sokkoló aszálytérképet készítettek az ELTE kutatói,https://www.sonline.hu/egyperces/2022/08/sokkolo-aszalyterkepet-keszitettek-az-elte-kutatoi?utm_source=hirstart&utm_medium=referral&utm_campaign=hiraggregator
af9fe84a3c5331178387f25f8c07b0342c96ae253b947b49d4f8c7bd5463ed2f,2024-05-04 10:15:06.981690+00:00,hu,feol.hu,feol.hu,2022-08-03,Sokkoló aszálytérképet készítettek az ELTE kutatói,https://www.feol.hu/egyperces/2022/08/sokkolo-aszalyterkepet-keszitettek-az-elte-kutatoi?utm_source=hirstart&utm_medium=referral&utm_campaign=hiraggregator
e7dd4af08c4aa38b2fa01403c2bc420ae0631f5d20499e883d2b7d7ee29a93f7,2024-05-04 10:15:03.501263+00:00,hu,szon.hu,szon.hu,2022-08-03,Sokkoló aszálytérképet készítettek az ELTE kutatói,https://www.szon.hu/egyperces/2022/08/sokkolo-aszalyterkepet-keszitettek-az-elte-kutatoi?utm_source=hirstart&utm_medium=referral&utm_campaign=hiraggregator
870089b0b05a08ec1a619202fa869de3ac9fd4e6c1c038669bd54167a53fcaa8,2024-05-04 10:14:12.571215+00:00,hu,veol.hu,veol.hu,2022-08-03,Sokkoló aszálytérképet készítettek az ELTE kutatói,https://www.veol.hu/egyperces/2022/08/sokkolo-aszalyterkepet-keszitettek-az-elte-kutatoi?utm_source=hirstart&utm_medium=referral&utm_campaign=hiraggregator
7a43e06f801c0b28d15e4e88b23146b9aa005e75690ea411aa3ede7795a99cea,2024-05-04 10:08:55.671303+00:00,hu,haon.hu,haon.hu,2022-08-03,Sokkoló aszálytérképet készítettek az ELTE kutatói,https://www.haon.hu/egyperces/2022/08/sokkolo-aszalyterkepet-keszitettek-az-elte-kutatoi?utm_source=hirstart&utm_medium=referral&utm_campaign=hiraggregator
01921b245c25f1f610f1ea5629a19b2bae9bb1901302d1ee677e0145dd2a752b,2024-05-04 08:19:16.342708+00:00,hu,portfolio.hu,portfolio.hu,2022-08-05,"Brutális fakitermelés kezdődhet Magyarországon, aminek nagy ára lesz",https://www.portfolio.hu/gazdasag/20220805/brutalis-fakitermeles-kezdodhet-magyarorszagon-aminek-nagy-ara-lesz-559729
dfaa4668a2ed711929c4fdf213d21bcd782f69e9366cc60dee0a43e32be5a28a,2024-05-04 07:37:23.255335+00:00,hu,hvg.hu,hvg.hu,2022-08-05,"Elkészítették Európa aszálytérképét, sokkoló Magyarország helyzete az ELTE kutatói szerint",http://hvg.hu/tudomany/20220805_aszalyhelyzet_europaban_megoldas_elte#rss
0c2f57478bb84d06e8934da4ee113e1fed83cad24d7568aca5b8a568b299703b,2024-05-04 06:09:43.451599+00:00,hu,boon.hu,boon.hu,2022-08-07,Küzdelem az aszály ellen,https://www.boon.hu/helyi-kozelet/2022/08/kuzdelem-az-aszaly-ellen?utm_source=hirstart&utm_medium=referral&utm_campaign=hiraggregator
104b10114c3871a01622154fc189a0bba5962e3754aa05458edf50d818d5ed33,2024-05-04 05:11:36.594158+00:00,hu,hvg.hu,hvg.hu,2022-08-08,"A termőtalajaink is kiszáradnak, pedig van módszer, amivel ez visszafordítható",http://hvg.hu/gazdasag.zhvg/20220808_klimavaltozas_aszaly_termotalaj_nedvesseg_talajvizutanpotlas_vizvisszatartas#rss
6dfb16b9b4b424bf7b28710db5ca4c58043c03bb802c2699e91586b85dabe6a3,2024-05-04 02:16:17.186777+00:00,hu,merce.hu,merce.hu,2022-08-10,Az MTA kutatóközpontja szerint is értelmetlen feláldozni a védett erdeinket « Mérce,https://merce.hu/2022/08/10/az-mta-kutatokozpontja-szerint-is-ertelmetlen-felaldozni-a-vedett-erdeinket/
0a1cf5ae13875a63f801f1adabbf38bc4cb812b37ed23ceec4342e3ffe032bbb,2024-05-04 02:10:54.077931+00:00,hu,444.hu,444.hu,2022-08-10,"MTA: a tűzifarendelet Magyarország legszebb, legértékesebb erdeit veszélyezteti",https://444.hu/2022/08/10/mta-a-tuzifarendelet-magyarorszag-legszebb-legertekesebb-erdeit-veszelyezteti?utm_source=rss_feed&utm_medium=rss&utm_campaign=rss_syndication
15c46721053f55fdcfb6fdda08c28ba83e5e19d7f040b21a30b2bc448b33ffc7,2024-05-04 02:06:09.193520+00:00,hu,24.hu,24.hu,2022-08-10,"Tiltakozik az MTA is Orbán ""tűzifa-rendelete"" ellen",https://24.hu/belfold/2022/08/10/tuzifa-rendelet-orban-viktor-mta-tiltakozas/
55b48bac779874b4bd435ede6330be39af2326940f5b9ceb8136c5976fd5a753,2024-05-04 01:16:10.232351+00:00,hu,magyarnemzet.hu,magyarnemzet.hu,2022-08-11,Érzelmek helyett tények: az erdészek nem terveznek erdőirtást,https://magyarnemzet.hu/belfold/2022/08/erzelmek-helyett-tenyek-az-erdeszek-nem-terveznek-erdoirtast
cce3aea48992846dbbd57850c9ea069c05b809ad38adcc758cc944da09b46f83,2024-05-04 01:02:45.470910+00:00,hu,24.hu,24.hu,2022-08-11,"Egyre fogy a időnk, egyre sürgetőbb a változás, de ha gyökeresen átalakítjuk az emberi kultúrát, fennmaradhatunk""",https://24.hu/belfold/2022/08/11/takacs-santa-andras-klimavaltozas-globalis-krizis-vita-interju/
c7111677a72406cb93a40710597bbdae73eafd561180d6798442163b9bd6bfdb,2024-05-03 23:43:11.471127+00:00,hu,24.hu,24.hu,2022-08-12,"Mégsem zajlik a hatodik kihalási esemény, de gyorsan haladunk felé",https://24.hu/tudomany/2022/08/12/hatodik-kihalasi-esemeny-klimavaltozas-termeszetvedelem/
78077c046cf5163c665bb0c21359cb1d54305326024fb80127a7f2e521c08436,2024-05-03 17:33:18.478777+00:00,hu,demokrata.hu,demokrata.hu,2022-08-17,A felmelegedés Földközi-tengerre gyakorolt hatásaira figyelmeztetnek a tudósok,https://demokrata.hu/tudomany/a-felmelegedes-foldkozi-tengerre-gyakorolt-hatasaira-figyelmeztetnek-a-tudosok-568727/
22a7e0b5c045203224c54ee66917bf5f2b76bfb0b616d6250c4773710375b596,2024-05-03 17:29:43.864122+00:00,hu,portfolio.hu,portfolio.hu,2022-08-17,A tengeri fajok tömeges puszulása forog kockán,https://www.portfolio.hu/uzlet/20220817/a-tengeri-fajok-tomeges-puszulasa-forog-kockan-ezt-okozzak-a-foldkozi-tenger-tersegeben-levo-hohullamok-561715
774ae443d2a3cec2f8ccabba6821a83583853497c10c1f467a7d9f5aafc11fa3,2024-05-03 17:24:19.243976+00:00,hu,magyarnemzet.hu,magyarnemzet.hu,2022-08-17,Súlyos hatásokat gyakorolhat a felmelegedés Földközi-tengerre,https://magyarnemzet.hu/mozaik/2022/08/sulyos-hatasokat-gyakorolhat-a-felmelegedes-foldkozi-tengerre
3c36093d691c52a180991cc8da8e1975c3d7bd7e636cd7c71728585ad883e5bf,2024-05-03 17:18:57.956813+00:00,hu,24.hu,24.hu,2022-08-17,Pusztítanak a hőhullámok a Földközi-tengerben,https://24.hu/tudomany/2022/08/17/foldkozi-tenger-hohullamok-kihalas-melegedes/
744efb275f5a172bb2f5964cd3f9c2088bd54e6241127b9133d7d97e57a17c41,2024-05-03 17:06:37.158371+00:00,hu,index.hu,index.hu,2022-08-17,Ismét tüntetnek a fakivágás ellen,https://index.hu/belfold/2022/08/17/energia-veszelyhelyzet-tuntetes-fakivagas-tuzifa-rezsi-fakitermeles/
22f26a7ee8d7aa373a44e3a443d747f38caac39ed888e2432cdda2f201e80879,2024-05-03 16:39:49.272768+00:00,hu,hvg.hu,hvg.hu,2022-08-17,"Egymást érik a hőhullámok a Földközi-tengeren, súlyos következményei lehetnek",http://hvg.hu/tudomany/20220817_foldkozi_tenger_globalis_felmelegedes_klimavaltozas#rss
3801be7c3039840c6abf2c4d46eca52f1adeea1a102dfef03a8febfd79458cbe,2024-05-03 16:01:21.281925+00:00,hu,index.hu,index.hu,2022-08-18,Valósággal felforr a Földközi-tenger ebben a hőségben,https://index.hu/tudomany/2022/08/18/globalis-felmelegedes-klimavaltozas-foldkozi-tenger-eghajlat-homerseklet-idojaras-hohullam/
e6f70d79eca13c2f5f1d306b8046780aec9fbefdb40852cc0373fc64dbfeade7,2024-05-03 15:22:38.147949+00:00,hu,vg.hu,vg.hu,2024-05-03,"Az állatvédelem a fogyasztóknak csak a statisztikában fontos, a pénztárnál már nem",https://www.vg.hu/agrar/2024/05/allatvedelem-feldman-allattenyesztes?utm_source=hirstart&utm_medium=referral&utm_campaign=hiraggregator
1ace20e2a05d7d1e20ff6876f6a242908ad21959b7a814d87221b7064753b928,2024-05-03 14:06:43.612995+00:00,hu,24.hu,24.hu,2022-08-19,Ez lenne a legjobb erdőgazdálkodási módszer itthon,https://24.hu/tudomany/2022/08/19/okologiai-kutatokozpont-erdogazdalkodas-bolygatas/
329fe7ada2053ed92f566f98b00d6a8a1b33421b114bef6702d30380a34f099e,2024-05-03 13:20:15.376433+00:00,hu,teol.hu,teol.hu,2022-08-20,Veszélyben a Földközi-tenger élővilága a hőhullámok miatt,https://www.teol.hu/egyperces/2022/08/veszelyben-a-foldkozi-tenger-elovilaga-a-hohullamok-miatt?utm_source=hirstart&utm_medium=referral&utm_campaign=hiraggregator
73ac60dbdd95654f7fa777245dd60dda12e75f34945b995fd4f3090e325ef6aa,2024-05-03 13:20:04.784306+00:00,hu,heol.hu,heol.hu,2022-08-20,Veszélyben a Földközi-tenger élővilága a hőhullámok miatt,https://www.heol.hu/egyperces/2022/08/veszelyben-a-foldkozi-tenger-elovilaga-a-hohullamok-miatt?utm_source=hirstart&utm_medium=referral&utm_campaign=hiraggregator
bb81aa0df39d1d93c02b34cfe41edde98195b45a09b947b0a9d0596bdf45f0d4,2024-05-03 13:20:01.179783+00:00,hu,beol.hu,beol.hu,2022-08-20,Veszélyben a Földközi-tenger élővilága a hőhullámok miatt,https://www.beol.hu/egyperces/2022/08/veszelyben-a-foldkozi-tenger-elovilaga-a-hohullamok-miatt?utm_source=hirstart&utm_medium=referral&utm_campaign=hiraggregator
6cde6c3a10e27ac8db3dcb067a233a5c31c751fd3c6abea595b990d531f4a5fe,2024-05-03 13:20:01.150557+00:00,hu,duol.hu,duol.hu,2022-08-20,Veszélyben a Földközi-tenger élővilága a hőhullámok miatt,https://www.duol.hu/egyperces/2022/08/veszelyben-a-foldkozi-tenger-elovilaga-a-hohullamok-miatt?utm_source=hirstart&utm_medium=referral&utm_campaign=hiraggregator
56ceb1f3b0db38911561cbffede9db2c376d04912a57b38158b0a7f626065009,2024-05-03 13:19:57.383457+00:00,hu,baon.hu,baon.hu,2022-08-20,Veszélyben a Földközi-tenger élővilága a hőhullámok miatt,https://www.baon.hu/egyperces/2022/08/veszelyben-a-foldkozi-tenger-elovilaga-a-hohullamok-miatt?utm_source=hirstart&utm_medium=referral&utm_campaign=hiraggregator
3fb2806d478699c31bc5a9f8a20e6c2ffe8e87cb7f74cfdd9d980d972afb605b,2024-05-03 13:19:56.254511+00:00,hu,szoljon.hu,szoljon.hu,2022-08-20,Veszélyben a Földközi-tenger élővilága a hőhullámok miatt,https://www.szoljon.hu/egyperces/2022/08/veszelyben-a-foldkozi-tenger-elovilaga-a-hohullamok-miatt?utm_source=hirstart&utm_medium=referral&utm_campaign=hiraggregator
79dfd506c59ca90debd0e96c71cd117881d91168286134f9e14baa14923b7400,2024-05-03 13:19:56.100932+00:00,hu,zaol.hu,zaol.hu,2022-08-20,Veszélyben a Földközi-tenger élővilága a hőhullámok miatt,https://www.zaol.hu/egyperces/2022/08/veszelyben-a-foldkozi-tenger-elovilaga-a-hohullamok-miatt?utm_source=hirstart&utm_medium=referral&utm_campaign=hiraggregator
17951247f17615d4dc1c1ddd287a6a8f4c8615e60cbf0fc45523311e727debe2,2024-05-03 13:19:49.998374+00:00,hu,haon.hu,haon.hu,2022-08-20,Veszélyben a Földközi-tenger élővilága a hőhullámok miatt,https://www.haon.hu/egyperces/2022/08/veszelyben-a-foldkozi-tenger-elovilaga-a-hohullamok-miatt?utm_source=hirstart&utm_medium=referral&utm_campaign=hiraggregator
c6ac0a8e2e004624edd1dd4211d2d5c8a72c63c42b87421dfc7e056c1dd7fb00,2024-05-03 13:19:49.959600+00:00,hu,kisalfold.hu,kisalfold.hu,2022-08-20,Veszélyben a Földközi-tenger élővilága a hőhullámok miatt,https://www.kisalfold.hu/egyperces/2022/08/veszelyben-a-foldkozi-tenger-elovilaga-a-hohullamok-miatt?utm_source=hirstart&utm_medium=referral&utm_campaign=hiraggregator
4f0e43b49a3406fa7f3ac6eb16b667b65a43ef36c8dfe66738ef16af4af199a2,2024-05-03 13:19:40.575332+00:00,hu,vaol.hu,vaol.hu,2022-08-20,Veszélyben a Földközi-tenger élővilága a hőhullámok miatt,https://www.vaol.hu/egyperces/2022/08/veszelyben-a-foldkozi-tenger-elovilaga-a-hohullamok-miatt?utm_source=hirstart&utm_medium=referral&utm_campaign=hiraggregator
dad7ca4150ddc755b93b9a6b66b93b33e89e80044e35e565b86e65e153b580cf,2024-05-03 13:19:25.864639+00:00,hu,veol.hu,veol.hu,2022-08-20,Veszélyben a Földközi-tenger élővilága a hőhullámok miatt,https://www.veol.hu/egyperces/2022/08/veszelyben-a-foldkozi-tenger-elovilaga-a-hohullamok-miatt?utm_source=hirstart&utm_medium=referral&utm_campaign=hiraggregator
93c7ef275522b4cd99a5aac93f9519c9de5bd2cf411fee1db16b1418f72d5f3e,2024-05-03 13:19:25.739849+00:00,hu,sonline.hu,sonline.hu,2022-08-20,Veszélyben a Földközi-tenger élővilága a hőhullámok miatt,https://www.sonline.hu/egyperces/2022/08/veszelyben-a-foldkozi-tenger-elovilaga-a-hohullamok-miatt?utm_source=hirstart&utm_medium=referral&utm_campaign=hiraggregator
13faabb63a8def38affc3c76744a662f340b208887ee3e294f525d86dcd56199,2024-05-03 13:19:15.397668+00:00,hu,boon.hu,boon.hu,2022-08-20,Veszélyben a Földközi-tenger élővilága a hőhullámok miatt,https://www.boon.hu/egyperces/2022/08/veszelyben-a-foldkozi-tenger-elovilaga-a-hohullamok-miatt?utm_source=hirstart&utm_medium=referral&utm_campaign=hiraggregator
7c6d95de23b191c44f9dc38a5a8ecf05b504522c725b46733c40293fc094e39e,2024-05-03 13:19:15.238325+00:00,hu,bama.hu,bama.hu,2022-08-20,Veszélyben a Földközi-tenger élővilága a hőhullámok miatt,https://www.bama.hu/egyperces/2022/08/veszelyben-a-foldkozi-tenger-elovilaga-a-hohullamok-miatt?utm_source=hirstart&utm_medium=referral&utm_campaign=hiraggregator
057c7ad07a8d486e17da1706acfe9e965bf14e29dcaac7e28e64a38be2c3ec22,2024-05-03 13:19:12.718232+00:00,hu,feol.hu,feol.hu,2022-08-20,Veszélyben a Földközi-tenger élővilága a hőhullámok miatt,https://www.feol.hu/egyperces/2022/08/veszelyben-a-foldkozi-tenger-elovilaga-a-hohullamok-miatt?utm_source=hirstart&utm_medium=referral&utm_campaign=hiraggregator
74c20b558d81b64d4bb523d95665128f6bb021a95d45d34f786f9430230fc6e3,2024-05-03 13:19:11.287491+00:00,hu,szon.hu,szon.hu,2022-08-20,Veszélyben a Földközi-tenger élővilága a hőhullámok miatt,https://www.szon.hu/egyperces/2022/08/veszelyben-a-foldkozi-tenger-elovilaga-a-hohullamok-miatt?utm_source=hirstart&utm_medium=referral&utm_campaign=hiraggregator
e5650c768ebab8a9c7a6b8989ab6e82ed5c28b17a1cf9ba5202347daf0f0d5ff,2024-05-03 13:18:31.300099+00:00,hu,delmagyar.hu,delmagyar.hu,2022-08-20,Veszélyben a Földközi-tenger élővilága a hőhullámok miatt,https://www.delmagyar.hu/egyperces/2022/08/veszelyben-a-foldkozi-tenger-elovilaga-a-hohullamok-miatt?utm_source=hirstart&utm_medium=referral&utm_campaign=hiraggregator
3e95930a9f0a7b6473ea222009dcceebf8929d89db62cf800d6cc9a65822fae8,2024-05-03 12:21:27.542287+00:00,hu,portfolio.hu,portfolio.hu,2022-08-21,"Kétségbeesve figyeljük, hogy mi lesz a magyar erdőkkel",https://www.portfolio.hu/uzlet/20220821/ketsegbeesve-figyeljuk-hogy-mi-lesz-a-magyar-erdokkel-folytatodik-a-fakivagasos-huzavona-561627
9b76b0db56e7dcd7333c9937f27ccf0aa4b099e2da8891c286a6f6e2fa459d7d,2024-05-03 11:32:21.748917+00:00,hu,index.hu,index.hu,2022-08-22,"Fenntarthatóságot tanítani majdnem annyit jelent, mint az életet tanítani",https://index.hu/belfold/2022/08/22/fenntarthatosag-erettsegi-targy-modszertan-zold-fold-tankonyv/
236241828e5fb78874a78c2175971eab8615d06a92c2237b42f5a5804b0ef0b1,2024-05-03 10:45:34.683456+00:00,hu,origo.hu,origo.hu,2022-08-22,A természetes bolygatást utánzó erdőgazdálkodást javasolnak az ÖK kutatóinak közreműködésével készült nemzetközi tanulmány szerzői,https://www.origo.hu/tudomany/20220822-erdo.html
905b1e03484f9939737b1f8f893c4e9aa671ba2874990cb4778d42fd9eff0e4b,2024-05-03 07:17:21.421287+00:00,hu,vg.hu,vg.hu,2022-08-25,Változtak a zöldajánlások,https://www.vg.hu/velemeny/2022/08/valtoztak-a-zoldajanlasok?utm_source=hirstart&utm_medium=referral&utm_campaign=hiraggregator
1c14853faa5749f862f8d2a09759b3454a0687f16b2650d82fa3b85c0a77ec7f,2024-05-03 05:04:36.157399+00:00,hu,hvg.hu,hvg.hu,2022-08-26,Hogyan fordítható vissza a felmelegedés?,http://hvg.hu/hvgkonyvek/20220826_Hogyan_fordithato_vissza_a_felmelegedes__Alapfoku_Kerdezzfelelek_a_klima_valtozasarol#rss
c806c3a2253bfa194e912b23595518a1955f0731dc839d45a60f75f05cb6f26f,2024-05-03 03:36:44.146756+00:00,hu,index.hu,index.hu,2022-08-28,"Nem az erdésztől kell félteni az erdőt, de akkor kitől?",https://index.hu/belfold/2022/08/28/pilisi-parkerdo-fakitermeles-tarvagas-visegradi-hegyseg-termeszetvedelem-helyszini-riport/
fef0f7cfb90d0a7eedb731b87e6b74d13ea47c1e8df12da8df005075e32fe5e4,2024-05-03 00:05:58.902577+00:00,hu,444.hu,444.hu,2022-08-30,"A magyarok többsége elutasítja, hogy a kormány az erdők pusztításával kezelje az energiaválságot",https://444.hu/2022/08/30/a-magyarok-tobbsege-elutasitja-hogy-a-kormany-az-erdok-pusztitasaval-kezelje-az-energiavalsagot?utm_source=rss_feed&utm_medium=rss&utm_campaign=rss_syndication
04d3678ec9e2310e4cb27e571af151fe29a8b5700962f847ccffdfe1870c92b9,2024-05-02 23:52:23.464289+00:00,hu,napi.hu,napi.hu,2022-08-30,Nemet mond a magyarok többsége a korlátlan fakivágásra,https://www.napi.hu/magyar-gazdasag/greenpeace-tiltakozas-fakivagas-tarvagas-tuzifarendelet-visszavonasa-energia-veszhelyzet.758830.html
3cf5003c3768e331b216af35e963dad3b6179a1b69f8dc285497339c81711eaa,2024-05-02 23:48:23.917846+00:00,hu,szeretlekmagyarorszag.hu,szeretlekmagyarorszag.hu,2022-08-30,"A magyarok többsége nem akarja, hogy a kormány az erdők pusztításával kezelje az energiaválságot",https://www.szeretlekmagyarorszag.hu/hirek/a-magyarok-tobbsege-nem-akarja-hogy-a-kormany-az-erdok-pusztitasaval-kezelje-az-energiavalsagot/
b92544b1e806b322500bdf621ad9fd49b3b9c917528e55d65bf81e06fe57f74e,2024-05-02 22:47:34.764379+00:00,hu,hvg.hu,hvg.hu,2022-08-31,Kompenzáció helyett valódi hozamok – így változott az ESG-termékek értéke (interjú),http://hvg.hu/brandcontent/20220829_Kompenzacio_helyett_valodi_hozamok__igy_valtozott_az_ESGtermekek_erteke_interju#rss
1a805864b8a77b09608aa58b3fb48b689e46c8cccc14aa760db9b62021c7b833,2024-05-02 21:56:57.783837+00:00,hu,origo.hu,origo.hu,2022-08-31,Mitől zöld a zöldtető?,https://www.origo.hu/tudomany/20220831-zoldteto.html
6df44863c11bd3fcf6e996d11d043842ce543ada3c631709c328a4333e02826f,2024-05-02 21:18:23.896173+00:00,hu,hvg.hu,hvg.hu,2022-08-31,Miért elengedhetetlenek az erdők jóllétünk szempontjából?,http://hvg.hu/hvgkonyvek/20220831_Miert_elengedhetetlenek_az_erdok_jolletunk_szempontjabol#rss
b229a00238d4d5a1c91fb0edec8c14c012597afead7c89efdaaaea6011cf47b0,2024-05-02 20:55:36.395999+00:00,hu,24.hu,24.hu,2022-09-01,Alkotmánybíróságon támadta meg az ellenzék a fakivágós kormányrendeletet,https://24.hu/belfold/2022/09/01/tuzifa-rendelet-fakivagas-alkotmanybirosag/
f4e46d03765ca8713298203321e62c5f5299811ce602fe9a125af914659153d8,2024-05-02 16:37:01.515804+00:00,hu,mandiner.hu,mandiner.hu,2022-09-03,"Dán klímaszakértő: Lázadás lesz a vége annak, hogy emberek fáznak és éheznek",https://mandiner.hu/cikk/20220903_bjorn_lomborg_lazadas_haboru_tel_ehezes_valsag_energiahiany
3c964c547b6fe1c2d83687e1e42be57ed258413686aebbe3882678fe91b01b67,2024-05-02 16:34:20.491997+00:00,hu,magyarnemzet.hu,magyarnemzet.hu,2022-09-03,"Lázadás lehet a vége, ha fáznak és éheznek az emberek",https://magyarnemzet.hu/kulfold/2022/09/lazadas-lehet-a-vege-ha-faznak-es-eheznek-az-emberek
a560cc65cbddedf64f3aa907ab4ee11f50de6417c3332d2de55e8b29dc027586,2024-05-02 13:19:22.224087+00:00,hu,magyarnemzet.hu,magyarnemzet.hu,2022-09-06,Rétvári Bence: A közgyűjteményeknek az oktatásban is szerepet kell vállalniuk,https://magyarnemzet.hu/belfold/2022/09/retvari-bence-a-kozgyujtemenyeknek-az-oktatasban-is-szerepet-kell-vallalniuk
088ec09b7571964433683d84c6b37c23ff9faca2bb362c373ec50d8d215fafa6,2024-05-02 13:16:50.084913+00:00,hu,teol.hu,teol.hu,2022-09-06,A közgyűjteményeknek az oktatásban is szerepet kell vállalniuk,https://www.teol.hu/orszag-vilag/2022/09/a-kozgyujtemenyeknek-az-oktatasban-is-szerepet-kell-vallalniuk?utm_source=hirstart&utm_medium=referral&utm_campaign=hiraggregator
520002a85c3008248b5737b7dc9f6c2cceabe77f29f11699112fbb97c6ecaba5,2024-05-02 13:16:19.054423+00:00,hu,heol.hu,heol.hu,2022-09-06,A közgyűjteményeknek az oktatásban is szerepet kell vállalniuk,https://www.heol.hu/orszag-vilag/2022/09/a-kozgyujtemenyeknek-az-oktatasban-is-szerepet-kell-vallalniuk?utm_source=hirstart&utm_medium=referral&utm_campaign=hiraggregator
790e92ae3a9e6b144167d1ab087bdd700c0e15518792e5a86f65496f8e6a947a,2024-05-02 13:16:11.437489+00:00,hu,beol.hu,beol.hu,2022-09-06,A közgyűjteményeknek az oktatásban is szerepet kell vállalniuk,https://www.beol.hu/orszag-vilag/2022/09/a-kozgyujtemenyeknek-az-oktatasban-is-szerepet-kell-vallalniuk?utm_source=hirstart&utm_medium=referral&utm_campaign=hiraggregator
a5029a3a69db73115398bf758712b2fef2ebcfa2758c66488e50a0514aab4740,2024-05-02 13:16:11.260785+00:00,hu,duol.hu,duol.hu,2022-09-06,A közgyűjteményeknek az oktatásban is szerepet kell vállalniuk,https://www.duol.hu/orszag-vilag/2022/09/a-kozgyujtemenyeknek-az-oktatasban-is-szerepet-kell-vallalniuk?utm_source=hirstart&utm_medium=referral&utm_campaign=hiraggregator
8125025eee634f86762f25974bf3aa8da2a73ba06caaab17e1a8b2113b75edfe,2024-05-02 13:16:04.101035+00:00,hu,baon.hu,baon.hu,2022-09-06,A közgyűjteményeknek az oktatásban is szerepet kell vállalniuk,https://www.baon.hu/orszag-vilag/2022/09/a-kozgyujtemenyeknek-az-oktatasban-is-szerepet-kell-vallalniuk?utm_source=hirstart&utm_medium=referral&utm_campaign=hiraggregator
f3ef88fafda8526253c2c4a5c73390ae78f4169bca731994fc935d13eb1d2972,2024-05-02 13:16:00.903431+00:00,hu,zaol.hu,zaol.hu,2022-09-06,A közgyűjteményeknek az oktatásban is szerepet kell vállalniuk,https://www.zaol.hu/orszag-vilag/2022/09/a-kozgyujtemenyeknek-az-oktatasban-is-szerepet-kell-vallalniuk?utm_source=hirstart&utm_medium=referral&utm_campaign=hiraggregator
d0f3bfe41632256033a5152f9a4810b3cb54c0a012fe129b777ad0b7fd58b1a1,2024-05-02 13:16:00.597975+00:00,hu,szoljon.hu,szoljon.hu,2022-09-06,A közgyűjteményeknek az oktatásban is szerepet kell vállalniuk,https://www.szoljon.hu/orszag-vilag/2022/09/a-kozgyujtemenyeknek-az-oktatasban-is-szerepet-kell-vallalniuk?utm_source=hirstart&utm_medium=referral&utm_campaign=hiraggregator
84832ca605641471b3769d536b870493927b4932450c654ca4ade9c75c80a788,2024-05-02 13:15:49.056056+00:00,hu,kisalfold.hu,kisalfold.hu,2022-09-06,A közgyűjteményeknek az oktatásban is szerepet kell vállalniuk,https://www.kisalfold.hu/orszag-vilag/2022/09/a-kozgyujtemenyeknek-az-oktatasban-is-szerepet-kell-vallalniuk?utm_source=hirstart&utm_medium=referral&utm_campaign=hiraggregator
de8b440f7c671df19c6885fb68c397046d97f706d4b0a8b222cbdf8bbb862b62,2024-05-02 13:15:48.184436+00:00,hu,haon.hu,haon.hu,2022-09-06,A közgyűjteményeknek az oktatásban is szerepet kell vállalniuk,https://www.haon.hu/orszag-vilag/2022/09/a-kozgyujtemenyeknek-az-oktatasban-is-szerepet-kell-vallalniuk?utm_source=hirstart&utm_medium=referral&utm_campaign=hiraggregator
46918958de19418c84b83a40f54fdee2bd242e82acd32ac072672f2b4337522c,2024-05-02 13:15:29.165733+00:00,hu,vaol.hu,vaol.hu,2022-09-06,A közgyűjteményeknek az oktatásban is szerepet kell vállalniuk,https://www.vaol.hu/orszag-vilag/2022/09/a-kozgyujtemenyeknek-az-oktatasban-is-szerepet-kell-vallalniuk?utm_source=hirstart&utm_medium=referral&utm_campaign=hiraggregator
14201e093bf7072e644be59d3fb8fc17d45256158b8757a864adecac36b56ea2,2024-05-02 13:15:04.902259+00:00,hu,veol.hu,veol.hu,2022-09-06,A közgyűjteményeknek az oktatásban is szerepet kell vállalniuk,https://www.veol.hu/orszag-vilag/2022/09/a-kozgyujtemenyeknek-az-oktatasban-is-szerepet-kell-vallalniuk?utm_source=hirstart&utm_medium=referral&utm_campaign=hiraggregator
201dcf39cf38dc53a6332f3a588115fac53e1ea12f29b620fa19db22f7dc8f62,2024-05-02 13:15:04.071999+00:00,hu,sonline.hu,sonline.hu,2022-09-06,A közgyűjteményeknek az oktatásban is szerepet kell vállalniuk,https://www.sonline.hu/orszag-vilag/2022/09/a-kozgyujtemenyeknek-az-oktatasban-is-szerepet-kell-vallalniuk?utm_source=hirstart&utm_medium=referral&utm_campaign=hiraggregator
b3658e84db53641059327265ce98bfa4e9549397ed0d11becda1b8987c892a81,2024-05-02 13:14:59.871260+00:00,hu,delmagyar.hu,delmagyar.hu,2022-09-06,A közgyűjteményeknek az oktatásban is szerepet kell vállalniuk,https://www.delmagyar.hu/orszag-vilag/2022/09/a-kozgyujtemenyeknek-az-oktatasban-is-szerepet-kell-vallalniuk?utm_source=hirstart&utm_medium=referral&utm_campaign=hiraggregator
f5eb088a3fb799a391a0af168d845f652d07786b0cdf5cfa4d4c19d0de451778,2024-05-02 13:14:36.579129+00:00,hu,bama.hu,bama.hu,2022-09-06,A közgyűjteményeknek az oktatásban is szerepet kell vállalniuk,https://www.bama.hu/orszag-vilag/2022/09/a-kozgyujtemenyeknek-az-oktatasban-is-szerepet-kell-vallalniuk?utm_source=hirstart&utm_medium=referral&utm_campaign=hiraggregator
693a54b1ed4d84c18094fcfe4696215436b0f4dd8ae658338e342d40e3752e22,2024-05-02 13:14:36.036908+00:00,hu,hirtv.hu,hirtv.hu,2022-09-06,Rétvári: A közgyűjteményeknek az oktatásban is szerepet kell vállalniuk,http://hirtv.hu/ahirtvhirei/retvari-a-kozgyujtemenyeknek-az-oktatasban-is-szerepet-kell-vallalniuk-2553541?utm_source=feed&utm_medium=rss
487e4525c0f723a09dad7f265144b416fbc1216232cfd015d82f14cfb021ef47,2024-05-02 13:14:33.894011+00:00,hu,feol.hu,feol.hu,2022-09-06,A közgyűjteményeknek az oktatásban is szerepet kell vállalniuk,https://www.feol.hu/orszag-vilag/2022/09/a-kozgyujtemenyeknek-az-oktatasban-is-szerepet-kell-vallalniuk?utm_source=hirstart&utm_medium=referral&utm_campaign=hiraggregator
947b85b33de57289c250655fba828db5bdd90db37de8847eb742a1254b54429a,2024-05-02 13:14:28.202246+00:00,hu,szon.hu,szon.hu,2022-09-06,A közgyűjteményeknek az oktatásban is szerepet kell vállalniuk,https://www.szon.hu/orszag-vilag/2022/09/a-kozgyujtemenyeknek-az-oktatasban-is-szerepet-kell-vallalniuk?utm_source=hirstart&utm_medium=referral&utm_campaign=hiraggregator
66757863566e4c18a1e64ec7e997e90aa9be7b79a22e3b8fd23d83e99c9e537b,2024-05-02 13:14:26.438735+00:00,hu,boon.hu,boon.hu,2022-09-06,A közgyűjteményeknek az oktatásban is szerepet kell vállalniuk,https://www.boon.hu/orszag-vilag/2022/09/a-kozgyujtemenyeknek-az-oktatasban-is-szerepet-kell-vallalniuk?utm_source=hirstart&utm_medium=referral&utm_campaign=hiraggregator
e59cb7325b1be305791f4303b080f4d729bf3022d72d6cd39fcd9c2240e3d035,2024-05-02 12:06:50.645627+00:00,hu,merce.hu,merce.hu,2022-09-07,Hogyan mentenék meg tőled az ökofasiszták a civilizációt? « Mérce,https://merce.hu/2022/09/07/hogyan-mentenek-meg-toled-az-okofasisztak-a-civilizaciot/
20915d0e997892a7997d747fe00d9544158b88cb7496591007e49f6d653ad9cf,2024-05-02 11:54:15.155087+00:00,hu,portfolio.hu,portfolio.hu,2022-09-07,Ez lehet a jó megoldás a magas energiaárak ellen,https://www.portfolio.hu/uzlet/20220907/ez-lehet-a-jo-megoldas-a-magas-energiaarak-ellen-565627
376cf9e2474d0f6748a1b02bc326e35199f15cfe7c772876e30799ea1fddb554,2024-05-02 07:57:08.327622+00:00,hu,hvg.hu,hvg.hu,2022-09-09,Mentsük meg a méheinket! De ne csak őket!,http://hvg.hu/hvgkonyvek/20220909_Mentsuk_meg_a_meheinket_De_ne_csak_oket#rss
cfde55b7abc4fd6bafbe1ebcee00940c3186423cc27673b6a482d2ba5ddb0736,2024-05-02 07:54:23.088776+00:00,hu,magyarnemzet.hu,magyarnemzet.hu,2022-09-10,Vonzó környezetet kell teremteni a világszínvonalú kutatásoknak,https://magyarnemzet.hu/gazdasag/2022/09/vonzo-kornyezetet-kell-teremteni-a-vilagszinvonalu-kutatasoknak
70129b728474b227996558bab0528d77e8b41b061df4ba0d0b7749f5b39ae859,2024-05-02 05:22:04.627288+00:00,hu,napi.hu,napi.hu,2022-09-12,Erdőket védene az uniós biztos,https://www.napi.hu/nemzetkozi-gazdasag/eu-termeszetevedelem-erdo.759625.html
a60bced67853282a77a326d2def4ef5207fe79aa023b05b223d66a0f58016c8c,2024-05-01 22:49:59.111289+00:00,hu,demokrata.hu,demokrata.hu,2022-09-15,Agrárminiszter: az aszály elleni küzdelem stratégiai kérdés,https://demokrata.hu/magyarorszag/agrarminiszter-az-aszaly-elleni-kuzdelem-strategiai-kerdes-580520/
663ab2e91e4a79e80216c489df56be0b88398d4c280726714411e1c8b4436328,2024-05-01 22:48:28.717546+00:00,hu,sonline.hu,sonline.hu,2022-09-15,Nagy István: a rendkívüli idők rendkívüli megoldásokat igényelnek az agráriumban is,https://www.sonline.hu/hazai-gazdasag/2022/09/nagy-istvan-a-rendkivuli-idok-rendkivuli-megoldasokat-igenyelnek-az-agrariumban-is?utm_source=hirstart&utm_medium=referral&utm_campaign=hiraggregator
a5e716c46a0cff254578b0d7fb837ab6ba6042c095f3eacb13536dcc0bc56901,2024-05-01 22:48:11.189210+00:00,hu,veol.hu,veol.hu,2022-09-15,Nagy István: a rendkívüli idők rendkívüli megoldásokat igényelnek az agráriumban is,https://www.veol.hu/hazai-gazdasag/2022/09/nagy-istvan-a-rendkivuli-idok-rendkivuli-megoldasokat-igenyelnek-az-agrariumban-is?utm_source=hirstart&utm_medium=referral&utm_campaign=hiraggregator
7fd4e818e053ed436871c5cef4d5a195a79bfd479368b4d8c8ad1e53d6dc5561,2024-05-01 22:48:03.348770+00:00,hu,feol.hu,feol.hu,2022-09-15,Nagy István: a rendkívüli idők rendkívüli megoldásokat igényelnek az agráriumban is,https://www.feol.hu/hazai-gazdasag/2022/09/nagy-istvan-a-rendkivuli-idok-rendkivuli-megoldasokat-igenyelnek-az-agrariumban-is?utm_source=hirstart&utm_medium=referral&utm_campaign=hiraggregator
a6f384c14cc614e47d88fc29eff2b37329931f44579b49fe131bbbfed8425aed,2024-05-01 22:48:00.850135+00:00,hu,duol.hu,duol.hu,2022-09-15,Nagy István: a rendkívüli idők rendkívüli megoldásokat igényelnek az agráriumban is,https://www.duol.hu/hazai-gazdasag/2022/09/nagy-istvan-a-rendkivuli-idok-rendkivuli-megoldasokat-igenyelnek-az-agrariumban-is?utm_source=hirstart&utm_medium=referral&utm_campaign=hiraggregator
b6b7bca1af913214d2c1821cda373de7c860609673597164783ee6e270aed27b,2024-05-01 22:47:41.067538+00:00,hu,teol.hu,teol.hu,2022-09-15,Nagy István: a rendkívüli idők rendkívüli megoldásokat igényelnek az agráriumban is,https://www.teol.hu/hazai-gazdasag/2022/09/nagy-istvan-a-rendkivuli-idok-rendkivuli-megoldasokat-igenyelnek-az-agrariumban-is?utm_source=hirstart&utm_medium=referral&utm_campaign=hiraggregator
379e8b91bf7ec5d9d2068ddb3be6116d52901a5ca2898fd2f00b90a7fd18ff81,2024-05-01 22:47:06.454590+00:00,hu,heol.hu,heol.hu,2022-09-15,Nagy István: a rendkívüli idők rendkívüli megoldásokat igényelnek az agráriumban is,https://www.heol.hu/hazai-gazdasag/2022/09/nagy-istvan-a-rendkivuli-idok-rendkivuli-megoldasokat-igenyelnek-az-agrariumban-is?utm_source=hirstart&utm_medium=referral&utm_campaign=hiraggregator
8e9eb027e7773ab7163a70318c4d77da597ce169b02a1e94e8ad4f41024e3670,2024-05-01 22:46:58.390734+00:00,hu,beol.hu,beol.hu,2022-09-15,Nagy István: a rendkívüli idők rendkívüli megoldásokat igényelnek az agráriumban is,https://www.beol.hu/hazai-gazdasag/2022/09/nagy-istvan-a-rendkivuli-idok-rendkivuli-megoldasokat-igenyelnek-az-agrariumban-is?utm_source=hirstart&utm_medium=referral&utm_campaign=hiraggregator
f2ab605cddb9d6f86875eaf4fa516f4ce2937e468c7540c78fdb1498b5c3fb73,2024-05-01 22:46:47.746799+00:00,hu,baon.hu,baon.hu,2022-09-15,Nagy István: a rendkívüli idők rendkívüli megoldásokat igényelnek az agráriumban is,https://www.baon.hu/hazai-gazdasag/2022/09/nagy-istvan-a-rendkivuli-idok-rendkivuli-megoldasokat-igenyelnek-az-agrariumban-is?utm_source=hirstart&utm_medium=referral&utm_campaign=hiraggregator
37755e5ee446981b3f966231f29ddbc1cdf4edc2a2cc5dea9378c490e453cc71,2024-05-01 22:46:42.724955+00:00,hu,zaol.hu,zaol.hu,2022-09-15,Nagy István: a rendkívüli idők rendkívüli megoldásokat igényelnek az agráriumban is,https://www.zaol.hu/hazai-gazdasag/2022/09/nagy-istvan-a-rendkivuli-idok-rendkivuli-megoldasokat-igenyelnek-az-agrariumban-is?utm_source=hirstart&utm_medium=referral&utm_campaign=hiraggregator
83421f14fafa4cfe2f23cda74813b3c7c9dc50c3d603b39cc198d5c2825e99f7,2024-05-01 22:46:42.069091+00:00,hu,szoljon.hu,szoljon.hu,2022-09-15,Nagy István: a rendkívüli idők rendkívüli megoldásokat igényelnek az agráriumban is,https://www.szoljon.hu/hazai-gazdasag/2022/09/nagy-istvan-a-rendkivuli-idok-rendkivuli-megoldasokat-igenyelnek-az-agrariumban-is?utm_source=hirstart&utm_medium=referral&utm_campaign=hiraggregator
de6495af69671b4bce6a2da7cdcc2fc0460f586cc97571fda5270c709721f307,2024-05-01 22:46:36.272671+00:00,hu,boon.hu,boon.hu,2022-09-15,Nagy István: a rendkívüli idők rendkívüli megoldásokat igényelnek az agráriumban is,https://www.boon.hu/hazai-gazdasag/2022/09/nagy-istvan-a-rendkivuli-idok-rendkivuli-megoldasokat-igenyelnek-az-agrariumban-is?utm_source=hirstart&utm_medium=referral&utm_campaign=hiraggregator
f23186c89111448a13a24f7ae3f0fc8740561c3558dff786dd88935f925673fd,2024-05-01 22:46:24.914121+00:00,hu,kisalfold.hu,kisalfold.hu,2022-09-15,Nagy István: a rendkívüli idők rendkívüli megoldásokat igényelnek az agráriumban is,https://www.kisalfold.hu/hazai-gazdasag/2022/09/nagy-istvan-a-rendkivuli-idok-rendkivuli-megoldasokat-igenyelnek-az-agrariumban-is?utm_source=hirstart&utm_medium=referral&utm_campaign=hiraggregator
c7b7edb2c9b571a7fb73a1fbf15127f81ff9371c17fdcfcaa2ebacaa2f74add4,2024-05-01 22:46:24.438280+00:00,hu,haon.hu,haon.hu,2022-09-15,Nagy István: a rendkívüli idők rendkívüli megoldásokat igényelnek az agráriumban is,https://www.haon.hu/hazai-gazdasag/2022/09/nagy-istvan-a-rendkivuli-idok-rendkivuli-megoldasokat-igenyelnek-az-agrariumban-is?utm_source=hirstart&utm_medium=referral&utm_campaign=hiraggregator
c4c691bd7a09b65adb32afcb078314316bd69e2e726372a9bc2dfa651503c01c,2024-05-01 22:46:19.310848+00:00,hu,delmagyar.hu,delmagyar.hu,2022-09-15,Nagy István: a rendkívüli idők rendkívüli megoldásokat igényelnek az agráriumban is,https://www.delmagyar.hu/hazai-gazdasag/2022/09/nagy-istvan-a-rendkivuli-idok-rendkivuli-megoldasokat-igenyelnek-az-agrariumban-is?utm_source=hirstart&utm_medium=referral&utm_campaign=hiraggregator
f1ce793abd89064ae74f39e8291eb40c323e1fd07ff7785735977582342356d9,2024-05-01 22:46:18.255002+00:00,hu,bama.hu,bama.hu,2022-09-15,Nagy István: a rendkívüli idők rendkívüli megoldásokat igényelnek az agráriumban is,https://www.bama.hu/hazai-gazdasag/2022/09/nagy-istvan-a-rendkivuli-idok-rendkivuli-megoldasokat-igenyelnek-az-agrariumban-is?utm_source=hirstart&utm_medium=referral&utm_campaign=hiraggregator
0ee29de11b903af324f91ace55e91a05ae37ec14dd26644893d938345885559f,2024-05-01 22:46:08.157618+00:00,hu,szon.hu,szon.hu,2022-09-15,Nagy István: a rendkívüli idők rendkívüli megoldásokat igényelnek az agráriumban is,https://www.szon.hu/hazai-gazdasag/2022/09/nagy-istvan-a-rendkivuli-idok-rendkivuli-megoldasokat-igenyelnek-az-agrariumban-is?utm_source=hirstart&utm_medium=referral&utm_campaign=hiraggregator
06457f325452028dc4b7dec8992baa4e1120156a878870cdb4022e4f37768f9c,2024-05-01 22:46:05.395186+00:00,hu,vaol.hu,vaol.hu,2022-09-15,Nagy István: a rendkívüli idők rendkívüli megoldásokat igényelnek az agráriumban is,https://www.vaol.hu/hazai-gazdasag/2022/09/nagy-istvan-a-rendkivuli-idok-rendkivuli-megoldasokat-igenyelnek-az-agrariumban-is?utm_source=hirstart&utm_medium=referral&utm_campaign=hiraggregator
8efb62ea0b1f7e49317b58c909573f94d9e55ab5fa0d0f7b097d28296b6a0034,2024-05-01 22:28:42.191637+00:00,hu,magyarnemzet.hu,magyarnemzet.hu,2022-09-15,Nemzetgazdasági érdek a víz megőrzése,https://magyarnemzet.hu/gazdasag/2022/09/nemzetgazdasagi-erdek-a-viz-megorzese
7fe9fb5a3442c32d5ce69fb96ddf4feb79f1ec19b1784644f8d53d01386f603c,2024-05-01 22:28:36.168905+00:00,hu,index.hu,index.hu,2022-09-15,Az aszály elleni küzdelem stratégiai kérdés,https://index.hu/gazdasag/2022/09/15/agrarminiszterium-nagy-istvan-aszaly-kuzdelem-strategiai-kerdes-nadudvar/
41d9913b2d45fd8acdd56f8657dd307dd30bd3c90f78e96412f8a5b9bb19b604,2024-05-01 16:32:39.272518+00:00,hu,portfolio.hu,portfolio.hu,2022-09-18,"Van egy felbecsülhetetlen kincsünk, amivel még a világ legnagyobb vállalatai sem tudnak mit kezdeni",https://www.portfolio.hu/uzlet/20220918/van-egy-felbecsulhetetlen-kincsunk-amivel-meg-a-vilag-legnagyobb-vallalatai-sem-tudnak-mit-kezdeni-567409
620ced9ecda731d7e1338550e25c6e823cce7bc6869c9effaba7196f4d945cc5,2024-05-01 15:00:19.962528+00:00,hu,portfolio.hu,portfolio.hu,2022-09-19,Idén is karbonsemlegesek a Portfolio konferenciái,https://www.portfolio.hu/uzlet/20220919/iden-is-karbonsemlegesek-a-portfolio-konferenciai-567379
13fd32a8ad500cd125c1b1e11a658dfb5acb0c47756fbd6c8aae78bc74e044c4,2024-05-01 12:47:29.140198+00:00,hu,hvg.hu,hvg.hu,2022-09-20,Hogyan állíthatjuk helyre a tönkretett termőföldeket?,http://hvg.hu/hvgkonyvek/20220920_Hogyan_allithatjuk_helyre_a_tonkretett_termofoldeket#rss
43a77ad71b72363fefc996d8d5c210124db33644b1f42bebd95225f141cf1203,2024-05-01 09:39:09.529047+00:00,hu,origo.hu,origo.hu,2022-09-23,Rovarhotel nyílt a Népligetben,https://www.origo.hu/itthon/20220922-kihelyezesre-kerult-az-elso-rovarhotel-a-nepligetben.html
52f0d5b28deb7787a9b5af5b2d2650fce4033cbdcbc816671d095c37afa0ba4d,2024-05-01 06:51:12.529252+00:00,hu,hvg.hu,hvg.hu,2022-09-25,Hogyan csinálhatunk esőt?,http://hvg.hu/hvgkonyvek/20220925_regeneracio_hogyan_csinalhatunk_esot#rss
d7cb8fc1c8487720fae0f6d6c0111ddd876ad76dc6365f5687b5389f68196b0b,2024-05-01 05:07:41.796717+00:00,hu,demokrata.hu,demokrata.hu,2022-09-27,Semjén Zsolt: Magyarország számára kiemelten fontos a vízimadarak védelme,https://demokrata.hu/magyarorszag/semjen-zsolt-magyarorszag-szamara-kiemelten-fontos-a-vizimadarak-vedelme-585939/
dd0f77308da7350694f37aa3e4395a075b1d1281e0e263512a6daeadf705e4ba,2024-05-01 04:50:10.171163+00:00,hu,teol.hu,teol.hu,2022-09-27,Magyarország számára kiemelten fontos a vízimadarak védelme,https://www.teol.hu/egyperces/2022/09/magyarorszag-szamara-kiemelten-fontos-a-vizimadarak-vedelme?utm_source=hirstart&utm_medium=referral&utm_campaign=hiraggregator
52448d0929a8b06d35d4d4d70cedf9ebee706c9fc18724a982d0b2c12ce00a79,2024-05-01 04:49:39.745373+00:00,hu,heol.hu,heol.hu,2022-09-27,Magyarország számára kiemelten fontos a vízimadarak védelme,https://www.heol.hu/egyperces/2022/09/magyarorszag-szamara-kiemelten-fontos-a-vizimadarak-vedelme?utm_source=hirstart&utm_medium=referral&utm_campaign=hiraggregator
f6c42d20f66b1eba0864e41d3eadca849c65dc9e03226be105ddcb708c6eae36,2024-05-01 04:49:34.287331+00:00,hu,beol.hu,beol.hu,2022-09-27,Magyarország számára kiemelten fontos a vízimadarak védelme,https://www.beol.hu/egyperces/2022/09/magyarorszag-szamara-kiemelten-fontos-a-vizimadarak-vedelme?utm_source=hirstart&utm_medium=referral&utm_campaign=hiraggregator
949324b3df40f973423833ab39df2abf7ea94adf459c77549ece5d0b8a222667,2024-05-01 04:49:34.231881+00:00,hu,duol.hu,duol.hu,2022-09-27,Magyarország számára kiemelten fontos a vízimadarak védelme,https://www.duol.hu/egyperces/2022/09/magyarorszag-szamara-kiemelten-fontos-a-vizimadarak-vedelme?utm_source=hirstart&utm_medium=referral&utm_campaign=hiraggregator
ea1112453a82e2bb14b73f53f25f0200ddfbd42b843d4fcb29a746774ddbeccb,2024-05-01 04:49:25.905925+00:00,hu,baon.hu,baon.hu,2022-09-27,Magyarország számára kiemelten fontos a vízimadarak védelme,https://www.baon.hu/egyperces/2022/09/magyarorszag-szamara-kiemelten-fontos-a-vizimadarak-vedelme?utm_source=hirstart&utm_medium=referral&utm_campaign=hiraggregator
52d268fcc0e16fb17c50a69b9d917b97fd4de5243e9609f47401743cfe3e2f17,2024-05-01 04:49:21.999106+00:00,hu,szoljon.hu,szoljon.hu,2022-09-27,Magyarország számára kiemelten fontos a vízimadarak védelme,https://www.szoljon.hu/egyperces/2022/09/magyarorszag-szamara-kiemelten-fontos-a-vizimadarak-vedelme?utm_source=hirstart&utm_medium=referral&utm_campaign=hiraggregator
a54b8f432c3766acb19adf93edc8a6b96537000d657a736ec3a10424c6faa8a8,2024-05-01 04:49:05.256078+00:00,hu,kisalfold.hu,kisalfold.hu,2022-09-27,Magyarország számára kiemelten fontos a vízimadarak védelme,https://www.kisalfold.hu/egyperces/2022/09/magyarorszag-szamara-kiemelten-fontos-a-vizimadarak-vedelme?utm_source=hirstart&utm_medium=referral&utm_campaign=hiraggregator
ca016d5f66c84aba89d6ab6b3f8e3bd2da87c3b4ca35f1f63963930719fa98a7,2024-05-01 04:49:04.712731+00:00,hu,haon.hu,haon.hu,2022-09-27,Magyarország számára kiemelten fontos a vízimadarak védelme,https://www.haon.hu/egyperces/2022/09/magyarorszag-szamara-kiemelten-fontos-a-vizimadarak-vedelme?utm_source=hirstart&utm_medium=referral&utm_campaign=hiraggregator
42a298fd62b622bec5464a7e1bca3df252ceb780dcdcc6fab1fb5d9162c62ac7,2024-05-01 04:48:58.060780+00:00,hu,bama.hu,bama.hu,2022-09-27,Magyarország számára kiemelten fontos a vízimadarak védelme,https://www.bama.hu/egyperces/2022/09/magyarorszag-szamara-kiemelten-fontos-a-vizimadarak-vedelme?utm_source=hirstart&utm_medium=referral&utm_campaign=hiraggregator
b3e3df72a4d1ba7583d73c0c414babc3f2acc232daf9e171f29b3da9b8e34ab5,2024-05-01 04:48:45.198751+00:00,hu,vaol.hu,vaol.hu,2022-09-27,Magyarország számára kiemelten fontos a vízimadarak védelme,https://www.vaol.hu/egyperces/2022/09/magyarorszag-szamara-kiemelten-fontos-a-vizimadarak-vedelme?utm_source=hirstart&utm_medium=referral&utm_campaign=hiraggregator
3454206742043a937ae20a4f20893f221d8cc252605402ce76d3fbcab4cf40ed,2024-05-01 04:48:28.651103+00:00,hu,zaol.hu,zaol.hu,2022-09-27,Magyarország számára kiemelten fontos a vízimadarak védelme,https://www.zaol.hu/egyperces/2022/09/magyarorszag-szamara-kiemelten-fontos-a-vizimadarak-vedelme?utm_source=hirstart&utm_medium=referral&utm_campaign=hiraggregator
c4fd55343187cef9253fb5f6f90cd01d41eaee7f5018169c2546f2c987c7c650,2024-05-01 04:48:26.920583+00:00,hu,veol.hu,veol.hu,2022-09-27,Magyarország számára kiemelten fontos a vízimadarak védelme,https://www.veol.hu/egyperces/2022/09/magyarorszag-szamara-kiemelten-fontos-a-vizimadarak-vedelme?utm_source=hirstart&utm_medium=referral&utm_campaign=hiraggregator
70762cdfbe2f3dd970c1e2cb260911e0e517d03c6d480afe53d8be13c518c109,2024-05-01 04:48:25.956920+00:00,hu,sonline.hu,sonline.hu,2022-09-27,Magyarország számára kiemelten fontos a vízimadarak védelme,https://www.sonline.hu/egyperces/2022/09/magyarorszag-szamara-kiemelten-fontos-a-vizimadarak-vedelme?utm_source=hirstart&utm_medium=referral&utm_campaign=hiraggregator
4daeff9731649608e46d87d40bdab9c630df1af81eab06c52f664ff89f872246,2024-05-01 04:48:23.521391+00:00,hu,delmagyar.hu,delmagyar.hu,2022-09-27,Magyarország számára kiemelten fontos a vízimadarak védelme,https://www.delmagyar.hu/egyperces/2022/09/magyarorszag-szamara-kiemelten-fontos-a-vizimadarak-vedelme?utm_source=hirstart&utm_medium=referral&utm_campaign=hiraggregator
20e80e6df50901888f0f78f2c4e80e291b283da09af297b6e26208ee72c2aa22,2024-05-01 04:48:05.215669+00:00,hu,feol.hu,feol.hu,2022-09-27,Magyarország számára kiemelten fontos a vízimadarak védelme,https://www.feol.hu/egyperces/2022/09/magyarorszag-szamara-kiemelten-fontos-a-vizimadarak-vedelme?utm_source=hirstart&utm_medium=referral&utm_campaign=hiraggregator
3ac061d8f56f210f769bdc13c9c6730799705ee6d24adf6af93164d3b61428c8,2024-05-01 04:48:00.817202+00:00,hu,boon.hu,boon.hu,2022-09-27,Magyarország számára kiemelten fontos a vízimadarak védelme,https://www.boon.hu/egyperces/2022/09/magyarorszag-szamara-kiemelten-fontos-a-vizimadarak-vedelme?utm_source=hirstart&utm_medium=referral&utm_campaign=hiraggregator
af7dc073ca74bcbe6cd3ed8492782e65ae591088bd5f24c5a0f212ba2106af30,2024-05-01 04:47:54.815630+00:00,hu,szon.hu,szon.hu,2022-09-27,Magyarország számára kiemelten fontos a vízimadarak védelme,https://www.szon.hu/egyperces/2022/09/magyarorszag-szamara-kiemelten-fontos-a-vizimadarak-vedelme?utm_source=hirstart&utm_medium=referral&utm_campaign=hiraggregator
44ffc0547ea0be6eb6fe747dacd7ab086fc54c6a766e778875d744f2cd19b806,2024-04-30 17:20:09.344275+00:00,hu,szeretlekmagyarorszag.hu,szeretlekmagyarorszag.hu,2024-04-30,"Karácsony beszólt: Bár fideszes politikusokra jellemző, hogy nagyokat szoktak kaszálni, ez most (sem) jött össze…",https://www.szeretlekmagyarorszag.hu/hirek/karacsony-beszolt-bar-fideszes-politikusokra-jellemzo-hogy-nagyokat-szoktak-kaszalni-ez-most-sem-jott-ossze/
b3d40d9b552e465775e4a7d362560eb0f49cc01d26b7ecdfa4eaa616896b934b,2024-04-30 16:20:48.292069+00:00,hu,index.hu,index.hu,2024-04-30,Karácsony Gergely szerint Szentkirályi Alexandra megerősítette az egérárpát,https://index.hu/belfold/2024/04/30/karacsony-gergely-szentkiralyi-alexandra-onkormanyzati-valasztasok-kampany-mehlegelo/
f0f3699eae1474b6c596f9997174c05e4254b703ab789b7f65bd91ec4fd3b128,2024-04-30 15:27:21.775107+00:00,hu,24.hu,24.hu,2024-04-30,"Így reagált Karácsony Gergely, miután Szentkirályi Alexandra lekaszált egy vadvirágos területet",https://24.hu/kozelet/2024/04/30/karacsony-gergely-vadviragos-budapest-szentkiralyi-alexandra-fukasza/
a71eedc8261faaee216b154b80c76e9f362e332659405f00dd73ecc60af02572,2024-04-30 10:52:04.001854+00:00,hu,napi.hu,napi.hu,2022-10-06,"Kandrács: 2022 lehet a mérföldkő, amikor a globalizáció aranykora véget ér",https://www.napi.hu/magyar-vallalatok/kandracs-2022-lehet-a-merfoldko-amikor-a-globalizacio-aranykora-veget-er.761058.html
f221c2a6900a7fb75ba5bd40f33f614af060c2345daad933b7a11a429bea2393,2024-04-30 10:26:50.624897+00:00,hu,origo.hu,origo.hu,2022-10-06,"Ősi, rejtélyes lábnyomokra bukkantak az angliai tengerparton",https://www.origo.hu/tudomany/20221006-osi-labnyomokat-talaltak-az-egyesult-kiralysag-tengerpartjan.html
21ff3f914de275b27ac60be769235814dcbbd8b3402f560e4864614d4fd2fa5c,2024-04-30 09:23:59.819382+00:00,hu,origo.hu,origo.hu,2022-10-07,a magyar agrárium lehetősége,https://www.origo.hu/itthon/20221007-szazadveg-hatranybol-elony-a-magyar-agrarium-lehetosege.html
f2d17488ee7496d8d295fc7547aafcb4166d2fd994b312997a4db008d8bac6ab,2024-04-30 04:51:44.637563+00:00,hu,origo.hu,origo.hu,2022-10-11,Új programot jelentettek be a kávé termőtalajának megmentésére,https://www.origo.hu/gazdasag/20221011-gazdasag-penz-nescafe-kavefogyasztas-kavefarm-mezogazdasag.html
36eba40b9dedfb4a72e44aea7cff712433b264d435a8cd3e0a9f77baf5bf9741,2024-04-30 02:52:41.281214+00:00,hu,boon.hu,boon.hu,2022-10-12,Miskolcon volt az országban elsőként közösségi kert,https://www.boon.hu/helyi-kozelet/2022/10/miskolcon-volt-az-orszagban-elsokent-kozossegi-kert?utm_source=hirstart&utm_medium=referral&utm_campaign=hiraggregator
0cc6c30c0f4f70bb5e7240c7f5fea06e71d0d286f4f54798a5f4defbe9d0734a,2024-04-29 23:11:42.065556+00:00,hu,blikk.hu,blikk.hu,2022-10-13,Vészhelyzet: csaknem 70 százalékkal csökkent a vadon élő állatok populációja,https://www.blikk.hu/eletmod/vilag-titkai/wwf-elo-bolygo-fold-allatok-vizi-szarazfoldi/kers414
21f115fce916ae582d70a1b62c8399a2d78de6388bce03c2a994a8a7597542ce,2024-04-29 20:55:52.391778+00:00,hu,infostart.hu,infostart.hu,2022-10-15,Minden nyolcadik madárfajt a kipusztulás veszélye fenyegeti,https://infostart.hu/tudomany/2022/10/15/minden-nyolcadik-madarfajt-a-kipusztulas-veszelye-fenyegeti
dfbe04c225aa7319ae018ccbf9cde433faf81eb1f58c940de2a009a9cb791093,2024-04-29 20:40:58.990939+00:00,hu,hvg.hu,hvg.hu,2022-10-15,"Készítsünk feladatlistát ahhoz, hogy ne zsigereljük ki a bolygót",http://hvg.hu/gazdasag.zhvg/20221015_Regeneracio_feladatlista_ne_zsigereljuk_ki_a_bolygot#rss
ca4616a677b89ba5d49d551422af0ce764243c069e8c63ecc5f14e64a1ff6b3d,2024-04-29 19:44:11.490833+00:00,hu,nepszava.hu,nepszava.hu,2022-10-16,Falus András: Tükrök és tanulságok világjárvány után,https://nepszava.hu/3172408_covid-19-jarvany-magyarorszag-vilag-elemzes
d8b98aefc58a3ccfec52d7ec712c7506051d4839e322100f3bbf63a708035900,2024-04-29 16:54:05.008250+00:00,hu,portfolio.hu,portfolio.hu,2022-10-18,Még mindig brutális összegeket pumpálnak a bankok az erdőirtó cégekbe,https://www.portfolio.hu/bank/20221018/meg-mindig-brutalis-osszegeket-pumpalnak-a-bankok-az-erdoirto-cegekbe-573505
6114481c8592f787bc9f43a91cf0359c11a9fb1c42954a3adbe31bb498b4ecbc,2024-04-29 10:50:42.364362+00:00,hu,magyarnarancs.hu,magyarnarancs.hu,2022-10-22,Svédország hátrébb lép klímaügyben,http://magyarnarancs.hu/kulpol/svedorszag-hatrebb-lep-klimaugyben-253307
20ac84e2be74b5d73ca758c1fbfbffaa2ff8853a40180adf893fcf2818dd6475,2024-04-29 03:41:04.466078+00:00,hu,portfolio.hu,portfolio.hu,2022-10-28,Nincs elég pénzügyi adat és konkrétum a cégek ESG jelentéseiben,https://www.portfolio.hu/uzlet/20221028/nincs-eleg-penzugyi-adat-es-konkretum-a-cegek-esg-jelenteseiben-575523
bd94703e3d4c50361ee8ace7b518a2e878c8dc1c0b8aa768bb94b633110ebd17,2024-04-29 03:01:21.969008+00:00,hu,hvg.hu,hvg.hu,2022-10-28,December közepén nyílhat meg újra a Lánchíd – de nem az autósoknak,http://hvg.hu/cegauto/20221028_lanchid_felujitas_megnyitas_tomegkozlekedes_autos_forgalom#rss
8250d5f2f256d79dc3e8e480e40f44ecd57515f06a135492f5ab7b1a1a716621,2024-04-29 02:06:22.350041+00:00,hu,hvg.hu,hvg.hu,2022-10-29,"Különleges mód jött a Samsung telefonokra, mutatjuk, hogyan kapcsolhatja be",http://hvg.hu/tudomany/20221029_karbantartasi_mod_samsung_galaxy_telefonok_szerviz#rss
29d14410e118dcf726b2831aa5d1599d26a782c551b92de9c7505955a4901eba,2024-04-29 01:59:33.836656+00:00,hu,hvg.hu,hvg.hu,2022-10-29,"Átmenetileg bezáratott egy reggelizőt a NAV, mert 88 forinttal megkárosították a költségvetést",http://hvg.hu/kkv/20221029_koltsegvetes_nav_franko_tejbar#rss
545d0fddd9c8c4d8637722d0c914d03968f83775894a506f56df9e1e452e61b6,2024-04-29 01:51:37.306839+00:00,hu,hvg.hu,hvg.hu,2022-10-29,"Úgy megy az 5 százalékos lakásáfa, hogy mégis marad további 6 évig",http://hvg.hu/gazdasag.ingatlan/20221029_5_szazalekos_lakasafa_torvenymodositas#rss
206ad1e59183f4544388e00fe64a01f083ed2896f4f72ef3637e2946c9c89d69,2024-04-29 00:53:58.927340+00:00,hu,hvg.hu,hvg.hu,2022-10-30,"Vissza a jövőbe: körbefotóztuk az eredeti, a filmes, a 24 karátos, a Lego és a jövőbeli DMC DeLoreant",http://hvg.hu/cegauto/20221030_vissza_a_jovobe_korbefotoztuk_az_eredeti_a_filmes_a_24_karatos_a_lego_es_a_jovobeli_dmc_deloreant_back_to_the_future#rss
251ff78eb5f83047f682cdafd9708c9d44c5a984893506ddbce39e8978c35c39,2024-04-29 00:48:01.026954+00:00,hu,hvg.hu,hvg.hu,2022-10-30,"Veszélybe kerülhet a globális élelmiszerellátás az EU szerint, ha Oroszország nem lép vissza",http://hvg.hu/gazdasag/20221030_Veszelybe_kerulhet_a_globalis_elelmiszerellatas_az_EU_szerint_ha_Oroszorszag_nem_lep_vissza#rss
9df24382a62cc5109a5788df2621415a1a11547423b3b1c0ee6950eec5338db9,2024-04-29 00:48:00.401717+00:00,hu,hvg.hu,hvg.hu,2022-10-30,Fél mázsa droggal kibélelt autót fogtak Röszkén,http://hvg.hu/itthon/20221030_kabitoszer_kannabisz_auto_roszke#rss
394782c7bc36595eb6af0b839b7651ed8f42e4a9a192f736f769a92f55c91b7b,2024-04-28 23:55:34.598053+00:00,hu,hvg.hu,hvg.hu,2022-10-31,Egyre nagyobb az igény a zöld kötvények iránt,http://hvg.hu/brandcontent/20221031_Egyre_nagyobb_az_igeny_a_zold_kotvenyek_irant#rss
696ac1b6741d866c011c4e189cd286d76586d3457d919e70a59530457d87f345,2024-04-28 19:34:24.622751+00:00,hu,index.hu,index.hu,2022-11-03,Veszélyeztetve van a mezőgazdaság biológiai sokfélesége,https://index.hu/gazdasag/2022/11/03/nagy-istvan-agrarminiszter-biologiai-sokfeleseg-allatok-mezogazdasag-elelmiszer/
946c0b417dace03c7d9bc445ead1beff22bf5cb46ee2bf3c6ddf0a19c9ebe893,2024-04-28 08:03:38.237728+00:00,hu,444.hu,444.hu,2022-11-12,"A nagy élelmiszergyártók nem teljesítették a 1,5 fokos klímacélra tett ígéreteiket",https://444.hu/2022/11/12/a-nagy-elelmiszergyartok-nem-teljesitettek-a-15-fokos-klimacelra-tett-igereteiket?utm_source=rss_feed&utm_medium=rss&utm_campaign=rss_syndication
6a33645086f408fb37685fd4374891abc9f21424a90d2c1c347ab8c526167e57,2024-04-28 05:48:15.382940+00:00,hu,hvg.hu,hvg.hu,2022-11-13,Melyik a legpusztítóbb iparág a világon? És hogyan lehetne megreformálni?,http://hvg.hu/hvgkonyvek/20221113_Melyik_a_legpusztitobb_iparag_a_vilagon_Es_hogyan_lehetne_megreformalni#rss
7e532406c6e2fd6c0c80a98d042ec43f474fb06b8a448558391043958c52e840,2024-04-28 05:03:19.722535+00:00,hu,portfolio.hu,portfolio.hu,2022-11-15,Macron a kínai elnökkel ültettetné tárgyalóasztalhoz Putyint,https://www.portfolio.hu/global/20221115/macron-a-kinai-elnokkel-ultettetne-targyaloasztalhoz-putyint-578906
ee0c5aee337080eb340768dea896597598628d992903f45ce3422db6e89bb827,2024-04-28 04:55:24.841064+00:00,hu,magyarnemzet.hu,magyarnemzet.hu,2022-11-15,Az együttműködés mélyítéséről egyeztetett Párizs és Peking,https://magyarnemzet.hu/kulfold/2022/11/az-egyuttmukodes-melyiteserol-egyeztetett-parizs-es-peking
34f81bb0272266390d3c13bb57056344372c54d77859527ca14d66819487dbc3,2024-04-27 23:43:52.480488+00:00,hu,szeretlekmagyarorszag.hu,szeretlekmagyarorszag.hu,2022-11-18,Salátatermesztés a pincében: a jövő élelmiszer-termelése vagy csupán kisegítő lehetőség a vertikális mezőgazdaság?,https://www.szeretlekmagyarorszag.hu/jovo/salatatermesztes-a-pinceben-a-jovo-elelmiszer-termelese-vagy-csupan-kisegito-lehetoseg-a-vertikalis-mezogazdasag/
867c230ec0926301b869ebcc66ce2b3f79a96b30ff501102c57d6c4c33cfb244,2024-04-27 22:10:43.366891+00:00,hu,szeretlekmagyarorszag.hu,szeretlekmagyarorszag.hu,2022-11-20,Kompenzációt kaphatnak a fejlődő országok a klímaváltozás okozta károkért,https://www.szeretlekmagyarorszag.hu/jovo/kompenzaciot-kaphatnak-a-fejlodo-orszagok-a-klimavaltozas-okozta-karokert/
9cb476c5e921e10779c36c7f91115d99a1d4e0cef58985160bac7f1c5070d44c,2024-04-27 18:35:20.491652+00:00,hu,444.hu,444.hu,2022-11-23,Húsz év alatt több mint 7000 négyzetkilométernyi erdő tűnt el a Kárpátokból,https://444.hu/2022/11/23/husz-ev-alatt-tobb-mint-7000-negyzetkilometernyi-erdo-tunt-el-a-karpatokbol?utm_source=rss_feed&utm_medium=rss&utm_campaign=rss_syndication
375c8bf5afc50d57d4bc0ab0145d07b62824d8209026a2b7e36bbbf347d7444a,2024-04-27 18:25:53.011190+00:00,hu,blikk.hu,blikk.hu,2022-11-23,Elképesztő: óránként átlagosan több mint öt futballpályányi erdő tűnik el a Kárpátokból,https://www.blikk.hu/aktualis/kulfold/fakitermeles-karpatok-termeszetvedelem-greenpeace/jlxjg2c
536b11066d1d003f71059afcee0fc5e850914a36c7731f2a39a01fd05315860f,2024-04-27 18:15:37.823167+00:00,hu,nepszava.hu,nepszava.hu,2022-11-23,Óránként átlagosan több mint öt futballpályányi erdőterület esik a fakitermelések áldozatául a Kárpátokban,https://nepszava.hu/3176572_greenpeace-jelentes-karpatok
e9ddbccf375f6b9e4271dcd428a8fc0b4d2186ffd7891b84c65f3f29233b5f53,2024-04-27 17:56:07.766929+00:00,hu,szeretlekmagyarorszag.hu,szeretlekmagyarorszag.hu,2022-11-23,"Kiszámolta a mesterséges intelligencia, hogy ki nyeri a katari focivébét",https://www.szeretlekmagyarorszag.hu/szines/kiszamolta-a-mesterseges-intelligencia-hogy-ki-nyeri-a-katari-focivebet/
0866ab635bab50aec0d7dd45a86ac63d3a3dc0657d92e5525c17e6965c5d0a88,2024-04-27 17:01:08.353879+00:00,hu,infostart.hu,infostart.hu,2022-11-24,"Greenpeace: kiirtották az erdőket, óriási a pusztítás a Kárpátokban",https://infostart.hu/eletmod/2022/11/24/greenpeace-kiirtottak-az-erdoket-oriasi-a-pusztitas-a-karpatokban
a512d06d4221b094730764131c3b8531bd48ad57f9bb06c799ff73b632e6c26a,2024-04-27 16:44:31.939467+00:00,hu,portfolio.hu,portfolio.hu,2022-11-24,"Katasztrófa felé sodródunk: a gazdasági működés 50%-a ezen múlik, mégis sokan legyintenek rá",https://www.portfolio.hu/uzlet/20221124/katasztrofa-fele-sodrodunk-a-gazdasagi-mukodes-50-a-ezen-mulik-megis-sokan-legyintenek-ra-581010
c13d9c1e247f779cd973179287de8131de0848ebdfecd93d476a42c72f513952,2024-04-27 16:33:23.820537+00:00,hu,merce.hu,merce.hu,2022-11-24,Veszélyben a Kárpátok az agresszív fakitermelés miatt « Mérce,https://merce.hu/2022/11/24/veszelyben-a-karpatok-az-agressziv-fakitermeles-miatt/
f28df00a4b04261b7c65e4e3c76e4f2f4c3442b22945db80777ea09143cfa1dd,2024-04-27 14:59:36.839351+00:00,hu,szeretlekmagyarorszag.hu,szeretlekmagyarorszag.hu,2022-11-25,Gyilkolásra képes robotokat vetne be a bűnözők ellen a San Franciscó-i rendőrség,https://www.szeretlekmagyarorszag.hu/jovo/gyilkolasra-kepes-robotokat-vetne-be-a-bunozok-ellen-a-san-francisco-i-rendorseg/
7edf009c7c3caaf7472b0472c2abe7ee69391656c3fb7058bddf58d98e16fd62,2024-04-27 09:02:37.974481+00:00,hu,szeretlekmagyarorszag.hu,szeretlekmagyarorszag.hu,2022-11-30,Fokozódó fakitermelés mellett nem tarthatóak a magyar klímacélok és az EU-s szabályozásnak sem fogunk megfelelni,https://www.szeretlekmagyarorszag.hu/jovo/fokozodo-fakitermeles-mellett-nem-tarthatoak-a-magyar-klimacelok-es-az-eu-s-szabalyozasnak-sem-fogunk-megfelelni/
3538797db498c876defb21f2a54af97cfffcf7dd034022e1cad8a7caff87f1b3,2024-04-27 08:53:41.427612+00:00,hu,index.hu,index.hu,2022-11-30,"Új bagolyfajra bukkantak, de máris veszélyeztetett",https://index.hu/tudomany/2022/11/30/bagoly-kuvik-veszelyeztetett-biodiverzitas/
76b5d3110b39064aa31b9eb9936668baae9bcf408cca8b81535e78d63f922e2f,2024-04-27 05:27:50.972759+00:00,hu,ujegyenloseg.hu,ujegyenloseg.hu,2022-12-02,Lehet-e a mezőgazdaság összhangban a természettel?,https://ujegyenloseg.hu/lehet-e-a-mezogazdasag-osszhangban-a-termeszettel/
bb74d1985b919406a29e61dcb1b3e215ddb7043a36a712562c8849461acc013b,2024-04-26 18:54:51.207629+00:00,hu,index.hu,index.hu,2022-12-11,Ez a világ legveszedelmesebb hegye,https://index.hu/tudomany/2022/12/11/hegyek-vilagnapja-kviz-eross-zsolt-csomolungma-kancsendzonga/
de73ce1af2714252392bded8740b959bedb1afd454ae493e2c6b796391bc288a,2024-04-26 18:44:56.281675+00:00,hu,hvg.hu,hvg.hu,2022-12-08,"""Nem szabad túl erősen szorítani annak a nyakát, aki cipel minket""",http://hvg.hu/hvgkonyvek/20221208_Nem_szabad_tul_erosen_szoritani_annak_a_nyakat_aki_cipel_minket#rss
315fbdd7518041ff2b132e49097e21f6de7b6ee6dcdfb2341bbedc1784d0fd94,2024-04-26 11:16:40.004566+00:00,hu,hvg.hu,hvg.hu,2022-12-16,Lula: Fizessenek többet a gazdag országok a klímavédelmi költségekből,http://hvg.hu/gazdasag.zhvg/20221216_Lula_Fizessenek_tobbet_a_gazdag_orszagok_a_klimavedelmi_koltsegekbol#rss
b414761d96fc8798f12171aa64fe09ad1ecb9c825b98d444600237177db08a8f,2024-04-26 10:45:50.519870+00:00,hu,index.hu,index.hu,2022-12-16,"Kiderült, milyen karácsonyfát kell választani",https://index.hu/kulfold/2022/12/16/urge-vorsatz-diana-klimakutato-kornyezetvedelem-karacsonyfa-fenyofa/
8ec96f79b68342a48cadb19779b51df5f8a8d3e24661075a8540ed8bb9ace8b3,2024-04-26 07:56:32.901271+00:00,hu,24.hu,24.hu,2022-12-19,Fontos megállapodás született az ENSZ montreali találkozóján,https://24.hu/tudomany/2022/12/19/biologiai-biodiverzitasi-egyezmeny-2022-montreal/
17cc0c2dd1f0ae9e89ca8854229753ed9994be1409d0751b1c6c67e3edd942e9,2024-04-26 07:53:46.852819+00:00,hu,infostart.hu,infostart.hu,2022-12-19,"Történelmi, világszintű biodiverzitási egyezmény született Montrealban",https://infostart.hu/kulfold/2022/12/19/tortenelmi-vilagszintu-biodiverzitasi-egyezmeny-szuletett-montrealban
d85949ee5895aeb3813035c475f82fe99fd75c697973891d0590be13cdb7892b,2024-04-26 07:45:54.342153+00:00,hu,hvg.hu,hvg.hu,2022-12-19,Történelmi alku: 2030-ig visszaadjuk a természetnek a Föld újabb egyhetedét,http://hvg.hu/gazdasag/20221219_cop15_montreal_biodiverzitas_termeszetvedelem_ensz_csucs#rss
1e748cffa409d8135574d46149b9a9fb49e2459f733c7c7aab08ac09538c696d,2024-04-26 07:30:03.158510+00:00,hu,index.hu,index.hu,2022-12-19,Biológiai sokszínűséget védő történelmi egyezmény jött létre,https://index.hu/techtud/2022/12/19/ensz-montral-biodiverzitas-biologiai-sokszinuseg-cop15-egyezmeny-termeszetvedelem-kornyezet/
199f2a297e9bb6e6f4cb93e281c9116f4056c6889191e6762dbdfab46838c39a,2024-04-26 03:08:46.406346+00:00,hu,nepszava.hu,nepszava.hu,2022-12-22,"Az Orbán-kormány is rábólintott, vegyszerfelezés helyett haladékot kaptak a multik az EU-ban",https://nepszava.hu/3179700_novenyvedoszer-europai-unio-csokkentes-multik
f30fb6ecf1f8da2b429002ffccb7ae186e6dd308df33205aaecf95a9b4195d30,2024-04-26 01:19:52.804566+00:00,hu,origo.hu,origo.hu,2022-12-23,"Történelmi aszály, háború a szomszédban, rossz brüsszeli szankciók: ezekkel szemben is küzdött idén a magyar agrárium",https://www.origo.hu/itthon/20221222-nagy-istvan-evertekelo-interju.html
f0ab2ac21a67adf18c21872f2cc74bc19b039cb4bb73b50b12640fac4c13fa16,2024-04-25 20:18:33.364764+00:00,hu,merce.hu,merce.hu,2022-12-27,"Tavaly ránk rúgta az ajtót, idén már belülről kezdte szétverni a házat a klímaváltozás « Mérce",https://merce.hu/2022/12/27/tavaly-rank-rugta-az-ajtot-iden-mar-belulrol-kezdte-szetverni-a-hazat-a-klimavaltozas/
3c82a4e9427c91c9202e87c3946b73b3cf6d11432cce1074e6001f79fba630ba,2024-04-25 16:43:01.527773+00:00,hu,444.hu,444.hu,2022-12-29,"2022-ben több állat- és növényfaj szerepel a veszélyeztetett fajok listáján, mint valaha",https://444.hu/2022/12/29/2022-ben-tobb-allat-es-novenyfaj-szerepel-a-veszelyeztetett-fajok-listajan-mint-valaha?utm_source=rss_feed&utm_medium=rss&utm_campaign=rss_syndication
2c14b368df681942c7e7b3806e2e0778a4348cd1892a209cfa91f462b7f2bd20,2024-04-25 16:39:18.353139+00:00,hu,origo.hu,origo.hu,2022-12-29,Közel ötvenezer állat- és növényfaj veszélyeztetett a világon,https://www.origo.hu/tudomany/20221229-tobb-mint-42-ezer-allat-es-novenyfaj-szerepel-a-veszelyeztetett-fajok-listajan.html
8efbe18392e910d8ed3d3b9273a88dc615dfa7a24241dd5d0e8d73479a0a5f75,2024-04-25 16:37:41.735282+00:00,hu,24.hu,24.hu,2022-12-29,Rövidesen egymillió faj tűnhet el a föld színéről,https://24.hu/tudomany/2022/12/29/wwf-iucn-voros-lista-kihalas/
1b9ae6ceef8ffd1b1c0b50f095c41c6c8481141e695a55fed6eb01158f48a1f6,2024-04-25 16:30:11.214972+00:00,hu,hirtv.hu,hirtv.hu,2022-12-29,Drámai jelentést adott ki a Természetvédelmi Világalap,http://hirtv.hu/hirtvszines/dramai-jelentest-adott-ki-a-termeszetvedelmi-vilagalap-2561013?utm_source=feed&utm_medium=rss
8f22e519852c094c7a405ba5c9acd8a717fc52a167e93555bd494e19baece2fa,2024-04-25 16:29:13.541817+00:00,hu,magyarnarancs.hu,magyarnarancs.hu,2022-12-29,"Idén több állat- és növényfaj szerepel a veszélyeztetett fajok listáján, mint valaha",http://magyarnarancs.hu/tudomany/iden-tobb-allat-es-novenyfaj-szerepel-a-veszelyeztetett-fajok-listajan-mint-valaha-255103
39b5df8c902aa5718670bbe7db2fed5ddefaf6e91869bc193d7488edffbb2a8d,2024-04-25 16:25:16.849373+00:00,hu,hvg.hu,hvg.hu,2022-12-29,80 éven belül kihalhatnak a császárpingvinek és egymillió másik faj is,http://hvg.hu/gazdasag.zhvg/20221229_A_fajok_vilagmeretu_kihalasanak_katasztrofalis_sulyosbodasara_figyelmeztet_a_WWF_csaszarpingvin#rss
bd179c0421101b862323c34bfe28c909f3f219b5ee5b81cc2dc3aac88584bb46,2024-04-25 16:24:58.592343+00:00,hu,index.hu,index.hu,2022-12-29,Több mint 42 ezer állat- és növényfaj szerepel a veszélyeztetett fajok listáján,https://index.hu/kulfold/2022/12/29/termeszetvedelem-veszelyeztetett-faj-lista-allat-noveny-termeszetvedelmi-vilagszovetseg-jelentes-wwf-vadon-bolygo/
aba33c5f999f334c62dbabcc77f3b29278acedc3dc3e4781c1580c3db83aaaa0,2024-04-25 06:22:12.406227+00:00,hu,magyarnemzet.hu,magyarnemzet.hu,2024-04-25,Nem semmi lejátszási listát hozott létre a Spotify,https://magyarnemzet.hu/kultura/2024/04/spotify-lejatszasi-lista-termeszet?utm_source=hirstart&utm_medium=referral&utm_campaign=hiraggregator
41a6ad0433694a4a4073e584b1b4479e0b350235a74be999d8664f93d9115915,2024-04-24 22:55:50.563037+00:00,hu,demokrata.hu,demokrata.hu,2024-04-24,Meglátta Magyarországot és egyből világvégét kiáltott a Lenin-rajongó belga,https://demokrata.hu/vilag/meglatta-magyarorszagot-es-egybol-vilagveget-kialtott-a-lenin-rajongo-belga-818357/
fd6b9b5cbc08f3d57f25010ff6bf8fab0fbaf5828b55ea8e3b93bb65aed3ffe4,2024-04-24 21:49:22.273328+00:00,hu,portfolio.hu,portfolio.hu,2024-04-24,Hogyan és miből valósítaná meg az EU a zöld átállást?,https://www.portfolio.hu/uzlet/20240424/hogyan-es-mibol-valositana-meg-az-eu-a-zold-atallast-682411
ffb275584aee4e7f9a093ff135b889b2b0d9139000deced08d4ea46aa279f7f9,2024-04-24 21:09:05.637198+00:00,hu,hvg.hu,hvg.hu,2024-04-24,"Vadvirágos programok, zöld folyosók, méh-étkezdék – méhlegelők a hazai városokban",https://hvg.hu/zhvg/20240424_mehlegelo-beporzok-meheszet#rss
8a376e3ad8d162560944a736198d36a50b793ae12c6b01bd4ab29e61700dc137,2024-04-24 09:53:40.686059+00:00,hu,sonline.hu,sonline.hu,2024-04-23,Siófokon rendezték a környezettudatos megoldások találkozóját,https://www.sonline.hu/helyi-kozelet/2024/04/balatoni-fold-napi-konferencia-siofok?utm_source=hirstart&utm_medium=referral&utm_campaign=hiraggregator
10fc0f67180eca59d6d2ce8c65fa3534c5d65a9bf33dcaca626f7682a6383829,2024-04-23 17:09:32.350568+00:00,hu,index.hu,index.hu,2024-04-22,"Nem vacakolnak tovább, így tennék Magyarországot Európa legzöldebb országává",https://index.hu/gazdasag/2024/04/22/zoldites-nemzeti-faultetes-napja-faultetes-magyarorszag-klimavedelem-kornyezetvedelem/
6965b55345ace8627309b136738dbf49a004032c596c65d63b4d9b1d20f6ce7f,2024-04-23 08:26:23.186981+00:00,hu,haon.hu,haon.hu,2024-04-22,A következő tanév időbeosztását is lefixálták az egyetemi szenátus legutóbbi ülésén,https://www.haon.hu/helyi-kozelet/2024/04/debreceni-egyetem-szenatusi-ules-tanev-dontesek?utm_source=hirstart&utm_medium=referral&utm_campaign=hiraggregator
32a801d3dca0875544850d013ccab858c10715fa305754bffe3eef2cac55b060,2024-04-23 08:16:40.091359+00:00,hu,hvg.hu,hvg.hu,2024-04-22,"Méhlegelők: pár éve sokan értetlenkedtek miattuk, pedig kétszáz éve még aggódtak, hogy kevés van belőlük",https://hvg.hu/zhvg/20240422_mehlegelok-beporzok-biodiverzitas#rss
bc04093a10e49969973ba496e2f0430a1460401a25172785b55b56c6154d3f52,2024-04-21 01:43:07.504563+00:00,hu,rtl.hu,rtl.hu,2024-04-19,"Nyakunkon a nyár, nyakunkon a sárga-fekete ruhás fenevadak – mutatjuk, melyiktől kell leginkább tartani",https://rtl.hu/tudomany-tech/2024/04/19/darazsak-dongok-mehek-ezek-a-leggyakoribb-fajok-magyarorszagon
861e6f5a73ce5c857fee579ec588613b91bb8d84da9e12df7f793333aaf29155,2024-04-18 02:16:01.415555+00:00,hu,haon.hu,haon.hu,2024-04-16,Murgyé és rongyos fickó is lesz az idei hortobágyi Kihajtási Ünnepen,https://www.haon.hu/helyi-kozelet/2024/04/kihajtas-hortobagy-pasztor-allat-etel-vasar?utm_source=hirstart&utm_medium=referral&utm_campaign=hiraggregator
224c4c8edddf1629ef3c400cc2e5bc7219c94b46fafd438c3b3eaf5aabdf61ac,2024-04-14 08:14:40.137194+00:00,hu,duol.hu,duol.hu,2024-04-12,Szijjártó: Magyarország és Madagaszkár kész a kétoldalú kapcsolatok fejlesztésére (videó,https://www.duol.hu/orszag-vilag/2024/04/szijjarto-magyarorszag-es-madagaszkar-kesz-a-ketoldalu-kapcsolatok-fejlesztesere-video?utm_source=hirstart&utm_medium=referral&utm_campaign=hiraggregator
9ee8ee68615ce0dffd7dc84e37b59c2e548a3b32f02661f56faa0ab52c0c46d0,2024-04-14 08:07:41.764234+00:00,hu,heol.hu,heol.hu,2024-04-12,Szijjártó: Magyarország és Madagaszkár kész a kétoldalú kapcsolatok fejlesztésére (videó,https://www.heol.hu/orszag-vilag/2024/04/szijjarto-magyarorszag-es-madagaszkar-kesz-a-ketoldalu-kapcsolatok-fejlesztesere-video?utm_source=hirstart&utm_medium=referral&utm_campaign=hiraggregator
b38f5a8187c76239cc05512bc43fcb5aa60f1d6c41b9b65cf7b7da2dfb13368e,2024-04-14 07:40:13.832988+00:00,hu,boon.hu,boon.hu,2024-04-12,Szijjártó: Magyarország és Madagaszkár kész a kétoldalú kapcsolatok fejlesztésére (videó,https://www.boon.hu/orszag-vilag/2024/04/szijjarto-magyarorszag-es-madagaszkar-kesz-a-ketoldalu-kapcsolatok-fejlesztesere-video?utm_source=hirstart&utm_medium=referral&utm_campaign=hiraggregator
3f5b2c7d2ca7030b010a5782bb90832307a24ad7de549c2fb556da7e7e18b42e,2024-04-14 06:04:35.826562+00:00,hu,sonline.hu,sonline.hu,2024-04-12,Szijjártó: Magyarország és Madagaszkár kész a kétoldalú kapcsolatok fejlesztésére (videó,https://www.sonline.hu/orszag-vilag/2024/04/szijjarto-magyarorszag-es-madagaszkar-kesz-a-ketoldalu-kapcsolatok-fejlesztesere-video?utm_source=hirstart&utm_medium=referral&utm_campaign=hiraggregator
962476eda049b52d8cc04912f785a0cc2750a79e1a7639f701c3d02c645111f1,2024-04-14 06:01:30.815401+00:00,hu,baon.hu,baon.hu,2024-04-12,Szijjártó: Magyarország és Madagaszkár kész a kétoldalú kapcsolatok fejlesztésére (videó,https://www.baon.hu/orszag-vilag/2024/04/szijjarto-magyarorszag-es-madagaszkar-kesz-a-ketoldalu-kapcsolatok-fejlesztesere-video?utm_source=hirstart&utm_medium=referral&utm_campaign=hiraggregator
98be68e495955e35f9350872073293af0d84fd7c13705cc0372f0a64d809abdd,2024-04-14 04:26:41.458038+00:00,hu,haon.hu,haon.hu,2024-04-12,Szijjártó: Magyarország és Madagaszkár kész a kétoldalú kapcsolatok fejlesztésére (videó,https://www.haon.hu/orszag-vilag/2024/04/szijjarto-magyarorszag-es-madagaszkar-kesz-a-ketoldalu-kapcsolatok-fejlesztesere-video?utm_source=hirstart&utm_medium=referral&utm_campaign=hiraggregator
a269d813615796414a2929fbb64ff2e598319611d6caf609f3d50696e1ba6b42,2024-04-14 04:25:42.245752+00:00,hu,veol.hu,veol.hu,2024-04-12,Szijjártó: Magyarország és Madagaszkár kész a kétoldalú kapcsolatok fejlesztésére (videó,https://www.veol.hu/orszag-vilag/2024/04/szijjarto-magyarorszag-es-madagaszkar-kesz-a-ketoldalu-kapcsolatok-fejlesztesere-video?utm_source=hirstart&utm_medium=referral&utm_campaign=hiraggregator
39a97f62568b411524c758c8d2f7dbc7b082da8f6c124163935824591df9b0e8,2024-04-14 03:25:58.548725+00:00,hu,hirtv.hu,hirtv.hu,2024-04-12,Madagaszkár tradicionálisan a béke pártján áll + videó,https://hirtv.hu/napi_aktualis/madagaszkar-tradicionalisan-a-beke-partjan-all-video-2583430?utm_source=feed&utm_medium=rss
eb06147524dc3b6276683e4348ba6d3fb7ec56fe3c5e211c070ee61f6385722f,2024-04-14 03:25:57.083723+00:00,hu,hirtv.hu,hirtv.hu,2024-04-12,Szijjártó Péter fogadta a madagaszkári külügyminisztert + videó,https://hirtv.hu/ahirtvhirei/szijjarto-peter-fogadta-a-madagaszkari-kulugyminisztert-2583412?utm_source=feed&utm_medium=rss
bc8082277c81186af76a320fae1e80412931791f42cba74244f393d72d20d171,2024-04-14 03:21:07.145405+00:00,hu,demokrata.hu,demokrata.hu,2024-04-12,Szijjártó Péter: Magyarország és Madagaszkár kész a kétoldalú kapcsolatok fejlesztésére,https://demokrata.hu/vilag/szijjarto-peter-magyarorszag-es-madagaszkar-kesz-a-ketoldalu-kapcsolatok-fejlesztesere-813150/
e114edeac865c0bd12523dad85f10101bb2b598c6465deb3e6f7625e43df6c1e,2024-04-14 03:10:49.686141+00:00,hu,teol.hu,teol.hu,2024-04-12,Szijjártó: Magyarország és Madagaszkár kész a kétoldalú kapcsolatok fejlesztésére (videó,https://www.teol.hu/orszag-vilag/2024/04/szijjarto-magyarorszag-es-madagaszkar-kesz-a-ketoldalu-kapcsolatok-fejlesztesere-video?utm_source=hirstart&utm_medium=referral&utm_campaign=hiraggregator
5339a8b79b129a7dd738b837c9b5c7af84f0f419a36d8b729f355f894467644d,2024-04-14 03:09:11.816982+00:00,hu,feol.hu,feol.hu,2024-04-12,Szijjártó: Magyarország és Madagaszkár kész a kétoldalú kapcsolatok fejlesztésére (videó,https://www.feol.hu/orszag-vilag/2024/04/szijjarto-magyarorszag-es-madagaszkar-kesz-a-ketoldalu-kapcsolatok-fejlesztesere-video?utm_source=hirstart&utm_medium=referral&utm_campaign=hiraggregator
f1ea09087bf18d3c61fbabdc3793a807e77b153c6a5f8c13f13f9813bc0662de,2024-04-14 03:06:23.646687+00:00,hu,vaol.hu,vaol.hu,2024-04-12,Szijjártó: Magyarország és Madagaszkár kész a kétoldalú kapcsolatok fejlesztésére (videó,https://www.vaol.hu/orszag-vilag/2024/04/szijjarto-magyarorszag-es-madagaszkar-kesz-a-ketoldalu-kapcsolatok-fejlesztesere-video?utm_source=hirstart&utm_medium=referral&utm_campaign=hiraggregator
648c6ac0acbbde3eae5dadda9d31413172fe6451f9feaf7d167c209e7eab5b57,2024-04-14 03:05:27.288166+00:00,hu,beol.hu,beol.hu,2024-04-12,Szijjártó: Magyarország és Madagaszkár kész a kétoldalú kapcsolatok fejlesztésére (videó,https://www.beol.hu/orszag-vilag/2024/04/szijjarto-magyarorszag-es-madagaszkar-kesz-a-ketoldalu-kapcsolatok-fejlesztesere-video?utm_source=hirstart&utm_medium=referral&utm_campaign=hiraggregator
47d8299d4a3487fcb1aff479a621c3d84994a9c69f9095a1d33c2790ec9f3534,2024-04-14 02:18:54.069748+00:00,hu,szon.hu,szon.hu,2024-04-12,Szijjártó: Magyarország és Madagaszkár kész a kétoldalú kapcsolatok fejlesztésére (videó,https://www.szon.hu/orszag-vilag/2024/04/szijjarto-magyarorszag-es-madagaszkar-kesz-a-ketoldalu-kapcsolatok-fejlesztesere-video?utm_source=hirstart&utm_medium=referral&utm_campaign=hiraggregator
86f075999896c079a00f83258c7d7f6c62faa731890932113fbf0032114a2be1,2024-04-14 02:17:23.558508+00:00,hu,bama.hu,bama.hu,2024-04-12,Szijjártó: Magyarország és Madagaszkár kész a kétoldalú kapcsolatok fejlesztésére (videó,https://www.bama.hu/orszag-vilag/2024/04/szijjarto-magyarorszag-es-madagaszkar-kesz-a-ketoldalu-kapcsolatok-fejlesztesere-video?utm_source=hirstart&utm_medium=referral&utm_campaign=hiraggregator
3def578df5c3e2975e93c5bb5ada9c6c0fad95a0f92c1cc07da121d236c1d1d5,2024-04-14 02:03:22.974760+00:00,hu,kisalfold.hu,kisalfold.hu,2024-04-12,Szijjártó: Magyarország és Madagaszkár kész a kétoldalú kapcsolatok fejlesztésére (videó,https://www.kisalfold.hu/orszag-vilag/2024/04/szijjarto-magyarorszag-es-madagaszkar-kesz-a-ketoldalu-kapcsolatok-fejlesztesere-video?utm_source=hirstart&utm_medium=referral&utm_campaign=hiraggregator
077e68b3fdab1537ca0eeebab08e4fcb3fa557aea3a010bf1323b405996d883d,2024-04-14 01:58:14.469948+00:00,hu,zaol.hu,zaol.hu,2024-04-12,Szijjártó: Magyarország és Madagaszkár kész a kétoldalú kapcsolatok fejlesztésére (videó,https://www.zaol.hu/orszag-vilag/2024/04/szijjarto-magyarorszag-es-madagaszkar-kesz-a-ketoldalu-kapcsolatok-fejlesztesere-video?utm_source=hirstart&utm_medium=referral&utm_campaign=hiraggregator
6bc048406eb4408e31f400bc66bb1bea23398dc3b3dc71f1ec7a62f61bcf28b5,2024-04-14 01:39:24.165038+00:00,hu,kuruc.info,kuruc.info,2024-04-12,"- ""Diplomáciatörténeti eseményen"" jelentette be Szijjártó, hogy dinamikusabbá válhatnak a magyar-madagaszkári kapcsolatok",https://kuruc.info/r/2/272573/
68f61516333e6de7f1945babe19fe6aced1cf29d8e86a2d9b72ba6ad6bccd14e,2024-04-14 01:26:50.162687+00:00,hu,szoljon.hu,szoljon.hu,2024-04-12,Szijjártó: Magyarország és Madagaszkár kész a kétoldalú kapcsolatok fejlesztésére (videó,https://www.szoljon.hu/orszag-vilag/2024/04/szijjarto-magyarorszag-es-madagaszkar-kesz-a-ketoldalu-kapcsolatok-fejlesztesere-video?utm_source=hirstart&utm_medium=referral&utm_campaign=hiraggregator
37af02c7777b34e0840e9fcd088a3a1f50f3a03fa0db763d10d4cfa02a64c4e7,2024-04-14 01:25:18.979856+00:00,hu,delmagyar.hu,delmagyar.hu,2024-04-12,Szijjártó: Magyarország és Madagaszkár kész a kétoldalú kapcsolatok fejlesztésére (videó,https://www.delmagyar.hu/orszag-vilag/2024/04/szijjarto-magyarorszag-es-madagaszkar-kesz-a-ketoldalu-kapcsolatok-fejlesztesere-video?utm_source=hirstart&utm_medium=referral&utm_campaign=hiraggregator
b4cf4a2864d616f65646f2254f97223a6c07b7a3175c78e7db62641ccfe93b0d,2024-04-14 00:30:46.977221+00:00,hu,origo.hu,origo.hu,2024-04-12,Szijjártó Péter: Magyarország és Madagaszkár kész a kétoldalú kapcsolatok fejlesztésére,https://www.origo.hu/itthon/2024/04/szijjarto-peter-magyarorszag-es-madagaszkar-kesz-a-ketoldalu-kapcsolatok-fejlesztesere-video
9eaf96473612e7e8c0e34ae1a6a78cf70228a1184ac7e6e7607c7b6ec46942fa,2024-04-07 01:58:34.721368+00:00,hu,blikk.hu,blikk.hu,2024-04-05,"Nagy baj lehet belőle: most döbbentek rá a kutatók, hogy túl keveset tudunk a Föld biológiai összefüggéseiről",https://www.blikk.hu/ferfiaknak/tech/fold-egeszseget-fenyegeto-veszelyek/kkxdpzn
5fbfe29b11ec15dc2954d0b8d35176b7cae2a8ae451793bf8d1507c19261aa59,2024-04-06 07:44:22.048928+00:00,hu,origo.hu,origo.hu,2024-04-04,Az Afrikában élő emberszabású majmok több mint harmadát veszélyezteti a bányászat,https://www.origo.hu/tudomany/2024/04/az-afrikaban-elo-emberszabasu-majmok-tobb-mint-harmadat-veszelyezteti-a-banyaszat
cd56ffc0e6bf6dd8e77274aee27156544e446c990fd0abc1e889d2d2bef017c1,2024-03-27 02:31:17.315788+00:00,hu,boon.hu,boon.hu,2024-03-25,"„Ültessünk, hogy élhessünk” – fotókkal, videóval",https://www.boon.hu/helyi-kozelet/2024/03/ultessunk-elhessun-fotokkal-videoval-miskolc-faultetes-boon?utm_source=hirstartutm_medium=referralutm_campaign=hiraggregator
a280324de4973b9e02c9687392f17b0aaccbb007f794d75f47c0750f571a0ff6,2024-03-20 11:40:31.069105+00:00,hu,duol.hu,duol.hu,2024-03-18,A beporzók világa lesz a téma,https://www.duol.hu/helyi-kultura/2024/03/a-beporzok-vilaga-lesz-a-tema?utm_source=hirstart&utm_medium=referral&utm_campaign=hiraggregator
d98256f014b6245a4e7151da3537d96c0618b768df5634fc10689c7d4a9d2c79,2024-03-19 03:54:01.675195+00:00,hu,magyarkurir.hu,magyarkurir.hu,2024-03-17,Ferenc pápa: A tudomány és az őslakosok együttes tudásával védjük meg bolygónkat,https://www.magyarkurir.hu/hirek/ferenc-papa-tudomany-es-az-oslakosok-egyuttes-tudasaval-vedjuk-meg-bolygonkat
272f8059b4af9a7522e21f40ac616db73fa1e21ff21cf3f75ba856d203dce074,2024-03-18 02:53:22.566715+00:00,hu,kuruc.info,kuruc.info,2024-03-15,- Felülvizsgálná a KAP-rendelet egyes részeit az Európai Bizottság,https://kuruc.info/r/4/271556/
2064d2167e0ac449f644e195f9deeabdb87e580b3fa75b9efae8bec64f266573,2024-03-18 01:54:16.984261+00:00,hu,pestisracok.hu,pestisracok.hu,2024-03-15,Az Európai Bizottság megpróbál reagálni a lehetetlen helyzetbe hozott uniós gazdák problémáira,https://pestisracok.hu/az-europai-bizottsag-megprobal-reagalni-a-lehetetlen-helyzetbe-hozott-unios-gazdak-problemaira/comment-page-1/
c2fb35e71ab1ac9e6ef5ba31c97f13d4a99b51d66cede1ec0c64af0787524962,2024-03-18 01:53:58.264290+00:00,hu,pestisracok.hu,pestisracok.hu,2024-03-16,"Mivel közelednek az EP-választások, Brüsszel inkább meghajolt a gazdák előtt",https://pestisracok.hu/mivel-kozelednek-az-ep-valasztasok-ezert-brusszel-inkabb-meghajolt-a-gazdak-elott/
517a8e48bd31981212724e9f22b0be5971f2f6698bcca4022bc5941d16fb244e,2024-03-17 03:36:49.739594+00:00,hu,infostart.hu,infostart.hu,2024-03-15,átszabja az EU a közös agrárpolitika előírásait,https://infostart.hu/kulfold/2024/03/15/tiltakozasok-utan-atszabna-az-eu-a-kozos-agrarpolitika-eloirasait
f140413f8330baad34a141a58f841eea157b18e07bfa4cf784136ac4dad353fe,2024-03-17 03:13:16.032004+00:00,hu,vg.hu,vg.hu,2024-03-15,Hatott a gazdák tiltakozása: az Európai Bizottság új alapokra helyezné a közös agrárpolitikát,https://www.vg.hu/agrar/2024/03/hatot-a-gazdak-tiltakozasa-az-europai-bizottsag-uj-alapokra-helyezne-a-kozos-agrarpolitikat?utm_source=hirstart&utm_medium=referral&utm_campaign=hiraggregator
4218b120004550d06b8a7332611fd38a07f68691e84bc6c5852c13b78b22647f,2024-03-17 03:01:12.177620+00:00,hu,pestisracok.hu,pestisracok.hu,2024-03-15,Az Európai Bizottság megpróbál reagálni a lehetetlen helyzetbe hozott uniós gazdák problémáira,https://pestisracok.hu/az-europai-bizottsag-megprobal-reagalni-a-lehetetlen-helyzetbe-hozott-unios-gazdak-problemaira/
d4ee880401e05d2eca41ffc494f2ac44efb0d41a5f2eb88d866a987571f6d4ce,2024-03-13 03:26:44.402763+00:00,hu,heol.hu,heol.hu,2024-03-11,"Túzokból alig pár bóklászik Hevesben, másfelé több van",https://www.heol.hu/helyi-kozelet/2024/03/tuzokbol-alig-par-boklaszik-hevesben?utm_source=hirstart&utm_medium=referral&utm_campaign=hiraggregator
87c66a9a4e9985b1e03d276d9aa44a68c803f51510ba32526602178796e80ef9,2024-03-10 09:59:52.804230+00:00,hu,magyarnemzet.hu,magyarnemzet.hu,2023-01-10,Ezerarcú erdő várja a látogatókat a Gödöllői Arbo-parkban,https://magyarnemzet.hu/belfold/2023/01/ezerarcu-erdo-varja-a-latogatokat-a-godolloi-arbo-parkban
1d945dedbaae7adb9b5c4f1a0e281bfe309051fc437ad91afc518634f949efcb,2024-03-10 05:18:11.276702+00:00,hu,origo.hu,origo.hu,2023-01-13,Madagaszkár egyedülálló vadvilága a kihalás küszöbén áll,https://www.origo.hu/tudomany/20230113-madagaszkar-vadvilaga-a-kihalas-kuszoben-all.html
39dc771d6c53dbc636a118d90136264740056308cef11204cc98a2779643d4d8,2024-03-10 02:50:25.883218+00:00,hu,szeretlekmagyarorszag.hu,szeretlekmagyarorszag.hu,2024-03-08,A nőké lesz a főszerep az idei Gourmet Fesztiválon,https://www.szeretlekmagyarorszag.hu/programok/iden-a-noke-lesz-a-foszerep-a-gourmet-fesztivalon/
cfe7c02bcd4e87f2e83c3c0b69c9d95078363f5708cc5f05364d2ef1e3010777,2024-03-10 02:04:47.625955+00:00,hu,pestisracok.hu,pestisracok.hu,2023-01-16,"Davos 2023 – Nem akarják tudni, milyen időszak vár ránk a világgazdasági elit jelentése szerint…",https://pestisracok.hu/davos-2023-nem-akarjak-tudni-milyen-idoszak-var-rank-a-vilaggazdasagi-elit-jelentese-szerint/
cca01190c7c2135662cd4516fa26160330279da8d4c469816f8885a02c00d6d8,2024-03-10 01:52:38.156406+00:00,hu,hvg.hu,hvg.hu,2023-01-16,Eddig ismeretlen pókot találtak az Alföldön,http://hvg.hu/tudomany/20230116_elszigetelt_elohelyek_elovilaga_biodiverzitas_magyarorszag_magyar_kutatok_elkh_pokfajok_erdosztyepp#rss
55cc374a232f9e994fb3eb8210f03ac4e635f1ead6bff8a1fe2fba05049ff25f,2024-03-10 01:45:08.820957+00:00,hu,24.hu,24.hu,2023-01-16,Alapjaiban változhat meg III. Károly viselkedése,https://24.hu/tudomany/2023/01/16/iii-karoly-kiraly-herceg-kornyezetvedelem-aktivista/
99a546b5423d8b122cc394e26f0b74d66f9d237afd4094450e79f12047ae9b08,2024-03-09 23:27:38.352548+00:00,hu,24.hu,24.hu,2023-01-18,"A tömeges migráció az evolúciós folyamat része""",https://24.hu/kultura/2023/01/18/telmo-pievani-klimavaltozas-evolucio-filozofus-interju/
eba5a16456792a42f43b2986eeb11b4e9b94a81c0b3380816fb8c5b4a9d5f08f,2024-03-09 22:34:37.444122+00:00,hu,hetek.hu,hetek.hu,2023-01-17,Sötét jövőt jósol Magyarország számára a Világgazdasági Fórum,https://www.hetek.hu/cikkek/online/sotet-jovot-josol-magyarorszag-szamara-a-vilaggazdasagi-forum
88e3be1da40dc4f9e115c00b4ea2168994fe029fb8108bbabb6b9947c6fa6038,2024-03-09 19:57:29.582578+00:00,hu,portfolio.hu,portfolio.hu,2023-01-20,Dermesztő jóslattal állt elő a mesterséges intelligencia az emberiség jövőjéről,https://www.portfolio.hu/global/20230120/dermeszto-joslattal-allt-elo-a-mesterseges-intelligencia-az-emberiseg-jovojerol-591914
fd586f8aefc7701523d0904a2ab84f2912fc25c610e44caf4d6ce03b0af99a9f,2024-03-09 11:15:24.235718+00:00,hu,demokrata.hu,demokrata.hu,2023-01-27,Tényleg a szén-dioxid a baj?,https://demokrata.hu/velemeny/tenyleg-a-szen-dioxid-a-baj-633871/
c3bedad1a1afc82cfe5cf58a798d17d17bb30084e3ecd71cb3c5bf08d471b4c8,2024-03-09 03:19:01.577039+00:00,hu,haon.hu,haon.hu,2024-03-07,HUMDA roadshow Debrecenben: a jövő megoldásai már köztünk vannak,https://www.haon.hu/helyi-kozelet/2024/03/humda-roadshow-debrecen-kozlekedes-elektromobilitas-zold-fenntarthato-auto?utm_source=hirstartutm_medium=referralutm_campaign=hiraggregator
f2ac426ae6d1bb80b6c169d8ce1ee4f306f185e187a4ffb7a61eff946c8f06ea,2024-03-08 16:42:25.068953+00:00,hu,demokrata.hu,demokrata.hu,2023-02-09,"A magyar agrárium elismertsége soha nem volt olyan jó, mint jelenleg",https://demokrata.hu/magyarorszag/a-magyar-agrarium-elismertsege-soha-nem-volt-olyan-jo-mint-jelenleg-640587/
b3dbc920893d7c9d69ca452e6c5c932bd12fe195af1a12110a12a88bf18a93a0,2024-03-08 15:17:59.297649+00:00,hu,magyarnemzet.hu,magyarnemzet.hu,2023-02-10,Rágcsáló tájátalakítók mentik meg a vizes élőhelyeket,https://magyarnemzet.hu/mozaik/2023/02/ragcsalo-tajatalakitok-mentik-meg-a-vizes-elohelyeket
71c06a2e2b01e627755b3af1308104249a2022ed8c97a8e98d54079ad5be760d,2024-03-08 13:53:59.539984+00:00,hu,portfolio.hu,portfolio.hu,2023-02-11,Veszélyben az élelmiszeripar: széles körben használt alapanyag tűnhet el a boltok polcairól,https://www.portfolio.hu/global/20230211/veszelyben-az-elelmiszeripar-szeles-korben-hasznalt-alapanyag-tunhet-el-a-boltok-polcairol-596204
75fbc5bd708ec463ff8927211efd1d78e1c4503af6a307d47d63def80ebba02c,2024-03-08 13:52:48.539620+00:00,hu,hvg.hu,hvg.hu,2023-02-11,"Szabadtéri vágóhídon tomboló barbároknak nevezik őket, pedig csak egy évszázados hagyományt követnek",http://hvg.hu/gazdasag.zhvg/20230211_A_balna_ize_dokumentumfilm#rss
fc12f14c638bfd2682c8ac7ce45eb1987a7a3b213dd32ab3e8f69d4293902944,2024-03-08 06:19:14.189217+00:00,hu,magyarnemzet.hu,magyarnemzet.hu,2023-02-16,A lengyelek tiltakoznak erdőik brüsszeli gondnokság alá helyezése ellen,https://magyarnemzet.hu/kulfold/2023/02/a-lengyelek-tiltakoznak-erdoik-brusszeli-gondnoksag-ala-helyezese-ellen
e90e46ec670e73ef87144d35719032417bcaf5e389ac09c6e9e5d076d9c5de47,2024-03-08 01:36:35.574960+00:00,hu,nepszava.hu,nepszava.hu,2023-02-20,"Jönnek a 15 perces városok, ahol az ember áll a középpontban",https://nepszava.hu/3185508_varos-elhetoseg-15-perc
dc048c328931f3845f65e20d4e19d7ccdf55470d2c2e71de9db1b4b31f767f21,2024-03-08 00:24:19.301475+00:00,hu,hirtv.hu,hirtv.hu,2023-02-21,Elindult a magminták igénylése,http://hirtv.hu/ahirtvhirei/napindito-elindult-a-magmintak-igenylese-2563806?utm_source=feed&utm_medium=rss
0766d04bb67df9b00e3201736b0a71c638fc415869dbb94b0af3b07f6cae4a2b,2024-03-08 00:24:18.679337+00:00,hu,hirtv.hu,hirtv.hu,2023-02-21,Hat kutyával éjjel-nappal túlélők után kutatott a Katolikus Karitász csapata,http://hirtv.hu/hirtvszines/napindito-hat-kutyaval-ejjel-nappal-tulelok-utan-kutatott-a-katolikus-karitasz-csapata-2563803?utm_source=feed&utm_medium=rss
a30fa92fa6dc592c20141dc56ce4fb438e87dcb868d0f458c22cd53991affc1b,2024-03-07 23:59:15.448919+00:00,hu,hirtv.hu,hirtv.hu,2023-02-21,Tovább csökkent hazánk államadóssága,http://hirtv.hu/ahirtvhirei/tovabb-csokkent-hazank-allamadossaga-2563817?utm_source=feed&utm_medium=rss
e4dd6e9a15d721a28e9e83ffac98e9b142d952e9f1a19c070ddfddba984786bb,2024-03-07 23:59:15.376986+00:00,hu,hirtv.hu,hirtv.hu,2023-02-21,Kiskorú gyermekek fotóit posztolta a botrányba keveredett pedagógiai asszisztens,http://hirtv.hu/ahirtvhirei/kiskoru-gyermekek-fotoit-posztolta-a-botranyba-keveredett-pedagogiai-asszisztens-2563816?utm_source=feed&utm_medium=rss
572e30c444da8dabd80c182bc08d722421108462239ecfdc525756810c2153e8,2024-03-07 16:55:56.715779+00:00,hu,origo.hu,origo.hu,2023-02-26,Az ökoszisztéma összeomlása elkerülhetetlennek tűnik,https://www.origo.hu/tudomany/20230226-az-okoszisztema-osszeomlasa-elkerulhetetlen.html
376f9640a87d935b7a88ef506464171e92166799b40a4271c4f8d2ad11957447,2024-03-07 10:30:08.808485+00:00,hu,napi.hu,napi.hu,2023-03-02,Nem a falak teszik várossá Budapestet: óriási a városlakók felelőssége,https://www.napi.hu/belfold/varos-nepesedes-novenyzet-klimastrategia-budapest.768174.html
87380c8641439a04063fdab15f44c5d5c1bd845498e5133c30b732fa01cdfc3c,2024-03-07 00:11:32.417805+00:00,hu,portfolio.hu,portfolio.hu,2023-03-10,Friss tanulmány figyelmeztet az ökológiai katasztrófára,https://www.portfolio.hu/global/20230310/friss-tanulmany-figyelmeztet-az-okologiai-katasztrofara-602064
3fb577087fda69e94578824014ccbec9b69ae318f70f3e0add1c73fd61ce6d2b,2024-03-07 00:00:42.063813+00:00,hu,origo.hu,origo.hu,2023-03-10,Fokozott veszélyben van a szigetek biodiverzitása,https://www.origo.hu/tudomany/20230310-a-szigetek-biodiverzitasa-fokozott-veszelyben-van-egy-uj-kutatas-szerint.html
f46f71893ac2ff34b373e0fb0657fb793258f602827d7c723c684bf1c935a20e,2024-03-06 23:57:25.979372+00:00,hu,hvg.hu,hvg.hu,2023-03-10,"Egy új kutatás szerint kihalás fenyegeti a szigeteken élő emlősöket, de más érdekességek is kiderültek",http://hvg.hu/tudomany/20230310_uj_kutatas_kihalas_veszelye_szigetek_biodiverzitasa_emlosok_allatok_kockazat_kistestu_nagytestu_fajok#rss
7d88ec7cf0bbe09f9f5a0c8c0e039917226c6418de6a79152d6f57e8ff02b4c7,2024-03-06 19:55:46.899007+00:00,hu,index.hu,index.hu,2023-03-13,"Az unokáink már csak hírből fogják ismerni a kakaót, a banánt és a kávét",https://index.hu/tudomany/2023/03/13/globalis-felmelegedes-eghajlatvaltozas-termofold-szarazsag-fenntarthatosag-banan-kakao-kave-rizs-krumpli/
e49b3df9740335ab10ac94fd391d495709de7fe250e04cfb577d5c13efa21011,2024-03-06 02:07:55.086924+00:00,hu,magyarnemzet.hu,magyarnemzet.hu,2024-03-04,A vadmacska közös kincsünk,https://magyarnemzet.hu/belfold/2024/03/a-vadmacska-kozos-kincsunk?utm_source=hirstart&utm_medium=referral&utm_campaign=hiraggregator
b4c1c9f6e3fbc04db56cffd0f23d9ea4d6f5dbd85170643a7254495eafafe31c,2024-03-02 09:40:28.211401+00:00,hu,nepszava.hu,nepszava.hu,2023-03-19,"Az ökológia válság hatalmi kérdés, és attól, hogy Debrecenben esetleg nem épül akkugyár, Iváncsán még nem lesz jobb",https://nepszava.hu/3188223_okologia-valsag-hatalom-tarsadalom-pribeli-levente
44dfe9634219a493252a8b5ea54e737517ff8f53f3b7bb9e1e49aad800054ed3,2024-03-02 06:02:00.175584+00:00,hu,index.hu,index.hu,2023-03-22,Holnap mit fogunk enni és inni Magyarországon?,https://index.hu/velemeny/2023/03/22/ivoviz-termofold-aszaly-elelmiszer-porvihar-szel/
56f23a87bbd2812f05b89ff54dd5ffb62f49c94e9f9ff427decc4b19edafc83e,2024-03-02 05:39:22.911861+00:00,hu,kisalfold.hu,kisalfold.hu,2024-02-29,Fenntartható gyereknevelés 2024-ben,https://www.kisalfold.hu/pr/2024/02/fenntarthato-gyerekneveles-2024-ben?utm_source=hirstart&utm_medium=referral&utm_campaign=hiraggregator
d77f6e8e8ebb779cca6bc08b882281d0f8289cfa0a1d21df83697f5a98107e3f,2024-03-02 05:11:26.897937+00:00,hu,index.hu,index.hu,2023-03-22,A természetvédők szerint védelemre szorul a felszíni és felszín alatti vízkészlet,https://index.hu/gazdasag/2023/03/22/viz-vilagnapja-vizkeszlet-szennyezodesek-termeszetvedelmi-szervezetek-vizutanpotlas-biodiverzitas-vizmegtarto-kepesseg/
f335e5ff4352d25b6a8ef10bac172d8409ca11c1034fb456d89461b094aa40a3,2024-03-02 04:05:02.152396+00:00,hu,hvg.hu,hvg.hu,2023-03-23,Az európai vezetők és az ENSZ főtitkára közösen ítélte el az orosz agressziót,http://hvg.hu/eurologus/20230323_Az_ENSZfotitkarral_targyaltak_az_europai_vezetok#rss
2984098b17ef490af1488bb429d2cf676eb1af66ecfc0baf11edbeeb97eb3639,2024-03-02 02:51:35.453079+00:00,hu,origo.hu,origo.hu,2023-03-24,"Nőhet a természeti katasztrófák gyakorisága, de fel tudunk rá készülni",https://www.origo.hu/tudomany/20230324-negy-kontinensrol-erkeztek-kutatok-az-szte-termeszeti-veszelyekkel-foglalkozo-konferenciajara.html
ff4d5dab5d6f38f11aef2ce56d800d901ee67ac8905d7fb4136141dd281fb7b2,2024-03-02 01:45:47.716962+00:00,hu,24.hu,24.hu,2023-03-25,Mi magunk tettük élhetetlenné a városokat,https://24.hu/tudomany/2023/03/25/fenntarthatosag-varosok-jovo-lorincz-katalin-pannon-egyetem/
23f48162f5e0671549cbe634eed6b37b11944f8a346a8addcaf6c36b0a438550,2024-03-01 06:31:40.623284+00:00,hu,origo.hu,origo.hu,2023-04-09,"""Zöld Hősök"" a Túrbuckán: közös erővel a természet védelméért!",https://www.origo.hu/tudomany/20230407-onkentesek.html
12f88b8279954019cf2cc141905b377664919df20507091100700b98efb457f1,2024-02-29 15:48:02.970014+00:00,hu,24.hu,24.hu,2023-04-19,Kevés esélyünk maradt a természet megmentésére,https://24.hu/tudomany/2023/04/19/biologiai-sokfeleseg-biodiverzitas-csokkenese-termeszet-pusztulasa/
311ed423bb6468bb66749510dd000cb0e6943e2ec485bda50e94a8d0ce0f2988,2024-02-29 12:13:43.403674+00:00,hu,mandiner.hu,mandiner.hu,2023-04-21,Komplett fajokat pusztít ki a távol-keleti mikroszkopikus gomba,https://mandiner.hu/cikk/20230422_komplett_fajokat_pusztit_ki_es_az_emberisegre_is_karos_lehet_a_tavol_keleti_mikroszkopikus_gomba
47e6fba761ea7528dbe4e972a8c5450e81f0eb82cb4fcefdef743e07a0f747da,2024-02-29 11:31:13.702194+00:00,hu,index.hu,index.hu,2023-04-22,"Áder János: A „vedd meg, használd rövid ideig, majd dobd el” kultúra terrorizál minket",https://index.hu/gazdasag/2023/04/22/ader-janos-kek-bolygo-klimavedelmi-alapitvany-mcc/
f73d80a22cdaa9ea87bb33554269de7f22c032136dd2bf32b930ee03bdc58d16,2024-02-29 10:46:32.221376+00:00,hu,portfolio.hu,portfolio.hu,2023-04-23,A G7-csoport szerint Oroszország az élelmiszerrel zsarol,https://www.portfolio.hu/global/20230423/a-g7-csoport-szerint-oroszorszag-az-elelmiszerrel-zsarol-a-gabonamegallapodas-meghosszabbitasat-surgettek-610894
6c06c3cdb30a1a637118b6bc354c883c9b8f75274e84f5ca5e20132df5384a92,2024-02-29 10:46:00.271940+00:00,hu,24.hu,24.hu,2023-04-23,Élelmiszerrel zsarolnak az oroszok a G7 szerint,https://24.hu/kulfold/2023/04/23/elelmiszerrel-zsarolnak-az-oroszok-a-g7-szerint/
253db2dea099f6c6c575b54e9e759e9be62d3057d1719703424befa6b0dc787a,2024-02-29 10:45:11.062298+00:00,hu,hirtv.hu,hirtv.hu,2023-04-23,A gabonamegállapodás meghosszabbítását és betartását sürgették a G7-ek gazdasági miniszterei,http://hirtv.hu/hirtvkulfold/a-gabonamegallapodas-meghosszabbitasat-es-betartasat-surgettek-a-g7-ek-gazdasagi-miniszterei-2566746?utm_source=feed&utm_medium=rss
5923e6533aec123a6c8db09112af8ad1dfa342918a901a8bbdc7a3be0c9b7228,2024-02-29 10:42:14.977487+00:00,hu,index.hu,index.hu,2023-04-23,A G7 szerint Oroszország a gabonaexporttal tartja sakkban a világot,https://index.hu/kulfold/2023/04/23/fekete-tengeri-ukrajnai-gabonakereskedelem-mezogazdasagi-export-oroszorszag-g7-tokio/
46f88d26f92a61858480343b2eb73d04c38bce5cab136ecd2af886f8495cee02,2024-02-29 10:35:36.284202+00:00,hu,demokrata.hu,demokrata.hu,2023-04-23,A gabonamegállapodás meghosszabbítását sürgették a G7-es miniszterek,https://demokrata.hu/gazdasag/a-gabonamegallapodas-meghosszabbitasat-surgettek-a-g7-es-miniszterek-672083/
ca752507623e4d884ae36bae2271b610c6442a3666fb46d7ac5c18ae76f7eaaf,2024-02-29 10:08:12.050819+00:00,hu,alfahir.hu,alfahir.hu,2023-04-23,"G7: Oroszország ""az élelmiszert geopolitikai kényszerítőeszközként használja""",https://alfahir.hu/hirek/g7-oroszorszag-az-elelmiszert-geopolitikai-kenyszeritoeszkozkent-hasznalja
75fb412dc7cd82ba22692c1c7dd618de3c77f2a3d72d2433105c8ed51ce8fcdc,2024-02-29 07:45:25.571666+00:00,hu,infostart.hu,infostart.hu,2023-04-25,Áder János: az utóbbi kétszáz év emberi tevékenysége kizsigereli a Földet,https://infostart.hu/belfold/2023/04/25/ader-janos-az-utobbi-ketszaz-ev-emberi-tevekenysege-kizsigereli-a-foldet
6f6feb10e140e6117d8b1fa70b4653d6b7339203d956c46f10bf061193780eb5,2024-02-29 07:28:24.289218+00:00,hu,index.hu,index.hu,2023-04-25,Áder János: A vegetáriánus életmód nem tudná megoldani az üvegházhatású gázok csökkentését,https://index.hu/belfold/2023/04/25/ader-janos-kek-bolygo-klimavedelmi-alapitvany-klimavaltozas-kornyezetvedelem/
60c79331d422c59c70d6e70a27b4c5ac92ac8e5e3c37f16f29abb9b129928737,2024-02-29 07:00:47.758608+00:00,hu,napi.hu,napi.hu,2023-04-26,Áder János kemény dolgokról beszélt,https://www.napi.hu/mezogazdasag/kornyezetvedelem-biologiai-sokfeleseg-ader-janos.770447.html
0a2ed91278a459cfc2b4a7d66410b0afc650f986729c4c47d466dc2116888553,2024-02-29 04:27:12.358436+00:00,hu,origo.hu,origo.hu,2023-04-27,Döbbenetes mértékben nőtt az illegális erdőirtás az elmúlt évtizedben,https://www.origo.hu/tudomany/20230427-folytatodik-az-illegalis-erdoirtas-braziliaban.html
a9fe0c8f022201223c4a7ac3adb3d7596460e483280ff4f575055988b5578a34,2024-02-29 01:41:40.178188+00:00,hu,napi.hu,napi.hu,2023-04-29,"Eddig is gond volt a légszennyezéssel, de az ember csak tovább ront a helyzetén",https://www.napi.hu/kulfold/erdoirtas-termeszetvedelem-brazilia-legszennyezes.770500.html
2b2e3fa5bc2c3c453a1efe624166935cfbddcd0955a919fed294d2daab7e21e5,2024-02-29 01:21:34.428861+00:00,hu,magyarnemzet.hu,magyarnemzet.hu,2024-02-27,Így néz ki egy rovarhotel,https://magyarnemzet.hu/belfold/2024/02/rovarhoteleket-helyeznek-ki-tobb-ovoda-teruletere-is?utm_source=hirstart&utm_medium=referral&utm_campaign=hiraggregator
de8eb428e91b4b4063ccc99106d119ca49188a189e2ebda9bc8f120ccac32d27,2024-02-28 20:40:53.418617+00:00,hu,index.hu,index.hu,2023-05-03,Jelentős erdőrész újul meg Piliscsabán,https://index.hu/belfold/2023/05/03/erdo-pilis-market-epito-zrt-faultetes/
fac820cfdcf5a9363700b28086f58646c78dd41f45815a3c4626efd1ce615f40,2024-02-28 20:38:44.906624+00:00,hu,origo.hu,origo.hu,2023-05-03,Különleges bejelentést tett a Lidl magyar tájfajta paradicsomokról,https://www.origo.hu/gazdasag/20230503-lidl-magyar-paradicsom-tajfajta.html
231ab95d2f3890982d008e591e071ad5ece8c7c6da789605e7b28d55c358c1fb,2024-02-28 18:35:27.484827+00:00,hu,origo.hu,origo.hu,2023-05-04,Kihalás szélén a skót vadmacska,https://www.origo.hu/tudomany/20230504-vadmacska.html
40f11e42e6c265f362b0c4e886b9b7a54256fad71dc8c67cf1a7a3c3714c9aa3,2024-02-28 07:20:07.163012+00:00,hu,portfolio.hu,portfolio.hu,2023-05-12,Az ingatlanpiacot is elárasztják az adatok,https://www.portfolio.hu/ingatlan/20230512/az-ingatlanpiacot-is-elarasztjak-az-adatok-ezekkel-bizonyithato-a-zoldebb-mukodes-614432
ad411ce845718110ce9f34a3bff136ff06d865c0c61194fd650a118b1bb95768,2024-02-28 03:52:57.351979+00:00,hu,24.hu,24.hu,2023-05-15,"Korrekt számítás szerint 2050 körül jöhet az emberiség totális összeomlása""",https://24.hu/tudomany/2023/05/15/szathmary-eors-klimavaltozas-evolucio-civilizacios-osszeomlas-interju/
6e5b448a7e626112ab7ff6019f0bb5e572c9b1e20c1c8fdb1f5fb4cd6a75b2e9,2024-02-28 03:50:19.443581+00:00,hu,24.hu,24.hu,2023-05-15,Öko paradicsompalánták várnak a Lidl polcain!,https://24.hu/otthon/2023/05/15/oko-paradicsompalantak-varnak-a-lidl-polcain/
9272119b23f4699d0840a572f27ee355baa3799194bf09a072dac4d16be31c6a,2024-02-28 02:18:13.322101+00:00,hu,magyarnemzet.hu,magyarnemzet.hu,2023-05-16,"Bozsits Józseffel, a Szaporcai Cifraház gazdájával közösségről, kultúráról, hagyományról beszélgettünk",https://magyarnemzet.hu/kultura/2023/05/bozsits-jozseffel-a-szaporcai-cifrahaz-gazdajaval-kozossegrol-kulturarol-hagyomanyrol-beszelgetttunk
9c97e038ce0b4e713b10edb999701a4fdd3cb468d524e10df828ad8003c76b7b,2024-02-27 15:39:12.194872+00:00,hu,metropol.hu,metropol.hu,2023-05-22,Ma ezért vigyázz a kilókkal!,https://metropol.hu/aktualis/2023/05/majus-22-hetfo-a-biologiai-sokfeleseg-napja
2fdaedb8366b1a9cbb13b376fb33eb3962bf0da0cd00c62e5aff95dfe70659df,2024-02-27 11:32:32.422084+00:00,hu,origo.hu,origo.hu,2023-05-24,Az Egyesült Királyságban kiterjesztik az elefántcsont kereskedelem betiltását még öt fajra,https://www.origo.hu/tudomany/20230524-elefantcsont.html
bded8e67cf661090f7b046b76c47b8ac44c64e8f0e23c37cfffa576d45b10b8a,2024-02-27 11:27:59.398073+00:00,hu,origo.hu,origo.hu,2023-05-24,Majdnem az állatok fele fogyóban van,https://www.origo.hu/tudomany/20230524-biodiverzitas.html
e6c35466658158f63099ff5b16b4cad23f5734585a0c1da75151f7983caca360,2024-02-27 09:02:50.186732+00:00,hu,infostart.hu,infostart.hu,2023-05-26,Fűnyírásügyben megszólalt Budapest főtájépítésze,https://infostart.hu/belfold/2023/05/26/funyirasugyben-megszolalt-budapest-fotajepitesze
89d5ffdb4ff6dd520d725dc5f18e1e59f509c96c30512405339c245835c7fc10,2024-02-27 02:23:40.213031+00:00,hu,hvg.hu,hvg.hu,2023-05-31,Globális egyezményt sürgetnek a műanyagszennyezés megfékezésére,http://hvg.hu/gazdasag/20230531_Globalis_egyezmenyt_surgetnek_a_muanyagszennyezes_megfekezesere#rss
3454bd5edb8016440e55a2aa0d07e66bd9f640256dd54641b04f29b539cd0282,2024-02-26 19:19:20.328687+00:00,hu,hvg.hu,hvg.hu,2023-06-05,"Megkongatta a vészharangot a Magyar Tudományos Akadémia: extrém éghajlatváltozás, malária jöhet a Kárpát-medencébe",http://hvg.hu/tudomany/20230605_mta_magyar_tudomanyos_akademia_klimavaltozas_hatasai_karpat_medence_tropusi_ejszakak_malaria_visszaterese_hatasok_merseklese_alkalmazkodas_radikalis_valtozasok_#rss
95288a1c10166909cc25f951e69ba335a776d329421caccf97ab408951c83426,2024-02-26 19:15:22.926703+00:00,hu,blikk.hu,blikk.hu,2023-06-05,"Trópusi éjszakák, malária, szennyezett élelmiszerek: magyar tudósok riasztó jóslata a visszafordíthatatlan, extrém éghajlatváltozásról",https://www.blikk.hu/aktualis/belfold/idojaras-klimavaltozas-magyarorszag-mta/ennjc9s
b780ed52a3e2e3092439ffa10bc25e8e8536457dfbf1a0709f2412e7666cbc63,2024-02-26 17:33:12.842190+00:00,hu,magyarnemzet.hu,magyarnemzet.hu,2023-06-06,„Az erdő több mint faanyag”,https://magyarnemzet.hu/gazdasag/2023/06/az-erdo-tobb-mint-faanyag
6a515ba18f16d8e08064624a23b77d68c540549d8359ec79f5e97d60d012a1b3,2024-02-26 16:15:41.621968+00:00,hu,rtl.hu,rtl.hu,2023-06-07,Júniusban is széles kínálat az RTL+-on,https://rtl.hu/rtlplusz/2023/06/07/junius-szeles-film-sorozat-kinalat-rtl-plusz
a4cf6bb07fe58422535456549b9188e147a840de7c5b8c6a81d05d49a8c586b2,2024-02-26 15:58:23.220993+00:00,hu,rtl.hu,rtl.hu,2023-06-07,"Képeken, ahogy meztelen világsztárok ölelgetnek tengeri állatokat",https://rtl.hu/kultura/2023/06/07/vilagsztarok-hiressegek-meztelen-fotok-tengeri-allatok-tulhalaszat-europai-parlament
092a75d384dc124d57942fbd3f23549fa8c97b0d102a13adf9413565df154278,2024-02-26 15:57:46.392530+00:00,hu,ripost.hu,ripost.hu,2023-06-07,Magyarország a fákat választja a klímaválság elleni harcban,https://ripost.hu/insider/2023/06/magyarorszag-fakat-valasztja-klimavalsag-elleni-harc
f9bfc8d81fdb491f4d3fdb83f0a705d07ff3978e7c2e96c01cd3a35e04a4f989,2024-02-26 08:31:24.805452+00:00,hu,origo.hu,origo.hu,2023-06-13,Biológiai invázió fenyegeti Magyarországot,https://www.origo.hu/tudomany/20230613-elkh-a-biologiai-invazio-hazai-kutatasanak-uj-kozpontjakent-az-ok-vezetesevel-megalakult-az.html
d17b7503261c5870fb1766ea42e464f02ecb3d856bc1bf1d7c4616028f2a4721,2024-02-26 07:09:39.753227+00:00,hu,napi.hu,napi.hu,2023-06-14,A Krisna-völgyben akadtak rá a miniszterre,https://www.napi.hu/mezogazdasag/krisna-volgy-mintagazdasag-nagy-istvan-agrarium.772641.html
268d7c0a81e01409d5fe3e66dc199e88c3c64f088779495fe387cd870afbdf09,2024-02-26 00:08:25.411564+00:00,hu,origo.hu,origo.hu,2023-06-19,Természet nélkül nincs élelmiszer,https://www.origo.hu/tudomany/20230619-mezogazdasag.html
62a0e7b16363ba0b1e942bf8acc2e542f8d6a6aa8826b2e2fc51bd8b4a24f599,2024-02-25 16:42:01.603738+00:00,hu,origo.hu,origo.hu,2023-06-25,Már egy rövid hőhullám is megváltoztathatja a vízi ökoszisztémákat,https://www.origo.hu/tudomany/20230625-okkutatas-mar-egy-rovid-hohullam-is-megvaltoztathatja-a-vizi-okoszisztemak-fajosszetetelet.html
dcae83349dec955c086fe667edd946a6c9c382f0ee8d4e73d7bbd77f730a3554,2024-02-25 14:27:42.669696+00:00,hu,merce.hu,merce.hu,2023-06-24,„A rendszer így működik – amennyiben hagyjuk” « Mérce,https://merce.hu/2023/06/24/a-rendszer-igy-mukodik-amennyiben-hagyjuk/
2763669a9ee3a5726ce46864ee33347fe3f6e8db57219deaca56e2470f2d5ec1,2024-02-25 09:29:16.633725+00:00,hu,hvg.hu,hvg.hu,2023-06-30,Kína-EU kapcsolatok: egyszerre három irányba indul az EU,http://hvg.hu/vilag/20230630_KinaiEU_kapcsolatok_haromarcu_partnerseg#rss
9b4e4f424094c0c4a87ac8a70e5f8953bb8a1bf9b0827eef8e5bcec008a08a6c,2024-02-25 03:36:40.695625+00:00,hu,napi.hu,napi.hu,2023-07-05,Klímaválság: Lantos Csaba egy merész vállalást tett a WHO konferenciáján,https://www.napi.hu/magyar-gazdasag/who-budapest-kornyezetvedelem-konferencia-egeszsegugy-pinter-sandor-expo.773675.html
06481720f61fc11eac446656c644a9b0115ff9fb5e64aa4a72b96279d1e4326f,2024-02-25 01:11:25.920539+00:00,hu,napi.hu,napi.hu,2023-07-07,"Nem lesz elég a csoki az emberiségnek, fogynak a kakaótermő területek",https://www.napi.hu/gazdasag/csokolade-kakao-termes-klimavaltozas-elelmiszer.773787.html
8d02856a30452602381b9d0e6debe7865591e54155356e5bb030345c7a01ee98,2024-02-24 19:05:23.398802+00:00,hu,hvg.hu,hvg.hu,2023-07-12,"Váratlanul győzött a tudományos racionalitás az Európai Parlamentben, megszavazták a természet helyreállítási törvényt",http://hvg.hu/eurologus/20230712_Varatlanul_gyozott_a_tudomanyos_racionalitas_az_Europai_Parlamentben_megszavaztak_a_termeszet_helyreallitasi_torvenyt#rss
b2bfbaf404f669e4ff24b9fbd392df611bce32023bd404e8989e26b885aa2e4c,2024-02-24 17:47:13.299567+00:00,hu,merce.hu,merce.hu,2023-07-13,"A Tanácsban még támogatta a kormány, a Parlamentben a Fidesz már leszavazta az európai természethelyreállítási törvényt « Mérce",https://merce.hu/2023/07/13/a-tanacsban-meg-tamogatta-a-kormany-a-parlamentben-a-fidesz-mar-leszavazta-az-europai-termeszethelyreallitasi-torvenyt/
78f4bb1baac06c4f3bfe87c70f77720bd67d2ae87f8566f7342631c066001eb0,2024-02-24 16:55:55.788089+00:00,hu,magyarnemzet.hu,magyarnemzet.hu,2023-07-14,Súlyos hőhullámok és áradások jönnek az El Nino miatt,https://magyarnemzet.hu/lugas-rovat/2023/07/sulyos-hohullamok-es-aradasok-jonnek-az-el-nino-miatt
471fd9db628784ef3a5125a87bd876736ab3554d978fdb69e9d27bb6d2f2bda3,2024-02-24 13:32:36.896945+00:00,hu,hvg.hu,hvg.hu,2023-07-17,"Szélesre tárná a kaput a génmódosításnak az EU, ami miatt minden kenyér ilyen búzából sülhet, ám mégsem hívhatjuk majd GMO-nak",http://hvg.hu/gazdasag/20230717_gmo_ngt_genszerkesztett_novenyek_genmodositas_mezogazdasag_klimavaltozas_onki_europai_bizottsag#rss
5f3401d2bca65a1f83ae57b1320dc4bc3259d9bbb55a0b55828070e9f544f8da,2024-02-24 11:38:14.168342+00:00,hu,borsonline.hu,borsonline.hu,2023-07-18,"Nem kertelt a tudós: halála előtt elárulta, hogyan pusztul ki az emberiség",https://www.borsonline.hu/aktualis/2023/07/nem-kertelt-a-tudos-halala-elott-elarulta-hogyan-pusztul-ki-az-emberiseg
748f729c00adc6b816c1bf17dcc5da40a65e8497d57e261e5f5b521cde985fd9,2024-02-23 07:52:04.592281+00:00,hu,infostart.hu,infostart.hu,2023-08-08,Újabb magyar stratégia 2030-ig,https://infostart.hu/belfold/2023/08/08/ujabb-magyar-strategia-2030-ig
5503b56982add35ac705e56b7a29b6c1b66370fb70f305ca8a0ecf71d2c188f6,2024-02-23 07:14:19.648680+00:00,hu,portfolio.hu,portfolio.hu,2023-08-09,Behálózzák az üzleti életet a zöld programok,https://www.portfolio.hu/uzlet/20230809/behalozzak-az-uzleti-eletet-a-zold-programok-vajon-tudjak-tartani-az-igereteket-a-vallalatok-631445
1c6c89c6702a6799de84fd0462c26eb54a239a7e865c5bebd2c6355d0b29f8ab,2024-02-23 06:28:14.704298+00:00,hu,baon.hu,baon.hu,2024-02-21,Fakitermelést végeznek a kecskeméti erdőkben,https://www.baon.hu/helyi-kozelet/2024/02/fakitermeles-erdok-kecskemet?utm_source=hirstart&utm_medium=referral&utm_campaign=hiraggregator
b055a2b98283db9506e47771c6688d5b74104002f9b7a23b4f638a2d2795ee61,2024-02-23 04:37:23.017952+00:00,hu,demokrata.hu,demokrata.hu,2024-02-21,Egy falu ha nagyot gondol,https://demokrata.hu/magyarorszag/egy-falu-ha-nagyot-gondol-772890/
537c926d84302fcc43f3269465d18f67b256d3160af634ea92ab9df67a82bfe7,2024-02-23 03:52:38.799319+00:00,hu,origo.hu,origo.hu,2023-08-11,A klímaváltozás kifejezéseivel is bővül a brit jelnyelv,https://www.origo.hu/tudomany/20230811-a-klimavaltozas-kifejezeseivel-is-bovul-a-brit-jelnyelv.html
aa796c7848a3bb02d38924e99035305d9ee0f7b13ea8c83c2f4ab0442d40831e,2024-02-23 02:45:18.219712+00:00,hu,demokrata.hu,demokrata.hu,2023-08-12,A természetvédelemnek teremtésvédelemmé kell válnia,https://demokrata.hu/gazdasag/a-termeszetvedelemnek-teremtesvedelemme-kell-valnia-715929/
7dc69931f5cac16501634d65e5e364e96cf2ba9933470f5cd57bebebebed9e49,2024-02-23 02:39:22.038576+00:00,hu,hirtv.hu,hirtv.hu,2023-08-12,Nagy István: a természetvédelemnek teremtésvédelemmé kell válnia!,http://hirtv.hu/hirtv_gazdasagi_hirei/nagy-istvan-a-termeszetvedelemnek-teremtesvedelemme-kell-valnia-2571446?utm_source=feed&utm_medium=rss
535c8c35804bf11645c3d13211f9f40be573283bd561d7ebc2d1f1773c3ad0b1,2024-02-23 02:30:56.113702+00:00,hu,mandiner.hu,mandiner.hu,2023-08-12,"Őrült nyár: ahol nem a tűz, ott a víz pusztít idén Európában",https://mandiner.hu/kulfold/2023/08/orult-nyar-ahol-nem-a-tuz-ott-a-viz-pusztit-iden-europaban
d5b397b03e033e2dfa6217a22c450efb10cfef16c7800ee166b0e8896ffa8531,2024-02-23 02:29:25.965563+00:00,hu,infostart.hu,infostart.hu,2023-08-12,Nagy István: a természetvédelemnek teremtésvédelemmé kell válnia!,https://infostart.hu/gazdasag/2023/08/12/nagy-istvan-a-termeszetvedelemnek-teremtesvedelemme-kell-valnia
5993b2be6c72e6c38788ecfe48e76f0903b809f2796e66ca29dd093be60e819b,2024-02-22 13:54:39.601316+00:00,hu,magyarnemzet.hu,magyarnemzet.hu,2023-08-22,Hogyan szabad locsolni a nagy nyári melegben?,https://magyarnemzet.hu/lugas-rovat/2023/08/szabad-e-locsolni-a-nagy-nyari-melegben
d0d6f66e98d42dd0031356a96dcff90f549121a7276b0e2d53793ef6c4a6dae5,2024-02-22 13:30:16.780357+00:00,hu,origo.hu,origo.hu,2023-08-22,"Nagy a baj, veszélyben vannak Európa édesvizei",https://www.origo.hu/tudomany/20230822-nagy-a-baj-vegveszelyben-vannak-europa-edesvizei.html
c57cfeb5f0336721b5a52c4dfa4dc733e509ba40c10c93c495a79bb035a2183b,2024-02-22 13:24:40.109804+00:00,hu,napi.hu,napi.hu,2023-08-22,"Nem minden zöld, ami fénylik",https://www.napi.hu/gazdasag/tokepiac-befektetesek-fenntarthatosag-greenwashing-mnb.776178.html
48a245cf92bc2f202f2f1911bd701ccc4fd4572f0a81a778be3def0a26775f70,2024-02-22 08:14:17.716427+00:00,hu,demokrata.hu,demokrata.hu,2023-08-26,Tarol az ukrán dömping,https://demokrata.hu/gazdasag/tarol-az-ukran-domping-720180/
160b672eb4db92b8621980546b245632a9abcd10cdf4de881787f9d34f2265f3,2024-02-22 04:31:43.907500+00:00,hu,origo.hu,origo.hu,2023-08-29,Itt a legújabb ötlet a korallzátonyok megsegítésére,https://www.origo.hu/tudomany/20230829-uj-eszkoz-a-korallzatonyok-megsegitesere.html
8b8b015707932551c0ecd31872adba1dac0a0a9755bd1633f0a6f525770463b9,2024-02-22 04:18:14.892708+00:00,hu,origo.hu,origo.hu,2023-08-29,Helyi élelmiszerek: nem a szállítási távolság a lényeg!,https://www.origo.hu/tudomany/20230828-fenntarthatosag.html
6841923dcea521682f3521b4a2abf28f629113b39c75137e5f8a816f4422755f,2024-02-22 01:14:30.784003+00:00,hu,dunaujvaros.com,dunaujvaros.com,2023-08-31,170 millió közvetlen EU-s forrásra pályázunk,https://dunaujvaros.com/hirek/202308/170_millio_kozvetlen_eu_s_forrasra_palyazunk
18cfd39652cff98fcc2fce071152a88e7dfd285c40d9716462bf02b9a5d29eeb,2024-02-22 00:09:57.522596+00:00,hu,infostart.hu,infostart.hu,2023-09-01,Global Witness: ömlik az orosz LNG Európába,https://infostart.hu/kulfold/2023/09/01/global-witness-omlik-az-orosz-lng-europaba
8a7ee08f3105a9712fa4855539d931b42c5258fac12d9be61acfb3d8e7fe73c3,2024-02-21 21:33:39.179989+00:00,hu,mandiner.hu,mandiner.hu,2023-09-03,"A természetben nincs „ágyban, párnák közt” – A Remény Farm alapítóival beszélgettünk",https://mandiner.hu/belfold/2023/09/a-termeszetben-nincs-agyban-parnak-kozt-a-remeny-farm-alapitoival-beszelgettunk
96f44ec0e87200068942e5fcefa183a5fa3bfc53166389b239a3330337ce7c46,2024-02-21 17:36:49.602845+00:00,hu,blikk.hu,blikk.hu,2023-09-06,Újabb veszély a Földön? Óriási tanulmány figyelmeztet idegen fajok inváziójára,https://www.blikk.hu/ferfiaknak/tech/ffigyelmeztetes-idegen-fajok-invaziojara/gjlzren
1f28a7776f9b7945328ebb4ccfffee359577d39b954680c5505c9fd41c390a68,2024-02-21 10:55:40.815034+00:00,hu,nepszava.hu,nepszava.hu,2023-09-09,"Sokba kerülnek, világszerte évente mintegy 423 milliárd dollár veszteséget okoznak az invazív fajok",https://nepszava.hu/3208079_invaziv-faj-veszteseg-vilag-minden-ev
e50f67b922fff142b0e8d8905ed3563c0126ce15c3fad3be9852e378813c5afa,2024-02-21 10:30:03.243264+00:00,hu,ripost.hu,ripost.hu,2023-09-10,"Egyre több a betelepült, idegen állat- és növényfaj az országban: mit lehet tenni a veszély ellen?",https://ripost.hu/insider/2023/09/egyre-tobb-az-idegen-allat-es-novenyfaj-itthon
c100a078566960443796d64ce1c9680442e6b68f34f642a1507c8cb8315e8474,2024-02-21 08:50:07.707412+00:00,hu,origo.hu,origo.hu,2023-09-11,Egyre súlyosabb fenyegetést jelentenek az invazív fajok,https://www.origo.hu/tudomany/20230911-am-az-invazios-fajok-behurcolasa-es-terjedese-vilagszerte-a-biodiverzitas-csokkenesenek-egyik.html
fbd9b6ef8bdc226536815944c5819c197365e3821ee68cf23142e7fac5307131,2024-02-21 04:44:34.313664+00:00,hu,magyarnarancs.hu,magyarnarancs.hu,2024-02-19,"Az EU-s vezető, aki a családból hozta magával az európai éthoszt",https://magyarnarancs.hu/kulpol/az-eu-s-vezeto-aki-a-csaladbol-hozta-magaval-az-europai-ethoszt-265801
0c80232beb09abff69b20ffb4e97a28336d82c1b8830a3ca710874f084f6ff63,2024-02-21 01:23:34.064448+00:00,hu,24.hu,24.hu,2023-09-17,Ukrajnai gátszakadás: emberi maradványokat sodort a víz a Fekete-tengerbe,https://24.hu/tudomany/2023/09/17/ukrajnai-haboru-gatszakadas-nova-kahovka-kornyezeti-hatasok/
ba2c775a7a9fc08912dd09aec472e003694e21991da94d12038310a992516fbf,2024-02-20 19:32:24.756892+00:00,hu,index.hu,index.hu,2023-09-21,Állva ünnepelték III. Károlyt a francia szenátus tagjai,https://index.hu/kulfold/2023/09/21/iii.-karoly-emmanuel-macron-francia-szenatus-kornyezetvedelem/
7b2e764af6e0dd4896639a64e7e5fc3f5f5b17b39ecd5c3a5af8dff62842d6b0,2024-02-20 18:48:07.067021+00:00,hu,index.hu,index.hu,2023-09-22,"Mennyi az esély arra, hogy még ebben az évszázadban összeomlik a civilizáció?",https://index.hu/kultur/2023/09/22/brain-bar-szathmary-eors-evoluciobiologus-civilizacio-osszeomlas/
cc883ec222e2028d7e5256b09647e31ba17b3dd95feeb1238dcbba4758218dac,2024-02-20 18:25:51.949048+00:00,hu,dunaujvaros.com,dunaujvaros.com,2023-09-22,"Elkezdődtek, sok fiatalt megmozgattak az Európai Mobilitási Hét városi eseményei",https://dunaujvaros.com/hirek/202309/elkezdodtek_sok_fiatalt_megmozgattak_az_europai_mobilitasi_het_varosi_esemenyei
6583ec6c9eb14a33303ed035863b550e13d9f214ecb84c97118164f4a69ef1e1,2024-02-20 18:07:55.012059+00:00,hu,magyarnemzet.hu,magyarnemzet.hu,2023-09-22,Túlélünk vagy feladjuk?,https://magyarnemzet.hu/kultura/2023/09/tulelunk-vagy-feladjuk
2749b7c70eb6808b8f8ed58836f2d3c73a884ee5cd7cb298d014faf5c7a55aad,2024-02-20 17:30:39.523929+00:00,hu,index.hu,index.hu,2023-09-23,"A fél világ azt lesi, amit Matolcsy Györgyék kitaláltak",https://index.hu/gazdasag/2023/09/23/fold-bolygo-fenntarthatosag-kandracs-csaba-jegybank-mnb-esg-gyorgy-laszlo-harmonikus-novekedesi-index-hni/
5046ee0368f6543205b4fbada4744fde3b90bc84668cb1c5eb798458ae88d5c7,2024-02-20 12:56:26.404844+00:00,hu,demokrata.hu,demokrata.hu,2023-09-26,"Áder János: Az egész világon probléma, hogy kizsigerelik a termőföldet",https://demokrata.hu/magyarorszag/ader-janos-az-egesz-vilagon-problema-hogy-kizsigerelik-a-termofoldet-733943/
58520ef49e10451852cc66001c2ee4a2e81d9a2d90d910d1db83c71afb534e75,2024-02-20 12:48:35.381028+00:00,hu,magyarnemzet.hu,magyarnemzet.hu,2023-09-26,Szabadulószobás program is lesz a budapesti fenntarthatósági expón,https://magyarnemzet.hu/belfold/2023/09/szabaduloszobas-program-is-lesz-a-budapesti-fenntarthatosagi-expon-ader-janos-planet-budapest-2023-videojatek-heroes-of-the-future-your-planet
0938b3736f5072312de70324f42b9edf0db4108db0864722bab87bf1ace04bb2,2024-02-20 10:39:24.203816+00:00,hu,demokrata.hu,demokrata.hu,2023-09-27,Áder János: A klímaváltozás az emberiség közös stresszhelyzete,https://demokrata.hu/zold-jovo/ader-janos-a-klimavaltozas-az-emberiseg-kozos-stresszhelyzete-734385/
668d89914587c7fe63d729423ab0afde35c912fa5f3a9a7028ca88480c4f646e,2024-02-20 10:29:25.497278+00:00,hu,index.hu,index.hu,2023-09-27,"Áder János: Legyünk mi az a nemzedék, amely ezt az önsorsrontást befejezi",https://index.hu/gazdasag/2023/09/27/ader-janos-zold-index-klimavedelem-planet-budapest-2023-beszed-klimapolitika-klimakonferencia/
d5876af348b8f9ddaa8469b8ff99f6e7431fea0e9ab31ed9ecb07f35d15e5b6c,2024-02-20 10:04:47.950871+00:00,hu,infostart.hu,infostart.hu,2023-09-27,"Drámai folyamat a magyar földekben, talajokban is",https://infostart.hu/belfold/2023/09/27/dramai-folyamat-a-magyar-foldekben-talajokban-is
1abdc324590c3491f899ebc2f5784f2fe9a28f61bde6be8524165ce6a9860fc7,2024-02-20 03:04:32.843318+00:00,hu,hvg.hu,hvg.hu,2024-02-18,"„Jobban kellene figyelni a vízvisszatartásra, de még inkább az akkugyárakra”",https://hvg.hu/gazdasag/20240218_Virginijus_Sinkevicius_interju_europai_bizottsag_kornyezetvedelmi_biztos_kornyezetvedelem_akkugyarak_energiaszegenyseg_vizvalsag
0358deebe7ed2e836012d72469c5df8348003d64216fcf78acbad7d06e752246,2024-02-19 13:13:57.321965+00:00,hu,index.hu,index.hu,2023-10-10,"Összegyűltek a Föld bajnokai, okosan is lehet pazarolni",https://index.hu/tudomany/2023/10/10/eon-zold-palyazat-dij-atado-fenntarthatosag-energia/
7477b37b5c89e57927b61b34bd709e7ec63baafa8d9348f7edf14b3548b9fac1,2024-02-19 12:51:10.666629+00:00,hu,portfolio.hu,portfolio.hu,2023-10-10,Érzelmi megterhelés a munkahelyen? Egyáltalán nem magánügy a mentális egészség,https://www.portfolio.hu/uzlet/20231010/erzelmi-megterheles-a-munkahelyen-egyaltalan-nem-maganugy-a-mentalis-egeszseg-644527
5d987dba022b13c92261257fe58c2ebc5c56d5b9b717776f2f00d91e7fb26feb,2024-02-19 12:22:32.824263+00:00,hu,szeretlekmagyarorszag.hu,szeretlekmagyarorszag.hu,2023-10-10,"Egyre több embert kellene kiszolgálniuk, miközben a vegyszerek és a klímaváltozás veszélyezteti őket. Így védhetnénk meg a méheket és a beporzókat",https://www.szeretlekmagyarorszag.hu/jovo/egyre-tobb-embert-kellene-kiszolgalniuk-mikozben-a-vegyszerek-es-a-klimavaltozas-veszelyezteti-oket-igy-vedhetnenk-meg-a-meheket-es-a-beporzokat/
8f5c8c41892f82b3fc3a5dcc01251afe2df5ece65d30620f808d8dfa52947830,2024-02-19 10:16:00.043574+00:00,hu,portfolio.hu,portfolio.hu,2023-10-11,Elkerülhetetlen a vállalkozások intenzív fejlesztése,https://www.portfolio.hu/gazdasag/20231011/elkerulhetetlen-a-vallalkozasok-intenziv-fejlesztese-645069
a66d292e8252b3ab30dc2ab16ac1ac2788f67a135572e45078db1053cc5a6e6d,2024-02-19 06:42:17.152245+00:00,hu,portfolio.hu,portfolio.hu,2023-10-13,A mesterséges intelligencia ment meg a klímakatasztrófától?,https://www.portfolio.hu/uzlet/20231013/a-mesterseges-intelligencia-ment-meg-a-klimakatasztrofatol-645165
9af5a56ca35328cc68e69a557e8f19807fccc2df4d4300afa0ee9ca5974c5400,2024-02-19 03:45:08.828364+00:00,hu,index.hu,index.hu,2023-10-15,"Megkongatták a vészharangot Matolcsy Györgyék, halálos veszélyben vagyunk",https://index.hu/gazdasag/2023/10/15/mnb-kandracs-csaba-interju-matolcsy-inflacio-harmonikus-novekedesi-index/
195cbbdca96e945bfb5038425ffcc0e30e29ebb3f5cd3d8288767baf171cf884,2024-02-19 01:17:20.297109+00:00,hu,alfahir.hu,alfahir.hu,2023-10-16,Természetvédelmi Világalap: a víz áll a növekvő globális válság középpontjában,https://alfahir.hu/hirek/termeszetvedelmi-vilagalap-a-viz-all-a-novekvo-globalis-valsag-kozeppontjaban
69e872bcc4222aaf6a0589c1673452c1992600458177636e5e4678b38af651d3,2024-02-19 00:13:09.123518+00:00,hu,origo.hu,origo.hu,2023-10-17,"MuraDrávaDuna: 20 millió euró ""Európa Amazonasának"" újjáélesztésére",https://www.origo.hu/tudomany/20231016-mura-drava.html
1d1817b2d400043dd3afaa04ed07937c20dac5b0f04f7887945937c68657a2bc,2024-02-18 21:45:41.252157+00:00,hu,pestisracok.hu,pestisracok.hu,2023-10-18,"A magyar mezőgazdasági termékeket importálók biztosak lehetnek abban, hogy terményeink kiváló minőségűek és GMO-mentesek – Megjelent a 3. Nemzeti Biodiverzitás Stratégia",https://pestisracok.hu/a-magyar-mezogazdasagi-termekeket-importalok-biztosak-lehetnek-abban-hogy-termenyeink-kivalo-minoseguek-es-gmo-mentesek-megjelent-a-3-nemzeti-biodiverzitas-strategia/
0068c5be17097549dd5199d2e2b1a454f0b8ffa66beb0cdcd47d8a307bd7779b,2024-02-18 18:53:54.484485+00:00,hu,portfolio.hu,portfolio.hu,2023-10-20,Újjáélesztik „Európa Amazonasát”,https://www.portfolio.hu/uzlet/20231020/ujjaelesztik-europa-amazonasat-hatalmas-termeszetvedelmi-projekt-indul-646933
bec55d99cceedf2a02ffa209197184ea8d4cb034b52c6f50427ad2dbd901cb0d,2024-02-18 17:04:37.151741+00:00,hu,index.hu,index.hu,2023-10-21,Ezt a magyar teljesítményt még az ENSZ is megsüvegelte,https://index.hu/gazdasag/2023/10/21/zold-fenntarthatosag-pressinform-ensz-ipra-mehek-biodiverzitas/
aef38482ad2942f3f351cd87ba8da29d74c8b2d7ae0d3417eb7292b21a8f942c,2024-02-18 08:05:54.194609+00:00,hu,szeretlekmagyarorszag.hu,szeretlekmagyarorszag.hu,2024-02-16,Folytatódik a nagysikerű eseménysorozat: márciustól indul a Budafoki Pincejárat,https://www.szeretlekmagyarorszag.hu/programok/folytatodik-a-nagysikeru-esemenysorozat-marciustol-indul-a-budafoki-pincejarat/
a88743bb2fbf0ad27e436da9e4ffc3dad1b703f23a6d2368aa9987d877ff1556,2024-02-18 08:05:52.908737+00:00,hu,szeretlekmagyarorszag.hu,szeretlekmagyarorszag.hu,2024-02-16,10 izgalmas budapesti programötlet a borongós téli estékre,https://www.szeretlekmagyarorszag.hu/programok/10-izgalmas-budapesti-programotlet-a-borongos-teli-estekre/
cee6b26cd1e3958b5260c99455eefec96e609eca0b112c317deef0d233cb34e0,2024-02-18 04:26:27.230093+00:00,hu,ripost.hu,ripost.hu,2024-02-16,"Összefognak a tiltakozó európai gazdák, nyomás alatt Brüsszel",https://ripost.hu/politik/2024/02/osszefognak-az-europai-gazdak-nyomas-alatt-brusszel
a003d07bdb36d6721f761d218417663ee645278dbc9a3737dfe1593abdf8d5db,2024-02-18 04:25:40.242887+00:00,hu,sonline.hu,sonline.hu,2024-02-16,A globális erdőirtás megfékezéséért,https://www.sonline.hu/helyi-kozelet/2024/02/a-globalis-erdoirtas-megfekezeseert?utm_source=hirstart&utm_medium=referral&utm_campaign=hiraggregator
c045f3185f161252ae02666660aff820be80edf2bf4ff05f3927db91fb950139,2024-02-17 22:56:05.835917+00:00,hu,origo.hu,origo.hu,2023-10-31,"Így élesztik újjá az élővilágot a Mura, Dráva és Duna mentén",https://www.origo.hu/tudomany/20231031-hatalmas-termeszetvedelmi-projekt-indult-europa-amazonasanak-ujjaelesztesere.html
54fe6078c19e5bd441bfd069b38c7e5aef2d742285de8ed04b337d6ae95ad0f7,2024-02-17 10:08:36.945601+00:00,hu,origo.hu,origo.hu,2023-11-07,MuraDrávaDuna: hatalmas természetvédelmi projekt indul Európa Amazonasának újjáélesztésére,https://www.origo.hu/tudomany/20231106-termeszetvedelem.html
6937540870a02cb53f8ee6b002a21e925ad7623095b3f8dcd60bca3c427378a1,2024-02-16 21:49:24.458602+00:00,hu,demokrata.hu,demokrata.hu,2023-11-13,Nagy István: Magyarország GMO-mentes mezőgazdaságot épít,https://demokrata.hu/magyarorszag/nagy-istvan-magyarorszag-gmo-mentes-mezogazdasagot-epit-753898/
89cb45e698c5bf38e7b8226099ff65bf5ba9a9c996084543cef5a3e8aba22815,2024-02-15 06:24:26.577536+00:00,hu,portfolio.hu,portfolio.hu,2023-12-03,Tüntetők zavarták meg a brüsszeli klímacsúcsot,https://www.portfolio.hu/global/20231203/tuntetok-zavartak-meg-a-brusszeli-klimacsucsot-655457
de7061e9f5fcd5a644641b5a9c49ae8ceb347861b72285df6374d680c4c856e4,2024-02-15 03:27:54.500448+00:00,hu,haon.hu,haon.hu,2024-02-13,Zöld Kódex: ezek a legfontosabb intézkedések Debrecen fenntartható jövőjéért,https://www.haon.hu/helyi-kozelet/2024/02/zold-kodex-kornyezetvedelem-fenntarthatosag-debrecen?utm_source=hirstart&utm_medium=referral&utm_campaign=hiraggregator
2e2cf25fcdfac83e90f2abaee25cea5ce7439347adcb3eed7958f0aa74e75386,2024-02-12 08:45:52.930814+00:00,hu,beol.hu,beol.hu,2024-02-10,"Minden gyerek hallhatta, mekkora kincs a tócsa, a vízállás",https://www.beol.hu/helyi-kozelet/2024/02/minden-gyerek-hallhatta-mekkora-kincs-a-tocsa-a-vizallas?utm_source=hirstart&utm_medium=referral&utm_campaign=hiraggregator
b7b0c9c13421e38a5d6d655587985893032d033a04bbba8d47f473e956a549a0,2024-02-11 02:51:45.770264+00:00,hu,infostart.hu,infostart.hu,2024-02-09,Nemzeti ételük miatt aggódnak a spanyolok egy uniós tilalom nyomán,https://infostart.hu/kulfold/2024/02/09/nemzeti-eteluk-miatt-aggodnak-a-spanyolok-egy-unios-tilalom-nyoman
92c6a08bc925b9b3b9ffaac30b080599ba881b6740732d0da6483ed421c16088,2024-02-10 07:04:06.505327+00:00,hu,vg.hu,vg.hu,2024-02-08,Az EU miatt eltűnhet a spanyolok nemzeti étele,https://www.vg.hu/nemzetkozi-gazdasag/2024/02/az-eu-miatt-eltunhet-a-spanyolok-nemzeti-etele?utm_source=hirstart&utm_medium=referral&utm_campaign=hiraggregator
c69b5f722d535925f7ff9d4f79344a4a183cca3a4b4ab5151e1a6a659b1f50a0,2024-02-07 02:58:17.864425+00:00,hu,sonline.hu,sonline.hu,2024-02-05,Tarolt a rezsi és az agrár CO2 kalkulátor,https://www.sonline.hu/helyi-gazdasag/2024/02/tarolt-a-rezsi-es-az-agrar-co2-kalkulator?utm_source=hirstart&utm_medium=referral&utm_campaign=hiraggregator
482756eaedcb4eb94d81ddc1b668017d2040bb1ecc384d7b6ebc4d4942a948e0,2024-02-02 03:29:13+00:00,hu,24.hu,24.hu,2024-01-31,Szinte elpusztíthatatlan férgek jelentek meg Magyarországon,https://24.hu/tudomany/2024/01/31/szinte-elpusztithatatlan-fergek-jelentek-meg-magyarorszagon/
58c61b2054d6e4defde8c22858d433b0f93d3ec0fc4dc248f40edda915131fa5,2024-02-02 01:34:06+00:00,hu,haon.hu,haon.hu,2024-01-31,Balázs Ákos: tudományos háttér és együttműködés – így készült Debrecen Zöld kódexe,https://www.haon.hu/helyi-kozelet/2024/01/debrecen-balazs-akos-zold-kodex-fenntarthatosag-kornyezetvedelem-interju-haon?utm_source=hirstart&utm_medium=referral&utm_campaign=hiraggregator
9852f50ce5e8ee864a6592395fcb2a0c20f6d7056f9225754ab3a7f32d882eb0,2024-01-27 09:13:03+00:00,hu,origo.hu,origo.hu,2024-01-25,A hajóroncsok a biodiverzitás forrópontjai és a tenger veszélyeztetői is egyben,https://www.origo.hu/tudomany/20240124-titanic.html
d7a40c03687219c8020d5a23ce4c2491b72eff76df195c5af7f7d7f1b7c11f2e,2024-01-27 03:15:22+00:00,hu,borsonline.hu,borsonline.hu,2024-01-25,Változatos haltelepítés: izgalmasabb horgászat!,https://www.borsonline.hu/aktualis/2024/01/valtozatos-haltelepites-izgalmasabb-horgaszat
be76fc9d2bde48159a391613ec7242abdc6fbd1aebd350f6e84d28aa0b09dfec,2024-01-27 03:01:32+00:00,hu,ripost.hu,ripost.hu,2024-01-25,Megkezdődött Németország leghosszabb vasutassztrájkja,https://ripost.hu/politik/2024/01/megkezdodott-nemetorszag-leghosszabb-vasutassztrajkja
e851386f79b618f5797e2bb36e77eae12ec6f7aee48b465b73eddcbb1ae4c825,2024-01-26 07:08:19+00:00,hu,ripost.hu,ripost.hu,2024-01-24,Franciaországban is egyre nagyobb a gazdatüntetés,https://ripost.hu/politik/2024/01/franciaorszagban-is-egyre-nagyobb-a-gazdatuntetes
6985e68e39a372878950165078e222eeb4c4d896f97f8464b2a63fcc5093b353,2024-01-26 05:05:16+00:00,hu,magyarnemzet.hu,magyarnemzet.hu,2024-01-24,"Elkészült Debrecen Zöld kódexe, hazánk legkomplexebb környezetvédelmi programja",https://magyarnemzet.hu/belfold/2024/01/elkeszult-debrecen-zold-kodexe-hazank-legkomplexebb-kornyezetvedelmi-programja?utm_source=hirstart&utm_medium=referral&utm_campaign=hiraggregator
3f3dc135715c00176dab12cce513b367b4dafe16700a22ce63cedfac858170b0,2024-01-26 03:00:43+00:00,hu,haon.hu,haon.hu,2024-01-24,A Zöld Kódexnek köszönhetően Debrecen akár Európa zöld fővárosa is lehet,https://www.haon.hu/helyi-kozelet/2024/01/debrecen-papp-laszlo-zold-kodex-kornyezetvedelem-civaqua-monitoring-rendszer-haon?utm_source=hirstart&utm_medium=referral&utm_campaign=hiraggregator
af1dd7601bdb0c67223b85ecbd9265567e0daa7a0abd75062d83340d0763cdf0,2024-01-25 04:14:46+00:00,hu,haon.hu,haon.hu,2024-01-23,A természet és a technológiai fejlődés egyensúlyát hivatott fenntartani Debrecen új kutatóközpontja,https://www.haon.hu/helyi-kozelet/2024/01/biodiverzitas-klimavaltozas-egyetem-debrecen-uj-kutatokozpont-haon?utm_source=hirstart&utm_medium=referral&utm_campaign=hiraggregator
edeb9acb641cefeb2ab42d96e7f42344fbc50f40e5453558d14bbaf01671d3a1,2024-01-19 06:51:46+00:00,hu,magyarnemzet.hu,magyarnemzet.hu,2024-01-17,Weiner Sennyey Tibor: Tanuljunk a méhektől!,https://magyarnemzet.hu/kultura/2024/01/hobbi-weiner-sennyey-tibor-meheszet?utm_source=hirstart&utm_medium=referral&utm_campaign=hiraggregator
2f058269e486a1d5d653fb81fcfe0e0bfd8fdb1e4969865ebfa5e75d5882c297,2024-01-13 02:55:35+00:00,hu,portfolio.hu,portfolio.hu,2024-01-11,Emmanuel Macron: A háborúk ellenére el kell érni a kitűzött céljainkat,https://www.portfolio.hu/gazdasag/20240111/emmanuel-macron-a-haboruk-ellenere-el-kell-erni-a-kituzott-celjainkat-661321
8e01e0b4907cfbdf82458f50645387c71fea079423524d5193287fbb479e6486,2024-01-07 01:18:35+00:00,hu,teol.hu,teol.hu,2024-01-05,"A kert gyógyír a léleknek is, emellett sok hasznot hoz",https://www.teol.hu/helyi-gazdasag/2024/01/a-kert-gyogyir-a-leleknek-is-emellett-sok-hasznot-hoz?utm_source=hirstart&utm_medium=referral&utm_campaign=hiraggregator
df93fd69c020eb313dc7cd4900e018be50d82ebc945f9f65865637fe19a458c5,2023-12-28 01:45:09+00:00,hu,zaol.hu,zaol.hu,2023-12-26,Visszatekintő 2023. áprilisára,https://www.zaol.hu/helyi-kozelet/2023/12/visszatekinto-2023-aprilisara?utm_source=hirstart&utm_medium=referral&utm_campaign=hiraggregator
d0807e8c3d435df33b6004fcd85c505618129ff4a2c2aab4a94d97094e3331db,2023-12-14 03:44:33+00:00,hu,zaol.hu,zaol.hu,2023-12-11,Térségi híreink röviden,https://www.zaol.hu/helyi-kozelet/2023/12/tersegi-hireink-roviden-79?utm_source=hirstart&utm_medium=referral&utm_campaign=hiraggregator
bcbf8c170d94cae192f7c90b1cfeb0c1ee7031a6b2fc18fa10d28c213fc933ee,2023-12-12 03:46:35+00:00,hu,zaol.hu,zaol.hu,2023-12-10,"Fontos lenne a Balatonnak, hogy befagyjon",https://www.zaol.hu/helyi-kozelet/2023/12/fontos-lenne-a-balatonnak-hogy-befagyjon?utm_source=hirstart&utm_medium=referral&utm_campaign=hiraggregator
bc20a465a1e1be577f1cade9693ae02f94c381623b74d46110d4715757222753,2023-12-09 03:00:44+00:00,hu,sonline.hu,sonline.hu,2023-12-07,Évente 80–110 millió köbméter talajt veszítünk el Magyarországon,https://www.sonline.hu/helyi-gazdasag/2023/12/evente-80-110-millio-kobmeter-talajt-veszitunk-el-magyarorszagon?utm_source=hirstart&utm_medium=referral&utm_campaign=hiraggregator
b275b0f0b42d233b4875258b64758dd4d64f0b7bee0bbd2a29ff4aa5227b6771,2023-12-06 06:51:31+00:00,hu,sonline.hu,sonline.hu,2023-12-04,SONLINE,https://www.sonline.hu/helyi-kozelet/2023/12/jeget-kivan-a-balaton?utm_source=hirstart&utm_medium=referral&utm_campaign=hiraggregator
170995d39d37232c8bce15cc535c5b6929ceffcddd4212f36676bbe92b4e6807,2023-12-06 03:45:06+00:00,hu,portfolio.hu,portfolio.hu,2023-12-03,Tízezrek vonultak fel a brüsszeli klímameneten,https://www.portfolio.hu/global/20231203/tizezrek-vonultak-fel-a-brusszeli-klimameneten-655457
5b21b440489699a5b0122477bf57a8e9c76a3fc6567dcc435a8b3fef52b17ce0,2023-12-03 03:56:15+00:00,hu,pestisracok.hu,pestisracok.hu,2023-12-01,III. Károly mindenkit leteremtett az éghajlatváltozás miatt,https://pestisracok.hu/iii-karoly-mindenkit-leteremtett-az-eghajlatvaltozas-miatt/
80a943519b997ed75137f808f643e7af51a1a191c376e8a10835197ec0eab27d,2023-12-03 03:56:06+00:00,hu,pestisracok.hu,pestisracok.hu,2023-12-01,III. Károly mindenkit leteremtett az éghajlatváltozás miatt,https://pestisracok.hu/iii-karoly-mindenkit-leteremtett-az-eghajlatvaltozas-miatt/comment-page-1/
94e4658419a9008f7c930dd4970cf4f1e20410810541bc8d9045fb2bee546973,2023-12-01 02:37:45+00:00,hu,haon.hu,haon.hu,2023-11-29,Legyen Debrecen Európa Zöld Fővárosa,https://www.haon.hu/helyi-kozelet/2023/11/debrecen-europa-zold-fovaros-konferencia-csokonai-forum-haon?utm_source=hirstart&utm_medium=referral&utm_campaign=hiraggregator
f59099fb1dc8c36564cf0483e85392f0548931822cceb7f54cf4670f35e0de1a,2023-11-30 01:44:42+00:00,hu,vaol.hu,vaol.hu,2023-11-28,"Körbejártuk az aktuális vadászati kérdéseket, Vasban nincs sertéspestis",https://www.vaol.hu/helyi-kozelet/2023/11/korbejartuk-az-aktualis-vadaszati-kerdeseket-vasban-nincs-sertespestis?utm_source=hirstart&utm_medium=referral&utm_campaign=hiraggregator
60fd96eb1179621c35954181c07a930591fd82a3774c922153ceef9dc6837d62,2023-11-26 01:45:34+00:00,hu,portfolio.hu,portfolio.hu,2023-11-24,Meredeken növő pályán a globális anyaghasználat,https://www.portfolio.hu/gazdasag/20231124/meredeken-novo-palyan-a-globalis-anyaghasznalat-mikor-hagyjuk-abba-a-fold-kizsigereleset-653627
da064bc30b1e3c1f4b9358358313535e41ca953d02ce3f29a9a24dc0156db1d7,2023-11-17 05:10:27+00:00,hu,origo.hu,origo.hu,2023-11-15,Megváltoztatja az állatok agyát az éghajlatváltozás,https://www.origo.hu/tudomany/20231115-az-allatok-agyat-megvaltoztatja-az-eghajlatvaltozas.html
95a1a143a811cc753e7d35e430b59d7219834347385907fc0772787cc3fec4c3,2023-11-13 03:05:23+00:00,hu,origo.hu,origo.hu,2023-11-11,Újabb élőlények kerültek a veszélyeztetett fajok növekvő listájára,https://www.origo.hu/tudomany/20231111-tovabb-novekszik-a-veszelyeztetett-fajok-listaja.html
