id,indexed_date,language,media_name,media_url,publish_date,title,url
a7de9f04c57478ec749a38895ada0576b84721c79c292a991561b3ee526137ea,2026-08-16 09:27:58.626002+00:00,hu,index.hu,index.hu,2026-08-16,Tisztított szennyvízből töltenék fel a Velencei-tavat,https://index.hu/tudomany/2026/08/16/greenpeace-bio-diverzitas-viz-hiany-globalis-felmelegedes-klima-valsag-energia/
189f590a60e06ed28d2c34984fef697d3baf82f94eab565f6a27132b1a76a8ac,2026-08-11 19:26:23.560699+00:00,hu,index.hu,index.hu,2026-08-11,"Van megoldás a hőhullámra és a vízhiányra, de komoly áldozatot kellene hoznunk érte",https://index.hu/belfold/2026/08/11/klimavaltozas-eghajlatvaltozas-hohullam-aszaly-vizhiany-idojaras-greenpeace-pribeli-levente/
ec9f1129ad3817a5865301f1db8984629ff29d0bc20738e256c9df30f7313beb,2026-07-27 05:24:55.767245+00:00,hu,blikk.hu,blikk.hu,2026-07-27,A fák molekuláris szintű nyomonkövetése és klímarezisztens fajok telepítése teremt új korszakot az európai erdőkben,https://www.blikk.hu/ferfiaknak/tech/erdok-eu-digitalis-ellenorzes-uj-korszak/bgexyhy
de1f62e2fbdcadca0aca1d1f33773be9af579a3f880188b824f8516c942da85b,2026-07-17 15:17:18.726020+00:00,hu,blog.hu,blog.hu,2026-07-17,Ellentmondások a fogyasztói társadalom és a fennntarthatóság között,https://fogyasztas.blog.hu/2026/07/17/ellentmondasok_a_fogyasztoi_tarsadalom_es_a_fennntarthatosag_kozott
8616879e8a18d228e1e2335f3d78237b226386532f332794733b11a9f23effc9,2026-07-15 17:43:08.217947+00:00,hu,hvg.hu,hvg.hu,2026-07-15,"3,04 billió fa élhet a Földön, de sokkal megdöbbentőbb, hogy mennyi tűnt el",https://hvg.hu/tudomany/20260715_mennyi-fa-el-a-foldon-erdo-fakivagas-kornyezetvedelem-globalis-felmelegedes-klimavaltozas
8c30bde6cf4030369cc29b023f91e66f76d8e70bca3d60cf2f0e7de8a1cc2d8f,2026-07-11 06:17:51.546256+00:00,hu,portfolio.hu,portfolio.hu,2026-07-11,Nem kellene életben tartani a falvakat?,https://www.portfolio.hu/krtk/20260711/nem-kellene-eletben-tartani-a-falvakat-848272
ba44734365be7daf7e38aa0608c46a03984c911c273a43abb3a262b858555640,2026-06-25 13:26:36.949640+00:00,hu,origo.hu,origo.hu,2026-06-25,Hívatlan vendégek szállják meg Magyarországot: a legagresszívebb invazív állatok,https://www.origo.hu/tudomany/2026/06/invazios-fajok-magyarorszagon-2
2eded312bb7c5e394b7b44ebd372cb6d3ee8dc6893dfe8751f1ace868ad7f316,2026-06-08 14:31:16.710692+00:00,hu,ripost.hu,ripost.hu,2026-06-08,Kék csoda a bolygónkon: ma van az Óceánok Világnapja – teszteld a tudásod!,https://ripost.hu/insider/2026/06/kviz-az-oceanokrol
696b7f983e7ad0fdfaff816215cfe71eaac4780cfa7b5842e57a024260742054,2026-06-06 13:36:17.404361+00:00,hu,magyarhirlap.hu,magyarhirlap.hu,2026-06-06,Megállítják-e végre Magyarország kiszáradását?,https://magyarhirlap.hu/kornyezet/20260606-megallitjak-e-vegre-magyarorszag-kiszaradasat
1b5f8ca364c6cd4f99bf9bb39f2927061a5b076e69db75c6c76223b577296c47,2026-06-05 09:20:58.553417+00:00,hu,blikk.hu,blikk.hu,2026-06-05,Agresszív kígyófaj lepte el a magyarok népszerű nyaralóhelyét: ijesztő sebességgel terjed,https://www.blikk.hu/eletmod/utazas/ibiza-kigyo/26ecflc
eac4da671e4e6ffdc4fd137a8fe13878917a20d96d2b1a56270c31e1770a3f24,2026-05-20 10:46:28.958153+00:00,hu,magyarkurir.hu,magyarkurir.hu,2026-05-20,A vállalatirányítás és a teremtésvédelem összefüggésével foglalkozott a Pázmány workshopja,https://www.magyarkurir.hu/hirek/a-vallalatiranyitas-es-teremtesvedelem-osszefuggesevel-foglalkozott-pazmany-workshopja
3a30753b3e88367d5602d8b732d194776a4c6b4e208ea0ecc0646edcc3d1912c,2026-05-10 07:20:01.876292+00:00,hu,portfolio.hu,portfolio.hu,2026-05-10,A tétlenség ára – Óriási összegeket tesz ki a természetkárosítás elhallgatott számlája,https://www.portfolio.hu/gazdasag/20260510/a-tetlenseg-ara-oriasi-osszegeket-tesz-ki-a-termeszetkarositas-elhallgatott-szamlaja-833644
48a8b2552db01fbf2f6ba73afde27afee1feb96b1ac2364c6ef65bec50fc2880,2026-05-05 18:21:02.442984+00:00,hu,portfolio.hu,portfolio.hu,2026-05-05,Visszafordíthatatlan pusztulást hozhat a hajsza a bolygó legrejtettebb kincseiért,https://www.portfolio.hu/gazdasag/20260505/visszafordithatatlan-pusztulast-hozhat-a-hajsza-a-bolygo-legrejtettebb-kincseiert-834850
ab96ad70994cd4876c89684edc12752f987d4945b49081facdbae10ce76cf08c,2026-04-29 07:24:49.839084+00:00,hu,portfolio.hu,portfolio.hu,2026-04-29,Fájdalmas bejelentést tettek a kutatók: egy Dániával egyenlő területű esőerdő tűnt el örökre,https://www.portfolio.hu/gazdasag/20260429/fajdalmas-bejelentest-tettek-a-kutatok-egy-daniaval-egyenlo-teruletu-esoerdo-tunt-el-orokre-833510
2894d25baed16791649600e47897c035ee184b47fc09ec3252a2efffc42f2d23,2026-04-26 16:29:37.847505+00:00,hu,portfolio.hu,portfolio.hu,2026-04-26,"Tönkreteszik a Földet a cégek, mert még mindig ez a legjövedelmezőbb üzlet nekik",https://www.portfolio.hu/gazdasag/20260426/tonkreteszik-a-foldet-a-cegek-mert-meg-mindig-ez-a-legjovedelmezobb-uzlet-nekik-831876
627e82025e74ee938a607127cec1af47e26f02aa498be3a2aa0dcf8e98f7e645,2026-04-26 16:20:35.601858+00:00,hu,magyarhirlap.hu,magyarhirlap.hu,2026-04-26,Klímaváltozás: visszafordítható még a folyamat?,https://magyarhirlap.hu/kornyezet/20260426-klimavaltozas-visszafordithato-meg-a-folyamat
b454844e964f63ae27eb3612fb8cd057960086f0ccebe5e4d9e26e9aa0d84bcf,2026-04-23 15:39:03.176403+00:00,hu,hvg.hu,hvg.hu,2026-04-23,"Nyakig ülünk az ökológiai válságban, és a cégek sem menekülhetnek előle",https://hvg.hu/gazdasag/20260423_impact-talks-hvg-fenntarthatosag-okologiai-valsag-kockazat-biodiverzitas-vallalatiranyitas
a938c7c4de37365576a160d300102cf7aca3f9fa98f524d6fa2de11fabd1685a,2026-03-21 12:40:26.956884+00:00,hu,borsonline.hu,borsonline.hu,2026-03-21,"Ahol megállt az idő: 5 bakancslistás európai őserdő, amit egyszer látnod kell",https://www.borsonline.hu/kulfoldi-utazas/2026/03/erdok-vilagnapja-europa
6b750f7fc1885cf83ef5c83e6faf95fd0ae4a6241b5d596eafa486400e4f60d9,2026-03-07 13:31:50.149465+00:00,hu,portfolio.hu,portfolio.hu,2026-03-07,Szinte minden magyart érint az uniós agrárpolitika reformja – A lakosság 85%-a egy kilométerre él agrárterületektől,https://www.portfolio.hu/krtk/20260307/szinte-minden-magyart-erint-az-unios-agrarpolitika-reformja-a-lakossag-85-a-egy-kilometerre-el-agrarteruletektol-822200
5bc06ada1c3daafe21bd6523bc7263a2490ef38e798dcddef8cdb6df82ff6ec3,2026-02-25 12:44:18.826029+00:00,hu,portfolio.hu,portfolio.hu,2026-02-25,"Elkezdődött a Planet Budapest 2026 Expo és Konferencia, Közép-Európa egyik legjelentősebb fenntarthatósági rendezvénye",https://www.portfolio.hu/gazdasag/20260225/elkezdodott-a-planet-budapest-2026-expo-es-konferencia-kozep-europa-egyik-legjelentosebb-fenntarthatosagi-rendezvenye-820346
5eb35e07145f999aec71a2037591972a29c9c73d1e3cdd46ef62a83a59221f7c,2026-02-19 13:41:40.268676+00:00,hu,origo.hu,origo.hu,2026-02-19,"Invázió készül az Északi-sarkon; bekövetkezhet, amitől mindenki tartott",https://www.origo.hu/tudomany/2026/02/invazios-fajok-fenyegetik-az-eszaki-sarkvideket
6da370594583ea7975f34244346c1110548e58cfa490e4a0ec3121cb21fdb535,2026-02-07 05:21:32.655764+00:00,hu,origo.hu,origo.hu,2026-02-07,Óriásit tévedtek a kutatók: ősi szöveg cáfolta meg a tudományos elméletet,https://www.origo.hu/tudomany/2026/02/pusztak-szavanna-gyep-vers-india
187960c2528000df321f2f1836de17316c439663c5322af34f1e44cbe2c7c90f,2026-01-22 10:31:40.999619+00:00,hu,portfolio.hu,portfolio.hu,2026-01-22,Saját szabályaiban botlik el az EU legnagyobb lelőhelyének kihasználása,https://www.portfolio.hu/unios-forrasok/20260122/sajat-szabalyaiban-botlik-el-az-eu-legnagyobb-lelohelyenek-kihasznalasa-812634
225ab780e219f15a2ad7121edc37572b41465ac724f6a3644e0c0b10e11c278a,2026-01-21 19:22:54.622046+00:00,hu,portfolio.hu,portfolio.hu,2026-01-21,Bejelentést tett az amerikai kormány: fontos könnyítés jöhet a jövő egyik kulcsfontosságú iparágában,https://www.portfolio.hu/global/20260121/bejelentest-tett-az-amerikai-kormany-fontos-konnyites-johet-a-jovo-egyik-kulcsfontossagu-iparagaban-812554
70ada993aa198d27da8722197aa34580ca4a52a34173776b96e149cbbd53d290,2026-01-21 14:33:09.972089+00:00,hu,origo.hu,origo.hu,2026-01-21,Újabb probléma derült ki a mikroműanyagokról,https://www.origo.hu/tudomany/2026/01/mikromuanyagok
deab807391cc0f6154543890907090969806523c80d608684f666361a420e876,2026-01-20 08:31:19.588450+00:00,hu,24.hu,24.hu,2026-01-20,Egyre gyakrabban csípnek meg embereket a szúnyogok,https://24.hu/tudomany/2026/01/20/szunyogok-gyakrabban-csipnek-embereket/
9e255bed471a809668850892830f50a88c48271d7be48c881044e69bb3b69743,2026-01-17 19:26:40.864329+00:00,hu,portfolio.hu,portfolio.hu,2026-01-17,"Hiába nevezik sokan méregzöldnek az EU-t, lenne még mit szigorítania a környezetvédelmi politikájában",https://www.portfolio.hu/gazdasag/20260117/hiaba-nevezik-sokan-meregzoldnek-az-eu-t-lenne-meg-mit-szigoritania-a-kornyezetvedelmi-politikajaban-809701
f3a9ba8453d784e0988afeb4c5b1153c2c61f070515e8ac872da2b291d935b62,2026-01-10 19:23:05.420654+00:00,hu,portfolio.hu,portfolio.hu,2026-01-10,Bejelentették: 1200 megawattos új atomerőmű épülhet a szomszédban,https://www.portfolio.hu/uzlet/20260110/bejelentettek-1200-megawattos-uj-atomeromu-epulhet-a-szomszedban-810213
9a7b7d8ad35395dab1dd3230f652851994c249021d7e2fad44ce0e6c28b8155e,2026-01-10 19:22:20.895622+00:00,hu,portfolio.hu,portfolio.hu,2026-01-10,"Elfogyott a víz a hatmilliós fővárosban, már vízszüneteket tartanak",https://www.portfolio.hu/global/20260110/elfogyott-a-viz-a-hatmillios-fovarosban-mar-vizszuneteket-tartanak-810215
3a47ea06b12d6ca58362a4d6c90289d00b82308e45383554d9fdb6a52738ade4,2026-01-10 18:23:41.615270+00:00,hu,portfolio.hu,portfolio.hu,2026-01-10,Kérést intézett a lakossághoz a BRFK,https://www.portfolio.hu/gazdasag/20260110/kerest-intezett-a-lakossaghoz-a-brfk-810207
a6318a1fb949b66574fc0447b47a865c4e756a3e4fddf1e64173efd1c339b460,2026-01-10 18:23:21.573347+00:00,hu,portfolio.hu,portfolio.hu,2026-01-10,Donald Trump nemzeti vészhelyzetet hirdetett Venzeuela érdekében,https://www.portfolio.hu/global/20260110/donald-trump-nemzeti-veszhelyzetet-hirdetett-venzeuela-erdekeben-810211
3c2318b2869e2a8951c9ef0aa8716cb259a3dad55a1dd44c52172c94474c2807,2026-01-10 18:23:09.019135+00:00,hu,portfolio.hu,portfolio.hu,2026-01-10,Jön az újabb hideghullám: néhol -20 fokig eshet a hőmérséklet Magyarországon,https://www.portfolio.hu/gazdasag/20260110/jon-az-ujabb-hideghullam-nehol-20-fokig-eshet-a-homerseklet-magyarorszagon-810209
6cf3072d8b80c17345a8f124a4e14dd812c630762eef9774ab37cff322897845,2026-01-10 17:18:36.021855+00:00,hu,portfolio.hu,portfolio.hu,2026-01-10,Volgográdi olajraktár gyulladt ki ukrán dróncsapás miatt,https://www.portfolio.hu/gazdasag/20260110/volgogradi-olajraktar-gyulladt-ki-ukran-droncsapas-miatt-810203
c44b45aadb87f85c71ac47ed857bbc35427071aadc582b4d4e4a1672bdd74302,2026-01-10 17:18:25.708026+00:00,hu,portfolio.hu,portfolio.hu,2026-01-10,Évtizedekig próbálták leváltani a legendás amerikai fegyvert – Egészen különleges okokból dőlt be a projekt,https://www.portfolio.hu/global/20260110/evtizedekig-probaltak-levaltani-a-legendas-amerikai-fegyvert-egeszen-kulonleges-okokbol-dolt-be-a-projekt-806916
d1fa368b0546341890db702137b3b6241d540b7df35b15ef9f8374411ab29db5,2026-01-10 17:18:20.286614+00:00,hu,portfolio.hu,portfolio.hu,2026-01-10,Négy venezuelai tanker tért haza,https://www.portfolio.hu/global/20260110/negy-venezuelai-tanker-tert-haza-810197
ee9edef4660bd59e8663ed227863de5b38e04bbd392a7e5ad6061a82a78f9599,2026-01-10 17:17:58.407256+00:00,hu,portfolio.hu,portfolio.hu,2026-01-10,Mi lesz a gázszámlákkal? Megszólalt az MVM a zord idő miatt,https://www.portfolio.hu/uzlet/20260110/mi-lesz-a-gazszamlakkal-megszolalt-az-mvm-a-zord-ido-miatt-810201
60189984d93b0543ac482a24d11cf67258c23942e280808ba89aa2ee5d8056aa,2026-01-10 17:17:53.718525+00:00,hu,portfolio.hu,portfolio.hu,2026-01-10,Összeül az ENSZ BT az oroszok újabb húzása miatt,https://www.portfolio.hu/global/20260110/osszeul-az-ensz-bt-az-oroszok-ujabb-huzasa-miatt-810205
c628438f3afe8dfceeb2b01dfaf128340e1c7a4826e5a627b394530b1331f65a,2026-01-10 17:17:19.500670+00:00,hu,portfolio.hu,portfolio.hu,2026-01-10,Gigantikus veszteség a cseh jegybanknál,https://www.portfolio.hu/deviza/20260110/gigantikus-veszteseg-a-cseh-jegybanknal-810199
526d9e3599c645714f4964cf4c9950349fe5aca2be99c015c992c36ef664acde,2026-01-10 17:17:16.923554+00:00,hu,portfolio.hu,portfolio.hu,2026-01-10,Hármas környezeti kihívással kell megküzdenie a bolygónknak – Hogyan lehet ebből kiút?,https://www.portfolio.hu/gazdasag/20260110/harmas-kornyezeti-kihivassal-kell-megkuzdenie-a-bolygonknak-hogyan-lehet-ebbol-kiut-809531
2c30fcfc34ff41f7bebb566017d8f8f6cf52694922f6dc90b9e58d80079049ad,2025-12-12 18:24:32.849722+00:00,hu,portfolio.hu,portfolio.hu,2025-12-12,Macron: Tíz évvel a párizsi egyezmény után kettőzzük meg klímavédelmi erőfeszítéseinket,https://www.portfolio.hu/gazdasag/20251212/macron-tiz-evvel-a-parizsi-egyezmeny-utan-kettozzuk-meg-klimavedelmi-erofesziteseinket-805856
97d45e8e36be48444c55f66eb0ee1e9fada993151cf7b1a52871b54b668c9ef7,2025-12-11 10:17:28.460877+00:00,hu,infostart.hu,infostart.hu,2025-12-11,Bemutatták az Áder János tízéves elnökségéről készült interjúkötetet,https://infostart.hu/belfold/2025/12/11/bemutattak-az-ader-janos-tizeves-elnoksegerol-keszult-interjukotetet
bb0158bba71addea6739e7601549e8e5d9e629242ca3e53db8e5c892a6e572b1,2025-12-11 07:18:24.552746+00:00,hu,demokrata.hu,demokrata.hu,2025-12-11,Bemutatták az Áder János volt államfő tíz elnöki évéről szóló könyvet Budapesten,https://demokrata.hu/magyarorszag/bemutattak-az-ader-janos-volt-allamfo-tiz-elnoki-everol-szolo-konyvet-budapesten-1106126/
9d81212db90c556da9b982ec6aa19bdee8eb8f2f2237299a66f7fe6484e61c59,2025-12-11 05:19:40.420161+00:00,hu,magyarhirlap.hu,magyarhirlap.hu,2025-12-11,Áder János: az elmúlt 16 év közvagyongyarapodása csak a kiegyezés utáni időszakhoz mérhető,https://magyarhirlap.hu/belfold/20251210-ader-janos-az-elmult-16-ev-kozvagyongyarapodasa-csak-a-kiegyezes-utani-idoszakhoz-merheto
e1ae52f429881ee51057d772b942d01673618d9808a053580f09faae22be78f9,2025-12-05 19:17:36.999114+00:00,hu,portfolio.hu,portfolio.hu,2025-12-05,Európa madarai menekülnek: évente fél métert másznak feljebb a hegyekben,https://www.portfolio.hu/gazdasag/20251205/europa-madarai-menekulnek-evente-fel-metert-masznak-feljebb-a-hegyekben-804460
78eccb75d75bee3686732d82830c12fa7334be502a1f0f79fbbcb3de80b6c237,2025-12-03 12:23:38.126479+00:00,hu,vg.hu,vg.hu,2025-12-03,"Anyagfelhasználás: hiába az újrahasznosítás, ha egyre tübb szűz anyagot használunk",https://www.vg.hu/nemzetkozi-gazdasag/2025/12/anyagfelhasznalas-korforgas-chikan-klimavaltozas?utm_source=hirstart&utm_medium=referral&utm_campaign=hiraggregator
7788189a78e27fe6fffdd6f80e0b74b0b9cbfe21e38da23df67c4c521391efa7,2025-11-27 13:24:39.769966+00:00,hu,gondola.hu,gondola.hu,2025-11-27,Megmentik a Homokhátság eltűnő szikes tavait: magyar-szerb áttörés a termálvíz újrahasznosításában,https://gondola.hu/hirek/homokhatsag-szikes-tavak-megmentes-szurt-termalviz-ujrahasznositas-318550
e7a43052ad712e098ac781ee080eaa4061b641ddf08db7e160b8f0f3ef6a0ead,2025-11-27 07:26:57.147944+00:00,hu,portfolio.hu,portfolio.hu,2025-11-27,Egy új technológiával mentenek tavakat Magyarországon,https://www.portfolio.hu/uzlet/20251127/egy-uj-technologiaval-mentenek-tavakat-magyarorszagon-802356
48c89558f103fb584b4056cbe3135fb832d28846eca4e1506687c325b91fd3f8,2025-11-07 14:33:23.815108+00:00,hu,portfolio.hu,portfolio.hu,2025-11-07,"Komoly kifizetéseket jelentett be Brüsszel, Magyarország is örülhet",https://www.portfolio.hu/unios-forrasok/20251107/komoly-kifizeteseket-jelentett-be-brusszel-magyarorszag-is-orulhet-798246
01d8c96bbfc20eabb61c7f518bc9cc9615facc363c54cf481c905b7954435a2d,2025-10-12 14:25:48.361954+00:00,hu,portfolio.hu,portfolio.hu,2025-10-12,Ezért fontosak a méhlegelők,https://www.portfolio.hu/gazdasag/20251012/ezert-fontosak-a-mehlegelok-a-beporzok-pusztulasa-sulyos-helyzetet-okozhat-az-elelmiszer-termelesben-791736
252aa648d52002296712b3a1ec02cb2c35c403cc6449d1f67cb0f605bbba38e5,2025-10-05 09:18:55.100430+00:00,hu,portfolio.hu,portfolio.hu,2025-10-05,Az újrahasznosítás nem elég: drasztikusabb megoldásokra lenne szükség,https://www.portfolio.hu/gazdasag/20251005/az-ujrahasznositas-nem-eleg-drasztikusabb-megoldasokra-lenne-szukseg-788342
69489ff4a705fe25a1602d2e4a2e324fbc7606c897b63af570ffd7436487a5fa,2025-10-04 15:22:42.599314+00:00,hu,portfolio.hu,portfolio.hu,2025-10-04,Milliárdokba kerülhet a halogatás az inváziós fajok kezelésénél,https://www.portfolio.hu/krtk/20251004/milliardokba-kerulhet-a-halogatas-az-invazios-fajok-kezelesenel-790406
3fdc183928a0531e2d102bbd7a43bb5e503a3dcc7ba1dd316f48af3a79bff456,2025-10-02 01:21:32.655069+00:00,hu,gondola.hu,gondola.hu,2025-10-01,Áder János: most zajlik a hatodik tömeges kihalási hullám a Föld történetében,https://gondola.hu/cikkek/Ader-Janos-most-zajlik-a-hatodik-tomeges-kihalasi-hullam-a-Fold--155700
9e59d5218f58f644790517c567a8c1b3f8b21b648647424b897783511b19bbb6,2025-10-01 15:29:19.123093+00:00,hu,infostart.hu,infostart.hu,2025-10-01,Áder János: most zajlik a hatodik tömeges kihalási hullám a Föld történetében,https://infostart.hu/belfold/2025/10/01/ader-janos-most-zajlik-a-hatodik-tomeges-kihalasi-hullam-a-fold-torteneteben
afe1f9a92b998d92f50f7699a66e71de6e95b8fbdd575070dce459afc6abb771,2025-10-01 15:23:48.746410+00:00,hu,magyarhirlap.hu,magyarhirlap.hu,2025-10-01,Áder János: Most zajlik a hatodik tömeges kihalási hullám a Föld történetében,https://www.magyarhirlap.hu/belfold/20251001-ader-janos-most-zajlik-a-hatodik-tomeges-kihalasi-hullam-a-fold-torteneteben
59d72f7a41fdda3cf56d9731b9f01bdc2a13865dd5ce7111324d5fcbde18e755,2025-10-01 13:25:50.710287+00:00,hu,demokrata.hu,demokrata.hu,2025-10-01,Áder János: Most zajlik a hatodik tömeges kihalási hullám a Föld történetében,https://demokrata.hu/magyarorszag/ader-janos-most-zajlik-a-hatodik-tomeges-kihalasi-hullam-a-fold-torteneteben-1066710/
e9c4081a946fcffe2d1d5206d673ad4d263c3adc0e62146aacdcda8b03d4b5a5,2025-09-22 17:27:54.885235+00:00,hu,portfolio.hu,portfolio.hu,2025-09-22,"Új aranylázként emlegették, most bebukhat ez az izgalmas sztori",https://www.portfolio.hu/gazdasag/20250922/uj-aranylazkent-emlegettek-most-bebukhat-ez-az-izgalmas-sztori-787950
aee30b66c0aced474d04cde40962e79863bc3d3095add47074234743bac8d849,2025-09-16 13:34:40.164767+00:00,hu,portfolio.hu,portfolio.hu,2025-09-16,"Nem is túl rég egy olyan környezeti katasztrófa fenyegette a Földet, amiről ma már alig beszélnek",https://www.portfolio.hu/global/20250916/nem-is-tul-reg-egy-olyan-kornyezeti-katasztrofa-fenyegette-a-foldet-amirol-ma-mar-alig-beszelnek-786182
ed378fe0401c60c28a03dd3c62cefedebed2cacf6b0e259887648aa042c95826,2025-09-15 10:21:29.742422+00:00,hu,demokrata.hu,demokrata.hu,2025-09-15,"Kicsik, de életbevágóan fontosak – így menthetik meg a magyar kistavak a jövőnket",https://demokrata.hu/tudomany/kicsik-de-eletbevagoan-fontosak-igy-menthetik-meg-a-magyar-kistavak-a-jovonket-1057125/
35ab23b4deb81c6e90e2de2ced12fb194babf964983e43b4eeb4266f5b683b6e,2025-08-31 21:21:23.493750+00:00,hu,magyarkurir.hu,magyarkurir.hu,2025-08-31,A béke és a remény magjai – Leó pápa üzenete a 10. teremtésvédelmi imanapra,https://www.magyarkurir.hu/hirek/a-beke-es-remeny-magjai-leo-papa-uzenete-10-teremtesvedelmi-imanapra
9ceb7a0ad130c985694abe19d3a9161953f10368749e45f2f26aaed1d4039832,2025-08-31 10:28:39.240093+00:00,hu,index.hu,index.hu,2025-08-31,"Égetjük, mintha nem lenne holnap, pedig már a cápák is elveszítik a fogaikat",https://index.hu/tudomany/2025/08/31/capa-capafog-globalis-felmelegedes-ocean-osszetetel-okoszisztema/
295d8017b4e50869fd97a937302c88262c7cdc219f504a477f87f3856881744e,2025-08-26 18:33:56.363047+00:00,hu,index.hu,index.hu,2025-08-26,Itt az új magyar fegyver: új kötelező tanúsítvány alakítja át a városképet,https://index.hu/gazdasag/2025/08/26/zoldfeluleti-tanusitvanyi-rendszer-zoldfelulet-varoskep-klimavaltozas-kornyezetvedelem-magyar-kertorokseg-alapitvany/
da2882eaf2c0835c17b843d0e009ccffc2b667f0c3d4af9b90de4ee2bd977523,2025-08-23 16:39:04.371688+00:00,hu,index.hu,index.hu,2016-03-01,Szereti a kávét? Akkor kezdjen aggódni a méhek miatt!,http://index.hu/tudomany/2016/03/01/szereti_a_kavet_akkor_kezdjen_aggodni_a_mehek_miatt/
deb4d30a0d6ab6e96eeba420a1aa1df6380af9828228026a45168fee90cc2ebb,2025-08-23 16:36:49.080092+00:00,hu,hvg.hu,hvg.hu,2016-03-01,Pusztulnak a méhek: milliók élete kerülhet veszélybe,http://hvg.hu/plazs/20160301_Pusztulnak_a_mehek_milliok_elete_kerulhet_veszelybe#rss
c8bb45386487bf3bfa73aa049b5a4a267148f596fbb635c291401682c2f450e4,2025-08-23 06:42:23.914368+00:00,hu,hirado.hu,hirado.hu,2016-03-19,A világ legnagyobb önkéntes akciója,http://www.hirado.hu/2016/03/19/a-vilag-legnagyobb-onkentes-akcioja/
fb6876808b2ebaef172bb26915bd0a6c0c7400d7c9d3e5de0931d21843c498f0,2025-08-18 16:52:44.923214+00:00,hu,hvg.hu,hvg.hu,2016-09-06,"Váltson zöldre, hogy a jövőben is legyen munkája!",http://hvg.hu/kkv.businessmagazin/20160906_zold_allasok#rss
f4cfe9975f25dd8a6a0a16572bece2369f16ffb14d91af0258f612abdca2c090,2025-08-17 06:20:06.966842+00:00,hu,index.hu,index.hu,2025-08-17,"Megérezzük a jövő aranyának hiányát – terméskiesés, infláció, elvándorlás",https://index.hu/gazdasag/2025/08/17/viz-vizhiany-vizgazdalkodas-termeszetes-viz-ivoviz-klimavaltozas-globalis-felmelegedes-aszaly-ontozes-vizkeszlet/
781b25c400d21c85fae7eef99e39f5c2d24deea29e52952389849796e91136be,2025-08-13 22:29:22.411768+00:00,hu,index.hu,index.hu,2017-02-13,Drámai a klímaváltozás tempója: 170-szer gyorsabban melegszik az éghajlat miattunk,http://index.hu/tudomany/2017/02/13/dramai_keplet_irja_le_a_klimavaltozast/
abbbbbb1c59e792f6915d281371b0c7fbe93ec13c447d80142a1be9786d47607,2025-08-13 20:59:40.786880+00:00,hu,boon.hu,boon.hu,2017-02-15,A szegélyek szerepe az ökológiában: fontos publikáció debreceni kutatóktól,http://www.boon.hu/a-szegelyek-szerepe-az-okologiaban-fontos-publikacio-debreceni-kutatoktol/3378333
273ece7c635e1e1bb3d41ed87c63bae728ab9c41508269c99193ced6250b523f,2025-08-13 20:59:20.578529+00:00,hu,szon.hu,szon.hu,2017-02-15,A szegélyek szerepe az ökológiában: fontos publikáció debreceni kutatóktól,http://www.szon.hu/a-szegelyek-szerepe-az-okologiaban-fontos-publikacio-debreceni-kutatoktol/3378333
7d1ae356bac32f4d325661a12e927fa1582ab125c57fc6bd8164e0599f8dfe23,2025-08-13 15:03:21.750740+00:00,hu,szon.hu,szon.hu,2017-02-22,A világ élelmiszertermelésének egyötöde vész kárba a túlfogyasztás és szemétbe dobás miatt,http://www.szon.hu/a-vilag-elelmiszertermelesenek-egyotode-vesz-karba-a-tulfogyasztas-es-szemetbe-dobas-miatt/3386368
f1e358acfc932600adacfd346207fcb2c00b5926858f4ba2a22608d0cc30470f,2025-08-13 15:02:53.791695+00:00,hu,boon.hu,boon.hu,2017-02-22,A világ élelmiszertermelésének egyötöde vész kárba a túlfogyasztás és szemétbe dobás miatt,http://www.boon.hu/a-vilag-elelmiszertermelesenek-egyotode-vesz-karba-a-tulfogyasztas-es-szemetbe-dobas-miatt/3386368
dea46670c84c9e422adf1b48b29c817c8c75590c709a6e65d8535148c4a9551d,2025-08-13 15:01:40.809724+00:00,hu,24.hu,24.hu,2017-02-22,"Kukába megy ételeink ötöde, miközben nagy árat fizetünk a húsért",http://24.hu/elet-stilus/2017/02/22/kukaba-megy-eteleink-otode-mikozben-nagy-arat-fizetunk-a-husert/
4fc690c411fda407d6484f50ab997b42ef1e64a3e1b7034229782e93cc4c1341,2025-08-13 13:47:53.883184+00:00,hu,nepszava.hu,nepszava.hu,2017-02-23,Az élelmiszer ötöde vész kárba,http://nepszava.hu/cikk/1121561-az-elelmiszer-otode-vesz-karba/
ea961b19130216a743c5dbc2e959b307b1855e49a36fb17f126e89c9e5eeac48,2025-08-10 06:31:32.862548+00:00,hu,hirado.hu,hirado.hu,2017-05-31,Áder: komoly kihívást jelent az egyre növekvő vízfogyasztás,http://www.hirado.hu/2017/05/31/ader-komoly-kihivas-az-egyre-novekvo-vizfogyasztas/
d328e14cce37be0ef96c048dacabfa78dd1797d9b3b59b2b3b1530add1a3c132,2025-08-07 00:58:50.297420+00:00,hu,mno.hu,mno.hu,2017-08-26,Őslakosok dzsungele,http://mno.hu/szamoknyelven/oslakosok-dzsungele-2406351?utm_source=feed&utm_medium=rss
4666891a43bd65ddb586338b38ef03785a0727fcbf0563fbac2db936a900128f,2025-08-02 11:34:28.912720+00:00,hu,kisalfold.hu,kisalfold.hu,2017-12-20,"Nagyobb magtĂśmeg, kisebb elterjedĂŠs",http://www.kisalfold.hu/tudomany/nagyobb_magtomeg_kisebb_elterjedes_-_lenduletes_kutatok_tisztaztak_a_novenyi_terjedesbiologia_egyik_vitatott_kerdeset/2543421/?utm_source=rssfeed
309c73d9d685ec7c1a5b9df57e22f42a3a7f34f731132c4cafad51c60d74246e,2025-08-02 11:29:28.570866+00:00,hu,delmagyar.hu,delmagyar.hu,2017-12-20,"Nagyobb magtĂśmeg, kisebb elterjedĂŠs",http://www.delmagyar.hu/vilagvevo/nagyobb_magtomeg_kisebb_elterjedes_-_lenduletes_kutatok_tisztaztak_a_novenyi_terjedesbiologia_egyik_vitatott_kerdeset/2543421/?utm_source=rssfeed
d4a54cdab423977294d52d575d7933219ff9caa2bdd37b17c05962ba3302f5fe,2025-08-02 11:14:24.925095+00:00,hu,haon.hu,haon.hu,2017-12-20,"Nagyobb magtömeg, kisebb elterjedés",http://www.haon.hu/nagyobb-magtomeg-kisebb-elterjedes-magyar-kutatok-tisztaztak-a-novenyi-terjedesbiologia-egyik-vitatott-kerdeset/3716201
369612fdf49287dd6d740f54c5918b6a1d06a31ef26b612099b6bebfeea91cad,2025-08-02 11:13:50.243917+00:00,hu,szon.hu,szon.hu,2017-12-20,"Nagyobb magtömeg, kisebb elterjedés",http://www.szon.hu/nagyobb-magtomeg-kisebb-elterjedes-magyar-kutatok-tisztaztak-a-novenyi-terjedesbiologia-egyik-vitatott-kerdeset/3716201
374f56a1fe943e645d2557524f44a6f21bf8474a185d675a1baadcced1f5cdc8,2025-08-02 11:12:27.850340+00:00,hu,boon.hu,boon.hu,2017-12-20,"Nagyobb magtömeg, kisebb elterjedés",http://www.boon.hu/nagyobb-magtomeg-kisebb-elterjedes-magyar-kutatok-tisztaztak-a-novenyi-terjedesbiologia-egyik-vitatott-kerdeset/3716201
b73a032376c10f77af829edafc65b87d74ff36f53c8adfe9f5713b137f90336a,2025-07-25 04:45:25.081094+00:00,hu,24.hu,24.hu,2018-06-09,"Sorra halnak ki a fajok a Földön, mégis optimistának kéne lennünk",https://24.hu/kultura/2018/06/09/sorra-halnak-ki-a-fajok-a-foldon-megis-optimistanak-kene-lennunk/
42e6ec4ab68e54254baf68a39e0a97d9b47624270883a7b39b852c056a63ddcb,2025-07-21 23:30:45.709924+00:00,hu,boon.hu,boon.hu,2018-08-10,Elkészült a kihalt emlősöket is összegző első világtérkép,http://www.boon.hu/elkeszult-a-kihalt-emlosoket-is-osszegzo-elso-vilagterkep/3948818
e0d5c5fdc2c52eb65c8c427e173a9aa9803fcda46e002bef01856b99897c0182,2025-07-21 23:30:31.619227+00:00,hu,szon.hu,szon.hu,2018-08-10,Elkészült a kihalt emlősöket is összegző első világtérkép,http://www.szon.hu/elkeszult-a-kihalt-emlosoket-is-osszegzo-elso-vilagterkep/3948818
c0ce07f7432990078578c9b2370531de397f499b4749883a117979ff054621d7,2025-07-21 23:29:43.309389+00:00,hu,haon.hu,haon.hu,2018-08-10,Elkészült a kihalt emlősöket is összegző első világtérkép,http://www.haon.hu/elkeszult-a-kihalt-emlosoket-is-osszegzo-elso-vilagterkep/3948818
61fde1379b22ac68db18a128a0f285ae0369317b4b28f8ff5498acc5367576e4,2025-07-21 23:27:54.985966+00:00,hu,kisalfold.hu,kisalfold.hu,2018-08-10,ElkĂŠszĂźlt a kihalt emlĹsĂśket is ĂśsszegzĹ elsĹ vilĂĄgtĂŠrkĂŠp,http://www.kisalfold.hu/tudomany/elkeszult_a_kihalt_emlosoket_is_osszegzo_elso_vilagterkep/2569998/?utm_source=rssfeed
2af323b5a3e5fbae71b368cdeaba6614b85d9b7735c466ea8f94aa8196d1b2f2,2025-07-21 23:26:36.805249+00:00,hu,delmagyar.hu,delmagyar.hu,2018-08-10,ElkĂŠszĂźlt a kihalt emlĹsĂśket is ĂśsszegzĹ elsĹ vilĂĄgtĂŠrkĂŠp,http://www.delmagyar.hu/vilagvevo/elkeszult_a_kihalt_emlosoket_is_osszegzo_elso_vilagterkep/2569998/?utm_source=rssfeed
1f236844e0d5ac994f3afa09f4bae971688f059e4bdae233ec272a669d2a9beb,2025-07-21 23:23:13.536822+00:00,hu,168ora.hu,168ora.hu,2018-06-27,Elkészült a kihalt emlősöket is összegző világtérkép,http://168ora.hu/tudas/elkeszult-a-kihalt-emlosoket-is-osszegzo-vilagterkep-154316
dd934a4cc22ca98aeec7acd084109aee85f45f8e3bc16ec345b1f55b86b5baf7,2025-07-21 20:40:29.673900+00:00,hu,nepszava.hu,nepszava.hu,2018-08-13,Térképre kerültek a kihalt emlősök,https://nepszava.hu/3004845_terkepre-kerultek-a-kihalt-emlosok
44ab6c2ecbdb3391036076871fda99fe1073854006006ee2e524add15dfeb04d,2025-07-20 17:09:12.443152+00:00,hu,hvg.hu,hvg.hu,2018-09-04,"Európa új betolakodói: fapusztító cincér, mérges pók és járványveszélyes szúnyog",http://hvg.hu/hvgfriss/2018.35/201835__faunavaltozas__potyautasok__egeszsegugyi_veszelyek__jol_taplalt_migransok#rss
1ce1e702e8d6aadb4fd3b400e3057bde0c5659c1e6a80951e264cf2d29197b77,2025-07-20 00:17:38.344358+00:00,hu,hirtv.hu,hirtv.hu,2018-09-29,"Alig fedezték fel, máris a kihalás fenyegeti",http://hirtv.hu/hirtvszines/alig-fedeztek-fel-maris-a-kihalas-fenyegeti-2468686?utm_source=feed&utm_medium=rss
2cd07590a6fbc15ecaa193ef0a73146321c7839b3c3004fa1e4b043fb07a8149,2025-07-20 00:12:42.951420+00:00,hu,delmagyar.hu,delmagyar.hu,2018-09-30,FelfedeztĂŠk a kĂŠk torkĂş tĂźndĂŠrkolibrit,http://www.delmagyar.hu/szeged_hirek/felfedeztek_a_kek_torku_tunderkolibrit/2574906/?utm_source=rssfeed
df83c49a87b9eeb15d79f50f08d4b217c065a84423eec1074fdddf3924347052,2025-07-19 23:55:40.100997+00:00,hu,infostart.hu,infostart.hu,2018-09-30,"Alig fedezték fel, veszélyben egy új kolibrifaj",https://infostart.hu/tudomany/2018/09/30/alig-fedeztek-fel-veszelyben-egy-uj-kolibrifaj
7d6e14cf42df4762840dd30c146f03af38d3dfd9556acf349d7199844d9b9628,2025-07-18 14:11:33.386670+00:00,hu,24.hu,24.hu,2018-10-25,Katicainvázió: az embert is megkóstolhatják,https://24.hu/tudomany/2018/10/25/katicainvazio-az-embert-is-megkostolhatjak/
c69e333f833c53b3204d3e4a2fbdfa19e6e37054bf978471022df4c29cbea2ce,2025-07-18 09:43:01.666090+00:00,hu,hvg.hu,hvg.hu,2018-10-30,"Nem kérdés, hogy történelmi időket élünk – az a kérdés, lesz-e még folytatás",http://hvg.hu/tudomany/20181030_wwf_elo_bolygo_jelentes_2018_termeszetvedelem#rss
6e466062adb2fd2c5b9cc564192f70578623747c1c4e8e171f1346d05af6b0af,2025-07-17 23:33:18.949519+00:00,hu,nepszava.hu,nepszava.hu,2018-11-16,A talaj nem korlátlanul rendelkezésre álló erőforrás,https://nepszava.hu/3015362_a-talaj-nem-korlatlanul-rendelkezesre-allo-eroforras
62b4dc657e26d62533b180d15a5a320e98c704a8c63d4b72c0c18a7529ea0614,2025-07-17 21:57:07.783528+00:00,hu,infostart.hu,infostart.hu,2018-11-19,"Úgy bánik talajával Európa, mintha lábtörlő lenne",https://infostart.hu/belfold/2018/11/19/ugy-banik-talajaval-europa-mintha-labtorlo-lenne
4ef7bcb367c40328e8d34eda04a02a36d11329cdff53eb75383c26faa65c2787,2025-07-17 17:18:09.796097+00:00,hu,hirtv.hu,hirtv.hu,2025-07-17,"Brüsszel sokkoló terve: Az uniós gazdák pénzét Ukrajnára költenék, elképesztő hatalomátvétel készül",https://hirtv.hu/hirtvkulfold/brusszel-sokkolo-terve-az-unios-gazdak-penzet-ukrajnara-koltenek-elkepeszto-hatalomatvetel-keszul-2611703?utm_source=feed&utm_medium=rss
6940ff931d1a6b57409a46d0ee5356f22508c5913cb73a291576f7e83ce3042a,2025-07-17 11:22:35.219959+00:00,hu,vg.hu,vg.hu,2025-07-17,"EU-költségvetés: Ukrajna javára vennék el a pénzt az uniós gazdáktól, elképesztő hatalomkoncentrációra készül Brüsszel",https://www.vg.hu/nemzetkozi-gazdasag/2025/07/eu-koltsegvetes-ukrajna-gazdak?utm_source=hirstart&utm_medium=referral&utm_campaign=hiraggregator
43fb8d0174d41a78b6efd1e79b561cc865fc1b80e9ff4ed399142731be97269d,2025-07-16 23:26:20.747083+00:00,hu,24.hu,24.hu,2018-12-05,Tartályokba zárják a Balatont,https://24.hu/belfold/2018/12/05/balaton-ivoviz-viz-klimavaltozas/
4cc807d8d57aa0971b319cbc47f2fb21060d8e60ed15da1bbe4496d03f7aa382,2025-07-16 14:41:57.106477+00:00,hu,infostart.hu,infostart.hu,2018-12-09,"Van, ami a felmelegedésnél is pusztítóbb",https://infostart.hu/belfold/2018/12/09/van-ami-a-felmelegedesnel-is-pusztitobb
0c7eac07472d2143006801e045be71f16c59fc60cef9cb2f8e4e0e480992ffee,2025-07-12 20:22:19.586454+00:00,hu,atv.hu,atv.hu,2025-07-12,Debrecen a TOP3-ban az Európa Zöld Fővárosa címért zajló versenyben,https://www.atv.hu/belfold/20250712/debrecen-top-lista-zold-fovaros/
6a15959b47639c4b27c367f5db2ea7e8f917bc00f079ddc0da749630d93c3001,2025-07-12 03:32:40.803636+00:00,hu,444.hu,444.hu,2019-04-10,"Figyelem: tökre nem hülyék a madarak, sőt!",https://444.hu/2019/04/10/figyelem-tokre-nem-hulyek-a-madarak-sot
eb60e7b9771f8a38f843180642d7154f7704e5670b65caa3e26de01f6ad54dd8,2025-07-11 21:38:54.830529+00:00,hu,infostart.hu,infostart.hu,2025-07-11,"Lehet, hogy Debrecen lesz Európa Zöld Fővárosa",https://infostart.hu/belfold/2025/07/11/lehet-hogy-debrecen-lesz-europa-zold-fovarosa
a9dcbd7eda4edc91ed2e06ea71ad6630ff90f515e608803a2925bf833d901d50,2025-07-11 18:25:31.188380+00:00,hu,origo.hu,origo.hu,2025-07-11,Óriási siker! Európa élére tört Debrecen,https://www.origo.hu/itthon/2025/07/europa-zold-fovarosa-debrecen-varos
f4e466834440d4df244d114f77815a63fcf6f2b7cccac76081fe9d4d3aa268f8,2025-07-11 17:35:16.630758+00:00,hu,index.hu,index.hu,2025-07-11,Egy magyar városé lehet Európa zöld trónja és a hatszázezer eurós jutalom,https://index.hu/belfold/2025/07/11/debrecen-europai-bizottsag-europa-zold-varosa-verseny/
ae373f2e4bdf228c04a1bca9a3d906455826826d47f64f25bae69117a9329d16,2025-07-11 14:24:14.554969+00:00,hu,hvg.hu,hvg.hu,2025-07-11,"Azt hinnénk, hogy vidéken mindenhol gazdagabb az élővilág, de néha a városok rávernek a falvakra",https://hvg.hu/gazdasag/20250711_eloszor-vizsgaltak-a-falvak-okologiajat-biodiverzitas-lenne-mit-javitani-batary-peter-ecolres-okologiai-kutatokozpont
54a8bdbbd6c8b83a45cdb5fa1c6c82494468b2d8dcb9ce055fb950c3540387e7,2025-07-09 12:43:41.375958+00:00,hu,vg.hu,vg.hu,2019-01-23,"Útmutató a klímaváltozásról, optimistáknak",https://www.vg.hu/velemeny/hatter/utmutato-a-klimavaltozasrol-optimistaknak-2-1312630/
871ea598ec9736baaf4f20bb401dba041284745d72d263f697d36fa85c353531,2025-07-09 10:25:52.414387+00:00,hu,vg.hu,vg.hu,2025-07-09,"Ursula von der Leyen irigykedik Kínára, de fél is tőle – elmondta végre, mit akar az EU Pekingtől",https://www.vg.hu/nemzetkozi-gazdasag/2025/07/gazdasagi-hatalom-kina-europai-unio?utm_source=hirstart&utm_medium=referral&utm_campaign=hiraggregator
86601c8e16924dbb6fa47486295c7403d94820d681ec1db958c9959e3b2b2650,2025-07-09 08:14:09.395574+00:00,hu,infostart.hu,infostart.hu,2019-02-01,"Hihetetlen: Ausztráliában 90 fokkal melegebb van, mint Amerikában",https://infostart.hu/kulfold/2019/02/01/hihetetlen-ausztraliaban-90-fokkal-melegebb-van-mint-amerikaban
9e8959f518676918c54dab72e12c9ba824c48b111ea084e8763023491bf361b5,2025-07-09 05:02:04.246112+00:00,hu,index.hu,index.hu,2019-02-05,Átalakul a Duna élővilága,https://index.hu/techtud/2019/02/05/duna_elovilag_atalakul_fitoplankton_klimavaltozas_sokszinuseg/
722706b6c0f55a251ae5833f244419a3841909d8e21d5b64309d184bb5c6a6bc,2025-07-08 23:00:33.356661+00:00,hu,hvg.hu,hvg.hu,2019-02-08,Figyelmeztetnek az MTA kutatói: átalakul a Duna élővilága,http://hvg.hu/tudomany/20190208_duna_lebego_alga_vizi_elovilag#rss
240ebe294e5aaf22a61a5c95207a77f326ffe101d86dbccb83dae4dcfd60c4b4,2025-07-08 09:20:46.899089+00:00,hu,infostart.hu,infostart.hu,2019-02-17,Újabb bizonyíték: a 6. nagy kihalási krízis zajlik a Földön,https://infostart.hu/tudomany/2019/02/17/a-hatodik-nagy-kihalasi-krizis-zajlik-a-foldon
e5b3ad7603100c1cc38d8ce12decbd6d8d5725fd0a9a627c25088ee86348b736,2025-07-08 05:41:56.919526+00:00,hu,nethirlap.hu,nethirlap.hu,2019-02-17,Újabb bizonyíték: a 6. nagy kihalási krízis zajlik a Földön,http://www.nethirlap.hu/hir.php?hirid=49710
c46472ee7fed25484ed0c8d98fbd8ba3b2fe9405aaba7a4af63c1cd99ee60b5b,2025-07-05 07:46:31.429076+00:00,hu,vg.hu,vg.hu,2019-04-29,Itt az idő a Green EU Deal elindítására,https://www.vg.hu/velemeny/a-kozgazdaszok/itt-az-ido-a-green-eu-deal-elinditasara-2-1484701/
cbfe4d4281ea3d62d22f986cf52c202d74f1b1c95e1368d767ed0a27f2b3b320,2025-07-05 01:33:50.829766+00:00,hu,index.hu,index.hu,2019-05-06,Egymillió fajt fenyeget a kihalás,https://index.hu/techtud/2019/05/06/egymillio_fajt_fenyeget_kihalas/
21a8ca3a6d9ea9db324d03ee83316974cc2d9071229d0829d92055dae0be70bd,2025-07-04 22:00:06.765887+00:00,hu,nepszava.hu,nepszava.hu,2019-05-09,Európa már elfogyasztotta az idei erőforrásait,https://nepszava.hu/3035276_europa-mar-elfogyasztotta-az-idei-eroforrasait
19b77ec9d26b68a91a8c2ec62f8f5f9e8024a803e9906cde9ec426ad937575b4,2025-07-04 21:52:36.463123+00:00,hu,vg.hu,vg.hu,2019-05-09,"Ha az európaiakon múlna, három bolygóra lenne szükségünk",https://www.vg.hu/kozelet/kornyezetvedelem/ha-az-europaiakon-mulna-harom-bolygora-lenne-szuksegunk-1502305/
441488b9ad9a049367346d8e80219829de7a7c755c6988516730bec942d6e6ef,2025-07-04 21:52:29.986740+00:00,hu,blikk.hu,blikk.hu,2019-05-09,"Figyelmeztetés: katasztrófához vezetne, ha mindenki úgy élne, mint a magyarok",https://www.blikk.hu/geo/tullepte-az-emberiseg-fogyasztasa-a-fold-kapacitasait-magyarorszagon-is/zkrpdky
a6933f61b453107c4fe879abb1bf7d7c45ab989bb6439cddd9aa968336f922fd,2025-07-04 21:52:22.683341+00:00,hu,hvg.hu,hvg.hu,2019-05-09,"Ha a világon mindenki úgy élne, mint egy átlag európai, már most elfogynának az éves erőforrásaink",http://hvg.hu/elet/20190509_Ha_a_vilagon_mindenki_ugy_elne_mint_egy_atlag_europai_mar_most_elfogynanak_az_eves_eroforrasaink#rss
d84da5ceeed73a038a13ec0b947137240a0043c2b90a6145543b26126f60f361,2025-07-04 21:50:25.800387+00:00,hu,infostart.hu,infostart.hu,2019-05-09,Ijesztő dátumhoz érkezünk,https://infostart.hu/tudomany/2019/05/09/ijeszto-datumhoz-erkezunk
64d881d2df965491b27ceb8d19f38b964b25eac457c4a71e47a4bbe6325c235d,2025-07-04 20:37:23.198930+00:00,hu,nepszava.hu,nepszava.hu,2019-05-10,Szülői értekezlet is lesz az állatkerti nevelőszülők találkozóján,https://nepszava.hu/3035483_szuloi-ertekezlet-is-lesz-az-allatkerti-neveloszulok-talalkozojan
c6ca3cef5049dd37387b86b1919994d81735d5aae8902498a81d84b1e879cbd6,2025-07-04 20:14:23.520896+00:00,hu,szon.hu,szon.hu,2019-05-10,Elérkezett az európai túlfogyasztás napja,https://szon.hu/eletstilus/elerkezett-az-europai-tulfogyasztas-napja-3042868/
a057bf4bdaddb9c29f32e542351024b20cc4b3fb9d78f3a4dbd19b8103c0e040,2025-07-04 20:14:03.176616+00:00,hu,beol.hu,beol.hu,2019-05-10,Elérkezett az európai túlfogyasztás napja,https://www.beol.hu/eletstilus/elerkezett-az-europai-tulfogyasztas-napja-1936336/
71b925ea1cdbbb5115338de1053bb018dc2f20af6bde85ee25078eae3983721c,2025-07-04 20:14:03.129543+00:00,hu,sonline.hu,sonline.hu,2019-05-10,Elérkezett az európai túlfogyasztás napja,https://www.sonline.hu/eletstilus/elerkezett-az-europai-tulfogyasztas-napja-1563535/
09fd9b6d63d52ca99f9665eed1754380523a7eaeca6c4201e8fd6837865cced7,2025-07-04 20:14:02.040317+00:00,hu,vaol.hu,vaol.hu,2019-05-10,Elérkezett az európai túlfogyasztás napja,https://www.vaol.hu/eletstilus/elerkezett-az-europai-tulfogyasztas-napja-3004279/
6ac8b68ed6e664cf3093ad203282eca4f807113d62aec1388e7df745835712a5,2025-07-04 20:14:00.762941+00:00,hu,haon.hu,haon.hu,2019-05-10,Elérkezett az európai túlfogyasztás napja,https://haon.hu/eletstilus/elerkezett-az-europai-tulfogyasztas-napja-3247198/
345f4acb04b8d9b7c9739702eacbd40637046ee70babb7d6e528c920d2068717,2025-07-04 20:13:59.787734+00:00,hu,zaol.hu,zaol.hu,2019-05-10,Elérkezett az európai túlfogyasztás napja,https://www.zaol.hu/eletstilus/elerkezett-az-europai-tulfogyasztas-napja-3028807/
e3e27d2f7fd7631c1681877acc0f4aa593d4ce0e32b8ac0f8289d484d50375a7,2025-07-04 20:13:56.167739+00:00,hu,boon.hu,boon.hu,2019-05-10,Elérkezett az európai túlfogyasztás napja,https://boon.hu/eletstilus/elerkezett-az-europai-tulfogyasztas-napja-3564928/
461e7a15d5401b3080c4c65737dba1a0a9c0dc2084471cedddd16bdbde261e5b,2025-07-04 20:13:46.832686+00:00,hu,bama.hu,bama.hu,2019-05-10,Elérkezett az európai túlfogyasztás napja,https://www.bama.hu/eletstilus/elerkezett-az-europai-tulfogyasztas-napja-1820623/
b593577ca5f25356152113f9fcc317882aade40501aeeab1a0627e823ef7b341,2025-07-04 20:13:39.301375+00:00,hu,teol.hu,teol.hu,2019-05-10,Elérkezett az európai túlfogyasztás napja,https://www.teol.hu/eletstilus/elerkezett-az-europai-tulfogyasztas-napja-1636168/
3348232279a0ec02bff216e80cf25275474797713cb6ba8c0a257d8dee4a7ae0,2025-07-04 20:13:39.209237+00:00,hu,duol.hu,duol.hu,2019-05-10,Elérkezett az európai túlfogyasztás napja,https://www.duol.hu/eletstilus/elerkezett-az-europai-tulfogyasztas-napja-2807194/
853fec8cfe9f694b94344843f54fb9192ff8ee66127202e79619b2ee99cdee7b,2025-07-04 20:13:37.273900+00:00,hu,baon.hu,baon.hu,2019-05-10,Elérkezett az európai túlfogyasztás napja,https://www.baon.hu/eletstilus/elerkezett-az-europai-tulfogyasztas-napja-1905505/
3a2157680226d485b1d939172dd21985dc58394ab85e53d26ccf010f235498f9,2025-07-04 20:13:32.159586+00:00,hu,szoljon.hu,szoljon.hu,2019-05-10,Elérkezett az európai túlfogyasztás napja,https://www.szoljon.hu/eletstilus/elerkezett-az-europai-tulfogyasztas-napja-1678270/
c1563b3798b68a67772aa44923a5488244026ee93ff1e599639296f9e975afc7,2025-07-04 20:13:31.179680+00:00,hu,feol.hu,feol.hu,2019-05-10,Elérkezett az európai túlfogyasztás napja,https://www.feol.hu/eletstilus/elerkezett-az-europai-tulfogyasztas-napja-3028306/
c8636ed9aa7de229b07d07bfc5a2b4bc711953f65740069ad9da32e5f408c2f0,2025-07-04 20:13:12.160938+00:00,hu,heol.hu,heol.hu,2019-05-10,Elérkezett az európai túlfogyasztás napja,https://www.heol.hu/eletstilus/elerkezett-az-europai-tulfogyasztas-napja-1694671/
0b1095dc9a17d5136cf1d31f113ad33818435fe30bf058f303c5755c6cb272a1,2025-07-04 20:13:09.673155+00:00,hu,veol.hu,veol.hu,2019-05-10,Elérkezett az európai túlfogyasztás napja,https://www.veol.hu/eletstilus/elerkezett-az-europai-tulfogyasztas-napja-2854576/
f147278738538426dc6c447d966396acec845a3c61ac4aeb4bb360573f6d0b71,2025-06-30 10:40:35.148579+00:00,hu,magyarnarancs.hu,magyarnarancs.hu,2018-05-23,"A társadalom egy része leveszi a hasznot a közjóról, a következményekkel pedig nem foglalkozik",https://m.magyarnarancs.hu/tudomany/a-tarsadalom-egy-resze-leveszi-a-hasznot-a-kozjorol-akovetkezmenyekkel-pedig-nem-foglalkozik-121625
d134c9c0668ff702788b5d5ba85993ece547aebf681e3314b725f919874646af,2025-06-29 08:07:23.798736+00:00,hu,168ora.hu,168ora.hu,2018-06-27,"A világ legnagyobb problémája, hogy a természeti tőke ingyenes",https://168ora.hu/eletmod/klimavaltozas-gazdasag-termeszet-bartus-gabor-kornyezetvedelem-172815
4d60ada69d70b70fa71c0626fcf63138bda3ad6224397c006227c058a19828a9,2025-06-28 23:48:34.033962+00:00,hu,24.hu,24.hu,2019-08-27,Az Apple pénzt ad az amazonasi esőerdő megmentésére,https://24.hu/tech/2019/08/27/apple-tim-cook-adomany-amazonia-esoerdo-tuz-erdotuz-tamogatas-amazonas/
ceb3ceec9a9b6ccc6fe59fc44e6ea6ddd91df04a1d21bfd7e6130535179b9778,2025-06-28 17:15:19.598594+00:00,hu,hvg.hu,hvg.hu,2019-08-31,"Valóban a vég kezdete az amazonasi erdőtűz, vagy csak túlreagálják?",http://hvg.hu/hvgfriss/2019.35/201935__langol_azesoerdo__afordulat_erve__egi_folyo__tudovesz#rss
5b3e09fd03e215b70c6490fdf05a5eb1ac20d44b418bb3ebcd6a014c878b1151,2025-06-28 03:09:37.470351+00:00,hu,index.hu,index.hu,2019-09-11,Van középút klímaügyben pánik és patópálkodás között?,https://index.hu/techtud/2019/09/11/van_kozeput_klimaugyben_a_panik_es_a_patopalkodas_kozott/
e073ea50485f7bac3f7f592ec7f16f3d685d8cccf314efef5769749701e92a99,2025-06-27 18:54:08.740247+00:00,hu,index.hu,index.hu,2019-09-17,Nincs B-terv az éghajlatválság megoldására,https://index.hu/techtud/2019/09/17/geomernokseg_szen-dioxid-eltavolitas_albedo_klimahekkeles_dekarbonizacio/
699e4bc57b294a66631c7b6ebe507924b8965a48c70952cb9f5c77a514f2bed5,2025-06-27 18:34:10.789502+00:00,hu,24.hu,24.hu,2019-09-18,Lángokban állnak a Föld kulcsfontosságú pontjai,https://24.hu/tudomany/2019/09/18/erdo-erdotuz-klimavaltozas/
2e0d3f20cd24814f1b72d34bdfb603433256f904edc0a84a837e92efddc98d87,2025-06-27 18:08:32.126539+00:00,hu,magyarnarancs.hu,magyarnarancs.hu,2018-05-23,"Aggódunk az őserdőkért, ám közben észre sem vesszük a népirtást, amiben mi is nyakig benne vagyunk",https://m.magyarnarancs.hu/kulpol/aggodunk-az-oserdokert-am-kozben-eszre-sem-vesszuk-a-nepirtast-amiben-mi-is-nyakig-benne-vagyunk-123017
53af5f0017c8869786ce5d5fb59a8b458081ab42a577f55af3f7d5056a19f06f,2025-06-26 06:50:55.761830+00:00,hu,nepszava.hu,nepszava.hu,2019-10-14,Trónbeszéd a Brexit árnyékában – Az október 31-i kilépés a prioritás,https://nepszava.hu/3053614_tronbeszed-a-brexit-arnyekaban--az-oktober-31-i-kilepes-a-prioritas
c75de29699e176bfefa8e81e041cf1dc7d6f3288e2f59f64937db43a0a9bc243,2025-06-26 06:41:49.196425+00:00,hu,nepszava.hu,nepszava.hu,2019-10-14,Ismét nemzetközi elfogatóparancsot adtak ki Carles Puigdemont volt katalán elnök ellen,https://nepszava.hu/3053641_ismet-nemzetkozi-elfogatoparancsot-adtak-ki-carles-puigdemont-volt-katalan-elnok-ellen
49b7234035c68713eb1df545d62630d57aab3eb3cfd31188344b91df167a660f,2025-06-25 23:12:55.882858+00:00,hu,24.hu,24.hu,2019-10-20,Ilyen lehet Magyarország 2050-re,https://24.hu/tudomany/2019/10/20/jovo-jovokutatas-termeszet/
829ef9781980bb696e4cc410571c00f3873c0f5d2c7cbbac662d318f5382cfba,2025-06-25 21:14:24.671771+00:00,hu,index.hu,index.hu,2019-10-22,Ökológiai szempontból ijesztő jövő várhat Magyarországra 2050-re,https://index.hu/techtud/2019/10/22/magyarorszag_jovoje_2050/
880fe577b56d8bb8ba4cbfa462654d4fc6799b8bd3ca1693d747c83635c1c43d,2025-06-25 21:06:48.058862+00:00,hu,hvg.hu,hvg.hu,2019-10-22,Nem túl fényes jövő vár 2050-re Magyarországra ökológiai szempontból,http://hvg.hu/tudomany/20191022_magyarorszag_magyar_videk_biodiverzitas_jovokutatas#rss
4a55d6157fbcee9bb3024daccaf80101c786df38e3b5eebd549fd4eef8823c7b,2025-06-25 12:32:39.120199+00:00,hu,vaol.hu,vaol.hu,2019-10-28,Az Amazonas-medence esőerdői égnek?!,https://www.vaol.hu/pr/az-amazonas-medence-esoerdoi-egnek-3344838/
bfd3fc15f7319635a8537b203d7811f2c214bbc6f38583ec39b96e47fd735b1b,2025-06-25 02:49:24.671807+00:00,hu,portfolio.hu,portfolio.hu,2019-11-05,"Apokalipszis vagy földi paradicsom vár ránk? Attól függ, sikerül-e megfékezni a globális felmelegedést",https://www.portfolio.hu/uzlet/20191105/apokalipszis-vagy-foldi-paradicsom-var-rank-attol-fugg-sikerul-e-megfekezni-a-globalis-felmelegedest-405985
67b76a0f81afcae5d07c1d2940e3880a989cecbc252c6ca69f0075de6dcbfb87,2025-06-24 04:58:53.585210+00:00,hu,444.hu,444.hu,2019-11-21,Az afrikai növények harmadát fenyegeti a kihalás,https://444.hu/2019/11/21/az-afrikai-novenyek-harmadat-fenyegeti-a-kihalas
4859ddcfc5701ca8306c0325be2e7f83f550b06bc4e8b46eedf5f7199ee0a2ef,2025-06-24 04:55:55.378078+00:00,hu,napi.hu,napi.hu,2019-11-21,A növények 40 százalékát kihalás fenyegeti Afrikában,https://www.napi.hu/nemzetkozi_gazdasag/a_novenyek_40_szazalekat_kihalas_fenyegeti_afrikaban.695517.html
e42abe8508aa87424b736e9d2d16c7359d63e2415b41d0e444db107418b61652,2025-06-24 04:55:50.892153+00:00,hu,hvg.hu,hvg.hu,2019-11-21,Eltűnhet a trópusi növényfajok harmada,http://hvg.hu/tudomany/20191121_Eltunhet_a_tropusi_novenyfajok_harmada#rss
0b177b8235aaa28255654b51786cfe3eb994e5dddb6b8f91fcf2524e414bcde2,2025-06-24 03:20:16.564762+00:00,hu,nepszava.hu,nepszava.hu,2019-11-22,A trópusi növények harmada a kihalás szélén áll,https://nepszava.hu/3058025_a-tropusi-novenyek-harmada-a-kihalas-szelen-all
e4b4ee564c976ba01a21cbec319c63a9f9811132d2b359c9d87883b388706f82,2025-06-23 18:07:32.706584+00:00,hu,index.hu,index.hu,2019-11-29,Az éghajlatváltozás elleni küzdelmet várják el a politikától az uniós polgárok,https://index.hu/kulfold/eurologus/2019/11/29/eghajlatvaltozas_elleni_kuzdelem_europai_politikai_ep_legfontosabb_feladata/
b740c43e389f89b3cdfbb637fa5600f5476c22fe9c71c6c0f6155d1ef6d9a147,2025-06-23 15:31:24.077006+00:00,hu,origo.hu,origo.hu,2025-06-23,Elrettentő képet fest a Balaton a világűrből,https://www.origo.hu/gazdasag/2025/06/algasodas-balaton-2
e839f60058a0888f00051823531139148367b6687f9cbef3e8cf5b2a828cc1f2,2025-06-22 21:32:47.054357+00:00,hu,hvg.hu,hvg.hu,2019-12-16,Az elszalasztott lehetőség: semmire nem jutottak a madridi klímacsúcson,http://hvg.hu/gazdasag/20191216_madridi_klimacsucs_ensz_klimavaltozas#rss
12afc69599bcdb77151c04a679276c49cfa33f9a8d3c4f8b2cd2e33a8957d2fd,2025-06-22 21:26:54.527676+00:00,hu,hvg.hu,hvg.hu,2019-12-16,13 tuti gyerekkönyv karácsonyra,http://hvg.hu/kultura/20191216_13_tuti_gyerekkonyv_karacsonyra#rss
0a6d126f50a83330fd9ec4f10cc65d287de89b4c91a307df5252295fba41befc,2025-06-22 01:35:06.802508+00:00,hu,demokrata.hu,demokrata.hu,2019-12-31,Az erdősítés évszázada,https://demokrata.hu/zold-jovo/az-erdosites-evszazada-189854/
48fa502ea9f1af11fff8a28d11550085dd425cff3910d3966a21853668941da5,2025-06-17 07:30:19.149379+00:00,hu,demokrata.hu,demokrata.hu,2025-06-17,Jönnek és maradnak – Agresszív betolakodók fenyegetik hazánkat,https://demokrata.hu/tudomany/jonnek-es-maradnak-995703/
0dad83f72bfe2086fe6a4831c5cf2d3f1da146c344841753ff1d9e9b09e1167e,2025-06-15 05:24:21.565787+00:00,hu,portfolio.hu,portfolio.hu,2025-06-15,Lomborg: az amerikai rozsdaövezet lehangoló képei ellenére ki kellene tartani a szabadkereskedelem mellett,https://www.portfolio.hu/gazdasag/20250615/lomborg-az-amerikai-rozsdaovezet-lehangolo-kepei-ellenere-ki-kellene-tartani-a-szabadkereskedelem-mellett-767539
8e62fa8e67c19ef82bdaf7c55c86acee5b1deab129ac300e5ceee5aa06d9aa12,2025-06-15 05:24:05.659038+00:00,hu,portfolio.hu,portfolio.hu,2025-06-15,Egy aprócska ország egymaga intézte el az európai gazdasági csodát,https://www.portfolio.hu/gazdasag/20250615/egy-aprocska-orszag-egymaga-intezte-el-az-europai-gazdasagi-csodat-767899
353290ff8d87f7f5805c24f85e41c8f1c5b322d89c27ff53af1f711521bdcea9,2025-06-14 20:33:27.265070+00:00,hu,portfolio.hu,portfolio.hu,2025-06-14,Az egyik EU-s országban vészhelyzeti programot aktiválták a közel-keleti konfliktus miatt,https://www.portfolio.hu/global/20250614/az-egyik-eu-s-orszagban-veszhelyzeti-programot-aktivaltak-a-kozel-keleti-konfliktus-miatt-768063
88ece6a10cc83d3eb3174195bcee796dc552ac17bee5f72134745a05566c8408,2025-06-14 20:33:14.310237+00:00,hu,portfolio.hu,portfolio.hu,2025-06-14,Kimondta Trump: Amerika beszállhat az Irán elleni támadásba,https://www.portfolio.hu/global/20250614/kimondta-trump-amerika-beszallhat-az-iran-elleni-tamadasba-768069
091b627b5dae6390dbb19ed945bac8b54771abb52011b66839634124d1b1dcb8,2025-06-14 20:33:09.311921+00:00,hu,portfolio.hu,portfolio.hu,2025-06-14,"Kiderült, hol nyílhat a következő Aldi Budapesten",https://www.portfolio.hu/gazdasag/20250614/kiderult-hol-nyilhat-a-kovetkezo-aldi-budapesten-768055
06fc92531de57564962148e051671d517b1d8db07239aef0981a61c6960047b1,2025-06-14 20:33:04.870326+00:00,hu,portfolio.hu,portfolio.hu,2025-06-14,Donald Trumppal egyeztetett Ursula von der Leyen,https://www.portfolio.hu/gazdasag/20250614/donald-trumppal-egyeztetett-ursula-von-der-leyen-768071
4eea723dd2ebd4aadcb84ee17a0f9b611a40a1f609381b76f2c391877b316ddd,2025-06-14 20:32:59.666973+00:00,hu,portfolio.hu,portfolio.hu,2025-06-14,Menekülhet az iráni elit Teheránból,https://www.portfolio.hu/global/20250614/menekulhet-az-irani-elit-teheranbol-768057
ac9114c0c1baef65bf5e6886a933543eba951c1feeefc01f2d860be9d78e4ce2,2025-06-14 20:32:54.914294+00:00,hu,portfolio.hu,portfolio.hu,2025-06-14,Ukrán sikerekről számolt be Zelenszkij,https://www.portfolio.hu/global/20250614/ukran-sikerekrol-szamolt-be-zelenszkij-768059
daca119aedc57b9477a6428a9a84109a83f2dc51d38dbf8a3f151eacf614d3e8,2025-06-14 20:32:30.024459+00:00,hu,portfolio.hu,portfolio.hu,2025-06-14,Megszólaltak a hatóságok a sugárzásról az iráni nukleáris létesítmények lebombázása után,https://www.portfolio.hu/global/20250614/megszolaltak-a-hatosagok-a-sugarzasrol-az-irani-nuklearis-letesitmenyek-lebombazasa-utan-768061
cb9132d6c6c677a642783e9ceb39ce44fea25292506c7254f3f6324713b25d55,2025-06-14 20:32:18.687701+00:00,hu,portfolio.hu,portfolio.hu,2025-06-14,Parajdi katasztrófa: másodfokú készültség van a Maroson és a Tiszán,https://www.portfolio.hu/gazdasag/20250614/parajdi-katasztrofa-masodfoku-keszultseg-van-a-maroson-es-a-tiszan-768067
fbd564ddb76208f39c862c18fa0d39f44ed0e6b9000c75433946c765363bbff7,2025-06-14 19:25:42.668287+00:00,hu,portfolio.hu,portfolio.hu,2025-06-13,Plázastop” módosítás a küszöbön – Az MBSZ állásfoglalást készít a kormányrendelet módosításról,https://www.portfolio.hu/ingatlan/20250613/plazastop-modositas-a-kuszobon-az-mbsz-allasfoglalast-keszit-a-kormanyrendelet-modositasrol-767979
6e2b72fc4abf4922a13866e2fe14412738f7a0199fcac100a3b5229e01aa7294,2025-06-14 19:24:55.165564+00:00,hu,portfolio.hu,portfolio.hu,2025-06-11,"Ingatlanpiaci elemzőt keres a Portfolio, jelentkezz hozzánk!",https://www.portfolio.hu/ingatlan/20250611/ingatlanpiaci-elemzot-keres-a-portfolio-jelentkezz-hozzank-751993
35911b5055e69db6cbde92e18fa7d38ebeb924f4e07317e436db735c4510d97e,2025-06-14 15:22:40.208685+00:00,hu,portfolio.hu,portfolio.hu,2025-06-14,A vízválság már az üzleti világot fenyegeti – Az EU drasztikus lépéssel reagál,https://www.portfolio.hu/gazdasag/20250614/a-vizvalsag-mar-az-uzleti-vilagot-fenyegeti-az-eu-drasztikus-lepessel-reagal-767643
24e1382fca945c296ba0133221e713879b308717fd0e43afd5fbb77f6c055dad,2025-06-07 13:17:40.871701+00:00,hu,index.hu,index.hu,2025-06-07,A teljes pusztulás szélére sodródott Európa egyik legikonikusabb folyója,https://index.hu/fomo/2025/06/07/folyo-szajna-vizszennyezes-visszaallitas-bbc-earth-dokumentumfilm-premier/
642accc704119d5cddc46693700fdd2787f3d6247ad8ea13359bb6027097307e,2025-06-05 14:26:21.053252+00:00,hu,origo.hu,origo.hu,2025-06-05,Fajkihalás a szomszédban – Az állat- és növényvilág pusztulása minden országban jelen van,https://www.origo.hu/tudomany/2025/06/fajkihalas-a-szomszedban
633566b97c02abe35f618c3b6f48d6dd31582118b79691efd633b0ae82731cb1,2025-06-01 18:24:15.250149+00:00,hu,portfolio.hu,portfolio.hu,2025-06-01,Itt már nem elég néhány környezettudatos ember erőfeszítése – Drasztikus lépések kellenek a műanyagválság kezeléséhez,https://www.portfolio.hu/gazdasag/20250601/itt-mar-nem-eleg-nehany-kornyezettudatos-ember-erofeszitese-drasztikus-lepesek-kellenek-a-muanyagvalsag-kezelesehez-764683
66dd63e7c2e806e3a806267db73ac750b234e7b383e3cdee74e49cb68caac19a,2025-05-06 12:29:47.037905+00:00,hu,portfolio.hu,portfolio.hu,2025-05-06,Szolárbirkák és bogárhotel – Mindent megtesznek az ESG megfelelés érdekében az energetikai cégek,https://www.portfolio.hu/uzlet/20250506/szolarbirkak-es-bogarhotel-mindent-megtesznek-az-esg-megfeleles-erdekeben-az-energetikai-cegek-757137
cc660fa90b056723b5cf8c3db5451810868f0cc05e6695d584b5b2af3d05f1e6,2025-04-06 19:19:53.593155+00:00,hu,infostart.hu,infostart.hu,2025-04-06,HUN-REN: az eddig sejtettnél is nagyobb hatást gyakorolhat az ember a biodiverzitásra,https://infostart.hu/tudomany/2025/04/06/hun-ren-az-eddig-sejtettnel-is-nagyobb-hatast-gyakorolhat-az-ember-a-biodiverzitasra
81f7dc983f0a801d6fef19215dafbf7487361f51b7eb2dcb02690cad1fb826f7,2025-04-05 00:18:52.420470+00:00,hu,gondola.hu,gondola.hu,2025-04-04,"HUN-REN: nagyobb az ember hatása a biodiverzitásra, mint eddig gondolták",https://gondola.hu/hirek/315099-HUN-REN__nagyobb_az_ember_hatasa_a_biodiverzitasra__mint_eddig.html
ba17222bec83226b89cddee82df5c96380283f3a1cd034105fee17a7a42e81bc,2025-04-03 11:30:11.961862+00:00,hu,hvg.hu,hvg.hu,2025-04-03,"Magyar tudós is részt vett abban a kutatásban, ami riasztó adatokkal szolgál az ember biodiverzitásra gyakorolt hatásáról",https://hvg.hu/zhvg/20250403_nemzetkozi-kutatas-hun-ren-biodiverzitas-emberi-hatas#rss
a49cbe96dd880131594f342e5883ddbaba435799075e31c06f3fa8a7750a189a,2025-04-03 10:27:34.347318+00:00,hu,portfolio.hu,portfolio.hu,2025-04-03,"Ijesztő számok: drámai tempóban csökken a természet sokszínűsége, és ez az egész emberi civilizációt veszélyezteti",https://www.portfolio.hu/uzlet/20250403/ijeszto-szamok-dramai-tempoban-csokken-a-termeszet-sokszinusege-es-ez-az-egesz-emberi-civilizaciot-veszelyezteti-752313
a9656e5e8b0c9ccf25a81bd05645f92158be041b598e35545aa32cce17cb83b8,2025-04-01 09:21:46.871903+00:00,hu,portfolio.hu,portfolio.hu,2025-04-01,"Jó, ha tudjuk: az erdőirtás és a fajkihalás a gazdagabb országok rejtett exportcikkévé vált",https://www.portfolio.hu/global/20250401/jo-ha-tudjuk-az-erdoirtas-es-a-fajkihalas-a-gazdagabb-orszagok-rejtett-exportcikkeve-valt-750375
93b4bf3fa1682c60e91190f707920307087a026a60c359bd3437c3383cf95d02,2025-03-28 15:26:45.800422+00:00,hu,24.hu,24.hu,2025-03-28,Lesújtó tanulmány mutatja meg az ember pusztító erejét,https://24.hu/tudomany/2025/03/28/emberi-tevekenyseg-hatasa-az-elovilagra-biodiverzitas/
a513164a560b9a151962c874971274bd344f91afa69e682b6becb705e51e9e60,2025-03-10 19:37:35.683045+00:00,hu,origo.hu,origo.hu,2025-03-10,"Az orosz-ukrán háború háromévnyi környezeti költsége: 230 millió tonna üvegházhatású gáz, elszennyeződött vizek és talajok, pusztuló bioszféra",https://www.origo.hu/tudomany/2025/03/orosz-ukran-haboru-kornyezeti-hatasai
954d67535862cb4f6537961fb0bf66e3b46853444414d057678c22cdbec2022c,2025-03-10 11:39:02.369057+00:00,hu,blikk.hu,blikk.hu,2025-03-10,Egyre kilátástalanabb a bolygónk és az emberiség jövője,https://www.blikk.hu/eletmod/vilag-titkai/easac-emberiseg-bolygo-jovo-klimavalsag/cdvnt8y
4326913281e81188d2ce1cd5ec7e71e726cbbc6dd7e6ff608a0866d2f20e5b35,2025-01-21 23:22:48.728211+00:00,hu,infostart.hu,infostart.hu,2025-01-21,Gigajelentés készült az emberiség jövőjéről – magyar részvétellel,https://infostart.hu/tudomany/2025/01/21/gigajelentes-keszult-az-emberiseg-jovojerol-magyar-reszvetellel
51b8cf0f6dae351bf425056c062d11f59d5b99916151f06bc2be2bba20a5aa9c,2025-01-21 15:36:17.968319+00:00,hu,hirtv.hu,hirtv.hu,2025-01-21,Több száz oldalas jelentés készült a világ jövőjéről,https://hirtv.hu/hirtvszines/tobb-szaz-oldalas-jelentes-keszult-a-vilag-jovojerol-2599895?utm_source=feed&utm_medium=rss
080bcb952a4e0c0c45ac15c127071d9d2938c97b66a3c1848c98e7182a0b4f49,2025-01-21 08:20:53.905429+00:00,hu,portfolio.hu,portfolio.hu,2025-01-21,Valóban növelik az agrár-környezetvédelmi programok az öko-hatékonyságot?,https://www.portfolio.hu/krtk/20250121/valoban-novelik-az-agrar-kornyezetvedelmi-programok-az-oko-hatekonysagot-735435
f346be2f67775415e1876c6905b41c4f5bd8de4e5f6200d0028a1e2ddb772433,2024-12-30 23:42:23.544937+00:00,hu,origo.hu,origo.hu,2022-01-31,A szennyezés az elfelejtett globális krízis és ezt meg kell oldanunk most,https://www.origo.hu/tudomany/20220131-szennnyezes.html
72e81817084483c43a2ce190d7c2187bfd74c906e4d4c6d70282134637066665,2024-12-30 05:38:51.872599+00:00,hu,24.hu,24.hu,2022-02-05,Így képes gyógyítani a természet,https://24.hu/tudomany/2022/02/05/egeszseg-termeszet-jollet-okologia-pszichologia/
07e33d6d94ef876a7f10cecd433f60812ec247a9f59ba456f95bb5b76fa080f4,2024-12-29 15:52:17.041778+00:00,hu,feol.hu,feol.hu,2022-02-09,FEOL - Uralkodó tévhitek bukása,https://www.feol.hu/helyi-eletstilus/2022/02/uralkodo-tevhitek-bukasa-litkei-mate-a-klimavaltozasrol-atomenergiarol-es-az-amazonasi-esoerdokrol?utm_source=hirstart&utm_medium=referral&utm_campaign=hiraggregator
dd3c6fa832df40dad3e3687ac260a94f58df38015b8f41e4c176da3ed7d4c8ac,2024-12-27 02:42:25.085928+00:00,hu,index.hu,index.hu,2022-02-28,A vegyi anyagok túltermelése veszélyezteti az ökológiai egyensúlyt,https://index.hu/tudomany/2022/02/28/vegyi-anyag-fold-szennyezes-tultermeles/
ac8cb7511fadba59281a9866f6c74a85599594b2ce5ca38846afb927d6d12656,2024-12-27 01:38:25.558232+00:00,hu,hvg.hu,hvg.hu,2022-02-28,IPCC: 6000 éve lakott területek válhatnak élhetetlenné a klímaváltozás miatt,https://hvg.hu/zhvg/20220228_klimavalsag_klimavaltozas_globalis_felmelegedes_ipcc_hatodik_jelentese
1e585660565eec9a643b1c1d9e1fe38525afe9125369530405bfc8636d0c30fb,2024-12-26 20:00:04.158622+00:00,hu,index.hu,index.hu,2022-03-02,"Megvizsgálták, mennyi gyógyszer és koffein jutott a Budapest környéki patakokba",https://index.hu/techtud/2022/03/02/vizes-elohelyek-gyogyszerek-hormonszarmazekok-gyulladascsokkentok-koffein-patakok/
f76ebd44f1b033f176d342a9971aa50f2b1a1906d0348cb7fdc0ea2761401c96,2024-12-26 19:49:06.499746+00:00,hu,origo.hu,origo.hu,2022-03-02,Új technológiával csökkentenék a patakok gyógyszerszennyezettségét,https://www.origo.hu/tudomany/20220302-a-csfk-kutatoi-uj-technologiakon-dolgoznak-a-patakok-gyogyszerszennyezettsegenek-csokkentese.html
957e3c367e3b2bd601189d5c7307338c1d8e460966305cc1cb44bc1d493b3ca1,2024-12-26 08:07:16.855080+00:00,hu,duol.hu,duol.hu,2022-03-06,Magyar kutatók a patakok gyógyszerszennyezettségének csökkentésért dolgoznak,https://www.duol.hu/egyperces/2022/03/magyar-kutatok-a-patakok-gyogyszerszennyezettsegenek-csokkentesert-dolgoznak?utm_source=hirstart&utm_medium=referral&utm_campaign=hiraggregator
cd78402f94891a7eb6d504546a7451b7071e119fb0ccbe0acd025664d9ae8a17,2024-12-26 08:04:16.538041+00:00,hu,szoljon.hu,szoljon.hu,2022-03-06,Magyar kutatók a patakok gyógyszerszennyezettségének csökkentésért dolgoznak,https://www.szoljon.hu/egyperces/2022/03/magyar-kutatok-a-patakok-gyogyszerszennyezettsegenek-csokkentesert-dolgoznak?utm_source=hirstart&utm_medium=referral&utm_campaign=hiraggregator
f48841f14bfa2224ff7eba9ec4e3e0b7dd9b6de06ee2faf1531553456ec87cf1,2024-12-26 08:01:04.036687+00:00,hu,feol.hu,feol.hu,2022-03-06,Magyar kutatók a patakok gyógyszerszennyezettségének csökkentésért dolgoznak,https://www.feol.hu/egyperces/2022/03/magyar-kutatok-a-patakok-gyogyszerszennyezettsegenek-csokkentesert-dolgoznak?utm_source=hirstart&utm_medium=referral&utm_campaign=hiraggregator
2a52909e125518593d4c99a598491851e940d8eaae08dcddf55b20769793d81c,2024-12-26 07:59:20.633667+00:00,hu,sonline.hu,sonline.hu,2022-03-06,Magyar kutatók a patakok gyógyszerszennyezettségének csökkentésért dolgoznak,https://www.sonline.hu/egyperces/2022/03/magyar-kutatok-a-patakok-gyogyszerszennyezettsegenek-csokkentesert-dolgoznak?utm_source=hirstart&utm_medium=referral&utm_campaign=hiraggregator
e0c13e64417fc8f1ccf195352845948c6b4dc9910e7163dbb95e537caa1401e6,2024-12-26 07:57:42.910781+00:00,hu,teol.hu,teol.hu,2022-03-06,Magyar kutatók a patakok gyógyszerszennyezettségének csökkentésért dolgoznak,https://www.teol.hu/egyperces/2022/03/magyar-kutatok-a-patakok-gyogyszerszennyezettsegenek-csokkentesert-dolgoznak?utm_source=hirstart&utm_medium=referral&utm_campaign=hiraggregator
000f5f701f44b68aa34dbfc371807098c4e856c8b72a4d9fa3fa0712f9c30975,2024-12-26 07:57:26.265092+00:00,hu,heol.hu,heol.hu,2022-03-06,Magyar kutatók a patakok gyógyszerszennyezettségének csökkentésért dolgoznak,https://www.heol.hu/egyperces/2022/03/magyar-kutatok-a-patakok-gyogyszerszennyezettsegenek-csokkentesert-dolgoznak?utm_source=hirstart&utm_medium=referral&utm_campaign=hiraggregator
809569d7941f8e3446e9cf7d64cf959993e73425a5efc9b8340d5567b7f7bec8,2024-12-26 07:57:00.350995+00:00,hu,kisalfold.hu,kisalfold.hu,2022-03-06,Magyar kutatók a patakok gyógyszerszennyezettségének csökkentésért dolgoznak,https://www.kisalfold.hu/egyperces/2022/03/magyar-kutatok-a-patakok-gyogyszerszennyezettsegenek-csokkentesert-dolgoznak?utm_source=hirstart&utm_medium=referral&utm_campaign=hiraggregator
e1c02fc8c91f9adf64980cb36102b8d28b91049d38a0b9d92948d9ec3e8c305e,2024-12-26 07:48:27.950720+00:00,hu,boon.hu,boon.hu,2022-03-06,Magyar kutatók a patakok gyógyszerszennyezettségének csökkentésért dolgoznak,https://www.boon.hu/egyperces/2022/03/magyar-kutatok-a-patakok-gyogyszerszennyezettsegenek-csokkentesert-dolgoznak?utm_source=hirstart&utm_medium=referral&utm_campaign=hiraggregator
24b7b1540283d6ccebbbb8e1177bc14584c2bb2c0b79e30b6b86318c41b1af88,2024-12-26 07:48:02.494842+00:00,hu,haon.hu,haon.hu,2022-03-06,Magyar kutatók a patakok gyógyszerszennyezettségének csökkentésért dolgoznak,https://www.haon.hu/egyperces/2022/03/magyar-kutatok-a-patakok-gyogyszerszennyezettsegenek-csokkentesert-dolgoznak?utm_source=hirstart&utm_medium=referral&utm_campaign=hiraggregator
ce6fc225ef4e608fd2d4d34141def591a2a55448bbc97b892de016415196821b,2024-12-26 07:43:44.277116+00:00,hu,bama.hu,bama.hu,2022-03-06,Magyar kutatók a patakok gyógyszerszennyezettségének csökkentésért dolgoznak,https://www.bama.hu/egyperces/2022/03/magyar-kutatok-a-patakok-gyogyszerszennyezettsegenek-csokkentesert-dolgoznak?utm_source=hirstart&utm_medium=referral&utm_campaign=hiraggregator
8ec94ea97e03dc5ccc9202542fb5a5a455581396f74ef3e5a34e46e2f7328d42,2024-12-26 07:43:20.962765+00:00,hu,vaol.hu,vaol.hu,2022-03-06,Magyar kutatók a patakok gyógyszerszennyezettségének csökkentésért dolgoznak,https://www.vaol.hu/egyperces/2022/03/magyar-kutatok-a-patakok-gyogyszerszennyezettsegenek-csokkentesert-dolgoznak?utm_source=hirstart&utm_medium=referral&utm_campaign=hiraggregator
6ede4d3a25cf5590c63ffab2251e7e849ec16668a0c064faa716bfeaa35f2409,2024-12-26 07:42:36.100288+00:00,hu,delmagyar.hu,delmagyar.hu,2022-03-06,Magyar kutatók a patakok gyógyszerszennyezettségének csökkentésért dolgoznak,https://www.delmagyar.hu/egyperces/2022/03/magyar-kutatok-a-patakok-gyogyszerszennyezettsegenek-csokkentesert-dolgoznak?utm_source=hirstart&utm_medium=referral&utm_campaign=hiraggregator
dedf2dc35d3c8de6e237bb42fa1d8798a55fff79154c51c2c28cbb9b87153152,2024-12-26 07:42:00.683789+00:00,hu,szon.hu,szon.hu,2022-03-06,Magyar kutatók a patakok gyógyszerszennyezettségének csökkentésért dolgoznak,https://www.szon.hu/egyperces/2022/03/magyar-kutatok-a-patakok-gyogyszerszennyezettsegenek-csokkentesert-dolgoznak?utm_source=hirstart&utm_medium=referral&utm_campaign=hiraggregator
7977f8950c1cae44ba82d4abc7d7d2b88f8e86d5500456c4ede06561915c77cf,2024-12-26 07:41:28.987147+00:00,hu,zaol.hu,zaol.hu,2022-03-06,Magyar kutatók a patakok gyógyszerszennyezettségének csökkentésért dolgoznak,https://www.zaol.hu/egyperces/2022/03/magyar-kutatok-a-patakok-gyogyszerszennyezettsegenek-csokkentesert-dolgoznak?utm_source=hirstart&utm_medium=referral&utm_campaign=hiraggregator
bc10c8c41e2bfea51ca19941f1e38eb3e2321ab5d6340641c282e71aa441aa8c,2024-12-26 07:39:51.734071+00:00,hu,baon.hu,baon.hu,2022-03-06,Magyar kutatók a patakok gyógyszerszennyezettségének csökkentésért dolgoznak,https://www.baon.hu/egyperces/2022/03/magyar-kutatok-a-patakok-gyogyszerszennyezettsegenek-csokkentesert-dolgoznak?utm_source=hirstart&utm_medium=referral&utm_campaign=hiraggregator
c70b9938557408efd2daea440d0b30bd4df982c65fcc42e1ab6dc7805bd3ee32,2024-12-26 07:27:16.799451+00:00,hu,veol.hu,veol.hu,2022-03-06,Magyar kutatók a patakok gyógyszerszennyezettségének csökkentésért dolgoznak,https://www.veol.hu/egyperces/2022/03/magyar-kutatok-a-patakok-gyogyszerszennyezettsegenek-csokkentesert-dolgoznak?utm_source=hirstart&utm_medium=referral&utm_campaign=hiraggregator
1f91fe98507072d3c5820b174b3c88dbe97560856c542799ae00a1ec610280ba,2024-12-26 07:20:09.685150+00:00,hu,beol.hu,beol.hu,2022-03-06,Magyar kutatók a patakok gyógyszerszennyezettségének csökkentésért dolgoznak,https://www.beol.hu/egyperces/2022/03/magyar-kutatok-a-patakok-gyogyszerszennyezettsegenek-csokkentesert-dolgoznak?utm_source=hirstart&utm_medium=referral&utm_campaign=hiraggregator
13c70c0ab2ea9476b5bf970967ee83c7a8b2f007590bc27dfc50e180b5ad17b2,2024-12-25 14:41:07.068663+00:00,hu,hvg.hu,hvg.hu,2022-03-11,"Kihalásra van ítélve szinte minden növény, amit nem eszünk meg vagy amit nem szeretünk nézegetni",https://hvg.hu/zhvg/20220311_kihalas_novenyek_biodiverzitas
8eecd1c924297d0e0bb62584f4ab793ddef2d743886b43ceff60b5482c3da14f,2024-12-23 14:39:34.229632+00:00,hu,origo.hu,origo.hu,2022-03-22,"Sóssá válnak az édesvizeink, és ez hatalmas gondokat okozhat",https://www.origo.hu/tudomany/20220322-az-ok-kutatoi-is-reszt-vettek-az-edesvizek-sotartalmanak-novekedesevel-kapcsolatos-globalis-kutatasi.html
fa526cadd82af1e353e3c524433f8141ae41aa8a6d5e6e4df5690af24a242ced,2024-12-22 09:32:28.115238+00:00,hu,baon.hu,baon.hu,2022-03-27,"Sóssá válnak az édesvizeink, és ez hatalmas gondokat okozhat",https://www.baon.hu/egyperces/2022/03/sossa-valnak-az-edesvizeink-es-ez-hatalmas-gondokat-okozhat?utm_source=hirstart&utm_medium=referral&utm_campaign=hiraggregator
5ba97ac6209a99c8112e10323986ad22cc6f18499a312721cabcc99c536d5e6e,2024-12-22 09:31:38.760938+00:00,hu,szon.hu,szon.hu,2022-03-27,"Sóssá válnak az édesvizeink, és ez hatalmas gondokat okozhat",https://www.szon.hu/egyperces/2022/03/sossa-valnak-az-edesvizeink-es-ez-hatalmas-gondokat-okozhat?utm_source=hirstart&utm_medium=referral&utm_campaign=hiraggregator
8686c1b55fd85d86c92f31b3e7b10e0b198d360b2c88b52ca9faf994c018f619,2024-12-22 09:31:34.538171+00:00,hu,teol.hu,teol.hu,2022-03-27,"Sóssá válnak az édesvizeink, és ez hatalmas gondokat okozhat",https://www.teol.hu/egyperces/2022/03/sossa-valnak-az-edesvizeink-es-ez-hatalmas-gondokat-okozhat?utm_source=hirstart&utm_medium=referral&utm_campaign=hiraggregator
45b90e71bc6412f63b92c07241f3f9b47e3ca41e379121bb61cd97c47a12d1cb,2024-12-22 09:31:17.402388+00:00,hu,delmagyar.hu,delmagyar.hu,2022-03-27,"Sóssá válnak az édesvizeink, és ez hatalmas gondokat okozhat",https://www.delmagyar.hu/egyperces/2022/03/sossa-valnak-az-edesvizeink-es-ez-hatalmas-gondokat-okozhat?utm_source=hirstart&utm_medium=referral&utm_campaign=hiraggregator
338730a3adb8123b9a12a394bb79c934389334290e74eb59467a2f32083bbab3,2024-12-22 09:31:04.850307+00:00,hu,feol.hu,feol.hu,2022-03-27,"Sóssá válnak az édesvizeink, és ez hatalmas gondokat okozhat",https://www.feol.hu/egyperces/2022/03/sossa-valnak-az-edesvizeink-es-ez-hatalmas-gondokat-okozhat?utm_source=hirstart&utm_medium=referral&utm_campaign=hiraggregator
3bc5129f48249c8f141a76f80ab8539d8531d65e7fe3d09ef212729b0d988759,2024-12-22 09:30:59.387904+00:00,hu,szoljon.hu,szoljon.hu,2022-03-27,"Sóssá válnak az édesvizeink, és ez hatalmas gondokat okozhat",https://www.szoljon.hu/egyperces/2022/03/sossa-valnak-az-edesvizeink-es-ez-hatalmas-gondokat-okozhat?utm_source=hirstart&utm_medium=referral&utm_campaign=hiraggregator
a5a5dc0b8d398f402ec3f0efe0a066d76ff38cd1c4ed7fbd6db9de873ffd1c19,2024-12-22 09:30:32.746744+00:00,hu,vaol.hu,vaol.hu,2022-03-27,"Sóssá válnak az édesvizeink, és ez hatalmas gondokat okozhat",https://www.vaol.hu/egyperces/2022/03/sossa-valnak-az-edesvizeink-es-ez-hatalmas-gondokat-okozhat?utm_source=hirstart&utm_medium=referral&utm_campaign=hiraggregator
41f969a7e26acd66bfc22995055cebbb50531edccd27270dd39178806ca47ed4,2024-12-22 09:29:43.764667+00:00,hu,heol.hu,heol.hu,2022-03-27,"Sóssá válnak az édesvizeink, és ez hatalmas gondokat okozhat",https://www.heol.hu/egyperces/2022/03/sossa-valnak-az-edesvizeink-es-ez-hatalmas-gondokat-okozhat?utm_source=hirstart&utm_medium=referral&utm_campaign=hiraggregator
0844ae900d96e40232aa35b3e47a90ee3133664f54a22536de9018f8f3583fe7,2024-12-22 09:29:32.458699+00:00,hu,kisalfold.hu,kisalfold.hu,2022-03-27,"Sóssá válnak az édesvizeink, és ez hatalmas gondokat okozhat",https://www.kisalfold.hu/egyperces/2022/03/sossa-valnak-az-edesvizeink-es-ez-hatalmas-gondokat-okozhat?utm_source=hirstart&utm_medium=referral&utm_campaign=hiraggregator
8a9b4e99ad1d1e6023a0f0e59ea9daaa235f1c2e924aebf7dc908ce1a28ce6b9,2024-12-22 09:29:14.781620+00:00,hu,sonline.hu,sonline.hu,2022-03-27,"Sóssá válnak az édesvizeink, és ez hatalmas gondokat okozhat",https://www.sonline.hu/egyperces/2022/03/sossa-valnak-az-edesvizeink-es-ez-hatalmas-gondokat-okozhat?utm_source=hirstart&utm_medium=referral&utm_campaign=hiraggregator
20d3eaad645274268b2a1c5963e8caffed3cf29758268b2835bf1f121f9d9f43,2024-12-22 09:29:14.469475+00:00,hu,veol.hu,veol.hu,2022-03-27,"Sóssá válnak az édesvizeink, és ez hatalmas gondokat okozhat",https://www.veol.hu/egyperces/2022/03/sossa-valnak-az-edesvizeink-es-ez-hatalmas-gondokat-okozhat?utm_source=hirstart&utm_medium=referral&utm_campaign=hiraggregator
6f1987348d5e8f5223784cc9812b4dfe5d67b563cc64a45b7722c9005cc1dff7,2024-12-22 09:25:33.603162+00:00,hu,bama.hu,bama.hu,2022-03-27,"Sóssá válnak az édesvizeink, és ez hatalmas gondokat okozhat",https://www.bama.hu/egyperces/2022/03/sossa-valnak-az-edesvizeink-es-ez-hatalmas-gondokat-okozhat?utm_source=hirstart&utm_medium=referral&utm_campaign=hiraggregator
8827e5ffff2f079125b359db164c5cecb688c11977372fb19392bc872f8e9482,2024-12-22 09:20:46.616987+00:00,hu,boon.hu,boon.hu,2022-03-27,"Sóssá válnak az édesvizeink, és ez hatalmas gondokat okozhat",https://www.boon.hu/egyperces/2022/03/sossa-valnak-az-edesvizeink-es-ez-hatalmas-gondokat-okozhat?utm_source=hirstart&utm_medium=referral&utm_campaign=hiraggregator
a5f3a534ab23b6ec5578d52cc03ca09394f855f23fc308a3cb78852c1d6cf0a8,2024-12-22 09:11:09.686341+00:00,hu,zaol.hu,zaol.hu,2022-03-27,"Sóssá válnak az édesvizeink, és ez hatalmas gondokat okozhat",https://www.zaol.hu/egyperces/2022/03/sossa-valnak-az-edesvizeink-es-ez-hatalmas-gondokat-okozhat?utm_source=hirstart&utm_medium=referral&utm_campaign=hiraggregator
c9235ac68c56b12eec218712584bba349d1a36fe86313d31f346679237bf53df,2024-12-22 09:11:01.743952+00:00,hu,haon.hu,haon.hu,2022-03-27,"Sóssá válnak az édesvizeink, és ez hatalmas gondokat okozhat",https://www.haon.hu/egyperces/2022/03/sossa-valnak-az-edesvizeink-es-ez-hatalmas-gondokat-okozhat?utm_source=hirstart&utm_medium=referral&utm_campaign=hiraggregator
5aa1c8cc1426be42326440a7afc1c250fd2c526771f2b326b8a03e8fd56b72ed,2024-12-22 09:10:46.197717+00:00,hu,duol.hu,duol.hu,2022-03-27,"Sóssá válnak az édesvizeink, és ez hatalmas gondokat okozhat",https://www.duol.hu/egyperces/2022/03/sossa-valnak-az-edesvizeink-es-ez-hatalmas-gondokat-okozhat?utm_source=hirstart&utm_medium=referral&utm_campaign=hiraggregator
988a885e02d37fe6aec2768a13493f15871cf09823ed570bb8cfc9330513b637,2024-12-22 08:37:44.538736+00:00,hu,beol.hu,beol.hu,2022-03-27,"Sóssá válnak az édesvizeink, és ez hatalmas gondokat okozhat",https://www.beol.hu/egyperces/2022/03/sossa-valnak-az-edesvizeink-es-ez-hatalmas-gondokat-okozhat?utm_source=hirstart&utm_medium=referral&utm_campaign=hiraggregator
dd6177786899fc432daa8d936c0cd9e6751be84f2dc80a88ecebd44df7efe75f,2024-12-22 04:35:50.658204+00:00,hu,vg.hu,vg.hu,2022-03-28,Meddig képes Európa alkalmazkodni a klímaváltozáshoz?,https://www.vg.hu/zoldgazdasag/2022/03/meddig-kepes-europa-alkalmazkodni-a-klimavaltozashoz?utm_source=hirstart&utm_medium=referral&utm_campaign=hiraggregator
b63341d5cd172d539f9a7621ad6a6b97548ff0697f837b934dd95eb865b11478,2024-12-15 01:41:11.265671+00:00,hu,haon.hu,haon.hu,2022-04-22,"„Ha nem figyelünk, észrevétlenül kitapossuk magunk alól az oxigént”",https://www.haon.hu/helyi-eletstilus/2022/04/ha-nem-figyelunk-eszrevetlenul-kitapossuk-magunk-alol-az-oxigent?utm_source=hirstart&utm_medium=referral&utm_campaign=hiraggregator
10350d229a9471e84b8585ba340e466cf7ad9e63ffad9278cfd5591da05f7f4c,2024-12-04 16:30:01.118833+00:00,hu,origo.hu,origo.hu,2024-12-04,"Már az űrből is látni, mekkora a baj",https://www.origo.hu/tudomany/2024/12/antarktiszi-novenyzet-terjedese
bf17a6967c25d41d14a4b3bf9c7e827e0aaf12ded3ad0c1556ff5ad0a9ca1a49,2024-12-02 16:38:13.772055+00:00,hu,hvg.hu,hvg.hu,2024-12-02,"Meghalt Szabó István filmjének sztárja, aki háromszor nyert César-díjat",https://hvg.hu/kultura/20241202_Meghalt-Niels-Arestrup-Szabo-Istvan-Cesar-dij#rss
af062e35e816bc4f298a0a2bd4e740853813711c3d35f4626c91e09f1cc6ddea,2024-12-02 09:23:21.860383+00:00,hu,hirtv.hu,hirtv.hu,2024-12-02,Egymillió fajt fenyeget a kihalás veszélye,https://hirtv.hu/hirtvszines/egymillio-fajt-fenyeget-a-kihalas-veszelye-2597091?utm_source=feed&utm_medium=rss
9521b27c3b94b3912dbff07ea35a860787818c8e289e18cb10f8804497c542db,2024-12-01 17:06:09.770479+00:00,hu,nepszava.hu,nepszava.hu,2020-01-14,"Ha nem akarunk elbúcsúzni az állatvilágtól, a Föld harmadát védelem alá kell venni",https://nepszava.hu/3063517_ha-nem-akarunk-elbucsuzni-az-allatvilagtol-a-fold-harmadat-vedelem-ala-kell-venni
58b32b38f106e2ede4ff93889251c8c78318c7d8cf9b49e8892ed5b2a9a12e75,2024-12-01 16:50:44.380974+00:00,hu,nepszava.hu,nepszava.hu,2020-01-14,Európa tárgyalóasztalhoz kényszeríti Iránt,https://nepszava.hu/3063542_europa-targyaloasztalhoz-kenyszeriti-irant
82d31b247eb23a51974bb2d73942639f4f91439c62293517dc5f34a224bcc6bf,2024-12-01 16:47:25.367024+00:00,hu,nepszava.hu,nepszava.hu,2020-01-14,"Felrobbant egy vegyi üzem, vészhelyzetet hirdettek Spanyolországban (videón a detonáció)",https://nepszava.hu/3063555_felrobbant-egy-vegyi-uzem-veszhelyzetet-hirdettek-spanyolorszagban-videon-a-detonacio
2e6edfaa07b18b470eb22476e7baf75258304fdf5cc08e3d30a7cf2779456130,2024-12-01 14:45:57.381506+00:00,hu,hvg.hu,hvg.hu,2020-01-15,"Elmondták, mi jelenti a legnagyobb kockázatot az emberiségre",http://hvg.hu/gazdasag/20200115_klimavaltozas_vilaggazdasagi_forum_davos#rss
99081a5a311bdd6b628c28811539bf34882a83547a5ecc0bda6d4732abd316ad,2024-12-01 13:41:56.394784+00:00,hu,magyarnemzet.hu,magyarnemzet.hu,2020-01-15,Környezetvédelmi problémák állnak a davosi Világgazdasági Fórum kockázatelemzési jelentésének élén,https://magyarnemzet.hu/kulfold/kornyezetvedelmi-problemak-allnak-a-davosi-vilaggazdasagi-forum-kockazatelemzesi-jelentesenek-elen-7675616/
ce74399f1969c5a5d269e739f65cc6f7a59ef20bb34065c4e2d074a0e90e1095,2024-12-01 00:16:01.683959+00:00,hu,infostart.hu,infostart.hu,2020-01-21,Példátlan eset a kezdődő davosi tanácskozás előtt,https://infostart.hu/kulfold/2020/01/21/peldatlan-eset-a-kezdodo-davosi-tanacskozas-elott
0ce4d25f7794b75b4070abda189adaef18b1b91b1facc4628d2d8002b1e42705,2024-11-30 23:17:56.946953+00:00,hu,hirtv.hu,hirtv.hu,2020-01-21,Kezdődik az 50. Világgazdasági Fórum,http://hirtv.hu/hirtv_gazdasagi_hirei/kezdodik-az-50-vilaggazdasagi-forum-2493751?utm_source=feed&utm_medium=rss
d09a7cce559a82c8c54aba08ddf162d8c279c60cc85dfa13d666fcb29075a453,2024-11-30 22:43:51.875783+00:00,hu,index.hu,index.hu,2020-01-21,Civilek vonták kérdőre Palkovicséket az új klímastratégiáról a parlamentben,https://index.hu/gazdasag/2020/01/21/miniszteri_beszamolo_itm_klimapolitika_energiapolitika_terv_nekt_palkovics_kaderjak_fenntarthatosagi_bizottsag/
dec88f0ab90b93f5ccb054f39bfe4fb5e1e042dbb2f405dc9ac47eae2f11a7a9,2024-11-30 22:36:03.320182+00:00,hu,hvg.hu,hvg.hu,2020-01-21,Sokkoló hírek a luxushüttéből: idén Davost is utolérte a klímaváltozás,http://hvg.hu/gazdasag/20200121_A_fenntarthatosag_lesz_az_idei_Vilaggazdasagi_Forum_kozeppontjaban#rss
e62dfceb9a06fa810db233973999f13caa512903cd661e10659ab84cec3bf4e2,2024-11-29 06:41:20.115484+00:00,hu,168ora.hu,168ora.hu,2018-06-27,A varázsszó: karbonsemlegesen – Elszigetelődött Davosban a washingtoni kormány,https://168ora.hu/kulfold/a-varazsszo-karbonsemlegesen-elszigetelodott-davosban-a-washingtoni-kormany-181305
839fcfcea6f9e170a71f7d6cb148aa601810f7540ddc4eb67218d722f2a76f37,2024-11-25 15:57:25.869808+00:00,hu,magyarnemzet.hu,magyarnemzet.hu,2020-03-03,Vadvilág napot rendeznek a budapesti állatkertben,https://magyarnemzet.hu/belfold/vadvilag-napot-rendeznek-a-budapesti-allatkertben-7842947/
6d0e8bdb54aeb5635f9512da976c5a9104b119dadf26be0c7516ea205b867d6d,2024-11-24 23:42:12.666332+00:00,hu,hvg.hu,hvg.hu,2020-03-08,"52 kék papagáj költözik Brazíliába, talán ez a faj utolsó esélye",http://hvg.hu/tudomany/20200308_kek_szinu_papagaj_spix_ara_brazilia_visszatelepites#rss
4f10b751e174b4b552c3c8d68774934da231c4e2eafc284d9f81ce01efb64505,2024-11-24 00:57:54.970749+00:00,hu,index.hu,index.hu,2020-03-16,Egyre pusztítóbb járványok jöhetnek Afrikából és Ázsiából,https://index.hu/techtud/2020/03/16/zoonozis_covid19_koronavirus_jarvany_pandemia_azsia_afrika/
e4e34b06d0276b75106e3f877d7c3b1a6577b91195e8da248226ceaf0810ceef,2024-11-22 14:24:54.098914+00:00,hu,portfolio.hu,portfolio.hu,2024-11-22,Egyre többet és többet használunk a természeti erőforrásokból,https://www.portfolio.hu/uzlet/20241122/egyre-tobbet-es-tobbet-hasznalunk-a-termeszeti-eroforrasokbol-724598
b6aad9964035b606060d972dab1c9af419a95537a43a025cb3aa96dc53661393,2024-11-20 09:17:53.147010+00:00,hu,bama.hu,bama.hu,2024-11-20,MI: Ilyen lesz a jövő Baranyája,https://www.bama.hu/helyi-kozelet/2024/11/mi-mesterseges-intelligencia-baranya?utm_source=hirstart&utm_medium=referral&utm_campaign=hiraggregator
a4c67a5ed9e6cc774d5712c2665f466c204b85c2ccfcb007e4ab649b430364c1,2024-11-20 05:49:50.436367+00:00,hu,nepszava.hu,nepszava.hu,2020-04-05,A természet kizsákmányolása egyenesen vezetett a koronavírus-járvány kitöréséhez,https://nepszava.hu/3073348_a-termeszet-kizsakmanyolasa-egyenesen-vezetett-a-koronavirus-jarvany-kitoresehez
7d8e5c0b4b8ec6cf0b86be31aab843bf839a4dfef6aaa772b97d91b996fac8cc,2024-11-20 05:39:37.783482+00:00,hu,nepszava.hu,nepszava.hu,2020-04-05,A jövő megoldása a rákterápiában,https://nepszava.hu/3073345_a-jovo-megoldasa-a-rakterapiaban
85c221413c0f99b9778bfbc2c7fec62a6e36f8b1d419fd8009285172d48a429a,2024-11-20 05:18:22.766172+00:00,hu,nepszava.hu,nepszava.hu,2020-04-05,Népszava Átlátszó tudomány,https://nepszava.hu/3073352_atlatszo-tudomany
9de99cdd72d8171c97610e24ce1438e8042182dd487a60e5872d9551940267d9,2024-11-18 09:39:00.922846+00:00,hu,index.hu,index.hu,2020-04-19,"A kopárnak tartott Görögországban több erdő van, mint Magyarországon",https://index.hu/kulfold/eurologus/2020/04/19/erdosites_kozos_politika_nelkul_nem_latszik_a_faktol_az_erdo/
168aa3b6486c9f762b26a3f781bf98ed2abce6bd25c7fbb14c40e2c6f85073cf,2024-11-18 03:25:49.757080+00:00,hu,24.hu,24.hu,2024-11-18,A dm idén is átszínezi a Black Friday napot,https://24.hu/belfold/2024/11/18/a-dm-iden-is-atszinezi-a-black-friday-napot/
c5c4a82761b0d9a42b37e60a362910e92e507b00ed4f72abd5906fbd6cbea980,2024-11-17 16:55:24.366957+00:00,hu,hvg.hu,hvg.hu,2020-04-24,A rovarok negyede eltűnt 1990 óta és ez ránk nézve is tragikus következményekkel jár,http://hvg.hu/gazdasag.zhvg/20200424_A_rovarok_negyede_eltunt_1990_ota_es_ez_rank_nezve_is_tragikus_kovetkezmenyekkel_jar#rss
33e7f26c181cd33b7a33ec6812f0be24ed50e427cfdf1571f77370e5859c46ae,2024-11-17 14:08:48.252204+00:00,hu,24.hu,24.hu,2020-04-25,"Amíg a méhek haldokolnak, a szúnyogok köszönik szépen, jól vannak",https://24.hu/tudomany/2020/04/25/rovarok-mehek-beporzok-kihalas-eloszlas/
9d3501d7a5beee2a3e7eed0240ae7ce734960d4856eee9589fc8d1c71cbf84d8,2024-11-14 21:37:59.770265+00:00,hu,index.hu,index.hu,2020-05-16,"A légszennyezettség több embert öl meg, mint a koronavírus",https://index.hu/techtud/2020/05/16/a_legszennyezettseg_tobb_embert_ol_meg_evente_mint_a_koronavirus/
ce44b389533312a9cbe23132a6a262cfb7829743cd495e85d0d711a39ca0dbf7,2024-11-14 17:07:57.281832+00:00,hu,hvg.hu,hvg.hu,2020-05-18,"Gyorsabban pusztul az ökoszisztéma, mint gondolták",http://hvg.hu/gazdasag.zhvg/20200518_greenpeace_okoszisztema_biodiverzitas_klimavaltozas_ipbes#rss
837b6edde13f82ecb512b47b9b4944c45d9b6edaa7853b519ffd5eca2dceb67e,2024-11-14 08:03:17.132791+00:00,hu,nepszava.hu,nepszava.hu,2020-05-21,"Termelőtől fogyasztóig""",https://nepszava.hu/3078871_termelotol-fogyasztoig-uj-modellben-finansziroznak-az-europai-elelmiszeripart
779d283a01e6ab67b4da0f7597d6b34881e14e06c71b4994b8183916faa7dc42,2024-11-14 04:22:30.047576+00:00,hu,magyarnemzet.hu,magyarnemzet.hu,2020-05-22,Magyarország kiemelkedő természeti értékekkel rendelkezik,https://magyarnemzet.hu/mozaik/magyarorszag-kiemelkedo-termeszeti-ertekekkel-rendelkezik-8149706/
51e0d0891e7a556f19c14dd3596ee39d3b941716b574269c631947a18b2e1b95,2024-11-14 00:53:38.173282+00:00,hu,blikk.hu,blikk.hu,2020-05-23,Döbbenet: egymillió állat- és növényfajt fenyeget a kipusztulás veszélye,https://www.blikk.hu/aktualis/kulfold/dobbenet-egymillio-allat-es-novenyfajt-fenyeget-a-kipusztulas-veszelye/qlwxbzh
983c3626f16ec8593c823d7def109acef75c1746b5256264c0063d0256b868f8,2024-11-12 23:21:41.970239+00:00,hu,magyarnemzet.hu,magyarnemzet.hu,2020-06-02,Veszélyben a biológiai sokféleség,https://magyarnemzet.hu/belfold/veszelyben-a-biologiai-sokfeleseg-8189123/
7eb4b3ee69c0c4fc11208a0ff28179b482d76e0ea813db1fa99742b82102163f,2024-11-12 13:53:40.141660+00:00,hu,24.hu,24.hu,2020-06-07,"Európa 30 milliárd eurót áldoz a természetre, ha elfogadjuk",https://24.hu/tudomany/2020/06/07/eu-biodiverzitas-farm-to-fork-mezogazdasag-strategia-baldi-andras-okologia/
4d177faf98493468b9a1bb4a0d8d473131f53d9689b7823340237f63efeb30e4,2024-11-12 07:23:07.837744+00:00,hu,vg.hu,vg.hu,2020-06-11,Lehetséges a kék fellendülés,https://www.vg.hu/velemeny/elemzes/lehetseges-a-kek-fellendules-2-2315010/
88509dd689674c26b068056048fe23ee7ea583e22395f484aea3e463392ce8a7,2024-11-11 21:31:14.519024+00:00,hu,magyarnemzet.hu,magyarnemzet.hu,2020-06-18,Luxushatás szárazságban,https://magyarnemzet.hu/tudomany/luxushatas-szarazsagban-8260266/
aa3de3ba796b2f72a1b082a7e76b4b73c55d631d23f6bc746c0ca957ca262057,2024-11-11 13:31:44.364169+00:00,hu,nepszava.hu,nepszava.hu,2020-06-24,40 évnyi vízfogyasztásra elegendő jeget veszítettek az új-zélandi gleccserek,https://nepszava.hu/3082714_40-evnyi-vizfogyasztasra-elegendo-jeget-veszitettek-az-uj-zelandi-gleccserek
b6bc757a7acbe820168b8d98eb739d55f905f5fa9874f012a4d2908d9377091e,2024-11-10 04:17:20.202347+00:00,hu,magyarnemzet.hu,magyarnemzet.hu,2020-07-15,Az emberi tevékenység egyre nagyobb hatással van az Antarktiszra,https://magyarnemzet.hu/mozaik/az-emberi-tevekenyseg-egyre-nagyobb-hatassal-van-az-antarktiszra-8383725/
4e133158f85a35551ab9cc62201a5d381ed5a92c055027da21a949d146eeca7e,2024-11-09 22:58:59.376166+00:00,hu,24.hu,24.hu,2020-07-19,"Kipusztítottunk egy állatot, ami életeket menthetett volna",https://24.hu/tudomany/2020/07/19/beka-keteltu-gyogyitas-termeszet/
c402124ebe4c7fd1d167b8a8c78fb0243442dd890f74e575493a0555add8ddaa,2024-11-09 07:30:33.731415+00:00,hu,magyarnemzet.hu,magyarnemzet.hu,2020-08-01,Magasba törekvő növények,https://magyarnemzet.hu/gazdasag/magasba-torekvo-novenyek-8454735/
84992b6b08515f429d401351094235b95ab8f89ef01fdbe96dba34c8b6417280,2024-11-09 05:02:18.848839+00:00,hu,hvg.hu,hvg.hu,2020-08-03,"""Egy járvány idején osztozunk a hülyeség kockázataiban""",http://hvg.hu/gazdasag.zhvg/20200803_2020_lehet_az_az_ev_amikor_elkezdenek_kihalni_az_individualista_tarsadalmak#rss
883b79560c4c737ab9fc533c35f0c84a21d13df387c7d8264e67fbaa291656e2,2024-11-08 00:58:01.302174+00:00,hu,hvg.hu,hvg.hu,2020-08-24,Bárki lehet zöld befektető,http://hvg.hu/brandcontent/20200824_Barkibol_lehet_zold_befekteto_otp_alapkezelo#rss
b64e075c416f22a4da3c28a4a5455ff26f9b6150afecc188e4a10289d03e47e1,2024-11-07 13:20:15.687074+00:00,hu,index.hu,index.hu,2024-11-07,"Bebizonyítanák, hogy Magyarország Európa legzöldebb országa",https://index.hu/gazdasag/2024/11/07/faultetes-fa-nemzeti-faultetes-napja-10-millio-fa-klimavedelem-klimavedelem/
48726f97aee4c78540d8e0a59a8c9e4bf5cf7c2ccf7fbc621c12d221e2e8073a,2024-11-07 11:47:01.440214+00:00,hu,origo.hu,origo.hu,2024-11-07,A sündisznók kihalása elkerülhetetlennek tűnik,https://www.origo.hu/tudomany/2024/11/sundisznok-kihalasa-elkerulhetetlen-lehet
9a724c74148640f8439a0e145a1df33424ef34fd906e0e4ae5c6ceb55ccc0990,2024-11-05 16:31:11.729869+00:00,hu,hvg.hu,hvg.hu,2024-11-05,"A közpénzt már sajnálják rá, magántőkéből remélik megóvni a Föld természetes élőhelyeit",https://hvg.hu/gazdasag/20241105_cop16-fajkihalas-megakadalyozasa-biodiverzitas-bioszfera-termeszetes-elohelyek-vedelme-ensz#rss
92ddd162fe509db04fc068fb01c7e5aae4dbf77625f035ea5fa7c0c3fe43d12b,2024-11-02 12:46:03.415100+00:00,hu,24.hu,24.hu,2021-12-11,Horgászok segíthetnek megmenteni a magyar vizeket,https://24.hu/tudomany/2021/12/11/horgasz-folyok-tavak-okologia-termeszetvedelem/
6e1a7c48a0c527047a6a5572cc1bbefeee3bbe90305b48151727a51b11e109d9,2024-11-02 09:21:48.430489+00:00,hu,merce.hu,merce.hu,2021-12-12,"Élelmiszer-önrendelkezés: lehetőségek, feladatok, esélyek és korlátok « Mérce",https://merce.hu/2021/12/12/elelmiszer-onrendelkezes-lehetosegek-feladatok-eselyek-es-korlatok/
67cd0624401f28cb88808faee0a4f3abf46aa125026a42ea45d7f688ad7ac869,2024-10-29 15:32:15.704721+00:00,hu,nepszava.hu,nepszava.hu,2024-10-29,"Európa felszíni vizeinek csupán egyharmada minősül jónak vagy annál jobb állapotúnak, Magyarország tavainak és folyóinak többsége közepes állapotú",https://nepszava.hu/3255650_europa-felszini-viz-szennyezes-pohar
59a8a542afa2cb9aa12b97064b2f98924becc164f03b2575c8057d74466d6dae,2024-10-29 15:32:03.799751+00:00,hu,nepszava.hu,nepszava.hu,2024-10-29,"Tiszta vizet öntenénk a pohárba, de nem lehet, Európa felszíni vizeinek csupán egyharmada minősül legalább jó állapotúnak",https://nepszava.hu/3255341_europa-felszini-viz-szennyezes-pohar
73c18b5c940403d765b47cac8b154b9e2ba20ec2a66ce596621d5c9920af5ddf,2024-10-25 18:14:13.703402+00:00,hu,portfolio.hu,portfolio.hu,2021-12-24,Jövőre 60 éves az EU közös agrárpolitikája: siker vagy kudarc?,https://www.portfolio.hu/krtk/20211224/jovore-60-eves-az-eu-kozos-agrarpolitikaja-siker-vagy-kudarc-517846
9fd75856da12705d2cc0d000af1072452174217cd89f456591bdf8aaf5c52ba9,2024-10-24 01:35:27.304418+00:00,hu,hvg.hu,hvg.hu,2020-09-10,"WWF: Az életmódunkat is meg kell változtatni, hogy megakadályozzuk fajok kihalását",http://hvg.hu/gazdasag.zhvg/20200910_elo_bolygo_jelentes_wwf_biodiverzitas#rss
a0cdd51285fd2d4924b67951696bb5a339c2d416462e4002ea305d554e9e538d,2024-10-23 23:25:21.276362+00:00,hu,magyarhirlap.hu,magyarhirlap.hu,2020-08-20,"Áder János: Tudatosabban, körültekintőbben bánni környezetünkkel",https://www.magyarhirlap.hu/kronika/20200911-ader-janos-tudatosabban-korultekintobben-banni-kornyezetunkkel
4c685d036fbc73e83b41d6e4e5f604d40bf39b70f66d1a914172338b9ed43a3e,2024-10-23 23:23:02.441443+00:00,hu,hvg.hu,hvg.hu,2020-09-11,"Áder: Ha az ember élni akar, körültekintőbben kell bánnia a környezettel",http://hvg.hu/gazdasag.zhvg/20200911_ader_janos_kornyezetvedelem_biodiverzitas_nemzeti_parkok_kihalasi_hullam#rss
42d0e42f546970bf237d774ddde7663e3da1d711fec79be7592fba7395dc34cb,2024-10-23 23:21:50.079195+00:00,hu,duol.hu,duol.hu,2020-09-11,"Áder János: tudatosabban, körültekintőbben kell bánni környezetünkkel",https://www.duol.hu/eletstilus/ader-janos-tudatosabban-korultekintobben-kell-banni-kornyezetunkkel-3813212/
ed8a196a9cab41b07a7ddd55a0934d39016d2d30ee02be2c7ca1f9391bbc185e,2024-10-23 23:21:47.787631+00:00,hu,boon.hu,boon.hu,2020-09-11,"Áder János: tudatosabban, körültekintőbben kell bánni környezetünkkel",https://boon.hu/eletstilus/ader-janos-tudatosabban-korultekintobben-kell-banni-kornyezetunkkel-4544717/
bef2cd5c198e41ef609910faa3f5ef64c75b1159c5d88ea5a5870fdfc030ea14,2024-10-23 23:21:32.263077+00:00,hu,haon.hu,haon.hu,2020-09-11,"Áder János: tudatosabban, körültekintőbben kell bánni környezetünkkel",https://haon.hu/eletstilus/ader-janos-tudatosabban-korultekintobben-kell-banni-kornyezetunkkel-4341026/
33bd4e0000fb1bc131bd6bc475246f96dffbe7ba977704307db139d1b043f0ac,2024-10-23 23:20:51.458150+00:00,hu,szon.hu,szon.hu,2020-09-11,"Áder János: tudatosabban, körültekintőbben kell bánni környezetünkkel",https://szon.hu/eletstilus/ader-janos-tudatosabban-korultekintobben-kell-banni-kornyezetunkkel-4179554/
4abd8afd933f81b5a6bbe31aaa272d516fa13e993dacbd27cfbea74b38283887,2024-10-23 23:20:34.598630+00:00,hu,sonline.hu,sonline.hu,2020-09-11,"Áder János: tudatosabban, körültekintőbben kell bánni környezetünkkel",https://www.sonline.hu/eletstilus/ader-janos-tudatosabban-korultekintobben-kell-banni-kornyezetunkkel-3253736/
5dce14318070ffd8985455b3186462653fcf8fbf252cc950d7b3faee0ff12245,2024-10-23 23:20:28.440461+00:00,hu,bama.hu,bama.hu,2020-09-11,"Áder János: tudatosabban, körültekintőbben kell bánni környezetünkkel",https://www.bama.hu/eletstilus/ader-janos-tudatosabban-korultekintobben-kell-banni-kornyezetunkkel-2854172/
4bd12f8c6fc978ac9febd8c42180bb5afed03229d77a81e8e9640e4397148ffd,2024-10-23 23:20:26.476107+00:00,hu,szoljon.hu,szoljon.hu,2020-09-11,"Áder János: tudatosabban, körültekintőbben kell bánni környezetünkkel",https://www.szoljon.hu/eletstilus/ader-janos-tudatosabban-korultekintobben-kell-banni-kornyezetunkkel-2676404/
b9a0bcf1c475d0fe393a9e102e450ad60f78b909ec3254495211cefbe312c52b,2024-10-23 23:20:26.110472+00:00,hu,beol.hu,beol.hu,2020-09-11,"Áder János: tudatosabban, körültekintőbben kell bánni környezetünkkel",https://www.beol.hu/eletstilus/ader-janos-tudatosabban-korultekintobben-kell-banni-kornyezetunkkel-3034004/
58c9015fe5ec3ab3e622b6ad6171585a7d2d9cd33069cd9ebe50a7f83d267444,2024-10-23 23:20:15.103860+00:00,hu,pestisracok.hu,pestisracok.hu,2020-09-11,"Áder János: Tudatosabban, körültekintőbben bánni környezetünkkel",https://pestisracok.hu/ader-janos-tudatosabban-korultekintobben-banni-kornyezetunkkel/
756eb443a412d224e4a013e2ecd4182e09834041c1c005ecb03d07257f902a6c,2024-10-23 23:20:10.038824+00:00,hu,teol.hu,teol.hu,2020-09-11,"Áder János: tudatosabban, körültekintőbben kell bánni környezetünkkel",https://www.teol.hu/eletstilus/ader-janos-tudatosabban-korultekintobben-kell-banni-kornyezetunkkel-2755919/
637bac57c4893788f5f0cc2604b4c791480285b26d5d8a14ae3ff82e2b6c726e,2024-10-23 23:20:02.446283+00:00,hu,feol.hu,feol.hu,2020-09-11,"Áder János: tudatosabban, körültekintőbben kell bánni környezetünkkel",https://www.feol.hu/eletstilus/ader-janos-tudatosabban-korultekintobben-kell-banni-kornyezetunkkel-4274168/
d318f5e4aaad61cb49ffa41632559c9243f4f2dbc9c713b3c48c401b4ce1d088,2024-10-23 23:19:49.950585+00:00,hu,heol.hu,heol.hu,2020-09-11,"Áder János: tudatosabban, körültekintőbben kell bánni környezetünkkel",https://www.heol.hu/eletstilus/ader-janos-tudatosabban-korultekintobben-kell-banni-kornyezetunkkel-2845343/
e07274abdd62ae0678caf5e9b5904defe66848c30019c9e76e38aee4a5978429,2024-10-23 23:19:45.452381+00:00,hu,kisalfold.hu,kisalfold.hu,2020-09-11,"Áder János: tudatosabban, körültekintőbben kell bánni környezetünkkel",https://www.kisalfold.hu/eletstilus/ader-janos-tudatosabban-korultekintobben-kell-banni-kornyezetunkkel-10240172/
980c6f878993992e257b257ef1e138f26efc663b0af4871012e6cb35fa8e4c0f,2024-10-23 23:19:41.369068+00:00,hu,veol.hu,veol.hu,2020-09-11,"Áder János: tudatosabban, körültekintőbben kell bánni környezetünkkel",https://www.veol.hu/eletstilus/ader-janos-tudatosabban-korultekintobben-kell-banni-kornyezetunkkel-4031093/
7c67ae762e78c9485028398a68569f5578cc13bd24bc5107bb76291a99ea57a8,2024-10-23 23:18:45.739395+00:00,hu,delmagyar.hu,delmagyar.hu,2020-09-11,"Áder János: tudatosabban, körültekintőbben kell bánni környezetünkkel",https://www.delmagyar.hu/eletstilus/ader-janos-tudatosabban-korultekintobben-kell-banni-kornyezetunkkel-6810811/?utm_source=rssfeed
636fe97c4cb0ebf633e7ec525166d927204ff14b9c37fb9f9b03b9c20328bc1e,2024-10-23 23:18:13.723534+00:00,hu,hirtv.hu,hirtv.hu,2020-09-11,"Áder János: tudatosabban, körültekintőbben kell bánni környezetünkkel",http://hirtv.hu/ahirtvhirei/ader-janos-tudatosabban-korultekintobben-kell-banni-kornyezetunkkel-2508017?utm_source=feed&utm_medium=rss
65125c4972886311d3d54588e736ce7fecdb7a40fc24c9795bd7738e8d8f2b73,2024-10-23 17:53:39.105540+00:00,hu,boon.hu,boon.hu,2020-09-15,Áder János: a járványok egyharmada a Föld-használat változásához köthető,https://boon.hu/orszag-vilag/ader-janos-a-jarvanyok-egyharmada-a-fold-hasznalat-valtozasahoz-kotheto-4554071/
4abf9a640ebf84ca605a15493e6eff45ba22d3b055dab2b5c11a05cd0ad618f3,2024-10-23 17:53:22.298825+00:00,hu,haon.hu,haon.hu,2020-09-15,Áder János: a járványok egyharmada a Föld-használat változásához köthető,https://haon.hu/orszag-vilag/ader-janos-a-jarvanyok-egyharmada-a-fold-hasznalat-valtozasahoz-kotheto-4349672/
f449c5f5682c9c3a6a7a5200e6e5e5b485bee9aee25984519d9a3bd08f9f5204,2024-10-23 17:53:19.284506+00:00,hu,szon.hu,szon.hu,2020-09-15,Áder János: a járványok egyharmada a Föld-használat változásához köthető,https://szon.hu/orszag-vilag/ader-janos-a-jarvanyok-egyharmada-a-fold-hasznalat-valtozasahoz-kotheto-4187582/
adb64b5fa2020c2f622418e237bab4ae8e694986afbb334230722df14ee7ef1d,2024-10-23 17:53:06.020769+00:00,hu,sonline.hu,sonline.hu,2020-09-15,Áder János: a járványok egyharmada a Föld-használat változásához köthető,https://www.sonline.hu/orszag-vilag/ader-janos-a-jarvanyok-egyharmada-a-fold-hasznalat-valtozasahoz-kotheto-3266132/
0d709403237cd642282d146cbc62ca56086a4fcdfbb337d134dc99200d7cb4c5,2024-10-23 17:52:58.252811+00:00,hu,bama.hu,bama.hu,2020-09-15,Áder János: a járványok egyharmada a Föld-használat változásához köthető,https://www.bama.hu/orszag-vilag/ader-janos-a-jarvanyok-egyharmada-a-fold-hasznalat-valtozasahoz-kotheto-2863751/
88a2a9979ceaf5fd45db1af6ea8d89215b3644cc596e8ff2d0ebb5963bce4c82,2024-10-23 17:52:57.209887+00:00,hu,teol.hu,teol.hu,2020-09-15,Áder János: a járványok egyharmada a Föld-használat változásához köthető,https://www.teol.hu/orszag-vilag/ader-janos-a-jarvanyok-egyharmada-a-fold-hasznalat-valtozasahoz-kotheto-2768441/
1c0a92abb9d5000b69b02cb86cba3efc44d14a563311bde56c47590e1fcaeb29,2024-10-23 17:52:55.488223+00:00,hu,szoljon.hu,szoljon.hu,2020-09-15,Áder János: a járványok egyharmada a Föld-használat változásához köthető,https://www.szoljon.hu/orszag-vilag/ader-janos-a-jarvanyok-egyharmada-a-fold-hasznalat-valtozasahoz-kotheto-2685365/
1c780cefff909a4b4a0b9f2c59b68e64c8ea05b4bb43e2f9d3d987a540dee5c6,2024-10-23 17:52:53.866418+00:00,hu,feol.hu,feol.hu,2020-09-15,Áder János: a járványok egyharmada a Föld-használat változásához köthető,https://www.feol.hu/orszag-vilag/ader-janos-a-jarvanyok-egyharmada-a-fold-hasznalat-valtozasahoz-kotheto-4282937/
172cedda51a09c10613623b1edee8d9e5e5a6a9f2baddd48d57878130fe74098,2024-10-23 17:52:45.968232+00:00,hu,heol.hu,heol.hu,2020-09-15,Áder János: a járványok egyharmada a Föld-használat változásához köthető,https://www.heol.hu/orszag-vilag/ader-janos-a-jarvanyok-egyharmada-a-fold-hasznalat-valtozasahoz-kotheto-2856428/
a1d4e1d09a7e20f9c504ba557c0a1c83e86f89e3585fa718f596a58a5aea6307,2024-10-23 17:52:41.312787+00:00,hu,baon.hu,baon.hu,2020-09-15,Áder János: a járványok egyharmada a Föld-használat változásához köthető,https://www.baon.hu/orszag-vilag/ader-janos-a-jarvanyok-egyharmada-a-fold-hasznalat-valtozasahoz-kotheto-2987192/
71d533a51c67acbe13235ddb38222b9d73855a2702c26b15058b7f8316b1dc2b,2024-10-23 17:52:37.018750+00:00,hu,veol.hu,veol.hu,2020-09-15,Áder János: a járványok egyharmada a Föld-használat változásához köthető,https://www.veol.hu/orszag-vilag/ader-janos-a-jarvanyok-egyharmada-a-fold-hasznalat-valtozasahoz-kotheto-4039175/
6e7b628c6de76216d172356b5817e7c1daaeba9329528bbc6768ba958d3c9755,2024-10-23 17:52:32.467386+00:00,hu,duol.hu,duol.hu,2020-09-15,Áder János: a járványok egyharmada a Föld-használat változásához köthető,https://www.duol.hu/orszag-vilag/ader-janos-a-jarvanyok-egyharmada-a-fold-hasznalat-valtozasahoz-kotheto-3819803/
34010e4b29351bd6b75d8d70e3393432118ce00e2f7ba87b5b8afd7b32b2e29f,2024-10-23 17:52:31.431331+00:00,hu,delmagyar.hu,delmagyar.hu,2020-09-15,Áder János: a járványok egyharmada a Föld-használat változásához köthető,https://www.delmagyar.hu/orszag-vilag/ader-janos-a-jarvanyok-egyharmada-a-fold-hasznalat-valtozasahoz-kotheto-6821767/?utm_source=rssfeed
0ddadeb2b15d4f4c74220003461ec31afeaf588b36e100088cc57f4cd8194efa,2024-10-23 17:52:19.227971+00:00,hu,magyarnemzet.hu,magyarnemzet.hu,2020-09-15,Áder szerint a járványok egyharmada a Föld-használat változásához köthető,https://magyarnemzet.hu/belfold/ader-szerint-a-jarvanyok-egyharmada-a-fold-hasznalat-valtozasahoz-kotheto-8666853/
94a52f98dadc147cf4a7f44f976acd21c803c3e0b0339f96b76f9e92883221f5,2024-10-23 17:51:37.650532+00:00,hu,beol.hu,beol.hu,2020-09-15,Áder János: a járványok egyharmada a Föld-használat változásához köthető,https://www.beol.hu/orszag-vilag/ader-janos-a-jarvanyok-egyharmada-a-fold-hasznalat-valtozasahoz-kotheto-3043223/
486798e3df4a9cc502aee87d0aaf01d822d8e66920c61263869d9c9f1b2b71cf,2024-10-23 17:47:18.577538+00:00,hu,index.hu,index.hu,2020-09-15,Videóüzenetet küldött Áder János,https://index.hu/belfold/2020/09/15/ader_janos_jarvany_diakkonferencia/
562ff05f6aa7d27179355df78342066f1578d6e835c5cf327cd8f2e2d3d915c6,2024-10-23 17:46:14.278010+00:00,hu,atv.hu,atv.hu,2020-09-15,Áder: a járványok egy része a Föld-használat változásának köszönhető,http://www.atv.hu/belfold/20200915-ader-a-jarvanyok-egy-resze-a-fold-hasznalat-valtozasanak-koszonheto
ca777a5cc292566b0a982b60ec2b97fb1651a82d580ea691fb2d56f08274482e,2024-10-23 17:43:13.108032+00:00,hu,portfolio.hu,portfolio.hu,2020-09-15,Áder: a biodiverzitás hanyatlása miatt van egyre több járvány,https://www.portfolio.hu/gazdasag/20200915/ader-a-biodiverzitas-hanyatlasa-miatt-van-egyre-tobb-jarvany-448790
3a470a6251b0e2e78f6996d69d6daa992f24b333dad15f4fa7695bd1d4e567b3,2024-10-23 17:35:45.913332+00:00,hu,infostart.hu,infostart.hu,2020-09-15,Áder János: a járványok egyharmada a Föld-használat változásához köthető,https://infostart.hu/belfold/2020/09/15/ader-janos-a-jarvanyok-egyharmada-a-fold-hasznalat-valtozasahoz-kotheto
71ae74351e0cbd14c06a5b1c9906d342f7dddd49adc8b419adfdf7d4b6621110,2024-10-23 17:11:52.183098+00:00,hu,444.hu,444.hu,2020-09-15,ENSZ: A természet pusztulása elleni célok közül egyet sem sikerült teljesítenie a világnak,https://444.hu/2020/09/15/ensz-a-termeszet-pusztulasa-elleni-celok-kozul-egyet-sem-sikerult-teljesitenie-a-vilagnak
a23bc09faeb48ea9cd27805797d1b57b84ee2904839a8cc1bf136bdfaee12856,2024-10-22 17:39:04.452532+00:00,hu,hvg.hu,hvg.hu,2020-09-30,Elkészítik az ország poloskatérképét,http://hvg.hu/gazdasag.zhvg/20200930_Elkeszitik_az_orszag_poloskaterkepet#rss
5d23cd19311a3f244c2f03c082e6fec53588ca95f9fa440cbaf26bb9b89fedda,2024-10-22 17:31:10.297130+00:00,hu,444.hu,444.hu,2020-09-30,"Ha beüt a válság, újra szükségünk lehet majd a pásztorok tudására",https://444.hu/2020/09/30/ha-beut-a-valsag-ujra-szuksegunk-lehet-majd-a-pasztorok-tudasara
b37b9edcd9d430cd9d7414a64e6718fbe77d463c1061f30f0aa22ae8a692b31e,2024-10-22 16:11:29.188781+00:00,hu,zaol.hu,zaol.hu,2020-10-01,Áder János szerint a klímavédelem és a fenntarthatósági fordulat a városokban fog eldőlni,https://www.zaol.hu/kozelet/helyi-kozelet/ader-janos-szerint-a-klimavedelem-es-a-fenntarthatosagi-fordulat-a-varosokban-fog-eldolni-4553125/
f9c0e0959b5726b539f3b4ad29564a4beb7b1acf0da91ea4262abac5a2450d68,2024-10-22 15:33:18.638314+00:00,hu,hvg.hu,hvg.hu,2020-10-01,A világ növényeinek 40 százalékát is kihalás fenyegeti,http://hvg.hu/gazdasag.zhvg/20201001_A_vilag_novenyeinek_40_szazalekat_is_kihalas_fenyegeti#rss
7c19daf6755a45a434e7e8f5918b7afb7cc7209f46d401ea82eb823ff3ffb629,2024-10-22 12:59:15.868730+00:00,hu,nepszava.hu,nepszava.hu,2020-10-03,Harc az ivóvízért – most már itthon is,https://nepszava.hu/3094176_harc-az-ivovizert--most-mar-itthon-is
2256addc1281dc6adada48168cefd39d096fd7be40eef0c0ca125da7e0d32558,2024-10-22 12:55:35.234987+00:00,hu,nepszava.hu,nepszava.hu,2020-10-03,„Otthon is eldobod?” – Elindult a Cigicsikkmentes október,https://nepszava.hu/3094109_otthon-is-eldobod--elindult-a-cigicsikkmentes-oktober
d622fe8f2ac22b32b6dd3766d83e464079aec20aaaa3cd0977c351262153474b,2024-10-21 23:25:12.557885+00:00,hu,index.hu,index.hu,2024-10-22,Játszva is lehet várost tervezni?,https://index.hu/bcs/2024/10/22/varostervezes-okosvarosok-simcity-4ig/
1532303f50b8a8ae448444d81db9c7de8036d9ed5b4755b61015bef8e7b18ebf,2024-10-21 20:53:11.672849+00:00,hu,origo.hu,origo.hu,2020-10-13,A világ országainak nagy részén csökken a biológiai sokféleség,https://www.origo.hu/tudomany/20201013-a-vilag-orszagainak-egyotodet-fenyegeti-az-okoszisztema-osszeomlasa.html
e86bed636c2c83b36459d1bdf7360ded8846a6aef017b6ba9bc402d244bbe15b,2024-10-21 16:53:34.868084+00:00,hu,merce.hu,merce.hu,2020-10-15,"A Néppárt, a szocialisták és a liberálisok együtt torpedóznák meg EU-s mezőgazdaság zöldítését « Mérce",https://merce.hu/2020/10/15/a-neppart-a-szocialistak-es-a-liberalisok-egyutt-torpedoznak-meg-eu-s-mezogazdasag-zolditeset/
c7470c8cfab20bddb98b61a0c547aeed47f1c4bf295aac4e5022a34ad5942a52,2024-10-21 12:48:36.949272+00:00,hu,hvg.hu,hvg.hu,2020-10-17,"A klímaváltozás és a fajok kihalása is megállítható volna, ha hallgatnánk egy friss tanulmány szerzőire",http://hvg.hu/gazdasag.zhvg/20201017_klimavaltozas_helyreallitas_mezogazdasag_szen_dioxid#rss
084e8f82483e37c894079cbdca0c11063d99bddf9d486edfba95a9ba965920cb,2024-10-20 20:59:32.800722+00:00,hu,napi.hu,napi.hu,2020-10-27,A jövő év elején kerülhet az Országgyűlés elé az új nemzeti környezetvédelmi program,https://www.napi.hu/magyar_gazdasag/a_jovo_ev_elejen_kerulhet_az_orszaggyules_ele_az_uj_nemzeti_kornyezetvedelmi_program.716450.html
18b00907462390e6418af21fc4f7982818a6ec3ff660bb63f7fb42d46c32e9d0,2024-10-20 20:59:29.398016+00:00,hu,magyarnemzet.hu,magyarnemzet.hu,2020-10-27,Új környezetvédelmi programot terjesztenek az Országgyűlés elé,https://magyarnemzet.hu/belfold/uj-kornyezetvedelmi-programot-terjesztenek-az-orszaggyules-ele-8869001/
1d52f45157f5dc75bf0302ef467105c1cae80f3c4fee841f41940ffbd13647b1,2024-10-20 03:26:59.562451+00:00,hu,24.hu,24.hu,2020-11-07,Így vethetnénk véget a járványoknak,https://24.hu/tudomany/2020/11/07/jarvany-koronavirus-allatok-okologia/
7c9b2305210e674ac7a77108f406aa845e2b33f1eb5049f2f5724383f96246fc,2024-10-19 23:38:02.940321+00:00,hu,merce.hu,merce.hu,2020-11-10,"„Az a szép zöld gyep, az fog nekem hiányozni, a gyep!” « Mérce",https://merce.hu/2020/11/10/az-a-szep-zold-gyep-az-fog-nekem-hianyozni-a-gyep/
12dadf9caa2064f1f955660ad575cf6d8531963ec888e209114ff5fcbddbc33d,2024-10-19 18:06:46.209362+00:00,hu,mandiner.hu,mandiner.hu,2020-11-13,Akár a Margit-szigetről is kitörhetne a következő világjárvány?,https://mandiner.hu/cikk/20201113_akar_a_margit_szigetrol_is_kitorhetne_a_kovetkezo_vilagjarvany
63744553adfeaf399c996f7a766b0db7c86ddb7b28838f7a6f7236acd78c4444,2024-10-19 18:06:45.258844+00:00,hu,hvg.hu,hvg.hu,2020-11-13,Akár a Margit-szigetről is kitörhetne a következő világjárvány?,http://hvg.hu/gazdasag.zhvg/20201113_koronavirus_jarvany_zoonozis_foldvari_interju#rss
89590aa87bfd2305e12e28a96c1953323bd7e270b4642760faa593c4f4a9cc7a,2024-10-19 07:17:41.135338+00:00,hu,hvg.hu,hvg.hu,2020-11-20,"Nem csak a parlagfű miatt kell aggódnia, ha allergiás",http://hvg.hu/gazdasag.zhvg/20201120_biologiai_invazio_klimavaltozas_allergia_zhvg#rss
a0e434ad541888780f9633dce65e9e037bc0b1f36d5803a4fd4ee702ab30e80d,2024-10-18 20:41:24.725035+00:00,hu,nepszava.hu,nepszava.hu,2020-11-27,Szőrmementesek lesznek a vásárok Budapesten,https://nepszava.hu/3100811_szormementesek-lesznek-a-vasarok-budapesten
fb1f2de0ba65cf4498a1e01ebfbd7a6e91b48396036698a73f7807ee4cd900cd,2024-10-14 14:33:08.906778+00:00,hu,gondola.hu,gondola.hu,2024-10-14,Versenyképes agrárium a cél,https://gondola.hu/cikkek/153986-Versenykepes_agrarium_a_cel.html
0d6270627a8d7fc1faa01497911dd47604cc6363bea1916995e29d2ae455b0ef,2024-10-14 11:35:38.751033+00:00,hu,demokrata.hu,demokrata.hu,2024-10-14,Nagy István: A magyar elnökség válságálló és fenntartható agráriumot szeretne,https://demokrata.hu/magyarorszag/nagy-istvan-a-magyar-elnokseg-valsagallo-es-fenntarthato-agrariumot-szeretne-896134/
426145a099051991313944f79dfe3958693d781f3d500c1afbaf7a5344a49401,2024-10-14 09:26:35.341029+00:00,hu,magyarnemzet.hu,magyarnemzet.hu,2024-10-14,Előtérben a versenyképesség és a környezetvédelem,https://magyarnemzet.hu/gazdasag/2024/10/eloterben-a-versenykepesseg-es-a-kornyezetvedelem?utm_source=hirstart&utm_medium=referral&utm_campaign=hiraggregator
0e859a0054cf04bf369060438fab91d61dee5b0f13ec084a19bb6cb23d62c2ce,2024-10-11 17:28:50.783343+00:00,hu,origo.hu,origo.hu,2024-10-11,"Egy új tanulmány feltárta, azt a meglepő hajtóerőt, ami az erdei növények gyors migrációja mögött áll.",https://www.origo.hu/tudomany/2024/10/erdei-novenyeket-a-nitrogen-hajtja-nyugatra
12b95ce909b7474e1ed6fdca465f0539c181cdc31a1fe95cdc1cb0c6b86362cb,2024-09-09 22:22:04.349009+00:00,hu,szeretlekmagyarorszag.hu,szeretlekmagyarorszag.hu,2021-10-19,Riasztó klímajelentés: A következő két évtizedben eltűnnek Afrika ritka gleccserei,https://www.szeretlekmagyarorszag.hu/jovo/riaszto-klimajelentes-a-kovetkezo-ket-evtizedben-eltunnek-afrika-ritka-gleccserei/
244a484f15a83f8bc3776d301d768503cdab7b5f7c49612421c35cc6dcb35acb,2024-09-09 20:35:01.685728+00:00,hu,szeretlekmagyarorszag.hu,szeretlekmagyarorszag.hu,2021-10-20,Várhatóan nem csökken a fosszilis tüzelőanyagok kitermelése a következő évtizedben,https://www.szeretlekmagyarorszag.hu/jovo/varhatoan-nem-csokken-a-fosszilis-tuzeloanyagok-kitermelese-a-kovetkezo-evtizedben/
162fb44b595b6a89911038712c6e2b1ef550d2784e9d84f21945b2a2eb8c4d57,2024-09-09 14:41:20.684512+00:00,hu,24.hu,24.hu,2021-10-24,"Ezt kell tennünk, ha meg akarjuk védeni a Földet",https://24.hu/tudomany/2021/10/24/klimavaltozas-globalis-felmelegedes-termeszetvedelem-biodiverzitas-megoldasok-jovo/
9b168efdb098c123c0704f0ad0de002da19dc86e9fb7e1bfac756bd57d0e8574,2024-09-08 21:57:29.749394+00:00,hu,24.hu,24.hu,2021-11-04,"A természetnél brutálisabb, kegyetlenebb, szexistább dolog nincs a világon""",https://24.hu/kultura/2021/11/04/torok-zoltan-termeszetfilm-vadlovak-interju-hortobagy/
1d918b1ad0c26e9a80af7b2d48980333acfa61d55cd8891daaecd6f84e58b9b1,2024-09-06 18:18:24.190914+00:00,hu,infostart.hu,infostart.hu,2021-10-07,"Áder János: kevesebb mint 30 évünk van arra, hogy átálljunk a körforgásos gazdaságra",https://infostart.hu/belfold/2021/10/07/ader-janos-kevesebb-mint-30-evunk-van-arra-hogy-atalljunk-a-korforgasos-gazdasagra
19877b564b939869a118c2d84cbfd739424699c800e89234144b3aa76fbddaf7,2024-09-06 18:08:50.520422+00:00,hu,pestisracok.hu,pestisracok.hu,2021-10-07,"Sok a tennivaló és kevés az idő a klímaváltozás, a vízválság ügyében",https://pestisracok.hu/ader-janos-sok-a-tennivalo-es-keves-az-ido-a-klimavaltozas-a-vizvalsag-ugyeben/
279fcb6c1e47d79c6685e67f04d07f55e0c7aecc4fe7d3681e5204d9474b10aa,2024-09-06 18:07:31.999689+00:00,hu,hvg.hu,hvg.hu,2021-10-07,Áder a klímaváltozásról: Sok a tennivaló és kevés az idő,http://hvg.hu/gazdasag.zhvg/20211007_Ader_Janos_a_klimavaltozasrol_Sok_a_tennivalo_es_keves_az_ido#rss
1866ba1257026656bead9e671fd9a5999d4e3330af8398672e440990b1b4bd32,2024-09-06 18:07:23.075264+00:00,hu,delmagyar.hu,delmagyar.hu,2021-10-07,Áder János: sok a tennivaló és kevés az idő,https://www.delmagyar.hu/orszag-vilag/ader-janos-sok-a-tennivalo-es-keves-az-ido-8024936/?utm_source=rssfeed
b2f7afda4e584275a3b411f0487486bdbac8b5052a8a7ea7ac714e92890ae047,2024-09-06 18:05:15.243206+00:00,hu,haon.hu,haon.hu,2021-10-07,Áder János: sok a tennivaló és kevés az idő,https://haon.hu/orszag-vilag/ader-janos-sok-a-tennivalo-es-keves-az-ido-5716970/?utm_source=rss&utm_medium=referral&utm_campaign=hiraggregator
9177dc4fc21369b18f6d91262e8a9762d34260b0e7ba35ff5227356f2402b216,2024-09-06 18:05:13.347845+00:00,hu,boon.hu,boon.hu,2021-10-07,Áder János: sok a tennivaló és kevés az idő,https://boon.hu/orszag-vilag/ader-janos-sok-a-tennivalo-es-keves-az-ido-5885084/?utm_source=rss&utm_medium=referral&utm_campaign=hiraggregator
79775c995cfe88bf56233bdec0ceb819f8469c64a79077cd3ef396ee9dfb7380,2024-09-06 18:04:39.978611+00:00,hu,bama.hu,bama.hu,2021-10-07,Áder János: sok a tennivaló és kevés az idő,https://www.bama.hu/orszag-vilag/ader-janos-sok-a-tennivalo-es-keves-az-ido-4147880/?utm_source=rss&utm_medium=referral&utm_campaign=hiraggregator
bf8e37900f473d6ad891fcf509ba8a70b50aa500282233eb0f564eab0dd50730,2024-09-06 18:04:28.704368+00:00,hu,demokrata.hu,demokrata.hu,2021-10-07,Áder János: sok a tennivaló és kevés az idő,https://demokrata.hu/zold-jovo/ader-janos-sok-a-tennivalo-es-keves-az-ido-435005/
d53a09d48502be718fc33d1320875e131c970cb4b45e898c4564b151192701d7,2024-09-06 18:04:07.838590+00:00,hu,szon.hu,szon.hu,2021-10-07,Áder János: sok a tennivaló és kevés az idő,https://szon.hu/orszag-vilag/ader-janos-sok-a-tennivalo-es-keves-az-ido-5453666/?utm_source=rss&utm_medium=referral&utm_campaign=hiraggregator
8c6557f00bbd4ba6e033cfac797d824b444802c44322bc7a55331283937d91b7,2024-09-06 18:01:32.377935+00:00,hu,index.hu,index.hu,2021-10-07,Áder János: Kevés az időnk,https://index.hu/belfold/2021/10/07/ader-janos-klimacsucs-lornyezetvedelem/
7cc3e995bad5c2190aa95a5016480da9480e481f98809d11bc0fc61633b4ce88,2024-09-06 06:34:45.010614+00:00,hu,24.hu,24.hu,2021-10-13,Az európai tudományos akadémiák a biodiverzitás végzetes pusztulására figyelmeztetnek,https://24.hu/tudomany/2021/10/13/tudomanyos-akademiak-biodiverzitas-pusztulasa/
c8c7e3455d7d2acef90e53329a2f466b1af5a993c310224d592c6921612fa6ed,2024-09-03 19:01:25.417223+00:00,hu,magyarnemzet.hu,magyarnemzet.hu,2021-04-15,Világunk ökoszisztémáinak már alig van érintetlen része,https://magyarnemzet.hu/mozaik/szarazfoldi-okoszisztemainknak-mar-alig-van-erintetlen-resze-9661238/?utm_source=rss&utm_medium=referral&utm_campaign=hiraggregator
79fb5842829ae3cf8cfbed27a93de20597941a7e687ce28fc94182372997d9c5,2024-09-03 18:59:55.795427+00:00,hu,origo.hu,origo.hu,2021-04-15,A világ szárazföldi ökoszisztémáinak csupán 3 százaléka érintetlen,https://www.origo.hu/tudomany/20210415-a-vilag-szarazfoldi-okoszisztemainak-csupan-harom-szazaleka-erintetlen.html
3613c0605feaabf65b23c843fc6fa3919e7c6df27041182ce280a17ec8cb0ba6,2024-09-03 18:52:14.401127+00:00,hu,hvg.hu,hvg.hu,2021-04-15,Mostanra 3 százaléka sem maradt érintetlen a világ vadonjainak,http://hvg.hu/gazdasag.zhvg/20210415_kornyezet_3_szazalek_maradt_erintetlen#rss
a8df4fd7266cbefbbc7028bff707f6030b2baf804b68beb6e8c3712588c0560c,2024-09-03 18:41:54.662538+00:00,hu,nepszava.hu,nepszava.hu,2021-04-15,Már csak a szárazföldi ökoszisztémák 3 százaléka érintetlen,https://nepszava.hu/3116490_mar-csak-a-szarazfoldi-okoszisztemak-3-szazaleka-erintetlen
908286b78e21d277bcd0c2e0d9656cbc242e04f72bba29daaa6bc84843b7c1de,2024-09-03 16:54:32.925286+00:00,hu,szon.hu,szon.hu,2021-04-16,A szárazföld emberi tevékenység által háborítatlan része csupán 3 százalék,https://szon.hu/egyperces/a-szarazfold-emberi-tevekenyseg-altal-haboritatlan-resze-csupan-3-szazalek-4986973/?utm_source=rss&utm_medium=referral&utm_campaign=hiraggregator
4f61ed3e3c2b07bc1569dc81d55a2da1855c31c276b52df78afecd64be20e614,2024-09-03 16:54:29.720381+00:00,hu,haon.hu,haon.hu,2021-04-16,A szárazföld emberi tevékenység által háborítatlan része csupán 3 százalék,https://haon.hu/egyperces/a-szarazfold-emberi-tevekenyseg-altal-haboritatlan-resze-csupan-3-szazalek-5174959/?utm_source=rss&utm_medium=referral&utm_campaign=hiraggregator
5adb149432423af49ab43a331227aa6bbec576d3a5c312085f3e0d6a4d3ea5d0,2024-09-03 16:54:26.501912+00:00,hu,boon.hu,boon.hu,2021-04-16,A szárazföld emberi tevékenység által háborítatlan része csupán 3 százalék,https://boon.hu/egyperces/a-szarazfold-emberi-tevekenyseg-altal-haboritatlan-resze-csupan-3-szazalek-5369227/?utm_source=rss&utm_medium=referral&utm_campaign=hiraggregator
6d2b6181161b65012247bc5f9910fb5fee03fcf85061ff9fd12143aaf0f1cfe5,2024-09-03 16:54:16.676186+00:00,hu,bama.hu,bama.hu,2021-04-16,A szárazföld emberi tevékenység által háborítatlan része csupán 3 százalék,https://www.bama.hu/egyperces/a-szarazfold-emberi-tevekenyseg-altal-haboritatlan-resze-csupan-3-szazalek-3715450/?utm_source=rss&utm_medium=referral&utm_campaign=hiraggregator
10a4f4786e32f334bad6b315a43b67ab004061b0d71c4e9ff41908891b64b87a,2024-09-03 16:48:39.016656+00:00,hu,delmagyar.hu,delmagyar.hu,2021-04-16,A szárazföld emberi tevékenység által háborítatlan része csupán 3 százalék,https://www.delmagyar.hu/egyperces/a-szarazfold-emberi-tevekenyseg-altal-haboritatlan-resze-csupan-3-szazalek-7434583/?utm_source=rssfeed
aae85db2c350772eb177102ba0a73328133e08baf5df6e13040d9de1422049e7,2024-09-03 16:37:34.318258+00:00,hu,hirtv.hu,hirtv.hu,2021-04-16,A világ szárazföldi ökoszisztémáinak csupán 3 százaléka érintetlen,http://hirtv.hu/hirtvszines/a-vilag-szarazfoldi-okoszisztemainak-csupan-3-szazaleka-erintetlen-2520192?utm_source=feed&utm_medium=rss
751d6f20091d327c3e94292c222399b44de6615b959111ae8b4258dc68b26a7b,2024-09-03 14:04:57.300997+00:00,hu,infostart.hu,infostart.hu,2021-04-19,"Egy friss vizsgálat mutatja, milyen nagy baj a Földön",https://infostart.hu/tudomany/2021/04/19/letfontossagu-fajok-hianya-mutatja-mekkora-a-baj-a-foldon
61ebf514be17ae3c787e0d2f6b2d5c7792e92c74b2fcb4a00ccf536c2af08b71,2024-09-03 10:33:48.972014+00:00,hu,delmagyar.hu,delmagyar.hu,2021-04-21,A cigarettázás a környezetünket is károsítja,https://www.delmagyar.hu/pr/a-cigarettazas-a-kornyezetunket-is-karositja-7450660/?utm_source=rssfeed
fae8981500aa341a68ff0d3cbc5abd4490f9c0005596671d1676be27492c455b,2024-09-03 08:52:37.058831+00:00,hu,haon.hu,haon.hu,2021-04-22,Nem csak ezen a napon kell óvnunk a bolygónkat!,https://haon.hu/kozelet/helyi-kozelet/nem-csak-ezen-a-napon-kell-ovnunk-a-bolygonkat-5193148/?utm_source=rss&utm_medium=referral&utm_campaign=hiraggregator
88a9a592557eb514e4fb54b2d28b774355f168f5aa886544cfd69eeb5780f93d,2024-09-03 07:21:54.439648+00:00,hu,feol.hu,feol.hu,2021-04-23,"A bálványfa, amit nem bálványozunk…",https://www.feol.hu/kormanyhivatal/a-balvanyfa-amit-nem-balvanyozunk-4868914/?utm_source=rss&utm_medium=referral&utm_campaign=hiraggregator
8573051b48609fc4404986d9f8de3a62f344d71fb433dffc0732cb311ba444d5,2024-09-01 13:41:23.157790+00:00,hu,hvg.hu,hvg.hu,2021-05-18,Már a napelemet sem lehet fenntarthatónak nevezni?,http://hvg.hu/gazdasag.zhvg/20210518_fenntarthatosag_napelem_kornyezetvedelem#rss
8d2e349bf9a5214a354f35ecb95b4773ad18d2e4c8835160d9606bdb041aabaa,2024-09-01 09:51:35.754679+00:00,hu,merce.hu,merce.hu,2021-05-20,"A szabadkereskedelmi megállapodás, amit elsodorhat az új idők szele « Mérce",https://merce.hu/2021/05/20/a-szabadkereskedelmi-megallapodas-amit-elsodorhat-az-uj-idok-szele/
5b33a9736717ac43585bdaaaf46558514d4056beb9de4fde42048db774103efb,2024-09-01 04:14:57.177253+00:00,hu,vg.hu,vg.hu,2021-05-24,A cigarettázás a környezetünket is károsítja,https://www.vg.hu/pr/a-cigarettazas-a-kornyezetunket-is-karositja-3780889/?utm_source=rss&utm_medium=referral&utm_campaign=hiraggregator
028e3af1d184b69efb8c7b4aad46e73529ea696f214a218d12ea9b7b2f1631d0,2024-09-01 02:25:53.943821+00:00,hu,hvg.hu,hvg.hu,2021-05-25,Árterek helyreállítása a vízi ökoszisztémák javulásáért,http://hvg.hu/brandcontent/20210524_Arterek_helyreallitasa_a_vizi_okoszisztemak_javulasaert_WWF_Magyarorszag#rss
f8038f7fe6c588e6478e067f24a50285d81dc23448dcbd4d748f30d0e9212f09,2024-08-31 16:11:40.649449+00:00,hu,origo.hu,origo.hu,2021-06-02,A famatuzsálemek védelméért küzd a MATE kutatója,https://www.origo.hu/tudomany/20210602-fa.html
1baaf7c28f82f77f0373938681e7231556d4bd32c60b9addef4fb22066b9b92f,2024-08-31 14:32:53.346896+00:00,hu,origo.hu,origo.hu,2021-06-03,Felmérés készült a magyarországi famatuzsálemekről,https://www.origo.hu/tudomany/20210603-kozel-tizenegy-evig-tartott-a-csaknem-ketezer-idos-fa-vizsgalata.html
007815e72f34c371708eb8520bc8408375e4eff24688e56cee6013c27589197b,2024-08-31 12:29:23.665226+00:00,hu,magyarnemzet.hu,magyarnemzet.hu,2021-06-04,Felmérés készült a magyarországi famatuzsálemek állapotáról,https://magyarnemzet.hu/mozaik/felmeres-keszult-a-magyarorszagi-famatuzsalemekrol-9889766/?utm_source=rss&utm_medium=referral&utm_campaign=hiraggregator
bc72c760a22a82118b523d989b0108f3c763c072d39a727cfff20f719e5f4c8c,2024-08-31 11:38:40.323706+00:00,hu,nepszava.hu,nepszava.hu,2021-06-05,Betiltanák a műfüvet Nagy-Britanniában,https://nepszava.hu/3121978_betiltanak-a-mufuvet-nagy-britanniaban
02e1e117f7ffeecacda83f2f4229725db7007a34fd3aa928134e028204e1fe3a,2024-08-31 11:32:22.508841+00:00,hu,boon.hu,boon.hu,2021-06-05,"A legkisebbek élőhelye a fa, vigyázzunk rájuk!",https://boon.hu/kozelet/helyi-kozelet/a-legkisebbek-elohelye-a-fa-vigyazzunk-rajuk-5514211/?utm_source=rss&utm_medium=referral&utm_campaign=hiraggregator
8e10db0f2bd4ebc00c49a6621d756a49718a10551a7697b62f2f91f9bdbe3106,2024-08-31 10:52:51.861666+00:00,hu,magyarnemzet.hu,magyarnemzet.hu,2021-06-06,Felmérték a hazai famatuzsálemek állapotát,https://magyarnemzet.hu/mozaik/felmertek-a-hazai-famatuzsalemek-allapotat-9900527/?utm_source=rss&utm_medium=referral&utm_campaign=hiraggregator
7c613526a72be832faca9e1aec41c6562571f0e2fc8ebdf805c4252f847eb487,2024-08-31 10:46:27.770941+00:00,hu,hvg.hu,hvg.hu,2021-06-06,"11 év alatt 45 ezer km-t tett meg a magyar kutató, hogy megtalálja az ország legidősebb fáit",http://hvg.hu/tudomany/20210606_magyarorszagi_famatuzsalemek_felmeres_mate#rss
bd79d33b8ea7b2784b154e9fc86ab1974b4c7cfd03d3787894a23ba503ce26a8,2024-08-31 10:41:35.566130+00:00,hu,heol.hu,heol.hu,2021-06-06,"Felmérték a hazai famatuzsálemek állapotát, mutatjuk az eredményt",https://www.heol.hu/egyperces/felmertek-a-magyarorszagi-famatuzsalemek-allapotat-mutatjuk-az-eredmenyt-3685018/?utm_source=rss&utm_medium=referral&utm_campaign=hiraggregator
dea5e3baf32faf7c9950a92a9a16c45e0695cc2b7e39ce20a290ff5c2489c470,2024-08-31 10:41:28.910543+00:00,hu,duol.hu,duol.hu,2021-06-06,"Felmérték a hazai famatuzsálemek állapotát, mutatjuk az eredményt",https://www.duol.hu/egyperces/felmertek-a-magyarorszagi-famatuzsalemek-allapotat-mutatjuk-az-eredmenyt-4399786/?utm_source=rss&utm_medium=referral&utm_campaign=hiraggregator
a2b39ffc41da6df0b0ab3ad18c9e5af4646940c3a63a6e69a5a0607c7c5e11da,2024-08-31 10:41:28.391200+00:00,hu,delmagyar.hu,delmagyar.hu,2021-06-06,"Felmérték a hazai famatuzsálemek állapotát, mutatjuk az eredményt",https://www.delmagyar.hu/egyperces/felmertek-a-magyarorszagi-famatuzsalemek-allapotat-mutatjuk-az-eredmenyt-7599181/?utm_source=rss&utm_medium=referral&utm_campaign=hiraggregator
43cd57e8be35776c391c612d0c20d8ea5a34f806ba44149639f732a044167069,2024-08-31 10:41:25.079706+00:00,hu,szoljon.hu,szoljon.hu,2021-06-06,"Felmérték a hazai famatuzsálemek állapotát, mutatjuk az eredményt",https://www.szoljon.hu/egyperces/felmertek-a-magyarorszagi-famatuzsalemek-allapotat-mutatjuk-az-eredmenyt-3564241/?utm_source=rss&utm_medium=referral&utm_campaign=hiraggregator
462e79a8362bd8e42ba74b3293dfa0c7ee6d73ce19d91b3e68d8d8c60b598cbb,2024-08-31 10:41:22.210117+00:00,hu,bama.hu,bama.hu,2021-06-06,"Felmérték a hazai famatuzsálemek állapotát, mutatjuk az eredményt",https://www.bama.hu/egyperces/felmertek-a-magyarorszagi-famatuzsalemek-allapotat-mutatjuk-az-eredmenyt-3836521/?utm_source=rss&utm_medium=referral&utm_campaign=hiraggregator
efa427f049d40ea9d79d826ede147ea2182043f8df0b851248e577c2c0c51038,2024-08-31 10:41:14.268851+00:00,hu,feol.hu,feol.hu,2021-06-06,"Felmérték a hazai famatuzsálemek állapotát, mutatjuk az eredményt",https://www.feol.hu/egyperces/felmertek-a-magyarorszagi-famatuzsalemek-allapotat-mutatjuk-az-eredmenyt-4989733/?utm_source=rss&utm_medium=referral&utm_campaign=hiraggregator
e94c9ed1dd97b0c30440f379261e96a4404fd5de341a2b8b43791dd78e765441,2024-08-31 10:41:12.896625+00:00,hu,teol.hu,teol.hu,2021-06-06,"Felmérték a hazai famatuzsálemek állapotát, mutatjuk az eredményt",https://www.teol.hu/egyperces/felmertek-a-magyarorszagi-famatuzsalemek-allapotat-mutatjuk-az-eredmenyt-3751777/?utm_source=rss&utm_medium=referral&utm_campaign=hiraggregator
f140a20a05901f82b6f71fb172e469b7bc767ecab02b71278f3b2bb5c921bb94,2024-08-31 10:41:01.411006+00:00,hu,sonline.hu,sonline.hu,2021-06-06,"Felmérték a hazai famatuzsálemek állapotát, mutatjuk az eredményt",https://www.sonline.hu/egyperces/felmertek-a-magyarorszagi-famatuzsalemek-allapotat-mutatjuk-az-eredmenyt-4162270/?utm_source=rss&utm_medium=referral&utm_campaign=hiraggregator
c964026555b2816c040ab41b5f1cd1133ae1905312c5987faad0d4c276f9a4a5,2024-08-31 10:40:57.130768+00:00,hu,beol.hu,beol.hu,2021-06-06,"Felmérték a hazai famatuzsálemek állapotát, mutatjuk az eredményt",https://www.beol.hu/egyperces/felmertek-a-magyarorszagi-famatuzsalemek-allapotat-mutatjuk-az-eredmenyt-4015864/?utm_source=rss&utm_medium=referral&utm_campaign=hiraggregator
c4b4165042a43e20e535babe78845da92aa1e3986a78308af0320a7416060baf,2024-08-31 10:40:40.979160+00:00,hu,boon.hu,boon.hu,2021-06-06,"Felmérték a hazai famatuzsálemek állapotát, mutatjuk az eredményt",https://boon.hu/egyperces/felmertek-a-magyarorszagi-famatuzsalemek-allapotat-mutatjuk-az-eredmenyt-5508370/?utm_source=rss&utm_medium=referral&utm_campaign=hiraggregator
5912f3dfe18213ef8a44fb650c10885c616fd3e877be5ebb5effaab869cf0325,2024-08-31 10:40:35.164157+00:00,hu,zaol.hu,zaol.hu,2021-06-06,"Felmérték a hazai famatuzsálemek állapotát, mutatjuk az eredményt",https://www.zaol.hu/egyperces/felmertek-a-magyarorszagi-famatuzsalemek-allapotat-mutatjuk-az-eredmenyt-5276779/?utm_source=rss&utm_medium=referral&utm_campaign=hiraggregator
f43ad08f946668e5dad2c7a6677c7995c72322ce704eebd4b80903ccda6fabc2,2024-08-31 10:40:30.159522+00:00,hu,szon.hu,szon.hu,2021-06-06,"Felmérték a hazai famatuzsálemek állapotát, mutatjuk az eredményt",https://szon.hu/egyperces/felmertek-a-magyarorszagi-famatuzsalemek-allapotat-mutatjuk-az-eredmenyt-5117014/?utm_source=rss&utm_medium=referral&utm_campaign=hiraggregator
aa385e4b6e090d9503b1c09947335e87b141ef02a4eb875be9a20dba6298ec1e,2024-08-31 10:40:27.208856+00:00,hu,haon.hu,haon.hu,2021-06-06,"Felmérték a hazai famatuzsálemek állapotát, mutatjuk az eredményt",https://haon.hu/egyperces/felmertek-a-magyarorszagi-famatuzsalemek-allapotat-mutatjuk-az-eredmenyt-5323522/?utm_source=rss&utm_medium=referral&utm_campaign=hiraggregator
2818453de6b3aebc169499888feb7e2388b791aaed88d8668b30d6afe418c160,2024-08-31 09:26:10.821067+00:00,hu,hirtv.hu,hirtv.hu,2021-06-07,Meglepő felfedezést tett a kutató a magyarországi faóriásokkal kapcsolatban,http://hirtv.hu/hirtvszines/meglepo-felfedezest-tett-a-kutato-a-magyarorszagi-faoriasokkal-kapcsolatban-2522911?utm_source=feed&utm_medium=rss
afcf2ee90346e6863d0e5a06484419fb9cd6b98bc5272d7faefc08018d8d8deb,2024-08-31 09:03:34.502221+00:00,hu,nepszava.hu,nepszava.hu,2021-06-07,"Nem tudni, miért és hova, rendíthetetlenül vándorol egy elefántcsorda Kínában (videó)",https://nepszava.hu/3122217_nem-tudni-miert-es-hova-rendithetetlenul-vandorol-egy-elefantcsorda-kinaban-video
fcd20728dc5d683af3244adf46a3e9a902b4e6d6c9dae72df327678928031e72,2024-08-30 22:46:59.862460+00:00,hu,magyarnemzet.hu,magyarnemzet.hu,2021-06-14,Fát ültettek az erdők védelmének nevében,https://magyarnemzet.hu/mozaik/tobb-millio-fat-ultettek-el-az-erdoirtasok-elleni-kuzdelem-jegyeben-9937292/?utm_source=rss&utm_medium=referral&utm_campaign=hiraggregator
e6490ca691d957d987242caefcd86dadae62abf277872e23b35a82e4f4695f43,2024-08-30 20:41:51.467585+00:00,hu,napi.hu,napi.hu,2021-06-15,Szúnyogok vs fertőző betegségek: felmérhetetlenül káros egy új rendelkezés,https://www.napi.hu/magyar-gazdasag/szunyogok-fertozes-hatastalan-karos-legi-gyerites.731076.html
28386240a0dcbbe431fdb1e2d3a0c2be1c59e66dd73abf485d0710846f99275a,2024-08-30 16:00:15.354560+00:00,hu,merce.hu,merce.hu,2021-06-18,"Ne a G7-től várjuk a világ megmentését, inkább tőlük mentsük meg a világot « Mérce",https://merce.hu/2021/06/18/ne-a-g7-tol-varjuk-a-vilag-megmenteset-inkabb-toluk-mentsuk-meg-a-vilagot/
10641b4edaf4a2294ede6febfcec9ea0b65322a9d4330fc4dae933905c7f954b,2024-08-30 15:38:32.478910+00:00,hu,origo.hu,origo.hu,2021-06-18,A Led Zeppelinről neveztek el egy új békafajt,https://www.origo.hu/tudomany/20210618-a-led-zeppelinrol-neveztek-el-egy-ecuadorban-talalt-uj-bekafajt.html
723f0fbb8f5f4b72762a78b68fa429c10756d17127c0b7df095c9cfce251932a,2024-08-30 15:33:25.131860+00:00,hu,24.hu,24.hu,2021-06-18,A Led Zeppelinről neveztek el egy békafajt,https://24.hu/tudomany/2021/06/18/uj-bekafaj-ecuador-led-zeppelin/
b1930c127c7c55a14859396210aebcc7d03a8c9e9b39a333bbedc6ecd943c68a,2024-08-30 15:31:24.968335+00:00,hu,index.hu,index.hu,2021-06-18,A Led Zeppelinről neveztek el egy új békafajt,https://index.hu/techtud/2021/06/18/led-zeppelin-beka-ecuador-peru-pristimantis-ledzeppelin-andok/
904e6e1f549fcdca2a7dd3a0f71c7137c7c4fb172dcfc0485e6c063ea035b6a5,2024-08-30 15:27:55.197442+00:00,hu,magyarnemzet.hu,magyarnemzet.hu,2021-06-18,A Led Zeppelinről neveztek el egy Ecuadorban talált új békafajt,https://magyarnemzet.hu/eletstilus/a-led-zeppelinrol-neveztek-el-egy-ecuadorban-talalt-uj-bekafajt-9957563/?utm_source=rss&utm_medium=referral&utm_campaign=hiraggregator
606e5a006f552f2b73259d0e700fc4ed540110d44b1bc3272cdff0f541ff9bf4,2024-08-30 15:26:18.015466+00:00,hu,haon.hu,haon.hu,2021-06-18,A Led Zeppelinről neveztek el egy új békafajt,https://haon.hu/egyperces/a-led-zeppelinrol-neveztek-el-egy-uj-bekafajt-5378858/?utm_source=rss&utm_medium=referral&utm_campaign=hiraggregator
656fada6f9727c566f650801e9a8e412389c7adf25ba52495b809de7b514afa9,2024-08-30 15:26:01.995020+00:00,hu,boon.hu,boon.hu,2021-06-18,A Led Zeppelinről neveztek el egy új békafajt,https://boon.hu/egyperces/a-led-zeppelinrol-neveztek-el-egy-uj-bekafajt-5554895/?utm_source=rss&utm_medium=referral&utm_campaign=hiraggregator
40b82fcaffc82a51103b1470b19cc1ee65c8cd50bcefa59ac9bb6aa517c60f07,2024-08-30 15:25:51.790204+00:00,hu,delmagyar.hu,delmagyar.hu,2021-06-18,A Led Zeppelinről neveztek el egy új békafajt,https://www.delmagyar.hu/egyperces/a-led-zeppelinrol-neveztek-el-egy-uj-bekafajt-7652948/?utm_source=rss&utm_medium=referral&utm_campaign=hiraggregator
d15bf0473f4202aba23e7881a36c89a701d456fc66bc8a35114df5635a81619d,2024-08-30 15:25:48.684336+00:00,hu,szon.hu,szon.hu,2021-06-18,A Led Zeppelinről neveztek el egy új békafajt,https://szon.hu/egyperces/a-led-zeppelinrol-neveztek-el-egy-uj-bekafajt-5158322/?utm_source=rss&utm_medium=referral&utm_campaign=hiraggregator
155fe7a0076faf9fc96b9d113c4bc41610b5d1282f57fc1d2e702fe86bab8c05,2024-08-29 13:38:02.196648+00:00,hu,delmagyar.hu,delmagyar.hu,2021-07-06,"Vörös, kék vagy zöld lehet az Év madara 2021-ben",https://www.delmagyar.hu/eletstilus/helyi-eletstilus/voros-kek-vagy-zold-lehet-az-ev-madara-2021-ben-7720967/?utm_source=rss&utm_medium=referral&utm_campaign=hiraggregator
6090a010bc37fea72071f9ec719828a176283b8642bd21b93e9f04638796cf42,2024-08-28 19:27:27.069577+00:00,hu,24.hu,24.hu,2021-07-18,Tönkreteszi a globális tömegturizmus a természetet,https://24.hu/tudomany/2021/07/18/globalis-tomegturizmus-termeszetvedelem-kornyezetszennyezes/
b86935f0505a3f5434fdc3b1697a09f6cffc5ec9e01f6d8ed059c284655f598e,2024-08-28 06:46:20.646188+00:00,hu,origo.hu,origo.hu,2021-07-27,A tudósok öt új növényfajt azonosítottak a bolíviai Andokban,https://www.origo.hu/tudomany/20210727-a-tudosok-ot-uj-novenyfajt-azonositottak-boliviaban.html
997de1ceb5a7599c7550725f501c1d9352fc6dd7c59144c63ca112792bf572f9,2024-08-27 02:36:22.543729+00:00,hu,merce.hu,merce.hu,2021-08-13,Vétózás helyett Magyarország élen is járhatna a klímavédelemben « Mérce,https://merce.hu/2021/08/13/vetozas-helyett-magyarorszag-elen-is-jarhatna-a-klimavedelemben/
4287939f255e60983853f6472300949be5312680504cfb9fb595d5b015fba564,2024-08-26 16:45:51.544543+00:00,hu,24.hu,24.hu,2021-08-21,Egyre több hazánkban a 20 kilós rágcsáló,https://24.hu/tudomany/2021/08/21/hod-ragas-elarasztas-konfliktus-termeszet-okologia/
0c84ada12c03f11fb519b8fcaf968c60e4ca57073314458518655ba41ec34c5d,2024-08-25 19:59:20.317359+00:00,hu,infostart.hu,infostart.hu,2021-09-05,"A szakembereket is meglepte, milyen árulkodó lehet a Balaton egy liter vize is",https://infostart.hu/tudomany/2021/09/05/a-szakembereket-is-meglepte-milyen-arulkodo-lehet-mar-egy-liter-viz-is
560022ed598582de5e4114169a533e9109661d63afa4c0d54af37c0c761fdbb7,2024-08-25 11:26:40.098423+00:00,hu,origo.hu,origo.hu,2024-08-25,A mi sokszínű kertünk,https://www.origo.hu/tudomany/2024/08/a-mi-sokszinu-kertunk
ecd2f930af90107aa34f7cc9fdfbfde157945ec80d113fef4d370638d6420abc,2024-08-24 09:32:45.252207+00:00,hu,vg.hu,vg.hu,2021-03-01,A Föld számára 2021 sorsfordító év lesz,https://www.vg.hu/kozelet/kozeleti-hirek/a-fold-szamara-2021-sorsfordito-ev-lesz-2-3587971/?utm_source=rss&utm_medium=referral&utm_campaign=hiraggregator
70cc8d40f79d73e08eb3705efcc958938c8febadec54516c63686459f8f20883,2024-08-24 05:23:09.789713+00:00,hu,nepszava.hu,nepszava.hu,2021-03-03,Népszava Kultúra karanténban,https://nepszava.hu/3111611_kultura-karantenban
b4bb193da8d9ca8c0b08339e6f3f688b628a06557e3d4ae79239ed7bfb9d0b2d,2024-08-22 19:59:38.451961+00:00,hu,24.hu,24.hu,2021-03-14,Fontos rovarok ébredeznek az országban,https://24.hu/tudomany/2021/03/14/idojaras-mehek-pusztulas-okologia/
2cd21d9374157d850ff85aacb0d0f6402788b869186ec7c38a289b9e3038a1bd,2024-08-22 12:17:56.891362+00:00,hu,infostart.hu,infostart.hu,2021-03-18,"Van egy vízi iparág, amely annyira szennyez, mint a légi közlekedés",https://infostart.hu/gazdasag/2021/03/18/van-egy-vizi-iparag-amely-annyira-szennyez-mint-a-legi-kozlekedes
301e6ad1af3e0c215410249da47a71170f33cef8e46975650a74ae051708efc7,2024-08-22 07:55:19.219097+00:00,hu,24.hu,24.hu,2021-03-21,71 új fajt rejtett a budapesti múzeum,https://24.hu/tudomany/2021/03/21/allatok-muzeum-biodiverzitas/
58b59e7d58acfab09199efb3965a0f59740321cbd2c51f090d854fd7e1250e2c,2024-08-21 02:40:51.271483+00:00,hu,feol.hu,feol.hu,2021-02-03,"Lárvát és a bábját, s mi jó falat",https://www.feol.hu/gazdasag/helyi-gazdasag/eheto-rovarok-merkl-otto-4643032/?utm_source=rss&utm_medium=referral&utm_campaign=hiraggregator
f17d451a5f85150ba9baf9e80b4ecf4be72bc6a1c6316ffa55a5bd1d76fd2e0b,2024-08-19 15:09:56.874184+00:00,hu,origo.hu,origo.hu,2021-02-23,Eltűnhet a globális édesvízi halpopulációk harmada?,https://www.origo.hu/tudomany/20210223-az-edesvizi-halpopulaciok-harmadat-fenyegeti-a-kihalas-veszelye.html
504fc349d2981ca56acb4aca2ee79586be8d4eb529acaae0e92267247d21fadc,2024-08-19 15:09:04.964952+00:00,hu,444.hu,444.hu,2021-02-23,Óriási pusztítást okoz az ember az édesvizekben,https://444.hu/2021/02/23/oriasi-pusztitast-okoz-az-ember-az-edesvizekben
4d29d4a03f800e1685279bee7de536170439f45119e7fb9ea371d8c0edf601d2,2024-08-17 16:43:40.716555+00:00,hu,infostart.hu,infostart.hu,2021-01-01,"Múzeumköltöztetés, országos riasztási őrség",https://infostart.hu/tudomany/2021/01/01/muzeumkoltoztetes-orszagos-riasztasi-orseg-kornyezetvedelmi-valtozasok-2020-bol
ecd22b244d4469a41670e7f65e057d9457a06cbd83858a05ecf887f3ab249faa,2024-08-17 13:19:22.045556+00:00,hu,444.hu,444.hu,2021-01-04,"Az európai tudományos akadémiák testülete szerint radikális változásokra van szükség a technológia, a gazdaság és a társadalmi viszonyok terén",https://444.hu/2021/01/04/az-europai-tudomanyos-akademiak-testulete-szerint-radikalis-valtozasokra-van-szukseg-a-technologia-a-gazdasag-es-a-tarsadalmi-viszonyok-teren
72515ad7eda6ac68443de7a25b565b762e858e6d51acdf5ba70f292fbd55cd81,2024-08-17 13:15:34.186619+00:00,hu,blikk.hu,blikk.hu,2021-01-04,"Felesleges várakozni, soha nem tér vissza a világ a „rendes” kerékvágásba: megszólaltak Európa tudósai, javaslataik nem fognak tetszeni az elitnek",https://www.blikk.hu/geo/koronavirus-tudomany-europa-klimavaltozas/l3vdv6x
224a91d95cf243c959776a9bd1278c949647047d8027850fc2f150823908a191,2024-08-17 13:11:45.358952+00:00,hu,merce.hu,merce.hu,2021-01-04,Az európai tudományos akadémiák szerint a járvány után nem térhetünk vissza a „rendes kerékvágásba” « Mérce,https://merce.hu/2021/01/04/az-europai-tudomanyos-akademiak-szerint-a-jarvany-utan-nem-terhetunk-vissza-a-rendes-kerekvagasba/
c5ef36f2a72e451b49af4dd2ab551b3cb5e21ff259f2a3b718bd3dbbf14529d6,2024-08-17 13:02:46.698728+00:00,hu,24.hu,24.hu,2021-01-04,"Senkinek nem jó, ha visszatérünk a rendes kerékvágásba",https://24.hu/tudomany/2021/01/04/klimavaltozas-koronavirus-jarvany-mta-easac-jelentes/
d1510088df31f5fc3a0f2d28162ab5f77e2c2f15e09ee5ffae66d9a2bbd2d078,2024-08-17 11:45:25.192749+00:00,hu,nepszava.hu,nepszava.hu,2021-01-05,A rendes kerékvágás finomhangolása nem lesz elég a fenntarthatósághoz,https://nepszava.hu/3104918_a-rendes-kerekvagas-finomhangolasa-nem-lesz-eleg-a-fenntarthatosaghoz
eacf0dcbe0eed2f1f8f2039f50e17ddd2cc1fb8536e0016f99e4870a899d82ae,2024-08-17 11:36:35.433442+00:00,hu,nepszava.hu,nepszava.hu,2021-01-05,Megbolondult szaglás is lehet a koronavírus-fertőzés következménye,https://nepszava.hu/3104926_megbolondult-szaglas-is-lehet-a-koronavirus-fertozes-kovetkezmenye
0310ba59c690ea7dd56ef58e6ac45f3868637fd4a3531159fe957b59aa5aab05,2024-08-17 11:27:58.936285+00:00,hu,nepszava.hu,nepszava.hu,2021-01-05,Megzavarodott szaglás is lehet a koronavírus-fertőzés következménye,https://nepszava.hu/3104926_megzavarodott-szaglas-is-lehet-a-koronavirus-fertozes-kovetkezmenye
cd186d39aea19fc3b3a0c488591817787118057283fb8eb4c3228452b657c846,2024-08-16 22:26:03.376981+00:00,hu,magyarnemzet.hu,magyarnemzet.hu,2021-01-13,Veszélyben vannak a szlovén tenger koralljai,https://magyarnemzet.hu/mozaik/veszelyben-vannak-a-szloven-tenger-koralljai-9218867/?utm_source=rss&utm_medium=referral&utm_campaign=hiraggregator
30520b653f914c487b802faf55da453453a803402c9cac1de42c301b65fea49a,2024-08-16 22:24:26.400817+00:00,hu,origo.hu,origo.hu,2021-01-13,A szlovén tenger koralljait is veszélyezteti a klímaváltozás,https://www.origo.hu/tudomany/20210113-a-szloven-tenger-koralljai-is-veszelyben-vannak-a-klimavaltozas-miatt.html
6711a4164f1048b37f31283ea94d3db4058fd65497f4f8784ebd132e2a0f8044,2024-08-16 22:15:20.629663+00:00,hu,24.hu,24.hu,2021-01-13,A szlovén tenger koralljai veszélyben vannak,https://24.hu/tudomany/2021/01/13/szloven-tenger-korallok-klimavaltozas/
bbb7c347a91b658b68c47e6c3ae6977a2726bbd49a7bb3cff5a3194b210fdfe6,2024-08-16 18:08:48.243409+00:00,hu,blikk.hu,blikk.hu,2021-01-15,"Nincs másik bolygó: gyorsabban haldoklik a Föld, mint gondoltuk – Az emberi faj is komoly veszélyben lehet, ha nem cselekszünk",https://www.blikk.hu/geo/kornyezetvedelem-klimavalsag-bolygo-pusztulas-figyelem/lwbm8n7
5e649feec7028f330876e844e3beb5fa26595d7e5d0ede26f74e76c3257229aa,2024-08-16 17:28:19.246885+00:00,hu,haon.hu,haon.hu,2021-01-16,Veszélyben vannak a szlovén tenger koralljai is,https://haon.hu/egyperces/veszelyben-vannak-a-szloven-tenger-koralljai-is-4904593/?utm_source=rss&utm_medium=referral&utm_campaign=hiraggregator
607ee54a84c4889687ac448cce358db22a0b32891343174d6fb8f88a6f37065d,2024-08-16 17:28:13.582375+00:00,hu,delmagyar.hu,delmagyar.hu,2021-01-16,Veszélyben vannak a szlovén tenger koralljai is,https://www.delmagyar.hu/egyperces/veszelyben-vannak-a-szloven-tenger-koralljai-is-7135711/?utm_source=rssfeed
2f4c4d42df479c430cd5410ada6098b952b4c3c2548848b8e1b1d0896d41d1cc,2024-08-16 17:28:08.531874+00:00,hu,boon.hu,boon.hu,2021-01-16,Veszélyben vannak a szlovén tenger koralljai is,https://boon.hu/egyperces/veszelyben-vannak-a-szloven-tenger-koralljai-is-5110717/?utm_source=rss&utm_medium=referral&utm_campaign=hiraggregator
9ba4d84f959d1a0fd77c405c99efc0f927c2d2966f6b4ef764bef5a5d7b6a997,2024-08-16 17:28:07.511398+00:00,hu,szon.hu,szon.hu,2021-01-16,Veszélyben vannak a szlovén tenger koralljai is,https://szon.hu/egyperces/veszelyben-vannak-a-szloven-tenger-koralljai-is-4737496/?utm_source=rss&utm_medium=referral&utm_campaign=hiraggregator
4753b25f65c5f003913b852c697bde1a5eaf750913fafaa803978570bb1a43b9,2024-08-16 10:28:12.268041+00:00,hu,index.hu,index.hu,2021-01-20,A növények 40 százalékát a kihalás fenyegeti,https://index.hu/techtud/2021/01/20/a_novenyek_kozel_felet_a_kihalas_fenyegeti/
e179b7e4a2f0cc4e717fa6f95702ad7a5b8ad3e31b39c50cc16caf1b79f58fe0,2024-08-16 03:31:26.649978+00:00,hu,boon.hu,boon.hu,2021-01-24,„Halld meg az állatok utolsó szavát!”,https://boon.hu/eletstilus/helyi-eletstilus/halld-meg-az-allatok-utolso-szavat-5130235/?utm_source=rss&utm_medium=referral&utm_campaign=hiraggregator
f60247b074c1f38a134f761f3f14c5cb60503e42e13286c064688e47d0e70bfc,2024-08-15 12:32:09.287354+00:00,hu,nepszava.hu,nepszava.hu,2021-01-30,"Kérdőívvel segítik, hogy valóban örökre szóljon az állatbefogadás",https://nepszava.hu/3107886_kerdoivvel-segitik-hogy-valoban-orokre-szoljon-az-allatbefogadas
2a92ca5ccdbc7772275af3a3fd484238b0d5f1c445a6f4ab3c2519dba26bb85b,2024-08-06 03:23:39.786948+00:00,hu,infostart.hu,infostart.hu,2024-08-06,Fény derült a rémisztő hüllő balatoni titkára,https://infostart.hu/tudomany/2024/08/06/feny-derult-a-remiszto-hullo-balatoni-titkara
d2ad31c644c91e303e5a037e1e68411326fcff6fc7ce95ae5ebb59c80f1ff2a7,2024-08-05 13:22:55.144581+00:00,hu,hvg.hu,hvg.hu,2024-08-05,"Alkotmányellenes szakértők szerint Lantos Csabáék ötlete a paksi Duna felforralására, már most is víz alatti sivatag itt a meder",https://hvg.hu/gazdasag/20240805_paksi-atomeromu-duna-vizhomerseklete-hatarertek-tullepese-vizforralo-jogszabalytervezet-energiaugyi-miniszterium#rss
027294da018729c05ffe2e008ea7e6f48690281d2b8812223e6dacc68da9121d,2024-08-03 14:23:44.706430+00:00,hu,haon.hu,haon.hu,2024-08-03,"Nem vegyszert javasol a kártevők ellen a debreceni mérnök, hanem…",https://www.haon.hu/helyi-kozelet/2024/08/kartevokkert-debrecen-mernok?utm_source=hirstart&utm_medium=referral&utm_campaign=hiraggregator
954842c158b60151136e692405a14c08f93f9d0b49fb382d72ce56ac70400d6f,2024-08-02 01:02:15.178983+00:00,hu,origo.hu,origo.hu,2022-01-12,A part menti vizekben akár öt kilogramm makroműanyag is lehet,https://www.origo.hu/tudomany/20220112-a-foldkozitenger-tele-van-mashonnan-szarmazo-muanyagokkal.html
f096efb295171c49c2fb07045961e2e03306841db8901870432b885f070aaa69,2024-08-01 20:38:01.120020+00:00,hu,24.hu,24.hu,2022-01-14,Újabb tömegkihalással néz szembe a bolygó,https://24.hu/tudomany/2022/01/14/hatodik-kihalasi-hullam-esemeny-tomegkihalas/
e6fd846fd7fdb15575663e400a048fd132c8e86ba781cb690dc875e875068d04,2024-08-01 12:20:46.274359+00:00,hu,sonline.hu,sonline.hu,2024-08-01,"Magunkkal és a természettel is harmóniában élhetünk, ha tudatosabban fogyasztunk",https://www.sonline.hu/helyi-kozelet/2024/08/magunkkal-es-a-termeszettel-is-harmoniaban-elhetunk-ha-tudatosabban-fogyasztunk?utm_source=hirstart&utm_medium=referral&utm_campaign=hiraggregator
2aaeaf9d208a5090491dd22f9571ada4083cf3d5564f7ce7c71736b70919a30d,2024-08-01 12:02:14.412773+00:00,hu,origo.hu,origo.hu,2022-01-18,"Legalább 50 millió évesek, de a kihalás veszélyezteti őket",https://www.origo.hu/tudomany/20220118-a-tapirt-a-kihalas-veszelye-fenyegeti-delamerikaban.html
842570cb441681bcd68ff77b6f1285bcd43e41af69fba63aa2f5e7b2580ee757,2024-08-01 07:08:29.562139+00:00,hu,origo.hu,origo.hu,2022-01-20,A biodiverzitás megőrzéséhez kevés a védett területek kiterjesztése,https://www.origo.hu/tudomany/20220120-a-biodiverzitas-megorzesehez-keves-a-vedett-teruletek-kiterjesztese-a-tudosok-szerint.html
488569ea1405246fba34b5266c743585d4d89fed9f8b2be0159c33d542559b67,2024-07-25 23:24:48.062339+00:00,hu,merce.hu,merce.hu,2024-07-25,"Csak láncainkat veszíthetjük, avagy lesz-e magyar baloldal? « Mérce",https://merce.hu/2024/07/25/csak-lancainkat-veszithetjuk-avagy-lesz-e-magyar-baloldal/
8c9284fa25a397cc86816e17419161a9ac6fbadf46befce7ad295ea1c5cf68c8,2024-07-24 13:24:40.056110+00:00,hu,origo.hu,origo.hu,2024-07-24,"Vészesen fogy az idő, hogy megakadályozzunk egy súlyos katasztrófát",https://www.origo.hu/tudomany/2024/07/veszesen-fogy-az-ido-hogy-megakadalyozzunk-egy-sulyos-katasztrofat
377cd96a6d935a821eb17b6ae649b5bbc943cd7f746efeecfb4e8bbcf844b6e4,2024-07-13 05:23:30.357110+00:00,hu,vg.hu,vg.hu,2024-07-13,Tarolna az Alstom a magyar vasútpiacon,https://www.vg.hu/vilaggazdasag-magyar-gazdasag/2024/07/vasut-tarolna-az-alstom?utm_source=hirstart&utm_medium=referral&utm_campaign=hiraggregator
f9acc9ba864854a2ebdaea740e7d1213f7ef45f2d26f645b3cbe842c07efb3ca,2024-06-24 09:23:53.477894+00:00,hu,kisalfold.hu,kisalfold.hu,2024-06-24,KISALFOLD - A mi sokszínű kertünk,https://www.kisalfold.hu/helyi-eletstilus/2024/06/a-mi-sokszinu-kertunk-elindult-a-magyar-termeszetvedok-szovetsegenek-kampanya?utm_source=hirstart&utm_medium=referral&utm_campaign=hiraggregator
0cf106503265353ed349868ac4121deb5b8f5bf1449ec7c0b556750663fb9fe9,2024-06-18 09:25:44.020944+00:00,hu,portfolio.hu,portfolio.hu,2024-06-18,"Fenntarthatósági jelentés: küzdenek a vállalatok, bonyolult a rendelet végrehajtása",https://www.portfolio.hu/uzlet/20240618/fenntarthatosagi-jelentes-kuzdenek-a-vallalatok-bonyolult-a-rendelet-vegrehajtasa-693043
91cae91727eabe1d990cbca440c0e9b5146225fdc51c5bcb8efb62469e4397d3,2024-06-14 15:26:00.713310+00:00,hu,haon.hu,haon.hu,2024-06-14,"Gondoláék beleálltak a kormányhivatalba, utóbbi szerint a közszolgák hazug gyalázása nem környezetvédelem",https://www.haon.hu/helyi-kozelet/2024/06/kormanyhavatal-hajdu-bihar-debrecen-fidesz-gondola?utm_source=hirstart&utm_medium=referral&utm_campaign=hiraggregator
c458807fa340a74fc9f2030a1be12dbfda8a1a21ce09cf9b38d2f0ca43e4bd62,2024-06-08 17:25:29.249973+00:00,hu,zaol.hu,zaol.hu,2024-06-08,A Gyenesdiáson bemutatott társasjáték segít a zöld gondolat elmélyítésében,https://www.zaol.hu/helyi-kozelet/2024/06/a-gyenesdiason-bemutatott-tarsasjatek-segit-a-zold-gondolat-elmelyiteseben?utm_source=hirstart&utm_medium=referral&utm_campaign=hiraggregator
d8b7884d269b719618a57ee1f81df0e9f49bb882f82e511ecdd5350e6a5b8f35,2024-05-26 16:19:58.162271+00:00,hu,index.hu,index.hu,2024-05-26,Növényvédő szerekkel mérgezzük magunkat nap mint nap,https://index.hu/tudomany/2024/05/26/vegyszer-kornyezet-szennyezes-muanyag-hormon-mergezes-simon-gergely-greenpeace/
fe72226bf1acc976bf3cebca6abccfe250ca9d06b0238e31c67d7a3f67140b87,2024-05-24 07:28:09.651861+00:00,hu,beol.hu,beol.hu,2024-05-24,BEOL,https://www.beol.hu/velem-en/2024/05/tanosveny?utm_source=hirstart&utm_medium=referral&utm_campaign=hiraggregator
0a087bbc98b755f708fdd2c08732a544df29d7565e7ce87fcdfb40ef211665c1,2024-05-16 14:34:00.781391+00:00,hu,szoljon.hu,szoljon.hu,2024-05-16,A fenntartható mezőgazdaságról kaptak információkat a szolnoki diákok,https://www.szoljon.hu/helyi-kozelet/2024/05/fenntarthato-mezogazdasag-diakok?utm_source=hirstart&utm_medium=referral&utm_campaign=hiraggregator
4e116b6541a087981073582b092f706cd06acad79750dcbe1a560d989b376269,2024-05-12 20:18:56.960993+00:00,hu,index.hu,index.hu,2024-05-12,Újabb inváziós fajok terjedhetnek el Magyarországon,https://index.hu/tudomany/2024/05/12/ujabb-invazios-fajok-erkezhetnek-oshonos-novenyek-allatok-elovilag/
6548790ca7fab0661b54a8a363a080f19fb66046aaa5ae9e0992ff5f1cad8180,2024-05-10 17:58:31.230611+00:00,hu,veol.hu,veol.hu,2022-05-09,Áder János rendhagyó tanórát tartott a vízválságról és a fenntartható fejlődésről,https://www.veol.hu/egyperces/2022/05/ader-janos-rendhagyo-tanorat-tartott-a-vizvalsagrol-es-a-fenntarthato-fejlodesrol?utm_source=hirstart&utm_medium=referral&utm_campaign=hiraggregator
0b0ab1d820f468bfa8400eceffac82a32a2601209a91fd145f31600343751ccd,2024-05-10 17:58:27.936368+00:00,hu,duol.hu,duol.hu,2022-05-09,Áder János rendhagyó tanórát tartott a vízválságról és a fenntartható fejlődésről,https://www.duol.hu/egyperces/2022/05/ader-janos-rendhagyo-tanorat-tartott-a-vizvalsagrol-es-a-fenntarthato-fejlodesrol?utm_source=hirstart&utm_medium=referral&utm_campaign=hiraggregator
ebb863eef3ef17add019a1f629b6767a3f60ad5a926a629638f0e7c047a59874,2024-05-10 17:58:19.053066+00:00,hu,beol.hu,beol.hu,2022-05-09,Áder János rendhagyó tanórát tartott a vízválságról és a fenntartható fejlődésről,https://www.beol.hu/egyperces/2022/05/ader-janos-rendhagyo-tanorat-tartott-a-vizvalsagrol-es-a-fenntarthato-fejlodesrol?utm_source=hirstart&utm_medium=referral&utm_campaign=hiraggregator
2ce04ead9157f1d259b6e35ccb701f32207d3ca5f657f91b447168699c4278d8,2024-05-10 17:58:11.447061+00:00,hu,heol.hu,heol.hu,2022-05-09,Áder János rendhagyó tanórát tartott a vízválságról és a fenntartható fejlődésről,https://www.heol.hu/egyperces/2022/05/ader-janos-rendhagyo-tanorat-tartott-a-vizvalsagrol-es-a-fenntarthato-fejlodesrol?utm_source=hirstart&utm_medium=referral&utm_campaign=hiraggregator
04e40831b6940fbef37ff2ba96fd45ca7dc5d94ff30e4544dddf5b625a3cdff5,2024-05-10 17:58:08.576978+00:00,hu,sonline.hu,sonline.hu,2022-05-09,Áder János rendhagyó tanórát tartott a vízválságról és a fenntartható fejlődésről,https://www.sonline.hu/egyperces/2022/05/ader-janos-rendhagyo-tanorat-tartott-a-vizvalsagrol-es-a-fenntarthato-fejlodesrol?utm_source=hirstart&utm_medium=referral&utm_campaign=hiraggregator
8c3ff900ba1d0658e2d8b5bed695b2e4de688d60d43a332666d37271aaa0c113,2024-05-10 17:57:55.875079+00:00,hu,szoljon.hu,szoljon.hu,2022-05-09,Áder János rendhagyó tanórát tartott a vízválságról és a fenntartható fejlődésről,https://www.szoljon.hu/egyperces/2022/05/ader-janos-rendhagyo-tanorat-tartott-a-vizvalsagrol-es-a-fenntarthato-fejlodesrol?utm_source=hirstart&utm_medium=referral&utm_campaign=hiraggregator
9feeff68f9620265d76762d4149f2b0a7b3ace9af0e983efd021140bf837e2c5,2024-05-10 17:57:32.957605+00:00,hu,delmagyar.hu,delmagyar.hu,2022-05-09,Áder János rendhagyó tanórát tartott a vízválságról és a fenntartható fejlődésről,https://www.delmagyar.hu/egyperces/2022/05/ader-janos-rendhagyo-tanorat-tartott-a-vizvalsagrol-es-a-fenntarthato-fejlodesrol?utm_source=hirstart&utm_medium=referral&utm_campaign=hiraggregator
b83271ec90472a5063ed85c4bc14baefa259cde4a0a88d02898cc6b7c025e0f9,2024-05-10 17:57:23.794006+00:00,hu,teol.hu,teol.hu,2022-05-09,Áder János rendhagyó tanórát tartott a vízválságról és a fenntartható fejlődésről,https://www.teol.hu/egyperces/2022/05/ader-janos-rendhagyo-tanorat-tartott-a-vizvalsagrol-es-a-fenntarthato-fejlodesrol?utm_source=hirstart&utm_medium=referral&utm_campaign=hiraggregator
3f547dc0538d51ad549b5c90cb2bb369031076a2abe70c5a07572ef5e8bc47d0,2024-05-10 17:57:22.312528+00:00,hu,haon.hu,haon.hu,2022-05-09,Áder János rendhagyó tanórát tartott a vízválságról és a fenntartható fejlődésről,https://www.haon.hu/egyperces/2022/05/ader-janos-rendhagyo-tanorat-tartott-a-vizvalsagrol-es-a-fenntarthato-fejlodesrol?utm_source=hirstart&utm_medium=referral&utm_campaign=hiraggregator
4b061eecb22000dbe017d35af9aad31cfdd3f7353eab64b2cf5fc9954be48a61,2024-05-10 17:57:07.687060+00:00,hu,bama.hu,bama.hu,2022-05-09,Áder János rendhagyó tanórát tartott a vízválságról és a fenntartható fejlődésről,https://www.bama.hu/egyperces/2022/05/ader-janos-rendhagyo-tanorat-tartott-a-vizvalsagrol-es-a-fenntarthato-fejlodesrol?utm_source=hirstart&utm_medium=referral&utm_campaign=hiraggregator
cb2a5ab63c9f8b8baf32c5de06918d0fe76cd77626656d276ef0dfef12f2797d,2024-05-10 17:57:07.629729+00:00,hu,szon.hu,szon.hu,2022-05-09,Áder János rendhagyó tanórát tartott a vízválságról és a fenntartható fejlődésről,https://www.szon.hu/egyperces/2022/05/ader-janos-rendhagyo-tanorat-tartott-a-vizvalsagrol-es-a-fenntarthato-fejlodesrol?utm_source=hirstart&utm_medium=referral&utm_campaign=hiraggregator
3b42674576e09ca26309c36f9c4afde8d032a39644179f83eeeb9872253994cb,2024-05-10 17:57:07.342990+00:00,hu,zaol.hu,zaol.hu,2022-05-09,Áder János rendhagyó tanórát tartott a vízválságról és a fenntartható fejlődésről,https://www.zaol.hu/egyperces/2022/05/ader-janos-rendhagyo-tanorat-tartott-a-vizvalsagrol-es-a-fenntarthato-fejlodesrol?utm_source=hirstart&utm_medium=referral&utm_campaign=hiraggregator
963b4eaec57a70e505b83ea9c71b42a7d58066bf4e10341c65cdb3ef70b99713,2024-05-10 17:57:01.242933+00:00,hu,baon.hu,baon.hu,2022-05-09,Áder János rendhagyó tanórát tartott a vízválságról és a fenntartható fejlődésről,https://www.baon.hu/egyperces/2022/05/ader-janos-rendhagyo-tanorat-tartott-a-vizvalsagrol-es-a-fenntarthato-fejlodesrol?utm_source=hirstart&utm_medium=referral&utm_campaign=hiraggregator
4b84caef2bc8d20f11b5f9470ea3eccc603cc83b7e012050ed5e39a069f5646c,2024-05-10 17:56:26.497930+00:00,hu,vaol.hu,vaol.hu,2022-05-09,Áder János rendhagyó tanórát tartott a vízválságról és a fenntartható fejlődésről,https://www.vaol.hu/egyperces/2022/05/ader-janos-rendhagyo-tanorat-tartott-a-vizvalsagrol-es-a-fenntarthato-fejlodesrol?utm_source=hirstart&utm_medium=referral&utm_campaign=hiraggregator
17a1bbb70af67a53f1b40b2df38019b482d3d54f8ef343fd945695231eb100da,2024-05-10 17:56:15.769802+00:00,hu,boon.hu,boon.hu,2022-05-09,Áder János rendhagyó tanórát tartott a vízválságról és a fenntartható fejlődésről,https://www.boon.hu/egyperces/2022/05/ader-janos-rendhagyo-tanorat-tartott-a-vizvalsagrol-es-a-fenntarthato-fejlodesrol?utm_source=hirstart&utm_medium=referral&utm_campaign=hiraggregator
8d31bfb9e0225e206a1924f8c6599467b6aa83901fd2500e58f59360eb4a7866,2024-05-10 17:56:01.368514+00:00,hu,feol.hu,feol.hu,2022-05-09,Áder János rendhagyó tanórát tartott a vízválságról és a fenntartható fejlődésről,https://www.feol.hu/egyperces/2022/05/ader-janos-rendhagyo-tanorat-tartott-a-vizvalsagrol-es-a-fenntarthato-fejlodesrol?utm_source=hirstart&utm_medium=referral&utm_campaign=hiraggregator
40b6df4adc7c0d1c9ed16e7f2844fba958cd08de25191780e3c247fbd9d143b8,2024-05-10 17:55:10.198488+00:00,hu,kisalfold.hu,kisalfold.hu,2022-05-09,Áder János rendhagyó tanórát tartott a vízválságról és a fenntartható fejlődésről,https://www.kisalfold.hu/egyperces/2022/05/ader-janos-rendhagyo-tanorat-tartott-a-vizvalsagrol-es-a-fenntarthato-fejlodesrol?utm_source=hirstart&utm_medium=referral&utm_campaign=hiraggregator
cbd69eb324cb2dbe24c432003a4ccab316dd1175af30c3c39729ad22092cde76,2024-05-10 05:12:40.429687+00:00,hu,origo.hu,origo.hu,2022-05-18,Kilencmillióan is meghalhattak a rossz levegő miatt,https://www.origo.hu/tudomany/20220518-the-lancet-vilagszerte-kilencmillioan-haltak-meg-a-rossz-levego-miatt-2019ben.html
ebe4d96a29d68eb5158ce76675e203d57c39bcb22fe04691ab94e1df6688aca5,2024-05-10 05:04:28.174116+00:00,hu,hvg.hu,hvg.hu,2022-05-18,"Ahogy szennyezzük a vizet és a levegőt, úgy arat a halál – a friss számok szerint nem javul a helyzet",http://hvg.hu/tudomany/20220518_kornyezetszennyezes_egeszseg_halalozas#rss
9de8e6b8c47fb2473c98801cc56fe37657e7c9f2404f10c17aaf12b610c2d82c,2024-05-10 04:48:00.526376+00:00,hu,delmagyar.hu,delmagyar.hu,2022-05-18,Gyilkol a szennyezett víz és levegő,https://www.delmagyar.hu/egyperces/2022/05/gyilkol-a-szennyezett-viz-es-levego?utm_source=hirstart&utm_medium=referral&utm_campaign=hiraggregator
20345a09a6d67b931f4697081aaa1ad7fd1741afcc7154edadfc0a46ea1cfec4,2024-05-10 04:47:57.606943+00:00,hu,heol.hu,heol.hu,2022-05-18,Gyilkol a szennyezett víz és levegő,https://www.heol.hu/egyperces/2022/05/gyilkol-a-szennyezett-viz-es-levego?utm_source=hirstart&utm_medium=referral&utm_campaign=hiraggregator
33c3801efd6766681d817325106b4d103e9781b306389c97ae24cf3002af4ee8,2024-05-10 04:47:47.768368+00:00,hu,teol.hu,teol.hu,2022-05-18,Gyilkol a szennyezett víz és levegő,https://www.teol.hu/egyperces/2022/05/gyilkol-a-szennyezett-viz-es-levego?utm_source=hirstart&utm_medium=referral&utm_campaign=hiraggregator
3eca111188d283883baebfc74dee4e28d0336dd54b316295a45b81c586aa7c93,2024-05-10 04:47:22.465668+00:00,hu,duol.hu,duol.hu,2022-05-18,Gyilkol a szennyezett víz és levegő,https://www.duol.hu/egyperces/2022/05/gyilkol-a-szennyezett-viz-es-levego?utm_source=hirstart&utm_medium=referral&utm_campaign=hiraggregator
66acf266018d11f799d68b05f1ad3b3b6819ac381fa0cf5917610b4ec6cd9592,2024-05-10 04:47:07.250437+00:00,hu,veol.hu,veol.hu,2022-05-18,Gyilkol a szennyezett víz és levegő,https://www.veol.hu/egyperces/2022/05/gyilkol-a-szennyezett-viz-es-levego?utm_source=hirstart&utm_medium=referral&utm_campaign=hiraggregator
3115eaadbecc4e66a744884c31d59b33d58dce5924d5f5e729b3d51c596b8038,2024-05-10 04:46:51.900197+00:00,hu,beol.hu,beol.hu,2022-05-18,Gyilkol a szennyezett víz és levegő,https://www.beol.hu/egyperces/2022/05/gyilkol-a-szennyezett-viz-es-levego?utm_source=hirstart&utm_medium=referral&utm_campaign=hiraggregator
85eba97bd9040b4553c282bd7aa5900a1765ca88e3d2e8ce84323ff4cb6aa201,2024-05-10 04:46:50.682370+00:00,hu,baon.hu,baon.hu,2022-05-18,Gyilkol a szennyezett víz és levegő,https://www.baon.hu/egyperces/2022/05/gyilkol-a-szennyezett-viz-es-levego?utm_source=hirstart&utm_medium=referral&utm_campaign=hiraggregator
9b3b0b807a2c74deb7d5e5c3bda92ba35c82a8dedde2e8e486f85bcc39bb462c,2024-05-10 04:46:33.581291+00:00,hu,haon.hu,haon.hu,2022-05-18,Gyilkol a szennyezett víz és levegő,https://www.haon.hu/egyperces/2022/05/gyilkol-a-szennyezett-viz-es-levego?utm_source=hirstart&utm_medium=referral&utm_campaign=hiraggregator
d814ffe62241e214e96c8e56913ba9e3dfd06d6c94e0be2ed0c11320de7a81c5,2024-05-10 04:46:17.064444+00:00,hu,feol.hu,feol.hu,2022-05-18,Gyilkol a szennyezett víz és levegő,https://www.feol.hu/egyperces/2022/05/gyilkol-a-szennyezett-viz-es-levego?utm_source=hirstart&utm_medium=referral&utm_campaign=hiraggregator
0c4864547ee601d42c2b51ada940be253019eeda26c42850500923b5a065958f,2024-05-10 04:46:15.833275+00:00,hu,bama.hu,bama.hu,2022-05-18,Gyilkol a szennyezett víz és levegő,https://www.bama.hu/egyperces/2022/05/gyilkol-a-szennyezett-viz-es-levego?utm_source=hirstart&utm_medium=referral&utm_campaign=hiraggregator
2a40d7bddba847d88480b9b9d43ec22bc3a030829cff4f272e7768fb4cc26b0e,2024-05-10 04:46:09.938380+00:00,hu,vaol.hu,vaol.hu,2022-05-18,Gyilkol a szennyezett víz és levegő,https://www.vaol.hu/egyperces/2022/05/gyilkol-a-szennyezett-viz-es-levego?utm_source=hirstart&utm_medium=referral&utm_campaign=hiraggregator
87ad2604304ee8d9e517c18e6e14bbdd47492bce5c468735711d4324ed27ecf6,2024-05-10 04:45:57.827015+00:00,hu,szoljon.hu,szoljon.hu,2022-05-18,Gyilkol a szennyezett víz és levegő,https://www.szoljon.hu/egyperces/2022/05/gyilkol-a-szennyezett-viz-es-levego?utm_source=hirstart&utm_medium=referral&utm_campaign=hiraggregator
901ed98150bde76a841367d5f4c7499057356a8cdbcd6d7a86ed1d8382d0b4d1,2024-05-10 04:44:13.870765+00:00,hu,szon.hu,szon.hu,2022-05-18,Gyilkol a szennyezett víz és levegő,https://www.szon.hu/egyperces/2022/05/gyilkol-a-szennyezett-viz-es-levego?utm_source=hirstart&utm_medium=referral&utm_campaign=hiraggregator
8abe62c377e6d67a0f4d5e325e54ecbcb9f884fae9c2a234bc360261134b4355,2024-05-10 04:44:13.441220+00:00,hu,kisalfold.hu,kisalfold.hu,2022-05-18,Gyilkol a szennyezett víz és levegő,https://www.kisalfold.hu/egyperces/2022/05/gyilkol-a-szennyezett-viz-es-levego?utm_source=hirstart&utm_medium=referral&utm_campaign=hiraggregator
7f00d256a905a4aef5fa5434fa233990d60befc2c73cee0905f9930dd9a8a555,2024-05-10 04:43:41.405700+00:00,hu,sonline.hu,sonline.hu,2022-05-18,Gyilkol a szennyezett víz és levegő,https://www.sonline.hu/egyperces/2022/05/gyilkol-a-szennyezett-viz-es-levego?utm_source=hirstart&utm_medium=referral&utm_campaign=hiraggregator
b4be2c971debadf0e07ea4d51e4474da5fba5636bbe26b256c84ae398aae91a0,2024-05-10 04:43:39.761725+00:00,hu,boon.hu,boon.hu,2022-05-18,Gyilkol a szennyezett víz és levegő,https://www.boon.hu/egyperces/2022/05/gyilkol-a-szennyezett-viz-es-levego?utm_source=hirstart&utm_medium=referral&utm_campaign=hiraggregator
eb8085f21fa3726f202f5a66021cef240623f6f87001a0d888cf894c64a7c06e,2024-05-10 04:42:36.377732+00:00,hu,zaol.hu,zaol.hu,2022-05-18,Gyilkol a szennyezett víz és levegő,https://www.zaol.hu/egyperces/2022/05/gyilkol-a-szennyezett-viz-es-levego?utm_source=hirstart&utm_medium=referral&utm_campaign=hiraggregator
d333cfee5d98b9ee602d759053000fe8c285e88a3b880c8c4fea55a5cb6256e2,2024-05-10 03:32:43.147189+00:00,hu,24.hu,24.hu,2022-05-19,"A bálványfa inkább káros, mint hasznos – Nem mindegy, milyen fa van a hazai erdőkben",https://24.hu/elet-stilus/2022/05/19/a-balvanyfa-inkabb-karos-mint-hasznos-nem-mindegy-milyen-fa-van-a-hazai-erdokben/
75ab92fdec07a9d6c0861b4e00f9e9e00a7bd05538e1c25625d88d602d1ad31f,2024-05-09 08:05:40.048084+00:00,hu,hvg.hu,hvg.hu,2022-05-31,Tényleg ki kell békülnünk az atomenergiával és a földgázzal az európai klímacélokért?,http://hvg.hu/eurologus/20220531_atomenergia_foldgaz_klimavalsag_Europai_Parlament#rss
b5e48031b028ab68ab1d6cceb3ae5dfd1e5a629c71fa876b9b98b6855fc1118b,2024-05-08 19:55:00.638081+00:00,hu,merce.hu,merce.hu,2022-06-07,Donáth Anna: A zöld átállást csak szociális érzékenységgel lehet megvalósítani « Mérce,https://merce.hu/2022/06/07/donath-anna-a-zold-atallast-csak-szocialis-erzekenyseggel-lehet-megvalositani/
6727c3faa07df8fabf5b93e0c712a6daeea3c31ef2751fc103e155b0980edd9c,2024-05-08 14:38:57.086554+00:00,hu,mandiner.hu,mandiner.hu,2022-06-09,A zöld átállást csak szociális érzékenységgel lehet megvalósítani,https://mandiner.hu/cikk/20220609_donath_anna_velemeny_zold_szocialis_erzekenyseg
914841628bd9bec488e710dc193cf18ff5bfde89155af173babba1bba161582f,2024-05-07 13:01:20.622315+00:00,hu,infostart.hu,infostart.hu,2022-06-27,"Van, ahol már a rovarok felét elpusztította az ember",https://infostart.hu/tudomany/2022/06/27/van-ahol-mar-a-rovarok-felet-elpusztitotta-az-ember
47f75063881646e0b5db82b1ebd4eb7dfc795047c2f579da77b0247ce4459a7f,2024-05-06 18:39:02.678054+00:00,hu,demokrata.hu,demokrata.hu,2022-07-08,Vízkrízis a gazdagok földjén,https://demokrata.hu/magyarorszag/vizkrizis-a-gazdagok-foldjen-553171/
f463dd215c4c76a7c8a299869f4f1dfee33521b79cc99af2508d669040c6d6aa,2024-05-06 09:28:54.432858+00:00,hu,origo.hu,origo.hu,2024-05-06,Bűzre és a szennyezésre panaszkodnak a lakók egy kisvárosban,https://www.origo.hu/nagyvilag/2024/05/buz-szennyezes-szemet-kisvaros
20e56d6b0ee350924c881c36d2ebcc496fd8849abca7823e5d8dede4d8efd46a,2024-05-06 06:37:34.049883+00:00,hu,merce.hu,merce.hu,2022-07-15,"Se a Fidesz, se a Momentum ne fesse magát zöldre! « Mérce",https://merce.hu/2022/07/15/se-a-fidesz-se-a-momentum-ne-fesse-magat-zoldre/
01f0c3381580d3576953f762e0721dcb4bc135a8c1f6dd875e18a5187cc1033f,2024-05-05 16:39:33.873549+00:00,hu,24.hu,24.hu,2022-07-23,"Zöldebbé lehet tenni a legszennyezőbb közlekedési ágazatot, de azt még nem tudni, hogyan",https://24.hu/tudomany/2022/07/23/europai-bizottsag-connecting-europe-konferencia-repules-legikozlekedes-fenntarthatosag/
b5fe57336569e269d6b5f09eb02e4eada2d98da5c8c94b800dc411a8c8d5d06d,2024-05-05 00:11:39.810261+00:00,hu,24.hu,24.hu,2022-07-28,Mától 156 napig csak kölcsönben miénk a Föld,https://24.hu/tudomany/2022/07/28/ma-van-a-globalis-tulloves-napja-156-napig-kolcsonben-mienk-a-fold/
c7111677a72406cb93a40710597bbdae73eafd561180d6798442163b9bd6bfdb,2024-05-03 23:43:11.471127+00:00,hu,24.hu,24.hu,2022-08-12,"Mégsem zajlik a hatodik kihalási esemény, de gyorsan haladunk felé",https://24.hu/tudomany/2022/08/12/hatodik-kihalasi-esemeny-klimavaltozas-termeszetvedelem/
b4a1405e72600cf1cebf71026460b801d4efac3a34f1ff9404088b9e8a22ee31,2024-05-03 11:13:01.534095+00:00,hu,origo.hu,origo.hu,2022-08-22,Helyreállítják a tengeri környezetet Sydney ikonikus kikötőjében,https://www.origo.hu/tudomany/20220822-helyreallitjak-a-tengeri-kornyezetet-sydney-ikonikus-kikotojeben.html
06df3b1049d70b5d8a4f078314f8bce645b1ad628bbf2d576865d7430747996d,2024-05-03 11:09:57.096849+00:00,hu,hirtv.hu,hirtv.hu,2022-08-22,Helyreállítják a tengeri környezetet Sydney ikonikus kikötőjében,http://hirtv.hu/hirtvszines/helyreallitjak-a-tengeri-kornyezetet-sydney-ikonikus-kikotojeben-2552399?utm_source=feed&utm_medium=rss
982e2cfff3513a017c1e2e54c094a2173aac22e329b5cf54e223a2a862ef1699,2024-05-03 10:06:14.223447+00:00,hu,infostart.hu,infostart.hu,2022-08-23,Nagy fába vágja a fejszéjét Sydney,https://infostart.hu/eletmod/2022/08/23/nagy-faba-vagja-a-fejszejet-sydney
41d9913b2d45fd8acdd56f8657dd307dd30bd3c90f78e96412f8a5b9bb19b604,2024-05-01 16:32:39.272518+00:00,hu,portfolio.hu,portfolio.hu,2022-09-18,"Van egy felbecsülhetetlen kincsünk, amivel még a világ legnagyobb vállalatai sem tudnak mit kezdeni",https://www.portfolio.hu/uzlet/20220918/van-egy-felbecsulhetetlen-kincsunk-amivel-meg-a-vilag-legnagyobb-vallalatai-sem-tudnak-mit-kezdeni-567409
13fd32a8ad500cd125c1b1e11a658dfb5acb0c47756fbd6c8aae78bc74e044c4,2024-05-01 12:47:29.140198+00:00,hu,hvg.hu,hvg.hu,2022-09-20,Hogyan állíthatjuk helyre a tönkretett termőföldeket?,http://hvg.hu/hvgkonyvek/20220920_Hogyan_allithatjuk_helyre_a_tonkretett_termofoldeket#rss
0cc6c30c0f4f70bb5e7240c7f5fea06e71d0d286f4f54798a5f4defbe9d0734a,2024-04-29 23:11:42.065556+00:00,hu,blikk.hu,blikk.hu,2022-10-13,Vészhelyzet: csaknem 70 százalékkal csökkent a vadon élő állatok populációja,https://www.blikk.hu/eletmod/vilag-titkai/wwf-elo-bolygo-fold-allatok-vizi-szarazfoldi/kers414
0826e35f26a42dcc4d3a4ffc21f0fb92a6e4f38e42c784f6a02b7c172a7f78d7,2024-04-29 19:57:28.433505+00:00,hu,veol.hu,veol.hu,2022-10-16,"Az ácscincér repnyílásait ősfenyvesben keresték tuskókon, törzseken",https://www.veol.hu/helyi-kultura/2022/10/az-acscincer-repnyilasait-osfenyvesben-kerestek-tuskokon-torzseken?utm_source=hirstart&utm_medium=referral&utm_campaign=hiraggregator
bd94703e3d4c50361ee8ace7b518a2e878c8dc1c0b8aa768bb94b633110ebd17,2024-04-29 03:01:21.969008+00:00,hu,hvg.hu,hvg.hu,2022-10-28,December közepén nyílhat meg újra a Lánchíd – de nem az autósoknak,http://hvg.hu/cegauto/20221028_lanchid_felujitas_megnyitas_tomegkozlekedes_autos_forgalom#rss
8250d5f2f256d79dc3e8e480e40f44ecd57515f06a135492f5ab7b1a1a716621,2024-04-29 02:06:22.350041+00:00,hu,hvg.hu,hvg.hu,2022-10-29,"Különleges mód jött a Samsung telefonokra, mutatjuk, hogyan kapcsolhatja be",http://hvg.hu/tudomany/20221029_karbantartasi_mod_samsung_galaxy_telefonok_szerviz#rss
29d14410e118dcf726b2831aa5d1599d26a782c551b92de9c7505955a4901eba,2024-04-29 01:59:33.836656+00:00,hu,hvg.hu,hvg.hu,2022-10-29,"Átmenetileg bezáratott egy reggelizőt a NAV, mert 88 forinttal megkárosították a költségvetést",http://hvg.hu/kkv/20221029_koltsegvetes_nav_franko_tejbar#rss
545d0fddd9c8c4d8637722d0c914d03968f83775894a506f56df9e1e452e61b6,2024-04-29 01:51:37.306839+00:00,hu,hvg.hu,hvg.hu,2022-10-29,"Úgy megy az 5 százalékos lakásáfa, hogy mégis marad további 6 évig",http://hvg.hu/gazdasag.ingatlan/20221029_5_szazalekos_lakasafa_torvenymodositas#rss
206ad1e59183f4544388e00fe64a01f083ed2896f4f72ef3637e2946c9c89d69,2024-04-29 00:53:58.927340+00:00,hu,hvg.hu,hvg.hu,2022-10-30,"Vissza a jövőbe: körbefotóztuk az eredeti, a filmes, a 24 karátos, a Lego és a jövőbeli DMC DeLoreant",http://hvg.hu/cegauto/20221030_vissza_a_jovobe_korbefotoztuk_az_eredeti_a_filmes_a_24_karatos_a_lego_es_a_jovobeli_dmc_deloreant_back_to_the_future#rss
251ff78eb5f83047f682cdafd9708c9d44c5a984893506ddbce39e8978c35c39,2024-04-29 00:48:01.026954+00:00,hu,hvg.hu,hvg.hu,2022-10-30,"Veszélybe kerülhet a globális élelmiszerellátás az EU szerint, ha Oroszország nem lép vissza",http://hvg.hu/gazdasag/20221030_Veszelybe_kerulhet_a_globalis_elelmiszerellatas_az_EU_szerint_ha_Oroszorszag_nem_lep_vissza#rss
9df24382a62cc5109a5788df2621415a1a11547423b3b1c0ee6950eec5338db9,2024-04-29 00:48:00.401717+00:00,hu,hvg.hu,hvg.hu,2022-10-30,Fél mázsa droggal kibélelt autót fogtak Röszkén,http://hvg.hu/itthon/20221030_kabitoszer_kannabisz_auto_roszke#rss
a512d06d4221b094730764131c3b8531bd48ad57f9bb06c799ff73b632e6c26a,2024-04-27 16:44:31.939467+00:00,hu,portfolio.hu,portfolio.hu,2022-11-24,"Katasztrófa felé sodródunk: a gazdasági működés 50%-a ezen múlik, mégis sokan legyintenek rá",https://www.portfolio.hu/uzlet/20221124/katasztrofa-fele-sodrodunk-a-gazdasagi-mukodes-50-a-ezen-mulik-megis-sokan-legyintenek-ra-581010
8a376e3ad8d162560944a736198d36a50b793ae12c6b01bd4ab29e61700dc137,2024-04-24 09:53:40.686059+00:00,hu,sonline.hu,sonline.hu,2024-04-23,Siófokon rendezték a környezettudatos megoldások találkozóját,https://www.sonline.hu/helyi-kozelet/2024/04/balatoni-fold-napi-konferencia-siofok?utm_source=hirstart&utm_medium=referral&utm_campaign=hiraggregator
5fbfe29b11ec15dc2954d0b8d35176b7cae2a8ae451793bf8d1507c19261aa59,2024-04-06 07:44:22.048928+00:00,hu,origo.hu,origo.hu,2024-04-04,Az Afrikában élő emberszabású majmok több mint harmadát veszélyezteti a bányászat,https://www.origo.hu/tudomany/2024/04/az-afrikaban-elo-emberszabasu-majmok-tobb-mint-harmadat-veszelyezteti-a-banyaszat
1c96c30aaea9a8f7eac634bfff0bc37e8e88b8f5da20c967ad2367fbe683378e,2024-03-19 01:56:30.306248+00:00,hu,infostart.hu,infostart.hu,2024-03-17,"Invazív halfaj terjed, nem tudják, hogyan lehetne megállítani",https://infostart.hu/belfold/2024/03/17/invaziv-halfaj-terjed-nem-tudjak-hogyan-lehetne-megallitani
19c7849205b5d8c53b8b7616c3e3c75d9a097bc6b22294e0f6f34ecfca8198be,2024-03-10 00:18:59.774712+00:00,hu,origo.hu,origo.hu,2023-01-17,Népszámlálás az Állatkertben,https://www.origo.hu/tudomany/20230116-zoo.html
99a546b5423d8b122cc394e26f0b74d66f9d237afd4094450e79f12047ae9b08,2024-03-09 23:27:38.352548+00:00,hu,24.hu,24.hu,2023-01-18,"A tömeges migráció az evolúciós folyamat része""",https://24.hu/kultura/2023/01/18/telmo-pievani-klimavaltozas-evolucio-filozofus-interju/
572e30c444da8dabd80c182bc08d722421108462239ecfdc525756810c2153e8,2024-03-07 16:55:56.715779+00:00,hu,origo.hu,origo.hu,2023-02-26,Az ökoszisztéma összeomlása elkerülhetetlennek tűnik,https://www.origo.hu/tudomany/20230226-az-okoszisztema-osszeomlasa-elkerulhetetlen.html
f46f71893ac2ff34b373e0fb0657fb793258f602827d7c723c684bf1c935a20e,2024-03-06 23:57:25.979372+00:00,hu,hvg.hu,hvg.hu,2023-03-10,"Egy új kutatás szerint kihalás fenyegeti a szigeteken élő emlősöket, de más érdekességek is kiderültek",http://hvg.hu/tudomany/20230310_uj_kutatas_kihalas_veszelye_szigetek_biodiverzitasa_emlosok_allatok_kockazat_kistestu_nagytestu_fajok#rss
b4c1c9f6e3fbc04db56cffd0f23d9ea4d6f5dbd85170643a7254495eafafe31c,2024-03-02 09:40:28.211401+00:00,hu,nepszava.hu,nepszava.hu,2023-03-19,"Az ökológia válság hatalmi kérdés, és attól, hogy Debrecenben esetleg nem épül akkugyár, Iváncsán még nem lesz jobb",https://nepszava.hu/3188223_okologia-valsag-hatalom-tarsadalom-pribeli-levente
23f48162f5e0671549cbe634eed6b37b11944f8a346a8addcaf6c36b0a438550,2024-03-01 06:31:40.623284+00:00,hu,origo.hu,origo.hu,2023-04-09,"""Zöld Hősök"" a Túrbuckán: közös erővel a természet védelméért!",https://www.origo.hu/tudomany/20230407-onkentesek.html
311ed423bb6468bb66749510dd000cb0e6943e2ec485bda50e94a8d0ce0f2988,2024-02-29 12:13:43.403674+00:00,hu,mandiner.hu,mandiner.hu,2023-04-21,Komplett fajokat pusztít ki a távol-keleti mikroszkopikus gomba,https://mandiner.hu/cikk/20230422_komplett_fajokat_pusztit_ki_es_az_emberisegre_is_karos_lehet_a_tavol_keleti_mikroszkopikus_gomba
47e6fba761ea7528dbe4e972a8c5450e81f0eb82cb4fcefdef743e07a0f747da,2024-02-29 11:31:13.702194+00:00,hu,index.hu,index.hu,2023-04-22,"Áder János: A „vedd meg, használd rövid ideig, majd dobd el” kultúra terrorizál minket",https://index.hu/gazdasag/2023/04/22/ader-janos-kek-bolygo-klimavedelmi-alapitvany-mcc/
75fb412dc7cd82ba22692c1c7dd618de3c77f2a3d72d2433105c8ed51ce8fcdc,2024-02-29 07:45:25.571666+00:00,hu,infostart.hu,infostart.hu,2023-04-25,Áder János: az utóbbi kétszáz év emberi tevékenysége kizsigereli a Földet,https://infostart.hu/belfold/2023/04/25/ader-janos-az-utobbi-ketszaz-ev-emberi-tevekenysege-kizsigereli-a-foldet
6f6feb10e140e6117d8b1fa70b4653d6b7339203d956c46f10bf061193780eb5,2024-02-29 07:28:24.289218+00:00,hu,index.hu,index.hu,2023-04-25,Áder János: A vegetáriánus életmód nem tudná megoldani az üvegházhatású gázok csökkentését,https://index.hu/belfold/2023/04/25/ader-janos-kek-bolygo-klimavedelmi-alapitvany-klimavaltozas-kornyezetvedelem/
60c79331d422c59c70d6e70a27b4c5ac92ac8e5e3c37f16f29abb9b129928737,2024-02-29 07:00:47.758608+00:00,hu,napi.hu,napi.hu,2023-04-26,Áder János kemény dolgokról beszélt,https://www.napi.hu/mezogazdasag/kornyezetvedelem-biologiai-sokfeleseg-ader-janos.770447.html
2b2e3fa5bc2c3c453a1efe624166935cfbddcd0955a919fed294d2daab7e21e5,2024-02-29 01:21:34.428861+00:00,hu,magyarnemzet.hu,magyarnemzet.hu,2024-02-27,Így néz ki egy rovarhotel,https://magyarnemzet.hu/belfold/2024/02/rovarhoteleket-helyeznek-ki-tobb-ovoda-teruletere-is?utm_source=hirstart&utm_medium=referral&utm_campaign=hiraggregator
703178080fba1d66a3ef6b38372b939d84e902914c08a1ed330ca3f7c2a93b49,2024-02-28 00:57:19.487918+00:00,hu,origo.hu,origo.hu,2023-05-16,Magyar és román kutatók az inváziónak a növény-beporzó közösségekre gyakorolt többszintű hatását tárták fel,https://www.origo.hu/tudomany/20230516-invazios-fajok.html
9c97e038ce0b4e713b10edb999701a4fdd3cb468d524e10df828ad8003c76b7b,2024-02-27 15:39:12.194872+00:00,hu,metropol.hu,metropol.hu,2023-05-22,Ma ezért vigyázz a kilókkal!,https://metropol.hu/aktualis/2023/05/majus-22-hetfo-a-biologiai-sokfeleseg-napja
0bb63f7b0e64040c5f661bfb74d5efed728f4d8004560cb0a18290772ac32c8d,2024-02-27 14:42:54.250852+00:00,hu,24.hu,24.hu,2023-05-22,A mai nap a biológiai sokféleségé,https://24.hu/tudomany/2023/05/22/okologia-biologigi-sokfeleseg-vilagnap/
b4b375b6810d0ea3f5b0c9d6dc9f1909a793ad6d9815e103d9b61ea4162ea527,2024-02-27 08:34:42.491085+00:00,hu,origo.hu,origo.hu,2023-05-26,A mélytengeri bányászat forrópontjai rejtélyes állatoktól hemzsegnek,https://www.origo.hu/tudomany/20230525-melytengeri-banyaszat.html
89d5ffdb4ff6dd520d725dc5f18e1e59f509c96c30512405339c245835c7fc10,2024-02-27 02:23:40.213031+00:00,hu,hvg.hu,hvg.hu,2023-05-31,Globális egyezményt sürgetnek a műanyagszennyezés megfékezésére,http://hvg.hu/gazdasag/20230531_Globalis_egyezmenyt_surgetnek_a_muanyagszennyezes_megfekezesere#rss
0e4630fb2561fbd090723cd2386c064e8a91939a5e48e20c57a2041ea19de503,2024-02-26 14:10:06.589174+00:00,hu,portfolio.hu,portfolio.hu,2023-06-08,"Nemzetközi összefogásra van szükség, ha meg akarjuk menteni a bolygónkat",https://www.portfolio.hu/gazdasag/20230608/nemzetkozi-osszefogasra-van-szukseg-ha-meg-akarjuk-menteni-a-bolygonkat-620372
f9bfc8d81fdb491f4d3fdb83f0a705d07ff3978e7c2e96c01cd3a35e04a4f989,2024-02-26 08:31:24.805452+00:00,hu,origo.hu,origo.hu,2023-06-13,Biológiai invázió fenyegeti Magyarországot,https://www.origo.hu/tudomany/20230613-elkh-a-biologiai-invazio-hazai-kutatasanak-uj-kozpontjakent-az-ok-vezetesevel-megalakult-az.html
9b4e4f424094c0c4a87ac8a70e5f8953bb8a1bf9b0827eef8e5bcec008a08a6c,2024-02-25 03:36:40.695625+00:00,hu,napi.hu,napi.hu,2023-07-05,Klímaválság: Lantos Csaba egy merész vállalást tett a WHO konferenciáján,https://www.napi.hu/magyar-gazdasag/who-budapest-kornyezetvedelem-konferencia-egeszsegugy-pinter-sandor-expo.773675.html
ab9eeefd0f247cd3cf809a9a73643730eb19d1750f4e88347f2020290502c5a2,2024-02-23 15:18:21.462926+00:00,hu,infostart.hu,infostart.hu,2023-08-02,A Magyar Nemzeti Bank zöld programot indított a biodiverzitás megőrzése érdekében,https://infostart.hu/gazdasag/2023/08/02/a-magyar-nemzeti-bank-zold-programot-inditott-a-biodiverzitas-megorzese-erdekeben
748f729c00adc6b816c1bf17dcc5da40a65e8497d57e261e5f5b521cde985fd9,2024-02-23 07:52:04.592281+00:00,hu,infostart.hu,infostart.hu,2023-08-08,Újabb magyar stratégia 2030-ig,https://infostart.hu/belfold/2023/08/08/ujabb-magyar-strategia-2030-ig
5a7cc138a79c2c80142c7a6c3b49b950bc4106deeef8cd169a2b857048c91d5d,2024-02-23 05:47:08.861551+00:00,hu,hvg.hu,hvg.hu,2023-08-10,"Csak mítosz, vagy tényleg annyival rosszabb a vegán étrendnél a sok hús? Kiszámolták, az eredmény magáért beszél",http://hvg.hu/tudomany/20230810_etrend_kornyezeti_hatasai_vizsgalat_tanulmany_oxfordi_egyetem_veganok_husfogyasztok_uveghazhatasu_gazok#rss
537c926d84302fcc43f3269465d18f67b256d3160af634ea92ab9df67a82bfe7,2024-02-23 03:52:38.799319+00:00,hu,origo.hu,origo.hu,2023-08-11,A klímaváltozás kifejezéseivel is bővül a brit jelnyelv,https://www.origo.hu/tudomany/20230811-a-klimavaltozas-kifejezeseivel-is-bovul-a-brit-jelnyelv.html
aa796c7848a3bb02d38924e99035305d9ee0f7b13ea8c83c2f4ab0442d40831e,2024-02-23 02:45:18.219712+00:00,hu,demokrata.hu,demokrata.hu,2023-08-12,A természetvédelemnek teremtésvédelemmé kell válnia,https://demokrata.hu/gazdasag/a-termeszetvedelemnek-teremtesvedelemme-kell-valnia-715929/
7dc69931f5cac16501634d65e5e364e96cf2ba9933470f5cd57bebebebed9e49,2024-02-23 02:39:22.038576+00:00,hu,hirtv.hu,hirtv.hu,2023-08-12,Nagy István: a természetvédelemnek teremtésvédelemmé kell válnia!,http://hirtv.hu/hirtv_gazdasagi_hirei/nagy-istvan-a-termeszetvedelemnek-teremtesvedelemme-kell-valnia-2571446?utm_source=feed&utm_medium=rss
d5b397b03e033e2dfa6217a22c450efb10cfef16c7800ee166b0e8896ffa8531,2024-02-23 02:29:25.965563+00:00,hu,infostart.hu,infostart.hu,2023-08-12,Nagy István: a természetvédelemnek teremtésvédelemmé kell válnia!,https://infostart.hu/gazdasag/2023/08/12/nagy-istvan-a-termeszetvedelemnek-teremtesvedelemme-kell-valnia
d0d6f66e98d42dd0031356a96dcff90f549121a7276b0e2d53793ef6c4a6dae5,2024-02-22 13:30:16.780357+00:00,hu,origo.hu,origo.hu,2023-08-22,"Nagy a baj, veszélyben vannak Európa édesvizei",https://www.origo.hu/tudomany/20230822-nagy-a-baj-vegveszelyben-vannak-europa-edesvizei.html
160b672eb4db92b8621980546b245632a9abcd10cdf4de881787f9d34f2265f3,2024-02-22 04:31:43.907500+00:00,hu,origo.hu,origo.hu,2023-08-29,Itt a legújabb ötlet a korallzátonyok megsegítésére,https://www.origo.hu/tudomany/20230829-uj-eszkoz-a-korallzatonyok-megsegitesere.html
f7d04de72b0edf9fae63d7161f69f6d60f038403551aad6c4edf712d9464d50b,2024-02-21 19:57:33.458864+00:00,hu,portfolio.hu,portfolio.hu,2023-09-04,"Baljós figyelmeztetés érkezett: kifutunk az időből, nagy veszélyt jelentenek az invazív fajok",https://www.portfolio.hu/gazdasag/20230904/baljos-figyelmeztetes-erkezett-kifutunk-az-idobol-nagy-veszelyt-jelentenek-az-invaziv-fajok-637697
96f44ec0e87200068942e5fcefa183a5fa3bfc53166389b239a3330337ce7c46,2024-02-21 17:36:49.602845+00:00,hu,blikk.hu,blikk.hu,2023-09-06,Újabb veszély a Földön? Óriási tanulmány figyelmeztet idegen fajok inváziójára,https://www.blikk.hu/ferfiaknak/tech/ffigyelmeztetes-idegen-fajok-invaziojara/gjlzren
1f28a7776f9b7945328ebb4ccfffee359577d39b954680c5505c9fd41c390a68,2024-02-21 10:55:40.815034+00:00,hu,nepszava.hu,nepszava.hu,2023-09-09,"Sokba kerülnek, világszerte évente mintegy 423 milliárd dollár veszteséget okoznak az invazív fajok",https://nepszava.hu/3208079_invaziv-faj-veszteseg-vilag-minden-ev
e50f67b922fff142b0e8d8905ed3563c0126ce15c3fad3be9852e378813c5afa,2024-02-21 10:30:03.243264+00:00,hu,ripost.hu,ripost.hu,2023-09-10,"Egyre több a betelepült, idegen állat- és növényfaj az országban: mit lehet tenni a veszély ellen?",https://ripost.hu/insider/2023/09/egyre-tobb-az-idegen-allat-es-novenyfaj-itthon
c100a078566960443796d64ce1c9680442e6b68f34f642a1507c8cb8315e8474,2024-02-21 08:50:07.707412+00:00,hu,origo.hu,origo.hu,2023-09-11,Egyre súlyosabb fenyegetést jelentenek az invazív fajok,https://www.origo.hu/tudomany/20230911-am-az-invazios-fajok-behurcolasa-es-terjedese-vilagszerte-a-biodiverzitas-csokkenesenek-egyik.html
694960fc132672b5b0bc714898b8117e1b64c07c8edeff25f227045b8822f9d1,2024-02-21 06:50:46.621285+00:00,hu,24.hu,24.hu,2023-09-13,"Korszakalkotó felfedezés: sokkal ősibb lehet a Kárpát-medence élővilága, mint gondoltuk",https://24.hu/tudomany/2023/09/13/jegkorszak-mamut-ho-jeg-elovilag-novenyek-fajgazdagsag-okologia/
fbd9b6ef8bdc226536815944c5819c197365e3821ee68cf23142e7fac5307131,2024-02-21 04:44:34.313664+00:00,hu,magyarnarancs.hu,magyarnarancs.hu,2024-02-19,"Az EU-s vezető, aki a családból hozta magával az európai éthoszt",https://magyarnarancs.hu/kulpol/az-eu-s-vezeto-aki-a-csaladbol-hozta-magaval-az-europai-ethoszt-265801
68d1402b4467171a87e934fa904f8de6133f704a91ae08bbae59ddcb9766d521,2024-02-21 02:12:55.070659+00:00,hu,szeretlekmagyarorszag.hu,szeretlekmagyarorszag.hu,2023-09-16,Durva adatok: 2023 nyara volt a legmelegebb a Földön a mérések kezdete óta,https://www.szeretlekmagyarorszag.hu/jovo/durva-adatok-2023-nyara-volt-a-legmelegebb-a-foldon-a-meresek-kezdete-ota/
0c80232beb09abff69b20ffb4e97a28336d82c1b8830a3ca710874f084f6ff63,2024-02-21 01:23:34.064448+00:00,hu,24.hu,24.hu,2023-09-17,Ukrajnai gátszakadás: emberi maradványokat sodort a víz a Fekete-tengerbe,https://24.hu/tudomany/2023/09/17/ukrajnai-haboru-gatszakadas-nova-kahovka-kornyezeti-hatasok/
76391c102f83971e375bc76d2db415139064fc1e7b8c7e085d289ccbf6bd84b1,2024-02-20 14:47:08.992423+00:00,hu,szeretlekmagyarorszag.hu,szeretlekmagyarorszag.hu,2023-09-25,"Kinyírta a LEGO az újrahasznosított műanyagból készült építőkockákat, mert több szén-dioxidot bocsát ki a gyártás",https://www.szeretlekmagyarorszag.hu/jovo/kinyirta-a-lego-az-ujrahasznositott-muanyagbol-keszult-epitokockakat-mert-tobb-szen-dioxidot-bocsat-ki-a-gyartas/
b9790543f1c60ffef4bf4f841c62ad37cd5f4c09758ffe03df76319b1c3cb10a,2024-02-20 12:11:27.406530+00:00,hu,szeretlekmagyarorszag.hu,szeretlekmagyarorszag.hu,2023-09-26,"Elérhette a fordulópontot a klímaváltozás az Antarktiszon, virágzásnak indultak a növények",https://www.szeretlekmagyarorszag.hu/jovo/elerhette-a-fordulopontot-a-klimavaltozas-az-antarktiszon-viragzasnak-indultak-a-novenyek/
1abdc324590c3491f899ebc2f5784f2fe9a28f61bde6be8524165ce6a9860fc7,2024-02-20 03:04:32.843318+00:00,hu,hvg.hu,hvg.hu,2024-02-18,"„Jobban kellene figyelni a vízvisszatartásra, de még inkább az akkugyárakra”",https://hvg.hu/gazdasag/20240218_Virginijus_Sinkevicius_interju_europai_bizottsag_kornyezetvedelmi_biztos_kornyezetvedelem_akkugyarak_energiaszegenyseg_vizvalsag
69e872bcc4222aaf6a0589c1673452c1992600458177636e5e4678b38af651d3,2024-02-19 00:13:09.123518+00:00,hu,origo.hu,origo.hu,2023-10-17,"MuraDrávaDuna: 20 millió euró ""Európa Amazonasának"" újjáélesztésére",https://www.origo.hu/tudomany/20231016-mura-drava.html
1d1817b2d400043dd3afaa04ed07937c20dac5b0f04f7887945937c68657a2bc,2024-02-18 21:45:41.252157+00:00,hu,pestisracok.hu,pestisracok.hu,2023-10-18,"A magyar mezőgazdasági termékeket importálók biztosak lehetnek abban, hogy terményeink kiváló minőségűek és GMO-mentesek – Megjelent a 3. Nemzeti Biodiverzitás Stratégia",https://pestisracok.hu/a-magyar-mezogazdasagi-termekeket-importalok-biztosak-lehetnek-abban-hogy-termenyeink-kivalo-minoseguek-es-gmo-mentesek-megjelent-a-3-nemzeti-biodiverzitas-strategia/
0068c5be17097549dd5199d2e2b1a454f0b8ffa66beb0cdcd47d8a307bd7779b,2024-02-18 18:53:54.484485+00:00,hu,portfolio.hu,portfolio.hu,2023-10-20,Újjáélesztik „Európa Amazonasát”,https://www.portfolio.hu/uzlet/20231020/ujjaelesztik-europa-amazonasat-hatalmas-termeszetvedelmi-projekt-indul-646933
56c4f6b01de0f9e9d0f50d28a4e4b24ac3d8c47277ac2c51c308b29cd4d11d1f,2024-02-18 05:33:08.902993+00:00,hu,hvg.hu,hvg.hu,2023-10-28,"Ránéztek a magyar gyárak körmére, és hát lenne még mit színezni rajta",http://hvg.hu/tudomany/20231028_siemens_iparvallalatok_fenntarthatosag_kutatas#rss
c045f3185f161252ae02666660aff820be80edf2bf4ff05f3927db91fb950139,2024-02-17 22:56:05.835917+00:00,hu,origo.hu,origo.hu,2023-10-31,"Így élesztik újjá az élővilágot a Mura, Dráva és Duna mentén",https://www.origo.hu/tudomany/20231031-hatalmas-termeszetvedelmi-projekt-indult-europa-amazonasanak-ujjaelesztesere.html
54fe6078c19e5bd441bfd069b38c7e5aef2d742285de8ed04b337d6ae95ad0f7,2024-02-17 10:08:36.945601+00:00,hu,origo.hu,origo.hu,2023-11-07,MuraDrávaDuna: hatalmas természetvédelmi projekt indul Európa Amazonasának újjáélesztésére,https://www.origo.hu/tudomany/20231106-termeszetvedelem.html
89cb45e698c5bf38e7b8226099ff65bf5ba9a9c996084543cef5a3e8aba22815,2024-02-15 06:24:26.577536+00:00,hu,portfolio.hu,portfolio.hu,2023-12-03,Tüntetők zavarták meg a brüsszeli klímacsúcsot,https://www.portfolio.hu/global/20231203/tuntetok-zavartak-meg-a-brusszeli-klimacsucsot-655457
ebbcfd87b02f008d0dc0e0f17347a52130e00ff0b387886505bb05b79971b810,2024-02-09 02:18:47.443518+00:00,hu,feol.hu,feol.hu,2024-02-07,Lánctalpakkal hajtja magát a sóstói szörny (videó,https://www.feol.hu/helyi-kozelet/2024/02/lanctalpakkal-hajtja-magat-a-sostoi-szorny-video?utm_source=hirstart&utm_medium=referral&utm_campaign=hiraggregator
2f058269e486a1d5d653fb81fcfe0e0bfd8fdb1e4969865ebfa5e75d5882c297,2024-01-13 02:55:35+00:00,hu,portfolio.hu,portfolio.hu,2024-01-11,Emmanuel Macron: A háborúk ellenére el kell érni a kitűzött céljainkat,https://www.portfolio.hu/gazdasag/20240111/emmanuel-macron-a-haboruk-ellenere-el-kell-erni-a-kituzott-celjainkat-661321
df93fd69c020eb313dc7cd4900e018be50d82ebc945f9f65865637fe19a458c5,2023-12-28 01:45:09+00:00,hu,zaol.hu,zaol.hu,2023-12-26,Visszatekintő 2023. áprilisára,https://www.zaol.hu/helyi-kozelet/2023/12/visszatekinto-2023-aprilisara?utm_source=hirstart&utm_medium=referral&utm_campaign=hiraggregator
bc20a465a1e1be577f1cade9693ae02f94c381623b74d46110d4715757222753,2023-12-09 03:00:44+00:00,hu,sonline.hu,sonline.hu,2023-12-07,Évente 80–110 millió köbméter talajt veszítünk el Magyarországon,https://www.sonline.hu/helyi-gazdasag/2023/12/evente-80-110-millio-kobmeter-talajt-veszitunk-el-magyarorszagon?utm_source=hirstart&utm_medium=referral&utm_campaign=hiraggregator
170995d39d37232c8bce15cc535c5b6929ceffcddd4212f36676bbe92b4e6807,2023-12-06 03:45:06+00:00,hu,portfolio.hu,portfolio.hu,2023-12-03,Tízezrek vonultak fel a brüsszeli klímameneten,https://www.portfolio.hu/global/20231203/tizezrek-vonultak-fel-a-brusszeli-klimameneten-655457
df02fdce3c5d49fdac1fe1dc3d2ce15f4147229ea0cc34307878bc864a86c5fb,2023-11-27 02:13:01+00:00,hu,bama.hu,bama.hu,2023-11-25,BAMA,https://www.bama.hu/pr/2023/11/dunamenti-zoldar?utm_source=hirstart&utm_medium=referral&utm_campaign=hiraggregator
313c52439a78bc00736e88d025c5e51200605d6971eadf792fbf802a6e9013ab,2023-11-25 02:46:14+00:00,hu,ma.hu,ma.hu,2023-11-23,Befejeződött a Gyálai Holt-Tisza szennyezett szakaszának kármentesítése,https://www.ma.hu/belfold/395073/Befejezodott_a_Gyalai_HoltTisza_szennyezett_szakaszanak_karmentesitese?place=srss
