id,indexed_date,language,media_name,media_url,publish_date,title,url
f2374de0f6d4f3d223bd960aa505258a243f5d1950029ce16ae37ac1a3669a4a,2026-08-31 16:44:25.744393+00:00,hu,nepszava.hu,nepszava.hu,2026-08-31,nemzeti parkok,https://nepszava.hu/tag/nemzeti-parkok
ed9a9c32497475bee3d506ac5edb0cb25404ccfcae36e1d42be7653b60a97461,2026-08-31 15:44:28.660081+00:00,hu,index.hu,index.hu,2026-08-31,"Újra életre kel a Lutra album, a Lidl és a WWF Magyarország közös kezdeményezése",https://index.hu/gazdasag/2026/08/31/lidl-wwf-allat-allatvedelem-kornyezetvedelem-album-matrica/
0b9060357caabb63f1ffa91120c941e3b434f729c2c26ba93777c5025240e687,2026-08-09 06:25:57.137538+00:00,hu,portfolio.hu,portfolio.hu,2026-08-09,A rövid távú profit vagy a hosszú távú zöld célok számítanak jobban? A körforgásos gazdaság valódi dilemmája,https://www.portfolio.hu/gazdasag/20260809/a-rovid-tavu-profit-vagy-a-hosszu-tavu-zold-celok-szamitanak-jobban-a-korforgasos-gazdasag-valodi-dilemmaja-854198
9cad72a20d6f647f437e4b63a2577830d271e51afad46a5af8edb2c92d2c9d6d,2026-08-07 13:39:53.077455+00:00,hu,mandiner.hu,mandiner.hu,2026-08-07,"Arról továbbra is lehet vitatkozni, hogy egy ideális világban szabad lett volna-e vízlépcsőket építeni a Dunára",https://mandiner.hu/belfold/2026/08/arrol-tovabbra-is-lehet-vitatkozni-hogy-egy-idealis-vilagban-szabad-lett-volna-e-vizlepcsoket-epiteni-a-dunara
640a29ebd14805415b298082faa585bc2083297b56ce7fd4d4bd218c9da24fbb,2026-08-02 17:17:38.455375+00:00,hu,nepszava.hu,nepszava.hu,2026-08-02,"Az erdő nem díszlet, hanem társ: a természetkapcsolat sokkal több, mint egy túra vagy mezítláb járkálni a fűben",https://nepszava.hu/3330141_erdo-termeszet-kapcsolat-borzsony-riport
cf537b7f13ef4982259d49d4d7d3bb2766aa52bb8fedeb3ecfe4b3239cf8db31,2026-07-23 18:41:08.971927+00:00,hu,index.hu,index.hu,2026-07-23,Gajdos László szerint új kihívás előtt áll az erdőgazdálkodás,https://index.hu/gazdasag/2026/07/23/gajdos-laszlo-erdok-klimavedelmi-funkcio-erdogazdalkodas-nyiregyhaza-vandorgyules/
2bebedf9fbca04686cea1f6569663bf8a703ed74ee28df9f41443e9a6c08fa74,2026-07-20 20:30:33.099065+00:00,hu,dunaujvaros.com,dunaujvaros.com,2026-07-20,A cél: zöldítsük együtt Dunaújvárost! (2),https://dunaujvaros.com/hirek/202607/a_cel_zolditsuk_egyutt_dunaujvarost_2
98489e9c21be6deaa2f775a2eda95845e4d3b5ad642c33cd30b7391eb0ff1764,2026-07-11 20:26:08.920281+00:00,hu,dunaujvaros.com,dunaujvaros.com,2026-07-11,A cél: zöldítsük együtt Dunaújvárost! (1),https://dunaujvaros.com/hirek/202607/a_cel_zolditsuk_egyutt_dunaujvarost_1
60bffbff1f52a94a509302ada5b1198868890bd29dc1e6845e3ce9cb000777a1,2026-07-07 13:32:52.935952+00:00,hu,vg.hu,vg.hu,2026-07-07,Ahol a technológia és a természet közös nyelvet beszél – így készül az ország egyik legnagyobb szélerőműparkjának előkészítése,https://www.vg.hu/velemeny/2026/07/szeleromu-park-elokeszitese-termeszetvedelem?utm_source=hirstart&utm_medium=referral&utm_campaign=hiraggregator
1f54f108db4b552406e9f920abb15603145dc0719f68ea43001ef9ddd3adf90b,2026-07-01 08:35:28.103938+00:00,hu,portfolio.hu,portfolio.hu,2026-07-01,A színfalak mögött így dőlnek el az önkormányzatok számára fontos kérdések az EP-ben,https://www.portfolio.hu/krtk/20260701/a-szinfalak-mogott-igy-dolnek-el-az-onkormanyzatok-szamara-fontos-kerdesek-az-ep-ben-845666
696b7f983e7ad0fdfaff816215cfe71eaac4780cfa7b5842e57a024260742054,2026-06-06 13:36:17.404361+00:00,hu,magyarhirlap.hu,magyarhirlap.hu,2026-06-06,Megállítják-e végre Magyarország kiszáradását?,https://magyarhirlap.hu/kornyezet/20260606-megallitjak-e-vegre-magyarorszag-kiszaradasat
ae01a437f8083c3584282d917446a7b948338f091de96399c7f051431fdb72b5,2026-06-05 18:21:45.976586+00:00,hu,hvg.hu,hvg.hu,2026-06-05,"Ha eddig tartott a mikrobáktól, ideje, hogy kicsit másképp gondoljon rájuk",https://hvg.hu/tudomany/20260605_szalutogen-mikrobak-nyilt-adatbazisa
1b5f8ca364c6cd4f99bf9bb39f2927061a5b076e69db75c6c76223b577296c47,2026-06-05 09:20:58.553417+00:00,hu,blikk.hu,blikk.hu,2026-06-05,Agresszív kígyófaj lepte el a magyarok népszerű nyaralóhelyét: ijesztő sebességgel terjed,https://www.blikk.hu/eletmod/utazas/ibiza-kigyo/26ecflc
6af285f201b133df1741edb3c095a7f1d4052ed7181304b6a4f7c70b2be096f7,2026-05-29 09:23:35.817111+00:00,hu,origo.hu,origo.hu,2026-05-29,Súlyos figyelmeztetés érkezett: hatalmas változás várhat az Alföldre,https://www.origo.hu/itthon/2026/05/vizes-elohelyek-helyreallitasa-alfold-aszaly
b480a81325024bca74054c6689f4c630fd9039b03bb94b3bf199e5c25e8f0a20,2026-05-26 23:31:01.406204+00:00,hu,portfolio.hu,portfolio.hu,2026-05-26,Drasztikus lépésre készül több uniós tagállam,https://www.portfolio.hu/gazdasag/20260526/drasztikus-lepesre-keszul-tobb-unios-tagallam-839234
c98579c14c7edef6eadbfa89bf7f191f54599b1402b0016f57eed6505ac3fa4a,2026-05-22 14:20:18.467509+00:00,hu,metropol.hu,metropol.hu,2026-05-22,"76 éve nyitott meg, ma már szinte nyoma sincs: ez a budapesti vidámpark története",https://metropol.hu/aktualis/2026/05/vidampark-biodom-allatkert-holnemvolt-park
1880a640a9af37cfc1dae112443b931d35906ca6eaf54496b0b0304a0cf1da0d,2026-05-22 11:44:45.479448+00:00,hu,pecsiujsag.hu,pecsiujsag.hu,2026-05-21,Új erdészeti víztározót hoznak létre Baranyában,https://www.pecsiujsag.hu/pecs/hir/helyi-hireink/uj-erdeszeti-viztarozot-hoznak-letre-baranyaban
de4eae196f65eb9bfda6b695c68499f12627c824cc32e4962ee6f4eae0433f7c,2026-05-17 04:19:31.932013+00:00,hu,ma.hu,ma.hu,2026-05-16,Kőrösi Levente a természetvédelemért és állatjólétért felelős államtitkár,https://www.ma.hu/belfold/407658/Korosi_Levente_a_termeszetvedelemert_es_allatjoletert_felelos_allamtitkar?place=srss
1bda7345a0812e064aa2e27b6559af8389acaed93a5a394f7175ffbb7f470f53,2026-05-16 01:29:25.996225+00:00,hu,magyarhirlap.hu,magyarhirlap.hu,2026-05-15,Gajdos László megnevezte egyik államtitkárát,https://magyarhirlap.hu/belfold/20260515-gajdos-laszlo-megnevezte-egyik-allamtitkarat
96c389d27c02fa69478f583dc906762874b9a97d77bdc90a86bd1d1542f465ae,2026-05-15 19:46:43.946183+00:00,hu,mandiner.hu,mandiner.hu,2026-05-15,Eldőlt: államtitkári posztot kap a Fidesz-kormány Agrárminisztériumának főosztályvezetője,https://mandiner.hu/belfold/2026/05/eldolt-allamtitkari-posztot-kap-a-fidesz-kormany-agrarminiszteriumanak-foosztalyvezetoje
5df5b113df2d82bf6c51b96cb8736bf06749b94c929220714ada38ecc9843f74,2026-05-15 18:25:43.394681+00:00,hu,infostart.hu,infostart.hu,2026-05-15,Fontos államtitkárt mutatott be Gajdos László,https://infostart.hu/belfold/2026/05/15/fontos-allamtitkart-mutatott-be-gajdos-laszlo
34012695b876974f1023dcaedcdcbd2d494d942290ef995f24c13ae398ac8f75,2026-05-15 16:46:58.137648+00:00,hu,index.hu,index.hu,2026-05-15,Gajdos László bejelentette a természetvédelmi és állatjóléti államtitkárát,https://index.hu/belfold/2026/05/15/allamtitkar-termeszetvedelem-allatjolet-gajdos-laszlo-elo-kornyezetert-felelos-miniszter/
2c2d2fc032fa35f3719c6b1ea26db16ba69bf66167a9607cf0ea8e677ad9b170,2026-05-15 15:45:50.493004+00:00,hu,24.hu,24.hu,2026-05-15,Újabb államtitkárt jelentett be Gajdos László,https://24.hu/tudomany/2026/05/15/korosi-levente-allamtitkar-gajdos-laszlo/
b086d85c0d643452423697ea4ce72f68a326a2b361d8ac39cb4a3e4f4e54cbbe,2026-05-15 14:52:33.405740+00:00,hu,portfolio.hu,portfolio.hu,2026-05-15,Újabb államtitkárt jelentett be a kormány,https://www.portfolio.hu/gazdasag/20260515/ujabb-allamtitkart-jelentett-be-a-kormany-837110
ff4202ed94119c9a58dae4e4e8205771af455b9bd2707a87919364e3270efd39,2026-05-12 14:39:54.750704+00:00,hu,mandiner.hu,mandiner.hu,2026-05-12,Exriportertől MOK-os főtitkárig: íme az államtitkárok,https://mandiner.hu/belfold/2026/05/exriportertol-mok-os-fotitkarig-ime-az-allamtitkarok
61b39454038cb46a42f8337a45c3273a65949929bf80e45a7e790c30b9841f67,2026-05-09 20:25:13.892788+00:00,hu,hvg.hu,hvg.hu,2026-05-09,"A Földet megmentő 25 legjobb tudós közé került az SZTE kutatója, elnyerte a Frontiers Planet Prize nemzeti bajnoki címét",https://hvg.hu/tudomany/20260509_szte-tolgyesi-csaba-frontiers-planet-prize-nemzeti-bajnok
884f6e976d64d9188825403f97b298481889b3691b45718e8ac313f76f146912,2026-04-29 10:43:11.336133+00:00,hu,portfolio.hu,portfolio.hu,2026-04-29,"Újabb lépéssel borzolja a kedélyeket Donald Trump: íme a következő dolog, amin az ő arca viríthat mindenkire",https://www.portfolio.hu/global/20260429/ujabb-lepessel-borzolja-a-kedelyeket-donald-trump-ime-a-kovetkezo-dolog-amin-az-o-arca-virithat-mindenkire-833590
df7e9d3e0906a502069380bb2ea4550a1166be25d3d6c0120fd7291fbbc2e041,2026-04-27 10:28:20.478062+00:00,hu,portfolio.hu,portfolio.hu,2026-04-27,"Így válasszunk zöldépület-minősítést 2026-ban: mutatjuk, milyen új változások lépnek életbe",https://www.portfolio.hu/ingatlan/20260427/igy-valasszunk-zoldepulet-minositest-2026-ban-mutatjuk-milyen-uj-valtozasok-lepnek-eletbe-832754
2894d25baed16791649600e47897c035ee184b47fc09ec3252a2efffc42f2d23,2026-04-26 16:29:37.847505+00:00,hu,portfolio.hu,portfolio.hu,2026-04-26,"Tönkreteszik a Földet a cégek, mert még mindig ez a legjövedelmezőbb üzlet nekik",https://www.portfolio.hu/gazdasag/20260426/tonkreteszik-a-foldet-a-cegek-mert-meg-mindig-ez-a-legjovedelmezobb-uzlet-nekik-831876
627e82025e74ee938a607127cec1af47e26f02aa498be3a2aa0dcf8e98f7e645,2026-04-26 16:20:35.601858+00:00,hu,magyarhirlap.hu,magyarhirlap.hu,2026-04-26,Klímaváltozás: visszafordítható még a folyamat?,https://magyarhirlap.hu/kornyezet/20260426-klimavaltozas-visszafordithato-meg-a-folyamat
1a1c44d985e71fa42b3d62b578120d685cf723569698ff15fa52fdb3c24bfbd9,2026-04-17 19:30:45.629755+00:00,hu,index.hu,index.hu,2026-04-17,"A virágpor lenne a csodaszer, a pollen pedig az örök ellenség?",https://index.hu/tudomany/2026/04/17/mehesz-bodo-jozsef-attila-viragpor-pollen/
f9d9781ba983921538d33850c5fd9b7ef9f0b0505623e95c2ded7f1b44c23e22,2026-04-06 16:38:13.401425+00:00,hu,portfolio.hu,portfolio.hu,2026-04-06,"A napelem ugyanolyan stratégiai eszközzé vált, mint a golyóálló mellény",https://www.portfolio.hu/gazdasag/20260406/a-napelem-ugyanolyan-strategiai-eszkozze-valt-mint-a-golyoallo-melleny-827520
4e3a55c6f61568f69913d6b07b779f8914e8d05723fa27d5929f42b9f51cd633,2026-03-22 13:33:44.191907+00:00,hu,portfolio.hu,portfolio.hu,2026-03-22,"Klímaváltozás, mint nemzetbiztonsági fenyegetés? Sok kormány néz félre ez ügyben",https://www.portfolio.hu/gazdasag/20260322/klimavaltozas-mint-nemzetbiztonsagi-fenyegetes-sok-kormany-nez-felre-ez-ugyben-825408
0116cdb1dd0efd4ac5c862097ea44b5571f2db646767f2b65830619a30f728ad,2026-03-12 14:31:40.651858+00:00,hu,origo.hu,origo.hu,2026-03-12,"A Marsról jött? Furcsa, ismeretlen élőlényt találtak az erdőben – fotó",https://www.origo.hu/tudomany/2026/03/kulonleges-termeszfaj-balnafeju-rovar-felfedezes
53750f2c3d0a83d76ae88e9739fba6da66f71b3aa64362e44ecae0157abd450a,2026-03-10 14:35:08.103594+00:00,hu,borsonline.hu,borsonline.hu,2026-03-10,GardenExpo 2026 – Egy darabka trópus a természet szerelmeseinek,https://www.borsonline.hu/belfoldi-utazas/2026/03/gardenexpo-2026-tropusi-elmenyek-lepkek
defc101ea5c6db00faca492c02e21a9b805ec550c414a2c907ad239ca35c10e1,2026-03-03 13:30:46.606052+00:00,hu,index.hu,index.hu,2026-03-03,Már láthatók a ritka farkaspókbébik az Állatkertben,https://index.hu/belfold/2026/03/03/allatkert-budapest-fovarosi-allat-es-novenykert-veszelyeztetett-faj/
14fefee780849e1a43d1086d9e97046313f45ed08435eb9f7993f309a696ad38,2026-02-18 09:26:40.976042+00:00,hu,portfolio.hu,portfolio.hu,2026-02-18,Cannes-i seregszemlén mutatják meg magukat a magyar ingatlanfejlesztők,https://www.portfolio.hu/ingatlan/20260218/cannes-i-seregszemlen-mutatjak-meg-magukat-a-magyar-ingatlanfejlesztok-818630
01ae3be339436594d6556c0c0275e8947aaee57c2e20f0f953503312beed975c,2026-01-31 13:22:19.479038+00:00,hu,origo.hu,origo.hu,2026-01-31,Lenyűgöző képek – így fog kinézni a Magyar Természettudományi Múzeum új gyűjteményi központja és kiállítóépülete,https://www.origo.hu/gazdasag/2026/01/magyar-termeszettudomanyi-muzeum-uj-epulete-kepeken
e56e59ab3480db876a0d0587f5c8c04675d0a7ac96b0cea5ec41f1dcebd49719,2026-01-30 17:34:26.221649+00:00,hu,magyarnemzet.hu,magyarnemzet.hu,2026-01-30,A jövő épül Debrecenben – Így fog kinézni a Természettudományi Múzeum gyűjteményi központja,https://magyarnemzet.hu/kultura/2026/01/termeszettudomanyi-muzeum-gyujtemenyi-kozpont-debrecen?utm_source=hirstart&utm_medium=referral&utm_campaign=hiraggregator
42af1f30e3a64b37ba5d221171b134c387e8c91ddcbd02001ff412a8bb3c2b76,2026-01-30 13:34:11.900941+00:00,hu,blikk.hu,blikk.hu,2026-01-30,A jövő múzeuma és gyűjteményi központja épül Debrecenben,https://www.blikk.hu/eletmod/utazas/magyar-termeszettudomanyi-muzeum-debrecen/pjyeln7
4eacd2bdeb381d7061ba5cab60e3ef166f658f78ce8859c9152bbc403262d636,2026-01-22 21:25:22.964379+00:00,hu,index.hu,index.hu,2026-01-22,Megmentheti a kihalástól az állatokat a sport?,https://index.hu/tudomany/2026/01/22/sport-klubok-cmer-emblema-allatok-biodiverzitas/
9e255bed471a809668850892830f50a88c48271d7be48c881044e69bb3b69743,2026-01-17 19:26:40.864329+00:00,hu,portfolio.hu,portfolio.hu,2026-01-17,"Hiába nevezik sokan méregzöldnek az EU-t, lenne még mit szigorítania a környezetvédelmi politikájában",https://www.portfolio.hu/gazdasag/20260117/hiaba-nevezik-sokan-meregzoldnek-az-eu-t-lenne-meg-mit-szigoritania-a-kornyezetvedelmi-politikajaban-809701
ca76e05c649a18f4cba8af997b1ee8e3f38787e7068e0d51421a0b133c7da0bf,2025-12-28 11:19:07.693829+00:00,hu,origo.hu,origo.hu,2025-12-28,Nagy István: Milliárdokból óvjuk Magyarország természeti kincseit,https://www.origo.hu/belpol/2025/12/nagy-istvan-kehop-termeszetvedelem-magyarorszag
fdf7eda3f6f1b9d1aaab9ffdbd97701a6285968407d37c6c57c8c6af49462bd3,2025-12-24 18:29:09.311862+00:00,hu,origo.hu,origo.hu,2025-12-24,Cunamiként forgatják fel a tankönyveket: évente több tízezer új fajt fedeznek fel,https://www.origo.hu/nagyvilag/2025/12/fajok-felfedezese-biodiverzitas-elolenyek
083918478f894053609afbea9e6adcaa19cdbc512b514b7dd7d82aa7af78ab1b,2025-12-11 09:23:40.242974+00:00,hu,portfolio.hu,portfolio.hu,2025-12-11,Beporzás mint természeti tőke: mennyit érnek a méhek a pénzügyi piacoknak?,https://www.portfolio.hu/gazdasag/20251211/beporzas-mint-termeszeti-toke-mennyit-ernek-a-mehek-a-penzugyi-piacoknak-805188
8cf43c14e98fd3f212c642b9c937b494bb3e6117933335b1999a1d11922b04dc,2025-10-26 09:25:08.285183+00:00,hu,origo.hu,origo.hu,2025-10-26,"Már messze nem csak morális, hanem egyenesen létkérdés a klímaválság",https://www.origo.hu/gazdasag/2025/10/klimavalsag-letkerdes-gazdasagi-valsag
69489ff4a705fe25a1602d2e4a2e324fbc7606c897b63af570ffd7436487a5fa,2025-10-04 15:22:42.599314+00:00,hu,portfolio.hu,portfolio.hu,2025-10-04,Milliárdokba kerülhet a halogatás az inváziós fajok kezelésénél,https://www.portfolio.hu/krtk/20251004/milliardokba-kerulhet-a-halogatas-az-invazios-fajok-kezelesenel-790406
09ea9bd8fa4de9bf571033ec3fe42e9f4823c0b77897b48475eb2026718bdaf0,2025-09-29 06:24:22.807388+00:00,hu,index.hu,index.hu,2025-09-29,Az emirátusok szépen csendben lekörözik a nagyokat a mesterséges intelligencia terén,https://index.hu/kulfold/2025/09/29/egyesult-arab-emirsegek-mesterseges-intelligencia-fejlesztes-felho-alapu-szolgaltatas/
55d30802023aa74a668ee0190e40b13982bd7b8ce5c1f5d9f03f46f895ca71d8,2025-09-26 14:24:52.964696+00:00,hu,hvg.hu,hvg.hu,2025-09-26,Udvaros Dorottya megszólalt a bíróság ítélethirdetése után,https://hvg.hu/elet/20250926_udvaros-borottya-itelet-fecskementes
b84d7f9fc535ae8113a880aded7d62425addbb082ebe143375a4cf425fd67452,2025-09-11 11:32:55.076312+00:00,hu,demokrata.hu,demokrata.hu,2025-09-11,Megalakult az Erdészeti Klímaadaptációs Fórum,https://demokrata.hu/magyarorszag/megalakult-az-erdeszeti-klimaadaptacios-forum-1055449/
9fa81085c6747f9c426ee6a112c67e1bf54960b2fd6390868fe18e90b38819b6,2025-09-10 13:37:18.968788+00:00,hu,hvg.hu,hvg.hu,2025-09-10,Jogerős: Udvaros Dorottya nem követett el bűncselekményt a fecskementéssel,https://hvg.hu/elet/20250910_udvaros-dorottya-greenpeace-fecskementes-birosag-itelet
2046b3b7fb7b9de01d88dc2e83b963815c3408f7e8ca7cbcceb7d0c2544c65da,2025-09-10 11:28:22.163565+00:00,hu,blikk.hu,blikk.hu,2025-09-10,Megvan a jogerős ítélet Udvaros Dorottya ügyében – Így döntött a bíróság a fecskementésről,https://www.blikk.hu/sztarvilag/hazai-sztarok/udvaros-dorottya-greenpeace-fecskementes-felmentettek/dk2nyye
2b89f153be050e0c5576a181cf3a558b471124721954dd1ba835038b41c07839,2025-09-04 19:35:42.453291+00:00,hu,portfolio.hu,portfolio.hu,2025-09-04,Kiderültek a 2025-ös Green Awards nyertesek!,https://www.portfolio.hu/uzlet/20250904/kiderultek-a-2025-os-green-awards-nyertesek-a-zold-programokat-es-vallalatokat-dijaztuk-783600
923fa0b7a56b23b3bd975d403fad6b8d5558bb2515aded7ab78b7f864b4ec13e,2025-08-19 13:34:30.524501+00:00,hu,hvg.hu,hvg.hu,2025-08-19,"A faültetés már kevés, másra van szükség a klímaváltozás megállításához",https://hvg.hu/tudomany/20250819_klimavaltozas-kutatas-faultetes-keves-szen-dioxid-kibocsatas-csokkentes
312d06dd10f69c2fe9bf4ad36d0e9dd051cc7761210276d561f0fc5778c5809e,2025-08-19 05:12:51.552861+00:00,hu,24.hu,24.hu,2016-08-19,Kiirtjuk az erdei embereket. Kit érdekel?,http://24.hu/elet-stilus/2016/08/19/kiirtjuk-az-erdei-embereket-kit-erdekel/
f4cfe9975f25dd8a6a0a16572bece2369f16ffb14d91af0258f612abdca2c090,2025-08-17 06:20:06.966842+00:00,hu,index.hu,index.hu,2025-08-17,"Megérezzük a jövő aranyának hiányát – terméskiesés, infláció, elvándorlás",https://index.hu/gazdasag/2025/08/17/viz-vizhiany-vizgazdalkodas-termeszetes-viz-ivoviz-klimavaltozas-globalis-felmelegedes-aszaly-ontozes-vizkeszlet/
a63bcedaef81f49f9fb3f10d958050b9e9304ad2ed8ecc3556ce736a9b2ff3d6,2025-08-16 23:11:18.361351+00:00,hu,boon.hu,boon.hu,2016-11-18,"Az amerikai nagykövet farkasokkal találkozott a Bükkben, de nem ijedt meg",http://www.boon.hu/az-amerikai-nagykovet-farkasokkal-talalkozott-a-bukkben-de-nem-ijedt-meg/3271397
c471de92b61f42cbfff72489d66f2e3d28484b0776f7a9b1547dbf6641d01194,2025-08-16 23:10:59.927329+00:00,hu,szon.hu,szon.hu,2016-11-18,"Az amerikai nagykövet farkasokkal találkozott a Bükkben, de nem ijedt meg",http://www.szon.hu/az-amerikai-nagykovet-farkasokkal-talalkozott-a-bukkben-de-nem-ijedt-meg/3271397
dace65d7c71bdd68fff3d067e0f05b8bb4ff8bbdf9d40788c6757ccb333bd26f,2025-08-15 22:39:33.058577+00:00,hu,veol.hu,veol.hu,2016-12-26,Lendvai Gábor sárbogárdi biológus szerint a biodiverzitás csökkenés,https://m.veol.hu/gazdasag/lendvai-gabor-sarbogardi-biologus-szerint-a-biodiverzitas-csokkenese-kozvetlen-veszely-1808286
e5d511fbc3745df6459b9af21577dd77dbedb2c527f7640758cc7d6c2f399d84,2025-08-15 22:39:29.878874+00:00,hu,feol.hu,feol.hu,2016-12-26,Lendvai Gábor sárbogárdi biológus szerint a biodiverzitás csökkenés,http://m.feol.hu/gazdasag/lendvai-gabor-sarbogardi-biologus-szerint-a-biodiverzitas-csokkenese-kozvetlen-veszely-1808286
a6c93168e99415bb0f17d701a4ee8d808367e25567836a28c1b3e82333901483,2025-08-15 22:39:27.424521+00:00,hu,vaol.hu,vaol.hu,2016-12-26,Lendvai Gábor sárbogárdi biológus szerint a biodiverzitás csökkenés,http://m.vaol.hu/gazdasag/lendvai-gabor-sarbogardi-biologus-szerint-a-biodiverzitas-csokkenese-kozvetlen-veszely-1808286
28fd53f454e474cf6457440073ad1990b4c79af39e0ed6b9bdf57195c379caba,2025-08-14 19:36:49.662177+00:00,hu,portfolio.hu,portfolio.hu,2025-08-14,Újratervezett vidék: hogyan hasznosultak az uniós források az agrár- és vidékfejlesztésben?,https://www.portfolio.hu/unios-forrasok/20250814/ujratervezett-videk-hogyan-hasznosultak-az-unios-forrasok-az-agrar-es-videkfejlesztesben-779001
56baf3d644bcda6d26caf178a022159ed6ca4254a76ce3a3bae852666283b22d,2025-08-10 18:28:45.279187+00:00,hu,hirado.hu,hirado.hu,2017-05-16,Ismét megrendezik a Magyar Természet Napját,http://www.hirado.hu/2017/05/16/ismet-megrendezik-a-magyar-termeszet-napjat/
c781349d85d7e09ce58c1a6183187a6e9d801133a5b3ff15ad2f983bc5be47ff,2025-08-10 02:37:28.675847+00:00,hu,delmagyar.hu,delmagyar.hu,2017-06-05,PĂźnkĂśsd figyelmezet a vilĂĄg irĂĄnti felelĹssĂŠgĂźnkre,http://www.delmagyar.hu/vilagvevo/punkosd_figyelmezet_a_vilag_iranti_felelossegunkre/2521384/?utm_source=rssfeed
d1d027d2034b348395df21054c76939e6551a7684febc389635c95f25c2476cf,2025-08-05 09:20:06.584063+00:00,hu,szon.hu,szon.hu,2017-10-11,Védett területek a jövőnek,http://www.szon.hu/vedett-teruletek-a-jovonek/3645711
7dc6fdffe0841b24524dbe85d12d80f1dc30653cecdaafefbb8f5920f71cdee5,2025-08-05 09:19:50.064788+00:00,hu,boon.hu,boon.hu,2017-10-11,Védett területek a jövőnek,http://www.boon.hu/vedett-teruletek-a-jovonek/3645711
32e88c7b0388f3e531370d40e11e5f6bae28103d7ba4ef8db5d38ff202fd5410,2025-08-05 01:42:38.947118+00:00,hu,index.hu,index.hu,2017-10-20,Már úton vannak hozzánk az új paraziták,http://index.hu/tudomany/2017/10/20/klimavaltozas_uj_fertozo_betegsegek_malaria_magyarorszagon_parazitak/
e0db5312fb9ec2f04538bf7e95a96c152a15c73e3d05ce0c1f29c1a2b682ec73,2025-08-02 14:03:23.424336+00:00,hu,boon.hu,boon.hu,2017-12-18,Debreceni ökológus cikkét díjazták,http://www.boon.hu/debreceni-okologus-cikket-dijaztak/3714160
47b15728a1164791c3a2c90fdb9548f08d16493da498c2f2be316547756fa2f7,2025-08-02 14:02:17.714196+00:00,hu,haon.hu,haon.hu,2017-12-18,Debreceni ökológus cikkét díjazták,http://www.haon.hu/debreceni-okologus-cikket-dijaztak/3714160
f86c7870b7000ebc881f0e54f6995090378fc7b2b7b4b6512f9e6522f4ae4a0d,2025-08-01 19:15:14.380365+00:00,hu,delmagyar.hu,delmagyar.hu,2018-01-03,Mire jĂł a gyep ĂŠgetĂŠse?,http://www.delmagyar.hu/vilagvevo/mire_jo_a_gyep_egetese/2544575/?utm_source=rssfeed
6c1daaa1fdd880276d361f27a35efe584e25c294fd9dbb0b87212775ffa36303,2025-08-01 19:14:52.297459+00:00,hu,kisalfold.hu,kisalfold.hu,2018-01-03,Mire jĂł a gyep ĂŠgetĂŠse?,http://www.kisalfold.hu/tudomany/mire_jo_a_gyep_egetese/2544575/?utm_source=rssfeed
f18045465fd0112d01778c43540aab46d29e31b2ae22681dfa48f98f63f37e36,2025-08-01 10:34:12.741898+00:00,hu,infostart.hu,infostart.hu,2018-01-10,"Hasznos lehet, ha égetik a gyepet, de egyre kevesebbszer alkalmazzák",http://infostart.hu/tudomany/2018/01/10/hasznos_lehet_ha_egetik_a_gyepet_de_egyre_kevesebbszer_alkalmazzak/
5e993ab78a053aab717ac50e11b18801bf543e9109966538419dabfa60b3b82a,2025-07-27 14:25:25.608462+00:00,hu,haon.hu,haon.hu,2018-04-12,Egyetemi tanácskozás a vizes élőhelyek védelmében,http://www.haon.hu/egyetemi-tanacskozas-a-vizes-elohelyek-vedelmeben/3826645
0f3cc22cf4cb803bac6346a1dfdaeaf0c0cdf95528d8b67fa04c44756c34126a,2025-07-27 14:25:04.045528+00:00,hu,szon.hu,szon.hu,2018-04-12,Egyetemi tanácskozás a vizes élőhelyek védelmében,http://www.szon.hu/egyetemi-tanacskozas-a-vizes-elohelyek-vedelmeben/3826645
eedd8302f57fa157dba869e998d266f990a9e6b2d5c1512472a16a1319e5604f,2025-07-27 14:24:33.122433+00:00,hu,boon.hu,boon.hu,2018-04-12,Egyetemi tanácskozás a vizes élőhelyek védelmében,http://www.boon.hu/egyetemi-tanacskozas-a-vizes-elohelyek-vedelmeben/3826645
7be09d26f8d9cd83ffc12c5b6789e2bd051c0bb8b5d9c348ed4113bb11c02c06,2025-07-27 09:20:51.868265+00:00,hu,szon.hu,szon.hu,2018-04-20,Válasz a madarak szerelmi életére,http://www.szon.hu/valasz-a-madarak-szerelmi-eletere/3835492
25d38049f4ef64079a39b80c908e6b36483ac8e9c26ecdf0a9ac1afafd68ef83,2025-07-27 09:20:44.690412+00:00,hu,boon.hu,boon.hu,2018-04-20,Válasz a madarak szerelmi életére,http://www.boon.hu/valasz-a-madarak-szerelmi-eletere/3835492
8bad398cb789bbcadbc4f387726371ef5a1a3eb232dc61cbdcb752624c693741,2025-07-27 09:20:14.199794+00:00,hu,haon.hu,haon.hu,2018-04-20,Válasz a madarak szerelmi életére,http://www.haon.hu/valasz-a-madarak-szerelmi-eletere/3835492
197b8d0b9bd8c24a32a3709965f658e0c7663b78feb5d11c5a362235a216b87b,2025-07-27 03:33:40.447745+00:00,hu,zaol.hu,zaol.hu,2018-04-29,"Bengei rőtcsáp, csipkésszárnyű böngör: Zalai lepkészekkel beszélgettünk",https://www.zaol.hu/eletstilus/helyi-eletstilus/bengei-rotcsap-csipkesszarnyu-bongor-2343165/
db51b4d4a7941e2d9326bb0e9aa97f327c692c527e8790d7c41800dae4091f7f,2025-07-26 03:02:21.876115+00:00,hu,veol.hu,veol.hu,2018-05-20,Május utolsó hétvégéjén a természeté a főszerep,https://www.veol.hu/eletstilus/majus-utolso-hetvegejen-a-termeszete-a-foszerep-2296553/
7e145d3b46f55db10bf5589b75760ded6769dc30904da19806660dd720534685,2025-07-26 03:02:12.853821+00:00,hu,baon.hu,baon.hu,2018-05-20,Május utolsó hétvégéjén a természeté a főszerep,https://www.baon.hu/eletstilus/majus-utolso-hetvegejen-a-termeszete-a-foszerep-1320231/
fa46845b6ce53f82d8fd44563dc3b08b398ab1822c3175edee5a61329809abe0,2025-07-26 03:02:04.547057+00:00,hu,heol.hu,heol.hu,2018-05-20,Május utolsó hétvégéjén a természeté a főszerep,https://www.heol.hu/eletstilus/majus-utolso-hetvegejen-a-termeszete-a-foszerep-1132889/
cd273d2ffc2a6b69a408260eb976e93e3b468d9c737304015d7b1468caca74dc,2025-07-26 03:01:58.081177+00:00,hu,bama.hu,bama.hu,2018-05-20,Május utolsó hétvégéjén a természeté a főszerep,https://www.bama.hu/eletstilus/majus-utolso-hetvegejen-a-termeszete-a-foszerep-1343185/
a60703c43c21ddb74a97e9e69078587f1e71aceb9912185ee9e39228b13ab621,2025-07-26 03:01:57.164267+00:00,hu,vaol.hu,vaol.hu,2018-05-20,Május utolsó hétvégéjén a természeté a főszerep,https://www.vaol.hu/eletstilus/majus-utolso-hetvegejen-a-termeszete-a-foszerep-2333851/
f7fb06cf55ca153ae596d6eb428cda89893d4de2e1b0bf844f1029b60d6c45ec,2025-07-26 03:01:47.724797+00:00,hu,sonline.hu,sonline.hu,2018-05-20,Május utolsó hétvégéjén a természeté a főszerep,https://www.sonline.hu/eletstilus/majus-utolso-hetvegejen-a-termeszete-a-foszerep-1059061/
a1e31d9adbcd137ca12453ff2208657c02cc111de4956b1f9853d6616ad0950c,2025-07-26 03:01:47.514949+00:00,hu,beol.hu,beol.hu,2018-05-20,Május utolsó hétvégéjén a természeté a főszerep,https://www.beol.hu/eletstilus/majus-utolso-hetvegejen-a-termeszete-a-foszerep-1301283/
a767d244a0550519a535e936bb50a283251a3d9a1201cab414b86cb46a55bd84,2025-07-26 03:01:41.565840+00:00,hu,duol.hu,duol.hu,2018-05-20,Május utolsó hétvégéjén a természeté a főszerep,https://www.duol.hu/eletstilus/majus-utolso-hetvegejen-a-termeszete-a-foszerep-2283405/
1bde3f6afdeb29e85625e3938a49a82acc94b98d0b113ef84be5311b31e92226,2025-07-26 02:29:28.052824+00:00,hu,bama.hu,bama.hu,2018-05-20,Május utolsó hétvégéjén a természeté a főszerep,https://www.bama.hu/uncategorized/majus-utolso-hetvegejen-a-termeszete-a-foszerep-1343185
b86ed24ad9ef4a1dad2b857fb8a8860b35361023ed072957e7f0a72188affeff,2025-07-24 21:42:23.341324+00:00,hu,boon.hu,boon.hu,2018-06-15,Nyári színek a Botanikus Kertben,http://www.boon.hu/nyari-szinek-a-botanikus-kertben/3892842
0ea12f8b3dbe2a7a2f0faeb7ecec0f04f08c5e3db5c60cc948b939c31193cf0a,2025-07-24 21:42:01.154065+00:00,hu,haon.hu,haon.hu,2018-06-15,Nyári színek a Botanikus Kertben,http://www.haon.hu/nyari-szinek-a-botanikus-kertben/3892842
06ffa869c5ac097dadc4cb91c9da3a9f883e4bd0eb505386c2bcd613439c364f,2025-07-24 21:41:30.546835+00:00,hu,szon.hu,szon.hu,2018-06-15,Nyári színek a Botanikus Kertben,http://www.szon.hu/nyari-szinek-a-botanikus-kertben/3892842
41ac516c711199ccbe0a46791b89343dee7acc8a477c10c362605972ccc64a9f,2025-07-24 03:38:13.828816+00:00,hu,nepszava.hu,nepszava.hu,2018-06-28,Gazdátlan környezetvédelem,http://nepszava.hu/cikk/1163375-gazdatlan-kornyezetvedelem---elmarasztalo-oecd-jelentes/
7dcd48befd2cab5e4dc84ecc69743be54178414ead71d631d2c7c09cbc77d338,2025-07-24 03:07:21.273078+00:00,hu,boon.hu,boon.hu,2018-06-29,Állatok életterét vághatja ketté az épülő autópálya,http://www.boon.hu/allatok-eletteret-vaghatja-kette-az-epulo-autopalya/3906351
08e8aa7a44ce7d601b668c4ba20ce7b774a42f976a2c37e1d6b4ef93b72f6cc7,2025-07-24 03:07:08.287638+00:00,hu,szon.hu,szon.hu,2018-06-29,Állatok életterét vághatja ketté az épülő autópálya,http://www.szon.hu/allatok-eletteret-vaghatja-kette-az-epulo-autopalya/3906351
1ce1e702e8d6aadb4fd3b400e3057bde0c5659c1e6a80951e264cf2d29197b77,2025-07-20 00:17:38.344358+00:00,hu,hirtv.hu,hirtv.hu,2018-09-29,"Alig fedezték fel, máris a kihalás fenyegeti",http://hirtv.hu/hirtvszines/alig-fedeztek-fel-maris-a-kihalas-fenyegeti-2468686?utm_source=feed&utm_medium=rss
df83c49a87b9eeb15d79f50f08d4b217c065a84423eec1074fdddf3924347052,2025-07-19 23:55:40.100997+00:00,hu,infostart.hu,infostart.hu,2018-09-30,"Alig fedezték fel, veszélyben egy új kolibrifaj",https://infostart.hu/tudomany/2018/09/30/alig-fedeztek-fel-veszelyben-egy-uj-kolibrifaj
561f54a5a4b64d3d03833cb2ced2d7371a817c9db4004427211507ae258cfb60,2025-07-19 06:17:31.902408+00:00,hu,delmagyar.hu,delmagyar.hu,2018-10-15,KĂśrnyezetvĂŠdelmi akciĂł a kormĂĄnyhivatalban: fĹszerepben a fenntarthatĂłsĂĄg,http://www.delmagyar.hu/szeged_hirek/kornyezetvedelmi_akcio_a_kormanyhivatalban_foszerepben_a_fenntarthatosag_-_galeria/2576503/?utm_source=rssfeed
c69e333f833c53b3204d3e4a2fbdfa19e6e37054bf978471022df4c29cbea2ce,2025-07-18 09:43:01.666090+00:00,hu,hvg.hu,hvg.hu,2018-10-30,"Nem kérdés, hogy történelmi időket élünk – az a kérdés, lesz-e még folytatás",http://hvg.hu/tudomany/20181030_wwf_elo_bolygo_jelentes_2018_termeszetvedelem#rss
20c0939570c42ac025611a158ae1b1b93affed1033b61a6afca70388dbab9b2f,2025-07-18 01:37:35.130921+00:00,hu,nepszava.hu,nepszava.hu,2018-11-12,Volt-nincs közpénz: 250 milliárdot löktek a céghálóba Matolcsy alapítványai,https://nepszava.hu/3014864_volt-nincs-kozpenz-250-milliardot-loktek-a-ceghaloba-matolcsy-alapitvanyai
7db1902005992fd43c6c0c435cbf87a7336e27186f2d1026a8467b9ce0b7bbe5,2025-07-18 01:37:35.010301+00:00,hu,nepszava.hu,nepszava.hu,2018-11-12,"A tömeges állami kirúgások miatt laborok munkája állhat le, és kimúlhat a környezetvédelem",https://nepszava.hu/3014841_pusztito-leepules-a-tomeges-allami-kirugasok-miatt-laborok-munkaja-allhat-le-es-kimulhat-a-kornyezetvedelem
4b1007fa0f9c3572e0f6ca4a246a936b7bc0cbabbdd9d7ad75637ad011ec31c5,2025-07-18 01:33:11.649297+00:00,hu,nepszava.hu,nepszava.hu,2018-11-12,Harmadával kevesebb jut a nehezen élőknek: a szegényeken spórol a kormány,https://nepszava.hu/3014813_harmadaval-kevesebb-jut-a-nehezen-eloknek-a-szegenyeken-sporol-a-kormany
4ef7bcb367c40328e8d34eda04a02a36d11329cdff53eb75383c26faa65c2787,2025-07-17 17:18:09.796097+00:00,hu,hirtv.hu,hirtv.hu,2025-07-17,"Brüsszel sokkoló terve: Az uniós gazdák pénzét Ukrajnára költenék, elképesztő hatalomátvétel készül",https://hirtv.hu/hirtvkulfold/brusszel-sokkolo-terve-az-unios-gazdak-penzet-ukrajnara-koltenek-elkepeszto-hatalomatvetel-keszul-2611703?utm_source=feed&utm_medium=rss
dc48c364823c16c4b8940d165d27590991ac193b61ba18c001dc400069e14c28,2025-07-17 11:35:37.487378+00:00,hu,magyarnemzet.hu,magyarnemzet.hu,2025-07-17,Elképesztő mértékben csökkentené az agrártámogatásokat az unió költségvetése,https://magyarnemzet.hu/gazdasag/2025/07/hatterbe-szoritana-az-agrariumot-az-unio-koltsegvetese?utm_source=hirstart&utm_medium=referral&utm_campaign=hiraggregator
56bb2994387268400275302f384f9cc480c4b34f1d2d48b9083050fb4b364f61,2025-07-17 02:37:04.708620+00:00,hu,magyaridok.hu,magyaridok.hu,2018-12-04,Újabb UNESCO-elismerést kapott a Pilisi Bioszféra-rezervátum,https://magyaridok.hu/belfold/ujabb-unesco-elismerest-kapott-a-pilisi-bioszfera-rezervatum-3723173/
8984f8e51ff971abdbb03e8abd922d8588a409ccd58761cf886295d923cff918,2025-07-16 21:33:46.916000+00:00,hu,magyarkurir.hu,magyarkurir.hu,2025-07-16,"Jelkép, amire hat a klímaváltozás – Megújul a Pannonhalmi Főapátság arborétuma",https://www.magyarkurir.hu/hirek/jelkep-amire-hat-klimavaltozas-megujul-pannonhalmi-foapatsag-arboretuma
33aa4372094da25673e35fc94f4ece36a4965ba2e759471318a27c07ecbdeb72,2025-07-15 21:28:50.579239+00:00,hu,index.hu,index.hu,2018-12-28,"Kiolvadó higany és kínai időjárásmanipuláció: 15 környezeti tényező, ami érzékenyen érintheti a Földet",https://index.hu/techtud/2018/12/28/varatlan_hatasok_fogjak_befolyasolni_az_elovilag_allapotat_2019-ben/
93a1424ac6f29dfc08c237fc12c52b4d9174117d8e021598bf264a2eb2a4bd4c,2025-07-10 23:25:41.160335+00:00,hu,index.hu,index.hu,2019-04-27,A földi élet sokféleségének kulcsa a pásztorok kezében van,https://index.hu/techtud/2019/04/27/a_biodiverzitas_kulcsa_a_pasztorok_kezeben_van/
393a3f3e6d88e4be6f49616f5aff54f75f8895b81e8d0db8ec0fe8044cde5013,2025-07-08 10:41:47.007195+00:00,hu,nepszava.hu,nepszava.hu,2019-02-17,Beszélgetni hősökkel és gonosztevőkkel,https://nepszava.hu/3025518_beszelgetni-hosokkel-es-gonosztevokkel-robert-laszlo-emlekere
ccc7a2baba5529fc8c8ab78ea66a448778c455bc9284887d78c316bd0d4da0e3,2025-07-08 10:41:46.783130+00:00,hu,nepszava.hu,nepszava.hu,2019-02-17,Hitlerbogár és Trumpféreg,https://nepszava.hu/3025529_hitlerbogar-es-trumpfereg
d1c2dd901eaef9b6c22e3bac95fd6169b7ca67d520d13ad9cc2944fd4295b720,2025-07-08 10:02:44.272268+00:00,hu,nepszava.hu,nepszava.hu,2019-02-17,"Még a kockás füzet is eltűnt: nincs, aki átvegye a gazdaságot",https://nepszava.hu/3025522_meg-a-kockas-fuzet-is-eltunt-nincs-aki-atvegye-a-gazdasagot
a40a27c91f352e0f45b2d25b738aa61a5c7924b296ec72296bd82c83e34464f4,2025-07-07 10:24:05.837880+00:00,hu,portfolio.hu,portfolio.hu,2025-07-07,"Ursula von der Leyen bejelentette: új pénzügyi eszköz érkezik, amely 72 000 milliárd forintos piacot nyithat meg",https://www.portfolio.hu/unios-forrasok/20250707/ursula-von-der-leyen-bejelentette-uj-penzugyi-eszkoz-erkezik-amely-72-000-milliard-forintos-piacot-nyithat-meg-772857
faa1aa23eb4ec11dd4c333bce6523b35683a50fe1aef3b04ff25f89c60926fb8,2025-07-06 21:04:54.825618+00:00,hu,heol.hu,heol.hu,2019-03-14,A zöldvállalkozások fontosságára hívná fel a figyelmet a BNPI,https://www.heol.hu/kozelet/helyi-kozelet/a-zoldvallalkozasok-fontossagara-hivna-fel-a-figyelmet-a-bnpi-1594177/
4d1eb1118e3b5ede5d86d220ff694d76afc14667286cecab91453aa4a43f715f,2025-07-06 01:14:19.338374+00:00,hu,infostart.hu,infostart.hu,2019-04-02,Egyre fogyatkoznak a madarak Európában,https://infostart.hu/tudomany/2019/04/02/egyre-fogyatkoznak-a-madarak-europaban
abee97178247e11e979facbe833df272c9fe3aafe86cc9e86538e790af2e049f,2025-07-04 07:19:59.788958+00:00,hu,infostart.hu,infostart.hu,2019-05-22,Nagy a baj a magyar földeken,https://infostart.hu/tudomany/2019/05/22/komoly-gond-van-a-magyar-foldeken
5f75ca17cc24b70aebcf902c579134c055ad3dd5dc2bc72d991c7dcc4eb67443,2025-07-04 04:39:08.339740+00:00,hu,vg.hu,vg.hu,2019-05-24,Agrárminiszter: a természeti érték közös örökség,https://www.vg.hu/vallalatok/mezogazdasag/agrarminiszter-a-termeszeti-ertek-kozos-orokseg-1530761/
3c24bdc18692c543ac65d68ecd53c11c94d1f43dfff62ec47b78bcd1c0cce956,2025-07-01 19:35:19.294033+00:00,hu,444.hu,444.hu,2019-07-05,Rengeteg új fa telepítése lehet a leghatékonyabb eszköz a klímaváltozás lassítására,https://444.hu/2019/07/05/rengeteg-uj-fa-telepitese-lehet-a-leghatekonyabb-eszkoz-a-klimavaltozas-lassitasara
59b485fe8460529169d92f2551a9582e7550365ef67f8a961e56fed63550a5c3,2025-07-01 05:24:02.900476+00:00,hu,index.hu,index.hu,2025-07-01,Rendkívül ritka ragadozó téblábol a Kis-Balatonnál,https://index.hu/fomo/2025/07/01/mbh-bank-balaton-felvideki-nemzeti-park-vadmacska-projekt-fenntarthatosag-esg/
f147278738538426dc6c447d966396acec845a3c61ac4aeb4bb360573f6d0b71,2025-06-30 10:40:35.148579+00:00,hu,magyarnarancs.hu,magyarnarancs.hu,2018-05-23,"A társadalom egy része leveszi a hasznot a közjóról, a következményekkel pedig nem foglalkozik",https://m.magyarnarancs.hu/tudomany/a-tarsadalom-egy-resze-leveszi-a-hasznot-a-kozjorol-akovetkezmenyekkel-pedig-nem-foglalkozik-121625
616e3eaa60d2fe1adfb11e88e0f39c720880455218d73dc9bfff6a771772f9a3,2025-06-29 14:59:27.479164+00:00,hu,magyarnarancs.hu,magyarnarancs.hu,2018-05-23,"Hiába a vásárlói nyomás, nem lesznek pálmaolaj-mentes polcok a kereskedelmi láncoknál",https://m.magyarnarancs.hu/gazdasag/palmaolaj-aldi-spar-lidl-122151
d951cf03cdde687ab44a04bf08062ba49e0191a492d24207f149bc4008905b4f,2025-06-29 12:31:21.024891+00:00,hu,index.hu,index.hu,2019-08-16,Norvégia is felfüggesztette a brazil őserdővédelmi segélyeket,https://index.hu/techtud/2019/08/16/norvegia_is_felfuggesztette_a_brazil_oserdovedelmi_segelyeket_amazonas_esoerdo_fakivagas_kornyezetvedelem_brazilia/
2e0d3f20cd24814f1b72d34bdfb603433256f904edc0a84a837e92efddc98d87,2025-06-27 18:08:32.126539+00:00,hu,magyarnarancs.hu,magyarnarancs.hu,2018-05-23,"Aggódunk az őserdőkért, ám közben észre sem vesszük a népirtást, amiben mi is nyakig benne vagyunk",https://m.magyarnarancs.hu/kulpol/aggodunk-az-oserdokert-am-kozben-eszre-sem-vesszuk-a-nepirtast-amiben-mi-is-nyakig-benne-vagyunk-123017
b29af7dfa32a59fa850d1259c8826d0c60390a8c0aeb54144ec3b6e27e72b59f,2025-06-27 01:45:14.632705+00:00,hu,index.hu,index.hu,2019-09-30,Óriási óriáspanda-kutató intézetet hoztak létre Szecsuánban,https://index.hu/techtud/2019/09/30/orias_oriaspanda_kutatointezetet_hoztak_letre_szecsuanban_kina_allatvedelem/
45952155d07fd44d419a4f5edeeed08f61239f2b8089ffce3f3165238b242310,2025-06-26 12:48:25.856154+00:00,hu,boon.hu,boon.hu,2019-10-09,Meghívó állati nyomozásra,https://boon.hu/kozelet/helyi-kozelet/meghivo-allati-nyomozasra-3846057/
30ff798a2553688a7fe48cf747d744cb7c58622fea7b48b04cb133c70b4300c0,2025-06-26 10:19:30.730219+00:00,hu,24.hu,24.hu,2019-10-11,"Ott a legnagyobb az éhezés, ahol a tápanyagban leggazdagabb növényeket termelik",https://24.hu/tudomany/2019/10/11/del-amerika-mezogazdasag-ehezes-tapanyag-biodiverzitas-bayer-future-of-farming/
49b7234035c68713eb1df545d62630d57aab3eb3cfd31188344b91df167a660f,2025-06-25 23:12:55.882858+00:00,hu,24.hu,24.hu,2019-10-20,Ilyen lehet Magyarország 2050-re,https://24.hu/tudomany/2019/10/20/jovo-jovokutatas-termeszet/
829ef9781980bb696e4cc410571c00f3873c0f5d2c7cbbac662d318f5382cfba,2025-06-25 21:14:24.671771+00:00,hu,index.hu,index.hu,2019-10-22,Ökológiai szempontból ijesztő jövő várhat Magyarországra 2050-re,https://index.hu/techtud/2019/10/22/magyarorszag_jovoje_2050/
880fe577b56d8bb8ba4cbfa462654d4fc6799b8bd3ca1693d747c83635c1c43d,2025-06-25 21:06:48.058862+00:00,hu,hvg.hu,hvg.hu,2019-10-22,Nem túl fényes jövő vár 2050-re Magyarországra ökológiai szempontból,http://hvg.hu/tudomany/20191022_magyarorszag_magyar_videk_biodiverzitas_jovokutatas#rss
dc21ae27bef0b3cff1bc40588e7b573052a63c8bdebf1bb5c7eaaa1a5765d0ae,2025-06-25 02:44:30.093585+00:00,hu,hvg.hu,hvg.hu,2019-11-05,2500 kutató egybehangzóan állítja: az intenzív mezőgazdálkodás elpusztítja a természetet,http://hvg.hu/tudomany/20191105_intenziv_mezogazdalkodas_termeszetpusztitas_mme_europai_nyilt_level#rss
0a20fd9a6650df9ccad31bb3ee4a52356d7b4dabd549db868dfe738b134c821e,2025-06-22 18:03:50.565814+00:00,hu,boon.hu,boon.hu,2019-12-18,Kenya megduplázza nemzeti parkjai erdőterületét,https://boon.hu/orszag-vilag/kenya-megduplazza-nemzeti-parkjai-erdoteruletet-3969747/
25d8ae4442368bbe19f25a7a38d11dd9026ef8b4bb49aade1aa2e15d00ad8230,2025-06-22 18:01:54.443931+00:00,hu,haon.hu,haon.hu,2019-12-18,Kenya megduplázza nemzeti parkjai erdőterületét,https://haon.hu/orszag-vilag/kenya-megduplazza-nemzeti-parkjai-erdoteruletet-3737829/
56b72beed560879bd6c516a0c95ee64d993665d822f5e43b98843e383a91d0d4,2025-06-22 18:01:52.383711+00:00,hu,delmagyar.hu,delmagyar.hu,2019-12-18,Kenya megduplázza nemzeti parkjai erdőterületét,https://www.delmagyar.hu/orszag-vilag/kenya-megduplazza-nemzeti-parkjai-erdoteruletet-4815249/?utm_source=rssfeed
882f6333612817d5d573eaacfd6d65bedfa0aa590a4c33ecb4a6da94edec90b0,2025-06-22 18:00:48.218934+00:00,hu,szon.hu,szon.hu,2019-12-18,Kenya megduplázza nemzeti parkjai erdőterületét,https://szon.hu/orszag-vilag/kenya-megduplazza-nemzeti-parkjai-erdoteruletet-3591459/
99e673d096f3936537ad86a240b5d75bf72a4b03f33d47e9e2efa0bf72c761a8,2025-06-15 09:17:24.294452+00:00,hu,portfolio.hu,portfolio.hu,2025-06-15,"Nyári energiaszegénység: a rejtett válság, ami milliókat érint Magyarországon",https://www.portfolio.hu/global/20250615/nyari-energiaszegenyseg-a-rejtett-valsag-ami-milliokat-erint-magyarorszagon-767819
24e1382fca945c296ba0133221e713879b308717fd0e43afd5fbb77f6c055dad,2025-06-07 13:17:40.871701+00:00,hu,index.hu,index.hu,2025-06-07,A teljes pusztulás szélére sodródott Európa egyik legikonikusabb folyója,https://index.hu/fomo/2025/06/07/folyo-szajna-vizszennyezes-visszaallitas-bbc-earth-dokumentumfilm-premier/
2bbe5043c1d3f480ad12a660255bb511665e28fe7b20839a737a85b6af10f2f7,2025-05-25 12:27:02.660518+00:00,hu,hvg.hu,hvg.hu,2025-05-25,"Ki kellene törnünk a GDP mágikus köréből, de túlságosan is rabjai vagyunk",https://hvg.hu/gazdasag/20250525_partha-dasgupta-kozgazdasz-professzor-eloadas-interju-gdp-termeszeti-toke-bioszfera-fenntarthatosag#rss
eb1c257402e36354bb17dd87205901832d75c1dc262a6c1fd35a49f2852edf02,2025-05-17 18:21:53.545600+00:00,hu,magyarkurir.hu,magyarkurir.hu,2025-05-17,"Száz év múlva lehet szegényebb, mégis jobb a világ – Teremtésvédelmi napot rendeztek Budapesten",https://www.magyarkurir.hu/hirek/szaz-ev-mulva-lehet-szegenyebb-megis-jobb-vilag-teremtesvedelmi-napot-rendeztek-budapesten
9df3803803f2110ae063860be5c62d6bae84f3c5635181ce46a96ef014098100,2025-05-11 01:21:47.165054+00:00,hu,gondola.hu,gondola.hu,2025-05-10,Teremtésvédelem,https://gondola.hu/hirek/315650-Teremtesvedelem.html
7ac9466aeae6cfa750accfcb4c960ef8e657efaeced8508061b37c1797288205,2025-05-10 11:29:03.507668+00:00,hu,infostart.hu,infostart.hu,2025-05-10,AM: nemcsak a természetvédőknek fontos a mai nap,https://infostart.hu/belfold/2025/05/10/am-nemcsak-a-termeszetvedoknek-fontos-a-mai-nap
3378b17f7e666c383f518286ac1a96ac047e24a3a213e045f7d71ad741dd5480,2025-05-10 10:20:39.192993+00:00,hu,magyarnemzet.hu,magyarnemzet.hu,2025-05-10,"A madarak és fák napja minden évben emlékeztet arra, hogy közös felelősségünk a természet védelme",https://magyarnemzet.hu/gazdasag/2025/05/a-madarak-es-fak-napja?utm_source=hirstart&utm_medium=referral&utm_campaign=hiraggregator
fd708eb636e38dafb081ae517aa2c42b5b5833f0b0525893ef301b36342e6232,2025-05-10 09:21:41.892985+00:00,hu,demokrata.hu,demokrata.hu,2025-05-10,Közös felelősségünk a madarak és a fák megóvása,https://demokrata.hu/magyarorszag/kozos-felelossegunk-a-madarak-es-a-fak-megovasa-990521/
130db639c60f34569b486af0ce6dcd463503f954d76a9fc4beed98e897df8e83,2025-05-08 23:26:42.472542+00:00,hu,dunaujvaros.com,dunaujvaros.com,2025-05-08,ÖKO-napot is rendeznek a Szalki-szigeten,https://dunaujvaros.com/hirek/202505/oko_napot_is_rendeznek_a_szalki_szigeten
013afd7f2558dc0f6a6d3a1d49c536b8d3d92941e12fdae06858b0dd4cb4309f,2025-05-05 14:19:16.498277+00:00,hu,index.hu,index.hu,2025-05-05,„Le kell ölni ezeket az állatokat” – a miniszter személyesen válaszolt a kritikákra,https://index.hu/belfold/2025/05/05/orszaggyules-parlament-fidesz-kdnp-ellenzek-vita-nagy-istvan-ragados-szaj-es-koromfajas/
08d0769827f00d844cf303af85ede0e33a4ae351aea333fa2f91f551eddc8ed0,2025-05-05 13:23:04.502428+00:00,hu,demokrata.hu,demokrata.hu,2025-05-05,"Szabó Rebeka: Nincsen fideszes erdő, tiszás erdő, ellenzéki erdő",https://demokrata.hu/magyarorszag/szabo-rebeka-nincsen-fideszes-erdo-tiszas-erdo-ellenzeki-erdo-987761/
5a08f252bd261c769f8eb5bb670ad387b7ad16dae20d7ccb677c58cf20d26fc5,2025-04-27 14:24:34.455751+00:00,hu,nepszava.hu,nepszava.hu,2025-04-27,„A kevesebb néha több”,https://nepszava.hu/3277453_a-kevesebb-neha-tobb-harminc-eve-segiti-a-kornyezettudatos-nevelest-a-magyar-termeszetvedok-szovetsege
a9656e5e8b0c9ccf25a81bd05645f92158be041b598e35545aa32cce17cb83b8,2025-04-01 09:21:46.871903+00:00,hu,portfolio.hu,portfolio.hu,2025-04-01,"Jó, ha tudjuk: az erdőirtás és a fajkihalás a gazdagabb országok rejtett exportcikkévé vált",https://www.portfolio.hu/global/20250401/jo-ha-tudjuk-az-erdoirtas-es-a-fajkihalas-a-gazdagabb-orszagok-rejtett-exportcikkeve-valt-750375
92229d127fef3b51f02f642328460be9888e8857b4568a41c953d737057bbebb,2025-03-14 20:39:33.971394+00:00,hu,ujegyenloseg.hu,ujegyenloseg.hu,2025-03-14,A biodiverzitás-védelem piaci megoldásai: lehet a felelőtlenséggel kereskedni?,https://ujegyenloseg.hu/a-biodiverzitas-vedelem-piaci-megoldasai-lehet-a-felelotlenseggel-kereskedni/
a513164a560b9a151962c874971274bd344f91afa69e682b6becb705e51e9e60,2025-03-10 19:37:35.683045+00:00,hu,origo.hu,origo.hu,2025-03-10,"Az orosz-ukrán háború háromévnyi környezeti költsége: 230 millió tonna üvegházhatású gáz, elszennyeződött vizek és talajok, pusztuló bioszféra",https://www.origo.hu/tudomany/2025/03/orosz-ukran-haboru-kornyezeti-hatasai
310b8eec938708445e65d560c68945c5bb40a12aaf2e5c031ed27e1c3f5fc070,2025-02-02 18:27:51.144224+00:00,hu,origo.hu,origo.hu,2025-02-02,A vizes élőhelyek világnapját ünnepeljük,https://www.origo.hu/tudomany/2025/02/vizes-elohelyek-vilagnapjat-unnepeljuk
b5d88658adb7baab9d94c1573849da366baf56c5ea5613e2e7adb023365c065d,2025-01-29 23:18:04.119267+00:00,hu,dunaujvaros.com,dunaujvaros.com,2025-01-29,Február végéig várják a nevezéseket,https://dunaujvaros.com/hirek/202501/februar_vegeig_varjak_a_nevezeseket
90530ec246ce3bde5e32e0dd51c6198e676c0afafaf5080d33a7e311a317dbe1,2025-01-16 07:20:23.839078+00:00,hu,infostart.hu,infostart.hu,2025-01-16,Ritkán látott ragadozó bukkant fel a Gerecsében,https://infostart.hu/tudomany/2025/01/16/ritkan-latott-ragadozo-bukkant-fel-a-gerecseben
72e81817084483c43a2ce190d7c2187bfd74c906e4d4c6d70282134637066665,2024-12-30 05:38:51.872599+00:00,hu,24.hu,24.hu,2022-02-05,Így képes gyógyítani a természet,https://24.hu/tudomany/2022/02/05/egeszseg-termeszet-jollet-okologia-pszichologia/
ece4c77954f29730d63b26a57fdb65b68bf7875e83ac6111ce138b76197016f8,2024-12-29 23:11:50.008927+00:00,hu,origo.hu,origo.hu,2022-02-07,A klímaváltozás miatt egy hónappal korábban virágoznak a növények az Egyesült Királyságban,https://www.origo.hu/tudomany/20220204-viragzas.html
412dfdeaaed677406e616645295ca191d48445b9c63539380434a908225733af,2024-12-29 11:46:15.331815+00:00,hu,demokrata.hu,demokrata.hu,2022-02-10,Erdők nélkül Magyarország védtelen a klímaváltozással szemben,https://demokrata.hu/zold-jovo/erdok-nelkul-magyarorszag-vedtelen-a-klimavaltozassal-szemben-485982/
0f1658f136a84784174234410c2070aa866a43f5f0354d3d2c1ea73765a7f11c,2024-12-29 04:34:51.313623+00:00,hu,teol.hu,teol.hu,2022-02-12,AM: az erdő a legjobb eszköz a klímaváltozás negatív hatásai ellen,https://www.teol.hu/hazai-gazdasag/2022/02/am-az-erdo-a-legjobb-eszkoz-a-klimavaltozas-negativ-hatasai-ellen?utm_source=hirstart&utm_medium=referral&utm_campaign=hiraggregator
dfbd0fdfec9cbba2dcafdfa657536d97897ed29f2bc23722b886e6549a7de512,2024-12-29 04:33:34.622374+00:00,hu,beol.hu,beol.hu,2022-02-12,AM: az erdő a legjobb eszköz a klímaváltozás negatív hatásai ellen,https://www.beol.hu/hazai-gazdasag/2022/02/am-az-erdo-a-legjobb-eszkoz-a-klimavaltozas-negativ-hatasai-ellen?utm_source=hirstart&utm_medium=referral&utm_campaign=hiraggregator
0034ebc61e2cfa6f10ad2430367a59614a62cb703f1c04e2bbe702b13fda44ae,2024-12-29 04:33:34.378433+00:00,hu,duol.hu,duol.hu,2022-02-12,AM: az erdő a legjobb eszköz a klímaváltozás negatív hatásai ellen,https://www.duol.hu/hazai-gazdasag/2022/02/am-az-erdo-a-legjobb-eszkoz-a-klimavaltozas-negativ-hatasai-ellen?utm_source=hirstart&utm_medium=referral&utm_campaign=hiraggregator
b4ed65bad22fd27a9616ac30e4ef33374f7bf04d868ee20975890bdda8dd76ef,2024-12-29 04:33:32.720668+00:00,hu,boon.hu,boon.hu,2022-02-12,AM: az erdő a legjobb eszköz a klímaváltozás negatív hatásai ellen,https://www.boon.hu/hazai-gazdasag/2022/02/am-az-erdo-a-legjobb-eszkoz-a-klimavaltozas-negativ-hatasai-ellen?utm_source=hirstart&utm_medium=referral&utm_campaign=hiraggregator
b7ed696952804e6ab80eeb137fcf3a56e47af01d8c69a89102e3c2223a2b7000,2024-12-29 04:33:32.209031+00:00,hu,heol.hu,heol.hu,2022-02-12,AM: az erdő a legjobb eszköz a klímaváltozás negatív hatásai ellen,https://www.heol.hu/hazai-gazdasag/2022/02/am-az-erdo-a-legjobb-eszkoz-a-klimavaltozas-negativ-hatasai-ellen?utm_source=hirstart&utm_medium=referral&utm_campaign=hiraggregator
41bc57dd5559c09caba6b27c2cae0d11414716d82a2f9832bd88af8034a33b87,2024-12-29 04:33:12.100716+00:00,hu,bama.hu,bama.hu,2022-02-12,AM: az erdő a legjobb eszköz a klímaváltozás negatív hatásai ellen,https://www.bama.hu/hazai-gazdasag/2022/02/am-az-erdo-a-legjobb-eszkoz-a-klimavaltozas-negativ-hatasai-ellen?utm_source=hirstart&utm_medium=referral&utm_campaign=hiraggregator
a37bd35b6c592fa2fdb793c3989bd80ca0691b92641cc9cea419a9953c971863,2024-12-29 04:33:08.898636+00:00,hu,delmagyar.hu,delmagyar.hu,2022-02-12,AM: az erdő a legjobb eszköz a klímaváltozás negatív hatásai ellen,https://www.delmagyar.hu/hazai-gazdasag/2022/02/am-az-erdo-a-legjobb-eszkoz-a-klimavaltozas-negativ-hatasai-ellen?utm_source=hirstart&utm_medium=referral&utm_campaign=hiraggregator
5f60be14f79b5f0cb18ea57ebde7d6fbcda25a7f00c742c4d256f510ec203c22,2024-12-29 04:33:01.263919+00:00,hu,haon.hu,haon.hu,2022-02-12,AM: az erdő a legjobb eszköz a klímaváltozás negatív hatásai ellen,https://www.haon.hu/hazai-gazdasag/2022/02/am-az-erdo-a-legjobb-eszkoz-a-klimavaltozas-negativ-hatasai-ellen?utm_source=hirstart&utm_medium=referral&utm_campaign=hiraggregator
3002fa506a7a5d987d7316587724535bdf6e4b2771260df7f08bbfd9c5ccc47f,2024-12-29 04:32:54.979379+00:00,hu,baon.hu,baon.hu,2022-02-12,AM: az erdő a legjobb eszköz a klímaváltozás negatív hatásai ellen,https://www.baon.hu/hazai-gazdasag/2022/02/am-az-erdo-a-legjobb-eszkoz-a-klimavaltozas-negativ-hatasai-ellen?utm_source=hirstart&utm_medium=referral&utm_campaign=hiraggregator
351cec8d125a37762963d06116d4951441bf0dee9f684bf7216ec04cfdb2ee97,2024-12-29 04:32:46.573353+00:00,hu,vaol.hu,vaol.hu,2022-02-12,AM: az erdő a legjobb eszköz a klímaváltozás negatív hatásai ellen,https://www.vaol.hu/hazai-gazdasag/2022/02/am-az-erdo-a-legjobb-eszkoz-a-klimavaltozas-negativ-hatasai-ellen?utm_source=hirstart&utm_medium=referral&utm_campaign=hiraggregator
91e4930b49480e421b9813ad47d6ee4e2eb791b9c22ae09e3a2c1a1564816d68,2024-12-29 04:28:00.079872+00:00,hu,szon.hu,szon.hu,2022-02-12,AM: az erdő a legjobb eszköz a klímaváltozás negatív hatásai ellen,https://www.szon.hu/hazai-gazdasag/2022/02/am-az-erdo-a-legjobb-eszkoz-a-klimavaltozas-negativ-hatasai-ellen?utm_source=hirstart&utm_medium=referral&utm_campaign=hiraggregator
ef46f612c7c571946a2692c578da791804e63b5e5dbfb19b038a4aa37aba8882,2024-12-29 04:27:59.634352+00:00,hu,zaol.hu,zaol.hu,2022-02-12,AM: az erdő a legjobb eszköz a klímaváltozás negatív hatásai ellen,https://www.zaol.hu/hazai-gazdasag/2022/02/am-az-erdo-a-legjobb-eszkoz-a-klimavaltozas-negativ-hatasai-ellen?utm_source=hirstart&utm_medium=referral&utm_campaign=hiraggregator
9dfaa17c842c40ae47e8e41fef9da0a9c1d5b443ae9c916675ecf0b67561085f,2024-12-29 04:27:56.915155+00:00,hu,feol.hu,feol.hu,2022-02-12,AM: az erdő a legjobb eszköz a klímaváltozás negatív hatásai ellen,https://www.feol.hu/hazai-gazdasag/2022/02/am-az-erdo-a-legjobb-eszkoz-a-klimavaltozas-negativ-hatasai-ellen?utm_source=hirstart&utm_medium=referral&utm_campaign=hiraggregator
d17eabf0987d798a244916dbba39a8e126944ad6439e8cfb03eda800d31dbcd0,2024-12-29 04:27:55.734684+00:00,hu,veol.hu,veol.hu,2022-02-12,AM: az erdő a legjobb eszköz a klímaváltozás negatív hatásai ellen,https://www.veol.hu/hazai-gazdasag/2022/02/am-az-erdo-a-legjobb-eszkoz-a-klimavaltozas-negativ-hatasai-ellen?utm_source=hirstart&utm_medium=referral&utm_campaign=hiraggregator
8d98099bcec92b6fb77160cbc0d23df2e8c11fe68738044d9f75fe43ea8dd4c1,2024-12-27 21:10:50.777987+00:00,hu,origo.hu,origo.hu,2022-02-23,Sci-fibe illő módszerekkel mentenék meg a vadon élő állatokat,https://www.origo.hu/tudomany/20220223-igy-segithet-a-mesterseges-intelligencia-a-vadon-elo-allatok-megmenteseben.html
7c22fc75dfbaea18422b36e6d9bfa3acc5a95b562070121f944f35ef434a5719,2024-12-23 07:24:29.825443+00:00,hu,zaol.hu,zaol.hu,2022-03-23,Húszéves az Őrségi Nemzeti Park Igazgatóság,https://www.zaol.hu/helyi-kozelet/2022/03/huszeves-az-orsegi-nemzeti-park-igazgatosag?utm_source=hirstart&utm_medium=referral&utm_campaign=hiraggregator
9ecc6ed590728054bf8a3b21f28cc6cba079caea35d607bb691f89a2832a32bc,2024-12-15 05:50:15.709645+00:00,hu,24.hu,24.hu,2022-04-21,Nem mindig segítik a biodiverzitást a védett területek,https://24.hu/tudomany/2022/04/21/biodiverzitas-vedett-teruletek-nemzeti-parkok/
6183103c804471fd9e2cca7235cd55a90170fe9bf3f313753f99c1f3f4c6e8af,2024-12-15 05:37:48.666814+00:00,hu,portfolio.hu,portfolio.hu,2022-04-21,Koronavírus előtt és most: a járvány átalakította még az utazásainkat is,https://www.portfolio.hu/krtk/20220421/koronavirus-elott-es-most-a-jarvany-atalakitotta-meg-az-utazasainkat-is-540257
481669130c58ae8631139c961391f7f29f4589b0ea4f412e3022af212ab4d155,2024-12-06 13:27:08.888397+00:00,hu,origo.hu,origo.hu,2024-12-06,Aggasztó kérdéseket vet fel a szürke farkasok védelme Európában,https://www.origo.hu/tudomany/2024/12/szurke-farkasok-vedelme-europaban
296cf3b690393d3bad6748147b54dbc7970aa0cd6a85276b6454576b34cc5363,2024-12-02 00:54:25.864701+00:00,hu,boon.hu,boon.hu,2020-01-11,Klímavédelmi munkacsoport,https://boon.hu/kozelet/helyi-kozelet/klimavedelmi-munkacsoport-4002276/
7d2c5938aeff2694aa90ac4b05d30c0f9d59d337a151431bfd399e463ed51765,2024-11-29 14:30:28.836402+00:00,hu,pestisracok.hu,pestisracok.hu,2020-01-31,Negyvenezer hektárnyi vizes élőhely újult meg,https://pestisracok.hu/negyvenezer-hektarnyi-vizes-elohely-ujult-meg/
839fcfcea6f9e170a71f7d6cb148aa601810f7540ddc4eb67218d722f2a76f37,2024-11-25 15:57:25.869808+00:00,hu,magyarnemzet.hu,magyarnemzet.hu,2020-03-03,Vadvilág napot rendeznek a budapesti állatkertben,https://magyarnemzet.hu/belfold/vadvilag-napot-rendeznek-a-budapesti-allatkertben-7842947/
219b8334164f22cc1f4c6fc3fad5e140f15559538994708dc05df52711f79176,2024-11-21 10:50:38.037948+00:00,hu,index.hu,index.hu,2020-03-29,"Az egész táj üres, halott",https://index.hu/techtud/2020/03/29/tnt_podcast_magyar_madartani_es_termeszetvedelmi_egyesulet_orban_zoltan/
eb1909bde8d65bd17fd21db8406557b5345a3f7e179aa60be05e905db4a29edd,2024-11-18 15:16:27.608408+00:00,hu,hvg.hu,hvg.hu,2020-04-17,A koronavírus-járvány miatt egyre gyakoribb az orvvadászat,http://hvg.hu/gazdasag.zhvg/20200416_koronavirus_jarvany_orvvadaszat_veszelyeztetett_fajok#rss
9de99cdd72d8171c97610e24ce1438e8042182dd487a60e5872d9551940267d9,2024-11-18 09:39:00.922846+00:00,hu,index.hu,index.hu,2020-04-19,"A kopárnak tartott Görögországban több erdő van, mint Magyarországon",https://index.hu/kulfold/eurologus/2020/04/19/erdosites_kozos_politika_nelkul_nem_latszik_a_faktol_az_erdo/
779d283a01e6ab67b4da0f7597d6b34881e14e06c71b4994b8183916faa7dc42,2024-11-14 04:22:30.047576+00:00,hu,magyarnemzet.hu,magyarnemzet.hu,2020-05-22,Magyarország kiemelkedő természeti értékekkel rendelkezik,https://magyarnemzet.hu/mozaik/magyarorszag-kiemelkedo-termeszeti-ertekekkel-rendelkezik-8149706/
f4b44c680d2857658e8e170ab492fa38760b789e91812b9b8dbc27bb97a70793,2024-11-13 14:16:23.801468+00:00,hu,444.hu,444.hu,2020-05-27,Méhkaptárakat telepítenek a szlovák elnöki palota kertjébe,https://444.hu/2020/05/27/mehkaptarakat-telepitenek-a-szlovak-elnoki-palota-kertjebe
482855621089efaa1b549f864de731242ea72350c362f5ea91affcace60d800d,2024-11-13 04:56:52.315682+00:00,hu,vaol.hu,vaol.hu,2020-05-30,"A járvány sok embernek átrendezte az életét, a gondolkodását – Dr. Székely Jánossal beszélgettünk",https://www.vaol.hu/kozelet/helyi-kozelet/a-jarvany-sok-embernek-atrendezte-az-eletet-a-gondolkodasat-dr-szekely-janossal-beszelgettunk-4014990/
75309bf6847d5fead216f47a03dd8911ea8e2fa318146797f2d1bd162b909d10,2024-11-12 18:29:14.313950+00:00,hu,hvg.hu,hvg.hu,2024-11-12,"Magyarország mindössze 2 százaléka olyan hely, amilyennek lennie kellene",https://hvg.hu/elet/20241112_biodiverzitas-termeszetvedelem#rss
7eb4b3ee69c0c4fc11208a0ff28179b482d76e0ea813db1fa99742b82102163f,2024-11-12 13:53:40.141660+00:00,hu,24.hu,24.hu,2020-06-07,"Európa 30 milliárd eurót áldoz a természetre, ha elfogadjuk",https://24.hu/tudomany/2020/06/07/eu-biodiverzitas-farm-to-fork-mezogazdasag-strategia-baldi-andras-okologia/
2739ea743d16d0febf7124c142efa6f4e1e3c8f1658226fa9704a5c9ad5b5a25,2024-11-12 11:16:06.971574+00:00,hu,24.hu,24.hu,2020-06-09,"Az erdők nélkül elpusztulnak a beporzók, mi pedig éhen halunk",https://24.hu/tudomany/2020/06/09/erdo-beporzok-mehek-biodiverzitas-kornyezet/
9d0a99de1b1ac673677deeffad5986e902d9a8d1800c211e566f16921a37774a,2024-11-12 07:13:17.239329+00:00,hu,hvg.hu,hvg.hu,2020-06-11,Megelőzné a következő járványt? Mondjon le a pálmaolajról!,http://hvg.hu/elet/20200611_Okologus_uj_normalis_aszalos_reka_biodiverzitas_kornyezetvedelem#rss
ebc092f824f84609e8b6a4f47796fc568bc55bf4d586da77220e6aa4ee5090aa,2024-11-12 00:50:17.590985+00:00,hu,infostart.hu,infostart.hu,2020-06-16,Alaptörvény-ellenes az erdőtörvény 2017-es módosítása,https://infostart.hu/belfold/2020/06/16/megsemmisitette-az-alkotmanybirosag-az-erdotorveny-2017-es-modositasanak-tobb-rendelkezeset
8eb6f1b83380696e020214266594a5531091252dacad23f33aa45c3ace677c36,2024-11-11 08:19:52.461461+00:00,hu,zaol.hu,zaol.hu,2020-06-28,Természetesebb erdők – Egyre fontosabb a közjóléti szempontok érvényesítése is,https://www.zaol.hu/eletstilus/helyi-eletstilus/termeszetesebb-erdok-egyre-fontosabb-a-kozjoleti-szempontok-ervenyesitese-is-4297601/
3aea7d0793b8e2b20965a2dcd420720e07fcbc70d9af69b4eb4e043bad5bcc46,2024-11-10 15:33:10.990070+00:00,hu,hvg.hu,hvg.hu,2020-07-09,"A gazdaságnak is jót tenne, ha természetvédelmi terület lenne a Föld a harmada",http://hvg.hu/gazdasag.zhvg/20200709_termeszetvedelem_gazdasag_klimavaltozas_ocean_szarazfold#rss
fd92db8909ce5f4f506413282409a137ff832cd66124908a6528d4284cb89756,2024-11-10 00:51:15.665088+00:00,hu,hirtv.hu,hirtv.hu,2020-07-17,Afrika biológiai sokféleségére és vadvédelmére is fenyegetést jelent a járvány,http://hirtv.hu/hirtvkulfold/afrika-biologiai-sokfelesegere-es-vadvedelmere-is-fenyegetest-jelent-a-jarvany-2505305?utm_source=feed&utm_medium=rss
6c8b5ef5387da1ebdc189d40a3a542e5a903fa84f2788da35dd8f90962982467,2024-11-09 23:48:55.798861+00:00,hu,nepszava.hu,nepszava.hu,2020-07-18,Afrika vadvédelmére is fenyegetést jelent a járvány,https://nepszava.hu/3085396_afrika-vadvedelmere-is-fenyegetest-jelent-a-jarvany
c1b5e24e82c3e718089986b09724ba1ba2bf10354ed2b7f9b1deae15c07d14a3,2024-11-09 21:38:49.509230+00:00,hu,nepszava.hu,nepszava.hu,2020-07-20,Hibrid delfinbébit mutattak be Japánban,https://nepszava.hu/3085536_hibrid-delfinbebit-mutattak-be-japanban
2403843337a98de0748a7805898732540304440392391f2dd116060d2348d572,2024-11-09 10:21:57.172571+00:00,hu,portfolio.hu,portfolio.hu,2024-11-09,Újranyitják civilizációnk szimbólumát: a Notre-Dame és a normandiai tölgyfák története,https://www.portfolio.hu/ingatlan/20241109/ujranyitjak-civilizacionk-szimbolumat-a-notre-dame-es-a-normandiai-tolgyfak-tortenete-721931
801043c7d600f7b7dc0f6ce193ef7c3f5ee85b0ca880df36b0120e6d5f8f6143,2024-11-09 06:24:41.031536+00:00,hu,heol.hu,heol.hu,2020-08-02,Szeptemberben rendezik meg a Nemzetközi Természet- és Környezetvédelmi Fesztivált,https://www.heol.hu/eletstilus/szeptemberben-rendezik-meg-a-nemzetkozi-termeszet-es-kornyezetvedelmi-fesztivalt-2712626/
34f773e4a2465f20851bb30032646d2916debed7d0229a4f3336b7da9cdf6e2b,2024-11-09 06:24:38.836010+00:00,hu,sonline.hu,sonline.hu,2020-08-02,Szeptemberben rendezik meg a Nemzetközi Természet- és Környezetvédelmi Fesztivált,https://www.sonline.hu/eletstilus/szeptemberben-rendezik-meg-a-nemzetkozi-termeszet-es-kornyezetvedelmi-fesztivalt-3113498/
40292c6496b4954bc07509911cd4179e17146b4974b525c5f3dd69942b8df21b,2024-11-09 06:24:34.733080+00:00,hu,szon.hu,szon.hu,2020-08-02,Szeptemberben rendezik meg a Nemzetközi Természet- és Környezetvédelmi Fesztivált,https://szon.hu/eletstilus/szeptemberben-rendezik-meg-a-nemzetkozi-termeszet-es-kornyezetvedelmi-fesztivalt-4079927/
c79353439223af241d59d7c577396008d8b66c69f8e2d203df69523725e450c8,2024-11-09 06:24:29.945612+00:00,hu,baon.hu,baon.hu,2020-08-02,Szeptemberben rendezik meg a Nemzetközi Természet- és Környezetvédelmi Fesztivált,https://www.baon.hu/eletstilus/szeptemberben-rendezik-meg-a-nemzetkozi-termeszet-es-kornyezetvedelmi-fesztivalt-2883131/
aff959da6c37b2294eb355b572fbaed5a395765ad022b6220605812c2d355905,2024-11-09 06:24:28.124693+00:00,hu,duol.hu,duol.hu,2020-08-02,Szeptemberben rendezik meg a Nemzetközi Természet- és Környezetvédelmi Fesztivált,https://www.duol.hu/eletstilus/szeptemberben-rendezik-meg-a-nemzetkozi-termeszet-es-kornyezetvedelmi-fesztivalt-3739211/
47f4fbab4c4bf330be26a2878e7480a988363579c91217c7511609ca308f1417,2024-11-09 06:24:20.665918+00:00,hu,veol.hu,veol.hu,2020-08-02,Szeptemberben rendezik meg a Nemzetközi Természet- és Környezetvédelmi Fesztivált,https://www.veol.hu/eletstilus/szeptemberben-rendezik-meg-a-nemzetkozi-termeszet-es-kornyezetvedelmi-fesztivalt-3939416/
274a1add0ba12e9133ed9e549c0c7483fe4299338cc594ed114876abf62bfde0,2024-11-09 06:24:13.797826+00:00,hu,boon.hu,boon.hu,2020-08-02,Szeptemberben rendezik meg a Nemzetközi Természet- és Környezetvédelmi Fesztivált,https://boon.hu/eletstilus/szeptemberben-rendezik-meg-a-nemzetkozi-termeszet-es-kornyezetvedelmi-fesztivalt-4440167/
cd051f7404179f0b051221ee4e93fd287ae30363f9a9ba2e7d15412ba3e519f4,2024-11-09 06:24:10.533481+00:00,hu,teol.hu,teol.hu,2020-08-02,Szeptemberben rendezik meg a Nemzetközi Természet- és Környezetvédelmi Fesztivált,https://www.teol.hu/eletstilus/szeptemberben-rendezik-meg-a-nemzetkozi-termeszet-es-kornyezetvedelmi-fesztivalt-2622818/
1bf1787f0bea77aafa05f5a62ab6e7f16901dabbc3a17409a6c5f6d0837ef272,2024-11-09 06:24:09.902007+00:00,hu,beol.hu,beol.hu,2020-08-02,Szeptemberben rendezik meg a Nemzetközi Természet- és Környezetvédelmi Fesztivált,https://www.beol.hu/eletstilus/szeptemberben-rendezik-meg-a-nemzetkozi-termeszet-es-kornyezetvedelmi-fesztivalt-2931971/
2b3021e27bb84cb57f6c16c07caee6b48890e36ea99081b1d9d9efa6e999472b,2024-11-09 06:23:41.876320+00:00,hu,kisalfold.hu,kisalfold.hu,2020-08-02,Szeptemberben rendezik meg a Nemzetközi Természet- és Környezetvédelmi Fesztivált,https://www.kisalfold.hu/eletstilus/szeptemberben-rendezik-meg-a-nemzetkozi-termeszet-es-kornyezetvedelmi-fesztivalt-10103405/?utm_source=rssfeed
ff6a09d029b260012042fe6c2c3da408a6d0779c4e17e1203559c4abcd45b975,2024-11-09 06:22:19.499870+00:00,hu,haon.hu,haon.hu,2020-08-02,Szeptemberben rendezik meg a Nemzetközi Természet- és Környezetvédelmi Fesztivált,https://haon.hu/eletstilus/szeptemberben-rendezik-meg-a-nemzetkozi-termeszet-es-kornyezetvedelmi-fesztivalt-4234379/
fcaa12df7425bad3dfde849ea208e7a448c30f8ee3775324863828bcc992a1a0,2024-11-09 06:22:14.934660+00:00,hu,bama.hu,bama.hu,2020-08-02,Szeptemberben rendezik meg a Nemzetközi Természet- és Környezetvédelmi Fesztivált,https://www.bama.hu/eletstilus/szeptemberben-rendezik-meg-a-nemzetkozi-termeszet-es-kornyezetvedelmi-fesztivalt-2717267/
7a861b2d8740c1b60ae283ccdb968d92403d75ec5a3f8565ebadcc5f2617507b,2024-11-09 06:21:59.404739+00:00,hu,delmagyar.hu,delmagyar.hu,2020-08-02,Szeptemberben rendezik meg a Nemzetközi Természet- és Környezetvédelmi Fesztivált,https://www.delmagyar.hu/eletstilus/szeptemberben-rendezik-meg-a-nemzetkozi-termeszet-es-kornyezetvedelmi-fesztivalt-6683115/?utm_source=rssfeed
c458637ce19e6bb313b3c94202b2d731099bf8a1c98ef2ff8a82d969424303b9,2024-11-09 06:13:48.893273+00:00,hu,szoljon.hu,szoljon.hu,2020-08-02,Szeptemberben rendezik meg a Nemzetközi Természet- és Környezetvédelmi Fesztivált,https://www.szoljon.hu/eletstilus/szeptemberben-rendezik-meg-a-nemzetkozi-termeszet-es-kornyezetvedelmi-fesztivalt-2568554/
a56cb13b581ebf557889a857b02c5a8e7d4daf5d53d90ab0a2cb915ae31c69da,2024-11-06 15:27:47.390996+00:00,hu,magyarnemzet.hu,magyarnemzet.hu,2024-11-06,A körforgásos gazdaság lehet a kiút a fenntarthatatlan gazdálkodásból,https://magyarnemzet.hu/gazdasag/2024/11/a-korforgasos-gazdasag-lehet-a-kiut-a-fenntarthatatlan-gazdalkodasbol?utm_source=hirstart&utm_medium=referral&utm_campaign=hiraggregator
9a724c74148640f8439a0e145a1df33424ef34fd906e0e4ae5c6ceb55ccc0990,2024-11-05 16:31:11.729869+00:00,hu,hvg.hu,hvg.hu,2024-11-05,"A közpénzt már sajnálják rá, magántőkéből remélik megóvni a Föld természetes élőhelyeit",https://hvg.hu/gazdasag/20241105_cop16-fajkihalas-megakadalyozasa-biodiverzitas-bioszfera-termeszetes-elohelyek-vedelme-ensz#rss
6ded42ed17a991c05d7e453319ac3c6b88ff111211654f380b1ad5ac154c8ae1,2024-11-01 17:35:18.157155+00:00,hu,napi.hu,napi.hu,2021-12-16,"Váralanul módosított a parlament, a védett erdőkkel is lehet üzletelni",https://www.napi.hu/magyar-gazdasag/wwf-termeszetvedelem-agrarminiszter-ader-janos-erdogazdasag-eladas-nemzeti-park.742318.html
c43b620035b101a97c0141f37121805e16c22f6cd0bec33cf43cdd9bdececeac,2024-11-01 17:26:55.170566+00:00,hu,magyarnarancs.hu,magyarnarancs.hu,2021-12-16,Figyelmeztet a WWF: veszélybe kerülhetnek az erdők egy elfogadott törvénymódosítás miatt,https://magyarnarancs.hu/belpol/figyelmeztet-a-wwf-veszelybe-kerulhetnek-az-erdok-egy-elfogadott-torvenymodositas-miatt-244469
4dfb6662b549be0b9c2bb323681d00f2ec8e6e118a880b464b2d197d1cc60c3c,2024-11-01 16:21:03.497966+00:00,hu,merce.hu,merce.hu,2021-12-16,Védett területek magánkézbe játszását könnyíti a titokban áttolt új törvénymódosítás « Mérce,https://merce.hu/2021/12/16/vedett-teruletek-magankezbe-jatszasat-konnyiti-a-titokban-attolt-uj-torvenymodositas/
67cd0624401f28cb88808faee0a4f3abf46aa125026a42ea45d7f688ad7ac869,2024-10-29 15:32:15.704721+00:00,hu,nepszava.hu,nepszava.hu,2024-10-29,"Európa felszíni vizeinek csupán egyharmada minősül jónak vagy annál jobb állapotúnak, Magyarország tavainak és folyóinak többsége közepes állapotú",https://nepszava.hu/3255650_europa-felszini-viz-szennyezes-pohar
59a8a542afa2cb9aa12b97064b2f98924becc164f03b2575c8057d74466d6dae,2024-10-29 15:32:03.799751+00:00,hu,nepszava.hu,nepszava.hu,2024-10-29,"Tiszta vizet öntenénk a pohárba, de nem lehet, Európa felszíni vizeinek csupán egyharmada minősül legalább jó állapotúnak",https://nepszava.hu/3255341_europa-felszini-viz-szennyezes-pohar
f3d0b12947a5821fa5509083ba19759405733fdfed1224f6927555c04698b42e,2024-10-25 12:39:06.028760+00:00,hu,haon.hu,haon.hu,2024-10-25,Még idén elkezdik felmérni Debrecen környezetének állapotát,https://www.haon.hu/helyi-kozelet/2024/10/biodiverzitas-debrecen-ellenorzo-rendszer?utm_source=hirstart&utm_medium=referral&utm_campaign=hiraggregator
2649c5c3b8cea71cc67a3f9c63ccfacb1d203c61b05f017dfe51d8f75df60753,2024-10-24 08:20:34.482164+00:00,hu,zaol.hu,zaol.hu,2024-10-24,Madárbarát települések: már lehet jelentkezni a pályázatra,https://www.zaol.hu/helyi-eletstilus/2024/10/madarbarat-telepulesek-palyazat?utm_source=hirstart&utm_medium=referral&utm_campaign=hiraggregator
9fd75856da12705d2cc0d000af1072452174217cd89f456591bdf8aaf5c52ba9,2024-10-24 01:35:27.304418+00:00,hu,hvg.hu,hvg.hu,2020-09-10,"WWF: Az életmódunkat is meg kell változtatni, hogy megakadályozzuk fajok kihalását",http://hvg.hu/gazdasag.zhvg/20200910_elo_bolygo_jelentes_wwf_biodiverzitas#rss
a0cdd51285fd2d4924b67951696bb5a339c2d416462e4002ea305d554e9e538d,2024-10-23 23:25:21.276362+00:00,hu,magyarhirlap.hu,magyarhirlap.hu,2020-08-20,"Áder János: Tudatosabban, körültekintőbben bánni környezetünkkel",https://www.magyarhirlap.hu/kronika/20200911-ader-janos-tudatosabban-korultekintobben-banni-kornyezetunkkel
4c685d036fbc73e83b41d6e4e5f604d40bf39b70f66d1a914172338b9ed43a3e,2024-10-23 23:23:02.441443+00:00,hu,hvg.hu,hvg.hu,2020-09-11,"Áder: Ha az ember élni akar, körültekintőbben kell bánnia a környezettel",http://hvg.hu/gazdasag.zhvg/20200911_ader_janos_kornyezetvedelem_biodiverzitas_nemzeti_parkok_kihalasi_hullam#rss
42d0e42f546970bf237d774ddde7663e3da1d711fec79be7592fba7395dc34cb,2024-10-23 23:21:50.079195+00:00,hu,duol.hu,duol.hu,2020-09-11,"Áder János: tudatosabban, körültekintőbben kell bánni környezetünkkel",https://www.duol.hu/eletstilus/ader-janos-tudatosabban-korultekintobben-kell-banni-kornyezetunkkel-3813212/
ed8a196a9cab41b07a7ddd55a0934d39016d2d30ee02be2c7ca1f9391bbc185e,2024-10-23 23:21:47.787631+00:00,hu,boon.hu,boon.hu,2020-09-11,"Áder János: tudatosabban, körültekintőbben kell bánni környezetünkkel",https://boon.hu/eletstilus/ader-janos-tudatosabban-korultekintobben-kell-banni-kornyezetunkkel-4544717/
bef2cd5c198e41ef609910faa3f5ef64c75b1159c5d88ea5a5870fdfc030ea14,2024-10-23 23:21:32.263077+00:00,hu,haon.hu,haon.hu,2020-09-11,"Áder János: tudatosabban, körültekintőbben kell bánni környezetünkkel",https://haon.hu/eletstilus/ader-janos-tudatosabban-korultekintobben-kell-banni-kornyezetunkkel-4341026/
33bd4e0000fb1bc131bd6bc475246f96dffbe7ba977704307db139d1b043f0ac,2024-10-23 23:20:51.458150+00:00,hu,szon.hu,szon.hu,2020-09-11,"Áder János: tudatosabban, körültekintőbben kell bánni környezetünkkel",https://szon.hu/eletstilus/ader-janos-tudatosabban-korultekintobben-kell-banni-kornyezetunkkel-4179554/
4abd8afd933f81b5a6bbe31aaa272d516fa13e993dacbd27cfbea74b38283887,2024-10-23 23:20:34.598630+00:00,hu,sonline.hu,sonline.hu,2020-09-11,"Áder János: tudatosabban, körültekintőbben kell bánni környezetünkkel",https://www.sonline.hu/eletstilus/ader-janos-tudatosabban-korultekintobben-kell-banni-kornyezetunkkel-3253736/
5dce14318070ffd8985455b3186462653fcf8fbf252cc950d7b3faee0ff12245,2024-10-23 23:20:28.440461+00:00,hu,bama.hu,bama.hu,2020-09-11,"Áder János: tudatosabban, körültekintőbben kell bánni környezetünkkel",https://www.bama.hu/eletstilus/ader-janos-tudatosabban-korultekintobben-kell-banni-kornyezetunkkel-2854172/
4bd12f8c6fc978ac9febd8c42180bb5afed03229d77a81e8e9640e4397148ffd,2024-10-23 23:20:26.476107+00:00,hu,szoljon.hu,szoljon.hu,2020-09-11,"Áder János: tudatosabban, körültekintőbben kell bánni környezetünkkel",https://www.szoljon.hu/eletstilus/ader-janos-tudatosabban-korultekintobben-kell-banni-kornyezetunkkel-2676404/
b9a0bcf1c475d0fe393a9e102e450ad60f78b909ec3254495211cefbe312c52b,2024-10-23 23:20:26.110472+00:00,hu,beol.hu,beol.hu,2020-09-11,"Áder János: tudatosabban, körültekintőbben kell bánni környezetünkkel",https://www.beol.hu/eletstilus/ader-janos-tudatosabban-korultekintobben-kell-banni-kornyezetunkkel-3034004/
58c9015fe5ec3ab3e622b6ad6171585a7d2d9cd33069cd9ebe50a7f83d267444,2024-10-23 23:20:15.103860+00:00,hu,pestisracok.hu,pestisracok.hu,2020-09-11,"Áder János: Tudatosabban, körültekintőbben bánni környezetünkkel",https://pestisracok.hu/ader-janos-tudatosabban-korultekintobben-banni-kornyezetunkkel/
756eb443a412d224e4a013e2ecd4182e09834041c1c005ecb03d07257f902a6c,2024-10-23 23:20:10.038824+00:00,hu,teol.hu,teol.hu,2020-09-11,"Áder János: tudatosabban, körültekintőbben kell bánni környezetünkkel",https://www.teol.hu/eletstilus/ader-janos-tudatosabban-korultekintobben-kell-banni-kornyezetunkkel-2755919/
637bac57c4893788f5f0cc2604b4c791480285b26d5d8a14ae3ff82e2b6c726e,2024-10-23 23:20:02.446283+00:00,hu,feol.hu,feol.hu,2020-09-11,"Áder János: tudatosabban, körültekintőbben kell bánni környezetünkkel",https://www.feol.hu/eletstilus/ader-janos-tudatosabban-korultekintobben-kell-banni-kornyezetunkkel-4274168/
d318f5e4aaad61cb49ffa41632559c9243f4f2dbc9c713b3c48c401b4ce1d088,2024-10-23 23:19:49.950585+00:00,hu,heol.hu,heol.hu,2020-09-11,"Áder János: tudatosabban, körültekintőbben kell bánni környezetünkkel",https://www.heol.hu/eletstilus/ader-janos-tudatosabban-korultekintobben-kell-banni-kornyezetunkkel-2845343/
e07274abdd62ae0678caf5e9b5904defe66848c30019c9e76e38aee4a5978429,2024-10-23 23:19:45.452381+00:00,hu,kisalfold.hu,kisalfold.hu,2020-09-11,"Áder János: tudatosabban, körültekintőbben kell bánni környezetünkkel",https://www.kisalfold.hu/eletstilus/ader-janos-tudatosabban-korultekintobben-kell-banni-kornyezetunkkel-10240172/
980c6f878993992e257b257ef1e138f26efc663b0af4871012e6cb35fa8e4c0f,2024-10-23 23:19:41.369068+00:00,hu,veol.hu,veol.hu,2020-09-11,"Áder János: tudatosabban, körültekintőbben kell bánni környezetünkkel",https://www.veol.hu/eletstilus/ader-janos-tudatosabban-korultekintobben-kell-banni-kornyezetunkkel-4031093/
7c67ae762e78c9485028398a68569f5578cc13bd24bc5107bb76291a99ea57a8,2024-10-23 23:18:45.739395+00:00,hu,delmagyar.hu,delmagyar.hu,2020-09-11,"Áder János: tudatosabban, körültekintőbben kell bánni környezetünkkel",https://www.delmagyar.hu/eletstilus/ader-janos-tudatosabban-korultekintobben-kell-banni-kornyezetunkkel-6810811/?utm_source=rssfeed
636fe97c4cb0ebf633e7ec525166d927204ff14b9c37fb9f9b03b9c20328bc1e,2024-10-23 23:18:13.723534+00:00,hu,hirtv.hu,hirtv.hu,2020-09-11,"Áder János: tudatosabban, körültekintőbben kell bánni környezetünkkel",http://hirtv.hu/ahirtvhirei/ader-janos-tudatosabban-korultekintobben-kell-banni-kornyezetunkkel-2508017?utm_source=feed&utm_medium=rss
9af2ffcbb84e36d0cdf913887ecdff54ff673113a1dad53c6e093d0ac10f18b9,2024-10-23 18:59:40.194804+00:00,hu,hvg.hu,hvg.hu,2020-09-14,"Leállt a kompközlekedés, visszatérnek a delfinek a Hongkong körüli vizekbe",http://hvg.hu/gazdasag.zhvg/20200914_Leallt_a_kompkozlekedes_visszaternek_a_delfinek_a_Hongkong_koruli_vizekbe#rss
65125c4972886311d3d54588e736ce7fecdb7a40fc24c9795bd7738e8d8f2b73,2024-10-23 17:53:39.105540+00:00,hu,boon.hu,boon.hu,2020-09-15,Áder János: a járványok egyharmada a Föld-használat változásához köthető,https://boon.hu/orszag-vilag/ader-janos-a-jarvanyok-egyharmada-a-fold-hasznalat-valtozasahoz-kotheto-4554071/
4abf9a640ebf84ca605a15493e6eff45ba22d3b055dab2b5c11a05cd0ad618f3,2024-10-23 17:53:22.298825+00:00,hu,haon.hu,haon.hu,2020-09-15,Áder János: a járványok egyharmada a Föld-használat változásához köthető,https://haon.hu/orszag-vilag/ader-janos-a-jarvanyok-egyharmada-a-fold-hasznalat-valtozasahoz-kotheto-4349672/
f449c5f5682c9c3a6a7a5200e6e5e5b485bee9aee25984519d9a3bd08f9f5204,2024-10-23 17:53:19.284506+00:00,hu,szon.hu,szon.hu,2020-09-15,Áder János: a járványok egyharmada a Föld-használat változásához köthető,https://szon.hu/orszag-vilag/ader-janos-a-jarvanyok-egyharmada-a-fold-hasznalat-valtozasahoz-kotheto-4187582/
adb64b5fa2020c2f622418e237bab4ae8e694986afbb334230722df14ee7ef1d,2024-10-23 17:53:06.020769+00:00,hu,sonline.hu,sonline.hu,2020-09-15,Áder János: a járványok egyharmada a Föld-használat változásához köthető,https://www.sonline.hu/orszag-vilag/ader-janos-a-jarvanyok-egyharmada-a-fold-hasznalat-valtozasahoz-kotheto-3266132/
0d709403237cd642282d146cbc62ca56086a4fcdfbb337d134dc99200d7cb4c5,2024-10-23 17:52:58.252811+00:00,hu,bama.hu,bama.hu,2020-09-15,Áder János: a járványok egyharmada a Föld-használat változásához köthető,https://www.bama.hu/orszag-vilag/ader-janos-a-jarvanyok-egyharmada-a-fold-hasznalat-valtozasahoz-kotheto-2863751/
88a2a9979ceaf5fd45db1af6ea8d89215b3644cc596e8ff2d0ebb5963bce4c82,2024-10-23 17:52:57.209887+00:00,hu,teol.hu,teol.hu,2020-09-15,Áder János: a járványok egyharmada a Föld-használat változásához köthető,https://www.teol.hu/orszag-vilag/ader-janos-a-jarvanyok-egyharmada-a-fold-hasznalat-valtozasahoz-kotheto-2768441/
1c0a92abb9d5000b69b02cb86cba3efc44d14a563311bde56c47590e1fcaeb29,2024-10-23 17:52:55.488223+00:00,hu,szoljon.hu,szoljon.hu,2020-09-15,Áder János: a járványok egyharmada a Föld-használat változásához köthető,https://www.szoljon.hu/orszag-vilag/ader-janos-a-jarvanyok-egyharmada-a-fold-hasznalat-valtozasahoz-kotheto-2685365/
1c780cefff909a4b4a0b9f2c59b68e64c8ea05b4bb43e2f9d3d987a540dee5c6,2024-10-23 17:52:53.866418+00:00,hu,feol.hu,feol.hu,2020-09-15,Áder János: a járványok egyharmada a Föld-használat változásához köthető,https://www.feol.hu/orszag-vilag/ader-janos-a-jarvanyok-egyharmada-a-fold-hasznalat-valtozasahoz-kotheto-4282937/
172cedda51a09c10613623b1edee8d9e5e5a6a9f2baddd48d57878130fe74098,2024-10-23 17:52:45.968232+00:00,hu,heol.hu,heol.hu,2020-09-15,Áder János: a járványok egyharmada a Föld-használat változásához köthető,https://www.heol.hu/orszag-vilag/ader-janos-a-jarvanyok-egyharmada-a-fold-hasznalat-valtozasahoz-kotheto-2856428/
a1d4e1d09a7e20f9c504ba557c0a1c83e86f89e3585fa718f596a58a5aea6307,2024-10-23 17:52:41.312787+00:00,hu,baon.hu,baon.hu,2020-09-15,Áder János: a járványok egyharmada a Föld-használat változásához köthető,https://www.baon.hu/orszag-vilag/ader-janos-a-jarvanyok-egyharmada-a-fold-hasznalat-valtozasahoz-kotheto-2987192/
71d533a51c67acbe13235ddb38222b9d73855a2702c26b15058b7f8316b1dc2b,2024-10-23 17:52:37.018750+00:00,hu,veol.hu,veol.hu,2020-09-15,Áder János: a járványok egyharmada a Föld-használat változásához köthető,https://www.veol.hu/orszag-vilag/ader-janos-a-jarvanyok-egyharmada-a-fold-hasznalat-valtozasahoz-kotheto-4039175/
6e7b628c6de76216d172356b5817e7c1daaeba9329528bbc6768ba958d3c9755,2024-10-23 17:52:32.467386+00:00,hu,duol.hu,duol.hu,2020-09-15,Áder János: a járványok egyharmada a Föld-használat változásához köthető,https://www.duol.hu/orszag-vilag/ader-janos-a-jarvanyok-egyharmada-a-fold-hasznalat-valtozasahoz-kotheto-3819803/
34010e4b29351bd6b75d8d70e3393432118ce00e2f7ba87b5b8afd7b32b2e29f,2024-10-23 17:52:31.431331+00:00,hu,delmagyar.hu,delmagyar.hu,2020-09-15,Áder János: a járványok egyharmada a Föld-használat változásához köthető,https://www.delmagyar.hu/orszag-vilag/ader-janos-a-jarvanyok-egyharmada-a-fold-hasznalat-valtozasahoz-kotheto-6821767/?utm_source=rssfeed
0ddadeb2b15d4f4c74220003461ec31afeaf588b36e100088cc57f4cd8194efa,2024-10-23 17:52:19.227971+00:00,hu,magyarnemzet.hu,magyarnemzet.hu,2020-09-15,Áder szerint a járványok egyharmada a Föld-használat változásához köthető,https://magyarnemzet.hu/belfold/ader-szerint-a-jarvanyok-egyharmada-a-fold-hasznalat-valtozasahoz-kotheto-8666853/
94a52f98dadc147cf4a7f44f976acd21c803c3e0b0339f96b76f9e92883221f5,2024-10-23 17:51:37.650532+00:00,hu,beol.hu,beol.hu,2020-09-15,Áder János: a járványok egyharmada a Föld-használat változásához köthető,https://www.beol.hu/orszag-vilag/ader-janos-a-jarvanyok-egyharmada-a-fold-hasznalat-valtozasahoz-kotheto-3043223/
562ff05f6aa7d27179355df78342066f1578d6e835c5cf327cd8f2e2d3d915c6,2024-10-23 17:46:14.278010+00:00,hu,atv.hu,atv.hu,2020-09-15,Áder: a járványok egy része a Föld-használat változásának köszönhető,http://www.atv.hu/belfold/20200915-ader-a-jarvanyok-egy-resze-a-fold-hasznalat-valtozasanak-koszonheto
3a470a6251b0e2e78f6996d69d6daa992f24b333dad15f4fa7695bd1d4e567b3,2024-10-23 17:35:45.913332+00:00,hu,infostart.hu,infostart.hu,2020-09-15,Áder János: a járványok egyharmada a Föld-használat változásához köthető,https://infostart.hu/belfold/2020/09/15/ader-janos-a-jarvanyok-egyharmada-a-fold-hasznalat-valtozasahoz-kotheto
cad41b3c005b8ff82abaeed0a0a85a7ef14c0fe76b002e023f29c2b54358ba5e,2024-10-23 11:33:48.500259+00:00,hu,veol.hu,veol.hu,2024-10-23,"Balaton száz év múlva: ökoturizmus, fehér homokos part (képgaléria",https://www.veol.hu/helyi-eletstilus/2024/10/balaton-szaz-ev-mulva?utm_source=hirstart&utm_medium=referral&utm_campaign=hiraggregator
82edc8c111ab1314d841da2b15f7fef9d17a9d8c93cd568a6d5e6e5fca3ec1bb,2024-10-23 10:02:17.946940+00:00,hu,infostart.hu,infostart.hu,2020-09-20,Megkönnyíti az erdőjárók dolgát a Fa Book,https://infostart.hu/belfold/2020/09/20/megkonnyiti-az-erdojarok-dolgat-a-fa-book
23c26d45a86cb8c94eca0f69dd35bb8a62e44590729e91b6a9176ec5cf20bac9,2024-10-22 19:16:30.778464+00:00,hu,hvg.hu,hvg.hu,2020-09-29,"David Attenborough megkongatta a vészharangot, hamarosan egymillió faj halhat ki",http://hvg.hu/tudomany/20200929_david_attenborough_ensz_fajok_kihalasa_termeszeti_katasztrofa#rss
26552da1023ace04cbb84057e550c7bc0a94fbd8a8029b9f16af3039017ab6d3,2024-10-22 19:01:09.994221+00:00,hu,blikk.hu,blikk.hu,2020-09-29,Szomorú és félelmetes dologra figyelmeztet David Attenborough,https://www.blikk.hu/aktualis/kulfold/kornyezetvedelem-klimavalsag-kihalas-pusztulas/v9cpvqs
cba330d32e098bd645cb0f252744198a7315eacf875f7ad61c7cd3f3dc46348b,2024-10-22 17:31:41.870493+00:00,hu,nepszava.hu,nepszava.hu,2020-09-30,Spanyolországban is delfineket kellett menteni,https://nepszava.hu/3093812_spanyolorszagban-is-delfineket-kellett-menteni
9a2336ad71b48123af9778813b3115ddfd83b05371ce503efc801ebdf3407f5b,2024-10-22 17:31:41.786450+00:00,hu,nepszava.hu,nepszava.hu,2020-09-30,Kihalás fenyegeti a növények 40 százalékát,https://nepszava.hu/3093816_kihalas-fenyegeti-a-novenyek-40-szazalekat
5d23cd19311a3f244c2f03c082e6fec53588ca95f9fa440cbaf26bb9b89fedda,2024-10-22 17:31:10.297130+00:00,hu,444.hu,444.hu,2020-09-30,"Ha beüt a válság, újra szükségünk lehet majd a pásztorok tudására",https://444.hu/2020/09/30/ha-beut-a-valsag-ujra-szuksegunk-lehet-majd-a-pasztorok-tudasara
e7710b593e1004795e9b545a1fb2035980339daae4e491cbf8a8cc0adf4c5789,2024-10-22 17:30:29.097788+00:00,hu,origo.hu,origo.hu,2020-09-30,A növények kétötödét kihalás fenyegeti,https://www.origo.hu/tudomany/20200930-a-novenyek-ketotodet-kihalas-fenyegeti-a-kutatok-szerint.html
499a3cb928e72a2139f6424888d531f6fff0db616f3a17b3de40c6c7794c6ad1,2024-10-22 14:18:45.815772+00:00,hu,24.hu,24.hu,2020-10-02,Tíz évet elvesztegetett az emberiség,https://24.hu/tudomany/2020/10/02/tiz-evet-elvesztegetett-az-emberiseg/
f5d63104225456471b94b521bb2542d66b8c457367ed52dcef63a67dbc8e8e12,2024-10-22 12:31:49.058532+00:00,hu,boon.hu,boon.hu,2020-10-03,Kihalás fenyegeti a növények kétötödét,https://boon.hu/egyperces/kihalas-fenyegeti-a-novenyek-ketotodet-4595047/
171d6681468891a957f31fe50766bb15661f0322d4d91489a4b20b5e0bc8ffda,2024-10-22 12:31:17.461870+00:00,hu,haon.hu,haon.hu,2020-10-03,Kihalás fenyegeti a növények kétötödét,https://haon.hu/egyperces/kihalas-fenyegeti-a-novenyek-ketotodet-4390207/
35641090f0b263901682b7aab0c95f73c9b3703007c1129860040ccbc0d3a77a,2024-10-22 12:30:45.079616+00:00,hu,szon.hu,szon.hu,2020-10-03,Kihalás fenyegeti a növények kétötödét,https://szon.hu/egyperces/kihalas-fenyegeti-a-novenyek-ketotodet-4226089/
f06514db22a76ee6d67942d430b92eabd938c5fe880dafab80ffc264f253ba0e,2024-10-22 12:30:32.504673+00:00,hu,teol.hu,teol.hu,2020-10-03,Kihalás fenyegeti a növények kétötödét,https://www.teol.hu/egyperces/kihalas-fenyegeti-a-novenyek-ketotodet-2812678/
ab214d63ab34fa0e66eacc697f200a59a2c53455f63406312b062b101aecdf35,2024-10-22 12:29:58.934493+00:00,hu,delmagyar.hu,delmagyar.hu,2020-10-03,Kihalás fenyegeti a növények kétötödét,https://www.delmagyar.hu/egyperces/kihalas-fenyegeti-a-novenyek-ketotodet-6871921/
8d745f42d1f5f309145a0d7bcf4ec19d3629239383a8aab668834db63753ece9,2024-10-22 12:29:46.889139+00:00,hu,bama.hu,bama.hu,2020-10-03,Kihalás fenyegeti a növények kétötödét,https://www.bama.hu/egyperces/kihalas-fenyegeti-a-novenyek-ketotodet-2902015/
0abc72dcc3d083d9133e20fb049eb4448985b478a8507a5b401b6b5f98ad45fa,2024-10-22 06:10:43.390859+00:00,hu,origo.hu,origo.hu,2020-10-07,"Ne csak beszéljünk róla, tegyünk is érte!  aktívan a fenntarthatóságért",https://www.origo.hu/gazdasag/20201007-ne-csak-beszeljunk-rola-tegyunk-is-erte-aktivan-a-fenntarthatosagert.html
084e8f82483e37c894079cbdca0c11063d99bddf9d486edfba95a9ba965920cb,2024-10-20 20:59:32.800722+00:00,hu,napi.hu,napi.hu,2020-10-27,A jövő év elején kerülhet az Országgyűlés elé az új nemzeti környezetvédelmi program,https://www.napi.hu/magyar_gazdasag/a_jovo_ev_elejen_kerulhet_az_orszaggyules_ele_az_uj_nemzeti_kornyezetvedelmi_program.716450.html
18b00907462390e6418af21fc4f7982818a6ec3ff660bb63f7fb42d46c32e9d0,2024-10-20 20:59:29.398016+00:00,hu,magyarnemzet.hu,magyarnemzet.hu,2020-10-27,Új környezetvédelmi programot terjesztenek az Országgyűlés elé,https://magyarnemzet.hu/belfold/uj-kornyezetvedelmi-programot-terjesztenek-az-orszaggyules-ele-8869001/
7c9b2305210e674ac7a77108f406aa845e2b33f1eb5049f2f5724383f96246fc,2024-10-19 23:38:02.940321+00:00,hu,merce.hu,merce.hu,2020-11-10,"„Az a szép zöld gyep, az fog nekem hiányozni, a gyep!” « Mérce",https://merce.hu/2020/11/10/az-a-szep-zold-gyep-az-fog-nekem-hianyozni-a-gyep/
adff5b291d8a623068ca247e1ed5bd6297606ecdefe10ad8b2886dfefcc82ac1,2024-10-19 15:14:38.982230+00:00,hu,index.hu,index.hu,2020-11-15,Miért kell Hongkongban is az őshonos magyar állat?,https://index.hu/techtud/2020/11/15/mit_keresnek_oshonos_magyar_allatok_hongkongban/
89590aa87bfd2305e12e28a96c1953323bd7e270b4642760faa593c4f4a9cc7a,2024-10-19 07:17:41.135338+00:00,hu,hvg.hu,hvg.hu,2020-11-20,"Nem csak a parlagfű miatt kell aggódnia, ha allergiás",http://hvg.hu/gazdasag.zhvg/20201120_biologiai_invazio_klimavaltozas_allergia_zhvg#rss
100e98565ac62029f2fa8748a991caee46af31b17962ae30817e3062e5583e14,2024-10-18 19:53:15.610634+00:00,hu,nepszava.hu,nepszava.hu,2020-11-28,"A magyar kormány gátolja az európai agrárium zöldítését – Interjú Rodics Katalinnal, a Greenpeace szakértőjével",https://nepszava.hu/3100932_a-magyar-kormany-gatolja-az-europai-agrarium-zolditeset--interju-rodics-katalinnal-a-greenpeace-szakertojevel
9753c7f9d3e515bde2be3de3960dec78cb5d08514f8d0dcf28a0ecd398f9d321,2024-10-18 19:28:17.363959+00:00,hu,nepszava.hu,nepszava.hu,2020-11-28,Megszállták a patikákat a magyarok,https://nepszava.hu/3100957_megszalltak-a-patikakat-a-magyarok
7955033f04d9aaa80cc7a5c9f2ee7d81feaac76be373b61debabb912a0752552,2024-10-18 18:21:23.937091+00:00,hu,nepszava.hu,nepszava.hu,2020-11-29,ITM: Egy éves autópálya-matrica megvételével letudható a pótdíj,https://nepszava.hu/3100998_itm-egy-eves-autopalya-matrica-megvetelevel-letudhato-a-potdij
b7fa152dc7c0c54990d60437ffe279a66a44e531ac86b0b988e433abdf958fe2,2024-10-17 18:27:11.728008+00:00,hu,pestisracok.hu,pestisracok.hu,2020-12-14,"Közösek a céljaink, de nem az agrárium lejáratása hozza el a zöldfordulatot – Nagy István a PS-nek reagált a Greenpeace vádjaira",https://pestisracok.hu/kozosek-a-celjaink-de-nem-az-agrarium-lejaratasa-hozza-el-a-zoldfordulatot-nagy-istvan-a-ps-nek-reagalt-a-greenpeace-vadjaira/
dab130b94e71679af51c0967b275e4973f086ebee8d9c13a9ea319324df9e921,2024-10-17 14:12:04.927137+00:00,hu,bama.hu,bama.hu,2020-12-16,„Elsődleges a természetvédelem szolgálata”,https://www.bama.hu/pr/elsodleges-a-termeszetvedelem-szolgalata-3427063/?utm_source=rss&utm_medium=referral&utm_campaign=hiraggregator
97f64a4c196095b783f2b7054a8fa7bea1227a5cadabf602622fe89354268db6,2024-10-17 09:31:33.503978+00:00,hu,heol.hu,heol.hu,2024-10-17,Örökbe fogadták a Bükk két tanösvényét,https://www.heol.hu/helyi-kozelet/2024/10/orokbe-fogadtak-a-bukk-ket-tanosvenyet?utm_source=hirstart&utm_medium=referral&utm_campaign=hiraggregator
06ce9df6f14c2797555f6257b2742e16b91c19fd914ac9b360cfe6ee18547e09,2024-10-14 11:40:22.409930+00:00,hu,blikk.hu,blikk.hu,2024-10-14,Felpezsdült az élet a magyar természetbarát napelemparkban,https://www.blikk.hu/ferfiaknak/tech/napelempark-es-biodiverzitas-fenntarthato-fejlodes-a-regioban/hmh1p2f
f3b89f7b90b31aaf209e489efda36272cc545c0aedb86ded9f7d67ba58797dba,2024-10-13 04:18:57.925255+00:00,hu,delmagyar.hu,delmagyar.hu,2024-10-13,Banánfák az Alföldön? – Sirkó Zoltán előadással vár a könyvtárban,https://www.delmagyar.hu/helyi-kultura/2024/10/bananfa-eloadas-sirko-zoltan-hodmezovasarhely?utm_source=hirstart&utm_medium=referral&utm_campaign=hiraggregator
1b03273c36ffaf395cb6cf43c72a3fc5af6ac8758284b43781f4a6aa2a969f6c,2024-10-04 19:27:59.251314+00:00,hu,nepszava.hu,nepszava.hu,2024-10-04,"Vannak fekete foltok a növények térképén, a több tízezer ismeretlen faj nagy része kihalásra van ítélve",https://nepszava.hu/3252483_botanika-novenyfajok-elovilag-fold-vedelem
0c2283f9009a5b395088a8ffc31b97f22ac4e0994d8c946c829c9bfc33354644,2024-10-01 05:22:01.341936+00:00,hu,index.hu,index.hu,2024-10-01,"Áder János műsorában beszélt egy miniszter arról, hogyan verték át Brüsszelt",https://index.hu/belfold/2024/10/01/ader-janos-koztarsasagi-elnok-kek-bolygo-podcast-nagy-istvan-agrarminiszter-arviz-aszaly/
c89b4cf5c956d1f0c8ccda9fd4ac499d3bdf96a95728b9ca98b5301080615bdb,2024-09-24 19:23:31.410383+00:00,hu,index.hu,index.hu,2024-09-24,A folyók természetes kanyarulatainak visszaállítása oldhatja meg az árvízvédelmet?,https://index.hu/tudomany/2024/09/24/arviz-folyo-szabalyozas-kanyarulat-megoldas/
bb5ade2a62d85b3f66bda3d774f5209cc0792799447a3749c4b14a8dc8099952,2024-09-12 05:22:03.286181+00:00,hu,nepszava.hu,nepszava.hu,2024-09-12,Ontológia,https://nepszava.hu/3249756_ontologia
162fb44b595b6a89911038712c6e2b1ef550d2784e9d84f21945b2a2eb8c4d57,2024-09-09 14:41:20.684512+00:00,hu,24.hu,24.hu,2021-10-24,"Ezt kell tennünk, ha meg akarjuk védeni a Földet",https://24.hu/tudomany/2021/10/24/klimavaltozas-globalis-felmelegedes-termeszetvedelem-biodiverzitas-megoldasok-jovo/
2d6f686f44702e61bbc9b07d07898f29e68aa58f97870618267cb7f0d03591c4,2024-09-09 09:47:04.314534+00:00,hu,infostart.hu,infostart.hu,2021-10-27,Drámai adatokról beszélt Áder János,https://infostart.hu/belfold/2021/10/27/dramai-adatokrol-beszelt-ader-janos
4427fa295bffb302f922a1ea3f8506453bcaecaf22d78e40d30d5ff0780f4343,2024-09-08 01:54:28.567462+00:00,hu,24.hu,24.hu,2021-09-20,Az inváziós fajok ellen fegyver lehet a legeltetés,https://24.hu/tudomany/2021/09/20/legeltetes-szarvasmarha-invazios-fajok-okologia/
b66733e9e3dc398c6f593352874641d2e3ba843f8c100b775b7571669133c363,2024-09-08 01:52:47.047847+00:00,hu,origo.hu,origo.hu,2021-09-20,A legeltetés hatékony védelmet jelenthet az inváziós fásszárú fajok ellen,https://www.origo.hu/tudomany/20210920-a-legeltetes-hatekony-vedelmet-jelenthet-az-arterekben-terjedo-invazios-fasszaru-fajok-ellen-egy.html
dcde6c5f65c9191430c2dd5dc3815f2728dc3c7f691ddc36898ea0b1ba5fb646,2024-09-02 14:07:22.347618+00:00,hu,hvg.hu,hvg.hu,2021-05-03,Tizenhárom uniós ország már sorban áll a helyreállítási pénzért – Magyarország még nem,http://hvg.hu/eurologus/20210503_Tizenharom_unios_orszag_mar_sorban_all_a_helyreallitasi_penzert__Magyarorszag_meg_nem#rss
372ec79fa9d0438c71cf0ed1be2e52ceefaee26364f256efb476444ea5906d61,2024-09-02 13:56:38.021031+00:00,hu,portfolio.hu,portfolio.hu,2021-05-03,Kiüresítik a tájat az európai mezőgazdasági támogatások – Mit lehet tenni?,https://www.portfolio.hu/unios-forrasok/20210503/kiuresitik-a-tajat-az-europai-mezogazdasagi-tamogatasok-mit-lehet-tenni-481182
d56b923eb3145d3408727ddba0835b06007ea0db345268662cd9e5d437805f34,2024-09-02 05:31:39.861011+00:00,hu,nepszava.hu,nepszava.hu,2021-05-08,Sir David Attenborough 95,https://nepszava.hu/3119034_sir-david-attenborough-95
3c9e28723be9f1e0651cccbe3e41232ee4add5f3bdce56b2f21b39a77e1879e4,2024-09-02 05:27:12.517583+00:00,hu,nepszava.hu,nepszava.hu,2021-05-08,Bagolycsalád költözött a Diósgyőri várba,https://nepszava.hu/3118978_bagolycsalad-koltozott-a-diosgyori-varba
45df38b9f9f2b835dda13f605dbb67c735533aa465bf89ebaf06b498982f023d,2024-09-02 02:07:14.925472+00:00,hu,origo.hu,origo.hu,2021-05-10,Új erdőrezervátum a Pilisi Parkerdőben,https://www.origo.hu/tudomany/20210510-erdo.html
028e3af1d184b69efb8c7b4aad46e73529ea696f214a218d12ea9b7b2f1631d0,2024-09-01 02:25:53.943821+00:00,hu,hvg.hu,hvg.hu,2021-05-25,Árterek helyreállítása a vízi ökoszisztémák javulásáért,http://hvg.hu/brandcontent/20210524_Arterek_helyreallitasa_a_vizi_okoszisztemak_javulasaert_WWF_Magyarorszag#rss
dce9d7c4d4385a77f2da22d03eb3d80d9e283d301a12852406ffa16da3777030,2024-08-31 21:39:31.248130+00:00,hu,infostart.hu,infostart.hu,2021-05-29,"A világ korallzátonyainak fele már elpusztult, a többit most új módszerrel próbálják megmenteni",https://infostart.hu/tudomany/2021/05/29/a-vilag-korallzatonyainak-fele-mar-elpusztult-a-tobbit-most-uj-modszerrel-probaljak-megmenteni
92e6c2a7985f60686bfdd2977156a34d5bde343235753cb8203254f082ee8dfc,2024-08-31 20:27:00.132349+00:00,hu,magyarnarancs.hu,magyarnarancs.hu,2024-08-31,"Az állatkert igazgatója nem fogadja el, hogy a vegánok szerint az intézmény kizsákmányolja az állatokat",https://magyarnarancs.hu/belpol/az-allatkert-igazgatoja-nem-fogadja-el-hogy-a-veganok-szerint-az-intezmeny-kizsakmanyolja-az-allatokat-270664
4e715ad0eaf5a56b65248f49c6230b0f9851d192cafba99cfb5cca4587687610,2024-08-31 16:00:02.443705+00:00,hu,merce.hu,merce.hu,2021-06-02,"A Párbeszéd felszólítja Ádert, hogy védje meg a nagy tavakat « Mérce",https://merce.hu/2021/06/02/a-parbeszed-felszolitja-adert-hogy-vedje-meg-a-nagy-tavakat/
0232de213792968faefcd5f2bb3edad375528e07e72999b2d2c45f9db0e17bfb,2024-08-30 17:14:06.243994+00:00,hu,azonnali.hu,azonnali.hu,2021-06-17,"A magyarországi erdők negyede valójában nem is erdő, hanem akácültetvény",http://azonnali.hu/cikk/20210617_a-magyarorszagi-erdok-negyede-valojaban-nem-is-erdo-hanem-akacultetveny
ac77880a7ed788324be0e975d67c75dfbe7719def455344d33614b58b778d5a6,2024-08-30 13:34:42.677877+00:00,hu,delmagyar.hu,delmagyar.hu,2021-06-20,"Hiába szép, ha kiszorítja a sajátot",https://www.delmagyar.hu/kozelet/helyi-kozelet/hiaba-szep-ha-kiszoritja-a-sajatot-7653794/?utm_source=rss&utm_medium=referral&utm_campaign=hiraggregator
944cfa5d53e23a2eb34a5f5665e61a9e1573112ed60822783e5b8044e9f86fab,2024-08-29 21:15:58.866479+00:00,hu,infostart.hu,infostart.hu,2021-06-30,A portugál EU-elnökség mérlege: a reméltnél sokkal feszültebb félév,https://infostart.hu/kulfold/2021/06/30/a-portugal-eu-elnokseg-merlege-a-remeltnel-sokkal-feszultebb-felev
ad644868f2345991c07d3d044ddd00c97a8a0b00a26d92e054e4fb8074ee7335,2024-08-29 15:17:44.413779+00:00,hu,24.hu,24.hu,2021-07-05,"Már nincs elég időnk, hogy hagyjuk az erdőt egyedül dolgozni",https://24.hu/tudomany/2021/07/05/erdo-termeszet-oserdo-okologia/
b41dab87ee92ea47cf1581ab49596ae2f4d0af2d8c48aa72856e2c3b268f44b2,2024-08-28 13:22:36.164740+00:00,hu,vg.hu,vg.hu,2021-05-30,Magyar tiltakozás az uniós erdőgazdálkodási stratégia ellen,https://www.vg.hu/vilaggazdasag-magyar-gazdasag/2021/07/magyar-tiltakozas-az-unios-erdogazdalkodasi-strategia-ellen-2?utm_source=hirstart&utm_medium=referral&utm_campaign=hiraggregator
8ff68381b96d3e442effb983d74376b52c1882f9fc1d274378a13f426ca6b935,2024-08-27 11:28:57.479326+00:00,hu,azonnali.hu,azonnali.hu,2021-08-07,A szélsőjobboldal lehetséges jövője: így zöldült be egy észak-európai neonáci mozgalom,https://azonnali.hu/cikk/20210807_a-szelsojobboldal-lehetseges-jovoje-igy-zoldult-be-egy-eszak-europai-neonaci-mozgalom
4287939f255e60983853f6472300949be5312680504cfb9fb595d5b015fba564,2024-08-26 16:45:51.544543+00:00,hu,24.hu,24.hu,2021-08-21,Egyre több hazánkban a 20 kilós rágcsáló,https://24.hu/tudomany/2021/08/21/hod-ragas-elarasztas-konfliktus-termeszet-okologia/
ba1e7dbc01029d8f4fe715c150137c71113dc6540103c3855795e0a1b5c9df23,2024-08-24 10:39:32.773315+00:00,hu,nepszava.hu,nepszava.hu,2021-03-01,Csak aprópénz jut természetvédelemre,https://nepszava.hu/3111422_csak-apropenz-jut-termeszetvedelemre
c1502ee8c8fc7bbbddf760e543134009fe598d449f8de3b89d986f7ce3ed5faf,2024-08-24 10:36:48.468074+00:00,hu,nepszava.hu,nepszava.hu,2021-03-01,"362,51 forinton az euró",https://nepszava.hu/3111461_362-51-forinton-az-euro
cddcbe3bb40fa12ad9f1ab8cf94fe2888664f37d44e726254a9c6947f4064947,2024-08-24 10:20:27.276782+00:00,hu,nepszava.hu,nepszava.hu,2021-03-01,Nem aggályos Mészáros Lőrinc állami reklámozása,https://nepszava.hu/3111476_nem-aggalyos-meszaros-lorinc-allami-reklamozasa
797736147649ad51522e59c8bbfed036828a2f37184a82da89dea2c1d6f2f34a,2024-08-23 13:22:20.423406+00:00,hu,vg.hu,vg.hu,2024-08-23,"Jelentett az MBH Bank arról, mennyire működött fenntarthatóan",https://www.vg.hu/penzugy/2024/08/jelentett-az-mbh-bank-arrol-mennyire-mukodott-fenntarthatoan?utm_source=hirstart&utm_medium=referral&utm_campaign=hiraggregator
da13720ddf78fddb97c5855bb9dbe0f0fac9adba756fba53d871cf12f4c69990,2024-08-22 15:13:57.704103+00:00,hu,origo.hu,origo.hu,2021-03-17,Folytatódhat az emberiség egyik legnagyobb vállalkozásának megvalósítása,https://www.origo.hu/gazdasag/20210222-szahel-ovezet-sahara-nagy-zold-fal-gazdasag.html
2cd21d9374157d850ff85aacb0d0f6402788b869186ec7c38a289b9e3038a1bd,2024-08-22 12:17:56.891362+00:00,hu,infostart.hu,infostart.hu,2021-03-18,"Van egy vízi iparág, amely annyira szennyez, mint a légi közlekedés",https://infostart.hu/gazdasag/2021/03/18/van-egy-vizi-iparag-amely-annyira-szennyez-mint-a-legi-kozlekedes
212bb27ea0e94b3b457a96f7bde18228e4d79354312a94319ace79aba8572940,2024-08-22 11:15:05.714324+00:00,hu,boon.hu,boon.hu,2021-03-19,"A fenékhálós halászat is annyira szennyezi a levegőt, mint a repülés",https://boon.hu/egyperces/a-fenekhalos-halaszat-is-annyira-szennyezi-a-levegot-mint-a-repules-5294857/?utm_source=rss&utm_medium=referral&utm_campaign=hiraggregator
4e558b4b85649c04cfa0936e42ec8d88d43c5494aff8c918b8722023a3f6d7f6,2024-08-22 11:14:53.258238+00:00,hu,beol.hu,beol.hu,2021-03-19,"A fenékhálós halászat is annyira szennyezi a levegőt, mint a repülés",https://www.beol.hu/egyperces/a-fenekhalos-halaszat-is-annyira-szennyezi-a-levegot-mint-a-repules-3793861/?utm_source=rss&utm_medium=referral&utm_campaign=hiraggregator
ef0a0a004736dd4f9e6cf0fe4ca3122c6e105d41ad5d5369a5ad8240f86d576b,2024-08-22 11:14:48.235477+00:00,hu,haon.hu,haon.hu,2021-03-19,"A fenékhálós halászat is annyira szennyezi a levegőt, mint a repülés",https://haon.hu/egyperces/a-fenekhalos-halaszat-is-annyira-szennyezi-a-levegot-mint-a-repules-5097712/?utm_source=rss&utm_medium=referral&utm_campaign=hiraggregator
ba2fe058be827f56e0769570e92e47313dc50010ed32ef3432b98e54e45cccc6,2024-08-22 11:14:42.611922+00:00,hu,duol.hu,duol.hu,2021-03-19,"A fenékhálós halászat is annyira szennyezi a levegőt, mint a repülés",https://www.duol.hu/egyperces/a-fenekhalos-halaszat-is-annyira-szennyezi-a-levegot-mint-a-repules-4221394/?utm_source=rss&utm_medium=referral&utm_campaign=hiraggregator
6dc80b23e788cac2f72a764b076ccd19a5aa614d9b9c7d6cedb5b285acf609cc,2024-08-22 11:14:42.175714+00:00,hu,szoljon.hu,szoljon.hu,2021-03-19,"A fenékhálós halászat is annyira szennyezi a levegőt, mint a repülés",https://www.szoljon.hu/egyperces/a-fenekhalos-halaszat-is-annyira-szennyezi-a-levegot-mint-a-repules-3363826/?utm_source=rss&utm_medium=referral&utm_campaign=hiraggregator
4e00d56650c72032235074397863b04812f7909b447ecf4adf33377658c8c0a5,2024-08-22 11:14:36.660972+00:00,hu,szon.hu,szon.hu,2021-03-19,"A fenékhálós halászat is annyira szennyezi a levegőt, mint a repülés",https://szon.hu/egyperces/a-fenekhalos-halaszat-is-annyira-szennyezi-a-levegot-mint-a-repules-4916860/?utm_source=rss&utm_medium=referral&utm_campaign=hiraggregator
08778d2ef1073d5c924a34200ee910fecc786eb7aa14616a8bdb72279cb9a788,2024-08-22 11:14:35.468135+00:00,hu,feol.hu,feol.hu,2021-03-19,"A fenékhálós halászat is annyira szennyezi a levegőt, mint a repülés",https://www.feol.hu/egyperces/a-fenekhalos-halaszat-is-annyira-szennyezi-a-levegot-mint-a-repules-4772116/?utm_source=rss&utm_medium=referral&utm_campaign=hiraggregator
8824f147965f0ada473b72649d4d1311c22ca6bd96061890499f339bb847527e,2024-08-22 11:14:28.720613+00:00,hu,bama.hu,bama.hu,2021-03-19,"A fenékhálós halászat is annyira szennyezi a levegőt, mint a repülés",https://www.bama.hu/egyperces/a-fenekhalos-halaszat-is-annyira-szennyezi-a-levegot-mint-a-repules-3648403/
aee48d9c4938105245355968d66bd84aae621efed6701ab52b7ff85a7abef6fa,2024-08-22 11:14:23.403192+00:00,hu,teol.hu,teol.hu,2021-03-19,"A fenékhálós halászat is annyira szennyezi a levegőt, mint a repülés",https://www.teol.hu/egyperces/a-fenekhalos-halaszat-is-annyira-szennyezi-a-levegot-mint-a-repules-3555568/?utm_source=rss&utm_medium=referral&utm_campaign=hiraggregator
a025b7a0ac0456bbdd4969cd4d4e0a82455e43ec416d03e6af42565df55238ee,2024-08-22 11:13:38.847047+00:00,hu,delmagyar.hu,delmagyar.hu,2021-03-19,"A fenékhálós halászat is annyira szennyezi a levegőt, mint a repülés",https://www.delmagyar.hu/egyperces/a-fenekhalos-halaszat-is-annyira-szennyezi-a-levegot-mint-a-repules-7342198/?utm_source=rss&utm_medium=referral&utm_campaign=hiraggregator
709ed4c11c2b9e0503013a541f8239691b9289cace263935e4001c4561458274,2024-08-22 11:01:52.210466+00:00,hu,nepszava.hu,nepszava.hu,2021-03-19,Rövidül az alpesi hószezon,https://nepszava.hu/3113573_rovidul-az-alpesi-hoszezon
9093485b65944ae70e52ace2281bbe7296baa57a28dcbf4a1231573318c9fadc,2024-08-22 09:30:13.588318+00:00,hu,sonline.hu,sonline.hu,2024-08-22,A legzöldebb beruházás: a klímaváltozás ellen a természet helyreállításába fektet az MNB,https://www.sonline.hu/helyi-gazdasag/2024/08/a-legzoldebb-beruhazas-a-klimavaltozas-ellen-a-termeszet-helyreallitasaba-fektet-az-mnb?utm_source=hirstart&utm_medium=referral&utm_campaign=hiraggregator
0b365c85c24d86ad96ca120905a6f02c1dfcf495cae6ab72cb7ecc5756343dd9,2024-08-22 09:02:06.838829+00:00,hu,hvg.hu,hvg.hu,2021-03-20,"Most először feltérképezték az óceáni területeket, melyekkel odacsaphatunk a klímaváltozásnak",http://hvg.hu/tudomany/20210320_fenekhalos_halaszat_legszennyezes_repules#rss
ebd1fc7d14c9d267f653e0f70354f807d4b10c6be7d3822e7cc94ed5a61d8ec2,2024-08-20 13:59:55.490116+00:00,hu,napi.hu,napi.hu,2021-02-10,Jöhet az uniós pénz - az EP zöld utat adott a helyreállítási alapnak,https://www.napi.hu/nemzetkozi_gazdasag/rrf-helyreallitasi-alap-ep-eu-rendelet-unios-forras.723137.html
1378c43dc48be7e8a84041ece75cb60238a5334266c891f2426f14e5c5901e54,2024-08-19 16:43:24.028021+00:00,hu,portfolio.hu,portfolio.hu,2021-02-22,Csak mérhető célok és környezetvédelmi szempontok mentén szabad elosztani a rengeteg EU-s pénzt,https://www.portfolio.hu/unios-forrasok/20210222/csak-merheto-celok-es-kornyezetvedelmi-szempontok-menten-szabad-elosztani-a-rengeteg-eu-s-penzt-470906
4d29d4a03f800e1685279bee7de536170439f45119e7fb9ea371d8c0edf601d2,2024-08-17 16:43:40.716555+00:00,hu,infostart.hu,infostart.hu,2021-01-01,"Múzeumköltöztetés, országos riasztási őrség",https://infostart.hu/tudomany/2021/01/01/muzeumkoltoztetes-orszagos-riasztasi-orseg-kornyezetvedelmi-valtozasok-2020-bol
8b4a17d80b9cffa03249b8cbfd9d09f8193287ad682e2c293803cf103e3bc07c,2024-08-17 04:46:55.267330+00:00,hu,magyarnemzet.hu,magyarnemzet.hu,2021-01-09,"Védetté nyilvánították, majd feldúlták a tó környékét",https://magyarnemzet.hu/belfold/vedette-nyilvanitott-to-kornyeket-dulta-fel-a-fovaros-9202070/?utm_source=rss&utm_medium=referral&utm_campaign=hiraggregator
bf1a2fd709cec56312170222022a4c114a2e3f633eb0b7e48ba7ae13ca6be62b,2024-08-05 23:01:01.531126+00:00,hu,atlatszo.hu,atlatszo.hu,2021-12-21,Megint felülírta a gazdasági érdek a természetvédelmi szempontokat,https://atlatszo.hu/kornyezet/2021/12/21/megint-felulirta-a-gazdasagi-erdek-a-termeszetvedelmi-szempontokat/
842570cb441681bcd68ff77b6f1285bcd43e41af69fba63aa2f5e7b2580ee757,2024-08-01 07:08:29.562139+00:00,hu,origo.hu,origo.hu,2022-01-20,A biodiverzitás megőrzéséhez kevés a védett területek kiterjesztése,https://www.origo.hu/tudomany/20220120-a-biodiverzitas-megorzesehez-keves-a-vedett-teruletek-kiterjesztese-a-tudosok-szerint.html
8c9284fa25a397cc86816e17419161a9ac6fbadf46befce7ad295ea1c5cf68c8,2024-07-24 13:24:40.056110+00:00,hu,origo.hu,origo.hu,2024-07-24,"Vészesen fogy az idő, hogy megakadályozzunk egy súlyos katasztrófát",https://www.origo.hu/tudomany/2024/07/veszesen-fogy-az-ido-hogy-megakadalyozzunk-egy-sulyos-katasztrofat
55c4ce57d0082aea0121bd5ee2692a7bb383a922190b61f43b2da8e9668c620d,2024-07-10 15:24:35.374259+00:00,hu,szoljon.hu,szoljon.hu,2024-07-10,"Hamarosan kiderül, kik utazhatnak Brazíliába a nemzetközi csillagászati diákolimpiára",https://www.szoljon.hu/helyi-kozelet/2024/07/csillagaszati-diakolimpia-jaszbereny?utm_source=hirstart&utm_medium=referral&utm_campaign=hiraggregator
5defc6b0db220dc3e6186344ef73f70c5c158279db00bd523e7510a98e553f12,2024-07-05 19:30:11.770245+00:00,hu,baon.hu,baon.hu,2024-07-05,Természetvédelmi tábort szerveztek gyermekvédelmi gondoskodásban élő fiataloknak ÁGOTA Falván – galériával,https://www.baon.hu/helyi-kozelet/2024/07/termeszetvedelmi-tabor-agota-falva-tass-galeria?utm_source=hirstart&utm_medium=referral&utm_campaign=hiraggregator
33e9787c1bef6f85b9019e6feec8919dc10f8c67c1d5eefa9c332afe91ac1227,2024-05-17 05:17:57.785612+00:00,hu,pecsiujsag.hu,pecsiujsag.hu,2024-05-16,Szombaton kezdődik a Magyar Nemzeti Parkok Hete,https://www.pecsiujsag.hu/pecs/hir/helyi-hireink/szombaton-kezdodik-a-magyar-nemzeti-parkok-hete
6d8973567a19f05d50755f5f4573804482886f316d4f53f2abca55f716adc7a1,2024-05-11 00:05:24.800892+00:00,hu,merce.hu,merce.hu,2022-05-06,"Carlos Taibo: Kevesebből jobban élni csak akkor van értelme, ha előbb radikálisan újraosztottuk a javakat",https://merce.hu/2022/05/06/carlos-taibo-kevesebbol-jobban-elni-csak-akkor-van-ertelme-ha-elobb-radikalisan-ujraosztottuk-a-javakat/
14691016ae7064872f969b4d8e61d61f56ce45b75ca3a1cfa4cbd7bf0953faa9,2024-05-09 22:59:33.941085+00:00,hu,magyarnemzet.hu,magyarnemzet.hu,2022-05-21,Szomjas föld,https://magyarnemzet.hu/lugas-rovat/2022/05/szomjas-fold?utm_source=hirstart&utm_medium=referral&utm_campaign=hiraggregator
5080f926976878c3f57f46d310dd8728ac5b3cc629e114ee0ef675d40c393d4b,2024-05-09 21:22:16.333619+00:00,hu,infostart.hu,infostart.hu,2022-05-22,Átadták a Néprajzi Múzeum új épületét,https://infostart.hu/belfold/2022/05/22/atadtak-a-neprajzi-muzeum-uj-epuletet-a-nap-hirei
0b2bceb5e510a2a5c9ce10f7c4123e5e4363b40e4960d4d668efe85deceabba2,2024-05-09 20:26:42.557419+00:00,hu,demokrata.hu,demokrata.hu,2022-05-23,Áder János: fontos a biodiverzitás megőrzése,https://demokrata.hu/zold-jovo/ader-janos-fontos-a-biodiverzitas-megorzese-535534/
252a41774781a5488a65482893a3fd0a855cbc228738f8f174d1bcef012504d4,2024-05-09 20:03:17.542412+00:00,hu,sonline.hu,sonline.hu,2022-05-23,Áder János a biodiverzitás fontosságáról beszélgetett podcastjában,https://www.sonline.hu/egyperces/2022/05/ader-janos-a-biodiverzitas-fontossagarol-beszelgetett-podcastjaban?utm_source=hirstart&utm_medium=referral&utm_campaign=hiraggregator
20cc6f0e0f488ad0a5018da619e4e5a2bffe31929f7bd59b6b7e86a62800d6f8,2024-05-09 20:01:42.383327+00:00,hu,teol.hu,teol.hu,2022-05-23,Áder János a biodiverzitás fontosságáról beszélgetett podcastjában,https://www.teol.hu/egyperces/2022/05/ader-janos-a-biodiverzitas-fontossagarol-beszelgetett-podcastjaban?utm_source=hirstart&utm_medium=referral&utm_campaign=hiraggregator
15c1831438712f43ed87bf597bdcf30e9770acd219ed6b14955390395f7de09b,2024-05-09 20:01:33.175494+00:00,hu,szon.hu,szon.hu,2022-05-23,Áder János a biodiverzitás fontosságáról beszélgetett podcastjában,https://www.szon.hu/egyperces/2022/05/ader-janos-a-biodiverzitas-fontossagarol-beszelgetett-podcastjaban?utm_source=hirstart&utm_medium=referral&utm_campaign=hiraggregator
7da4ad9afce58affe4336aebf3d4031256d76f35e4f744ee3cea0d8da186d3ec,2024-05-09 20:01:30.352309+00:00,hu,heol.hu,heol.hu,2022-05-23,Áder János a biodiverzitás fontosságáról beszélgetett podcastjában,https://www.heol.hu/egyperces/2022/05/ader-janos-a-biodiverzitas-fontossagarol-beszelgetett-podcastjaban?utm_source=hirstart&utm_medium=referral&utm_campaign=hiraggregator
f1c9ecbfa915069949abbe529ec642e9fb571fd0a333585d1f8a4c60f81ea8cb,2024-05-09 20:00:45.688479+00:00,hu,kisalfold.hu,kisalfold.hu,2022-05-23,Áder János a biodiverzitás fontosságáról beszélgetett podcastjában,https://www.kisalfold.hu/egyperces/2022/05/ader-janos-a-biodiverzitas-fontossagarol-beszelgetett-podcastjaban?utm_source=hirstart&utm_medium=referral&utm_campaign=hiraggregator
23f81932a3c0f17942c1da0beb9ae0872067a00327f5d5648e7dbdb12f7191ee,2024-05-09 20:00:24.402711+00:00,hu,feol.hu,feol.hu,2022-05-23,Áder János a biodiverzitás fontosságáról beszélgetett podcastjában,https://www.feol.hu/egyperces/2022/05/ader-janos-a-biodiverzitas-fontossagarol-beszelgetett-podcastjaban?utm_source=hirstart&utm_medium=referral&utm_campaign=hiraggregator
8d1353ed374f78a22ee2a78fce21fc333839957714eb880dac46ae8be8bf930c,2024-05-09 20:00:10.215909+00:00,hu,duol.hu,duol.hu,2022-05-23,Áder János a biodiverzitás fontosságáról beszélgetett podcastjában,https://www.duol.hu/egyperces/2022/05/ader-janos-a-biodiverzitas-fontossagarol-beszelgetett-podcastjaban?utm_source=hirstart&utm_medium=referral&utm_campaign=hiraggregator
3a73741a3970bb5a5fe11354eebbe53a9371a4ec5d364438fe1c9bc1804efb8a,2024-05-09 20:00:02.613733+00:00,hu,baon.hu,baon.hu,2022-05-23,Áder János a biodiverzitás fontosságáról beszélgetett podcastjában,https://www.baon.hu/egyperces/2022/05/ader-janos-a-biodiverzitas-fontossagarol-beszelgetett-podcastjaban?utm_source=hirstart&utm_medium=referral&utm_campaign=hiraggregator
9acb60425d4b6c603da24baf11523b247aee8da76416d6ed8f97164d9b6f43f8,2024-05-09 19:59:57.187169+00:00,hu,veol.hu,veol.hu,2022-05-23,Áder János a biodiverzitás fontosságáról beszélgetett podcastjában,https://www.veol.hu/egyperces/2022/05/ader-janos-a-biodiverzitas-fontossagarol-beszelgetett-podcastjaban?utm_source=hirstart&utm_medium=referral&utm_campaign=hiraggregator
8e73212a3421df83a0ce1e1e142a3c14fa0a1ed34f390342ec59ad114dcf2e92,2024-05-09 19:59:39.963422+00:00,hu,vaol.hu,vaol.hu,2022-05-23,Áder János a biodiverzitás fontosságáról beszélgetett podcastjában,https://www.vaol.hu/egyperces/2022/05/ader-janos-a-biodiverzitas-fontossagarol-beszelgetett-podcastjaban?utm_source=hirstart&utm_medium=referral&utm_campaign=hiraggregator
a08b8296a7931183d0295ac499859a54ed7a091e422d418e91a33f73ea34e902,2024-05-09 19:59:38.056078+00:00,hu,beol.hu,beol.hu,2022-05-23,Áder János a biodiverzitás fontosságáról beszélgetett podcastjában,https://www.beol.hu/egyperces/2022/05/ader-janos-a-biodiverzitas-fontossagarol-beszelgetett-podcastjaban?utm_source=hirstart&utm_medium=referral&utm_campaign=hiraggregator
72885ead82ba2d7b4b2192d1aeec2188f01cdba9603736c24824f13093b6cba7,2024-05-09 19:59:17.606306+00:00,hu,haon.hu,haon.hu,2022-05-23,Áder János a biodiverzitás fontosságáról beszélgetett podcastjában,https://www.haon.hu/egyperces/2022/05/ader-janos-a-biodiverzitas-fontossagarol-beszelgetett-podcastjaban?utm_source=hirstart&utm_medium=referral&utm_campaign=hiraggregator
bdb162bf6f84e2318e3b2d1f09071bd1b2656d559ebaf7cea7108bc841a45418,2024-05-09 19:58:39.439873+00:00,hu,zaol.hu,zaol.hu,2022-05-23,Áder János a biodiverzitás fontosságáról beszélgetett podcastjában,https://www.zaol.hu/egyperces/2022/05/ader-janos-a-biodiverzitas-fontossagarol-beszelgetett-podcastjaban?utm_source=hirstart&utm_medium=referral&utm_campaign=hiraggregator
834144c0643a9d940950f8835d3460b6f574335ace861cdad888c3e366e91b33,2024-05-09 19:58:30.138123+00:00,hu,szoljon.hu,szoljon.hu,2022-05-23,Áder János a biodiverzitás fontosságáról beszélgetett podcastjában,https://www.szoljon.hu/egyperces/2022/05/ader-janos-a-biodiverzitas-fontossagarol-beszelgetett-podcastjaban?utm_source=hirstart&utm_medium=referral&utm_campaign=hiraggregator
9ad58ad092543e4250f16e90b664ab616a6961078c2a11c93c9e50212722a0e4,2024-05-09 19:58:13.535661+00:00,hu,boon.hu,boon.hu,2022-05-23,Áder János a biodiverzitás fontosságáról beszélgetett podcastjában,https://www.boon.hu/egyperces/2022/05/ader-janos-a-biodiverzitas-fontossagarol-beszelgetett-podcastjaban?utm_source=hirstart&utm_medium=referral&utm_campaign=hiraggregator
8d774d6731759082ca0a383900a88d692592fa075a98be11baa62d45f6467267,2024-05-09 19:58:10.381376+00:00,hu,bama.hu,bama.hu,2022-05-23,Áder János a biodiverzitás fontosságáról beszélgetett podcastjában,https://www.bama.hu/egyperces/2022/05/ader-janos-a-biodiverzitas-fontossagarol-beszelgetett-podcastjaban?utm_source=hirstart&utm_medium=referral&utm_campaign=hiraggregator
88b5c3b48d3a7ff7fe38cd65bb86d4ae03158a9884400804c291e91693a0d102,2024-05-09 19:41:09.944074+00:00,hu,delmagyar.hu,delmagyar.hu,2022-05-23,Áder János a biodiverzitás fontosságáról beszélgetett podcastjában,https://www.delmagyar.hu/egyperces/2022/05/ader-janos-a-biodiverzitas-fontossagarol-beszelgetett-podcastjaban?utm_source=hirstart&utm_medium=referral&utm_campaign=hiraggregator
da8601a0886fb247b13f43459319bd04c28d00e10bcf52442318bd7b8e5b38ec,2024-05-09 19:40:26.138041+00:00,hu,infostart.hu,infostart.hu,2022-05-23,Szakértő: a most zajló 6. kihalási hullám miatt önvédelemre kényszerül az emberiség,https://infostart.hu/tudomany/2022/05/23/szakerto-a-most-zajlo-6-kihalasi-hullam-miatt-onvedelemre-kenyszerul-az-emberiseg
3b437c12b34b7e47729aeae83f5796ee80db8969116274bffd6fa7d9245deb8f,2024-05-09 16:56:00.569308+00:00,hu,delmagyar.hu,delmagyar.hu,2022-05-24,Őrzik és fel is tárják a természeti értékeket,https://www.delmagyar.hu/vezeto-hirek/2022/05/orzik-es-fel-is-tarjak-a-termeszeti-ertekeket?utm_source=hirstart&utm_medium=referral&utm_campaign=hiraggregator
889c9ada3d76560a3aeb76a62dd3c5efe7d67844af6ef9ff7b52305a89719134,2024-05-09 09:12:36.763686+00:00,hu,origo.hu,origo.hu,2022-05-30,Idén is lajstromba vettük az ürgelyukakat több területünkön,https://www.origo.hu/tudomany/20220529-urge.html
49598de7a042973a0c172bfbe4d1c5681a514aec1d9a3a14900d79e7c62b0844,2024-05-08 23:42:06.233958+00:00,hu,demokrata.hu,demokrata.hu,2022-06-05,A génmegőrzéstől az aktív turizmusig,https://demokrata.hu/magyarorszag/a-genmegorzestol-az-aktiv-turizmusig-538870/
76bf6c947181fd10ec7dfe29108047e115042a55a311add455074558481c124d,2024-05-07 19:36:36.978919+00:00,hu,portfolio.hu,portfolio.hu,2022-06-22,Magyarország nem kér sivatagot!,https://www.portfolio.hu/uzlet/20220622/magyarorszag-nem-ker-sivatagot-megreformalnak-a-mezogazdasagi-tamogatasokat-a-termeszetvedok-552029
c48918a1e4a32a35273b00a3f8ef2ad53291b9d09d7bba08e1c2d905aea25259,2024-05-07 18:42:32.154366+00:00,hu,hirtv.hu,hirtv.hu,2022-06-22,A biológiai sokféleség védelmét sürgetik az Európai Bizottságnál a természetvédők,http://hirtv.hu/hirtvkulfold/a-biologiai-sokfeleseg-vedelmet-surgetik-az-europai-bizottsagnal-a-termeszetvedok-2547897?utm_source=feed&utm_medium=rss
ef24b7c21e580fbd90f70c7b7179227dd52a3ded2afe3c80cf48c246a14e935e,2024-05-07 17:07:22.226408+00:00,hu,origo.hu,origo.hu,2022-06-23,Helyet a természetnek!,https://www.origo.hu/tudomany/20220623-termeszetvedelem.html
d494f184657ebe76884540d17946008fdb45f58c03f3807ce62b9e210102ffd3,2024-05-07 12:17:14.669673+00:00,hu,origo.hu,origo.hu,2022-06-27,Az európai édesvízi biodiverzitás védelmi prioritásai,https://www.origo.hu/tudomany/20220627-biodiverzitas.html
071ec1087f88a8ee866072eb3888edbca3fec28f5eed70c574027f1b393c5292,2024-05-06 22:32:48.732620+00:00,hu,hirtv.hu,hirtv.hu,2022-07-06,Sokszínű Balaton-felvidék címmel hirdetnek fotópályázatot,http://hirtv.hu/hirtvszines/sokszinu-balaton-felvidek-cimmel-hirdetnek-fotopalyazatot-2549115?utm_source=feed&utm_medium=rss
9799bea3cd4443e3994ceb499f4299dbc97ae451fdefe88802e875fd613feef3,2024-05-06 22:26:40.319647+00:00,hu,origo.hu,origo.hu,2022-07-06,Bővült az Ökológiai Kutatóközpont dunai planktonmonitoring-programja,https://www.origo.hu/tudomany/20220706-uj-mintaveteli-ponttal-bovult-az-okologiai-kutatokozpont-dunai-planktonmonitoringprogramja.html
c9fa2a91c8dd0907eb7a1bfaa0b928eec33678f1e92ef23fddcb5834f9c2be92,2024-05-06 21:41:15.146132+00:00,hu,heol.hu,heol.hu,2022-07-07,Sokszínű Balaton-felvidék címmel hirdetnek fotópályázatot,https://www.heol.hu/hazai-kultura/2022/07/sokszinu-balaton-felvidek-cimmel-hirdetnek-fotopalyazatot?utm_source=hirstart&utm_medium=referral&utm_campaign=hiraggregator
79d82d95104e41da141a7f65b8d27accb88ec4c3a767f9d4ebff560587bd8424,2024-05-06 21:41:08.420425+00:00,hu,beol.hu,beol.hu,2022-07-07,Sokszínű Balaton-felvidék címmel hirdetnek fotópályázatot,https://www.beol.hu/hazai-kultura/2022/07/sokszinu-balaton-felvidek-cimmel-hirdetnek-fotopalyazatot?utm_source=hirstart&utm_medium=referral&utm_campaign=hiraggregator
2da6a2d74a5335e8d27fa6d03e3e026ce8e5798020a3fa4125e749bd455b2fd7,2024-05-06 21:41:07.944825+00:00,hu,duol.hu,duol.hu,2022-07-07,Sokszínű Balaton-felvidék címmel hirdetnek fotópályázatot,https://www.duol.hu/hazai-kultura/2022/07/sokszinu-balaton-felvidek-cimmel-hirdetnek-fotopalyazatot?utm_source=hirstart&utm_medium=referral&utm_campaign=hiraggregator
daf220925e6b4e992512d278c8ef81375d1f5c5e5dd3016ab90a6995b733bff5,2024-05-06 21:41:00.794264+00:00,hu,baon.hu,baon.hu,2022-07-07,Sokszínű Balaton-felvidék címmel hirdetnek fotópályázatot,https://www.baon.hu/hazai-kultura/2022/07/sokszinu-balaton-felvidek-cimmel-hirdetnek-fotopalyazatot?utm_source=hirstart&utm_medium=referral&utm_campaign=hiraggregator
3766d3cba1b7d3adf0364503b90d4bab1f722ae84a6d68cfd5f46d4abd89b62d,2024-05-06 21:40:50.332534+00:00,hu,haon.hu,haon.hu,2022-07-07,Sokszínű Balaton-felvidék címmel hirdetnek fotópályázatot,https://www.haon.hu/hazai-kultura/2022/07/sokszinu-balaton-felvidek-cimmel-hirdetnek-fotopalyazatot?utm_source=hirstart&utm_medium=referral&utm_campaign=hiraggregator
8b0b34d1053bc3a44d445f4bae4f15c0869dc7f315637bd5331b02297162a341,2024-05-06 21:40:32.809714+00:00,hu,veol.hu,veol.hu,2022-07-07,Sokszínű Balaton-felvidék címmel hirdetnek fotópályázatot,https://www.veol.hu/hazai-kultura/2022/07/sokszinu-balaton-felvidek-cimmel-hirdetnek-fotopalyazatot?utm_source=hirstart&utm_medium=referral&utm_campaign=hiraggregator
1f6080a58053a620ef1e7b36afa2ea01df56d835b1b5e755442a45c4b610c9b3,2024-05-06 21:40:27.351217+00:00,hu,sonline.hu,sonline.hu,2022-07-07,Sokszínű Balaton-felvidék címmel hirdetnek fotópályázatot,https://www.sonline.hu/hazai-kultura/2022/07/sokszinu-balaton-felvidek-cimmel-hirdetnek-fotopalyazatot?utm_source=hirstart&utm_medium=referral&utm_campaign=hiraggregator
41fcc02a36250e0bb720fb34d5bd416f8a7a71049c1ab899c0cae0150d21754d,2024-05-06 21:40:26.691166+00:00,hu,vaol.hu,vaol.hu,2022-07-07,Sokszínű Balaton-felvidék címmel hirdetnek fotópályázatot,https://www.vaol.hu/hazai-kultura/2022/07/sokszinu-balaton-felvidek-cimmel-hirdetnek-fotopalyazatot?utm_source=hirstart&utm_medium=referral&utm_campaign=hiraggregator
8d83ae561fa50e8258ef727710a4b30d439fef21cc2c2ff6ecce5e9c81e21b38,2024-05-06 21:40:22.155970+00:00,hu,szon.hu,szon.hu,2022-07-07,Sokszínű Balaton-felvidék címmel hirdetnek fotópályázatot,https://www.szon.hu/hazai-kultura/2022/07/sokszinu-balaton-felvidek-cimmel-hirdetnek-fotopalyazatot?utm_source=hirstart&utm_medium=referral&utm_campaign=hiraggregator
1ffacdebe8eeb1c304466c297b9de9a25b263c898651a9aefb151ffe0edfd755,2024-05-06 21:40:13.435770+00:00,hu,kisalfold.hu,kisalfold.hu,2022-07-07,Sokszínű Balaton-felvidék címmel hirdetnek fotópályázatot,https://www.kisalfold.hu/hazai-kultura/2022/07/sokszinu-balaton-felvidek-cimmel-hirdetnek-fotopalyazatot?utm_source=hirstart&utm_medium=referral&utm_campaign=hiraggregator
cb454b6d1c76064d555c72d53cdbb2d45588a1676ef85c01a9993a949929f425,2024-05-06 21:40:10.613282+00:00,hu,szoljon.hu,szoljon.hu,2022-07-07,Sokszínű Balaton-felvidék címmel hirdetnek fotópályázatot,https://www.szoljon.hu/hazai-kultura/2022/07/sokszinu-balaton-felvidek-cimmel-hirdetnek-fotopalyazatot?utm_source=hirstart&utm_medium=referral&utm_campaign=hiraggregator
976e26e67fe82540f1c08f8a2a5162a3e31f99db89969f93d9a7787cc542f0e0,2024-05-06 21:40:08.648759+00:00,hu,zaol.hu,zaol.hu,2022-07-07,Sokszínű Balaton-felvidék címmel hirdetnek fotópályázatot,https://www.zaol.hu/hazai-kultura/2022/07/sokszinu-balaton-felvidek-cimmel-hirdetnek-fotopalyazatot?utm_source=hirstart&utm_medium=referral&utm_campaign=hiraggregator
2d198528027c769e1bb4c476046fc01ff328d04527aa731f94fa3fd743067951,2024-05-06 21:40:08.482532+00:00,hu,teol.hu,teol.hu,2022-07-07,Sokszínű Balaton-felvidék címmel hirdetnek fotópályázatot,https://www.teol.hu/hazai-kultura/2022/07/sokszinu-balaton-felvidek-cimmel-hirdetnek-fotopalyazatot?utm_source=hirstart&utm_medium=referral&utm_campaign=hiraggregator
887cb31e7f68a43e6bb835dc628e72c50a82af86827dfd481f8c2253fc4c8fde,2024-05-06 21:40:06.343649+00:00,hu,feol.hu,feol.hu,2022-07-07,Sokszínű Balaton-felvidék címmel hirdetnek fotópályázatot,https://www.feol.hu/hazai-kultura/2022/07/sokszinu-balaton-felvidek-cimmel-hirdetnek-fotopalyazatot?utm_source=hirstart&utm_medium=referral&utm_campaign=hiraggregator
06db0885f69e35ac8d046c49ff61ac86d7e78cce9cef377aaa6e7d947e5005ad,2024-05-06 21:40:05.579512+00:00,hu,bama.hu,bama.hu,2022-07-07,Sokszínű Balaton-felvidék címmel hirdetnek fotópályázatot,https://www.bama.hu/hazai-kultura/2022/07/sokszinu-balaton-felvidek-cimmel-hirdetnek-fotopalyazatot?utm_source=hirstart&utm_medium=referral&utm_campaign=hiraggregator
1c9cf437591e0dc5359458805fb35d0832e0cd82b7139ef7f25095a1d66ee7ac,2024-05-06 21:40:05.165063+00:00,hu,boon.hu,boon.hu,2022-07-07,Sokszínű Balaton-felvidék címmel hirdetnek fotópályázatot,https://www.boon.hu/hazai-kultura/2022/07/sokszinu-balaton-felvidek-cimmel-hirdetnek-fotopalyazatot?utm_source=hirstart&utm_medium=referral&utm_campaign=hiraggregator
47f75063881646e0b5db82b1ebd4eb7dfc795047c2f579da77b0247ce4459a7f,2024-05-06 18:39:02.678054+00:00,hu,demokrata.hu,demokrata.hu,2022-07-08,Vízkrízis a gazdagok földjén,https://demokrata.hu/magyarorszag/vizkrizis-a-gazdagok-foldjen-553171/
8f5ec23fdb50d5271923416fff5edba313ad02122b37d0446ce51e2d70472521,2024-05-06 13:50:14.261811+00:00,hu,mandiner.hu,mandiner.hu,2022-07-11,"Természetvédők állítják: kiváltható az orosz gáz, de fel kell gyorsítani a zöld átmenetet az épületek energetikai felújításával",https://makronom.mandiner.hu/cikk/20220711_energia_orosz_gaz_zold_atmenet_mvtsz_kornyezetvedelem_rezsi
62644313067a4b1b05a7012339b463a97b381359cd2d31680ecc558830d41f4d,2024-05-06 07:56:11.862364+00:00,hu,24.hu,24.hu,2022-07-14,Felemás itthon az édesvízi élőhelyek állapota,https://24.hu/tudomany/2022/07/14/biodiverzitas-magyarorszag-okologiai-kutatokozpont-edesvizi-biologiai-sokfeleseg/
313b6aabf9c68216e65b182f725e3444933674401b5de99492128976aa6c4a7e,2024-05-06 07:54:18.818268+00:00,hu,sonline.hu,sonline.hu,2022-07-14,"Magyarország elkötelezett az ökoszisztémák védelme, helyreállítása és a velük való fenntartható gazdálkodás mellett",https://www.sonline.hu/hazai-gazdasag/2022/07/magyarorszag-elkotelezett-az-okoszisztemak-vedelme-helyreallitasa-es-a-veluk-valo-fenntarthato-gazdalkodas-mellett?utm_source=hirstart&utm_medium=referral&utm_campaign=hiraggregator
59f68f213930075260daf2d2aed4e4a0d009dbce3c7b3e19fa86368837bf0d80,2024-05-06 07:53:54.504293+00:00,hu,boon.hu,boon.hu,2022-07-14,"Magyarország elkötelezett az ökoszisztémák védelme, helyreállítása és a velük való fenntartható gazdálkodás mellett",https://www.boon.hu/hazai-gazdasag/2022/07/magyarorszag-elkotelezett-az-okoszisztemak-vedelme-helyreallitasa-es-a-veluk-valo-fenntarthato-gazdalkodas-mellett?utm_source=hirstart&utm_medium=referral&utm_campaign=hiraggregator
3633275e44f57b44e631c34cc121e12d1cfc7e52f544de90ef3c297d709a879e,2024-05-06 07:53:51.550217+00:00,hu,teol.hu,teol.hu,2022-07-14,"Magyarország elkötelezett az ökoszisztémák védelme, helyreállítása és a velük való fenntartható gazdálkodás mellett",https://www.teol.hu/hazai-gazdasag/2022/07/magyarorszag-elkotelezett-az-okoszisztemak-vedelme-helyreallitasa-es-a-veluk-valo-fenntarthato-gazdalkodas-mellett?utm_source=hirstart&utm_medium=referral&utm_campaign=hiraggregator
7339a7f092da6b7cf3374a9df7420f5aa6a0f008312d0f12f0fdd87fb1526206,2024-05-06 07:53:51.233092+00:00,hu,bama.hu,bama.hu,2022-07-14,"Magyarország elkötelezett az ökoszisztémák védelme, helyreállítása és a velük való fenntartható gazdálkodás mellett",https://www.bama.hu/hazai-gazdasag/2022/07/magyarorszag-elkotelezett-az-okoszisztemak-vedelme-helyreallitasa-es-a-veluk-valo-fenntarthato-gazdalkodas-mellett?utm_source=hirstart&utm_medium=referral&utm_campaign=hiraggregator
edef516988225c850baa2c75f47e17b22afdc8213a06670215823a97d528b3d6,2024-05-06 07:53:48.175893+00:00,hu,feol.hu,feol.hu,2022-07-14,"Magyarország elkötelezett az ökoszisztémák védelme, helyreállítása és a velük való fenntartható gazdálkodás mellett",https://www.feol.hu/hazai-gazdasag/2022/07/magyarorszag-elkotelezett-az-okoszisztemak-vedelme-helyreallitasa-es-a-veluk-valo-fenntarthato-gazdalkodas-mellett?utm_source=hirstart&utm_medium=referral&utm_campaign=hiraggregator
cc569b20c6b2c67931d075457d96502a558d5aaeb31f74b6b67f77b40f831c85,2024-05-06 07:53:04.056923+00:00,hu,vaol.hu,vaol.hu,2022-07-14,"Magyarország elkötelezett az ökoszisztémák védelme, helyreállítása és a velük való fenntartható gazdálkodás mellett",https://www.vaol.hu/hazai-gazdasag/2022/07/magyarorszag-elkotelezett-az-okoszisztemak-vedelme-helyreallitasa-es-a-veluk-valo-fenntarthato-gazdalkodas-mellett?utm_source=hirstart&utm_medium=referral&utm_campaign=hiraggregator
b72223a0c7ca79c59b47a0060590b9c333a033196c73b06b32081bd6fa47c838,2024-05-06 07:52:44.084299+00:00,hu,kisalfold.hu,kisalfold.hu,2022-07-14,"Magyarország elkötelezett az ökoszisztémák védelme, helyreállítása és a velük való fenntartható gazdálkodás mellett",https://www.kisalfold.hu/hazai-gazdasag/2022/07/magyarorszag-elkotelezett-az-okoszisztemak-vedelme-helyreallitasa-es-a-veluk-valo-fenntarthato-gazdalkodas-mellett?utm_source=hirstart&utm_medium=referral&utm_campaign=hiraggregator
d1ccb54e173ca5d868b919f189c740b3145f4c6c6f364878eb7b56268a5cb66c,2024-05-06 07:52:42.598547+00:00,hu,haon.hu,haon.hu,2022-07-14,"Magyarország elkötelezett az ökoszisztémák védelme, helyreállítása és a velük való fenntartható gazdálkodás mellett",https://www.haon.hu/hazai-gazdasag/2022/07/magyarorszag-elkotelezett-az-okoszisztemak-vedelme-helyreallitasa-es-a-veluk-valo-fenntarthato-gazdalkodas-mellett?utm_source=hirstart&utm_medium=referral&utm_campaign=hiraggregator
cd5b58ddde4472387a7e278cc6e1c0237bfab8edb83c4925d7cce3a7e2e2ebd7,2024-05-06 07:52:30.645090+00:00,hu,szon.hu,szon.hu,2022-07-14,"Magyarország elkötelezett az ökoszisztémák védelme, helyreállítása és a velük való fenntartható gazdálkodás mellett",https://www.szon.hu/hazai-gazdasag/2022/07/magyarorszag-elkotelezett-az-okoszisztemak-vedelme-helyreallitasa-es-a-veluk-valo-fenntarthato-gazdalkodas-mellett?utm_source=hirstart&utm_medium=referral&utm_campaign=hiraggregator
32b953ad681806f22a0692ae6d29b5d75cabaa99e82320dacd4576d13d131665,2024-05-06 07:52:05.251737+00:00,hu,origo.hu,origo.hu,2022-07-14,Így őrizhetők meg az édesvízi halak és más élőlények a jővő generációknak,https://www.origo.hu/tudomany/20220714-atfogo-elemzes-keszult-az-europai-edesvizi-biodiverzitas-vedelmenek-legfontosabb-szempontjairol.html
93df938bc7c932dda17143064a1a137d1f7be8481717cf3d93fb59ac5f4e7ca1,2024-05-06 07:51:39.997142+00:00,hu,veol.hu,veol.hu,2022-07-14,"Magyarország elkötelezett az ökoszisztémák védelme, helyreállítása és a velük való fenntartható gazdálkodás mellett",https://www.veol.hu/hazai-gazdasag/2022/07/magyarorszag-elkotelezett-az-okoszisztemak-vedelme-helyreallitasa-es-a-veluk-valo-fenntarthato-gazdalkodas-mellett?utm_source=hirstart&utm_medium=referral&utm_campaign=hiraggregator
ca552a7b6c1ba14b0ee5447379e6c8ad1924957eb4fdafb9adfc735c111096ff,2024-05-06 07:51:28.438805+00:00,hu,heol.hu,heol.hu,2022-07-14,"Magyarország elkötelezett az ökoszisztémák védelme, helyreállítása és a velük való fenntartható gazdálkodás mellett",https://www.heol.hu/hazai-gazdasag/2022/07/magyarorszag-elkotelezett-az-okoszisztemak-vedelme-helyreallitasa-es-a-veluk-valo-fenntarthato-gazdalkodas-mellett?utm_source=hirstart&utm_medium=referral&utm_campaign=hiraggregator
0d9a7d8d8c902b875a8e2e0b90c64801fa72e8438998df68e4d99f1a57817966,2024-05-06 07:50:40.944918+00:00,hu,duol.hu,duol.hu,2022-07-14,"Magyarország elkötelezett az ökoszisztémák védelme, helyreállítása és a velük való fenntartható gazdálkodás mellett",https://www.duol.hu/hazai-gazdasag/2022/07/magyarorszag-elkotelezett-az-okoszisztemak-vedelme-helyreallitasa-es-a-veluk-valo-fenntarthato-gazdalkodas-mellett?utm_source=hirstart&utm_medium=referral&utm_campaign=hiraggregator
4122704431a150c0fbf87bf004307bf6a62623270a6bb9a07a39b02f9f98e7fb,2024-05-06 07:50:35.402024+00:00,hu,baon.hu,baon.hu,2022-07-14,"Magyarország elkötelezett az ökoszisztémák védelme, helyreállítása és a velük való fenntartható gazdálkodás mellett",https://www.baon.hu/hazai-gazdasag/2022/07/magyarorszag-elkotelezett-az-okoszisztemak-vedelme-helyreallitasa-es-a-veluk-valo-fenntarthato-gazdalkodas-mellett?utm_source=hirstart&utm_medium=referral&utm_campaign=hiraggregator
13edb3cd01aebd5affa575539482ee8be7380185005810a9c630601c87811609,2024-05-06 07:50:32.564460+00:00,hu,zaol.hu,zaol.hu,2022-07-14,"Magyarország elkötelezett az ökoszisztémák védelme, helyreállítása és a velük való fenntartható gazdálkodás mellett",https://www.zaol.hu/hazai-gazdasag/2022/07/magyarorszag-elkotelezett-az-okoszisztemak-vedelme-helyreallitasa-es-a-veluk-valo-fenntarthato-gazdalkodas-mellett?utm_source=hirstart&utm_medium=referral&utm_campaign=hiraggregator
c9ed0ed10a368cbe1deb915d9a689593a3ca2fd3d7f0452e96a2aaac04114d1f,2024-05-06 07:49:55.482072+00:00,hu,delmagyar.hu,delmagyar.hu,2022-07-14,"Magyarország elkötelezett az ökoszisztémák védelme, helyreállítása és a velük való fenntartható gazdálkodás mellett",https://www.delmagyar.hu/hazai-gazdasag/2022/07/magyarorszag-elkotelezett-az-okoszisztemak-vedelme-helyreallitasa-es-a-veluk-valo-fenntarthato-gazdalkodas-mellett?utm_source=hirstart&utm_medium=referral&utm_campaign=hiraggregator
f2fb5060b947409b278667fd47ba4effa5670d9a5f6eab6c22d61429eab5be49,2024-05-06 07:47:55.106468+00:00,hu,szoljon.hu,szoljon.hu,2022-07-14,"Magyarország elkötelezett az ökoszisztémák védelme, helyreállítása és a velük való fenntartható gazdálkodás mellett",https://www.szoljon.hu/hazai-gazdasag/2022/07/magyarorszag-elkotelezett-az-okoszisztemak-vedelme-helyreallitasa-es-a-veluk-valo-fenntarthato-gazdalkodas-mellett?utm_source=hirstart&utm_medium=referral&utm_campaign=hiraggregator
33e7503a79e708e47bbbe78cc475775d6395ba85355ad6aa69d16f10b1134760,2024-05-06 07:42:42.715513+00:00,hu,beol.hu,beol.hu,2022-07-14,"Magyarország elkötelezett az ökoszisztémák védelme, helyreállítása és a velük való fenntartható gazdálkodás mellett",https://www.beol.hu/hazai-gazdasag/2022/07/magyarorszag-elkotelezett-az-okoszisztemak-vedelme-helyreallitasa-es-a-veluk-valo-fenntarthato-gazdalkodas-mellett?utm_source=hirstart&utm_medium=referral&utm_campaign=hiraggregator
586e92ef896a74da7be066e01a4db8e9a850a78d41a8e7717b42722d8f284abd,2024-05-06 06:34:04.913064+00:00,hu,mandiner.hu,mandiner.hu,2022-07-15,"Agrárminisztérium: Magyarország elkötelezett az ökoszisztémák védelme, helyreállítása és a velük való fenntartható gazdálkodás mellett",https://makronom.mandiner.hu/cikk/20220715_agrarminiszterium_magyarorszag_elkotelezett_okoszisztemak_vedelme
55628c590bcaca22268faa07a57a440681f7dcfc583447f4da77b8bf9e532cae,2024-05-05 21:10:54.396120+00:00,hu,index.hu,index.hu,2022-07-21,Kihaltnak nyilvánított gepárd hetven év után tér vissza Indiába,https://index.hu/kulfold/2022/07/21/azsiai-gepard-india-namibia/
e10422959876d95289a2c1d8dbdb43720b1f276e9e8ab2bd6991963e27865054,2024-05-05 19:44:36.104163+00:00,hu,boon.hu,boon.hu,2022-07-22,Az emberiségnek olyan száz éve van hátra. Vagy még annyi sem,https://www.boon.hu/helyi-kozelet/2022/07/az-emberisegnek-olyan-szaz-eve-van-hatra-vagy-meg-annyi-sem?utm_source=hirstart&utm_medium=referral&utm_campaign=hiraggregator
8aa563255fdb38a0699fd32d3f5b73f5cce17d988df21a288e5d9e9a2967415c,2024-05-04 14:04:49.087302+00:00,hu,hvg.hu,hvg.hu,2022-07-31,"Száz éve velünk vannak, sokan mégis csak most fedezik fel őket",http://hvg.hu/gazdasag.zhvg/20220731_tanosvenyek_kornyezeti_neveles#rss
690581d2473edb40f089719d24d554fe986f83f7a1b17e2adaa1c666f07dc78a,2024-05-04 07:58:41.154247+00:00,hu,kisalfold.hu,kisalfold.hu,2022-08-05,Hidat építenek a határ menti programok,https://www.kisalfold.hu/pr/2022/08/hidat-epitenek-a-hatar-menti-programok?utm_source=hirstart&utm_medium=referral&utm_campaign=hiraggregator
55b48bac779874b4bd435ede6330be39af2326940f5b9ceb8136c5976fd5a753,2024-05-04 01:16:10.232351+00:00,hu,magyarnemzet.hu,magyarnemzet.hu,2022-08-11,Érzelmek helyett tények: az erdészek nem terveznek erdőirtást,https://magyarnemzet.hu/belfold/2022/08/erzelmek-helyett-tenyek-az-erdeszek-nem-terveznek-erdoirtast
744efb275f5a172bb2f5964cd3f9c2088bd54e6241127b9133d7d97e57a17c41,2024-05-03 17:06:37.158371+00:00,hu,index.hu,index.hu,2022-08-17,Ismét tüntetnek a fakivágás ellen,https://index.hu/belfold/2022/08/17/energia-veszelyhelyzet-tuntetes-fakivagas-tuzifa-rezsi-fakitermeles/
3e95930a9f0a7b6473ea222009dcceebf8929d89db62cf800d6cc9a65822fae8,2024-05-03 12:21:27.542287+00:00,hu,portfolio.hu,portfolio.hu,2022-08-21,"Kétségbeesve figyeljük, hogy mi lesz a magyar erdőkkel",https://www.portfolio.hu/uzlet/20220821/ketsegbeesve-figyeljuk-hogy-mi-lesz-a-magyar-erdokkel-folytatodik-a-fakivagasos-huzavona-561627
982e2cfff3513a017c1e2e54c094a2173aac22e329b5cf54e223a2a862ef1699,2024-05-03 10:06:14.223447+00:00,hu,infostart.hu,infostart.hu,2022-08-23,Nagy fába vágja a fejszéjét Sydney,https://infostart.hu/eletmod/2022/08/23/nagy-faba-vagja-a-fejszejet-sydney
6df44863c11bd3fcf6e996d11d043842ce543ada3c631709c328a4333e02826f,2024-05-02 21:18:23.896173+00:00,hu,hvg.hu,hvg.hu,2022-08-31,Miért elengedhetetlenek az erdők jóllétünk szempontjából?,http://hvg.hu/hvgkonyvek/20220831_Miert_elengedhetetlenek_az_erdok_jolletunk_szempontjabol#rss
376cf9e2474d0f6748a1b02bc326e35199f15cfe7c772876e30799ea1fddb554,2024-05-02 07:57:08.327622+00:00,hu,hvg.hu,hvg.hu,2022-09-09,Mentsük meg a méheinket! De ne csak őket!,http://hvg.hu/hvgkonyvek/20220909_Mentsuk_meg_a_meheinket_De_ne_csak_oket#rss
2013cbf10679fbac4a4a6b4282a72b31ef7ab3dcf3b90005f83d1c7fc4fda3ab,2024-05-02 04:58:09.208911+00:00,hu,magyarnemzet.hu,magyarnemzet.hu,2022-09-13,A divatállatvédő a tudomány és a természet ellensége,https://magyarnemzet.hu/velemeny/2022/09/a-divatallatvedo-a-tudomany-es-a-termeszet-ellensege
13fd32a8ad500cd125c1b1e11a658dfb5acb0c47756fbd6c8aae78bc74e044c4,2024-05-01 12:47:29.140198+00:00,hu,hvg.hu,hvg.hu,2022-09-20,Hogyan állíthatjuk helyre a tönkretett termőföldeket?,http://hvg.hu/hvgkonyvek/20220920_Hogyan_allithatjuk_helyre_a_tonkretett_termofoldeket#rss
d7cb8fc1c8487720fae0f6d6c0111ddd876ad76dc6365f5687b5389f68196b0b,2024-05-01 05:07:41.796717+00:00,hu,demokrata.hu,demokrata.hu,2022-09-27,Semjén Zsolt: Magyarország számára kiemelten fontos a vízimadarak védelme,https://demokrata.hu/magyarorszag/semjen-zsolt-magyarorszag-szamara-kiemelten-fontos-a-vizimadarak-vedelme-585939/
dd0f77308da7350694f37aa3e4395a075b1d1281e0e263512a6daeadf705e4ba,2024-05-01 04:50:10.171163+00:00,hu,teol.hu,teol.hu,2022-09-27,Magyarország számára kiemelten fontos a vízimadarak védelme,https://www.teol.hu/egyperces/2022/09/magyarorszag-szamara-kiemelten-fontos-a-vizimadarak-vedelme?utm_source=hirstart&utm_medium=referral&utm_campaign=hiraggregator
52448d0929a8b06d35d4d4d70cedf9ebee706c9fc18724a982d0b2c12ce00a79,2024-05-01 04:49:39.745373+00:00,hu,heol.hu,heol.hu,2022-09-27,Magyarország számára kiemelten fontos a vízimadarak védelme,https://www.heol.hu/egyperces/2022/09/magyarorszag-szamara-kiemelten-fontos-a-vizimadarak-vedelme?utm_source=hirstart&utm_medium=referral&utm_campaign=hiraggregator
f6c42d20f66b1eba0864e41d3eadca849c65dc9e03226be105ddcb708c6eae36,2024-05-01 04:49:34.287331+00:00,hu,beol.hu,beol.hu,2022-09-27,Magyarország számára kiemelten fontos a vízimadarak védelme,https://www.beol.hu/egyperces/2022/09/magyarorszag-szamara-kiemelten-fontos-a-vizimadarak-vedelme?utm_source=hirstart&utm_medium=referral&utm_campaign=hiraggregator
949324b3df40f973423833ab39df2abf7ea94adf459c77549ece5d0b8a222667,2024-05-01 04:49:34.231881+00:00,hu,duol.hu,duol.hu,2022-09-27,Magyarország számára kiemelten fontos a vízimadarak védelme,https://www.duol.hu/egyperces/2022/09/magyarorszag-szamara-kiemelten-fontos-a-vizimadarak-vedelme?utm_source=hirstart&utm_medium=referral&utm_campaign=hiraggregator
ea1112453a82e2bb14b73f53f25f0200ddfbd42b843d4fcb29a746774ddbeccb,2024-05-01 04:49:25.905925+00:00,hu,baon.hu,baon.hu,2022-09-27,Magyarország számára kiemelten fontos a vízimadarak védelme,https://www.baon.hu/egyperces/2022/09/magyarorszag-szamara-kiemelten-fontos-a-vizimadarak-vedelme?utm_source=hirstart&utm_medium=referral&utm_campaign=hiraggregator
52d268fcc0e16fb17c50a69b9d917b97fd4de5243e9609f47401743cfe3e2f17,2024-05-01 04:49:21.999106+00:00,hu,szoljon.hu,szoljon.hu,2022-09-27,Magyarország számára kiemelten fontos a vízimadarak védelme,https://www.szoljon.hu/egyperces/2022/09/magyarorszag-szamara-kiemelten-fontos-a-vizimadarak-vedelme?utm_source=hirstart&utm_medium=referral&utm_campaign=hiraggregator
a54b8f432c3766acb19adf93edc8a6b96537000d657a736ec3a10424c6faa8a8,2024-05-01 04:49:05.256078+00:00,hu,kisalfold.hu,kisalfold.hu,2022-09-27,Magyarország számára kiemelten fontos a vízimadarak védelme,https://www.kisalfold.hu/egyperces/2022/09/magyarorszag-szamara-kiemelten-fontos-a-vizimadarak-vedelme?utm_source=hirstart&utm_medium=referral&utm_campaign=hiraggregator
ca016d5f66c84aba89d6ab6b3f8e3bd2da87c3b4ca35f1f63963930719fa98a7,2024-05-01 04:49:04.712731+00:00,hu,haon.hu,haon.hu,2022-09-27,Magyarország számára kiemelten fontos a vízimadarak védelme,https://www.haon.hu/egyperces/2022/09/magyarorszag-szamara-kiemelten-fontos-a-vizimadarak-vedelme?utm_source=hirstart&utm_medium=referral&utm_campaign=hiraggregator
42a298fd62b622bec5464a7e1bca3df252ceb780dcdcc6fab1fb5d9162c62ac7,2024-05-01 04:48:58.060780+00:00,hu,bama.hu,bama.hu,2022-09-27,Magyarország számára kiemelten fontos a vízimadarak védelme,https://www.bama.hu/egyperces/2022/09/magyarorszag-szamara-kiemelten-fontos-a-vizimadarak-vedelme?utm_source=hirstart&utm_medium=referral&utm_campaign=hiraggregator
b3e3df72a4d1ba7583d73c0c414babc3f2acc232daf9e171f29b3da9b8e34ab5,2024-05-01 04:48:45.198751+00:00,hu,vaol.hu,vaol.hu,2022-09-27,Magyarország számára kiemelten fontos a vízimadarak védelme,https://www.vaol.hu/egyperces/2022/09/magyarorszag-szamara-kiemelten-fontos-a-vizimadarak-vedelme?utm_source=hirstart&utm_medium=referral&utm_campaign=hiraggregator
3454206742043a937ae20a4f20893f221d8cc252605402ce76d3fbcab4cf40ed,2024-05-01 04:48:28.651103+00:00,hu,zaol.hu,zaol.hu,2022-09-27,Magyarország számára kiemelten fontos a vízimadarak védelme,https://www.zaol.hu/egyperces/2022/09/magyarorszag-szamara-kiemelten-fontos-a-vizimadarak-vedelme?utm_source=hirstart&utm_medium=referral&utm_campaign=hiraggregator
c4fd55343187cef9253fb5f6f90cd01d41eaee7f5018169c2546f2c987c7c650,2024-05-01 04:48:26.920583+00:00,hu,veol.hu,veol.hu,2022-09-27,Magyarország számára kiemelten fontos a vízimadarak védelme,https://www.veol.hu/egyperces/2022/09/magyarorszag-szamara-kiemelten-fontos-a-vizimadarak-vedelme?utm_source=hirstart&utm_medium=referral&utm_campaign=hiraggregator
70762cdfbe2f3dd970c1e2cb260911e0e517d03c6d480afe53d8be13c518c109,2024-05-01 04:48:25.956920+00:00,hu,sonline.hu,sonline.hu,2022-09-27,Magyarország számára kiemelten fontos a vízimadarak védelme,https://www.sonline.hu/egyperces/2022/09/magyarorszag-szamara-kiemelten-fontos-a-vizimadarak-vedelme?utm_source=hirstart&utm_medium=referral&utm_campaign=hiraggregator
4daeff9731649608e46d87d40bdab9c630df1af81eab06c52f664ff89f872246,2024-05-01 04:48:23.521391+00:00,hu,delmagyar.hu,delmagyar.hu,2022-09-27,Magyarország számára kiemelten fontos a vízimadarak védelme,https://www.delmagyar.hu/egyperces/2022/09/magyarorszag-szamara-kiemelten-fontos-a-vizimadarak-vedelme?utm_source=hirstart&utm_medium=referral&utm_campaign=hiraggregator
20e80e6df50901888f0f78f2c4e80e291b283da09af297b6e26208ee72c2aa22,2024-05-01 04:48:05.215669+00:00,hu,feol.hu,feol.hu,2022-09-27,Magyarország számára kiemelten fontos a vízimadarak védelme,https://www.feol.hu/egyperces/2022/09/magyarorszag-szamara-kiemelten-fontos-a-vizimadarak-vedelme?utm_source=hirstart&utm_medium=referral&utm_campaign=hiraggregator
3ac061d8f56f210f769bdc13c9c6730799705ee6d24adf6af93164d3b61428c8,2024-05-01 04:48:00.817202+00:00,hu,boon.hu,boon.hu,2022-09-27,Magyarország számára kiemelten fontos a vízimadarak védelme,https://www.boon.hu/egyperces/2022/09/magyarorszag-szamara-kiemelten-fontos-a-vizimadarak-vedelme?utm_source=hirstart&utm_medium=referral&utm_campaign=hiraggregator
af7dc073ca74bcbe6cd3ed8492782e65ae591088bd5f24c5a0f212ba2106af30,2024-05-01 04:47:54.815630+00:00,hu,szon.hu,szon.hu,2022-09-27,Magyarország számára kiemelten fontos a vízimadarak védelme,https://www.szon.hu/egyperces/2022/09/magyarorszag-szamara-kiemelten-fontos-a-vizimadarak-vedelme?utm_source=hirstart&utm_medium=referral&utm_campaign=hiraggregator
21f115fce916ae582d70a1b62c8399a2d78de6388bce03c2a994a8a7597542ce,2024-04-29 20:55:52.391778+00:00,hu,infostart.hu,infostart.hu,2022-10-15,Minden nyolcadik madárfajt a kipusztulás veszélye fenyegeti,https://infostart.hu/tudomany/2022/10/15/minden-nyolcadik-madarfajt-a-kipusztulas-veszelye-fenyegeti
9cb476c5e921e10779c36c7f91115d99a1d4e0cef58985160bac7f1c5070d44c,2024-04-27 18:35:20.491652+00:00,hu,444.hu,444.hu,2022-11-23,Húsz év alatt több mint 7000 négyzetkilométernyi erdő tűnt el a Kárpátokból,https://444.hu/2022/11/23/husz-ev-alatt-tobb-mint-7000-negyzetkilometernyi-erdo-tunt-el-a-karpatokbol?utm_source=rss_feed&utm_medium=rss&utm_campaign=rss_syndication
375c8bf5afc50d57d4bc0ab0145d07b62824d8209026a2b7e36bbbf347d7444a,2024-04-27 18:25:53.011190+00:00,hu,blikk.hu,blikk.hu,2022-11-23,Elképesztő: óránként átlagosan több mint öt futballpályányi erdő tűnik el a Kárpátokból,https://www.blikk.hu/aktualis/kulfold/fakitermeles-karpatok-termeszetvedelem-greenpeace/jlxjg2c
11558517eb10d6193866c01d4edb5401dd29126ca63678f4f25b7b4c169c696b,2024-04-26 09:02:33.292811+00:00,hu,infostart.hu,infostart.hu,2022-12-18,Új felfedezés: gyógyhatású a madárdal,https://infostart.hu/tudomany/2022/12/18/uj-felfedezes-gyogyhatasu-a-madardal
977055bc64e5bbe8eb017d77dc0b9880e0abacfc07a88bd2b3d46b8884dab27e,2024-04-26 08:04:26.466284+00:00,hu,nepszava.hu,nepszava.hu,2022-12-19,Történelmi megállapodás született a biodiverrzitás védelméről az ENSZ konferenciáján,https://nepszava.hu/3179375_ensz-cop-15-kanada-megallapodas-biodiverzitas
d85949ee5895aeb3813035c475f82fe99fd75c697973891d0590be13cdb7892b,2024-04-26 07:45:54.342153+00:00,hu,hvg.hu,hvg.hu,2022-12-19,Történelmi alku: 2030-ig visszaadjuk a természetnek a Föld újabb egyhetedét,http://hvg.hu/gazdasag/20221219_cop15_montreal_biodiverzitas_termeszetvedelem_ensz_csucs#rss
6a4b95da6a560e0aca15598b7f596b21f46c6d4adbcd984f4c0f529f399205c8,2024-04-26 04:38:46.956050+00:00,hu,merce.hu,merce.hu,2022-12-21,A Föld Barátai szerint összeférhetetlen a biológiai sokszínűség fenntartása és a profithajhászás « Mérce,https://merce.hu/2022/12/21/a-fold-baratai-szerint-osszeferhetetlen-a-biologiai-sokszinuseg-fenntartasa-es-a-profithajhaszas/
199f2a297e9bb6e6f4cb93e281c9116f4056c6889191e6762dbdfab46838c39a,2024-04-26 03:08:46.406346+00:00,hu,nepszava.hu,nepszava.hu,2022-12-22,"Az Orbán-kormány is rábólintott, vegyszerfelezés helyett haladékot kaptak a multik az EU-ban",https://nepszava.hu/3179700_novenyvedoszer-europai-unio-csokkentes-multik
ffb275584aee4e7f9a093ff135b889b2b0d9139000deced08d4ea46aa279f7f9,2024-04-24 21:09:05.637198+00:00,hu,hvg.hu,hvg.hu,2024-04-24,"Vadvirágos programok, zöld folyosók, méh-étkezdék – méhlegelők a hazai városokban",https://hvg.hu/zhvg/20240424_mehlegelo-beporzok-meheszet#rss
5b90466062fea26bbd8a7fd37dae7512fa136c1a684f5067f0a6f0af5931f7ef,2024-03-24 04:45:42.854463+00:00,hu,haon.hu,haon.hu,2024-03-22,HAON - Kék és zöld körgyűrűk alakulnak ki Debrecen körül,https://www.haon.hu/helyi-kozelet/2024/03/kek-korgyuruk-civaqua-debrecen-zold-kodex-balazs-akos-kornyezetvedelem?utm_source=hirstartutm_medium=referralutm_campaign=hiraggregator
1c96c30aaea9a8f7eac634bfff0bc37e8e88b8f5da20c967ad2367fbe683378e,2024-03-19 01:56:30.306248+00:00,hu,infostart.hu,infostart.hu,2024-03-17,"Invazív halfaj terjed, nem tudják, hogyan lehetne megállítani",https://infostart.hu/belfold/2024/03/17/invaziv-halfaj-terjed-nem-tudjak-hogyan-lehetne-megallitani
91a12f7a4a83d91d25230aefd7c0c7cc611f03716d61a901a45bb4a81298fcf7,2024-03-10 18:23:58.047774+00:00,hu,pestisracok.hu,pestisracok.hu,2023-01-03,"Agrárminisztérium: 2022 nem a fakivágások, hanem a soha nem látott mértékű természetvédelmi fejlesztések éve volt",https://pestisracok.hu/agrarminiszterium-2022-nem-a-fakivagasok-hanem-a-soha-nem-latott-merteku-termeszetvedelmi-fejlesztesek-eve-volt/
8585d24b1f490b64f03764d41b2accee1f83e72412c0ed1d1fd14429f75e694d,2024-03-10 01:56:45.290930+00:00,hu,hvg.hu,hvg.hu,2023-01-16,"Greenpeace: Úgy tűnik, az utolsó életben maradt békáig nincs gond a Fertő tavi beruházással a bíróság szerint",http://hvg.hu/itthon/20230116_Ferto_tavi_beruhazas_greenpace_itelet#rss
f25ebb2e5f6a516872f5472b81505ce496e50dd9b67928386210b38fdf88ed89,2024-03-10 00:42:54.438521+00:00,hu,pestisracok.hu,pestisracok.hu,2023-01-17,Beüt-e a klímakatasztrófa? Kipusztul-e a Föld élővilága?,https://pestisracok.hu/beut-e-a-klimakatasztrofa-kipusztul-e-a-fold-elovilaga/
2718bed9a27cd3b304827874069d858b68a66f76660ba7d1d1bd3b8922f10f95,2024-03-08 01:18:05.913945+00:00,hu,origo.hu,origo.hu,2023-02-20,Kérdések és válaszok egy akácerdő kivágása kapcsán,https://www.origo.hu/tudomany/20230220-akac.html
cc1e817e2b67842d2f333f21f8a7218b704b6cba873ce1b90c1c5c58633ecb26,2024-03-07 07:18:23.429975+00:00,hu,origo.hu,origo.hu,2023-03-05,A Pilisi Parkerdő a védett fajok megőrzéséért küzd,https://www.origo.hu/tudomany/20230305-andrassy.html
ad957f0749a20188f7e95dcc0e9c9c594ad8a122a5e9c064f690260e2fe00e4b,2024-03-06 03:09:09.761091+00:00,hu,demokrata.hu,demokrata.hu,2024-03-04,Szabó Rebeka a kert végébe akkumulátorbontót vizionál,https://demokrata.hu/magyarorszag/szabo-rebeka-a-kert-vegebe-akkumulatorbontot-vizional-798022/
e49b3df9740335ab10ac94fd391d495709de7fe250e04cfb577d5c13efa21011,2024-03-06 02:07:55.086924+00:00,hu,magyarnemzet.hu,magyarnemzet.hu,2024-03-04,A vadmacska közös kincsünk,https://magyarnemzet.hu/belfold/2024/03/a-vadmacska-kozos-kincsunk?utm_source=hirstart&utm_medium=referral&utm_campaign=hiraggregator
f335e5ff4352d25b6a8ef10bac172d8409ca11c1034fb456d89461b094aa40a3,2024-03-02 04:05:02.152396+00:00,hu,hvg.hu,hvg.hu,2023-03-23,Az európai vezetők és az ENSZ főtitkára közösen ítélte el az orosz agressziót,http://hvg.hu/eurologus/20230323_Az_ENSZfotitkarral_targyaltak_az_europai_vezetok#rss
0f0ab3fc457e874e6d0e109e38e994f266a4bd145d20032c5e55ad3b4ddf6af6,2024-03-01 08:34:05.927427+00:00,hu,ripost.hu,ripost.hu,2023-04-07,Bahmutnál folytatódnak a harcok,https://ripost.hu/politik/2023/04/bahmutnal-folytatodnak-a-harcok
23f48162f5e0671549cbe634eed6b37b11944f8a346a8addcaf6c36b0a438550,2024-03-01 06:31:40.623284+00:00,hu,origo.hu,origo.hu,2023-04-09,"""Zöld Hősök"" a Túrbuckán: közös erővel a természet védelméért!",https://www.origo.hu/tudomany/20230407-onkentesek.html
0a2ed91278a459cfc2b4a7d66410b0afc650f986729c4c47d466dc2116888553,2024-02-29 04:27:12.358436+00:00,hu,origo.hu,origo.hu,2023-04-27,Döbbenetes mértékben nőtt az illegális erdőirtás az elmúlt évtizedben,https://www.origo.hu/tudomany/20230427-folytatodik-az-illegalis-erdoirtas-braziliaban.html
5671ebfb548cb7ddd2fc853b4661d804362655e1ee86a77a2345e099e5d581a3,2024-02-29 02:49:34.046386+00:00,hu,demokrata.hu,demokrata.hu,2023-04-28,Több mint 90 milliárd forintnyi természetvédelmi beruházás jött létre,https://demokrata.hu/magyarorszag/tobb-mint-90-milliard-forintnyi-termeszetvedelmi-beruhazas-jott-letre-674623/
a9fe0c8f022201223c4a7ac3adb3d7596460e483280ff4f575055988b5578a34,2024-02-29 01:41:40.178188+00:00,hu,napi.hu,napi.hu,2023-04-29,"Eddig is gond volt a légszennyezéssel, de az ember csak tovább ront a helyzetén",https://www.napi.hu/kulfold/erdoirtas-termeszetvedelem-brazilia-legszennyezes.770500.html
92ef7c6de794abf84c5aa7d549507f9eeaea230675b487b7bd5504da0f845e9a,2024-02-28 15:10:53.489006+00:00,hu,hvg.hu,hvg.hu,2023-05-07,"Ingyen van, egészséges, mégse használjuk eleget",http://hvg.hu/gazdasag.zhvg/20230507_termeszetjaras_mint_a_mentalis_egeszseg_megorzoje#rss
3a203a94c83fc3b11848f7baeae20728207d571f7a95dad2be55f3f1d1036c26,2024-02-28 08:21:31.600424+00:00,hu,szeretlekmagyarorszag.hu,szeretlekmagyarorszag.hu,2023-05-11,A legtöbb Covid-halál egy teljesen másmilyen fertőzés miatt következhetett be egy kutatás szerint,https://www.szeretlekmagyarorszag.hu/egeszseg/a-legtobb-covid-halal-egy-teljesen-masmilyen-fertozes-miatt-kovetkezhetett-be-egy-kutatas-szerint/
1fa09d8b0f818057a2a27574465c296a6c67e371e4c225d0b7e36d5690397b89,2024-02-28 05:41:52.479682+00:00,hu,szeretlekmagyarorszag.hu,szeretlekmagyarorszag.hu,2023-05-13,Drámaian megugrott a betegek száma Magyarországon,https://www.szeretlekmagyarorszag.hu/egeszseg/dramaian-megugrott-a-betegek-szama-magyarorszagon/
9c97e038ce0b4e713b10edb999701a4fdd3cb468d524e10df828ad8003c76b7b,2024-02-27 15:39:12.194872+00:00,hu,metropol.hu,metropol.hu,2023-05-22,Ma ezért vigyázz a kilókkal!,https://metropol.hu/aktualis/2023/05/majus-22-hetfo-a-biologiai-sokfeleseg-napja
b9efaba391dcdf19bdafe9ff55985b7a598edc17ab88e8feba10f159ce4f4fd2,2024-02-27 04:08:34.588036+00:00,hu,szeretlekmagyarorszag.hu,szeretlekmagyarorszag.hu,2023-05-30,Napi két csésze tea segíthet megvédeni az egyik legfontosabb szervünket az öregedéstől,https://www.szeretlekmagyarorszag.hu/egeszseg/napi-ket-csesze-tea-segithet-megvedeni-az-egyik-legfontosabb-szervunket-az-oregedestol/
7f10bae847bd2275c65f017dfd1d3fe9ccbdc7dc3a6e5ecb6aa4ea8ea4603f1b,2024-02-27 03:53:03.188657+00:00,hu,szeretlekmagyarorszag.hu,szeretlekmagyarorszag.hu,2023-05-30,Érdemes átszokni az ülve pisilésre a férfiaknak: szakértők szerint egészségesebb és hatékonyabb,https://www.szeretlekmagyarorszag.hu/egeszseg/erdemes-atszokni-az-ulve-pisilesre-a-ferfiaknak-szakertok-szerint-egeszsegesebb-es-hatekonyabb/
fa429aa897acf3895c8576b163f45eba4537fa04ef287c2661085189bd5ebc32,2024-02-26 22:50:05.316706+00:00,hu,origo.hu,origo.hu,2023-06-02,Elkészült bennszülött növényeink leltára,https://www.origo.hu/tudomany/20230602-pannonicumok.html
8d02856a30452602381b9d0e6debe7865591e54155356e5bb030345c7a01ee98,2024-02-24 19:05:23.398802+00:00,hu,hvg.hu,hvg.hu,2023-07-12,"Váratlanul győzött a tudományos racionalitás az Európai Parlamentben, megszavazták a természet helyreállítási törvényt",http://hvg.hu/eurologus/20230712_Varatlanul_gyozott_a_tudomanyos_racionalitas_az_Europai_Parlamentben_megszavaztak_a_termeszet_helyreallitasi_torvenyt#rss
b2bfbaf404f669e4ff24b9fbd392df611bce32023bd404e8989e26b885aa2e4c,2024-02-24 17:47:13.299567+00:00,hu,merce.hu,merce.hu,2023-07-13,"A Tanácsban még támogatta a kormány, a Parlamentben a Fidesz már leszavazta az európai természethelyreállítási törvényt « Mérce",https://merce.hu/2023/07/13/a-tanacsban-meg-tamogatta-a-kormany-a-parlamentben-a-fidesz-mar-leszavazta-az-europai-termeszethelyreallitasi-torvenyt/
748f729c00adc6b816c1bf17dcc5da40a65e8497d57e261e5f5b521cde985fd9,2024-02-23 07:52:04.592281+00:00,hu,infostart.hu,infostart.hu,2023-08-08,Újabb magyar stratégia 2030-ig,https://infostart.hu/belfold/2023/08/08/ujabb-magyar-strategia-2030-ig
8b8b015707932551c0ecd31872adba1dac0a0a9755bd1633f0a6f525770463b9,2024-02-22 04:18:14.892708+00:00,hu,origo.hu,origo.hu,2023-08-29,Helyi élelmiszerek: nem a szállítási távolság a lényeg!,https://www.origo.hu/tudomany/20230828-fenntarthatosag.html
6841923dcea521682f3521b4a2abf28f629113b39c75137e5f8a816f4422755f,2024-02-22 01:14:30.784003+00:00,hu,dunaujvaros.com,dunaujvaros.com,2023-08-31,170 millió közvetlen EU-s forrásra pályázunk,https://dunaujvaros.com/hirek/202308/170_millio_kozvetlen_eu_s_forrasra_palyazunk
fbd9b6ef8bdc226536815944c5819c197365e3821ee68cf23142e7fac5307131,2024-02-21 04:44:34.313664+00:00,hu,magyarnarancs.hu,magyarnarancs.hu,2024-02-19,"Az EU-s vezető, aki a családból hozta magával az európai éthoszt",https://magyarnarancs.hu/kulpol/az-eu-s-vezeto-aki-a-csaladbol-hozta-magaval-az-europai-ethoszt-265801
1abdc324590c3491f899ebc2f5784f2fe9a28f61bde6be8524165ce6a9860fc7,2024-02-20 03:04:32.843318+00:00,hu,hvg.hu,hvg.hu,2024-02-18,"„Jobban kellene figyelni a vízvisszatartásra, de még inkább az akkugyárakra”",https://hvg.hu/gazdasag/20240218_Virginijus_Sinkevicius_interju_europai_bizottsag_kornyezetvedelmi_biztos_kornyezetvedelem_akkugyarak_energiaszegenyseg_vizvalsag
a66d292e8252b3ab30dc2ab16ac1ac2788f67a135572e45078db1053cc5a6e6d,2024-02-19 06:42:17.152245+00:00,hu,portfolio.hu,portfolio.hu,2023-10-13,A mesterséges intelligencia ment meg a klímakatasztrófától?,https://www.portfolio.hu/uzlet/20231013/a-mesterseges-intelligencia-ment-meg-a-klimakatasztrofatol-645165
6937540870a02cb53f8ee6b002a21e925ad7623095b3f8dcd60bca3c427378a1,2024-02-16 21:49:24.458602+00:00,hu,demokrata.hu,demokrata.hu,2023-11-13,Nagy István: Magyarország GMO-mentes mezőgazdaságot épít,https://demokrata.hu/magyarorszag/nagy-istvan-magyarorszag-gmo-mentes-mezogazdasagot-epit-753898/
de7061e9f5fcd5a644641b5a9c49ae8ceb347861b72285df6374d680c4c856e4,2024-02-15 03:27:54.500448+00:00,hu,haon.hu,haon.hu,2024-02-13,Zöld Kódex: ezek a legfontosabb intézkedések Debrecen fenntartható jövőjéért,https://www.haon.hu/helyi-kozelet/2024/02/zold-kodex-kornyezetvedelem-fenntarthatosag-debrecen?utm_source=hirstart&utm_medium=referral&utm_campaign=hiraggregator
d93e53598f87c32334edbdbbd307219eb308a021d555a6287f157555ec07018d,2024-02-15 02:01:58.611946+00:00,hu,demokrata.hu,demokrata.hu,2023-11-30,Plusz forrásban részesülnek az erdészeti és természetvédő civil szervezetek,https://demokrata.hu/magyarorszag/plusz-forrasban-reszesulnek-az-erdeszeti-es-termeszetvedo-civil-szervezetek-761728/
2e2cf25fcdfac83e90f2abaee25cea5ce7439347adcb3eed7958f0aa74e75386,2024-02-12 08:45:52.930814+00:00,hu,beol.hu,beol.hu,2024-02-10,"Minden gyerek hallhatta, mekkora kincs a tócsa, a vízállás",https://www.beol.hu/helyi-kozelet/2024/02/minden-gyerek-hallhatta-mekkora-kincs-a-tocsa-a-vizallas?utm_source=hirstart&utm_medium=referral&utm_campaign=hiraggregator
9ce88ca3eb08306604bd2deb4b0e0db880493d858cfeacfd5927ddd6f59532a3,2024-02-12 01:49:07.596024+00:00,hu,haon.hu,haon.hu,2024-02-10,Madáretetésre és sétára hív a Future of Debrecen,https://www.haon.hu/helyi-kozelet/2024/02/madaretetes-future-of-debrecen-biodiverzitas-nature-haon?utm_source=hirstart&utm_medium=referral&utm_campaign=hiraggregator
58c61b2054d6e4defde8c22858d433b0f93d3ec0fc4dc248f40edda915131fa5,2024-02-02 01:34:06+00:00,hu,haon.hu,haon.hu,2024-01-31,Balázs Ákos: tudományos háttér és együttműködés – így készült Debrecen Zöld kódexe,https://www.haon.hu/helyi-kozelet/2024/01/debrecen-balazs-akos-zold-kodex-fenntarthatosag-kornyezetvedelem-interju-haon?utm_source=hirstart&utm_medium=referral&utm_campaign=hiraggregator
6985e68e39a372878950165078e222eeb4c4d896f97f8464b2a63fcc5093b353,2024-01-26 05:05:16+00:00,hu,magyarnemzet.hu,magyarnemzet.hu,2024-01-24,"Elkészült Debrecen Zöld kódexe, hazánk legkomplexebb környezetvédelmi programja",https://magyarnemzet.hu/belfold/2024/01/elkeszult-debrecen-zold-kodexe-hazank-legkomplexebb-kornyezetvedelmi-programja?utm_source=hirstart&utm_medium=referral&utm_campaign=hiraggregator
3f3dc135715c00176dab12cce513b367b4dafe16700a22ce63cedfac858170b0,2024-01-26 03:00:43+00:00,hu,haon.hu,haon.hu,2024-01-24,A Zöld Kódexnek köszönhetően Debrecen akár Európa zöld fővárosa is lehet,https://www.haon.hu/helyi-kozelet/2024/01/debrecen-papp-laszlo-zold-kodex-kornyezetvedelem-civaqua-monitoring-rendszer-haon?utm_source=hirstart&utm_medium=referral&utm_campaign=hiraggregator
af1dd7601bdb0c67223b85ecbd9265567e0daa7a0abd75062d83340d0763cdf0,2024-01-25 04:14:46+00:00,hu,haon.hu,haon.hu,2024-01-23,A természet és a technológiai fejlődés egyensúlyát hivatott fenntartani Debrecen új kutatóközpontja,https://www.haon.hu/helyi-kozelet/2024/01/biodiverzitas-klimavaltozas-egyetem-debrecen-uj-kutatokozpont-haon?utm_source=hirstart&utm_medium=referral&utm_campaign=hiraggregator
d6985e436a0a54f101a523966e90ad2e6a9e5521bdeaf9ee42032517cc9959ee,2023-12-17 02:18:52+00:00,hu,kisalfold.hu,kisalfold.hu,2023-12-15,"Veszélyeztetett fajokat dokumentál a világhírű természetfotós, aki Mosonmagyaróvárra látogatott",https://www.kisalfold.hu/helyi-eletstilus/2023/12/veszelyeztetett-fajokat-dokumental-a-vilaghiru-termeszetfotos-aki-mosonmagyarovarra-latogatott?utm_source=hirstart&utm_medium=referral&utm_campaign=hiraggregator
aaa0f5d7b48dc5c6a7684172b2c7174fe3c2ed57f0957956683cab47ef09b383,2023-12-11 02:00:58+00:00,hu,kisalfold.hu,kisalfold.hu,2023-12-09,"Joel Sartore, a világhírű természetfotós a mosonmagyaróvári Kossuth Lajos Gimnáziumban",https://www.kisalfold.hu/helyi-eletstilus/2023/12/joel-sartore-a-vilaghiru-termeszetfotos-a-mosonmagyarovari-kossuth-lajos-gimnaziumban?utm_source=hirstart&utm_medium=referral&utm_campaign=hiraggregator
313c52439a78bc00736e88d025c5e51200605d6971eadf792fbf802a6e9013ab,2023-11-25 02:46:14+00:00,hu,ma.hu,ma.hu,2023-11-23,Befejeződött a Gyálai Holt-Tisza szennyezett szakaszának kármentesítése,https://www.ma.hu/belfold/395073/Befejezodott_a_Gyalai_HoltTisza_szennyezett_szakaszanak_karmentesitese?place=srss
