id,indexed_date,language,media_name,media_url,publish_date,title,url
ed9a9c32497475bee3d506ac5edb0cb25404ccfcae36e1d42be7653b60a97461,2026-08-31 15:44:28.660081+00:00,hu,index.hu,index.hu,2026-08-31,"Újra életre kel a Lutra album, a Lidl és a WWF Magyarország közös kezdeményezése",https://index.hu/gazdasag/2026/08/31/lidl-wwf-allat-allatvedelem-kornyezetvedelem-album-matrica/
63dbc2855ebf2b07adede9259136c4fd85928c63c9e1eaea2dbe75dc7a7c916a,2026-08-26 08:25:20.413276+00:00,hu,portfolio.hu,portfolio.hu,2026-08-26,Veszélyben a vízkészlet és a versenyképesség – Elindult a végső visszaszámlálás a Sustainable World konferenciára,https://www.portfolio.hu/gazdasag/20260826/veszelyben-a-vizkeszlet-es-a-versenykepesseg-elindult-a-vegso-visszaszamlalas-a-sustainable-world-konferenciara-858224
0cdb19020647c09bd6128a74b00089fca50bdb1de5e326e4cd52f692aef7ea6f,2026-08-19 07:26:12.404665+00:00,hu,portfolio.hu,portfolio.hu,2026-08-19,Svájc valószínűleg elutasítja a semlegesség szigorúbb alkalmazását,https://www.portfolio.hu/gazdasag/20260819/svajc-valoszinuleg-elutasitja-a-semlegesseg-szigorubb-alkalmazasat-857158
f9641db21bbb46629dd92eab055cafd278ee258bade6e8b67f37ac9082db2678,2026-08-17 21:33:44.159875+00:00,hu,rtl.hu,rtl.hu,2026-08-17,"Vízlépcsővel előzné meg a vízhiányt Szalma Botond, a Greenpeace szerint ez tévút",https://rtl.hu/reggeli/2026/08/17/duna-vizlepseg-fajsz-paks-szalma-botond-greenpeace
a7de9f04c57478ec749a38895ada0576b84721c79c292a991561b3ee526137ea,2026-08-16 09:27:58.626002+00:00,hu,index.hu,index.hu,2026-08-16,Tisztított szennyvízből töltenék fel a Velencei-tavat,https://index.hu/tudomany/2026/08/16/greenpeace-bio-diverzitas-viz-hiany-globalis-felmelegedes-klima-valsag-energia/
47ecd4f56c763ea8e1708fd755edc24b97dc0872f7e46af11517f0edbade65ff,2026-08-11 20:27:45.460380+00:00,hu,portfolio.hu,portfolio.hu,2026-08-11,Mi az EU új emissziókereskedelmi szabályozásának várható hatása?,https://www.portfolio.hu/uzlet/20260811/mi-az-eu-uj-emissziokereskedelmi-szabalyozasanak-varhato-hatasa-855242
189f590a60e06ed28d2c34984fef697d3baf82f94eab565f6a27132b1a76a8ac,2026-08-11 19:26:23.560699+00:00,hu,index.hu,index.hu,2026-08-11,"Van megoldás a hőhullámra és a vízhiányra, de komoly áldozatot kellene hoznunk érte",https://index.hu/belfold/2026/08/11/klimavaltozas-eghajlatvaltozas-hohullam-aszaly-vizhiany-idojaras-greenpeace-pribeli-levente/
581feafd2c96819f9fbf3a862822ffc5dc7384d02a1d720a867758b4288d817c,2026-08-11 09:36:14.255273+00:00,hu,portfolio.hu,portfolio.hu,2026-08-11,"Kiszárad a gyönyörű magyar tó: elpárolgott a víz, kettérepedt a meder",https://www.portfolio.hu/gazdasag/20260811/kiszarad-a-gyonyoru-magyar-to-elparolgott-a-viz-ketterepedt-a-meder-855482
0b9060357caabb63f1ffa91120c941e3b434f729c2c26ba93777c5025240e687,2026-08-09 06:25:57.137538+00:00,hu,portfolio.hu,portfolio.hu,2026-08-09,A rövid távú profit vagy a hosszú távú zöld célok számítanak jobban? A körforgásos gazdaság valódi dilemmája,https://www.portfolio.hu/gazdasag/20260809/a-rovid-tavu-profit-vagy-a-hosszu-tavu-zold-celok-szamitanak-jobban-a-korforgasos-gazdasag-valodi-dilemmaja-854198
98827c9e9db77fbb3e30b0ff025a137f79e512132eda5b1bfb2381e5c99ebb13,2026-08-05 11:46:32.931067+00:00,hu,mandiner.hu,mandiner.hu,2026-08-05,"A természetvédők és a mérnökök vitája közben a Duna medre tovább mélyült, ami ma már fontos hazai létesítmények működését is veszélyezteti",https://mandiner.hu/belfold/2026/08/a-termeszetvedok-es-a-mernokok-vitaja-kozben-a-duna-medre-tovabb-melyult-ami-ma-mar-fontos-hazai-letesitmenyek-mukodeset-is-veszelyezteti
bbc7366ba17c5dac201ba529f17e9d791990bec8dd48b8e34daf2cf9d6091c25,2026-08-04 11:29:40.394405+00:00,hu,portfolio.hu,portfolio.hu,2026-08-04,"Új támogatást terveznek Magyarországon: külön pénzt kaphatnak a termelők, ha megőrzik a vizet",https://www.portfolio.hu/gazdasag/20260804/uj-tamogatast-terveznek-magyarorszagon-kulon-penzt-kaphatnak-a-termelok-ha-megorzik-a-vizet-853958
efa4c12e782abbb10d1075e00eaaac6b71e46a6d471fb2ca9f59ab9cd8052148,2026-08-02 20:41:36.906529+00:00,hu,origo.hu,origo.hu,2026-08-02,"Jean-Pascal van Ypersele a klímaváltozásról: A természet nem vár politikai tárgyalásokra, a saját törvényeit követi",https://www.origo.hu/kulpol/2026/08/klima-europa-erdotuz-klimapolitika
640a29ebd14805415b298082faa585bc2083297b56ce7fd4d4bd218c9da24fbb,2026-08-02 17:17:38.455375+00:00,hu,nepszava.hu,nepszava.hu,2026-08-02,"Az erdő nem díszlet, hanem társ: a természetkapcsolat sokkal több, mint egy túra vagy mezítláb járkálni a fűben",https://nepszava.hu/3330141_erdo-termeszet-kapcsolat-borzsony-riport
5577e69667de752ad181eaf0a3d5f504c7584bf72362024f186ec964418aecd2,2026-07-31 02:57:23.537767+00:00,hu,vg.hu,vg.hu,2026-07-30,"Milliárdos erdőtüzek: nemcsak a spanyol erdők, hanem a költségvetés is elfüstöl",https://www.vg.hu/nemzetkozi-gazdasag/2026/07/erdotuz-spanyolorszag-oltasi-koltsegek
e3ab6da5abc344c3c3a18425eda05f23f9c47804ebcb4440f82da543993e0176,2026-07-29 05:25:23.756233+00:00,hu,infostart.hu,infostart.hu,2026-07-29,A tenger mélyére is leért a gyilkos hőség,https://infostart.hu/tudomany/2026/07/29/a-tenger-melyere-is-leert-a-gyilkos-hoseg
b6e25b16d8d909e2774ef4bdddadce832e74b3111c11e188122f439c1f572476,2026-07-28 15:36:18.072432+00:00,hu,portfolio.hu,portfolio.hu,2026-07-28,Elképesztő adatok: már 40 méter mélyen is érezni a felmelegedést,https://www.portfolio.hu/global/20260728/elkepeszto-adatok-mar-40-meter-melyen-is-erezni-a-felmelegedest-852566
ec9f1129ad3817a5865301f1db8984629ff29d0bc20738e256c9df30f7313beb,2026-07-27 05:24:55.767245+00:00,hu,blikk.hu,blikk.hu,2026-07-27,A fák molekuláris szintű nyomonkövetése és klímarezisztens fajok telepítése teremt új korszakot az európai erdőkben,https://www.blikk.hu/ferfiaknak/tech/erdok-eu-digitalis-ellenorzes-uj-korszak/bgexyhy
5d69bd9ceb5b92a1282784699259866830e86f4237e80df97dc258a1f682d283,2026-07-22 20:25:59.350936+00:00,hu,dunaujvaros.com,dunaujvaros.com,2026-07-22,"Virágos Magyarország: újra neveztünk a jeles viadalra, a városban járt a zsűri",https://dunaujvaros.com/hirek/202607/viragos_magyarorszag_ujra_neveztunk_a_jeles_viadalra_a_varosban_jart_a_zsuri
ba3ab4d60e739f21f998390f3bebcf4f354166113960374e6806991b60abe73c,2026-07-21 17:25:12.670978+00:00,hu,hvg.hu,hvg.hu,2026-07-21,"Őrült tempóban fogy az oxigén a vizekből, és ez nagy bajt jelez",https://hvg.hu/tudomany/20260721_viz-oxigenszint-globalis-felmelegedes-klimavaltozas-biodiverzitas
b119ebc43e6892be4b70927fce8dd6d77e62b2e74e2905868b34e3d917e54b8b,2026-07-16 14:32:41.804749+00:00,hu,portfolio.hu,portfolio.hu,2026-07-16,Döntött a dán kormány: drasztikusan átírják a termelés szabályait,https://www.portfolio.hu/podcast/20260716/dontott-a-dan-kormany-drasztikusan-atirjak-a-termeles-szabalyait-850186
8616879e8a18d228e1e2335f3d78237b226386532f332794733b11a9f23effc9,2026-07-15 17:43:08.217947+00:00,hu,hvg.hu,hvg.hu,2026-07-15,"3,04 billió fa élhet a Földön, de sokkal megdöbbentőbb, hogy mennyi tűnt el",https://hvg.hu/tudomany/20260715_mennyi-fa-el-a-foldon-erdo-fakivagas-kornyezetvedelem-globalis-felmelegedes-klimavaltozas
6f4a9bb0ede337b8ca6d1b0b71a5c8c0f46879bf25b38d1ed76e2d4b7537912d,2026-07-15 17:41:20.311140+00:00,hu,hvg.hu,hvg.hu,2026-07-15,Az EU elvesztette a harcot a káros rovarirtó szerek ellen,https://hvg.hu/eurologus/20260715_rovarirto-novenyvedo-egeszsegugy-elelmiszer-biztonsag
9c667e0efc0d3901b51c91591072de787d18c3bf04545bb0561ffbf775bbe119,2026-07-15 15:31:53.206280+00:00,hu,blog.hu,blog.hu,2026-07-15,A KAP Stratégiai Terv beavatkozási területei és forrásainak megoszlása,https://illes-angela.blog.hu/2026/07/15/a_kap_strategiai_terv_beavatkozasi_teruletei_es_forrasainak_megoszlasa
f9706bdb6b9bdf732d20e8e5d124eff4471ef7ee3c68fba03bb34047e7f1b29d,2026-07-15 08:19:25.598385+00:00,hu,portfolio.hu,portfolio.hu,2026-07-15,Klímakockázatok a nyomunkban: előremenekülési útvonalak a fenntarthatóság csúcsrendezvényén,https://www.portfolio.hu/uzlet/20260715/klimakockazatok-a-nyomunkban-eloremenekulesi-utvonalak-a-fenntarthatosag-csucsrendezvenyen-849240
c909343a6a6143f61a9190167c5d24a39f855477fd869afc1ea974c93d0294d3,2026-07-13 10:29:16.612072+00:00,hu,portfolio.hu,portfolio.hu,2026-07-13,Felkerült a Sustainable World konferencia programja: készülnek a vállalatok a zöld gazdaság következő nagy hullámára?,https://www.portfolio.hu/uzlet/20260713/felkerult-a-sustainable-world-konferencia-programja-keszulnek-a-vallalatok-a-zold-gazdasag-kovetkezo-nagy-hullamara-849220
8c30bde6cf4030369cc29b023f91e66f76d8e70bca3d60cf2f0e7de8a1cc2d8f,2026-07-11 06:17:51.546256+00:00,hu,portfolio.hu,portfolio.hu,2026-07-11,Nem kellene életben tartani a falvakat?,https://www.portfolio.hu/krtk/20260711/nem-kellene-eletben-tartani-a-falvakat-848272
e9baea98a7cba0e54d0def2dea079542b0e66e771c5eb301ac9e155eee8da77b,2026-07-10 16:19:46.637092+00:00,hu,blog.hu,blog.hu,2026-07-10,A társadalom szolgálatában – 3. rész,https://mttmuzeum.blog.hu/2026/07/10/a_tarsadalom_szolgalataban_3_resz
1e9f7e8376c18300af037c569d053fcc8f54b82c66d9c7b4a36059f87f7d7e69,2026-07-07 15:26:04.674858+00:00,hu,magyarkurir.hu,magyarkurir.hu,2026-07-07,"Közös szív, cselekvő remény – Teremtésvédelmi nyári egyetemet tartottak Veszprémben",https://www.magyarkurir.hu/hirek/kozos-sziv-cselekvo-remeny-teremtesvedelmi-nyari-egyetemet-tartottak-veszpremben
78c97fe4624111bca137ee6b61ca84e797408c334eb71f6a34a4bd4e48e08dac,2026-07-02 13:38:52.187293+00:00,hu,portfolio.hu,portfolio.hu,2026-07-02,A bivaly mentheti meg a pusztuló termőföldeket? Egyre többen tartják őket,https://www.portfolio.hu/podcast/20260702/a-bivaly-mentheti-meg-a-pusztulo-termofoldeket-egyre-tobben-tartjak-oket-847156
bf7d14cfd08f65cb431e15decfddc2423e3d4266810a1795592959c788ac4fff,2026-07-02 09:34:04.263960+00:00,hu,portfolio.hu,portfolio.hu,2026-07-02,Méregdrága halogatás a zöld átállás? Szeptemberben jön a Sustainable World konferencia,https://www.portfolio.hu/uzlet/20260702/meregdraga-halogatas-a-zold-atallas-szeptemberben-jon-a-sustainable-world-konferencia-847102
1f54f108db4b552406e9f920abb15603145dc0719f68ea43001ef9ddd3adf90b,2026-07-01 08:35:28.103938+00:00,hu,portfolio.hu,portfolio.hu,2026-07-01,A színfalak mögött így dőlnek el az önkormányzatok számára fontos kérdések az EP-ben,https://www.portfolio.hu/krtk/20260701/a-szinfalak-mogott-igy-dolnek-el-az-onkormanyzatok-szamara-fontos-kerdesek-az-ep-ben-845666
2f45453ab2c66186d4baa838aef20aec089b76724ab3a577e4cfbe323324583d,2026-06-29 15:24:26.945386+00:00,hu,hvg.hu,hvg.hu,2026-06-29,"Íme tíz HVG-videó arról, hogyan harcolunk a hőséggel és az aszállyal",https://hvg.hu/elet/20260629_hoseg-aszaly-klimavaltozas-mezogazdasag-varos-nyar-tuleles-video
10b3e6bc07a4e26d9c38ef857434fd8251cee25d9fdbfebddefe3593cfe5ad43,2026-06-27 09:19:08.539632+00:00,hu,kuruc.info,kuruc.info,2026-06-27,- Veszélyeztetett állat- és növényfajok védelmére hoznak létre gén- és sejtbankot az Egyesült Államokban,https://kuruc.info/r/4/303884/
ba44734365be7daf7e38aa0608c46a03984c911c273a43abb3a262b858555640,2026-06-25 13:26:36.949640+00:00,hu,origo.hu,origo.hu,2026-06-25,Hívatlan vendégek szállják meg Magyarországot: a legagresszívebb invazív állatok,https://www.origo.hu/tudomany/2026/06/invazios-fajok-magyarorszagon-2
b4ebe4fa676726933164b1b3579a7c25c880a63d6d78c12bcf83b8e1cfc7d848,2026-06-24 09:17:42.050763+00:00,hu,blikk.hu,blikk.hu,2026-06-24,Hosszú idő után előkerült Hermione: Vilmos herceg és Benedict Cumberbatch oldalán tűnt fel Emma Watson,https://www.blikk.hu/sztarvilag/nemzetkozi-sztarok/emma-watson-vilmos-herceg-benedict-cumberbatch/6s1xxcm
1026a1de0eec3121824876980d32c35a0f4d41de3b62fffb6f0a96b81832548b,2026-06-19 11:38:39.215521+00:00,hu,portfolio.hu,portfolio.hu,2026-06-19,Sikeres külföldi módszerrel motiválnák a természet állapotának javítására az építtetőket,https://www.portfolio.hu/ingatlan/20260619/sikeres-kulfoldi-modszerrel-motivalnak-a-termeszet-allapotanak-javitasara-az-epittetoket-844340
6dce93349b763c5a3b6f1a9b5012f7dca49c267d0b19c3fa2fed3560dd63a607,2026-06-19 10:22:17.593392+00:00,hu,portfolio.hu,portfolio.hu,2026-06-19,ESG és zöld átállás testközelből: jön a Sustainable World 2026,https://www.portfolio.hu/gazdasag/20260619/esg-es-zold-atallas-testkozelbol-jon-a-sustainable-world-2026-844390
93e0ca22c7f0af736ef5a54010c672f032b110222d11c33c3942a12c18e4c725,2026-06-17 12:36:23.532578+00:00,hu,24.hu,24.hu,2026-06-17,Magyarország csatlakozott a Stockholmi Miniszteri Nyilatkozathoz,https://24.hu/tudomany/2026/06/17/magyarorszag-stockholmi-miniszteri-nyilatkozat/
928c708c71b5d773b864cf0504ae19b242d6f41406a11eea13444ded64818541,2026-06-14 13:35:40.156439+00:00,hu,blikk.hu,blikk.hu,2026-06-14,Így étkezhet Európa a jövőben,https://www.blikk.hu/eletmod/egeszseg/europa-egeszsegesebb-fenntarthatobb-etrend/y52vvk6
d43bb0d244dbacd7a5992c541bb480029c0129df1e3d5323d5131c6d300f6643,2026-06-13 20:27:24.465976+00:00,hu,ripost.hu,ripost.hu,2026-06-13,Hátborzongató: zombi parazitát utánoz egy nemrég felfedezett pókfaj,https://ripost.hu/kulfold/2026/06/pokfaj-zombi-parazita
dc4c1c5f6aba050ad97d5070a12cd9f807ad3692dc1575003321d4d958bdeafd,2026-06-09 02:24:28.313313+00:00,hu,szabadfold.hu,szabadfold.hu,2026-06-08,Odúpark lesz Szegeden,https://szabadfold.hu/kozelet/2026/06/odupark-lesz-szegeden
2eded312bb7c5e394b7b44ebd372cb6d3ee8dc6893dfe8751f1ace868ad7f316,2026-06-08 14:31:16.710692+00:00,hu,ripost.hu,ripost.hu,2026-06-08,Kék csoda a bolygónkon: ma van az Óceánok Világnapja – teszteld a tudásod!,https://ripost.hu/insider/2026/06/kviz-az-oceanokrol
f7dda1d79b2ae5fa3dd087f3892ac5484834c8fe4c19237f58c6021608c5d602,2026-06-07 20:22:10.660438+00:00,hu,gondola.hu,gondola.hu,2026-06-07,Denevéreknek alakítanak ki odúparkot Szegeden,https://gondola.hu/hirek/teremtesvedelem-denevereknek-alakitanak-ki-oduparkot-szegeden-320126
9c8ac9d100190a554b96cc949d099778c6dfb86d40055cd52c3b264b589f8051,2026-06-07 20:21:39.962948+00:00,hu,dunaujvaros.com,dunaujvaros.com,2026-06-07,Balkon és madárfütty – zöldítsük a várost!,https://dunaujvaros.com/hirek/202606/balkon_es_madarfutty_zolditsuk_a_varost
1376ca8f774440f50896b9209a32d8e9889c77e4625d64b975dc3f31937b5d59,2026-06-07 14:31:31.399942+00:00,hu,portfolio.hu,portfolio.hu,2026-06-07,"Nálunk is egyre több a közösségi kert, de még több akadályba ütköznek az alulról induló városfejlesztési ötletek",https://www.portfolio.hu/krtk/20260607/nalunk-is-egyre-tobb-a-kozossegi-kert-de-meg-tobb-akadalyba-utkoznek-az-alulrol-indulo-varosfejlesztesi-otletek-841204
e40cec3947e2ce973b161187347b8d968cb8bc26a2bce652db93d1241667e196,2026-06-06 19:18:00.743147+00:00,hu,infostart.hu,infostart.hu,2026-06-06,"Játszótér épül madaraknak, denevéreknek",https://infostart.hu/kultura/2026/06/06/jatszoter-epul-madaraknak-denevereknek
ae01a437f8083c3584282d917446a7b948338f091de96399c7f051431fdb72b5,2026-06-05 18:21:45.976586+00:00,hu,hvg.hu,hvg.hu,2026-06-05,"Ha eddig tartott a mikrobáktól, ideje, hogy kicsit másképp gondoljon rájuk",https://hvg.hu/tudomany/20260605_szalutogen-mikrobak-nyilt-adatbazisa
1b5f8ca364c6cd4f99bf9bb39f2927061a5b076e69db75c6c76223b577296c47,2026-06-05 09:20:58.553417+00:00,hu,blikk.hu,blikk.hu,2026-06-05,Agresszív kígyófaj lepte el a magyarok népszerű nyaralóhelyét: ijesztő sebességgel terjed,https://www.blikk.hu/eletmod/utazas/ibiza-kigyo/26ecflc
a9da6781f0334be2222e17caf9c233187738366cfe2661d75eb1c26f8b73cf18,2026-06-01 17:46:32.073656+00:00,hu,vg.hu,vg.hu,2026-06-01,Nem csak az olaj miatt aggódik a világ: az élelmiszer-ellátás alapjai is veszélybe kerültek a Hormuzi-szorosban – globálisan alakulhat át a mezőgazdaság,https://www.vg.hu/nemzetkozi-gazdasag/2026/06/mutragya-ellatas-hormuzi-szoros-energia-mezogazdasag
6af285f201b133df1741edb3c095a7f1d4052ed7181304b6a4f7c70b2be096f7,2026-05-29 09:23:35.817111+00:00,hu,origo.hu,origo.hu,2026-05-29,Súlyos figyelmeztetés érkezett: hatalmas változás várhat az Alföldre,https://www.origo.hu/itthon/2026/05/vizes-elohelyek-helyreallitasa-alfold-aszaly
5ef71c1ceb0a2a941fda4b5c67a719eaa4b0f3f20bcfa9fb3cb79b2b844bc289,2026-05-28 14:24:08.698922+00:00,hu,blikk.hu,blikk.hu,2026-05-28,"Mindössze 2,5 milliárd embernek lenne hely a Földön, de már 8,3 milliárdan vagyunk",https://www.blikk.hu/ferfiaknak/tech/fold-eltartokepessege-tullepte-a-hatarokat/4gmk5qf
b480a81325024bca74054c6689f4c630fd9039b03bb94b3bf199e5c25e8f0a20,2026-05-26 23:31:01.406204+00:00,hu,portfolio.hu,portfolio.hu,2026-05-26,Drasztikus lépésre készül több uniós tagállam,https://www.portfolio.hu/gazdasag/20260526/drasztikus-lepesre-keszul-tobb-unios-tagallam-839234
3bebb0dcc2fcbb133150db660086a4ea1cbf4e1ed2e8ca60efd0c526b5a3b0c3,2026-05-24 11:37:29.148239+00:00,hu,atv.hu,atv.hu,2026-05-24,"Íme minden, amit tudni lehet a Tisza-kormány új államtitkárairól",https://www.atv.hu/belfold/20260524/tisza-kormany-allamtitkar-2/
831e10c7bdb23dc1e533149d9f998801bb5b5d456928ea15e1c52029433fc15f,2026-05-24 11:21:40.241960+00:00,hu,magyarhirlap.hu,magyarhirlap.hu,2026-05-24,Hivatalos az államtitkárok listája,https://magyarhirlap.hu/belfold/20260524-hivatalos-az-allamtitkarok-listaja
1de4a7bff58f794adb4c4ce72d95eac2a7fa1a5c3b7a1ccc5f1014101d37031b,2026-05-24 10:31:40.278573+00:00,hu,infostart.hu,infostart.hu,2026-05-24,Magyar Péter újabb bejelentése az 55 új államtitkárról,https://infostart.hu/belfold/2026/05/24/magyar-peter-ujabb-kozlese-az-55-allamtitkarrol
479b491fbe0e9c97aeb0a2d824be337fa185c767a7bc4d1b4816772e90e478af,2026-05-24 08:23:16.026648+00:00,hu,mandiner.hu,mandiner.hu,2026-05-24,"Pünkösdvasárnap kineveztek 55 államtitkárt Magyar Péterék, mutatjuk a névsort!",https://mandiner.hu/belfold/2026/05/punkosd-vasarnap-kineveztek-55-allamtitkart-magyar-peterek-mutatjuk-a-nevsort
1880a640a9af37cfc1dae112443b931d35906ca6eaf54496b0b0304a0cf1da0d,2026-05-22 11:44:45.479448+00:00,hu,pecsiujsag.hu,pecsiujsag.hu,2026-05-21,Új erdészeti víztározót hoznak létre Baranyában,https://www.pecsiujsag.hu/pecs/hir/helyi-hireink/uj-erdeszeti-viztarozot-hoznak-letre-baranyaban
eac4da671e4e6ffdc4fd137a8fe13878917a20d96d2b1a56270c31e1770a3f24,2026-05-20 10:46:28.958153+00:00,hu,magyarkurir.hu,magyarkurir.hu,2026-05-20,A vállalatirányítás és a teremtésvédelem összefüggésével foglalkozott a Pázmány workshopja,https://www.magyarkurir.hu/hirek/a-vallalatiranyitas-es-teremtesvedelem-osszefuggesevel-foglalkozott-pazmany-workshopja
b8325ddbaf4898e89633100a155ea166de72e0c659feb30c085ef686ed71b009,2026-05-17 18:22:36.110814+00:00,hu,portfolio.hu,portfolio.hu,2026-05-17,Bejelentette Gajdos László a miniszterhelyettesét,https://www.portfolio.hu/gazdasag/20260517/bejelentette-gajdos-laszlo-a-miniszterhelyetteset-nagy-multu-politikust-hoztak-a-legnehezebb-helyzetekre-837292
e07fb25faca657657a41ba0f2de0a979bbfee175f3a0a62c3b3a32ed077f43bc,2026-05-16 13:40:57.209187+00:00,hu,blikk.hu,blikk.hu,2026-05-16,Újabb névvel bővül Gajdos László csapata: ő lesz az új vízügyi és klímapolitikáért felelős államtitkár,https://www.blikk.hu/politika/magyar-politika/gajdos-laszlo-kelemen-agnes-elo-kornyezetert-felelos-miniszterium/r8mdd74
9889600e48797a1eebc7b3d12bf725590323a82ca311c3513c5d5503181e537a,2026-05-15 16:43:33.445987+00:00,hu,origo.hu,origo.hu,2026-05-15,Magyarországon is megkezdődhet egy alig ismert szupernövény termesztése,https://www.origo.hu/gazdasag/2026/05/aztek-zsalya-szupernoveny-termesztes
2c2d2fc032fa35f3719c6b1ea26db16ba69bf66167a9607cf0ea8e677ad9b170,2026-05-15 15:45:50.493004+00:00,hu,24.hu,24.hu,2026-05-15,Újabb államtitkárt jelentett be Gajdos László,https://24.hu/tudomany/2026/05/15/korosi-levente-allamtitkar-gajdos-laszlo/
55f1766cc0b65354853923eb4e5d5c4117326563bfc5cdb30ad56a569b29494f,2026-05-15 07:22:39.761407+00:00,hu,portfolio.hu,portfolio.hu,2026-05-15,Bóna Szabolcs kimondta: vége a folyamatos állami mentőöveknek Magyarországon,https://www.portfolio.hu/gazdasag/20260515/bona-szabolcs-kimondta-vege-a-folyamatos-allami-mentooveknek-magyarorszagon-836934
7c6b1fff353801a52d5a8a097ff650d17f78fd872c95c867c48678b20c7dcc93,2026-05-14 16:42:53.318681+00:00,hu,magyarhirlap.hu,magyarhirlap.hu,2026-05-14,Sipos Katalin természetvédelemért felelős helyettes államtitkár lesz,https://magyarhirlap.hu/gazdasag/20260514-sipos-katalin-termeszetvedelemert-felelos-helyettes-allamtitkar-lesz
eb16ddf6bd1481e5ded4fa44221869a89f4fa93687dcb02995e4ced19cfdcb89,2026-05-14 05:23:09.553573+00:00,hu,hvg.hu,hvg.hu,2026-05-14,"Úgy gyorsul a klímaváltozás, hogy már a 2022-es aszályról sem mondatjuk biztosra, hogy csak 100 évente egyszer fordulhat elő",https://hvg.hu/gazdasag/20260514_hvg-impacttalks-panelbeszelgetes-termeszeti-kockazatok-klimavaltozas-adaptacio-fenntarthatosagi-jelentes-aszaly
0412bc5fc489a565cdac1791c410f2215dc1865e6a17ac7f453f7098696ee56c,2026-05-14 00:33:56.719666+00:00,hu,magyarhirlap.hu,magyarhirlap.hu,2026-05-13,"Leállítják a védett erdők kitermelését, és szigorítják az ipari szankciókat",https://magyarhirlap.hu/belfold/20260513-leallitjak-a-vedett-erdok-kitermeleset-es-szigoritjak-az-ipari-szankciokat
954038f54ede4d8bc8f5567ca149a46900d6c3afb09a9ab4b47f4922b12ea5b1,2026-05-13 15:32:57.221879+00:00,hu,hvg.hu,hvg.hu,2026-05-13,"HVG Impact Talks: Ökológiai válság, természeti tőke és zöldülő befektetések",https://hvg.hu/360/20260513_impact-talks-hvg-kornyezet-lapozo-trend
2abd0d2032944e768e9cd5b2684f67c03ff896141b6094e1e237a4884c7aad65,2026-05-13 14:17:21.410691+00:00,hu,atv.hu,atv.hu,2026-05-13,"Gajdos László akcióba lendült, azonnali moratóriumot jelentett be",https://www.atv.hu/belfold/20260513/gajdos-laszlo-moratorium-erdo-fa/
ce43bce1109b0fc33b1984e5203c96faa1451bae66c9acb63d61b0a4529d366b,2026-05-13 13:33:14.574366+00:00,hu,kuruc.info,kuruc.info,2026-05-13,"- Leállítják a védett erdők kitermelését, és szigorítják az ipari szankciókat",https://kuruc.info/r/2/302078/
14b79afd1e2cabb677bc83a845082316235f0067650579e777fc3c1357114ccd,2026-05-13 10:49:13.058727+00:00,hu,index.hu,index.hu,2026-05-13,"Máris intézkedni kezdett Gajdos László, azonnali moratóriumot hirdetett",https://index.hu/gazdasag/2026/05/13/gajdos-laszlo-elo-kornyezetert-felelos-miniszter-erdok-kitermeles-ipari-allami-erdogazdalkodas-atalakitas/
142c20f8c1e5bc102e6fec1be540930a684e8e579298bb8a9cb986f839db50ef,2026-05-13 10:41:47.734624+00:00,hu,infostart.hu,infostart.hu,2026-05-13,Kemény intézkedéseket jelentett be a környezetért felelős miniszter,https://infostart.hu/belfold/2026/05/13/kemeny-intezkedeseket-jelentett-be-a-kornyezetert-felelos-miniszter
3a30753b3e88367d5602d8b732d194776a4c6b4e208ea0ecc0646edcc3d1912c,2026-05-10 07:20:01.876292+00:00,hu,portfolio.hu,portfolio.hu,2026-05-10,A tétlenség ára – Óriási összegeket tesz ki a természetkárosítás elhallgatott számlája,https://www.portfolio.hu/gazdasag/20260510/a-tetlenseg-ara-oriasi-osszegeket-tesz-ki-a-termeszetkarositas-elhallgatott-szamlaja-833644
a9574cbbfa00f4c26243c19343c75a3ca484fdf391f8b951f114622ce10b3c78,2026-05-07 09:26:09.518929+00:00,hu,blikk.hu,blikk.hu,2026-05-07,"Elképesztő felfedezés: busz méretű, óriás tintahalat találtak 4 kilométer mélyen a tenger alatt",https://www.blikk.hu/ferfiaknak/tech/uj-fajok-azonositasa-orias-tintahal/11bk62r
ca607bd080a82148a1fdf0a5d26464aa1fec460748b1d7739d5e085cd0dec7e2,2026-04-29 11:29:02.194500+00:00,hu,portfolio.hu,portfolio.hu,2026-04-29,Nem mindennapi jelenetek Magyarországon: a nyílt utcán műtött meg egy szíven szúrt embert egy orvos,https://www.portfolio.hu/gazdasag/20260429/nem-mindennapi-jelenetek-magyarorszagon-a-nyilt-utcan-mutott-meg-egy-sziven-szurt-embert-egy-orvos-833622
0270c1d4c9f9025a839a85323f1b740dbee3f6bce7f475669320dd102b5d43f4,2026-04-29 11:28:37.212471+00:00,hu,portfolio.hu,portfolio.hu,2026-04-29,Sorcserét hajtott végre az Európai Bizottság a csúcsposztokon – itt az új kulcsemberek listája,https://www.portfolio.hu/unios-forrasok/20260429/sorcseret-hajtott-vegre-az-europai-bizottsag-a-csucsposztokon-itt-az-uj-kulcsemberek-listaja-833624
4c9318f0b6fe412fa7a4e8224c83eab300a22fee253a46a6f8c590b7d706cd0f,2026-04-29 11:28:25.625107+00:00,hu,portfolio.hu,portfolio.hu,2026-04-29,Keményen visszavágott Amerikának a legádázabb riválisa: csak alaptalan vádakkal való lejáratásról lenne szó?,https://www.portfolio.hu/global/20260429/kemenyen-visszavagott-amerikanak-a-legadazabb-rivalisa-csak-alaptalan-vadakkal-valo-lejaratasrol-lenne-szo-833630
30ef5e8cc0a53ad09b06d1b8c2ce8a62fdf680e36fe4e947b632c49e7679c446,2026-04-29 11:28:02.533789+00:00,hu,portfolio.hu,portfolio.hu,2026-04-29,Súlyos uniós ügyeket robbantott ki a leköszönő Orbán-kormány – Magyar Péter vezetése bírósági eljárásokat örököl,https://www.portfolio.hu/unios-forrasok/20260429/sulyos-unios-ugyeket-robbantott-ki-a-lekoszono-orban-kormany-magyar-peter-vezetese-birosagi-eljarasokat-orokol-833632
2ce74dea87daf0fa49a7d7980084d02f4a537f511d27480f8af69b56cab5e889,2026-04-29 10:45:08.911336+00:00,hu,portfolio.hu,portfolio.hu,2026-04-29,Rálőttek egy óvodára Budapest mellett,https://www.portfolio.hu/gazdasag/20260429/ralottek-egy-ovodara-budapest-mellett-833592
59f79bde01247d73a34475067e8994562326b2dedb738ac080c7f5bda8930c8f,2026-04-29 10:45:03.397391+00:00,hu,portfolio.hu,portfolio.hu,2026-04-29,"Mindent elveszíthetnek a legszegényebb országok, ha nem segítik az EU migrációs korlátozásait",https://www.portfolio.hu/unios-forrasok/20260429/mindent-elveszithetnek-a-legszegenyebb-orszagok-ha-nem-segitik-az-eu-migracios-korlatozasait-833582
3e72f37812f96086bf01d06d1fc1bcffb840543898da332b4884d69fed98fb50,2026-04-29 10:44:53.847578+00:00,hu,portfolio.hu,portfolio.hu,2026-04-29,Leleplezték az oroszok titkos emberét: szabotázsakciókra készülhettek az európai nagyhatalom területén,https://www.portfolio.hu/global/20260429/lelepleztek-az-oroszok-titkos-emberet-szabotazsakciokra-keszulhettek-az-europai-nagyhatalom-teruleten-833598
b2c7d0789b592dd8bf4368ee170b1ae0b4d139ffbb7476f2c96c42ae5926704a,2026-04-29 10:44:48.238407+00:00,hu,portfolio.hu,portfolio.hu,2026-04-29,Gazdasági fordulópont? Júniusban Debrecenben is a gazdasági kilátások lesznek a középpontban,https://www.portfolio.hu/gazdasag/20260429/gazdasagi-fordulopont-juniusban-debrecenben-is-a-gazdasagi-kilatasok-lesznek-a-kozeppontban-833462
78a07d262f6433a11b045b35dd7bf8c508111ff6f953305d50d534a757c9ca6b,2026-04-29 10:44:30.092184+00:00,hu,portfolio.hu,portfolio.hu,2026-04-29,Mondja el véleményét a Pénzcentrumról – olvasói felmérést indít a Portfolio Csoport,https://www.portfolio.hu/gazdasag/20260429/mondja-el-velemenyet-a-penzcentrumrol-olvasoi-felmerest-indit-a-portfolio-csoport-833594
e01da6d8b4f3718622182827bd2c6dc32b2be36fe50729d02e145dca3040155c,2026-04-29 10:44:23.169966+00:00,hu,portfolio.hu,portfolio.hu,2026-04-29,"A bankok, a szabályozók és a fintechek egy helyen! Május 28-án jön a Portfolio Financial IT konferenciája",https://www.portfolio.hu/bank/20260429/a-bankok-a-szabalyozok-es-a-fintechek-egy-helyen-majus-28-an-jon-a-portfolio-financial-it-konferenciaja-833526
d54b206f7ae691506949df325ebef190e12d4255e3e89f665dc486d3fff2a3d5,2026-04-29 10:44:18.259485+00:00,hu,portfolio.hu,portfolio.hu,2026-04-29,Autósok és kerékpárosok figyelem! Lezárják a budapesti közlekedés egyik ütőerét,https://www.portfolio.hu/ingatlan/20260429/autosok-es-kerekparosok-figyelem-lezarjak-a-budapesti-kozlekedes-egyik-utoeret-833618
bc8d3ed56f20f97feb994b1c4dd04e823a2a951c5aa907b195f5e85dcf144661,2026-04-29 10:43:41.380747+00:00,hu,portfolio.hu,portfolio.hu,2026-04-29,Meglépi a miniszter: teljesen átalakítják az életmentő kezelések támogatását Magyarországon,https://www.portfolio.hu/gazdasag/20260429/meglepi-a-miniszter-teljesen-atalakitjak-az-eletmento-kezelesek-tamogatasat-magyarorszagon-833610
be142deacbe615ed553f3cc2c7e451e8f925afa19d18326cee203c548a66adb9,2026-04-29 10:43:36.312042+00:00,hu,portfolio.hu,portfolio.hu,2026-04-29,"Döntöttek a részvényesek, pénzeső jön a Graphisoft Parknál",https://www.portfolio.hu/uzlet/20260429/dontottek-a-reszvenyesek-penzeso-jon-a-graphisoft-parknal-833616
fd52a6c0744d634ddf45cb08708347bfdd37cc2029e8dda74c2d968d8957612a,2026-04-29 10:43:31.317225+00:00,hu,portfolio.hu,portfolio.hu,2026-04-29,A gyermekek Facebook- és Instagram-használata miatt ment neki a Metának az Európai Bizottság,https://www.portfolio.hu/uzlet/20260429/a-gyermekek-facebook-es-instagram-hasznalata-miatt-ment-neki-a-metanak-az-europai-bizottsag-833604
96f2eb4a83f32088685de7a9690bc02510cc5057bbdfa935cdaa17c1539bebe7,2026-04-29 10:43:26.654506+00:00,hu,portfolio.hu,portfolio.hu,2026-04-29,"Rápirított az MNB a lakossági befektetőkre, hozhatnánk jobb pénzügyi döntéseket is",https://www.portfolio.hu/befektetes/20260429/rapiritott-az-mnb-a-lakossagi-befektetokre-hozhatnank-jobb-penzugyi-donteseket-is-833586
37d31ed919907b3ad20ef7215b1ed000cfc21f9ec317dfa194159b55c4302f5d,2026-04-29 10:43:21.540410+00:00,hu,portfolio.hu,portfolio.hu,2026-04-29,"Tarr Zoltán elmondta, mik a tervei kulturális miniszterként",https://www.portfolio.hu/global/20260429/tarr-zoltan-elmondta-mik-a-tervei-kulturalis-miniszterkent-833600
9e34c23b1364e26afcb69688549988d7d0dd9ee9d86bee23216e26572e3b769c,2026-04-29 10:43:16.706871+00:00,hu,portfolio.hu,portfolio.hu,2026-04-29,"Újra bankokat vesznek az osztrákok, egy magyar vásárló is a régiós lista élére került",https://www.portfolio.hu/bank/20260429/ujra-bankokat-vesznek-az-osztrakok-egy-magyar-vasarlo-is-a-regios-lista-elere-kerult-833614
884f6e976d64d9188825403f97b298481889b3691b45718e8ac313f76f146912,2026-04-29 10:43:11.336133+00:00,hu,portfolio.hu,portfolio.hu,2026-04-29,"Újabb lépéssel borzolja a kedélyeket Donald Trump: íme a következő dolog, amin az ő arca viríthat mindenkire",https://www.portfolio.hu/global/20260429/ujabb-lepessel-borzolja-a-kedelyeket-donald-trump-ime-a-kovetkezo-dolog-amin-az-o-arca-virithat-mindenkire-833590
04e701b9a68dd4569ab04e2788a46990f97485bca3f99143e4c8cf2e9b5f0cc9,2026-04-29 10:43:06.438840+00:00,hu,portfolio.hu,portfolio.hu,2026-04-29,Zajlik a Richter közgyűlése,https://www.portfolio.hu/uzlet/20260429/zajlik-a-richter-kozgyulese-megszolalt-orban-gabor-az-osztalekrol-kerdez-a-tebesz-833574
7142485324d2276ffb81f6b97c2d7a58f01a46dfc886ec56c16fb39bb0ac780f,2026-04-29 10:42:56.115843+00:00,hu,portfolio.hu,portfolio.hu,2026-04-29,Dőlnek a dominók Romániában: egy csapásra több tucat tisztségviselő hagyta el a kormányt,https://www.portfolio.hu/global/20260429/dolnek-a-dominok-romaniaban-egy-csapasra-tobb-tucat-tisztsegviselo-hagyta-el-a-kormanyt-833612
9ab3d1cc99296ef6a7749bd7473793219c2e0528b8f30fe7f0bb39af0375e3a9,2026-04-29 09:26:21.861442+00:00,hu,portfolio.hu,portfolio.hu,2026-04-29,Letöltendő szabadságvesztést kértek a győri Aston Martin-os gázolóra,https://www.portfolio.hu/gazdasag/20260429/letoltendo-szabadsagvesztest-kertek-a-gyori-aston-martin-os-gazolora-833588
2ad4b6713dd15268ad2982b1fd9be883cb2750673eb151b2bb4c5012b250251f,2026-04-29 09:25:15.324709+00:00,hu,portfolio.hu,portfolio.hu,2026-04-29,Megszólalt a leköszönő miniszter az uniós források kiszabadításáról – rengeteg állítás nem stimmel,https://www.portfolio.hu/unios-forrasok/20260429/megszolalt-a-lekoszono-miniszter-az-unios-forrasok-kiszabaditasarol-rengeteg-allitas-nem-stimmel-833552
9acc9ca9f0de0fcb39c639b3859db9c1c111e61e3d16f7c2eb73997a61955ff5,2026-04-29 09:24:50.503912+00:00,hu,portfolio.hu,portfolio.hu,2026-04-29,Döntött Trump: még hosszú ideig nyögheti a világ a fájdalmas tengeri blokád lesújtó hatásait,https://www.portfolio.hu/global/20260429/dontott-trump-meg-hosszu-ideig-nyogheti-a-vilag-a-fajdalmas-tengeri-blokad-lesujto-hatasait-833570
0f9f3c8418ca3d0bfa96b278ef60473683b0ef36f321f4ef0373b94eb19a9b0a,2026-04-29 09:22:12.953681+00:00,hu,portfolio.hu,portfolio.hu,2026-04-29,Hat éve nem esett ekkorát a BYD profitja,https://www.portfolio.hu/uzlet/20260429/hat-eve-nem-esett-ekkorat-a-byd-profitja-833572
d45fb13d56bf573984bb0ae281d97004845e3c9fb3680dd5107d07e78a9b3759,2026-04-29 09:22:07.910892+00:00,hu,portfolio.hu,portfolio.hu,2026-04-29,"Mi lesz a 3%-os hitellel, ha közben mégsem épül meg a társasház?",https://www.portfolio.hu/ingatlan/20260429/mi-lesz-a-3-os-hitellel-ha-kozben-megsem-epul-meg-a-tarsashaz-833448
e521585fe0c2e59ac8c52fc90051c2a1d0b9116d31e280e22d1caef89eb748d5,2026-04-29 09:22:03.013704+00:00,hu,portfolio.hu,portfolio.hu,2026-04-29,"Nincs megállás az olajpiacon, megint csúcsközelbe emelkedtek az árak",https://www.portfolio.hu/gazdasag/20260429/nincs-megallas-az-olajpiacon-megint-csucskozelbe-emelkedtek-az-arak-833576
d47ab05ad2bce6769070547813d78a335c5e5a921eebe453fd8d6dc2faa26d43,2026-04-29 09:21:21.836780+00:00,hu,portfolio.hu,portfolio.hu,2026-04-29,Medián: a Fidesz-szavazók is egyre inkább elfogadják Magyar Pétert,https://www.portfolio.hu/global/20260429/median-a-fidesz-szavazok-is-egyre-inkabb-elfogadjak-magyar-petert-833558
816a6f3d7902fb83125a957f1d657c218f58933613082f20a82a5af758ad65ba,2026-04-29 09:21:16.787016+00:00,hu,portfolio.hu,portfolio.hu,2026-04-29,A koronavírus-járvány idején menesztett magyar csúcsvezetővel erősít a Tisza Párt,https://www.portfolio.hu/global/20260429/a-koronavirus-jarvany-idejen-menesztett-magyar-csucsvezetovel-erosit-a-tisza-part-833562
28b9c2be60310b34ef25e6ed7c7851f2dff1fd8c9c4ab82bb7a499d1d1e09549,2026-04-29 09:21:11.739432+00:00,hu,portfolio.hu,portfolio.hu,2026-04-29,Nem kegyelmeznek a bukott elnöknek: több életre elegendő börtönbüntetéssel számolhat,https://www.portfolio.hu/global/20260429/nem-kegyelmeznek-a-bukott-elnoknek-tobb-eletre-elegendo-bortonbuntetessel-szamolhat-833580
3baee914964cced257475bf96e1eb75590c0c2159a4bd8085294410305bf6532,2026-04-29 09:21:01.826829+00:00,hu,portfolio.hu,portfolio.hu,2026-04-29,"Kellemes meglepetés az Adidastól, tépik a részvényt",https://www.portfolio.hu/uzlet/20260429/kellemes-meglepetes-az-adidastol-tepik-a-reszvenyt-833556
b35122deac18f37edc908861b5aa05c1af84d4940979b74e3a4aa52cc6d8a1f8,2026-04-29 09:20:29.894482+00:00,hu,portfolio.hu,portfolio.hu,2026-04-29,Éktelen haragra gerjedt Trump Merz szavai miatt – Németország is megkapta a magáét az amerikai elnöktől,https://www.portfolio.hu/global/20260429/ektelen-haragra-gerjedt-trump-merz-szavai-miatt-nemetorszag-is-megkapta-a-magaet-az-amerikai-elnoktol-833566
5607a7d08f617b548154f57cb032ce95d3188211e2d3852b902b6aa93265d45d,2026-04-29 09:20:21.802401+00:00,hu,portfolio.hu,portfolio.hu,2026-04-29,Ebből még nagy baj lehet: a hegyek gyomrában rejtőzik a rettegett fegyverarzenál,https://www.portfolio.hu/global/20260429/ebbol-meg-nagy-baj-lehet-a-hegyek-gyomraban-rejtozik-a-rettegett-fegyverarzenal-komoly-veszely-leselkedik-a-vilagra-833444
2b18ef4f578d689426314459b6c199e239f98deb61221e8231e68df52c433b6c,2026-04-29 09:20:16.744964+00:00,hu,portfolio.hu,portfolio.hu,2026-04-29,"Új átverés terjed Magyarországon: azokat hívják fel a csalók, akiket egyszer már kifosztottak",https://www.portfolio.hu/bank/20260429/uj-atveres-terjed-magyarorszagon-azokat-hivjak-fel-a-csalok-akiket-egyszer-mar-kifosztottak-833568
6432793b2f27c9969049b15a68df73152708c4065ae69f6b190f36ba7983601e,2026-04-29 09:20:11.217080+00:00,hu,portfolio.hu,portfolio.hu,2026-04-29,"Óvatos emelkedéssel kezd a magyar tőzsde, felpattant a Richter",https://www.portfolio.hu/uzlet/20260429/ovatos-emelkedessel-kezd-a-magyar-tozsde-felpattant-a-richter-833560
b2eb6c1a48b31aa460f37881ef003def08d9077c7fae47af49e9aba4849ff849,2026-04-29 09:20:06.408843+00:00,hu,portfolio.hu,portfolio.hu,2026-04-29,Elkezdődött a Richter közgyűlése,https://www.portfolio.hu/uzlet/20260429/elkezdodott-a-richter-kozgyulese-megszolalt-orban-gabor-833574
8200faec8c0b68c7123fa0247934dc697ebfd2ee5c6aecf5b4417e0b099937df,2026-04-29 09:19:46.410667+00:00,hu,portfolio.hu,portfolio.hu,2026-04-29,Egy kriptokereskedővel állt össze a világ legnagyobb vagyonkezelője és az egyik brit nagybank,https://www.portfolio.hu/bank/20260429/egy-kriptokereskedovel-allt-ossze-a-vilag-legnagyobb-vagyonkezeloje-es-az-egyik-brit-nagybank-833564
1c0b801138298e65a46a505cf0f6cd7b4409aaf0be7d48635578f9c1203e89d4,2026-04-29 08:19:08.444320+00:00,hu,portfolio.hu,portfolio.hu,2026-04-29,"Kimondták a kutatók: sosem látott hőség perzselte fel Európát tavaly, de ez még csak a kezdet",https://www.portfolio.hu/global/20260429/kimondtak-a-kutatok-sosem-latott-hoseg-perzselte-fel-europat-tavaly-de-ez-meg-csak-a-kezdet-833546
573aaf5da72be9f12e8cdfa95918b0a83a41d3d655db09c1746b01bc03363adf,2026-04-29 08:19:01.841034+00:00,hu,portfolio.hu,portfolio.hu,2026-04-29,Trump megölésével fenyegetett a volt FBI-igazgató? Egy Instagram-poszt miatt fogták perbe az elnök nemezisét,https://www.portfolio.hu/global/20260429/trump-megolesevel-fenyegetett-a-volt-fbi-igazgato-egy-instagram-poszt-miatt-fogtak-perbe-az-elnok-nemeziset-833516
800d5f21750fa581be290519784003d974460ede5a394058bbaeb88085209a4a,2026-04-29 08:18:55.651517+00:00,hu,portfolio.hu,portfolio.hu,2026-04-29,Jelentett a Deutsche Bank: még soha nem volt ekkora a nyereség,https://www.portfolio.hu/bank/20260429/jelentett-a-deutsche-bank-meg-soha-nem-volt-ekkora-a-nyereseg-833538
1521e12ef5dc336a5b1f255a7d8e5201623d39493d1da7fc4f0bf0528831511f,2026-04-29 08:18:37.739523+00:00,hu,portfolio.hu,portfolio.hu,2026-04-29,"Új lendületet adott a forintnak az MNB, ma külföldről érkezik a magyar deviza sorsát meghatározó döntés",https://www.portfolio.hu/deviza/20260429/uj-lenduletet-adott-a-forintnak-az-mnb-ma-kulfoldrol-erkezik-a-magyar-deviza-sorsat-meghatarozo-dontes-833528
394105d99593d6615de89975db4bf815c7c921d4a7959fa6ce236f82152cc7ec,2026-04-29 08:18:32.541556+00:00,hu,portfolio.hu,portfolio.hu,2026-04-29,Váratlanul letiltotta az egyik nagy AI-modellt az amerikai óriásbank,https://www.portfolio.hu/bank/20260429/varatlanul-letiltotta-az-egyik-nagy-ai-modellt-az-amerikai-oriasbank-833518
7d862de88dc1948ec99371fc4a9059d5d212c5a3575797f967a955dc7f019d4e,2026-04-29 08:18:27.653649+00:00,hu,portfolio.hu,portfolio.hu,2026-04-29,"A leváltott Orbán-kormány még gyorsan leosztotta az uniós csúcsposztokat, mielőtt jönne Magyar Péter",https://www.portfolio.hu/unios-forrasok/20260429/a-levaltott-orban-kormany-meg-gyorsan-leosztotta-az-unios-csucsposztokat-mielott-jonne-magyar-peter-833548
ba5491a2d6f9939b2491d74a7c59b1cb4bf805535330a1bb103c23352056a1d8,2026-04-29 08:18:22.801223+00:00,hu,portfolio.hu,portfolio.hu,2026-04-29,"Rekord pénzeket mozdítottak meg a befektetők: kiderült, hol vészelnék át az iráni háborút",https://www.portfolio.hu/befektetes/20260429/rekord-penzeket-mozditottak-meg-a-befektetok-kiderult-hol-veszelnek-at-az-irani-haborut-833554
96ba54ff34cac5c3af9f3b1105c78b223763bae33033315e1e7b809060afda3e,2026-04-29 08:18:17.509731+00:00,hu,portfolio.hu,portfolio.hu,2026-04-29,"Nagyot esett a profit a Mercedes-Benznél, mégis van minek örülni",https://www.portfolio.hu/uzlet/20260429/nagyot-esett-a-profit-a-mercedes-benznel-megis-van-minek-orulni-833550
7b284041ef2ed1ecfa682bff5e4af171ccc784de5997af5d0d803d34a0dc0dac,2026-04-29 08:18:12.671344+00:00,hu,portfolio.hu,portfolio.hu,2026-04-29,"Megszólalt Király Júlia: nemcsak az Erstét, minket is többször megzsaroltak",https://www.portfolio.hu/bank/20260429/megszolalt-kiraly-julia-nemcsak-az-erstet-minket-is-tobbszor-megzsaroltak-833524
d300bdb7642e803ff64e0621a0bfe3d4d090292ad00fbaeb848016021cd0ff6a,2026-04-29 08:18:07.510340+00:00,hu,portfolio.hu,portfolio.hu,2026-04-29,"Már csak napok vannak hátra: hamarosan kiderül, hogyan faraghatják le az energiaszámlákat a hazai vállalatok",https://www.portfolio.hu/uzlet/20260429/mar-csak-napok-vannak-hatra-hamarosan-kiderul-hogyan-faraghatjak-le-az-energiaszamlakat-a-hazai-vallalatok-833540
94f7e0fc657ef2617fb49de47b43e44fb15537adc778c67ff8b7aa21c89e3ce1,2026-04-29 08:18:02.720259+00:00,hu,portfolio.hu,portfolio.hu,2026-04-29,Különös időzítéssel találkozik az Európai Bizottság az uniós pénzeket felügyelő magyar hatóság elnökével,https://www.portfolio.hu/unios-forrasok/20260429/kulonos-idozitessel-talalkozik-az-europai-bizottsag-az-unios-penzeket-felugyelo-magyar-hatosag-elnokevel-833542
aa3a60fd46667ba986d45d06af3d5f591e5fe6aca08c54c3b35eb8b6e1d8da16,2026-04-29 08:17:57.624836+00:00,hu,portfolio.hu,portfolio.hu,2026-04-29,"Választás 2026: majdnem teljes a Tisza-kormány, átalakulás zajlik a Fideszben",https://www.portfolio.hu/global/20260429/valasztas-2026-majdnem-teljes-a-tisza-kormany-atalakulas-zajlik-a-fideszben-833520
6bbba840559cc3832dbd2dfe52be83e4411cdda9b543bf2b64c1e5500ad61c0a,2026-04-29 08:17:52.784619+00:00,hu,portfolio.hu,portfolio.hu,2026-04-29,"Kirobbanó formában a legnagyobb svájci bank, örülhetnek a részvényesek",https://www.portfolio.hu/bank/20260429/kirobbano-formaban-a-legnagyobb-svajci-bank-orulhetnek-a-reszvenyesek-833530
3e40a99505b9c9f8ed06a714efe5608f8d8b84ef8fa29d02b209ac6c9ca278b0,2026-04-29 08:17:47.849860+00:00,hu,portfolio.hu,portfolio.hu,2026-04-29,"Bejelentette Zelenszkij: olyanra készül Ukrajna, ami pár éve még elképzelhetetlen lett volna",https://www.portfolio.hu/global/20260429/bejelentette-zelenszkij-olyanra-keszul-ukrajna-ami-par-eve-meg-elkepzelhetetlen-lett-volna-833522
510dac5f8ca2e2ba92783efa9b4bb79f9e788d35ad34db9ce9c7ede1fc66ff46,2026-04-29 08:17:42.942627+00:00,hu,portfolio.hu,portfolio.hu,2026-04-29,"Történelmi beszéd a Kongresszusban: III. Károly olyan célzásokat is tett, amiket Trump nem nézhetett jó szemmel",https://www.portfolio.hu/global/20260429/tortenelmi-beszed-a-kongresszusban-iii-karoly-olyan-celzasokat-is-tett-amiket-trump-nem-nezhetett-jo-szemmel-833536
58551a762367605a659045a1cddfc08377d8a21c4ff210edca7384b2f9371707,2026-04-29 08:17:38.885140+00:00,hu,portfolio.hu,portfolio.hu,2026-04-29,"OTP, Nvidia, arany, olaj vagy bitcoin? Mibe tegyük a pénünket?",https://www.portfolio.hu/uzlet/20260429/otp-nvidia-arany-olaj-vagy-bitcoin-mibe-tegyuk-a-penunket-794572
c2d94545d861f55b5a79f716b8854f11125ff0c23d0e30dc0c9fc37ad64c3e4a,2026-04-29 08:17:33.627526+00:00,hu,portfolio.hu,portfolio.hu,2026-04-29,"Sokatmondó bejelentést tett Moszkva: nem lesz akkora felhajtás a legnagyobb ünnepük körül, mint azelőtt",https://www.portfolio.hu/global/20260429/sokatmondo-bejelentest-tett-moszkva-nem-lesz-akkora-felhajtas-a-legnagyobb-unnepuk-korul-mint-azelott-833544
340fad1057da64f3cf73e78c1ac23b1dcd25bed2dd40c3bcca3b60ecd1f690b8,2026-04-29 08:17:29.163892+00:00,hu,portfolio.hu,portfolio.hu,2026-04-29,Ma alaposan felpörögnek az események a tőzsdéken,https://www.portfolio.hu/uzlet/20260429/ma-alaposan-felporognek-az-esemenyek-a-tozsdeken-mutatjuk-mire-kell-figyelni-833534
9e157c9f729d02dc1d77ab7e46564781566770886aa557d04c6e3b7847796a27,2026-04-29 08:17:24.926318+00:00,hu,portfolio.hu,portfolio.hu,2026-04-29,"Apokaliptikus jelenetek Tuapszében, megszólalt Putyin az ukrán támadás után – Híreink az orosz-ukrán frontról szerdán",https://www.portfolio.hu/global/20260429/apokaliptikus-jelenetek-tuapszeben-megszolalt-putyin-az-ukran-tamadas-utan-hireink-az-orosz-ukran-frontrol-szerdan-833508
ad5fdf2e6eedbacf3c2b5dc568eab34abb15875bcf1c155bab05160adda0c8a2,2026-04-29 08:17:22.204135+00:00,hu,portfolio.hu,portfolio.hu,2026-04-29,"Megjött a jelentés: így bénult meg a Hormuzi-szoros, súlyos számok láttak napvilágot",https://www.portfolio.hu/global/20260429/megjott-a-jelentes-igy-benult-meg-a-hormuzi-szoros-sulyos-szamok-lattak-napvilagot-833532
ab96ad70994cd4876c89684edc12752f987d4945b49081facdbae10ce76cf08c,2026-04-29 07:24:49.839084+00:00,hu,portfolio.hu,portfolio.hu,2026-04-29,Fájdalmas bejelentést tettek a kutatók: egy Dániával egyenlő területű esőerdő tűnt el örökre,https://www.portfolio.hu/gazdasag/20260429/fajdalmas-bejelentest-tettek-a-kutatok-egy-daniaval-egyenlo-teruletu-esoerdo-tunt-el-orokre-833510
a81b51087e690596af7a77fe66177a5ff68debd7a4506d71bb2f7c4ceab37ac1,2026-04-29 05:18:51.122032+00:00,hu,portfolio.hu,portfolio.hu,2026-04-28,Gyanús mozgolódás: kínai hadihajók tűntek fel a feszült térségben,https://www.portfolio.hu/global/20260428/gyanus-mozgolodas-kinai-hadihajok-tuntek-fel-a-feszult-tersegben-833270
83b52b5d2de7b188b08d02bb3553d27246c6729765763e449b3643a289eede67,2026-04-29 05:18:30.457156+00:00,hu,portfolio.hu,portfolio.hu,2026-04-28,"Olaj a tűzre: már így is katasztrofális a helyzet az orosz finomítónál, erre most újabb csapást szenvedett el",https://www.portfolio.hu/global/20260428/olaj-a-tuzre-mar-igy-is-katasztrofalis-a-helyzet-az-orosz-finomitonal-erre-most-ujabb-csapast-szenvedett-el-833276
5ea818085a8a163b74cbeee722e4be3a3440a6651a529fb2d548b2c4a3d1cdf1,2026-04-29 05:17:47.138626+00:00,hu,portfolio.hu,portfolio.hu,2026-04-29,"Holnap kiderül, meglökte-e a magyar gazdaságot a választási kiköltekezés",https://www.portfolio.hu/gazdasag/20260429/holnap-kiderul-meglokte-e-a-magyar-gazdasagot-a-valasztasi-kikoltekezes-833348
39fb592f06b26ea2543ae15a9f8f5d755c5b0bcc385389426b5997c1958b00e7,2026-04-29 05:17:28.004546+00:00,hu,portfolio.hu,portfolio.hu,2026-04-28,"Dubajból induló szuperjacht kelt át a lezárt Hormuzi-szoroson, nem is akárkié",https://www.portfolio.hu/global/20260428/dubajbol-indulo-szuperjacht-kelt-at-a-lezart-hormuzi-szoroson-nem-is-akarkie-833264
3fcc39b61e44cb4c7e790c83ff5a82ae99cd09e9abaec648aa86f3b8575f37b6,2026-04-28 23:42:26.658955+00:00,hu,portfolio.hu,portfolio.hu,2026-04-28,"Az életbiztosítók ellen fordultak a befektetők, messzire mutatnak a piaci spekulációk",https://www.portfolio.hu/befektetes/20260428/az-eletbiztositok-ellen-fordultak-a-befektetok-messzire-mutatnak-a-piaci-spekulaciok-833266
4940646be971ae741117868a0c1579ae68136effa13cd301de29ce8bc583c354,2026-04-28 23:40:53.156644+00:00,hu,portfolio.hu,portfolio.hu,2026-04-28,"Itt az ország, ahol térdre kényszerítik a Facebookot, a Google-t és a TikTokot!",https://www.portfolio.hu/befektetes/20260428/itt-az-orszag-ahol-terdre-kenyszeritik-a-facebookot-a-google-t-es-a-tiktokot-833268
78918393d007ced33a43903295aa38e9e870d08cf3d076db35afbc2ee93605c4,2026-04-28 21:33:42.433777+00:00,hu,portfolio.hu,portfolio.hu,2026-04-28,"Egyre vékonyabb jégen táncol az európai hatalom vezetője: ezúttal megúszta, hogy a körmére nézzenek",https://www.portfolio.hu/global/20260428/egyre-vekonyabb-jegen-tancol-az-europai-hatalom-vezetoje-ezuttal-meguszta-hogy-a-kormere-nezzenek-833504
8c876f984d0b3cc43898b2b328b733d38008a47d39f0cab2e5e54e6aea851a4e,2026-04-28 21:32:44.982325+00:00,hu,portfolio.hu,portfolio.hu,2026-04-28,Megszólalt a Szerencsejáték Zrt. a négyszeres telitalálat után: ezt tudni a nyertesekről és a hatósági vizsgálatról,https://www.portfolio.hu/uzlet/20260428/megszolalt-a-szerencsejatek-zrt-a-negyszeres-telitalalat-utan-ezt-tudni-a-nyertesekrol-es-a-hatosagi-vizsgalatrol-833506
7edf6336cfc2a5f1d83a4d452c3b659bd18afaf8a6ab4dd8597b08b4ece7582b,2026-04-28 21:32:04.117386+00:00,hu,portfolio.hu,portfolio.hu,2026-04-28,"Aggasztó hírek jöttek az OpenAI-tól, megremegtek a tőzsdék",https://www.portfolio.hu/uzlet/20260428/aggaszto-hirek-jottek-az-openai-tol-megremegtek-a-tozsdek-833260
9057c3fd9a9476f762e8f6ffc4ca90f6841fba70d0b41ce22c559af8b3e8cd31,2026-04-28 20:32:41.247419+00:00,hu,portfolio.hu,portfolio.hu,2026-04-28,"Videó: egy napja pusztítanak a kolosszális lángok az orosz városban – 250-en sem bírnak a tűzzel, rendkívüli állapotot hirdettek",https://www.portfolio.hu/global/20260428/video-egy-napja-pusztitanak-a-kolosszalis-langok-az-orosz-varosban-250-en-sem-birnak-a-tuzzel-rendkivuli-allapotot-hirdettek-833496
907ea5f7f3d65434b3d8aa9eb1a445fcf11171a36290bc4ee8ca54c44efc248a,2026-04-28 20:30:59.425831+00:00,hu,portfolio.hu,portfolio.hu,2026-04-28,"Olyan számok érkeztek, amiktől hüledezhet Trump: Achilles-sarkot csinált saját szupererejéből",https://www.portfolio.hu/global/20260428/olyan-szamok-erkeztek-amiktol-huledezhet-trump-achilles-sarkot-csinalt-sajat-szupererejebol-833500
db3f26741a1ef8f067816750c5a4f1cb0bd62040aa0cafa36a1d9cf9edbe5763,2026-04-28 20:30:47.575378+00:00,hu,portfolio.hu,portfolio.hu,2026-04-28,Kármán András leendő pénzügyminiszter fontos találkozón van túl,https://www.portfolio.hu/gazdasag/20260428/karman-andras-leendo-penzugyminiszter-fontos-talalkozon-van-tul-833502
13e34aee0b82533b8d3a7196752923b92c7726af0913bbea5634137aa7516a28,2026-04-28 20:27:27.180347+00:00,hu,portfolio.hu,portfolio.hu,2026-04-27,"Új irányba kacsingat az OpenAI, nagy felfordulás jöhet a mobiltelefonok piacán",https://www.portfolio.hu/uzlet/20260427/uj-iranyba-kacsingat-az-openai-nagy-felfordulas-johet-a-mobiltelefonok-piacan-833134
5a738c784f422e8aa69bad437f4daa66d5f8b95d9f87df5a45bec5f5d3883163,2026-04-28 20:27:22.215866+00:00,hu,portfolio.hu,portfolio.hu,2026-04-28,Csökkenő bevétel mellett stabil profit a Glosternél,https://www.portfolio.hu/uzlet/20260428/csokkeno-bevetel-mellett-stabil-profit-a-glosternel-833498
3fc955f6c7f6aba7fbc7621a4b3f3801fc817b63a61843cd043d59d4d5339fe5,2026-04-28 20:27:17.286184+00:00,hu,portfolio.hu,portfolio.hu,2026-04-28,A Ryanair vezére szerint európai légitársaságok mehetnek csődbe,https://www.portfolio.hu/uzlet/20260428/a-ryanair-vezere-szerint-europai-legitarsasagok-mehetnek-csodbe-833494
701b71de9af29bd84c49615b51ccae7f8b324ff766bcf909262b5a45a4288a45,2026-04-28 20:26:30.666224+00:00,hu,portfolio.hu,portfolio.hu,2026-04-28,"Orbán Gábor egyeztetett Magyar Péterrel, beszélt az osztalékfizetésről is",https://www.portfolio.hu/uzlet/20260428/orban-gabor-egyeztetett-magyar-peterrel-beszelt-az-osztalekfizetesrol-is-833412
bdc0845ea2af84d4a42a28e791d991fdfd1454f2769236b68a693c47cd493599,2026-04-28 19:21:35.414677+00:00,hu,portfolio.hu,portfolio.hu,2026-04-28,Fontos európai engedélyt kapott a Richter,https://www.portfolio.hu/uzlet/20260428/fontos-europai-engedelyt-kapott-a-richter-833484
26b4ea2c768737f7ec83cb9028be01956e2995c8efe1873fdb1e8e15b445336e,2026-04-28 19:21:19.141258+00:00,hu,portfolio.hu,portfolio.hu,2026-04-28,"Kimondták a horvátok: nélkülözhetetlenné vált az alig ismert, de Magyarországot is magába foglaló együttműködési blokk",https://www.portfolio.hu/global/20260428/kimondtak-a-horvatok-nelkulozhetetlenne-valt-az-alig-ismert-de-magyarorszagot-is-magaba-foglalo-egyuttmukodesi-blokk-833486
3b36af6378fc4b0f7148009f556cd6781d01f1df722072f641d95c67ce9b85f4,2026-04-28 19:21:08.661309+00:00,hu,portfolio.hu,portfolio.hu,2026-04-28,Megkongatta a vészharangot a nagybank: hamarosan újabb esés jöhet a tőzsdéken,https://www.portfolio.hu/befektetes/20260428/megkongatta-a-veszharangot-a-nagybank-hamarosan-ujabb-eses-johet-a-tozsdeken-833492
8901152847c889d0b9467c3d7be140fb124b599e3f4c36f944e5667abdac8737,2026-04-28 19:20:18.416477+00:00,hu,portfolio.hu,portfolio.hu,2026-04-28,"Lehangoló számok jöttek Németországból, a második világháború óta nem született ilyen kevés gyerek",https://www.portfolio.hu/gazdasag/20260428/lehangolo-szamok-jottek-nemetorszagbol-a-masodik-vilaghaboru-ota-nem-szuletett-ilyen-keves-gyerek-833488
6812794c98a41a11dcd5025733b0aa148c89d97c1c30e4943ca701e24af83db8,2026-04-28 19:19:20.533451+00:00,hu,portfolio.hu,portfolio.hu,2026-04-28,"Kétségbeesetten kongatják a vészharangot: több millió gyereket fenyeget éhhalál, de ez látszólag senkit sem érdekel",https://www.portfolio.hu/global/20260428/ketsegbeesetten-kongatjak-a-veszharangot-tobb-millio-gyereket-fenyeget-ehhalal-de-ez-latszolag-senkit-sem-erdekel-833482
ae9360b9b7866aa122c3c0a0080e88d3b4eabff3d8e13e315da0a9f9633e5540,2026-04-28 19:19:15.574618+00:00,hu,portfolio.hu,portfolio.hu,2026-04-28,"Bejelentette Magyar Péter: nem elég, hogy megnyitják az ügynökaktákat, a privatizációs hullámon nyerészkedőket is kivizsgálnák",https://www.portfolio.hu/gazdasag/20260428/bejelentette-magyar-peter-nem-eleg-hogy-megnyitjak-az-ugynokaktakat-a-privatizacios-hullamon-nyereszkedoket-is-kivizsgalnak-833490
2886077d8f46aee36e9effdb7d5b09417f1da6736c9c4c4778bbad872fcfb339,2026-04-28 17:52:40.170191+00:00,hu,portfolio.hu,portfolio.hu,2026-04-28,Megtörte a csendet a világ egyik legkönyörtelenebb diktátora: hősként méltatta a saját életüket kioltó katonákat,https://www.portfolio.hu/global/20260428/megtorte-a-csendet-a-vilag-egyik-legkonyortelenebb-diktatora-hoskent-meltatta-a-sajat-eletuket-kiolto-katonakat-833476
f46a2712d531aa80aebecddec8b94fe9f5f43f612214d65af350be8dbcdedbeb,2026-04-28 17:52:28.624334+00:00,hu,portfolio.hu,portfolio.hu,2026-04-28,Kötvényválságra figyelmeztet a világ legnagyobb bankjának vezére,https://www.portfolio.hu/bank/20260428/kotvenyvalsagra-figyelmeztet-a-vilag-legnagyobb-bankjanak-vezere-833474
0323b02796c3ccfac736d7e0a9b411aa64803189356f6a5923f322a6252ebb0b,2026-04-28 17:52:23.708267+00:00,hu,portfolio.hu,portfolio.hu,2026-04-28,Történelmi látogatás: fogadta Trump a kármentési akcióra érkezett III. Károly brit királyt,https://www.portfolio.hu/global/20260428/tortenelmi-latogatas-fogadta-trump-a-karmentesi-akciora-erkezett-iii-karoly-brit-kiralyt-833466
7ac715dc102f6aa57db164d4c7c7a35bd125680f29ea95c071b89bfd0ec6f9c0,2026-04-28 17:52:18.636926+00:00,hu,portfolio.hu,portfolio.hu,2026-04-28,Figyelmeztet a Goldman Sachs: 25 éve nem látott veszély fenyegeti a befektetőket,https://www.portfolio.hu/befektetes/20260428/figyelmeztet-a-goldman-sachs-25-eve-nem-latott-veszely-fenyegeti-a-befektetoket-833478
06ed07b4d5075bdb3ba24f18af92b73993000733a304988f4ed9a5fcfb27f22c,2026-04-28 17:52:13.636989+00:00,hu,portfolio.hu,portfolio.hu,2026-04-28,Itt a bejelentés: egy meglepetésvendég is hivatalos a következő európai csúcstalálkozóra,https://www.portfolio.hu/unios-forrasok/20260428/itt-a-bejelentes-egy-meglepetesvendeg-is-hivatalos-a-kovetkezo-europai-csucstalalkozora-833472
65748ad61e8ea1cef19245fc76200913ca823351668611aad2d21954e0352085,2026-04-28 17:52:09.111129+00:00,hu,portfolio.hu,portfolio.hu,2026-04-28,"Felminősítette az amerikai részvényeket az HSBC, Európáról viszont rossz hírt közöltek",https://www.portfolio.hu/befektetes/20260428/felminositette-az-amerikai-reszvenyeket-az-hsbc-europarol-viszont-rossz-hirt-kozoltek-833470
fee0e0f6a4ab2bbdfb968cc9b80a2ba424e64b72f29f5180e932d4b63d757393,2026-04-28 16:47:51.057430+00:00,hu,portfolio.hu,portfolio.hu,2026-04-28,Orosz kikötőkbe irányítja Kazahsztán az eredetileg Németországba szánt nyersolajat,https://www.portfolio.hu/gazdasag/20260428/orosz-kikotokbe-iranyitja-kazahsztan-az-eredetileg-nemetorszagba-szant-nyersolajat-833468
c0ed0fd1c0ecac3484ff0e70105f8c9fbc49145169820f20402245e0c419f805,2026-04-28 16:47:46.137629+00:00,hu,portfolio.hu,portfolio.hu,2026-04-28,"Oldalazott a magyar tőzsde, megütötték a Richtert",https://www.portfolio.hu/uzlet/20260428/oldalazott-a-magyar-tozsde-megutottek-a-richtert-833460
fe0b7faf685874ea47dbeed59778242eeb823f054e104611be38f5d276ea8ef7,2026-04-28 16:47:28.995858+00:00,hu,portfolio.hu,portfolio.hu,2026-04-28,"Hiába az olajválság, ne Putyin zsebeit tömjék! – Vigyázzba állítana egy fél kontinenst az uniós nagyágyú",https://www.portfolio.hu/global/20260428/hiaba-az-olajvalsag-ne-putyin-zsebeit-tomjek-vigyazzba-allitana-egy-fel-kontinenst-az-unios-nagyagyu-833464
8e87bd12a9c51728453ac07057ee140ccfeff08185b88277c620f2a87f7f70bf,2026-04-28 16:47:01.723321+00:00,hu,portfolio.hu,portfolio.hu,2026-04-28,Gazdasági áttörés Kelet-Magyarországon? Június 9-én jön a Debrecen Economic Forum,https://www.portfolio.hu/gazdasag/20260428/gazdasagi-attores-kelet-magyarorszagon-junius-9-en-jon-a-debrecen-economic-forum-833440
da2b6781937645353a01d8dfb5c5eb9b9ac0041ed051a677033d170f3ebffef9,2026-04-28 16:46:53.864957+00:00,hu,portfolio.hu,portfolio.hu,2026-04-28,Váratlan fordulat a győri lakáskassza-ügyben: kiszálltak a nyomozók a polgármesteri hivatalhoz,https://www.portfolio.hu/gazdasag/20260428/varatlan-fordulat-a-gyori-lakaskassza-ugyben-kiszalltak-a-nyomozok-a-polgarmesteri-hivatalhoz-833458
295968441e0f38be3ceb64b5db6add51bba5e39a398042e50011ab405fb17d89,2026-04-28 16:46:49.028186+00:00,hu,portfolio.hu,portfolio.hu,2026-04-28,"Ez lehet Budapest legújabb látványossága: turisták millióit vonzaná, ha megépülne",https://www.portfolio.hu/podcast/20260428/ez-lehet-budapest-legujabb-latvanyossaga-turistak-millioit-vonzana-ha-megepulne-833422
9f59f63177335e412c263adba60b3eeb359ed80cb50b404a28f95ad5cb8f465e,2026-04-28 16:46:28.452323+00:00,hu,portfolio.hu,portfolio.hu,2026-04-28,Magyar Péter találkozót kezdeményezett az ukrán elnökkel,https://www.portfolio.hu/global/20260428/magyar-peter-talalkozot-kezdemenyezett-az-ukran-elnokkel-833456
fd3ddffae861339df8b01dd8a2749673fefc0af55d710610fda6bc6c3d3fba93,2026-04-28 16:46:15.123535+00:00,hu,portfolio.hu,portfolio.hu,2026-04-28,Íme Donald Trump következő háborúja: már készen vannak a tervek – Bármikor megindulhat a leszámolás,https://www.portfolio.hu/global/20260428/ime-donald-trump-kovetkezo-haboruja-mar-keszen-vannak-a-tervek-barmikor-megindulhat-a-leszamolas-833368
5f86c0e25b4e94e4d2a9e574e8b40c22f86d3618cbb8bd60f926a7af588439f2,2026-04-28 15:44:20.644041+00:00,hu,portfolio.hu,portfolio.hu,2026-04-28,Bejelentette Ukrajna: szankciókat helyeznek ki Izraelre,https://www.portfolio.hu/global/20260428/bejelentette-ukrajna-szankciokat-helyeznek-ki-izraelre-833452
66f87cd8db04a7fc30b872a02ba4e414e0b8892df05fbb20d4483d41a0ed4051,2026-04-28 15:43:44.777664+00:00,hu,portfolio.hu,portfolio.hu,2026-04-28,"Az EP kezdeményezi, hogy a nemi erőszak fogalma a beleegyezés hiányán alapuljon",https://www.portfolio.hu/gazdasag/20260428/az-ep-kezdemenyezi-hogy-a-nemi-eroszak-fogalma-a-beleegyezes-hianyan-alapuljon-833450
0eaa425130aea76974452d81e60b95d8adce9bc377edd9c12161a6793b408ea7,2026-04-28 15:43:27.545988+00:00,hu,portfolio.hu,portfolio.hu,2026-04-28,Új forgalmi rend lép életbe a rakparton május 1-től,https://www.portfolio.hu/gazdasag/20260428/uj-forgalmi-rend-lep-eletbe-a-rakparton-majus-1-tol-833446
595ceac9ecd8c5c07abf2e35631a8c34a12e5191c7eb5f8d92f484b9461e2123,2026-04-28 15:43:22.844456+00:00,hu,portfolio.hu,portfolio.hu,2026-04-28,Varga Mihály szavaira erősödött a forint,https://www.portfolio.hu/deviza/20260428/varga-mihaly-szavaira-erosodott-a-forint-833272
cbb402b16c51ac43a01596e156aca17ad1061ae42e11da582b7f1bcd1fd305d9,2026-04-28 15:43:18.128066+00:00,hu,portfolio.hu,portfolio.hu,2026-04-28,Megnyílt a The St. Regis Budapest a történelmi Klotild-palotában,https://www.portfolio.hu/ingatlan/20260428/megnyilt-a-the-st-regis-budapest-a-tortenelmi-klotild-palotaban-833436
8b9a2cb9f916aaac35ff351974ebf647968b6d02e5e28126de04d256da6554e8,2026-04-28 14:40:32.157813+00:00,hu,portfolio.hu,portfolio.hu,2026-04-28,Élménytúrán át vezet az út a balatoni nyárindító ingatlanos csúcsra: ismét jön a Portfolio Property X 2026,https://www.portfolio.hu/gazdasag/20260428/elmenyturan-at-vezet-az-ut-a-balatoni-nyarindito-ingatlanos-csucsra-ismet-jon-a-portfolio-property-x-2026-833434
cc40bf6e92644a1cc71ec32dc99c59474658ffb09a5e0e9d038a7f2196098471,2026-04-28 14:40:15.562723+00:00,hu,portfolio.hu,portfolio.hu,2026-04-28,"Megindult a politikai lavina Romániában, tökéletes káosz jöhet",https://www.portfolio.hu/global/20260428/megindult-a-politikai-lavina-romaniaban-tokeletes-kaosz-johet-833424
3a54c1cf9e56f123d9aa30759b99b080326919d0ab88599edca37eb224cbe9ae,2026-04-28 14:40:06.014240+00:00,hu,portfolio.hu,portfolio.hu,2026-04-28,"Hiába lassul a lakáseladás Magyarországon, ez a típus továbbra is dübörög",https://www.portfolio.hu/ingatlan/20260428/hiaba-lassul-a-lakaseladas-magyarorszagon-ez-a-tipus-tovabbra-is-duborog-833432
065776aeb5ea89494343f3015dd21eaf955eb94b4636cd81892f529fdeb947c7,2026-04-28 14:39:34.911732+00:00,hu,portfolio.hu,portfolio.hu,2026-04-28,"Jön az óriási állampapír-pénzeső, sok lakossági befektető zsebelhet be súlyos összegeket",https://www.portfolio.hu/befektetes/20260428/jon-az-oriasi-allampapir-penzeso-sok-lakossagi-befekteto-zsebelhet-be-sulyos-osszegeket-833396
c4be00f2d845fc50f9789843e16a5855e7a53de77e220a9493fce36198023bfc,2026-04-28 14:39:24.537270+00:00,hu,portfolio.hu,portfolio.hu,2026-04-28,Itt az MNB indoklása a mai kamatdöntésről,https://www.portfolio.hu/gazdasag/20260428/itt-az-mnb-indoklasa-a-mai-kamatdontesrol-833428
0c7c3d37edd13d1d3292ab9e0e67f2004e32e4db32b596936f2d67e3726e7dea,2026-04-28 13:41:21.773412+00:00,hu,portfolio.hu,portfolio.hu,2026-04-28,"Hiába a fegyverszünet, most jön a neheze: igazi katasztrófára figyelmeztetnek a szakértők",https://www.portfolio.hu/global/20260428/hiaba-a-fegyverszunet-most-jon-a-neheze-igazi-katasztrofara-figyelmeztetnek-a-szakertok-833392
aa4b08e2935b1a0549e96e550bb6828df3e893fc76aae730593d0b4bc5c07121,2026-04-28 13:41:16.310116+00:00,hu,portfolio.hu,portfolio.hu,2026-04-28,Rendkívüli fogolycsere helyszíne volt a lengyel–fehérorosz határ,https://www.portfolio.hu/global/20260428/rendkivuli-fogolycsere-helyszine-volt-a-lengyel-feherorosz-hatar-833416
992db9cb6b3c1f34785c39ff00990f8a06f137acf53b7fc3e9a9b1e5dfdea406,2026-04-28 13:41:07.141038+00:00,hu,portfolio.hu,portfolio.hu,2026-04-28,Megszólalt a rendőrség a vagyonmenekítéssel kapcsolatban,https://www.portfolio.hu/gazdasag/20260428/megszolalt-a-rendorseg-a-vagyonmenekitessel-kapcsolatban-833404
96960e58d35af16d1c95a8b8a00ffb29671d74766f9587402a8c529cddb95687,2026-04-28 13:40:57.765480+00:00,hu,portfolio.hu,portfolio.hu,2026-04-28,Ezt már nem érdemes tovább halogatni: elindult a roham a Vállalati energiamenedzsment 2026 utolsó helyeiért,https://www.portfolio.hu/gazdasag/20260428/ezt-mar-nem-erdemes-tovabb-halogatni-elindult-a-roham-a-vallalati-energiamenedzsment-2026-utolso-helyeiert-833406
bff350becae48e48a74b071e3ef7b7eebdd65f656b8c4591fa0d3be208bd1688,2026-04-28 13:40:52.776645+00:00,hu,portfolio.hu,portfolio.hu,2026-04-28,Beütött a pánik az építőiparban: az új szabály miatt tömegesen állítják le a beruházásokat Amerikában,https://www.portfolio.hu/ingatlan/20260428/beutott-a-panik-az-epitoiparban-az-uj-szabaly-miatt-tomegesen-allitjak-le-a-beruhazasokat-amerikaban-833390
ffb2d4fdf6317338a0492b7bc1a9c4fec6df4459041712164188b1c7e944be05,2026-04-28 13:40:47.979699+00:00,hu,portfolio.hu,portfolio.hu,2026-04-28,Váratlan bejelentés: kilép az olajnagyhatalom a világ egyik legbefolyásosabb szövetségéből,https://www.portfolio.hu/global/20260428/varatlan-bejelentes-kilep-az-olajnagyhatalom-a-vilag-egyik-legbefolyasosabb-szovetsegebol-833418
e3f6c7f3f120c69d1df4428fd9cfe68746455e99a11f57d037849d78c9c359dd,2026-04-28 13:40:40.628327+00:00,hu,portfolio.hu,portfolio.hu,2026-04-28,Varga Mihály: már ma is tájékozódott a Monetáris Tanács az euróbevezetés előszobájáról,https://www.portfolio.hu/gazdasag/20260428/varga-mihaly-mar-ma-is-tajekozodott-a-monetaris-tanacs-az-eurobevezetes-eloszobajarol-833402
67c3bea6bdc6ef2448c0e7c457e1d1d6abf7bc10de8ba26183254df96fab38e3,2026-04-28 13:40:35.900599+00:00,hu,portfolio.hu,portfolio.hu,2026-04-28,Elszabadult a pokol egy orosz városban: Putyin azonnal a helyszínre parancsolta a miniszterét,https://www.portfolio.hu/global/20260428/elszabadult-a-pokol-egy-orosz-varosban-putyin-azonnal-a-helyszinre-parancsolta-a-miniszteret-833408
d3c3d5e5facb63a3dc40b206b603479e22fd66434cb61fdd79d059d40dcbea22,2026-04-28 13:40:30.657105+00:00,hu,portfolio.hu,portfolio.hu,2026-04-28,"Orbán Gábor egyeztetett Magyar Péterrel, a Richter is elhalaszthatja az osztalékfizetést",https://www.portfolio.hu/uzlet/20260428/orban-gabor-egyeztetett-magyar-peterrel-a-richter-is-elhalaszthatja-az-osztalekfizetest-833412
ce7de0958323a533a82c4ee97785fc45899b137acb939642aafa19cd4019a2e1,2026-04-28 13:40:26.089222+00:00,hu,portfolio.hu,portfolio.hu,2026-04-28,Döntött az MNB,https://www.portfolio.hu/deviza/20260428/dontott-az-mnb-mit-csinal-a-forint-833272
2ffc05af8c27b84d4ff8aa93d4735c95556ea9e1a0fb6ec964a265ab080fb3b4,2026-04-28 13:40:20.505413+00:00,hu,portfolio.hu,portfolio.hu,2026-04-28,Energiaárak klímapolitikai szempontból: rezsicsökkentés helyett jövedelemkompenzáció?,https://www.portfolio.hu/uzlet/20260428/energiaarak-klimapolitikai-szempontbol-rezsicsokkentes-helyett-jovedelemkompenzacio-833344
30cb39c8d0acf2ae20415bb9a5ce1033611f549bdc70141b62f2ef1655e81e9a,2026-04-28 13:40:15.536876+00:00,hu,portfolio.hu,portfolio.hu,2026-04-28,"Elsöprő támadás érte Oroszország szövetségesét: hatalmas offenzíva indult, a főváros is ostrom alá került",https://www.portfolio.hu/global/20260428/elsopro-tamadas-erte-oroszorszag-szovetsegeset-hatalmas-offenziva-indult-a-fovaros-is-ostrom-ala-kerult-833420
61dead087b4c429c3339f2335897b9ba8853ade5b7e9cfe65823d328e673c2f6,2026-04-28 13:39:42.858374+00:00,hu,portfolio.hu,portfolio.hu,2026-04-28,Itt az MNB kamatdöntése!,https://www.portfolio.hu/gazdasag/20260428/itt-az-mnb-kamatdontese-833378
096d04e3fd39315b216136660ebc0f27797851d48cec5dbbb903f8a3da7788d7,2026-04-28 12:44:44.218821+00:00,hu,portfolio.hu,portfolio.hu,2026-04-28,"Két konferencia, egy közös cél: versenyképesebb és fenntarthatóbb agrárium",https://www.portfolio.hu/gazdasag/20260428/ket-konferencia-egy-kozos-cel-versenykepesebb-es-fenntarthatobb-agrarium-833384
6ca0f14ad7c1194eac147668d340e4283a98e7f06fd3361d0492bdbb3428c6a0,2026-04-28 12:44:00.641530+00:00,hu,portfolio.hu,portfolio.hu,2026-04-28,"Íme, a Tisza eddig bejelentett miniszterei, tisztségviselői",https://www.portfolio.hu/gazdasag/20260428/ime-a-tisza-eddig-bejelentett-miniszterei-tisztsegviseloi-833394
9021b4704d9f246ebb54555c920fd4edebe9962efeb5c5a376182d63db1fc9bb,2026-04-28 12:43:15.809356+00:00,hu,portfolio.hu,portfolio.hu,2026-04-28,"Megpróbálták megölni Donald Trumpot – Megtörte a csendet Oroszország, elmondták, mit gondol Putyin",https://www.portfolio.hu/global/20260428/megprobaltak-megolni-donald-trumpot-megtorte-a-csendet-oroszorszag-elmondtak-mit-gondol-putyin-833388
df7e9d3e0906a502069380bb2ea4550a1166be25d3d6c0120fd7291fbbc2e041,2026-04-27 10:28:20.478062+00:00,hu,portfolio.hu,portfolio.hu,2026-04-27,"Így válasszunk zöldépület-minősítést 2026-ban: mutatjuk, milyen új változások lépnek életbe",https://www.portfolio.hu/ingatlan/20260427/igy-valasszunk-zoldepulet-minositest-2026-ban-mutatjuk-milyen-uj-valtozasok-lepnek-eletbe-832754
2894d25baed16791649600e47897c035ee184b47fc09ec3252a2efffc42f2d23,2026-04-26 16:29:37.847505+00:00,hu,portfolio.hu,portfolio.hu,2026-04-26,"Tönkreteszik a Földet a cégek, mert még mindig ez a legjövedelmezőbb üzlet nekik",https://www.portfolio.hu/gazdasag/20260426/tonkreteszik-a-foldet-a-cegek-mert-meg-mindig-ez-a-legjovedelmezobb-uzlet-nekik-831876
3f7250c28cf719cf32b0f9ec016c3206a08116ba4a133927bdc2d237a4fbee58,2026-04-25 09:31:29.992927+00:00,hu,index.hu,index.hu,2026-04-25,A magyar természetvédőket tömörítő szövetség segítene a Tisza kormánynak,https://index.hu/tudomany/2026/04/25/termeszet-vedok-tisza-kormany-kornyezeti-miniszterium/
4f103b872127153d6892a7e9a054483ca23f8109ecb18842ba33abbce8f7abeb,2026-04-17 17:44:26.564472+00:00,hu,magyarkurir.hu,magyarkurir.hu,2026-04-17,Teremtésvédelmi kalendárium – A tétlenség ára,https://www.magyarkurir.hu/hirek/teremtesvedelmi-kalendarium-szeszelyes-tavasz-20260402101908-20260417121332
f9d9781ba983921538d33850c5fd9b7ef9f0b0505623e95c2ded7f1b44c23e22,2026-04-06 16:38:13.401425+00:00,hu,portfolio.hu,portfolio.hu,2026-04-06,"A napelem ugyanolyan stratégiai eszközzé vált, mint a golyóálló mellény",https://www.portfolio.hu/gazdasag/20260406/a-napelem-ugyanolyan-strategiai-eszkozze-valt-mint-a-golyoallo-melleny-827520
077d53fc04e8b8dd05a9ccd670db00eec86e0c80f02b278482b41bc5ca1d85c5,2026-03-30 08:25:02.287794+00:00,hu,nepszava.hu,nepszava.hu,2026-03-30,Negyven új vándorló állatfajt helyeztek nemzetközi védelem alá a világon,https://nepszava.hu/3317109_negyven-uj-vandorlo-allatfajt-helyeztek-nemzetkozi-vedelem-ala-a-vilagon
4e3a55c6f61568f69913d6b07b779f8914e8d05723fa27d5929f42b9f51cd633,2026-03-22 13:33:44.191907+00:00,hu,portfolio.hu,portfolio.hu,2026-03-22,"Klímaváltozás, mint nemzetbiztonsági fenyegetés? Sok kormány néz félre ez ügyben",https://www.portfolio.hu/gazdasag/20260322/klimavaltozas-mint-nemzetbiztonsagi-fenyegetes-sok-kormany-nez-felre-ez-ugyben-825408
46a68a922f48453da398368209bf03cc3bcf587e8dce58f261b3a8a623b4e275,2026-03-17 20:28:15.115495+00:00,hu,dunaujvaros.com,dunaujvaros.com,2026-03-17,Virágok váltják majd a választási plakátokat,https://dunaujvaros.com/hirek/202603/viragok_valtjak_majd_a_valasztasi_plakatokat
0c5ccb68ccdd80ddd4f399a7ba704e578780b62c43fc62762b16b945cb981d6c,2026-03-15 20:23:50.603139+00:00,hu,hvg.hu,hvg.hu,2026-03-15,Mit kezdhet az ökológiai válsággal a pénzügyi szektor?,https://hvg.hu/zhvg/20260315_biodiversity-finance-a-biodiverzitas-penzugyei-konyvbemutato-corvinus-helena-naffa-okologiai-valsag-planetaris-valsag
0116cdb1dd0efd4ac5c862097ea44b5571f2db646767f2b65830619a30f728ad,2026-03-12 14:31:40.651858+00:00,hu,origo.hu,origo.hu,2026-03-12,"A Marsról jött? Furcsa, ismeretlen élőlényt találtak az erdőben – fotó",https://www.origo.hu/tudomany/2026/03/kulonleges-termeszfaj-balnafeju-rovar-felfedezes
12cfc9c152a45c8659136b12833403607b824f1a2b92e497f7aab89d7aabfa14,2026-03-06 11:36:03.753449+00:00,hu,origo.hu,origo.hu,2026-03-06,"Kihaltnak hitt állatok tértek vissza a „halálból” – hihetetlen, hol bukkantak rájuk",https://www.origo.hu/nagyvilag/2026/03/kihaltnak-hitt-allatok-szenzacios-felfedezes
c6db17b0c3836e03b199a2f6b19402ccdb77426b94daa697fd0a8a94a2297831,2026-03-05 20:29:20.066120+00:00,hu,dunaujvaros.com,dunaujvaros.com,2026-03-05,"""Az itt lakókat helyezi a középpontba"" – közösségi ötletpályázat Dunaújvárosban",https://dunaujvaros.com/hirek/202603/az_itt_lakokat_helyezi_a_kozeppontba_kozossegi_otletpalyazat_dunaujvarosban
defc101ea5c6db00faca492c02e21a9b805ec550c414a2c907ad239ca35c10e1,2026-03-03 13:30:46.606052+00:00,hu,index.hu,index.hu,2026-03-03,Már láthatók a ritka farkaspókbébik az Állatkertben,https://index.hu/belfold/2026/03/03/allatkert-budapest-fovarosi-allat-es-novenykert-veszelyeztetett-faj/
4b60ea4d8dba0c9cf499ff27b41f443b6c5493135e0156e8f22ccadb28faccc0,2026-03-01 15:22:21.637257+00:00,hu,index.hu,index.hu,2026-03-01,Brüsszelre ugathatnak és fújhatnak hamarosan a kutyák és a macskák is,https://index.hu/tudomany/2026/03/01/kutya-macska-biodiverzitas-veszely-europai-unio-szabalyozas/
282b086766ea18e04744764589dc01bb202a34a2bf2395a30280af6bd139091b,2026-02-27 18:22:54.755850+00:00,hu,index.hu,index.hu,2026-02-27,"A szúnyogok nagyon durván átálltak az emberi vérre, és ennek egyszerű oka van",https://index.hu/tudomany/2026/02/27/szunyogok-emberi-ver-szunyogcsipesek-oka-biodiverzitas-csokkenese-betegsegek-kutatas/
79724faf86ece07a40905e8cea0f4b8424b83cf1811ed2f8b8c2ccd8d0e0ecf0,2026-02-25 20:25:23.724622+00:00,hu,dunaujvaros.com,dunaujvaros.com,2026-02-25,Újra fókuszban az Európai Unió pályázatai,https://dunaujvaros.com/hirek/202602/ujra_fokuszban_az_europai_unio_palyazatai
79174050de98b272e3696bea4bf7880f09a6ddfce74cd43bcfa0b8c551e34e6d,2026-02-25 16:36:53.560303+00:00,hu,origo.hu,origo.hu,2026-02-25,Egy 400 éves korall még a tengerbiológusokat is megdöbbentette,https://www.origo.hu/tudomany/2026/02/korall-400-eves
5bc06ada1c3daafe21bd6523bc7263a2490ef38e798dcddef8cdb6df82ff6ec3,2026-02-25 12:44:18.826029+00:00,hu,portfolio.hu,portfolio.hu,2026-02-25,"Elkezdődött a Planet Budapest 2026 Expo és Konferencia, Közép-Európa egyik legjelentősebb fenntarthatósági rendezvénye",https://www.portfolio.hu/gazdasag/20260225/elkezdodott-a-planet-budapest-2026-expo-es-konferencia-kozep-europa-egyik-legjelentosebb-fenntarthatosagi-rendezvenye-820346
af12f94b73c0aac10119ea30ee74b6d15d3259c88f8ba8e99c8293dc302c6cb0,2026-02-18 17:40:05.163327+00:00,hu,portfolio.hu,portfolio.hu,2026-02-18,Egyedülálló logisztikai központ épült: ilyen hűtőkapacitás még nem volt az országban,https://www.portfolio.hu/ingatlan/20260218/egyedulallo-logisztikai-kozpont-epult-ilyen-hutokapacitas-meg-nem-volt-az-orszagban-818812
14fefee780849e1a43d1086d9e97046313f45ed08435eb9f7993f309a696ad38,2026-02-18 09:26:40.976042+00:00,hu,portfolio.hu,portfolio.hu,2026-02-18,Cannes-i seregszemlén mutatják meg magukat a magyar ingatlanfejlesztők,https://www.portfolio.hu/ingatlan/20260218/cannes-i-seregszemlen-mutatjak-meg-magukat-a-magyar-ingatlanfejlesztok-818630
363731bf2f95653a2b645b7e4c65ce9900bb7625efa476115b9bf19dd4da9916,2026-02-14 06:24:48.844156+00:00,hu,infostart.hu,infostart.hu,2026-02-14,"Erdőökológus: szemléletváltásra van szükség, vannak kímélőbb eljárások is, mint a tarvágás",https://infostart.hu/belfold/2026/02/14/erdookologus-szemleletvaltasra-van-szukseg-vannak-kimelobb-eljarasok-is-mint-a-tarvagas
72772632196ee6962179af56adc2138fd3ae97999bf94be170b3ec9a6fe15135,2026-02-13 19:27:39.997596+00:00,hu,infostart.hu,infostart.hu,2026-02-13,A világ legősibb fái is veszélybe kerültek a pusztító erdőtűzben,https://infostart.hu/kulfold/2026/02/13/a-vilag-legosibb-fai-is-veszelybe-kerultek-a-pusztito-erdotuzben
4e1e15e0a946eab59d8b08bb144b2618432cef5b6d7ba1defaa3c98b3fc6dbdd,2026-02-12 12:35:54.693308+00:00,hu,origo.hu,origo.hu,2026-02-12,A világ legősibb fái is veszélybe kerültek a halálos erdőtűzben,https://www.origo.hu/nagyvilag/2026/02/erdotuzek-pusztitottak-patagoniaban
722920dce21bb55e298626c157c9a7ecfa2a0ac516816c58663fe9b54732672e,2026-02-11 12:37:11.582802+00:00,hu,origo.hu,origo.hu,2026-02-11,Tűzvörös szárnyakkal tündöklő pillangó lett az év lepkéje,https://www.origo.hu/itthon/2026/02/nagy-tuzlepke-ev-lepkeje-2026
c0250e9869ac36efb526be1902d0e563514ab2d7c7e2beb2c08b81f604b91913,2026-02-11 11:27:56.896302+00:00,hu,infostart.hu,infostart.hu,2026-02-11,Tűzvörös szépség lett most a „lepkedvenc”,https://infostart.hu/kultura/2026/02/11/tuzvoros-szepseg-lett-most-a-lepkedvenc
7869cd26b6214e8641fe9523388ee17f3753a5789a690703c589fe3e86241c2d,2026-02-09 10:28:23.701136+00:00,hu,portfolio.hu,portfolio.hu,2026-02-09,"Fokozódik a feszültség: újabb vasfüggöny ereszkedett Európára, csak most karbonból van",https://www.portfolio.hu/gazdasag/20260209/fokozodik-a-feszultseg-ujabb-vasfuggony-ereszkedett-europara-csak-most-karbonbol-van-813602
41da99bef5169e968ae90fc12f3d4fc2ede521083aa03b85f7f8058f1f1ad8fe,2026-01-30 16:22:18.041842+00:00,hu,magyarnemzet.hu,magyarnemzet.hu,2026-01-30,A szuverenitás génmódosító ellenségei: mit tehetünk az új génkezelési technikák bevezetése ellen,https://magyarnemzet.hu/gazdasag/2026/01/genmodosito-szuverenitas-ellensegei-mit-tehetunk-ngt?utm_source=hirstart&utm_medium=referral&utm_campaign=hiraggregator
4733f6c0ff57149b8c8bd40b055b83cdc7395c9f7dbcc25da03f35f0f0e1f3d9,2026-01-24 17:24:04.041627+00:00,hu,index.hu,index.hu,2026-01-24,Új génmódosított élelmiszerekkel veszélyeztetné a lakosságot egy EU-s szabályozás,https://index.hu/tudomany/2026/01/24/genmodositott-elelmiszer-noveny-bio-kornyezet-europai-unio/
b3cdf48639a12a898533ea599be657f1e001a95c334875763d65f2e08c408f00,2026-01-23 11:34:29.126986+00:00,hu,magyarnemzet.hu,magyarnemzet.hu,2026-01-23,"Húst tenne az asztalra? Készüljön a brutális áremelésre – mutatjuk, mi várható",https://magyarnemzet.hu/gazdasag/2026/01/hust-tenne-az-asztalra-keszuljon-a-brutalis-aremelesre?utm_source=hirstart&utm_medium=referral&utm_campaign=hiraggregator
333513246c1216aedaf3dd6c8d6ed960b51c4545437558db6d598025db793811,2026-01-23 10:33:27.656348+00:00,hu,vg.hu,vg.hu,2026-01-23,"Húst eszik? Készüljön fel az őrült drágulásra – itt az európai terv, hogyan adóztatnák meg",https://www.vg.hu/nemzetkozi-gazdasag/2026/01/hus-eves-ipar-husipar-dragulas-ado-europai-unio?utm_source=hirstart&utm_medium=referral&utm_campaign=hiraggregator
4eacd2bdeb381d7061ba5cab60e3ef166f658f78ce8859c9152bbc403262d636,2026-01-22 21:25:22.964379+00:00,hu,index.hu,index.hu,2026-01-22,Megmentheti a kihalástól az állatokat a sport?,https://index.hu/tudomany/2026/01/22/sport-klubok-cmer-emblema-allatok-biodiverzitas/
187960c2528000df321f2f1836de17316c439663c5322af34f1e44cbe2c7c90f,2026-01-22 10:31:40.999619+00:00,hu,portfolio.hu,portfolio.hu,2026-01-22,Saját szabályaiban botlik el az EU legnagyobb lelőhelyének kihasználása,https://www.portfolio.hu/unios-forrasok/20260122/sajat-szabalyaiban-botlik-el-az-eu-legnagyobb-lelohelyenek-kihasznalasa-812634
6bf65ef4be725b9318f32e9c3f16c89792ba1d3cbe4c715571e2ec0cbd09dc6c,2026-01-19 20:29:55.420728+00:00,hu,infostart.hu,infostart.hu,2026-01-19,"Megmondták, mi lesz a jövő, hazánkra is leselkednek veszélyek",https://infostart.hu/gazdasag/2026/01/19/megmondtak-mi-lesz-a-jovo-hazankra-is-leselkednek-veszelyek
9e255bed471a809668850892830f50a88c48271d7be48c881044e69bb3b69743,2026-01-17 19:26:40.864329+00:00,hu,portfolio.hu,portfolio.hu,2026-01-17,"Hiába nevezik sokan méregzöldnek az EU-t, lenne még mit szigorítania a környezetvédelmi politikájában",https://www.portfolio.hu/gazdasag/20260117/hiaba-nevezik-sokan-meregzoldnek-az-eu-t-lenne-meg-mit-szigoritania-a-kornyezetvedelmi-politikajaban-809701
053fcff590a37e5b57513d273994514e92aa9ed36bf04331c87f085555cc9c3a,2026-01-15 10:32:38.212035+00:00,hu,vg.hu,vg.hu,2026-01-15,"Veszély: megmondták a világ urai, ezek a veszélyek leselkednek Magyarországra",https://www.vg.hu/kozelet/2026/01/veszely-kockazatok-2025-vilaggazdasagi-forum-konfliktus?utm_source=hirstart&utm_medium=referral&utm_campaign=hiraggregator
526d9e3599c645714f4964cf4c9950349fe5aca2be99c015c992c36ef664acde,2026-01-10 17:17:16.923554+00:00,hu,portfolio.hu,portfolio.hu,2026-01-10,Hármas környezeti kihívással kell megküzdenie a bolygónknak – Hogyan lehet ebből kiút?,https://www.portfolio.hu/gazdasag/20260110/harmas-kornyezeti-kihivassal-kell-megkuzdenie-a-bolygonknak-hogyan-lehet-ebbol-kiut-809531
fdf7eda3f6f1b9d1aaab9ffdbd97701a6285968407d37c6c57c8c6af49462bd3,2025-12-24 18:29:09.311862+00:00,hu,origo.hu,origo.hu,2025-12-24,Cunamiként forgatják fel a tankönyveket: évente több tízezer új fajt fedeznek fel,https://www.origo.hu/nagyvilag/2025/12/fajok-felfedezese-biodiverzitas-elolenyek
9bce21befd5128b202932558a4651d5d6d5e5c139da7d8f18b067c71aef6af61,2025-12-19 20:25:58.810165+00:00,hu,infostart.hu,infostart.hu,2025-12-19,A Francia-Antillák az emberiség túlélésének záloga?,https://infostart.hu/tudomany/2025/12/19/a-francia-antillak-az-emberiseg-tulelesenek-zaloga
2c30fcfc34ff41f7bebb566017d8f8f6cf52694922f6dc90b9e58d80079049ad,2025-12-12 18:24:32.849722+00:00,hu,portfolio.hu,portfolio.hu,2025-12-12,Macron: Tíz évvel a párizsi egyezmény után kettőzzük meg klímavédelmi erőfeszítéseinket,https://www.portfolio.hu/gazdasag/20251212/macron-tiz-evvel-a-parizsi-egyezmeny-utan-kettozzuk-meg-klimavedelmi-erofesziteseinket-805856
041cab2ba1944fbc9777b7e0def7b7a00675c6b40ded39cfa0e511d3b7f6a51c,2025-12-11 09:25:06.975499+00:00,hu,portfolio.hu,portfolio.hu,2025-12-11,Évek óta nem kapják meg a pénzüket a Timberland magyar befektetői,https://www.portfolio.hu/uzlet/20251211/evek-ota-nem-kapjak-meg-a-penzuket-a-timberland-magyar-befektetoi-805418
454cb4a664fca3d09baac8a32d4da3d43afd2d474974a26bef5c1403bb9a9d14,2025-12-11 09:25:02.116687+00:00,hu,portfolio.hu,portfolio.hu,2025-12-11,"Eldőlt a dollár iránya a nagy döntés után, esik tovább az amerikai deviza",https://www.portfolio.hu/deviza/20251211/eldolt-a-dollar-iranya-a-nagy-dontes-utan-esik-tovabb-az-amerikai-deviza-805424
03e67f04cc5aeb02a7a948c9284054b4f5706d4c367100ecc279d2852bf17810,2025-12-11 09:24:57.087960+00:00,hu,portfolio.hu,portfolio.hu,2025-12-11,"Megvan, ki veszi át az MBH nyugdíjpénztárát és egészségpénztárát, az új név is kiderült",https://www.portfolio.hu/befektetes/20251211/megvan-ki-veszi-at-az-mbh-nyugdijpenztarat-es-egeszsegpenztarat-az-uj-nev-is-kiderult-805430
a732c2d412b5e75e4fe4f5a5900df505720c457cd1452b8a3929b17b6f686dbc,2025-12-11 09:24:52.323811+00:00,hu,portfolio.hu,portfolio.hu,2025-12-11,"A BlackRock máris ott sündörög Trump környékén, az ukrajnai újjáépítés biznisze a tét",https://www.portfolio.hu/uzlet/20251211/a-blackrock-maris-ott-sundorog-trump-kornyeken-az-ukrajnai-ujjaepites-biznisze-a-tet-805440
9ed8bcc6f712f605f166e696a9728b681777bf09a37edfaec2ec37c970754af7,2025-12-11 09:24:41.190915+00:00,hu,portfolio.hu,portfolio.hu,2025-12-11,Megszólalt a hitelminősítő: Magyarország a választások után sem kerül ki a költségvetési gödörből,https://www.portfolio.hu/gazdasag/20251211/megszolalt-a-hitelminosito-magyarorszag-a-valasztasok-utan-sem-kerul-ki-a-koltsegvetesi-godorbol-805406
a6da81928569c19aa2129abcf441980112660b574c6cb2383e40b5e8c4bb0b36,2025-12-11 09:24:26.957530+00:00,hu,portfolio.hu,portfolio.hu,2025-12-11,Vendégmunkások helyett rájuk is lehetne számítani – Fontos hazai munkaerő-tartalék kiaknázására indult egy új kezdeményezés,https://www.portfolio.hu/gazdasag/20251211/vendegmunkasok-helyett-rajuk-is-lehetne-szamitani-fontos-hazai-munkaero-tartalek-kiaknazasara-indult-egy-uj-kezdemenyezes-805234
2fe65ebff8479099858ff30066cc5e5a6b4f4d7ba75ade06f787a327e76062c1,2025-12-11 09:24:16.969537+00:00,hu,portfolio.hu,portfolio.hu,2025-12-11,Brüsszel áldását adta Lengyelország első atomenergia-projektjére,https://www.portfolio.hu/gazdasag/20251211/brusszel-aldasat-adta-lengyelorszag-elso-atomenergia-projektjere-805420
1c959e4aeed7c2c6bde7da5c63de9e9236d124589c3b1d9a1433f83a5b215656,2025-12-11 09:24:11.587756+00:00,hu,portfolio.hu,portfolio.hu,2025-12-11,"Politikai és vallási diszkriminációval vádolnak egyes amerikai bankokat, vizsgálat indult ellenük",https://www.portfolio.hu/bank/20251211/politikai-es-vallasi-diszkriminacioval-vadolnak-egyes-amerikai-bankokat-vizsgalat-indult-ellenuk-805458
91d44fe1953ead583c4d3e689b436876f00b1d997d5c914b9594483dc87f9878,2025-12-11 09:24:06.764361+00:00,hu,portfolio.hu,portfolio.hu,2025-12-11,Jó híreket közölt magáról a Bank of America,https://www.portfolio.hu/bank/20251211/jo-hireket-kozolt-magarol-a-bank-of-america-805416
db48ad79370002b672baa372a554a5410dc666f1176704b452965d9a46d40348,2025-12-11 09:24:01.558325+00:00,hu,portfolio.hu,portfolio.hu,2025-12-11,"Pusztító dróntámadás Oroszország történelmi városában: videókon, ahogy felcsapnak a lángok",https://www.portfolio.hu/global/20251211/pusztito-drontamadas-oroszorszag-tortenelmi-varosaban-videokon-ahogy-felcsapnak-a-langok-805422
bb9becc47c06a95c60b0787f4106a63a764b063f657a628b9a6011b31ce303d7,2025-12-11 09:23:54.570904+00:00,hu,portfolio.hu,portfolio.hu,2025-12-11,Irodaházat értékesített Varsóban az Indotek,https://www.portfolio.hu/ingatlan/20251211/irodahazat-ertekesitett-varsoban-az-indotek-805452
5516e2a804baafa0a3e3d995ec2d4e9a83c904c28e42e367237e39b55c6c71ab,2025-12-11 09:23:45.440860+00:00,hu,portfolio.hu,portfolio.hu,2025-12-11,Stratégiát válthat a Volkswagen,https://www.portfolio.hu/uzlet/20251211/strategiat-valthat-a-volkswagen-uj-autotipusokat-dobna-piacra-805454
083918478f894053609afbea9e6adcaa19cdbc512b514b7dd7d82aa7af78ab1b,2025-12-11 09:23:40.242974+00:00,hu,portfolio.hu,portfolio.hu,2025-12-11,Beporzás mint természeti tőke: mennyit érnek a méhek a pénzügyi piacoknak?,https://www.portfolio.hu/gazdasag/20251211/beporzas-mint-termeszeti-toke-mennyit-ernek-a-mehek-a-penzugyi-piacoknak-805188
35632a5765de72a7e3a2d7c663e938567eb3b959ec2244029133a5051f84fcf0,2025-12-11 09:23:25.970961+00:00,hu,portfolio.hu,portfolio.hu,2025-12-11,Itt a vörös riasztás! Lenyomják a ChatGPT-t?,https://www.portfolio.hu/podcast/20251211/itt-a-voros-riasztas-lenyomjak-a-chatgpt-t-805276
071409623eb8213a1d4584e799edb503c3720bfbbf7d17907c7f3fb47be9752d,2025-12-11 09:23:20.841270+00:00,hu,portfolio.hu,portfolio.hu,2025-12-11,"Nem kegyelmez a NAV: szórják a milliós bírságokat, jövőre pedig még keményebb szabályozás jön",https://www.portfolio.hu/gazdasag/20251211/nem-kegyelmez-a-nav-szorjak-a-millios-birsagokat-jovore-pedig-meg-kemenyebb-szabalyozas-jon-805314
ca2d3db2716c4b8dbcd063ba9fe9aac7d2a67c8431a0717121bf22c6b8820e4d,2025-12-11 09:23:13.573555+00:00,hu,portfolio.hu,portfolio.hu,2025-12-11,"Két óriás csap össze, de ezt a harcot Donald Trump sem hagyja szó nélkül",https://www.portfolio.hu/uzlet/20251211/ket-orias-csap-ossze-de-ezt-a-harcot-donald-trump-sem-hagyja-szo-nelkul-805436
e1ae52f429881ee51057d772b942d01673618d9808a053580f09faae22be78f9,2025-12-05 19:17:36.999114+00:00,hu,portfolio.hu,portfolio.hu,2025-12-05,Európa madarai menekülnek: évente fél métert másznak feljebb a hegyekben,https://www.portfolio.hu/gazdasag/20251205/europa-madarai-menekulnek-evente-fel-metert-masznak-feljebb-a-hegyekben-804460
78eccb75d75bee3686732d82830c12fa7334be502a1f0f79fbbcb3de80b6c237,2025-12-03 12:23:38.126479+00:00,hu,vg.hu,vg.hu,2025-12-03,"Anyagfelhasználás: hiába az újrahasznosítás, ha egyre tübb szűz anyagot használunk",https://www.vg.hu/nemzetkozi-gazdasag/2025/12/anyagfelhasznalas-korforgas-chikan-klimavaltozas?utm_source=hirstart&utm_medium=referral&utm_campaign=hiraggregator
cc17b084b49c50f83d7603d1573dd29ff9c6669d0d07d5912b9b5535f8ccf301,2025-11-27 21:26:31.901936+00:00,hu,merce.hu,merce.hu,2025-11-27,"Ádáz vita a következő klímacsúcs helyszínéről, küzdelem a fosszilis lobbistákkal – diplomáciai csaták a COP hátterében « Mérce",https://merce.hu/2025/11/27/adaz-vita-a-kovetkezo-klimacsucs-helyszinerol-kuzdelem-a-fosszilis-lobbistakkal-diplomaciai-csatak-a-cop30-hattereben/
e7a43052ad712e098ac781ee080eaa4061b641ddf08db7e160b8f0f3ef6a0ead,2025-11-27 07:26:57.147944+00:00,hu,portfolio.hu,portfolio.hu,2025-11-27,Egy új technológiával mentenek tavakat Magyarországon,https://www.portfolio.hu/uzlet/20251127/egy-uj-technologiaval-mentenek-tavakat-magyarorszagon-802356
96620bff8555fea9b9978b5ef0d22689e1719f6c0e813394a5ae3af05ab9936d,2025-11-24 23:26:11.229453+00:00,hu,magyarhirlap.hu,magyarhirlap.hu,2025-11-24,„A kormány elkötelezett az erdők gyarapítása iránt”,https://www.magyarhirlap.hu/gazdasag/20251124-a-kormany-elkotelezett-az-erdok-gyarapitasa-irant
ba746fdb4d2b73da7f8f70182669fa5c5522d26cc8f09c79355b728a8c947605,2025-11-19 15:18:36.803635+00:00,hu,portfolio.hu,portfolio.hu,2025-11-19,"Szenzációs magyar kutatás: új baktériumfajt azonosítottak, ez sok mindent megváltoztat",https://www.portfolio.hu/gazdasag/20251119/szenzacios-magyar-kutatas-uj-bakteriumfajt-azonositottak-ez-sok-mindent-megvaltoztat-800704
c05b8051f0f76b0480fa1327d646c1701683adfb8cb3084d5169bdca293fb065,2025-11-18 05:20:38.143143+00:00,hu,magyarhirlap.hu,magyarhirlap.hu,2025-11-18,Ok nélkül démonizáltuk a pálmaolajat?,https://www.magyarhirlap.hu/egeszseg/20251116-ok-nelkul-demonizaltuk-a-palmaolajat
aa1dfa2c76ac824879a1c475849852095a5297d80f282c622ac01285b93b482f,2025-11-18 02:20:06.277452+00:00,hu,magyarhirlap.hu,magyarhirlap.hu,2025-11-18,A tudósok felfedeztek egy elveszett kontinenst,https://www.magyarhirlap.hu/kulfold/20251117-a-tudosok-felfedeztek-egy-elveszett-kontinenst
0e0f1c83047f1e42005cb825f28a3fcc4defa23721167e1abb74d96043e7a635,2025-11-12 20:37:09.266110+00:00,hu,borsonline.hu,borsonline.hu,2025-11-12,A legrosszabbra készülnek: meglepő tervet dolgoztak ki a Loch Ness-i szörny felbukkanására,https://www.borsonline.hu/titkos-aktak/2025/11/loch-ness-i-szorny-skocia
d27c24ef2783d7fce6f747772f25544b3c0261e045ccff355cea95f5d8dcec57,2025-11-11 23:33:18.182117+00:00,hu,magyarhirlap.hu,magyarhirlap.hu,2025-11-11,Jelentős támogatást kapnak a fenntartható mezőgazdasági gyakorlatokat vállaló gazdák,https://www.magyarhirlap.hu/belfold/20251111-ujabb-jelentos-tamogatashoz-jutnak-a-fenntarthato-mezogazdasagi-gyakorlatokat-vallalo-gazdak
2817ae0df3a871ba27cc0904501df25b51d5c3694d4e36139933f53ec7852e08,2025-11-09 15:18:17.940984+00:00,hu,portfolio.hu,portfolio.hu,2025-11-09,Globális alkuk sora szabhatja át az EU-s pénzek elosztását,https://www.portfolio.hu/unios-forrasok/20251109/globalis-alkuk-sora-szabhatja-at-az-eu-s-penzek-elosztasat-797412
48c89558f103fb584b4056cbe3135fb832d28846eca4e1506687c325b91fd3f8,2025-11-07 14:33:23.815108+00:00,hu,portfolio.hu,portfolio.hu,2025-11-07,"Komoly kifizetéseket jelentett be Brüsszel, Magyarország is örülhet",https://www.portfolio.hu/unios-forrasok/20251107/komoly-kifizeteseket-jelentett-be-brusszel-magyarorszag-is-orulhet-798246
1af621883d3a2f7d454fb9a8b0fec72acdd0d16a5c6f495a7d20abe3dbe0eb43,2025-11-05 21:21:23.311287+00:00,hu,magyarhirlap.hu,magyarhirlap.hu,2025-11-05,Átfogó korszerűsítés indul a természetvédelmi adatbázisokban,https://www.magyarhirlap.hu/belfold/20251105-atfogo-korszerusites-indul-a-termeszetvedelmi-adatbazisokban
d32272e3adcbee35b912b978a271216f4cf8951b822c332e3f369cb139118eed,2025-10-31 10:45:07.912765+00:00,hu,origo.hu,origo.hu,2025-10-30,"Japánból érkezett, de magyar vérre szomjazik – újabb rovarfajt azonosítottak Magyarországon",https://www.origo.hu/kek-hirek/2025/10/szarvas-kullancslegy-japan-azonositottak-magyarorszagon
82f0f5bd3330f59d7928d731f7a2e0acc6de2bd041e92373bc57f14264f0fccd,2025-10-28 13:23:11.615686+00:00,hu,magyarhirlap.hu,magyarhirlap.hu,2025-10-28,Hazánkban is megjelent a repülő kullancs,https://www.magyarhirlap.hu/kronika/20251028-hazankban-is-megjelent-a-repulo-kullancs
6bfe98269c333d8637e140d3615ccff6a62a77d425bec6c2d37691e606b90b89,2025-10-20 19:22:32.798792+00:00,hu,hvg.hu,hvg.hu,2025-10-20,"Az elmúlt évtizedek legrosszabb méztermelése várható idén Magyarországon, és ez csak a kezdet",https://hvg.hu/eurologus/20251020_mez-meh-klimavaltozas
c12db9e21820717922f25f35d98a1ba4d5c49fe97fc5c9fa2b666e0845bc09a7,2025-10-20 14:20:42.518880+00:00,hu,portfolio.hu,portfolio.hu,2025-10-20,"Csúnya vége lehet, ha egy kulcsfontosságú témában nem tudnak kiegyezni az uniós tagállamok",https://www.portfolio.hu/gazdasag/20251020/csunya-vege-lehet-ha-egy-kulcsfontossagu-temaban-nem-tudnak-kiegyezni-az-unios-tagallamok-793570
b5c15798b6dfd8c9a1742a3256d75d4ce521c120807d7b577163b25bd4cbc01d,2025-10-14 19:30:13.412221+00:00,hu,hvg.hu,hvg.hu,2025-10-14,"Mi köze Noé bárkájának a banánok pusztulásához? És miért jó, ha egy kosárcsapatban van alacsony játékos is?",https://hvg.hu/360/20251014_biodiverzitas-genetikai-sokfeleseg-klimavaltozas-bordacs-sandor
3942e0870ce9cb7fcf286df4b0d78d4616d4bbd374dd50e94c653bb634a90ebe,2025-10-14 14:25:53.260364+00:00,hu,hvg.hu,hvg.hu,2025-10-14,"Frissítették a Vörös listát: kihalás felé sodródnak a sarkvidéki fókák, egyre kevesebb a madár a világon",https://hvg.hu/tudomany/20251014_voros-lista-veszelyeztetett-fajok-sarkvideki-foka-madarak-pusztulasa
01d8c96bbfc20eabb61c7f518bc9cc9615facc363c54cf481c905b7954435a2d,2025-10-12 14:25:48.361954+00:00,hu,portfolio.hu,portfolio.hu,2025-10-12,Ezért fontosak a méhlegelők,https://www.portfolio.hu/gazdasag/20251012/ezert-fontosak-a-mehlegelok-a-beporzok-pusztulasa-sulyos-helyzetet-okozhat-az-elelmiszer-termelesben-791736
10f80c2504b087ec6fd7e8653ff087794077af64fa1ba843e104920b314c872f,2025-10-10 14:20:30.960896+00:00,hu,magyarhirlap.hu,magyarhirlap.hu,2025-10-10,Száz év alatt dupla lett az erdőterület,https://www.magyarhirlap.hu/belfold/20251010-szaz-ev-alatt-dupla-lett-az-erdoterulet
a4b89da75c7db5be7bfe8456a63898d964f45f44a46c7e3eed25eb0c2d305ffb,2025-10-10 12:18:37.835973+00:00,hu,demokrata.hu,demokrata.hu,2025-10-10,Nagy István: Az erdők a kormány zöldpolitikájának középpontjában állnak,https://demokrata.hu/magyarorszag/nagy-istvan-az-erdok-a-kormany-zoldpolitikajanak-kozeppontjaban-allnak-1071549/
252aa648d52002296712b3a1ec02cb2c35c403cc6449d1f67cb0f605bbba38e5,2025-10-05 09:18:55.100430+00:00,hu,portfolio.hu,portfolio.hu,2025-10-05,Az újrahasznosítás nem elég: drasztikusabb megoldásokra lenne szükség,https://www.portfolio.hu/gazdasag/20251005/az-ujrahasznositas-nem-eleg-drasztikusabb-megoldasokra-lenne-szukseg-788342
69489ff4a705fe25a1602d2e4a2e324fbc7606c897b63af570ffd7436487a5fa,2025-10-04 15:22:42.599314+00:00,hu,portfolio.hu,portfolio.hu,2025-10-04,Milliárdokba kerülhet a halogatás az inváziós fajok kezelésénél,https://www.portfolio.hu/krtk/20251004/milliardokba-kerulhet-a-halogatas-az-invazios-fajok-kezelesenel-790406
e0159553ec9afd35e5ba5dd366044fe2c5f0eaca4ab486d7e956ad44eeda2db1,2025-10-01 20:22:50.783560+00:00,hu,dunaujvaros.com,dunaujvaros.com,2025-10-02,Megalakult a Nemzetközi Pályázatok Irodája,https://dunaujvaros.com/hirek/202510/megalakult_a_nemzetkozi_palyazatok_irodaja
3c9ef158799ea19249ebc8aa8585356667aa2284f7fc778b5f79c928db59a454,2025-10-01 08:24:57.376090+00:00,hu,index.hu,index.hu,2025-10-01,"Kapu Tibor az űrig ment az elismerésért, de itt a Földön is van kire büszkének lennünk",https://index.hu/kultur/2025/10/01/highlights-of-hungary-2025-dijatado-nagykovetek-jeloltek-konig-robert-kapas-boglarka-szabadfi-szabolcs/
55d30802023aa74a668ee0190e40b13982bd7b8ce5c1f5d9f03f46f895ca71d8,2025-09-26 14:24:52.964696+00:00,hu,hvg.hu,hvg.hu,2025-09-26,Udvaros Dorottya megszólalt a bíróság ítélethirdetése után,https://hvg.hu/elet/20250926_udvaros-borottya-itelet-fecskementes
e9c4081a946fcffe2d1d5206d673ad4d263c3adc0e62146aacdcda8b03d4b5a5,2025-09-22 17:27:54.885235+00:00,hu,portfolio.hu,portfolio.hu,2025-09-22,"Új aranylázként emlegették, most bebukhat ez az izgalmas sztori",https://www.portfolio.hu/gazdasag/20250922/uj-aranylazkent-emlegettek-most-bebukhat-ez-az-izgalmas-sztori-787950
33d2d9ca9f279bec50a7c322dd95e38b4218e66251a9aee1868384cb5e3de9c5,2025-09-20 08:26:59.279686+00:00,hu,hvg.hu,hvg.hu,2025-09-20,Napi 50 perccel tovább énekelnek a madarak. Miért?,https://hvg.hu/tudomany/20250920_tovabb-enekelnek-a-madarak-csicserges-fenyszennyezes
aee30b66c0aced474d04cde40962e79863bc3d3095add47074234743bac8d849,2025-09-16 13:34:40.164767+00:00,hu,portfolio.hu,portfolio.hu,2025-09-16,"Nem is túl rég egy olyan környezeti katasztrófa fenyegette a Földet, amiről ma már alig beszélnek",https://www.portfolio.hu/global/20250916/nem-is-tul-reg-egy-olyan-kornyezeti-katasztrofa-fenyegette-a-foldet-amirol-ma-mar-alig-beszelnek-786182
b84d7f9fc535ae8113a880aded7d62425addbb082ebe143375a4cf425fd67452,2025-09-11 11:32:55.076312+00:00,hu,demokrata.hu,demokrata.hu,2025-09-11,Megalakult az Erdészeti Klímaadaptációs Fórum,https://demokrata.hu/magyarorszag/megalakult-az-erdeszeti-klimaadaptacios-forum-1055449/
00e371d83c99ad1ac62a6690a54bb0a1a0b6bdeeedeb154d794e9cefe456f1e0,2025-09-10 14:35:18.184853+00:00,hu,szeretlekmagyarorszag.hu,szeretlekmagyarorszag.hu,2025-09-10,Udvaros Dorottyát jogerősen is felmentették a Fertő-tavi tiltakozásai után,https://www.szeretlekmagyarorszag.hu/hirek/udvaros-dorottyat-jogerosen-is-felmentettek-a-ferto-tavi-tiltakozasai-utan/
9fa81085c6747f9c426ee6a112c67e1bf54960b2fd6390868fe18e90b38819b6,2025-09-10 13:37:18.968788+00:00,hu,hvg.hu,hvg.hu,2025-09-10,Jogerős: Udvaros Dorottya nem követett el bűncselekményt a fecskementéssel,https://hvg.hu/elet/20250910_udvaros-dorottya-greenpeace-fecskementes-birosag-itelet
2046b3b7fb7b9de01d88dc2e83b963815c3408f7e8ca7cbcceb7d0c2544c65da,2025-09-10 11:28:22.163565+00:00,hu,blikk.hu,blikk.hu,2025-09-10,Megvan a jogerős ítélet Udvaros Dorottya ügyében – Így döntött a bíróság a fecskementésről,https://www.blikk.hu/sztarvilag/hazai-sztarok/udvaros-dorottya-greenpeace-fecskementes-felmentettek/dk2nyye
2b89f153be050e0c5576a181cf3a558b471124721954dd1ba835038b41c07839,2025-09-04 19:35:42.453291+00:00,hu,portfolio.hu,portfolio.hu,2025-09-04,Kiderültek a 2025-ös Green Awards nyertesek!,https://www.portfolio.hu/uzlet/20250904/kiderultek-a-2025-os-green-awards-nyertesek-a-zold-programokat-es-vallalatokat-dijaztuk-783600
de8aa4fe7f611589f4d235b0e7c56cc9ab4f2d2d45c69ccc183b2a810936ec93,2025-09-04 05:29:43.772460+00:00,hu,nepszava.hu,nepszava.hu,2025-09-04,Költségvetési dráma az Unióban,https://nepszava.hu/3293018_koltsegvetesi-drama-az-unioban
9ceb7a0ad130c985694abe19d3a9161953f10368749e45f2f26aaed1d4039832,2025-08-31 10:28:39.240093+00:00,hu,index.hu,index.hu,2025-08-31,"Égetjük, mintha nem lenne holnap, pedig már a cápák is elveszítik a fogaikat",https://index.hu/tudomany/2025/08/31/capa-capafog-globalis-felmelegedes-ocean-osszetetel-okoszisztema/
7a9e3c3f9e1c89c2a064be0eb6048d5880393c24baefeeff3079067f954e1641,2025-08-24 07:51:30.807192+00:00,hu,index.hu,index.hu,2016-02-01,Így néz ki egy korallzátony az űrből,http://index.hu/tudomany/2016/02/01/igy_nez_ki_egy_korallzatony_az_urbol/
da2882eaf2c0835c17b843d0e009ccffc2b667f0c3d4af9b90de4ee2bd977523,2025-08-23 16:39:04.371688+00:00,hu,index.hu,index.hu,2016-03-01,Szereti a kávét? Akkor kezdjen aggódni a méhek miatt!,http://index.hu/tudomany/2016/03/01/szereti_a_kavet_akkor_kezdjen_aggodni_a_mehek_miatt/
deb4d30a0d6ab6e96eeba420a1aa1df6380af9828228026a45168fee90cc2ebb,2025-08-23 16:36:49.080092+00:00,hu,hvg.hu,hvg.hu,2016-03-01,Pusztulnak a méhek: milliók élete kerülhet veszélybe,http://hvg.hu/plazs/20160301_Pusztulnak_a_mehek_milliok_elete_kerulhet_veszelybe#rss
84c56ac0fe61437dfd5bfa3f0a6fdba66a91c6e8e65e4e3b2cd3fa1653a0fdf9,2025-08-23 11:13:49.095016+00:00,hu,hvg.hu,hvg.hu,2016-03-11,"Kialszanak a fények jövő szombaton, itt vannak hozzá a programok",http://hvg.hu/plazs/20160311_kialszanak_a_fenyek_jovo_szombaton_itt_vannak_hozza_a_programok#rss
b8317e40a664858b1b176eddfa793ceefbab751b9c2d4ceb4340ea00ec156d40,2025-08-23 06:57:00.271210+00:00,hu,kisalfold.hu,kisalfold.hu,2016-03-19,Egy ĂłrĂĄra elsĂśtĂŠtĂźlt GyĹr,http://www.kisalfold.hu/gyori_hirek/egy_orara_elsotetult_gyor/2467630/?utm_source=rssfeed
782261d0a05f89c80d6cda2597f3f94973998571be7f6587198f375de0fa7ee5,2025-08-23 06:44:39.651047+00:00,hu,blikk.hu,blikk.hu,2016-03-19,Elsötétül a világ a mai napon,http://www.blikk.hu/aktualis/belfold/elsotetul-a-vilag-a-mai-napon/sevnvzn
c8bb45386487bf3bfa73aa049b5a4a267148f596fbb635c291401682c2f450e4,2025-08-23 06:42:23.914368+00:00,hu,hirado.hu,hirado.hu,2016-03-19,A világ legnagyobb önkéntes akciója,http://www.hirado.hu/2016/03/19/a-vilag-legnagyobb-onkentes-akcioja/
0388c54e311235b4726e03bc008d34d5a2a1af9d085c6132bc206f678a1eb9fb,2025-08-23 06:41:55.822288+00:00,hu,kisalfold.hu,kisalfold.hu,2016-03-19,Ma egy ĂłrĂĄra elsĂśtĂŠtĂźl GyĹr,http://www.kisalfold.hu/gyori_hirek/ma_egy_orara_elsotetul_gyor/2467630/?utm_source=rssfeed
16c78db14f264fac7dc81ede63804087bcc2fca56be152afa647df1882bc5af4,2025-08-23 06:39:54.479775+00:00,hu,hirado.hu,hirado.hu,2016-03-19,Világszerte kialszanak a fények,http://www.hirado.hu/2016/03/19/vilagszerte-kialszanak-a-fenyek/
465f9e99be2468f3484e558d5d55fd50c034fce2b6d7070eb95137056366f53c,2025-08-23 06:32:45.005729+00:00,hu,nol.hu,nol.hu,2016-03-20,Ha kivesznek a méhek...,http://nol.hu/tud-tech/ha-kivesznek-a-mehek-1607119
2856973fc238eb58c52c01e8e992892f087649be5697d13d9c70f84156cb703a,2025-08-23 02:28:21.722462+00:00,hu,hirado.hu,hirado.hu,2016-03-28,Gyermekeink már nem igen fognak bükkfát látni,http://www.hirado.hu/2016/03/28/gyermekeink-mar-nem-igen-fognak-bukkfat-latni/
3f58ea2caf6f690b235c3da24cb9e6539ea89499f9ea2d432c2378c6aa8d49cf,2025-08-22 15:25:46.210935+00:00,hu,magyarkurir.hu,magyarkurir.hu,2025-08-22,Teremtésvédelmi kalendárium – Földben gyökerezve,https://www.magyarkurir.hu/hirek/teremtesvedelmi-kalendarium-harom-nover-20250808112841-20250821150110
1ebe97473ad1f695983f198c01ebc750db80e2909a26f3991cd48a6ef34ae976,2025-08-21 10:19:47.050065+00:00,hu,24.hu,24.hu,2025-08-21,Még a mesterséges intelligenciát is sikerült meglepni a korallokkal kapcsolatban!,https://24.hu/tech/2025/08/21/meg-a-mesterseges-intelligenciat-is-sikerult-meglepni-a-korallokkal-kapcsolatban/
da440ad656eb76e3e57f61ebf03f519c9aedfae73795c4c17a14cd2dc75b4b02,2025-08-20 21:25:06.579475+00:00,hu,nepszava.hu,nepszava.hu,2016-06-18,A legbefolyásosabb női vezetők a világban,http://nepszava.hu/cikk/1097329-a-legbefolyasosabb-noi-vezetok-a-vilagban/
89ef9c43866abd7df30348043c8f77c33bb8a2dbf0efe7d89a8a9fd58355c2a4,2025-08-20 13:23:52.126228+00:00,hu,hirado.hu,hirado.hu,2016-06-30,Miattunk lesznek gyúlékonyak az esőerdők,http://www.hirado.hu/2016/06/30/miattunk-lesznek-gyulekonyak-az-esoerdok/
b9f907abf70417f1a64e37506137c1de65a14e2acebb2e2553a5e4e0f33ef147,2025-08-20 02:23:01.777902+00:00,hu,index.hu,index.hu,2016-07-18,Veszélyesen szürke hely lett a Föld,http://index.hu/tudomany/2016/07/18/veszelyesen_szurke_hely_lett_a_fold/
923fa0b7a56b23b3bd975d403fad6b8d5558bb2515aded7ab78b7f864b4ec13e,2025-08-19 13:34:30.524501+00:00,hu,hvg.hu,hvg.hu,2025-08-19,"A faültetés már kevés, másra van szükség a klímaváltozás megállításához",https://hvg.hu/tudomany/20250819_klimavaltozas-kutatas-faultetes-keves-szen-dioxid-kibocsatas-csokkentes
edaa24be14b120acea766b4dc9d0a0f3394ec54b61106b2f9eb7577201d45f50,2025-08-19 05:26:58.632853+00:00,hu,444.hu,444.hu,2025-08-19,Rekordalacsony a Tisza vízállása Szolnoknál,https://444.hu/2025/08/19/rekordalacsony-a-tisza-vizallasa-szolnoknal?utm_source=rss_feed&utm_medium=rss&utm_campaign=rss_syndication
312d06dd10f69c2fe9bf4ad36d0e9dd051cc7761210276d561f0fc5778c5809e,2025-08-19 05:12:51.552861+00:00,hu,24.hu,24.hu,2016-08-19,Kiirtjuk az erdei embereket. Kit érdekel?,http://24.hu/elet-stilus/2016/08/19/kiirtjuk-az-erdei-embereket-kit-erdekel/
0d38fd9bdfffc7f959dd201b168d16658f4ae62cd1d7fcdb807f778dd53f5f9c,2025-08-19 00:19:36.002784+00:00,hu,index.hu,index.hu,2016-08-26,"Kis matatás az erkélyen, és máris jobb hely lesz Budapest",http://index.hu/urbanista/2016/08/26/balkon_aranya_varosi_kerteszet/
02e24a4b82bbbf10bb9794bb88a880a245ca22cfe8fb5be85a42047110632a71,2025-08-18 20:22:50.323358+00:00,hu,hvg.hu,hvg.hu,2016-09-01,Ferenc pápa: meg kell gyónni a természetkárosítást,http://hvg.hu/vilag/20160901_Ferenc_papa_meg_kell_gyonni_a_termeszetkarositast#rss
f4cfe9975f25dd8a6a0a16572bece2369f16ffb14d91af0258f612abdca2c090,2025-08-17 06:20:06.966842+00:00,hu,index.hu,index.hu,2025-08-17,"Megérezzük a jövő aranyának hiányát – terméskiesés, infláció, elvándorlás",https://index.hu/gazdasag/2025/08/17/viz-vizhiany-vizgazdalkodas-termeszetes-viz-ivoviz-klimavaltozas-globalis-felmelegedes-aszaly-ontozes-vizkeszlet/
c7566d71b281c0898d7d2776c3266ab51c98118c6252a628db96d187cd10d192,2025-08-16 09:58:02.257069+00:00,hu,zaol.hu,zaol.hu,2016-12-09,Klímaváltozás,http://m.zaol.hu/belfold/klimavaltozas-1805301
f99dcb0d326de521b249cc6648de9984312e62beb072432b1b47ab721c300526,2025-08-16 09:57:54.451698+00:00,hu,veol.hu,veol.hu,2016-12-09,Klímaváltozás,https://m.veol.hu/belfold/klimavaltozas-1805301
eef57f090861caa4e8584d21b568852cb1cfea9d6ee271012015636a3208c642,2025-08-16 09:57:51.611623+00:00,hu,vaol.hu,vaol.hu,2016-12-09,Klímaváltozás,http://m.vaol.hu/belfold/klimavaltozas-1805301
dace65d7c71bdd68fff3d067e0f05b8bb4ff8bbdf9d40788c6757ccb333bd26f,2025-08-15 22:39:33.058577+00:00,hu,veol.hu,veol.hu,2016-12-26,Lendvai Gábor sárbogárdi biológus szerint a biodiverzitás csökkenés,https://m.veol.hu/gazdasag/lendvai-gabor-sarbogardi-biologus-szerint-a-biodiverzitas-csokkenese-kozvetlen-veszely-1808286
e5d511fbc3745df6459b9af21577dd77dbedb2c527f7640758cc7d6c2f399d84,2025-08-15 22:39:29.878874+00:00,hu,feol.hu,feol.hu,2016-12-26,Lendvai Gábor sárbogárdi biológus szerint a biodiverzitás csökkenés,http://m.feol.hu/gazdasag/lendvai-gabor-sarbogardi-biologus-szerint-a-biodiverzitas-csokkenese-kozvetlen-veszely-1808286
a6c93168e99415bb0f17d701a4ee8d808367e25567836a28c1b3e82333901483,2025-08-15 22:39:27.424521+00:00,hu,vaol.hu,vaol.hu,2016-12-26,Lendvai Gábor sárbogárdi biológus szerint a biodiverzitás csökkenés,http://m.vaol.hu/gazdasag/lendvai-gabor-sarbogardi-biologus-szerint-a-biodiverzitas-csokkenese-kozvetlen-veszely-1808286
59f3df9b91d20bf91cac8bdb6b4d51b3025708974766e36b5f3bafe17b74658f,2025-08-15 05:16:26.133040+00:00,hu,index.hu,index.hu,2017-01-05,A növények kihalásával a beporzó méheknek is lőttek,http://index.hu/tudomany/2017/01/05/a_novenyek_kihalasaval_a_beporzo_meheknek_is_lottek/
a432b98fb37e738a6f11185e58a9195a2e756578473aff2ed41b9d0f01825671,2025-08-15 05:15:41.900969+00:00,hu,hirado.hu,hirado.hu,2017-01-05,A növények kihalása veszélyes lehet egyes méhfajoknak,http://www.hirado.hu/2017/01/05/a-novenyek-kihalasa-veszelyes-lehet-egyes-mehfajoknak/
19e971b2bdc77c17205c56572077689b655a29c4bfe0056b7de3613e78c2017e,2025-08-15 05:10:50.011288+00:00,hu,24.hu,24.hu,2017-01-05,"Először a növények halnak ki, aztán a méhek, végül minden más",http://24.hu/tudomany/2017/01/05/eloszor-a-novenyek-halnak-ki-aztan-a-mehek-vegul-minden-mas/
28fd53f454e474cf6457440073ad1990b4c79af39e0ed6b9bdf57195c379caba,2025-08-14 19:36:49.662177+00:00,hu,portfolio.hu,portfolio.hu,2025-08-14,Újratervezett vidék: hogyan hasznosultak az uniós források az agrár- és vidékfejlesztésben?,https://www.portfolio.hu/unios-forrasok/20250814/ujratervezett-videk-hogyan-hasznosultak-az-unios-forrasok-az-agrar-es-videkfejlesztesben-779001
26c52749e8645da6f82035b04f21aa73f8ea0ee7645b1cd9db71b762be9425c8,2025-08-14 13:16:34.715641+00:00,hu,boon.hu,boon.hu,2017-01-25,"EEA: Európában egyre súlyosabban fenyegeti az ökoszisztémákat, az emberi egészséget és a gazdaságot az éghajlatváltozás",http://www.boon.hu/eea-europaban-egyre-sulyosabban-fenyegeti-az-okoszisztemakat-az-emberi-egeszseget-es-a-gazdasagot-az-eghajlatvaltozas/3351008
c7a3c997834b16f5404cb4297143ade98c78db5ac0c02d046eea8860b36cac28,2025-08-14 13:16:27.142892+00:00,hu,szon.hu,szon.hu,2017-01-25,"EEA: Európában egyre súlyosabban fenyegeti az ökoszisztémákat, az emberi egészséget és a gazdaságot az éghajlatváltozás",http://www.szon.hu/eea-europaban-egyre-sulyosabban-fenyegeti-az-okoszisztemakat-az-emberi-egeszseget-es-a-gazdasagot-az-eghajlatvaltozas/3351008
781b25c400d21c85fae7eef99e39f5c2d24deea29e52952389849796e91136be,2025-08-13 22:29:22.411768+00:00,hu,index.hu,index.hu,2017-02-13,Drámai a klímaváltozás tempója: 170-szer gyorsabban melegszik az éghajlat miattunk,http://index.hu/tudomany/2017/02/13/dramai_keplet_irja_le_a_klimavaltozast/
d314158e196c7d67d7e7262fb11274bedf10a952380676a077edd1b88ec34550,2025-08-13 01:48:32.799477+00:00,hu,index.hu,index.hu,2017-03-10,Az autók 3 százaléka elég lenne a nagyvárosokban,http://index.hu/bcs/2017/03/10/klimavaltozas_kovetkezmenyei_nemzetkozi_kezdemenyezesek_e.on_energy_globe_magyarorszag_dij/
56baf3d644bcda6d26caf178a022159ed6ca4254a76ce3a3bae852666283b22d,2025-08-10 18:28:45.279187+00:00,hu,hirado.hu,hirado.hu,2017-05-16,Ismét megrendezik a Magyar Természet Napját,http://www.hirado.hu/2017/05/16/ismet-megrendezik-a-magyar-termeszet-napjat/
476b2fdb4ebb7c463235595a0294f8e312b955c102198a3a2fab7e14dec4a5fa,2025-08-10 04:55:50.901176+00:00,hu,atv.hu,atv.hu,2017-06-02,Oslo kapja az Európa Zöld Fővárosa címet 2019-ben,http://www.atv.hu/kulfold/20170602-oslo-kapja-az-europa-zold-fovarosa-cimet-2019-ben
995580c56cf23255c698717e9276ccaf756c8653f42eb2eccfa550d5e5588826,2025-08-10 04:52:57.590547+00:00,hu,nepszava.hu,nepszava.hu,2017-06-02,"Oslo lesz ""Európa Zöld Fővárosa"" 2019-ben",http://nepszava.hu/cikk/1131121-oslo-lesz-europa-zold-fovarosa-2019-ben/
06fa574f250ff07f338f9327195543de3e666864c30c45aa232be0a7e3c7bba3,2025-08-07 10:10:09.664058+00:00,hu,index.hu,index.hu,2017-08-15,Láncfűrész az őserdőben: az utolsó európai rengeteg jövője a tét,http://index.hu/tudomany/2017/08/15/az_utolso_europai_oserdo_tulelese_forog_kockan_lengyelorszagban/
243eebe4c1ffa30515c3ced13983786d8ad1a468cccda47d2c22258c50b401ca,2025-08-06 22:14:23.262507+00:00,hu,mno.hu,mno.hu,2017-08-29,Római-part: vízügyi szakmai védelem az alternatív gátnak,http://mno.hu/belfold/romai-part-vizugyi-szakmai-vedelem-az-alternativ-gatnak-2414631?utm_source=feed&utm_medium=rss
f3dd59acbed592c83719419ab9057e834657aa39425a31cf0abe8bc5c9f69c01,2025-08-05 13:02:17.296310+00:00,hu,hvg.hu,hvg.hu,2017-10-07,"A NER-elit akkor is bízvást számíthat állambácsira, ha vadászni akar",http://hvg.hu/hvgfriss/2017.40/201740__orban_szomszedai__elzart_teruletek__oligarchak_egymas_kozt__nagyvadak_rezervatuma#rss
f3600147f478c0ffff51f570264af0cf1eaba4cc7ba4dd5da7a6577a1c6fc341,2025-08-04 17:58:13.608197+00:00,hu,nepszava.hu,nepszava.hu,2017-10-25,Áder János: ideje cselekedni,http://nepszava.hu/cikk/1143935-ader-janos-ideje-cselekedni/
1edcf8eba4c235409293c39a9b6e42bfd1b03e2ede5ede0e807bd32b817b54ee,2025-08-03 12:07:29.825197+00:00,hu,index.hu,index.hu,2017-11-28,Uniós támogatással újulnak meg a bükki erdők,http://index.hu/tudomany/2017/11/28/unios_tamogatassal_ujulnak_meg_a_bukki_erdok/
1f87b5b0ec030c656e84e86095120ee9d03d256eb6bc1ae563eaccd3f9cac374,2025-08-03 05:09:37.194891+00:00,hu,index.hu,index.hu,2017-12-06,Rabszolgák vágják ki az őserdőt az európaiak hamburgereiért?,http://index.hu/gazdasag/2017/12/06/eu_latin-amerika_szabadkereskedelem/
d7b2fd8e8b5b14ec80e65bb54e3ccedd4a21c2caefefcf6cd39f0929908b1af7,2025-08-02 18:24:07.929268+00:00,hu,hvg.hu,hvg.hu,2017-12-14,A hvg.hu Kult rovata,http://hvg.hu/kultura/20171214_13_tuti_konyv_karacsonyra#rss
9bd6fcc2097ee5ae97550a01af6830cc2259b9aa4c145331d7a0d44b0eced6dc,2025-08-02 01:47:13.727758+00:00,hu,24.hu,24.hu,2017-12-29,Elkezdhetnénk manipulálni a Föld légkörét,https://24.hu/tudomany/2017/12/29/elkezdhetnenk-manipulalni-a-fold-legkoret/
37f4dbd95a1e55ab0c85687e7a77744edda80d1b9c9589dd5a836a5fb22d3922,2025-07-31 15:15:55.783762+00:00,hu,mno.hu,mno.hu,2018-01-24,Vége a pálmaolaj aranykorának?,http://mno.hu/tudomany/vege-a-palmaolaj-aranykoranak-2442379?utm_source=feed&utm_medium=rss
58e6fef740028c4c5629c3ee6872384501dde8fd090ebeddd28c229183463245,2025-07-31 13:48:55.254931+00:00,hu,vg.hu,vg.hu,2018-01-25,A légszennyezés fenyegeti leginkább a közegészségügyet,https://www.vg.hu/kozelet/a-legszennyezes-fenyegeti-leginkabb-a-kozegeszsegugyet-763511
dde049e83cb01c0299aa3fe9526204ce8f2f3a427907194751c35b9453d5d3c8,2025-07-31 13:48:32.471573+00:00,hu,nepszava.hu,nepszava.hu,2018-01-25,Ez veszélyezteti leginkább az egészségünket,http://nepszava.hu/cikk/1151160-ez-veszelyezteti-leginkabb-az-egeszsegunket/
c8178a5dfc924f66af981da191b05f6649089a2cbc9e2eee20a9982d95667074,2025-07-31 13:43:19.800696+00:00,hu,szon.hu,szon.hu,2018-01-25,A légszennyezés jelenti a legnagyobb környezeti veszélyt az emberek egészségére,http://www.szon.hu/davos-a-legszennyezes-jelenti-a-legnagyobb-kornyezeti-veszelyt-az-emberek-egeszsegere/3747021
211645c68cea1211791fc5b156edad2b3efab69fe1a528071f90045845cd18c9,2025-07-31 13:42:14.887742+00:00,hu,haon.hu,haon.hu,2018-01-25,A légszennyezés jelenti a legnagyobb környezeti veszélyt az emberek egészségére,http://www.haon.hu/davos-a-legszennyezes-jelenti-a-legnagyobb-kornyezeti-veszelyt-az-emberek-egeszsegere/3747021
dead4b5d0713f8c4531b19da927584487b77d0db710adf64c78582fe403d92a2,2025-07-31 13:42:05.554515+00:00,hu,boon.hu,boon.hu,2018-01-25,A légszennyezés jelenti a legnagyobb környezeti veszélyt az emberek egészségére,http://www.boon.hu/davos-a-legszennyezes-jelenti-a-legnagyobb-kornyezeti-veszelyt-az-emberek-egeszsegere/3747021
3d4b6bfffbd47a4e665d978bfd4b1116233e7175db85fc8ecf3d5db2547de2f0,2025-07-28 23:56:56.117295+00:00,hu,hvg.hu,hvg.hu,2018-03-13,"A medve nem játék, a franciáknál sem",http://hvg.hu/kkv/20180313_A_medve_nem_jatek_a_franciaknal_sem#rss
8f426803148f8b9f60c4fac9f69972377bda61d41d2f43053d5a92a12a4e3e7c,2025-07-28 08:06:44.850729+00:00,hu,szon.hu,szon.hu,2018-03-25,"Sydney, Moszkva és Párizs után az amerikai kontinensen is kihunytak a fények",http://www.szon.hu/a-fold-oraja-sydney-moszkva-es-parizs-utan-az-amerikai-kontinensen-is-kihunytak-a-fenyek/3806936
f2415a9292829f682e2f9fbcb8621ce64f018719cd17ac6cf6f5357e90181043,2025-07-28 08:06:43.490351+00:00,hu,haon.hu,haon.hu,2018-03-25,"Sydney, Moszkva és Párizs után az amerikai kontinensen is kihunytak a fények",http://www.haon.hu/a-fold-oraja-sydney-moszkva-es-parizs-utan-az-amerikai-kontinensen-is-kihunytak-a-fenyek/3806936
05e59b13136ab88597b92e12014a0a7a716390b7390a44916e94d14cd5d28efe,2025-07-28 08:06:21.519302+00:00,hu,boon.hu,boon.hu,2018-03-25,"Sydney, Moszkva és Párizs után az amerikai kontinensen is kihunytak a fények",http://www.boon.hu/a-fold-oraja-sydney-moszkva-es-parizs-utan-az-amerikai-kontinensen-is-kihunytak-a-fenyek/3806936
a111d9317d36e59bd5b429580b7437ccb0d564a3b4acfde65fa6b37cd5a75150,2025-07-28 08:03:18.651166+00:00,hu,blikk.hu,blikk.hu,2018-03-25,Elsötétült Amerika is: így jelzik a veszélyt,http://www.blikk.hu/aktualis/vilag-titkai/a-fold-oraja-sydney-moszkva-parizs-amerika/w9nb4py
f6de905ae3070f3d3b40dcc68fe40a9366ac64b471139bd40c5df51edc141ad9,2025-07-28 08:02:40.644317+00:00,hu,nepszava.hu,nepszava.hu,2018-03-25,A Föld órája,http://nepszava.hu/cikk/1156038-a-fold-oraja---kihunytak-a-fenyek/
7be09d26f8d9cd83ffc12c5b6789e2bd051c0bb8b5d9c348ed4113bb11c02c06,2025-07-27 09:20:51.868265+00:00,hu,szon.hu,szon.hu,2018-04-20,Válasz a madarak szerelmi életére,http://www.szon.hu/valasz-a-madarak-szerelmi-eletere/3835492
25d38049f4ef64079a39b80c908e6b36483ac8e9c26ecdf0a9ac1afafd68ef83,2025-07-27 09:20:44.690412+00:00,hu,boon.hu,boon.hu,2018-04-20,Válasz a madarak szerelmi életére,http://www.boon.hu/valasz-a-madarak-szerelmi-eletere/3835492
8bad398cb789bbcadbc4f387726371ef5a1a3eb232dc61cbdcb752624c693741,2025-07-27 09:20:14.199794+00:00,hu,haon.hu,haon.hu,2018-04-20,Válasz a madarak szerelmi életére,http://www.haon.hu/valasz-a-madarak-szerelmi-eletere/3835492
40153ad5b9fc4fdd059b37eafbf6034cbe57f12d12e3fdba3a9f88f8edced004,2025-07-27 07:26:36.722582+00:00,hu,haon.hu,haon.hu,2018-04-23,Nemzetközi konferenciát tartottak Tiszadobon,http://www.haon.hu/nemzetkozi-konferenciat-tartottak-tiszadobon/3838655
653a51713ac0b2fd66167743e68e86e42b1ead155152c75aa8e502e758f71e66,2025-07-27 07:25:56.934107+00:00,hu,boon.hu,boon.hu,2018-04-23,Nemzetközi konferenciát tartottak Tiszadobon,http://www.boon.hu/nemzetkozi-konferenciat-tartottak-tiszadobon/3838655
62b47177b9e18dea7c2bddfaeb716dff6400e9765f8276ebad4adcda49c13254,2025-07-27 07:25:56.071606+00:00,hu,szon.hu,szon.hu,2018-04-23,Nemzetközi konferenciát tartottak Tiszadobon,http://www.szon.hu/nemzetkozi-konferenciat-tartottak-tiszadobon/3838655
e3984b7f23a1933c6d0d1021e61141d5bded1960305f9edb09844023a07e04be,2025-07-27 06:44:04.631905+00:00,hu,szon.hu,szon.hu,2018-04-24,Környezetvédelem a gyepen,http://www.szon.hu/kornyezetvedelem-a-gyepen/3839790
f35e8b4e288197033e9762e726c0ab803618266ade1416359a3d97a0d56ffecf,2025-07-27 06:43:53.805294+00:00,hu,boon.hu,boon.hu,2018-04-24,Környezetvédelem a gyepen,http://www.boon.hu/kornyezetvedelem-a-gyepen/3839790
06bb2b87456c3d983ed9f6d2d412880845a7976cdc7798d270bab00d1405549f,2025-07-27 06:42:45.300055+00:00,hu,haon.hu,haon.hu,2018-04-24,Környezetvédelem a gyepen,http://www.haon.hu/kornyezetvedelem-a-gyepen/3839790
197b8d0b9bd8c24a32a3709965f658e0c7663b78feb5d11c5a362235a216b87b,2025-07-27 03:33:40.447745+00:00,hu,zaol.hu,zaol.hu,2018-04-29,"Bengei rőtcsáp, csipkésszárnyű böngör: Zalai lepkészekkel beszélgettünk",https://www.zaol.hu/eletstilus/helyi-eletstilus/bengei-rotcsap-csipkesszarnyu-bongor-2343165/
4778300212e6c9b34c55dd7c3cb384c4bbd4e74ab2272ebfd9f11a27b41281fd,2025-07-26 18:26:49.040022+00:00,hu,nepszava.hu,nepszava.hu,2018-05-08,Átadták az Arany János-díjakat,http://nepszava.hu/cikk/1159335-mta-kozgyules---atadtak-az-arany-janos-dijakat/
de129a241873c7a72e1f3118fcb3e40c778ae7aafd253557b29767932b48221e,2025-07-25 21:08:27.411657+00:00,hu,nepszava.hu,nepszava.hu,2018-05-25,Hatalmas online üzlet a védett állatok trófeája,http://nepszava.hu/cikk/1160549-hatalmas-online-uzlet-a-vedett-allatok-trofeaja/
2d8fe6340eb9c3f6f46f97bcfef627580cbec6c7bba7ddd88ce97a294ddbab6d,2025-07-25 15:25:47.872693+00:00,hu,nepszava.hu,nepszava.hu,2018-06-01,Csökkentené az EB Magyarország uniós agrártámogatását,http://nepszava.hu/cikk/1161190-csokkentene-az-eb-magyarorszag-unios-agrartamogatasat/
1de74ce1c250472a94c202e6d7ff61127b52867661bd60f9c0e6d53c5e208985,2025-07-25 09:13:32.070121+00:00,hu,haon.hu,haon.hu,2018-06-06,Behurcolt mérges varangyok fenyegetik Madagaszkár állatvilágát,http://www.haon.hu/behurcolt-merges-varangyok-fenyegetik-madagaszkar-allatvilagat/3884146
c0ea7b15dc7927e06c063fc41ca49f37c7f9996b62c9267b23d53813d908015f,2025-07-25 09:12:54.908167+00:00,hu,boon.hu,boon.hu,2018-06-06,Behurcolt mérges varangyok fenyegetik Madagaszkár állatvilágát,http://www.boon.hu/behurcolt-merges-varangyok-fenyegetik-madagaszkar-allatvilagat/3884146
fb3054bd637e7cfbed433ffdc3b7a1fbf7401725d0de22f792dbed962b77e614,2025-07-25 09:12:37.107425+00:00,hu,szon.hu,szon.hu,2018-06-06,Behurcolt mérges varangyok fenyegetik Madagaszkár állatvilágát,http://www.szon.hu/behurcolt-merges-varangyok-fenyegetik-madagaszkar-allatvilagat/3884146
d250145301d04417a3afb13b5f98ec83cd824cfb733d32e3e25331ec0014ce7c,2025-07-25 09:11:59.147886+00:00,hu,bama.hu,bama.hu,2018-06-06,Mérges varangyok fenyegetik Madagaszkár állatvilágát,https://www.bama.hu/egyperces/merges-varangyok-fenyegetik-madagaszkar-allatvilagat-1365366/
eb466ad95c6907afc169beb5feda0dfbaa639b252d608a6c528e777a1f14e452,2025-07-25 04:58:29.522745+00:00,hu,nepszava.hu,nepszava.hu,2018-06-09,Mérges varangyok veszélyeztetik Madagaszkár állatvilágát,http://nepszava.hu/cikk/1161745-merges-varangyok-veszelyeztetik-madagaszkar-allatvilagat/
15ca751fd51011e4aa3b9f409cb451425cc32abc6ea399e27b3fc05347c2151e,2025-07-24 12:19:23.453143+00:00,hu,feol.hu,feol.hu,2018-06-22,"A magyar iguánaköltő tudja, hogy keringőhöz nem kell iránytű",https://www.feol.hu/kultura/hazai-kultura/a-magyar-iguanakolto-tudja-hogy-keringohoz-nem-kell-iranytu-2412872/
5c413b3073563999d366072b0aa87eaeb28a6e70da809bf7a30acfd3d91a1db1,2025-07-24 12:19:21.558581+00:00,hu,zaol.hu,zaol.hu,2018-06-22,"A magyar iguánaköltő tudja, hogy keringőhöz nem kell iránytű",https://www.zaol.hu/kultura/hazai-kultura/a-magyar-iguanakolto-tudja-hogy-keringohoz-nem-kell-iranytu-2430870/
f9cfb7092c837b86da3f4b3c322a383b48695491ba74c683b74a3cae4e365f09,2025-07-24 12:19:20.486913+00:00,hu,duol.hu,duol.hu,2018-06-22,"A magyar iguánaköltő tudja, hogy keringőhöz nem kell iránytű",https://www.duol.hu/kultura/hazai-kultura/a-magyar-iguanakolto-tudja-hogy-keringohoz-nem-kell-iranytu-2337660/
c4078241afeaaf330ecf51d1e71f1b12df61132b033d6516f3ce586c0c60d933,2025-07-24 12:19:15.049489+00:00,hu,veol.hu,veol.hu,2018-06-22,"A magyar iguánaköltő tudja, hogy keringőhöz nem kell iránytű",https://www.veol.hu/kultura/hazai-kultura/a-magyar-iguanakolto-tudja-hogy-keringohoz-nem-kell-iranytu-2335064/
c9204c3ddc882d34f63da6df4bddd412bc41c02f38f16ec30981974e526bea57,2025-07-24 12:19:09.605186+00:00,hu,vaol.hu,vaol.hu,2018-06-22,"A magyar iguánaköltő tudja, hogy keringőhöz nem kell iránytű",https://www.vaol.hu/kultura/hazai-kultura/a-magyar-iguanakolto-tudja-hogy-keringohoz-nem-kell-iranytu-2390052/
1a685f136fba07351bddaa5bd6983c46b9770f58e3024482e6bc8cb19a5da893,2025-07-24 12:18:53.363975+00:00,hu,bama.hu,bama.hu,2018-06-22,"A magyar iguánaköltő tudja, hogy keringőhöz nem kell iránytű",https://www.bama.hu/kultura/hazai-kultura/a-magyar-iguanakolto-tudja-hogy-keringohoz-nem-kell-iranytu-1389230/
521999480178b93721bce475646092fcfae7a78304e1dfea50784ffc3323686c,2025-07-24 12:18:52.317653+00:00,hu,teol.hu,teol.hu,2018-06-22,"A magyar iguánaköltő tudja, hogy keringőhöz nem kell iránytű",https://www.teol.hu/kultura/hazai-kultura/a-magyar-iguanakolto-tudja-hogy-keringohoz-nem-kell-iranytu-1173146/
6eccafbb23a1312a57e6a8d363384ac6316ac4d41e3ab4aeff58ecd0c031ee5e,2025-07-24 12:18:46.622036+00:00,hu,baon.hu,baon.hu,2018-06-22,"A magyar iguánaköltő tudja, hogy keringőhöz nem kell iránytű",https://www.baon.hu/kultura/hazai-kultura/a-magyar-iguanakolto-tudja-hogy-keringohoz-nem-kell-iranytu-1376318/
066d79900778c578b44db4ff9698365d0c1fadb7b237c9fe58211d7b60a5cb8f,2025-07-24 12:18:23.594510+00:00,hu,heol.hu,heol.hu,2018-06-22,"A magyar iguánaköltő tudja, hogy keringőhöz nem kell iránytű",https://www.heol.hu/kultura/hazai-kultura/a-magyar-iguanakolto-tudja-hogy-keringohoz-nem-kell-iranytu-1185374/
a1e54e91b763a8349872b178dbd84b7644fffc261b8f5de3244666cbe1665a93,2025-07-24 12:18:18.843067+00:00,hu,beol.hu,beol.hu,2018-06-22,"A magyar iguánaköltő tudja, hogy keringőhöz nem kell iránytű",https://www.beol.hu/kultura/hazai-kultura/a-magyar-iguanakolto-tudja-hogy-keringohoz-nem-kell-iranytu-1359518/
d232ff393fe20e20c9735e6e8ec370116686fc7ed3fea84997278c6a0663ac32,2025-07-24 12:17:20.891994+00:00,hu,sonline.hu,sonline.hu,2018-06-22,"A magyar iguánaköltő tudja, hogy keringőhöz nem kell iránytű",https://www.sonline.hu/kultura/hazai-kultura/a-magyar-iguanakolto-tudja-hogy-keringohoz-nem-kell-iranytu-1104306/
41ac516c711199ccbe0a46791b89343dee7acc8a477c10c362605972ccc64a9f,2025-07-24 03:38:13.828816+00:00,hu,nepszava.hu,nepszava.hu,2018-06-28,Gazdátlan környezetvédelem,http://nepszava.hu/cikk/1163375-gazdatlan-kornyezetvedelem---elmarasztalo-oecd-jelentes/
7dcd48befd2cab5e4dc84ecc69743be54178414ead71d631d2c7c09cbc77d338,2025-07-24 03:07:21.273078+00:00,hu,boon.hu,boon.hu,2018-06-29,Állatok életterét vághatja ketté az épülő autópálya,http://www.boon.hu/allatok-eletteret-vaghatja-kette-az-epulo-autopalya/3906351
08e8aa7a44ce7d601b668c4ba20ce7b774a42f976a2c37e1d6b4ef93b72f6cc7,2025-07-24 03:07:08.287638+00:00,hu,szon.hu,szon.hu,2018-06-29,Állatok életterét vághatja ketté az épülő autópálya,http://www.szon.hu/allatok-eletteret-vaghatja-kette-az-epulo-autopalya/3906351
64aab5645ecdb3c68d524ba62e0ac017a7e524dbfe0591cb762dee734abaff9b,2025-07-23 02:04:03.456933+00:00,hu,boon.hu,boon.hu,2018-07-19,A kolumbiai békemegállapodás veszélyezteti a dél-amerikai ország esőerdőit,http://www.boon.hu/a-kolumbiai-bekemegallapodas-veszelyezteti-a-del-amerikai-orszag-esoerdoit/3926591
2d4267a84ee985409dadc71f313ee942a39ff69fb4b29ffac7c087c897331052,2025-07-23 02:03:24.855875+00:00,hu,haon.hu,haon.hu,2018-07-19,A kolumbiai békemegállapodás veszélyezteti a dél-amerikai ország esőerdőit,http://www.haon.hu/a-kolumbiai-bekemegallapodas-veszelyezteti-a-del-amerikai-orszag-esoerdoit/3926591
1a38874152abb057cfcc0385c3c129166ec0e3592a9b30cba29b0f8c6e5791d5,2025-07-23 02:03:02.998490+00:00,hu,szon.hu,szon.hu,2018-07-19,A kolumbiai békemegállapodás veszélyezteti a dél-amerikai ország esőerdőit,http://www.szon.hu/a-kolumbiai-bekemegallapodas-veszelyezteti-a-del-amerikai-orszag-esoerdoit/3926591
9086eedad92f2b65d365d504eb6c4692698bdb859b073cb9569e506767420814,2025-07-23 02:01:28.325240+00:00,hu,444.hu,444.hu,2018-07-19,A kolumbiai gerillákkal kötött békének lett egy nem várt következménye: a helyiek elkezdték kiirtani az esőerdőt,https://444.hu/2018/07/19/a-kolumbiai-gerillakkal-kotott-bekenek-lett-egy-nem-vart-kovetkezmenye-a-helyiek-elkezdtek-kiirtani-az-esoerdot
3d9c0ecae5d174c4078cdffb36bf7b0df1bc6e6bcea8ef9760a2c89bd7a7c7d7,2025-07-23 00:12:56.284364+00:00,hu,bama.hu,bama.hu,2018-07-21,Hogyan vezetett erdőirtáshoz a kolumbiai béke?,https://www.bama.hu/egyperces/hogyan-vezetett-erdoirtashoz-a-kolumbiai-beke-1416682/
9bd9c1bc2e08ebe2e3cafb3221def5e09fb30072cb6f963a5d8aed10b54c2bbe,2025-07-23 00:12:48.553945+00:00,hu,duol.hu,duol.hu,2018-07-21,Hogyan vezetett erdőirtáshoz a kolumbiai béke?,https://www.duol.hu/egyperces/hogyan-vezetett-erdoirtashoz-a-kolumbiai-beke-2370030/
42e6ec4ab68e54254baf68a39e0a97d9b47624270883a7b39b852c056a63ddcb,2025-07-21 23:30:45.709924+00:00,hu,boon.hu,boon.hu,2018-08-10,Elkészült a kihalt emlősöket is összegző első világtérkép,http://www.boon.hu/elkeszult-a-kihalt-emlosoket-is-osszegzo-elso-vilagterkep/3948818
e0d5c5fdc2c52eb65c8c427e173a9aa9803fcda46e002bef01856b99897c0182,2025-07-21 23:30:31.619227+00:00,hu,szon.hu,szon.hu,2018-08-10,Elkészült a kihalt emlősöket is összegző első világtérkép,http://www.szon.hu/elkeszult-a-kihalt-emlosoket-is-osszegzo-elso-vilagterkep/3948818
c0ce07f7432990078578c9b2370531de397f499b4749883a117979ff054621d7,2025-07-21 23:29:43.309389+00:00,hu,haon.hu,haon.hu,2018-08-10,Elkészült a kihalt emlősöket is összegző első világtérkép,http://www.haon.hu/elkeszult-a-kihalt-emlosoket-is-osszegzo-elso-vilagterkep/3948818
61fde1379b22ac68db18a128a0f285ae0369317b4b28f8ff5498acc5367576e4,2025-07-21 23:27:54.985966+00:00,hu,kisalfold.hu,kisalfold.hu,2018-08-10,ElkĂŠszĂźlt a kihalt emlĹsĂśket is ĂśsszegzĹ elsĹ vilĂĄgtĂŠrkĂŠp,http://www.kisalfold.hu/tudomany/elkeszult_a_kihalt_emlosoket_is_osszegzo_elso_vilagterkep/2569998/?utm_source=rssfeed
2af323b5a3e5fbae71b368cdeaba6614b85d9b7735c466ea8f94aa8196d1b2f2,2025-07-21 23:26:36.805249+00:00,hu,delmagyar.hu,delmagyar.hu,2018-08-10,ElkĂŠszĂźlt a kihalt emlĹsĂśket is ĂśsszegzĹ elsĹ vilĂĄgtĂŠrkĂŠp,http://www.delmagyar.hu/vilagvevo/elkeszult_a_kihalt_emlosoket_is_osszegzo_elso_vilagterkep/2569998/?utm_source=rssfeed
1f236844e0d5ac994f3afa09f4bae971688f059e4bdae233ec272a669d2a9beb,2025-07-21 23:23:13.536822+00:00,hu,168ora.hu,168ora.hu,2018-06-27,Elkészült a kihalt emlősöket is összegző világtérkép,http://168ora.hu/tudas/elkeszult-a-kihalt-emlosoket-is-osszegzo-vilagterkep-154316
dd934a4cc22ca98aeec7acd084109aee85f45f8e3bc16ec345b1f55b86b5baf7,2025-07-21 20:40:29.673900+00:00,hu,nepszava.hu,nepszava.hu,2018-08-13,Térképre kerültek a kihalt emlősök,https://nepszava.hu/3004845_terkepre-kerultek-a-kihalt-emlosok
1feab8727e47ac601fb134aadf820d2bb4ebfed1f00f8e789e78498f8d7b9f8c,2025-07-20 19:58:34.189538+00:00,hu,index.hu,index.hu,2018-08-31,Meghökkentő szobrokat helyeznek ki a Duna-partra,https://index.hu/urbanista/2018/08/31/olajoshordo-szobor_es_a_felcimkezett_uszadekfak_a_rakparton/
55abbcbdcde04d4f3ae8c4388e20112cc543643d9b5efd5aacd37285a0577b58,2025-07-20 01:30:23.887880+00:00,hu,nepszava.hu,nepszava.hu,2018-09-27,Nagy madárnak nevezték el a valaha élt legnagyobb madárfajt,https://nepszava.hu/3009869_nagy-madarnak-neveztek-el-a-valaha-elt-legnagyobb-madarfajt
2f8b6dd22f4a94bdd1a03fdd9c39eb610d8c577d4ed04be173f970649474c71f,2025-07-20 01:30:23.119060+00:00,hu,nepszava.hu,nepszava.hu,2018-09-27,Buliznak a pókok: óriási hálóval szőtték be egy görög kisváros tengerpartját,https://nepszava.hu/3009733_buliznak-a-pokok-oriasi-haloval-szottek-be-egy-gorog-kisvaros-tengerpartjat
ce0e4a4e4916bd5311171f574fc3fc083bf403126c286c8b17cbceedda8c23b9,2025-07-20 01:15:25.386382+00:00,hu,index.hu,index.hu,2018-09-27,A valaha élt legnagyobb madárfajt azonosították,https://index.hu/techtud/2018/09/27/a_valaha_elt_legnagyobb_madarfajt_azonositottak/
a653762e226d07e40af602f051a5697899da34f9f9225850471c779c82259eb5,2025-07-19 11:33:17.285165+00:00,hu,index.hu,index.hu,2018-10-09,Vessünk véget a gazdasági növekedésnek?,https://index.hu/gazdasag/2018/10/09/ensz_klimavaltozas_fenntarthatosag_novekedes_innovacio_fold/
5a9dd86f4c83f35733c1717d89e6b65b721a69fe80638036ec92c504f26f94c1,2025-07-19 09:13:13.340503+00:00,hu,haon.hu,haon.hu,2018-10-11,AM-államtitkár: az uniós agrárkifizetések végrehajtási szabályai bonyolultabbá válhatnak,http://www.haon.hu/lizingkonferencia-am-allamtitkar-az-unios-agrarkifizetesek-vegrehajtasi-szabalyai-bonyolultabba-valhatnak/4014793
6f2f2f7a22d92b4539440039753b00056f9807cb0066ea3323b3a25d63635620,2025-07-19 09:12:46.436845+00:00,hu,szon.hu,szon.hu,2018-10-11,AM-államtitkár: az uniós agrárkifizetések végrehajtási szabályai bonyolultabbá válhatnak,http://www.szon.hu/lizingkonferencia-am-allamtitkar-az-unios-agrarkifizetesek-vegrehajtasi-szabalyai-bonyolultabba-valhatnak/4014793
715bc447ba0fc85a979dd336df9457d51dc199c20c9027ebe886f9943f7235c7,2025-07-19 09:12:38.349043+00:00,hu,boon.hu,boon.hu,2018-10-11,AM-államtitkár: az uniós agrárkifizetések végrehajtási szabályai bonyolultabbá válhatnak,http://www.boon.hu/lizingkonferencia-am-allamtitkar-az-unios-agrarkifizetesek-vegrehajtasi-szabalyai-bonyolultabba-valhatnak/4014793
c69e333f833c53b3204d3e4a2fbdfa19e6e37054bf978471022df4c29cbea2ce,2025-07-18 09:43:01.666090+00:00,hu,hvg.hu,hvg.hu,2018-10-30,"Nem kérdés, hogy történelmi időket élünk – az a kérdés, lesz-e még folytatás",http://hvg.hu/tudomany/20181030_wwf_elo_bolygo_jelentes_2018_termeszetvedelem#rss
20c0939570c42ac025611a158ae1b1b93affed1033b61a6afca70388dbab9b2f,2025-07-18 01:37:35.130921+00:00,hu,nepszava.hu,nepszava.hu,2018-11-12,Volt-nincs közpénz: 250 milliárdot löktek a céghálóba Matolcsy alapítványai,https://nepszava.hu/3014864_volt-nincs-kozpenz-250-milliardot-loktek-a-ceghaloba-matolcsy-alapitvanyai
7db1902005992fd43c6c0c435cbf87a7336e27186f2d1026a8467b9ce0b7bbe5,2025-07-18 01:37:35.010301+00:00,hu,nepszava.hu,nepszava.hu,2018-11-12,"A tömeges állami kirúgások miatt laborok munkája állhat le, és kimúlhat a környezetvédelem",https://nepszava.hu/3014841_pusztito-leepules-a-tomeges-allami-kirugasok-miatt-laborok-munkaja-allhat-le-es-kimulhat-a-kornyezetvedelem
4b1007fa0f9c3572e0f6ca4a246a936b7bc0cbabbdd9d7ad75637ad011ec31c5,2025-07-18 01:33:11.649297+00:00,hu,nepszava.hu,nepszava.hu,2018-11-12,Harmadával kevesebb jut a nehezen élőknek: a szegényeken spórol a kormány,https://nepszava.hu/3014813_harmadaval-kevesebb-jut-a-nehezen-eloknek-a-szegenyeken-sporol-a-kormany
6e466062adb2fd2c5b9cc564192f70578623747c1c4e8e171f1346d05af6b0af,2025-07-17 23:33:18.949519+00:00,hu,nepszava.hu,nepszava.hu,2018-11-16,A talaj nem korlátlanul rendelkezésre álló erőforrás,https://nepszava.hu/3015362_a-talaj-nem-korlatlanul-rendelkezesre-allo-eroforras
62b4dc657e26d62533b180d15a5a320e98c704a8c63d4b72c0c18a7529ea0614,2025-07-17 21:57:07.783528+00:00,hu,infostart.hu,infostart.hu,2018-11-19,"Úgy bánik talajával Európa, mintha lábtörlő lenne",https://infostart.hu/belfold/2018/11/19/ugy-banik-talajaval-europa-mintha-labtorlo-lenne
4ef7bcb367c40328e8d34eda04a02a36d11329cdff53eb75383c26faa65c2787,2025-07-17 17:18:09.796097+00:00,hu,hirtv.hu,hirtv.hu,2025-07-17,"Brüsszel sokkoló terve: Az uniós gazdák pénzét Ukrajnára költenék, elképesztő hatalomátvétel készül",https://hirtv.hu/hirtvkulfold/brusszel-sokkolo-terve-az-unios-gazdak-penzet-ukrajnara-koltenek-elkepeszto-hatalomatvetel-keszul-2611703?utm_source=feed&utm_medium=rss
dc48c364823c16c4b8940d165d27590991ac193b61ba18c001dc400069e14c28,2025-07-17 11:35:37.487378+00:00,hu,magyarnemzet.hu,magyarnemzet.hu,2025-07-17,Elképesztő mértékben csökkentené az agrártámogatásokat az unió költségvetése,https://magyarnemzet.hu/gazdasag/2025/07/hatterbe-szoritana-az-agrariumot-az-unio-koltsegvetese?utm_source=hirstart&utm_medium=referral&utm_campaign=hiraggregator
6940ff931d1a6b57409a46d0ee5356f22508c5913cb73a291576f7e83ce3042a,2025-07-17 11:22:35.219959+00:00,hu,vg.hu,vg.hu,2025-07-17,"EU-költségvetés: Ukrajna javára vennék el a pénzt az uniós gazdáktól, elképesztő hatalomkoncentrációra készül Brüsszel",https://www.vg.hu/nemzetkozi-gazdasag/2025/07/eu-koltsegvetes-ukrajna-gazdak?utm_source=hirstart&utm_medium=referral&utm_campaign=hiraggregator
08bc4d1534afdcd169531e6e71b483c79b2aba837d338285f474ffc65f8a0fb9,2025-07-17 09:48:18.761532+00:00,hu,sonline.hu,sonline.hu,2017-10-25,Áder János: feléljük a Föld „természeti tőkéjét”,https://www.sonline.hu/orszagvilag/ader-janos-feleljuk-fold-termeszeti-tokejet-873057
ee5b150487d265a855c5383c5804bf9107412577724c6c3ec3f1c85b4a309393,2025-07-16 23:48:32.560962+00:00,hu,infostart.hu,infostart.hu,2025-07-16,Uniós biztos: hatalmas támogatást kaphatnak a gazdák a következő költségvetésből,https://infostart.hu/gazdasag/2025/07/16/unios-biztos-hatalmas-tamogatast-kaphatnak-a-gazdak-a-kovetkezo-koltsegvetesbol
43fb8d0174d41a78b6efd1e79b561cc865fc1b80e9ff4ed399142731be97269d,2025-07-16 23:26:20.747083+00:00,hu,24.hu,24.hu,2018-12-05,Tartályokba zárják a Balatont,https://24.hu/belfold/2018/12/05/balaton-ivoviz-viz-klimavaltozas/
585b875d564902c5eba6ed7f6c10f9530c8e2d37b38f854ced165955b18bbef4,2025-07-16 22:36:46.653006+00:00,hu,infostart.hu,infostart.hu,2025-07-16,Ursula Von der Leyen: 2000 milliárd eurós költségvetést javasol az Európai Bizottság a következő időszakra,https://infostart.hu/gazdasag/2025/07/16/ursula-von-der-leyen-2000-milliard-euros-koltsegvetest-javasol-az-europai-bizottsag-a-kovetkezo-idoszakra
307e51915b4486ffc3f078c332a0175c1564d346a722a332ae5aacc2e0ec6c59,2025-07-16 22:27:41.551170+00:00,hu,index.hu,index.hu,2025-07-16,Ötven éve kihaltnak hitt madárra bukkantak Új-Zélandon,https://index.hu/tudomany/2025/07/16/kivi-madar-uj-zeland-faj-felfedezes/
e03b48001bab2bc5a230bc19c67e4a5f00339f7a96c90b334427f191751beffa,2025-07-16 16:42:54.415950+00:00,hu,infostart.hu,infostart.hu,2018-12-07,Vérfrissítést tart szükségesnek az Európai Parlamentben a magyar miniszterelnök,https://infostart.hu/napinfo/2018/12/07/verfrissitest-tart-szuksegesnek-az-europai-parlamentben-a-magyar-miniszterelnok-a-nap-hirei
4cc807d8d57aa0971b319cbc47f2fb21060d8e60ed15da1bbe4496d03f7aa382,2025-07-16 14:41:57.106477+00:00,hu,infostart.hu,infostart.hu,2018-12-09,"Van, ami a felmelegedésnél is pusztítóbb",https://infostart.hu/belfold/2018/12/09/van-ami-a-felmelegedesnel-is-pusztitobb
5ace8f12b75011a7a4e0655478b6336dc29f570c8db2dcf83d103c93c03f8716,2025-07-16 03:49:40.856996+00:00,hu,index.hu,index.hu,2018-12-19,Komoly károkat okozhat a Természettudományi Múzeum Debrecenbe költöztetése,https://index.hu/techtud/2018/12/19/mttm_termeszettudomanyi_muzeum_koltozes_debrecen/
ffa4304341e330d957658f4362b9e077596fc8f31cd6d33cc4f200a3d81eaa57,2025-07-16 03:12:41.044637+00:00,hu,nepszava.hu,nepszava.hu,2018-12-20,Így etessük a madarakat hóban-fagyban,https://nepszava.hu/3018825_igy-etessuk-a-madarakat-hoban-fagyban
36acf363bcbc128d4d29fe35137d6ca5c10c0aa591869d0385c276f333437ec2,2025-07-16 01:51:41.437828+00:00,hu,nepszava.hu,nepszava.hu,2018-12-21,Nem muszáj minden ajándékot papírba csomagolni,https://nepszava.hu/3019428_nem-muszaj-minden-ajandekot-papirba-csomagolni
fd53cff71ccac3907903dd4bb330fd0e79574e932ca321c0e3734c397f38e8cf,2025-07-16 01:47:05.993162+00:00,hu,atv.hu,atv.hu,2018-12-22,Elképesztő: mintegy 95 kilogramm papírhulladékot termelünk fejenként,http://www.atv.hu/belfold/20181222-elkepeszto-mintegy-95-kilogramm-papirhulladekot-termelunk-fejenkent
58756d3fda4664c91c30154a4b2eae480e4205f2085abfdd7bc08270fc14093e,2025-07-16 01:35:10.263880+00:00,hu,index.hu,index.hu,2018-12-22,Még nem késő a környezetbarát ajándékcsomagolás mellett dönteni!,https://index.hu/mindekozben/poszt/2018/12/22/meg_nem_keso_a_kornyezetbarat_ajandekcsomagolas_mellett_donteni/
dd93593522ec9dc3477b37aa9809765243de85d40deaa8371a446bb2091c61e8,2025-07-16 00:50:43.595390+00:00,hu,index.hu,index.hu,2018-12-23,"1,5 millió francia követeli, hogy lépjen fel az állam a klímaváltozással szemben",https://index.hu/techtud/2018/12/23/1_5_millio_francia_koveteli_hogy_lepjen_fel_az_allam_a_klimavaltozassal_szemben/
1640fe8ba383318621b4ec9ec3427bd696ae9bed8f46ef68c881b5eba827fbe9,2025-07-16 00:47:11.548301+00:00,hu,demokrata.hu,demokrata.hu,2018-12-23,Másfél millió aláírás a francia állam beperléséért,http://www.demokrata.hu/hir/kulfold/masfel-millio-alairas-francia-allam-beperleseert
67b6b9827a021991173614f94f3707320d60e2856d19c4ae048ae65e618aaaf1,2025-07-16 00:41:43.354422+00:00,hu,magyaridok.hu,magyaridok.hu,2018-12-27,"Rengetegen szeretnék, ha a francia állam be lenne perelve tétlenségéért",https://magyaridok.hu/kulfold/rengetegen-szeretnek-ha-a-francia-allam-be-lenne-perelve-tetlensegeert-3795551/
632859482723eabaf4ac25309997faa11072ef299725d49866367c5e77576da9,2025-07-16 00:40:51.576680+00:00,hu,vg.hu,vg.hu,2018-12-26,Több mint másfél millióan perelnék be a francia államot,https://www.vg.hu/kozelet/kozeleti-hirek/tobb-mint-masfel-million-perelnek-be-a-francia-allamot-1267741/
3777c56795b5471a2810a7fa1e0f03b273223c16f20ff4b8573ef61d12335fd1,2025-07-15 20:47:58.651662+00:00,hu,index.hu,index.hu,2018-12-29,"Listák, amik megmutatják Magyarország helyzetét a világban",https://index.hu/gazdasag/2018/12/29/magyarorszag_listakon_2018/
c4e7c63edf4daa7a2fd3a95d6627d4fde183a444cd8b099db5c54159a872f354,2025-07-15 15:34:35.138308+00:00,hu,index.hu,index.hu,2025-07-15,Újabb állomáshoz érkezett az MBH Bank Fenntartható Jövő Bankja programja,https://index.hu/gazdasag/2025/07/15/mbh-bank-program-kozlemeny/
0c7eac07472d2143006801e045be71f16c59fc60cef9cb2f8e4e0e480992ffee,2025-07-12 20:22:19.586454+00:00,hu,atv.hu,atv.hu,2025-07-12,Debrecen a TOP3-ban az Európa Zöld Fővárosa címért zajló versenyben,https://www.atv.hu/belfold/20250712/debrecen-top-lista-zold-fovaros/
feed713ef9d4e505a44509b1af1000ffc0778a4675c29bc6f52966f67adc99d8,2025-07-12 18:32:40.856186+00:00,hu,kisalfold.hu,kisalfold.hu,2019-01-24,VeszĂŠlyt jelenthet az ĂśkoszisztĂŠmĂĄkra az Ăşj selyemĂşt,https://www.kisalfold.hu/tudomany/veszelyt_jelenthet_az_okoszisztemakra_az_uj_selyemut/2586336/?utm_source=rssfeed
abd209c6440610487bd28d84166ce9d0ef0045c899c01014f961b4e876bd4be1,2025-07-12 18:32:26.616526+00:00,hu,delmagyar.hu,delmagyar.hu,2019-01-24,VeszĂŠlyt jelenthet az ĂśkoszisztĂŠmĂĄkra az Ăşj selyemĂşt,https://www.delmagyar.hu/vilagvevo/veszelyt_jelenthet_az_okoszisztemakra_az_uj_selyemut/2586336/?utm_source=rssfeed
2047c5e030989f25d48392274c8ed08b8eca9f0baa5c30757a4531189d378719,2025-07-12 18:29:47.992135+00:00,hu,444.hu,444.hu,2019-01-24,Biológusok szerint az új selyemút veszélyt jelenthet az ökoszisztémákra,https://444.hu/2019/01/24/biologusok-szerint-az-uj-selyemut-veszelyt-jelenthet-az-okoszisztemakra
f6bcc13e196ad2b3bfb082b1c3950c4537a48a81575b2177d2208140a6a53827,2025-07-12 18:27:13.711076+00:00,hu,index.hu,index.hu,2019-01-24,Kína új selyemútjától féltik az ökoszisztémát,https://index.hu/techtud/2019/01/24/kina_uj_selyemut_okoszisztema/
c63088367191c252fadf5cf1bc1bff79b7bfbe434c23cbe3c8718e804fed6111,2025-07-12 17:05:16.862585+00:00,hu,infostart.hu,infostart.hu,2019-01-25,Idegen fajok fenyegetik Európát is,https://infostart.hu/tudomany/2019/01/25/idegen-fajok-fenyegetik-europat-is
ccf11d8858738026de1057f9e60c0699bbab39af95a2521c4b0f49d57c8d5da1,2025-07-12 04:46:37.032094+00:00,hu,magyarnarancs.hu,magyarnarancs.hu,2018-05-23,"Ellentmondást nem tűrő államosítás, felszívódó milliárdok, káosz: utánajártunk, miért van tele az ország a szétszórt szeméttel",https://m.magyarnarancs.hu/belpol/ellentmondast-nem-turo-allamositas-felszivodo-milliardok-kaosz-utanajartunk-miert-van-tele-az-orszag-a-szetszort-szemettel-118796
eb60e7b9771f8a38f843180642d7154f7704e5670b65caa3e26de01f6ad54dd8,2025-07-11 21:38:54.830529+00:00,hu,infostart.hu,infostart.hu,2025-07-11,"Lehet, hogy Debrecen lesz Európa Zöld Fővárosa",https://infostart.hu/belfold/2025/07/11/lehet-hogy-debrecen-lesz-europa-zold-fovarosa
a9dcbd7eda4edc91ed2e06ea71ad6630ff90f515e608803a2925bf833d901d50,2025-07-11 18:25:31.188380+00:00,hu,origo.hu,origo.hu,2025-07-11,Óriási siker! Európa élére tört Debrecen,https://www.origo.hu/itthon/2025/07/europa-zold-fovarosa-debrecen-varos
f4e466834440d4df244d114f77815a63fcf6f2b7cccac76081fe9d4d3aa268f8,2025-07-11 17:35:16.630758+00:00,hu,index.hu,index.hu,2025-07-11,Egy magyar városé lehet Európa zöld trónja és a hatszázezer eurós jutalom,https://index.hu/belfold/2025/07/11/debrecen-europai-bizottsag-europa-zold-varosa-verseny/
85926390e48621cedc42cb051598142b4e017ccf011e06feeaa5a64c4d529eb0,2025-07-11 13:37:49.272565+00:00,hu,nepszava.hu,nepszava.hu,2019-04-16,Lemaradásban a kormány klímaterve,https://nepszava.hu/3032724_lemaradasban-a-kormany-klimaterve
3f88f1f06b925e3494f81e0008551df3524ecb568f1378a45ab05fa7be8b05f6,2025-07-11 13:37:48.949037+00:00,hu,nepszava.hu,nepszava.hu,2019-04-16,Nagy Zöld Fal: az elsivatagosodás védőgátja,https://nepszava.hu/3031998_nagy-zold-fal-az-elsivatagosodas-vedogatja
89370a0325fb0e576770c549677e208312c11c0413ff7a7a8225f67bde3672f0,2025-07-11 08:00:46.313808+00:00,hu,bama.hu,bama.hu,2019-04-19,Mérföldkőhöz érkezett a hazai biogazdálkodás,https://www.bama.hu/gazdasag/hazai-gazdasag/merfoldkohoz-erkezett-a-hazai-biogazdalkodas-1790833/
c105cd19b8e18bb19127d52f983a07edc3a72204a594d5c0724b3dfd7b8630a6,2025-07-11 08:00:45.460000+00:00,hu,vaol.hu,vaol.hu,2019-04-19,Mérföldkőhöz érkezett a hazai biogazdálkodás,https://www.vaol.hu/gazdasag/hazai-gazdasag/merfoldkohoz-erkezett-a-hazai-biogazdalkodas-2959297/
9a6c7e0443c08e384581551392d07608aa701d27a3867ef23badc4c761fa8f7d,2025-07-11 08:00:39.014028+00:00,hu,feol.hu,feol.hu,2019-04-19,Mérföldkőhöz érkezett a hazai biogazdálkodás,https://www.feol.hu/gazdasag/hazai-gazdasag/merfoldkohoz-erkezett-a-hazai-biogazdalkodas-2984062/
fc957f53244d4ddd7c92d836900035416811586bac78d25013f9e016532351f0,2025-07-11 08:00:35.843523+00:00,hu,teol.hu,teol.hu,2019-04-19,Mérföldkőhöz érkezett a hazai biogazdálkodás,https://www.teol.hu/gazdasag/hazai-gazdasag/merfoldkohoz-erkezett-a-hazai-biogazdalkodas-1602556/
420a4dcd5928aaa0861c6d758efca79563a3e73ff32d8579d6c5c3e419572bc9,2025-07-11 08:00:35.355974+00:00,hu,heol.hu,heol.hu,2019-04-19,Mérföldkőhöz érkezett a hazai biogazdálkodás,https://www.heol.hu/gazdasag/hazai-gazdasag/merfoldkohoz-erkezett-a-hazai-biogazdalkodas-1657249/
c52b4dc8779a9434a58f364b9b3bde1a3244e07c6c3bf6f56ab8b34ba9db99fe,2025-07-11 08:00:34.322627+00:00,hu,sonline.hu,sonline.hu,2019-04-19,Mérföldkőhöz érkezett a hazai biogazdálkodás,https://www.sonline.hu/gazdasag/hazai-gazdasag/merfoldkohoz-erkezett-a-hazai-biogazdalkodas-1530757/
7d7643af35606c519344e1f02a8ffbf966b227c13a26f5a5b3a43a3a8d8c063e,2025-07-11 08:00:33.917757+00:00,hu,veol.hu,veol.hu,2019-04-19,Mérföldkőhöz érkezett a hazai biogazdálkodás,https://www.veol.hu/gazdasag/hazai-gazdasag/merfoldkohoz-erkezett-a-hazai-biogazdalkodas-2816428/
5d02e129e4cd5435e6a8589264afc9172d390a93b33328836d7d5490463e80d0,2025-07-11 08:00:33.799987+00:00,hu,duol.hu,duol.hu,2019-04-19,Mérföldkőhöz érkezett a hazai biogazdálkodás,https://www.duol.hu/gazdasag/hazai-gazdasag/merfoldkohoz-erkezett-a-hazai-biogazdalkodas-2774854/
93a1424ac6f29dfc08c237fc12c52b4d9174117d8e021598bf264a2eb2a4bd4c,2025-07-10 23:25:41.160335+00:00,hu,index.hu,index.hu,2019-04-27,A földi élet sokféleségének kulcsa a pásztorok kezében van,https://index.hu/techtud/2019/04/27/a_biodiverzitas_kulcsa_a_pasztorok_kezeben_van/
0d0d5d7b9f261b486672cd9b34a7aaa6d41f2597c220f531053bf237f38fd5a4,2025-07-10 21:36:56.774371+00:00,hu,nepszava.hu,nepszava.hu,2019-04-29,"Paprika, sercli és sör a Gourmet Fesztiválon",https://nepszava.hu/3034204_paprika-sercli-es-sor-a-gourmet-fesztivalon
7390506cc5da86660d843b795329a20557f8e4599d1e89c5da7271493901e50a,2025-07-10 21:35:34.234975+00:00,hu,index.hu,index.hu,2019-04-29,"Ha pusztítjuk a talajt, felgyorsítjuk a klímaváltozást",https://index.hu/techtud/2019/04/29/talaj_karositasa_szen_klimavaltozas/
4dcd40ac79ab818adc923ac00082fb3d7363471359b23991bbf36374244ead0d,2025-07-10 21:34:02.315767+00:00,hu,kisalfold.hu,kisalfold.hu,2019-04-29,GyorsĂ­thatja a klĂ­mavĂĄltozĂĄst a talaj kĂĄrosĂ­tĂĄsa,https://www.kisalfold.hu/tudomany/gyorsithatja_a_klimavaltozast_a_talaj_karositasa/2595716/?utm_source=rssfeed
484fa988b79fa6d007cbcb1316d25540a8839e27cc34b543b61010ff29f16dc6,2025-07-10 21:33:44.506748+00:00,hu,delmagyar.hu,delmagyar.hu,2019-04-29,GyorsĂ­thatja a klĂ­mavĂĄltozĂĄst a talaj kĂĄrosĂ­tĂĄsa,https://www.delmagyar.hu/vilagvevo/gyorsithatja_a_klimavaltozast_a_talaj_karositasa/2595716/?utm_source=rssfeed
62423469fb6863adc1bb2486de2b3f463f373d5e03f379d7e503bcecb6b6b16b,2025-07-10 21:32:28.273509+00:00,hu,napi.hu,napi.hu,2019-04-29,Újabb figyelmeztetés: a talaj károsítása gyorsíthatja a klímaváltozást,https://www.napi.hu/nemzetkozi_gazdasag/ujabb_figyelmeztetes_a_talaj_karositasa_gyorsithatja_a_klimavaltozast.683269.html
5a33a1b828985994d96e5bc359d38a77b19129861888d28fa3adca30b3e1e55e,2025-07-10 19:48:20.746040+00:00,hu,nepszava.hu,nepszava.hu,2019-04-30,Már Moszkvában vannak a kölcsönpandák,https://nepszava.hu/3034306_mar-moszkvaban-vannak-a-kolcsonpandak
2231195e3b8033ff3174bf01ee869bfb5805ce989f809e4e80c7e183e7193c40,2025-07-10 19:48:20.130149+00:00,hu,nepszava.hu,nepszava.hu,2019-04-30,Megállíthatatlanná teheti a klímaváltozást a talaj további pusztítása,https://nepszava.hu/3034300_megallithatatlanna-teheti-a-klimavaltozast-a-talaj-tovabbi-pusztitasa
6ca41685154ee231bf7e519dfe3d7cd14fa33c3b0543b06fde7d4eb6b13328d3,2025-07-10 19:45:05.131291+00:00,hu,bama.hu,bama.hu,2019-04-30,A talaj károsítása gyorsíthatja a klímaváltozást,https://www.bama.hu/eletstilus/a-talaj-karositasa-gyorsithatja-a-klimavaltozast-1805179/
54a8bdbbd6c8b83a45cdb5fa1c6c82494468b2d8dcb9ce055fb950c3540387e7,2025-07-09 12:43:41.375958+00:00,hu,vg.hu,vg.hu,2019-01-23,"Útmutató a klímaváltozásról, optimistáknak",https://www.vg.hu/velemeny/hatter/utmutato-a-klimavaltozasrol-optimistaknak-2-1312630/
1945f0e96c44057a635ab229a2676bd3ea3896a259be87120327394dc35a7e69,2025-07-09 11:42:34.564914+00:00,hu,nethirlap.hu,nethirlap.hu,2019-01-25,Idegen fajok fenyegetik Európát is,http://www.nethirlap.hu/hir.php?hirid=49408
871ea598ec9736baaf4f20bb401dba041284745d72d263f697d36fa85c353531,2025-07-09 10:25:52.414387+00:00,hu,vg.hu,vg.hu,2025-07-09,"Ursula von der Leyen irigykedik Kínára, de fél is tőle – elmondta végre, mit akar az EU Pekingtől",https://www.vg.hu/nemzetkozi-gazdasag/2025/07/gazdasagi-hatalom-kina-europai-unio?utm_source=hirstart&utm_medium=referral&utm_campaign=hiraggregator
86601c8e16924dbb6fa47486295c7403d94820d681ec1db958c9959e3b2b2650,2025-07-09 08:14:09.395574+00:00,hu,infostart.hu,infostart.hu,2019-02-01,"Hihetetlen: Ausztráliában 90 fokkal melegebb van, mint Amerikában",https://infostart.hu/kulfold/2019/02/01/hihetetlen-ausztraliaban-90-fokkal-melegebb-van-mint-amerikaban
393a3f3e6d88e4be6f49616f5aff54f75f8895b81e8d0db8ec0fe8044cde5013,2025-07-08 10:41:47.007195+00:00,hu,nepszava.hu,nepszava.hu,2019-02-17,Beszélgetni hősökkel és gonosztevőkkel,https://nepszava.hu/3025518_beszelgetni-hosokkel-es-gonosztevokkel-robert-laszlo-emlekere
ccc7a2baba5529fc8c8ab78ea66a448778c455bc9284887d78c316bd0d4da0e3,2025-07-08 10:41:46.783130+00:00,hu,nepszava.hu,nepszava.hu,2019-02-17,Hitlerbogár és Trumpféreg,https://nepszava.hu/3025529_hitlerbogar-es-trumpfereg
d1c2dd901eaef9b6c22e3bac95fd6169b7ca67d520d13ad9cc2944fd4295b720,2025-07-08 10:02:44.272268+00:00,hu,nepszava.hu,nepszava.hu,2019-02-17,"Még a kockás füzet is eltűnt: nincs, aki átvegye a gazdaságot",https://nepszava.hu/3025522_meg-a-kockas-fuzet-is-eltunt-nincs-aki-atvegye-a-gazdasagot
0c0a9fcba4d64a9366f75104d837e80a7dac0aac054e1442c49bc2052890c900,2025-07-07 20:17:12.086043+00:00,hu,portfolio.hu,portfolio.hu,2025-07-07,A rendszerszintű változásokhoz példaképekre és jó példákra van szükség,https://www.portfolio.hu/uzlet/20250707/a-rendszerszintu-valtozasokhoz-peldakepekre-es-jo-peldakra-van-szukseg-772883
9e1904b9258df05b8a1b4ad4eb347776508496226c6dedb4db126ee2d95acdce,2025-07-07 10:39:27.893270+00:00,hu,duol.hu,duol.hu,2019-03-03,Hulladékszobraikkal hívják fel a figyelmet a környezetvédelemre,https://www.duol.hu/eletstilus/helyi-eletstilus/hulladekszobraikkal-hivjak-fel-a-figyelmet-a-kornyezetvedelemre-2702218/
a40a27c91f352e0f45b2d25b738aa61a5c7924b296ec72296bd82c83e34464f4,2025-07-07 10:24:05.837880+00:00,hu,portfolio.hu,portfolio.hu,2025-07-07,"Ursula von der Leyen bejelentette: új pénzügyi eszköz érkezik, amely 72 000 milliárd forintos piacot nyithat meg",https://www.portfolio.hu/unios-forrasok/20250707/ursula-von-der-leyen-bejelentette-uj-penzugyi-eszkoz-erkezik-amely-72-000-milliard-forintos-piacot-nyithat-meg-772857
583e1b766ae98ebdf7b48dd619a899518948ebcde3a41e0b02605b2c56a0c28c,2025-07-07 08:23:21.811516+00:00,hu,echotv.hu,echotv.hu,2019-03-05,ECHO,http://www.echotv.hu/hirek/2019/03/05/multik-es-spekulansok-ne-iranyithassak-a-politikat
d4af642c10fe0177ebc26e2990dc9ebc0352af66c8fe37c32c00b2892849b396,2025-07-07 07:51:42.650538+00:00,hu,hirtv.hu,hirtv.hu,2019-03-05,Multik és spekulánsok ne irányíthassák a politikát!,http://hirtv.hu/ahirtvhirei/multik-es-spekulansok-ne-iranyithassak-a-politikat-2477760?utm_source=feed&utm_medium=rss
228fd70103518678ea4cee3cacd95697580f7323129dc6eee161525fa8be2cad,2025-07-07 06:22:15.094044+00:00,hu,portfolio.hu,portfolio.hu,2025-07-07,A természetbe való befektetés kihagyhatatlan lehetőség az EU számára,https://www.portfolio.hu/unios-forrasok/20250707/a-termeszetbe-valo-befektetes-kihagyhatatlan-lehetoseg-az-eu-szamara-772455
01d653a73543387eecea0ab5aee9d5ef96609708e5b7a95031fc3db0c72c6030,2025-07-06 22:35:14.164267+00:00,hu,24.hu,24.hu,2019-03-13,"Ezek a fiatalok nem nyugszanak, amíg nem érnek el változást",https://24.hu/kulfold/2019/03/13/klimavaltozas-globalis-felmelegedes-klimasztrajk-greta-thunberg-fridays-for-future/
faa1aa23eb4ec11dd4c333bce6523b35683a50fe1aef3b04ff25f89c60926fb8,2025-07-06 21:04:54.825618+00:00,hu,heol.hu,heol.hu,2019-03-14,A zöldvállalkozások fontosságára hívná fel a figyelmet a BNPI,https://www.heol.hu/kozelet/helyi-kozelet/a-zoldvallalkozasok-fontossagara-hivna-fel-a-figyelmet-a-bnpi-1594177/
64c6bfefe5df69db844b12c633db53b89f0a0ae2e20483d7eb11225062df0492,2025-07-06 11:28:22.114948+00:00,hu,index.hu,index.hu,2019-03-22,Sokezernyi 500 millió éves fosszíliára leltek Kínában,https://index.hu/techtud/2019/03/22/sok_ezernyi_500_millio_eves_fossziliara_leltek_kinaban/
5138e742d74c3e3995b38b418d9c4f8b061a5e00597bdb93c4018719ee4e8551,2025-07-06 02:20:17.860404+00:00,hu,24.hu,24.hu,2019-03-31,"Katasztrófa jönne, ha hirtelen minden csirke boldog lenne",https://24.hu/elet-stilus/2019/03/31/husipar-szabadtartas-baromfi-bio-fenntarthatosag/
5b9101d460e97eb723153ce3bbbf70cb99a45683dc61e2704e166ea365324eda,2025-07-06 01:06:33.961836+00:00,hu,index.hu,index.hu,2019-04-02,Guanóban kúszva kutatják magyarok a múltbéli klímaváltozást,https://index.hu/techtud/2019/04/02/guanoban_kuszva_kutatjak_magyarok_a_multbeli_klimavaltozast/
e244edee041f447bfbaf733d02401b3b4d6071f8b798007fee0d180ddd24526c,2025-07-05 12:27:09.830420+00:00,hu,vg.hu,vg.hu,2019-04-18,36 milliárdra emelték az ökológiai gazdálkodás pályázat keretösszegét,https://www.vg.hu/gazdasag/gazdasagi-hirek/36-milliardra-emeltek-az-okologiai-gazdalkodas-palyazat-keretosszeget-1471099/
75cb313ce5acba175f4e2a8161fbcc181dfbea678350ed87f75c0ea46f8be63d,2025-07-05 12:23:52.666520+00:00,hu,napi.hu,napi.hu,2019-04-18,Jó hírt kaptak a magyar ökogazdák!,https://www.napi.hu/magyar_vallalatok/jo_hirt_kaptak_a_magyar_okogazdak.682711.html
b1f1a47e04f4028c9b0c02cf74e8419effdc7605869d410d12344faef4e0b809,2025-07-05 07:54:42.835710+00:00,hu,24.hu,24.hu,2019-04-29,Egyszerre két sírt ás magának az emberiség,https://24.hu/tudomany/2019/04/29/biologiai-sokfeleseg-csokkenese/
c46472ee7fed25484ed0c8d98fbd8ba3b2fe9405aaba7a4af63c1cd99ee60b5b,2025-07-05 07:46:31.429076+00:00,hu,vg.hu,vg.hu,2019-04-29,Itt az idő a Green EU Deal elindítására,https://www.vg.hu/velemeny/a-kozgazdaszok/itt-az-ido-a-green-eu-deal-elinditasara-2-1484701/
e0e026a63d9052e12faad29a3e93a505ca8778f97f180026d114a468a6d53286,2025-07-05 07:33:08.635432+00:00,hu,nepszava.hu,nepszava.hu,2019-04-30,"Kiszáradhat a Panama-csatorna, korlátozták a forgalmát",https://nepszava.hu/3034324_kiszaradhat-a-panama-csatorna-korlatoztak-a-forgalmat
ee766938e01bdf3a75237a167cd99274def257f02752358fbe531e0cd87f3cf4,2025-07-05 05:13:22.857944+00:00,hu,hvg.hu,hvg.hu,2019-05-02,"Megállíthatatlanná válik a klímaváltozás, ha nem teszünk rendet a talajban",http://hvg.hu/tudomany/20190502_talaj_karositasa_gyorsithatja_a_klimavaltozast#rss
cbfe4d4281ea3d62d22f986cf52c202d74f1b1c95e1368d767ed0a27f2b3b320,2025-07-05 01:33:50.829766+00:00,hu,index.hu,index.hu,2019-05-06,Egymillió fajt fenyeget a kihalás,https://index.hu/techtud/2019/05/06/egymillio_fajt_fenyeget_kihalas/
724afabf3b1d0a2902736a545101aec0f492847327ca05ac85ba58211e869ae0,2025-07-04 22:35:37.375476+00:00,hu,nepszava.hu,nepszava.hu,2019-05-08,Egységet demonstrálnak az EU-csúcson,https://nepszava.hu/3035162_egyseget-demonstralnak-az-eu-csucson
21a8ca3a6d9ea9db324d03ee83316974cc2d9071229d0829d92055dae0be70bd,2025-07-04 22:00:06.765887+00:00,hu,nepszava.hu,nepszava.hu,2019-05-09,Európa már elfogyasztotta az idei erőforrásait,https://nepszava.hu/3035276_europa-mar-elfogyasztotta-az-idei-eroforrasait
19b77ec9d26b68a91a8c2ec62f8f5f9e8024a803e9906cde9ec426ad937575b4,2025-07-04 21:52:36.463123+00:00,hu,vg.hu,vg.hu,2019-05-09,"Ha az európaiakon múlna, három bolygóra lenne szükségünk",https://www.vg.hu/kozelet/kornyezetvedelem/ha-az-europaiakon-mulna-harom-bolygora-lenne-szuksegunk-1502305/
441488b9ad9a049367346d8e80219829de7a7c755c6988516730bec942d6e6ef,2025-07-04 21:52:29.986740+00:00,hu,blikk.hu,blikk.hu,2019-05-09,"Figyelmeztetés: katasztrófához vezetne, ha mindenki úgy élne, mint a magyarok",https://www.blikk.hu/geo/tullepte-az-emberiseg-fogyasztasa-a-fold-kapacitasait-magyarorszagon-is/zkrpdky
a6933f61b453107c4fe879abb1bf7d7c45ab989bb6439cddd9aa968336f922fd,2025-07-04 21:52:22.683341+00:00,hu,hvg.hu,hvg.hu,2019-05-09,"Ha a világon mindenki úgy élne, mint egy átlag európai, már most elfogynának az éves erőforrásaink",http://hvg.hu/elet/20190509_Ha_a_vilagon_mindenki_ugy_elne_mint_egy_atlag_europai_mar_most_elfogynanak_az_eves_eroforrasaink#rss
d84da5ceeed73a038a13ec0b947137240a0043c2b90a6145543b26126f60f361,2025-07-04 21:50:25.800387+00:00,hu,infostart.hu,infostart.hu,2019-05-09,Ijesztő dátumhoz érkezünk,https://infostart.hu/tudomany/2019/05/09/ijeszto-datumhoz-erkezunk
64d881d2df965491b27ceb8d19f38b964b25eac457c4a71e47a4bbe6325c235d,2025-07-04 20:37:23.198930+00:00,hu,nepszava.hu,nepszava.hu,2019-05-10,Szülői értekezlet is lesz az állatkerti nevelőszülők találkozóján,https://nepszava.hu/3035483_szuloi-ertekezlet-is-lesz-az-allatkerti-neveloszulok-talalkozojan
c6ca3cef5049dd37387b86b1919994d81735d5aae8902498a81d84b1e879cbd6,2025-07-04 20:14:23.520896+00:00,hu,szon.hu,szon.hu,2019-05-10,Elérkezett az európai túlfogyasztás napja,https://szon.hu/eletstilus/elerkezett-az-europai-tulfogyasztas-napja-3042868/
a057bf4bdaddb9c29f32e542351024b20cc4b3fb9d78f3a4dbd19b8103c0e040,2025-07-04 20:14:03.176616+00:00,hu,beol.hu,beol.hu,2019-05-10,Elérkezett az európai túlfogyasztás napja,https://www.beol.hu/eletstilus/elerkezett-az-europai-tulfogyasztas-napja-1936336/
71b925ea1cdbbb5115338de1053bb018dc2f20af6bde85ee25078eae3983721c,2025-07-04 20:14:03.129543+00:00,hu,sonline.hu,sonline.hu,2019-05-10,Elérkezett az európai túlfogyasztás napja,https://www.sonline.hu/eletstilus/elerkezett-az-europai-tulfogyasztas-napja-1563535/
09fd9b6d63d52ca99f9665eed1754380523a7eaeca6c4201e8fd6837865cced7,2025-07-04 20:14:02.040317+00:00,hu,vaol.hu,vaol.hu,2019-05-10,Elérkezett az európai túlfogyasztás napja,https://www.vaol.hu/eletstilus/elerkezett-az-europai-tulfogyasztas-napja-3004279/
6ac8b68ed6e664cf3093ad203282eca4f807113d62aec1388e7df745835712a5,2025-07-04 20:14:00.762941+00:00,hu,haon.hu,haon.hu,2019-05-10,Elérkezett az európai túlfogyasztás napja,https://haon.hu/eletstilus/elerkezett-az-europai-tulfogyasztas-napja-3247198/
345f4acb04b8d9b7c9739702eacbd40637046ee70babb7d6e528c920d2068717,2025-07-04 20:13:59.787734+00:00,hu,zaol.hu,zaol.hu,2019-05-10,Elérkezett az európai túlfogyasztás napja,https://www.zaol.hu/eletstilus/elerkezett-az-europai-tulfogyasztas-napja-3028807/
e3e27d2f7fd7631c1681877acc0f4aa593d4ce0e32b8ac0f8289d484d50375a7,2025-07-04 20:13:56.167739+00:00,hu,boon.hu,boon.hu,2019-05-10,Elérkezett az európai túlfogyasztás napja,https://boon.hu/eletstilus/elerkezett-az-europai-tulfogyasztas-napja-3564928/
461e7a15d5401b3080c4c65737dba1a0a9c0dc2084471cedddd16bdbde261e5b,2025-07-04 20:13:46.832686+00:00,hu,bama.hu,bama.hu,2019-05-10,Elérkezett az európai túlfogyasztás napja,https://www.bama.hu/eletstilus/elerkezett-az-europai-tulfogyasztas-napja-1820623/
b593577ca5f25356152113f9fcc317882aade40501aeeab1a0627e823ef7b341,2025-07-04 20:13:39.301375+00:00,hu,teol.hu,teol.hu,2019-05-10,Elérkezett az európai túlfogyasztás napja,https://www.teol.hu/eletstilus/elerkezett-az-europai-tulfogyasztas-napja-1636168/
3348232279a0ec02bff216e80cf25275474797713cb6ba8c0a257d8dee4a7ae0,2025-07-04 20:13:39.209237+00:00,hu,duol.hu,duol.hu,2019-05-10,Elérkezett az európai túlfogyasztás napja,https://www.duol.hu/eletstilus/elerkezett-az-europai-tulfogyasztas-napja-2807194/
853fec8cfe9f694b94344843f54fb9192ff8ee66127202e79619b2ee99cdee7b,2025-07-04 20:13:37.273900+00:00,hu,baon.hu,baon.hu,2019-05-10,Elérkezett az európai túlfogyasztás napja,https://www.baon.hu/eletstilus/elerkezett-az-europai-tulfogyasztas-napja-1905505/
3a2157680226d485b1d939172dd21985dc58394ab85e53d26ccf010f235498f9,2025-07-04 20:13:32.159586+00:00,hu,szoljon.hu,szoljon.hu,2019-05-10,Elérkezett az európai túlfogyasztás napja,https://www.szoljon.hu/eletstilus/elerkezett-az-europai-tulfogyasztas-napja-1678270/
c1563b3798b68a67772aa44923a5488244026ee93ff1e599639296f9e975afc7,2025-07-04 20:13:31.179680+00:00,hu,feol.hu,feol.hu,2019-05-10,Elérkezett az európai túlfogyasztás napja,https://www.feol.hu/eletstilus/elerkezett-az-europai-tulfogyasztas-napja-3028306/
c8636ed9aa7de229b07d07bfc5a2b4bc711953f65740069ad9da32e5f408c2f0,2025-07-04 20:13:12.160938+00:00,hu,heol.hu,heol.hu,2019-05-10,Elérkezett az európai túlfogyasztás napja,https://www.heol.hu/eletstilus/elerkezett-az-europai-tulfogyasztas-napja-1694671/
0b1095dc9a17d5136cf1d31f113ad33818435fe30bf058f303c5755c6cb272a1,2025-07-04 20:13:09.673155+00:00,hu,veol.hu,veol.hu,2019-05-10,Elérkezett az európai túlfogyasztás napja,https://www.veol.hu/eletstilus/elerkezett-az-europai-tulfogyasztas-napja-2854576/
abee97178247e11e979facbe833df272c9fe3aafe86cc9e86538e790af2e049f,2025-07-04 07:19:59.788958+00:00,hu,infostart.hu,infostart.hu,2019-05-22,Nagy a baj a magyar földeken,https://infostart.hu/tudomany/2019/05/22/komoly-gond-van-a-magyar-foldeken
4d96216f577aee06eff39c642d50bd271277c68f935b9d52930c299e18f7a939,2025-07-04 06:57:09.260556+00:00,hu,infostart.hu,infostart.hu,2019-05-22,Álljunk meg! Évente 2 százalék eltűnik a természetből,https://infostart.hu/eletmod/2019/05/22/alljunk-meg-evente-2-szazalek-eltunik-a-termeszetbol
5f75ca17cc24b70aebcf902c579134c055ad3dd5dc2bc72d991c7dcc4eb67443,2025-07-04 04:39:08.339740+00:00,hu,vg.hu,vg.hu,2019-05-24,Agrárminiszter: a természeti érték közös örökség,https://www.vg.hu/vallalatok/mezogazdasag/agrarminiszter-a-termeszeti-ertek-kozos-orokseg-1530761/
a56d86acf640f9f5630cc43d4fc6180532be80871387d5b9550ac6ecf0ed1254,2025-07-04 03:01:59.386202+00:00,hu,hirtv.hu,hirtv.hu,2019-05-26,Szivárványos zászlóval buzdít szavazásra az Európai Bizottság,http://hirtv.hu/hirtvkulfold/szivarvanyos-zaszloval-buzdit-szavazasra-az-europai-bizottsag-2481676?utm_source=feed&utm_medium=rss
ef56deee6de4aca84a9b923dc3c003aa7f4d71ccabb63f1cdb82997392301b83,2025-07-03 13:30:11.769381+00:00,hu,444.hu,444.hu,2025-07-03,Negatív rekordot döntött a Tisza,https://444.hu/2025/07/03/negativ-rekordot-dontott-a-tisza?utm_source=rss_feed&utm_medium=rss&utm_campaign=rss_syndication
f8aa77db07cba51ced128d51b51b88d23ced84a8ab6f990a187f031db73f7c3e,2025-07-03 10:35:22.748765+00:00,hu,24.hu,24.hu,2025-07-03,Szárad a Tisza: soha nem volt még ilyen alacsony a vízszintje,https://24.hu/tudomany/2025/07/03/szarad-a-tisza-rekord-alacsony-vizallas/
09fa6357e3273f5dba600e56e4f8eecbaac2507b61cc560fec32ce1e3b4f4805,2025-07-02 23:46:25.234152+00:00,hu,hvg.hu,hvg.hu,2019-06-14,Jó hír: egy parkban üldögéléssel is segíthet az egészségén,http://hvg.hu/kultura/20190614_Jo_hir_egy_parkban_uldogelessel_is_segithet_az_egeszsegen#rss
c4a5fcbef4441819d6ad42268cc90fed48ed9311f8127a09b0ca366b70f4aee7,2025-07-02 19:28:42.636192+00:00,hu,infostart.hu,infostart.hu,2019-06-18,Egyszerűsített néhány bürokratikus eljárást az Országgyűlés,https://infostart.hu/belfold/2019/06/18/tartalmas-napon-van-tul-az-orszaggyules
fa7a7ab71128076465e2988b2fc802d740a66d96ee13f6296cf3117fc81dcdbc,2025-07-02 18:41:26.061008+00:00,hu,magyarnarancs.hu,magyarnarancs.hu,2018-05-23,Borsot törhetnek Orbán Viktor orra alá Európa új üdvöskéi,https://m.magyarnarancs.hu/belpol/zold-fidesz-120330
fc6cf016755bb9c4b54d4f82679891bc3cd66e1cfd34695a91e6bd9cb9989e10,2025-07-02 14:34:34.969831+00:00,hu,nepszava.hu,nepszava.hu,2019-06-21,"""A generáció, ami megteszi az első lépést a bolygó megmentéséért""",https://nepszava.hu/3040486_a-generacio-ami-megteszi-az-elso-lepest-a-bolygo-megmenteseert
3c24bdc18692c543ac65d68ecd53c11c94d1f43dfff62ec47b78bcd1c0cce956,2025-07-01 19:35:19.294033+00:00,hu,444.hu,444.hu,2019-07-05,Rengeteg új fa telepítése lehet a leghatékonyabb eszköz a klímaváltozás lassítására,https://444.hu/2019/07/05/rengeteg-uj-fa-telepitese-lehet-a-leghatekonyabb-eszkoz-a-klimavaltozas-lassitasara
325b922979412c301693cedc6180974e62d70285a523426068ed449805bb068e,2025-07-01 16:27:37.910776+00:00,hu,index.hu,index.hu,2019-07-07,Mi köze van Beethovennek a klímaváltozáshoz?,https://index.hu/kultur/2019/07/07/agroverzum_martonvasar_mta/
22ed7d6e81928b5a534b7ba5afc5cd20ca4d104d6d695a8f163517bd243e530d,2025-07-01 15:53:01.228090+00:00,hu,nepszava.hu,nepszava.hu,2019-07-08,"Új piacok, új feszültségek az EU-Mercosur egyezmény árnyékában",https://nepszava.hu/3042319_uj-piacok-uj-feszultsegek-az-eu-mercosur-egyezmeny-arnyekaban
d6cf66dee84dfc88f294135bd612f5cb4e93c9e87f901c40ef5e69c800fe48d2,2025-07-01 15:51:14.814486+00:00,hu,nepszava.hu,nepszava.hu,2019-07-08,Az első fél évben 390 milliárd forint volt az államháztartás hiánya,https://nepszava.hu/3042351_az-elso-fel-evben-390-milliard-forint-volt-az-allamhaztartas-hianya
68e6661d30dd2fb1dfcf223c3a63b9bdbb479a89007b6467cfe2184f567b2466,2025-07-01 15:51:14.768816+00:00,hu,nepszava.hu,nepszava.hu,2019-07-08,Minden ellenőrzött webáruháznál talált jogsértést az ügyészség,https://nepszava.hu/3042352_minden-ellenorzott-webaruhaznal-talalt-jogsertest-az-ugyeszseg
939b7202487ca0f3510e84a41d2a1d497f4b13d32c5ab6c9cee9013490e3da62,2025-07-01 15:45:29.742643+00:00,hu,nepszava.hu,nepszava.hu,2019-07-08,"Új piacok, új feszültségek",https://nepszava.hu/3042319_uj-piacok-uj-feszultsegek-sokan-aggodnak-az-eu-legujabb-szabadkereskedelmi-egyezmenye-miatt
59b485fe8460529169d92f2551a9582e7550365ef67f8a961e56fed63550a5c3,2025-07-01 05:24:02.900476+00:00,hu,index.hu,index.hu,2025-07-01,Rendkívül ritka ragadozó téblábol a Kis-Balatonnál,https://index.hu/fomo/2025/07/01/mbh-bank-balaton-felvideki-nemzeti-park-vadmacska-projekt-fenntarthatosag-esg/
25244288b31cc4df7b1a02f66d0accb6cb1639ea6c31fd8f00e5478aef4d1a50,2025-06-30 21:07:42.302923+00:00,hu,boon.hu,boon.hu,2019-07-21,Tizenöt újabb rájafajt fenyeget a kihalás veszélye,https://boon.hu/egyperces/tizenot-uj-hegeduraja-faj-valt-kihalassal-fenyegetett-allatta-3717516/
9efff641ed00ea1cac114ef177518d0acc0d51984e82833b738b855121312729,2025-06-30 21:07:33.409833+00:00,hu,szon.hu,szon.hu,2019-07-21,Tizenöt újabb rájafajt fenyeget a kihalás veszélye,https://szon.hu/egyperces/tizenot-uj-hegeduraja-faj-valt-kihalassal-fenyegetett-allatta-3265680/
4307c12384cf8e3db76a7eb9bb4df893c6bc5266a0a9e15541ffd515636a2632,2025-06-30 21:07:33.099222+00:00,hu,haon.hu,haon.hu,2019-07-21,Tizenöt újabb rájafajt fenyeget a kihalás veszélye,https://haon.hu/egyperces/tizenot-uj-hegeduraja-faj-valt-kihalassal-fenyegetett-allatta-3440652/
e1345a05b5bdb3a3587d223998647bc6f9ff733241f9a98d681da9a4e035685b,2025-06-30 02:39:25.448527+00:00,hu,nepszava.hu,nepszava.hu,2019-08-04,Gondolkodó szuperorganizmus,https://nepszava.hu/3045259_gondolkodo-szuperorganizmus-minden-amit-a-hangyakrol-es-a-murmekologusrol-tudni-erdemes
4b38cdb737a21311f6977a16618770f3246fea69082acaaaca82a5638b573cb5,2025-06-29 19:50:55.698729+00:00,hu,infostart.hu,infostart.hu,2019-08-09,"Megkongatta a vészharangot az ENSZ, klímatudatos gazdálkodást és étrendet sürget",https://infostart.hu/tudomany/2019/08/09/az-ensz-szerint-at-kell-terni-a-klimatudatos-gazdalkodasra-es-etrendre
3c36d0c226fbd6c5622a4897d450393aae0768e42b650d8667426e2b5148831c,2025-06-29 19:10:39.286568+00:00,hu,magyarnarancs.hu,magyarnarancs.hu,2018-05-23,Ferenc pápa szerint Hitler 1934-es beszédét idéző politikai szónoklatok hangzanak el ma Európában,https://m.magyarnarancs.hu/kulpol/ferenc-papa-szerint-hitler-1934-es-beszedet-idezo-politikai-beszedek-hangzanak-el-ma-europaban-122096
ffc6637807b452dc0e88a8d385bf8479d2072121a7b5e67c26626e2f5e3118d7,2025-06-29 15:48:51.156971+00:00,hu,index.hu,index.hu,2019-08-13,WWF: 50 év alatt a felére csökkent az erdőben élő gerinces állatok száma,https://index.hu/techtud/2019/08/13/wwf_50_ev_alatt_a_felere_csokkent_az_erdoben_elo_gerinces_allatok_szama_klimavaltozas_vadaszat_erdoirtak/
5f8c7d81a205414aa29caf5e4c179eee30929243c5a458443757fbf4d9f1bb6e,2025-06-29 15:42:05.660783+00:00,hu,magyarnarancs.hu,magyarnarancs.hu,2018-05-23,Az elmúlt ötven évben megfeleződött az erdőben élő gerincesek populációja,https://m.magyarnarancs.hu/tudomany/az-elmult-otven-evben-megfelezodott-az-erdoben-elo-gerincesek-populacioi-122170
ab17f76f69308703f749fecb5c35ffc422a74913d9a111ec771ca7d058e9e4ed,2025-06-29 15:13:22.200020+00:00,hu,haon.hu,haon.hu,2019-08-14,Felével csökkentek az erdőben élő gerincesek populációi 50 év alatt,https://haon.hu/eletstilus/felevel-csokkentek-az-erdoben-elo-gerincesek-populacioi-50-ev-alatt-3480289/
95354019bc74a1942c4c709ee5f7e7fcc23109fb318949e0d0be8575df3a1c4a,2025-06-29 15:13:21.605931+00:00,hu,boon.hu,boon.hu,2019-08-14,Felével csökkentek az erdőben élő gerincesek populációi 50 év alatt,https://boon.hu/eletstilus/felevel-csokkentek-az-erdoben-elo-gerincesek-populacioi-50-ev-alatt-3748309/
b0e38183574d45fab88d42cdec0902352886bb09e0447c96c4d65710e2dac35c,2025-06-29 15:13:21.474238+00:00,hu,szon.hu,szon.hu,2019-08-14,Felével csökkentek az erdőben élő gerincesek populációi 50 év alatt,https://szon.hu/eletstilus/felevel-csokkentek-az-erdoben-elo-gerincesek-populacioi-50-ev-alatt-3317461/
e395bd73233c417263707a4098018ba20cde368bdbd4c11a7f57593470b9a046,2025-06-29 15:02:06.945517+00:00,hu,nepszava.hu,nepszava.hu,2019-08-14,WWF: 50 év alatt felére csökkent az erdőben élő gerincesek száma,https://nepszava.hu/3046532_wwf-50-ev-alatt-felere-csokkent-az-erdoben-elo-gerincesek-szama
ac78825d503401fbd75268e800f3d4d405b7b3f7a38ca372fa12aa832b14e339,2025-06-29 14:44:13.952272+00:00,hu,24.hu,24.hu,2019-08-14,Iszonyú pusztítást végeztünk az állatvilágban,https://24.hu/tudomany/2019/08/14/allatok-pusztitas-termeszet-erdo/
cf2be776626e212cf8d5a072651f977d8e305590d2f29d07c12b4b7ff5065f8e,2025-06-29 10:32:22.937276+00:00,hu,168ora.hu,168ora.hu,2018-06-27,"Mindenen változtatnunk kell, és már csak nagyon kevés időnk van",https://168ora.hu/tudas/klimavaltozas-fold-bartholy-judit-interju-172737
d134c9c0668ff702788b5d5ba85993ece547aebf681e3314b725f919874646af,2025-06-29 08:07:23.798736+00:00,hu,168ora.hu,168ora.hu,2018-06-27,"A világ legnagyobb problémája, hogy a természeti tőke ingyenes",https://168ora.hu/eletmod/klimavaltozas-gazdasag-termeszet-bartus-gabor-kornyezetvedelem-172815
0200051a393fb31004c1bfd9c23ab206f9381d1200475cc6a39d81a75049e0a3,2025-06-29 03:34:35.570644+00:00,hu,24.hu,24.hu,2019-08-23,"Ami Brazíliában folyik, az valójában klímaháború""",https://24.hu/tudomany/2019/08/23/amazonas-fold-tudeje-erdotuz-langok-brazilia-bolsonaro-klimakatasztrofa-klimaveszhelyzet/
3b4645697814f29a1b39d9886a196e46a03a6f9b10a3ee604707627979b3ce8c,2025-06-29 03:30:15.849520+00:00,hu,infostart.hu,infostart.hu,2019-08-23,Macron a G7 előtt: nyomást fogok gyakorolni az USA-ra,https://infostart.hu/kulfold/2019/08/23/macron-a-g7-elott-nyomast-fogok-gyakorolni-az-usa-ra
e2f68b8e457661377cfcb2efcd722d86a286728d915a5391b47a46be8f682a1c,2025-06-29 03:29:25.358674+00:00,hu,hvg.hu,hvg.hu,2019-08-23,Macron: Biodiverzitási alapokmány kell,http://hvg.hu/elet/20190823_Macron_Biodiverzitasi_alapokmany_kell#rss
364641e4a71c68730492ba17dba51681ae171574cd45ab80f7470a950e82baa4,2025-06-29 03:17:59.306862+00:00,hu,168ora.hu,168ora.hu,2018-06-27,"Emmanuel Macron megvétózza a milliárdos üzletet, ha Brazília nem hajlandó fellépni az Amazónia esőerdeit pusztító tüzek ellen",https://168ora.hu/kulfold/emmanuel-macron-jair-bolsonaro-erdo-tuz-mercosur-173018
f36d21bceab5c4d714d97caabbfece490927804cdb2116887c1bacaf380a61dc,2025-06-29 03:01:34.823928+00:00,hu,index.hu,index.hu,2019-08-24,Feszült hangulatban kezdődik a G7,https://index.hu/gazdasag/2019/08/24/feszult_hangulatban_kezdodik_a_g7/
d198e974ea7f509a294807e5afbdf7fd984acf91aaaa56bb6af7f0cfb06fade9,2025-06-29 02:51:00.914020+00:00,hu,vg.hu,vg.hu,2019-08-24,G7: Franciaország biodiverzitási alapokmányt fogadtatna el,https://www.vg.hu/kozelet/kornyezetvedelem/g7-franciaorszag-biodiverzitasi-alapokmanyt-fogadtatna-el-1705585/
31bdfbef81aec36c2e717053bab06d8579961717d7c29fe2cf98358a859d4c18,2025-06-28 23:58:18.461852+00:00,hu,index.hu,index.hu,2019-08-27,Trump lassan újraforgathatná a Szomszédokat,https://index.hu/gazdasag/2019/08/27/donald_trump_macron_g7_esoerdo_kornyezetvedelem_klimavaltozas_kereskedelmi_haboru_iran_atomprogram/
61fc4848d8a1c445661394087523cacaff1562545dd9d46cbe154c708959967f,2025-06-28 23:33:35.130983+00:00,hu,pestisracok.hu,pestisracok.hu,2019-08-27,"Ahogy az esőerdő nem a Föld tüdeje, úgy a közösségi média nem a világ esze",https://pestisracok.hu/ahogy-az-esoerdo-nem-a-fold-tudeje-ugy-a-kozossegi-media-nem-a-vilag-esze/
59bfa7028e0fda1791321dee056d153172866628235a9c690a10d2a41b242d0a,2025-06-28 23:31:56.511700+00:00,hu,nepszava.hu,nepszava.hu,2019-08-27,Németország pénzt és segítséget küldene az amazóniai erdőtüzek megfékezéséhez,https://nepszava.hu/3047933_nemetorszag-penzt-es-segitseget-kuldene-az-amazoniai-erdotuzek-megfekezesehez
ba2dcb5d9626ff6bfeaaf72d65be2a60f37efd65f1fe83f4465a569d20432c10,2025-06-28 23:27:31.818161+00:00,hu,napi.hu,napi.hu,2019-08-27,Amazóniai erdőtüzek: a németek sem akarnak tétlenül ülni,https://www.napi.hu/nemzetkozi_gazdasag/amazoniai_erdotuzek_a_nemetek_sem_akarnak_tetlenul_ulni.690385.html
bf699377b0ecb42ea3d46b5cad9633c7282779b79d1dcfec91cb5c602d286da5,2025-06-28 13:25:48.338622+00:00,hu,hvg.hu,hvg.hu,2019-09-04,Szeptember végén lesz a Világ legnagyobb tanórája,http://hvg.hu/elet/20190904_Szeptember_vegen_lesz_a_Vilag_legnagyobb_tanoraja#rss
0fb4352e9359f08f5ca70776f841396406701f728bd9f985fe371ab39021d59c,2025-06-28 12:55:29.068390+00:00,hu,index.hu,index.hu,2019-09-04,Nem élhetek pálmaolaj nélkül,https://index.hu/techtud/2019/09/04/nem_elhetek_palmaolaj_nelkul/
5b3e09fd03e215b70c6490fdf05a5eb1ac20d44b418bb3ebcd6a014c878b1151,2025-06-28 03:09:37.470351+00:00,hu,index.hu,index.hu,2019-09-11,Van középút klímaügyben pánik és patópálkodás között?,https://index.hu/techtud/2019/09/11/van_kozeput_klimaugyben_a_panik_es_a_patopalkodas_kozott/
4365af87fe3a2c441921debdf0958e6db4d56d3db1c5bae6cce5ddb7e1b2eb99,2025-06-28 02:13:12.430541+00:00,hu,nepszava.hu,nepszava.hu,2019-09-12,"Betiltotta a növényvédőket Párizs, és még négy francia nagyváros",https://nepszava.hu/3049826_betiltotta-a-novenyvedoket-parizs-es-meg-negy-francia-nagyvaros
35f9b2e6380a0a8bf8fc9c4e4fe30e13a7aef360d1b5ff22c9ee1a5105836fb7,2025-06-28 02:07:53.486387+00:00,hu,nepszava.hu,nepszava.hu,2019-09-12,Tovább nyúlnak a Moszkva elleni uniós szankciók a Krím megszállásáért,https://nepszava.hu/3049847_tovabb-nyulnak-a-moszkva-elleni-unios-szankciok-a-krim-megszallasaert
3aae2e365e7f2caf95644d006f562e275bf8204a44e4148ef79d73c995398cb8,2025-06-28 00:30:59.003252+00:00,hu,duol.hu,duol.hu,2019-09-13,Csökkenti a stresszt a kertészkedés,https://www.duol.hu/eletstilus/csokkenti-a-stresszt-a-kerteszkedes-3004635/
e526cb3b0f108aa0eff2d59ef4c4c0e572ef5f49fb608a726f003ddfdc90fc30,2025-06-28 00:30:57.751991+00:00,hu,szon.hu,szon.hu,2019-09-13,Csökkenti a stresszt a kertészkedés,https://szon.hu/eletstilus/csokkenti-a-stresszt-a-kerteszkedes-3385581/
58e26e214abdba054fda4879e5e985e75701b2d69b0501a6f2d00bf2ae22f832,2025-06-28 00:30:53.972667+00:00,hu,szoljon.hu,szoljon.hu,2019-09-13,Csökkenti a stresszt a kertészkedés,https://www.szoljon.hu/eletstilus/csokkenti-a-stresszt-a-kerteszkedes-1916139/
4caced835db260fc32c37492fb8a01ce31f595eb6d024467329aff143dcd4a66,2025-06-28 00:30:19.545820+00:00,hu,veol.hu,veol.hu,2019-09-13,Csökkenti a stresszt a kertészkedés,https://www.veol.hu/eletstilus/csokkenti-a-stresszt-a-kerteszkedes-3074340/
e75c2323b3a53fdcfb1bdc792fad33f234efd8e53fd2c1e835a9b1bcb0ed38d6,2025-06-28 00:30:18.955061+00:00,hu,beol.hu,beol.hu,2019-09-13,Csökkenti a stresszt a kertészkedés,https://www.beol.hu/eletstilus/csokkenti-a-stresszt-a-kerteszkedes-2196597/
6191d24b36cfb24cc9f745cccf65b58527ca3522d96838caeb461fe1d92bd548,2025-06-28 00:30:18.162878+00:00,hu,boon.hu,boon.hu,2019-09-13,Csökkenti a stresszt a kertészkedés,https://boon.hu/eletstilus/csokkenti-a-stresszt-a-kerteszkedes-3794652/
39f491062bdd04fbf86fa9acb002770a8e7afc4d8e76dfccc9a47a4e4d2d65b9,2025-06-28 00:29:50.702589+00:00,hu,haon.hu,haon.hu,2019-09-13,Csökkenti a stresszt a kertészkedés,https://haon.hu/eletstilus/csokkenti-a-stresszt-a-kerteszkedes-3542625/
baa5e527dc127f3e60c6f5d261ac39991c40639e652beb790685eed7afde699b,2025-06-28 00:29:50.276866+00:00,hu,bama.hu,bama.hu,2019-09-13,Csökkenti a stresszt a kertészkedés,https://www.bama.hu/eletstilus/csokkenti-a-stresszt-a-kerteszkedes-2024685/
6ddae0349526f6976fb40a111a21ca8bc1b7c1b0e0f4d1302fb5603329ccda6f,2025-06-28 00:29:23.632604+00:00,hu,heol.hu,heol.hu,2019-09-13,Csökkenti a stresszt a kertészkedés,https://www.heol.hu/eletstilus/csokkenti-a-stresszt-a-kerteszkedes-1935804/
3c16ad31bf7dfa0a1005212c35b4388ca44cbfa2a6455a739dee9d5720ed8b73,2025-06-28 00:29:22.604227+00:00,hu,feol.hu,feol.hu,2019-09-13,Csökkenti a stresszt a kertészkedés,https://www.feol.hu/eletstilus/csokkenti-a-stresszt-a-kerteszkedes-3275793/
aed83ed0597424dd458f8c4593b9fb14558f33fe5ca6f8729cd14fcd122e4e87,2025-06-28 00:29:20.078181+00:00,hu,sonline.hu,sonline.hu,2019-09-13,Csökkenti a stresszt a kertészkedés,https://www.sonline.hu/eletstilus/csokkenti-a-stresszt-a-kerteszkedes-1811136/
fb07c4f07b35804586fca8839365747fee1223ca82a862f7e39ef18515c88a95,2025-06-28 00:29:16.204684+00:00,hu,teol.hu,teol.hu,2019-09-13,Csökkenti a stresszt a kertészkedés,https://www.teol.hu/eletstilus/csokkenti-a-stresszt-a-kerteszkedes-1875297/
987ca9d028236b8544054fae030eae38a399aedc7a796f11a20da02fe806af30,2025-06-27 23:23:01.114492+00:00,hu,napi.hu,napi.hu,2019-09-14,Rámenősebb lesz az EU,https://www.napi.hu/nemzetkozi_gazdasag/ramenosebb_lesz_az_eu_kivel_szemben.691266.html
e073ea50485f7bac3f7f592ec7f16f3d685d8cccf314efef5769749701e92a99,2025-06-27 18:54:08.740247+00:00,hu,index.hu,index.hu,2019-09-17,Nincs B-terv az éghajlatválság megoldására,https://index.hu/techtud/2019/09/17/geomernokseg_szen-dioxid-eltavolitas_albedo_klimahekkeles_dekarbonizacio/
2e0d3f20cd24814f1b72d34bdfb603433256f904edc0a84a837e92efddc98d87,2025-06-27 18:08:32.126539+00:00,hu,magyarnarancs.hu,magyarnarancs.hu,2018-05-23,"Aggódunk az őserdőkért, ám közben észre sem vesszük a népirtást, amiben mi is nyakig benne vagyunk",https://m.magyarnarancs.hu/kulpol/aggodunk-az-oserdokert-am-kozben-eszre-sem-vesszuk-a-nepirtast-amiben-mi-is-nyakig-benne-vagyunk-123017
7963518062dd2472b6f8f85a695547d302e6c852d102c1d43bae50bd64ec8900,2025-06-27 16:25:30.170847+00:00,hu,hirtv.hu,hirtv.hu,2019-09-19,Gigantikus porfelhővel lehetne hűteni a Föld klímáját egy nemzetközi kutatócsoport szerint,http://hirtv.hu/hirtvszines/gigantikus-porfelhovel-lehetne-huteni-a-fold-klimajat-egy-nemzetkozi-kutatocsoport-szerint-2487512?utm_source=feed&utm_medium=rss
21c91f936764db44c23c02bad2e41591639138f86e7b2e028361d86e789397ff,2025-06-27 16:05:22.568674+00:00,hu,nepszava.hu,nepszava.hu,2019-09-19,„Váratlan felfedezés” segíthet a globális felmelegedés megfékezésében,https://nepszava.hu/3050669_varatlan-felfedezes-segithet-a-globalis-felmelegedes-megfekezeseben
25bed2014a548055b55d69c5ac0bd07db5cb7fbaab3350d35c81fc8968b6114d,2025-06-27 13:48:01.774450+00:00,hu,szon.hu,szon.hu,2019-09-21,Így hűtené le a Föld klímáját egy kutatócsoport,https://szon.hu/egyperces/igy-hutene-le-a-fold-klimajat-egy-kutatocsoport-3404232/
0c7f6ece2b48756e4fcb32c3ff5bfc754a88e1e821ad4fd805cd1735fb074bb0,2025-06-27 13:47:38.915268+00:00,hu,boon.hu,boon.hu,2019-09-21,Így hűtené le a Föld klímáját egy kutatócsoport,https://boon.hu/egyperces/igy-hutene-le-a-fold-klimajat-egy-kutatocsoport-3809574/
638f7c28aa38a9d8eca03ccf6cd8355acf85cf316d6c1946913f7058aff52b61,2025-06-27 13:47:38.449541+00:00,hu,haon.hu,haon.hu,2019-09-21,Így hűtené le a Föld klímáját egy kutatócsoport,https://haon.hu/egyperces/igy-hutene-le-a-fold-klimajat-egy-kutatocsoport-3559104/
6f207ca6e77ed47417cdd242cc997ee593bff9c7a4b7dc9a06ff297d626ee884,2025-06-27 13:28:53.580400+00:00,hu,delmagyar.hu,delmagyar.hu,2019-09-21,Így hűtené le a Föld klímáját egy kutatócsoport,https://www.delmagyar.hu/egyperces/igy-hutene-le-a-fold-klimajat-egy-kutatocsoport-4592484/?utm_source=rssfeed
b793724017477c2303a1fba30f5a7dc40d937f48761d46529bad317213a8d2b6,2025-06-27 11:48:33.973382+00:00,hu,hvg.hu,hvg.hu,2019-09-23,"Eszement ötlettel álltak elő tudósok arra, hogyan hűthetnénk vissza a Föld klímáját",http://hvg.hu/tudomany/20190923_fold_hutese_porfelhovel_klimavaltozas_globalis_felmelegedes#rss
8dcd7aa091c8444389b6ca4e2447c03e6cb897b26b1a9e2dc1d67fe4a31d40ac,2025-06-27 08:39:15.806971+00:00,hu,24.hu,24.hu,2019-09-25,Országok tűnhetnek el a jég és a hó miatt,https://24.hu/tudomany/2019/09/25/ipcc-jelentes-krioszfera-ho-es-jegtakaro-permafroszt-globalis-felmelegedes-klimavaltozas/
f8a33aa345608151ff5622374f08e07c5caa908053af6872678852615695b067,2025-06-27 05:30:30.358140+00:00,hu,magyarnemzet.hu,magyarnemzet.hu,2025-06-27,Bilderberg-összeesküvők teljes fedésben,https://magyarnemzet.hu/velemeny/2025/06/bilderberg-csoport-osszeeskuves-fedes-vilagkormany?utm_source=hirstart&utm_medium=referral&utm_campaign=hiraggregator
d9f0171187cd9d5a9792fca92e64acf90114a9f20ee96e14d1a9d04d91db5d17,2025-06-27 03:13:10.574104+00:00,hu,napi.hu,napi.hu,2019-09-29,Betört a klímaváltozás Magyarországra is - csak tárt karokkal nézzük,https://www.napi.hu/magyar_gazdasag/betort_a_klimavaltozas_magyarorszagra_is_csak_tart_karokkal_nezzuk.691646.html
c7e3f47b7c57bfb61d966f5ef62e2eb5344b259cfb6d0aac573e40a3482dadae,2025-06-26 23:39:55.706353+00:00,hu,infostart.hu,infostart.hu,2019-10-01,Európa legnagyobb bioszféra rezervátuma jöhet létre magyar részvétellel,https://infostart.hu/eletmod/2019/10/01/europa-legnagyobb-bioszfera-rezervatuma-johet-letre-magyar-reszvetellel
2e2b5411ff1f05891bab989cc40b689ed7b524d570879f732abbb08d83d449dc,2025-06-26 22:54:54.659029+00:00,hu,index.hu,index.hu,2019-10-02,Magyarország is kérte felvételét az UNESCO Bioszféra Rezervátumba,https://index.hu/techtud/2019/10/02/magyarorszag_is_kerte_felvetelet_az_unesco_bioszfera_rezervatumba/
b3461b157b7a71f2f0cd626c57869cb36583e9ab29a037f9373cd78a4cee8348,2025-06-26 19:22:15.782112+00:00,hu,nepszava.hu,nepszava.hu,2019-10-04,Eladó minden ötödik szárazföldi gerinces,https://nepszava.hu/3052524_elado-minden-otodik-szarazfoldi-gerinces
01a712ca09e86b36fc52d4526ccd51fc5795814110e361473447ed0f93c82364,2025-06-26 19:17:15.570082+00:00,hu,nepszava.hu,nepszava.hu,2019-10-04,Újabb tapírbébi született Debrecenben,https://nepszava.hu/3052466_ujabb-tapirbebi-szuletett-debrecenben
dffb1a384b0a7b9a52eff911ebc3e12aef4a2c95164f129d53088ee038a8e44e,2025-06-26 18:24:14.206966+00:00,hu,nepszava.hu,nepszava.hu,2019-10-05,Vonatra cserélik a repülőt a svédek,https://nepszava.hu/3052449_vonatra-cserelik-a-repulot-a-svedek
4799180a7a075f0ae983e4d703cb57f803ccf75f1b2a564ccc8d0ae6470a92d7,2025-06-26 13:00:16.347838+00:00,hu,vg.hu,vg.hu,2019-10-09,Ki húz hasznot a téves megoldásokból?,https://www.vg.hu/velemeny/velemeny-rovat-hirei/ki-huz-hasznot-a-teves-megoldasokbol-2-1798275/
45952155d07fd44d419a4f5edeeed08f61239f2b8089ffce3f3165238b242310,2025-06-26 12:48:25.856154+00:00,hu,boon.hu,boon.hu,2019-10-09,Meghívó állati nyomozásra,https://boon.hu/kozelet/helyi-kozelet/meghivo-allati-nyomozasra-3846057/
c75de29699e176bfefa8e81e041cf1dc7d6f3288e2f59f64937db43a0a9bc243,2025-06-26 06:41:49.196425+00:00,hu,nepszava.hu,nepszava.hu,2019-10-14,Ismét nemzetközi elfogatóparancsot adtak ki Carles Puigdemont volt katalán elnök ellen,https://nepszava.hu/3053641_ismet-nemzetkozi-elfogatoparancsot-adtak-ki-carles-puigdemont-volt-katalan-elnok-ellen
778cec3e5784786aec40ce1c540ce6ef9baa5fa98727db8088009874ffc45253,2025-06-26 05:06:56.308814+00:00,hu,24.hu,24.hu,2019-10-15,"Lassan eldől, elpusztít-e minket a mohóságunk",https://24.hu/tudomany/2019/10/15/bayer-future-of-farming-mezogazdasag-monsanto-gmo-glifozat-gyomirto/
f26fee658943996daf4dc9454920cb668c6ed1ef6f950393ab2000f46363fcce,2025-06-26 04:20:19.277161+00:00,hu,demokrata.hu,demokrata.hu,2019-10-16,Klímaváltozás késleltetve,https://demokrata.hu/zold-jovo/klimavaltozas-kesleltetve-168712/
572afb56e66679b71337373239ecbc4dceb9dc0a0471dfa194236e6ec9e3cf1c,2025-06-26 02:18:42.526402+00:00,hu,vg.hu,vg.hu,2019-10-17,Hatalmas feladatok előtt a mezőgazdaság,https://www.vg.hu/vallalatok/mezogazdasag/hatalmas-feladatok-elott-a-mezogazdasag-2-1816617/
ff6ce98dd675c54f0dd8e0998f2ffc117b56815c4afe2b557a0b3017f743211b,2025-06-25 20:56:32.147880+00:00,hu,vg.hu,vg.hu,2019-10-22,Majmokon múlhat a fenntartható a pálmaolaj-termelés,https://www.vg.hu/mozaik/majmokon-mulhat-a-fenntarthato-a-palmaolaj-termeles-1824603/
bd8f26a30bc070a0c08bd63181530b4fc8801bdefa289ae50116d5cfd5db7920,2025-06-25 20:53:28.431122+00:00,hu,nepszava.hu,nepszava.hu,2019-10-22,"534-gyel több sziget tartozik a Fülöp-szigetekhez, mint eddig tudták",https://nepszava.hu/3054504_534-gyel-tobb-sziget-tartozik-a-fulop-szigetekhez-mint-eddig-tudtak
9a5bcffc5ba19c7e609882c6d779f635028ba2d870fa6515978a990ffe32b333,2025-06-25 20:53:27.555321+00:00,hu,nepszava.hu,nepszava.hu,2019-10-22,Patkányra vadászó majmok teszik fenntarthatóbbá a pálmaolaj-termelést,https://nepszava.hu/3054498_patkanyra-vadaszo-majmok-teszik-fenntarthatobba-a-palmaolaj-termelest
afefe07baae831256f130839d8da7bd22ad3765700669a5c7de0e22e908970e6,2025-06-25 14:38:00.163711+00:00,hu,hvg.hu,hvg.hu,2019-10-26,"Talán sosem jutottak még eszébe a patkányevő majmok, pedig hasznosak",http://hvg.hu/tudomany/20191026_palmaolaj_termeles_emsemakako_patkany#rss
4a55d6157fbcee9bb3024daccaf80101c786df38e3b5eebd549fd4eef8823c7b,2025-06-25 12:32:39.120199+00:00,hu,vaol.hu,vaol.hu,2019-10-28,Az Amazonas-medence esőerdői égnek?!,https://www.vaol.hu/pr/az-amazonas-medence-esoerdoi-egnek-3344838/
4a37a237965af4154f63cb03b4a52292c4bdec83d441e0a52a1ba7e8a1931704,2025-06-25 09:41:42.041161+00:00,hu,hvg.hu,hvg.hu,2019-10-30,"Kiderült, hogy merre vezetett Ötzi utolsó útja",http://hvg.hu/tudomany/20191030_Kiderult_hogy_merre_vezetett_Otzi_utolso_utja#rss
bc7ca58f1defd9a3925c47531b165d5f407f965f78118de8e7753abd81987d5f,2025-06-25 09:41:03.648201+00:00,hu,index.hu,index.hu,2019-10-30,Briofiták árulkodnak Ötzi utolsó útjáról,https://index.hu/techtud/2019/10/30/otzi_utolso_utja_osember_ausztria/
fc7fda5315cafcb1f17c6277c054c43356ed294b7e167a192dc9815a9f4487a6,2025-06-25 08:49:58.735388+00:00,hu,nepszava.hu,nepszava.hu,2019-10-31,"Fagyott mohák mutatták meg, merre ment utoljára az 5300 éves gleccsermúmia",https://nepszava.hu/3055541_fagyott-mohak-mutattak-meg-merre-ment-utoljara-az-5300-eves-gleccsermumia
1f4f320684f077b305f84da823296660ca93f15c8acb5b8f56d703b8165c6f90,2025-06-25 05:24:35.099155+00:00,hu,infostart.hu,infostart.hu,2019-11-03,Új felfedezések Ötziről,https://infostart.hu/tudomany/2019/11/03/meglepo-felfedezesek-otzirol
c4537118d55a871d1ca1c91c04af480b24e9595a793616e0fd046dfbc88fc15d,2025-06-25 05:23:26.131066+00:00,hu,boon.hu,boon.hu,2019-11-03,"Kiderült, merre vezetett Ötzi utolsó útja",https://boon.hu/egyperces/kiderult-merre-vezetett-otzi-utolso-utja-3887427/
18f610b35b7e9e33343542f5a61eb41416a2e8eddd86bc3b13dddadad5e5ad71,2025-06-25 05:23:25.156947+00:00,hu,bama.hu,bama.hu,2019-11-03,"Kiderült, merre vezetett Ötzi utolsó útja",https://www.bama.hu/egyperces/kiderult-merre-vezetett-otzi-utolso-utja-2104956/
12373656d88c05e1323602c2d03cbb8be93742791fa545babe8c5771a97e4e68,2025-06-25 05:23:23.436985+00:00,hu,szon.hu,szon.hu,2019-11-03,"Kiderült, merre vezetett Ötzi utolsó útja",https://szon.hu/egyperces/kiderult-merre-vezetett-otzi-utolso-utja-3496320/
ece0e6b62d512a4790e7631e72b3dfb322c2cc441e7e09f164b835e9aa148a5d,2025-06-25 05:23:21.525211+00:00,hu,haon.hu,haon.hu,2019-11-03,"Kiderült, merre vezetett Ötzi utolsó útja",https://haon.hu/egyperces/kiderult-merre-vezetett-otzi-utolso-utja-3643749/
13ba6e1749302bfd5c3934e635a2acac7399d44bb2132cc52daff23c6624324a,2025-06-25 04:32:00.791739+00:00,hu,delmagyar.hu,delmagyar.hu,2019-11-03,"Kiderült, merre vezetett Ötzi utolsó útja",https://www.delmagyar.hu/egyperces/kiderult-merre-vezetett-otzi-utolso-utja-4696014/?utm_source=rssfeed
bfd3fc15f7319635a8537b203d7811f2c214bbc6f38583ec39b96e47fd735b1b,2025-06-25 02:49:24.671807+00:00,hu,portfolio.hu,portfolio.hu,2019-11-05,"Apokalipszis vagy földi paradicsom vár ránk? Attól függ, sikerül-e megfékezni a globális felmelegedést",https://www.portfolio.hu/uzlet/20191105/apokalipszis-vagy-foldi-paradicsom-var-rank-attol-fugg-sikerul-e-megfekezni-a-globalis-felmelegedest-405985
dc21ae27bef0b3cff1bc40588e7b573052a63c8bdebf1bb5c7eaaa1a5765d0ae,2025-06-25 02:44:30.093585+00:00,hu,hvg.hu,hvg.hu,2019-11-05,2500 kutató egybehangzóan állítja: az intenzív mezőgazdálkodás elpusztítja a természetet,http://hvg.hu/tudomany/20191105_intenziv_mezogazdalkodas_termeszetpusztitas_mme_europai_nyilt_level#rss
9652b60c7638e5864fbca7aaa3be139fc796f9fdda7d748fd9dc0cb75ede8443,2025-06-24 18:33:56.950796+00:00,hu,index.hu,index.hu,2019-11-11,"Megvannak az ország természetközeli területei, térképre tették a magyar ökoszisztémát",https://index.hu/techtud/2019/11/11/megvannak_az_orszag_termeszetkozeli_teruletei_terkepre_tettek_a_magyar_okoszisztemat/
30f90d712a62fdb09f1a8fcc45fbefb84c61fe8a44d3150fca61241e5c6b90c6,2025-06-24 09:13:14.045645+00:00,hu,heol.hu,heol.hu,2019-11-18,A tengerek planktonjai kevésbé képesek alkalmazkodni a klímaváltozáshoz,https://www.heol.hu/egyperces/a-tengerek-planktonjai-kevesbe-kepesek-alkalmazkodni-a-klimavaltozashoz-2057544/
2383d1b2a613007055fa9f36af31aa7babc3e3ab2826032aa39e555b4914be4e,2025-06-24 09:13:01.633957+00:00,hu,bama.hu,bama.hu,2019-11-18,A tengerek planktonjai kevésbé képesek alkalmazkodni a klímaváltozáshoz,https://www.bama.hu/egyperces/a-tengerek-planktonjai-kevesbe-kepesek-alkalmazkodni-a-klimavaltozashoz-2130594/
5bbf1254092674a09a5259d7678cf6a6b62c4ed860f6e0cb55df743dffb9ce34,2025-06-24 09:13:00.367815+00:00,hu,haon.hu,haon.hu,2019-11-18,A tengerek planktonjai kevésbé képesek alkalmazkodni a klímaváltozáshoz,https://haon.hu/egyperces/a-tengerek-planktonjai-kevesbe-kepesek-alkalmazkodni-a-klimavaltozashoz-3674934/
ea1da65a4141f993089be429534a17db16c5a272eab9abe30a4c0bab0e397a98,2025-06-24 09:12:59.432520+00:00,hu,boon.hu,boon.hu,2019-11-18,A tengerek planktonjai kevésbé képesek alkalmazkodni a klímaváltozáshoz,https://boon.hu/egyperces/a-tengerek-planktonjai-kevesbe-kepesek-alkalmazkodni-a-klimavaltozashoz-3913365/
999259aeb8051f23baf1b5981d4a84e672e89a75e3d9ada783941ef7f4ffed4b,2025-06-24 09:12:59.300410+00:00,hu,szon.hu,szon.hu,2019-11-18,A tengerek planktonjai kevésbé képesek alkalmazkodni a klímaváltozáshoz,https://szon.hu/egyperces/a-tengerek-planktonjai-kevesbe-kepesek-alkalmazkodni-a-klimavaltozashoz-3526317/
2cba96ef3d7d871e662d374faa0c6fd8e06651d14e5fc778e1d97d4d38f936ba,2025-06-24 09:12:54.428079+00:00,hu,veol.hu,veol.hu,2019-11-18,A tengerek planktonjai kevésbé képesek alkalmazkodni a klímaváltozáshoz,https://www.veol.hu/egyperces/a-tengerek-planktonjai-kevesbe-kepesek-alkalmazkodni-a-klimavaltozashoz-3182538/
97e5ab8cfe5975f75d291cd8126c8033cb3abe98b6c95ac1a825eea0af6487ce,2025-06-24 09:12:22.453694+00:00,hu,szoljon.hu,szoljon.hu,2019-11-18,A tengerek planktonjai kevésbé képesek alkalmazkodni a klímaváltozáshoz,https://www.szoljon.hu/egyperces/a-tengerek-planktonjai-kevesbe-kepesek-alkalmazkodni-a-klimavaltozashoz-2039055/
cd7a0198f91623b54adbe0ddc6d5cb0fb0bb9799d894d063a92150abd99fa357,2025-06-24 08:43:58.948078+00:00,hu,delmagyar.hu,delmagyar.hu,2019-11-18,A tengerek planktonjai kevésbé képesek alkalmazkodni a klímaváltozáshoz,https://www.delmagyar.hu/egyperces/a-tengerek-planktonjai-kevesbe-kepesek-alkalmazkodni-a-klimavaltozashoz-4735077/?utm_source=rssfeed
67b76a0f81afcae5d07c1d2940e3880a989cecbc252c6ca69f0075de6dcbfb87,2025-06-24 04:58:53.585210+00:00,hu,444.hu,444.hu,2019-11-21,Az afrikai növények harmadát fenyegeti a kihalás,https://444.hu/2019/11/21/az-afrikai-novenyek-harmadat-fenyegeti-a-kihalas
4859ddcfc5701ca8306c0325be2e7f83f550b06bc4e8b46eedf5f7199ee0a2ef,2025-06-24 04:55:55.378078+00:00,hu,napi.hu,napi.hu,2019-11-21,A növények 40 százalékát kihalás fenyegeti Afrikában,https://www.napi.hu/nemzetkozi_gazdasag/a_novenyek_40_szazalekat_kihalas_fenyegeti_afrikaban.695517.html
e42abe8508aa87424b736e9d2d16c7359d63e2415b41d0e444db107418b61652,2025-06-24 04:55:50.892153+00:00,hu,hvg.hu,hvg.hu,2019-11-21,Eltűnhet a trópusi növényfajok harmada,http://hvg.hu/tudomany/20191121_Eltunhet_a_tropusi_novenyfajok_harmada#rss
0b177b8235aaa28255654b51786cfe3eb994e5dddb6b8f91fcf2524e414bcde2,2025-06-24 03:20:16.564762+00:00,hu,nepszava.hu,nepszava.hu,2019-11-22,A trópusi növények harmada a kihalás szélén áll,https://nepszava.hu/3058025_a-tropusi-novenyek-harmada-a-kihalas-szelen-all
e4b4ee564c976ba01a21cbec319c63a9f9811132d2b359c9d87883b388706f82,2025-06-23 18:07:32.706584+00:00,hu,index.hu,index.hu,2019-11-29,Az éghajlatváltozás elleni küzdelmet várják el a politikától az uniós polgárok,https://index.hu/kulfold/eurologus/2019/11/29/eghajlatvaltozas_elleni_kuzdelem_europai_politikai_ep_legfontosabb_feladata/
935ea3784596e004d38ea2facdbc33a2b35169464ae00ecc300596b3c44d5afa,2025-06-23 17:05:09.823689+00:00,hu,napi.hu,napi.hu,2019-12-01,Világkatasztrófára figyelmeztet az ENSZ főtitkára,https://www.napi.hu/nemzetkozi_gazdasag/vilagkatasztrofara_figyelmeztet_az_ensz_fotitkara.696072.html
dc1f4ed2d9a3a2e67d94a76b24747014ed76e1558c0c3f0d7cdcd3723c64bbd9,2025-06-23 17:03:28.682901+00:00,hu,demokrata.hu,demokrata.hu,2019-12-01,Globális válságra figyelmeztet az ENSZ-főtitkár,https://demokrata.hu/vilag/globalis-valsagra-figyelmeztet-az-ensz-fotitkar-184058/
2c1335425d13bea9fc7ee3f49684d6267bf7ef441bd7592e0374e530bf3d5843,2025-06-23 17:03:09.275432+00:00,hu,168ora.hu,168ora.hu,2019-12-02,"ENSZ-főtitkár: Sok évtizeden át az emberi faj háborút viselt a bolygó ellen, és a bolygó most visszatámad",https://168ora.hu/eletmod/antonio-guterres-ensz-fotitkar-klimavalsag-178223
6924d9766d76483dfdbeba8d4802f3fcf41a93d5431f15ffc5436454350acd1f,2025-06-23 16:37:43.352804+00:00,hu,index.hu,index.hu,2019-12-01,"Klímaválság: az ENSZ-főtitkár szerint hamarosan elérünk ahhoz a ponthoz, ahonnan nincs visszaút",https://index.hu/techtud/2019/12/01/ensz_klimavaltozas_antonio_guterres/
9d343854e0a2bf5cd000d2f48013d3d2d74b0371e90516ec3e5c6f4046e686e0,2025-06-23 09:53:21.439988+00:00,hu,portfolio.hu,portfolio.hu,2019-12-06,"Ne betonba, az emberbe fektessünk: szomorú látlelet a magyar fejlődésről",https://www.portfolio.hu/gazdasag/20191206/ne-betonba-az-emberbe-fektessunk-szomoru-latlelet-a-magyar-fejlodesrol-409379
d60bd1b2c6d2a89ada70bcf14db6a672cf6a25d7401c531b8c03804ece1ba911,2025-06-23 05:39:30.092750+00:00,hu,24.hu,24.hu,2019-12-10,34 évesen lesz miniszterelnök: Sanna Marin felemelkedése,https://24.hu/kulfold/2019/12/10/finnorszag-sanna-marin-miniszterelnok-34-eves-portre/
0765e5cae07e851301bf8162e36079cf4c602a441f63191caa6e6f63e2affbfe,2025-06-23 03:45:16.252463+00:00,hu,index.hu,index.hu,2019-12-11,"Megmutatta az Európai Bizottság, hogyan mentene meg a klímakatasztrófától",https://index.hu/gazdasag/2019/12/11/europai_zold_megallapodas_ursula_von_der_leyen_europai_bizottsag/
e839f60058a0888f00051823531139148367b6687f9cbef3e8cf5b2a828cc1f2,2025-06-22 21:32:47.054357+00:00,hu,hvg.hu,hvg.hu,2019-12-16,Az elszalasztott lehetőség: semmire nem jutottak a madridi klímacsúcson,http://hvg.hu/gazdasag/20191216_madridi_klimacsucs_ensz_klimavaltozas#rss
3fc3b9f6d2384999ead8f46b144a86ecf8d7724a1ac339c41f70d996659a54eb,2025-06-22 17:57:11.030014+00:00,hu,magyarnemzet.hu,magyarnemzet.hu,2019-12-18,Biodiverzitás-vészhelyzetet hirdettek osztrák kutatók,https://magyarnemzet.hu/kulfold/biodiverzitas-veszhelyzetet-hirdettek-osztrak-kutatok-7603352/
ff989d3c7523a21033c1b82121daff4eff6eb7343e8c302feddff30fc27afbf7,2025-06-22 08:55:33.328038+00:00,hu,magyarnarancs.hu,magyarnarancs.hu,2018-05-23,"Nem akarják megmenteni a világot azok, akik a mézesbödönben ülnek",https://m.magyarnarancs.hu/tudomany/mta-kutatas-halal-125530
0a6d126f50a83330fd9ec4f10cc65d287de89b4c91a307df5252295fba41befc,2025-06-22 01:35:06.802508+00:00,hu,demokrata.hu,demokrata.hu,2019-12-31,Az erdősítés évszázada,https://demokrata.hu/zold-jovo/az-erdosites-evszazada-189854/
a434c810b3ebfeaa59b2f54a7c53fda8ade1a579ac13b3865d691a1078117a8d,2025-06-17 07:28:10.234311+00:00,hu,portfolio.hu,portfolio.hu,2025-06-17,"Rákapcsolt a Magyar Telekom, több mint 16 milliárd forintért vett saját részvényeket",https://www.portfolio.hu/uzlet/20250617/rakapcsolt-a-magyar-telekom-tobb-mint-16-milliard-forintert-vett-sajat-reszvenyeket-768481
e7a707f1fe1cb4c6140f446106b8e90ee2d992c0cad8b866bd115da9370df250,2025-06-17 07:28:04.134662+00:00,hu,portfolio.hu,portfolio.hu,2025-06-17,Itt az első fecske: pert nyert egy devizahiteles az Európai Unió Bíróságának ítélete alapján,https://www.portfolio.hu/bank/20250617/itt-az-elso-fecske-pert-nyert-egy-devizahiteles-az-europai-unio-birosaganak-itelete-alapjan-768475
27612d27d7f30e81c284db1c5c29f97464204d158047e998e593dc1ab8643786,2025-06-17 07:27:56.980146+00:00,hu,portfolio.hu,portfolio.hu,2025-06-17,Betelt a pohár: váratlan támadásra készül az OpenAI,https://www.portfolio.hu/uzlet/20250617/betelt-a-pohar-varatlan-tamadasra-keszul-az-openai-768477
9f2f937493383a51702b68b550e3499a0d1f238c1abd76a38ebb98ae8d64da27,2025-06-17 07:27:33.804383+00:00,hu,portfolio.hu,portfolio.hu,2025-06-17,Jön az EU nagy szakítása Oroszországgal: új részletek szivárogtak ki,https://www.portfolio.hu/global/20250617/jon-az-eu-nagy-szakitasa-oroszorszaggal-uj-reszletek-szivarogtak-ki-768467
38cc1bb3bbfd61e43b212d918c773e13093aac5b8af533d757402014470c8acf,2025-06-17 07:27:24.478361+00:00,hu,portfolio.hu,portfolio.hu,2025-06-17,"Donald Trump szavai miatt aggódnak a befektetők, lefordulás a tőzsdéken",https://www.portfolio.hu/uzlet/20250617/donald-trump-szavai-miatt-aggodnak-a-befektetok-lefordulas-a-tozsdeken-768451
5778841cb5df09262bb3212568cb135caf8a85c88d72911a8a94acb7c3e50c87,2025-06-17 07:27:04.115886+00:00,hu,portfolio.hu,portfolio.hu,2025-06-17,AI-klónt vet be az egyik sztárfintech,https://www.portfolio.hu/bank/20250617/ai-klont-vet-be-az-egyik-sztarfintech-768459
2590996480a60adff084459567fc0db6b9a19528ef164d19dbd4d0ba4cb8dc8d,2025-06-17 07:26:22.998515+00:00,hu,portfolio.hu,portfolio.hu,2025-06-17,"Mélypontra esett a kereslet, kevesen vették a lakossági állampapírokat",https://www.portfolio.hu/befektetes/20250617/melypontra-esett-a-kereslet-kevesen-vettek-a-lakossagi-allampapirokat-768465
c77e8d19a214588dbcf5c7f566b07be7636333ef9609039677427f85f9be1e4c,2025-06-16 22:28:55.171805+00:00,hu,portfolio.hu,portfolio.hu,2025-06-16,Két kriptós nagyágyú jöhet hamarosan Európába,https://www.portfolio.hu/befektetes/20250616/ket-kriptos-nagyagyu-johet-hamarosan-europaba-768173
4a82c44daa43e6d7e0542b5bb5dcbf2c9ccb1947b2ea1533457fc4d0409c83ef,2025-06-16 21:18:45.781177+00:00,hu,portfolio.hu,portfolio.hu,2025-06-16,"Fordulat a közel-keleti konfliktusban, erősödéssel zárt Amerika",https://www.portfolio.hu/befektetes/20250616/fordulat-a-kozel-keleti-konfliktusban-erosodessel-zart-amerika-768147
ac81b55e2d22edc17751cab694578e6282438045cb5238960af6d52fc1877fb3,2025-06-16 20:21:28.995851+00:00,hu,portfolio.hu,portfolio.hu,2025-06-16,Itt a váratlan bejelentés: Németország lakatot tenne az uniós forrásokra,https://www.portfolio.hu/gazdasag/20250616/itt-a-varatlan-bejelentes-nemetorszag-lakatot-tenne-az-unios-forrasokra-768405
df5f6911cdbea0e4cacc93f95caaaebc4be27e3b73bf7e088bf627590c804969,2025-06-16 19:35:54.186945+00:00,hu,portfolio.hu,portfolio.hu,2025-06-16,Most vagy soha? Jóárasították az eurót a nyaraláshoz,https://www.portfolio.hu/deviza/20250616/most-vagy-soha-joarasitottak-az-eurot-a-nyaralashoz-768271
9d4697a2386968b778bbdd1ea54a5092eee8cbc2506cf256afd578f1cde84ce6,2025-06-16 19:33:28.069439+00:00,hu,portfolio.hu,portfolio.hu,2025-06-16,"Brüsszel új adók sorát vetheti ki, az EU-pénzekre is ráteszik a kezüket",https://www.portfolio.hu/unios-forrasok/20250616/brusszel-uj-adok-sorat-vetheti-ki-az-eu-penzekre-is-rateszik-a-kezuket-768217
a054d3a0bf9a10515b301d988b168fb9419dce597dd374492bc7e97739a9d692,2025-06-16 17:21:56.976686+00:00,hu,portfolio.hu,portfolio.hu,2025-06-16,"Az EU minden háztartása háborúban áll, a pusztítás már kézzel fogható",https://www.portfolio.hu/unios-forrasok/20250616/az-eu-minden-haztartasa-haboruban-all-a-pusztitas-mar-kezzel-foghato-768245
6ef035e9240c7e8d157c759f62fee2f32bd6233a6129b07e99f43721e4d07754,2025-06-16 17:21:44.148289+00:00,hu,portfolio.hu,portfolio.hu,2025-06-16,Visszafordult a forint: 402 felett az árfolyam,https://www.portfolio.hu/deviza/20250616/visszafordult-a-forint-402-felett-az-arfolyam-768159
cd05446517549c27c25c046e7d28ec95f0b562a54093a1a4730261025a95f874,2025-06-16 16:21:30.611303+00:00,hu,portfolio.hu,portfolio.hu,2025-06-16,"Szétbombázza Teheránt az izraeli légierő, Irán kész tárgyalni a békéről",https://www.portfolio.hu/global/20250616/szetbombazza-teherant-az-izraeli-legiero-iran-kesz-targyalni-a-bekerol-hetfoi-hireink-az-iran-izrael-haborurol-percrol-percre-768145
bc1fbb7349deb079e429dc2134bf136cde2b6a88226dea63c3222f2f8db93364,2025-06-16 16:21:20.482492+00:00,hu,portfolio.hu,portfolio.hu,2025-06-16,Szijjártó: Magyarország és Szlovákia megvétózta az orosz energiahordozók kivezetéséről szóló brüsszeli tervet,https://www.portfolio.hu/global/20250616/szijjarto-magyarorszag-es-szlovakia-megvetozta-az-orosz-energiahordozok-kivezeteserol-szolo-brusszeli-tervet-768357
7210ba2e07af22f5399517aead4984d78edff0d1885eae4c4619c619a424a69c,2025-06-16 16:21:09.281696+00:00,hu,portfolio.hu,portfolio.hu,2025-06-16,Elképesztő méreteket öltő kábítószerpiacra csaptak le Európában: lőttek az illegális platformnak,https://www.portfolio.hu/global/20250616/elkepeszto-mereteket-olto-kabitoszerpiacra-csaptak-le-europaban-lottek-az-illegalis-platformnak-768367
d2fe9f79f703d3ea4329c9ad5675a80257afd079c7ed6134888b107ab6634a2f,2025-06-16 16:21:01.798873+00:00,hu,portfolio.hu,portfolio.hu,2025-06-16,Lerázta magáról a háborút a forint: lőtávolban a 400-as euró,https://www.portfolio.hu/deviza/20250616/lerazta-magarol-a-haborut-a-forint-lotavolban-a-400-as-euro-768159
b5f7c87805e02dd84e5421e0b91cdb7d6d4fdaf16e5c3f0398f1f3d7eec755e7,2025-06-16 16:20:10.273724+00:00,hu,portfolio.hu,portfolio.hu,2025-06-16,Irán-Izrael háború: itt van az 5 legfontosabb tudnivaló,https://www.portfolio.hu/global/20250616/iran-izrael-haboru-itt-van-az-5-legfontosabb-tudnivalo-768313
33ce9b1a0b20064a31ff36ab610d7891655df1c549160acdb238593fc6035ae9,2025-06-16 16:20:00.445567+00:00,hu,portfolio.hu,portfolio.hu,2025-06-16,"Fordulat a közel-keleti konfliktusban, felpattantak a tőzsdék",https://www.portfolio.hu/befektetes/20250616/fordulat-a-kozel-keleti-konfliktusban-felpattantak-a-tozsdek-768147
496ef379b5fa04b0dc8881235c45f9a55c52045942b8863b19dcfa4ba91d8102,2025-06-16 14:27:54.278147+00:00,hu,portfolio.hu,portfolio.hu,2025-06-16,Megszólalt az MNB új alelnökjelöltje,https://www.portfolio.hu/gazdasag/20250616/megszolalt-az-mnb-uj-alelnokjeloltje-768339
929666267d0defcc5849d97eb9d0e5ede3a3fa5cddf5ff0a26d2af3e76d4a6ec,2025-06-16 14:26:59.438791+00:00,hu,portfolio.hu,portfolio.hu,2025-06-16,Lendületben a befektetések: erősödik a megújuló energia üzletág a régióban,https://www.portfolio.hu/uzlet/20250616/lenduletben-a-befektetesek-erosodik-a-megujulo-energia-uzletag-a-regioban-768269
d69bb8cc2a7506b4ea0aa968d5de6c7876c8e5b9ff6dcf4fbda5b06f7c27c602,2025-06-16 14:26:22.123128+00:00,hu,portfolio.hu,portfolio.hu,2025-06-16,Kispapírok nagy napja a magyar tőzsdén,https://www.portfolio.hu/befektetes/20250616/kispapirok-nagy-napja-a-magyar-tozsden-768299
603446d6a74da67b7970f20470c9ecb43a6efb1f61639453af7dd20927090121,2025-06-16 10:31:12.749948+00:00,hu,portfolio.hu,portfolio.hu,2025-06-16,Az iráni háború árnyékában is emelkednek a tőzsdék,https://www.portfolio.hu/befektetes/20250616/az-irani-haboru-arnyekaban-is-emelkednek-a-tozsdek-768147
373a9c36512a3adf09214ad0499a0bc09c0ae02766104dedda1bbef767c84d69,2025-06-16 10:30:34.790661+00:00,hu,portfolio.hu,portfolio.hu,2025-06-16,Nagy meglepetésre lemondott a Renault vezére,https://www.portfolio.hu/uzlet/20250616/nagy-meglepetesre-lemondott-a-renault-vezere-768215
92f0cf06bc05e1147fecd883ddeb37a092604fb55211b7dbc6fa09b8aa4e5651,2025-06-16 10:18:31.272347+00:00,hu,portfolio.hu,portfolio.hu,2025-06-16,"Iráni rakéták csapódtak be Izrael központjába, fejvesztve menekül Teherán lakossága",https://www.portfolio.hu/global/20250616/irani-raketak-csapodtak-be-izrael-kozpontjaba-fejvesztve-menekul-teheran-lakossaga-hetfoi-hireink-az-iran-izrael-haborurol-percrol-percre-768145
6498b2ce0c4dbe01432516923ff7dc4a3759818c3db1bcbddfcc7d9ab86f0ada,2025-06-16 10:18:15.968918+00:00,hu,portfolio.hu,portfolio.hu,2025-06-16,"Trump elgáncsolná az EU-t, erre olyan erőssé tette, mint soha nem volt",https://www.portfolio.hu/gazdasag/20250616/trump-elgancsolna-az-eu-t-erre-olyan-erosse-tette-mint-soha-nem-volt-768225
54b31cc8c0a698a6bda900de0d8d40180c8e379281e4e3a66d5a6608a92abcd1,2025-06-16 10:17:51.147217+00:00,hu,portfolio.hu,portfolio.hu,2025-06-16,Atomcsapdába zárta magát Európa: 180 fokos fordulatra van szükség,https://www.portfolio.hu/gazdasag/20250616/atomcsapdaba-zarta-magat-europa-180-fokos-fordulatra-van-szukseg-768207
fcdb806ed0c1265beec455b42db5de81b65b1bc2d825ff5882e0e2061fca2242,2025-06-16 10:17:20.343960+00:00,hu,portfolio.hu,portfolio.hu,2025-06-16,Megint rákapcsolt a forint a háborús pofon után,https://www.portfolio.hu/deviza/20250616/megint-rakapcsolt-a-forint-a-haborus-pofon-utan-768159
c5686def56f38739fc0f0cab8162a0dad72133c28f012a2a4bf21f754c432e69,2025-06-16 07:17:46.251383+00:00,hu,portfolio.hu,portfolio.hu,2025-06-16,"Erős adatok jöttek Kínából, de már látszik a vámháború hatása",https://www.portfolio.hu/gazdasag/20250616/eros-adatok-jottek-kinabol-de-mar-latszik-a-vamhaboru-hatasa-768161
bd8ddff0857bd222d566f512ad99a4ed4e5a09d37cef893175702d92b300ac04,2025-06-16 06:25:07.044336+00:00,hu,portfolio.hu,portfolio.hu,2025-06-16,Eszkalálódik az iráni háború,https://www.portfolio.hu/befektetes/20250616/eszkalalodik-az-irani-haboru-mi-varhato-a-tozsdeken-768147
374126fbf6271e15ef6163a416dd8be8c5849011e28f5fd3904423acbcab9029,2025-06-16 06:24:54.221422+00:00,hu,portfolio.hu,portfolio.hu,2025-06-16,"Kegyetlen dróneső hullott Ukrajnára, nagy bajban Kijev",https://www.portfolio.hu/global/20250616/kegyetlen-droneso-hullott-ukrajnara-nagy-bajban-kijev-hireink-az-ukrajnai-haborurol-hetfon-768155
09683d7b4ff395cb4b976eec964186d2b69c3b5bc1852eaa279ad53b7a929540,2025-06-16 06:24:35.413812+00:00,hu,portfolio.hu,portfolio.hu,2025-06-16,"Iráni rakéták csapódtak be Izrael központjába, lángokban a Kudsz erők központja",https://www.portfolio.hu/global/20250616/irani-raketak-csapodtak-be-izrael-kozpontjaba-langokban-a-kudsz-erok-kozpontja-hetfoi-hireink-az-iran-izrael-haborurol-percrol-percre-768145
dd80ffc0b38dfb4771f301202bd3f2720b070add88e0ce0d729a808fe885c953,2025-06-16 06:24:27.580784+00:00,hu,portfolio.hu,portfolio.hu,2025-06-16,Kiheveri a háborús pofont a forint?,https://www.portfolio.hu/deviza/20250616/kiheveri-a-haborus-pofont-a-forint-768159
0eb192651be22132fa5be9596f97519f9c987688c2de4f10f375df3bd4a58116,2025-06-15 19:26:30.318404+00:00,hu,portfolio.hu,portfolio.hu,2025-06-15,Megszólalt Orbán Viktor az újabb háborúról – Fontos lépésre készül holnap Magyarország,https://www.portfolio.hu/gazdasag/20250615/megszolalt-orban-viktor-az-ujabb-haborurol-fontos-lepesre-keszul-holnap-magyarorszag-768133
26a2dfb74c5693a2442a61d8250a06fc0f4aa18daa7d7f5f5121f7ff58e1e7cc,2025-06-15 17:20:51.749262+00:00,hu,portfolio.hu,portfolio.hu,2025-06-15,Megint megadta magát a MÁV a Balatonon,https://www.portfolio.hu/gazdasag/20250615/megint-megadta-magat-a-mav-a-balatonon-768121
26d75869c2cdcd203378d24ad86c4d457e0f05c078e82319a013484361450d6e,2025-06-15 17:20:40.978575+00:00,hu,portfolio.hu,portfolio.hu,2025-06-15,"Azt mondják, titokban félelmetes megfigyelőrendszert épít ki Donald Trump – Tényleg átveszi a hatalmat a Nagy Testvér?",https://www.portfolio.hu/global/20250615/azt-mondjak-titokban-felelmetes-megfigyelorendszert-epit-ki-donald-trump-tenyleg-atveszi-a-hatalmat-a-nagy-testver-767919
8f6572ec63001a857df0f8605d516598461c894f54f5fe073e89e5dc3e16e7c3,2025-06-15 17:19:09.463780+00:00,hu,portfolio.hu,portfolio.hu,2025-06-15,Kiszivárgott: ezekből az országokból tiltaná meg a beutazást Donald Trump,https://www.portfolio.hu/gazdasag/20250615/kiszivargott-ezekbol-az-orszagokbol-tiltana-meg-a-beutazast-donald-trump-768123
40ac3e8c96e06da8b3b4b7e0de934e34032ad5851a8e8ddf38dd92346ef51e4f,2025-06-15 16:19:57.789474+00:00,hu,portfolio.hu,portfolio.hu,2025-06-15,"Olajfinomítóra mértek csapást az oroszok, a Boeing épülete is megsérült",https://www.portfolio.hu/global/20250615/olajfinomitora-mertek-csapast-az-oroszok-a-boeing-epulete-is-megserult-768103
667206f0c915660e3a9404fc9d3a580cc5361e4df9bcd5691022d9e89802ee89,2025-06-15 16:19:46.724259+00:00,hu,portfolio.hu,portfolio.hu,2025-06-15,Oroszország visszaadta 1200 további elesett ukrán katona holttestét,https://www.portfolio.hu/global/20250615/oroszorszag-visszaadta-1200-tovabbi-elesett-ukran-katona-holttestet-768113
dd737931d96073f170a981c218aa6bcf487115c940a220bfc2d3924c0c846ce8,2025-06-15 16:19:41.668464+00:00,hu,portfolio.hu,portfolio.hu,2025-06-15,Baleset történt az M7-esen Budapest felé,https://www.portfolio.hu/gazdasag/20250615/baleset-tortent-az-m7-esen-budapest-fele-768107
cdf13cc41af6f5ab49b5ded88f8a751dcfe08d3bd60bb8c09f82bd9eb98640fe,2025-06-15 16:19:36.843310+00:00,hu,portfolio.hu,portfolio.hu,2025-06-15,Időjárás: erre számíthatunk a jövő hét egyes napjain,https://www.portfolio.hu/gazdasag/20250615/idojaras-erre-szamithatunk-a-jovo-het-egyes-napjain-768109
ae62f869efdc49eab6b13f9e909c33d9550fbcacb6b5c23281d65a3c3ef36a3e,2025-06-15 16:19:17.908387+00:00,hu,portfolio.hu,portfolio.hu,2025-06-15,Elszabadult a pokol a Közel-Keleten: ez most már tényleg háború?,https://www.portfolio.hu/global/20250615/elszabadult-a-pokol-a-kozel-keleten-ez-most-mar-tenyleg-haboru-768101
10111255fe385a89fcbd8783489e772663d0b1aa0b5cca1e4bce5bd49becfba0,2025-06-15 16:19:12.808900+00:00,hu,portfolio.hu,portfolio.hu,2025-06-15,"Steiner Attila: ez nem RepowerEU, hanem DepowerEU",https://www.portfolio.hu/gazdasag/20250615/steiner-attila-ez-nem-repowereu-hanem-depowereu-765373
e66591f43582a323e4334570499878db138b72c36343e6a07ae17f8f1f618935,2025-06-15 16:19:06.757161+00:00,hu,portfolio.hu,portfolio.hu,2025-06-15,"Megszólalt Trump a közel-keleti háborúról: elmondta, szerinte mi lesz a kimenetel",https://www.portfolio.hu/global/20250615/megszolalt-trump-a-kozel-keleti-haborurol-elmondta-szerinte-mi-lesz-a-kimenetel-768115
3808d9dd1a384515656fcb632b8e9237ff02a0a2333ff0a8fbd31efc1c708e84,2025-06-15 16:18:58.505442+00:00,hu,portfolio.hu,portfolio.hu,2025-06-15,"Rommá bombázza Teheránt az izraeli légierő, ballisztikus rakétákat lőtt ki Irán",https://www.portfolio.hu/global/20250615/romma-bombazza-teherant-az-izraeli-legiero-ballisztikus-raketakat-lott-ki-iran-hireink-a-kozel-keletrol-vasarnap-768073
06fc92531de57564962148e051671d517b1d8db07239aef0981a61c6960047b1,2025-06-14 20:33:04.870326+00:00,hu,portfolio.hu,portfolio.hu,2025-06-14,Donald Trumppal egyeztetett Ursula von der Leyen,https://www.portfolio.hu/gazdasag/20250614/donald-trumppal-egyeztetett-ursula-von-der-leyen-768071
35911b5055e69db6cbde92e18fa7d38ebeb924f4e07317e436db735c4510d97e,2025-06-14 15:22:40.208685+00:00,hu,portfolio.hu,portfolio.hu,2025-06-14,A vízválság már az üzleti világot fenyegeti – Az EU drasztikus lépéssel reagál,https://www.portfolio.hu/gazdasag/20250614/a-vizvalsag-mar-az-uzleti-vilagot-fenyegeti-az-eu-drasztikus-lepessel-reagal-767643
07797d2b8dd718e7806cb9bfb6868116c231ceb15411a550a1e55f19ee88ee4e,2025-06-14 15:21:52.280400+00:00,hu,portfolio.hu,portfolio.hu,2025-06-14,"Nagyot zuhant a kereslet az új lakások iránt, megszólaltak a fejlesztők",https://www.portfolio.hu/ingatlan/20250614/nagyot-zuhant-a-kereslet-az-uj-lakasok-irant-megszolaltak-a-fejlesztok-768037
dab1737a5e59e4d1b636491e75b2e466980fa2d27ad0835fcbe50c89b2510602,2025-06-14 12:27:37.108296+00:00,hu,portfolio.hu,portfolio.hu,2025-06-14,A részvénypiac letaglózó győzelme a kötvénypiac fölött,https://www.portfolio.hu/befektetes/20250614/a-reszvenypiac-letaglozo-gyozelme-a-kotvenypiac-folott-767639
46b1e3b00f1e9fb7a8876eba8c2c5e2f2b03817d0ee478dedbe44906d63c98e7,2025-06-14 12:27:02.801752+00:00,hu,portfolio.hu,portfolio.hu,2025-06-14,"40. szülinapját ünnepli Schengen, miközben a szemünk láttára hullik szét",https://www.portfolio.hu/gazdasag/20250614/40-szulinapjat-unnepli-schengen-mikozben-a-szemunk-lattara-hullik-szet-767793
9ff2928cdb287cbe00ba8c89bf49eb99669c43991dc818d9540d39fbc68c0050,2025-06-14 07:22:19.265979+00:00,hu,portfolio.hu,portfolio.hu,2025-06-14,Robbanásszerűen nő az új befektetési őrület,https://www.portfolio.hu/befektetes/20250614/robbanasszeruen-no-az-uj-befektetesi-orulet-de-tenyleg-lehet-jovoje-767481
b4a2be16f9ba7bafd4c4306d12fe8e62ee046940c70b38db00d66c6c7ee2086d,2025-06-14 07:22:09.780173+00:00,hu,portfolio.hu,portfolio.hu,2025-06-14,"Elképesztő, mennyi élelmiszer landol a kukában – A rövid ellátási láncok csökkenthetik ezt a veszteséget",https://www.portfolio.hu/krtk/20250614/elkepeszto-mennyi-elelmiszer-landol-a-kukaban-a-rovid-ellatasi-lancok-csokkenthetik-ezt-a-veszteseget-767423
36105f4b31641dd8997adb838aa6632400ef8ae7f452757f1df450e304a16db7,2025-06-13 21:30:28.630785+00:00,hu,portfolio.hu,portfolio.hu,2025-06-13,Kiderült: ennyibe fájnak összesen a Kremlnek a háborús szankciók,https://www.portfolio.hu/global/20250613/kiderult-ennyibe-fajnak-osszesen-a-kremlnek-a-haborus-szankciok-767997
8867f4bcded320d3d2d561d62243a5f920a84f1a1453e043a903817f8b2b09e5,2025-06-13 20:18:45.500993+00:00,hu,portfolio.hu,portfolio.hu,2025-06-13,Bank of America: minden mutató alapján drágák már az amerikai részvények,https://www.portfolio.hu/uzlet/20250613/bank-of-america-minden-mutato-alapjan-dragak-mar-az-amerikai-reszvenyek-767983
352cb55e80d7ff9f282bdbf88a4b8d1e3cc0e80e6a3506c7ad8146132a625960,2025-06-13 20:17:19.755279+00:00,hu,portfolio.hu,portfolio.hu,2025-06-13,Megjött Irán bosszúja az izraeli támadásokra,https://www.portfolio.hu/uzlet/20250613/megjott-iran-bosszuja-az-izraeli-tamadasokra-elszallt-az-olaj-estek-a-tozsdek-767715
6f2f1327bd140cf7acd7661467ed71f0a9476768d1bc0ec0588662cfe23e1e9c,2025-06-13 19:33:40.573564+00:00,hu,portfolio.hu,portfolio.hu,2025-06-13,"Áll a bál Brüsszelben, belháború indult Ursula von der Leyen emberei között",https://www.portfolio.hu/unios-forrasok/20250613/all-a-bal-brusszelben-belhaboru-indult-ursula-von-der-leyen-emberei-kozott-767731
d772df60e66e8e9cf7d505f87119ad649f6a8085f2d3b86afb23f76780d62c9d,2025-06-13 17:25:50.102794+00:00,hu,portfolio.hu,portfolio.hu,2025-06-13,"Eldőlt, ki lehet a Magyar Nemzeti Bank negyedik alelnöke",https://www.portfolio.hu/gazdasag/20250613/eldolt-ki-lehet-a-magyar-nemzeti-bank-negyedik-alelnoke-767969
3b5038ba485e8aa105c3f50233946965621b996601d932d33f746dd80f9b08db,2025-06-13 15:18:32.917023+00:00,hu,portfolio.hu,portfolio.hu,2025-06-13,Ukránok millióinak sorsa dőlt el az EU-ban,https://www.portfolio.hu/unios-forrasok/20250613/ukranok-millioinak-sorsa-dolt-el-az-eu-ban-767929
d167144cf65e543d6f62a5be7aac98cd1ceb354b30cc9c8a9fbb9f6747af05d6,2025-06-13 14:27:30.256854+00:00,hu,portfolio.hu,portfolio.hu,2025-06-13,Irán elleni támadás: meghökkentő bejelentést tett Izrael egyik legnagyobb ellensége,https://www.portfolio.hu/global/20250613/iran-elleni-tamadas-meghokkento-bejelentest-tett-izrael-egyik-legnagyobb-ellensege-767911
544bb8237c289ed10dc7891e2f3b80c7e6ec61e55b5aee926f9b3e5a03a8b65e,2025-06-13 13:28:10.979664+00:00,hu,portfolio.hu,portfolio.hu,2025-06-13,"Nagyon súlyos támadást indított Izrael Irán ellen, folyamatosan eszkalálódik a helyzet",https://www.portfolio.hu/global/20250613/nagyon-sulyos-tamadast-inditott-izrael-iran-ellen-folyamatosan-eszkalalodik-a-helyzet-cikkunk-percrol-percre-frissul-767709
5d49512a9a6c854903b84ec430b80a83bbc04f73a69babbdf242e90b3604a6f8,2025-06-13 13:27:54.927286+00:00,hu,portfolio.hu,portfolio.hu,2025-06-13,"Sorra börtönzik be az ellenzéki vezetőket Grúziában, már a harmadik került rács mögé",https://www.portfolio.hu/global/20250613/sorra-bortonzik-be-az-ellenzeki-vezetoket-gruziaban-mar-a-harmadik-kerult-racs-moge-767875
4fde8c58f92202356a6db13247e3921bb6e63135a3a5fe6cf5d37492fd062706,2025-06-13 13:27:13.131830+00:00,hu,portfolio.hu,portfolio.hu,2025-06-13,"Amíg mindenki Iránra és Izraelre figyel, az EU hatalmas összeget utalt Ukrajnának",https://www.portfolio.hu/unios-forrasok/20250613/amig-mindenki-iranra-es-izraelre-figyel-az-eu-hatalmas-osszeget-utalt-ukrajnanak-767893
32b0a5d04d724073a9fe752c5bbfccf4f8bcae35cab2e59503d5f0aac1c9d0e8,2025-06-13 09:29:41.314100+00:00,hu,portfolio.hu,portfolio.hu,2025-06-13,Izrael megtámadta Iránt,https://www.portfolio.hu/uzlet/20250613/izrael-megtamadta-irant-ide-menekitik-a-befektetok-a-penzuket-767791
66c7c3630ad8173a81b3bcf49144109f28b5d7add478a360ad3c49f8a3cbef9d,2025-06-13 09:28:20.981552+00:00,hu,portfolio.hu,portfolio.hu,2025-06-13,„A zöld átmenet nem lehet palotaforradalom” – Gondola Csaba az EKR átalakításának hátteréről,https://www.portfolio.hu/gazdasag/20250613/a-zold-atmenet-nem-lehet-palotaforradalom-gondola-csaba-az-ekr-atalakitasanak-hattererol-767501
3f87bbacdba0cb6d48c48b974aae770db3c5357d99a6e6d1dcb2f54784205315,2025-06-13 08:27:38.993756+00:00,hu,portfolio.hu,portfolio.hu,2025-06-13,"Lezuhant egy Londonba tartó repülőgép 242 emberrel a fedélzetén, friss hírek érkeztek",https://www.portfolio.hu/global/20250613/lezuhant-egy-londonba-tarto-repulogep-242-emberrel-a-fedelzeten-friss-hirek-erkeztek-767543
b6908a1a452b17fa1dc3bd848b4d257d1f1762fbc1885a9ce7d264868617a14e,2025-06-13 08:27:28.461015+00:00,hu,portfolio.hu,portfolio.hu,2025-06-13,"Ha historikusan nézzük, folytatódhat a tőzsdei rali",https://www.portfolio.hu/befektetes/20250613/ha-historikusan-nezzuk-folytatodhat-a-tozsdei-rali-767759
629b5e83c22966dcbeb68ef116cde73039d86566e4f1b46ffbc266ce92202da9,2025-06-13 08:27:23.452102+00:00,hu,portfolio.hu,portfolio.hu,2025-06-13,Titkos tárgyalások a NATO-ban: Oroszország ellen irányulhat az új védelmi rendszer?,https://www.portfolio.hu/global/20250613/titkos-targyalasok-a-nato-ban-oroszorszag-ellen-iranyulhat-az-uj-vedelmi-rendszer-767761
c5112b5fa6675b69c8d282e12398ff1f6ffb9542ce1cbeac3ebcfde1dca1fb74,2025-06-13 08:27:09.288582+00:00,hu,portfolio.hu,portfolio.hu,2025-06-13,"Békésen strandoltak a NATO-ország tengerpartján, aztán egyszer csak feltűnt egy ukrán drón",https://www.portfolio.hu/global/20250613/bekesen-strandoltak-a-nato-orszag-tengerpartjan-aztan-egyszer-csak-feltunt-egy-ukran-dron-767779
da0d091f86147d476223c06ea2460877eba78c8851644207d86272ea26001c9c,2025-06-13 08:27:04.247631+00:00,hu,portfolio.hu,portfolio.hu,2025-06-13,"Megüzenték Trumpnak Brüsszelből: ha erősebb NATO-t akar, akkor azonnal álljon le!",https://www.portfolio.hu/unios-forrasok/20250613/meguzentek-trumpnak-brusszelbol-ha-erosebb-nato-t-akar-akkor-azonnal-alljon-le-767757
d731b10f253d637aedfec0a4532c455c90df8f6b22b08f64a04842b5cc9734ae,2025-06-13 08:26:59.146791+00:00,hu,portfolio.hu,portfolio.hu,2025-06-13,Drasztikus lépésre készül a kormány az Air Indiánál a tegnapi légikatasztrófa után,https://www.portfolio.hu/uzlet/20250613/drasztikus-lepesre-keszul-a-kormany-az-air-indianal-a-tegnapi-legikatasztrofa-utan-767785
ec020a7c84a9acd6e4723ea4fc6a1968fb1190659628597a99d75544eb665265,2025-06-13 08:26:54.186966+00:00,hu,portfolio.hu,portfolio.hu,2025-06-13,"50 ezer beteg, 4 milliárdos fejlesztés a magyar családi tulajdonú klinikánál",https://www.portfolio.hu/gazdasag/20250613/50-ezer-beteg-4-milliardos-fejlesztes-a-magyar-csaladi-tulajdonu-klinikanal-766255
29a8031eee42450537c4069148a6289226e7e756b2563aeb699ca810d0502244,2025-06-13 08:26:49.371523+00:00,hu,portfolio.hu,portfolio.hu,2025-06-13,Irán bosszút ígért az izraeli támadásokra,https://www.portfolio.hu/uzlet/20250613/iran-bosszut-igert-az-izraeli-tamadasokra-utik-az-otp-t-elszallt-az-olaj-767715
9d0759c2739611465074dc0a83ead53ad3892a1bc1b59b08c6d9c047922b7766,2025-06-13 08:26:44.095349+00:00,hu,portfolio.hu,portfolio.hu,2025-06-13,Háború van? Atomcsapás lesz? Régiós összeomlás jön? – Megválaszoljuk a legfontosabb kérdéseket az Irán elleni támadás kapcsán,https://www.portfolio.hu/global/20250613/haboru-van-atomcsapas-lesz-regios-osszeomlas-jon-megvalaszoljuk-a-legfontosabb-kerdeseket-az-iran-elleni-tamadas-kapcsan-767775
5235922e91f5818f92ed6b49b30a678c9ce0b0d1290ebd48c00afe3e18cef24d,2025-06-13 08:26:39.455624+00:00,hu,portfolio.hu,portfolio.hu,2025-06-13,A közel-keleti feszültség elérte az európai gáztőzsdét is: ideges lett a piac,https://www.portfolio.hu/global/20250613/a-kozel-keleti-feszultseg-elerte-az-europai-gaztozsdet-is-ideges-lett-a-piac-767781
e8913774fb766e28d804c2c95fb9de32a4b7a8f21a939d1af8c9f6afa33d9644,2025-06-13 08:26:34.345482+00:00,hu,portfolio.hu,portfolio.hu,2025-06-13,"Támad a BlackRock: ha ez megtörténik, azt mindenki érezni fogja",https://www.portfolio.hu/befektetes/20250613/tamad-a-blackrock-ha-ez-megtortenik-azt-mindenki-erezni-fogja-767753
ffabbf5e60daa6efc318eef2e5b3ffaa7b2b68ae03c38e262100d1caafe855f1,2025-06-13 08:26:29.208596+00:00,hu,portfolio.hu,portfolio.hu,2025-06-13,"Egy 28 éves zseni fejlesztheti a Meta szuperintelligenciáját, mesés vagyont költöttek a megszerzésére",https://www.portfolio.hu/befektetes/20250613/egy-28-eves-zseni-fejlesztheti-a-meta-szuperintelligenciajat-meses-vagyont-koltottek-a-megszerzesere-767765
a06d84b13702d25bb0f38c997900710823047b97519fe912e1594449749d2546,2025-06-13 08:26:24.568167+00:00,hu,portfolio.hu,portfolio.hu,2025-06-13,Az energetika húzza az Opus Global profitját,https://www.portfolio.hu/uzlet/20250613/az-energetika-huzza-az-opus-global-profitjat-767763
e8650e9f4e15f785c0b8292f8ddd1f7d49289518af8401fb62bc58f7317f2ebb,2025-06-13 08:26:19.918006+00:00,hu,portfolio.hu,portfolio.hu,2025-06-13,Fellélegezhet a forint a hajnali ijedség után,https://www.portfolio.hu/deviza/20250613/fellelegezhet-a-forint-a-hajnali-ijedseg-utan-767743
456b2118fda2791d698f83bde9c3eca88067cedee17820a50617d54a705cffd2,2025-06-13 08:26:14.369394+00:00,hu,portfolio.hu,portfolio.hu,2025-06-13,"Válasz az NGM-ből: a magyar adórendszer köszöni, jól van",https://www.portfolio.hu/gazdasag/20250613/valasz-az-ngm-bol-a-magyar-adorendszer-koszoni-jol-van-767707
3199d1398037a0cdf781f90563b71587cd4252c86a716911345ae575b93474d2,2025-06-13 08:26:01.410164+00:00,hu,portfolio.hu,portfolio.hu,2025-06-13,Megszólalt Donald Trump a pusztító izraeli légicsapás után,https://www.portfolio.hu/global/20250613/megszolalt-donald-trump-a-pusztito-izraeli-legicsapas-utan-767771
c5f389c30f20d35e642ded7c60c7642712d97dabb2ed0fc76d5a4502f330912d,2025-06-13 08:25:57.269265+00:00,hu,portfolio.hu,portfolio.hu,2025-06-13,"Újabb csapás a légitársaságok számára, zuhanórepülésben a részvények",https://www.portfolio.hu/befektetes/20250613/ujabb-csapas-a-legitarsasagok-szamara-zuhanorepulesben-a-reszvenyek-767773
b1d52896587b9d2a3d85610a9822e451bd74cbf83a21d5c574c5968b46fed0b9,2025-06-13 08:25:51.667881+00:00,hu,portfolio.hu,portfolio.hu,2025-06-13,Légikatasztrófa Indiában: nyilvánosságra hozták a pilóta utolsó üzenetét,https://www.portfolio.hu/global/20250613/legikatasztrofa-indiaban-nyilvanossagra-hoztak-a-pilota-utolso-uzenetet-767751
9c0b330c3146f00b3abe20c79b8dfaf7d082600360de312857b189ccc46b9fa2,2025-06-11 10:31:04.991166+00:00,hu,portfolio.hu,portfolio.hu,2025-06-11,Idén tavasszal is csúcsra járattuk a Portfolio konferenciákat: hatalmas érdeklődés mellett zakatoltak rendezvényeink,https://www.portfolio.hu/gazdasag/20250611/iden-tavasszal-is-csucsra-jarattuk-a-portfolio-konferenciakat-hatalmas-erdeklodes-mellett-zakatoltak-rendezvenyeink-766153
5e04b5d8a82e0582314f61affda9f7f190e8c361bd751d1c73bf52eaabd477d0,2025-06-06 09:31:21.028017+00:00,hu,portfolio.hu,portfolio.hu,2025-06-06,Dübörögnek a Portfolio konferenciák: iparági networking és szakmai információdömping egy helyen már 21. éve!,https://www.portfolio.hu/gazdasag/20250606/duborognek-a-portfolio-konferenciak-iparagi-networking-es-szakmai-informaciodomping-egy-helyen-mar-21-eve-766153
642accc704119d5cddc46693700fdd2787f3d6247ad8ea13359bb6027097307e,2025-06-05 14:26:21.053252+00:00,hu,origo.hu,origo.hu,2025-06-05,Fajkihalás a szomszédban – Az állat- és növényvilág pusztulása minden országban jelen van,https://www.origo.hu/tudomany/2025/06/fajkihalas-a-szomszedban
bf16f6c2e3942a66810b326d0c8490d475ff472b24457464164bcf80ff34f9a7,2025-06-05 13:18:42.242343+00:00,hu,portfolio.hu,portfolio.hu,2025-06-05,Lesújtott az Alkotmánybíróság: megsemmisítették a magyar klímatörvény kulcsfontosságú részét,https://www.portfolio.hu/global/20250605/lesujtott-az-alkotmanybirosag-megsemmisitettek-a-magyar-klimatorveny-kulcsfontossagu-reszet-766201
633566b97c02abe35f618c3b6f48d6dd31582118b79691efd633b0ae82731cb1,2025-06-01 18:24:15.250149+00:00,hu,portfolio.hu,portfolio.hu,2025-06-01,Itt már nem elég néhány környezettudatos ember erőfeszítése – Drasztikus lépések kellenek a műanyagválság kezeléséhez,https://www.portfolio.hu/gazdasag/20250601/itt-mar-nem-eleg-nehany-kornyezettudatos-ember-erofeszitese-drasztikus-lepesek-kellenek-a-muanyagvalsag-kezelesehez-764683
2bbe5043c1d3f480ad12a660255bb511665e28fe7b20839a737a85b6af10f2f7,2025-05-25 12:27:02.660518+00:00,hu,hvg.hu,hvg.hu,2025-05-25,"Ki kellene törnünk a GDP mágikus köréből, de túlságosan is rabjai vagyunk",https://hvg.hu/gazdasag/20250525_partha-dasgupta-kozgazdasz-professzor-eloadas-interju-gdp-termeszeti-toke-bioszfera-fenntarthatosag#rss
7a42aa41015526a70c95a80526f9e90b87804a78708b4efe866058b8ae211d98,2025-05-22 09:17:13.427306+00:00,hu,index.hu,index.hu,2025-05-22,"Nagy veszélyben a csokoládé, de más importélelmiszerek körül is sok a rizikó",https://index.hu/tudomany/2025/05/22/csokolade-kakao-europai-unio-eghajlat-valtozas-globalis-felmelegedes/
0edcb5e9c645815cafd493b2940311716d4c2400d4250044f14d668b8ee38546,2025-05-16 14:30:03.169835+00:00,hu,demokrata.hu,demokrata.hu,2025-05-16,A néppárt csendben kihátrált a Green Deal mögül,https://demokrata.hu/gazdasag/a-neppart-csendben-kihatralt-a-green-deal-mogul-993616/
75041106664607c76507b9978ec6bef7302badf0df9cc38529a6f22cc3efd53b,2025-05-13 08:19:33.930502+00:00,hu,index.hu,index.hu,2025-05-13,Elsők között ratifikált egy ambiciózus óceánvédelmi egyezményt Magyarország,https://index.hu/belfold/2025/05/13/greenpeace-orszaggyules-oceanvedelem-ratifikalas-egyezmeny/
68799e88446bc6eed7f83663a22d7041e165f99de5d509cc33829d0dbabd4042,2025-05-12 20:25:08.469051+00:00,hu,dunaujvaros.com,dunaujvaros.com,2025-05-12,Értékmentők találkozási pontjává válhat a Generációk Háza (galériával),https://dunaujvaros.com/hirek/202505/ertekmentok_talalkozasi_pontjava_valhat_a_generaciok_haza_galeriaval
f264723a436faf6aea807b0da37efacaa148dc3b52e36b2e988b31a6e5bad56a,2025-05-12 14:27:25.801414+00:00,hu,24.hu,24.hu,2025-05-12,A magyar országgyűlés törvénybe iktatta az óceánok védelmét,https://24.hu/tudomany/2025/05/12/greenpeace-magyar-parlament-oceanvedelmi-egyezmeny-szavazas/
9df3803803f2110ae063860be5c62d6bae84f3c5635181ce46a96ef014098100,2025-05-11 01:21:47.165054+00:00,hu,gondola.hu,gondola.hu,2025-05-10,Teremtésvédelem,https://gondola.hu/hirek/315650-Teremtesvedelem.html
7ac9466aeae6cfa750accfcb4c960ef8e657efaeced8508061b37c1797288205,2025-05-10 11:29:03.507668+00:00,hu,infostart.hu,infostart.hu,2025-05-10,AM: nemcsak a természetvédőknek fontos a mai nap,https://infostart.hu/belfold/2025/05/10/am-nemcsak-a-termeszetvedoknek-fontos-a-mai-nap
3378b17f7e666c383f518286ac1a96ac047e24a3a213e045f7d71ad741dd5480,2025-05-10 10:20:39.192993+00:00,hu,magyarnemzet.hu,magyarnemzet.hu,2025-05-10,"A madarak és fák napja minden évben emlékeztet arra, hogy közös felelősségünk a természet védelme",https://magyarnemzet.hu/gazdasag/2025/05/a-madarak-es-fak-napja?utm_source=hirstart&utm_medium=referral&utm_campaign=hiraggregator
fd708eb636e38dafb081ae517aa2c42b5b5833f0b0525893ef301b36342e6232,2025-05-10 09:21:41.892985+00:00,hu,demokrata.hu,demokrata.hu,2025-05-10,Közös felelősségünk a madarak és a fák megóvása,https://demokrata.hu/magyarorszag/kozos-felelossegunk-a-madarak-es-a-fak-megovasa-990521/
5d4717f1eee5d19cc79d3e14d62b733a3ae84196f4c6b02aae782a4697403b5c,2025-05-08 13:37:10.954469+00:00,hu,kitekinto.hu,kitekinto.hu,2025-05-08,2028-tól is marad az uniós pénzek kiutalásának szigorú felügyelete,https://kitekinto.hu/2025/05/08/europai-ugyek/2028-tol-is-marad-az-unios-penzek-kiutalasanak-szigoru-felugyelete/211663/
3a57f6f58838ac661542a8cb3a62bd254f96771a3af4d23b7ecf52898e2853bd,2025-05-08 13:25:45.854259+00:00,hu,24.hu,24.hu,2025-05-08,"Egy lépéssel közelebb kerültünk ahhoz, hogy vadászni lehessen a farkasokra",https://24.hu/tudomany/2025/05/08/farkasvadaszat-europai-parlament-szavazas-vedettseg-gyengitese/
fab06e6a5c5c4fd8e1ecddc343872a79b43faec6e15db24d47641870f53ef9af,2025-05-07 20:19:25.995640+00:00,hu,index.hu,index.hu,2025-05-07,Az Európai Parlament a következő uniós pénzügyi keret forrásait is a jogállamiság tiszteletben tartásához kötné,https://index.hu/kulfold/2025/05/07/europai-parlament-unios-forrasok-unios-koltsegvetes-europai-bizottsag-jogallamisag/
ee949b8d65c7816f55eab833950c8aaaf91c9e9503a09682eb6904ca9a6e3b83,2025-05-07 18:29:41.642346+00:00,hu,infostart.hu,infostart.hu,2025-05-07,Uniós pénzek: a következő években is marad a jogállamisági szigor,https://infostart.hu/gazdasag/2025/05/07/unios-penzek-a-kovetkezo-evekben-is-marad-a-jogallamisagi-szigor
e9e867b05d1d555dfe1d755a593d7b89998bcb3cbc914f2ebdeaecfb1bdbc0d0,2025-05-06 17:32:07.130236+00:00,hu,hvg.hu,hvg.hu,2025-05-06,"Tengerre száll David Attenborough a 99. születésnapján, hogy átadja eddigi legfontosabb üzenetét",https://hvg.hu/kultura/20250506_sir-david-attenborough-ocean-termeszetfilm-99#rss
66dd63e7c2e806e3a806267db73ac750b234e7b383e3cdee74e49cb68caac19a,2025-05-06 12:29:47.037905+00:00,hu,portfolio.hu,portfolio.hu,2025-05-06,Szolárbirkák és bogárhotel – Mindent megtesznek az ESG megfelelés érdekében az energetikai cégek,https://www.portfolio.hu/uzlet/20250506/szolarbirkak-es-bogarhotel-mindent-megtesznek-az-esg-megfeleles-erdekeben-az-energetikai-cegek-757137
013afd7f2558dc0f6a6d3a1d49c536b8d3d92941e12fdae06858b0dd4cb4309f,2025-05-05 14:19:16.498277+00:00,hu,index.hu,index.hu,2025-05-05,„Le kell ölni ezeket az állatokat” – a miniszter személyesen válaszolt a kritikákra,https://index.hu/belfold/2025/05/05/orszaggyules-parlament-fidesz-kdnp-ellenzek-vita-nagy-istvan-ragados-szaj-es-koromfajas/
4ba0c7f43fc29eea0499a5122823e91f760fa88e094c4bbdfa2ac997d7d01775,2025-05-05 12:18:05.336870+00:00,hu,hvg.hu,hvg.hu,2025-05-05,Európába csábítanák a Trump elől menekülő amerikai tudósokat,https://hvg.hu/gazdasag/20250505_egyesult-allamok-europai-unio-amerikai-tudosok-donald-trump-emmanuel-macron-konferencia#rss
5a08f252bd261c769f8eb5bb670ad387b7ad16dae20d7ccb677c58cf20d26fc5,2025-04-27 14:24:34.455751+00:00,hu,nepszava.hu,nepszava.hu,2025-04-27,„A kevesebb néha több”,https://nepszava.hu/3277453_a-kevesebb-neha-tobb-harminc-eve-segiti-a-kornyezettudatos-nevelest-a-magyar-termeszetvedok-szovetsege
652b0b3d5987c5f163ef4b37f552ad624caa59ca3e4dea9547de50caff9a0f3e,2025-04-23 16:31:37.453063+00:00,hu,portfolio.hu,portfolio.hu,2025-04-23,Zöld forradalom: számot adtak a vállalatok az eredményeikről,https://www.portfolio.hu/uzlet/20250423/zold-forradalom-szamot-adtak-a-vallalatok-az-eredmenyeikrol-756697
81f7dc983f0a801d6fef19215dafbf7487361f51b7eb2dcb02690cad1fb826f7,2025-04-05 00:18:52.420470+00:00,hu,gondola.hu,gondola.hu,2025-04-04,"HUN-REN: nagyobb az ember hatása a biodiverzitásra, mint eddig gondolták",https://gondola.hu/hirek/315099-HUN-REN__nagyobb_az_ember_hatasa_a_biodiverzitasra__mint_eddig.html
a49cbe96dd880131594f342e5883ddbaba435799075e31c06f3fa8a7750a189a,2025-04-03 10:27:34.347318+00:00,hu,portfolio.hu,portfolio.hu,2025-04-03,"Ijesztő számok: drámai tempóban csökken a természet sokszínűsége, és ez az egész emberi civilizációt veszélyezteti",https://www.portfolio.hu/uzlet/20250403/ijeszto-szamok-dramai-tempoban-csokken-a-termeszet-sokszinusege-es-ez-az-egesz-emberi-civilizaciot-veszelyezteti-752313
ab4c738d01b56fa3489464deea4679b34c68da2d603fc0d6823a232d4017b434,2025-04-03 09:26:38.951030+00:00,hu,portfolio.hu,portfolio.hu,2025-04-03,Kiadta 2024-es fenntarthatósági jelentését a Velux,https://www.portfolio.hu/uzlet/20250403/kiadta-2024-es-fenntarthatosagi-jelenteset-a-velux-752291
a9656e5e8b0c9ccf25a81bd05645f92158be041b598e35545aa32cce17cb83b8,2025-04-01 09:21:46.871903+00:00,hu,portfolio.hu,portfolio.hu,2025-04-01,"Jó, ha tudjuk: az erdőirtás és a fajkihalás a gazdagabb országok rejtett exportcikkévé vált",https://www.portfolio.hu/global/20250401/jo-ha-tudjuk-az-erdoirtas-es-a-fajkihalas-a-gazdagabb-orszagok-rejtett-exportcikkeve-valt-750375
91b4753065f05098918f8169bd997475b2f511b3405636271ac4c559855415d6,2025-03-31 07:24:04.596658+00:00,hu,demokrata.hu,demokrata.hu,2025-03-31,Az erdő a jövőnk záloga,https://demokrata.hu/magyarorszag/az-erdo-a-jovonk-zaloga-965360/
591303240315051a905b426e1372489dbf1c7d216f5ef9e38d8ef8212fb0aaa1,2025-03-29 18:21:01.373209+00:00,hu,infostart.hu,infostart.hu,2025-03-29,Szárad a Hortobágy: egyre nagyobb bajban a gazdák a klímaváltozás miatt,https://infostart.hu/belfold/2025/03/29/szarad-a-hortobagy-egyre-nagyobb-bajban-a-gazdak-a-klimavaltozas-miatt
7ef3c1ca330de6e233954b248492aadc29683b29dc802ee7671b88274b42917e,2025-03-28 13:33:37.300522+00:00,hu,nepszava.hu,nepszava.hu,2025-03-28,Az emberi orvoslás az állatok utánzásával kezdődött?,https://nepszava.hu/3273911_az-emberi-orvoslas-az-allatok-utanzasaval-kezdodott
c037f4b244013e1fc6091395bd2b66a8864365b46406871f4cbbf5beb3916509,2025-03-26 18:26:51.219952+00:00,hu,portfolio.hu,portfolio.hu,2025-03-26,"OVF: olyan aszály jön, amilyet még nem láttunk",https://www.portfolio.hu/gazdasag/20250326/ovf-olyan-aszaly-jon-amilyet-meg-nem-lattunk-750463
baaaa5d4132f3cb099e70b4e700e8a540866a4e972027c78761965d033ecf53f,2025-03-18 11:31:35.547917+00:00,hu,origo.hu,origo.hu,2025-03-18,Nagy a baj: Csernobilhoz hasonló környezeti katasztrófához vezethet az ukrán gát felrobbantása,https://www.origo.hu/nagyvilag/2025/03/nagyon-a-baj-csernobilhoz-hasonlo-kornyezeti-katasztrofahoz-vezethet-az-ukran-gat-ferobbantasa
92229d127fef3b51f02f642328460be9888e8857b4568a41c953d737057bbebb,2025-03-14 20:39:33.971394+00:00,hu,ujegyenloseg.hu,ujegyenloseg.hu,2025-03-14,A biodiverzitás-védelem piaci megoldásai: lehet a felelőtlenséggel kereskedni?,https://ujegyenloseg.hu/a-biodiverzitas-vedelem-piaci-megoldasai-lehet-a-felelotlenseggel-kereskedni/
a9075d82bae75db136afae6a7e967784015d58610642206b7911efd9b971f688,2025-03-14 17:31:20.827215+00:00,hu,hirtv.hu,hirtv.hu,2025-03-14,Ezeken a területeken okozna súlyos problémát Ukrajna uniós csatlakozása,https://hirtv.hu/hirtv_gazdasagi_hirei/ezeken-a-teruleteken-okozna-sulyos-problemat-ukrajna-unios-csatlakozasa-2603522?utm_source=feed&utm_medium=rss
2eafddefa57aefd8cf16b7040303cfecb3ec92328cf49eb3d289ba4255babcfe,2025-03-14 13:34:32.843179+00:00,hu,demokrata.hu,demokrata.hu,2025-03-14,Újabb pályázatok jelentek meg a fenntartható mezőgazdaság jegyében,https://demokrata.hu/magyarorszag/ujabb-palyazatok-jelentek-meg-a-fenntarthato-mezogazdasag-jegyeben-965113/
a513164a560b9a151962c874971274bd344f91afa69e682b6becb705e51e9e60,2025-03-10 19:37:35.683045+00:00,hu,origo.hu,origo.hu,2025-03-10,"Az orosz-ukrán háború háromévnyi környezeti költsége: 230 millió tonna üvegházhatású gáz, elszennyeződött vizek és talajok, pusztuló bioszféra",https://www.origo.hu/tudomany/2025/03/orosz-ukran-haboru-kornyezeti-hatasai
954d67535862cb4f6537961fb0bf66e3b46853444414d057678c22cdbec2022c,2025-03-10 11:39:02.369057+00:00,hu,blikk.hu,blikk.hu,2025-03-10,Egyre kilátástalanabb a bolygónk és az emberiség jövője,https://www.blikk.hu/eletmod/vilag-titkai/easac-emberiseg-bolygo-jovo-klimavalsag/cdvnt8y
16762144a1fbb5036d5aabb67b00732a10aed3e61c42068d4d912e2cfd10b1a5,2025-03-06 14:28:51.009841+00:00,hu,portfolio.hu,portfolio.hu,2025-03-06,"Sokba fog kerülni az ESG-megfelelés a magyar vállalkozásoknak, amire sokan nincsenek felkészülve",https://www.portfolio.hu/gazdasag/20250306/sokba-fog-kerulni-az-esg-megfeleles-a-magyar-vallalkozasoknak-amire-sokan-nincsenek-felkeszulve-745975
08850c9c682cd248478c6728125137a258e989467505e5784967f73d4a958c41,2025-03-05 16:34:55.403953+00:00,hu,origo.hu,origo.hu,2025-03-05,Génmanipulált gyapjas egér jelenti az első lépést a mamutok feltámasztásához,https://www.origo.hu/tudomany/2025/03/genmanipulalt-gyapjas-eger-jelenti-az-elso-lepest-a-mamutok-feltamasztasahoz
12f1f74348f0150706280bf906c8a9a32d594b39795896cc610d025e2d187965,2025-02-28 08:25:10.848225+00:00,hu,infostart.hu,infostart.hu,2025-02-28,"Cápa, medve, gorilla, tigris",https://infostart.hu/belfold/2025/02/28/capa-medve-gorilla-tigris-a-legvadabbak-unneplesere-keszul-az-allatkert
a2ac6dafe974255d38aa530ab7ca7e5385994114800bbedb8e938413ab3ba2d6,2025-02-22 12:20:55.122439+00:00,hu,origo.hu,origo.hu,2025-02-22,Élet a Föld alatt: mikrobák és a mély bioszféra felfedezése,https://www.origo.hu/tudomany/2025/02/elet-a-fold-alatt-mikrobak
30be23cd8f9b0c0fe2a70d260d913cf0321761e4555e84dad7f227678242ab6f,2025-02-18 05:26:22.789963+00:00,hu,hvg.hu,hvg.hu,2025-02-18,"Szerbiai szélturbinákra, horvát naperőművekre, szlovákiai vízerőművekre feni a fogát az Alteo",https://hvg.hu/zhvg/20250218_alteo-strategia-megujulo-energia-regionalis-terjeszkedes-leptekvaltas#rss
0fd6864f244480a494d32a3b9623af09266bdfa934333285352e33ccecd1232e,2025-02-10 15:20:28.174997+00:00,hu,portfolio.hu,portfolio.hu,2025-02-10,"A magyar autó-, és gyógyszeripar remekelt a fenntarthatósági jelentéseknél",https://www.portfolio.hu/uzlet/20250210/a-magyar-auto-es-gyogyszeripar-remekelt-a-fenntarthatosagi-jelenteseknel-740333
906b8489c35be3f207e10792e135f1ab1337ade5f81f1e7a6ea3ebcabc35e5ee,2025-02-02 21:26:05.688351+00:00,hu,nepszava.hu,nepszava.hu,2025-02-02,"Hosszú évtizedek alatt tönkretettük a vizes élőhelyeket, Magyarország lassan félsivataggá válik",https://nepszava.hu/3267104_vizes-elohelyek-vilagnap-magyarorszag-korkep
310b8eec938708445e65d560c68945c5bb40a12aaf2e5c031ed27e1c3f5fc070,2025-02-02 18:27:51.144224+00:00,hu,origo.hu,origo.hu,2025-02-02,A vizes élőhelyek világnapját ünnepeljük,https://www.origo.hu/tudomany/2025/02/vizes-elohelyek-vilagnapjat-unnepeljuk
33a562030fbe90e0d031fca6e68b139fca30b713d067d9eb1f3b30e29a07fa53,2025-02-02 15:22:56.883410+00:00,hu,index.hu,index.hu,2025-02-02,"A „dupla pofon” hatásai még sajognak, de vonzó célpont Magyarország",https://index.hu/gazdasag/2025/02/02/iroda-irodapiac-ingatlanszektor-fenntarthatosag-innovacio-home-office-munkahely-irodahaz-kereskedelmi-ingatlan/
4326913281e81188d2ce1cd5ec7e71e726cbbc6dd7e6ff608a0866d2f20e5b35,2025-01-21 23:22:48.728211+00:00,hu,infostart.hu,infostart.hu,2025-01-21,Gigajelentés készült az emberiség jövőjéről – magyar részvétellel,https://infostart.hu/tudomany/2025/01/21/gigajelentes-keszult-az-emberiseg-jovojerol-magyar-reszvetellel
51b8cf0f6dae351bf425056c062d11f59d5b99916151f06bc2be2bba20a5aa9c,2025-01-21 15:36:17.968319+00:00,hu,hirtv.hu,hirtv.hu,2025-01-21,Több száz oldalas jelentés készült a világ jövőjéről,https://hirtv.hu/hirtvszines/tobb-szaz-oldalas-jelentes-keszult-a-vilag-jovojerol-2599895?utm_source=feed&utm_medium=rss
080bcb952a4e0c0c45ac15c127071d9d2938c97b66a3c1848c98e7182a0b4f49,2025-01-21 08:20:53.905429+00:00,hu,portfolio.hu,portfolio.hu,2025-01-21,Valóban növelik az agrár-környezetvédelmi programok az öko-hatékonyságot?,https://www.portfolio.hu/krtk/20250121/valoban-novelik-az-agrar-kornyezetvedelmi-programok-az-oko-hatekonysagot-735435
6ba23f979d2f746dce7d281c93cc2040484307dbe25c6f5e47c04a0214e4bb3c,2025-01-19 08:21:28.747576+00:00,hu,portfolio.hu,portfolio.hu,2025-01-19,"Von der Leyen megdönti a legnagyobb uniós tabut, 1200 milliárd euró sorsa a tét",https://www.portfolio.hu/unios-forrasok/20250119/von-der-leyen-megdonti-a-legnagyobb-unios-tabut-1200-milliard-euro-sorsa-a-tet-735401
d941656c04a2df97fb4414f45832896a149c79834eede88ba7d7c84beedb4e5c,2025-01-18 10:23:15.312859+00:00,hu,hirtv.hu,hirtv.hu,2025-01-18,Világgazdasági Fórum Davosban,https://hirtv.hu/hirtvkulfold/vilaggazdasagi-forum-davosban-2599675?utm_source=feed&utm_medium=rss
234ab8923f6e57bfff8846f52a7c809c81266fdd5cfd3c6d9345deba7b89580e,2025-01-15 18:33:14.331775+00:00,hu,kuruc.info,kuruc.info,2025-01-15,- Több faja is létezik Ausztrália leghalálosabb pókjának,https://kuruc.info/r/6/283039/
28f3905e8c648bfc56b7cc528c2758dacacd9a79438daca8063c9721df4238ef,2025-01-14 21:24:40.903819+00:00,hu,magyarnemzet.hu,magyarnemzet.hu,2025-01-14,"Magyar Péteréket nem érdeklik a tények, tüntetésre készülnek a külföldről finanszírozott szervezetekkel Debrecenben",https://magyarnemzet.hu/belfold/2025/01/magyar-petereket-nem-erdeklik-a-tenyek-tuntetesre-keszulnek-a-kulfoldrol-finanszirozott-szervezetekkel-debrecenben?utm_source=hirstart&utm_medium=referral&utm_campaign=hiraggregator
7b1c9b9114c106c807153eb8510e09325496686679b27e689ef0b49e45a0e925,2025-01-14 10:20:50.246596+00:00,hu,infostart.hu,infostart.hu,2025-01-14,Kőrösi Csaba: a klímacsúcsok jelenleg alkalmazott rendszere szemlátomást csődöt mondott,https://infostart.hu/interju/2025/01/14/korosi-csaba-a-klimacsucsoknak-a-jelenleg-alkalmazott-rendszere-szemlatomast-csodot-mondott
3a82fe647547ad53629fd3263b25b2205c0fc1177bc5542ad6da9c07af802792,2024-12-31 14:40:17.980874+00:00,hu,hvg.hu,hvg.hu,2022-01-27,"Kevesebb Paks, több szélenergia, kritika a rezsicsökkentésnek – Milyen zöldpolitikával készül az ellenzék?",https://hvg.hu/gazdasag/20220127_ellenzeki_kerekasztal_2022_kornyezetvedelem_zoldpolitika_energia_paks_mezogazdasag
47f5c48a31f94c77637e1e7d1b3e820a0953d4d32e718ccbc571e38943199187,2024-12-31 11:20:46.877140+00:00,hu,napi.hu,napi.hu,2022-01-28,Ki fizesse meg a klímaváltozás elleni küzdelem árát?,https://www.napi.hu/magyar-gazdasag/zoldgazdasag-2022-napi-konferencia-vegh-richard-tozsde-alteo-greenpeace-mnb-befektetes.744935.html
ece4c77954f29730d63b26a57fdb65b68bf7875e83ac6111ce138b76197016f8,2024-12-29 23:11:50.008927+00:00,hu,origo.hu,origo.hu,2022-02-07,A klímaváltozás miatt egy hónappal korábban virágoznak a növények az Egyesült Királyságban,https://www.origo.hu/tudomany/20220204-viragzas.html
828a006fcbf17fa695793edda587846a940f9f7ea8bf907c2580da1c1c44c025,2024-12-29 19:08:57.176187+00:00,hu,24.hu,24.hu,2022-02-08,Politikamentes tudomány mellett kampányolnak az európai tudósok,https://24.hu/tudomany/2022/02/08/stick-to-science-horizon-europe-europai-unio-kutatas-tudosok-nagy-britannia-svajc/
07e33d6d94ef876a7f10cecd433f60812ec247a9f59ba456f95bb5b76fa080f4,2024-12-29 15:52:17.041778+00:00,hu,feol.hu,feol.hu,2022-02-09,FEOL - Uralkodó tévhitek bukása,https://www.feol.hu/helyi-eletstilus/2022/02/uralkodo-tevhitek-bukasa-litkei-mate-a-klimavaltozasrol-atomenergiarol-es-az-amazonasi-esoerdokrol?utm_source=hirstart&utm_medium=referral&utm_campaign=hiraggregator
d641e4c935c8612a22cc7b7980a46fafe0b3b4b0817db68e9b861c81b7e655fc,2024-12-29 14:18:22.196619+00:00,hu,infostart.hu,infostart.hu,2024-12-29,Kegyetlen év volt a 2024-es esztendő,https://infostart.hu/kulfold/2024/12/29/kegyetlen-ev-volt-a-2024-es-esztendo
d3d6c3ff44dfc7f9a755f5efb021d421d759ce7cbde727485d9044377e4e5c9d,2024-12-29 01:00:01.146932+00:00,hu,origo.hu,origo.hu,2022-02-15,A klímaváltozás miatt gyorsul két virágfaj terjedése az Antarktiszon,https://www.origo.hu/tudomany/20220215-virag.html
da645e52ae2329d0a505f22f2a71cf9111806dabe741cd0f494dfbad252bf702,2024-12-29 00:21:13.174807+00:00,hu,hirtv.hu,hirtv.hu,2024-12-28,Az idén is kijutott a pusztulásból az amazóniai esőerdőnek,https://hirtv.hu/hirtvkulfold/az-iden-is-kijutott-a-pusztulasbol-az-amazoniai-esoerdonek-2598526?utm_source=feed&utm_medium=rss
9711a9802e18c506fcd98c34a93306c318d68c596a89d76abcf646235ebdb01c,2024-12-28 23:17:56.814243+00:00,hu,kuruc.info,kuruc.info,2024-12-28,"- Amazon Watch: az erdőtüzek annak a jelei, hogy 2024-ben elérhettük az ökológiai fordulópontot",https://kuruc.info/r/4/282435/
9ee04101b97c14bc77e752ce0ebb9c925fb396ff4c00f3eada6a780986e86afa,2024-12-28 14:27:41.015958+00:00,hu,hirtv.hu,hirtv.hu,2022-02-18,A mezőgazdasági versenyképesség megőrzéséhez is elengedhetetlen a digitalizáció,https://hirtv.hu/hirtv_gazdasagi_hirei/a-mezogazdasagi-versenykepesseg-megorzesehez-is-elengedhetetlen-a-digitalizacio-2537238
79286ff2c8eec39a509d84c4c4c8c42b7a1f37e576f001d5789122e33f74f014,2024-12-28 07:56:48.214674+00:00,hu,vaol.hu,vaol.hu,2022-02-20,AM: a mezőgazdasági versenyképesség megőrzéséhez is elengedhetetlen a digitalizáció,https://www.vaol.hu/hazai-gazdasag/2022/02/am-a-mezogazdasagi-versenykepesseg-megorzesehez-is-elengedhetetlen-a-digitalizacio?utm_source=hirstart&utm_medium=referral&utm_campaign=hiraggregator
a9c147ac1a55d08e08a8ec7b2221319ebd173071128a8fe6ac9e7e8a1676d6f3,2024-12-28 07:56:20.428619+00:00,hu,bama.hu,bama.hu,2022-02-20,AM: a mezőgazdasági versenyképesség megőrzéséhez is elengedhetetlen a digitalizáció,https://www.bama.hu/hazai-gazdasag/2022/02/am-a-mezogazdasagi-versenykepesseg-megorzesehez-is-elengedhetetlen-a-digitalizacio?utm_source=hirstart&utm_medium=referral&utm_campaign=hiraggregator
a051558d8ab7937fd744276193a1fd912a9bf0f5b271c8632840c095076c7690,2024-12-28 07:56:20.118383+00:00,hu,baon.hu,baon.hu,2022-02-20,AM: a mezőgazdasági versenyképesség megőrzéséhez is elengedhetetlen a digitalizáció,https://www.baon.hu/hazai-gazdasag/2022/02/am-a-mezogazdasagi-versenykepesseg-megorzesehez-is-elengedhetetlen-a-digitalizacio?utm_source=hirstart&utm_medium=referral&utm_campaign=hiraggregator
f314ff61b8cf2fd47d9fa5c22258d7a4fa8ebd335ddb1c5306a71631193f8462,2024-12-28 07:56:10.878752+00:00,hu,teol.hu,teol.hu,2022-02-20,AM: a mezőgazdasági versenyképesség megőrzéséhez is elengedhetetlen a digitalizáció,https://www.teol.hu/hazai-gazdasag/2022/02/am-a-mezogazdasagi-versenykepesseg-megorzesehez-is-elengedhetetlen-a-digitalizacio?utm_source=hirstart&utm_medium=referral&utm_campaign=hiraggregator
2c6c5950205f883ebcfa4bbf1eb4eaba8d5525e51b5510de5d264684fc877942,2024-12-28 07:55:54.140629+00:00,hu,kisalfold.hu,kisalfold.hu,2022-02-20,AM: a mezőgazdasági versenyképesség megőrzéséhez is elengedhetetlen a digitalizáció,https://www.kisalfold.hu/hazai-gazdasag/2022/02/am-a-mezogazdasagi-versenykepesseg-megorzesehez-is-elengedhetetlen-a-digitalizacio?utm_source=hirstart&utm_medium=referral&utm_campaign=hiraggregator
c1d177a9199d8924b9e2b385df92390d0bc0671c5519812d8b3e6b56332a3609,2024-12-28 07:54:18.054987+00:00,hu,heol.hu,heol.hu,2022-02-20,AM: a mezőgazdasági versenyképesség megőrzéséhez is elengedhetetlen a digitalizáció,https://www.heol.hu/hazai-gazdasag/2022/02/am-a-mezogazdasagi-versenykepesseg-megorzesehez-is-elengedhetetlen-a-digitalizacio?utm_source=hirstart&utm_medium=referral&utm_campaign=hiraggregator
b37c24c46c9de7e44ed486ac899c41da5374230396d5901f69bab759a1ee18ea,2024-12-28 07:53:57.591815+00:00,hu,haon.hu,haon.hu,2022-02-20,AM: a mezőgazdasági versenyképesség megőrzéséhez is elengedhetetlen a digitalizáció,https://www.haon.hu/hazai-gazdasag/2022/02/am-a-mezogazdasagi-versenykepesseg-megorzesehez-is-elengedhetetlen-a-digitalizacio?utm_source=hirstart&utm_medium=referral&utm_campaign=hiraggregator
825aac6f28a9c602045d48d9c6f872bd1fe6ff37d3d52bd60967e237519bbc05,2024-12-28 07:53:54.894193+00:00,hu,szoljon.hu,szoljon.hu,2022-02-20,AM: a mezőgazdasági versenyképesség megőrzéséhez is elengedhetetlen a digitalizáció,https://www.szoljon.hu/hazai-gazdasag/2022/02/am-a-mezogazdasagi-versenykepesseg-megorzesehez-is-elengedhetetlen-a-digitalizacio?utm_source=hirstart&utm_medium=referral&utm_campaign=hiraggregator
c08210a791bf38c7300668517c95c3b5d1c1d7e9268ebf1d4027d979e017f9f6,2024-12-28 07:53:46.858575+00:00,hu,boon.hu,boon.hu,2022-02-20,AM: a mezőgazdasági versenyképesség megőrzéséhez is elengedhetetlen a digitalizáció,https://www.boon.hu/hazai-gazdasag/2022/02/am-a-mezogazdasagi-versenykepesseg-megorzesehez-is-elengedhetetlen-a-digitalizacio?utm_source=hirstart&utm_medium=referral&utm_campaign=hiraggregator
9161c9c9adf08f78b0c3cbfa9d5ad8fc3d0e0e7d2f8f6a47eb5d4f90339b4968,2024-12-28 07:53:35.785299+00:00,hu,szon.hu,szon.hu,2022-02-20,AM: a mezőgazdasági versenyképesség megőrzéséhez is elengedhetetlen a digitalizáció,https://www.szon.hu/hazai-gazdasag/2022/02/am-a-mezogazdasagi-versenykepesseg-megorzesehez-is-elengedhetetlen-a-digitalizacio?utm_source=hirstart&utm_medium=referral&utm_campaign=hiraggregator
de6255426e350bfc0c3edbff9d0753a783710b9f919dac7c1d1835857f55a869,2024-12-28 07:53:20.479974+00:00,hu,zaol.hu,zaol.hu,2022-02-20,AM: a mezőgazdasági versenyképesség megőrzéséhez is elengedhetetlen a digitalizáció,https://www.zaol.hu/hazai-gazdasag/2022/02/am-a-mezogazdasagi-versenykepesseg-megorzesehez-is-elengedhetetlen-a-digitalizacio?utm_source=hirstart&utm_medium=referral&utm_campaign=hiraggregator
6089468c2816576818e6d322ed236b3f773ed35764ebe15cd63996c3fe594651,2024-12-28 07:53:17.244177+00:00,hu,duol.hu,duol.hu,2022-02-20,AM: a mezőgazdasági versenyképesség megőrzéséhez is elengedhetetlen a digitalizáció,https://www.duol.hu/hazai-gazdasag/2022/02/am-a-mezogazdasagi-versenykepesseg-megorzesehez-is-elengedhetetlen-a-digitalizacio?utm_source=hirstart&utm_medium=referral&utm_campaign=hiraggregator
0a5a541a9caef5591117b6ed80e487931d38da06495cb9dcb139b075436f6968,2024-12-28 07:53:07.766432+00:00,hu,beol.hu,beol.hu,2022-02-20,AM: a mezőgazdasági versenyképesség megőrzéséhez is elengedhetetlen a digitalizáció,https://www.beol.hu/hazai-gazdasag/2022/02/am-a-mezogazdasagi-versenykepesseg-megorzesehez-is-elengedhetetlen-a-digitalizacio?utm_source=hirstart&utm_medium=referral&utm_campaign=hiraggregator
2b7a35380d218d25c1ef0f6a351711fcf5c4c3f27e5d657f4b0f3076c546a05d,2024-12-28 07:52:50.727488+00:00,hu,sonline.hu,sonline.hu,2022-02-20,AM: a mezőgazdasági versenyképesség megőrzéséhez is elengedhetetlen a digitalizáció,https://www.sonline.hu/hazai-gazdasag/2022/02/am-a-mezogazdasagi-versenykepesseg-megorzesehez-is-elengedhetetlen-a-digitalizacio?utm_source=hirstart&utm_medium=referral&utm_campaign=hiraggregator
539a9cac173ba8a0d1d6378077ab6386b028db7404c29b38d068d51d6b83dd8d,2024-12-28 07:52:47.647075+00:00,hu,delmagyar.hu,delmagyar.hu,2022-02-20,AM: a mezőgazdasági versenyképesség megőrzéséhez is elengedhetetlen a digitalizáció,https://www.delmagyar.hu/hazai-gazdasag/2022/02/am-a-mezogazdasagi-versenykepesseg-megorzesehez-is-elengedhetetlen-a-digitalizacio?utm_source=hirstart&utm_medium=referral&utm_campaign=hiraggregator
5eabe3bbc6216d6e4bbb610a33a60ff679052e7b2194c33f86068e0bce2c721e,2024-12-28 07:43:39.020633+00:00,hu,veol.hu,veol.hu,2022-02-20,AM: a mezőgazdasági versenyképesség megőrzéséhez is elengedhetetlen a digitalizáció,https://www.veol.hu/hazai-gazdasag/2022/02/am-a-mezogazdasagi-versenykepesseg-megorzesehez-is-elengedhetetlen-a-digitalizacio?utm_source=hirstart&utm_medium=referral&utm_campaign=hiraggregator
27b437671f307519e90c3a96494ff618ce7ee650c064e56b3260c9606a5cdaa8,2024-12-28 07:27:48.194099+00:00,hu,feol.hu,feol.hu,2022-02-20,AM: a mezőgazdasági versenyképesség megőrzéséhez is elengedhetetlen a digitalizáció,https://www.feol.hu/hazai-gazdasag/2022/02/am-a-mezogazdasagi-versenykepesseg-megorzesehez-is-elengedhetetlen-a-digitalizacio?utm_source=hirstart&utm_medium=referral&utm_campaign=hiraggregator
8d98099bcec92b6fb77160cbc0d23df2e8c11fe68738044d9f75fe43ea8dd4c1,2024-12-27 21:10:50.777987+00:00,hu,origo.hu,origo.hu,2022-02-23,Sci-fibe illő módszerekkel mentenék meg a vadon élő állatokat,https://www.origo.hu/tudomany/20220223-igy-segithet-a-mesterseges-intelligencia-a-vadon-elo-allatok-megmenteseben.html
dca747c2d2dc688569bf136e295852d0c16d30f07405fc65f6b2c8a9bb8ebe9b,2024-12-27 09:01:59.864403+00:00,hu,szoljon.hu,szoljon.hu,2022-02-26,Sokszínű programkínálattal készül a vadvilág napjára a budapesti állatkert,https://www.szoljon.hu/egyperces/2022/02/sokszinu-programkinalattal-keszul-a-vadvilag-napjara-a-budapesti-allatkert?utm_source=hirstart&utm_medium=referral&utm_campaign=hiraggregator
943f791e9e7b40c1f3e98c5fc85f161e59ba8478b2e39d6e15b10cb12e30e444,2024-12-27 09:00:43.245385+00:00,hu,kisalfold.hu,kisalfold.hu,2022-02-26,Sokszínű programkínálattal készül a vadvilág napjára a budapesti állatkert,https://www.kisalfold.hu/egyperces/2022/02/sokszinu-programkinalattal-keszul-a-vadvilag-napjara-a-budapesti-allatkert?utm_source=hirstart&utm_medium=referral&utm_campaign=hiraggregator
37cd711d099658adfb41911ce01be783aebdc47280736cf253b16631d85762d3,2024-12-27 08:56:40.254255+00:00,hu,haon.hu,haon.hu,2022-02-26,Sokszínű programkínálattal készül a vadvilág napjára a budapesti állatkert,https://www.haon.hu/egyperces/2022/02/sokszinu-programkinalattal-keszul-a-vadvilag-napjara-a-budapesti-allatkert?utm_source=hirstart&utm_medium=referral&utm_campaign=hiraggregator
2fe4ff927f85f27ea2c2aedabb7b6d888b7cd0091f31d784a4f77c7d8ead4a9a,2024-12-27 08:56:02.047216+00:00,hu,teol.hu,teol.hu,2022-02-26,Sokszínű programkínálattal készül a vadvilág napjára a budapesti állatkert,https://www.teol.hu/egyperces/2022/02/sokszinu-programkinalattal-keszul-a-vadvilag-napjara-a-budapesti-allatkert?utm_source=hirstart&utm_medium=referral&utm_campaign=hiraggregator
14d147688b6f1f7242a92cb845a4353b44162677a67757ae835cbe599d9c7738,2024-12-27 08:52:12.295070+00:00,hu,heol.hu,heol.hu,2022-02-26,Sokszínű programkínálattal készül a vadvilág napjára a budapesti állatkert,https://www.heol.hu/egyperces/2022/02/sokszinu-programkinalattal-keszul-a-vadvilag-napjara-a-budapesti-allatkert?utm_source=hirstart&utm_medium=referral&utm_campaign=hiraggregator
c7b4d214f1dbad46a28893336cb24c15c0a26e6d6298538f3e5681642a59fbf7,2024-12-27 08:52:03.028885+00:00,hu,duol.hu,duol.hu,2022-02-26,Sokszínű programkínálattal készül a vadvilág napjára a budapesti állatkert,https://www.duol.hu/egyperces/2022/02/sokszinu-programkinalattal-keszul-a-vadvilag-napjara-a-budapesti-allatkert?utm_source=hirstart&utm_medium=referral&utm_campaign=hiraggregator
eeb509fa472d9ec5dd5e9f02afe67c254acec9dfa9fb254c6060234b30457761,2024-12-27 08:51:37.209740+00:00,hu,baon.hu,baon.hu,2022-02-26,Sokszínű programkínálattal készül a vadvilág napjára a budapesti állatkert,https://www.baon.hu/egyperces/2022/02/sokszinu-programkinalattal-keszul-a-vadvilag-napjara-a-budapesti-allatkert?utm_source=hirstart&utm_medium=referral&utm_campaign=hiraggregator
2eba4e556e63dcfaf8be5557bc4eda778794ddd3c220309f0313d380b412174f,2024-12-27 08:50:22.249210+00:00,hu,zaol.hu,zaol.hu,2022-02-26,Sokszínű programkínálattal készül a vadvilág napjára a budapesti állatkert,https://www.zaol.hu/egyperces/2022/02/sokszinu-programkinalattal-keszul-a-vadvilag-napjara-a-budapesti-allatkert?utm_source=hirstart&utm_medium=referral&utm_campaign=hiraggregator
82489d26d22882838399ff1c2488e95ceb7a77b32b78336c0ed1de8791b36084,2024-12-27 08:49:35.912376+00:00,hu,veol.hu,veol.hu,2022-02-26,Sokszínű programkínálattal készül a vadvilág napjára a budapesti állatkert,https://www.veol.hu/egyperces/2022/02/sokszinu-programkinalattal-keszul-a-vadvilag-napjara-a-budapesti-allatkert?utm_source=hirstart&utm_medium=referral&utm_campaign=hiraggregator
d9d5f58219c21763aff913f47a76542b8b4d63ca846faef09155e8edbb20a6ab,2024-12-27 08:48:25.461062+00:00,hu,bama.hu,bama.hu,2022-02-26,Sokszínű programkínálattal készül a vadvilág napjára a budapesti állatkert,https://www.bama.hu/egyperces/2022/02/sokszinu-programkinalattal-keszul-a-vadvilag-napjara-a-budapesti-allatkert?utm_source=hirstart&utm_medium=referral&utm_campaign=hiraggregator
b4cc252da0eb0a68adcce44de04ebc87bcfdea67c1b7ccb6e01d282d6aa1bb9b,2024-12-27 08:45:54.763521+00:00,hu,vaol.hu,vaol.hu,2022-02-26,Sokszínű programkínálattal készül a vadvilág napjára a budapesti állatkert,https://www.vaol.hu/egyperces/2022/02/sokszinu-programkinalattal-keszul-a-vadvilag-napjara-a-budapesti-allatkert?utm_source=hirstart&utm_medium=referral&utm_campaign=hiraggregator
d163ef0b6b220bc061574d0d4f66f15f58eeca17d3f99a4cfb133fcd952d0bc6,2024-12-27 08:44:53.055706+00:00,hu,boon.hu,boon.hu,2022-02-26,Sokszínű programkínálattal készül a vadvilág napjára a budapesti állatkert,https://www.boon.hu/egyperces/2022/02/sokszinu-programkinalattal-keszul-a-vadvilag-napjara-a-budapesti-allatkert?utm_source=hirstart&utm_medium=referral&utm_campaign=hiraggregator
77a2445e9b38500653d52f0c6b104623b4a00a0184caeb52aa2f5f6295dcb392,2024-12-27 08:44:52.616320+00:00,hu,feol.hu,feol.hu,2022-02-26,Sokszínű programkínálattal készül a vadvilág napjára a budapesti állatkert,https://www.feol.hu/egyperces/2022/02/sokszinu-programkinalattal-keszul-a-vadvilag-napjara-a-budapesti-allatkert?utm_source=hirstart&utm_medium=referral&utm_campaign=hiraggregator
c0e569a507b8a04c1f30a5d63b8bc7915970e5058cb113ac55dda2efd9b23498,2024-12-27 08:44:40.167327+00:00,hu,delmagyar.hu,delmagyar.hu,2022-02-26,Sokszínű programkínálattal készül a vadvilág napjára a budapesti állatkert,https://www.delmagyar.hu/egyperces/2022/02/sokszinu-programkinalattal-keszul-a-vadvilag-napjara-a-budapesti-allatkert?utm_source=hirstart&utm_medium=referral&utm_campaign=hiraggregator
370a5b44cf5217ca81c74507a0fda48d4bf236cd0acd30e02796ed62084a9423,2024-12-27 08:35:03.075425+00:00,hu,beol.hu,beol.hu,2022-02-26,Sokszínű programkínálattal készül a vadvilág napjára a budapesti állatkert,https://www.beol.hu/egyperces/2022/02/sokszinu-programkinalattal-keszul-a-vadvilag-napjara-a-budapesti-allatkert?utm_source=hirstart&utm_medium=referral&utm_campaign=hiraggregator
e910a382e7e5b3d390a4d0062ab5ce97bab69eff7f05293abb56ff086c24f061,2024-12-27 08:14:00.826310+00:00,hu,sonline.hu,sonline.hu,2022-02-26,Sokszínű programkínálattal készül a vadvilág napjára a budapesti állatkert,https://www.sonline.hu/egyperces/2022/02/sokszinu-programkinalattal-keszul-a-vadvilag-napjara-a-budapesti-allatkert?utm_source=hirstart&utm_medium=referral&utm_campaign=hiraggregator
f37c23579d5776b2fca03c8590d7d05fd5e00c522d8b127ff7870397e1ef8592,2024-12-27 08:12:29.909673+00:00,hu,szon.hu,szon.hu,2022-02-26,Sokszínű programkínálattal készül a vadvilág napjára a budapesti állatkert,https://www.szon.hu/egyperces/2022/02/sokszinu-programkinalattal-keszul-a-vadvilag-napjara-a-budapesti-allatkert?utm_source=hirstart&utm_medium=referral&utm_campaign=hiraggregator
dd3c6fa832df40dad3e3687ac260a94f58df38015b8f41e4c176da3ed7d4c8ac,2024-12-27 02:42:25.085928+00:00,hu,index.hu,index.hu,2022-02-28,A vegyi anyagok túltermelése veszélyezteti az ökológiai egyensúlyt,https://index.hu/tudomany/2022/02/28/vegyi-anyag-fold-szennyezes-tultermeles/
ac8cb7511fadba59281a9866f6c74a85599594b2ce5ca38846afb927d6d12656,2024-12-27 01:38:25.558232+00:00,hu,hvg.hu,hvg.hu,2022-02-28,IPCC: 6000 éve lakott területek válhatnak élhetetlenné a klímaváltozás miatt,https://hvg.hu/zhvg/20220228_klimavalsag_klimavaltozas_globalis_felmelegedes_ipcc_hatodik_jelentese
ed6abaa8e1d684aa78e76a81d3f34b98035660da5afb7db63d47d7e8d4c4b3bf,2024-12-26 23:50:24.287383+00:00,hu,merce.hu,merce.hu,2022-03-01,Minden késlekedés az emberiség túlélését jelentő időablak elszalasztásához vezet – kijött az IPCC új klímajelentése « Mérce,https://merce.hu/2022/03/01/minden-keslekedes-az-emberiseg-tuleleset-jelento-idoablak-elszalasztasahoz-vezet-kijott-az-ipcc-uj-klimajelentese/
37b53950c28a490b4f9145b00417757b3e92bc2fcd714e4df8214f4c1cb73bba,2024-12-26 16:35:46.943016+00:00,hu,delmagyar.hu,delmagyar.hu,2022-03-03,Erdősávokat telepítenének a szántók közé,https://www.delmagyar.hu/helyi-kozelet/2022/03/erdosavokat-telepitenenek-a-szantok-koze?utm_source=hirstart&utm_medium=referral&utm_campaign=hiraggregator
6da88eea86a3ab7ab55ff74f8c5e98ff48a89c653080d584a0ce503a2780b836,2024-12-23 16:00:59.514466+00:00,hu,magyarnemzet.hu,magyarnemzet.hu,2022-03-22,Megerősíti élelmiszerpiacát az Európai Unió,https://magyarnemzet.hu/gazdasag/2022/03/megerositi-elelmiszerpiacat-az-europai-unio?utm_source=hirstart&utm_medium=referral&utm_campaign=hiraggregator
8eecd1c924297d0e0bb62584f4ab793ddef2d743886b43ceff60b5482c3da14f,2024-12-23 14:39:34.229632+00:00,hu,origo.hu,origo.hu,2022-03-22,"Sóssá válnak az édesvizeink, és ez hatalmas gondokat okozhat",https://www.origo.hu/tudomany/20220322-az-ok-kutatoi-is-reszt-vettek-az-edesvizek-sotartalmanak-novekedesevel-kapcsolatos-globalis-kutatasi.html
fa526cadd82af1e353e3c524433f8141ae41aa8a6d5e6e4df5690af24a242ced,2024-12-22 09:32:28.115238+00:00,hu,baon.hu,baon.hu,2022-03-27,"Sóssá válnak az édesvizeink, és ez hatalmas gondokat okozhat",https://www.baon.hu/egyperces/2022/03/sossa-valnak-az-edesvizeink-es-ez-hatalmas-gondokat-okozhat?utm_source=hirstart&utm_medium=referral&utm_campaign=hiraggregator
5ba97ac6209a99c8112e10323986ad22cc6f18499a312721cabcc99c536d5e6e,2024-12-22 09:31:38.760938+00:00,hu,szon.hu,szon.hu,2022-03-27,"Sóssá válnak az édesvizeink, és ez hatalmas gondokat okozhat",https://www.szon.hu/egyperces/2022/03/sossa-valnak-az-edesvizeink-es-ez-hatalmas-gondokat-okozhat?utm_source=hirstart&utm_medium=referral&utm_campaign=hiraggregator
8686c1b55fd85d86c92f31b3e7b10e0b198d360b2c88b52ca9faf994c018f619,2024-12-22 09:31:34.538171+00:00,hu,teol.hu,teol.hu,2022-03-27,"Sóssá válnak az édesvizeink, és ez hatalmas gondokat okozhat",https://www.teol.hu/egyperces/2022/03/sossa-valnak-az-edesvizeink-es-ez-hatalmas-gondokat-okozhat?utm_source=hirstart&utm_medium=referral&utm_campaign=hiraggregator
45b90e71bc6412f63b92c07241f3f9b47e3ca41e379121bb61cd97c47a12d1cb,2024-12-22 09:31:17.402388+00:00,hu,delmagyar.hu,delmagyar.hu,2022-03-27,"Sóssá válnak az édesvizeink, és ez hatalmas gondokat okozhat",https://www.delmagyar.hu/egyperces/2022/03/sossa-valnak-az-edesvizeink-es-ez-hatalmas-gondokat-okozhat?utm_source=hirstart&utm_medium=referral&utm_campaign=hiraggregator
338730a3adb8123b9a12a394bb79c934389334290e74eb59467a2f32083bbab3,2024-12-22 09:31:04.850307+00:00,hu,feol.hu,feol.hu,2022-03-27,"Sóssá válnak az édesvizeink, és ez hatalmas gondokat okozhat",https://www.feol.hu/egyperces/2022/03/sossa-valnak-az-edesvizeink-es-ez-hatalmas-gondokat-okozhat?utm_source=hirstart&utm_medium=referral&utm_campaign=hiraggregator
3bc5129f48249c8f141a76f80ab8539d8531d65e7fe3d09ef212729b0d988759,2024-12-22 09:30:59.387904+00:00,hu,szoljon.hu,szoljon.hu,2022-03-27,"Sóssá válnak az édesvizeink, és ez hatalmas gondokat okozhat",https://www.szoljon.hu/egyperces/2022/03/sossa-valnak-az-edesvizeink-es-ez-hatalmas-gondokat-okozhat?utm_source=hirstart&utm_medium=referral&utm_campaign=hiraggregator
a5a5dc0b8d398f402ec3f0efe0a066d76ff38cd1c4ed7fbd6db9de873ffd1c19,2024-12-22 09:30:32.746744+00:00,hu,vaol.hu,vaol.hu,2022-03-27,"Sóssá válnak az édesvizeink, és ez hatalmas gondokat okozhat",https://www.vaol.hu/egyperces/2022/03/sossa-valnak-az-edesvizeink-es-ez-hatalmas-gondokat-okozhat?utm_source=hirstart&utm_medium=referral&utm_campaign=hiraggregator
41f969a7e26acd66bfc22995055cebbb50531edccd27270dd39178806ca47ed4,2024-12-22 09:29:43.764667+00:00,hu,heol.hu,heol.hu,2022-03-27,"Sóssá válnak az édesvizeink, és ez hatalmas gondokat okozhat",https://www.heol.hu/egyperces/2022/03/sossa-valnak-az-edesvizeink-es-ez-hatalmas-gondokat-okozhat?utm_source=hirstart&utm_medium=referral&utm_campaign=hiraggregator
0844ae900d96e40232aa35b3e47a90ee3133664f54a22536de9018f8f3583fe7,2024-12-22 09:29:32.458699+00:00,hu,kisalfold.hu,kisalfold.hu,2022-03-27,"Sóssá válnak az édesvizeink, és ez hatalmas gondokat okozhat",https://www.kisalfold.hu/egyperces/2022/03/sossa-valnak-az-edesvizeink-es-ez-hatalmas-gondokat-okozhat?utm_source=hirstart&utm_medium=referral&utm_campaign=hiraggregator
8a9b4e99ad1d1e6023a0f0e59ea9daaa235f1c2e924aebf7dc908ce1a28ce6b9,2024-12-22 09:29:14.781620+00:00,hu,sonline.hu,sonline.hu,2022-03-27,"Sóssá válnak az édesvizeink, és ez hatalmas gondokat okozhat",https://www.sonline.hu/egyperces/2022/03/sossa-valnak-az-edesvizeink-es-ez-hatalmas-gondokat-okozhat?utm_source=hirstart&utm_medium=referral&utm_campaign=hiraggregator
20d3eaad645274268b2a1c5963e8caffed3cf29758268b2835bf1f121f9d9f43,2024-12-22 09:29:14.469475+00:00,hu,veol.hu,veol.hu,2022-03-27,"Sóssá válnak az édesvizeink, és ez hatalmas gondokat okozhat",https://www.veol.hu/egyperces/2022/03/sossa-valnak-az-edesvizeink-es-ez-hatalmas-gondokat-okozhat?utm_source=hirstart&utm_medium=referral&utm_campaign=hiraggregator
6f1987348d5e8f5223784cc9812b4dfe5d67b563cc64a45b7722c9005cc1dff7,2024-12-22 09:25:33.603162+00:00,hu,bama.hu,bama.hu,2022-03-27,"Sóssá válnak az édesvizeink, és ez hatalmas gondokat okozhat",https://www.bama.hu/egyperces/2022/03/sossa-valnak-az-edesvizeink-es-ez-hatalmas-gondokat-okozhat?utm_source=hirstart&utm_medium=referral&utm_campaign=hiraggregator
8827e5ffff2f079125b359db164c5cecb688c11977372fb19392bc872f8e9482,2024-12-22 09:20:46.616987+00:00,hu,boon.hu,boon.hu,2022-03-27,"Sóssá válnak az édesvizeink, és ez hatalmas gondokat okozhat",https://www.boon.hu/egyperces/2022/03/sossa-valnak-az-edesvizeink-es-ez-hatalmas-gondokat-okozhat?utm_source=hirstart&utm_medium=referral&utm_campaign=hiraggregator
a5f3a534ab23b6ec5578d52cc03ca09394f855f23fc308a3cb78852c1d6cf0a8,2024-12-22 09:11:09.686341+00:00,hu,zaol.hu,zaol.hu,2022-03-27,"Sóssá válnak az édesvizeink, és ez hatalmas gondokat okozhat",https://www.zaol.hu/egyperces/2022/03/sossa-valnak-az-edesvizeink-es-ez-hatalmas-gondokat-okozhat?utm_source=hirstart&utm_medium=referral&utm_campaign=hiraggregator
c9235ac68c56b12eec218712584bba349d1a36fe86313d31f346679237bf53df,2024-12-22 09:11:01.743952+00:00,hu,haon.hu,haon.hu,2022-03-27,"Sóssá válnak az édesvizeink, és ez hatalmas gondokat okozhat",https://www.haon.hu/egyperces/2022/03/sossa-valnak-az-edesvizeink-es-ez-hatalmas-gondokat-okozhat?utm_source=hirstart&utm_medium=referral&utm_campaign=hiraggregator
5aa1c8cc1426be42326440a7afc1c250fd2c526771f2b326b8a03e8fd56b72ed,2024-12-22 09:10:46.197717+00:00,hu,duol.hu,duol.hu,2022-03-27,"Sóssá válnak az édesvizeink, és ez hatalmas gondokat okozhat",https://www.duol.hu/egyperces/2022/03/sossa-valnak-az-edesvizeink-es-ez-hatalmas-gondokat-okozhat?utm_source=hirstart&utm_medium=referral&utm_campaign=hiraggregator
988a885e02d37fe6aec2768a13493f15871cf09823ed570bb8cfc9330513b637,2024-12-22 08:37:44.538736+00:00,hu,beol.hu,beol.hu,2022-03-27,"Sóssá válnak az édesvizeink, és ez hatalmas gondokat okozhat",https://www.beol.hu/egyperces/2022/03/sossa-valnak-az-edesvizeink-es-ez-hatalmas-gondokat-okozhat?utm_source=hirstart&utm_medium=referral&utm_campaign=hiraggregator
dd6177786899fc432daa8d936c0cd9e6751be84f2dc80a88ecebd44df7efe75f,2024-12-22 04:35:50.658204+00:00,hu,vg.hu,vg.hu,2022-03-28,Meddig képes Európa alkalmazkodni a klímaváltozáshoz?,https://www.vg.hu/zoldgazdasag/2022/03/meddig-kepes-europa-alkalmazkodni-a-klimavaltozashoz?utm_source=hirstart&utm_medium=referral&utm_campaign=hiraggregator
b5678bffb64a4da1ead92a475887865fa33fcb144764120437731d0b2a7c9e6e,2024-12-21 19:48:29.154846+00:00,hu,merce.hu,merce.hu,2024-12-21,Világvége helyett világeleje « Mérce,https://merce.hu/2024/12/21/vilagvege-helyett-vilageleje/
12fc74170e3ba9df59d0ebbc9d9a6ea9951a58163c2613df64a82176518900e9,2024-12-20 19:44:51.161185+00:00,hu,vg.hu,vg.hu,2022-03-30,"Egyre fontosabbá válnak a hazai termékek, a teljes élelmiszer-önellátás a cél",https://www.vg.hu/vilaggazdasag-magyar-gazdasag/2022/03/egyre-fontosabba-valnak-a-hazai-termekek-a-teljes-elelmiszer-onellatas-a-cel?utm_source=hirstart&utm_medium=referral&utm_campaign=hiraggregator
92f7a6a7e3270e4564259624307ad59ef614889b1159e78f1900f17340792afb,2024-12-20 19:36:36.149545+00:00,hu,hvg.hu,hvg.hu,2022-03-30,Klímaváltozás a kampányban: az ellenzék legalább ígér valamit,https://hvg.hu/zhvg/20220330_valasztas_2022_zold_kampany_klimavedelem_klimaharc_klimavaltozas
f8a99c2fabf7acc96e55aa28288f6f5d369ea7e64967ed4ce45780ac5f6ef3cf,2024-12-20 18:53:43.307118+00:00,hu,portfolio.hu,portfolio.hu,2022-03-30,"Tízmilliókat spórolhatnának az ingatlantulajdonosok, mégis kevesen élnek a lehetőséggel",https://www.portfolio.hu/ingatlan/20220330/tizmilliokat-sporolhatnanak-az-ingatlantulajdonosok-megis-kevesen-elnek-a-lehetoseggel-509710
c28e35a36c6c71b83d6ef0aed8307ebb1df0df0221c35de04a9467e9dc75bac7,2024-12-20 14:27:20.167054+00:00,hu,hvg.hu,hvg.hu,2024-12-20,A magyar agrárminiszter állításával ellentétben Brüsszel nem akarja Ukrajnának adni a gazdák pénzét,https://hvg.hu/eurologus/20241220_orosz-ukran_agrarminiszterek_europai_bizottsag_nagy-istvan#rss
52bc7e976588242ef139ab415c0e32c3434c92e564fc89c59d30f317eda87cab,2024-12-18 08:31:54.069622+00:00,hu,portfolio.hu,portfolio.hu,2024-12-18,Kiemelkedő szezont zártak a Portfolio Csoport rendezvényei,https://www.portfolio.hu/uzlet/20241218/kiemelkedo-szezont-zartak-a-portfolio-csoport-rendezvenyei-730451
b83b8ee0a78e039d0f75b87ae76fb1cabe364c32207545560e1496727aaae277,2024-12-18 01:08:17.089462+00:00,hu,szeretlekmagyarorszag.hu,szeretlekmagyarorszag.hu,2022-04-08,Rekordmennyiséggel nőtt a légkör metántartalma tavaly,https://www.szeretlekmagyarorszag.hu/jovo/rekordmennyiseggel-nott-a-legkor-metantartalma-tavaly/
ad7224090cf62c42d8b180ebd95f9c336a2f12fd47663d82dd13267c414aa0f0,2024-12-18 00:45:37.742397+00:00,hu,index.hu,index.hu,2022-04-08,Rekordmennyiségű metán került a légkörbe tavaly,https://index.hu/techtud/2022/04/08/klimavaltozas-legkor-noaa-metan-kibocsatas-legszennyezes-2021-es-adat/
bd5c5befa81f8fc2b3eb902d586b5ab01bed8d87469b3a3cd362163a5a73fee7,2024-12-17 22:58:53.299326+00:00,hu,kitekinto.hu,kitekinto.hu,2022-04-08,38 éves csúcson a levegőben mért metán mennyisége,https://kitekinto.hu/2022/04/08/kiemelt/38-eves-csucson-a-levegoben-mert-metan-mennyisege/199432/
e654d505588ebbbd08b184226ba156e89529fa7371123c2ee0c753b3ba85ae8c,2024-12-17 19:22:52.364965+00:00,hu,origo.hu,origo.hu,2024-12-17,Kihalás: Körülbelül 9.000 faj már kihalt Ausztráliában és valószínűleg a héten is fognak kihalni fajok,https://www.origo.hu/tudomany/2024/12/kihalas-ausztralia-gerinctelenek
d225ddc8e84d6bf6c00a4ce0bd4a7cf7fa4042e0fdd0d978cefa32ed4feb9a21,2024-12-17 18:44:45.234037+00:00,hu,origo.hu,origo.hu,2022-04-09,Rekordmennyiséggel nőtt a légkör metántartalma,https://www.origo.hu/tudomany/20220409-tavaly-rekordmennyiseggel-nott-a-legkor-metantartalma.html
c733678acb8570714f1f59007e69a8d42bcfb31298923913e3febb3ce6bce279,2024-12-17 02:51:32.606853+00:00,hu,hvg.hu,hvg.hu,2022-04-11,Rekordmennyiséggel nőtt a légkör metánszintje 2021-ben is,https://hvg.hu/tudomany/20220411_legkor_metan_rekord_legszennyezes_uveghazhatasu_gazok
80ea44e7c399973eb1f8b73e9062c30d24c42daaa12e51517e80ada4545b9dcf,2024-12-16 21:42:47.064023+00:00,hu,vg.hu,vg.hu,2022-04-12,A növényvédelem és a trágyázás biológiai módszerei hozhatnak további növekedést,https://www.vg.hu/cegvilag/2022/04/a-novenyvedelem-es-a-tragyazas-biologiai-modszerei-hozhatnak-tovabbi-novekedest?utm_source=hirstart&utm_medium=referral&utm_campaign=hiraggregator
1a159d4c85245b0ac45945c9d0d415f077148d1d8c6ac01ad3e932df7c7e6aef,2024-12-16 07:23:04.439897+00:00,hu,magyarnemzet.hu,magyarnemzet.hu,2022-01-24,Súlyos árat fizethet a közösség a brüsszeli ámokfutásért,https://magyarnemzet.hu/gazdasag/2022/01/sulyos-arat-fizethet-a-kozosseg-a-brusszeli-amokfutasert?utm_source=hirstart&utm_medium=referral&utm_campaign=hiraggregator
2c375e412b274834ec85cac452f674459bf55087e68b9845bfd0468201732785,2024-12-15 06:51:54.983868+00:00,hu,szeretlekmagyarorszag.hu,szeretlekmagyarorszag.hu,2022-04-20,"Önvezető autók: tilos a telefonálás, de a filmnézés rendben van a brit közlekedési minisztérium szerint",https://www.szeretlekmagyarorszag.hu/jovo/onvezeto-autok-tilos-a-telefonalas-de-a-filmnezes-rendben-van-a-brit-kozlekedesi-miniszterium-szerint/
6183103c804471fd9e2cca7235cd55a90170fe9bf3f313753f99c1f3f4c6e8af,2024-12-15 05:37:48.666814+00:00,hu,portfolio.hu,portfolio.hu,2022-04-21,Koronavírus előtt és most: a járvány átalakította még az utazásainkat is,https://www.portfolio.hu/krtk/20220421/koronavirus-elott-es-most-a-jarvany-atalakitotta-meg-az-utazasainkat-is-540257
afb430e5b6885c0d001656c0f63a721894bb8b93f44b41cd54ff7073bf068fce,2024-12-15 01:38:51.866281+00:00,hu,szeretlekmagyarorszag.hu,szeretlekmagyarorszag.hu,2022-04-22,A klímaválságra figyelmeztet a Google a Föld napján,https://www.szeretlekmagyarorszag.hu/jovo/a-klimavalsagra-figyelmeztet-a-google-a-fold-napjan/
5fb73ed9c0fac690f146091875a99651f89d3a0afbf90135ef6d00af715597a8,2024-12-14 09:26:21.566032+00:00,hu,index.hu,index.hu,2024-12-14,Hamarosan Budapest klímája Firenzééhez lesz hasonló – kutatók a jogszabályok zöldítését sürgetik,https://index.hu/belfold/2024/12/14/kisvarga-szilvia-mate-klimavaltozas-zoldteto-hosziget-effektus-kanyonhatas-legkondicionalo-okotudatossag-eden-project/
843ad58cc833069c53f1fa20e45df91200828271a23186f882d6db76f55764ff,2024-12-13 18:18:57.170961+00:00,hu,dunaujvaros.com,dunaujvaros.com,2024-12-13,"""Jó példákkal szolgálunk arra, hogyan kell bánni a pályázatokkal""",https://dunaujvaros.com/hirek/202412/jo_peldakkal_szolgalunk_arra_hogyan_kell_banni_a_palyazatokkal
481669130c58ae8631139c961391f7f29f4589b0ea4f412e3022af212ab4d155,2024-12-06 13:27:08.888397+00:00,hu,origo.hu,origo.hu,2024-12-06,Aggasztó kérdéseket vet fel a szürke farkasok védelme Európában,https://www.origo.hu/tudomany/2024/12/szurke-farkasok-vedelme-europaban
4be03f6726a2ae2502dd81fd848af517a9cca813eac4cdcbb334ee34a95a701d,2024-12-04 16:35:58.514617+00:00,hu,ma.hu,ma.hu,2024-12-04,"A farkasokat lelöveti von der Leyen, ugye?",https://www.ma.hu/vilagvege/403173/A_farkasokat_leloveti_von_der_Leyen_ugye?place=srss
478e691471c679cbd9cf0d52a12fb7a0d115db5a0ad1413f12138f28ce0de4bb,2024-12-03 17:23:14.588503+00:00,hu,hvg.hu,hvg.hu,2024-12-03,ENSZ: 124 ezer milliárd forintnyi kárt okoz évente a szárazság,https://hvg.hu/zhvg/20241203_ensz-szarazsag-fold-jelentes#rss
214fd3b0aeeb4cf7cf024bd25432a5333f92a2e7218d736799ec2e8b1269570b,2024-12-03 16:20:05.935364+00:00,hu,hirtv.hu,hirtv.hu,2024-12-03,"Már online is kitölthető a kérdőív, a gazdaságpolitika a téma + videó",https://hirtv.hu/ahirtvhirei/mar-online-is-kitoltheto-a-kerdoiv-a-gazdasagpolitika-a-tema-video-2597174?utm_source=feed&utm_medium=rss
bf0c8c37d1c52fd98cd6af92bc068f4cf004196886f0a8f0ef1fc6d0f64de268,2024-12-03 16:19:23.461971+00:00,hu,hirtv.hu,hirtv.hu,2024-12-03,Brüsszelben tárgyalnak a NATO-tagországok külügyminiszterei + videó,https://hirtv.hu/hirtvkulfold/brusszelben-targyalnak-a-nato-tagorszagok-kulugyminiszterei-video-2597175?utm_source=feed&utm_medium=rss
c0e377fe81291d8761905aa552e54dcebda8ada37953ddd856dcdd714ca93555,2024-12-03 16:19:18.537452+00:00,hu,hirtv.hu,hirtv.hu,2024-12-03,Jogerősen is elítélték Varju Lászlót + videó,https://hirtv.hu/ahirtvhirei/jogerosen-is-eliteltek-varju-laszlot-video-2597176?utm_source=feed&utm_medium=rss
9c26bc82d7129b9bb9a1915db9858d6063f176cc98b66f4c1afcde95bc82f0b5,2024-12-02 15:34:56.756381+00:00,hu,hvg.hu,hvg.hu,2024-12-02,Megdöbbentő eredményre jutott egy vizsgálat: aktívan segíti az Instagram az önkárosító tartalmak terjedését,https://hvg.hu/tudomany/20241202_meta-instagram-karos-tartalmak-terjedese-moderalas-tanulmany#rss
18e754518866d370b64789cf8a58e6e0bd9d41cd7b7a8eda835396dab04c6a5e,2024-12-02 15:34:34.274005+00:00,hu,24.hu,24.hu,2024-12-02,Farkasvadászatok kezdődhetnek Európában,https://24.hu/tudomany/2024/12/02/szurke-farkas-vadaszata-europa/
58b32b38f106e2ede4ff93889251c8c78318c7d8cf9b49e8892ed5b2a9a12e75,2024-12-01 16:50:44.380974+00:00,hu,nepszava.hu,nepszava.hu,2020-01-14,Európa tárgyalóasztalhoz kényszeríti Iránt,https://nepszava.hu/3063542_europa-targyaloasztalhoz-kenyszeriti-irant
82d31b247eb23a51974bb2d73942639f4f91439c62293517dc5f34a224bcc6bf,2024-12-01 16:47:25.367024+00:00,hu,nepszava.hu,nepszava.hu,2020-01-14,"Felrobbant egy vegyi üzem, vészhelyzetet hirdettek Spanyolországban (videón a detonáció)",https://nepszava.hu/3063555_felrobbant-egy-vegyi-uzem-veszhelyzetet-hirdettek-spanyolorszagban-videon-a-detonacio
2e6edfaa07b18b470eb22476e7baf75258304fdf5cc08e3d30a7cf2779456130,2024-12-01 14:45:57.381506+00:00,hu,hvg.hu,hvg.hu,2020-01-15,"Elmondták, mi jelenti a legnagyobb kockázatot az emberiségre",http://hvg.hu/gazdasag/20200115_klimavaltozas_vilaggazdasagi_forum_davos#rss
99081a5a311bdd6b628c28811539bf34882a83547a5ecc0bda6d4732abd316ad,2024-12-01 13:41:56.394784+00:00,hu,magyarnemzet.hu,magyarnemzet.hu,2020-01-15,Környezetvédelmi problémák állnak a davosi Világgazdasági Fórum kockázatelemzési jelentésének élén,https://magyarnemzet.hu/kulfold/kornyezetvedelmi-problemak-allnak-a-davosi-vilaggazdasagi-forum-kockazatelemzesi-jelentesenek-elen-7675616/
db500ee89abcde4184ec55a198238e4fd20467ac45e046bd32463733e98ed802,2024-12-01 02:28:37.379255+00:00,hu,vg.hu,vg.hu,2020-01-20,Félszázadik alkalommal rendezik meg a davosi Világgazdasági Fórumot,https://www.vg.hu/gazdasag/gazdasagi-hirek/felszazadik-alkalommal-rendezik-meg-a-davosi-vilaggazdasagi-forumot-1990341/
ce74399f1969c5a5d269e739f65cc6f7a59ef20bb34065c4e2d074a0e90e1095,2024-12-01 00:16:01.683959+00:00,hu,infostart.hu,infostart.hu,2020-01-21,Példátlan eset a kezdődő davosi tanácskozás előtt,https://infostart.hu/kulfold/2020/01/21/peldatlan-eset-a-kezdodo-davosi-tanacskozas-elott
823fae0acc754458e2209393e5038ad0a54e6914d1206bea622970b710b34501,2024-12-01 00:10:31.232085+00:00,hu,magyarnemzet.hu,magyarnemzet.hu,2020-01-21,A klímaváltozás vezeti a davosi kockázati listát,https://magyarnemzet.hu/kulfold/a-klimavaltozas-vezeti-a-davosi-kockazati-listat-7690496/
c1367134d7bdfabe0887858c1c853e58a3a107dd65e429c32006494db6ba7ed2,2024-11-30 23:50:11.536485+00:00,hu,hvg.hu,hvg.hu,2020-01-21,"„Azt kockáztatjuk, hogy egy üres világban fogunk élni”",http://hvg.hu/elet/20200121_Azt_kockaztatjuk_hogy_egy_ures_vilagban_fogunk_elni#rss
0ce4d25f7794b75b4070abda189adaef18b1b91b1facc4628d2d8002b1e42705,2024-11-30 23:17:56.946953+00:00,hu,hirtv.hu,hirtv.hu,2020-01-21,Kezdődik az 50. Világgazdasági Fórum,http://hirtv.hu/hirtv_gazdasagi_hirei/kezdodik-az-50-vilaggazdasagi-forum-2493751?utm_source=feed&utm_medium=rss
d09a7cce559a82c8c54aba08ddf162d8c279c60cc85dfa13d666fcb29075a453,2024-11-30 22:43:51.875783+00:00,hu,index.hu,index.hu,2020-01-21,Civilek vonták kérdőre Palkovicséket az új klímastratégiáról a parlamentben,https://index.hu/gazdasag/2020/01/21/miniszteri_beszamolo_itm_klimapolitika_energiapolitika_terv_nekt_palkovics_kaderjak_fenntarthatosagi_bizottsag/
dec88f0ab90b93f5ccb054f39bfe4fb5e1e042dbb2f405dc9ac47eae2f11a7a9,2024-11-30 22:36:03.320182+00:00,hu,hvg.hu,hvg.hu,2020-01-21,Sokkoló hírek a luxushüttéből: idén Davost is utolérte a klímaváltozás,http://hvg.hu/gazdasag/20200121_A_fenntarthatosag_lesz_az_idei_Vilaggazdasagi_Forum_kozeppontjaban#rss
88c9ab2fb4def27c504a0797359527207947ae0962a81713771398fc561ecde7,2024-11-30 19:29:20.606357+00:00,hu,hvg.hu,hvg.hu,2024-11-30,Kézilabda-Eb: Kiütéses győzelemmel vágtak vissza a magyarok a svédeknek az olimpiai vereségért,https://hvg.hu/sport/20241130_kezilabda-europa-bajnoksag-magyar-valogatott-svedorszag-csoportmeccs-debrecen-ebx#rss
010ac7e6bb6ef2b19b26f5454e0636e6ef2483ebaeb2e64bcb8ba43a6b393086,2024-11-30 12:04:10.283403+00:00,hu,feol.hu,feol.hu,2020-01-25,"Fenyeget a szélsőséges időjárás, a sikertelen alkalmazkodás a klímaváltozáshoz",https://www.feol.hu/eletstilus/helyi-eletstilus/fenyeget-a-szelsoseges-idojaras-a-sikertelen-alkalmazkodas-a-klimavaltozashoz-3503967/
43520b8156cb44abe7b18bf83650407c69ca131dcbbd0191e04372f4dff3f530,2024-11-30 07:51:42.410030+00:00,hu,portfolio.hu,portfolio.hu,2020-01-27,Öt év alatt 100 millió fát ültetne a Mastercard,https://www.portfolio.hu/uzlet/20200127/ot-ev-alatt-100-millio-fat-ultetne-a-mastercard-413779
e2451c7b591e3024c018b73d64637c3163416d0c3a7ff07a2e55ee74805aea08,2024-11-30 07:51:21.799714+00:00,hu,napi.hu,napi.hu,2020-01-27,Faültetésre bírná a cégeket a Mastercard,https://www.napi.hu/nemzetkozi_vallalatok/faultetesre_birna_a_cegeket_a_mastercard.699167.html
cf75a893f0ae8dfd522152f78cf35d0617b6d1903a0b0171b84f2ba9315d8bec,2024-11-30 07:32:41.998897+00:00,hu,vg.hu,vg.hu,2020-01-27,Megmentené a világot a Mastercard,https://www.vg.hu/vallalatok/vallalati-hirek/megmentene-a-vilagot-a-mastercard-2005827/
184aa64e19d4aa6c72be31aba433c21fe18479c521c3ba86fbff375b53016ca1,2024-11-30 02:52:42.598618+00:00,hu,index.hu,index.hu,2020-01-28,Kreacionista került a brazil tudományos világ egyik kulcspozíciójába,https://index.hu/techtud/2020/01/28/brazilia_capes_elnok_teremteshivo_evolucio_benedito_guimaraes_aguiar_neto/
9b3fdff1874df6953aa21d9e29fc1157dea6791db630bdef67c5c141862a49ec,2024-11-29 20:20:02.918246+00:00,hu,origo.hu,origo.hu,2024-11-29,Óriási mértékű madárkihalás -Több százan vannak a veszélyeztetett madárfajok,https://www.origo.hu/tudomany/2024/11/kihalasok
b7ef8dd2e883f34ea0f2e74b3987a96e9e720c7bce7243e6a72010b2a0451989,2024-11-29 12:30:52.568095+00:00,hu,hvg.hu,hvg.hu,2020-02-01,"Gond lesz a szomszédban (is), nehezen tűrik az Alpok élőlényei a klímaváltozást",http://hvg.hu/tudomany/20200201_alpok_alpesi_regio_faji_sokszinuseg_biodiverzitas_klimavaltozas_globalis_felmelegedes#rss
c3d41849b1f6fa3ee9fe9032a574c9461d79cea910baa11767fc6ac6bc2ed2cd,2024-11-29 11:17:16.606291+00:00,hu,ujegyenloseg.hu,ujegyenloseg.hu,2024-11-29,A klímatudomány 10 alapüzenete,https://ujegyenloseg.hu/a-klimatudomany-10-alapuzenete/
e62dfceb9a06fa810db233973999f13caa512903cd661e10659ab84cec3bf4e2,2024-11-29 06:41:20.115484+00:00,hu,168ora.hu,168ora.hu,2018-06-27,A varázsszó: karbonsemlegesen – Elszigetelődött Davosban a washingtoni kormány,https://168ora.hu/kulfold/a-varazsszo-karbonsemlegesen-elszigetelodott-davosban-a-washingtoni-kormany-181305
35f3d6253855743a4598a69f6b0f4e30396dc2f768682856126fcff3fd554d77,2024-11-29 05:32:25.128513+00:00,hu,magyarnarancs.hu,magyarnarancs.hu,2018-05-23,Végleg megtiltanák Kínában a vadkereskedelmet az állatvédők,https://m.magyarnarancs.hu/lokal/vegleg-megtiltanak-kinaban-a-vadkereskedelmet-az-allatvedok-126578
05ebde49850ea430bfbf1627a3598836e52af632a0a77cbfa4aa51f78ff8c649,2024-11-28 07:25:54.304557+00:00,hu,vg.hu,vg.hu,2020-02-12,A klímastratégia és finanszírozása,https://www.vg.hu/velemeny/elemzes/a-klimastrategia-es-finanszirozasa-2-2041338/
d0008d5edd3e85c4cbe5b5971dc0ba8876b7db75b169097681e36d9dfe18c7f9,2024-11-25 19:33:35.609888+00:00,hu,feol.hu,feol.hu,2024-11-25,Fejér vármegyei települések is a díjazottak között,https://www.feol.hu/helyi-kozelet/2024/11/fejer-varmegyei-telepulesek?utm_source=hirstart&utm_medium=referral&utm_campaign=hiraggregator
839fcfcea6f9e170a71f7d6cb148aa601810f7540ddc4eb67218d722f2a76f37,2024-11-25 15:57:25.869808+00:00,hu,magyarnemzet.hu,magyarnemzet.hu,2020-03-03,Vadvilág napot rendeznek a budapesti állatkertben,https://magyarnemzet.hu/belfold/vadvilag-napot-rendeznek-a-budapesti-allatkertben-7842947/
0e9cbef9d40680dd68442c59d905ec1355752e7016d6cee26c8182a2c3298672,2024-11-25 14:42:59.742448+00:00,hu,hirtv.hu,hirtv.hu,2020-03-03,Az Európai Bizottság globális koalíciót hívott életre a biológiai sokféleség megőrzéséért,http://hirtv.hu/hirtvkulfold/az-europai-bizottsag-globalis-koaliciot-hivott-eletre-a-biologiai-sokfeleseg-megorzeseert-2496298?utm_source=feed&utm_medium=rss
6aae5e61be41486dff4266bb7adbf6ad8d314fcbd608ce9d5f890e94e93a58c9,2024-11-25 08:46:17.562079+00:00,hu,magyarnarancs.hu,magyarnarancs.hu,2018-05-23,"„Ezen a rendszeren túl kell lépnünk, nincs más választás”",https://m.magyarnarancs.hu/belpol/ezen-a-rendszeren-tul-kell-lepnunk-nincs-mas-valasztas-127379
4f10b751e174b4b552c3c8d68774934da231c4e2eafc284d9f81ce01efb64505,2024-11-24 00:57:54.970749+00:00,hu,index.hu,index.hu,2020-03-16,Egyre pusztítóbb járványok jöhetnek Afrikából és Ázsiából,https://index.hu/techtud/2020/03/16/zoonozis_covid19_koronavirus_jarvany_pandemia_azsia_afrika/
0116af886f6dcad6d4bb3101e0f144f4cfdb917e23098479fee60c25117198c7,2024-11-23 15:17:36.985172+00:00,hu,sonline.hu,sonline.hu,2024-11-23,November végétől pályázhatnak az új AKG-ban való részvételre a szőlőtermelők,https://www.sonline.hu/helyi-gazdasag/2024/11/november-vegetol-palyazhatnak-az-uj-akg-ban-valo-reszvetelre-a-szolotermelok?utm_source=hirstart&utm_medium=referral&utm_campaign=hiraggregator
746896d746490cf5a2def214d2c00f0c0fd225f920a9da852782a492d4254913,2024-11-22 20:19:08.492202+00:00,hu,beol.hu,beol.hu,2024-11-22,BEOL - Agráriumot érintő aktualitásokról számoltak be Biharugrán,https://www.beol.hu/helyi-kozelet/2024/11/tamogatas-agrarium-aktualitasok?utm_source=hirstart&utm_medium=referral&utm_campaign=hiraggregator
e4e34b06d0276b75106e3f877d7c3b1a6577b91195e8da248226ceaf0810ceef,2024-11-22 14:24:54.098914+00:00,hu,portfolio.hu,portfolio.hu,2024-11-22,Egyre többet és többet használunk a természeti erőforrásokból,https://www.portfolio.hu/uzlet/20241122/egyre-tobbet-es-tobbet-hasznalunk-a-termeszeti-eroforrasokbol-724598
b6aad9964035b606060d972dab1c9af419a95537a43a025cb3aa96dc53661393,2024-11-20 09:17:53.147010+00:00,hu,bama.hu,bama.hu,2024-11-20,MI: Ilyen lesz a jövő Baranyája,https://www.bama.hu/helyi-kozelet/2024/11/mi-mesterseges-intelligencia-baranya?utm_source=hirstart&utm_medium=referral&utm_campaign=hiraggregator
1098020b4bb7503498a004e8c1aeb09517d7f708b641b010e83b284dcf45ff21,2024-11-20 05:51:30.451071+00:00,hu,boon.hu,boon.hu,2020-04-05,Sokkal több a rovar és a pillangó a bioművelésű területeken,https://boon.hu/egyperces/sokkal-tobb-a-rovar-es-a-pillango-a-biomuvelesu-teruleteken-4168179/
4236199f1ac4087ac0d04733a178b7ddc3824d603816b2e0c5c0ed49564b1b2a,2024-11-20 05:50:25.666957+00:00,hu,haon.hu,haon.hu,2020-04-05,Sokkal több a rovar és a pillangó a bioművelésű területeken,https://haon.hu/egyperces/sokkal-tobb-a-rovar-es-a-pillango-a-biomuvelesu-teruleteken-3951378/
f8a9931427546511c017f5ff271aa5f760cd0b789ebe87cfe8532aa1be7441e1,2024-11-20 05:50:13.044942+00:00,hu,szon.hu,szon.hu,2020-04-05,Sokkal több a rovar és a pillangó a bioművelésű területeken,https://szon.hu/egyperces/sokkal-tobb-a-rovar-es-a-pillango-a-biomuvelesu-teruleteken-3811803/
a4c67a5ed9e6cc774d5712c2665f466c204b85c2ccfcb007e4ab649b430364c1,2024-11-20 05:49:50.436367+00:00,hu,nepszava.hu,nepszava.hu,2020-04-05,A természet kizsákmányolása egyenesen vezetett a koronavírus-járvány kitöréséhez,https://nepszava.hu/3073348_a-termeszet-kizsakmanyolasa-egyenesen-vezetett-a-koronavirus-jarvany-kitoresehez
1f88590f84d1b58c275209f2aef93266821c4a05ff0d4abf1b171466bb9c6ae3,2024-11-20 05:49:45.010290+00:00,hu,delmagyar.hu,delmagyar.hu,2020-04-05,Sokkal több a rovar és a pillangó a bioművelésű területeken,https://www.delmagyar.hu/egyperces/sokkal-tobb-a-rovar-es-a-pillango-a-biomuvelesu-teruleteken-5883525/?utm_source=rssfeed
7d8e5c0b4b8ec6cf0b86be31aab843bf839a4dfef6aaa772b97d91b996fac8cc,2024-11-20 05:39:37.783482+00:00,hu,nepszava.hu,nepszava.hu,2020-04-05,A jövő megoldása a rákterápiában,https://nepszava.hu/3073345_a-jovo-megoldasa-a-rakterapiaban
85c221413c0f99b9778bfbc2c7fec62a6e36f8b1d419fd8009285172d48a429a,2024-11-20 05:18:22.766172+00:00,hu,nepszava.hu,nepszava.hu,2020-04-05,Népszava Átlátszó tudomány,https://nepszava.hu/3073352_atlatszo-tudomany
44d88f4ab7982ef504e761827ba9a603eb45f549a7c6fceee25feffb2ae57f9a,2024-11-19 13:28:21.659535+00:00,hu,hvg.hu,hvg.hu,2020-04-10,"Találtak egy 800 000 éves emberi fogat, sikerült genetikai mintát venni belőle",http://hvg.hu/tudomany/202004010_legregebbi_emberi_genetikai_anyag_fosszilizalodott_fog_zomanca#rss
bcbb3bb2b42379d10c00a42cb3a639a273a51a6a31bfc2af0ea77c27b204dde7,2024-11-19 07:03:35.097630+00:00,hu,teol.hu,teol.hu,2020-04-12,Emberi genetikai anyagot vontak ki egy fosszilizálódott fog zománcából,https://www.teol.hu/egyperces/emberi-genetikai-anyagot-vontak-ki-egy-fosszilizalodott-fog-zomancabol-2324709/
eb596c563003872a4c3b16f33e3676f74f1ffe48d7186891eabb091b6bbbf603,2024-11-19 07:03:30.793184+00:00,hu,haon.hu,haon.hu,2020-04-12,Emberi genetikai anyagot vontak ki egy fosszilizálódott fog zománcából,https://haon.hu/egyperces/emberi-genetikai-anyagot-vontak-ki-egy-fosszilizalodott-fog-zomancabol-3963186/
cdbb46616ec514a17ea1b6204dd10e9c70f3fbf9e23fb692b2cc611a87516682,2024-11-19 07:03:30.109544+00:00,hu,bama.hu,bama.hu,2020-04-12,Emberi genetikai anyagot vontak ki egy fosszilizálódott fog zománcából,https://www.bama.hu/egyperces/emberi-genetikai-anyagot-vontak-ki-egy-fosszilizalodott-fog-zomancabol-2401215/
5e5001e84130e93ca366b3b44c44ea8e24411b2b0cfdd7e4d55e5fd79b6e3e2e,2024-11-19 07:03:30.047544+00:00,hu,szoljon.hu,szoljon.hu,2020-04-12,Emberi genetikai anyagot vontak ki egy fosszilizálódott fog zománcából,https://www.szoljon.hu/egyperces/emberi-genetikai-anyagot-vontak-ki-egy-fosszilizalodott-fog-zomancabol-2299797/
fb58d8aed215ce08f6fca37ac1e61d9e18c76b3d002eac16aca877157c188f97,2024-11-19 07:03:28.234131+00:00,hu,delmagyar.hu,delmagyar.hu,2020-04-12,Emberi genetikai anyagot vontak ki egy fosszilizálódott fog zománcából,https://www.delmagyar.hu/egyperces/emberi-genetikai-anyagot-vontak-ki-egy-fosszilizalodott-fog-zomancabol-6200784/
ac20f80886d7df93acb94d2bba843c8255be3b4078f30777422545c27f593978,2024-11-19 07:03:27.933580+00:00,hu,kisalfold.hu,kisalfold.hu,2020-04-12,Emberi genetikai anyagot vontak ki egy fosszilizálódott fog zománcából,https://www.kisalfold.hu/egyperces/emberi-genetikai-anyagot-vontak-ki-egy-fosszilizalodott-fog-zomancabol-6973821/?utm_source=rssfeed
d4a3519b6c61127f0d5e215fcd4089ab83b344f3b93fa8c2c86447cd93275099,2024-11-19 07:03:27.894409+00:00,hu,szon.hu,szon.hu,2020-04-12,Emberi genetikai anyagot vontak ki egy fosszilizálódott fog zománcából,https://szon.hu/egyperces/emberi-genetikai-anyagot-vontak-ki-egy-fosszilizalodott-fog-zomancabol-3825552/
80ff67ed77ade6acdec89b372c3bb42fa5cc8856b24a272c21135749e64c7e35,2024-11-19 07:03:27.718554+00:00,hu,boon.hu,boon.hu,2020-04-12,Emberi genetikai anyagot vontak ki egy fosszilizálódott fog zománcából,https://boon.hu/egyperces/emberi-genetikai-anyagot-vontak-ki-egy-fosszilizalodott-fog-zomancabol-4181163/
0153934d644a9e4128aa7510cd7ce1d66e73c2dd0f80c0bd4e3b9ba78631eeb1,2024-11-19 07:03:27.431590+00:00,hu,veol.hu,veol.hu,2020-04-12,Emberi genetikai anyagot vontak ki egy fosszilizálódott fog zománcából,https://www.veol.hu/egyperces/emberi-genetikai-anyagot-vontak-ki-egy-fosszilizalodott-fog-zomancabol-3710370/
d8cb4dd61bbf86d581622452cb809e3058dbdc559159d94b995e642dacc5865e,2024-11-19 07:03:26.493536+00:00,hu,heol.hu,heol.hu,2020-04-12,Emberi genetikai anyagot vontak ki egy fosszilizálódott fog zománcából,https://www.heol.hu/egyperces/emberi-genetikai-anyagot-vontak-ki-egy-fosszilizalodott-fog-zomancabol-2349234/
d909f0757486f5abb776dfe63595929ffca784db3a57b44c17af188990f09a08,2024-11-19 07:02:44.197821+00:00,hu,vaol.hu,vaol.hu,2020-04-12,Emberi genetikai anyagot vontak ki egy fosszilizálódott fog zománcából,https://www.vaol.hu/egyperces/emberi-genetikai-anyagot-vontak-ki-egy-fosszilizalodott-fog-zomancabol-3904164/
71936805e2d474ce7ae0d293b30f79aade420fb880c6fbd461acc72f828011b4,2024-11-19 07:02:31.575266+00:00,hu,duol.hu,duol.hu,2020-04-12,Emberi genetikai anyagot vontak ki egy fosszilizálódott fog zománcából,https://www.duol.hu/egyperces/emberi-genetikai-anyagot-vontak-ki-egy-fosszilizalodott-fog-zomancabol-3544731/
3b2921ce4aa7785e67e6aced47ff2920fa0bff06b56c4419f146316c6c03ae20,2024-11-19 06:57:47.854355+00:00,hu,infostart.hu,infostart.hu,2020-04-12,Ökoréten dupla annyi rovar él,https://infostart.hu/tudomany/2020/04/12/okoreten-dupla-annyi-rovar-el
eb1909bde8d65bd17fd21db8406557b5345a3f7e179aa60be05e905db4a29edd,2024-11-18 15:16:27.608408+00:00,hu,hvg.hu,hvg.hu,2020-04-17,A koronavírus-járvány miatt egyre gyakoribb az orvvadászat,http://hvg.hu/gazdasag.zhvg/20200416_koronavirus_jarvany_orvvadaszat_veszelyeztetett_fajok#rss
9de99cdd72d8171c97610e24ce1438e8042182dd487a60e5872d9551940267d9,2024-11-18 09:39:00.922846+00:00,hu,index.hu,index.hu,2020-04-19,"A kopárnak tartott Görögországban több erdő van, mint Magyarországon",https://index.hu/kulfold/eurologus/2020/04/19/erdosites_kozos_politika_nelkul_nem_latszik_a_faktol_az_erdo/
168aa3b6486c9f762b26a3f781bf98ed2abce6bd25c7fbb14c40e2c6f85073cf,2024-11-18 03:25:49.757080+00:00,hu,24.hu,24.hu,2024-11-18,A dm idén is átszínezi a Black Friday napot,https://24.hu/belfold/2024/11/18/a-dm-iden-is-atszinezi-a-black-friday-napot/
bce2daaea1026730f78bd12b567213882cf460e4a5848603364d26dfb477765f,2024-11-17 21:37:21.977013+00:00,hu,index.hu,index.hu,2020-04-22,"19 billió dollár kellene az energia kizöldítésére, de állítólag megéri",https://index.hu/gazdasag/2020/04/22/zold_gazdasag_kovetelesek_energiaatallas_ensz_fotitkar_irena/
c5c4a82761b0d9a42b37e60a362910e92e507b00ed4f72abd5906fbd6cbea980,2024-11-17 16:55:24.366957+00:00,hu,hvg.hu,hvg.hu,2020-04-24,A rovarok negyede eltűnt 1990 óta és ez ránk nézve is tragikus következményekkel jár,http://hvg.hu/gazdasag.zhvg/20200424_A_rovarok_negyede_eltunt_1990_ota_es_ez_rank_nezve_is_tragikus_kovetkezmenyekkel_jar#rss
dd8134f4f84057b8eb25bc6a81994f8d628b0fd8a9bce358ea6b8fcbd5d20ec7,2024-11-17 03:37:08.871486+00:00,hu,portfolio.hu,portfolio.hu,2020-04-29,Lehet zöld a gazdasági újrakezdés?,https://www.portfolio.hu/gazdasag/20200429/lehet-zold-a-gazdasagi-ujrakezdes-428094
f1009955febf9459917df48a1f3df527e45f58e812da41bf1c6ab376d11aeca2,2024-11-16 14:21:20.587100+00:00,hu,delmagyar.hu,delmagyar.hu,2020-05-04,Két szegedi is van az MTA idei díjazottjai közt,https://www.delmagyar.hu/kozelet/helyi-kozelet/ket-szegedi-is-van-az-mta-idei-dijazottjai-kozt-6417675/?utm_source=rssfeed
03f2560a2f814fe4d1521d81665337d17e4c05e4ebdfd6b462ef235b925c2496,2024-11-16 14:18:13.192102+00:00,hu,infostart.hu,infostart.hu,2020-05-04,Közzétették az MTA idei díjazottjainak névsorát,https://infostart.hu/tudomany/2020/05/04/kozzetettek-az-mta-idei-dijazottjainak-nevsorat
cba9a29da71f6be6da2d85a952d1c8da28daaee64a4fc0acfcbbb73d9f42dbdd,2024-11-16 14:01:02.518906+00:00,hu,magyarnemzet.hu,magyarnemzet.hu,2020-05-04,Közzétették az MTA idei díjazottjainak névsorát,https://magyarnemzet.hu/belfold/kozzetettek-az-mta-idei-dijazottjainak-nevsorat-8074139/
3ae647f8dcc74c9dcd1e68991a07166f0c3b22094610a50b3ffac0df4522a345,2024-11-16 13:55:08.057516+00:00,hu,index.hu,index.hu,2020-05-04,Kihirdették a Magyar Tudományos Akadémia idei díjazottjait,https://index.hu/techtud/2020/05/04/magyar_tudomanyos_akademia_mta_dij_dijazottak_2020/
6e4fbd9631a1ad2e780f3c06bee164f04b7a083b3ab8564ce2ddec9b77241d7a,2024-11-16 11:18:31.890831+00:00,hu,nepszava.hu,nepszava.hu,2020-05-05,Lámákból kinyert antitest lehet a koronavírus ellenszere,https://nepszava.hu/3076938_lamakbol-kinyert-antitest-lehet-a-koronavirus-ellenszere
1a82cb541da7e2e105369719f5fe5dff4a31b4f06da5c396d7719f9c730d0465,2024-11-16 10:58:41.837544+00:00,hu,nepszava.hu,nepszava.hu,2020-05-05,"Felfedeztek egy ellenanyagot, amely megvédi a sejteket a koronavírustól",https://nepszava.hu/3076987_felfedeztek-egy-ellenanyagot-amely-megvedi-a-sejteket-a-koronavirustol
f433e786b814f85c0e77964d5f3e7b13eba8a6e41e93237a604a1cff06e0c712,2024-11-15 19:29:43.877802+00:00,hu,hvg.hu,hvg.hu,2020-05-09,"Ha azt hitte, a koronavírusnak nincs köze a környezetpusztításhoz, most kiábrándítjuk",http://hvg.hu/gazdasag.zhvg/20200509_A_termeszet_pusztitasaval_ujabb_vilagjarvanyokat_idezunk_elo#rss
d90f7f94fd3e00c1f313fc540be927a996d8bb148eccae170381765f05e531f5,2024-11-15 07:58:09.367452+00:00,hu,index.hu,index.hu,2020-05-13,A kormány szerint az erős zöld csomag a magyar emberek érdekével ellentétes,https://index.hu/gazdasag/2020/05/13/a_kormany_szerint_az_eros_eu-s_zold_csomag_a_magyar_emberek_erdekevel_ellentetes/
b8bfbe1f2ab99bcebb4d765a274082a3cbec6d74d17c725d0c91e6001f08554f,2024-11-15 01:23:58.878067+00:00,hu,index.hu,index.hu,2020-05-15,"Vége a zacskózásnak, betiltjuk a felesleges bolti nejlont",https://index.hu/techtud/2020/05/15/magyarorszag_betiltja_a_bolti_nejlonzacskokat/
9d3501d7a5beee2a3e7eed0240ae7ce734960d4856eee9589fc8d1c71cbf84d8,2024-11-14 21:37:59.770265+00:00,hu,index.hu,index.hu,2020-05-16,"A légszennyezettség több embert öl meg, mint a koronavírus",https://index.hu/techtud/2020/05/16/a_legszennyezettseg_tobb_embert_ol_meg_evente_mint_a_koronavirus/
ce44b389533312a9cbe23132a6a262cfb7829743cd495e85d0d711a39ca0dbf7,2024-11-14 17:07:57.281832+00:00,hu,hvg.hu,hvg.hu,2020-05-18,"Gyorsabban pusztul az ökoszisztéma, mint gondolták",http://hvg.hu/gazdasag.zhvg/20200518_greenpeace_okoszisztema_biodiverzitas_klimavaltozas_ipbes#rss
837b6edde13f82ecb512b47b9b4944c45d9b6edaa7853b519ffd5eca2dceb67e,2024-11-14 08:03:17.132791+00:00,hu,nepszava.hu,nepszava.hu,2020-05-21,"Termelőtől fogyasztóig""",https://nepszava.hu/3078871_termelotol-fogyasztoig-uj-modellben-finansziroznak-az-europai-elelmiszeripart
d0fc58226d3cbc6f5f3ce415baf25af8c32036738d2deab7b6c90889220d713f,2024-11-14 07:50:14.688869+00:00,hu,vg.hu,vg.hu,2020-05-21,Akár kontraproduktív is lehet az Európai Bizottság agrárstratégiája,https://www.vg.hu/vallalatok/mezogazdasag/akar-kontraproduktiv-is-lehet-az-europai-bizottsag-agrarstrategiaja-2271264/
f69f9a9086ca41d6a6fca305a8f8130dad8b07ba779a3e6a831c1c2ff3f6cf34,2024-11-14 07:41:08.239319+00:00,hu,nepszava.hu,nepszava.hu,2020-05-21,Bezöldítik az algák az Antarktisz partvidékét,https://nepszava.hu/3078861_bezolditik-az-algak-az-antarktisz-partvideket
5af9362689d93eb720d3fd08ccb0c04a9e6ebb4fab77b48188c7b81edd4a4001,2024-11-14 07:27:05.011870+00:00,hu,boon.hu,boon.hu,2020-05-21,Agrárkamara: elfogadhatatlan az uniós Termőföldtől az Asztalig stratégia,https://boon.hu/gazdasag/hazai-gazdasag/agrarkamara-elfogadhatatlan-az-unios-termofoldtol-az-asztalig-strategia-4270554/
725b11220cd49758f5c3901165530a232b6182872433755e91fd6e0d35e99afd,2024-11-14 07:25:24.904911+00:00,hu,haon.hu,haon.hu,2020-05-21,Agrárkamara: elfogadhatatlan az uniós Termőföldtől az Asztalig stratégia,https://haon.hu/gazdasag/hazai-gazdasag/agrarkamara-elfogadhatatlan-az-unios-termofoldtol-az-asztalig-strategia-4054971/
463fe003fbe21f619b1426f920e86963b662ef179c069c4ad9fe1b3482ce6f42,2024-11-14 07:25:13.676799+00:00,hu,szon.hu,szon.hu,2020-05-21,Agrárkamara: elfogadhatatlan az uniós Termőföldtől az Asztalig stratégia,https://szon.hu/gazdasag/hazai-gazdasag/agrarkamara-elfogadhatatlan-az-unios-termofoldtol-az-asztalig-strategia-3918564/
fc2c56cd839446999869422f6038a9831d7f37321eae8720dda4f2141e0120cf,2024-11-14 07:24:49.896850+00:00,hu,delmagyar.hu,delmagyar.hu,2020-05-21,Agrárkamara: elfogadhatatlan az uniós Termőföldtől az Asztalig stratégia,https://www.delmagyar.hu/gazdasag/hazai-gazdasag/agrarkamara-elfogadhatatlan-az-unios-termofoldtol-az-asztalig-strategia-6467454/?utm_source=rssfeed
8db5ebdf95f964578aa6c1f81921f98457ea061ca00be73ca24f37905812f4c0,2024-11-14 07:24:46.940788+00:00,hu,nepszava.hu,nepszava.hu,2020-05-21,Kacsák miatt nem közlekedhetett a metró a teljes vonalon,https://nepszava.hu/3078883_kacsak-miatt-nem-kozlekedhetett-a-metro-a-teljes-vonalon
0c478da67ca749f46d44c610bc199d461f290ed064683704921b44f2539e483a,2024-11-14 07:23:07.734531+00:00,hu,bama.hu,bama.hu,2020-05-21,Agrárkamara: elfogadhatatlan az uniós Termőföldtől az Asztalig stratégia,https://www.bama.hu/gazdasag/hazai-gazdasag/agrarkamara-elfogadhatatlan-az-unios-termofoldtol-az-asztalig-strategia-2514774/
ac4ece4374afde42c47f5a8de6d8f8ea9b8d9d91f316ea71606d87496b7ac64a,2024-11-14 07:13:54.572538+00:00,hu,nepszava.hu,nepszava.hu,2020-05-21,Kacsák miatt nem közlekedhetett a metró a teljes vonalon (videó),https://nepszava.hu/3078883_kacsak-miatt-nem-kozlekedhetett-a-metro-a-teljes-vonalon-video
0dd3fff996eedb5e67a3e7f065d667994264202bcfacac5c9a1ecd6566d4befe,2024-11-14 05:09:31.065620+00:00,hu,magyarnemzet.hu,magyarnemzet.hu,2020-05-22,Újabb terhet rakna a gazdák vállára Brüsszel,https://magyarnemzet.hu/gazdasag/ujabb-terhet-rakna-a-gazdak-vallara-brusszel-8148632/
c691840e50a01c76cc9fd9316ce7f41f8d9a8c188b20b9561a82f7a4c315bb0d,2024-11-14 04:53:05.512122+00:00,hu,infostart.hu,infostart.hu,2020-05-22,Két tűz között az EU új agrárpolitikája,https://infostart.hu/tudositoink/2020/05/22/ket-tuz-kozott-az-eu-uj-agrarpolitikaja
e999b8f0da8b4e571d560592bded8ee9c2c1e1c229ffd66072909d2857eaa9cd,2024-11-14 04:41:04.735773+00:00,hu,pestisracok.hu,pestisracok.hu,2020-05-22,"AM: az európai mezőgazdaság halálos ítélete lehet, ha az Európai Bizottság javaslatai alapján hajtják végre a Green Deal-t",https://pestisracok.hu/am-az-europai-mezogazdasag-halalos-itelete-lehet-ha-az-europai-bizottsag-javaslatai-alapjan-hajtjak-vegre-a-green-deal-t/?utm_source=rss&utm_medium=rss&utm_campaign=am-az-europai-mezogazdasag-halalos-itelete-lehet-ha-az-europai-bizottsag-javaslatai-alapjan-hajtjak-vegre-a-green-deal-t
048d0cd2445ad201758d4c9fa37aade50889d6a9251a0cb560cd3bce51d6aa1a,2024-11-14 04:33:22.261780+00:00,hu,magyarnemzet.hu,magyarnemzet.hu,2020-05-22,Veszélyes a brüsszeli forgatókönyv,https://magyarnemzet.hu/gazdasag/veszelyes-a-brusszeli-forgatokonyv-8149550/
b352436284075a4e7b7a4036c35abaf5b0bb225ef434b4a39220fdab18d12d94,2024-11-14 04:21:46.456571+00:00,hu,boon.hu,boon.hu,2020-05-22,Nagy István: az Európai Bizottság stratégiája az európai mezőgazdaság jövőjét fenyegeti,https://boon.hu/gazdasag/hazai-gazdasag/nagy-istvan-az-europai-bizottsag-strategiaja-az-europai-mezogazdasag-jovojet-fenyegeti-4272999/
50da25318515aaff67b5782acaf88cfa8497e9c235128a6ca0756c19632f038d,2024-11-14 04:21:38.234316+00:00,hu,zaol.hu,zaol.hu,2020-05-22,Nagy István: az Európai Bizottság stratégiája az európai mezőgazdaság jövőjét fenyegeti,https://www.zaol.hu/gazdasag/hazai-gazdasag/nagy-istvan-az-europai-bizottsag-strategiaja-az-europai-mezogazdasag-jovojet-fenyegeti-4220946/
193b276f2377cc57ca91e38af7524cccd91f0888fd77eb5bd16c24c08fb2437c,2024-11-14 04:21:36.546650+00:00,hu,szoljon.hu,szoljon.hu,2020-05-22,Nagy István: az Európai Bizottság stratégiája az európai mezőgazdaság jövőjét fenyegeti,https://www.szoljon.hu/gazdasag/hazai-gazdasag/nagy-istvan-az-europai-bizottsag-strategiaja-az-europai-mezogazdasag-jovojet-fenyegeti-2387673/
8adc03c42ad1e5dd4bf878037499d9cc8c21e9f6553e0de683e440e5f650fad9,2024-11-14 04:21:36.105392+00:00,hu,duol.hu,duol.hu,2020-05-22,Nagy István: az Európai Bizottság stratégiája az európai mezőgazdaság jövőjét fenyegeti,https://www.duol.hu/gazdasag/hazai-gazdasag/nagy-istvan-az-europai-bizottsag-strategiaja-az-europai-mezogazdasag-jovojet-fenyegeti-3613062/
60c5e70a3683308934c10ab48702cf9900161e5c284ace67ff0defef9cc4901b,2024-11-14 04:20:00.162093+00:00,hu,haon.hu,haon.hu,2020-05-22,Nagy István: az Európai Bizottság stratégiája az európai mezőgazdaság jövőjét fenyegeti,https://haon.hu/gazdasag/hazai-gazdasag/nagy-istvan-az-europai-bizottsag-strategiaja-az-europai-mezogazdasag-jovojet-fenyegeti-4057944/
e493442b1f4a7133eb2a2f380f79b2d2c105d83493270595c642a17ba631437b,2024-11-14 04:19:50.090424+00:00,hu,szon.hu,szon.hu,2020-05-22,Nagy István: az Európai Bizottság stratégiája az európai mezőgazdaság jövőjét fenyegeti,https://szon.hu/gazdasag/hazai-gazdasag/nagy-istvan-az-europai-bizottsag-strategiaja-az-europai-mezogazdasag-jovojet-fenyegeti-3920721/
aaa5bcbfbb057dbedc1b087e587d23d319776169689ce5503a42628823b01860,2024-11-14 04:19:22.384058+00:00,hu,delmagyar.hu,delmagyar.hu,2020-05-22,Nagy István: az Európai Bizottság stratégiája az európai mezőgazdaság jövőjét fenyegeti,https://www.delmagyar.hu/gazdasag/hazai-gazdasag/nagy-istvan-az-europai-bizottsag-strategiaja-az-europai-mezogazdasag-jovojet-fenyegeti-6470445/?utm_source=rssfeed
b86a2d0b6a09eae63b3acc9a7b1d58c5bb76fcb9d2cdaba135f7c7e62978ac7f,2024-11-14 04:18:52.616538+00:00,hu,vg.hu,vg.hu,2020-05-22,"Nagy István: a mezőgazdaság halálos ítélete is lehet, ha Brüsszel végre hajtja a Green Deal rendelkezéseit",https://www.vg.hu/vallalatok/mezogazdasag/nagy-istvan-a-mezogazdasag-halalos-itelete-is-lehet-ha-brusszel-vegre-hajtja-a-green-deal-rendelkezeseit-2274117/
8ae5166e927b6e92244e2d7cdf2ba434927de3c66fe7760dce5a7c1d40f6d5ec,2024-11-14 04:18:49.375698+00:00,hu,beol.hu,beol.hu,2020-05-22,Nagy István: az Európai Bizottság stratégiája az európai mezőgazdaság jövőjét fenyegeti,https://www.beol.hu/gazdasag/hazai-gazdasag/nagy-istvan-az-europai-bizottsag-strategiaja-az-europai-mezogazdasag-jovojet-fenyegeti-2729001/
adec391dd9829ba0893e5d49fd7572735502e7172a8ff24d742457b90685bafa,2024-11-14 04:18:47.822857+00:00,hu,sonline.hu,sonline.hu,2020-05-22,Nagy István: az Európai Bizottság stratégiája az európai mezőgazdaság jövőjét fenyegeti,https://www.sonline.hu/gazdasag/hazai-gazdasag/nagy-istvan-az-europai-bizottsag-strategiaja-az-europai-mezogazdasag-jovojet-fenyegeti-2815944/
6fda4d3f445bc5490922210d7af4cb50e24c4baaa3e1417ea876febf15303f31,2024-11-14 04:18:39.586976+00:00,hu,kisalfold.hu,kisalfold.hu,2020-05-22,Nagy István: az Európai Bizottság stratégiája az európai mezőgazdaság jövőjét fenyegeti,https://www.kisalfold.hu/gazdasag/hazai-gazdasag/nagy-istvan-az-europai-bizottsag-strategiaja-az-europai-mezogazdasag-jovojet-fenyegeti-8817294/?utm_source=rssfeed
1056fbaa348dfb46813ab636d1b1ddc30f46e8f0e5c7cf4bab9f9154964e8367,2024-11-14 04:18:31.249059+00:00,hu,vaol.hu,vaol.hu,2020-05-22,Nagy István: az Európai Bizottság stratégiája az európai mezőgazdaság jövőjét fenyegeti,https://www.vaol.hu/gazdasag/hazai-gazdasag/nagy-istvan-az-europai-bizottsag-strategiaja-az-europai-mezogazdasag-jovojet-fenyegeti-3996312/
7bb44c4eaf99cd54eaf4f22fc5f54752425feeffd2074cfabec6053c5c4547e0,2024-11-14 04:18:02.497567+00:00,hu,heol.hu,heol.hu,2020-05-22,Nagy István: az Európai Bizottság stratégiája az európai mezőgazdaság jövőjét fenyegeti,https://www.heol.hu/gazdasag/hazai-gazdasag/nagy-istvan-az-europai-bizottsag-strategiaja-az-europai-mezogazdasag-jovojet-fenyegeti-2476152/
79ffe255af8435492184db8fa971188e0aaa91303c6a11ebc827bc61f1b586cb,2024-11-14 04:17:41.738789+00:00,hu,feol.hu,feol.hu,2020-05-22,Nagy István: az Európai Bizottság stratégiája az európai mezőgazdaság jövőjét fenyegeti,https://www.feol.hu/gazdasag/hazai-gazdasag/nagy-istvan-az-europai-bizottsag-strategiaja-az-europai-mezogazdasag-jovojet-fenyegeti-4021683/
6684001e4c87bee4b986690630e09091942e514ee2ed28954a1f9d2a6fd2a707,2024-11-14 04:17:18.169582+00:00,hu,bama.hu,bama.hu,2020-05-22,Nagy István: az Európai Bizottság stratégiája az európai mezőgazdaság jövőjét fenyegeti,https://www.bama.hu/gazdasag/hazai-gazdasag/nagy-istvan-az-europai-bizottsag-strategiaja-az-europai-mezogazdasag-jovojet-fenyegeti-2517867/
a01354609b95f770c3448b2e5307eed7e2f63ff52c67d23285c3b97444379e0e,2024-11-14 04:17:10.705980+00:00,hu,teol.hu,teol.hu,2020-05-22,Nagy István: az Európai Bizottság stratégiája az európai mezőgazdaság jövőjét fenyegeti,https://www.teol.hu/gazdasag/hazai-gazdasag/nagy-istvan-az-europai-bizottsag-strategiaja-az-europai-mezogazdasag-jovojet-fenyegeti-2435067/
095ea4de23f764c6196a2254a8aa400dcbd28596401aa32d21aebae31532a8c2,2024-11-14 04:17:04.846147+00:00,hu,baon.hu,baon.hu,2020-05-22,Nagy István: az Európai Bizottság stratégiája az európai mezőgazdaság jövőjét fenyegeti,https://www.baon.hu/gazdasag/hazai-gazdasag/nagy-istvan-az-europai-bizottsag-strategiaja-az-europai-mezogazdasag-jovojet-fenyegeti-2699814/
9f94b4d5b2f799b40edf37e5a0662168d5f2403d13d5b9da2433c587409fde4f,2024-11-14 04:16:57.767334+00:00,hu,veol.hu,veol.hu,2020-05-22,Nagy István: az Európai Bizottság stratégiája az európai mezőgazdaság jövőjét fenyegeti,https://www.veol.hu/gazdasag/hazai-gazdasag/nagy-istvan-az-europai-bizottsag-strategiaja-az-europai-mezogazdasag-jovojet-fenyegeti-3794688/
e39a62178d471e2849442b9f4145a0abab51d0722b02bbf98ef7a90894383b90,2024-11-14 04:15:19.455321+00:00,hu,hirtv.hu,hirtv.hu,2020-05-22,Varga Judit: A kormány a valódi munkában hisz,http://hirtv.hu/ahirtvhirei/varga-judit-a-kormany-a-valodi-munkaban-hisz-2501935?utm_source=feed&utm_medium=rss
ba9170008835fbe661b004452acc866707c1f7fbb1c26a20dd59c5a0fe60a5ce,2024-11-14 04:15:19.329826+00:00,hu,hirtv.hu,hirtv.hu,2020-05-22,Jobbik: Varga-Damm a becstelenséget választotta,http://hirtv.hu/ahirtvhirei/jobbik-varga-damm-a-becstelenseget-valasztotta-2501934?utm_source=feed&utm_medium=rss
728aa271f5803d72e06e039364a85c0c7be331168547253ecf2561d78d4ff189,2024-11-14 04:15:19.295105+00:00,hu,hirtv.hu,hirtv.hu,2020-05-22,Lakott területre zuhant egy utasszállító repülőgép Pakisztánban,http://hirtv.hu/hirtvkulfold/lezuhant-egy-utasszallito-repulogep-pakisztanban-2501933?utm_source=feed&utm_medium=rss
d788f1db0134fe604c85263fbb3c8acf81227d97c562c4c82b777140c8ae76ac,2024-11-14 04:15:19.268459+00:00,hu,hirtv.hu,hirtv.hu,2020-05-22,Apáti Bence: Bocsánatkérés a javából…,http://hirtv.hu/apati_bence_blogja/apati-bence-bocsanatkeres-a-javabol-2501931?utm_source=feed&utm_medium=rss
f8094383ea83a4c7866b3aae792fffe44165bd7fa8d7fda419439392e7277675,2024-11-14 04:15:19.251950+00:00,hu,hirtv.hu,hirtv.hu,2020-05-22,Fidesz: A kormány tegyen további lépéseket az egyszer használatos műanyagok betiltásáért!,http://hirtv.hu/ahirtvhirei/fidesz-a-kormany-tegyen-tovabbi-lepeseket-az-egyszer-hasznalatos-muanyagok-betiltasaert-2501932?utm_source=feed&utm_medium=rss
db62548c61b5ebc0dc57d55ead4f977a77e8f1d9a4ab3c535c4fa7a6f06dbce5,2024-11-14 04:15:19.200851+00:00,hu,hirtv.hu,hirtv.hu,2020-05-22,Fővárosi Fidesz: Karácsony nem mond igazat,http://hirtv.hu/ahirtvhirei/fovarosi-fidesz-karacsony-nem-mond-igazat-2501928?utm_source=feed&utm_medium=rss
f908a0dbd972d2a66a699e01fc61503d580a6089eb1babcda7059cbab0d58a8f,2024-11-14 04:15:19.100742+00:00,hu,hirtv.hu,hirtv.hu,2020-05-22,Rendőröket bántalmaznak a migránsok Brüsszelben,http://hirtv.hu/hirtvkulfold/rendoroket-bantalmaznak-a-migransok-brusszelben-2501929?utm_source=feed&utm_medium=rss
ee6960d80f480dd3d91295efccdba22299aa58bbcc1fe28fc9e73c1cd106112d,2024-11-14 04:15:19.027979+00:00,hu,hirtv.hu,hirtv.hu,2020-05-22,Új GPS készülékeket kapott az Országos Mentőszolgálat,http://hirtv.hu/ahirtvhirei/uj-gps-keszulekeket-kapott-az-orszagos-mentoszolgalat-2501927?utm_source=feed&utm_medium=rss
d6f1c7b8b6065c9545f9252b2489ba65e461b42fe55c802e01cfde97a51c314a,2024-11-14 04:15:18.934235+00:00,hu,hirtv.hu,hirtv.hu,2020-05-22,Ripost: Egy dolgozó terjeszthette a vírust a Pesti Úti Idősek Otthonában,http://hirtv.hu/ahirtvhirei/ripost-egy-dolgozo-terjeszthette-a-virust-a-pesti-uti-idosek-otthonaban-2501923?utm_source=feed&utm_medium=rss
20ca38425cce609ce66f5a785d9432dca7bd2a91a0bf7687110160428186b867,2024-11-14 04:15:18.924184+00:00,hu,hirtv.hu,hirtv.hu,2020-05-22,Izer Norbert: Magyarország a vírussal szembeni első fordulót megnyerte,http://hirtv.hu/ahirtvhirei/izer-norbert-magyarorszag-a-virussal-szembeni-elso-fordulot-megnyerte-2501924?utm_source=feed&utm_medium=rss
c6cbbd769408856e612951221596746135de0981f30a5764fac25d61629e3483,2024-11-14 04:15:18.912811+00:00,hu,hirtv.hu,hirtv.hu,2020-05-22,Véget értek az írásbeli érettségi vizsgák,http://hirtv.hu/ahirtvhirei/veget-ertek-az-irasbeli-erettsegi-vizsgak-2501922?utm_source=feed&utm_medium=rss
79f9252b2008e3d2f84fed46dd3b081354fc5574e001cfafdb10e91c6550a257,2024-11-14 04:15:18.880872+00:00,hu,hirtv.hu,hirtv.hu,2020-05-22,Törvénytelenül gazdálkodott a DK,http://hirtv.hu/ahirtvhirei/torvenytelenul-gazdalkodott-a-dk-2501920?utm_source=feed&utm_medium=rss
40aa89398edf0df41972e4e160c8b4b95e9bcf81f2441e8152d8757662e86f8f,2024-11-14 04:15:18.805200+00:00,hu,hirtv.hu,hirtv.hu,2020-05-22,FBI: Terrorista merénylet történt a texasi katonai támaszponton,http://hirtv.hu/hirtvkulfold/fbi-terrorista-merenylet-tortent-a-texasi-katonai-tamaszponton-2501912?utm_source=feed&utm_medium=rss
40a0c3c24bb7ddc5b6c0ebcce332d87092faec7523eee58c3e65795a98fe3c25,2024-11-14 04:15:18.787119+00:00,hu,hirtv.hu,hirtv.hu,2020-05-22,Ezer maszkot kapott a Semmelweis Egyetem,http://hirtv.hu/ahirtvhirei/ezer-maszkot-kapott-a-semmelweis-egyetem-2501913?utm_source=feed&utm_medium=rss
c106013f9034384f62bd4ab310e18828c07afc1f69d3323fb23e4f0a72264194,2024-11-14 04:15:18.714085+00:00,hu,hirtv.hu,hirtv.hu,2020-05-22,Világgazdaság: A fővárosi plázák látogatószáma heteken belül elérheti a korábbi szintet,http://hirtv.hu/hirtv_gazdasagi_hirei/vilaggazdasag-a-fovarosi-plazak-latogatoszama-heteken-belul-elerheti-a-korabbi-szintet-2501911?utm_source=feed&utm_medium=rss
594412019a65406d19cb75cef9a42d889dae75353f427c9551f363317ba74c19,2024-11-14 04:15:18.713485+00:00,hu,hirtv.hu,hirtv.hu,2020-05-22,A Bajcsy-kórházra hárítaná a felelősséget a főpolgármester,http://hirtv.hu/ahirtvhirei/a-bajcsy-korhazra-haritana-a-felelosseget-a-fopolgarmester-2501914?utm_source=feed&utm_medium=rss
c72b1db05ebf3c72217a45c10b6caea6a9f1c9ddac2e2f1f362d0a27044e737b,2024-11-14 04:15:18.623903+00:00,hu,hirtv.hu,hirtv.hu,2020-05-22,"Két embert megöltek Budapesten, a Deák téren egy verekedésben",http://hirtv.hu/ahirtvhirei/ket-embert-megoltek-budapesten-a-deak-teren-egy-verekedesben-2501907?utm_source=feed&utm_medium=rss
59f66d06faf7dfa7bb4c59ac591b3dba0978a79c2d678f7fe2122aff51d0c7d5,2024-11-14 04:15:18.621895+00:00,hu,hirtv.hu,hirtv.hu,2020-05-22,3678 főre nőtt a beazonosított fertőzöttek száma és elhunyt 3 idős krónikus beteg,http://hirtv.hu/ahirtvhirei/3678-fore-nott-a-beazonositott-fertozottek-szama-es-elhunyt-3-idos-kronikus-beteg-2501909?utm_source=feed&utm_medium=rss
1a4ddf09c6adba0c41fb882a00b7e03dc4ebef4e9cbe60626746484340b31b08,2024-11-14 04:10:05.564476+00:00,hu,hirtv.hu,hirtv.hu,2020-05-22,Palkovics: zavartalan a Zalazone járműipari tesztpálya építése,http://hirtv.hu/ahirtvhirei/palkovics-zavartalan-a-zalazone-jarmuipari-tesztpalya-epitese-2501940?utm_source=feed&utm_medium=rss
0198acefe6d9e9134749bb9e0f684a48aa561a400a0fac311e4d6d26fe6bc9cf,2024-11-14 04:10:05.534992+00:00,hu,hirtv.hu,hirtv.hu,2020-05-22,Veszélyes a brüsszeli forgatókönyv,http://hirtv.hu/ahirtvhirei/veszelyes-a-brusszeli-forgatokonyv-2501939?utm_source=feed&utm_medium=rss
62b261d88595340999c4b46dfa28966919cc5922459a0bed1376e8bccd3e3370,2024-11-14 04:10:05.478885+00:00,hu,hirtv.hu,hirtv.hu,2020-05-22,Nincs túlélője a pakisztáni repülőgép-szerencsétlenségnek,http://hirtv.hu/hirtvkulfold/nincs-tuleloje-a-pakisztani-repulogep-szerencsetlensegnek-2501933?utm_source=feed&utm_medium=rss
fb7680f674254d71365d24901cfa9cb51f9aa8e27b88fe779297f4f8fce58336,2024-11-14 04:05:02.302183+00:00,hu,hirtv.hu,hirtv.hu,2020-05-22,Egy napja töltötte be 18. életévét a feltételezett Deák téri késelő,http://hirtv.hu/ahirtvhirei/egy-napja-toltotte-be-18-eletevet-a-feltetelezett-deak-teri-keselo-2501943?utm_source=feed&utm_medium=rss
cfa5b64a68eaf6d6b1918c40f51ed4a7a2a92a97b82d4a16afec4137444e5d33,2024-11-14 04:04:02.273504+00:00,hu,infostart.hu,infostart.hu,2020-05-22,Az Agrárminisztérium szerint az európai mezőgazdaság halálos ítélete lehet a Green Deal,https://infostart.hu/gazdasag/2020/05/22/az-agrarminiszterium-szerint-az-europai-mezogazdasag-halalos-itelete-is-lehet-a-green-deal
fe395362f1881351896caade36a725018f5eb11cb8f4b3ed5984624ae2e8face,2024-11-14 03:59:54.740627+00:00,hu,hirtv.hu,hirtv.hu,2020-05-22,Tiltakozik a pécsi Fidesz az óvodák több száz milliós elvonása ellen,http://hirtv.hu/ahirtvhirei/tiltakozik-a-pecsi-fidesz-az-ovodak-tobb-szaz-millios-elvonasa-ellen-2501944?utm_source=feed&utm_medium=rss
428530a758e969bd491013d84038c610d58eb402f928d6ec760b6c8cd4cfe962,2024-11-14 03:59:54.689011+00:00,hu,hirtv.hu,hirtv.hu,2020-05-22,Terrortámadás Texasban,http://hirtv.hu/hirtvkulfold/terrortamadas-texas-ban-2501942?utm_source=feed&utm_medium=rss
4401dcc9257b95e0231fce13229b5c70b76a23da2b840f968700e105dd4ba357,2024-11-14 03:59:54.685365+00:00,hu,hirtv.hu,hirtv.hu,2020-05-22,Varga Mihály: A bankrendszer stabil,http://hirtv.hu/ahirtvhirei/varga-mihaly-a-bankrendszer-stabil-2501941?utm_source=feed&utm_medium=rss
631924f90a87008be8891fc9b3d9c87a449822e6e55d30928581508af886604d,2024-11-14 03:54:52.777354+00:00,hu,hirtv.hu,hirtv.hu,2020-05-22,Hidvéghi Balázs a nemzetközi sajtóban megvédte a kormányt és annak döntéseit,http://hirtv.hu/hirtvkulfold/hidveghi-balazs-a-nemzetkozi-sajtoban-megvedte-a-kormanyt-es-annak-donteseit-2501948?utm_source=feed&utm_medium=rss
35c9ba5d5f6e902ffb9eba7d55159422e79ab2582be9c474bdd76ed44f3090e8,2024-11-14 03:54:52.694190+00:00,hu,hirtv.hu,hirtv.hu,2020-05-22,Már látogathatók a fertődi Esterházy-kastély parkjai,http://hirtv.hu/kultura/mar-latogathatok-a-fertodi-esterhazy-kastely-parkjai-2501945?utm_source=feed&utm_medium=rss
d64010928e6ea971b33f9d8d29378e825331a6476b80ffd736db3e738d122bb1,2024-11-14 03:49:51.389693+00:00,hu,hirtv.hu,hirtv.hu,2020-05-22,Jelentősen csökkent az elhunytak száma Belgiumban,http://hirtv.hu/hirtvkulfold/jelentosen-csokkent-az-elhunytak-szama-belgiumban-2501949?utm_source=feed&utm_medium=rss
d3d920fa0e5e05a771f37192b2455ccb9df6d5b9b9db1de6ca0fda33af974d96,2024-11-14 03:49:49.867576+00:00,hu,hirtv.hu,hirtv.hu,2020-05-22,A baloldal a járvány kezdete óta akadályozza a védekezést,http://hirtv.hu/ahirtvhirei/a-baloldal-a-jarvany-kezdete-ota-akadalyozza-a-vedekezest-2501950?utm_source=feed&utm_medium=rss
e8027e6c8a5aad6356188289f9499bc26144a5e21a844bfca34d4979b155de3c,2024-11-14 03:49:49.844290+00:00,hu,hirtv.hu,hirtv.hu,2020-05-22,Több tucat migráns érkezett Leszboszra,http://hirtv.hu/hirtvkulfold/tobb-tucat-migrans-erkezett-leszboszra-2501952?utm_source=feed&utm_medium=rss
03fddbb9e7d0c39fa37a9aca33cbc287f97b4c39de95723c7ac2fc2561b08763,2024-11-14 03:44:58.313294+00:00,hu,hirtv.hu,hirtv.hu,2020-05-22,Bocsánatkérésre szólítja fel a DK-t a CÖF,http://hirtv.hu/ahirtvhirei/bocsanatkeresre-szolitja-fel-a-dk-t-a-cof-2501954?utm_source=feed&utm_medium=rss
ca7e58f4c3932061e64e839a022ffbb54c6d7597013086f469d0df016f0b99d7,2024-11-14 03:44:58.242971+00:00,hu,hirtv.hu,hirtv.hu,2020-05-22,Zöldövezet: Napi 24 órás ügyelet az állatokért Mályin,http://hirtv.hu/ahirtvhirei/zoldovezet-napi-24-oras-ugyelet-az-allatokert-malyin-2501951?utm_source=feed&utm_medium=rss
345716e9a49e804807a14b736b1c286f32e995da3735f7f97af56f389c91aa02,2024-11-14 03:40:00.419666+00:00,hu,hirtv.hu,hirtv.hu,2020-05-22,SZTE: Védekezéshez szükséges eszközök 840 millió forint értékben,http://hirtv.hu/ahirtvhirei/szte-vedekezeshez-szukseges-eszkozok-840-millio-forint-ertekben-2501961?utm_source=feed&utm_medium=rss
52371d253a838ae70872eb762d901d124aed63dc801a09050581c32d923730cd,2024-11-14 03:40:00.402702+00:00,hu,hirtv.hu,hirtv.hu,2020-05-22,Fákat vágatott ki Pikó András a VIII. kerületben,http://hirtv.hu/ahirtvhirei/fakat-vagatott-ki-piko-andras-a-viii-keruletben-2501960?utm_source=feed&utm_medium=rss
0e02ef6c9ab9e34638ee71659bb3f962d5768a79131e476eb5b55ad720fad984,2024-11-14 03:40:00.289541+00:00,hu,hirtv.hu,hirtv.hu,2020-05-22,Folyamatosan járőröznek a szerb katonák,http://hirtv.hu/hirtvkulfold/folyamatosan-jaroroznek-a-szerb-katonak-2501959?utm_source=feed&utm_medium=rss
bdf18bfe5a2416ee5e437864e10afa89347d8e0a554b9226e1b53e0af864b599,2024-11-14 03:40:00.189709+00:00,hu,hirtv.hu,hirtv.hu,2020-05-22,Megérkezett az utolsó berendezés is,http://hirtv.hu/ahirtvhirei/megerkezett-az-utolso-berendezes-is-2501958?utm_source=feed&utm_medium=rss
16d401409b99781aba2268e0e2f624f532e39534daf1e2033c584123f7f214ee,2024-11-14 03:40:00.067657+00:00,hu,hirtv.hu,hirtv.hu,2020-05-22,Gyurcsányt többször is kezelte Kásler Miklós,http://hirtv.hu/ahirtvhirei/gyurcsanyt-tobbszor-is-kezelte-kasler-miklos-2501957?utm_source=feed&utm_medium=rss
3c571f853b38941dbf400484d375f2599b13317e9a7fd69c24f37903d3996b5c,2024-11-14 03:40:00.005114+00:00,hu,hirtv.hu,hirtv.hu,2020-05-22,Új pihenőparkot adtak át Budapest XII. kerületében,http://hirtv.hu/ahirtvhirei/uj-pihenoparkot-adtak-at-budapest-xii-keruleteben-2501956?utm_source=feed&utm_medium=rss
2627bd9a3f875ead04bc5f1486f85622c028c2bd2fdfbcc3a901dc64242ac323,2024-11-14 03:39:59.933399+00:00,hu,hirtv.hu,hirtv.hu,2020-05-22,György László: Júniusban indulhat a Zöld Nemzeti Bajnokok Program,http://hirtv.hu/ahirtvhirei/gyorgy-laszlo-juniusban-indulhat-a-zold-nemzeti-bajnokok-program-2501955?utm_source=feed&utm_medium=rss
1f6fbd9eda12fa2032e3966551c5abc1272d9197c350a4f169f055baeddbd79f,2024-11-14 03:34:09.205859+00:00,hu,hirtv.hu,hirtv.hu,2020-05-22,Kim Dzsong Un újabb három hete nem jelent meg a nyilvánosság előtt,http://hirtv.hu/hirtvkulfold/kim-dzsong-un-ujabb-harom-hete-nem-jelent-meg-a-nyilvanossag-elott-2501962?utm_source=feed&utm_medium=rss
3dad7bd87930ed3a13d2dfa5c7f695a20b013b575db3531a15c5a6e1ccbcbb83,2024-11-14 03:34:09.203611+00:00,hu,hirtv.hu,hirtv.hu,2020-05-22,Nézzük a pluszt és nézzük a mínuszt,http://hirtv.hu/plusz-minusz/nezzuk-a-pluszt-es-nezzuk-a-minuszt-2501963?utm_source=feed&utm_medium=rss
7c2d229ed7ea346b1c1992420977161f8b263e6e495223d6640b89ad0ac96eba,2024-11-14 03:28:39.429387+00:00,hu,hirtv.hu,hirtv.hu,2020-05-22,Hat terroristát likvidáltak Dagesztánban,http://hirtv.hu/hirtvkulfold/hat-terroristat-likvidaltak-dagesztanban-2501966?utm_source=feed&utm_medium=rss
28fdfb8d9311835031a17a4e87f4c6777129aa4b2ca09ce9e56d3e368a62a0f8,2024-11-14 03:28:39.186203+00:00,hu,hirtv.hu,hirtv.hu,2020-05-22,Orbán: Egész Európára veszélyes döntést hoztak az Európai Bíróságon,http://hirtv.hu/ahirtvhirei/orban-egesz-europara-veszelyes-dontest-hoztak-az-europai-birosagon-2501965?utm_source=feed&utm_medium=rss
e46bbce098c5517fc6792b02d92e4b54d2330cc9103b71dda114dcf9f3dd1016,2024-11-14 03:23:50.876070+00:00,hu,hirtv.hu,hirtv.hu,2020-05-22,"Bodnár Attila: Nincs ellentmondás, csak ismerniük kellene amiről beszélnek",http://hirtv.hu/magyarorszageloben/dr-bodnar-attila-nincs-ellentmondas-csak-ismerniuk-kellene-amirol-beszelnek-2501969?utm_source=feed&utm_medium=rss
c0ba711ad8f1c7671f097439257a3c150a3dee22f1e78198d144f1027048d23b,2024-11-14 03:23:50.679262+00:00,hu,hirtv.hu,hirtv.hu,2020-05-22,Két hónap alatt több mint 403 ezer munkahely szűnt meg Romániában,http://hirtv.hu/hirtv_gazdasagi_hirei/ket-honap-alatt-tobb-mint-403-ezer-munkahely-szunt-meg-romaniaban-2501967?utm_source=feed&utm_medium=rss
02dfd1365c77b7333d55c90b0d99bf6a20f1cd3765d208c755c3d9edfd38b267,2024-11-14 03:10:37.549710+00:00,hu,hirtv.hu,hirtv.hu,2020-05-22,Bakondi György: Tranzitzónák nélkül is marad a szigorú határőrizet,http://hirtv.hu/magyarorszageloben/bakondi-gyorgy-tranzitzonak-nelkul-is-marad-a-szigoru-hatarorizet-2501977?utm_source=feed&utm_medium=rss
6718d6a8354405cee95bc3e223766f4be654dd2cb1e43d2ae77ae4e4f8bb3248,2024-11-14 03:10:37.494615+00:00,hu,hirtv.hu,hirtv.hu,2020-05-22,WHO: Dél-Amerika lett a járvány új gócpontja,http://hirtv.hu/hirtvkulfold/who-del-amerika-lett-a-jarvany-uj-gocpontja-2501976?utm_source=feed&utm_medium=rss
c57ec8a2a4005a4e5ac0bc24aab13dc3f67b851a9c7965e8bde5ffb3a4903294,2024-11-14 03:10:37.411848+00:00,hu,hirtv.hu,hirtv.hu,2020-05-22,Szécsi Zoltán: Szó szerint életmentés történt,http://hirtv.hu/hirtvsport/szecsi-zoltan-szo-szerint-eletmentes-tortent-2501974?utm_source=feed&utm_medium=rss
32ba13f9e0e4f60092276ed3a5671d9956fdaed62f41b2332f6e6c9eac7103c4,2024-11-14 03:10:37.395740+00:00,hu,hirtv.hu,hirtv.hu,2020-05-22,Elhunyt a Ghymes együttes billentyűse,http://hirtv.hu/kultura/elhunyt-a-ghymes-egyuttes-billentyuse-2501972?utm_source=feed&utm_medium=rss
7d3a9393e67b134a9c4a7ea29c5139422692b92a77a47e4c6b3b2bf691db7179,2024-11-14 02:47:35.066903+00:00,hu,hirtv.hu,hirtv.hu,2020-05-22,"Elhunyt Sitku Ernő, 149-szeres válogatott kosárlabdázó",http://hirtv.hu/hirtvsport/elhunyt-sitku-erno-149-szeres-valogatott-kosarlabdazo-2501983?utm_source=feed&utm_medium=rss
f911d17cf05cf3470c3892654d210db0e116bf4992c39e2774c1bab1d87f6041,2024-11-14 00:44:48.305697+00:00,hu,hvg.hu,hvg.hu,2020-05-23,Lehet-e fenntartható a pálmaolaj?,http://hvg.hu/gazdasag.zhvg/20200523_fenntarthatosag_palmaolaj_azsia_indonezia_szegenyseg#rss
93016335f198dd9d8e99950fee0d5cda4fa67dad97f424e7bc88dc9bcca07d84,2024-11-14 00:02:25.814232+00:00,hu,infostart.hu,infostart.hu,2020-05-24,"Duplán fog fájni a Föld élőlényeinek most zajló, hatodik kihalása",https://infostart.hu/tudomany/2020/05/24/az-emberiseg-ugy-el-mintha-17-fold-allna-a-rendelkezesere
482855621089efaa1b549f864de731242ea72350c362f5ea91affcace60d800d,2024-11-13 04:56:52.315682+00:00,hu,vaol.hu,vaol.hu,2020-05-30,"A járvány sok embernek átrendezte az életét, a gondolkodását – Dr. Székely Jánossal beszélgettünk",https://www.vaol.hu/kozelet/helyi-kozelet/a-jarvany-sok-embernek-atrendezte-az-eletet-a-gondolkodasat-dr-szekely-janossal-beszelgettunk-4014990/
b58b71e861bcec2285e36277f9b471baba70f58093e5b39fc0f273525bca29f6,2024-11-12 23:22:55.764887+00:00,hu,ripost.hu,ripost.hu,2024-11-12,Orbán Viktor: A józan ész vezérelte klímapolitikára van szükség,https://ripost.hu/politik/2024/11/orban-viktor-a-jozan-esz-vezerelte-klimapolitikara-van-szukseg
983c3626f16ec8593c823d7def109acef75c1746b5256264c0063d0256b868f8,2024-11-12 23:21:41.970239+00:00,hu,magyarnemzet.hu,magyarnemzet.hu,2020-06-02,Veszélyben a biológiai sokféleség,https://magyarnemzet.hu/belfold/veszelyben-a-biologiai-sokfeleseg-8189123/
20e41c2307a63210a7b176a97281783aee06c2a1659e13d57f6fe3914db8deda,2024-11-12 17:41:35.054043+00:00,hu,szon.hu,szon.hu,2020-06-04,Teljesíthetetlenek a célok,https://szon.hu/gazdasag/helyi-gazdasag/teljesithetetlenek-a-celok-3950907/
5ec4cdf90f6fdc5516dde16c546376b6b41bab5d2a02575c5a48d6f2297525d7,2024-11-12 16:17:49.017451+00:00,hu,hvg.hu,hvg.hu,2020-06-05,Eddig kudarcot vallott az EU agrárpolitikája a biológiai sokféleség megőrzésében,http://hvg.hu/gazdasag.zhvg/20200605_Eddig_kudarcot_vallott_az_EU_agrarpolitikaja_a_biologiai_sokfeleseg_megorzeseben#rss
d956639eb4b381e3271ba06532e66ad395a0553cc7313337c8aa6c5bd0d0596f,2024-11-12 14:29:17.343948+00:00,hu,index.hu,index.hu,2020-06-06,"Mondjunk búcsút a nagy, öreg fáknak",https://index.hu/techtud/2020/06/06/mondjunk_bucsut_a_nagy_oreg_faknak/
7eb4b3ee69c0c4fc11208a0ff28179b482d76e0ea813db1fa99742b82102163f,2024-11-12 13:53:40.141660+00:00,hu,24.hu,24.hu,2020-06-07,"Európa 30 milliárd eurót áldoz a természetre, ha elfogadjuk",https://24.hu/tudomany/2020/06/07/eu-biodiverzitas-farm-to-fork-mezogazdasag-strategia-baldi-andras-okologia/
afcd6011b6c903ea9b143f6d3c543459f508304a66a5dda522f6227ab8b66120,2024-11-12 13:27:35.737029+00:00,hu,boon.hu,boon.hu,2020-06-07,Natura 2000 díjas lehet a Bükki Nemzeti Park projektje,https://boon.hu/eletstilus/helyi-eletstilus/natura-2000-dijas-lehet-a-bukki-nemzeti-park-projektje-4309533/
9d0a99de1b1ac673677deeffad5986e902d9a8d1800c211e566f16921a37774a,2024-11-12 07:13:17.239329+00:00,hu,hvg.hu,hvg.hu,2020-06-11,Megelőzné a következő járványt? Mondjon le a pálmaolajról!,http://hvg.hu/elet/20200611_Okologus_uj_normalis_aszalos_reka_biodiverzitas_kornyezetvedelem#rss
2df4338fb7be88c8947613aa388e67a0c7bcbd002ea4a3922737d303ca994707,2024-11-12 04:04:38.191573+00:00,hu,boon.hu,boon.hu,2020-06-14,Jó hír a tobzoskáknak: lekerültek a kínai orvoslás listájáról,https://boon.hu/egyperces/jo-hir-a-tobzoskaknak-lekerultek-a-kinai-orvoslas-listajarol-4328646/
54b569f0fa1fdf7ae6c543785fb6ae60e32c4646ec7c64beab275a873cfd09fb,2024-11-12 04:02:49.250862+00:00,hu,bama.hu,bama.hu,2020-06-14,Jó hír a tobzoskáknak: lekerültek a kínai orvoslás listájáról,https://www.bama.hu/egyperces/jo-hir-a-tobzoskaknak-lekerultek-a-kinai-orvoslas-listajarol-2580000/
444764e2dce2402a3fd7ef10e5e48571bd62372b062a561dfd29cc78d41ae022,2024-11-12 03:22:58.092906+00:00,hu,pestisracok.hu,pestisracok.hu,2020-06-14,Ezt nem gondoltuk volna az agrárminiszterről! – valamiért nagyon rajong!,https://pestisracok.hu/ezt-nem-gondoltuk-volna-az-agrarminiszterrol-valamiert-nagyon-rajong/?utm_source=rss&utm_medium=rss&utm_campaign=ezt-nem-gondoltuk-volna-az-agrarminiszterrol-valamiert-nagyon-rajong
88a63b5916c8fdb2d196f7822b24a451c25a48be3021d7bc08a1103f87041b21,2024-11-12 02:59:23.031942+00:00,hu,delmagyar.hu,delmagyar.hu,2020-06-14,Jó hír a tobzoskáknak: lekerültek a kínai orvoslás listájáról,https://www.delmagyar.hu/egyperces/jo-hir-a-tobzoskaknak-lekerultek-a-kinai-orvoslas-listajarol-6534081/?utm_source=rssfeed
8888900ef5e12c442d70e5f76515279404984daa5b6b68a182a5829349ef526f,2024-11-12 02:52:42.571604+00:00,hu,hvg.hu,hvg.hu,2020-06-15,"A vadludak, az évi 100 millió forint és egy kisváros turisztikai vonzereje",http://hvg.hu/kkv/20200615_tata_szalloda_avalon_hell#rss
6728bdb9330610401359b723470cec65bf4e89f2a53cb3db6dd533cf2dee78d1,2024-11-12 02:34:35.379648+00:00,hu,hvg.hu,hvg.hu,2020-06-15,Gazdagabb környékeken nagyobb a biológiai sokféleség,http://hvg.hu/gazdasag.zhvg/20200615_Gazdagabb_kornyekeken_kulonosen_a_szaraz_videkeken_nagyobb_a_biologiai_sokfeleseg#rss
d0a2c57e0e01466728e2de53527a466032e2e0034e54d86717e7f137a0e4fa25,2024-11-12 02:29:12.267699+00:00,hu,nepszava.hu,nepszava.hu,2020-06-15,Gazdagabb környéken változatosabb az élővilág,https://nepszava.hu/3081637_gazdagabb-kornyeken-valtozatosabb-az-elovilag
bf5fe5f1b3cecd469bb8662d494eafeea40020c2fa548f29385559d7bfc94511,2024-11-12 00:55:46.109986+00:00,hu,hvg.hu,hvg.hu,2020-06-16,Minierdőkkel küzdenének Európában a klímaváltozás ellen,http://hvg.hu/gazdasag.zhvg/20200616_minierdo_erdo_faultetes_europa_miyawaki_klimavaltozas#rss
ebc092f824f84609e8b6a4f47796fc568bc55bf4d586da77220e6aa4ee5090aa,2024-11-12 00:50:17.590985+00:00,hu,infostart.hu,infostart.hu,2020-06-16,Alaptörvény-ellenes az erdőtörvény 2017-es módosítása,https://infostart.hu/belfold/2020/06/16/megsemmisitette-az-alkotmanybirosag-az-erdotorveny-2017-es-modositasanak-tobb-rendelkezeset
b9dcc0914576a16eacecb760454e971cb4bfe9f1a1419e73c4047ba909683756,2024-11-11 20:20:58.157047+00:00,hu,pestisracok.hu,pestisracok.hu,2020-06-19,ENSZ: a koronavírus egy vészjelzés az emberiségnek,https://pestisracok.hu/ensz-a-koronavirus-egy-veszjelzes-az-emberisegnek/?utm_source=rss&utm_medium=rss&utm_campaign=ensz-a-koronavirus-egy-veszjelzes-az-emberisegnek
e7a77729aab6b98e6ec1db177c84851615785b43ba94260282ddcee264bfe913,2024-11-11 19:56:55.884880+00:00,hu,444.hu,444.hu,2020-06-19,"ENSZ, WHO, WWF: A világjárványok a természet szétverésének a következményei",https://444.hu/2020/06/19/ensz-who-wwf-a-vilagjarvanyok-a-termeszet-szetveresenek-a-kovetkezmenyei
087254c4cbaef6d062367394cea82bb695c25fec5bffbf6f614b16872df12520,2024-11-11 14:48:44.482624+00:00,hu,vg.hu,vg.hu,2020-06-23,A bolygó a járvány után,https://www.vg.hu/velemeny/a-kozgazdaszok/a-bolygo-a-jarvany-utan-2-2339723/
aa3de3ba796b2f72a1b082a7e76b4b73c55d631d23f6bc746c0ca957ca262057,2024-11-11 13:31:44.364169+00:00,hu,nepszava.hu,nepszava.hu,2020-06-24,40 évnyi vízfogyasztásra elegendő jeget veszítettek az új-zélandi gleccserek,https://nepszava.hu/3082714_40-evnyi-vizfogyasztasra-elegendo-jeget-veszitettek-az-uj-zelandi-gleccserek
8eb6f1b83380696e020214266594a5531091252dacad23f33aa45c3ace677c36,2024-11-11 08:19:52.461461+00:00,hu,zaol.hu,zaol.hu,2020-06-28,Természetesebb erdők – Egyre fontosabb a közjóléti szempontok érvényesítése is,https://www.zaol.hu/eletstilus/helyi-eletstilus/termeszetesebb-erdok-egyre-fontosabb-a-kozjoleti-szempontok-ervenyesitese-is-4297601/
3aea7d0793b8e2b20965a2dcd420720e07fcbc70d9af69b4eb4e043bad5bcc46,2024-11-10 15:33:10.990070+00:00,hu,hvg.hu,hvg.hu,2020-07-09,"A gazdaságnak is jót tenne, ha természetvédelmi terület lenne a Föld a harmada",http://hvg.hu/gazdasag.zhvg/20200709_termeszetvedelem_gazdasag_klimavaltozas_ocean_szarazfold#rss
6426f9160bd084253420912ddd09f2bfc06a7e4671319680456a8a31f2ef3b2b,2024-11-10 01:15:22.206169+00:00,hu,index.hu,index.hu,2020-07-17,Meglepett arcú hibridhalat hoztak véletlenül létre magyar tudósok,https://index.hu/techtud/2020/07/17/haki_szent_istvan_egyetem_debreceni_egyetem_nemzeti_biodiverzitas-_es_genmegorzesi_kozpont_lapatorru_tok_vagotok/
d0bce8e8cb3d51fcd7ed7c3771741e8df7fb2738288a14ad730fb160de103acb,2024-11-10 00:54:33.594702+00:00,hu,hvg.hu,hvg.hu,2020-07-17,Magyar kutatók véletlenül létrehoztak egy bizarr külsejű halhibridet,http://hvg.hu/tudomany/20200717_magyar_kutatok_halfajta_halak_hibrid_vagotok_lapatorru_tok_haki#rss
fd92db8909ce5f4f506413282409a137ff832cd66124908a6528d4284cb89756,2024-11-10 00:51:15.665088+00:00,hu,hirtv.hu,hirtv.hu,2020-07-17,Afrika biológiai sokféleségére és vadvédelmére is fenyegetést jelent a járvány,http://hirtv.hu/hirtvkulfold/afrika-biologiai-sokfelesegere-es-vadvedelmere-is-fenyegetest-jelent-a-jarvany-2505305?utm_source=feed&utm_medium=rss
6c8b5ef5387da1ebdc189d40a3a542e5a903fa84f2788da35dd8f90962982467,2024-11-09 23:48:55.798861+00:00,hu,nepszava.hu,nepszava.hu,2020-07-18,Afrika vadvédelmére is fenyegetést jelent a járvány,https://nepszava.hu/3085396_afrika-vadvedelmere-is-fenyegetest-jelent-a-jarvany
4e133158f85a35551ab9cc62201a5d381ed5a92c055027da21a949d146eeca7e,2024-11-09 22:58:59.376166+00:00,hu,24.hu,24.hu,2020-07-19,"Kipusztítottunk egy állatot, ami életeket menthetett volna",https://24.hu/tudomany/2020/07/19/beka-keteltu-gyogyitas-termeszet/
c1b5e24e82c3e718089986b09724ba1ba2bf10354ed2b7f9b1deae15c07d14a3,2024-11-09 21:38:49.509230+00:00,hu,nepszava.hu,nepszava.hu,2020-07-20,Hibrid delfinbébit mutattak be Japánban,https://nepszava.hu/3085536_hibrid-delfinbebit-mutattak-be-japanban
f5eea2239e983c60d24083c5739ef54d183824b5ebbe60719d7128439e3c58ca,2024-11-09 19:23:07.435414+00:00,hu,index.hu,index.hu,2024-11-09,Eltűnhetnek a francia sajtok a polcokról,https://index.hu/tudomany/2024/11/09/sajt-erjesztes-globalis-felmelegedes-gomba/
9dd33e760bd510c87dee98f21e521d1e9cdfcb125d129ed13954e76fd251ee01,2024-11-09 12:17:12.016435+00:00,hu,hvg.hu,hvg.hu,2020-07-29,Egy szobában voltunk közel egymillió méhhel,http://hvg.hu/elet/20200729_Egy_szobaban_kozel_egymillio_mehhel_a_mez_utan_mar_a_kaptarlevego_is_fogyaszthato#rss
84992b6b08515f429d401351094235b95ab8f89ef01fdbe96dba34c8b6417280,2024-11-09 05:02:18.848839+00:00,hu,hvg.hu,hvg.hu,2020-08-03,"""Egy járvány idején osztozunk a hülyeség kockázataiban""",http://hvg.hu/gazdasag.zhvg/20200803_2020_lehet_az_az_ev_amikor_elkezdenek_kihalni_az_individualista_tarsadalmak#rss
c24ba95d56296f89c5415e95777da32479d96d0ddf716aabbeab5b0adfd48fbd,2024-11-07 19:24:10.776377+00:00,hu,origo.hu,origo.hu,2024-11-07,A fák világszerte a kihalás felé tartanak,https://www.origo.hu/tudomany/2024/11/a-fak-vilagszerte-a-kihalas-fele-tartanak
c8abb790a4433d2079254d3ecfcd2bbc249f72155ba9f8a711aebff3f18c9ce7,2024-11-07 16:46:52.910409+00:00,hu,bama.hu,bama.hu,2020-08-28,Denevér-hotellánc az erdőkben,https://www.bama.hu/pr/denever-hotellanc-az-erdokben-2813939/
714ef60a54125df95c8d00c859d558102407fb082c3eb2bd7ef4de484a854cbf,2024-11-07 12:18:49.099771+00:00,hu,hvg.hu,hvg.hu,2024-11-07,Ausztráliában betiltanák a közösségi média használatát a 16 éven alattiaknak,https://hvg.hu/elet/20241107_Ausztralia-kozossegi-media-tiltas-16-ev-alatt#rss
48726f97aee4c78540d8e0a59a8c9e4bf5cf7c2ccf7fbc621c12d221e2e8073a,2024-11-07 11:47:01.440214+00:00,hu,origo.hu,origo.hu,2024-11-07,A sündisznók kihalása elkerülhetetlennek tűnik,https://www.origo.hu/tudomany/2024/11/sundisznok-kihalasa-elkerulhetetlen-lehet
dc544e2bc7b1ed4b01530c87d3e25ec2951fd637d2bff5586ba9ce70b71f77db,2024-11-07 11:23:50.216057+00:00,hu,hvg.hu,hvg.hu,2024-11-07,"Eltűnt egy amerikai nő a bulinegyedben, a Szimplából adott utoljára életjelet magáról",https://hvg.hu/itthon/20241107_Eltunt-egy-amerikai-no-a-bulinegyedben-utoljara-a-Szimpla-Kertben-lattak#rss
ec1417e0d4d5d1d451991c9f2d7f01e83a0c6e7ab634bf463857a9e27efaf192,2024-11-07 01:51:25.521379+00:00,hu,demokrata.hu,demokrata.hu,2020-08-30,Visszatérnek a nagyragadozók,https://demokrata.hu/zold-jovo/visszaternek-a-nagyragadozok-278593/
e6fb78f21ad3e7c5e9f95d05de447cfd6803db4576f8de6ea9e34bb50ec8a0b4,2024-11-06 22:17:30.693161+00:00,hu,hvg.hu,hvg.hu,2024-11-06,Drónokkal támadták az ukránok az oroszok Kaszpi-tengeri flottájának bázisait,https://hvg.hu/vilag/20241106_dron-kaszpi-tenger-bazis#rss
b0491c48d584185928c6d60cb13ff1e2b0217138770fdde770f9d23842b493f1,2024-11-06 22:17:15.449068+00:00,hu,hvg.hu,hvg.hu,2024-11-06,Volt amerikai izraeli nagykövet: Iránban rettegnek Donald Trumptól,https://hvg.hu/vilag/20241106_trump-iran-izrael-nagykovet-biden#rss
87145dd9f35b33bb8e144ac8d9a7933a37f6b614f3c8d51990deaf72014937cd,2024-11-06 20:19:47.342385+00:00,hu,hvg.hu,hvg.hu,2024-11-06,"Magyar turisták halhattak meg Üzbegisztánban, amikor rázuhant egy szikla egy autóra",https://hvg.hu/vilag/20241106_magyar-turistak-uzbegisztan-szikla-auto-baleset#rss
e94dc0a0db2764e7f49a4e88130f90001276196e6e94c4970115267d99da6511,2024-11-06 15:33:39.943608+00:00,hu,hvg.hu,hvg.hu,2024-11-06,"Magyar Péter nőjogi konferenciát szervez, nem is maradt válasz nélkül a Fidesz részéről",https://hvg.hu/itthon/20241106_Magyar-Peter-nojogi-konferenciat-szervez-errol-Szentkiralyi-Alexandranak-is-megvan-a-velemenye#rss
a56cb13b581ebf557889a857b02c5a8e7d4daf5d53d90ab0a2cb915ae31c69da,2024-11-06 15:27:47.390996+00:00,hu,magyarnemzet.hu,magyarnemzet.hu,2024-11-06,A körforgásos gazdaság lehet a kiút a fenntarthatatlan gazdálkodásból,https://magyarnemzet.hu/gazdasag/2024/11/a-korforgasos-gazdasag-lehet-a-kiut-a-fenntarthatatlan-gazdalkodasbol?utm_source=hirstart&utm_medium=referral&utm_campaign=hiraggregator
61c164a6c158a91496f5c39d413c96e60baaafa8e9257b2811d7a658f7dd8561,2024-11-06 14:21:24.648196+00:00,hu,hvg.hu,hvg.hu,2024-11-06,Kína kémkedés miatt kivégez egy volt kormányzati alkalmazottat,https://hvg.hu/vilag/20241106_Kina-kemkedes-miatt-kivegez-egy-volt-kormanyzati-alkalmazottat#rss
172c1073ba32ee2f2f9057f5df2b1b4800f104037a24e60371169e8f2022ac57,2024-11-06 12:23:40.386309+00:00,hu,hvg.hu,hvg.hu,2024-11-06,Putyin inkább nem akar gratulálni Trump győzelméhez,https://hvg.hu/vilag/20241106_putyin-trump-gyozelem-gratulacio#rss
27a69caebe90bbabfba1987d5d5d1d07d56245ccf35c7540aa4936179859d3d7,2024-11-06 04:34:45.339847+00:00,hu,24.hu,24.hu,2020-09-01,Magyar tudósok fordultak a kormányhoz az MTM ügyében,https://24.hu/tudomany/2020/09/01/muzeum-koltozes-debrecen-nemzeti-vagyonmanyhoz-az-mtm-ugyeben/
111e6b6b9f33923eb119efb5e7a8ae82a3493b9fe062c3879a3121091c148b97,2024-11-05 18:31:20.560781+00:00,hu,hvg.hu,hvg.hu,2024-11-05,A Kreml nem ismeri el a moldovai választás eredményét,https://hvg.hu/vilag/20241105_Moldova-valasztas-Oroszorszag-Kreml-Putyin#rss
516ba78b1504fdfcb8ab2aae7e82b5041ad1e20b5dd14707fa829509795dd719,2024-11-05 18:29:36.611251+00:00,hu,hvg.hu,hvg.hu,2024-11-05,"Fegyelmit indítana a Fidesz a letartóztatott Kiss Lászlóval szemben, mert még mindig fizetést kap",https://hvg.hu/itthon/20241105_fegyelmit-eljaras-fidesz-kiss-laszlo#rss
9a724c74148640f8439a0e145a1df33424ef34fd906e0e4ae5c6ceb55ccc0990,2024-11-05 16:31:11.729869+00:00,hu,hvg.hu,hvg.hu,2024-11-05,"A közpénzt már sajnálják rá, magántőkéből remélik megóvni a Föld természetes élőhelyeit",https://hvg.hu/gazdasag/20241105_cop16-fajkihalas-megakadalyozasa-biodiverzitas-bioszfera-termeszetes-elohelyek-vedelme-ensz#rss
7aac059327ffedadf5aeeffc55a01864a767afb4d30682ded5b9c22a326a73f4,2024-11-05 16:29:53.140860+00:00,hu,hvg.hu,hvg.hu,2024-11-05,Kötelezők lesznek a brüsszeli jogállamisági ajánlások – különben nem lesz pénz,https://hvg.hu/eurologus/20241105_jogallamisag_europai_bizottsag_europai_parlament#rss
fd1b01108b1ac2f0cb7f2d0a94ec4f6580524862c94dceaf502fdebcabfa5e24,2024-11-05 07:29:01.919914+00:00,hu,merce.hu,merce.hu,2021-11-23,Klímavédelem és bevándorlás « Mérce,https://merce.hu/2021/11/23/klimavedelem-es-bevandorlas/
8c836433778fda131730c933c307126490b482aae1f7ace2bde14bedd569511f,2024-11-04 15:27:33.960782+00:00,hu,haon.hu,haon.hu,2021-11-26,Az intermodális központról is volt szó a megyei közgyűlésen,https://haon.hu/kozelet/helyi-kozelet/az-intermodalis-kozpontrol-is-volt-szo-a-megyei-kozgyulesen-5868758/
88b8d1dbc4dc976be7b3058bba8f127b81f2ccf96e14ea3b3c81684ff47b0dca,2024-11-04 09:23:56.314987+00:00,hu,nepszava.hu,nepszava.hu,2024-11-04,"Csalódással zárult a Cop16, a a világ legnagyobb természetvédelmi konferenciájának a résztvevői nem tudtak döntést hozni az egyik legnagyobb kérdésről",https://nepszava.hu/3256334_cop16-termeszetvedelem-biologiai-sokfeleseg-csalodas
4dcb696add946f92824579aa9433a385ad2d4474e57e553225caa07aa45f5c59,2024-11-04 05:06:51.810778+00:00,hu,kisalfold.hu,kisalfold.hu,2021-11-30,Áder János: a globális cselekvés nemzetállami tettekkel válhat eredményessé,https://www.kisalfold.hu/orszag-vilag/ader-janos-a-globalis-cselekves-nemzetallami-tettekkel-valhat-eredmenyesse-11627834/
e324b0845165c140149d3ff375975c64b7597039a5264e87fcc1f5f1bbafe1f4,2024-11-04 05:06:23.972091+00:00,hu,boon.hu,boon.hu,2021-11-30,Áder János: a globális cselekvés nemzetállami tettekkel válhat eredményessé,https://boon.hu/orszag-vilag/ader-janos-a-globalis-cselekves-nemzetallami-tettekkel-valhat-eredmenyesse-6044636/
07c7477aad5ae5781bab02dd2042c51d22c3bfd574719e6c36676c5b95647c95,2024-11-04 05:06:00.842549+00:00,hu,delmagyar.hu,delmagyar.hu,2021-11-30,Áder János: a globális cselekvés nemzetállami tettekkel válhat eredményessé,https://www.delmagyar.hu/orszag-vilag/ader-janos-a-globalis-cselekves-nemzetallami-tettekkel-valhat-eredmenyesse-8193947/
c69153dd0fddaa6b7f99a741dbe8136c4c7298427d5aa53165ecec8b5cc2c6a1,2024-11-04 05:05:12.564350+00:00,hu,zaol.hu,zaol.hu,2021-11-30,Áder János: a globális cselekvés nemzetállami tettekkel válhat eredményessé,https://www.zaol.hu/orszag-vilag/ader-janos-a-globalis-cselekves-nemzetallami-tettekkel-valhat-eredmenyesse-5818970/
ac708585f9ec05c87a65dcad143dd28a045f6ac215106e3c9bcbcef37ba9489a,2024-11-04 05:05:04.857520+00:00,hu,haon.hu,haon.hu,2021-11-30,Áder János: a globális cselekvés nemzetállami tettekkel válhat eredményessé,https://haon.hu/orszag-vilag/ader-janos-a-globalis-cselekves-nemzetallami-tettekkel-valhat-eredmenyesse-5878007/
fc1a4a427d05f2a19b868f17cc5282a6a147fd9ea22d4705214d930b53176781,2024-11-04 05:04:52.031534+00:00,hu,vaol.hu,vaol.hu,2021-11-30,Áder János: a globális cselekvés nemzetállami tettekkel válhat eredményessé,https://www.vaol.hu/orszag-vilag/ader-janos-a-globalis-cselekves-nemzetallami-tettekkel-valhat-eredmenyesse-5522015/
67a88a231ef62f292e689c958a03735920b7121995266454fc08d22a312823e3,2024-11-04 05:04:48.782675+00:00,hu,bama.hu,bama.hu,2021-11-30,Áder János: a globális cselekvés nemzetállami tettekkel válhat eredményessé,https://www.bama.hu/orszag-vilag/ader-janos-a-globalis-cselekves-nemzetallami-tettekkel-valhat-eredmenyesse-4283078/
4db39ba766e1802ad32f4aca6ec87cf65f5670915ecbc96b7b3c76a80904ab0c,2024-11-04 05:04:42.015817+00:00,hu,heol.hu,heol.hu,2021-11-30,Áder János: a globális cselekvés nemzetállami tettekkel válhat eredményessé,https://www.heol.hu/orszag-vilag/ader-janos-a-globalis-cselekves-nemzetallami-tettekkel-valhat-eredmenyesse-4161530/
de28f1972ea0f5ba0ba48ba5f5108241a1d0a2e0a0a9535dea945322ded462b7,2024-11-04 05:04:22.667899+00:00,hu,baon.hu,baon.hu,2021-11-30,Áder János: a globális cselekvés nemzetállami tettekkel válhat eredményessé,https://www.baon.hu/orszag-vilag/ader-janos-a-globalis-cselekves-nemzetallami-tettekkel-valhat-eredmenyesse-4513652/
51cadf716d258230e116055961c67c308e1041729b032f91f67607842387a29c,2024-11-04 05:04:17.004226+00:00,hu,szon.hu,szon.hu,2021-11-30,Áder János: a globális cselekvés nemzetállami tettekkel válhat eredményessé,https://szon.hu/orszag-vilag/ader-janos-a-globalis-cselekves-nemzetallami-tettekkel-valhat-eredmenyesse-5592638/
79ceed7f9abf654fcb405f26ac5ff647e9f58329959d5fa20e2d02c0a9822287,2024-11-04 05:04:14.419737+00:00,hu,sonline.hu,sonline.hu,2021-11-30,Áder János: a globális cselekvés nemzetállami tettekkel válhat eredményessé,https://www.sonline.hu/orszag-vilag/ader-janos-a-globalis-cselekves-nemzetallami-tettekkel-valhat-eredmenyesse-4582598/
bc075afd58fd7fa139c45cbe50948c9fb5aecbc3ab17ebbe65a43435ee074822,2024-11-04 05:04:11.436979+00:00,hu,szoljon.hu,szoljon.hu,2021-11-30,Áder János: a globális cselekvés nemzetállami tettekkel válhat eredményessé,https://www.szoljon.hu/orszag-vilag/ader-janos-a-globalis-cselekves-nemzetallami-tettekkel-valhat-eredmenyesse-4054835/
2504af569a75bd7dc9c39f83339c64bbc499fbf1b5fd6958df42860f48b0f540,2024-11-04 04:42:16.301861+00:00,hu,beol.hu,beol.hu,2021-11-30,Áder János: a globális cselekvés nemzetállami tettekkel válhat eredményessé,https://www.beol.hu/orszag-vilag/ader-janos-a-globalis-cselekves-nemzetallami-tettekkel-valhat-eredmenyesse-4551650/
3b357bf1aa3e5caf2277da17ba8dfbf3e73a2e541e2ac4b72fa1e4d5099d3065,2024-11-04 04:42:13.728363+00:00,hu,origo.hu,origo.hu,2021-11-30,Áder János: A globális cselekvés nemzetállami tettekkel válhat eredményessé,https://www.origo.hu/itthon/20211130-ader-janos-planet-2021-kornyezetvedelem.html
9f87c8dfd6d298f17ca7086cc1cd0f442ef707239a68fb642ce7b6194141a41b,2024-11-04 04:42:00.931369+00:00,hu,teol.hu,teol.hu,2021-11-30,Áder János: a globális cselekvés nemzetállami tettekkel válhat eredményessé,https://www.teol.hu/orszag-vilag/ader-janos-a-globalis-cselekves-nemzetallami-tettekkel-valhat-eredmenyesse-4235060/
1812d3c3c6adc7a683c8793d33a600f2674591e60811ae410a28339dbcca9ad3,2024-11-04 04:35:05.915656+00:00,hu,demokrata.hu,demokrata.hu,2021-11-30,Áder János: nemzetállami tettekkel válhat eredményessé a cselekvés,https://demokrata.hu/zold-jovo/ader-janos-nemzetallami-tettekkel-valhat-eredmenyesse-a-cselekves-456719/
e52aafe6bb960ab8aa1719f8b0ae94d84bf6e900913f521ef995e3f592c780d2,2024-11-04 03:48:47.214258+00:00,hu,index.hu,index.hu,2021-11-30,"Áder János: Számít, hogy mennyi időnk van, de az még inkább, hogy mit kezdünk vele",https://index.hu/belfold/2021/11/30/ader-janos-szamit-hogy-mennyi-idonk-van-de-az-meg-inkabb-hogy-mit-kezdunk-vele-kornyezetvedelem-planet-budapest/
a9902819aae458feb4c5fda26dc90184204704578fd6119d69b24d9f18f2adf0,2024-11-04 03:44:31.896003+00:00,hu,infostart.hu,infostart.hu,2021-11-30,"Áder János a klímaváltozásról: az számít, mit kezdünk az időnkkel",https://infostart.hu/belfold/2021/11/30/ader-janos-a-klimavaltozasrol-az-szamit-mit-kezdunk-az-idonkkel
6393772401fdb61f3ba3adeffcf637c9da2ea37d167815d20eace38676f33416,2024-11-03 18:31:29.057350+00:00,hu,origo.hu,origo.hu,2021-12-02,Kormánybiztos: A Planet 2021 konferencia sikeresen hozzájárul a fenntarthatósági fordulat előmozdításához,https://www.origo.hu/itthon/20211202-kormanybiztos-a-konferencia-sikeresen-hozzajarul-a-fenntarthatosagi-fordulat-elomozditasahoz.html
b2f311aa841c907bd289b14464c4803b000ed9d54c966eb8dc220448e4df98cb,2024-11-03 17:54:38.003389+00:00,hu,mandiner.hu,mandiner.hu,2021-12-02,"Planet 2021: Cselekedni kell azoknak, akik tenni akarnak a fenntarthatóságért!",https://mandiner.hu/cikk/20211202_planet_2021_cselekedni_kell_azoknak_akik_tenni_akarnak_a_fenntarthatosagert
a11ac501943488b7f3b6fd965a2a23528e7daf9e129f391bc82d14c1fe7aecc4,2024-11-03 00:02:43.627124+00:00,hu,pestisracok.hu,pestisracok.hu,2021-12-08,"Áder János szerint a klímaválság nemcsak probléma, hanem üzleti lehetőség is",https://pestisracok.hu/ader-janos-szerint-a-klimavalsag-nemcsak-problema-hanem-uzleti-lehetoseg-is/
15fdfc0574eb0be6bc4c3f23e03243457080b6f0e2caa00a9748eae5d243055d,2024-11-02 23:58:10.128631+00:00,hu,teol.hu,teol.hu,2021-12-08,"Áder János: a klímaválság nemcsak probléma, de üzleti lehetőség is",https://www.teol.hu/egyperces/ader-janos-a-klimavalsag-nemcsak-problema-de-uzleti-lehetoseg-is-4257989/
d3158215daecd3bcc4e9b2ca8c5da14cdf8e33ca9aadf0a27c5ba324ddf1ec0a,2024-11-02 23:58:03.681986+00:00,hu,heol.hu,heol.hu,2021-12-08,"Áder János: a klímaválság nemcsak probléma, de üzleti lehetőség is",https://www.heol.hu/egyperces/ader-janos-a-klimavalsag-nemcsak-problema-de-uzleti-lehetoseg-is-4184960/
1ce58cc3256c914e100c5c7fe4a6c0f54edce3b85c1957b469eaef8f93368e47,2024-11-02 23:57:02.496374+00:00,hu,delmagyar.hu,delmagyar.hu,2021-12-08,"Áder János: a klímaválság nemcsak probléma, de üzleti lehetőség is",https://www.delmagyar.hu/egyperces/ader-janos-a-klimavalsag-nemcsak-problema-de-uzleti-lehetoseg-is-8220614/
8ff16e0910c67266ded8d202446139b74faebe3f48d74c680933229c1a3f2eb8,2024-11-02 23:56:50.424131+00:00,hu,szoljon.hu,szoljon.hu,2021-12-08,"Áder János: a klímaválság nemcsak probléma, de üzleti lehetőség is",https://www.szoljon.hu/egyperces/ader-janos-a-klimavalsag-nemcsak-problema-de-uzleti-lehetoseg-is-4076147/
3bf8bd7ef5c5b887ca1c1d8260a812db046440e3e3b6c22413677658ee44375e,2024-11-02 23:55:47.178068+00:00,hu,duol.hu,duol.hu,2021-12-08,"Áder János: a klímaválság nemcsak probléma, de üzleti lehetőség is",https://www.duol.hu/egyperces/ader-janos-a-klimavalsag-nemcsak-problema-de-uzleti-lehetoseg-is-4848620/
78d575678d1876ef67990a68f18f0ce902242f93b80b395da74999da121241d5,2024-11-02 23:55:40.795190+00:00,hu,haon.hu,haon.hu,2021-12-08,"Áder János: a klímaválság nemcsak probléma, de üzleti lehetőség is",https://haon.hu/egyperces/ader-janos-a-klimavalsag-nemcsak-problema-de-uzleti-lehetoseg-is-5902883/
c4575369f733cd51c5406a91ef95237da07f26abaf8eb1450b5fa6a235692f2e,2024-11-02 23:55:21.915159+00:00,hu,bama.hu,bama.hu,2021-12-08,"Áder János: a klímaválság nemcsak probléma, de üzleti lehetőség is",https://www.bama.hu/egyperces/ader-janos-a-klimavalsag-nemcsak-problema-de-uzleti-lehetoseg-is-4304597/
41232440252da4d3982892c83b41d2d248af589487bed2b332956ce196fdff5e,2024-11-02 23:55:10.118308+00:00,hu,boon.hu,boon.hu,2021-12-08,"Áder János: a klímaválság nemcsak probléma, de üzleti lehetőség is",https://boon.hu/egyperces/ader-janos-a-klimavalsag-nemcsak-problema-de-uzleti-lehetoseg-is-6069629/
71b9166221365c55f23db9b2b3b914c7d202f12af21f2172e7efa7049c5bdf3c,2024-11-02 23:53:05.464806+00:00,hu,szon.hu,szon.hu,2021-12-08,"Áder János: a klímaválság nemcsak probléma, de üzleti lehetőség is",https://szon.hu/egyperces/ader-janos-a-klimavalsag-nemcsak-problema-de-uzleti-lehetoseg-is-5615213/
00f689438446befeb46b76a23fc7a2f0debf89d81dc914289655bbdb62a8ba89,2024-11-02 23:51:00.753881+00:00,hu,atv.hu,atv.hu,2021-12-08,"Áder János: a klímaválság nemcsak probléma, de üzleti lehetőség is",http://www.atv.hu/belfold/20211208-ader-janos-a-klimavalsag-nemcsak-problema-de-uzleti-lehetoseg-is
da5898511c9af640ba49455d4c9747e9956a125edc8449a651ac2360539d567a,2024-11-02 23:17:36.658156+00:00,hu,infostart.hu,infostart.hu,2024-11-02,"Hezbollah-vezér izraeli kézen, gyermek áldozatok az újvidéki tragédiában",https://infostart.hu/napinfo/2024/11/02/hezbollah-vezer-izraeli-kezen-gyermek-aldozatok-az-ujvideki-tragediaban-a-nap-hirei
1117f8d2ff171c84df296e5f1b4a4c20d3ffc54e4b6cfb55e9052e6bf6932af8,2024-11-02 10:38:39.428844+00:00,hu,kuruc.info,kuruc.info,2024-11-02,- COP16: őslakostestület fogja segíteni a biodiverzitás melletti harcot,https://kuruc.info/r/4/280263/
6e1a7c48a0c527047a6a5572cc1bbefeee3bbe90305b48151727a51b11e109d9,2024-11-02 09:21:48.430489+00:00,hu,merce.hu,merce.hu,2021-12-12,"Élelmiszer-önrendelkezés: lehetőségek, feladatok, esélyek és korlátok « Mérce",https://merce.hu/2021/12/12/elelmiszer-onrendelkezes-lehetosegek-feladatok-eselyek-es-korlatok/
6ded42ed17a991c05d7e453319ac3c6b88ff111211654f380b1ad5ac154c8ae1,2024-11-01 17:35:18.157155+00:00,hu,napi.hu,napi.hu,2021-12-16,"Váralanul módosított a parlament, a védett erdőkkel is lehet üzletelni",https://www.napi.hu/magyar-gazdasag/wwf-termeszetvedelem-agrarminiszter-ader-janos-erdogazdasag-eladas-nemzeti-park.742318.html
c43b620035b101a97c0141f37121805e16c22f6cd0bec33cf43cdd9bdececeac,2024-11-01 17:26:55.170566+00:00,hu,magyarnarancs.hu,magyarnarancs.hu,2021-12-16,Figyelmeztet a WWF: veszélybe kerülhetnek az erdők egy elfogadott törvénymódosítás miatt,https://magyarnarancs.hu/belpol/figyelmeztet-a-wwf-veszelybe-kerulhetnek-az-erdok-egy-elfogadott-torvenymodositas-miatt-244469
4dfb6662b549be0b9c2bb323681d00f2ec8e6e118a880b464b2d197d1cc60c3c,2024-11-01 16:21:03.497966+00:00,hu,merce.hu,merce.hu,2021-12-16,Védett területek magánkézbe játszását könnyíti a titokban áttolt új törvénymódosítás « Mérce,https://merce.hu/2021/12/16/vedett-teruletek-magankezbe-jatszasat-konnyiti-a-titokban-attolt-uj-torvenymodositas/
3e1af44e06ceae6cd207e8b83bfba299c6a7f57b84ebdc4ee0844e1ac151f7fd,2024-10-30 08:26:41.644331+00:00,hu,vg.hu,vg.hu,2024-10-30,Agrárminiszter: Magyarország sokat tett a sokféleség megőrzéséért,https://www.vg.hu/vilaggazdasag-magyar-gazdasag/2024/10/agrarminiszter-magyarorszag-sokat-tett-a-sokfeleseg-megorzeseert?utm_source=hirstart&utm_medium=referral&utm_campaign=hiraggregator
88276a8c5c6521c81156de4b043c6854309b61ee52427cf147832a4525d3149c,2024-10-30 08:25:54.231090+00:00,hu,demokrata.hu,demokrata.hu,2024-10-30,A biodiverzitás fontosságáról beszélt Nagy István,https://demokrata.hu/magyarorszag/a-biodiverzitas-fontossagarol-beszelt-nagy-istvan-904118/
67cd0624401f28cb88808faee0a4f3abf46aa125026a42ea45d7f688ad7ac869,2024-10-29 15:32:15.704721+00:00,hu,nepszava.hu,nepszava.hu,2024-10-29,"Európa felszíni vizeinek csupán egyharmada minősül jónak vagy annál jobb állapotúnak, Magyarország tavainak és folyóinak többsége közepes állapotú",https://nepszava.hu/3255650_europa-felszini-viz-szennyezes-pohar
59a8a542afa2cb9aa12b97064b2f98924becc164f03b2575c8057d74466d6dae,2024-10-29 15:32:03.799751+00:00,hu,nepszava.hu,nepszava.hu,2024-10-29,"Tiszta vizet öntenénk a pohárba, de nem lehet, Európa felszíni vizeinek csupán egyharmada minősül legalább jó állapotúnak",https://nepszava.hu/3255341_europa-felszini-viz-szennyezes-pohar
be31ff780ef903951b6f87bfbf0819e050546c8037564ddf30ba19eaaf6bdc78,2024-10-28 05:01:26.485538+00:00,hu,mandiner.hu,mandiner.hu,2021-12-21,Michal Kravčík: Mindennek az alapja a víz – Kassa megyében nekifogtak a tájat regenerálni,https://mandiner.hu/cikk/20211221_mindennek_az_alapja_a_viz_kassa_megyeben_nekifogtak_a_tajat_regeneralni
894f166f0ffef9a18288b3c054ad935f1e12e0a96692f60e031dbbddc75e6b8b,2024-10-27 06:25:41.705974+00:00,hu,index.hu,index.hu,2024-10-27,"Az éghajlatváltozás kétszer olyan súlyos lehet, mint azt korábban jósolták",https://index.hu/tudomany/2024/10/27/globalis-felmelegedes-klimacel-homerseklet-emelkedes/
73c18b5c940403d765b47cac8b154b9e2ba20ec2a66ce596621d5c9920af5ddf,2024-10-25 18:14:13.703402+00:00,hu,portfolio.hu,portfolio.hu,2021-12-24,Jövőre 60 éves az EU közös agrárpolitikája: siker vagy kudarc?,https://www.portfolio.hu/krtk/20211224/jovore-60-eves-az-eu-kozos-agrarpolitikaja-siker-vagy-kudarc-517846
6a3d5ab135c33b8bffd29016d33e15db557057a72eb160a6dd28a6eaee4f2b0a,2024-10-25 11:31:48.126393+00:00,hu,sonline.hu,sonline.hu,2024-10-25,Megjelent az új agrár-környezetgazdálkodási támogatás pályázati felhívása,https://www.sonline.hu/helyi-gazdasag/2024/10/megjelent-az-uj-agrar-kornyezetgazdalkodasi-tamogatas-palyazati-felhivasa?utm_source=hirstart&utm_medium=referral&utm_campaign=hiraggregator
1d78990a7c8d57eaf11c2c6a5ca7ebc560cbe4ab22eb0828a675d70d5e6cbe54,2024-10-24 16:23:50.585963+00:00,hu,portfolio.hu,portfolio.hu,2024-10-24,Itt vannak az új agrár-környezetgazdálkodási támogatás feltételei,https://www.portfolio.hu/unios-forrasok/20241024/itt-vannak-az-uj-agrar-kornyezetgazdalkodasi-tamogatas-feltetelei-718699
9fd75856da12705d2cc0d000af1072452174217cd89f456591bdf8aaf5c52ba9,2024-10-24 01:35:27.304418+00:00,hu,hvg.hu,hvg.hu,2020-09-10,"WWF: Az életmódunkat is meg kell változtatni, hogy megakadályozzuk fajok kihalását",http://hvg.hu/gazdasag.zhvg/20200910_elo_bolygo_jelentes_wwf_biodiverzitas#rss
dedab9d014955887b97f8eb5d3e248dfb41027bf9e9f3286a1655a6bf17fcd27,2024-10-24 01:34:13.954603+00:00,hu,hvg.hu,hvg.hu,2020-09-10,Két magyar válogatott birkózó koronavírusos,http://hvg.hu/sport/20200910_valogatott_birkozo_koronavirus_jarvany#rss
700d10f29c8c5af864b23c3ccef607b191fbd53f12c3a9462bf968432fa47a86,2024-10-24 01:19:01.638298+00:00,hu,hvg.hu,hvg.hu,2020-09-10,Egy 80 éve elsüllyedt náci hadihajó roncsait találták meg Norvégia partjainál,http://hvg.hu/tudomany/20200910_karlsruhe_hadihajo_roncsai_norvegia_masodik_vilaghaboru#rss
5b791ef4966eee225d05ec9091a84c12c5f27593cf8be5d0193565990f20ff6f,2024-10-24 01:05:59.545336+00:00,hu,hvg.hu,hvg.hu,2020-09-10,Egy fehérvári iskolában is találtak koronavírus-fertőzöttet,http://hvg.hu/itthon/20200910_Egy_fehervari_iskolaban_is_fertozottet_talaltak#rss
73496360e7c9cef3d86699d4cf1040c435bde3a9036ce2ee0956e45d6779eb60,2024-10-24 01:00:23.523632+00:00,hu,index.hu,index.hu,2020-09-10,Riasztó mértékben csökkent 50 év alatt az állatfajok egyedszáma,https://index.hu/mindekozben/poszt/2020/09/10/wwf_allatvilag_faj_csokkenes_jelentes/
54e92002e23e8bb0bcc0cb40f7a96e909292eefb08a56f98d27d66e0fd5753ca,2024-10-24 00:18:58.626655+00:00,hu,hvg.hu,hvg.hu,2020-09-10,Gulyás: a kormány nem része az SZFE körüli vitának,http://hvg.hu/kultura/20200910_gulyas_kormany_szfe#rss
6319517b6631b147b72383d7d1fb4f1b814394c6adbcbcee28324d55dd420803,2024-10-23 23:30:52.885793+00:00,hu,hvg.hu,hvg.hu,2020-09-11,"A kaliforniai erdőtüzek megmutatják, mit jelent ránk nézve a klímaváltozás – galéria",http://hvg.hu/gazdasag.zhvg/20200911_kalifornia_erdotuz_tuzvesz_klimavaltozas#rss
1a2077429f381774e32966efe2a413cbf85726ede47912c53712670fe1afecba,2024-10-23 23:27:14.663882+00:00,hu,hvg.hu,hvg.hu,2020-09-11,Szerbiában már a harmadik hullámról beszélnek,http://hvg.hu/vilag/20200911_koronavirus_jarvany_szerbia_harmadik_hullam#rss
e715055118c2407356f547d52cdcc6ba01635e93a695a9677f6f011aa7ecd8f4,2024-10-23 23:14:46.496162+00:00,hu,hvg.hu,hvg.hu,2020-09-11,"Nem lesz karácsonyfája Bordeaux-nak, mert az új polgármesternek elege van a halott fákból",http://hvg.hu/gazdasag.zhvg/20200911_karacsonyfa_bordeauxj_polgarmester_halott_fak#rss
bfcee585b08a1bafe5ac13046836aebe571b8476f4c2380b152e6c6f93c70761,2024-10-23 22:42:01.348452+00:00,hu,hvg.hu,hvg.hu,2020-09-11,Klubrádió vs. Médiahatóság: egy háború újraindul,http://hvg.hu/itthon/20200911_Klubradio_per_arato_frekvencia_nmhh#rss
9af2ffcbb84e36d0cdf913887ecdff54ff673113a1dad53c6e093d0ac10f18b9,2024-10-23 18:59:40.194804+00:00,hu,hvg.hu,hvg.hu,2020-09-14,"Leállt a kompközlekedés, visszatérnek a delfinek a Hongkong körüli vizekbe",http://hvg.hu/gazdasag.zhvg/20200914_Leallt_a_kompkozlekedes_visszaternek_a_delfinek_a_Hongkong_koruli_vizekbe#rss
71ae74351e0cbd14c06a5b1c9906d342f7dddd49adc8b419adfdf7d4b6621110,2024-10-23 17:11:52.183098+00:00,hu,444.hu,444.hu,2020-09-15,ENSZ: A természet pusztulása elleni célok közül egyet sem sikerült teljesítenie a világnak,https://444.hu/2020/09/15/ensz-a-termeszet-pusztulasa-elleni-celok-kozul-egyet-sem-sikerult-teljesitenie-a-vilagnak
b8713ce498115a15663a311aa8992b4da486d952608fd7995e6e7d4dca0fc7dc,2024-10-23 17:05:21.512855+00:00,hu,portfolio.hu,portfolio.hu,2020-09-15,Elbukta a világ az egyik legfontosabb vizsgáját,https://www.portfolio.hu/gazdasag/20200915/elbukta-a-vilag-az-egyik-legfontosabb-vizsgajat-448878
44639820f68d2e50ba3cdf5819a040c5c5744a0c0e6a3cc37c8720916645b9e8,2024-10-23 15:56:41.896401+00:00,hu,nepszava.hu,nepszava.hu,2020-09-16,ENSZ: elbukott a világ a biodiverzitási célok teljesítésében,https://nepszava.hu/3092144_ensz-elbukott-a-vilag-a-biodiverzitasi-celok-teljesiteseben
081a88c6d00c936a4e4d8c9a8d8ab96d1f5d2a85e5ea3476711a84ded8972a14,2024-10-23 15:47:18.034603+00:00,hu,nepszava.hu,nepszava.hu,2020-09-16,Az északi félteke legmelegebb nyara volt az idei,https://nepszava.hu/3092145_az-eszaki-felteke-legmelegebb-nyara-volt-az-idei
37dd16572c175584a9ee363211f9d0964d4c98782af2d96bb8c2cc25268bee76,2024-10-23 15:32:34.883896+00:00,hu,magyarnemzet.hu,magyarnemzet.hu,2020-09-16,"Ha ez egy iskolai teszt lett volna, a világ megbukott volna",https://magyarnemzet.hu/mozaik/ha-ez-egy-iskolai-teszt-lett-volna-a-vilag-megbukott-volna-8673312/
88ffaa76936b2546231775b2385e442edc32daaa368aa939d8443425160ac8c1,2024-10-23 12:48:40.687351+00:00,hu,sonline.hu,sonline.hu,2024-10-23,Eljött a cselekvés ideje”: megkezdődött a 16. Biodiverzitás Csúcstalálkozó,https://www.sonline.hu/helyi-gazdasag/2024/10/eljott-a-cselekves-ideje-megkezdodott-a-16-biodiverzitas-csucstalalkozo?utm_source=hirstart&utm_medium=referral&utm_campaign=hiraggregator
4643364edbc51a061fef5b4572e1968ac93d8934ad99b3777a3cb7270444caa1,2024-10-23 11:27:54.324524+00:00,hu,nepszava.hu,nepszava.hu,2020-09-19,"Akkor sem lesz teljesen szelíd egy farkas, ha emberek között nő fel",https://nepszava.hu/3092509_akkor-sem-lesz-teljesen-szelid-egy-farkas-ha-emberek-kozott-no-fel
67e99600ffa4aa0cb43da2b5d90b727943083420d6ed8e5e21c5d34d0628106b,2024-10-23 11:27:54.281127+00:00,hu,nepszava.hu,nepszava.hu,2020-09-19,Átszabja az erdők arcát a klímaváltozás,https://nepszava.hu/3092564_atszabja-az-erdok-arcat-a-klimavaltozas
0789cc8a24e38cbdc637a418c60478676ccb640de56378479bdb0e9ed16236de,2024-10-23 10:20:18.991162+00:00,hu,sonline.hu,sonline.hu,2024-10-23,Zöld pénzügyi konferencia: a biodiverzitás megőrzése kulcs a gazdaságban,https://www.sonline.hu/helyi-kozelet/2024/10/zold-penzugyi-konferencia-a-biodiverzitas-megorzese-kulcs-a-gazdasagban?utm_source=hirstart&utm_medium=referral&utm_campaign=hiraggregator
636da8b6082e0d4f91b3d57557f9028faba13e78a41e0a47c7ef924f39cac41a,2024-10-23 08:53:50.812108+00:00,hu,nepszava.hu,nepszava.hu,2020-09-21,Megmenekült a krokodiloktól hemzsegő folyóba tévedt bálna,https://nepszava.hu/3092751_megmenekult-a-krokodiloktol-hemzsego-folyoba-tevedt-balna
23c26d45a86cb8c94eca0f69dd35bb8a62e44590729e91b6a9176ec5cf20bac9,2024-10-22 19:16:30.778464+00:00,hu,hvg.hu,hvg.hu,2020-09-29,"David Attenborough megkongatta a vészharangot, hamarosan egymillió faj halhat ki",http://hvg.hu/tudomany/20200929_david_attenborough_ensz_fajok_kihalasa_termeszeti_katasztrofa#rss
ae858fc8aedeafa8432c093a7254bf524e9987a44fa9497404c80b762efc249f,2024-10-22 17:43:16.048910+00:00,hu,boon.hu,boon.hu,2020-09-30,Hullámtéri tájgazdálkodás,https://boon.hu/kozelet/helyi-kozelet/hullamteri-tajgazdalkodas-4590835/
a23bc09faeb48ea9cd27805797d1b57b84ee2904839a8cc1bf136bdfaee12856,2024-10-22 17:39:04.452532+00:00,hu,hvg.hu,hvg.hu,2020-09-30,Elkészítik az ország poloskatérképét,http://hvg.hu/gazdasag.zhvg/20200930_Elkeszitik_az_orszag_poloskaterkepet#rss
ee2f6ff53c3e6cb6849015ebd7d74efd8b5b52f67d9518625cf1fe09253124e3,2024-10-22 17:35:22.353481+00:00,hu,index.hu,index.hu,2020-09-30,A növények kétötödét kihalás fenyegeti,https://index.hu/techtud/2020/09/30/novenyek_ketotode_kihalasi/
cba330d32e098bd645cb0f252744198a7315eacf875f7ad61c7cd3f3dc46348b,2024-10-22 17:31:41.870493+00:00,hu,nepszava.hu,nepszava.hu,2020-09-30,Spanyolországban is delfineket kellett menteni,https://nepszava.hu/3093812_spanyolorszagban-is-delfineket-kellett-menteni
9a2336ad71b48123af9778813b3115ddfd83b05371ce503efc801ebdf3407f5b,2024-10-22 17:31:41.786450+00:00,hu,nepszava.hu,nepszava.hu,2020-09-30,Kihalás fenyegeti a növények 40 százalékát,https://nepszava.hu/3093816_kihalas-fenyegeti-a-novenyek-40-szazalekat
5d23cd19311a3f244c2f03c082e6fec53588ca95f9fa440cbaf26bb9b89fedda,2024-10-22 17:31:10.297130+00:00,hu,444.hu,444.hu,2020-09-30,"Ha beüt a válság, újra szükségünk lehet majd a pásztorok tudására",https://444.hu/2020/09/30/ha-beut-a-valsag-ujra-szuksegunk-lehet-majd-a-pasztorok-tudasara
e7710b593e1004795e9b545a1fb2035980339daae4e491cbf8a8cc0adf4c5789,2024-10-22 17:30:29.097788+00:00,hu,origo.hu,origo.hu,2020-09-30,A növények kétötödét kihalás fenyegeti,https://www.origo.hu/tudomany/20200930-a-novenyek-ketotodet-kihalas-fenyegeti-a-kutatok-szerint.html
8b8a2a6da791c6e1e7ecf4ebb2826554f0dc1cf3f8101b8eeedd3b265c0d679a,2024-10-22 16:38:25.016007+00:00,hu,infostart.hu,infostart.hu,2020-09-30,Növekszik Magyarországon a kórházban ápoltak koronavírusos betegek aránya,https://infostart.hu/belfold/2020/09/30/novekszik-magyarorszagon-a-korhazban-apoltak-koronavirusos-betegek-aranya-napinfo
b37b9edcd9d430cd9d7414a64e6718fbe77d463c1061f30f0aa22ae8a692b31e,2024-10-22 16:11:29.188781+00:00,hu,zaol.hu,zaol.hu,2020-10-01,Áder János szerint a klímavédelem és a fenntarthatósági fordulat a városokban fog eldőlni,https://www.zaol.hu/kozelet/helyi-kozelet/ader-janos-szerint-a-klimavedelem-es-a-fenntarthatosagi-fordulat-a-varosokban-fog-eldolni-4553125/
f9c0e0959b5726b539f3b4ad29564a4beb7b1acf0da91ea4262abac5a2450d68,2024-10-22 15:33:18.638314+00:00,hu,hvg.hu,hvg.hu,2020-10-01,A világ növényeinek 40 százalékát is kihalás fenyegeti,http://hvg.hu/gazdasag.zhvg/20201001_A_vilag_novenyeinek_40_szazalekat_is_kihalas_fenyegeti#rss
843a2d45c60aa238b853ebca717ed5070a3fac6c274d9694f0916aabfb0d81b5,2024-10-22 15:15:21.133210+00:00,hu,hvg.hu,hvg.hu,2020-10-01,Zöld Újratervezés: Merre tovább?,http://hvg.hu/gazdasag.zhvg/20201001_Zold_Ujratervezes_Merre_tovabb#rss
499a3cb928e72a2139f6424888d531f6fff0db616f3a17b3de40c6c7794c6ad1,2024-10-22 14:18:45.815772+00:00,hu,24.hu,24.hu,2020-10-02,Tíz évet elvesztegetett az emberiség,https://24.hu/tudomany/2020/10/02/tiz-evet-elvesztegetett-az-emberiseg/
d254b7f348d3631b2f4e8ed2d502f568ef1d7c63c7678206cc01460d01b6d976,2024-10-22 13:58:02.013277+00:00,hu,origo.hu,origo.hu,2020-10-02,Újabb állat és növényfajok jelenhetnek meg Európában,https://www.origo.hu/tudomany/20201002-egyre-tobb-allat-es-novenyfaj-huzodhat-europa-fele-az-evszazad-kozepere.html
ee997ba2db1d35b25ce9ad67c111f5f9009c71a18b58f054546bda55a1f52efe,2024-10-22 13:49:29.596704+00:00,hu,boon.hu,boon.hu,2020-10-02,Növény- és állatfajok ezrei telepedhetnek le Európában,https://boon.hu/egyperces/noveny-es-allatfajok-ezrei-telepedhetnek-le-europaban-4601599/
45282796207a9256023a526abdecdddd3cef3b3cb0e6754bb07962560689630e,2024-10-22 13:48:26.615388+00:00,hu,haon.hu,haon.hu,2020-10-02,Növény- és állatfajok ezrei telepedhetnek le Európában,https://haon.hu/egyperces/noveny-es-allatfajok-ezrei-telepedhetnek-le-europaban-4396207/
3cc649a21e0318a755dbc4666c4eb542139550db3c01e5e5387b4cf09257235a,2024-10-22 13:48:06.973858+00:00,hu,szon.hu,szon.hu,2020-10-02,Növény- és állatfajok ezrei telepedhetnek le Európában,https://szon.hu/egyperces/noveny-es-allatfajok-ezrei-telepedhetnek-le-europaban-4232737/
6d39bace9cc232624851d55fa7f36c714b7dae36296c41a1045f9ec681107b70,2024-10-22 13:47:45.021587+00:00,hu,delmagyar.hu,delmagyar.hu,2020-10-02,Növény- és állatfajok ezrei telepedhetnek le Európában,https://www.delmagyar.hu/egyperces/noveny-es-allatfajok-ezrei-telepedhetnek-le-europaban-6877981/
0afb377fbf2605bb9a456ed8cee57301d70d4269048af6b53fdb0a37653da048,2024-10-22 13:45:01.914783+00:00,hu,magyarnemzet.hu,magyarnemzet.hu,2020-10-02,Egyre több állat- és növényfaj húzódhat Európa felé 2050-re,https://magyarnemzet.hu/mozaik/egyre-tobb-allat-es-novenyfaj-huzodhat-europa-fele-az-evszazad-kozepere-8751474/
fcc4fea28d0a725ea9ee1a6af5be2ac152eeb3559f3fea532a8d5018c82ca6d6,2024-10-22 13:40:38.125344+00:00,hu,nepszava.hu,nepszava.hu,2020-10-02,"Egyre több ""tájidegen"" állat- és növényfaj érkezik Európába",https://nepszava.hu/3094105_egyre-tobb-tajidegen-allat-es-novenyfaj-erkezik-europaba
b4059c3a5d7f7214948a896d4516cd3a47c3733fac6a1c28cd9c5da512d4865b,2024-10-22 13:18:44.378634+00:00,hu,hvg.hu,hvg.hu,2024-10-22,"Nem várt felfedezést tettek magyar tudósok, amikor a Covid eredetét kutatták",https://hvg.hu/tudomany/20241022_pecsi-tudomanyegyetem-sars-virusok-covid-19-eredetkutatas-felfedezes#rss
7c19daf6755a45a434e7e8f5918b7afb7cc7209f46d401ea82eb823ff3ffb629,2024-10-22 12:59:15.868730+00:00,hu,nepszava.hu,nepszava.hu,2020-10-03,Harc az ivóvízért – most már itthon is,https://nepszava.hu/3094176_harc-az-ivovizert--most-mar-itthon-is
2256addc1281dc6adada48168cefd39d096fd7be40eef0c0ca125da7e0d32558,2024-10-22 12:55:35.234987+00:00,hu,nepszava.hu,nepszava.hu,2020-10-03,„Otthon is eldobod?” – Elindult a Cigicsikkmentes október,https://nepszava.hu/3094109_otthon-is-eldobod--elindult-a-cigicsikkmentes-oktober
f5d63104225456471b94b521bb2542d66b8c457367ed52dcef63a67dbc8e8e12,2024-10-22 12:31:49.058532+00:00,hu,boon.hu,boon.hu,2020-10-03,Kihalás fenyegeti a növények kétötödét,https://boon.hu/egyperces/kihalas-fenyegeti-a-novenyek-ketotodet-4595047/
171d6681468891a957f31fe50766bb15661f0322d4d91489a4b20b5e0bc8ffda,2024-10-22 12:31:17.461870+00:00,hu,haon.hu,haon.hu,2020-10-03,Kihalás fenyegeti a növények kétötödét,https://haon.hu/egyperces/kihalas-fenyegeti-a-novenyek-ketotodet-4390207/
35641090f0b263901682b7aab0c95f73c9b3703007c1129860040ccbc0d3a77a,2024-10-22 12:30:45.079616+00:00,hu,szon.hu,szon.hu,2020-10-03,Kihalás fenyegeti a növények kétötödét,https://szon.hu/egyperces/kihalas-fenyegeti-a-novenyek-ketotodet-4226089/
f06514db22a76ee6d67942d430b92eabd938c5fe880dafab80ffc264f253ba0e,2024-10-22 12:30:32.504673+00:00,hu,teol.hu,teol.hu,2020-10-03,Kihalás fenyegeti a növények kétötödét,https://www.teol.hu/egyperces/kihalas-fenyegeti-a-novenyek-ketotodet-2812678/
ab214d63ab34fa0e66eacc697f200a59a2c53455f63406312b062b101aecdf35,2024-10-22 12:29:58.934493+00:00,hu,delmagyar.hu,delmagyar.hu,2020-10-03,Kihalás fenyegeti a növények kétötödét,https://www.delmagyar.hu/egyperces/kihalas-fenyegeti-a-novenyek-ketotodet-6871921/
8d745f42d1f5f309145a0d7bcf4ec19d3629239383a8aab668834db63753ece9,2024-10-22 12:29:46.889139+00:00,hu,bama.hu,bama.hu,2020-10-03,Kihalás fenyegeti a növények kétötödét,https://www.bama.hu/egyperces/kihalas-fenyegeti-a-novenyek-ketotodet-2902015/
1b050acbb074378b536dd52c694e49276d8db619690d4aab005df5c525f6c12c,2024-10-22 04:53:27.607657+00:00,hu,24.hu,24.hu,2020-10-08,Kishantos és a Greenpeace nyert a magyar állammal szemben,https://24.hu/tudomany/2020/10/08/kishantos-greenpeace-magyarorszag-per-itelet/
126170eab77f51480042db18db3d7fb2bd242c816c38b85d4dad8fc8ba5e53a5,2024-10-22 04:43:52.989012+00:00,hu,szon.hu,szon.hu,2020-10-08,Lehet-e az erdőt üzemnek tekinteni…?!,https://szon.hu/kozelet/helyi-kozelet/lehet-e-az-erdot-uzemnek-tekinteni-4247314/
4a2d5fff0f9ee87e69bfc0bd0acdd27c578722a7b4b679a618ff776b7984dff5,2024-10-22 04:24:24.593748+00:00,hu,magyarnemzet.hu,magyarnemzet.hu,2020-10-08,Bartha: Csak a gazdasági erdőknél szempont a nyereség,https://magyarnemzet.hu/orszagszerte/bartha-denes-csak-a-gazdasagi-erdoknel-szempont-a-nyereseg-8780053/
75fd1f588bb83eceb5b2c887f7a39d3d33d908db01a966a7a81fe44da9dfc8ea,2024-10-22 04:09:13.823530+00:00,hu,napi.hu,napi.hu,2020-10-08,Jogerős: Kishantos és a Greenpeace pert nyert a magyar állammal szemben,https://www.napi.hu/magyar_gazdasag/jogeros_kishantos_es_a_greenpeace_pert_nyert_a_magyar_allammal_szemben.715230.html
1532303f50b8a8ae448444d81db9c7de8036d9ed5b4755b61015bef8e7b18ebf,2024-10-21 20:53:11.672849+00:00,hu,origo.hu,origo.hu,2020-10-13,A világ országainak nagy részén csökken a biológiai sokféleség,https://www.origo.hu/tudomany/20201013-a-vilag-orszagainak-egyotodet-fenyegeti-az-okoszisztema-osszeomlasa.html
e86bed636c2c83b36459d1bdf7360ded8846a6aef017b6ba9bc402d244bbe15b,2024-10-21 16:53:34.868084+00:00,hu,merce.hu,merce.hu,2020-10-15,"A Néppárt, a szocialisták és a liberálisok együtt torpedóznák meg EU-s mezőgazdaság zöldítését « Mérce",https://merce.hu/2020/10/15/a-neppart-a-szocialistak-es-a-liberalisok-egyutt-torpedoznak-meg-eu-s-mezogazdasag-zolditeset/
b9986ef04a4c5ea37f463eb95d5e022af67e82a420c1aaebed9b34badc932622,2024-10-21 16:45:38.987607+00:00,hu,origo.hu,origo.hu,2020-10-15,Az elmúlt években jócskán megugrott a hazai biogazdálkodók száma,https://www.origo.hu/gazdasag/20201014-az-elmult-ot-evben-jocskan-megugrott-a-hazai-biogazdalkodok-szama.html
aeca7ed98d77b870b347f86d5b064d1f470dec09c9b05a0c01fcb802f6b1fb59,2024-10-21 13:26:50.768260+00:00,hu,demokrata.hu,demokrata.hu,2024-10-21,Áder János: Egyre súlyosabbak a klímaváltozás következményei,https://demokrata.hu/magyarorszag/ader-janos-minel-inkb-serul-a-biodiverzitas-annal-sulyosabbak-a-klimavaltozas-kovetkezmenyei-900128/
c7470c8cfab20bddb98b61a0c547aeed47f1c4bf295aac4e5022a34ad5942a52,2024-10-21 12:48:36.949272+00:00,hu,hvg.hu,hvg.hu,2020-10-17,"A klímaváltozás és a fajok kihalása is megállítható volna, ha hallgatnánk egy friss tanulmány szerzőire",http://hvg.hu/gazdasag.zhvg/20201017_klimavaltozas_helyreallitas_mezogazdasag_szen_dioxid#rss
1bec4d8b04a803911d03364902e2f7427b517a29031ffe7ce196ddf2b5ef9391,2024-10-21 10:10:19.279547+00:00,hu,origo.hu,origo.hu,2020-10-19,Hárommilliárd fát ültetnének a következő tíz évben,https://www.origo.hu/tudomany/20201019-elindultunk-a-zoldebb-jovo-fele.html
0bbe9fd0ab0232a77413cb55a3d1a7ef543671b7efe16cc5426b39024dee5724,2024-10-21 09:02:31.560771+00:00,hu,blikk.hu,blikk.hu,2020-10-20,"„Eljött az ideje annak, hogy megpróbáljuk rendezni a viszonyunkat a természettel” – Fontos lépést tettünk világunk megmentéséért",https://www.blikk.hu/aktualis/vilag-titkai/3-milliard-fa-kornyezetvedelem-biodiverzitas/4v1dn7h
fd92f5ad7f2bdb6a5f365d160f1783104bca4cb7f423e899e89a285cfcc8e6be,2024-10-21 08:27:13.970986+00:00,hu,beol.hu,beol.hu,2024-10-21,Szarvasi diákok nyerték a nagymúltú természetismereti verseny döntőjét,https://www.beol.hu/helyi-kozelet/2024/10/oszirozsa-termeszetismereti-vetelkedo-szarvas?utm_source=hirstart&utm_medium=referral&utm_campaign=hiraggregator
fa581f8cfea2cb66d4789ba2adccc5b5a824bd823950ce5ede3f6cf897f40ca5,2024-10-21 08:05:53.400202+00:00,hu,hvg.hu,hvg.hu,2020-10-20,"Ha nem vigyázunk, elveszíthetjük a lajhárokat",http://hvg.hu/gazdasag.zhvg/20201020_A_tropusi_erdok_pusztulasa_a_lajharokat_is_sulyosan_veszelyezteti#rss
2b04f96d309b6918cdfa7ca683b6911710172c50efe7199b8edb9c541a840cdf,2024-10-21 04:49:38.179241+00:00,hu,merce.hu,merce.hu,2020-10-22,Greenpeace: az EU új Közös Agrárpolitikája a természet halálos ítélete « Mérce,https://merce.hu/2020/10/22/greenpeace-az-eu-uj-kozos-agrarpolitikaja-a-termeszet-halalos-itelete/
faabd2b6aad291686791cba88713d8c2d1557e0d763d3236e75243e549b75e0c,2024-10-21 02:42:09.516943+00:00,hu,merce.hu,merce.hu,2020-10-23,Megszavazta az Európai Parlament a sokat kritizált Közös Agrárpolitikai Programot « Mérce,https://merce.hu/2020/10/23/megszavazta-az-europai-parlament-a-sokat-kritizalt-kozos-agrarpolitikai-programot/
42c6d2e7669ccc449dad473c610ba59b1129f61484e189bd7f41d4b1ca0a46b8,2024-10-21 01:58:03.783305+00:00,hu,index.hu,index.hu,2020-10-24,Szájbarágó: táplálkozási irányzatok,https://index.hu/techtud/2020/10/24/szajbarago_taplalkozasi_iranyzatok/
084e8f82483e37c894079cbdca0c11063d99bddf9d486edfba95a9ba965920cb,2024-10-20 20:59:32.800722+00:00,hu,napi.hu,napi.hu,2020-10-27,A jövő év elején kerülhet az Országgyűlés elé az új nemzeti környezetvédelmi program,https://www.napi.hu/magyar_gazdasag/a_jovo_ev_elejen_kerulhet_az_orszaggyules_ele_az_uj_nemzeti_kornyezetvedelmi_program.716450.html
18b00907462390e6418af21fc4f7982818a6ec3ff660bb63f7fb42d46c32e9d0,2024-10-20 20:59:29.398016+00:00,hu,magyarnemzet.hu,magyarnemzet.hu,2020-10-27,Új környezetvédelmi programot terjesztenek az Országgyűlés elé,https://magyarnemzet.hu/belfold/uj-kornyezetvedelmi-programot-terjesztenek-az-orszaggyules-ele-8869001/
d7fbb0b257c0ba5ee9b5cb43eed8a6445f5086e77728d67c59a040a33b9306cd,2024-10-20 17:58:23.990600+00:00,hu,hvg.hu,hvg.hu,2020-10-29,"Kiszámolták, mennyivel járulnak hozzá a bankok az élővilág pusztulásához",http://hvg.hu/gazdasag.zhvg/20201028_Kutatas_A_nagy_bankok_nagy_kornyezetpusztitast_finansziroznak#rss
6381f914a1ff6061cabeb3e05eeaeccb9be1dfa419803db74d3d82230911d011,2024-10-20 17:24:51.129351+00:00,hu,index.hu,index.hu,2020-10-29,Puskás Petivel ültettek fákat a 2022-es hazai kézi-Eb szervezői a környezetvédelem jegyében,https://index.hu/sport/kezilabda/2020/10/29/ferfi_kezilabda_2022_europa_bajnoksag_wwf_kornyezetvedelem_faultetes_puskas_peti/
c1ce6aa9b91f2222be3ff6b3f3673f22115c0a34ec1c09cdace72514bfaa139d,2024-10-20 16:26:34.732644+00:00,hu,blikk.hu,blikk.hu,2020-10-30,Mutatjuk Magyarország legdrágább eladó ingatlanjait: itt a TOP 10-es lista milliárdosoknak,https://www.blikk.hu/aktualis/belfold/legdragabb-elado-ingatlanok-milliard-top-10/0q52hfp
70c65e308c706033a791e296ff29f982aee33c8848bf8a61c6b8ebe52d4f2730,2024-10-20 09:19:41.168379+00:00,hu,ma.hu,ma.hu,2024-10-20,Egyre több kokaint mosnak partra a hullámok az Északi-tengernél,https://www.ma.hu/kulfold/402762/Egyre_tobb_kokaint_mosnak_partra_a_hullamok_az_Eszakitengernel?place=srss
bd0ada699c45e41dafe5af2052f30d22bfe02e4a0691298756c3b6f8f652845f,2024-10-20 08:35:05.579397+00:00,hu,index.hu,index.hu,2020-11-04,"Tükörbe kellene nézni a helyettes államtitkár szerint, a fázós tüntetőknek is",https://index.hu/gazdasag/2020/11/04/tukorbe_kellene_nezni_a_helyettes_allamtitkar_szerint_a_fazos_tuntetoknek_is/
1d52f45157f5dc75bf0302ef467105c1cae80f3c4fee841f41940ffbd13647b1,2024-10-20 03:26:59.562451+00:00,hu,24.hu,24.hu,2020-11-07,Így vethetnénk véget a járványoknak,https://24.hu/tudomany/2020/11/07/jarvany-koronavirus-allatok-okologia/
3ac0e70bf01bb82ea73695ff44c4e0b8c092fde2ae0d25e389245c767411e877,2024-10-20 02:13:37.827976+00:00,hu,infostart.hu,infostart.hu,2020-11-07,Ökogazdálkodás: megosztottságot teremt idehaza az uniós direktíva,https://infostart.hu/gazdasag/2020/11/07/okogazdalkodas-megosztottsagot-teremt-idehaza-az-unios-direktiva
7c9b2305210e674ac7a77108f406aa845e2b33f1eb5049f2f5724383f96246fc,2024-10-19 23:38:02.940321+00:00,hu,merce.hu,merce.hu,2020-11-10,"„Az a szép zöld gyep, az fog nekem hiányozni, a gyep!” « Mérce",https://merce.hu/2020/11/10/az-a-szep-zold-gyep-az-fog-nekem-hianyozni-a-gyep/
7697751c8675c73cf3cdb4e82b0603208706ab0b872abb1236472c97951088eb,2024-10-19 22:46:29.872471+00:00,hu,portfolio.hu,portfolio.hu,2020-11-10,Megállapodtak az EU-s szervek a következő hétéves pénzügyi keretről,https://www.portfolio.hu/gazdasag/20201110/megallapodtak-az-eu-s-szervek-a-kovetkezo-heteves-penzugyi-keretrol-456856
22df52e232087489e655eec9dd1a70af20d98aa9d0f8cddee01b7602bb65dcb2,2024-10-19 22:46:29.129077+00:00,hu,demokrata.hu,demokrata.hu,2020-11-10,Az uniós szervek megállapodtak a következő hétéves pénzügyi keretről,https://demokrata.hu/vilag/az-unios-szervek-megallapodtak-a-kovetkezo-heteves-penzugyi-keretrol-314014/
5b1daf87776f3cd99adb0e6949b407932b950571b997bc27f1bea959b7b4df79,2024-10-19 22:46:19.940923+00:00,hu,infostart.hu,infostart.hu,2020-11-10,Kész a nagy európai kompromisszum a hosszú távú költségvetésről,https://infostart.hu/kulfold/2020/11/10/kesz-a-nagy-europai-kompromisszum-a-hosszu-tavu-koltsegvetesrol
63744553adfeaf399c996f7a766b0db7c86ddb7b28838f7a6f7236acd78c4444,2024-10-19 18:06:45.258844+00:00,hu,hvg.hu,hvg.hu,2020-11-13,Akár a Margit-szigetről is kitörhetne a következő világjárvány?,http://hvg.hu/gazdasag.zhvg/20201113_koronavirus_jarvany_zoonozis_foldvari_interju#rss
89590aa87bfd2305e12e28a96c1953323bd7e270b4642760faa593c4f4a9cc7a,2024-10-19 07:17:41.135338+00:00,hu,hvg.hu,hvg.hu,2020-11-20,"Nem csak a parlagfű miatt kell aggódnia, ha allergiás",http://hvg.hu/gazdasag.zhvg/20201120_biologiai_invazio_klimavaltozas_allergia_zhvg#rss
2896645519fa54a01d69316febc1879fe8e065a5638f2da818bf18ea243b7bc0,2024-10-19 03:34:33.365654+00:00,hu,24.hu,24.hu,2020-11-23,Komoly veszélyben van a kacsacsőrű emlős,https://24.hu/tudomany/2020/11/23/kacsacsoru-emlos-vedett-allat-ausztralia/
141f41d8e02bc21117b05bafa8c5d918d277fab5a3a1db4626a4879c99cbda47,2024-10-19 03:31:14.467259+00:00,hu,origo.hu,origo.hu,2020-11-23,A kacsacsőrű emlős is felkerülhet a veszélyeztetett fajok listájára,https://www.origo.hu/tudomany/20201123-veszelyeztetett-fajja-kell-nyilvanitani-a-kacsacsoru-emlost-a-kutatok-szerint.html
50bdb52a378734e96d7ccff035de2a0720bfcb10265b55576618d41055903420,2024-10-19 03:30:51.794527+00:00,hu,nepszava.hu,nepszava.hu,2020-11-23,Veszélyben vannak a kacsacsőrű emlősök,https://nepszava.hu/3100277_veszelyben-vannak-a-kacsacsoru-emlosok
9c737ce7bc58a5597c63a3ce3213259354c53b25b59a3be66c55034ba5781fd6,2024-10-19 03:19:04.041787+00:00,hu,haon.hu,haon.hu,2020-11-23,Veszélyeztetett fajjá kell nyilvánítani a kacsacsőrű emlőst a kutatók szerint,https://haon.hu/egyperces/veszelyeztetett-fajja-kell-nyilvanitani-a-kacsacsoru-emlost-a-kutatok-szerint-4529341/
47a8b50f6fc88f4fa4ed4656c0e470bca2a56c13b51e3e9d198348e871083f6b,2024-10-19 03:17:18.048157+00:00,hu,sonline.hu,sonline.hu,2024-10-19,"Nemcsak az állatok, hanem a talaj és a növények állapotát is érdemes vizsgálni",https://www.sonline.hu/helyi-kozelet/2024/10/nemcsak-az-allatok-hanem-a-talaj-es-a-novenyek-allapotat-is-erdemes-vizsgalni?utm_source=hirstart&utm_medium=referral&utm_campaign=hiraggregator
7115b294af402ea8b42c46e6bb9538f1528d09f81de6dfb8a5d781fb7b2d9d61,2024-10-19 03:17:02.578238+00:00,hu,boon.hu,boon.hu,2020-11-23,Veszélyeztetett fajjá kell nyilvánítani a kacsacsőrű emlőst a kutatók szerint,https://boon.hu/egyperces/veszelyeztetett-fajja-kell-nyilvanitani-a-kacsacsoru-emlost-a-kutatok-szerint-4740115/
7c4e46943a0242dcee08ec05a0b18e333895369f013ae489a007d53cd3cb6555,2024-10-19 03:16:54.465778+00:00,hu,szon.hu,szon.hu,2020-11-23,Veszélyeztetett fajjá kell nyilvánítani a kacsacsőrű emlőst a kutatók szerint,https://szon.hu/egyperces/veszelyeztetett-fajja-kell-nyilvanitani-a-kacsacsoru-emlost-a-kutatok-szerint-4360843/
95548c2a92918b760c8a67fc0251da7efad6adbf66806e247f3a9d896e0833a3,2024-10-19 03:16:31.166112+00:00,hu,bama.hu,bama.hu,2020-11-23,Veszélyeztetett fajjá kell nyilvánítani a kacsacsőrű emlőst a kutatók szerint,https://www.bama.hu/egyperces/veszelyeztetett-fajja-kell-nyilvanitani-a-kacsacsoru-emlost-a-kutatok-szerint-3016039/
cd48bcf39ee777f361018c41c6d1046edc4dcd2a1a70b53f2ce3f866a30a8455,2024-10-19 03:13:14.991824+00:00,hu,delmagyar.hu,delmagyar.hu,2020-11-23,Veszélyeztetett fajjá kell nyilvánítani a kacsacsőrű emlőst a kutatók szerint,https://www.delmagyar.hu/egyperces/veszelyeztetett-fajja-kell-nyilvanitani-a-kacsacsoru-emlost-a-kutatok-szerint-7000091/?utm_source=rssfeed
f16b1087667ab92ce026d0544ac4098cce3e67f8f5e0aa3963474bb072d0cf17,2024-10-19 02:40:28.311950+00:00,hu,infostart.hu,infostart.hu,2020-11-23,Most már nagyon vigyázzunk a kacsacsőrű emlősre!,https://infostart.hu/tudomany/2020/11/23/most-mar-nagyon-vigyazzunk-a-kacsacsoru-emlosre
f44511cc02d5a734584d3ed8490370c6a576983765220a6841992449c3162305,2024-10-19 02:05:28.550957+00:00,hu,magyarnemzet.hu,magyarnemzet.hu,2020-11-24,Brüsszel tervei ellen tiltakoznak a térség agrárképviseletei,https://magyarnemzet.hu/gazdasag/brusszel-tervei-ellen-tiltakoznak-a-terseg-agrarkepviseletei-8995742/
3b00a89abd3f07f72fd39ebe27cb53f8d809f6678c1dfc9be5a4afd2c7c32922,2024-10-18 22:14:33.756955+00:00,hu,hvg.hu,hvg.hu,2020-11-26,"Felfedeztek egy új majomfajt, a gond csak az, hogy máris kihalófélben van",http://hvg.hu/gazdasag.zhvg/20201126_Felfedeztek_egy_uj_majomfajt_a_gond_csak_az_hogy_maris_kihalofelben_van#rss
5a6e76726526e2a803ec348aaf1a805f9b2b6fe36d7bc87307c80d858d11817a,2024-10-18 21:01:30.935644+00:00,hu,hvg.hu,hvg.hu,2020-11-27,Tilos lesz szőrmét árulni a budapesti vásárokon,http://hvg.hu/gazdasag.zhvg/20201127_szorme_tiltas_budapest_vasar#rss
a0e434ad541888780f9633dce65e9e037bc0b1f36d5803a4fd4ee702ab30e80d,2024-10-18 20:41:24.725035+00:00,hu,nepszava.hu,nepszava.hu,2020-11-27,Szőrmementesek lesznek a vásárok Budapesten,https://nepszava.hu/3100811_szormementesek-lesznek-a-vasarok-budapesten
100e98565ac62029f2fa8748a991caee46af31b17962ae30817e3062e5583e14,2024-10-18 19:53:15.610634+00:00,hu,nepszava.hu,nepszava.hu,2020-11-28,"A magyar kormány gátolja az európai agrárium zöldítését – Interjú Rodics Katalinnal, a Greenpeace szakértőjével",https://nepszava.hu/3100932_a-magyar-kormany-gatolja-az-europai-agrarium-zolditeset--interju-rodics-katalinnal-a-greenpeace-szakertojevel
103b80c8d8ffa01d50c653bd8cea157408917581bd543a67ac718de0b2f90bd1,2024-10-18 19:43:32.172771+00:00,hu,hvg.hu,hvg.hu,2020-11-28,"Eltűnt a kacsacsőrű emlősök fele, veszélyeztetetté kell nyilvánítani a fajt",http://hvg.hu/tudomany/20201128_kacsacsoru_emlos_veszelyeztetett_faj_ausztralia#rss
9753c7f9d3e515bde2be3de3960dec78cb5d08514f8d0dcf28a0ecd398f9d321,2024-10-18 19:28:17.363959+00:00,hu,nepszava.hu,nepszava.hu,2020-11-28,Megszállták a patikákat a magyarok,https://nepszava.hu/3100957_megszalltak-a-patikakat-a-magyarok
7955033f04d9aaa80cc7a5c9f2ee7d81feaac76be373b61debabb912a0752552,2024-10-18 18:21:23.937091+00:00,hu,nepszava.hu,nepszava.hu,2020-11-29,ITM: Egy éves autópálya-matrica megvételével letudható a pótdíj,https://nepszava.hu/3100998_itm-egy-eves-autopalya-matrica-megvetelevel-letudhato-a-potdij
035de41cdd24efc2925d62b2512ef82493ca22d373ad37edf9d37d84302d3b24,2024-10-18 15:28:14.937367+00:00,hu,merce.hu,merce.hu,2020-12-01,"Miért elhibázott az Európai Unió támogatási rendszere, és hogyan lehetne jobb? « Mérce",https://merce.hu/2020/12/01/miert-elhibazott-az-europai-unio-tamogatasi-rendszere-es-hogyan-lehetne-jobb/
3f870c567e4430bb65bb453a25fb18d8bd005d6f459a564771bbfe141f8aa9a8,2024-10-18 15:12:24.066949+00:00,hu,merce.hu,merce.hu,2020-12-01,A nemnövekedés szükségességéről,https://merce.hu/2020/12/01/a-nemnovekedes-szuksegessegerol/
358a170e0a61d5fdb3fec76eebd878a7785ce86275cf36c257b5abbfede9fb37,2024-10-18 12:29:50.200175+00:00,hu,portfolio.hu,portfolio.hu,2020-12-03,A gyors büdzséalku és a klímavédelem fontosságát hangsúlyozta a lengyel agrárbiztos a Portfolio konferenciáján,https://www.portfolio.hu/unios-forrasok/20201203/a-gyors-budzsealku-es-a-klimavedelem-fontossagat-hangsulyozta-a-lengyel-agrarbiztos-a-portfolio-konferenciajan-460184
90db6e1455e7b653702b62f74dedfbe141b9c981821740642c1408897810b305,2024-10-18 02:13:46.846752+00:00,hu,24.hu,24.hu,2020-12-09,Így lesz félsivatag Magyarországból,https://24.hu/tudomany/2020/12/09/magyarorszag-elsivatagosodas-klimavaltozas/
a95fea701ea317ea196f6c72e6c4f15beb42f50fd2cb8de4c02d4619a389a53c,2024-10-17 21:50:32.396499+00:00,hu,mandiner.hu,mandiner.hu,2020-12-11,Klímaváltozás: elvándorlás vagy helyben alkalmazkodás?,https://mandiner.hu/cikk/20201211_klimavaltozas_elvandorlas_vagy_helyben_alkalmazkodas
b7fa152dc7c0c54990d60437ffe279a66a44e531ac86b0b988e433abdf958fe2,2024-10-17 18:27:11.728008+00:00,hu,pestisracok.hu,pestisracok.hu,2020-12-14,"Közösek a céljaink, de nem az agrárium lejáratása hozza el a zöldfordulatot – Nagy István a PS-nek reagált a Greenpeace vádjaira",https://pestisracok.hu/kozosek-a-celjaink-de-nem-az-agrarium-lejaratasa-hozza-el-a-zoldfordulatot-nagy-istvan-a-ps-nek-reagalt-a-greenpeace-vadjaira/
b5023401d731efff2bc217466807ad807f311cff84070237021bed731f5af5cc,2024-10-17 14:30:14.827336+00:00,hu,portfolio.hu,portfolio.hu,2020-12-16,Az Európai Parlament jóváhagyta a 2021-2027 közötti uniós költségvetést,https://www.portfolio.hu/unios-forrasok/20201216/az-europai-parlament-jovahagyta-a-2021-2027-kozotti-unios-koltsegvetest-462154
a08680b3da55105cbed6aa5efae542f4e975649a8268e158ad42abae504bb2ce,2024-10-17 14:27:12.474860+00:00,hu,infostart.hu,infostart.hu,2020-12-16,Elfogadták az Európai Unió 2021-2027-es költségvetését,https://infostart.hu/kulfold/2020/12/16/elfogadtak-az-europai-unio-2021-2027-es-koltsegveteset
9fe1ea5380f05c26772af4976b185593d3304d0f4e70ee708db663257d36a584,2024-10-17 14:22:45.218639+00:00,hu,hvg.hu,hvg.hu,2020-12-16,Elfogadták az újabb EU-s költségvetést,http://hvg.hu/gazdasag/20201216_europai_unio_koltsegvetes#rss
a0bfb3ff4f57bf741812db60e1a611d6c8cc80092efc7175eebfe93071d8f070,2024-10-17 14:22:02.488972+00:00,hu,napi.hu,napi.hu,2020-12-16,Jóváhagyta az EP a 2021-2027-es költségvetést,https://www.napi.hu/nemzetkozi_gazdasag/jovahagyta_az_ep_a_2021-2027-es_koltsegvetest.719741.html
385983ed0b8f38b90a91b6f637a257367b2e68aea25d2bdd71461602dab9a79d,2024-10-17 14:21:14.069460+00:00,hu,hirtv.hu,hirtv.hu,2020-12-16,Az Európai Parlament jóváhagyta az Európai Unió 2021-2027 közötti költségvetését,http://hirtv.hu/hirtvkulfold/az-europai-parlament-jovahagyta-az-europai-unio-2021-2027-kozotti-koltsegveteset-2513629?utm_source=feed&utm_medium=rss
7a2442f12f9d323bda906ec7a361a0bb77efc1f1aa6aaa4f93982eb7dc2be7d9,2024-10-17 14:20:41.446760+00:00,hu,mandiner.hu,mandiner.hu,2020-12-16,Az Európai Parlament jóváhagyta az Európai Unió 2021-2027 közötti költségvetését,https://mandiner.hu/cikk/20201216_az_europai_parlament_jovahagyta_az_europai_unio_2021_2027_kozotti_koltsegveteset
736ee8324f7ba003bd88ee843b6c4f41c6d7f7cdc65fe093059f9a323b90b933,2024-10-17 14:20:02.015775+00:00,hu,vg.hu,vg.hu,2020-12-16,Az Európai Parlament jóváhagyta az unió költségvetését,https://www.vg.hu/kozelet/kozeleti-hirek/az-europai-parlament-jovahagyta-az-unio-koltsegveteset-3435448/?utm_source=rss&utm_medium=referral&utm_campaign=hiraggregator
308b80c3ad0aa3041f964615ea6d5e480496dc3afe377ce1f7f090ae6b6f8d9b,2024-10-17 14:18:34.790347+00:00,hu,index.hu,index.hu,2020-12-16,Az Európai Parlament jóváhagyta a hétéves uniós költségvetést,https://index.hu/kulfold/2020/12/16/brusszel_europai_parlament_koltsegvetes/
2e7c6b4f74c2a683fb6edc70964f385d5cbaf99c69b4139eaf6e5856c0e48d21,2024-10-17 14:18:29.648058+00:00,hu,168ora.hu,168ora.hu,2020-12-16,Megszavazta az európai parlament az unió következő hétéves költségvetését,https://168ora.hu/kulfold/eukoltsegvetesszavazas-196961
dab130b94e71679af51c0967b275e4973f086ebee8d9c13a9ea319324df9e921,2024-10-17 14:12:04.927137+00:00,hu,bama.hu,bama.hu,2020-12-16,„Elsődleges a természetvédelem szolgálata”,https://www.bama.hu/pr/elsodleges-a-termeszetvedelem-szolgalata-3427063/?utm_source=rss&utm_medium=referral&utm_campaign=hiraggregator
67b3a24d679eaef45071da004269a4cf7f736975f4063d5b9a8ac65ac3a43faa,2024-10-17 11:44:05.495720+00:00,hu,merce.hu,merce.hu,2020-12-18,A gazdasági válságtól egy új gazdasági rendszer elképzeléséig « Mérce,https://merce.hu/2020/12/18/a-gazdasagi-valsagtol-egy-uj-gazdasagi-rendszer-elkepzeleseig/
80d7fe8201d51e8b329a12ccf9b2cf258a70090212c2338a289009c85465165a,2024-10-17 11:25:39.812541+00:00,hu,origo.hu,origo.hu,2020-12-18,Ezek a gombák szó szerint zombikká változtatják a legyeket,https://www.origo.hu/tudomany/20201218-egy-uj-legyeken-eloskodo-gombat-fedeztek-fel-a-tudosok.html
1caed8ada1d0e4673a7aa2d146fc02256a719fa2b99a4ab98ef35ec0e0d8318a,2024-10-17 08:55:04.740269+00:00,hu,magyarnemzet.hu,magyarnemzet.hu,2020-12-20,Teljesíthető ajánlásokat tett az Európai Bizottság,https://magyarnemzet.hu/gazdasag/teljesitheto-ajanlasokat-tett-az-europai-bizottsag-9128540/?utm_source=rss&utm_medium=referral&utm_campaign=hiraggregator
881f0262ce2ace72e76530e474d07a0c4bea131afafc616226afc3a11162825e,2024-10-17 08:52:23.393329+00:00,hu,boon.hu,boon.hu,2020-12-20,Teljesíthető ajánlásokat tett az Európai Bizottság,https://boon.hu/gazdasag/hazai-gazdasag/teljesitheto-ajanlasokat-tett-az-europai-bizottsag-5057182/?utm_source=rss&utm_medium=referral&utm_campaign=hiraggregator
c67d4655909e41874f513734116ce21eead745521a38230b66291e2d831e31cb,2024-10-17 08:52:15.732415+00:00,hu,szon.hu,szon.hu,2020-12-20,Teljesíthető ajánlásokat tett az Európai Bizottság,https://szon.hu/gazdasag/hazai-gazdasag/teljesitheto-ajanlasokat-tett-az-europai-bizottsag-4689625/?utm_source=rss&utm_medium=referral&utm_campaign=hiraggregator
96538a89c8f60462e17e3ced1e833766cc390655c3a773a51b2ec641bed76e5e,2024-10-17 08:52:13.173412+00:00,hu,duol.hu,duol.hu,2020-12-20,Teljesíthető ajánlásokat tett az Európai Bizottság,https://www.duol.hu/gazdasag/hazai-gazdasag/teljesitheto-ajanlasokat-tett-az-europai-bizottsag-4022842/?utm_source=rss&utm_medium=referral&utm_campaign=hiraggregator
ec786896dad87b6d522051d96a7750ed805efc258d7465bd58467bbe223d240c,2024-10-17 08:52:06.496151+00:00,hu,bama.hu,bama.hu,2020-12-20,Teljesíthető ajánlásokat tett az Európai Bizottság,https://www.bama.hu/gazdasag/hazai-gazdasag/teljesitheto-ajanlasokat-tett-az-europai-bizottsag-3435403/?utm_source=rss&utm_medium=referral&utm_campaign=hiraggregator
9c34c2af6008a430a5663fc8cf58c67aa96625799d889acc52618096c64282a3,2024-10-17 08:52:05.293610+00:00,hu,szoljon.hu,szoljon.hu,2020-12-20,Teljesíthető ajánlásokat tett az Európai Bizottság,https://www.szoljon.hu/gazdasag/hazai-gazdasag/teljesitheto-ajanlasokat-tett-az-europai-bizottsag-3141109/?utm_source=rss&utm_medium=referral&utm_campaign=hiraggregator
af62edc801cef5dfaa7932bd03a5de3147e5649aa1a81338cb04e8ca78c9e3f4,2024-10-17 08:52:05.004889+00:00,hu,beol.hu,beol.hu,2020-12-20,Teljesíthető ajánlásokat tett az Európai Bizottság,https://www.beol.hu/gazdasag/hazai-gazdasag/teljesitheto-ajanlasokat-tett-az-europai-bizottsag-3550624/?utm_source=rss&utm_medium=referral&utm_campaign=hiraggregator
11624da93ead1d95cb95e3352d1d458c60cce00c5463093293c90a748ddf38fe,2024-10-17 08:51:46.368913+00:00,hu,haon.hu,haon.hu,2020-12-20,Teljesíthető ajánlásokat tett az Európai Bizottság,https://haon.hu/gazdasag/hazai-gazdasag/teljesitheto-ajanlasokat-tett-az-europai-bizottsag-4851763/?utm_source=rss&utm_medium=referral&utm_campaign=hiraggregator
ea2e33e024dc2adf938eafa3a302b010ff5a771d3f981de1bd75856b27adf33b,2024-10-17 08:51:32.954818+00:00,hu,delmagyar.hu,delmagyar.hu,2020-12-20,Teljesíthető ajánlásokat tett az Európai Bizottság,https://www.delmagyar.hu/gazdasag/hazai-gazdasag/teljesitheto-ajanlasokat-tett-az-europai-bizottsag-7075798/?utm_source=rss&utm_medium=referral&utm_campaign=hiraggregator
27ba21ed0f8ef2e09ca4a949d3359c905908b6c62dd1c043d317b8934ac30452,2024-10-17 04:28:36.089682+00:00,hu,index.hu,index.hu,2020-12-23,Az RMDSZ új minisztere szabályozná a medvepopulációt,https://index.hu/kulfold/2020/12/23/tanczos_barna_rmdsz_romania_medveallomany/
2ce10a09edfe2e077661cf99a4a2e553271e5b85d134489860b8311c74769ccd,2024-10-16 23:08:57.695878+00:00,hu,origo.hu,origo.hu,2020-12-27,Ennyi fajt menthetünk meg az étkezési szokásaink megváltoztatásával,https://www.origo.hu/tudomany/20201227-szinte-az-osszes-szarazfoldi-allatfaj-elveszitheti-az-elohelyenek-egy-reszet.html
7c44bb723095e3a3bd8c987652ce13ebe9ac22683cccf6f62cf87dad72aed232,2024-10-16 20:57:17.780192+00:00,hu,napi.hu,napi.hu,2020-12-29,Újabb háborúba kezdett a Lidl és a Tesco,https://www.napi.hu/nemzetkozi_vallalatok/ujabb_haboruba_kezdett_a_lidl_es_a_tesco.720016.html
126b1ea2af4896faf6c5c2ad5ce325cd24c9e8cb15b278191677d062a8a19962,2024-10-14 14:33:36.087179+00:00,hu,gondola.hu,gondola.hu,2024-10-14,Orbán Viktor szerb kollégájával tárgyalt Berlinben,https://gondola.hu/hirek/311814-Orban_Viktor_szerb_kollegajaval_targyalt_Berlinben.html
a96b5b0ffa1d8139fbc1890054aa67a62fbfbbba116cbe2019c89731fd13fb2e,2024-10-14 14:33:31.301750+00:00,hu,gondola.hu,gondola.hu,2024-10-14,Kóbor kutyafalka marcangolt halálra egy 12 éves lányt,https://gondola.hu/hirek/311808-Kobor_kutyafalka_marcangolt_halalra_egy_12_eves_lanyt.html
c03470fa9ab34e914abf219b9b5257c78bc9b132bc531784d1784e8ac60adfa6,2024-10-14 14:33:23.158769+00:00,hu,gondola.hu,gondola.hu,2024-10-13,Programhirdetetés az esztergomi frakcióülésen,https://gondola.hu/cikkek/153985-Programhirdetetes_az_esztergomi_frakcioulesen.html
6b5bff5f1d7df75b63b3b3a4810c5cc3b2102d414ae62475224fa605745218b7,2024-10-14 14:33:14.985270+00:00,hu,gondola.hu,gondola.hu,2024-10-14,Elhunyt Kőnig Tamás építész,https://gondola.hu/hirek/311816-Elhunyt_Konig_Tamas_epitesz.html
fb1f2de0ba65cf4498a1e01ebfbd7a6e91b48396036698a73f7807ee4cd900cd,2024-10-14 14:33:08.906778+00:00,hu,gondola.hu,gondola.hu,2024-10-14,Versenyképes agrárium a cél,https://gondola.hu/cikkek/153986-Versenykepes_agrarium_a_cel.html
b18b8bd7a12dca7a3a95672e4980c86db74edfe9b1620f955bfc36d88bdfc3a9,2024-10-14 14:33:03.896487+00:00,hu,gondola.hu,gondola.hu,2024-10-14,Kína újabb hadgyakorlatba kezdett Tajvan közelében,https://gondola.hu/hirek/311809-Kina_ujabb_hadgyakorlatba_kezdett_Tajvan_kozeleben.html
3734eba5f9d96fd51c03f7f75810cb5317cebac49c84526be24ed20d50c18ec8,2024-10-14 14:32:58.919062+00:00,hu,gondola.hu,gondola.hu,2024-10-14,"Itt egy megújult weboldal, könnyebb lett a mobiltarifák összehasonlítása",https://gondola.hu/hirek/311811-Itt_egy_megujult_weboldal__konnyebb_lett_a_mobiltarifak_osszehasonlitasa.html
52ac9b0d1ba04e9f99fd7924bb8584c07cac193ca7db70c3d0ed3ade371b085d,2024-10-14 14:32:54.029712+00:00,hu,gondola.hu,gondola.hu,2024-10-14,Orbán Viktor megérkezett a Berlini Folyamat csúcstalálkozójára,https://gondola.hu/hirek/311813-Orban_Viktor_megerkezett_a_Berlini_Folyamat_csucstalalkozojara.html
3484522a8b799488bacdddf5874e4f11c8a08462d30152d571f65683df890754,2024-10-14 14:32:48.808135+00:00,hu,gondola.hu,gondola.hu,2024-10-14,nagyon szoros lesz az amerikai elnökválasztás,https://gondola.hu/cikkek/153987-Trump_erosodott_-_nagyon_szoros_lesz_az_amerikai_elnokvalasztas_.html
e63c4bd19546f72b3d437590552c1e1a3a14b382573adcdb3aebd38c5307b8a5,2024-10-14 14:32:43.984300+00:00,hu,gondola.hu,gondola.hu,2024-10-14,Oscar-nevezett alkotók is jelen lesznek a közelgő 8. Szlovén Filmnapokon,https://gondola.hu/hirek/311817-Oscar-nevezett_alkotok_is_jelen_lesznek_a_kozelgo_8__Szloven.html
f309c6124ddba8b68e104e7f65fd0823c78e4d1ce28da4c6f2e92e59b11b8164,2024-10-14 14:32:39.239769+00:00,hu,gondola.hu,gondola.hu,2024-10-13,"Rossi: pontot, pontokat szerezzünk",https://gondola.hu/cikkek/153984-Rossi__pontot__pontokat_szerezzunk.html
bd3950463070d7667e972dc511fc57e67618502f722d12f02242010185c15651,2024-10-14 14:32:14.266281+00:00,hu,gondola.hu,gondola.hu,2024-10-14,Az angol válogatott szövetségi kapitánya lesz Pep Guardiola?,https://gondola.hu/hirek/311810-Az_angol_valogatott_szovetsegi_kapitanya_lesz_Pep_Guardiola_.html
1abef3e2d19b3cd6a0fa6eeb3ae0e0a8a739fde238d6e4b8a541e59d72251a56,2024-10-14 14:32:09.523249+00:00,hu,gondola.hu,gondola.hu,2024-10-14,Itt tart a forint hétfő reggel,https://gondola.hu/hirek/311803-Itt_tart_a_forint_hetfo_reggel.html
f38d7fb55c6b5ec0d4c4e49841eff65713161519a99a38b64c4939c8cfba4ac2,2024-10-14 14:32:09.192150+00:00,hu,portfolio.hu,portfolio.hu,2024-10-14,"Sokkoló tanulmány jelent meg: elképesztő, mennyi vírus lapulhat a fogkefénken",https://www.portfolio.hu/global/20241014/sokkolo-tanulmany-jelent-meg-elkepeszto-mennyi-virus-lapulhat-a-fogkefenken-716445
e8ed020011014fdca885a21a27648db9b5b4055dca16b0a77789771afbcbf150,2024-10-14 14:32:04.086229+00:00,hu,gondola.hu,gondola.hu,2024-10-14,Tovább drágul a benzin,https://gondola.hu/hirek/311807-Tovabb_dragul_a_benzin.html
abb009932c35cd4c6bb03d983feae83f2b7dedf372d316ebb5f4f910f05db42a,2024-10-14 14:31:59.382578+00:00,hu,gondola.hu,gondola.hu,2024-10-14,Öt konzul segít a bosnyák-magyar mérkőzés helyszínén,https://gondola.hu/hirek/311806-Ot_konzul_segit_a_bosnyak-magyar_merkozes_helyszinen.html
9e4209bb88b18d3b32480fb133e50967d22c601151f0ed949dcc1b5cd32603d6,2024-10-14 14:31:53.584421+00:00,hu,gondola.hu,gondola.hu,2024-10-14,Szén-monoxid-mérgezést szenvedett egy 14 éves fiú Tiszafüreden,https://gondola.hu/hirek/311812-Szen-monoxid-mergezest_szenvedett_egy_14_eves_fiu_Tiszafureden.html
f4de649c99eb0906e5c8b945c959bd75b7cf01e11f42b733d0f8cd2e36be2605,2024-10-14 14:31:47.594944+00:00,hu,gondola.hu,gondola.hu,2024-10-14,Újabb súlyos támadás érte Izraelt,https://gondola.hu/hirek/311805-Ujabb_sulyos_tamadas_erte_Izraelt.html
482632a4198fa80cac4556ddfd5bc3f7006be4c5c03dc60ae64c08a441507130,2024-10-14 14:31:42.443107+00:00,hu,gondola.hu,gondola.hu,2024-10-14,Több mint száz határsértő ellen intézkedtek a rendőrök,https://gondola.hu/hirek/311804-Tobb_mint_szaz_hatarserto_ellen_intezkedtek_a_rendorok.html
c48964f5b697fa4587960a6688f49c70dd9703e865a98b1e4bcb6f0171cf884f,2024-10-14 14:31:37.530109+00:00,hu,gondola.hu,gondola.hu,2024-10-14,Kijev már a 16 éveseket is besorozná,https://gondola.hu/hirek/311815-Kijev_mar_a_16_eveseket_is_besorozna.html
4deb547c500ee72d7eb2ed436a1ee257f275cea8dbdebb9df282350a55ec9eca,2024-10-14 11:48:01.673310+00:00,hu,vg.hu,vg.hu,2024-10-14,COP29: magas szintű magyar delegáció dolgozik a klímacsúcs sikeréért,https://www.vg.hu/kozelet/2024/10/cop29-klimacsucs-baku-magyar-delegacio?utm_source=hirstart&utm_medium=referral&utm_campaign=hiraggregator
0d6270627a8d7fc1faa01497911dd47604cc6363bea1916995e29d2ae455b0ef,2024-10-14 11:35:38.751033+00:00,hu,demokrata.hu,demokrata.hu,2024-10-14,Nagy István: A magyar elnökség válságálló és fenntartható agráriumot szeretne,https://demokrata.hu/magyarorszag/nagy-istvan-a-magyar-elnokseg-valsagallo-es-fenntarthato-agrariumot-szeretne-896134/
426145a099051991313944f79dfe3958693d781f3d500c1afbaf7a5344a49401,2024-10-14 09:26:35.341029+00:00,hu,magyarnemzet.hu,magyarnemzet.hu,2024-10-14,Előtérben a versenyképesség és a környezetvédelem,https://magyarnemzet.hu/gazdasag/2024/10/eloterben-a-versenykepesseg-es-a-kornyezetvedelem?utm_source=hirstart&utm_medium=referral&utm_campaign=hiraggregator
0e859a0054cf04bf369060438fab91d61dee5b0f13ec084a19bb6cb23d62c2ce,2024-10-11 17:28:50.783343+00:00,hu,origo.hu,origo.hu,2024-10-11,"Egy új tanulmány feltárta, azt a meglepő hajtóerőt, ami az erdei növények gyors migrációja mögött áll.",https://www.origo.hu/tudomany/2024/10/erdei-novenyeket-a-nitrogen-hajtja-nyugatra
1b03273c36ffaf395cb6cf43c72a3fc5af6ac8758284b43781f4a6aa2a969f6c,2024-10-04 19:27:59.251314+00:00,hu,nepszava.hu,nepszava.hu,2024-10-04,"Vannak fekete foltok a növények térképén, a több tízezer ismeretlen faj nagy része kihalásra van ítélve",https://nepszava.hu/3252483_botanika-novenyfajok-elovilag-fold-vedelem
d1b68c6a2ea175f78407eb8623bbc8c53856123beb22126715a08e559720cfff,2024-10-02 10:57:52.455668+00:00,hu,vg.hu,vg.hu,2024-10-02,Mit tehet az MNB a zöld átállásért? – 2. rész: Zöldülő felügyelet,https://www.vg.hu/mnb-blog/2024/10/mit-tehet-az-mnb-a-zold-atallasert-2-resz-zoldulo-felugyelet?utm_source=hirstart&utm_medium=referral&utm_campaign=hiraggregator
0c2283f9009a5b395088a8ffc31b97f22ac4e0994d8c946c829c9bfc33354644,2024-10-01 05:22:01.341936+00:00,hu,index.hu,index.hu,2024-10-01,"Áder János műsorában beszélt egy miniszter arról, hogyan verték át Brüsszelt",https://index.hu/belfold/2024/10/01/ader-janos-koztarsasagi-elnok-kek-bolygo-podcast-nagy-istvan-agrarminiszter-arviz-aszaly/
cb5467f9cea1aa20344e2ad31b8679ad89b6ad1912b3570078ac8fd093830f0d,2024-09-25 16:43:50.240734+00:00,hu,origo.hu,origo.hu,2021-11-16,Magyar kutatók vizsgálják az ökológiai szemléletű legeltetési módszereket,https://www.origo.hu/tudomany/20211116-magyar-kutatok-25-millio-euros-tamogatast-nyertek-okologiai-szemleletu-legeltetesi-modszerek.html
abcd69289261cfb37deb6b0eb9076bac67595efe3666e8f6ccf438947a2f1d2c,2024-09-24 08:35:08.132778+00:00,hu,portfolio.hu,portfolio.hu,2024-09-24,Számot adnak a vállalatok a zöld eredményekről: sorra készülnek el a fenntarthatósági jelentések,https://www.portfolio.hu/uzlet/20240924/szamot-adnak-a-vallalatok-a-zold-eredmenyekrol-sorra-keszulnek-el-a-fenntarthatosagi-jelentesek-710885
9305d13a43083a3fe379d99c8c3daeabbe68ba556d7eae8a6e7fca10f5bf87aa,2024-09-21 02:21:42.095639+00:00,hu,sonline.hu,sonline.hu,2024-09-21,Célzott támogatások ösztönzik a talajkímélő gazdálkodást és a szakmai kutatásokat,https://www.sonline.hu/helyi-gazdasag/2024/09/celzott-tamogatasok-osztonzik-a-talajkimelo-gazdalkodast-es-a-szakmai-kutatasokat?utm_source=hirstart&utm_medium=referral&utm_campaign=hiraggregator
f1c7c6cfa2559a3c486802d51bf3733b27d51c8886b46b65a6318c62354dfd9b,2024-09-19 20:17:28.158533+00:00,hu,infostart.hu,infostart.hu,2024-09-19,Ettől talajt fog: új területre veti ki hálóját az EU,https://infostart.hu/gazdasag/2024/09/19/ettol-talajt-fog-uj-teruletre-veti-ki-halojat-az-eu
091c56ba375c0b32f6c00e924fd745e0731379d71c0a167c06e32b17024d2a10,2024-09-19 10:32:04.487718+00:00,hu,pestisracok.hu,pestisracok.hu,2024-09-18,"Áradás, kánikula, aszály, silány élelmiszerek, klímahiszti – Mindnek ugyanaz az ellenszere",https://pestisracok.hu/aradas-kanikula-aszaly-silany-elelmiszerek-klimahiszti-mindnek-ugyanaz-az-ellenszere/comment-page-1/#comment-2097165
9fd7ba059c2beb39d0d5621b4cce2f5a5de19a7939da160ee4fe12eab4c83ed6,2024-09-18 07:22:43.321671+00:00,hu,pestisracok.hu,pestisracok.hu,2024-09-18,"Áradás, kánikula, aszály, silány élelmiszerek, klímahiszti – Mindnek ugyanaz az ellenszere",https://pestisracok.hu/aradas-kanikula-aszaly-silany-elelmiszerek-klimahiszti-mindnek-ugyanaz-az-ellenszere/
c351d79c9a4a20df5698aea749b2b4a17e0c9078b9bf8320aeca50c8e6b5f86d,2024-09-17 09:32:49.743068+00:00,hu,portfolio.hu,portfolio.hu,2024-09-17,"Mikor kapcsolhatjuk fel az első lámpát, ami Paks II.-es árammal világít?",https://www.portfolio.hu/gazdasag/20240917/mikor-kapcsolhatjuk-fel-az-elso-lampat-ami-paks-ii-es-arammal-vilagit-709449
cda5f30f51cd1c20c3b2c1d102d5fb9af8a9023cc72bbdb952defcdef01e0c49,2024-09-13 16:33:06.886568+00:00,hu,baon.hu,baon.hu,2024-09-13,A víziszárnyas-ágazat jövőjéről tanácskoztak a Libafesztiválon – galériával,https://www.baon.hu/helyi-kozelet/2024/09/viziszarnyas-agazat-kiskunfelegyhaza-libafesztival-galeria?utm_source=hirstart&utm_medium=referral&utm_campaign=hiraggregator
bb5ade2a62d85b3f66bda3d774f5209cc0792799447a3749c4b14a8dc8099952,2024-09-12 05:22:03.286181+00:00,hu,nepszava.hu,nepszava.hu,2024-09-12,Ontológia,https://nepszava.hu/3249756_ontologia
c26504fd3c5a32beadd0d24271d95cdc0e51b9990adf27ff523fc884a7ef92a4,2024-09-10 07:25:13.637523+00:00,hu,hvg.hu,hvg.hu,2021-10-14,Ki viselje a klímaharc költségeit? Erről volt a legnagyobb vita Dobrev és Márki-Zay között,http://hvg.hu/gazdasag.zhvg/20211014_klimavalasztas_dobrev_markizay_beszelgetes#rss
9e68a9bbf9eed77ba96e755a19166f77c643853e245ffa8d990318d2a7b5f8a3,2024-09-10 07:14:51.157055+00:00,hu,infostart.hu,infostart.hu,2021-10-14,"Rezsicsökkentés, Paks, klímaerdő – Dobrev Klára és Márki-Zay Péter a klímaváltozásról vitázott",https://infostart.hu/belfold/2021/10/14/rezsicsokkentes-paks-klimaerdo-dobrev-klara-es-marki-zay-peter-a-klimavaltozasrol-vitazott
88acd69548a036144bf3850eae5b51def8d66a28c4d4ab152e37f6eb46e8d88f,2024-09-10 04:21:41.413213+00:00,hu,szeretlekmagyarorszag.hu,szeretlekmagyarorszag.hu,2021-10-15,"„Péter, nem lehetsz ilyen érzéketlen” – A környezetvédelemről vitázott Dobrev Klára és Márki-Zay Péter",https://www.szeretlekmagyarorszag.hu/jovo/dobrev-klara-marki-zay-peter-klimavaltozas-kornyezetevdelem-vita-greenpeace-hvg/
2bac47bae11a52134602f7106da75a8bea64bc3dccf41dda3997f5a231fed5de,2024-09-10 04:11:13.240400+00:00,hu,atv.hu,atv.hu,2021-10-15,Klímapolitikák és miniszterelnök-jelöltek harca: jobb vagy bal?,http://www.atv.hu/belfold/20211015-klimapolitikak-es-miniszterelnok-jeloltek-harca-jobb-vagy-bal
7745d0f7ada5d642dd022aefec5b7d8fb190a1e5fa3b6c12673e280122d46611,2024-09-10 04:03:35.851029+00:00,hu,merce.hu,merce.hu,2021-10-15,Ki tud több zöldséget beszélni? « Mérce,https://merce.hu/2021/10/15/ki-tud-tobb-zoldseget-beszelni/
12b95ce909b7474e1ed6fdca465f0539c181cdc31a1fe95cdc1cb0c6b86362cb,2024-09-09 22:22:04.349009+00:00,hu,szeretlekmagyarorszag.hu,szeretlekmagyarorszag.hu,2021-10-19,Riasztó klímajelentés: A következő két évtizedben eltűnnek Afrika ritka gleccserei,https://www.szeretlekmagyarorszag.hu/jovo/riaszto-klimajelentes-a-kovetkezo-ket-evtizedben-eltunnek-afrika-ritka-gleccserei/
244a484f15a83f8bc3776d301d768503cdab7b5f7c49612421c35cc6dcb35acb,2024-09-09 20:35:01.685728+00:00,hu,szeretlekmagyarorszag.hu,szeretlekmagyarorszag.hu,2021-10-20,Várhatóan nem csökken a fosszilis tüzelőanyagok kitermelése a következő évtizedben,https://www.szeretlekmagyarorszag.hu/jovo/varhatoan-nem-csokken-a-fosszilis-tuzeloanyagok-kitermelese-a-kovetkezo-evtizedben/
8a93a97c2a2d2022e3e737dcdd31a5c5255520618824d33a35d0e59f397e362d,2024-09-09 19:07:53.390809+00:00,hu,szeretlekmagyarorszag.hu,szeretlekmagyarorszag.hu,2021-10-21,Rengeteg krónikus vesebeteg lehet a jövőben a globális felmelegedés miatt,https://www.szeretlekmagyarorszag.hu/jovo/rengeteg-kronikus-vesebeteg-lehet-a-jovoben-a-globalis-felmelegedes-miatt/
af5d8a53f590e4d0c74038b1ffed1e4554286daf84bfdfe09c3dbbde3aec13f0,2024-09-09 19:03:29.403882+00:00,hu,szeretlekmagyarorszag.hu,szeretlekmagyarorszag.hu,2021-10-21,Először szállított drón donorszervet beültetésre,https://www.szeretlekmagyarorszag.hu/jovo/dron-szallitott-tudot-beultetesre/
f4891e21e4680955487d2dddce377dbc7d6157ac4d15daf3e2a0905c9db23024,2024-09-09 04:59:47.144110+00:00,hu,infostart.hu,infostart.hu,2021-10-31,"Öt étel-ital, amelyet elvehet tőlünk a klímaváltozás",https://infostart.hu/tudomany/2021/10/31/ot-etel-ital-amelyet-elvehet-tolunk-a-klimavaltozas
052902191ba83887076c215298f913282cf0000a6b64e384a24b93b33b8b0131,2024-09-09 03:15:59.446267+00:00,hu,index.hu,index.hu,2021-11-01,"Most természetesnek vesszük ezeket a finomságokat, a klímaváltozás miatt elköszönhetünk tőlük",https://index.hu/kulfold/2021/11/01/kave-banan-csokolade-klimavaltozas-szeszelyes-evszakok/
116477d07380dcf65f905450b1f3a3126d227361f097a563c13e21add4984c07,2024-09-08 23:48:48.938466+00:00,hu,alfahir.hu,alfahir.hu,2021-11-03,"A Balaton, a Fertő tó és a Velencei-tó védelméről nyújtott be zöld javaslatot az ellenzék",https://alfahir.hu/2021/11/03/balaton_velenceito_ferto_tatai_oregto_kornyezetvedelem_ellenzek_nagy_tavak_hatarozati
e5fc78ab4da825ce1c69354ad55025dd6e9bf574a55489d8c63f4f268b6c55d7,2024-09-08 22:36:37.611192+00:00,hu,merce.hu,merce.hu,2021-11-04,"Hajszárítóval a jéghegy ellen, avagy miért nagy átverés a nettó nulla kibocsátás? « Mérce",https://merce.hu/2021/11/04/hajszaritoval-a-jeghegy-ellen-avagy-miert-nagy-atveres-a-netto-nulla-kibocsatas/
0b8175c4a5c0820a17becb73526e1cd6322c2c903efad9e924a12bac1c1af281,2024-09-08 21:13:31.472520+00:00,hu,24.hu,24.hu,2021-11-05,Egy halott bolygón már felesleges lesz a pénz,https://24.hu/tudomany/2021/11/05/cop26-ensz-klimakonferencia-fridays-for-future-skocia-tuntetes-greta-thunberg/
4191b1ef1952083480435af6d661227ab5f3948664f478f99c12acaf12f2eca2,2024-09-08 07:16:30.344757+00:00,hu,origo.hu,origo.hu,2021-09-17,Elindult Magyarország legnagyobb kistó felmérése,https://www.origo.hu/tudomany/20210917-a-kutatok-a-lakossagot-is-bevonjak-a-munkaba.html
4427fa295bffb302f922a1ea3f8506453bcaecaf22d78e40d30d5ff0780f4343,2024-09-08 01:54:28.567462+00:00,hu,24.hu,24.hu,2021-09-20,Az inváziós fajok ellen fegyver lehet a legeltetés,https://24.hu/tudomany/2021/09/20/legeltetes-szarvasmarha-invazios-fajok-okologia/
b66733e9e3dc398c6f593352874641d2e3ba843f8c100b775b7571669133c363,2024-09-08 01:52:47.047847+00:00,hu,origo.hu,origo.hu,2021-09-20,A legeltetés hatékony védelmet jelenthet az inváziós fásszárú fajok ellen,https://www.origo.hu/tudomany/20210920-a-legeltetes-hatekony-vedelmet-jelenthet-az-arterekben-terjedo-invazios-fasszaru-fajok-ellen-egy.html
26e3a4b2d1e7616b02226847f78f57f08ebfe4c27d8d4bae7c29fb4fbe25d845,2024-09-07 22:49:36.651546+00:00,hu,444.hu,444.hu,2021-09-22,"Indul a globális csúcstalálkozó, ahol teljesen átalakítanák a világ élelmiszer-rendszerét",https://444.hu/2021/09/22/indul-a-globalis-csucstalalkozo-ahol-teljesen-atalakitanak-a-vilag-elelmiszer-rendszeret?utm_source=rss_feed&utm_medium=rss&utm_campaign=rss_syndication
bb12752f4f7e51abdde9807cbb02c19973d0d61110ce4a30d9f69b9666458418,2024-09-07 22:31:54.626401+00:00,hu,vg.hu,vg.hu,2021-09-22,Biogazdálkodás magyar módra,https://www.vg.hu/velemeny/2021/09/biogazdalkodas-magyar-modra?utm_source=hirstart&utm_medium=referral&utm_campaign=hiraggregator
ef2ebadd7f7ac1d048a03ba5225fafb62f6acf71b180044e503a8c304c982cdd,2024-09-07 21:54:17.556913+00:00,hu,portfolio.hu,portfolio.hu,2021-09-22,"Ez már nem őrület, hanem a jövő: minden második eurót ESG-alapba fektetnek",https://www.portfolio.hu/befektetes/20210922/ez-mar-nem-orulet-hanem-a-jovo-minden-masodik-eurot-esg-alapba-fektetnek-501714
8ffb2f83494d369006b88227b8b5fe67b89e16d91b7d0c7d8e5f30b40b63f9e7,2024-09-07 20:28:14.792161+00:00,hu,heol.hu,heol.hu,2021-09-23,"Elindul a Megújuló vidék, megújuló agrárium program második üteme",https://www.heol.hu/gazdasag/hazai-gazdasag/elindul-a-megujulo-videk-megujulo-agrarium-program-masodik-uteme-3984740/?utm_source=rss&utm_medium=referral&utm_campaign=hiraggregator
1428a67edbaa361ed3c0cb0d15f1c5d7e7af65cc20467fca76a82d735f09b50c,2024-09-07 20:28:11.035362+00:00,hu,feol.hu,feol.hu,2021-09-23,"Elindul a Megújuló vidék, megújuló agrárium program második üteme",https://www.feol.hu/gazdasag/hazai-gazdasag/elindul-a-megujulo-videk-megujulo-agrarium-program-masodik-uteme-5303213/?utm_source=rss&utm_medium=referral&utm_campaign=hiraggregator
221a281d1df4cb894a45a2354c438efd6b5a47142ee31da8c3fdfedd50110aa0,2024-09-07 20:27:34.856830+00:00,hu,zaol.hu,zaol.hu,2021-09-23,"Elindul a Megújuló vidék, megújuló agrárium program második üteme",https://www.zaol.hu/gazdasag/hazai-gazdasag/elindul-a-megujulo-videk-megujulo-agrarium-program-masodik-uteme-5614871/?utm_source=rss&utm_medium=referral&utm_campaign=hiraggregator
5e6d01d187a5d45ae8b1681cdea7c1c532c61c01e7bc0bce1cd6023b177106eb,2024-09-07 20:27:24.600224+00:00,hu,veol.hu,veol.hu,2021-09-23,"Elindul a Megújuló vidék, megújuló agrárium program második üteme",https://www.veol.hu/gazdasag/hazai-gazdasag/elindul-a-megujulo-videk-megujulo-agrarium-program-masodik-uteme-5040257/?utm_source=rss&utm_medium=referral&utm_campaign=hiraggregator
436649bb8ff71eba56d565f741700c1a92167238dbf20bab36608f391d66af1f,2024-09-07 20:27:17.853446+00:00,hu,haon.hu,haon.hu,2021-09-23,"Elindul a Megújuló vidék, megújuló agrárium program második üteme",https://haon.hu/gazdasag/hazai-gazdasag/elindul-a-megujulo-videk-megujulo-agrarium-program-masodik-uteme-5672459/?utm_source=rss&utm_medium=referral&utm_campaign=hiraggregator
86bb10e620644329dc56f2dc09a9dac083794232cc3dec416610d7a6aca58fca,2024-09-07 20:27:13.473559+00:00,hu,boon.hu,boon.hu,2021-09-23,"Elindul a Megújuló vidék, megújuló agrárium program második üteme",https://boon.hu/gazdasag/hazai-gazdasag/elindul-a-megujulo-videk-megujulo-agrarium-program-masodik-uteme-5839379/?utm_source=rss&utm_medium=referral&utm_campaign=hiraggregator
97d9d49e32f7772bccc25b846623249b80d7c1bde97c45919eaa175174886137,2024-09-07 20:27:01.373971+00:00,hu,szon.hu,szon.hu,2021-09-23,"Elindul a Megújuló vidék, megújuló agrárium program második üteme",https://szon.hu/gazdasag/hazai-gazdasag/elindul-a-megujulo-videk-megujulo-agrarium-program-masodik-uteme-5413787/?utm_source=rss&utm_medium=referral&utm_campaign=hiraggregator
ef92318edb91974cca3debcb9e6df098bf87c8cfb36fc7eede2504eb2620a619,2024-09-07 20:26:57.088989+00:00,hu,beol.hu,beol.hu,2021-09-23,"Elindul a Megújuló vidék, megújuló agrárium program második üteme",https://www.beol.hu/gazdasag/hazai-gazdasag/elindul-a-megujulo-videk-megujulo-agrarium-program-masodik-uteme-4353644/?utm_source=rss&utm_medium=referral&utm_campaign=hiraggregator
754c54a0ff5a0e5cf125422059889b71e9e989c1ae1fdfe7ff6c71c9c5f3ff24,2024-09-07 20:26:48.303772+00:00,hu,kisalfold.hu,kisalfold.hu,2021-09-23,"Elindul a Megújuló vidék, megújuló agrárium program második üteme",https://www.kisalfold.hu/gazdasag/hazai-gazdasag/elindul-a-megujulo-videk-megujulo-agrarium-program-masodik-uteme-11400830/?utm_source=rssfeed
01e9821a524d0edec92371500484136e40534fd8eb168a5b8eac10d11c2129c5,2024-09-07 20:26:40.451549+00:00,hu,bama.hu,bama.hu,2021-09-23,"Elindul a Megújuló vidék, megújuló agrárium program második üteme",https://www.bama.hu/gazdasag/hazai-gazdasag/elindul-a-megujulo-videk-megujulo-agrarium-program-masodik-uteme-4110842/?utm_source=rss&utm_medium=referral&utm_campaign=hiraggregator
0e79cd60246839622b30963c2b12695f3ab1badea3305cdc06abb6bc991262b3,2024-09-07 20:26:18.356954+00:00,hu,baon.hu,baon.hu,2021-09-23,"Elindul a Megújuló vidék, megújuló agrárium program második üteme",https://www.baon.hu/gazdasag/hazai-gazdasag/elindul-a-megujulo-videk-megujulo-agrarium-program-masodik-uteme-4295102/?utm_source=rss&utm_medium=referral&utm_campaign=hiraggregator
a5e10b512bf328baacfd8ff334d2a0f2e1a9e25dedc7d70ba2710d7d4ad2367a,2024-09-07 20:26:13.117478+00:00,hu,sonline.hu,sonline.hu,2021-09-23,"Elindul a Megújuló vidék, megújuló agrárium program második üteme",https://www.sonline.hu/gazdasag/hazai-gazdasag/elindul-a-megujulo-videk-megujulo-agrarium-program-masodik-uteme-4423760/?utm_source=rss&utm_medium=referral&utm_campaign=hiraggregator
a129aeafab169afd3c63889c598761c5fabb46eda6bb6f834be9fcb09ca92a72,2024-09-07 20:26:12.302267+00:00,hu,teol.hu,teol.hu,2021-09-23,"Elindul a Megújuló vidék, megújuló agrárium program második üteme",https://www.teol.hu/gazdasag/hazai-gazdasag/elindul-a-megujulo-videk-megujulo-agrarium-program-masodik-uteme-4049441/?utm_source=rss&utm_medium=referral&utm_campaign=hiraggregator
7a57b41a0b152fa061da640ec59cb36b0a610f4a8c26ee71c53ed6f0ac7f5bbd,2024-09-07 20:26:11.115587+00:00,hu,szoljon.hu,szoljon.hu,2021-09-23,"Elindul a Megújuló vidék, megújuló agrárium program második üteme",https://www.szoljon.hu/gazdasag/hazai-gazdasag/elindul-a-megujulo-videk-megujulo-agrarium-program-masodik-uteme-3870173/?utm_source=rss&utm_medium=referral&utm_campaign=hiraggregator
4a3d000719df4525140027f000e53d3f4d6847e91cb0e7cfa087d1d52232b971,2024-09-07 20:25:50.822173+00:00,hu,delmagyar.hu,delmagyar.hu,2021-09-23,"Elindul a Megújuló vidék, megújuló agrárium program második üteme",https://www.delmagyar.hu/gazdasag/hazai-gazdasag/elindul-a-megujulo-videk-megujulo-agrarium-program-masodik-uteme-7977797/?utm_source=rssfeed
bf7339ef5a6d7a4fb26d068bb8f30efb6038ab72d95d13860c17c18a9fff4132,2024-09-07 20:25:46.714784+00:00,hu,duol.hu,duol.hu,2021-09-23,"Elindul a Megújuló vidék, megújuló agrárium program második üteme",https://www.duol.hu/gazdasag/hazai-gazdasag/elindul-a-megujulo-videk-megujulo-agrarium-program-masodik-uteme-4667282/?utm_source=rss&utm_medium=referral&utm_campaign=hiraggregator
43d69c6a77413dc5b5426ddd1e51643a311758191298a222ab35f1fde5f6e8da,2024-09-07 20:24:57.196178+00:00,hu,vaol.hu,vaol.hu,2021-09-23,"Elindul a Megújuló vidék, megújuló agrárium program második üteme",https://www.vaol.hu/gazdasag/hazai-gazdasag/elindul-a-megujulo-videk-megujulo-agrarium-program-masodik-uteme-5318072/?utm_source=rss&utm_medium=referral&utm_campaign=hiraggregator
1cd74095b4b46a3d181bdb0f7c167a0c849fafe6247e6c649b6166559db4c699,2024-09-07 20:09:36.495433+00:00,hu,demokrata.hu,demokrata.hu,2021-09-23,"Elindul a Megújuló vidék, megújuló agrárium program második üteme",https://demokrata.hu/gazdasag/elindul-a-megujulo-videk-megujulo-agrarium-program-masodik-uteme-429331/
e6963dfb8f8f1b0ed3220cf5e9ebe982d2c811d844ebc1b7890216580809eecd,2024-09-07 20:06:37.271736+00:00,hu,origo.hu,origo.hu,2021-09-23,"Indul a Megújuló vidék, megújuló agrárium program második üteme",https://www.origo.hu/gazdasag/20210923-agrarium-megujulas-palyazat-projekt-videkfejlesztes.html
a08066817656919c20becf4e897b0113a4dbbb0636540a911751e61c12960982,2024-09-07 20:03:56.641770+00:00,hu,vg.hu,vg.hu,2021-09-23,Brutális agrárpályázati dömping jön,https://www.vg.hu/vilaggazdasag-magyar-gazdasag/2021/09/brutalis-agrarpalyazati-domping-jon?utm_source=hirstart&utm_medium=referral&utm_campaign=hiraggregator
347f28b5a321276ee9ce3fe90fabc764e7f62fb1fd6ba4502bd798104e1f4d36,2024-09-07 18:42:48.407792+00:00,hu,index.hu,index.hu,2021-09-24,Két év után rendeztek újra klímasztrájkot Budapesten,https://index.hu/belfold/2021/09/24/kornyezetvedelem-klimasztrajkot-budapesten/
cba877f31352b3107babdd0c501dd113ddd666b208110ac242db82ed5c88dede,2024-09-07 18:16:06.581047+00:00,hu,hvg.hu,hvg.hu,2021-09-24,"Hol fognak grasszálni a mamutok, ha most felélesztjük őket?",http://hvg.hu/elet/20210924_Egyetlen_felelesztett_mamutbol_meg_nem_lesz_itt_semmifele_Jurassic_Park#rss
b2b64ba6e2afaedb75aaeb5285dc75104b90aa18e8302e1c86bb02fd5a458d1e,2024-09-07 16:12:55.370584+00:00,hu,24.hu,24.hu,2021-09-25,"Túlélhetjük méhek nélkül is, de az az élet senkinek sem tetszene",https://24.hu/tudomany/2021/09/25/mehek-beporzok-tuleles-termeszetvedelem-okologia/
c7019707c3953f7777d73b073b65059a9ee08d713ae6537d2035705033766668,2024-09-07 14:38:06.568308+00:00,hu,portfolio.hu,portfolio.hu,2021-09-27,Megjött a bejelentés: százmilliárdok ömlenek a magyar vidékre,https://www.portfolio.hu/unios-forrasok/20210927/megjott-a-bejelentes-szazmilliardok-omlenek-a-magyar-videkre-502532
2a13f223c6424bd533152f0e794d7898ec5dab924e2bc0496f8c9ca7a2b4628b,2024-09-07 14:04:49.939624+00:00,hu,demokrata.hu,demokrata.hu,2021-09-27,Merre gurul a magyar alma?,https://demokrata.hu/magyarorszag/merre-gurul-a-magyar-alma-428652/
675b3bd91c578d0127692c13efddd433d131528ca266e9f73bb6dc7a0b76de86,2024-09-07 13:37:16.220110+00:00,hu,origo.hu,origo.hu,2021-09-27,Az ÖK is részt vesz a vadon élő beporzók védelmében,https://www.origo.hu/tudomany/20210927-az-ok-is-reszt-vesz-a-vadon-elo-beporzok-vedelmere-inditott-europai-unios-kutatasi-programban.html
8e9ef35dc0a60c696fb4748f23692a0191413bf9f74898b5ed51096923e1207d,2024-09-07 11:24:00.111360+00:00,hu,heol.hu,heol.hu,2021-09-28,Ezermilliárdokból fejleszthet a vidék,https://www.heol.hu/gazdasag/hazai-gazdasag/ezermilliardokbol-fejleszthet-a-videk-3997466/?utm_source=rss&utm_medium=referral&utm_campaign=hiraggregator
00835560d6a9a5d6b7890cf3df122ebf5787a8b1920ece607ac718cd0e3eb377,2024-09-07 11:23:40.371410+00:00,hu,feol.hu,feol.hu,2021-09-28,Ezermilliárdokból fejleszthet a vidék,https://www.feol.hu/gazdasag/hazai-gazdasag/ezermilliardokbol-fejleszthet-a-videk-5316140/?utm_source=rss&utm_medium=referral&utm_campaign=hiraggregator
bcb397e758518c36126464884035c52ad5ab03da68419dd8bce6bd8c5d9ea73f,2024-09-07 11:23:03.047426+00:00,hu,delmagyar.hu,delmagyar.hu,2021-09-28,Ezermilliárdokból fejleszthet a vidék,https://www.delmagyar.hu/gazdasag/hazai-gazdasag/ezermilliardokbol-fejleszthet-a-videk-7992887/?utm_source=rss&utm_medium=referral&utm_campaign=hiraggregator
c2f0830ef73ba63ed691a1e02d931e6f9bf63edf136e6d4c7c53c4307fe36f3e,2024-09-07 11:22:49.542725+00:00,hu,veol.hu,veol.hu,2021-09-28,Ezermilliárdokból fejleszthet a vidék,https://www.veol.hu/gazdasag/hazai-gazdasag/ezermilliardokbol-fejleszthet-a-videk-5053826/?utm_source=rss&utm_medium=referral&utm_campaign=hiraggregator
501b1d7f6d711c7f4312caad8f60505328333bfca263fd8f817a87529c1892d1,2024-09-07 11:22:40.939176+00:00,hu,vaol.hu,vaol.hu,2021-09-28,Ezermilliárdokból fejleszthet a vidék,https://www.vaol.hu/gazdasag/hazai-gazdasag/ezermilliardokbol-fejleszthet-a-videk-5331854/?utm_source=rss&utm_medium=referral&utm_campaign=hiraggregator
a5054406d6454a5c6bf93b698b6eb21142dd2f95036042cd8a568207d0ab69aa,2024-09-07 11:22:40.885250+00:00,hu,haon.hu,haon.hu,2021-09-28,Ezermilliárdokból fejleszthet a vidék,https://haon.hu/gazdasag/hazai-gazdasag/ezermilliardokbol-fejleszthet-a-videk-5686517/?utm_source=rss&utm_medium=referral&utm_campaign=hiraggregator
9a6423729ebb7533eb45f950a213e9787a979742204d2a21b2e93629c764f417,2024-09-07 11:22:39.781111+00:00,hu,boon.hu,boon.hu,2021-09-28,Ezermilliárdokból fejleszthet a vidék,https://boon.hu/gazdasag/hazai-gazdasag/ezermilliardokbol-fejleszthet-a-videk-5853635/?utm_source=rss&utm_medium=referral&utm_campaign=hiraggregator
dd5cb981752e395bef6304706cfc2882a787d68044bc5fb1eb81ca7360c0149b,2024-09-07 11:22:22.979456+00:00,hu,beol.hu,beol.hu,2021-09-28,Ezermilliárdokból fejleszthet a vidék,https://www.beol.hu/gazdasag/hazai-gazdasag/ezermilliardokbol-fejleszthet-a-videk-4368200/?utm_source=rss&utm_medium=referral&utm_campaign=hiraggregator
40e0e1588872acdc48354878cb89c37da5261b780247e87053b01b98a05080ab,2024-09-07 11:22:13.442977+00:00,hu,kisalfold.hu,kisalfold.hu,2021-09-28,Ezermilliárdokból fejleszthet a vidék,https://www.kisalfold.hu/gazdasag/hazai-gazdasag/ezermilliardokbol-fejleszthet-a-videk-11418269/?utm_source=rssfeed
6b74b28f55217253bcb40362d3a4c906c85e589b96d75b33cecdd0dfe1508ee4,2024-09-07 11:22:06.012152+00:00,hu,bama.hu,bama.hu,2021-09-28,Ezermilliárdokból fejleszthet a vidék,https://www.bama.hu/gazdasag/hazai-gazdasag/ezermilliardokbol-fejleszthet-a-videk-4122437/?utm_source=rss&utm_medium=referral&utm_campaign=hiraggregator
dfdc21b5c1fcca4cf66a536b4a2fb0cace233907fb912625e171147489ac6003,2024-09-07 11:21:41.399416+00:00,hu,baon.hu,baon.hu,2021-09-28,Ezermilliárdokból fejleszthet a vidék,https://www.baon.hu/gazdasag/hazai-gazdasag/ezermilliardokbol-fejleszthet-a-videk-4312511/?utm_source=rss&utm_medium=referral&utm_campaign=hiraggregator
b0bf8feaa463e292e7150e5667db9fd052fd9ec1075a558effe24349adb91a56,2024-09-07 11:21:37.346250+00:00,hu,szon.hu,szon.hu,2021-09-28,Ezermilliárdokból fejleszthet a vidék,https://szon.hu/gazdasag/hazai-gazdasag/ezermilliardokbol-fejleszthet-a-videk-5427461/?utm_source=rss&utm_medium=referral&utm_campaign=hiraggregator
a937941936819d0c9912f17aefcb636d85fdaea0f485e703e8379e789fd9c6ef,2024-09-07 11:21:35.273431+00:00,hu,teol.hu,teol.hu,2021-09-28,Ezermilliárdokból fejleszthet a vidék,https://www.teol.hu/gazdasag/hazai-gazdasag/ezermilliardokbol-fejleszthet-a-videk-4061828/?utm_source=rss&utm_medium=referral&utm_campaign=hiraggregator
793f9944c63c397f24948d96233edc86d38eac166ec4d00512db73338d0dd2d6,2024-09-07 11:21:35.199800+00:00,hu,sonline.hu,sonline.hu,2021-09-28,Ezermilliárdokból fejleszthet a vidék,https://www.sonline.hu/gazdasag/hazai-gazdasag/ezermilliardokbol-fejleszthet-a-videk-4435187/?utm_source=rss&utm_medium=referral&utm_campaign=hiraggregator
9f72fca5f9e20836bbcf23480f571703022a384d575e5d6596278f3021dd1e26,2024-09-07 11:21:32.926840+00:00,hu,szoljon.hu,szoljon.hu,2021-09-28,Ezermilliárdokból fejleszthet a vidék,https://www.szoljon.hu/gazdasag/hazai-gazdasag/ezermilliardokbol-fejleszthet-a-videk-3883883/?utm_source=rss&utm_medium=referral&utm_campaign=hiraggregator
40c6d20b8fba417960f39300a8c80f76da5d83454c3250da6c5a22b0761035d0,2024-09-07 11:21:05.809128+00:00,hu,duol.hu,duol.hu,2021-09-28,Ezermilliárdokból fejleszthet a vidék,https://www.duol.hu/gazdasag/hazai-gazdasag/ezermilliardokbol-fejleszthet-a-videk-4678229/?utm_source=rss&utm_medium=referral&utm_campaign=hiraggregator
16785a83c9fcaacc790d6e6f48731a7fc3d852fae945193d80ecd4f33801096e,2024-09-07 11:04:10.062025+00:00,hu,origo.hu,origo.hu,2021-09-28,A kormány történelmi léptékű forrást fordít vidékfejlesztésre,https://www.origo.hu/gazdasag/20210928-ezermilliardok-videkfejlesztes.html
31081e65b7bbf1ef20ca5200babd1799c7b35ed47a79f7bcf1a2330d47e65a1e,2024-09-07 11:02:41.287013+00:00,hu,vg.hu,vg.hu,2021-09-28,Több ezermilliárd megy vidékfejlesztésre,https://www.vg.hu/vilaggazdasag-magyar-gazdasag/2021/09/tobb-ezermilliard-megy-videkfejlesztesre?utm_source=hirstart&utm_medium=referral&utm_campaign=hiraggregator
e0270870eaab6b5d8c6da26312b16d5d7a1b2f4fbf036d4696930456210dd179,2024-09-06 22:26:37.766194+00:00,hu,infostart.hu,infostart.hu,2021-10-05,Erősödik a nyomás az atomenergia „zöldesítése” érdekében,https://infostart.hu/kulfold/2021/10/05/erosodik-a-nyomas-az-atomenergia-zoldesitese-erdekeben
938878c2cba0fa1d17d859c6ab1828fba4fe989884dbff5f19d1c27065c4a3d6,2024-09-06 22:12:31.156320+00:00,hu,pestisracok.hu,pestisracok.hu,2021-10-05,Brüsszel feladná Európa önellátását,https://pestisracok.hu/brusszel-feladna-europa-onellatasat/
4aebb970abb6f3efc91c276ea1ee5cfd7997e0efd4100dbbbc8cec92d5d175f6,2024-09-06 22:11:57.387293+00:00,hu,demokrata.hu,demokrata.hu,2021-10-05,Brüsszel feladná Európa önellátását,https://demokrata.hu/gazdasag/brusszel-feladna-europa-onellatasat-433954/
94a73a5d8e07a944a42fbb28407b6e37436f0840324ef4ee69d281f6c0e61ad8,2024-09-06 21:55:53.754793+00:00,hu,index.hu,index.hu,2021-10-05,Nehézséget okozhatnak a mezőgazdaságban az Európai Bizottság tervezett korlátozásai,https://index.hu/gazdasag/2021/10/05/europai-unio-green-deal-mezogazdasag/
f5ef1d85afb54c1bfc812a052779123265c453dd0a8dbc5a1c16fa7642623d9a,2024-09-06 21:53:40.787469+00:00,hu,delmagyar.hu,delmagyar.hu,2021-10-05,Green Deal: Brüsszel feladná Európa önellátását,https://www.delmagyar.hu/gazdasag/nemzetkozi-gazdasag/green-deal-brusszel-feladna-europa-onellatasat-8015627/?utm_source=rss&utm_medium=referral&utm_campaign=hiraggregator
131e4ef00d4b90f0961f994e003489a06ee87a93291f668bda423da2662f274d,2024-09-06 21:53:33.909685+00:00,hu,vaol.hu,vaol.hu,2021-10-05,Green Deal: Brüsszel feladná Európa önellátását,https://www.vaol.hu/gazdasag/nemzetkozi-gazdasag/green-deal-brusszel-feladna-europa-onellatasat-5354273/?utm_source=rss&utm_medium=referral&utm_campaign=hiraggregator
838ca147fe1d84a195739e52b7e9d90ec447e2852f53533ac78eaa47a11598f8,2024-09-06 21:52:52.547437+00:00,hu,haon.hu,haon.hu,2021-10-05,Green Deal: Brüsszel feladná Európa önellátását,https://haon.hu/gazdasag/nemzetkozi-gazdasag/green-deal-brusszel-feladna-europa-onellatasat-5709179/?utm_source=rss&utm_medium=referral&utm_campaign=hiraggregator
831c5819180a9eeef32ff91c39bf60f430ed83727d1079e57b800e0a0f8214a0,2024-09-06 21:52:48.700353+00:00,hu,boon.hu,boon.hu,2021-10-05,Green Deal: Brüsszel feladná Európa önellátását,https://boon.hu/gazdasag/nemzetkozi-gazdasag/green-deal-brusszel-feladna-europa-onellatasat-5875907/?utm_source=rss&utm_medium=referral&utm_campaign=hiraggregator
8c782544c32cbad19d06a7f4238bdbf8abce88f48808c61307e3ee1b371ce808,2024-09-06 21:52:32.935394+00:00,hu,beol.hu,beol.hu,2021-10-05,Green Deal: Brüsszel feladná Európa önellátását,https://www.beol.hu/gazdasag/nemzetkozi-gazdasag/green-deal-brusszel-feladna-europa-onellatasat-4389104/?utm_source=rss&utm_medium=referral&utm_campaign=hiraggregator
e59b60ef998e0c581983047cfc2f085b5da800b0ef8c0cb9296e123d8039385a,2024-09-06 21:52:20.811484+00:00,hu,bama.hu,bama.hu,2021-10-05,Green Deal: Brüsszel feladná Európa önellátását,https://www.bama.hu/gazdasag/nemzetkozi-gazdasag/green-deal-brusszel-feladna-europa-onellatasat-4140734/?utm_source=rss&utm_medium=referral&utm_campaign=hiraggregator
ee3aceb889e6a5ab92583baa8c91dd0d0331685a43f297afd4b3c7b4b3e98d1d,2024-09-06 21:51:56.528150+00:00,hu,baon.hu,baon.hu,2021-10-05,Green Deal: Brüsszel feladná Európa önellátását,https://www.baon.hu/gazdasag/nemzetkozi-gazdasag/green-deal-brusszel-feladna-europa-onellatasat-4336643/?utm_source=rss&utm_medium=referral&utm_campaign=hiraggregator
123ceeb2cc5fab7b88a68ee381b88884ad3d357a2eaad69d7062e7f127b948b6,2024-09-06 21:51:49.793286+00:00,hu,sonline.hu,sonline.hu,2021-10-05,Green Deal: Brüsszel feladná Európa önellátását,https://www.sonline.hu/gazdasag/nemzetkozi-gazdasag/green-deal-brusszel-feladna-europa-onellatasat-4452848/?utm_source=rss&utm_medium=referral&utm_campaign=hiraggregator
8f6dd920a1c9239ba1baa6399130127606fba5e003403b8301ec031545ba5d3a,2024-09-06 21:51:49.131676+00:00,hu,teol.hu,teol.hu,2021-10-05,Green Deal: Brüsszel feladná Európa önellátását,https://www.teol.hu/gazdasag/nemzetkozi-gazdasag/green-deal-brusszel-feladna-europa-onellatasat-4081199/?utm_source=rss&utm_medium=referral&utm_campaign=hiraggregator
d5f1825d3b29dd08652591434016bb2dd165cda38ac3897f1a4926152309138c,2024-09-06 21:51:48.273642+00:00,hu,szoljon.hu,szoljon.hu,2021-10-05,Green Deal: Brüsszel feladná Európa önellátását,https://www.szoljon.hu/gazdasag/nemzetkozi-gazdasag/green-deal-brusszel-feladna-europa-onellatasat-3903722/?utm_source=rss&utm_medium=referral&utm_campaign=hiraggregator
7877fea657793e45cbd12177a4de9fbfeccb75079c70463bd3ab1abb8d3b3096,2024-09-06 21:51:14.551110+00:00,hu,feol.hu,feol.hu,2021-10-05,Green Deal: Brüsszel feladná Európa önellátását,https://www.feol.hu/gazdasag/nemzetkozi-gazdasag/green-deal-brusszel-feladna-europa-onellatasat-5336630/?utm_source=rss&utm_medium=referral&utm_campaign=hiraggregator
06d1cccad13c844fe69d43116ebe82b3ec2a1fa7d23a1b70fc4bba68a93228f6,2024-09-06 21:51:08.681384+00:00,hu,duol.hu,duol.hu,2021-10-05,Green Deal: Brüsszel feladná Európa önellátását,https://www.duol.hu/gazdasag/nemzetkozi-gazdasag/green-deal-brusszel-feladna-europa-onellatasat-4696022/?utm_source=rss&utm_medium=referral&utm_campaign=hiraggregator
0ae383d60890a4c26a4fe544388ed02c3f72798886606dbacea53c9cd0ca96b1,2024-09-06 21:50:30.145459+00:00,hu,heol.hu,heol.hu,2021-10-05,Green Deal: Brüsszel feladná Európa önellátását,https://www.heol.hu/gazdasag/nemzetkozi-gazdasag/green-deal-brusszel-feladna-europa-onellatasat-4016465/?utm_source=rss&utm_medium=referral&utm_campaign=hiraggregator
31db4e89c443ee1c6646f31a03813e805237fe998f34b5dbe8e0eb2d8a6d521f,2024-09-06 21:50:19.234701+00:00,hu,zaol.hu,zaol.hu,2021-10-05,Green Deal: Brüsszel feladná Európa önellátását,https://www.zaol.hu/gazdasag/nemzetkozi-gazdasag/green-deal-brusszel-feladna-europa-onellatasat-5651189/?utm_source=rss&utm_medium=referral&utm_campaign=hiraggregator
f8151d085c2c3400e99c1a2531a09de4af43a5cbb8c6a7279890c2fdd6db39b2,2024-09-06 21:50:02.861062+00:00,hu,veol.hu,veol.hu,2021-10-05,Green Deal: Brüsszel feladná Európa önellátását,https://www.veol.hu/gazdasag/nemzetkozi-gazdasag/green-deal-brusszel-feladna-europa-onellatasat-5074178/?utm_source=rss&utm_medium=referral&utm_campaign=hiraggregator
fdd0e81d25d5e2e38682e446df0067d65dd5bcdc19308b6e311ed87c788c34d3,2024-09-06 18:32:20.360136+00:00,hu,delmagyar.hu,delmagyar.hu,2021-10-07,"Nincs gyors teszt, csak anamnézissel deríthető ki az allergia oka",https://www.delmagyar.hu/kozelet/helyi-kozelet/nincs-gyors-teszt-csak-anamnezissel-deritheto-ki-az-allergia-oka-8025806/?utm_source=rssfeed
e211235ac26f8c5bebb1111a6bdda78ccc9f2ac104148c29a089fbf442d47682,2024-09-06 11:01:38.963857+00:00,hu,vg.hu,vg.hu,2021-10-11,Versenyeznek a bankok az agrár ügyfelekért,https://www.vg.hu/vilaggazdasag-magyar-gazdasag/2021/10/versenyeznek-a-bankok-az-agrar-ugyfelekert?utm_source=hirstart&utm_medium=referral&utm_campaign=hiraggregator
7cc3e995bad5c2190aa95a5016480da9480e481f98809d11bc0fc61633b4ce88,2024-09-06 06:34:45.010614+00:00,hu,24.hu,24.hu,2021-10-13,Az európai tudományos akadémiák a biodiverzitás végzetes pusztulására figyelmeztetnek,https://24.hu/tudomany/2021/10/13/tudomanyos-akademiak-biodiverzitas-pusztulasa/
43318614b1d14f52938d97e59a54afa9ac86b38feb3a77e712d86d2f615cdfad,2024-09-04 13:26:33.248481+00:00,hu,portfolio.hu,portfolio.hu,2021-04-01,1500 milliárd forintra lehet pályázni az agráriumban és vidékfejlesztésben,https://www.portfolio.hu/gazdasag/20210401/1500-milliard-forintra-lehet-palyazni-az-agrariumban-es-videkfejlesztesben-476652
7c5b49775f5412efe1d7d0b1aabb6e17384eb61e7cb4001295a61aa04c17b546,2024-09-04 07:57:05.551954+00:00,hu,portfolio.hu,portfolio.hu,2021-04-04,Miért fektetnek termőföldbe a gazdagok?,https://www.portfolio.hu/gazdasag/20210404/miert-fektetnek-termofoldbe-a-gazdagok-476534
e946aa79ec42f06071d81e77677bceae610c6a13efe02aa6eecd2978a06a6935,2024-09-04 05:39:39.473775+00:00,hu,merce.hu,merce.hu,2021-04-05,Megfeleződött az egyenlítői térségben élő tengeri fajok száma « Mérce,https://merce.hu/2021/04/05/egyre-tobb-faj-tunik-el-az-egyenlito-kornyeki-oceani-regiokbol-a-klimavaltozas-miatt/
a9e17382b1e307ba0f4afc3570d9836137fcd4a0e931e40e2e28580f4fdb0f16,2024-09-04 04:25:44.578875+00:00,hu,szon.hu,szon.hu,2021-04-06,Horror az utak mentén,https://szon.hu/kozelet/helyi-kozelet/horror-az-utak-menten-4960555/?utm_source=rss&utm_medium=referral&utm_campaign=hiraggregator
c8c7e3455d7d2acef90e53329a2f466b1af5a993c310224d592c6921612fa6ed,2024-09-03 19:01:25.417223+00:00,hu,magyarnemzet.hu,magyarnemzet.hu,2021-04-15,Világunk ökoszisztémáinak már alig van érintetlen része,https://magyarnemzet.hu/mozaik/szarazfoldi-okoszisztemainknak-mar-alig-van-erintetlen-resze-9661238/?utm_source=rss&utm_medium=referral&utm_campaign=hiraggregator
79fb5842829ae3cf8cfbed27a93de20597941a7e687ce28fc94182372997d9c5,2024-09-03 18:59:55.795427+00:00,hu,origo.hu,origo.hu,2021-04-15,A világ szárazföldi ökoszisztémáinak csupán 3 százaléka érintetlen,https://www.origo.hu/tudomany/20210415-a-vilag-szarazfoldi-okoszisztemainak-csupan-harom-szazaleka-erintetlen.html
7d9734980beae6dd6f8ee7661eb81c4eaaf37507499a90ca4bbac617b2db0ec4,2024-09-03 18:55:32.536247+00:00,hu,portfolio.hu,portfolio.hu,2021-04-15,Tovább fog nőni a hitelállomány az agráriumban,https://www.portfolio.hu/bank/20210415/tovabb-fog-noni-a-hitelallomany-az-agrariumban-476020
3613c0605feaabf65b23c843fc6fa3919e7c6df27041182ce280a17ec8cb0ba6,2024-09-03 18:52:14.401127+00:00,hu,hvg.hu,hvg.hu,2021-04-15,Mostanra 3 százaléka sem maradt érintetlen a világ vadonjainak,http://hvg.hu/gazdasag.zhvg/20210415_kornyezet_3_szazalek_maradt_erintetlen#rss
a8df4fd7266cbefbbc7028bff707f6030b2baf804b68beb6e8c3712588c0560c,2024-09-03 18:41:54.662538+00:00,hu,nepszava.hu,nepszava.hu,2021-04-15,Már csak a szárazföldi ökoszisztémák 3 százaléka érintetlen,https://nepszava.hu/3116490_mar-csak-a-szarazfoldi-okoszisztemak-3-szazaleka-erintetlen
0ec48cce20529b93c0baa28bd898034641aebde00e3dbe5bb3ab273d7ddca1e4,2024-09-03 17:17:13.882034+00:00,hu,magyarnemzet.hu,magyarnemzet.hu,2021-04-16,Összefogással a környezeti bűnözés ellen,https://magyarnemzet.hu/belfold/osszefogassal-a-kornyezeti-bunozes-ellen-9662741/?utm_source=rss&utm_medium=referral&utm_campaign=hiraggregator
908286b78e21d277bcd0c2e0d9656cbc242e04f72bba29daaa6bc84843b7c1de,2024-09-03 16:54:32.925286+00:00,hu,szon.hu,szon.hu,2021-04-16,A szárazföld emberi tevékenység által háborítatlan része csupán 3 százalék,https://szon.hu/egyperces/a-szarazfold-emberi-tevekenyseg-altal-haboritatlan-resze-csupan-3-szazalek-4986973/?utm_source=rss&utm_medium=referral&utm_campaign=hiraggregator
4f61ed3e3c2b07bc1569dc81d55a2da1855c31c276b52df78afecd64be20e614,2024-09-03 16:54:29.720381+00:00,hu,haon.hu,haon.hu,2021-04-16,A szárazföld emberi tevékenység által háborítatlan része csupán 3 százalék,https://haon.hu/egyperces/a-szarazfold-emberi-tevekenyseg-altal-haboritatlan-resze-csupan-3-szazalek-5174959/?utm_source=rss&utm_medium=referral&utm_campaign=hiraggregator
5adb149432423af49ab43a331227aa6bbec576d3a5c312085f3e0d6a4d3ea5d0,2024-09-03 16:54:26.501912+00:00,hu,boon.hu,boon.hu,2021-04-16,A szárazföld emberi tevékenység által háborítatlan része csupán 3 százalék,https://boon.hu/egyperces/a-szarazfold-emberi-tevekenyseg-altal-haboritatlan-resze-csupan-3-szazalek-5369227/?utm_source=rss&utm_medium=referral&utm_campaign=hiraggregator
6d2b6181161b65012247bc5f9910fb5fee03fcf85061ff9fd12143aaf0f1cfe5,2024-09-03 16:54:16.676186+00:00,hu,bama.hu,bama.hu,2021-04-16,A szárazföld emberi tevékenység által háborítatlan része csupán 3 százalék,https://www.bama.hu/egyperces/a-szarazfold-emberi-tevekenyseg-altal-haboritatlan-resze-csupan-3-szazalek-3715450/?utm_source=rss&utm_medium=referral&utm_campaign=hiraggregator
10a4f4786e32f334bad6b315a43b67ab004061b0d71c4e9ff41908891b64b87a,2024-09-03 16:48:39.016656+00:00,hu,delmagyar.hu,delmagyar.hu,2021-04-16,A szárazföld emberi tevékenység által háborítatlan része csupán 3 százalék,https://www.delmagyar.hu/egyperces/a-szarazfold-emberi-tevekenyseg-altal-haboritatlan-resze-csupan-3-szazalek-7434583/?utm_source=rssfeed
aae85db2c350772eb177102ba0a73328133e08baf5df6e13040d9de1422049e7,2024-09-03 16:37:34.318258+00:00,hu,hirtv.hu,hirtv.hu,2021-04-16,A világ szárazföldi ökoszisztémáinak csupán 3 százaléka érintetlen,http://hirtv.hu/hirtvszines/a-vilag-szarazfoldi-okoszisztemainak-csupan-3-szazaleka-erintetlen-2520192?utm_source=feed&utm_medium=rss
751d6f20091d327c3e94292c222399b44de6615b959111ae8b4258dc68b26a7b,2024-09-03 14:04:57.300997+00:00,hu,infostart.hu,infostart.hu,2021-04-19,"Egy friss vizsgálat mutatja, milyen nagy baj a Földön",https://infostart.hu/tudomany/2021/04/19/letfontossagu-fajok-hianya-mutatja-mekkora-a-baj-a-foldon
404a679117391b18b214f49ce2ab24b51e4e03e8fe4a9bfc2bb1cbbfaf2b2d39,2024-09-03 11:44:45.636032+00:00,hu,blikk.hu,blikk.hu,2024-09-03,Nemsokára világvége-bunker épülhet a Holdon,https://www.blikk.hu/ferfiaknak/tech/vilagvege-bunker-epul-a-holdon/9m44kcy
a13672099e41d7a54cdc651b1b8d4e9795f456a822efeda124fb6c6df618cce7,2024-09-03 10:17:49.095966+00:00,hu,portfolio.hu,portfolio.hu,2021-04-21,Drasztikus élelmiszer drágulást okozna az uniós zöld megállapodás,https://www.portfolio.hu/gazdasag/20210421/drasztikus-elelmiszer-dragulast-okozna-az-unios-zold-megallapodas-477830
9335f81480bc0f27222a0fed1466a758d32fba232f4572899cfc819c75769244,2024-09-03 09:10:52.513328+00:00,hu,magyarnemzet.hu,magyarnemzet.hu,2021-04-22,"Nem tudja Brüsszel, terve hogyan hat az élelmiszer-ellátásra",https://magyarnemzet.hu/gazdasag/nem-tudja-brusszel-terve-hogyan-hat-az-elelmiszer-ellatasra-9693992/?utm_source=rss&utm_medium=referral&utm_campaign=hiraggregator
30a54d4b67254959d360c1a97ae5defd8348f2a13010aaa6fd9062e136c86b5d,2024-09-03 09:09:39.793282+00:00,hu,teol.hu,teol.hu,2021-04-22,"Nem tudja Brüsszel, terve hogyan hat az élelmiszer-ellátásra",https://www.teol.hu/gazdasag/nemzetkozi-gazdasag/nem-tudja-brusszel-terve-hogyan-hat-az-elelmiszer-ellatasra-3640036/?utm_source=rss&utm_medium=referral&utm_campaign=hiraggregator
c334b8adb5eaa7032912514e3e24c7dbb153935c4a0d4cf109bc117c270d5414,2024-09-03 09:09:36.276889+00:00,hu,haon.hu,haon.hu,2021-04-22,"Nem tudja Brüsszel, terve hogyan hat az élelmiszer-ellátásra",https://haon.hu/gazdasag/nemzetkozi-gazdasag/nem-tudja-brusszel-terve-hogyan-hat-az-elelmiszer-ellatasra-5192434/?utm_source=rss&utm_medium=referral&utm_campaign=hiraggregator
80b9f17d8ae60423bdf8152174ad95e9d1c7d40536dfc96419b8979015db786a,2024-09-03 09:09:34.249421+00:00,hu,boon.hu,boon.hu,2021-04-22,"Nem tudja Brüsszel, terve hogyan hat az élelmiszer-ellátásra",https://boon.hu/gazdasag/nemzetkozi-gazdasag/nem-tudja-brusszel-terve-hogyan-hat-az-elelmiszer-ellatasra-5385604/?utm_source=rss&utm_medium=referral&utm_campaign=hiraggregator
2c8ac296473aeae6299551efb7da1c3892d9c08c721ce881febb013cb3bf1f0b,2024-09-03 09:09:33.849196+00:00,hu,veol.hu,veol.hu,2021-04-22,"Nem tudja Brüsszel, terve hogyan hat az élelmiszer-ellátásra",https://www.veol.hu/gazdasag/nemzetkozi-gazdasag/nem-tudja-brusszel-terve-hogyan-hat-az-elelmiszer-ellatasra-4595236/?utm_source=rss&utm_medium=referral&utm_campaign=hiraggregator
73b115c4ecbc4f20f72530961d43e5d68d7ea4720a16fb8be681c2f9b12b7645,2024-09-03 09:09:31.751195+00:00,hu,duol.hu,duol.hu,2021-04-22,"Nem tudja Brüsszel, terve hogyan hat az élelmiszer-ellátásra",https://www.duol.hu/gazdasag/nemzetkozi-gazdasag/nem-tudja-brusszel-terve-hogyan-hat-az-elelmiszer-ellatasra-4296085/?utm_source=rss&utm_medium=referral&utm_campaign=hiraggregator
698cc5be292518442e084fde993127ea14a6d83aa3bb21a4f50d2b17b37acd39,2024-09-03 09:09:27.751351+00:00,hu,bama.hu,bama.hu,2021-04-22,"Nem tudja Brüsszel, terve hogyan hat az élelmiszer-ellátásra",https://www.bama.hu/gazdasag/nemzetkozi-gazdasag/nem-tudja-brusszel-terve-hogyan-hat-az-elelmiszer-ellatasra-3730195/?utm_source=rss&utm_medium=referral&utm_campaign=hiraggregator
a774136c067f795c3cdc0108af2633b045506d8a09d1560bff825b8a3fd6662f,2024-09-03 09:09:24.716302+00:00,hu,beol.hu,beol.hu,2021-04-22,"Nem tudja Brüsszel, terve hogyan hat az élelmiszer-ellátásra",https://www.beol.hu/gazdasag/nemzetkozi-gazdasag/nem-tudja-brusszel-terve-hogyan-hat-az-elelmiszer-ellatasra-3887422/?utm_source=rss&utm_medium=referral&utm_campaign=hiraggregator
8586910fd88d7f66011abed8e308e9e834c2a60d1323e18d95ef1e199566464c,2024-09-03 09:09:08.673456+00:00,hu,delmagyar.hu,delmagyar.hu,2021-04-22,"Nem tudja Brüsszel, terve hogyan hat az élelmiszer-ellátásra",https://www.delmagyar.hu/gazdasag/nemzetkozi-gazdasag/nem-tudja-brusszel-terve-hogyan-hat-az-elelmiszer-ellatasra-7453237/?utm_source=rss&utm_medium=referral&utm_campaign=hiraggregator
5f12b159217def730c235c1f43391274cf308a9658bf3534c28d331214a7fafb,2024-09-03 09:09:08.403388+00:00,hu,heol.hu,heol.hu,2021-04-22,"Nem tudja Brüsszel, terve hogyan hat az élelmiszer-ellátásra",https://www.heol.hu/gazdasag/nemzetkozi-gazdasag/nem-tudja-brusszel-terve-hogyan-hat-az-elelmiszer-ellatasra-3566374/?utm_source=rss&utm_medium=referral&utm_campaign=hiraggregator
f48beaee56f46bc01eee05949b5f3acfe15fef1328d246b3aab0df082811831b,2024-09-03 09:09:08.245634+00:00,hu,sonline.hu,sonline.hu,2021-04-22,"Nem tudja Brüsszel, terve hogyan hat az élelmiszer-ellátásra",https://www.sonline.hu/gazdasag/nemzetkozi-gazdasag/nem-tudja-brusszel-terve-hogyan-hat-az-elelmiszer-ellatasra-4056442/?utm_source=rss&utm_medium=referral&utm_campaign=hiraggregator
08a7ad113714f01ffa1daa15605916f3166ee943ffb2b0c6c4fb8744603e5103,2024-09-03 09:09:03.615113+00:00,hu,szon.hu,szon.hu,2021-04-22,"Nem tudja Brüsszel, terve hogyan hat az élelmiszer-ellátásra",https://szon.hu/gazdasag/nemzetkozi-gazdasag/nem-tudja-brusszel-terve-hogyan-hat-az-elelmiszer-ellatasra-5002597/?utm_source=rss&utm_medium=referral&utm_campaign=hiraggregator
2c28727d93c1be25f6621d0f93e9395745632853816023ca57a2e40978ccc4bb,2024-09-03 09:09:02.377440+00:00,hu,feol.hu,feol.hu,2021-04-22,"Nem tudja Brüsszel, terve hogyan hat az élelmiszer-ellátásra",https://www.feol.hu/gazdasag/nemzetkozi-gazdasag/nem-tudja-brusszel-terve-hogyan-hat-az-elelmiszer-ellatasra-4867294/?utm_source=rss&utm_medium=referral&utm_campaign=hiraggregator
abe22d7b83007db99a402f3bc4b0040338161ce46fdab2ca9f56acd3e435b6a4,2024-09-03 09:09:02.123538+00:00,hu,szoljon.hu,szoljon.hu,2021-04-22,"Nem tudja Brüsszel, terve hogyan hat az élelmiszer-ellátásra",https://www.szoljon.hu/gazdasag/nemzetkozi-gazdasag/nem-tudja-brusszel-terve-hogyan-hat-az-elelmiszer-ellatasra-3448021/?utm_source=rss&utm_medium=referral&utm_campaign=hiraggregator
bd78ce93f82a5da7cf9c458e58cc41649927421ef652ea01d090706fc765c5a5,2024-09-03 00:26:36.468534+00:00,hu,hirstart.hu,hirstart.hu,2021-04-21,Egykori fideszes kerületekben anno nagyot menő cégek bukkantak fel terézvárosi tendereken,https://podcast.hirstart.hu/friss-hirek/2021/04/21/3976/
09dcfb24ecef9debad2aba04c4dd8ffc3fd50a0bf1a3559b4f4129f7b7889e55,2024-09-02 23:54:10.822963+00:00,hu,portfolio.hu,portfolio.hu,2021-04-27,Új játékszert kaptak a befektetők,https://www.portfolio.hu/befektetes/20210427/uj-jatekszert-kaptak-a-befektetok-elfelejthetjuk-a-jo-es-rossz-vallalatokat-480550
f912c54bf34b5bafbe1a563dc9affc254d373a5dc65c1c84893275f8d9da34bc,2024-09-02 23:39:52.918175+00:00,hu,origo.hu,origo.hu,2021-04-27,"Kevesebb, mint a felére csökkent a kacsacsőrű emlősök élettere a klímaváltozás miatt",https://www.origo.hu/tudomany/20210427-kacsacsoru-emlos.html
8ddda6bb0647d4e2e9d700828dcb272934d5b47c60f53c62f41e40ce2ad15296,2024-09-02 22:12:39.336718+00:00,hu,alfahir.hu,alfahir.hu,2021-04-28,Bíróságon támadja meg a Fertő tavi nagyberuházást a Greenpeace,https://alfahir.hu/2021/04/28/ferto_kiemelt_nemzetgazdasagi_jelentosegu_beruhazas_gyori_torvenyszek_gyormosonsopron
606b7b4b1b971996e46673049487acf9219e9010f3a762bdc99581d73d5a25fe,2024-09-02 22:11:28.265544+00:00,hu,nepszava.hu,nepszava.hu,2021-04-28,Bíróságon támadja meg a kormány Fertő-tavi gigaberuházását a Greenpeace,https://nepszava.hu/3117949_birosagon-tamadja-meg-a-kormany-ferto-tavi-gigaberuhazasat-a-greenpeace
ca8f0fb7f74f162108ccc20f31766c28867b7dfc442dc03866cb6d342ba159e4,2024-09-02 15:34:13.123749+00:00,hu,delmagyar.hu,delmagyar.hu,2021-05-02,"Kevesebb, mint a felére csökkent a kacsacsőrű emlősök élettere",https://www.delmagyar.hu/eletstilus/kevesebb-mint-a-felere-csokkent-a-kacsacsoru-emlosok-elettere-7473445/?utm_source=rssfeed
7d3d3fa2ed2796274dc04cb996730c6bec8770a20d9bf695f27db3c777fda780,2024-09-02 15:33:57.439458+00:00,hu,boon.hu,boon.hu,2021-05-02,"Kevesebb, mint a felére csökkent a kacsacsőrű emlősök élettere",https://boon.hu/eletstilus/kevesebb-mint-a-felere-csokkent-a-kacsacsoru-emlosok-elettere-5402218/?utm_source=rss&utm_medium=referral&utm_campaign=hiraggregator
6c4e199d1641853e6f2733d84e1ff1f289d47fa52c8261ee51f82a0a591d6c5b,2024-09-02 15:33:23.768253+00:00,hu,haon.hu,haon.hu,2021-05-02,"Kevesebb, mint a felére csökkent a kacsacsőrű emlősök élettere",https://haon.hu/eletstilus/kevesebb-mint-a-felere-csokkent-a-kacsacsoru-emlosok-elettere-5210173/?utm_source=rss&utm_medium=referral&utm_campaign=hiraggregator
095a4c78918904fc6a208e04afab4ba4bd1422912adf16aedce69a605991dcd5,2024-09-02 15:33:20.905021+00:00,hu,szon.hu,szon.hu,2021-05-02,"Kevesebb, mint a felére csökkent a kacsacsőrű emlősök élettere",https://szon.hu/eletstilus/kevesebb-mint-a-felere-csokkent-a-kacsacsoru-emlosok-elettere-5018788/?utm_source=rss&utm_medium=referral&utm_campaign=hiraggregator
1ad2645001428f729226345afaa2ae7326f54979c5d621538b0d260bbccab350,2024-09-02 15:33:01.619880+00:00,hu,bama.hu,bama.hu,2021-05-02,"Kevesebb, mint a felére csökkent a kacsacsőrű emlősök élettere",https://www.bama.hu/eletstilus/kevesebb-mint-a-felere-csokkent-a-kacsacsoru-emlosok-elettere-3745660/?utm_source=rss&utm_medium=referral&utm_campaign=hiraggregator
a759736244878f05ad94f624231e502fb0c6f953b3ea6fe611b9efd548b94921,2024-09-02 15:30:36.417520+00:00,hu,hvg.hu,hvg.hu,2021-05-02,A klímaváltozás nagyon csúnyán elbánik a kacsacsőrű emlősökkel,http://hvg.hu/tudomany/20210502_klimavaltozas_kacsacsoru_emlosok_szama_elettere#rss
69eca60e535a74cf91bcecd5b6c11909c91862d2773a49ac426ff3ce30a4a180,2024-09-02 14:24:23.620803+00:00,hu,demokrata.hu,demokrata.hu,2021-05-03,A klímabarát energiatermelésről beszélgetett Áder János,https://demokrata.hu/zold-jovo/a-klimabarat-energiatermelesrol-beszelgetett-ader-janos-377840/
9d5e4242a618a65375b007635baf17ebf2e8bdca713d18feda80eda7420532ea,2024-09-02 14:17:17.627080+00:00,hu,888.hu,888.hu,2021-05-03,A klíma- és fogyasztóbarát energiatermelésről beszélget Áder János legújabb podcastjában,https://888.hu/okojobb/a-klima-es-fogyasztobarat-energiatermelesrol-beszelget-ader-janos-legujabb-podcastjaban-4312878/
363aa32573227fd4de8a86436a719d407f8c18e20b0fcd47114a5d602ec48f2b,2024-09-02 14:15:11.404154+00:00,hu,delmagyar.hu,delmagyar.hu,2021-05-03,A klíma- és fogyasztóbarát energiatermelésről beszélget Áder János legújabb podcastjában,https://www.delmagyar.hu/gazdasag/hazai-gazdasag/a-klima-es-fogyasztobarat-energiatermelesrol-beszelget-ader-janos-legujabb-podcastjaban-7490209/?utm_source=rssfeed
9b7f5c39ee2a8459da4938819c9340759f1590feabb38b40af0edaed66559046,2024-09-02 14:14:50.392090+00:00,hu,boon.hu,boon.hu,2021-05-03,A klíma- és fogyasztóbarát energiatermelésről beszélget Áder János legújabb podcastjában,https://boon.hu/gazdasag/hazai-gazdasag/a-klima-es-fogyasztobarat-energiatermelesrol-beszelget-ader-janos-legujabb-podcastjaban-5415325/?utm_source=rss&utm_medium=referral&utm_campaign=hiraggregator
82f63f1a67f46ae083a9ffe12985621cfa7622af701ecaf34c169a61498683c3,2024-09-02 14:13:52.638490+00:00,hu,haon.hu,haon.hu,2021-05-03,A klíma- és fogyasztóbarát energiatermelésről beszélget Áder János legújabb podcastjában,https://haon.hu/gazdasag/hazai-gazdasag/a-klima-es-fogyasztobarat-energiatermelesrol-beszelget-ader-janos-legujabb-podcastjaban-5224303/?utm_source=rss&utm_medium=referral&utm_campaign=hiraggregator
4a85168327b24bf1874d047a4f420ae31415170be4d7b72c032affa5fa4e0830,2024-09-02 14:13:49.367017+00:00,hu,szon.hu,szon.hu,2021-05-03,A klíma- és fogyasztóbarát energiatermelésről beszélget Áder János legújabb podcastjában,https://szon.hu/gazdasag/hazai-gazdasag/a-klima-es-fogyasztobarat-energiatermelesrol-beszelget-ader-janos-legujabb-podcastjaban-5031508/?utm_source=rss&utm_medium=referral&utm_campaign=hiraggregator
49d4ec39305a4c1bd3d077821fb6e3ed8cfeaf8cdded5232699284b98db1aadc,2024-09-02 14:13:17.702939+00:00,hu,bama.hu,bama.hu,2021-05-03,A klíma- és fogyasztóbarát energiatermelésről beszélget Áder János legújabb podcastjában,https://www.bama.hu/gazdasag/hazai-gazdasag/a-klima-es-fogyasztobarat-energiatermelesrol-beszelget-ader-janos-legujabb-podcastjaban-3757867/?utm_source=rss&utm_medium=referral&utm_campaign=hiraggregator
dcde6c5f65c9191430c2dd5dc3815f2728dc3c7f691ddc36898ea0b1ba5fb646,2024-09-02 14:07:22.347618+00:00,hu,hvg.hu,hvg.hu,2021-05-03,Tizenhárom uniós ország már sorban áll a helyreállítási pénzért – Magyarország még nem,http://hvg.hu/eurologus/20210503_Tizenharom_unios_orszag_mar_sorban_all_a_helyreallitasi_penzert__Magyarorszag_meg_nem#rss
372ec79fa9d0438c71cf0ed1be2e52ceefaee26364f256efb476444ea5906d61,2024-09-02 13:56:38.021031+00:00,hu,portfolio.hu,portfolio.hu,2021-05-03,Kiüresítik a tájat az európai mezőgazdasági támogatások – Mit lehet tenni?,https://www.portfolio.hu/unios-forrasok/20210503/kiuresitik-a-tajat-az-europai-mezogazdasagi-tamogatasok-mit-lehet-tenni-481182
33b6e33023d18e6ed47ac250da4d81151bb7eb2bb16edccce61c53ef2e900e99,2024-09-02 07:13:20.991647+00:00,hu,ujegyenloseg.hu,ujegyenloseg.hu,2021-05-07,Járvány és környezeti problémák: Mikor fogjuk már fel?,https://ujegyenloseg.hu/jarvany-es-kornyezeti-problemak-mikor-fogjuk-mar-fel/
bf76a19c44f596d6d91b404bb0e0a97387e855df3fb8710b9e1496aa673a70ee,2024-09-02 07:12:51.277036+00:00,hu,hvg.hu,hvg.hu,2021-05-07,Világörökségi területet veszélyeztethet egy újabb beruházás a Fertő tónál,http://hvg.hu/gazdasag/20210507_ferto_to_mosoni_duna_vizpotlas#rss
d56b923eb3145d3408727ddba0835b06007ea0db345268662cd9e5d437805f34,2024-09-02 05:31:39.861011+00:00,hu,nepszava.hu,nepszava.hu,2021-05-08,Sir David Attenborough 95,https://nepszava.hu/3119034_sir-david-attenborough-95
3c9e28723be9f1e0651cccbe3e41232ee4add5f3bdce56b2f21b39a77e1879e4,2024-09-02 05:27:12.517583+00:00,hu,nepszava.hu,nepszava.hu,2021-05-08,Bagolycsalád költözött a Diósgyőri várba,https://nepszava.hu/3118978_bagolycsalad-koltozott-a-diosgyori-varba
bb6711e4deba8d940dcbadfb354d8eee7b11ecf13a8dd526a53f964157860ce1,2024-09-02 02:36:35.763957+00:00,hu,demokrata.hu,demokrata.hu,2021-05-10,Az eltűnő méhek nyomában,https://demokrata.hu/magyarorszag/az-eltuno-mehek-nyomaban-378250/
69c0d9d849e61ed2bd6f11178fcd7fec6dee56301d67ac4aa7bb3147e5b1ae1c,2024-09-02 01:52:57.306544+00:00,hu,origo.hu,origo.hu,2021-05-10,Megmentik Nyugat-Afrika legnagyobb csimpánz populációját,https://www.origo.hu/tudomany/20210510-nemzeti-park-letrehozasaval-akarjak-megmenteni-a-sulyosan-veszelyeztetett-csimpanzokat-guineaban.html
5c11dc512a5450cdeb57a4e5d50c606f8f4eef487345750eb8594b832f3a7927,2024-09-02 00:54:08.331315+00:00,hu,magyarnemzet.hu,magyarnemzet.hu,2021-05-11,Csimpánz: Megmentik Afrika legnagyobb populációját,https://magyarnemzet.hu/mozaik/megmentik-nyugat-afrika-legnagyobb-csimpanz-populaciojat-9780842/?utm_source=rss&utm_medium=referral&utm_campaign=hiraggregator
e68f0352c9ac6d399224a624c43bd9934b719a83290d81e88248dd63bd41719c,2024-09-02 00:39:48.661967+00:00,hu,vg.hu,vg.hu,2021-05-11,Franciaországnyi erdő nőtt az elmúlt évtizedekben,https://www.vg.hu/kozelet/kornyezetvedelem/franciaorszagnyi-erdo-nott-az-elmult-evtizedekben-3754609/?utm_source=rss&utm_medium=referral&utm_campaign=hiraggregator
44cd344aebab972a1b37b9280bb07c24583ab0fbc9043a8bb681ee86818e36ad,2024-09-02 00:34:37.070700+00:00,hu,hvg.hu,hvg.hu,2021-05-11,Franciaország méretű erdő nőtt ki a földből az elmúlt 20 évben,http://hvg.hu/gazdasag.zhvg/20210511_franciaorszag_erdo_fak_wwf#rss
ec52d87e1e3855a97383bacade091cb1ec39d816561b5c35d44edbc5280c2677,2024-09-02 00:32:16.219071+00:00,hu,444.hu,444.hu,2021-05-11,Franciaországnyi területtel nőttek a világ természetes erdői az elmúlt 20 évben,https://444.hu/2021/05/11/franciaorszagnyi-terulettel-nottek-a-vilag-termeszetes-erdoi-az-elmult-20-evben
1e42b4341d03ddf969af8ea558a0b9d735f471cb5bdce9ac93ff5ccfa123532c,2024-09-02 00:30:49.598519+00:00,hu,nepszava.hu,nepszava.hu,2021-05-11,Franciaországnyi természetes erdő nőtt az elmúlt 20 évben,https://nepszava.hu/3119324_franciaorszagnyi-termeszetes-erdo-nott-az-elmult-20-evben
dbaed2dbd0e553aeb6616bce648943f5dc07333936658d34707ebff1b717624d,2024-09-01 17:47:32.290935+00:00,hu,delmagyar.hu,delmagyar.hu,2021-05-15,Franciaországnyi természetes erdő nőtt az elmúlt húsz évben,https://www.delmagyar.hu/egyperces/franciaorszagnyi-termeszetes-erdo-nott-az-elmult-husz-evben-7519024/?utm_source=rssfeed
58ebbc14f63ef558f0097320b2943f93e23b2eebc6e58edca15943391193334b,2024-09-01 17:46:53.015970+00:00,hu,haon.hu,haon.hu,2021-05-15,Franciaországnyi természetes erdő nőtt az elmúlt húsz évben,https://haon.hu/egyperces/franciaorszagnyi-termeszetes-erdo-nott-az-elmult-husz-evben-5251081/?utm_source=rss&utm_medium=referral&utm_campaign=hiraggregator
a8408d3f7555182a5e0e09d54e8bcad6c32570f2a6c499a0eb69916176140fac,2024-09-01 17:46:38.159206+00:00,hu,boon.hu,boon.hu,2021-05-15,Franciaországnyi természetes erdő nőtt az elmúlt húsz évben,https://boon.hu/egyperces/franciaorszagnyi-termeszetes-erdo-nott-az-elmult-husz-evben-5439784/?utm_source=rss&utm_medium=referral&utm_campaign=hiraggregator
8e22e0f227aed009104ebbf436fed281b2b4bf27dcc756a30458d3c24733d669,2024-09-01 17:46:28.991754+00:00,hu,szon.hu,szon.hu,2021-05-15,Franciaországnyi természetes erdő nőtt az elmúlt húsz évben,https://szon.hu/egyperces/franciaorszagnyi-termeszetes-erdo-nott-az-elmult-husz-evben-5054455/?utm_source=rss&utm_medium=referral&utm_campaign=hiraggregator
ce871f0236436f98d86595fa22b348f68f5a6d9542a06fed0259ce3796c723c1,2024-09-01 17:37:54.200906+00:00,hu,haon.hu,haon.hu,2021-05-15,Megmentenék a súlyosan veszélyeztetett csimpánzokat,https://haon.hu/egyperces/megmentenek-a-sulyosan-veszelyeztetett-csimpanzokat-5251594/?utm_source=rss&utm_medium=referral&utm_campaign=hiraggregator
20af41c2ecf7952cfdcc2aae9358e0d65d17a0a01767ea6bdca427eb31714c55,2024-09-01 17:37:35.768347+00:00,hu,boon.hu,boon.hu,2021-05-15,Megmentenék a súlyosan veszélyeztetett csimpánzokat,https://boon.hu/egyperces/megmentenek-a-sulyosan-veszelyeztetett-csimpanzokat-5440501/?utm_source=rss&utm_medium=referral&utm_campaign=hiraggregator
08296d5760e92a1b062ab77e3004b643c60fcc5bfeac6615b3d8e768ca428e3a,2024-09-01 17:37:28.340490+00:00,hu,szon.hu,szon.hu,2021-05-15,Megmentenék a súlyosan veszélyeztetett csimpánzokat,https://szon.hu/egyperces/megmentenek-a-sulyosan-veszelyeztetett-csimpanzokat-5055037/?utm_source=rss&utm_medium=referral&utm_campaign=hiraggregator
8767affeb20c50e91f7af0d72a95ce7f11bd0a596ec27ed8976ccf398acfbe98,2024-09-01 17:36:57.836474+00:00,hu,delmagyar.hu,delmagyar.hu,2021-05-15,Megmentenék a súlyosan veszélyeztetett csimpánzokat,https://www.delmagyar.hu/egyperces/megmentenek-a-sulyosan-veszelyeztetett-csimpanzokat-7519480/?utm_source=rssfeed
8573051b48609fc4404986d9f8de3a62f344d71fb433dffc0732cb311ba444d5,2024-09-01 13:41:23.157790+00:00,hu,hvg.hu,hvg.hu,2021-05-18,Már a napelemet sem lehet fenntarthatónak nevezni?,http://hvg.hu/gazdasag.zhvg/20210518_fenntarthatosag_napelem_kornyezetvedelem#rss
a473023329f2d9fa8e7e54bfcbd2bcdc868125a2aac20477c4055f31971bbede,2024-09-01 13:13:14.168784+00:00,hu,merce.hu,merce.hu,2021-05-18,Radikálisokból reálpolitikusok? A kormányzásra készülő német Zöldekről « Mérce,https://merce.hu/2021/05/18/radikalisokbol-realpolitikusok-a-kormanyzasra-keszulo-nemet-zoldekrol/
ae2174bebc80703b0058178eb4e96189806b18af26d8e725ac69c4fb21420603,2024-09-01 10:33:11.113923+00:00,hu,napi.hu,napi.hu,2021-05-20,Árgus szemekkel figyelik majd a helyreállítási pénzek elköltését,https://www.napi.hu/nemzetkozi-gazdasag/europa-parlament-helyreallitasi-es-rezilienciaepitesi-eszkoz.729514.html
6854ae01aef69a5d2c3234b437c5cb9f4fe00570f0f9c21944ded011a17debbc,2024-09-01 09:56:51.079392+00:00,hu,magyarnemzet.hu,magyarnemzet.hu,2021-05-20,Lazna,https://magyarnemzet.hu/lugas-rovat/lazna-9824783/?utm_source=rss&utm_medium=referral&utm_campaign=hiraggregator
8d2e349bf9a5214a354f35ecb95b4773ad18d2e4c8835160d9606bdb041aabaa,2024-09-01 09:51:35.754679+00:00,hu,merce.hu,merce.hu,2021-05-20,"A szabadkereskedelmi megállapodás, amit elsodorhat az új idők szele « Mérce",https://merce.hu/2021/05/20/a-szabadkereskedelmi-megallapodas-amit-elsodorhat-az-uj-idok-szele/
9c4e9a4af99f9044fe543831ec23f68d79859d2515242192310a274c53a9c881,2024-09-01 08:33:12.137410+00:00,hu,hvg.hu,hvg.hu,2021-05-21,Listázták Tatán a helyi szállodaberuházást ellenző civileket,http://hvg.hu/kkv/20210521_Listaztak_a_tatai_szallodaberuhazast_ellenzo_civileket#rss
b0b1f6b72f3f37ec46661df3d57410a18d7aaacf779a4ac4c42430c523fe1290,2024-09-01 07:33:35.531073+00:00,hu,merce.hu,merce.hu,2021-05-22,"Pusztul az élővilág, veszélyben vizeink: összefogott a Nagy Tavak Koalíciója és a Greenpeace « Mérce",https://merce.hu/2021/05/22/pusztul-az-elovilag-veszelyben-vizeink-osszefogott-a-nagy-tavak-koalicioja-es-a-greenpeace/
028e3af1d184b69efb8c7b4aad46e73529ea696f214a218d12ea9b7b2f1631d0,2024-09-01 02:25:53.943821+00:00,hu,hvg.hu,hvg.hu,2021-05-25,Árterek helyreállítása a vízi ökoszisztémák javulásáért,http://hvg.hu/brandcontent/20210524_Arterek_helyreallitasa_a_vizi_okoszisztemak_javulasaert_WWF_Magyarorszag#rss
92e6c2a7985f60686bfdd2977156a34d5bde343235753cb8203254f082ee8dfc,2024-08-31 20:27:00.132349+00:00,hu,magyarnarancs.hu,magyarnarancs.hu,2024-08-31,"Az állatkert igazgatója nem fogadja el, hogy a vegánok szerint az intézmény kizsákmányolja az állatokat",https://magyarnarancs.hu/belpol/az-allatkert-igazgatoja-nem-fogadja-el-hogy-a-veganok-szerint-az-intezmeny-kizsakmanyolja-az-allatokat-270664
67d897dc18be7abf18eb232243190b7fc97d8a2b735d3149e7991d2e287a24ac,2024-08-31 20:04:12.161166+00:00,hu,pestisracok.hu,pestisracok.hu,2021-05-30,"Csendesen, de töretlenül zajlik hazánk erdősítése – Újabb lendületet vett a Településfásítási Program",https://pestisracok.hu/csendesen-de-toretlenul-zajlik-hazank-erdositese-ujabb-lenduletet-vett-a-telepulesfasitasi-program/
33417dba62f94ab2f419ce3dbe87c3e8b0d4f56b4970a8670e3fd0b0342d348f,2024-08-31 19:16:52.771100+00:00,hu,magyarnemzet.hu,magyarnemzet.hu,2021-05-31,Eltűnt a szántóföldi és réti madarak negyven százaléka,https://magyarnemzet.hu/mozaik/eltunt-a-szantofoldi-es-reti-madarak-40-szazaleka-9870974/?utm_source=rss&utm_medium=referral&utm_campaign=hiraggregator
f796a843029410e5930b2a177bb0634fe23f68ad6512ecaaccfcac458282974a,2024-08-31 19:13:13.487264+00:00,hu,hvg.hu,hvg.hu,2021-05-31,Hatalmasat csökkent a szántóföldi és réti madarak száma az elmúlt húsz évben,http://hvg.hu/gazdasag.zhvg/20210531_madarak_kihalas_kaszalas#rss
c08ce9e2f107f466901744391950ba6a394bbd2165bc1ae4ab4d16511bfeaa4d,2024-08-31 19:05:10.104707+00:00,hu,origo.hu,origo.hu,2021-05-31,Sok szántóföldi és réti madár eltűnt az elmúlt két évtizedben,https://www.origo.hu/tudomany/20210531-a-szantofoldi-es-reti-madarak-40-szazaleka-eltunt-az-elmult-ket-evtizedben.html
1d646f860007d9635320900d8efbc001a2bcd3080da0963e970fffa23552c434,2024-08-31 19:02:24.115504+00:00,hu,24.hu,24.hu,2021-05-31,A réti madarak majdnem fele eltűnt húsz év alatt,https://24.hu/tudomany/2021/05/31/szantofoldi-reti-madarak-kihalas-husz-ev/
36a8665bd259ca2491ab909a503abdf220998cfeed9d6586e2ca32e08d057435,2024-08-31 18:43:29.557384+00:00,hu,444.hu,444.hu,2021-05-31,"Jót akart az EU az agrártámogatások átalakításával, mégis mindenki utálta a javaslatot",https://444.hu/2021/05/31/jot-akart-az-eu-az-agrartamogatasok-atalakitasaval-megis-mindenki-utalta-a-javaslatot?utm_source=rss_feed&utm_medium=rss&utm_campaign=rss_syndication
10f93c732f9e296af15355db34c11e64908338257d6e7e02274b443f8d15d622,2024-08-31 17:08:44.198746+00:00,hu,boon.hu,boon.hu,2021-06-01,A túlzott kaszálás miatt a szántóföldi madarak közel fele eltűnt,https://boon.hu/egyperces/a-tulzott-kaszalas-miatt-a-szantofoldi-madarak-kozel-fele-eltunt-5499169/?utm_source=rss&utm_medium=referral&utm_campaign=hiraggregator
b2c3cc54145fdf26ba975f2cf39b7712ae666d8b9f867895c2d0a34dbec4dab5,2024-08-31 17:08:43.359689+00:00,hu,haon.hu,haon.hu,2021-06-01,A túlzott kaszálás miatt a szántóföldi madarak közel fele eltűnt,https://haon.hu/egyperces/a-tulzott-kaszalas-miatt-a-szantofoldi-madarak-kozel-fele-eltunt-5313730/?utm_source=rss&utm_medium=referral&utm_campaign=hiraggregator
8545f2adf998030037b73330326a04e40c5b8e5a673e25622e2b5c75a363f8c4,2024-08-31 17:08:31.820371+00:00,hu,szon.hu,szon.hu,2021-06-01,A túlzott kaszálás miatt a szántóföldi madarak közel fele eltűnt,https://szon.hu/egyperces/a-tulzott-kaszalas-miatt-a-szantofoldi-madarak-kozel-fele-eltunt-5109247/?utm_source=rss&utm_medium=referral&utm_campaign=hiraggregator
422f22c8cc4e134e71a0b60b13b685b6efa84e999b9b9670b7358256d1b9ef32,2024-08-31 17:07:56.643576+00:00,hu,delmagyar.hu,delmagyar.hu,2021-06-01,A túlzott kaszálás miatt a szántóföldi madarak közel fele eltűnt,https://www.delmagyar.hu/egyperces/a-tulzott-kaszalas-miatt-a-szantofoldi-madarak-kozel-fele-eltunt-7588615/?utm_source=rssfeed
4e715ad0eaf5a56b65248f49c6230b0f9851d192cafba99cfb5cca4587687610,2024-08-31 16:00:02.443705+00:00,hu,merce.hu,merce.hu,2021-06-02,"A Párbeszéd felszólítja Ádert, hogy védje meg a nagy tavakat « Mérce",https://merce.hu/2021/06/02/a-parbeszed-felszolitja-adert-hogy-vedje-meg-a-nagy-tavakat/
e596d5f1da945b7e9a95112c310df5e7def1ca9aeb2d4d372190a4264d833b3d,2024-08-31 15:22:30.410808+00:00,hu,infostart.hu,infostart.hu,2021-06-02,Uniós agrárpolitika: reform vagy forradalom? – egyelőre egyik sem,https://infostart.hu/kulfold/2021/06/02/unios-agrarpolitika-reform-vagy-forradalom-egyelore-egyik-sem
2f84a4ad1fb5cae4516e98b48225f84daa53f87c21e72a3567bde107ccbe8b97,2024-08-31 12:28:06.233180+00:00,hu,hvg.hu,hvg.hu,2021-06-04,Elsírják magukat a tudósok David Attenborough legújabb filmjében,http://hvg.hu/elet/20210604_Elsirjak_magukat_a_tudosok_David_Attenborough_legujabb_filmjeben#rss
dff9c188495d06ef9d3aed5da9f04e34c865d5093ebff13eeae69376ba6c9641,2024-08-31 12:20:17.898072+00:00,hu,portfolio.hu,portfolio.hu,2021-06-04,Koronaválság: az utolsó vészharangkondítás?,https://www.portfolio.hu/global/20210604/koronavalsag-az-utolso-veszharangkonditas-484982
bc72c760a22a82118b523d989b0108f3c763c072d39a727cfff20f719e5f4c8c,2024-08-31 11:38:40.323706+00:00,hu,nepszava.hu,nepszava.hu,2021-06-05,Betiltanák a műfüvet Nagy-Britanniában,https://nepszava.hu/3121978_betiltanak-a-mufuvet-nagy-britanniaban
fd070d78fff4fd94122abfe25d856c5e1c17c4a9d3f0fa2fff09930e0b30891d,2024-08-31 11:30:57.578356+00:00,hu,beol.hu,beol.hu,2021-06-05,Új megállapodást kell kötnünk az élővilággal,https://www.beol.hu/kozelet/helyi-kozelet/uj-megallapodast-kell-kotnunk-az-elovilaggal-4010176/?utm_source=rss&utm_medium=referral&utm_campaign=hiraggregator
3e9bb13d5365827ac3287fa65c6757f8f3a3d943e8c69d586191c502044c6c6d,2024-08-31 10:43:29.111314+00:00,hu,hvg.hu,hvg.hu,2021-06-06,"Fizetne többet a benzinkúton azért, hogy az olajcég fát telepítsen a világ másik felén?",http://hvg.hu/gazdasag.zhvg/20210606_karbonsemlegesseg_vallalatok_fogyasztok#rss
f6c336a4115a72787e71d7279e0e1fdbb063d808a21f79aa495a937d409f2334,2024-08-31 09:11:26.919384+00:00,hu,nepszava.hu,nepszava.hu,2021-06-07,"Elpusztult Cobby, az észak-amerikai állatkertek legidősebb csimpánza",https://nepszava.hu/3122198_elpusztult-cobby-az-eszak-amerikai-allatkertek-legidosebb-csimpanza
afcf2ee90346e6863d0e5a06484419fb9cd6b98bc5272d7faefc08018d8d8deb,2024-08-31 09:03:34.502221+00:00,hu,nepszava.hu,nepszava.hu,2021-06-07,"Nem tudni, miért és hova, rendíthetetlenül vándorol egy elefántcsorda Kínában (videó)",https://nepszava.hu/3122217_nem-tudni-miert-es-hova-rendithetetlenul-vandorol-egy-elefantcsorda-kinaban-video
1f37a8f7dae8c6cd3a60e191d4721e000d24a1207d96151ce960ee66e9f8284e,2024-08-31 04:40:33.373029+00:00,hu,origo.hu,origo.hu,2021-06-10,A klímavédelmi intézkedések káros hatással lehetnek a faji sokszínűségre,https://www.origo.hu/tudomany/20210610-a-klimavedelmi-intezkedesek-karos-hatast-gyakorolhatnak-a-faji-sokszinusegre.html
fca65ba452f5c910a0a91a00ef94fd51c1cdcf870acf36b34450a9867bb30664,2024-08-31 04:13:17.876873+00:00,hu,portfolio.hu,portfolio.hu,2021-06-10,Holnap összeülnek a nagyhatalmak,https://www.portfolio.hu/global/20210610/holnap-osszeulnek-a-nagyhatalmak-tobb-nagy-bejelentes-is-varhato-487460
5d457aec68b0aa8d22f0fc0337b0c6b68e997307674d9016b69a10b660e08696,2024-08-31 02:24:38.036244+00:00,hu,bama.hu,bama.hu,2021-06-11,A klímavédelmi intézkedések káros hatással lehetnek a faji sokszínűségre,https://www.bama.hu/egyperces/a-klimavedelmi-intezkedesek-karos-hatassal-lehetnek-a-faji-sokszinusegre-3857791/
0f183a0051a8023d61acd6de0a00b6bbcb3c37aa2c2f73c07bbbc0ed8aad0581,2024-08-31 02:23:57.891656+00:00,hu,boon.hu,boon.hu,2021-06-11,A klímavédelmi intézkedések káros hatással lehetnek a faji sokszínűségre,https://boon.hu/egyperces/a-klimavedelmi-intezkedesek-karos-hatassal-lehetnek-a-faji-sokszinusegre-5533875/?utm_source=rss&utm_medium=referral&utm_campaign=hiraggregator
7fa3adedec091a01fb620cf36cdb950af5bb928783110c5b3d9c2c598f87b53d,2024-08-31 02:23:39.273541+00:00,hu,szon.hu,szon.hu,2021-06-11,A klímavédelmi intézkedések káros hatással lehetnek a faji sokszínűségre,https://szon.hu/egyperces/a-klimavedelmi-intezkedesek-karos-hatassal-lehetnek-a-faji-sokszinusegre-5139687/?utm_source=rss&utm_medium=referral&utm_campaign=hiraggregator
4e89a4452cf10db5f9477c8b99fe6907e1662cef9a5d637c317e54e9070909dc,2024-08-31 02:23:33.352713+00:00,hu,haon.hu,haon.hu,2021-06-11,A klímavédelmi intézkedések káros hatással lehetnek a faji sokszínűségre,https://haon.hu/egyperces/a-klimavedelmi-intezkedesek-karos-hatassal-lehetnek-a-faji-sokszinusegre-5358589/?utm_source=rss&utm_medium=referral&utm_campaign=hiraggregator
e50b9cef8e1b84b84702abc63a1f066e8834b8f7eed0cf1ed0bd5a95e1fc89f7,2024-08-31 02:23:26.186373+00:00,hu,duol.hu,duol.hu,2021-06-11,A klímavédelmi intézkedések káros hatással lehetnek a faji sokszínűségre,https://www.duol.hu/egyperces/a-klimavedelmi-intezkedesek-karos-hatassal-lehetnek-a-faji-sokszinusegre-4419591/?utm_source=rss&utm_medium=referral&utm_campaign=hiraggregator
8e678e67bdcd3a20f33bc3b5058d9fc2c63f0392ac45e9d475eac25cd64b0e91,2024-08-31 02:23:07.197556+00:00,hu,delmagyar.hu,delmagyar.hu,2021-06-11,A klímavédelmi intézkedések káros hatással lehetnek a faji sokszínűségre,https://www.delmagyar.hu/egyperces/a-klimavedelmi-intezkedesek-karos-hatassal-lehetnek-a-faji-sokszinusegre-7630065/?utm_source=rssfeed
a138f4e4f3453dcd7cb519c041ccd6ecf27f78fcce3f11fbb8fa2ceab7441378,2024-08-31 02:18:36.913096+00:00,hu,24.hu,24.hu,2021-06-11,"Ha nem vigyázunk, árthatunk a kílmavédelmi intézkedésekkel",https://24.hu/tudomany/2021/06/11/klimavedelem-intezkedesek-faji-sokszinuseg-ipcc/
81c13f5b967daa32c8e89ae4376ff242772dddd70fae0fa44ad7f0ed9bfb2b5e,2024-08-31 02:12:41.568658+00:00,hu,origo.hu,origo.hu,2021-06-11,Vízhiány vezethet súlyos problémákhoz Iránban,https://www.origo.hu/gazdasag/20210528-iran-vizhiany-gazdasag-klimavalsag.html
0232de213792968faefcd5f2bb3edad375528e07e72999b2d2c45f9db0e17bfb,2024-08-30 17:14:06.243994+00:00,hu,azonnali.hu,azonnali.hu,2021-06-17,"A magyarországi erdők negyede valójában nem is erdő, hanem akácültetvény",http://azonnali.hu/cikk/20210617_a-magyarorszagi-erdok-negyede-valojaban-nem-is-erdo-hanem-akacultetveny
6cce7cb2c3e2f16ce015a0afddf110e0aa84fe9ac99fbe504e088df7aebccddd,2024-08-30 15:50:06.257894+00:00,hu,hvg.hu,hvg.hu,2021-06-18,A méhek után jöhetnek a juhok és a marhák is legelni Budapestre,http://hvg.hu/itthon/20210618_mehlegeltetes_juh_marha_budapest_legelo#rss
f3012c6194e22cb35cbbca9a489e934d10e09515d7f4cf96810a8cf2955ea915,2024-08-30 02:59:19.271225+00:00,hu,merce.hu,merce.hu,2021-06-27,"Az éhínséget fel lehetne számolni, csak épp rendszerszintű változások kellenének hozzá « Mérce",https://merce.hu/2021/06/27/az-ehinseget-fel-lehetne-szamolni-csak-epp-rendszerszintu-valtozasok-kellenenek-hozza/
72626a6f6bcac1d638c15d4a130cb5bd620a19dc15b9ad1fd1e8801ac33f9eef,2024-08-29 23:42:59.839505+00:00,hu,index.hu,index.hu,2021-06-29,"Nem a légkondis irodából érezhető át, milyen, amikor támad a medve",https://index.hu/kulfold/2021/06/29/romania-ketteszakadt-medveolokre-es-vedokre/
3f4a3c7ad8530d77d149596be388417f5cecd555e68e4c6b58811ebe8bea2062,2024-08-29 23:27:05.076962+00:00,hu,napi.hu,napi.hu,2021-06-29,Tovább hízik a Fertő tavat letaroló nemzetközi botránysorozat,https://www.napi.hu/magyar-gazdasag/ferto-to-vizes-elohelyek-pusztitas-beruhazas-greenpeace.731931.html
eaaaf08f2fa9746362d5ced8661676dbb5cb652492eb7889236786db723cdc7a,2024-08-29 23:10:30.233459+00:00,hu,magyarnemzet.hu,magyarnemzet.hu,2021-06-29,Kiállnak a keresztény egyházak a teremtett világért,https://magyarnemzet.hu/belfold/kiallnak-a-kereszteny-egyhazak-a-teremtett-vilagert-10007780/?utm_source=rss&utm_medium=referral&utm_campaign=hiraggregator
944cfa5d53e23a2eb34a5f5665e61a9e1573112ed60822783e5b8044e9f86fab,2024-08-29 21:15:58.866479+00:00,hu,infostart.hu,infostart.hu,2021-06-30,A portugál EU-elnökség mérlege: a reméltnél sokkal feszültebb félév,https://infostart.hu/kulfold/2021/06/30/a-portugal-eu-elnokseg-merlege-a-remeltnel-sokkal-feszultebb-felev
a71db7973fa9844c81cbe19422f0d61b58b042458aa2192bb8b0e4e70c6c88e4,2024-08-29 17:28:28.918137+00:00,hu,azonnali.hu,azonnali.hu,2021-07-03,A jogállamisági aggályok nem fogják megakadályozni a magyar koronavírus-csomag kifizetését,https://azonnali.hu/cikk/20210703_helyreallitasi_alap_eu_magyarorszag_zoldek_baloldal
ad644868f2345991c07d3d044ddd00c97a8a0b00a26d92e054e4fb8074ee7335,2024-08-29 15:17:44.413779+00:00,hu,24.hu,24.hu,2021-07-05,"Már nincs elég időnk, hogy hagyjuk az erdőt egyedül dolgozni",https://24.hu/tudomany/2021/07/05/erdo-termeszet-oserdo-okologia/
a9da99083ad8c3e4b13ba3e1ee0065774cbb3fd55eb8d6ad71dfb2f4e30a9c9c,2024-08-29 13:10:07.149818+00:00,hu,origo.hu,origo.hu,2021-07-06,Biodiverzitás-szigetekkel állítanák helyre a szántók biológiai sokféleségét,https://www.origo.hu/tudomany/20210706-biodiverzitasszigetek-letrehozasaval-szandekoznak-helyreallitani-a-szantok-biologiai-sokfeleseget-az.html
d6ca8bdf86cc36f18c21451228d32ddfeca6a270fc6ab612c6afb8d780c02d07,2024-08-29 07:16:46.467983+00:00,hu,origo.hu,origo.hu,2021-07-10,Döbbenetes magasságban figyelték meg ezt a tömzsi madarat,https://www.origo.hu/tudomany/20210705-dobbenetes-magassagokba-emelkednek-a-vandorlo-sarszalonkak.html
3b87cd56e76417f206a213844a3c5dc642477fb0317b2023cc317f57659e61ea,2024-08-29 05:12:26.296425+00:00,hu,szon.hu,szon.hu,2021-07-12,Brüsszel most az erdőgazdálkodókat lehetetlenítené el,https://szon.hu/gazdasag/nemzetkozi-gazdasag/brusszel-most-az-erdogazdalkodokat-lehetetlenitene-el-5225660/?utm_source=rss&utm_medium=referral&utm_campaign=hiraggregator
eec0b4a81b34a3b91ef856882057eb34e1627959770107a69a11d721c6deb17f,2024-08-29 05:12:00.492583+00:00,hu,bama.hu,bama.hu,2021-07-12,Brüsszel most az erdőgazdálkodókat lehetetlenítené el,https://www.bama.hu/gazdasag/nemzetkozi-gazdasag/brusszel-most-az-erdogazdalkodokat-lehetetlenitene-el-3936653/?utm_source=rss&utm_medium=referral&utm_campaign=hiraggregator
c328511cde99ce86a9838a9a069bd34ca6ef7adaa48ef926e2cc30982c97f3ba,2024-08-29 05:10:27.942893+00:00,hu,delmagyar.hu,delmagyar.hu,2021-07-12,Brüsszel most az erdőgazdálkodókat lehetetlenítené el,https://www.delmagyar.hu/gazdasag/nemzetkozi-gazdasag/brusszel-most-az-erdogazdalkodokat-lehetetlenitene-el-7743455/?utm_source=rss&utm_medium=referral&utm_campaign=hiraggregator
0062c6708ee8bdb81baa602285663f19a31187cc88ebd6b7aaf9e2b0ef0e23b7,2024-08-29 05:09:13.307218+00:00,hu,teol.hu,teol.hu,2021-07-12,Brüsszel most az erdőgazdálkodókat lehetetlenítené el,https://www.teol.hu/gazdasag/nemzetkozi-gazdasag/brusszel-most-az-erdogazdalkodokat-lehetetlenitene-el-3856943/?utm_source=rss&utm_medium=referral&utm_campaign=hiraggregator
34f7f033a75132866dec9a83bd9a93103c5a8bb766f019f28a4b583bc5fe4815,2024-08-29 05:09:07.634195+00:00,hu,duol.hu,duol.hu,2021-07-12,Brüsszel most az erdőgazdálkodókat lehetetlenítené el,https://www.duol.hu/gazdasag/nemzetkozi-gazdasag/brusszel-most-az-erdogazdalkodokat-lehetetlenitene-el-4498250/?utm_source=rss&utm_medium=referral&utm_campaign=hiraggregator
d11c509ed67ecfa6a94479d34171bf83cb8983b7d9890adebcf89aacfbca818c,2024-08-29 05:08:39.089722+00:00,hu,haon.hu,haon.hu,2021-07-12,Brüsszel most az erdőgazdálkodókat lehetetlenítené el,https://haon.hu/gazdasag/nemzetkozi-gazdasag/brusszel-most-az-erdogazdalkodokat-lehetetlenitene-el-5454023/?utm_source=rss&utm_medium=referral&utm_campaign=hiraggregator
c6106b55c9af6588499255a6aa4ec0495dd1c3639bc25a39288da9faed4d99b6,2024-08-29 05:08:29.647285+00:00,hu,boon.hu,boon.hu,2021-07-12,Brüsszel most az erdőgazdálkodókat lehetetlenítené el,https://boon.hu/gazdasag/nemzetkozi-gazdasag/brusszel-most-az-erdogazdalkodokat-lehetetlenitene-el-5630291/?utm_source=rss&utm_medium=referral&utm_campaign=hiraggregator
76c2a32719504f4cc9d13e9dd5ec9d69b0c27b7898f94d235f5cb39e73cdc3e3,2024-08-29 04:59:51.163115+00:00,hu,magyarnemzet.hu,magyarnemzet.hu,2021-07-12,Brüsszel most az erdőgazdálkodókat lehetetlenítené el,https://magyarnemzet.hu/gazdasag/brusszel-most-az-erdogazdalkodokat-lehetetlenitene-el-10070807/?utm_source=rss&utm_medium=referral&utm_campaign=hiraggregator
db8c87a6701885029a0f41b9cab5092cd234e0e5ab74c21532fa3fd28da5e1a5,2024-08-29 04:58:44.224312+00:00,hu,index.hu,index.hu,2021-07-12,Az agrárminiszter felülvizsgálná a formálódó uniós erdészeti stratégiát,https://index.hu/gazdasag/2021/07/12/frans-timmermans-nagy-istvan-erdeszeti-strategia/
4ecd19cdf048078b6c14a4dad4482de3423f601569800367c3a892e9c1f865c5,2024-08-29 04:56:53.414968+00:00,hu,demokrata.hu,demokrata.hu,2021-07-12,Magyarország is aláírta a Frans Timmermansnak küldött levelet,https://demokrata.hu/magyarorszag/magyarorszag-is-alairta-a-frans-timmermansnak-kuldott-levelet-403718/
69534695e9889329c5a70021dd9576283f172ef9e33d8b4040237b7caf10c180,2024-08-29 02:16:29.596160+00:00,hu,delmagyar.hu,delmagyar.hu,2021-07-13,Három szervezet is támogatást nyert,https://www.delmagyar.hu/kozelet/helyi-kozelet/harom-szervezet-is-tamogatast-nyert-7743662/?utm_source=rssfeed
a4661f3eaab235b38409b209c2e7324cc08cbabd1c8732d7c2106dc78c9c72b5,2024-08-28 22:26:13.077720+00:00,hu,napi.hu,napi.hu,2021-07-16,Így védené az EU az erdőit,https://www.napi.hu/nemzetkozi-gazdasag/erdovedelem-eu-klimavaltozas-green-deal.733053.html
8bdcf70517d08a68f3fec894da65a443d7fc58463f7c0319d3b2b7cd5c13fdea,2024-08-28 22:01:13.541765+00:00,hu,demokrata.hu,demokrata.hu,2021-07-16,Az Európai Bizottság új stratégiát mutatott be,https://demokrata.hu/vilag/az-europai-bizottsag-uj-strategiat-mutatott-be-405063/
d7f1b5cda589d73c15779259c7f56add2ac8c3c99e894666d77506051497c768,2024-08-28 20:32:55.480785+00:00,hu,vg.hu,vg.hu,2021-07-14,Nem sci-fi a növénygénbank,https://www.vg.hu/cegvilag/2021/07/nem-sci-fi-a-novenygenbank?utm_source=hirstart&utm_medium=referral&utm_campaign=hiraggregator
a4a17ac090365a8f88fc47ccba503b77977dc8a6c10e9340775722838b63559c,2024-08-28 20:30:19.411801+00:00,hu,nepszava.hu,nepszava.hu,2021-07-17,Felnőttkorunk leghűvösebb nyara?,https://nepszava.hu/3126545_felnottkorunk-leghuvosebb-nyara
543a00a99349706ca4e12c01f5acccebfca508e1b5c465983bec3a29c2ebd9ea,2024-08-28 18:21:19.663798+00:00,hu,merce.hu,merce.hu,2021-07-19,"Ha az Unió komolyan venné a klímavészhelyzetet, leszavaznák a Közös Agrárpolitikát « Mérce",https://merce.hu/2021/07/19/ha-az-unio-komolyan-venne-a-klimaveszhelyzetet-leszavaznak-a-kozos-agrarpolitikat/
b05a2c0c9b7fa5d4efce85808d4719b073b91e4318dc0dc2394d856c75beb58e,2024-08-28 18:05:18.378698+00:00,hu,index.hu,index.hu,2021-07-19,Nagy István szerint el akarják lehetetleníteni az erdőgazdálkodást,https://index.hu/gazdasag/2021/07/19/nagy-istvan-agrarminiszterium-tarcavezeto-erdogazdalkodas-klimavaltozas/
6f0548a265d4c5e8d025c898448ecef7cde9ace884ed424a4ca8b9c3e4118711,2024-08-28 18:01:52.605948+00:00,hu,888.hu,888.hu,2021-07-19,Elfogadhatatlan az Európai Bizottság legújabb dokumentuma,https://888.hu/ketharmad/elfogadhatatlan-az-europai-bizottsag-legujabb-dokumentuma-4325579/
0937bbba046e8c4bea8bf1f55375f155f5c2b26fb4ca8c925166e36f49c71d27,2024-08-28 17:51:10.939244+00:00,hu,napi.hu,napi.hu,2021-07-19,Új uniós erdőstratégia: zúgolódik az Agrárminisztérium,https://www.napi.hu/magyar-gazdasag/uj-unios-erdostrategia-zugolodik-agrarminiszterium.733136.html
e32a8b85e32dc9fc9e1a7ee9006f86f754e5c48bb96c76bb9d4669eb872c611a,2024-08-28 17:46:33.226738+00:00,hu,origo.hu,origo.hu,2021-07-19,Az Agrárminisztérium szerint elfogadhatatlan az Európai Bizottság Új erdő stratégiája,https://www.origo.hu/gazdasag/20210719-am-uj-erdo-strategia.html
e8a87438beb9ff66d09fc7ac815ae70f7d0de49f801adb89580a5f18ab99f9f2,2024-08-28 17:45:02.294711+00:00,hu,szon.hu,szon.hu,2021-07-19,Nagy: elfogadhatatlan az Európai Bizottság Új erdő stratégiája,https://szon.hu/gazdasag/hazai-gazdasag/nagy-elfogadhatatlan-az-europai-bizottsag-uj-erdo-strategiaja-5241701/?utm_source=rss&utm_medium=referral&utm_campaign=hiraggregator
b11bf3e5d72d3cf7d4bf6bf4c8dea81f3bfee54c93f948060e94c9ab2dff099a,2024-08-28 17:44:47.394852+00:00,hu,haon.hu,haon.hu,2021-07-19,Nagy: elfogadhatatlan az Európai Bizottság Új erdő stratégiája,https://haon.hu/gazdasag/hazai-gazdasag/nagy-elfogadhatatlan-az-europai-bizottsag-uj-erdo-strategiaja-5470256/?utm_source=rss&utm_medium=referral&utm_campaign=hiraggregator
282434f19a48035186ecdbcf098d4e6b40000f6932323b2d055e8db03fd54e1f,2024-08-28 17:44:34.670047+00:00,hu,boon.hu,boon.hu,2021-07-19,Nagy: elfogadhatatlan az Európai Bizottság Új erdő stratégiája,https://boon.hu/gazdasag/hazai-gazdasag/nagy-elfogadhatatlan-az-europai-bizottsag-uj-erdo-strategiaja-5646809/?utm_source=rss&utm_medium=referral&utm_campaign=hiraggregator
1abe4b5ba3cf0efa87553d2591d2e41038cfe6f82eeb336858df8a53185461c1,2024-08-28 16:06:08.736667+00:00,hu,feol.hu,feol.hu,2021-07-20,Brüsszel most az erdők felett venné át az irányítást,https://www.feol.hu/gazdasag/nemzetkozi-gazdasag/brusszel-most-az-erdok-felett-venne-at-az-iranyitas-5124377/?utm_source=rss&utm_medium=referral&utm_campaign=hiraggregator
9c7a592acafb2a332bee744c1f24b457b38abb1df4cdc7f8f00b8bbd62541f8c,2024-08-28 16:05:48.800620+00:00,hu,zaol.hu,zaol.hu,2021-07-20,Brüsszel most az erdők felett venné át az irányítást,https://www.zaol.hu/gazdasag/nemzetkozi-gazdasag/brusszel-most-az-erdok-felett-venne-at-az-iranyitas-5420630/?utm_source=rss&utm_medium=referral&utm_campaign=hiraggregator
9b997c7813282774b18efd03e3c504c410712e9c72306c3f936a8a7062b7bb80,2024-08-28 16:05:44.061024+00:00,hu,szoljon.hu,szoljon.hu,2021-07-20,Brüsszel most az erdők felett venné át az irányítást,https://www.szoljon.hu/gazdasag/nemzetkozi-gazdasag/brusszel-most-az-erdok-felett-venne-at-az-iranyitas-3693296/?utm_source=rss&utm_medium=referral&utm_campaign=hiraggregator
c391422f58c7d50de6f6bfd311d073f25c4a3a079b4ff4bd6b57c0c24c0f3ce6,2024-08-28 16:05:41.654872+00:00,hu,baon.hu,baon.hu,2021-07-20,Brüsszel most az erdők felett venné át az irányítást,https://www.baon.hu/gazdasag/nemzetkozi-gazdasag/brusszel-most-az-erdok-felett-venne-at-az-iranyitas-4086380/?utm_source=rss&utm_medium=referral&utm_campaign=hiraggregator
be110ae7a3a3de9164f1a570edbe4b0b7565a7a618e3e7f1020872894c02ad0b,2024-08-28 16:05:35.200473+00:00,hu,veol.hu,veol.hu,2021-07-20,Brüsszel most az erdők felett venné át az irányítást,https://www.veol.hu/gazdasag/nemzetkozi-gazdasag/brusszel-most-az-erdok-felett-venne-at-az-iranyitas-4857068/?utm_source=rss&utm_medium=referral&utm_campaign=hiraggregator
44f5b0d8dec38cb2b62ba3411afc2cc8eb464ae6d8fea075f944461f7cf70e20,2024-08-28 16:05:35.006363+00:00,hu,duol.hu,duol.hu,2021-07-20,Brüsszel most az erdők felett venné át az irányítást,https://www.duol.hu/gazdasag/nemzetkozi-gazdasag/brusszel-most-az-erdok-felett-venne-at-az-iranyitas-4520564/?utm_source=rss&utm_medium=referral&utm_campaign=hiraggregator
467640fa3f508e99f27cf33332131f144de082a90e925044f303d9b5a7cf0577,2024-08-28 16:05:34.006457+00:00,hu,bama.hu,bama.hu,2021-07-20,Brüsszel most az erdők felett venné át az irányítást,https://www.bama.hu/gazdasag/nemzetkozi-gazdasag/brusszel-most-az-erdok-felett-venne-at-az-iranyitas-3953450/
4a34829af3fa7461a0b20f2937aa2562ff2748c6ccee11dbb725f8e98b2f0bb4,2024-08-28 16:05:27.233377+00:00,hu,sonline.hu,sonline.hu,2021-07-20,Brüsszel most az erdők felett venné át az irányítást,https://www.sonline.hu/gazdasag/nemzetkozi-gazdasag/brusszel-most-az-erdok-felett-venne-at-az-iranyitas-4275341/?utm_source=rss&utm_medium=referral&utm_campaign=hiraggregator
f09de4904c1277a36c0b3646109b88b0e64de39b505e4adbedc9751c7b3a02d1,2024-08-28 16:05:22.169807+00:00,hu,teol.hu,teol.hu,2021-07-20,Brüsszel most az erdők felett venné át az irányítást,https://www.teol.hu/gazdasag/nemzetkozi-gazdasag/brusszel-most-az-erdok-felett-venne-at-az-iranyitas-3875006/?utm_source=rss&utm_medium=referral&utm_campaign=hiraggregator
d098b860792fa1a35d79416de0a5f742f24057aabc1579e454e0f3439207d8c3,2024-08-28 16:05:17.764418+00:00,hu,szon.hu,szon.hu,2021-07-20,Brüsszel most az erdők felett venné át az irányítást,https://szon.hu/gazdasag/nemzetkozi-gazdasag/brusszel-most-az-erdok-felett-venne-at-az-iranyitas-5244404/?utm_source=rss&utm_medium=referral&utm_campaign=hiraggregator
af7df867becac48f317b597cf6d06a12e1adc3c3ca6d0a5cba9986561561e894,2024-08-28 16:05:05.306473+00:00,hu,beol.hu,beol.hu,2021-07-20,Brüsszel most az erdők felett venné át az irányítást,https://www.beol.hu/gazdasag/nemzetkozi-gazdasag/brusszel-most-az-erdok-felett-venne-at-az-iranyitas-4157828/?utm_source=rss&utm_medium=referral&utm_campaign=hiraggregator
10fa4296bf67bfd486b68f51b32eb6c547ef6476be88f5d51aa6538e94e924f8,2024-08-28 16:04:59.879202+00:00,hu,haon.hu,haon.hu,2021-07-20,Brüsszel most az erdők felett venné át az irányítást,https://haon.hu/gazdasag/nemzetkozi-gazdasag/brusszel-most-az-erdok-felett-venne-at-az-iranyitas-5473412/?utm_source=rss&utm_medium=referral&utm_campaign=hiraggregator
bf9c4b3b206a67aae769df1bd61242c4ecac2709d20af2bd16ed5c5f8f3eca36,2024-08-28 16:04:43.841669+00:00,hu,boon.hu,boon.hu,2021-07-20,Brüsszel most az erdők felett venné át az irányítást,https://boon.hu/gazdasag/nemzetkozi-gazdasag/brusszel-most-az-erdok-felett-venne-at-az-iranyitas-5649986/?utm_source=rss&utm_medium=referral&utm_campaign=hiraggregator
ac38d8d0ccaa1c314318d19ad9ecdb25a23e00309d5e8f854c69085d8dff4d16,2024-08-28 16:04:34.573484+00:00,hu,delmagyar.hu,delmagyar.hu,2021-07-20,Brüsszel most az erdők felett venné át az irányítást,https://www.delmagyar.hu/gazdasag/nemzetkozi-gazdasag/brusszel-most-az-erdok-felett-venne-at-az-iranyitas-7766558/?utm_source=rss&utm_medium=referral&utm_campaign=hiraggregator
46183797f7503e93f4154f81df92d3bee0e853e507214b53f9ad6ccf5342cbb4,2024-08-28 16:03:48.136510+00:00,hu,heol.hu,heol.hu,2021-07-20,Brüsszel most az erdők felett venné át az irányítás,https://www.heol.hu/gazdasag/nemzetkozi-gazdasag/brusszel-most-az-erdok-felett-venne-at-az-iranyitas-3810557/?utm_source=rss&utm_medium=referral&utm_campaign=hiraggregator
a3a2ce5be06e859fcfb6e46306ab4cbcb8ef350e97533e55d9bec35c55a91ea3,2024-08-28 16:01:29.420095+00:00,hu,magyarnemzet.hu,magyarnemzet.hu,2021-07-20,Brüsszel most az erdők felett venné át az irányítás,https://magyarnemzet.hu/gazdasag/brusszel-most-az-erdok-felett-venne-at-az-iranyitast-10101437/?utm_source=rss&utm_medium=referral&utm_campaign=hiraggregator
eee2c0da74636542bdfa50fc881560ea7fa436459f746c2dc75f5ccf1f44d702,2024-08-28 15:13:17.290575+00:00,hu,haon.hu,haon.hu,2021-07-21,A beporzók védelme és a biológiai sokféleség őrzése kiemelten fontos,https://haon.hu/gazdasag/hazai-gazdasag/a-beporzok-vedelme-es-a-biologiai-sokfeleseg-orzese-kiemelten-fontos-5478626/?utm_source=rss&utm_medium=referral&utm_campaign=hiraggregator
ec9836afb1e284789c3ad07fdded887999902563148341d1e3ccec848393df56,2024-08-28 15:12:47.573528+00:00,hu,delmagyar.hu,delmagyar.hu,2021-07-21,A beporzók védelme és a biológiai sokféleség őrzése kiemelten fontos,https://www.delmagyar.hu/gazdasag/hazai-gazdasag/a-beporzok-vedelme-es-a-biologiai-sokfeleseg-orzese-kiemelten-fontos-7772192/?utm_source=rss&utm_medium=referral&utm_campaign=hiraggregator
57899c9ab0ca63932650885dfbfd736bac6b76719c4fbad9712e16a114118f09,2024-08-28 15:12:33.652661+00:00,hu,boon.hu,boon.hu,2021-07-21,A beporzók védelme és a biológiai sokféleség őrzése kiemelten fontos,https://boon.hu/gazdasag/hazai-gazdasag/a-beporzok-vedelme-es-a-biologiai-sokfeleseg-orzese-kiemelten-fontos-5654564/?utm_source=rss&utm_medium=referral&utm_campaign=hiraggregator
12cd78d6c2e9be3518d2eb32e065af398280d58dd1366c0bc79e5d1865d32d8a,2024-08-28 15:12:22.064557+00:00,hu,bama.hu,bama.hu,2021-07-21,A beporzók védelme és a biológiai sokféleség őrzése kiemelten fontos,https://www.bama.hu/gazdasag/hazai-gazdasag/a-beporzok-vedelme-es-a-biologiai-sokfeleseg-orzese-kiemelten-fontos-3957590/?utm_source=rss&utm_medium=referral&utm_campaign=hiraggregator
753197484d9752159ed8efeec9da1ee905b37b3c2730e5f69a37e6bf420b04aa,2024-08-28 15:12:19.688014+00:00,hu,szon.hu,szon.hu,2021-07-21,A beporzók védelme és a biológiai sokféleség őrzése kiemelten fontos,https://szon.hu/gazdasag/hazai-gazdasag/a-beporzok-vedelme-es-a-biologiai-sokfeleseg-orzese-kiemelten-fontos-5248535/?utm_source=rss&utm_medium=referral&utm_campaign=hiraggregator
b41dab87ee92ea47cf1581ab49596ae2f4d0af2d8c48aa72856e2c3b268f44b2,2024-08-28 13:22:36.164740+00:00,hu,vg.hu,vg.hu,2021-05-30,Magyar tiltakozás az uniós erdőgazdálkodási stratégia ellen,https://www.vg.hu/vilaggazdasag-magyar-gazdasag/2021/07/magyar-tiltakozas-az-unios-erdogazdalkodasi-strategia-ellen-2?utm_source=hirstart&utm_medium=referral&utm_campaign=hiraggregator
41edfd46c6a8ee3c20168a0c5d0f2177fd75678b9ee2db2a8f8fb623c1ffd226,2024-08-28 12:19:11.057545+00:00,hu,index.hu,index.hu,2021-07-23,A világjárvány kimaradt esély a zöld gazdaságnak,https://index.hu/techtud/2021/07/23/vivid-economics-koronavirus-vilagjarvany-gazdasagmento-programok-kornyezeti-hatasa-zold-gazdasag/
b86935f0505a3f5434fdc3b1697a09f6cffc5ec9e01f6d8ed059c284655f598e,2024-08-28 06:46:20.646188+00:00,hu,origo.hu,origo.hu,2021-07-27,A tudósok öt új növényfajt azonosítottak a bolíviai Andokban,https://www.origo.hu/tudomany/20210727-a-tudosok-ot-uj-novenyfajt-azonositottak-boliviaban.html
2052016dcfc6d3e0eb2cbff723807481066b3977565153c42bf6fbc730c2e65f,2024-08-27 18:05:54.145202+00:00,hu,origo.hu,origo.hu,2021-08-03,Végleg kiszáradt Bolívia második legnagyobb tava,https://www.origo.hu/tudomany/20210803-nem-tartjak-valoszinunek-a-tomeder-ujboli-feltoltodeset-a-kutatok.html
c530702a2a6ac5f43309759259adf881ad5a24b4899b45151c4cf94dde6da7fb,2024-08-27 17:58:53.018495+00:00,hu,index.hu,index.hu,2021-08-03,"Földanya elfáradt, apad a Poopó",https://index.hu/techtud/2021/08/03/poopo-to-bolivia-kiszaradas-andok-klimavaltozas/
1cce81958491ad5d309937dead36a298735cfc2982212e638c3ebc21ac7cc690,2024-08-27 10:22:19.892710+00:00,hu,haon.hu,haon.hu,2021-08-08,"Örökké kiszáradva marad a Poopó-tó, az őslakosok is menekülnek",https://haon.hu/egyperces/orokke-kiszaradva-marad-a-poopo-to-az-oslakosok-is-menekulnek-5520107/?utm_source=rss&utm_medium=referral&utm_campaign=hiraggregator
1e4c146e57f258dfd8deec85da05bb9f58a9fbdb19646910cb0117228023427d,2024-08-27 10:22:15.303074+00:00,hu,szon.hu,szon.hu,2021-08-08,"Örökké kiszáradva marad a Poopó-tó, az őslakosok is menekülnek",https://szon.hu/egyperces/orokke-kiszaradva-marad-a-poopo-to-az-oslakosok-is-menekulnek-5279951/?utm_source=rss&utm_medium=referral&utm_campaign=hiraggregator
aee182b330bd830d7f48f80e3aac74ddaf5eb0761072bd109dd8436117054091,2024-08-27 10:22:09.356901+00:00,hu,delmagyar.hu,delmagyar.hu,2021-08-08,"Örökké kiszáradva marad a Poopó-tó, az őslakosok is menekülnek",https://www.delmagyar.hu/egyperces/orokke-kiszaradva-marad-a-poopo-to-az-oslakosok-is-menekulnek-7813355/?utm_source=rssfeed
ae818d22b3b95daafbd76ff780dce1066dba5af3cdd28bfe430914e1c245992c,2024-08-27 10:22:05.813916+00:00,hu,boon.hu,boon.hu,2021-08-08,"Örökké kiszáradva marad a Poopó-tó, az őslakosok is menekülnek",https://boon.hu/egyperces/orokke-kiszaradva-marad-a-poopo-to-az-oslakosok-is-menekulnek-5692538/?utm_source=rss&utm_medium=referral&utm_campaign=hiraggregator
2d47174c0a1c0780041d87dd56da3093aaeda8aa770fd87a1d8cd004d1f9a7be,2024-08-27 05:49:29.479452+00:00,hu,merce.hu,merce.hu,2020-11-27,A nemnövekedés szükségességéről,https://pogi.merce.hu/2020/11/27/a-nemnovekedes-szuksegessegerol/
997de1ceb5a7599c7550725f501c1d9352fc6dd7c59144c63ca112792bf572f9,2024-08-27 02:36:22.543729+00:00,hu,merce.hu,merce.hu,2021-08-13,Vétózás helyett Magyarország élen is járhatna a klímavédelemben « Mérce,https://merce.hu/2021/08/13/vetozas-helyett-magyarorszag-elen-is-jarhatna-a-klimavedelemben/
560022ed598582de5e4114169a533e9109661d63afa4c0d54af37c0c761fdbb7,2024-08-25 11:26:40.098423+00:00,hu,origo.hu,origo.hu,2024-08-25,A mi sokszínű kertünk,https://www.origo.hu/tudomany/2024/08/a-mi-sokszinu-kertunk
ba1e7dbc01029d8f4fe715c150137c71113dc6540103c3855795e0a1b5c9df23,2024-08-24 10:39:32.773315+00:00,hu,nepszava.hu,nepszava.hu,2021-03-01,Csak aprópénz jut természetvédelemre,https://nepszava.hu/3111422_csak-apropenz-jut-termeszetvedelemre
c1502ee8c8fc7bbbddf760e543134009fe598d449f8de3b89d986f7ce3ed5faf,2024-08-24 10:36:48.468074+00:00,hu,nepszava.hu,nepszava.hu,2021-03-01,"362,51 forinton az euró",https://nepszava.hu/3111461_362-51-forinton-az-euro
cddcbe3bb40fa12ad9f1ab8cf94fe2888664f37d44e726254a9c6947f4064947,2024-08-24 10:20:27.276782+00:00,hu,nepszava.hu,nepszava.hu,2021-03-01,Nem aggályos Mészáros Lőrinc állami reklámozása,https://nepszava.hu/3111476_nem-aggalyos-meszaros-lorinc-allami-reklamozasa
5dfbdec125d4f44d7c5492acefde826ac8787d37692be4c40a2df20eb4c6c64b,2024-08-23 15:41:04.138359+00:00,hu,blikk.hu,blikk.hu,2021-03-10,Mondjon nemet a műanyagokra!,https://www.blikk.hu/eletmod/tippek/mi-a-gond-a-muanyagokkal/gntset8
797736147649ad51522e59c8bbfed036828a2f37184a82da89dea2c1d6f2f34a,2024-08-23 13:22:20.423406+00:00,hu,vg.hu,vg.hu,2024-08-23,"Jelentett az MBH Bank arról, mennyire működött fenntarthatóan",https://www.vg.hu/penzugy/2024/08/jelentett-az-mbh-bank-arrol-mennyire-mukodott-fenntarthatoan?utm_source=hirstart&utm_medium=referral&utm_campaign=hiraggregator
16be869e14870cf708e1bc742a1e4728544e2e175d057fa2b82ee82a725e1c71,2024-08-23 11:41:30.114002+00:00,hu,heol.hu,heol.hu,2021-03-11,Eger levegőminőségének javításáért indított akciót a környezetvédő,https://www.heol.hu/kozelet/helyi-kozelet/eger-levegominosegenek-javitasaert-inditott-akciot-a-kornyezetvedo-3456841/?utm_source=rss&utm_medium=referral&utm_campaign=hiraggregator
b4bb193da8d9ca8c0b08339e6f3f688b628a06557e3d4ae79239ed7bfb9d0b2d,2024-08-22 19:59:38.451961+00:00,hu,24.hu,24.hu,2021-03-14,Fontos rovarok ébredeznek az országban,https://24.hu/tudomany/2021/03/14/idojaras-mehek-pusztulas-okologia/
7ca16258de76e04fd3ce58df54beef7c40be2884daee8f0b064b9960999ad267,2024-08-22 18:33:21.706035+00:00,hu,index.hu,index.hu,2021-03-15,Az EU elfogadta klímasemlegességre összpontosító új programját,https://index.hu/kulfold/2021/03/15/az-eu-elfogadta-klimasemlegessegre-osszpontosito-uj-programjat/
212a2453796f0b4a1f3e0d4f56c45e1793df0bd09f6ff9eab846592216d2f79e,2024-08-22 17:26:42.646353+00:00,hu,infostart.hu,infostart.hu,2021-03-16,Az EU elfogadta a klímasemlegességre és a digitalizációra összpontosító új kutatási programját,https://infostart.hu/kulfold/2021/03/16/az-eu-elfogadta-a-klimasemlegessegre-es-a-digitalizaciora-osszpontosito-uj-kutatasi-programjat
da13720ddf78fddb97c5855bb9dbe0f0fac9adba756fba53d871cf12f4c69990,2024-08-22 15:13:57.704103+00:00,hu,origo.hu,origo.hu,2021-03-17,Folytatódhat az emberiség egyik legnagyobb vállalkozásának megvalósítása,https://www.origo.hu/gazdasag/20210222-szahel-ovezet-sahara-nagy-zold-fal-gazdasag.html
709ed4c11c2b9e0503013a541f8239691b9289cace263935e4001c4561458274,2024-08-22 11:01:52.210466+00:00,hu,nepszava.hu,nepszava.hu,2021-03-19,Rövidül az alpesi hószezon,https://nepszava.hu/3113573_rovidul-az-alpesi-hoszezon
9093485b65944ae70e52ace2281bbe7296baa57a28dcbf4a1231573318c9fadc,2024-08-22 09:30:13.588318+00:00,hu,sonline.hu,sonline.hu,2024-08-22,A legzöldebb beruházás: a klímaváltozás ellen a természet helyreállításába fektet az MNB,https://www.sonline.hu/helyi-gazdasag/2024/08/a-legzoldebb-beruhazas-a-klimavaltozas-ellen-a-termeszet-helyreallitasaba-fektet-az-mnb?utm_source=hirstart&utm_medium=referral&utm_campaign=hiraggregator
0b365c85c24d86ad96ca120905a6f02c1dfcf495cae6ab72cb7ecc5756343dd9,2024-08-22 09:02:06.838829+00:00,hu,hvg.hu,hvg.hu,2021-03-20,"Most először feltérképezték az óceáni területeket, melyekkel odacsaphatunk a klímaváltozásnak",http://hvg.hu/tudomany/20210320_fenekhalos_halaszat_legszennyezes_repules#rss
301e6ad1af3e0c215410249da47a71170f33cef8e46975650a74ae051708efc7,2024-08-22 07:55:19.219097+00:00,hu,24.hu,24.hu,2021-03-21,71 új fajt rejtett a budapesti múzeum,https://24.hu/tudomany/2021/03/21/allatok-muzeum-biodiverzitas/
ff10b504b219bc7bd9d6027f7f4dbd5c528368d92b84ee4980e424d3b7e7c951,2024-08-22 02:46:13.143850+00:00,hu,szon.hu,szon.hu,2021-03-24,Két évszak egy hét alatt – mi történik?,https://szon.hu/kozelet/helyi-kozelet/ket-evszak-egy-het-alatt-mi-tortenik-4923433/?utm_source=rss&utm_medium=referral&utm_campaign=hiraggregator
58a56569caa0b0ecda3cff05540c5ee0f02d7b3ad49d64386bb30cad831fbebe,2024-08-21 19:46:12.271657+00:00,hu,index.hu,index.hu,2021-03-28,Világszerte sok város és magánember is csatlakozott a Föld órája akcióhoz,https://index.hu/kulfold/2021/03/28/fold-oraja-elsotetites-wwf/
58b59e7d58acfab09199efb3965a0f59740321cbd2c51f090d854fd7e1250e2c,2024-08-21 02:40:51.271483+00:00,hu,feol.hu,feol.hu,2021-02-03,"Lárvát és a bábját, s mi jó falat",https://www.feol.hu/gazdasag/helyi-gazdasag/eheto-rovarok-merkl-otto-4643032/?utm_source=rss&utm_medium=referral&utm_campaign=hiraggregator
c987af59fc930f4c03a9f4585fd2b661ef77425fbcb14d50bd29d7f3bae3f85b,2024-08-20 20:05:26.402099+00:00,hu,magyarnemzet.hu,magyarnemzet.hu,2021-02-07,Menü tűzoltósisakkal – Műanyag,https://magyarnemzet.hu/lugas-rovat/menu-tuzoltosisakkal-muanyag-9327827/?utm_source=rss&utm_medium=referral&utm_campaign=hiraggregator
ebd1fc7d14c9d267f653e0f70354f807d4b10c6be7d3822e7cc94ed5a61d8ec2,2024-08-20 13:59:55.490116+00:00,hu,napi.hu,napi.hu,2021-02-10,Jöhet az uniós pénz - az EP zöld utat adott a helyreállítási alapnak,https://www.napi.hu/nemzetkozi_gazdasag/rrf-helyreallitasi-alap-ep-eu-rendelet-unios-forras.723137.html
a5987248f876221de4cbf93ec2ed0557d1688d2f5b20bc04623adbc1abcbc748,2024-08-20 10:44:56.310513+00:00,hu,portfolio.hu,portfolio.hu,2021-02-12,Megvan a végső döntés,https://www.portfolio.hu/unios-forrasok/20210212/megvan-a-vegso-dontes-nyaron-gigantikus-penzt-kap-a-magyar-kormany-brusszelbol-469566
0afcd74f19e657e85ca0cf5fc920d1558d1e392e3c8405a84f5887ed22d4f923,2024-08-20 03:20:44.244464+00:00,hu,pestisracok.hu,pestisracok.hu,2021-02-16,"Kovács Zoltán: a turisztikai ipar nehezen bírna ki még egy olyan évet, mint amilyen a tavalyi volt",https://pestisracok.hu/kovacs-zoltan-a-turisztikai-ipar-nehezen-birna-ki-meg-egy-olyan-evet-mint-az-idei/
655fbc559ec014f7965b2d81899baffeb3d31edfdd270d0083236f8b1bbadcfb,2024-08-19 22:06:41.992627+00:00,hu,vg.hu,vg.hu,2021-02-19,Zöldmezős vetőmagüzem Martonvásáron,https://www.vg.hu/vallalatok/mezogazdasag/zoldmezos-vetomaguzem-martonvasaron-2-3569179/?utm_source=rss&utm_medium=referral&utm_campaign=hiraggregator
be514cef63d1c8b2c5cc9d900a55dca84d4d1ec6317508ad3dd4baa33c0fa56b,2024-08-19 21:44:27.220799+00:00,hu,origo.hu,origo.hu,2021-02-19,Klónozással mentettek meg a kihalástól egy görényfajt,https://www.origo.hu/tudomany/20210219-eloszor-klonoztak-veszelyeztetett-feketelabu-gorenyt.html
1378c43dc48be7e8a84041ece75cb60238a5334266c891f2426f14e5c5901e54,2024-08-19 16:43:24.028021+00:00,hu,portfolio.hu,portfolio.hu,2021-02-22,Csak mérhető célok és környezetvédelmi szempontok mentén szabad elosztani a rengeteg EU-s pénzt,https://www.portfolio.hu/unios-forrasok/20210222/csak-merheto-celok-es-kornyezetvedelmi-szempontok-menten-szabad-elosztani-a-rengeteg-eu-s-penzt-470906
f17d451a5f85150ba9baf9e80b4ecf4be72bc6a1c6316ffa55a5bd1d76fd2e0b,2024-08-19 15:09:56.874184+00:00,hu,origo.hu,origo.hu,2021-02-23,Eltűnhet a globális édesvízi halpopulációk harmada?,https://www.origo.hu/tudomany/20210223-az-edesvizi-halpopulaciok-harmadat-fenyegeti-a-kihalas-veszelye.html
504fc349d2981ca56acb4aca2ee79586be8d4eb529acaae0e92267247d21fadc,2024-08-19 15:09:04.964952+00:00,hu,444.hu,444.hu,2021-02-23,Óriási pusztítást okoz az ember az édesvizekben,https://444.hu/2021/02/23/oriasi-pusztitast-okoz-az-ember-az-edesvizekben
2b9632defb512c655a518b4ac231c801e4eeeedd6407773ee43088f21bdf7ab6,2024-08-18 11:32:45.613745+00:00,hu,magyarnemzet.hu,magyarnemzet.hu,2024-08-18,Idén világszerte sok szabadvízi strandot zártak be a szennyezettség miatt,https://magyarnemzet.hu/kulfold/2024/08/iden-vilagszerte-sok-szabadvizi-strandot-zartak-be-a-szennyezettseg-miatt?utm_source=hirstart&utm_medium=referral&utm_campaign=hiraggregator
4d29d4a03f800e1685279bee7de536170439f45119e7fb9ea371d8c0edf601d2,2024-08-17 16:43:40.716555+00:00,hu,infostart.hu,infostart.hu,2021-01-01,"Múzeumköltöztetés, országos riasztási őrség",https://infostart.hu/tudomany/2021/01/01/muzeumkoltoztetes-orszagos-riasztasi-orseg-kornyezetvedelmi-valtozasok-2020-bol
eb8e7fb870708a1cdb98e5f45f421844cb853a296a00a79229433c55f3f81ef0,2024-08-17 15:32:28.130800+00:00,hu,nepszava.hu,nepszava.hu,2021-01-02,Népszava A kór neve: ember,https://nepszava.hu/3104626_a-kor-neve-ember
76c5c10a7df0081f026260b174237dc0c126fb70e90071510b3cf672b26af844,2024-08-17 15:21:40.459454+00:00,hu,nepszava.hu,nepszava.hu,2021-01-02,"Annyian érkeztek egyszerre a Kékesre újévkor, hogy dugó alakult ki",https://nepszava.hu/3104652_annyian-erkeztek-egyszerre-a-kekesre-ujevkor-hogy-dugo-alakult-ki
0a39cae9c7f4f3cbae44916eea5c7fc55e5fa1cb93baf551c8762d4f6ed86c47,2024-08-17 15:14:39.354271+00:00,hu,nepszava.hu,nepszava.hu,2021-01-02,Megérkeztek az ötös lottó nyerőszámai,https://nepszava.hu/3104662_megerkeztek-az-otos-lotto-nyeroszamai
ecd22b244d4469a41670e7f65e057d9457a06cbd83858a05ecf887f3ab249faa,2024-08-17 13:19:22.045556+00:00,hu,444.hu,444.hu,2021-01-04,"Az európai tudományos akadémiák testülete szerint radikális változásokra van szükség a technológia, a gazdaság és a társadalmi viszonyok terén",https://444.hu/2021/01/04/az-europai-tudomanyos-akademiak-testulete-szerint-radikalis-valtozasokra-van-szukseg-a-technologia-a-gazdasag-es-a-tarsadalmi-viszonyok-teren
72515ad7eda6ac68443de7a25b565b762e858e6d51acdf5ba70f292fbd55cd81,2024-08-17 13:15:34.186619+00:00,hu,blikk.hu,blikk.hu,2021-01-04,"Felesleges várakozni, soha nem tér vissza a világ a „rendes” kerékvágásba: megszólaltak Európa tudósai, javaslataik nem fognak tetszeni az elitnek",https://www.blikk.hu/geo/koronavirus-tudomany-europa-klimavaltozas/l3vdv6x
224a91d95cf243c959776a9bd1278c949647047d8027850fc2f150823908a191,2024-08-17 13:11:45.358952+00:00,hu,merce.hu,merce.hu,2021-01-04,Az európai tudományos akadémiák szerint a járvány után nem térhetünk vissza a „rendes kerékvágásba” « Mérce,https://merce.hu/2021/01/04/az-europai-tudomanyos-akademiak-szerint-a-jarvany-utan-nem-terhetunk-vissza-a-rendes-kerekvagasba/
c5ef36f2a72e451b49af4dd2ab551b3cb5e21ff259f2a3b718bd3dbbf14529d6,2024-08-17 13:02:46.698728+00:00,hu,24.hu,24.hu,2021-01-04,"Senkinek nem jó, ha visszatérünk a rendes kerékvágásba",https://24.hu/tudomany/2021/01/04/klimavaltozas-koronavirus-jarvany-mta-easac-jelentes/
2a1ec9cf03de5bd09b501cf31331a0cf15603040456ba2c8d0cb7c502de9d5b9,2024-08-17 11:42:35.122254+00:00,hu,napi.hu,napi.hu,2021-01-05,"A tudósok nekimentek az elitnek: drasztikus váltás kell, mert a finomhangolás már nem menti meg a földi életet",https://www.napi.hu/nemzetkozi_gazdasag/a_tudosok_nekimentek_az_elitnek_drasztikus_valtas_kell_mert_a_finomhangolas_mar_nem_menti_meg_a_foldi_eletet.720862.html
1c60bc16a31f80bc9676591a035045770393b881d7399bacf4668bb2cb0108a4,2024-08-17 10:03:58.810621+00:00,hu,origo.hu,origo.hu,2021-01-06,Trópusi fajok hódítják meg a Földközi-tenger keleti részét,https://www.origo.hu/tudomany/20210106-osszeomloban-a-biodiverzitas-a-foldkozitenger-keleti-reszen.html
6cd66c9656efbc8f95253a3438cb0334da27015c4983e0d4c02dd24d014f2685,2024-08-17 09:59:26.124531+00:00,hu,24.hu,24.hu,2021-01-06,Összeomlóban a biodiverzitás a Földközi-tenger keleti részén,https://24.hu/tudomany/2021/01/06/biodiverzitas-osszeomlas-foldkozi-tenger/
affd0aada111f6727c136b0e7acdc4141bcbd81f2cd3b1f605ce07e2a5b60d4a,2024-08-17 09:59:15.873497+00:00,hu,nepszava.hu,nepszava.hu,2021-01-06,Összeomlóban a biodiverzitás a Földközi-tenger keleti részén,https://nepszava.hu/3105063_osszeomloban-a-biodiverzitas-a-foldkozi-tenger-keleti-reszen
cf12f4f73178637d6b2795cf9e9942f7233d3ebd0d5e34ff037d4bd2ab4d42e6,2024-08-17 09:56:24.166430+00:00,hu,magyarnemzet.hu,magyarnemzet.hu,2021-01-06,Gondban vannak a Földközi-tenger keleti részén élő fajok,https://magyarnemzet.hu/mozaik/gondban-vannak-a-foldkozi-tenger-keleti-reszen-elo-fajok-9185570/?utm_source=rss&utm_medium=referral&utm_campaign=hiraggregator
ff8e6f39615c3f83d6cdac467685115705a098221aedfe6cdc6e17d0815a3e29,2024-08-17 09:42:29.065446+00:00,hu,hvg.hu,hvg.hu,2021-01-06,A Brexit másik hatása: felfüggesztettek 81 ezer .eu-s weboldalt,http://hvg.hu/tudomany/20210106_brexit_eu_domain_weblap_weboldal_felfuggesztes#rss
7d62b89d7d6625e0cbe2335aaf2b4a329006df56f6b0758fc0225581ad32c66e,2024-08-17 09:25:57.803773+00:00,hu,vg.hu,vg.hu,2021-01-06,Fajok tűnnek el a Földközi-tenger keleti részén,https://www.vg.hu/kozelet/kornyezetvedelem/osszeomloban-a-biodiverzitas-a-foldkozi-tenger-keleti-reszen-3467968/?utm_source=rss&utm_medium=referral&utm_campaign=hiraggregator
40636e01d50069cbc6256bfafb6c45b47144be225313f3c6f8812d57e0af4c0d,2024-08-17 08:13:09.018415+00:00,hu,hvg.hu,hvg.hu,2021-01-07,Tehenek nélkül csináltak tehéntejet izraeli tudósok,http://hvg.hu/tudomany/20210107_tehen_tehentej_izrael#rss
25e98eab8a5dbf4b915bd9d5318a7a36c9cf852fe7c79d9226b9de4139e53ad6,2024-08-17 07:42:36.491564+00:00,hu,hvg.hu,hvg.hu,2021-01-07,"Elon Musk lett a leggazdagabb ember, a Tesla a Facebookot is leelőzte a tőzsdén",http://hvg.hu/kkv/20210107_elon_musk_lett_a_leggazdagabb#rss
70e4d96d54137ef4e7ab35b7b2c6685ff602ca05c5b1c3d159f950259874045f,2024-08-17 05:11:57.144047+00:00,hu,magyarnemzet.hu,magyarnemzet.hu,2021-01-09,Buborék,https://magyarnemzet.hu/lugas-rovat/buborek-9191663/?utm_source=rss&utm_medium=referral&utm_campaign=hiraggregator
ed0647895da1283f3dab0610d37da2d10192e3420bf7523f60b67715eb90ac93,2024-08-17 02:39:10.359192+00:00,hu,hvg.hu,hvg.hu,2021-01-11,Így értékeljük a Zhvg évét,http://hvg.hu/gazdasag.zhvg/20210111_Igy_ertekeljuk_a_Zhvg_evet#rss
3fea13fbabb9f4d4819b71b479ec0b0327a05963d26e3062e613bece30bc8f63,2024-08-16 22:15:23.630593+00:00,hu,origo.hu,origo.hu,2021-01-13,Tömeges fajkihalásra és klímaválságra figyelmeztetnek a világ vezető kutatói,https://www.origo.hu/tudomany/20210113-tomeges-fajkihalasra-es-klimavalsagra-figyelmeztetnek-a-vilag-vezeto-kutatoi.html
cbe06befb1f6ca8e6290a0d52cc61feaac77f00cfc0dc59a71be270660492f35,2024-08-16 22:14:59.047895+00:00,hu,hirtv.hu,hirtv.hu,2021-01-13,Tömeges fajkihalásra és klímaválságra figyelmeztetnek a világ vezető kutatói,http://hirtv.hu/hirtvszines/tomeges-fajkihalasra-es-klimavalsagra-figyelmeztetnek-a-vilag-vezeto-kutatoi-2514951?utm_source=feed&utm_medium=rss
c3adc956b4ef0249ec4456088873944e622b53667ba49b22747e2348e6f7703b,2024-08-16 22:01:22.985430+00:00,hu,hvg.hu,hvg.hu,2021-01-13,A fajok tömeges kihalására figyelmeztetnek a világ legnagyobb tudósai,http://hvg.hu/tudomany/20210113_fajok_kihalas_klimavalsag_tudosok#rss
4a1352df925a47b3b88c226b05ec39eae34fd6a587513bbc62e88eb585424888,2024-08-16 21:00:31.083766+00:00,hu,magyarnemzet.hu,magyarnemzet.hu,2021-01-14,Tömeges fajkihalásra figyelmeztetnek a világ vezető kutatói,https://magyarnemzet.hu/mozaik/tomeges-fajkihalasra-figyelmeztetnek-a-vilag-vezeto-kutatoi-9220187/?utm_source=rss&utm_medium=referral&utm_campaign=hiraggregator
bbb7c347a91b658b68c47e6c3ae6977a2726bbd49a7bb3cff5a3194b210fdfe6,2024-08-16 18:08:48.243409+00:00,hu,blikk.hu,blikk.hu,2021-01-15,"Nincs másik bolygó: gyorsabban haldoklik a Föld, mint gondoltuk – Az emberi faj is komoly veszélyben lehet, ha nem cselekszünk",https://www.blikk.hu/geo/kornyezetvedelem-klimavalsag-bolygo-pusztulas-figyelem/lwbm8n7
603f4ea0871655ae3b6e12046a5bea7436411fdec6870e56fa2b8544b0b82ad4,2024-08-16 15:59:14.012131+00:00,hu,boon.hu,boon.hu,2021-01-17,Tömeges fajkihalásra és klímaválságra figyelmeztetnek a világ vezető kutatói,https://boon.hu/egyperces/tomeges-fajkihalasra-es-klimavalsagra-figyelmeztetnek-a-vilag-vezeto-kutatoi-2-5112589/?utm_source=rss&utm_medium=referral&utm_campaign=hiraggregator
c31040f1c6d94b74d09bde5f4851855c26306fd1af1d9a2050bc21a81730f7be,2024-08-16 15:59:04.908382+00:00,hu,szon.hu,szon.hu,2021-01-17,Tömeges fajkihalásra és klímaválságra figyelmeztetnek a világ vezető kutatói,https://szon.hu/egyperces/tomeges-fajkihalasra-es-klimavalsagra-figyelmeztetnek-a-vilag-vezeto-kutatoi-2-4739233/?utm_source=rss&utm_medium=referral&utm_campaign=hiraggregator
856528b545c6343983af42f02df58cba7024ce70f8ece8d23c99cf48317962d6,2024-08-16 15:58:52.953311+00:00,hu,haon.hu,haon.hu,2021-01-17,Tömeges fajkihalásra és klímaválságra figyelmeztetnek a világ vezető kutatói,https://haon.hu/egyperces/tomeges-fajkihalasra-es-klimavalsagra-figyelmeztetnek-a-vilag-vezeto-kutatoi-2-4906543/?utm_source=rss&utm_medium=referral&utm_campaign=hiraggregator
083e052948d77f48f6ee100f9c5ab6dbc925c2c4cbaf0adfc0a32df4a37cc05e,2024-08-16 15:58:33.545238+00:00,hu,delmagyar.hu,delmagyar.hu,2021-01-17,Tömeges fajkihalásra és klímaválságra figyelmeztetnek a világ vezető kutatói,https://www.delmagyar.hu/egyperces/tomeges-fajkihalasra-es-klimavalsagra-figyelmeztetnek-a-vilag-vezeto-kutatoi-2-7137592/?utm_source=rssfeed
4040b3c555d76f6f69edc267b46bbbcbd5f03be9de4bfd999b79f52ecd69f1a6,2024-08-16 15:48:05.751135+00:00,hu,infostart.hu,infostart.hu,2021-01-17,Vezető kutatók kongatták meg a vészharangot a Föld állapota miatt,https://infostart.hu/tudomany/2021/01/17/vezeto-kutatok-kongattak-meg-a-veszharangot-a-fold-allapota-miatt
9dcf8be4949ea670738fceb35ada8f8375add1ab9f54b6914e912848a43a8e6c,2024-08-16 12:22:17.586636+00:00,hu,24.hu,24.hu,2024-08-16,Egykor 26 órásak voltak a napok,https://24.hu/tudomany/2024/08/16/ket-oraval-hosszabbak-26-oras-napok-kambriumi-robbanas/
4753b25f65c5f003913b852c697bde1a5eaf750913fafaa803978570bb1a43b9,2024-08-16 10:28:12.268041+00:00,hu,index.hu,index.hu,2021-01-20,A növények 40 százalékát a kihalás fenyegeti,https://index.hu/techtud/2021/01/20/a_novenyek_kozel_felet_a_kihalas_fenyegeti/
2c28267a3b2c5cea785ff028d19266a214cdd0062ad7f7b608f35ef959ad9560,2024-08-16 09:41:35.590492+00:00,hu,hvg.hu,hvg.hu,2021-01-20,"Világjárvány ide vagy oda, a pusztuló környezet tehet be a leginkább a világgazdaságnak",http://hvg.hu/gazdasag.zhvg/20210120_A_jarvany_ellenere_is_a_kornyezeti_kockazatok_jelentik_a_legnagyobb_veszelyt#rss
4f8bc1f85a0c9938918d6f19103ff0b625fa05f14526a035cb405e689bde81f2,2024-08-16 07:48:59.042064+00:00,hu,merce.hu,merce.hu,2021-01-21,Szolidáris élelem a termőföldtől a tányérig « Mérce,https://merce.hu/2021/01/21/szolidaris-elelem-a-termofoldtol-a-tanyerig/
90b23c2a378bf8e587bba447801ce3c345be99be97c6af3fbf0db8e661d000b2,2024-08-15 12:35:42.112891+00:00,hu,nepszava.hu,nepszava.hu,2021-01-30,A lakosság helyett az oligarchákat etetjük,https://nepszava.hu/3107922_a-lakossag-helyett-az-oligarchakat-etetjuk
f60247b074c1f38a134f761f3f14c5cb60503e42e13286c064688e47d0e70bfc,2024-08-15 12:32:09.287354+00:00,hu,nepszava.hu,nepszava.hu,2021-01-30,"Kérdőívvel segítik, hogy valóban örökre szóljon az állatbefogadás",https://nepszava.hu/3107886_kerdoivvel-segitik-hogy-valoban-orokre-szoljon-az-allatbefogadas
2d217c95f7b2ddeca5859b90168f276dc70fb76696534f00ebe525e9630d2199,2024-08-08 12:30:04.546288+00:00,hu,szon.hu,szon.hu,2024-08-08,Vegán étel a PanyolaFeszten,https://www.szon.hu/helyi-kozelet/2024/08/vegan-etel-a-panyolafeszten?utm_source=hirstart&utm_medium=referral&utm_campaign=hiraggregator
cccd784fc273bf6edde97fa879c1c8fb0e877cf9e8701b74d416fe8f4cf24aa1,2024-08-06 10:24:34.684422+00:00,hu,portfolio.hu,portfolio.hu,2024-08-06,"Hamarosan pecsét kerülhet az EU mestertervére, közel a nagy megállapodás",https://www.portfolio.hu/unios-forrasok/20240806/hamarosan-pecset-kerulhet-az-eu-mestertervere-kozel-a-nagy-megallapodas-702679
2a92ca5ccdbc7772275af3a3fd484238b0d5f1c445a6f4ab3c2519dba26bb85b,2024-08-06 03:23:39.786948+00:00,hu,infostart.hu,infostart.hu,2024-08-06,Fény derült a rémisztő hüllő balatoni titkára,https://infostart.hu/tudomany/2024/08/06/feny-derult-a-remiszto-hullo-balatoni-titkara
bdfd6c4025d73401110de2f2ee9ecf47dd10005d7417a86ebd4fd3acc523564a,2024-08-06 01:15:26.932952+00:00,hu,portfolio.hu,portfolio.hu,2021-12-15,"Nagy tervek jöttek Brüsszelből a 2030-as klímacélhoz: figyeljenek a gáz, a karbon- és az ingatlanpiac szereplői",https://www.portfolio.hu/unios-forrasok/20211215/nagy-tervek-jottek-brusszelbol-a-2030-as-klimacelhoz-figyeljenek-a-gaz-a-karbon-es-az-ingatlanpiac-szereploi-516382
e472d11b6adb52e770cf3c3a1db9d3a9b5751e1c1504dcc3c2abf342dd5f35ec,2024-08-06 01:15:19.406477+00:00,hu,infostart.hu,infostart.hu,2021-12-25,Politikailag megosztottabbá tette az Európai Uniót 2021,https://infostart.hu/kulfold/2021/12/25/politikailag-megosztottabba-tette-az-europai-uniot-2021
bf1a2fd709cec56312170222022a4c114a2e3f633eb0b7e48ba7ae13ca6be62b,2024-08-05 23:01:01.531126+00:00,hu,atlatszo.hu,atlatszo.hu,2021-12-21,Megint felülírta a gazdasági érdek a természetvédelmi szempontokat,https://atlatszo.hu/kornyezet/2021/12/21/megint-felulirta-a-gazdasagi-erdek-a-termeszetvedelmi-szempontokat/
d2ad31c644c91e303e5a037e1e68411326fcff6fc7ce95ae5ebb59c80f1ff2a7,2024-08-05 13:22:55.144581+00:00,hu,hvg.hu,hvg.hu,2024-08-05,"Alkotmányellenes szakértők szerint Lantos Csabáék ötlete a paksi Duna felforralására, már most is víz alatti sivatag itt a meder",https://hvg.hu/gazdasag/20240805_paksi-atomeromu-duna-vizhomerseklete-hatarertek-tullepese-vizforralo-jogszabalytervezet-energiaugyi-miniszterium#rss
c74fd1a479321272b0bec489f54be04dd7f8b77c1be0454168899bfa3126d3a0,2024-08-03 07:01:41.639743+00:00,hu,vg.hu,vg.hu,2021-12-28,Össze kell fogni és fejleszteni kell – ez a jövő záloga,https://www.vg.hu/vilaggazdasag-magyar-gazdasag/2021/12/ossze-kell-fogni-es-fejleszteni-kell-ez-a-jovo-zaloga?utm_source=hirstart&utm_medium=referral&utm_campaign=hiraggregator
954842c158b60151136e692405a14c08f93f9d0b49fb382d72ce56ac70400d6f,2024-08-02 01:02:15.178983+00:00,hu,origo.hu,origo.hu,2022-01-12,A part menti vizekben akár öt kilogramm makroműanyag is lehet,https://www.origo.hu/tudomany/20220112-a-foldkozitenger-tele-van-mashonnan-szarmazo-muanyagokkal.html
b19862361a9481c7fd27e289f0d4b763b1cd2bced9e15fee56a231758a679011,2024-08-01 18:39:55.916829+00:00,hu,pestisracok.hu,pestisracok.hu,2022-01-15,A házisertés - Hiánypótló tudományos munka,https://pestisracok.hu/a-hazisertes-hianypotlo-tudomanyos-munka/
0c5a4e09dbcc3b97f89206308774c9e313f831868a69a4f2b1f94ca594bf7ff1,2024-08-01 18:36:55.165942+00:00,hu,index.hu,index.hu,2022-01-15,Tíz év alatt több mint 80 védett természeti terület jött létre,https://index.hu/gazdasag/2022/01/15/termeszetvedelem-nagy-istvan-agrarminisztrium-nagy-istvan-vedett-allatok/
3a0eb5e50d6dae16e71010576c7a13fa4cd7a35ed855ca5c64d948c88d181467,2024-08-01 18:23:53.784825+00:00,hu,vg.hu,vg.hu,2022-01-15,Itthon is az ökogazdálkodás lehet a jövő,https://www.vg.hu/vilaggazdasag-magyar-gazdasag/2022/01/itthon-is-az-okogazdalkodas-lehet-a-jovo?utm_source=hirstart&utm_medium=referral&utm_campaign=hiraggregator
f40d2a2e66c75cb135523e84732d287bb08e4cbecb2e67d4484ea098a37f57ca,2024-08-01 17:47:28.590497+00:00,hu,origo.hu,origo.hu,2022-01-15,"Olyan fejlődési lehetőség előtt áll a magyar vidék, amilyen 100 évenként csak egyszer adódik",https://www.origo.hu/gazdasag/20220114-interju-gyorffy-balazzsal-a-nemzeti-agrargazdasagi-kamara-elnokevel.html
e6fd846fd7fdb15575663e400a048fd132c8e86ba781cb690dc875e875068d04,2024-08-01 12:20:46.274359+00:00,hu,sonline.hu,sonline.hu,2024-08-01,"Magunkkal és a természettel is harmóniában élhetünk, ha tudatosabban fogyasztunk",https://www.sonline.hu/helyi-kozelet/2024/08/magunkkal-es-a-termeszettel-is-harmoniaban-elhetunk-ha-tudatosabban-fogyasztunk?utm_source=hirstart&utm_medium=referral&utm_campaign=hiraggregator
842570cb441681bcd68ff77b6f1285bcd43e41af69fba63aa2f5e7b2580ee757,2024-08-01 07:08:29.562139+00:00,hu,origo.hu,origo.hu,2022-01-20,A biodiverzitás megőrzéséhez kevés a védett területek kiterjesztése,https://www.origo.hu/tudomany/20220120-a-biodiverzitas-megorzesehez-keves-a-vedett-teruletek-kiterjesztese-a-tudosok-szerint.html
8c9284fa25a397cc86816e17419161a9ac6fbadf46befce7ad295ea1c5cf68c8,2024-07-24 13:24:40.056110+00:00,hu,origo.hu,origo.hu,2024-07-24,"Vészesen fogy az idő, hogy megakadályozzunk egy súlyos katasztrófát",https://www.origo.hu/tudomany/2024/07/veszesen-fogy-az-ido-hogy-megakadalyozzunk-egy-sulyos-katasztrofat
f986e90dba77277b505e9aa93336131f9c0f81bc36f39acb9718587f1bd3507d,2024-07-24 12:33:26.951221+00:00,hu,hvg.hu,hvg.hu,2024-07-24,"Ilyen az, amikor megtámad egy medve",https://hvg.hu/elet/20240724_Ilyen-az-amikor-megtamad-egy-medve#rss
4598e9eb063e7a0ab2fc4f5f8d3d1c8c64660621bd319f1d85a74329251f0ca2,2024-07-22 21:18:28.057215+00:00,hu,ripost.hu,ripost.hu,2024-07-22,Ezrével nyílnak a színes virágok a világ legszárazabb sivatagában,https://ripost.hu/kulfold/2024/07/ezrevel-nyilnak-a-viragok-a-vilag-legszarazabb-sivatagaban
3402b021e113156524c340c64fbd49070895f9169bf1904e631eae6fbc84f4e8,2024-07-18 15:21:32.270302+00:00,hu,hvg.hu,hvg.hu,2024-07-18,"Megnyílt az olimpiai falu, ahol még a madarakra is odafigyeltek",https://hvg.hu/sport/20240718_olimpiai-falu-parizs-megnyito#rss
92c455277cf983cd3d416276d263176974cd9e99e41389c33d624653a2a31231,2024-07-13 07:24:05.310311+00:00,hu,index.hu,index.hu,2024-07-13,"III. Károly ajtajáig mennek a tüntetők, pedig otthon sincs",https://index.hu/fomo/2024/07/13/iii-karoly-kornyezetvedelem-tuntetes-aktivistak-windsori-kastely/
377cd96a6d935a821eb17b6ae649b5bbc943cd7f746efeecfb4e8bbcf844b6e4,2024-07-13 05:23:30.357110+00:00,hu,vg.hu,vg.hu,2024-07-13,Tarolna az Alstom a magyar vasútpiacon,https://www.vg.hu/vilaggazdasag-magyar-gazdasag/2024/07/vasut-tarolna-az-alstom?utm_source=hirstart&utm_medium=referral&utm_campaign=hiraggregator
9476113e975f58928aa7484ddf3da705bb796907130d927b67f748a2e2bdfc91,2024-07-10 21:20:28.573355+00:00,hu,vg.hu,vg.hu,2024-07-10,Pálmaolajba fullad Malajzia,https://www.vg.hu/vilaggazdasag/2024/07/palmaolajba-fullad-malajzia?utm_source=hirstart&utm_medium=referral&utm_campaign=hiraggregator
83f682a02753f97a170d8a36a9c25631abf916bce4e8937e992f15d175f0c967,2024-07-03 15:19:12.141773+00:00,hu,origo.hu,origo.hu,2024-07-03,"Kiderült, melyik két település képviseli Magyarországot az Európai Virágos Városok és Falvak versenyén",https://www.origo.hu/itthon/2024/07/europai-viragos-varosok-es-falvak-verseny-zalakaros-debrecen
867a7b15ffaace2e5aed782a77721495e2bf16c1de550c6f2afcd9b4d0ec0354,2024-06-30 14:19:36.773797+00:00,hu,rtl.hu,rtl.hu,2024-06-30,Szó szerint gyilkos hőség söpör végig Európán,https://rtl.hu/tudomany-tech/2024/06/30/gyilkos-hoseg-europa-forrosag-hany-fok-van-veszhelyzet
f9acc9ba864854a2ebdaea740e7d1213f7ef45f2d26f645b3cbe842c07efb3ca,2024-06-24 09:23:53.477894+00:00,hu,kisalfold.hu,kisalfold.hu,2024-06-24,KISALFOLD - A mi sokszínű kertünk,https://www.kisalfold.hu/helyi-eletstilus/2024/06/a-mi-sokszinu-kertunk-elindult-a-magyar-termeszetvedok-szovetsegenek-kampanya?utm_source=hirstart&utm_medium=referral&utm_campaign=hiraggregator
91cae91727eabe1d990cbca440c0e9b5146225fdc51c5bcb8efb62469e4397d3,2024-06-14 15:26:00.713310+00:00,hu,haon.hu,haon.hu,2024-06-14,"Gondoláék beleálltak a kormányhivatalba, utóbbi szerint a közszolgák hazug gyalázása nem környezetvédelem",https://www.haon.hu/helyi-kozelet/2024/06/kormanyhavatal-hajdu-bihar-debrecen-fidesz-gondola?utm_source=hirstart&utm_medium=referral&utm_campaign=hiraggregator
c458807fa340a74fc9f2030a1be12dbfda8a1a21ce09cf9b38d2f0ca43e4bd62,2024-06-08 17:25:29.249973+00:00,hu,zaol.hu,zaol.hu,2024-06-08,A Gyenesdiáson bemutatott társasjáték segít a zöld gondolat elmélyítésében,https://www.zaol.hu/helyi-kozelet/2024/06/a-gyenesdiason-bemutatott-tarsasjatek-segit-a-zold-gondolat-elmelyiteseben?utm_source=hirstart&utm_medium=referral&utm_campaign=hiraggregator
65de157b0ddd971e0a7c0ef4690359287b883efb503d211ea46294d265ae901f,2024-06-05 19:10:00.649010+00:00,hu,portfolio.hu,portfolio.hu,2024-06-05,"Dübörögnek a Portfolio konferenciák: networking és információdömping, már 20 éve!",https://www.portfolio.hu/uzlet/20240605/duborognek-a-portfolio-konferenciak-networking-es-informaciodomping-mar-20-eve-690507
d691ca804a4633b2bf94ee2bd147f2aa27c628e3fc65f2edc77d0dc7652ca780,2024-06-05 10:18:25.897706+00:00,hu,index.hu,index.hu,2024-06-05,Több EP-listavezető is hatalmas vállalást tett,https://index.hu/kulfold/ep/2024/valasztas/2024/06/05/greenpeace-partok-kornyezetvedelem-ep-listavezetok-vallalasok/
aa99e1a116e7f11e4c567f643b2eb90a35e56d969bb0fdef74dbb5a959960862,2024-06-03 02:22:19.997321+00:00,hu,sonline.hu,sonline.hu,2024-06-03,Társadalmi egyeztetésen a földhasználat váltást elősegítő mezőgazdasági beruházásokat támogató kiírás,https://www.sonline.hu/helyi-gazdasag/2024/06/tarsadalmi-egyeztetesen-a-foldhasznalat-valtast-elosegito-mezogazdasagi-beruhazasokat-tamogato-kiiras?utm_source=hirstart&utm_medium=referral&utm_campaign=hiraggregator
d8b7884d269b719618a57ee1f81df0e9f49bb882f82e511ecdd5350e6a5b8f35,2024-05-26 16:19:58.162271+00:00,hu,index.hu,index.hu,2024-05-26,Növényvédő szerekkel mérgezzük magunkat nap mint nap,https://index.hu/tudomany/2024/05/26/vegyszer-kornyezet-szennyezes-muanyag-hormon-mergezes-simon-gergely-greenpeace/
6ed1b26ca054d79ce91d27104f6236ddbd2fe92d4443a7ad2e2ebf84779dd6ea,2024-05-22 12:34:53.969512+00:00,hu,sonline.hu,sonline.hu,2024-05-22,Agrárkutatásokkal a biológiai sokszínűségért,https://www.sonline.hu/helyi-gazdasag/2024/05/agrarkutatasokkal-a-biologiai-sokszinusegert?utm_source=hirstart&utm_medium=referral&utm_campaign=hiraggregator
abe116e6db7284acae32eef5379fe80d7ecef29f000de728a6b8fa4be58b75a9,2024-05-21 11:35:26.919793+00:00,hu,hirtv.hu,hirtv.hu,2024-05-21,Öt év alatt 184 millió darab új fát ültettek el az Országfásítási Programban + videó,https://hirtv.hu/ahirtvhirei/ot-ev-alatt-184-millio-darab-uj-fat-ultettek-el-az-orszagfasitasi-programban-video-2585555?utm_source=feed&utm_medium=rss
8d918d82ac650f2239ca70f7d688d590a663189f27759dc5717b5dfbd1b8c47e,2024-05-20 16:18:32.070928+00:00,hu,sonline.hu,sonline.hu,2024-05-20,Már 184 millió új fát ültettünk erdeinkben,https://www.sonline.hu/helyi-kozelet/2024/05/mar-184-millio-uj-fat-ultettunk-erdeinkben?utm_source=hirstart&utm_medium=referral&utm_campaign=hiraggregator
a493c2bf9337d20c2b70fab98188c947d44ab69517fbf5595b58cc6951c75966,2024-05-20 15:32:47.357273+00:00,hu,ma.hu,ma.hu,2024-05-20,Nagy István: már 184 millió új fát ültettünk erdeinkben,https://www.ma.hu/belfold/400286/Nagy_Istvan_mar_184_millio_uj_fat_ultettunk_erdeinkben?place=srss
35a26d875cfb74e3bc35ca1023daf5f3077441c8884ff26ce7d10be681fc108c,2024-05-20 13:19:53.830250+00:00,hu,sonline.hu,sonline.hu,2024-05-20,Nagy István: már 184 millió új fát ültettünk erdeinkben (videó,https://www.sonline.hu/hazai-gazdasag/2024/05/nagy-istvan-mar-184-millio-uj-fat-ultettunk-erdeinkben-video?utm_source=hirstart&utm_medium=referral&utm_campaign=hiraggregator
5a5db401bbb9c01dc84a8ac30be74b24a9dece8ebcb6e54ae2f64e5ac63e5fa7,2024-05-20 12:33:18.800924+00:00,hu,veol.hu,veol.hu,2024-05-20,Nagy István: már 184 millió új fát ültettünk erdeinkben (videó,https://www.veol.hu/hazai-gazdasag/2024/05/nagy-istvan-mar-184-millio-uj-fat-ultettunk-erdeinkben-video?utm_source=hirstart&utm_medium=referral&utm_campaign=hiraggregator
a79d3bf7850510b59c4f7365e0e891e74fd644c4401de142b867831cf1ceb145,2024-05-20 12:27:28.077203+00:00,hu,vg.hu,vg.hu,2024-05-20,Nagy István: már 184 millió új fát ültettünk erdeinkben,https://www.vg.hu/vilaggazdasag-magyar-gazdasag/2024/05/nagy-istvan-mar-184-millio-uj-fat-ultettunk-erdeinkben?utm_source=hirstart&utm_medium=referral&utm_campaign=hiraggregator
4b486e900ca06ba75e19eef26bc299e64227b5d2de2fc8acc6007459fa244b18,2024-05-20 11:35:16.712482+00:00,hu,bama.hu,bama.hu,2024-05-20,Nagy István: már 184 millió új fát ültettünk erdeinkben (videó,https://www.bama.hu/hazai-gazdasag/2024/05/nagy-istvan-mar-184-millio-uj-fat-ultettunk-erdeinkben-video?utm_source=hirstart&utm_medium=referral&utm_campaign=hiraggregator
1a9c444485a67a4a163109d4fe3df1879dd1ede51a83a615a2a4cd1ceb334382,2024-05-20 11:31:00.466954+00:00,hu,delmagyar.hu,delmagyar.hu,2024-05-20,Nagy István: már 184 millió új fát ültettünk erdeinkben (videó,https://www.delmagyar.hu/hazai-gazdasag/2024/05/nagy-istvan-mar-184-millio-uj-fat-ultettunk-erdeinkben-video?utm_source=hirstart&utm_medium=referral&utm_campaign=hiraggregator
b5570762dde2e884a5de1774e34f0e8185aff00baca0a6ec82f84e771cfb4648,2024-05-20 11:29:34.657835+00:00,hu,feol.hu,feol.hu,2024-05-20,Nagy István: már 184 millió új fát ültettünk erdeinkben (videó,https://www.feol.hu/hazai-gazdasag/2024/05/nagy-istvan-mar-184-millio-uj-fat-ultettunk-erdeinkben-video?utm_source=hirstart&utm_medium=referral&utm_campaign=hiraggregator
3ae6da440c226ffd42d5e134359b8ae76c4682b33bfc426408250789ae3ce1b7,2024-05-20 11:28:23.669942+00:00,hu,heol.hu,heol.hu,2024-05-20,Nagy István: már 184 millió új fát ültettünk erdeinkben (videó,https://www.heol.hu/hazai-gazdasag/2024/05/nagy-istvan-mar-184-millio-uj-fat-ultettunk-erdeinkben-video?utm_source=hirstart&utm_medium=referral&utm_campaign=hiraggregator
d6c191db182995f09afafc9470a7d9c4738ed2a01b5acc6a439e47e6d75c86d6,2024-05-20 11:25:32.801460+00:00,hu,duol.hu,duol.hu,2024-05-20,Nagy István: már 184 millió új fát ültettünk erdeinkben (videó,https://www.duol.hu/hazai-gazdasag/2024/05/nagy-istvan-mar-184-millio-uj-fat-ultettunk-erdeinkben-video?utm_source=hirstart&utm_medium=referral&utm_campaign=hiraggregator
0cf72a88204288e46e535d780a8a526fbdb76699beb2c9458f7ca576ef576e71,2024-05-20 11:23:56.674906+00:00,hu,teol.hu,teol.hu,2024-05-20,Nagy István: már 184 millió új fát ültettünk erdeinkben (videó,https://www.teol.hu/hazai-gazdasag/2024/05/nagy-istvan-mar-184-millio-uj-fat-ultettunk-erdeinkben-video?utm_source=hirstart&utm_medium=referral&utm_campaign=hiraggregator
08894692cef4d5ff5c14adbda750168871a8ae23f0ef6dc038885d3bba972343,2024-05-20 11:23:44.584086+00:00,hu,haon.hu,haon.hu,2024-05-20,Nagy István: már 184 millió új fát ültettünk erdeinkben (videó,https://www.haon.hu/hazai-gazdasag/2024/05/nagy-istvan-mar-184-millio-uj-fat-ultettunk-erdeinkben-video?utm_source=hirstart&utm_medium=referral&utm_campaign=hiraggregator
38cf14b4682b36e3e6a23b3edbbb5980da4a50034d0d536365515ff36d2d86ab,2024-05-20 11:19:33.214469+00:00,hu,zaol.hu,zaol.hu,2024-05-20,Nagy István: már 184 millió új fát ültettünk erdeinkben (videó,https://www.zaol.hu/hazai-gazdasag/2024/05/nagy-istvan-mar-184-millio-uj-fat-ultettunk-erdeinkben-video?utm_source=hirstart&utm_medium=referral&utm_campaign=hiraggregator
b88b662c0c6ac64171a4671dee3a1436c3e7aeae1d25ab4e3dea59bdd913b483,2024-05-20 11:17:15.826874+00:00,hu,magyarnemzet.hu,magyarnemzet.hu,2024-05-20,Irdatlan mennyiségű fát telepítettek az elmúlt öt évben + videó,https://magyarnemzet.hu/gazdasag/2024/05/irdatlan-mennyisegu-fat-telepitettek-az-elmult-ot-evben-video?utm_source=hirstart&utm_medium=referral&utm_campaign=hiraggregator
c7740f7fc84f4a9f9683bb90011664e309e6a6262c753e67f58f5cb5d78a8401,2024-05-20 10:31:15.556298+00:00,hu,boon.hu,boon.hu,2024-05-20,Nagy István: már 184 millió új fát ültettünk erdeinkben (videó,https://www.boon.hu/hazai-gazdasag/2024/05/nagy-istvan-mar-184-millio-uj-fat-ultettunk-erdeinkben-video?utm_source=hirstart&utm_medium=referral&utm_campaign=hiraggregator
cbd6a90bf899046f01fab0590e9937bb9ef578011594d86a21155e82e1ba5ff2,2024-05-20 10:28:25.801203+00:00,hu,vaol.hu,vaol.hu,2024-05-20,Nagy István: már 184 millió új fát ültettünk erdeinkben (videó,https://www.vaol.hu/hazai-gazdasag/2024/05/nagy-istvan-mar-184-millio-uj-fat-ultettunk-erdeinkben-video?utm_source=hirstart&utm_medium=referral&utm_campaign=hiraggregator
2ebdc7196d5e9b9bef9f41e42ada9c9ac18cb80145618b88369bf1320280d74b,2024-05-20 10:21:56.533529+00:00,hu,szoljon.hu,szoljon.hu,2024-05-20,Nagy István: már 184 millió új fát ültettünk erdeinkben (videó,https://www.szoljon.hu/hazai-gazdasag/2024/05/nagy-istvan-mar-184-millio-uj-fat-ultettunk-erdeinkben-video?utm_source=hirstart&utm_medium=referral&utm_campaign=hiraggregator
32a35e382396ce680e4c9093fa5ff972971d32a350454efc0d7db3de4ddbfde3,2024-05-20 10:17:30.716200+00:00,hu,kisalfold.hu,kisalfold.hu,2024-05-20,Nagy István: már 184 millió új fát ültettünk erdeinkben (videó,https://www.kisalfold.hu/hazai-gazdasag/2024/05/nagy-istvan-mar-184-millio-uj-fat-ultettunk-erdeinkben-video?utm_source=hirstart&utm_medium=referral&utm_campaign=hiraggregator
9822ac64c7e308c06c3f57c5f9249d7c1e3d79e8ebfb508ba981bb532db59361,2024-05-20 09:33:49.354333+00:00,hu,baon.hu,baon.hu,2024-05-20,Nagy István: már 184 millió új fát ültettünk erdeinkben (videó,https://www.baon.hu/hazai-gazdasag/2024/05/nagy-istvan-mar-184-millio-uj-fat-ultettunk-erdeinkben-video?utm_source=hirstart&utm_medium=referral&utm_campaign=hiraggregator
f905347d3016b7193b0634169a9ecc29c2300cac66f4241b4f0bf6399141b5ba,2024-05-20 09:33:33.156661+00:00,hu,beol.hu,beol.hu,2024-05-20,Nagy István: már 184 millió új fát ültettünk erdeinkben (videó,https://www.beol.hu/hazai-gazdasag/2024/05/nagy-istvan-mar-184-millio-uj-fat-ultettunk-erdeinkben-video?utm_source=hirstart&utm_medium=referral&utm_campaign=hiraggregator
cef2ebbf9557189e957d12b1de49f5ef3141e7201c040eafe91cf326cbdfd517,2024-05-20 09:28:44.851169+00:00,hu,szon.hu,szon.hu,2024-05-20,Nagy István: már 184 millió új fát ültettünk erdeinkben (videó,https://www.szon.hu/hazai-gazdasag/2024/05/nagy-istvan-mar-184-millio-uj-fat-ultettunk-erdeinkben-video?utm_source=hirstart&utm_medium=referral&utm_campaign=hiraggregator
33e9787c1bef6f85b9019e6feec8919dc10f8c67c1d5eefa9c332afe91ac1227,2024-05-17 05:17:57.785612+00:00,hu,pecsiujsag.hu,pecsiujsag.hu,2024-05-16,Szombaton kezdődik a Magyar Nemzeti Parkok Hete,https://www.pecsiujsag.hu/pecs/hir/helyi-hireink/szombaton-kezdodik-a-magyar-nemzeti-parkok-hete
aa446b5a0c8bed31a7295cffd72ba85ad30f6a40f39979ffa5d017e5eec62be2,2024-05-15 10:19:25.075982+00:00,hu,ma.hu,ma.hu,2024-05-15,Az EU Tanácsa elfogadta az EU közös agrárpolitikájának felülvizsgálatát,https://www.ma.hu/belfold/400141/Az_EU_Tanacsa_elfogadta_az_EU_kozos_agrarpolitikajanak_felulvizsgalatat?place=srss
4e116b6541a087981073582b092f706cd06acad79750dcbe1a560d989b376269,2024-05-12 20:18:56.960993+00:00,hu,index.hu,index.hu,2024-05-12,Újabb inváziós fajok terjedhetnek el Magyarországon,https://index.hu/tudomany/2024/05/12/ujabb-invazios-fajok-erkezhetnek-oshonos-novenyek-allatok-elovilag/
44d3e31fb792430de013d4a263b5cb0ad670ee7768d8ffd3cb42525c6548d2b8,2024-05-10 18:04:20.188800+00:00,hu,portfolio.hu,portfolio.hu,2022-05-09,"Macron: nem vagyunk háborúban Oroszországgal, de kiállunk Ukrajna mellett",https://www.portfolio.hu/global/20220509/macron-nem-vagyunk-haboruban-oroszorszaggal-de-kiallunk-ukrajna-mellett-543791
889fe61f05438f80f7871ad33d27b2e2f5a4cce32041594e3973db332e4ccefd,2024-05-10 18:01:42.245863+00:00,hu,mandiner.hu,mandiner.hu,2022-05-09,Macron: Nem vagyunk háborúban Oroszországgal,https://mandiner.hu/cikk/20220509_macron_nem_vagyunk_haboruban_oroszorszaggal
88a50329e67bbc524cad7d8cf5939691eb6ff62c2d055ae0c7022b8a27e5bd3e,2024-05-10 11:51:42.689354+00:00,hu,haon.hu,haon.hu,2022-05-13,Az agrárágazat nem csorbulhat a fenntarthatóság súlya alatt,https://www.haon.hu/helyi-gazdasag/2022/05/az-agraragazat-nem-csorbulhat-a-fenntarthatosag-sulya-alatt?utm_source=hirstart&utm_medium=referral&utm_campaign=hiraggregator
ebe4d96a29d68eb5158ce76675e203d57c39bcb22fe04691ab94e1df6688aca5,2024-05-10 05:04:28.174116+00:00,hu,hvg.hu,hvg.hu,2022-05-18,"Ahogy szennyezzük a vizet és a levegőt, úgy arat a halál – a friss számok szerint nem javul a helyzet",http://hvg.hu/tudomany/20220518_kornyezetszennyezes_egeszseg_halalozas#rss
58e3b9e6116c89e65bb2bc805523289f64abdf5fda1745dc0fe1ba162b1cee98,2024-05-10 03:37:12.168683+00:00,hu,portfolio.hu,portfolio.hu,2022-05-19,Hova tovább hazai újlakás piac?,https://www.portfolio.hu/ingatlan/20220519/hova-tovabb-hazai-ujlakas-piac-545079
a2517930471c945b33739887f10c084188e24873a1f25c337a0c22e578b434fc,2024-05-10 01:05:04.911816+00:00,hu,index.hu,index.hu,2022-05-20,"Ha ők nincsenek, a mezőgazdaság nagy bajba kerül",https://index.hu/tudomany/2022/05/20/mehek-vilagnapja-kornyezetvedelem/
14691016ae7064872f969b4d8e61d61f56ce45b75ca3a1cfa4cbd7bf0953faa9,2024-05-09 22:59:33.941085+00:00,hu,magyarnemzet.hu,magyarnemzet.hu,2022-05-21,Szomjas föld,https://magyarnemzet.hu/lugas-rovat/2022/05/szomjas-fold?utm_source=hirstart&utm_medium=referral&utm_campaign=hiraggregator
a94bfdc86cce938d2512b31cfcc4145b3633156fbb1464b4178f6494bcae63a5,2024-05-09 19:45:58.441861+00:00,hu,portfolio.hu,portfolio.hu,2022-05-23,Van még idő visszafordítani a klímaváltozás negatív hatásait?,https://www.portfolio.hu/uzlet/20220523/van-meg-ido-visszaforditani-a-klimavaltozas-negativ-hatasait-546481
3b437c12b34b7e47729aeae83f5796ee80db8969116274bffd6fa7d9245deb8f,2024-05-09 16:56:00.569308+00:00,hu,delmagyar.hu,delmagyar.hu,2022-05-24,Őrzik és fel is tárják a természeti értékeket,https://www.delmagyar.hu/vezeto-hirek/2022/05/orzik-es-fel-is-tarjak-a-termeszeti-ertekeket?utm_source=hirstart&utm_medium=referral&utm_campaign=hiraggregator
59c45a30d2d9e70556f6818b4dbfc2973698aeda38fe70ae3315d20e46d2b68f,2024-05-09 13:47:27.430329+00:00,hu,delmagyar.hu,delmagyar.hu,2022-05-26,Fórum az új agrárstratégiáról,https://www.delmagyar.hu/helyi-eletstilus/2022/05/forum-az-uj-agrarstrategiarol?utm_source=hirstart&utm_medium=referral&utm_campaign=hiraggregator
43ee552b39823c7b83b8120ba01179a710da79443a34b9f2f8a416955badccd4,2024-05-09 11:34:17.150259+00:00,hu,infostart.hu,infostart.hu,2022-05-28,Emelkedik az európai gyümölcsök növényvédőszer-tartalma – itt a toplista,https://infostart.hu/eletmod/2022/05/28/no-az-europai-gyumolcsok-novenyvedoszer-tartalma-itt-a-toplista
889c9ada3d76560a3aeb76a62dd3c5efe7d67844af6ef9ff7b52305a89719134,2024-05-09 09:12:36.763686+00:00,hu,origo.hu,origo.hu,2022-05-30,Idén is lajstromba vettük az ürgelyukakat több területünkön,https://www.origo.hu/tudomany/20220529-urge.html
75ab92fdec07a9d6c0861b4e00f9e9e00a7bd05538e1c25625d88d602d1ad31f,2024-05-09 08:05:40.048084+00:00,hu,hvg.hu,hvg.hu,2022-05-31,Tényleg ki kell békülnünk az atomenergiával és a földgázzal az európai klímacélokért?,http://hvg.hu/eurologus/20220531_atomenergia_foldgaz_klimavalsag_Europai_Parlament#rss
b5e48031b028ab68ab1d6cceb3ae5dfd1e5a629c71fa876b9b98b6855fc1118b,2024-05-08 19:55:00.638081+00:00,hu,merce.hu,merce.hu,2022-06-07,Donáth Anna: A zöld átállást csak szociális érzékenységgel lehet megvalósítani « Mérce,https://merce.hu/2022/06/07/donath-anna-a-zold-atallast-csak-szocialis-erzekenyseggel-lehet-megvalositani/
8f2533a33e82f31bf3812053818a9cd94deaeeb9eed56c8675332dcac7ec9241,2024-05-08 18:33:21.689681+00:00,hu,vg.hu,vg.hu,2024-05-08,"Orangutánt kaphat, aki pálmaolajat vesz",https://www.vg.hu/kozelet/2024/05/orangutan-palmaolaj-malajzia?utm_source=hirstart&utm_medium=referral&utm_campaign=hiraggregator
18ae34cd4d389dc125b89088769f42efa5867f8cb90f606c0259bcc6efc39db6,2024-05-08 18:12:59.189085+00:00,hu,demokrata.hu,demokrata.hu,2024-05-08,Agrárküzdelmeket is hoz a soros elnökség,https://demokrata.hu/magyarorszag/agrarkuzdelmeket-is-hoz-a-soros-elnokseg-825863/
6727c3faa07df8fabf5b93e0c712a6daeea3c31ef2751fc103e155b0980edd9c,2024-05-08 14:38:57.086554+00:00,hu,mandiner.hu,mandiner.hu,2022-06-09,A zöld átállást csak szociális érzékenységgel lehet megvalósítani,https://mandiner.hu/cikk/20220609_donath_anna_velemeny_zold_szocialis_erzekenyseg
1ff9403e4537513560ed7860a00e22013315e5e5fada818fa527c53877fbb30f,2024-05-08 06:52:24.254895+00:00,hu,mandiner.hu,mandiner.hu,2022-06-15,Játékos fizetés a környezetvédelemért,https://makronom.mandiner.hu/cikk/20220613_jatekos_fizetes_a_kornyezetvedelemert
dfff107b0687916f1c4f331911304e3cff02abbcc2fbc06c34bd2985dda92831,2024-05-08 05:25:39.815809+00:00,hu,veol.hu,veol.hu,2022-06-16,"Mi lesz a Balatonnal, ha pusztul a nádas",https://www.veol.hu/helyi-kozelet/2022/06/mi-lesz-a-balatonnal-ha-pusztul-a-nadas?utm_source=hirstart&utm_medium=referral&utm_campaign=hiraggregator
76bf6c947181fd10ec7dfe29108047e115042a55a311add455074558481c124d,2024-05-07 19:36:36.978919+00:00,hu,portfolio.hu,portfolio.hu,2022-06-22,Magyarország nem kér sivatagot!,https://www.portfolio.hu/uzlet/20220622/magyarorszag-nem-ker-sivatagot-megreformalnak-a-mezogazdasagi-tamogatasokat-a-termeszetvedok-552029
c48918a1e4a32a35273b00a3f8ef2ad53291b9d09d7bba08e1c2d905aea25259,2024-05-07 18:42:32.154366+00:00,hu,hirtv.hu,hirtv.hu,2022-06-22,A biológiai sokféleség védelmét sürgetik az Európai Bizottságnál a természetvédők,http://hirtv.hu/hirtvkulfold/a-biologiai-sokfeleseg-vedelmet-surgetik-az-europai-bizottsagnal-a-termeszetvedok-2547897?utm_source=feed&utm_medium=rss
ef24b7c21e580fbd90f70c7b7179227dd52a3ded2afe3c80cf48c246a14e935e,2024-05-07 17:07:22.226408+00:00,hu,origo.hu,origo.hu,2022-06-23,Helyet a természetnek!,https://www.origo.hu/tudomany/20220623-termeszetvedelem.html
7acd5d206fd672ea1514a3c06f12188707c9a9e0431f85316681207b3df7283d,2024-05-07 14:31:39.183063+00:00,hu,infostart.hu,infostart.hu,2022-06-25,"Még pár év, és néhány helyen már egyáltalán nem lehetne növényvédőzni",https://infostart.hu/gazdasag/2022/06/25/meg-par-ev-es-nehany-helyen-mar-egyaltalan-nem-lehetne-novenyvedozni
d494f184657ebe76884540d17946008fdb45f58c03f3807ce62b9e210102ffd3,2024-05-07 12:17:14.669673+00:00,hu,origo.hu,origo.hu,2022-06-27,Az európai édesvízi biodiverzitás védelmi prioritásai,https://www.origo.hu/tudomany/20220627-biodiverzitas.html
ced462c96dcc6fe9758f2d2b4dd5bb91fd3bd9160633143eae6752302aa421e3,2024-05-07 11:05:05.611624+00:00,hu,origo.hu,origo.hu,2022-06-28,"Győri Édes, Pilóta, Háztartási keksz: ennek a gyártói bejelentésnek sokan örülni fognak",https://www.origo.hu/gazdasag/20220628-magyarorszagon-boviti-tovabb-egy-amerikai-oriasceg-a-fenntarthato-buzatermesztesi-programjat.html
21d4ad6b14150df831ac28daa18b205ae93180584ba0b326c5432e4cfd0b5a6e,2024-05-07 11:03:51.980048+00:00,hu,hvg.hu,hvg.hu,2022-06-28,Minden európai keksz fenntartható búzából készül majd a Győri Édes gyártójánál,http://hvg.hu/kkv/20220628_gyori_keksz_buzatermesztes#rss
0cfeba8164f7e6f17aa0a69c58c448bc8c11114566ebf2adb156b33d389c667a,2024-05-07 08:52:50.330049+00:00,hu,infostart.hu,infostart.hu,2022-06-30,Magányos válságmenedzselésre készül az EU leendő cseh féléves elnöksége,https://infostart.hu/kulfold/2022/06/30/maganyos-valsagmenedzselesre-keszul-az-eu-leendo-cseh-feleves-elnoksege
1c4335ba3612121cc0d1c9219fcaf4cbfeff0152439f2c616a0bac4e175073b0,2024-05-06 18:53:35.773760+00:00,hu,infostart.hu,infostart.hu,2022-07-08,Schiffer András: van még egy háború – a globális tőkeérdekeltségek konfrontálódnak nemzetállamokkal,https://infostart.hu/interju/2022/07/08/schiffer-andras-van-meg-egy-haboru-a-globalis-tokeerdekeltsegek-konfrontalodnak-nemzetallamokkal
47f75063881646e0b5db82b1ebd4eb7dfc795047c2f579da77b0247ce4459a7f,2024-05-06 18:39:02.678054+00:00,hu,demokrata.hu,demokrata.hu,2022-07-08,Vízkrízis a gazdagok földjén,https://demokrata.hu/magyarorszag/vizkrizis-a-gazdagok-foldjen-553171/
399b2dd3d48d1af3290b6adc78579967af894fb8c297a92e762d05937c18eb9c,2024-05-06 16:37:43.774080+00:00,hu,index.hu,index.hu,2022-07-10,Pénzszűke miatt újratervezhetik a Fertő tavi beruházást,https://index.hu/belfold/2022/07/10/ferto-to-beruhazas-felfuggesztes-ujratervezes/
2a3de51fa55c5a91ac2de62e67cce1b7abc2d9b03848a19680d7bb6bda79cf34,2024-05-06 14:28:08.103022+00:00,hu,demokrata.hu,demokrata.hu,2022-07-11,ENSZ: a biodiverzitás védelme fontosabb a rövidtávú profitnál,https://demokrata.hu/vilag/ensz-a-biodiverzitas-vedelme-fontosabb-a-rovidtavu-profitnal-555441/
adcb93d96447c1885e8fecec196941836bf47583cfda38ed7966f50ba778c7f0,2024-05-06 13:56:29.060807+00:00,hu,index.hu,index.hu,2022-07-11,Az ENSZ szerint nem a rövidtávú gazdasági haszonszerzés a legfontosabb,https://index.hu/kulfold/2022/07/11/ensz-biodiverzitas-profit-fontossagi-sorrend-kornyezetvedelem-klimakonferencia/
8f5ec23fdb50d5271923416fff5edba313ad02122b37d0446ce51e2d70472521,2024-05-06 13:50:14.261811+00:00,hu,mandiner.hu,mandiner.hu,2022-07-11,"Természetvédők állítják: kiváltható az orosz gáz, de fel kell gyorsítani a zöld átmenetet az épületek energetikai felújításával",https://makronom.mandiner.hu/cikk/20220711_energia_orosz_gaz_zold_atmenet_mvtsz_kornyezetvedelem_rezsi
9a220a5b0a4ea71d3a2abe7bf75cc07f5a8092335fa0b2e90f1ff2b5abde1c96,2024-05-06 12:48:21.758252+00:00,hu,24.hu,24.hu,2022-07-12,A biodiverzitás fontosabb a rövidtávú profitnál,https://24.hu/tudomany/2022/07/12/ensz-biodiverzitas-profit-jelentes/
8147d6f83500d6809a6ddc6bbb3c7643799a101660dfe9328955010d941795b7,2024-05-06 12:42:40.937907+00:00,hu,hvg.hu,hvg.hu,2022-07-12,Az utolsó tisztán benzines: videón a jövő héten debütáló vadonatúj Honda Civic Type R,http://hvg.hu/cegauto/20220712_videon_a_jovo_heten_debutalo_vadonatuj_honda_civic_type_r#rss
dbb19d91c2789d3e2b798476ec8640ef1e8dd99b0c5c2715740b92647b89931a,2024-05-06 12:42:39.064469+00:00,hu,hvg.hu,hvg.hu,2022-07-12,"Friss ENSZ-jelentés: mindenki azt nézi, mi a jó neki ma, ezért lesz rosszabb holnap",http://hvg.hu/tudomany/20220712_ensz_ipbes_biodiverzitas_profit#rss
779dc68b289fe6a2060767fcbae9cbaa7be95b97c3a848fb0d5578c53d34dac9,2024-05-06 12:39:27.427004+00:00,hu,hvg.hu,hvg.hu,2022-07-12,"Megcsinálták az akkumulátort, ami extrém hidegben és melegben is használható",http://hvg.hu/tudomany/20220712_litium_ion_akkumulator_extrem_homerseklet#rss
1088492a3e038503601b01aa9cd96f6c1c5cec5f8fe5e1388fed5b15d3ffbc2d,2024-05-06 12:35:06.610077+00:00,hu,hvg.hu,hvg.hu,2022-07-12,Amerikában vény nélkül adná a fogamzásgátló tablettáját egy francia cég,http://hvg.hu/elet/20220712_fogamzasgatlo_tabletta_egyesult_allamok_szuletesszabalyozas#rss
c29cc8f1678d9ffac9e0a219d064cf5f90833f75b555d03492901939bed39241,2024-05-06 12:35:06.098032+00:00,hu,hvg.hu,hvg.hu,2022-07-12,Két hét múlva visszatér Róza mama: indul a Keresztanyu új évada,http://hvg.hu/kultura/20220712_Ket_het_mulva_indul_a_Keresztanyu_uj_evada#rss
ad9415def7905d6bd7ea562f7e132da9e37c6311b05893869c880467fa715be5,2024-05-06 12:15:03.699562+00:00,hu,hvg.hu,hvg.hu,2022-07-12,"Ha nem jön az orosz gáz, jön a német gázaukció",http://hvg.hu/gazdasag/20220712_nemetorszag_energia#rss
951414fbf3412b40425cba5d18a1509a4a5e8e58155a2b1d5747c831aa356dfe,2024-05-06 10:14:59.209471+00:00,hu,hvg.hu,hvg.hu,2022-07-12,Hollik István szerint a háborús helyzet miatt kellett gyorsan elfogadni az új katatörvényt,http://hvg.hu/gazdasag/20220712_hollik_istvan_katatorveny_katasok_kata#rss
9f1436bb102e2351cf2769e57623c7176e3526a06da086a32cf55e55e0586f58,2024-05-06 09:51:00.956594+00:00,hu,magyarnemzet.hu,magyarnemzet.hu,2022-07-13,Segítséget kapnak a haltermelők,https://magyarnemzet.hu/gazdasag/2022/07/segitseget-kapnak-a-haltermelok
77d9b0103ed95256b81a364ddc324346a98a0f94ba136ee9ceb0c5f6682a75d1,2024-05-06 09:48:33.435952+00:00,hu,hvg.hu,hvg.hu,2022-07-13,Feljelentettek egy tüntetőt hivatalos személy elleni erőszak miatt,http://hvg.hu/itthon/20220713_Feljelentettek_egy_tuntetot_hivatalos_szemely_elleni_eroszak_miatt#rss
dca3aceb269086a31348fbad2e8a277379fb3c7ea16ee5214a2e50f72e4e14bf,2024-05-06 09:43:25.195303+00:00,hu,hvg.hu,hvg.hu,2022-07-13,"Kata összefoglaló: Ilyen lesz a kivéreztetett adónem szeptembertől, ezt tehetik az ebből kiesők",http://hvg.hu/gazdasag/20220713_Kata_osszefoglalo_Ilyen_lesz_a_kivereztetett_adonem_szeptembertol_ezt_tehetik_az_ebbol_kiesok#rss
711e6ac709b3ca83ee8d19c742505826461ccd151dd77f326be261faf82c28a1,2024-05-06 09:26:58.199922+00:00,hu,hvg.hu,hvg.hu,2022-07-13,"Nem sokáig tudta az MNB megnyugtatni a piacokat, újra 410 forint egy euró és 409 egy dollár",http://hvg.hu/gazdasag/20220713_forint_euro_dollar_arfolyam#rss
b956c68e75032fa4fa73aab1c70fa264474b40dfb0ee4ca8b03caf76e03dd197,2024-05-06 09:21:38.678283+00:00,hu,hirtv.hu,hirtv.hu,2022-07-13,Segítséget kapnak a haltermelők,http://hirtv.hu/hirtv_gazdasagi_hirei/segitseget-kapnak-a-haltermelok-2549664?utm_source=feed&utm_medium=rss
a5ef3e4f5d7f601a0f0266f408e5a1befe2803b1d209a907d264707a14d8f315,2024-05-06 09:11:24.437293+00:00,hu,hvg.hu,hvg.hu,2022-07-13,Egy rendőrautó összeütközött a körúti villamossal,http://hvg.hu/cegauto/20220713_rendorauto_villamos_baleset_jozsef_korut#rss
89a8a1832a2ba4f26bb747de9b9b44434e5cbcae4f7a85435c7f0c3630592d39,2024-05-06 09:10:06.007890+00:00,hu,hvg.hu,hvg.hu,2022-07-13,Energia-veszélyhelyzetet hirdetett a kormány,http://hvg.hu/itthon/20220713_Kormanyinfo_07_13#rss
aef89c17af22c9e9b267a0503e56b9f3412f35866f2f02247f10511b115b73f1,2024-05-06 08:45:36.551954+00:00,hu,hvg.hu,hvg.hu,2022-07-13,Észak-Korea is elismerte a donyecki és a luhanszki „népköztársaságok” függetlenségét,http://hvg.hu/vilag/20220713_eszak_korea_ukrajna_nepkoztarsasag#rss
ab863229229100f217a64db98996d17a45df84476b48094c7cdfa3ec3ce9e480,2024-05-06 08:33:08.811099+00:00,hu,hvg.hu,hvg.hu,2022-07-13,Hogyan (ne) módosítsunk árat?,http://hvg.hu/hvgkonyvek/20220713_Hogyan_ne_modositsunk_arat#rss
62644313067a4b1b05a7012339b463a97b381359cd2d31680ecc558830d41f4d,2024-05-06 07:56:11.862364+00:00,hu,24.hu,24.hu,2022-07-14,Felemás itthon az édesvízi élőhelyek állapota,https://24.hu/tudomany/2022/07/14/biodiverzitas-magyarorszag-okologiai-kutatokozpont-edesvizi-biologiai-sokfeleseg/
313b6aabf9c68216e65b182f725e3444933674401b5de99492128976aa6c4a7e,2024-05-06 07:54:18.818268+00:00,hu,sonline.hu,sonline.hu,2022-07-14,"Magyarország elkötelezett az ökoszisztémák védelme, helyreállítása és a velük való fenntartható gazdálkodás mellett",https://www.sonline.hu/hazai-gazdasag/2022/07/magyarorszag-elkotelezett-az-okoszisztemak-vedelme-helyreallitasa-es-a-veluk-valo-fenntarthato-gazdalkodas-mellett?utm_source=hirstart&utm_medium=referral&utm_campaign=hiraggregator
59f68f213930075260daf2d2aed4e4a0d009dbce3c7b3e19fa86368837bf0d80,2024-05-06 07:53:54.504293+00:00,hu,boon.hu,boon.hu,2022-07-14,"Magyarország elkötelezett az ökoszisztémák védelme, helyreállítása és a velük való fenntartható gazdálkodás mellett",https://www.boon.hu/hazai-gazdasag/2022/07/magyarorszag-elkotelezett-az-okoszisztemak-vedelme-helyreallitasa-es-a-veluk-valo-fenntarthato-gazdalkodas-mellett?utm_source=hirstart&utm_medium=referral&utm_campaign=hiraggregator
3633275e44f57b44e631c34cc121e12d1cfc7e52f544de90ef3c297d709a879e,2024-05-06 07:53:51.550217+00:00,hu,teol.hu,teol.hu,2022-07-14,"Magyarország elkötelezett az ökoszisztémák védelme, helyreállítása és a velük való fenntartható gazdálkodás mellett",https://www.teol.hu/hazai-gazdasag/2022/07/magyarorszag-elkotelezett-az-okoszisztemak-vedelme-helyreallitasa-es-a-veluk-valo-fenntarthato-gazdalkodas-mellett?utm_source=hirstart&utm_medium=referral&utm_campaign=hiraggregator
7339a7f092da6b7cf3374a9df7420f5aa6a0f008312d0f12f0fdd87fb1526206,2024-05-06 07:53:51.233092+00:00,hu,bama.hu,bama.hu,2022-07-14,"Magyarország elkötelezett az ökoszisztémák védelme, helyreállítása és a velük való fenntartható gazdálkodás mellett",https://www.bama.hu/hazai-gazdasag/2022/07/magyarorszag-elkotelezett-az-okoszisztemak-vedelme-helyreallitasa-es-a-veluk-valo-fenntarthato-gazdalkodas-mellett?utm_source=hirstart&utm_medium=referral&utm_campaign=hiraggregator
edef516988225c850baa2c75f47e17b22afdc8213a06670215823a97d528b3d6,2024-05-06 07:53:48.175893+00:00,hu,feol.hu,feol.hu,2022-07-14,"Magyarország elkötelezett az ökoszisztémák védelme, helyreállítása és a velük való fenntartható gazdálkodás mellett",https://www.feol.hu/hazai-gazdasag/2022/07/magyarorszag-elkotelezett-az-okoszisztemak-vedelme-helyreallitasa-es-a-veluk-valo-fenntarthato-gazdalkodas-mellett?utm_source=hirstart&utm_medium=referral&utm_campaign=hiraggregator
cc569b20c6b2c67931d075457d96502a558d5aaeb31f74b6b67f77b40f831c85,2024-05-06 07:53:04.056923+00:00,hu,vaol.hu,vaol.hu,2022-07-14,"Magyarország elkötelezett az ökoszisztémák védelme, helyreállítása és a velük való fenntartható gazdálkodás mellett",https://www.vaol.hu/hazai-gazdasag/2022/07/magyarorszag-elkotelezett-az-okoszisztemak-vedelme-helyreallitasa-es-a-veluk-valo-fenntarthato-gazdalkodas-mellett?utm_source=hirstart&utm_medium=referral&utm_campaign=hiraggregator
b72223a0c7ca79c59b47a0060590b9c333a033196c73b06b32081bd6fa47c838,2024-05-06 07:52:44.084299+00:00,hu,kisalfold.hu,kisalfold.hu,2022-07-14,"Magyarország elkötelezett az ökoszisztémák védelme, helyreállítása és a velük való fenntartható gazdálkodás mellett",https://www.kisalfold.hu/hazai-gazdasag/2022/07/magyarorszag-elkotelezett-az-okoszisztemak-vedelme-helyreallitasa-es-a-veluk-valo-fenntarthato-gazdalkodas-mellett?utm_source=hirstart&utm_medium=referral&utm_campaign=hiraggregator
d1ccb54e173ca5d868b919f189c740b3145f4c6c6f364878eb7b56268a5cb66c,2024-05-06 07:52:42.598547+00:00,hu,haon.hu,haon.hu,2022-07-14,"Magyarország elkötelezett az ökoszisztémák védelme, helyreállítása és a velük való fenntartható gazdálkodás mellett",https://www.haon.hu/hazai-gazdasag/2022/07/magyarorszag-elkotelezett-az-okoszisztemak-vedelme-helyreallitasa-es-a-veluk-valo-fenntarthato-gazdalkodas-mellett?utm_source=hirstart&utm_medium=referral&utm_campaign=hiraggregator
cd5b58ddde4472387a7e278cc6e1c0237bfab8edb83c4925d7cce3a7e2e2ebd7,2024-05-06 07:52:30.645090+00:00,hu,szon.hu,szon.hu,2022-07-14,"Magyarország elkötelezett az ökoszisztémák védelme, helyreállítása és a velük való fenntartható gazdálkodás mellett",https://www.szon.hu/hazai-gazdasag/2022/07/magyarorszag-elkotelezett-az-okoszisztemak-vedelme-helyreallitasa-es-a-veluk-valo-fenntarthato-gazdalkodas-mellett?utm_source=hirstart&utm_medium=referral&utm_campaign=hiraggregator
32b953ad681806f22a0692ae6d29b5d75cabaa99e82320dacd4576d13d131665,2024-05-06 07:52:05.251737+00:00,hu,origo.hu,origo.hu,2022-07-14,Így őrizhetők meg az édesvízi halak és más élőlények a jővő generációknak,https://www.origo.hu/tudomany/20220714-atfogo-elemzes-keszult-az-europai-edesvizi-biodiverzitas-vedelmenek-legfontosabb-szempontjairol.html
93df938bc7c932dda17143064a1a137d1f7be8481717cf3d93fb59ac5f4e7ca1,2024-05-06 07:51:39.997142+00:00,hu,veol.hu,veol.hu,2022-07-14,"Magyarország elkötelezett az ökoszisztémák védelme, helyreállítása és a velük való fenntartható gazdálkodás mellett",https://www.veol.hu/hazai-gazdasag/2022/07/magyarorszag-elkotelezett-az-okoszisztemak-vedelme-helyreallitasa-es-a-veluk-valo-fenntarthato-gazdalkodas-mellett?utm_source=hirstart&utm_medium=referral&utm_campaign=hiraggregator
ca552a7b6c1ba14b0ee5447379e6c8ad1924957eb4fdafb9adfc735c111096ff,2024-05-06 07:51:28.438805+00:00,hu,heol.hu,heol.hu,2022-07-14,"Magyarország elkötelezett az ökoszisztémák védelme, helyreállítása és a velük való fenntartható gazdálkodás mellett",https://www.heol.hu/hazai-gazdasag/2022/07/magyarorszag-elkotelezett-az-okoszisztemak-vedelme-helyreallitasa-es-a-veluk-valo-fenntarthato-gazdalkodas-mellett?utm_source=hirstart&utm_medium=referral&utm_campaign=hiraggregator
0d9a7d8d8c902b875a8e2e0b90c64801fa72e8438998df68e4d99f1a57817966,2024-05-06 07:50:40.944918+00:00,hu,duol.hu,duol.hu,2022-07-14,"Magyarország elkötelezett az ökoszisztémák védelme, helyreállítása és a velük való fenntartható gazdálkodás mellett",https://www.duol.hu/hazai-gazdasag/2022/07/magyarorszag-elkotelezett-az-okoszisztemak-vedelme-helyreallitasa-es-a-veluk-valo-fenntarthato-gazdalkodas-mellett?utm_source=hirstart&utm_medium=referral&utm_campaign=hiraggregator
4122704431a150c0fbf87bf004307bf6a62623270a6bb9a07a39b02f9f98e7fb,2024-05-06 07:50:35.402024+00:00,hu,baon.hu,baon.hu,2022-07-14,"Magyarország elkötelezett az ökoszisztémák védelme, helyreállítása és a velük való fenntartható gazdálkodás mellett",https://www.baon.hu/hazai-gazdasag/2022/07/magyarorszag-elkotelezett-az-okoszisztemak-vedelme-helyreallitasa-es-a-veluk-valo-fenntarthato-gazdalkodas-mellett?utm_source=hirstart&utm_medium=referral&utm_campaign=hiraggregator
13edb3cd01aebd5affa575539482ee8be7380185005810a9c630601c87811609,2024-05-06 07:50:32.564460+00:00,hu,zaol.hu,zaol.hu,2022-07-14,"Magyarország elkötelezett az ökoszisztémák védelme, helyreállítása és a velük való fenntartható gazdálkodás mellett",https://www.zaol.hu/hazai-gazdasag/2022/07/magyarorszag-elkotelezett-az-okoszisztemak-vedelme-helyreallitasa-es-a-veluk-valo-fenntarthato-gazdalkodas-mellett?utm_source=hirstart&utm_medium=referral&utm_campaign=hiraggregator
c9ed0ed10a368cbe1deb915d9a689593a3ca2fd3d7f0452e96a2aaac04114d1f,2024-05-06 07:49:55.482072+00:00,hu,delmagyar.hu,delmagyar.hu,2022-07-14,"Magyarország elkötelezett az ökoszisztémák védelme, helyreállítása és a velük való fenntartható gazdálkodás mellett",https://www.delmagyar.hu/hazai-gazdasag/2022/07/magyarorszag-elkotelezett-az-okoszisztemak-vedelme-helyreallitasa-es-a-veluk-valo-fenntarthato-gazdalkodas-mellett?utm_source=hirstart&utm_medium=referral&utm_campaign=hiraggregator
f2fb5060b947409b278667fd47ba4effa5670d9a5f6eab6c22d61429eab5be49,2024-05-06 07:47:55.106468+00:00,hu,szoljon.hu,szoljon.hu,2022-07-14,"Magyarország elkötelezett az ökoszisztémák védelme, helyreállítása és a velük való fenntartható gazdálkodás mellett",https://www.szoljon.hu/hazai-gazdasag/2022/07/magyarorszag-elkotelezett-az-okoszisztemak-vedelme-helyreallitasa-es-a-veluk-valo-fenntarthato-gazdalkodas-mellett?utm_source=hirstart&utm_medium=referral&utm_campaign=hiraggregator
33e7503a79e708e47bbbe78cc475775d6395ba85355ad6aa69d16f10b1134760,2024-05-06 07:42:42.715513+00:00,hu,beol.hu,beol.hu,2022-07-14,"Magyarország elkötelezett az ökoszisztémák védelme, helyreállítása és a velük való fenntartható gazdálkodás mellett",https://www.beol.hu/hazai-gazdasag/2022/07/magyarorszag-elkotelezett-az-okoszisztemak-vedelme-helyreallitasa-es-a-veluk-valo-fenntarthato-gazdalkodas-mellett?utm_source=hirstart&utm_medium=referral&utm_campaign=hiraggregator
55628c590bcaca22268faa07a57a440681f7dcfc583447f4da77b8bf9e532cae,2024-05-05 21:10:54.396120+00:00,hu,index.hu,index.hu,2022-07-21,Kihaltnak nyilvánított gepárd hetven év után tér vissza Indiába,https://index.hu/kulfold/2022/07/21/azsiai-gepard-india-namibia/
01f0c3381580d3576953f762e0721dcb4bc135a8c1f6dd875e18a5187cc1033f,2024-05-05 16:39:33.873549+00:00,hu,24.hu,24.hu,2022-07-23,"Zöldebbé lehet tenni a legszennyezőbb közlekedési ágazatot, de azt még nem tudni, hogyan",https://24.hu/tudomany/2022/07/23/europai-bizottsag-connecting-europe-konferencia-repules-legikozlekedes-fenntarthatosag/
60a8fbc32d02ca40e5f33fa5c7d5db4e1c2664bfee4fcc7b8ad167c57f26f721,2024-05-05 14:48:02.475221+00:00,hu,24.hu,24.hu,2022-07-23,Többszáz milliárdos kárt okoz itthon az aszály,https://24.hu/tudomany/2022/07/23/aszaly-szarazsag-magyarorszag-hatasok-karok-pinke-zsolt/
ea6ce640781a49fd26d912505fe28eff2b8d66fb77d7f5902a146df820ff1ade,2024-05-05 10:59:11.381181+00:00,hu,azonnali.hu,azonnali.hu,2022-07-24,"Használjuk a Balatont, ahelyett, hogy együtt élnénk vele – és így vagyunk az egész világgal",https://azonnali.hu/cikk/20220724_hasznaljuk-a-balatont-ahelyett-hogy-egyutt-elnenk-vele-es-igy-vagyunk-az-egesz-vilaggal
b5fe57336569e269d6b5f09eb02e4eada2d98da5c8c94b800dc411a8c8d5d06d,2024-05-05 00:11:39.810261+00:00,hu,24.hu,24.hu,2022-07-28,Mától 156 napig csak kölcsönben miénk a Föld,https://24.hu/tudomany/2022/07/28/ma-van-a-globalis-tulloves-napja-156-napig-kolcsonben-mienk-a-fold/
b94bdcbeade91d5aa3ef81ebcbf8551579eadb5fbbd165d1b7722389c36d4431,2024-05-04 10:45:02.145975+00:00,hu,hvg.hu,hvg.hu,2022-08-03,"Elment a tudós, aki felvetette: a járvány talán a Föld kísérlete, hogy megvédje magát az embertől",http://hvg.hu/elet/20220803_James_Lovelock_Gaia_elmelet#rss
856878d5d393dd71e238b8ee02258894df3e119da9c642c6395046855f01d560,2024-05-04 10:38:15.522012+00:00,hu,portfolio.hu,portfolio.hu,2022-08-03,"Aszályhelyzet: azonnali lépések kellenek, Magyarország a legrosszabb helyzetűek között",https://www.portfolio.hu/gazdasag/20220803/aszalyhelyzet-azonnali-lepesek-kellenek-magyarorszag-a-legrosszabb-helyzetuek-kozott-559419
a62719ef6b44f4e5514d95c9c0537fa4d41170ff632a80d92261be3c3f7c4440,2024-05-04 10:38:14.548155+00:00,hu,demokrata.hu,demokrata.hu,2022-08-03,Azonnali megoldást követel az aszályhelyzet Európában,https://demokrata.hu/tudomany/azonnali-megoldast-kovetel-az-aszalyhelyzet-europaban-563464/
6dbeaacfac65dfa65d6f5b3ee5be2234ca8e162274f48038b990165c23f41850,2024-05-04 10:36:47.509499+00:00,hu,magyarnemzet.hu,magyarnemzet.hu,2022-08-03,Aszály elleni megoldásai javaslatokkal álltak elő kutatók,https://magyarnemzet.hu/gazdasag/2022/08/aszaly-elleni-megoldasai-javaslatokkal-alltak-elo-kutatok
9f9fdf810e367a90cee61ffbf349e77d1dcbf44867d47048d4b9f21c9333451a,2024-05-04 10:34:46.263923+00:00,hu,magyarnemzet.hu,magyarnemzet.hu,2022-08-03,Aszály elleni megoldási javaslatokkal álltak elő kutatók,https://magyarnemzet.hu/gazdasag/2022/08/aszaly-elleni-megoldasi-javaslatokkal-alltak-elo-kutatok?utm_source=hirstart&utm_medium=referral&utm_campaign=hiraggregator
3b40e452a3607d2ee9eddd3223f2dc10aa06d668cd98f9bb777129725020ff31,2024-05-04 10:18:04.930830+00:00,hu,zaol.hu,zaol.hu,2022-08-03,Sokkoló aszálytérképet készítettek az ELTE kutatói,https://www.zaol.hu/egyperces/2022/08/sokkolo-aszalyterkepet-keszitettek-az-elte-kutatoi?utm_source=hirstart&utm_medium=referral&utm_campaign=hiraggregator
d49ff2c01818f673592118771cdd11286a5e1f0d0798b9939cd2ebc500dce8a6,2024-05-04 10:18:01.330525+00:00,hu,teol.hu,teol.hu,2022-08-03,Sokkoló aszálytérképet készítettek az ELTE kutatói,https://www.teol.hu/egyperces/2022/08/sokkolo-aszalyterkepet-keszitettek-az-elte-kutatoi?utm_source=hirstart&utm_medium=referral&utm_campaign=hiraggregator
163230469566e3b276162cfbd575d781adf43c4d38bb7d6adbff2e27b5b2b51d,2024-05-04 10:17:10.794219+00:00,hu,bama.hu,bama.hu,2022-08-03,Sokkoló aszálytérképet készítettek az ELTE kutatói,https://www.bama.hu/egyperces/2022/08/sokkolo-aszalyterkepet-keszitettek-az-elte-kutatoi?utm_source=hirstart&utm_medium=referral&utm_campaign=hiraggregator
58c6d007c1dbb544e5a786923a46914994d1b946d3840a7f32b968d35f7e6e2c,2024-05-04 10:16:49.518683+00:00,hu,delmagyar.hu,delmagyar.hu,2022-08-03,Sokkoló aszálytérképet készítettek az ELTE kutatói,https://www.delmagyar.hu/egyperces/2022/08/sokkolo-aszalyterkepet-keszitettek-az-elte-kutatoi?utm_source=hirstart&utm_medium=referral&utm_campaign=hiraggregator
8e67f78a0f64db9b255dde6b61c8608027b278eb3e1cb4ab76b1157bd4a5e8c6,2024-05-04 10:15:54.763349+00:00,hu,heol.hu,heol.hu,2022-08-03,Sokkoló aszálytérképet készítettek az ELTE kutatói,https://www.heol.hu/egyperces/2022/08/sokkolo-aszalyterkepet-keszitettek-az-elte-kutatoi?utm_source=hirstart&utm_medium=referral&utm_campaign=hiraggregator
8fa2a6b6e6b0f2072528f8a1fc1152e15779dc8ce5585ee458cc1c7ca5e40c63,2024-05-04 10:15:50.269508+00:00,hu,duol.hu,duol.hu,2022-08-03,Sokkoló aszálytérképet készítettek az ELTE kutatói,https://www.duol.hu/egyperces/2022/08/sokkolo-aszalyterkepet-keszitettek-az-elte-kutatoi?utm_source=hirstart&utm_medium=referral&utm_campaign=hiraggregator
b91cf709e8ad4208bccad93b7ed90e671a3d0d0b316d876d15743285746f7f01,2024-05-04 10:15:50.253403+00:00,hu,beol.hu,beol.hu,2022-08-03,Sokkoló aszálytérképet készítettek az ELTE kutatói,https://www.beol.hu/egyperces/2022/08/sokkolo-aszalyterkepet-keszitettek-az-elte-kutatoi?utm_source=hirstart&utm_medium=referral&utm_campaign=hiraggregator
b38d3e440b39dd016892af9dc390f9515d0947baa2224c409c36b75e4e8f8368,2024-05-04 10:15:45.040948+00:00,hu,baon.hu,baon.hu,2022-08-03,Sokkoló aszálytérképet készítettek az ELTE kutatói,https://www.baon.hu/egyperces/2022/08/sokkolo-aszalyterkepet-keszitettek-az-elte-kutatoi?utm_source=hirstart&utm_medium=referral&utm_campaign=hiraggregator
372cbcfeaba92b8538890a4565e890d50566e1b1af9113753cd4eabb409435d6,2024-05-04 10:15:42.494185+00:00,hu,szoljon.hu,szoljon.hu,2022-08-03,Sokkoló aszálytérképet készítettek az ELTE kutatói,https://www.szoljon.hu/egyperces/2022/08/sokkolo-aszalyterkepet-keszitettek-az-elte-kutatoi?utm_source=hirstart&utm_medium=referral&utm_campaign=hiraggregator
1c403c32834a9898b356169c0a4ce19fde6baca1bc77b8d27e8addbd557f95a4,2024-05-04 10:15:31.972219+00:00,hu,kisalfold.hu,kisalfold.hu,2022-08-03,Sokkoló aszálytérképet készítettek az ELTE kutatói,https://www.kisalfold.hu/egyperces/2022/08/sokkolo-aszalyterkepet-keszitettek-az-elte-kutatoi?utm_source=hirstart&utm_medium=referral&utm_campaign=hiraggregator
7225049fc7327a8a171144116b8e9367b20a9f86538635214b006e45913701e5,2024-05-04 10:15:19.564014+00:00,hu,vaol.hu,vaol.hu,2022-08-03,Sokkoló aszálytérképet készítettek az ELTE kutatói,https://www.vaol.hu/egyperces/2022/08/sokkolo-aszalyterkepet-keszitettek-az-elte-kutatoi?utm_source=hirstart&utm_medium=referral&utm_campaign=hiraggregator
93167ddb2419ce005b3ab5dac7286f3603ba4be729919c686db2813f39da17f6,2024-05-04 10:15:13.847954+00:00,hu,boon.hu,boon.hu,2022-08-03,Sokkoló aszálytérképet készítettek az ELTE kutatói,https://www.boon.hu/egyperces/2022/08/sokkolo-aszalyterkepet-keszitettek-az-elte-kutatoi?utm_source=hirstart&utm_medium=referral&utm_campaign=hiraggregator
dd87aa792f366886035813002e2f6420f9433c09ee443652b19e4dcdcf41cb5e,2024-05-04 10:15:07.712721+00:00,hu,sonline.hu,sonline.hu,2022-08-03,Sokkoló aszálytérképet készítettek az ELTE kutatói,https://www.sonline.hu/egyperces/2022/08/sokkolo-aszalyterkepet-keszitettek-az-elte-kutatoi?utm_source=hirstart&utm_medium=referral&utm_campaign=hiraggregator
af9fe84a3c5331178387f25f8c07b0342c96ae253b947b49d4f8c7bd5463ed2f,2024-05-04 10:15:06.981690+00:00,hu,feol.hu,feol.hu,2022-08-03,Sokkoló aszálytérképet készítettek az ELTE kutatói,https://www.feol.hu/egyperces/2022/08/sokkolo-aszalyterkepet-keszitettek-az-elte-kutatoi?utm_source=hirstart&utm_medium=referral&utm_campaign=hiraggregator
e7dd4af08c4aa38b2fa01403c2bc420ae0631f5d20499e883d2b7d7ee29a93f7,2024-05-04 10:15:03.501263+00:00,hu,szon.hu,szon.hu,2022-08-03,Sokkoló aszálytérképet készítettek az ELTE kutatói,https://www.szon.hu/egyperces/2022/08/sokkolo-aszalyterkepet-keszitettek-az-elte-kutatoi?utm_source=hirstart&utm_medium=referral&utm_campaign=hiraggregator
870089b0b05a08ec1a619202fa869de3ac9fd4e6c1c038669bd54167a53fcaa8,2024-05-04 10:14:12.571215+00:00,hu,veol.hu,veol.hu,2022-08-03,Sokkoló aszálytérképet készítettek az ELTE kutatói,https://www.veol.hu/egyperces/2022/08/sokkolo-aszalyterkepet-keszitettek-az-elte-kutatoi?utm_source=hirstart&utm_medium=referral&utm_campaign=hiraggregator
7a43e06f801c0b28d15e4e88b23146b9aa005e75690ea411aa3ede7795a99cea,2024-05-04 10:08:55.671303+00:00,hu,haon.hu,haon.hu,2022-08-03,Sokkoló aszálytérképet készítettek az ELTE kutatói,https://www.haon.hu/egyperces/2022/08/sokkolo-aszalyterkepet-keszitettek-az-elte-kutatoi?utm_source=hirstart&utm_medium=referral&utm_campaign=hiraggregator
01921b245c25f1f610f1ea5629a19b2bae9bb1901302d1ee677e0145dd2a752b,2024-05-04 08:19:16.342708+00:00,hu,portfolio.hu,portfolio.hu,2022-08-05,"Brutális fakitermelés kezdődhet Magyarországon, aminek nagy ára lesz",https://www.portfolio.hu/gazdasag/20220805/brutalis-fakitermeles-kezdodhet-magyarorszagon-aminek-nagy-ara-lesz-559729
690581d2473edb40f089719d24d554fe986f83f7a1b17e2adaa1c666f07dc78a,2024-05-04 07:58:41.154247+00:00,hu,kisalfold.hu,kisalfold.hu,2022-08-05,Hidat építenek a határ menti programok,https://www.kisalfold.hu/pr/2022/08/hidat-epitenek-a-hatar-menti-programok?utm_source=hirstart&utm_medium=referral&utm_campaign=hiraggregator
dfaa4668a2ed711929c4fdf213d21bcd782f69e9366cc60dee0a43e32be5a28a,2024-05-04 07:37:23.255335+00:00,hu,hvg.hu,hvg.hu,2022-08-05,"Elkészítették Európa aszálytérképét, sokkoló Magyarország helyzete az ELTE kutatói szerint",http://hvg.hu/tudomany/20220805_aszalyhelyzet_europaban_megoldas_elte#rss
104b10114c3871a01622154fc189a0bba5962e3754aa05458edf50d818d5ed33,2024-05-04 05:11:36.594158+00:00,hu,hvg.hu,hvg.hu,2022-08-08,"A termőtalajaink is kiszáradnak, pedig van módszer, amivel ez visszafordítható",http://hvg.hu/gazdasag.zhvg/20220808_klimavaltozas_aszaly_termotalaj_nedvesseg_talajvizutanpotlas_vizvisszatartas#rss
6973338fa1fc8908bd001723a695ea59619933df317c33c27d2575b233010091,2024-05-04 04:48:17.699041+00:00,hu,hvg.hu,hvg.hu,2022-08-08,"Látogatóba mentünk egy sztártehénhez és megtudtuk, hogyan járhatna kisebb környezeti kárral a tejtermelés",http://hvg.hu/kkv/20220808_karbonsemleges_tej_bretagne_bretonne_pie_noir#rss
55b48bac779874b4bd435ede6330be39af2326940f5b9ceb8136c5976fd5a753,2024-05-04 01:16:10.232351+00:00,hu,magyarnemzet.hu,magyarnemzet.hu,2022-08-11,Érzelmek helyett tények: az erdészek nem terveznek erdőirtást,https://magyarnemzet.hu/belfold/2022/08/erzelmek-helyett-tenyek-az-erdeszek-nem-terveznek-erdoirtast
cce3aea48992846dbbd57850c9ea069c05b809ad38adcc758cc944da09b46f83,2024-05-04 01:02:45.470910+00:00,hu,24.hu,24.hu,2022-08-11,"Egyre fogy a időnk, egyre sürgetőbb a változás, de ha gyökeresen átalakítjuk az emberi kultúrát, fennmaradhatunk""",https://24.hu/belfold/2022/08/11/takacs-santa-andras-klimavaltozas-globalis-krizis-vita-interju/
78077c046cf5163c665bb0c21359cb1d54305326024fb80127a7f2e521c08436,2024-05-03 17:33:18.478777+00:00,hu,demokrata.hu,demokrata.hu,2022-08-17,A felmelegedés Földközi-tengerre gyakorolt hatásaira figyelmeztetnek a tudósok,https://demokrata.hu/tudomany/a-felmelegedes-foldkozi-tengerre-gyakorolt-hatasaira-figyelmeztetnek-a-tudosok-568727/
22a7e0b5c045203224c54ee66917bf5f2b76bfb0b616d6250c4773710375b596,2024-05-03 17:29:43.864122+00:00,hu,portfolio.hu,portfolio.hu,2022-08-17,A tengeri fajok tömeges puszulása forog kockán,https://www.portfolio.hu/uzlet/20220817/a-tengeri-fajok-tomeges-puszulasa-forog-kockan-ezt-okozzak-a-foldkozi-tenger-tersegeben-levo-hohullamok-561715
774ae443d2a3cec2f8ccabba6821a83583853497c10c1f467a7d9f5aafc11fa3,2024-05-03 17:24:19.243976+00:00,hu,magyarnemzet.hu,magyarnemzet.hu,2022-08-17,Súlyos hatásokat gyakorolhat a felmelegedés Földközi-tengerre,https://magyarnemzet.hu/mozaik/2022/08/sulyos-hatasokat-gyakorolhat-a-felmelegedes-foldkozi-tengerre
3c36093d691c52a180991cc8da8e1975c3d7bd7e636cd7c71728585ad883e5bf,2024-05-03 17:18:57.956813+00:00,hu,24.hu,24.hu,2022-08-17,Pusztítanak a hőhullámok a Földközi-tengerben,https://24.hu/tudomany/2022/08/17/foldkozi-tenger-hohullamok-kihalas-melegedes/
744efb275f5a172bb2f5964cd3f9c2088bd54e6241127b9133d7d97e57a17c41,2024-05-03 17:06:37.158371+00:00,hu,index.hu,index.hu,2022-08-17,Ismét tüntetnek a fakivágás ellen,https://index.hu/belfold/2022/08/17/energia-veszelyhelyzet-tuntetes-fakivagas-tuzifa-rezsi-fakitermeles/
22f26a7ee8d7aa373a44e3a443d747f38caac39ed888e2432cdda2f201e80879,2024-05-03 16:39:49.272768+00:00,hu,hvg.hu,hvg.hu,2022-08-17,"Egymást érik a hőhullámok a Földközi-tengeren, súlyos következményei lehetnek",http://hvg.hu/tudomany/20220817_foldkozi_tenger_globalis_felmelegedes_klimavaltozas#rss
3801be7c3039840c6abf2c4d46eca52f1adeea1a102dfef03a8febfd79458cbe,2024-05-03 16:01:21.281925+00:00,hu,index.hu,index.hu,2022-08-18,Valósággal felforr a Földközi-tenger ebben a hőségben,https://index.hu/tudomany/2022/08/18/globalis-felmelegedes-klimavaltozas-foldkozi-tenger-eghajlat-homerseklet-idojaras-hohullam/
0cf9f188ef9bb249c4e816b46990bb5adda32fb2b95afc37a1ad0bc54bd00138,2024-05-03 15:55:26.372646+00:00,hu,origo.hu,origo.hu,2022-08-18,A kontinensek mozgása alakította az óceánok élővilágát,https://www.origo.hu/tudomany/20220818-a-kontinensek-mozgasa-alakitotta-az-elovilag-fejlodeset-az-oceanok-melyen.html
287759e3cc70c52fe519d794d22f82197312f356dfb7f1c70f607395fb4699f0,2024-05-03 15:29:00.499420+00:00,hu,hvg.hu,hvg.hu,2022-08-18,"540 millió évet modelleztek le a tudósok, meglepő eredmény született az óceánokról",http://hvg.hu/tudomany/20220818_ocean_elet_fold_elet_fejlodese_oxigen_kontinensek_mozgasa#rss
e6f70d79eca13c2f5f1d306b8046780aec9fbefdb40852cc0373fc64dbfeade7,2024-05-03 15:22:38.147949+00:00,hu,vg.hu,vg.hu,2024-05-03,"Az állatvédelem a fogyasztóknak csak a statisztikában fontos, a pénztárnál már nem",https://www.vg.hu/agrar/2024/05/allatvedelem-feldman-allattenyesztes?utm_source=hirstart&utm_medium=referral&utm_campaign=hiraggregator
5d0cf7e597d292e26da7113653e6d72c221a4cc4d573d10a55c0c74da187c56e,2024-05-03 14:29:08.078770+00:00,hu,merce.hu,merce.hu,2022-08-19,A tűzifa-rendelet lassítja az energiaátmenetet és csapdába zárja az energiaszegényeket « Mérce,https://merce.hu/2022/08/19/a-tuzifa-rendelet-lassitja-az-energiaatmenetet-es-csapdaba-zarja-az-energiaszegenyeket/
329fe7ada2053ed92f566f98b00d6a8a1b33421b114bef6702d30380a34f099e,2024-05-03 13:20:15.376433+00:00,hu,teol.hu,teol.hu,2022-08-20,Veszélyben a Földközi-tenger élővilága a hőhullámok miatt,https://www.teol.hu/egyperces/2022/08/veszelyben-a-foldkozi-tenger-elovilaga-a-hohullamok-miatt?utm_source=hirstart&utm_medium=referral&utm_campaign=hiraggregator
73ac60dbdd95654f7fa777245dd60dda12e75f34945b995fd4f3090e325ef6aa,2024-05-03 13:20:04.784306+00:00,hu,heol.hu,heol.hu,2022-08-20,Veszélyben a Földközi-tenger élővilága a hőhullámok miatt,https://www.heol.hu/egyperces/2022/08/veszelyben-a-foldkozi-tenger-elovilaga-a-hohullamok-miatt?utm_source=hirstart&utm_medium=referral&utm_campaign=hiraggregator
bb81aa0df39d1d93c02b34cfe41edde98195b45a09b947b0a9d0596bdf45f0d4,2024-05-03 13:20:01.179783+00:00,hu,beol.hu,beol.hu,2022-08-20,Veszélyben a Földközi-tenger élővilága a hőhullámok miatt,https://www.beol.hu/egyperces/2022/08/veszelyben-a-foldkozi-tenger-elovilaga-a-hohullamok-miatt?utm_source=hirstart&utm_medium=referral&utm_campaign=hiraggregator
6cde6c3a10e27ac8db3dcb067a233a5c31c751fd3c6abea595b990d531f4a5fe,2024-05-03 13:20:01.150557+00:00,hu,duol.hu,duol.hu,2022-08-20,Veszélyben a Földközi-tenger élővilága a hőhullámok miatt,https://www.duol.hu/egyperces/2022/08/veszelyben-a-foldkozi-tenger-elovilaga-a-hohullamok-miatt?utm_source=hirstart&utm_medium=referral&utm_campaign=hiraggregator
56ceb1f3b0db38911561cbffede9db2c376d04912a57b38158b0a7f626065009,2024-05-03 13:19:57.383457+00:00,hu,baon.hu,baon.hu,2022-08-20,Veszélyben a Földközi-tenger élővilága a hőhullámok miatt,https://www.baon.hu/egyperces/2022/08/veszelyben-a-foldkozi-tenger-elovilaga-a-hohullamok-miatt?utm_source=hirstart&utm_medium=referral&utm_campaign=hiraggregator
3fb2806d478699c31bc5a9f8a20e6c2ffe8e87cb7f74cfdd9d980d972afb605b,2024-05-03 13:19:56.254511+00:00,hu,szoljon.hu,szoljon.hu,2022-08-20,Veszélyben a Földközi-tenger élővilága a hőhullámok miatt,https://www.szoljon.hu/egyperces/2022/08/veszelyben-a-foldkozi-tenger-elovilaga-a-hohullamok-miatt?utm_source=hirstart&utm_medium=referral&utm_campaign=hiraggregator
79dfd506c59ca90debd0e96c71cd117881d91168286134f9e14baa14923b7400,2024-05-03 13:19:56.100932+00:00,hu,zaol.hu,zaol.hu,2022-08-20,Veszélyben a Földközi-tenger élővilága a hőhullámok miatt,https://www.zaol.hu/egyperces/2022/08/veszelyben-a-foldkozi-tenger-elovilaga-a-hohullamok-miatt?utm_source=hirstart&utm_medium=referral&utm_campaign=hiraggregator
17951247f17615d4dc1c1ddd287a6a8f4c8615e60cbf0fc45523311e727debe2,2024-05-03 13:19:49.998374+00:00,hu,haon.hu,haon.hu,2022-08-20,Veszélyben a Földközi-tenger élővilága a hőhullámok miatt,https://www.haon.hu/egyperces/2022/08/veszelyben-a-foldkozi-tenger-elovilaga-a-hohullamok-miatt?utm_source=hirstart&utm_medium=referral&utm_campaign=hiraggregator
c6ac0a8e2e004624edd1dd4211d2d5c8a72c63c42b87421dfc7e056c1dd7fb00,2024-05-03 13:19:49.959600+00:00,hu,kisalfold.hu,kisalfold.hu,2022-08-20,Veszélyben a Földközi-tenger élővilága a hőhullámok miatt,https://www.kisalfold.hu/egyperces/2022/08/veszelyben-a-foldkozi-tenger-elovilaga-a-hohullamok-miatt?utm_source=hirstart&utm_medium=referral&utm_campaign=hiraggregator
4f0e43b49a3406fa7f3ac6eb16b667b65a43ef36c8dfe66738ef16af4af199a2,2024-05-03 13:19:40.575332+00:00,hu,vaol.hu,vaol.hu,2022-08-20,Veszélyben a Földközi-tenger élővilága a hőhullámok miatt,https://www.vaol.hu/egyperces/2022/08/veszelyben-a-foldkozi-tenger-elovilaga-a-hohullamok-miatt?utm_source=hirstart&utm_medium=referral&utm_campaign=hiraggregator
dad7ca4150ddc755b93b9a6b66b93b33e89e80044e35e565b86e65e153b580cf,2024-05-03 13:19:25.864639+00:00,hu,veol.hu,veol.hu,2022-08-20,Veszélyben a Földközi-tenger élővilága a hőhullámok miatt,https://www.veol.hu/egyperces/2022/08/veszelyben-a-foldkozi-tenger-elovilaga-a-hohullamok-miatt?utm_source=hirstart&utm_medium=referral&utm_campaign=hiraggregator
93c7ef275522b4cd99a5aac93f9519c9de5bd2cf411fee1db16b1418f72d5f3e,2024-05-03 13:19:25.739849+00:00,hu,sonline.hu,sonline.hu,2022-08-20,Veszélyben a Földközi-tenger élővilága a hőhullámok miatt,https://www.sonline.hu/egyperces/2022/08/veszelyben-a-foldkozi-tenger-elovilaga-a-hohullamok-miatt?utm_source=hirstart&utm_medium=referral&utm_campaign=hiraggregator
13faabb63a8def38affc3c76744a662f340b208887ee3e294f525d86dcd56199,2024-05-03 13:19:15.397668+00:00,hu,boon.hu,boon.hu,2022-08-20,Veszélyben a Földközi-tenger élővilága a hőhullámok miatt,https://www.boon.hu/egyperces/2022/08/veszelyben-a-foldkozi-tenger-elovilaga-a-hohullamok-miatt?utm_source=hirstart&utm_medium=referral&utm_campaign=hiraggregator
7c6d95de23b191c44f9dc38a5a8ecf05b504522c725b46733c40293fc094e39e,2024-05-03 13:19:15.238325+00:00,hu,bama.hu,bama.hu,2022-08-20,Veszélyben a Földközi-tenger élővilága a hőhullámok miatt,https://www.bama.hu/egyperces/2022/08/veszelyben-a-foldkozi-tenger-elovilaga-a-hohullamok-miatt?utm_source=hirstart&utm_medium=referral&utm_campaign=hiraggregator
057c7ad07a8d486e17da1706acfe9e965bf14e29dcaac7e28e64a38be2c3ec22,2024-05-03 13:19:12.718232+00:00,hu,feol.hu,feol.hu,2022-08-20,Veszélyben a Földközi-tenger élővilága a hőhullámok miatt,https://www.feol.hu/egyperces/2022/08/veszelyben-a-foldkozi-tenger-elovilaga-a-hohullamok-miatt?utm_source=hirstart&utm_medium=referral&utm_campaign=hiraggregator
74c20b558d81b64d4bb523d95665128f6bb021a95d45d34f786f9430230fc6e3,2024-05-03 13:19:11.287491+00:00,hu,szon.hu,szon.hu,2022-08-20,Veszélyben a Földközi-tenger élővilága a hőhullámok miatt,https://www.szon.hu/egyperces/2022/08/veszelyben-a-foldkozi-tenger-elovilaga-a-hohullamok-miatt?utm_source=hirstart&utm_medium=referral&utm_campaign=hiraggregator
e5650c768ebab8a9c7a6b8989ab6e82ed5c28b17a1cf9ba5202347daf0f0d5ff,2024-05-03 13:18:31.300099+00:00,hu,delmagyar.hu,delmagyar.hu,2022-08-20,Veszélyben a Földközi-tenger élővilága a hőhullámok miatt,https://www.delmagyar.hu/egyperces/2022/08/veszelyben-a-foldkozi-tenger-elovilaga-a-hohullamok-miatt?utm_source=hirstart&utm_medium=referral&utm_campaign=hiraggregator
c81a84c861f8b6aef0e369b76db5f564b9e1c51af360afc767bbeacc116411ab,2024-05-03 12:24:37.184257+00:00,hu,teol.hu,teol.hu,2022-08-21,A kontinensek mozgása alakította az élővilág fejlődését az óceánok mélyén,https://www.teol.hu/egyperces/2022/08/a-kontinensek-mozgasa-alakitotta-az-elovilag-fejlodeset-az-oceanok-melyen?utm_source=hirstart&utm_medium=referral&utm_campaign=hiraggregator
2f6ce4e31c233a71751d6dd85d393b989a0ffb429d30876326f1959973ff5c9d,2024-05-03 12:24:25.990167+00:00,hu,heol.hu,heol.hu,2022-08-21,A kontinensek mozgása alakította az élővilág fejlődését az óceánok mélyén,https://www.heol.hu/egyperces/2022/08/a-kontinensek-mozgasa-alakitotta-az-elovilag-fejlodeset-az-oceanok-melyen?utm_source=hirstart&utm_medium=referral&utm_campaign=hiraggregator
8aa30c273bc6ff691f3d38278cc6b51060a6542382040d3eb653d1bc6a3a30e0,2024-05-03 12:24:22.424281+00:00,hu,beol.hu,beol.hu,2022-08-21,A kontinensek mozgása alakította az élővilág fejlődését az óceánok mélyén,https://www.beol.hu/egyperces/2022/08/a-kontinensek-mozgasa-alakitotta-az-elovilag-fejlodeset-az-oceanok-melyen?utm_source=hirstart&utm_medium=referral&utm_campaign=hiraggregator
863000383f66a927a9556a985f0daf8226a190bbd7636520d9a72e860b1441c5,2024-05-03 12:24:22.159773+00:00,hu,duol.hu,duol.hu,2022-08-21,A kontinensek mozgása alakította az élővilág fejlődését az óceánok mélyén,https://www.duol.hu/egyperces/2022/08/a-kontinensek-mozgasa-alakitotta-az-elovilag-fejlodeset-az-oceanok-melyen?utm_source=hirstart&utm_medium=referral&utm_campaign=hiraggregator
ee3b0633a4f003f05c04aa901edfcb50fd8450d1c66dd9f067cfbede6a8a4fb7,2024-05-03 12:24:18.569772+00:00,hu,baon.hu,baon.hu,2022-08-21,A kontinensek mozgása alakította az élővilág fejlődését az óceánok mélyén,https://www.baon.hu/egyperces/2022/08/a-kontinensek-mozgasa-alakitotta-az-elovilag-fejlodeset-az-oceanok-melyen?utm_source=hirstart&utm_medium=referral&utm_campaign=hiraggregator
39bdfcfbcd53f9b2f414892be4ef838af70c1d7600c786d62625e9f3e5ab5a1f,2024-05-03 12:23:47.075923+00:00,hu,kisalfold.hu,kisalfold.hu,2022-08-21,A kontinensek mozgása alakította az élővilág fejlődését az óceánok mélyén,https://www.kisalfold.hu/egyperces/2022/08/a-kontinensek-mozgasa-alakitotta-az-elovilag-fejlodeset-az-oceanok-melyen?utm_source=hirstart&utm_medium=referral&utm_campaign=hiraggregator
cef241a3ca80dced0384497f37f3a1af2f77779cf19b50c0412221487d3ecb0b,2024-05-03 12:23:46.710756+00:00,hu,haon.hu,haon.hu,2022-08-21,A kontinensek mozgása alakította az élővilág fejlődését az óceánok mélyén,https://www.haon.hu/egyperces/2022/08/a-kontinensek-mozgasa-alakitotta-az-elovilag-fejlodeset-az-oceanok-melyen?utm_source=hirstart&utm_medium=referral&utm_campaign=hiraggregator
4a1406ed48f8540381fa72d075350878c2b0bff3fa1b3ebfe4217539ebd4f041,2024-05-03 12:23:42.831046+00:00,hu,bama.hu,bama.hu,2022-08-21,A kontinensek mozgása alakította az élővilág fejlődését az óceánok mélyén,https://www.bama.hu/egyperces/2022/08/a-kontinensek-mozgasa-alakitotta-az-elovilag-fejlodeset-az-oceanok-melyen?utm_source=hirstart&utm_medium=referral&utm_campaign=hiraggregator
60a163f7802ab9ca609da44b406bb0f2b77ce2b73f2c95bf61ea126051a1e435,2024-05-03 12:23:27.437574+00:00,hu,vaol.hu,vaol.hu,2022-08-21,A kontinensek mozgása alakította az élővilág fejlődését az óceánok mélyén,https://www.vaol.hu/egyperces/2022/08/a-kontinensek-mozgasa-alakitotta-az-elovilag-fejlodeset-az-oceanok-melyen?utm_source=hirstart&utm_medium=referral&utm_campaign=hiraggregator
76529a5cbe7c6d12dab42b0805871642286b32b2aa28bca3e021df5271406760,2024-05-03 12:23:11.314797+00:00,hu,veol.hu,veol.hu,2022-08-21,A kontinensek mozgása alakította az élővilág fejlődését az óceánok mélyén,https://www.veol.hu/egyperces/2022/08/a-kontinensek-mozgasa-alakitotta-az-elovilag-fejlodeset-az-oceanok-melyen?utm_source=hirstart&utm_medium=referral&utm_campaign=hiraggregator
ec9ba2589697942e53e2e1e511fe4973f0e139a19e575d7a9c10cffd869a8452,2024-05-03 12:23:10.047155+00:00,hu,sonline.hu,sonline.hu,2022-08-21,A kontinensek mozgása alakította az élővilág fejlődését az óceánok mélyén,https://www.sonline.hu/egyperces/2022/08/a-kontinensek-mozgasa-alakitotta-az-elovilag-fejlodeset-az-oceanok-melyen?utm_source=hirstart&utm_medium=referral&utm_campaign=hiraggregator
6c5cc0a8ceca30ed1f072de30471ef491eebbb5532bffd1900be7d4a6b5628ed,2024-05-03 12:23:08.764559+00:00,hu,delmagyar.hu,delmagyar.hu,2022-08-21,A kontinensek mozgása alakította az élővilág fejlődését az óceánok mélyén,https://www.delmagyar.hu/egyperces/2022/08/a-kontinensek-mozgasa-alakitotta-az-elovilag-fejlodeset-az-oceanok-melyen?utm_source=hirstart&utm_medium=referral&utm_campaign=hiraggregator
c5a02dea314f2f7c85f6b96a586e3afae5f13afe692ec34bfad24a248bb1c676,2024-05-03 12:22:51.060304+00:00,hu,feol.hu,feol.hu,2022-08-21,A kontinensek mozgása alakította az élővilág fejlődését az óceánok mélyén,https://www.feol.hu/egyperces/2022/08/a-kontinensek-mozgasa-alakitotta-az-elovilag-fejlodeset-az-oceanok-melyen?utm_source=hirstart&utm_medium=referral&utm_campaign=hiraggregator
8f9040ba6789b426cd643379a68966e001677e7977d2cebdf2a7754ba6521cc2,2024-05-03 12:22:46.204082+00:00,hu,szon.hu,szon.hu,2022-08-21,A kontinensek mozgása alakította az élővilág fejlődését az óceánok mélyén,https://www.szon.hu/egyperces/2022/08/a-kontinensek-mozgasa-alakitotta-az-elovilag-fejlodeset-az-oceanok-melyen?utm_source=hirstart&utm_medium=referral&utm_campaign=hiraggregator
659839fc522f88bf3c8bca20870649b6a5a10e54415cf0ddf76868d35d982dc7,2024-05-03 12:22:14.881890+00:00,hu,zaol.hu,zaol.hu,2022-08-21,A kontinensek mozgása alakította az élővilág fejlődését az óceánok mélyén,https://www.zaol.hu/egyperces/2022/08/a-kontinensek-mozgasa-alakitotta-az-elovilag-fejlodeset-az-oceanok-melyen?utm_source=hirstart&utm_medium=referral&utm_campaign=hiraggregator
7e5e631c5b57999da852e5ebc49ddda8310d25e7e0521cb9ceebbefaf8c38942,2024-05-03 12:22:14.727950+00:00,hu,szoljon.hu,szoljon.hu,2022-08-21,A kontinensek mozgása alakította az élővilág fejlődését az óceánok mélyén,https://www.szoljon.hu/egyperces/2022/08/a-kontinensek-mozgasa-alakitotta-az-elovilag-fejlodeset-az-oceanok-melyen?utm_source=hirstart&utm_medium=referral&utm_campaign=hiraggregator
8598652d3b42182bf080160da15fa00b07bf46635bf26632ca9dd75ddf99d729,2024-05-03 12:22:13.078715+00:00,hu,boon.hu,boon.hu,2022-08-21,A kontinensek mozgása alakította az élővilág fejlődését az óceánok mélyén,https://www.boon.hu/egyperces/2022/08/a-kontinensek-mozgasa-alakitotta-az-elovilag-fejlodeset-az-oceanok-melyen?utm_source=hirstart&utm_medium=referral&utm_campaign=hiraggregator
3e95930a9f0a7b6473ea222009dcceebf8929d89db62cf800d6cc9a65822fae8,2024-05-03 12:21:27.542287+00:00,hu,portfolio.hu,portfolio.hu,2022-08-21,"Kétségbeesve figyeljük, hogy mi lesz a magyar erdőkkel",https://www.portfolio.hu/uzlet/20220821/ketsegbeesve-figyeljuk-hogy-mi-lesz-a-magyar-erdokkel-folytatodik-a-fakivagasos-huzavona-561627
e1fd9d63a41f11eb5b3fc7a3cadf17fe0429dc1fb9a1a09632c85ee8d64466b2,2024-05-03 05:57:43.219674+00:00,hu,baon.hu,baon.hu,2022-08-26,Szeretnék megtartani az ingyenes tömegközlekedést Baján,https://www.baon.hu/helyi-kozelet/2022/08/szeretnek-megtartani-az-ingyenes-tomegkozlekedest-bajan?utm_source=hirstart&utm_medium=referral&utm_campaign=hiraggregator
8e70516852be76438475b8dd19071b22d0cfef9bd29fd0b79bd1775b5529f14a,2024-05-03 04:53:05.521851+00:00,hu,demokrata.hu,demokrata.hu,2022-08-27,Az új agrártámogatási rendszer ösztönzi az értékes területek megőrzését,https://demokrata.hu/magyarorszag/az-uj-agrartamogatasi-rendszer-osztonzi-az-ertekes-teruletek-megorzeset-572722/
3d63edd7542f81c001d9a9337dcb1a4da48766443b321da3527d2caa294eb5a2,2024-05-03 04:51:04.043923+00:00,hu,index.hu,index.hu,2022-08-27,A klímavédelmet is segíti az új agrártámogatási rendszer,https://index.hu/gazdasag/2022/08/27/agrartamogatas-osztonzo-ertekes-teruletek-klimavedelem-agrarminiszterium/
aa58a0a70ce04ea4b545add0bcaf5fdc7ebe244fa84165e88b6d75b3c2fb425a,2024-05-03 04:44:17.602882+00:00,hu,magyarnemzet.hu,magyarnemzet.hu,2022-08-27,Az új agrártámogatási rendszer ösztönzi az értékes területek megőrzését,https://magyarnemzet.hu/gazdasag/2022/08/az-uj-agrartamogatasi-rendszer-osztonzi-az-ertekes-teruletek-megorzeset
7a2b4adf392696fab8d0b18ab82776469c989cbb8403293401a96f27a69826cc,2024-05-03 04:43:45.055085+00:00,hu,duol.hu,duol.hu,2022-08-27,Az új agrártámogatási rendszer ösztönzi az értékes területek megőrzését,https://www.duol.hu/hazai-gazdasag/2022/08/az-uj-agrartamogatasi-rendszer-osztonzi-az-ertekes-teruletek-megorzeset?utm_source=hirstart&utm_medium=referral&utm_campaign=hiraggregator
f4ac0a04929f1dc34780ab276ad70c5e534f5dfe3c5d02755f6360381cd461f4,2024-05-03 04:43:37.102703+00:00,hu,szoljon.hu,szoljon.hu,2022-08-27,Az új agrártámogatási rendszer ösztönzi az értékes területek megőrzését,https://www.szoljon.hu/hazai-gazdasag/2022/08/az-uj-agrartamogatasi-rendszer-osztonzi-az-ertekes-teruletek-megorzeset?utm_source=hirstart&utm_medium=referral&utm_campaign=hiraggregator
d4bab9b83b182964a417347fb625ec93365f6f82b82f16408ea011015976d846,2024-05-03 04:43:28.174444+00:00,hu,kisalfold.hu,kisalfold.hu,2022-08-27,Az új agrártámogatási rendszer ösztönzi az értékes területek megőrzését,https://www.kisalfold.hu/hazai-gazdasag/2022/08/az-uj-agrartamogatasi-rendszer-osztonzi-az-ertekes-teruletek-megorzeset?utm_source=hirstart&utm_medium=referral&utm_campaign=hiraggregator
03adb21c448bade001ffe9c06883ce73673ba12044852138be2ec144a1fc54e2,2024-05-03 04:43:27.848541+00:00,hu,haon.hu,haon.hu,2022-08-27,Az új agrártámogatási rendszer ösztönzi az értékes területek megőrzését,https://www.haon.hu/hazai-gazdasag/2022/08/az-uj-agrartamogatasi-rendszer-osztonzi-az-ertekes-teruletek-megorzeset?utm_source=hirstart&utm_medium=referral&utm_campaign=hiraggregator
9acf7fac33822224ca8c155785bf454615de248bcc5bf220a8c478f8eb81d454,2024-05-03 04:43:05.977220+00:00,hu,sonline.hu,sonline.hu,2022-08-27,Az új agrártámogatási rendszer ösztönzi az értékes területek megőrzését,https://www.sonline.hu/hazai-gazdasag/2022/08/az-uj-agrartamogatasi-rendszer-osztonzi-az-ertekes-teruletek-megorzeset?utm_source=hirstart&utm_medium=referral&utm_campaign=hiraggregator
83036f0bdfba1d31c054736852c660989a023163d6f3c482016726ece71a66a2,2024-05-03 04:43:05.380607+00:00,hu,delmagyar.hu,delmagyar.hu,2022-08-27,Az új agrártámogatási rendszer ösztönzi az értékes területek megőrzését,https://www.delmagyar.hu/hazai-gazdasag/2022/08/az-uj-agrartamogatasi-rendszer-osztonzi-az-ertekes-teruletek-megorzeset?utm_source=hirstart&utm_medium=referral&utm_campaign=hiraggregator
43cedde85cb300493a4fbc85124f064ec37f2034af7878f31ff2151cc7b7ddc3,2024-05-03 04:42:56.030132+00:00,hu,boon.hu,boon.hu,2022-08-27,Az új agrártámogatási rendszer ösztönzi az értékes területek megőrzését,https://www.boon.hu/hazai-gazdasag/2022/08/az-uj-agrartamogatasi-rendszer-osztonzi-az-ertekes-teruletek-megorzeset?utm_source=hirstart&utm_medium=referral&utm_campaign=hiraggregator
740b91f667100eafb0321362a24ff249fcc12fc8f469e05bfad050e1c4393778,2024-05-03 04:42:53.357593+00:00,hu,feol.hu,feol.hu,2022-08-27,Az új agrártámogatási rendszer ösztönzi az értékes területek megőrzését,https://www.feol.hu/hazai-gazdasag/2022/08/az-uj-agrartamogatasi-rendszer-osztonzi-az-ertekes-teruletek-megorzeset?utm_source=hirstart&utm_medium=referral&utm_campaign=hiraggregator
e83a28fa10a8617dbde4730f2d471960fe44410bfcd8b6e9990513f1a05de40b,2024-05-03 04:42:52.372105+00:00,hu,veol.hu,veol.hu,2022-08-27,Az új agrártámogatási rendszer ösztönzi az értékes területek megőrzését,https://www.veol.hu/hazai-gazdasag/2022/08/az-uj-agrartamogatasi-rendszer-osztonzi-az-ertekes-teruletek-megorzeset?utm_source=hirstart&utm_medium=referral&utm_campaign=hiraggregator
294e4635213c35a4f03291d8eacf31dc7eddd7eb699da1e3ef45f6b0c4c0fddf,2024-05-03 04:42:50.454289+00:00,hu,szon.hu,szon.hu,2022-08-27,Az új agrártámogatási rendszer ösztönzi az értékes területek megőrzését,https://www.szon.hu/hazai-gazdasag/2022/08/az-uj-agrartamogatasi-rendszer-osztonzi-az-ertekes-teruletek-megorzeset?utm_source=hirstart&utm_medium=referral&utm_campaign=hiraggregator
f07140daf7d2d54cb3d9e382ed606026576f4847e72e41ee8057f3e1ad712547,2024-05-03 04:42:40.733772+00:00,hu,teol.hu,teol.hu,2022-08-27,Az új agrártámogatási rendszer ösztönzi az értékes területek megőrzését,https://www.teol.hu/hazai-gazdasag/2022/08/az-uj-agrartamogatasi-rendszer-osztonzi-az-ertekes-teruletek-megorzeset?utm_source=hirstart&utm_medium=referral&utm_campaign=hiraggregator
9feeb59b078584ad5aa90971da6e97f7a6becc2375c3fced264195c3e5105ad6,2024-05-03 04:42:20.114954+00:00,hu,heol.hu,heol.hu,2022-08-27,Az új agrártámogatási rendszer ösztönzi az értékes területek megőrzését,https://www.heol.hu/hazai-gazdasag/2022/08/az-uj-agrartamogatasi-rendszer-osztonzi-az-ertekes-teruletek-megorzeset?utm_source=hirstart&utm_medium=referral&utm_campaign=hiraggregator
dd0cf929f4ee794eaea452f9d13b05ed2ae5604a3d886868a3c99da1df420ee5,2024-05-03 04:42:16.845735+00:00,hu,vaol.hu,vaol.hu,2022-08-27,Az új agrártámogatási rendszer ösztönzi az értékes területek megőrzését,https://www.vaol.hu/hazai-gazdasag/2022/08/az-uj-agrartamogatasi-rendszer-osztonzi-az-ertekes-teruletek-megorzeset?utm_source=hirstart&utm_medium=referral&utm_campaign=hiraggregator
ee59cf78223428b2054be9d9320f5cde060cf1e4ab6577330292b37c1429514d,2024-05-03 04:42:08.695208+00:00,hu,zaol.hu,zaol.hu,2022-08-27,Az új agrártámogatási rendszer ösztönzi az értékes területek megőrzését,https://www.zaol.hu/hazai-gazdasag/2022/08/az-uj-agrartamogatasi-rendszer-osztonzi-az-ertekes-teruletek-megorzeset?utm_source=hirstart&utm_medium=referral&utm_campaign=hiraggregator
f3e9160a60d35b410a744f84f682a157f0746303c5f7caa8cdc68bcaed567622,2024-05-03 04:41:22.751220+00:00,hu,bama.hu,bama.hu,2022-08-27,Az új agrártámogatási rendszer ösztönzi az értékes területek megőrzését,https://www.bama.hu/hazai-gazdasag/2022/08/az-uj-agrartamogatasi-rendszer-osztonzi-az-ertekes-teruletek-megorzeset?utm_source=hirstart&utm_medium=referral&utm_campaign=hiraggregator
2ec63b49f5451a0cbc763e66268f27210556db044935a520048d42917f5987cc,2024-05-03 04:40:50.104235+00:00,hu,beol.hu,beol.hu,2022-08-27,Az új agrártámogatási rendszer ösztönzi az értékes területek megőrzését,https://www.beol.hu/hazai-gazdasag/2022/08/az-uj-agrartamogatasi-rendszer-osztonzi-az-ertekes-teruletek-megorzeset?utm_source=hirstart&utm_medium=referral&utm_campaign=hiraggregator
cef56fa7f50f1749c506db3f6cb70296740d5e8200a5e82cd4d0a0f669227f06,2024-05-03 04:40:45.899147+00:00,hu,baon.hu,baon.hu,2022-08-27,Az új agrártámogatási rendszer ösztönzi az értékes területek megőrzését,https://www.baon.hu/hazai-gazdasag/2022/08/az-uj-agrartamogatasi-rendszer-osztonzi-az-ertekes-teruletek-megorzeset?utm_source=hirstart&utm_medium=referral&utm_campaign=hiraggregator
388d76e5cdbf98ad481c01caa503bfdc00f911dc258b880368fed30b1d36f0f7,2024-05-03 04:31:50.635880+00:00,hu,pestisracok.hu,pestisracok.hu,2022-08-27,Új agrártámogatási rendszer ösztönzi az értékes területek megőrzését,https://pestisracok.hu/uj-agrartamogatasi-rendszer-osztonzi-az-ertekes-teruletek-megorzeset/
d0a49632540ffeb880358a8c3b1a17767cbb6d1680789d6d996dd744d0296fe0,2024-05-03 04:28:03.009237+00:00,hu,infostart.hu,infostart.hu,2022-08-27,Jön az új agrártámogatási rendszer,https://infostart.hu/napinfo/2022/08/27/jon-az-uj-agrartamogatasi-rendszer-a-nap-hirei
1d1df6ed24b6554f286ba71d958c37efcc18aed3f7572c3e121140feb91c3707,2024-05-03 04:16:40.278397+00:00,hu,infostart.hu,infostart.hu,2022-08-27,Százezer hektáron hozhat változást az új agrártámogatási rendszer,https://infostart.hu/gazdasag/2022/08/27/szazezer-hektaron-hozhat-valtozast-az-uj-agrartamogatasi-rendszer
c806c3a2253bfa194e912b23595518a1955f0731dc839d45a60f75f05cb6f26f,2024-05-03 03:36:44.146756+00:00,hu,index.hu,index.hu,2022-08-28,"Nem az erdésztől kell félteni az erdőt, de akkor kitől?",https://index.hu/belfold/2022/08/28/pilisi-parkerdo-fakitermeles-tarvagas-visegradi-hegyseg-termeszetvedelem-helyszini-riport/
fef0f7cfb90d0a7eedb731b87e6b74d13ea47c1e8df12da8df005075e32fe5e4,2024-05-03 00:05:58.902577+00:00,hu,444.hu,444.hu,2022-08-30,"A magyarok többsége elutasítja, hogy a kormány az erdők pusztításával kezelje az energiaválságot",https://444.hu/2022/08/30/a-magyarok-tobbsege-elutasitja-hogy-a-kormany-az-erdok-pusztitasaval-kezelje-az-energiavalsagot?utm_source=rss_feed&utm_medium=rss&utm_campaign=rss_syndication
04d3678ec9e2310e4cb27e571af151fe29a8b5700962f847ccffdfe1870c92b9,2024-05-02 23:52:23.464289+00:00,hu,napi.hu,napi.hu,2022-08-30,Nemet mond a magyarok többsége a korlátlan fakivágásra,https://www.napi.hu/magyar-gazdasag/greenpeace-tiltakozas-fakivagas-tarvagas-tuzifarendelet-visszavonasa-energia-veszhelyzet.758830.html
3cf5003c3768e331b216af35e963dad3b6179a1b69f8dc285497339c81711eaa,2024-05-02 23:48:23.917846+00:00,hu,szeretlekmagyarorszag.hu,szeretlekmagyarorszag.hu,2022-08-30,"A magyarok többsége nem akarja, hogy a kormány az erdők pusztításával kezelje az energiaválságot",https://www.szeretlekmagyarorszag.hu/hirek/a-magyarok-tobbsege-nem-akarja-hogy-a-kormany-az-erdok-pusztitasaval-kezelje-az-energiavalsagot/
b92544b1e806b322500bdf621ad9fd49b3b9c917528e55d65bf81e06fe57f74e,2024-05-02 22:47:34.764379+00:00,hu,hvg.hu,hvg.hu,2022-08-31,Kompenzáció helyett valódi hozamok – így változott az ESG-termékek értéke (interjú),http://hvg.hu/brandcontent/20220829_Kompenzacio_helyett_valodi_hozamok__igy_valtozott_az_ESGtermekek_erteke_interju#rss
6df44863c11bd3fcf6e996d11d043842ce543ada3c631709c328a4333e02826f,2024-05-02 21:18:23.896173+00:00,hu,hvg.hu,hvg.hu,2022-08-31,Miért elengedhetetlenek az erdők jóllétünk szempontjából?,http://hvg.hu/hvgkonyvek/20220831_Miert_elengedhetetlenek_az_erdok_jolletunk_szempontjabol#rss
f4e46d03765ca8713298203321e62c5f5299811ce602fe9a125af914659153d8,2024-05-02 16:37:01.515804+00:00,hu,mandiner.hu,mandiner.hu,2022-09-03,"Dán klímaszakértő: Lázadás lesz a vége annak, hogy emberek fáznak és éheznek",https://mandiner.hu/cikk/20220903_bjorn_lomborg_lazadas_haboru_tel_ehezes_valsag_energiahiany
3c964c547b6fe1c2d83687e1e42be57ed258413686aebbe3882678fe91b01b67,2024-05-02 16:34:20.491997+00:00,hu,magyarnemzet.hu,magyarnemzet.hu,2022-09-03,"Lázadás lehet a vége, ha fáznak és éheznek az emberek",https://magyarnemzet.hu/kulfold/2022/09/lazadas-lehet-a-vege-ha-faznak-es-eheznek-az-emberek
1b5c3bda5e28b8e81a798cd29bf03b4fd23bea8ebea5676eb343aecdb1489743,2024-05-02 16:31:14.254600+00:00,hu,pestisracok.hu,pestisracok.hu,2022-09-03,Küszöbön a lázadás: a pénzügyi elit fütyül az éhezésre és az energiaválságra,https://pestisracok.hu/kuszobon-a-lazadas-a-penzugyi-elit-futyul-az-ehezesre-es-az-energiavalsagra/
68f8ab3b66c914d9e956d38e9cf1746ba42d7129f9edb6fa0216af96a23ebf8b,2024-05-02 14:20:46.297337+00:00,hu,napi.hu,napi.hu,2022-09-05,"Budapesten jobban fáj a fák kivágása, mint vidéken",https://www.napi.hu/magyar-gazdasag/budapest-fakivagas-pulzus-kutato-termeszetvedelmi-terulet-kormany-kozvelemeny-videken.759059.html
70129b728474b227996558bab0528d77e8b41b061df4ba0d0b7749f5b39ae859,2024-05-02 05:22:04.627288+00:00,hu,napi.hu,napi.hu,2022-09-12,Erdőket védene az uniós biztos,https://www.napi.hu/nemzetkozi-gazdasag/eu-termeszetevedelem-erdo.759625.html
a60bced67853282a77a326d2def4ef5207fe79aa023b05b223d66a0f58016c8c,2024-05-01 22:49:59.111289+00:00,hu,demokrata.hu,demokrata.hu,2022-09-15,Agrárminiszter: az aszály elleni küzdelem stratégiai kérdés,https://demokrata.hu/magyarorszag/agrarminiszter-az-aszaly-elleni-kuzdelem-strategiai-kerdes-580520/
663ab2e91e4a79e80216c489df56be0b88398d4c280726714411e1c8b4436328,2024-05-01 22:48:28.717546+00:00,hu,sonline.hu,sonline.hu,2022-09-15,Nagy István: a rendkívüli idők rendkívüli megoldásokat igényelnek az agráriumban is,https://www.sonline.hu/hazai-gazdasag/2022/09/nagy-istvan-a-rendkivuli-idok-rendkivuli-megoldasokat-igenyelnek-az-agrariumban-is?utm_source=hirstart&utm_medium=referral&utm_campaign=hiraggregator
a5e716c46a0cff254578b0d7fb837ab6ba6042c095f3eacb13536dcc0bc56901,2024-05-01 22:48:11.189210+00:00,hu,veol.hu,veol.hu,2022-09-15,Nagy István: a rendkívüli idők rendkívüli megoldásokat igényelnek az agráriumban is,https://www.veol.hu/hazai-gazdasag/2022/09/nagy-istvan-a-rendkivuli-idok-rendkivuli-megoldasokat-igenyelnek-az-agrariumban-is?utm_source=hirstart&utm_medium=referral&utm_campaign=hiraggregator
7fd4e818e053ed436871c5cef4d5a195a79bfd479368b4d8c8ad1e53d6dc5561,2024-05-01 22:48:03.348770+00:00,hu,feol.hu,feol.hu,2022-09-15,Nagy István: a rendkívüli idők rendkívüli megoldásokat igényelnek az agráriumban is,https://www.feol.hu/hazai-gazdasag/2022/09/nagy-istvan-a-rendkivuli-idok-rendkivuli-megoldasokat-igenyelnek-az-agrariumban-is?utm_source=hirstart&utm_medium=referral&utm_campaign=hiraggregator
a6f384c14cc614e47d88fc29eff2b37329931f44579b49fe131bbbfed8425aed,2024-05-01 22:48:00.850135+00:00,hu,duol.hu,duol.hu,2022-09-15,Nagy István: a rendkívüli idők rendkívüli megoldásokat igényelnek az agráriumban is,https://www.duol.hu/hazai-gazdasag/2022/09/nagy-istvan-a-rendkivuli-idok-rendkivuli-megoldasokat-igenyelnek-az-agrariumban-is?utm_source=hirstart&utm_medium=referral&utm_campaign=hiraggregator
b6b7bca1af913214d2c1821cda373de7c860609673597164783ee6e270aed27b,2024-05-01 22:47:41.067538+00:00,hu,teol.hu,teol.hu,2022-09-15,Nagy István: a rendkívüli idők rendkívüli megoldásokat igényelnek az agráriumban is,https://www.teol.hu/hazai-gazdasag/2022/09/nagy-istvan-a-rendkivuli-idok-rendkivuli-megoldasokat-igenyelnek-az-agrariumban-is?utm_source=hirstart&utm_medium=referral&utm_campaign=hiraggregator
379e8b91bf7ec5d9d2068ddb3be6116d52901a5ca2898fd2f00b90a7fd18ff81,2024-05-01 22:47:06.454590+00:00,hu,heol.hu,heol.hu,2022-09-15,Nagy István: a rendkívüli idők rendkívüli megoldásokat igényelnek az agráriumban is,https://www.heol.hu/hazai-gazdasag/2022/09/nagy-istvan-a-rendkivuli-idok-rendkivuli-megoldasokat-igenyelnek-az-agrariumban-is?utm_source=hirstart&utm_medium=referral&utm_campaign=hiraggregator
8e9eb027e7773ab7163a70318c4d77da597ce169b02a1e94e8ad4f41024e3670,2024-05-01 22:46:58.390734+00:00,hu,beol.hu,beol.hu,2022-09-15,Nagy István: a rendkívüli idők rendkívüli megoldásokat igényelnek az agráriumban is,https://www.beol.hu/hazai-gazdasag/2022/09/nagy-istvan-a-rendkivuli-idok-rendkivuli-megoldasokat-igenyelnek-az-agrariumban-is?utm_source=hirstart&utm_medium=referral&utm_campaign=hiraggregator
f2ab605cddb9d6f86875eaf4fa516f4ce2937e468c7540c78fdb1498b5c3fb73,2024-05-01 22:46:47.746799+00:00,hu,baon.hu,baon.hu,2022-09-15,Nagy István: a rendkívüli idők rendkívüli megoldásokat igényelnek az agráriumban is,https://www.baon.hu/hazai-gazdasag/2022/09/nagy-istvan-a-rendkivuli-idok-rendkivuli-megoldasokat-igenyelnek-az-agrariumban-is?utm_source=hirstart&utm_medium=referral&utm_campaign=hiraggregator
37755e5ee446981b3f966231f29ddbc1cdf4edc2a2cc5dea9378c490e453cc71,2024-05-01 22:46:42.724955+00:00,hu,zaol.hu,zaol.hu,2022-09-15,Nagy István: a rendkívüli idők rendkívüli megoldásokat igényelnek az agráriumban is,https://www.zaol.hu/hazai-gazdasag/2022/09/nagy-istvan-a-rendkivuli-idok-rendkivuli-megoldasokat-igenyelnek-az-agrariumban-is?utm_source=hirstart&utm_medium=referral&utm_campaign=hiraggregator
83421f14fafa4cfe2f23cda74813b3c7c9dc50c3d603b39cc198d5c2825e99f7,2024-05-01 22:46:42.069091+00:00,hu,szoljon.hu,szoljon.hu,2022-09-15,Nagy István: a rendkívüli idők rendkívüli megoldásokat igényelnek az agráriumban is,https://www.szoljon.hu/hazai-gazdasag/2022/09/nagy-istvan-a-rendkivuli-idok-rendkivuli-megoldasokat-igenyelnek-az-agrariumban-is?utm_source=hirstart&utm_medium=referral&utm_campaign=hiraggregator
de6495af69671b4bce6a2da7cdcc2fc0460f586cc97571fda5270c709721f307,2024-05-01 22:46:36.272671+00:00,hu,boon.hu,boon.hu,2022-09-15,Nagy István: a rendkívüli idők rendkívüli megoldásokat igényelnek az agráriumban is,https://www.boon.hu/hazai-gazdasag/2022/09/nagy-istvan-a-rendkivuli-idok-rendkivuli-megoldasokat-igenyelnek-az-agrariumban-is?utm_source=hirstart&utm_medium=referral&utm_campaign=hiraggregator
f23186c89111448a13a24f7ae3f0fc8740561c3558dff786dd88935f925673fd,2024-05-01 22:46:24.914121+00:00,hu,kisalfold.hu,kisalfold.hu,2022-09-15,Nagy István: a rendkívüli idők rendkívüli megoldásokat igényelnek az agráriumban is,https://www.kisalfold.hu/hazai-gazdasag/2022/09/nagy-istvan-a-rendkivuli-idok-rendkivuli-megoldasokat-igenyelnek-az-agrariumban-is?utm_source=hirstart&utm_medium=referral&utm_campaign=hiraggregator
c7b7edb2c9b571a7fb73a1fbf15127f81ff9371c17fdcfcaa2ebacaa2f74add4,2024-05-01 22:46:24.438280+00:00,hu,haon.hu,haon.hu,2022-09-15,Nagy István: a rendkívüli idők rendkívüli megoldásokat igényelnek az agráriumban is,https://www.haon.hu/hazai-gazdasag/2022/09/nagy-istvan-a-rendkivuli-idok-rendkivuli-megoldasokat-igenyelnek-az-agrariumban-is?utm_source=hirstart&utm_medium=referral&utm_campaign=hiraggregator
c4c691bd7a09b65adb32afcb078314316bd69e2e726372a9bc2dfa651503c01c,2024-05-01 22:46:19.310848+00:00,hu,delmagyar.hu,delmagyar.hu,2022-09-15,Nagy István: a rendkívüli idők rendkívüli megoldásokat igényelnek az agráriumban is,https://www.delmagyar.hu/hazai-gazdasag/2022/09/nagy-istvan-a-rendkivuli-idok-rendkivuli-megoldasokat-igenyelnek-az-agrariumban-is?utm_source=hirstart&utm_medium=referral&utm_campaign=hiraggregator
f1ce793abd89064ae74f39e8291eb40c323e1fd07ff7785735977582342356d9,2024-05-01 22:46:18.255002+00:00,hu,bama.hu,bama.hu,2022-09-15,Nagy István: a rendkívüli idők rendkívüli megoldásokat igényelnek az agráriumban is,https://www.bama.hu/hazai-gazdasag/2022/09/nagy-istvan-a-rendkivuli-idok-rendkivuli-megoldasokat-igenyelnek-az-agrariumban-is?utm_source=hirstart&utm_medium=referral&utm_campaign=hiraggregator
0ee29de11b903af324f91ace55e91a05ae37ec14dd26644893d938345885559f,2024-05-01 22:46:08.157618+00:00,hu,szon.hu,szon.hu,2022-09-15,Nagy István: a rendkívüli idők rendkívüli megoldásokat igényelnek az agráriumban is,https://www.szon.hu/hazai-gazdasag/2022/09/nagy-istvan-a-rendkivuli-idok-rendkivuli-megoldasokat-igenyelnek-az-agrariumban-is?utm_source=hirstart&utm_medium=referral&utm_campaign=hiraggregator
06457f325452028dc4b7dec8992baa4e1120156a878870cdb4022e4f37768f9c,2024-05-01 22:46:05.395186+00:00,hu,vaol.hu,vaol.hu,2022-09-15,Nagy István: a rendkívüli idők rendkívüli megoldásokat igényelnek az agráriumban is,https://www.vaol.hu/hazai-gazdasag/2022/09/nagy-istvan-a-rendkivuli-idok-rendkivuli-megoldasokat-igenyelnek-az-agrariumban-is?utm_source=hirstart&utm_medium=referral&utm_campaign=hiraggregator
8efb62ea0b1f7e49317b58c909573f94d9e55ab5fa0d0f7b097d28296b6a0034,2024-05-01 22:28:42.191637+00:00,hu,magyarnemzet.hu,magyarnemzet.hu,2022-09-15,Nemzetgazdasági érdek a víz megőrzése,https://magyarnemzet.hu/gazdasag/2022/09/nemzetgazdasagi-erdek-a-viz-megorzese
7fe9fb5a3442c32d5ce69fb96ddf4feb79f1ec19b1784644f8d53d01386f603c,2024-05-01 22:28:36.168905+00:00,hu,index.hu,index.hu,2022-09-15,Az aszály elleni küzdelem stratégiai kérdés,https://index.hu/gazdasag/2022/09/15/agrarminiszterium-nagy-istvan-aszaly-kuzdelem-strategiai-kerdes-nadudvar/
620ced9ecda731d7e1338550e25c6e823cce7bc6869c9effaba7196f4d945cc5,2024-05-01 15:00:19.962528+00:00,hu,portfolio.hu,portfolio.hu,2022-09-19,Idén is karbonsemlegesek a Portfolio konferenciái,https://www.portfolio.hu/uzlet/20220919/iden-is-karbonsemlegesek-a-portfolio-konferenciai-567379
13fd32a8ad500cd125c1b1e11a658dfb5acb0c47756fbd6c8aae78bc74e044c4,2024-05-01 12:47:29.140198+00:00,hu,hvg.hu,hvg.hu,2022-09-20,Hogyan állíthatjuk helyre a tönkretett termőföldeket?,http://hvg.hu/hvgkonyvek/20220920_Hogyan_allithatjuk_helyre_a_tonkretett_termofoldeket#rss
18ee6e30102f0abaeaab3d360a33f2a1f528644840530538f298368ce8ff41b2,2024-05-01 11:00:54.816080+00:00,hu,portfolio.hu,portfolio.hu,2022-09-22,Greenpeace: természetvédelmileg fontos területeken indult meg a fakitermelés Magyarországon,https://www.portfolio.hu/gazdasag/20220922/greenpeace-termeszetvedelmileg-fontos-teruleteken-indult-meg-a-fakitermeles-magyarorszagon-568359
52f0d5b28deb7787a9b5af5b2d2650fce4033cbdcbc816671d095c37afa0ba4d,2024-05-01 06:51:12.529252+00:00,hu,hvg.hu,hvg.hu,2022-09-25,Hogyan csinálhatunk esőt?,http://hvg.hu/hvgkonyvek/20220925_regeneracio_hogyan_csinalhatunk_esot#rss
3d3b7403927ab17bd19184e5c800a9cfd959b99f1c8125e51d138ee6086879a7,2024-04-30 21:57:15.307208+00:00,hu,24.hu,24.hu,2022-09-30,Földgázellátás és szankciók,https://24.hu/kozelet/2022/09/30/elet-es-irodalom-foldgaz-szankciok-kulugy/
f221c2a6900a7fb75ba5bd40f33f614af060c2345daad933b7a11a429bea2393,2024-04-30 10:26:50.624897+00:00,hu,origo.hu,origo.hu,2022-10-06,"Ősi, rejtélyes lábnyomokra bukkantak az angliai tengerparton",https://www.origo.hu/tudomany/20221006-osi-labnyomokat-talaltak-az-egyesult-kiralysag-tengerpartjan.html
21ff3f914de275b27ac60be769235814dcbbd8b3402f560e4864614d4fd2fa5c,2024-04-30 09:23:59.819382+00:00,hu,origo.hu,origo.hu,2022-10-07,a magyar agrárium lehetősége,https://www.origo.hu/itthon/20221007-szazadveg-hatranybol-elony-a-magyar-agrarium-lehetosege.html
f2d17488ee7496d8d295fc7547aafcb4166d2fd994b312997a4db008d8bac6ab,2024-04-30 04:51:44.637563+00:00,hu,origo.hu,origo.hu,2022-10-11,Új programot jelentettek be a kávé termőtalajának megmentésére,https://www.origo.hu/gazdasag/20221011-gazdasag-penz-nescafe-kavefogyasztas-kavefarm-mezogazdasag.html
de5c30003e7eebbbdc2625138fc5f5194f23a6aa8a0f588b71160f1ab2568fd3,2024-04-29 23:20:36.964374+00:00,hu,magyarnarancs.hu,magyarnarancs.hu,2022-10-13,Fél évszázad alatt 69 százalékkal csökkent állatpopulációk mérete a Földön,http://magyarnarancs.hu/elet_mod/fel-evszazad-alatt-69-szazalekkal-csokkent-allatpopulaciok-merete-a-foldon-253084
0cc6c30c0f4f70bb5e7240c7f5fea06e71d0d286f4f54798a5f4defbe9d0734a,2024-04-29 23:11:42.065556+00:00,hu,blikk.hu,blikk.hu,2022-10-13,Vészhelyzet: csaknem 70 százalékkal csökkent a vadon élő állatok populációja,https://www.blikk.hu/eletmod/vilag-titkai/wwf-elo-bolygo-fold-allatok-vizi-szarazfoldi/kers414
21f115fce916ae582d70a1b62c8399a2d78de6388bce03c2a994a8a7597542ce,2024-04-29 20:55:52.391778+00:00,hu,infostart.hu,infostart.hu,2022-10-15,Minden nyolcadik madárfajt a kipusztulás veszélye fenyegeti,https://infostart.hu/tudomany/2022/10/15/minden-nyolcadik-madarfajt-a-kipusztulas-veszelye-fenyegeti
ca4616a677b89ba5d49d551422af0ce764243c069e8c63ecc5f14e64a1ff6b3d,2024-04-29 19:44:11.490833+00:00,hu,nepszava.hu,nepszava.hu,2022-10-16,Falus András: Tükrök és tanulságok világjárvány után,https://nepszava.hu/3172408_covid-19-jarvany-magyarorszag-vilag-elemzes
d8b98aefc58a3ccfec52d7ec712c7506051d4839e322100f3bbf63a708035900,2024-04-29 16:54:05.008250+00:00,hu,portfolio.hu,portfolio.hu,2022-10-18,Még mindig brutális összegeket pumpálnak a bankok az erdőirtó cégekbe,https://www.portfolio.hu/bank/20221018/meg-mindig-brutalis-osszegeket-pumpalnak-a-bankok-az-erdoirto-cegekbe-573505
8250d5f2f256d79dc3e8e480e40f44ecd57515f06a135492f5ab7b1a1a716621,2024-04-29 02:06:22.350041+00:00,hu,hvg.hu,hvg.hu,2022-10-29,"Különleges mód jött a Samsung telefonokra, mutatjuk, hogyan kapcsolhatja be",http://hvg.hu/tudomany/20221029_karbantartasi_mod_samsung_galaxy_telefonok_szerviz#rss
251ff78eb5f83047f682cdafd9708c9d44c5a984893506ddbce39e8978c35c39,2024-04-29 00:48:01.026954+00:00,hu,hvg.hu,hvg.hu,2022-10-30,"Veszélybe kerülhet a globális élelmiszerellátás az EU szerint, ha Oroszország nem lép vissza",http://hvg.hu/gazdasag/20221030_Veszelybe_kerulhet_a_globalis_elelmiszerellatas_az_EU_szerint_ha_Oroszorszag_nem_lep_vissza#rss
9df24382a62cc5109a5788df2621415a1a11547423b3b1c0ee6950eec5338db9,2024-04-29 00:48:00.401717+00:00,hu,hvg.hu,hvg.hu,2022-10-30,Fél mázsa droggal kibélelt autót fogtak Röszkén,http://hvg.hu/itthon/20221030_kabitoszer_kannabisz_auto_roszke#rss
696ac1b6741d866c011c4e189cd286d76586d3457d919e70a59530457d87f345,2024-04-28 19:34:24.622751+00:00,hu,index.hu,index.hu,2022-11-03,Veszélyeztetve van a mezőgazdaság biológiai sokfélesége,https://index.hu/gazdasag/2022/11/03/nagy-istvan-agrarminiszter-biologiai-sokfeleseg-allatok-mezogazdasag-elelmiszer/
455be3618024fdcd581fc9ff08e8daa43095bdf90a0e0c298bc590d6cb0656d9,2024-04-28 09:30:58.421979+00:00,hu,hvg.hu,hvg.hu,2022-11-11,Megfejtették a magyar vizsla minden titkát genetikusok,http://hvg.hu/tudomany/20221111_rovidszoru_magyar_vizsla_genetikai_fajtaprofilja#rss
946c0b417dace03c7d9bc445ead1beff22bf5cb46ee2bf3c6ddf0a19c9ebe893,2024-04-28 08:03:38.237728+00:00,hu,444.hu,444.hu,2022-11-12,"A nagy élelmiszergyártók nem teljesítették a 1,5 fokos klímacélra tett ígéreteiket",https://444.hu/2022/11/12/a-nagy-elelmiszergyartok-nem-teljesitettek-a-15-fokos-klimacelra-tett-igereteiket?utm_source=rss_feed&utm_medium=rss&utm_campaign=rss_syndication
9cb476c5e921e10779c36c7f91115d99a1d4e0cef58985160bac7f1c5070d44c,2024-04-27 18:35:20.491652+00:00,hu,444.hu,444.hu,2022-11-23,Húsz év alatt több mint 7000 négyzetkilométernyi erdő tűnt el a Kárpátokból,https://444.hu/2022/11/23/husz-ev-alatt-tobb-mint-7000-negyzetkilometernyi-erdo-tunt-el-a-karpatokbol?utm_source=rss_feed&utm_medium=rss&utm_campaign=rss_syndication
375c8bf5afc50d57d4bc0ab0145d07b62824d8209026a2b7e36bbbf347d7444a,2024-04-27 18:25:53.011190+00:00,hu,blikk.hu,blikk.hu,2022-11-23,Elképesztő: óránként átlagosan több mint öt futballpályányi erdő tűnik el a Kárpátokból,https://www.blikk.hu/aktualis/kulfold/fakitermeles-karpatok-termeszetvedelem-greenpeace/jlxjg2c
536b11066d1d003f71059afcee0fc5e850914a36c7731f2a39a01fd05315860f,2024-04-27 18:15:37.823167+00:00,hu,nepszava.hu,nepszava.hu,2022-11-23,Óránként átlagosan több mint öt futballpályányi erdőterület esik a fakitermelések áldozatául a Kárpátokban,https://nepszava.hu/3176572_greenpeace-jelentes-karpatok
0866ab635bab50aec0d7dd45a86ac63d3a3dc0657d92e5525c17e6965c5d0a88,2024-04-27 17:01:08.353879+00:00,hu,infostart.hu,infostart.hu,2022-11-24,"Greenpeace: kiirtották az erdőket, óriási a pusztítás a Kárpátokban",https://infostart.hu/eletmod/2022/11/24/greenpeace-kiirtottak-az-erdoket-oriasi-a-pusztitas-a-karpatokban
a512d06d4221b094730764131c3b8531bd48ad57f9bb06c799ff73b632e6c26a,2024-04-27 16:44:31.939467+00:00,hu,portfolio.hu,portfolio.hu,2022-11-24,"Katasztrófa felé sodródunk: a gazdasági működés 50%-a ezen múlik, mégis sokan legyintenek rá",https://www.portfolio.hu/uzlet/20221124/katasztrofa-fele-sodrodunk-a-gazdasagi-mukodes-50-a-ezen-mulik-megis-sokan-legyintenek-ra-581010
c13d9c1e247f779cd973179287de8131de0848ebdfecd93d476a42c72f513952,2024-04-27 16:33:23.820537+00:00,hu,merce.hu,merce.hu,2022-11-24,Veszélyben a Kárpátok az agresszív fakitermelés miatt « Mérce,https://merce.hu/2022/11/24/veszelyben-a-karpatok-az-agressziv-fakitermeles-miatt/
a14324abe02c78458295a5737af49883e59c5fed4c516e1602dd6cb57a7bd57f,2024-04-26 22:27:47.057026+00:00,hu,mandiner.hu,mandiner.hu,2022-12-08,"Levelet írt az EU cseh elnöksége a tagállamoknak, melyben a magyar kormány „transzfóbiájára” figyelmeztetnek",https://mandiner.hu/cikk/20221208_politico_csehorszag_europai_unio_brusszel_transznemu_lmbtq_magyarorszag
d6cb6f6bfce267b2f5dcb9d3c5388a5201a7f6400691d171d73bfcf89cf7060b,2024-04-26 22:27:45.566483+00:00,hu,index.hu,index.hu,2022-12-08,A csehek szerint egy kakukktojás van genderkérdésben: Magyarország,https://index.hu/kulfold/2022/12/08/europai-unio-magyarorszag-csehorszag-gender-transznemuseg/
d21b10852b0a74366ef772b79bbea888c9547b3735a4b73c2d38ca7279346ff5,2024-04-26 22:18:26.183824+00:00,hu,blikk.hu,blikk.hu,2022-12-08,"Újabb uniós terveket blokkolhat a magyar kormány, hogy a felfüggesztett támogatások ügyében jobb helyzetbe kerüljön: „Ott keménykednek, ahol csak tudnak”",https://www.blikk.hu/politika/vilagpolitika/eu-tamogatas-europai-bizottsag-veto-magyar-kormany/d44ssky
de73ce1af2714252392bded8740b959bedb1afd454ae493e2c6b796391bc288a,2024-04-26 18:44:56.281675+00:00,hu,hvg.hu,hvg.hu,2022-12-08,"""Nem szabad túl erősen szorítani annak a nyakát, aki cipel minket""",http://hvg.hu/hvgkonyvek/20221208_Nem_szabad_tul_erosen_szoritani_annak_a_nyakat_aki_cipel_minket#rss
4b7f6ac3b1e3ab9203da156e3c04a42cbe46b3d48287998859cf0242f622df06,2024-04-26 16:01:45.128187+00:00,hu,portfolio.hu,portfolio.hu,2022-12-13,Összeérnek az ESG és a pénzügyi kockázatok,https://www.portfolio.hu/bank/20221213/osszeernek-az-esg-es-a-penzugyi-kockazatok-uj-vilag-fele-sodrodunk-584636
315fbdd7518041ff2b132e49097e21f6de7b6ee6dcdfb2341bbedc1784d0fd94,2024-04-26 11:16:40.004566+00:00,hu,hvg.hu,hvg.hu,2022-12-16,Lula: Fizessenek többet a gazdag országok a klímavédelmi költségekből,http://hvg.hu/gazdasag.zhvg/20221216_Lula_Fizessenek_tobbet_a_gazdag_orszagok_a_klimavedelmi_koltsegekbol#rss
b414761d96fc8798f12171aa64fe09ad1ecb9c825b98d444600237177db08a8f,2024-04-26 10:45:50.519870+00:00,hu,index.hu,index.hu,2022-12-16,"Kiderült, milyen karácsonyfát kell választani",https://index.hu/kulfold/2022/12/16/urge-vorsatz-diana-klimakutato-kornyezetvedelem-karacsonyfa-fenyofa/
0609e6906ee22d1071f555991fe9a491aa36acaae54604c46f2e5e11bdef7f5f,2024-04-26 08:06:07.477910+00:00,hu,444.hu,444.hu,2022-12-19,Történelmi megállapodás született a biológiai sokféleség csökkenésének 2030-ig történő megállításáról,https://444.hu/2022/12/19/tortenelmi-megallapodas-szuletett-a-biologiai-sokfeleseg-csokkenesenek-2030-ig-torteno-megallitasarol?utm_source=rss_feed&utm_medium=rss&utm_campaign=rss_syndication
977055bc64e5bbe8eb017d77dc0b9880e0abacfc07a88bd2b3d46b8884dab27e,2024-04-26 08:04:26.466284+00:00,hu,nepszava.hu,nepszava.hu,2022-12-19,Történelmi megállapodás született a biodiverrzitás védelméről az ENSZ konferenciáján,https://nepszava.hu/3179375_ensz-cop-15-kanada-megallapodas-biodiverzitas
8ec96f79b68342a48cadb19779b51df5f8a8d3e24661075a8540ed8bb9ace8b3,2024-04-26 07:56:32.901271+00:00,hu,24.hu,24.hu,2022-12-19,Fontos megállapodás született az ENSZ montreali találkozóján,https://24.hu/tudomany/2022/12/19/biologiai-biodiverzitasi-egyezmeny-2022-montreal/
17cc0c2dd1f0ae9e89ca8854229753ed9994be1409d0751b1c6c67e3edd942e9,2024-04-26 07:53:46.852819+00:00,hu,infostart.hu,infostart.hu,2022-12-19,"Történelmi, világszintű biodiverzitási egyezmény született Montrealban",https://infostart.hu/kulfold/2022/12/19/tortenelmi-vilagszintu-biodiverzitasi-egyezmeny-szuletett-montrealban
d85949ee5895aeb3813035c475f82fe99fd75c697973891d0590be13cdb7892b,2024-04-26 07:45:54.342153+00:00,hu,hvg.hu,hvg.hu,2022-12-19,Történelmi alku: 2030-ig visszaadjuk a természetnek a Föld újabb egyhetedét,http://hvg.hu/gazdasag/20221219_cop15_montreal_biodiverzitas_termeszetvedelem_ensz_csucs#rss
1e748cffa409d8135574d46149b9a9fb49e2459f733c7c7aab08ac09538c696d,2024-04-26 07:30:03.158510+00:00,hu,index.hu,index.hu,2022-12-19,Biológiai sokszínűséget védő történelmi egyezmény jött létre,https://index.hu/techtud/2022/12/19/ensz-montral-biodiverzitas-biologiai-sokszinuseg-cop15-egyezmeny-termeszetvedelem-kornyezet/
6a4b95da6a560e0aca15598b7f596b21f46c6d4adbcd984f4c0f529f399205c8,2024-04-26 04:38:46.956050+00:00,hu,merce.hu,merce.hu,2022-12-21,A Föld Barátai szerint összeférhetetlen a biológiai sokszínűség fenntartása és a profithajhászás « Mérce,https://merce.hu/2022/12/21/a-fold-baratai-szerint-osszeferhetetlen-a-biologiai-sokszinuseg-fenntartasa-es-a-profithajhaszas/
199f2a297e9bb6e6f4cb93e281c9116f4056c6889191e6762dbdfab46838c39a,2024-04-26 03:08:46.406346+00:00,hu,nepszava.hu,nepszava.hu,2022-12-22,"Az Orbán-kormány is rábólintott, vegyszerfelezés helyett haladékot kaptak a multik az EU-ban",https://nepszava.hu/3179700_novenyvedoszer-europai-unio-csokkentes-multik
f30fb6ecf1f8da2b429002ffccb7ae186e6dd308df33205aaecf95a9b4195d30,2024-04-26 01:19:52.804566+00:00,hu,origo.hu,origo.hu,2022-12-23,"Történelmi aszály, háború a szomszédban, rossz brüsszeli szankciók: ezekkel szemben is küzdött idén a magyar agrárium",https://www.origo.hu/itthon/20221222-nagy-istvan-evertekelo-interju.html
f0ab2ac21a67adf18c21872f2cc74bc19b039cb4bb73b50b12640fac4c13fa16,2024-04-25 20:18:33.364764+00:00,hu,merce.hu,merce.hu,2022-12-27,"Tavaly ránk rúgta az ajtót, idén már belülről kezdte szétverni a házat a klímaváltozás « Mérce",https://merce.hu/2022/12/27/tavaly-rank-rugta-az-ajtot-iden-mar-belulrol-kezdte-szetverni-a-hazat-a-klimavaltozas/
3c82a4e9427c91c9202e87c3946b73b3cf6d11432cce1074e6001f79fba630ba,2024-04-25 16:43:01.527773+00:00,hu,444.hu,444.hu,2022-12-29,"2022-ben több állat- és növényfaj szerepel a veszélyeztetett fajok listáján, mint valaha",https://444.hu/2022/12/29/2022-ben-tobb-allat-es-novenyfaj-szerepel-a-veszelyeztetett-fajok-listajan-mint-valaha?utm_source=rss_feed&utm_medium=rss&utm_campaign=rss_syndication
2c14b368df681942c7e7b3806e2e0778a4348cd1892a209cfa91f462b7f2bd20,2024-04-25 16:39:18.353139+00:00,hu,origo.hu,origo.hu,2022-12-29,Közel ötvenezer állat- és növényfaj veszélyeztetett a világon,https://www.origo.hu/tudomany/20221229-tobb-mint-42-ezer-allat-es-novenyfaj-szerepel-a-veszelyeztetett-fajok-listajan.html
8efbe18392e910d8ed3d3b9273a88dc615dfa7a24241dd5d0e8d73479a0a5f75,2024-04-25 16:37:41.735282+00:00,hu,24.hu,24.hu,2022-12-29,Rövidesen egymillió faj tűnhet el a föld színéről,https://24.hu/tudomany/2022/12/29/wwf-iucn-voros-lista-kihalas/
1b9ae6ceef8ffd1b1c0b50f095c41c6c8481141e695a55fed6eb01158f48a1f6,2024-04-25 16:30:11.214972+00:00,hu,hirtv.hu,hirtv.hu,2022-12-29,Drámai jelentést adott ki a Természetvédelmi Világalap,http://hirtv.hu/hirtvszines/dramai-jelentest-adott-ki-a-termeszetvedelmi-vilagalap-2561013?utm_source=feed&utm_medium=rss
8f22e519852c094c7a405ba5c9acd8a717fc52a167e93555bd494e19baece2fa,2024-04-25 16:29:13.541817+00:00,hu,magyarnarancs.hu,magyarnarancs.hu,2022-12-29,"Idén több állat- és növényfaj szerepel a veszélyeztetett fajok listáján, mint valaha",http://magyarnarancs.hu/tudomany/iden-tobb-allat-es-novenyfaj-szerepel-a-veszelyeztetett-fajok-listajan-mint-valaha-255103
39b5df8c902aa5718670bbe7db2fed5ddefaf6e91869bc193d7488edffbb2a8d,2024-04-25 16:25:16.849373+00:00,hu,hvg.hu,hvg.hu,2022-12-29,80 éven belül kihalhatnak a császárpingvinek és egymillió másik faj is,http://hvg.hu/gazdasag.zhvg/20221229_A_fajok_vilagmeretu_kihalasanak_katasztrofalis_sulyosbodasara_figyelmeztet_a_WWF_csaszarpingvin#rss
bd179c0421101b862323c34bfe28c909f3f219b5ee5b81cc2dc3aac88584bb46,2024-04-25 16:24:58.592343+00:00,hu,index.hu,index.hu,2022-12-29,Több mint 42 ezer állat- és növényfaj szerepel a veszélyeztetett fajok listáján,https://index.hu/kulfold/2022/12/29/termeszetvedelem-veszelyeztetett-faj-lista-allat-noveny-termeszetvedelmi-vilagszovetseg-jelentes-wwf-vadon-bolygo/
aba33c5f999f334c62dbabcc77f3b29278acedc3dc3e4781c1580c3db83aaaa0,2024-04-25 06:22:12.406227+00:00,hu,magyarnemzet.hu,magyarnemzet.hu,2024-04-25,Nem semmi lejátszási listát hozott létre a Spotify,https://magyarnemzet.hu/kultura/2024/04/spotify-lejatszasi-lista-termeszet?utm_source=hirstart&utm_medium=referral&utm_campaign=hiraggregator
d89d672d21719039a658f05632fa7a8e21060df784c1531fa420e2578c4e6a1f,2024-04-25 01:24:40.051508+00:00,hu,portfolio.hu,portfolio.hu,2024-04-24,Felülvizsgálják az Európai Unió közös agrárpolitikáját,https://www.portfolio.hu/unios-forrasok/20240424/felulvizsgaljak-az-europai-unio-kozos-agrarpolitikajat-682523
4cf48214fced24f3520b619b8a2f96673375cad9310581a3c9b3fb2460a86bae,2024-04-25 01:13:39.552562+00:00,hu,demokrata.hu,demokrata.hu,2024-04-24,Az EP jóváhagyta az EU közös agrárpolitikájának felülvizsgálatát,https://demokrata.hu/vilag/az-ep-jovahagyta-az-eu-kozos-agrarpolitikajanak-felulvizsgalatat-818608/
41a6ad0433694a4a4073e584b1b4479e0b350235a74be999d8664f93d9115915,2024-04-24 22:55:50.563037+00:00,hu,demokrata.hu,demokrata.hu,2024-04-24,Meglátta Magyarországot és egyből világvégét kiáltott a Lenin-rajongó belga,https://demokrata.hu/vilag/meglatta-magyarorszagot-es-egybol-vilagveget-kialtott-a-lenin-rajongo-belga-818357/
fd6b9b5cbc08f3d57f25010ff6bf8fab0fbaf5828b55ea8e3b93bb65aed3ffe4,2024-04-24 21:49:22.273328+00:00,hu,portfolio.hu,portfolio.hu,2024-04-24,Hogyan és miből valósítaná meg az EU a zöld átállást?,https://www.portfolio.hu/uzlet/20240424/hogyan-es-mibol-valositana-meg-az-eu-a-zold-atallast-682411
10fc0f67180eca59d6d2ce8c65fa3534c5d65a9bf33dcaca626f7682a6383829,2024-04-23 17:09:32.350568+00:00,hu,index.hu,index.hu,2024-04-22,"Nem vacakolnak tovább, így tennék Magyarországot Európa legzöldebb országává",https://index.hu/gazdasag/2024/04/22/zoldites-nemzeti-faultetes-napja-faultetes-magyarorszag-klimavedelem-kornyezetvedelem/
6965b55345ace8627309b136738dbf49a004032c596c65d63b4d9b1d20f6ce7f,2024-04-23 08:26:23.186981+00:00,hu,haon.hu,haon.hu,2024-04-22,A következő tanév időbeosztását is lefixálták az egyetemi szenátus legutóbbi ülésén,https://www.haon.hu/helyi-kozelet/2024/04/debreceni-egyetem-szenatusi-ules-tanev-dontesek?utm_source=hirstart&utm_medium=referral&utm_campaign=hiraggregator
32a801d3dca0875544850d013ccab858c10715fa305754bffe3eef2cac55b060,2024-04-23 08:16:40.091359+00:00,hu,hvg.hu,hvg.hu,2024-04-22,"Méhlegelők: pár éve sokan értetlenkedtek miattuk, pedig kétszáz éve még aggódtak, hogy kevés van belőlük",https://hvg.hu/zhvg/20240422_mehlegelok-beporzok-biodiverzitas#rss
b58d7c7492e7fcd9811d84b45d3a7989748a2921756e7557f3c6d80a9422036a,2024-04-12 03:37:58.568398+00:00,hu,haon.hu,haon.hu,2024-04-10,Gasztronómiai hagyományok felélesztéséért dolgozik a vármegye önkormányzata,https://www.haon.hu/helyi-kozelet/2024/04/gasztronomiai-hagyomany-varmegye-onkormanyzat-projekt?utm_source=hirstart&utm_medium=referral&utm_campaign=hiraggregator
9eaf96473612e7e8c0e34ae1a6a78cf70228a1184ac7e6e7607c7b6ec46942fa,2024-04-07 01:58:34.721368+00:00,hu,blikk.hu,blikk.hu,2024-04-05,"Nagy baj lehet belőle: most döbbentek rá a kutatók, hogy túl keveset tudunk a Föld biológiai összefüggéseiről",https://www.blikk.hu/ferfiaknak/tech/fold-egeszseget-fenyegeto-veszelyek/kkxdpzn
c21d86666d95c5fe8fa94066a328b79853f263cdd996706f8984c45f9d410e8a,2024-03-28 04:32:31.494610+00:00,hu,demokrata.hu,demokrata.hu,2024-03-26,Elindulhat az EU-s agrárpolitika felülvizsgálata,https://demokrata.hu/vilag/elindulhat-az-eu-s-agrarpolitika-felulvizsgalata-806756/
fe376c803632dfc682697fc85f418cbad7e5ab3d612cff667fb7ea36ded7cdda,2024-03-28 03:54:36.391213+00:00,hu,magyarnemzet.hu,magyarnemzet.hu,2024-03-26,Jóváhagyta az EU tanácsa a közös agrárpolitika felülvizsgálatára vonatkozó javaslatot,https://magyarnemzet.hu/gazdasag/2024/03/jovahagyta-az-eu-tanacsa-a-kozos-agrarpolitika-felulvizsgalatara-vonatkozo-javaslatot?utm_source=hirstartutm_medium=referralutm_campaign=hiraggregator
d98256f014b6245a4e7151da3537d96c0618b768df5634fc10689c7d4a9d2c79,2024-03-19 03:54:01.675195+00:00,hu,magyarkurir.hu,magyarkurir.hu,2024-03-17,Ferenc pápa: A tudomány és az őslakosok együttes tudásával védjük meg bolygónkat,https://www.magyarkurir.hu/hirek/ferenc-papa-tudomany-es-az-oslakosok-egyuttes-tudasaval-vedjuk-meg-bolygonkat
272f8059b4af9a7522e21f40ac616db73fa1e21ff21cf3f75ba856d203dce074,2024-03-18 02:53:22.566715+00:00,hu,kuruc.info,kuruc.info,2024-03-15,- Felülvizsgálná a KAP-rendelet egyes részeit az Európai Bizottság,https://kuruc.info/r/4/271556/
2064d2167e0ac449f644e195f9deeabdb87e580b3fa75b9efae8bec64f266573,2024-03-18 01:54:16.984261+00:00,hu,pestisracok.hu,pestisracok.hu,2024-03-15,Az Európai Bizottság megpróbál reagálni a lehetetlen helyzetbe hozott uniós gazdák problémáira,https://pestisracok.hu/az-europai-bizottsag-megprobal-reagalni-a-lehetetlen-helyzetbe-hozott-unios-gazdak-problemaira/comment-page-1/
c2fb35e71ab1ac9e6ef5ba31c97f13d4a99b51d66cede1ec0c64af0787524962,2024-03-18 01:53:58.264290+00:00,hu,pestisracok.hu,pestisracok.hu,2024-03-16,"Mivel közelednek az EP-választások, Brüsszel inkább meghajolt a gazdák előtt",https://pestisracok.hu/mivel-kozelednek-az-ep-valasztasok-ezert-brusszel-inkabb-meghajolt-a-gazdak-elott/
517a8e48bd31981212724e9f22b0be5971f2f6698bcca4022bc5941d16fb244e,2024-03-17 03:36:49.739594+00:00,hu,infostart.hu,infostart.hu,2024-03-15,átszabja az EU a közös agrárpolitika előírásait,https://infostart.hu/kulfold/2024/03/15/tiltakozasok-utan-atszabna-az-eu-a-kozos-agrarpolitika-eloirasait
f140413f8330baad34a141a58f841eea157b18e07bfa4cf784136ac4dad353fe,2024-03-17 03:13:16.032004+00:00,hu,vg.hu,vg.hu,2024-03-15,Hatott a gazdák tiltakozása: az Európai Bizottság új alapokra helyezné a közös agrárpolitikát,https://www.vg.hu/agrar/2024/03/hatot-a-gazdak-tiltakozasa-az-europai-bizottsag-uj-alapokra-helyezne-a-kozos-agrarpolitikat?utm_source=hirstart&utm_medium=referral&utm_campaign=hiraggregator
4218b120004550d06b8a7332611fd38a07f68691e84bc6c5852c13b78b22647f,2024-03-17 03:01:12.177620+00:00,hu,pestisracok.hu,pestisracok.hu,2024-03-15,Az Európai Bizottság megpróbál reagálni a lehetetlen helyzetbe hozott uniós gazdák problémáira,https://pestisracok.hu/az-europai-bizottsag-megprobal-reagalni-a-lehetetlen-helyzetbe-hozott-unios-gazdak-problemaira/
312c29d71dcbe999bf9644291c19caa330b94fa7f48a3306a73c8b4f036cbb76,2024-03-15 03:09:27.064666+00:00,hu,infostart.hu,infostart.hu,2024-03-13,Elárasztják vízzel a Duna ágrendszerét,https://infostart.hu/tudositoink/2024/03/13/elarasztjak-vizzel-a-duna-agrendszeret
91a12f7a4a83d91d25230aefd7c0c7cc611f03716d61a901a45bb4a81298fcf7,2024-03-10 18:23:58.047774+00:00,hu,pestisracok.hu,pestisracok.hu,2023-01-03,"Agrárminisztérium: 2022 nem a fakivágások, hanem a soha nem látott mértékű természetvédelmi fejlesztések éve volt",https://pestisracok.hu/agrarminiszterium-2022-nem-a-fakivagasok-hanem-a-soha-nem-latott-merteku-termeszetvedelmi-fejlesztesek-eve-volt/
cfe7c02bcd4e87f2e83c3c0b69c9d95078363f5708cc5f05364d2ef1e3010777,2024-03-10 02:04:47.625955+00:00,hu,pestisracok.hu,pestisracok.hu,2023-01-16,"Davos 2023 – Nem akarják tudni, milyen időszak vár ránk a világgazdasági elit jelentése szerint…",https://pestisracok.hu/davos-2023-nem-akarjak-tudni-milyen-idoszak-var-rank-a-vilaggazdasagi-elit-jelentese-szerint/
8585d24b1f490b64f03764d41b2accee1f83e72412c0ed1d1fd14429f75e694d,2024-03-10 01:56:45.290930+00:00,hu,hvg.hu,hvg.hu,2023-01-16,"Greenpeace: Úgy tűnik, az utolsó életben maradt békáig nincs gond a Fertő tavi beruházással a bíróság szerint",http://hvg.hu/itthon/20230116_Ferto_tavi_beruhazas_greenpace_itelet#rss
55cc374a232f9e994fb3eb8210f03ac4e635f1ead6bff8a1fe2fba05049ff25f,2024-03-10 01:45:08.820957+00:00,hu,24.hu,24.hu,2023-01-16,Alapjaiban változhat meg III. Károly viselkedése,https://24.hu/tudomany/2023/01/16/iii-karoly-kiraly-herceg-kornyezetvedelem-aktivista/
f25ebb2e5f6a516872f5472b81505ce496e50dd9b67928386210b38fdf88ed89,2024-03-10 00:42:54.438521+00:00,hu,pestisracok.hu,pestisracok.hu,2023-01-17,Beüt-e a klímakatasztrófa? Kipusztul-e a Föld élővilága?,https://pestisracok.hu/beut-e-a-klimakatasztrofa-kipusztul-e-a-fold-elovilaga/
99a546b5423d8b122cc394e26f0b74d66f9d237afd4094450e79f12047ae9b08,2024-03-09 23:27:38.352548+00:00,hu,24.hu,24.hu,2023-01-18,"A tömeges migráció az evolúciós folyamat része""",https://24.hu/kultura/2023/01/18/telmo-pievani-klimavaltozas-evolucio-filozofus-interju/
eba5a16456792a42f43b2986eeb11b4e9b94a81c0b3380816fb8c5b4a9d5f08f,2024-03-09 22:34:37.444122+00:00,hu,hetek.hu,hetek.hu,2023-01-17,Sötét jövőt jósol Magyarország számára a Világgazdasági Fórum,https://www.hetek.hu/cikkek/online/sotet-jovot-josol-magyarorszag-szamara-a-vilaggazdasagi-forum
206ff06ecd188c6e66ad45c831e21d193175cdfbe2a1c813b9e5d97a1d70654c,2024-03-09 06:49:27.808150+00:00,hu,24.hu,24.hu,2023-01-31,Brüsszelnél lobbizik mézügyben Magyarország,https://24.hu/fn/gazdasag/2023/01/31/mezjelolesi-szabalyok-szigoritasa-magyarorszag-agrarminiszterium-brusszel-eu/
c35e18dc8aa7685ef7c3e143dfbb97ecbc28a4852baa52eeb89f8604ec8eda80,2024-03-09 06:48:36.620460+00:00,hu,magyarnemzet.hu,magyarnemzet.hu,2023-01-31,Magyarország a mézjelölési szabályok szigorítását sürgeti Brüsszelben,https://magyarnemzet.hu/gazdasag/2023/01/magyarorszag-a-mezjelolesi-szabalyok-szigoritasat-surgeti-brusszelben
02007b8099af837ed36eecd405568ee2e08728780e7275e7982fd8c7654ab0a2,2024-03-09 06:38:10.274271+00:00,hu,infostart.hu,infostart.hu,2023-01-31,"Brüsszelben kongatja a vészharangot az agrártárca, 19 másik országgal együtt",https://infostart.hu/gazdasag/2023/01/31/brusszelben-kongatja-a-veszharangot-az-agrartarca-19-masik-orszaggal-egyutt
8b739cfd931f7ffb2e30f6829e01cdad60e860ffccbcfc9af336fce12132a583,2024-03-09 06:31:45.661776+00:00,hu,origo.hu,origo.hu,2023-01-31,Véget vetne Magyarország a mézjelölési káosznak Brüsszelben,https://www.origo.hu/gazdasag/20230131-mez-jeloles-szabaly-europai-unio.html
1e2ccbdc5876d44f47f722715fd74b5ee5c363a02be28e1a301ca19816e2afc4,2024-03-09 06:28:53.871301+00:00,hu,index.hu,index.hu,2023-01-31,A mézkeverékek pontosabb megjelölését sürgetik az uniós termelők,https://index.hu/gazdasag/2023/01/31/europai-unio-mez-szarmazasi-orszag-szabalyozas-agrarminiszterium/
f2ac426ae6d1bb80b6c169d8ce1ee4f306f185e187a4ffb7a61eff946c8f06ea,2024-03-08 16:42:25.068953+00:00,hu,demokrata.hu,demokrata.hu,2023-02-09,"A magyar agrárium elismertsége soha nem volt olyan jó, mint jelenleg",https://demokrata.hu/magyarorszag/a-magyar-agrarium-elismertsege-soha-nem-volt-olyan-jo-mint-jelenleg-640587/
844163879b2640d90924d55f2b9b8aceafd4416bd027fc10b33885af108a2b95,2024-03-08 16:38:19.071649+00:00,hu,magyarnemzet.hu,magyarnemzet.hu,2023-02-09,Farkas Sándor: A magyar mezőgazdaság 2030-ra utolérheti Nyugat-Európát,https://magyarnemzet.hu/gazdasag/2023/02/farkas-sandor-a-magyar-mezogazdasag-2030-ra-utolerheti-nyugat-europat
b3dbc920893d7c9d69ca452e6c5c932bd12fe195af1a12110a12a88bf18a93a0,2024-03-08 15:17:59.297649+00:00,hu,magyarnemzet.hu,magyarnemzet.hu,2023-02-10,Rágcsáló tájátalakítók mentik meg a vizes élőhelyeket,https://magyarnemzet.hu/mozaik/2023/02/ragcsalo-tajatalakitok-mentik-meg-a-vizes-elohelyeket
71c06a2e2b01e627755b3af1308104249a2022ed8c97a8e98d54079ad5be760d,2024-03-08 13:53:59.539984+00:00,hu,portfolio.hu,portfolio.hu,2023-02-11,Veszélyben az élelmiszeripar: széles körben használt alapanyag tűnhet el a boltok polcairól,https://www.portfolio.hu/global/20230211/veszelyben-az-elelmiszeripar-szeles-korben-hasznalt-alapanyag-tunhet-el-a-boltok-polcairol-596204
75fbc5bd708ec463ff8927211efd1d78e1c4503af6a307d47d63def80ebba02c,2024-03-08 13:52:48.539620+00:00,hu,hvg.hu,hvg.hu,2023-02-11,"Szabadtéri vágóhídon tomboló barbároknak nevezik őket, pedig csak egy évszázados hagyományt követnek",http://hvg.hu/gazdasag.zhvg/20230211_A_balna_ize_dokumentumfilm#rss
fc12f14c638bfd2682c8ac7ce45eb1987a7a3b213dd32ab3e8f69d4293902944,2024-03-08 06:19:14.189217+00:00,hu,magyarnemzet.hu,magyarnemzet.hu,2023-02-16,A lengyelek tiltakoznak erdőik brüsszeli gondnokság alá helyezése ellen,https://magyarnemzet.hu/kulfold/2023/02/a-lengyelek-tiltakoznak-erdoik-brusszeli-gondnoksag-ala-helyezese-ellen
2718bed9a27cd3b304827874069d858b68a66f76660ba7d1d1bd3b8922f10f95,2024-03-08 01:18:05.913945+00:00,hu,origo.hu,origo.hu,2023-02-20,Kérdések és válaszok egy akácerdő kivágása kapcsán,https://www.origo.hu/tudomany/20230220-akac.html
7c3745b868e4eab28e05462fde9738511f4609dd2b8beadaf414566586ea6ce0,2024-03-08 00:25:13.413170+00:00,hu,napi.hu,napi.hu,2023-02-21,Keserű méz: az uniós jogi környezet a vicc kategóriájába tartozik,https://www.napi.hu/belfold/mez-meheszek-europai-unio-jog.767747.html
572e30c444da8dabd80c182bc08d722421108462239ecfdc525756810c2153e8,2024-03-07 16:55:56.715779+00:00,hu,origo.hu,origo.hu,2023-02-26,Az ökoszisztéma összeomlása elkerülhetetlennek tűnik,https://www.origo.hu/tudomany/20230226-az-okoszisztema-osszeomlasa-elkerulhetetlen.html
87380c8641439a04063fdab15f44c5d5c1bd845498e5133c30b732fa01cdfc3c,2024-03-07 00:11:32.417805+00:00,hu,portfolio.hu,portfolio.hu,2023-03-10,Friss tanulmány figyelmeztet az ökológiai katasztrófára,https://www.portfolio.hu/global/20230310/friss-tanulmany-figyelmeztet-az-okologiai-katasztrofara-602064
3fb577087fda69e94578824014ccbec9b69ae318f70f3e0add1c73fd61ce6d2b,2024-03-07 00:00:42.063813+00:00,hu,origo.hu,origo.hu,2023-03-10,Fokozott veszélyben van a szigetek biodiverzitása,https://www.origo.hu/tudomany/20230310-a-szigetek-biodiverzitasa-fokozott-veszelyben-van-egy-uj-kutatas-szerint.html
f46f71893ac2ff34b373e0fb0657fb793258f602827d7c723c684bf1c935a20e,2024-03-06 23:57:25.979372+00:00,hu,hvg.hu,hvg.hu,2023-03-10,"Egy új kutatás szerint kihalás fenyegeti a szigeteken élő emlősöket, de más érdekességek is kiderültek",http://hvg.hu/tudomany/20230310_uj_kutatas_kihalas_veszelye_szigetek_biodiverzitasa_emlosok_allatok_kockazat_kistestu_nagytestu_fajok#rss
7d88ec7cf0bbe09f9f5a0c8c0e039917226c6418de6a79152d6f57e8ff02b4c7,2024-03-06 19:55:46.899007+00:00,hu,index.hu,index.hu,2023-03-13,"Az unokáink már csak hírből fogják ismerni a kakaót, a banánt és a kávét",https://index.hu/tudomany/2023/03/13/globalis-felmelegedes-eghajlatvaltozas-termofold-szarazsag-fenntarthatosag-banan-kakao-kave-rizs-krumpli/
ad957f0749a20188f7e95dcc0e9c9c594ad8a122a5e9c064f690260e2fe00e4b,2024-03-06 03:09:09.761091+00:00,hu,demokrata.hu,demokrata.hu,2024-03-04,Szabó Rebeka a kert végébe akkumulátorbontót vizionál,https://demokrata.hu/magyarorszag/szabo-rebeka-a-kert-vegebe-akkumulatorbontot-vizional-798022/
4024e483c9fbb13d8a84719beef75e991c6a850af5f3ab778574f42dc1ca1000,2024-03-03 02:40:44.211140+00:00,hu,hvg.hu,hvg.hu,2024-03-01,Háborúellenes tüntetéssé vált Navalnij temetése,https://hvg.hu/vilag/20240301_Ma_temetik_el_Moszkvaban_Alekszej_Navalnijt
b753ab1b1a539758f98e91ab23b3befdbdc590459f277bb45fc61771549a4664,2024-03-03 01:47:56.277969+00:00,hu,vaol.hu,vaol.hu,2024-03-01,Miből lesz a jó széna? és a gyepgazdálkodás gyakorlata,https://www.vaol.hu/helyi-kozelet/2024/03/mibol-lesz-a-jo-szena-es-a-gyepgazdalkodas-gyakorlata?utm_source=hirstart&utm_medium=referral&utm_campaign=hiraggregator
b4c1c9f6e3fbc04db56cffd0f23d9ea4d6f5dbd85170643a7254495eafafe31c,2024-03-02 09:40:28.211401+00:00,hu,nepszava.hu,nepszava.hu,2023-03-19,"Az ökológia válság hatalmi kérdés, és attól, hogy Debrecenben esetleg nem épül akkugyár, Iváncsán még nem lesz jobb",https://nepszava.hu/3188223_okologia-valsag-hatalom-tarsadalom-pribeli-levente
a6de01504a03616b398515a3598d7d8b02bd94351a24dfcc4054ec48c3cb6379,2024-03-02 08:29:38.618004+00:00,hu,magyarnemzet.hu,magyarnemzet.hu,2023-03-20,Tanácskozás az emberiség sorsközösségéről a CMG szervezésében (X),https://magyarnemzet.hu/gazdasag/2023/03/tanacskozas-az-emberiseg-sorskozossegerol-a-cmg-szervezeseben-x
d77f6e8e8ebb779cca6bc08b882281d0f8289cfa0a1d21df83697f5a98107e3f,2024-03-02 05:11:26.897937+00:00,hu,index.hu,index.hu,2023-03-22,A természetvédők szerint védelemre szorul a felszíni és felszín alatti vízkészlet,https://index.hu/gazdasag/2023/03/22/viz-vilagnapja-vizkeszlet-szennyezodesek-termeszetvedelmi-szervezetek-vizutanpotlas-biodiverzitas-vizmegtarto-kepesseg/
2984098b17ef490af1488bb429d2cf676eb1af66ecfc0baf11edbeeb97eb3639,2024-03-02 02:51:35.453079+00:00,hu,origo.hu,origo.hu,2023-03-24,"Nőhet a természeti katasztrófák gyakorisága, de fel tudunk rá készülni",https://www.origo.hu/tudomany/20230324-negy-kontinensrol-erkeztek-kutatok-az-szte-termeszeti-veszelyekkel-foglalkozo-konferenciajara.html
ff4d5dab5d6f38f11aef2ce56d800d901ee67ac8905d7fb4136141dd281fb7b2,2024-03-02 01:45:47.716962+00:00,hu,24.hu,24.hu,2023-03-25,Mi magunk tettük élhetetlenné a városokat,https://24.hu/tudomany/2023/03/25/fenntarthatosag-varosok-jovo-lorincz-katalin-pannon-egyetem/
dfcaed9f4970f9876bbeadd6e33ccca575885bb7b29aecedb628c9401e5f9799,2024-03-02 01:32:32.760832+00:00,hu,hvg.hu,hvg.hu,2024-02-29,A halottaskocsisok nem merik elszállítani Navalnij holttestét,https://hvg.hu/kkv/20240229_A_halottaskocsisok_nem_merik_elszallitani_Navalnij_holttestet
26ff082625620f1b86a985bb58b5ccb16c5ac11d192826a63feb46f9f22f93db,2024-03-01 20:36:13.055076+00:00,hu,portfolio.hu,portfolio.hu,2023-03-29,Környezeti katasztrófa pusztít Ausztráliában,https://www.portfolio.hu/gazdasag/20230329/kornyezeti-katasztrofa-pusztit-ausztraliaban-605888
6cff900347ec4cf0a468cc22ad5c6ee1359252635c3eadc021baf2d24946bcfc,2024-03-01 20:31:31.032520+00:00,hu,origo.hu,origo.hu,2023-03-29,Újra bozóttüzek pusztítanak Ausztráliában,https://www.origo.hu/tudomany/20230329-bozottuzek-okoznak-kornyezeti-katasztrofat-ausztralia-kozepso-reszen.html
bf4e538314d6bf0ec021500ee70af6877309c56f550ae6003a3280789979a7e7,2024-03-01 20:22:50.809302+00:00,hu,napi.hu,napi.hu,2023-03-29,Természet nélkül üzlet sincs,https://www.napi.hu/gazdasag/termeszet-nelkul-uzlet-sincs.769276.html
39a70275bba00bed6d9c5966ea4d51888de2ac14617dd034fdb8dc4124752872,2024-03-01 09:08:39.491707+00:00,hu,nepszava.hu,nepszava.hu,2023-04-06,Az EU nagyon számít az ukrajnai béketeremtésben Kínára,https://nepszava.hu/3190375_kina-eu-macron-hszi-csing-pin-haboru-beke
0f0ab3fc457e874e6d0e109e38e994f266a4bd145d20032c5e55ad3b4ddf6af6,2024-03-01 08:34:05.927427+00:00,hu,ripost.hu,ripost.hu,2023-04-07,Bahmutnál folytatódnak a harcok,https://ripost.hu/politik/2023/04/bahmutnal-folytatodnak-a-harcok
7c845d54156386f3bd93f4ff8f350e45921ced494460293feaaa806e148cb305,2024-03-01 08:33:17.327114+00:00,hu,portfolio.hu,portfolio.hu,2023-04-07,Meghatározza az EU-Kína viszonyt a kölcsönös függőség,https://www.portfolio.hu/global/20230407/meghatarozza-az-eu-kina-viszonyt-a-kolcsonos-fuggoseg-607912
040db6d26e5a47af1ecf78dac2f968291a761647de50e1d7e9774b6dfaf4ebd0,2024-03-01 07:32:39.353343+00:00,hu,ripost.hu,ripost.hu,2023-04-08,Húsvétkor is dúl a háború Ukrajnában,https://ripost.hu/politik/2023/04/husvetkor-is-dul-a-haboru-ukrajnaban
47e6fba761ea7528dbe4e972a8c5450e81f0eb82cb4fcefdef743e07a0f747da,2024-02-29 11:31:13.702194+00:00,hu,index.hu,index.hu,2023-04-22,"Áder János: A „vedd meg, használd rövid ideig, majd dobd el” kultúra terrorizál minket",https://index.hu/gazdasag/2023/04/22/ader-janos-kek-bolygo-klimavedelmi-alapitvany-mcc/
75fb412dc7cd82ba22692c1c7dd618de3c77f2a3d72d2433105c8ed51ce8fcdc,2024-02-29 07:45:25.571666+00:00,hu,infostart.hu,infostart.hu,2023-04-25,Áder János: az utóbbi kétszáz év emberi tevékenysége kizsigereli a Földet,https://infostart.hu/belfold/2023/04/25/ader-janos-az-utobbi-ketszaz-ev-emberi-tevekenysege-kizsigereli-a-foldet
6f6feb10e140e6117d8b1fa70b4653d6b7339203d956c46f10bf061193780eb5,2024-02-29 07:28:24.289218+00:00,hu,index.hu,index.hu,2023-04-25,Áder János: A vegetáriánus életmód nem tudná megoldani az üvegházhatású gázok csökkentését,https://index.hu/belfold/2023/04/25/ader-janos-kek-bolygo-klimavedelmi-alapitvany-klimavaltozas-kornyezetvedelem/
60c79331d422c59c70d6e70a27b4c5ac92ac8e5e3c37f16f29abb9b129928737,2024-02-29 07:00:47.758608+00:00,hu,napi.hu,napi.hu,2023-04-26,Áder János kemény dolgokról beszélt,https://www.napi.hu/mezogazdasag/kornyezetvedelem-biologiai-sokfeleseg-ader-janos.770447.html
5671ebfb548cb7ddd2fc853b4661d804362655e1ee86a77a2345e099e5d581a3,2024-02-29 02:49:34.046386+00:00,hu,demokrata.hu,demokrata.hu,2023-04-28,Több mint 90 milliárd forintnyi természetvédelmi beruházás jött létre,https://demokrata.hu/magyarorszag/tobb-mint-90-milliard-forintnyi-termeszetvedelmi-beruhazas-jott-letre-674623/
3a203a94c83fc3b11848f7baeae20728207d571f7a95dad2be55f3f1d1036c26,2024-02-28 08:21:31.600424+00:00,hu,szeretlekmagyarorszag.hu,szeretlekmagyarorszag.hu,2023-05-11,A legtöbb Covid-halál egy teljesen másmilyen fertőzés miatt következhetett be egy kutatás szerint,https://www.szeretlekmagyarorszag.hu/egeszseg/a-legtobb-covid-halal-egy-teljesen-masmilyen-fertozes-miatt-kovetkezhetett-be-egy-kutatas-szerint/
40f11e42e6c265f362b0c4e886b9b7a54256fad71dc8c67cf1a7a3c3714c9aa3,2024-02-28 07:20:07.163012+00:00,hu,portfolio.hu,portfolio.hu,2023-05-12,Az ingatlanpiacot is elárasztják az adatok,https://www.portfolio.hu/ingatlan/20230512/az-ingatlanpiacot-is-elarasztjak-az-adatok-ezekkel-bizonyithato-a-zoldebb-mukodes-614432
1fa09d8b0f818057a2a27574465c296a6c67e371e4c225d0b7e36d5690397b89,2024-02-28 05:41:52.479682+00:00,hu,szeretlekmagyarorszag.hu,szeretlekmagyarorszag.hu,2023-05-13,Drámaian megugrott a betegek száma Magyarországon,https://www.szeretlekmagyarorszag.hu/egeszseg/dramaian-megugrott-a-betegek-szama-magyarorszagon/
ad411ce845718110ce9f34a3bff136ff06d865c0c61194fd650a118b1bb95768,2024-02-28 03:52:57.351979+00:00,hu,24.hu,24.hu,2023-05-15,"Korrekt számítás szerint 2050 körül jöhet az emberiség totális összeomlása""",https://24.hu/tudomany/2023/05/15/szathmary-eors-klimavaltozas-evolucio-civilizacios-osszeomlas-interju/
ef38dab7ab4b18c2d0f521412e5dcdc0d95f3eb73f5f44b91725007c9000c535,2024-02-27 22:05:22.555586+00:00,hu,portfolio.hu,portfolio.hu,2023-05-18,Zöldzsarolások áldozata lett az uniós mesterterv,https://www.portfolio.hu/unios-forrasok/20230518/zoldzsarolasok-aldozata-lett-az-unios-mesterterv-615928
9c97e038ce0b4e713b10edb999701a4fdd3cb468d524e10df828ad8003c76b7b,2024-02-27 15:39:12.194872+00:00,hu,metropol.hu,metropol.hu,2023-05-22,Ma ezért vigyázz a kilókkal!,https://metropol.hu/aktualis/2023/05/majus-22-hetfo-a-biologiai-sokfeleseg-napja
96f72702bbf79be723f43ea579a508e413b5c9052621c5b33ebe3592472cb41b,2024-02-27 13:23:13.261794+00:00,hu,24.hu,24.hu,2023-05-23,Több ezer állatfaj robog a kihalás felé,https://24.hu/tudomany/2023/05/23/belfast-egyetem-kutatas-biodiverzitas-allatfajok-kihalas/
5c855752b5d2bb2edfaee0de2f5301b4e07021c16256ee2420f99db3c859e831,2024-02-27 13:16:27.808166+00:00,hu,portfolio.hu,portfolio.hu,2023-05-23,Riasztó mértékben halad a kihalás felé az állatfajok jelentős része,https://www.portfolio.hu/global/20230523/riaszto-mertekben-halad-a-kihalas-fele-az-allatfajok-jelentos-resze-617014
1fd603127c8cf81bba7dcf6a526d9711cca07c8586ceda2777c0c604bb4cee0f,2024-02-27 11:48:09.263473+00:00,hu,origo.hu,origo.hu,2023-05-24,"Elkeserítő, mi történik a Föld állataival",https://www.origo.hu/tudomany/20230524-a-foldon-elo-allatfajok-csaknem-felenek-csokken-a-populacioja.html
2fdaedb8366b1a9cbb13b376fb33eb3962bf0da0cd00c62e5aff95dfe70659df,2024-02-27 11:32:32.422084+00:00,hu,origo.hu,origo.hu,2023-05-24,Az Egyesült Királyságban kiterjesztik az elefántcsont kereskedelem betiltását még öt fajra,https://www.origo.hu/tudomany/20230524-elefantcsont.html
bded8e67cf661090f7b046b76c47b8ac44c64e8f0e23c37cfffa576d45b10b8a,2024-02-27 11:27:59.398073+00:00,hu,origo.hu,origo.hu,2023-05-24,Majdnem az állatok fele fogyóban van,https://www.origo.hu/tudomany/20230524-biodiverzitas.html
64894a8a09bca9b91f38f34e3b1f000f6e9685a0cd67ee95a2a336a7fbd1e63b,2024-02-27 11:19:21.850458+00:00,hu,infostart.hu,infostart.hu,2023-05-24,Döbbenetes: a Földön élő állatfajok csaknem felénél van baj,https://infostart.hu/tudomany/2023/05/24/dobbenetes-a-foldon-elo-allatfajok-csaknem-felenel-van-baj
b4b375b6810d0ea3f5b0c9d6dc9f1909a793ad6d9815e103d9b61ea4162ea527,2024-02-27 08:34:42.491085+00:00,hu,origo.hu,origo.hu,2023-05-26,A mélytengeri bányászat forrópontjai rejtélyes állatoktól hemzsegnek,https://www.origo.hu/tudomany/20230525-melytengeri-banyaszat.html
b9efaba391dcdf19bdafe9ff55985b7a598edc17ab88e8feba10f159ce4f4fd2,2024-02-27 04:08:34.588036+00:00,hu,szeretlekmagyarorszag.hu,szeretlekmagyarorszag.hu,2023-05-30,Napi két csésze tea segíthet megvédeni az egyik legfontosabb szervünket az öregedéstől,https://www.szeretlekmagyarorszag.hu/egeszseg/napi-ket-csesze-tea-segithet-megvedeni-az-egyik-legfontosabb-szervunket-az-oregedestol/
7f10bae847bd2275c65f017dfd1d3fe9ccbdc7dc3a6e5ecb6aa4ea8ea4603f1b,2024-02-27 03:53:03.188657+00:00,hu,szeretlekmagyarorszag.hu,szeretlekmagyarorszag.hu,2023-05-30,Érdemes átszokni az ülve pisilésre a férfiaknak: szakértők szerint egészségesebb és hatékonyabb,https://www.szeretlekmagyarorszag.hu/egeszseg/erdemes-atszokni-az-ulve-pisilesre-a-ferfiaknak-szakertok-szerint-egeszsegesebb-es-hatekonyabb/
b225052235c79b915de8b758202d6a8572c63b0d7b19f8d8fe576a780f4fb6d9,2024-02-27 03:33:29.454214+00:00,hu,ma.hu,ma.hu,2024-02-25,"Tudósok drónt küldtek az óceánba, és 'soha nem látott' fajok bőséges tárházára bukkantak",https://www.ma.hu/tudomany/397841/Tudosok_dront_kuldtek_az_oceanba_es_soha_nem_latott_fajok_boseges_tarhazara_bukkantak?place=srss
89d5ffdb4ff6dd520d725dc5f18e1e59f509c96c30512405339c245835c7fc10,2024-02-27 02:23:40.213031+00:00,hu,hvg.hu,hvg.hu,2023-05-31,Globális egyezményt sürgetnek a műanyagszennyezés megfékezésére,http://hvg.hu/gazdasag/20230531_Globalis_egyezmenyt_surgetnek_a_muanyagszennyezes_megfekezesere#rss
95288a1c10166909cc25f951e69ba335a776d329421caccf97ab408951c83426,2024-02-26 19:15:22.926703+00:00,hu,blikk.hu,blikk.hu,2023-06-05,"Trópusi éjszakák, malária, szennyezett élelmiszerek: magyar tudósok riasztó jóslata a visszafordíthatatlan, extrém éghajlatváltozásról",https://www.blikk.hu/aktualis/belfold/idojaras-klimavaltozas-magyarorszag-mta/ennjc9s
63e792155927924888181925611d28e859764a7596dfef52202cb926e4c343fc,2024-02-26 18:56:25.598876+00:00,hu,nepszava.hu,nepszava.hu,2023-06-05,"Végre talán megérti Európa, hogy véget kell vetni a növekedés kényszerének",https://nepszava.hu/3197048_novekedes-civilizacio-fenntarthatosag-konferencia-koves-alexandra-interju
a4cf6bb07fe58422535456549b9188e147a840de7c5b8c6a81d05d49a8c586b2,2024-02-26 15:58:23.220993+00:00,hu,rtl.hu,rtl.hu,2023-06-07,"Képeken, ahogy meztelen világsztárok ölelgetnek tengeri állatokat",https://rtl.hu/kultura/2023/06/07/vilagsztarok-hiressegek-meztelen-fotok-tengeri-allatok-tulhalaszat-europai-parlament
f9bfc8d81fdb491f4d3fdb83f0a705d07ff3978e7c2e96c01cd3a35e04a4f989,2024-02-26 08:31:24.805452+00:00,hu,origo.hu,origo.hu,2023-06-13,Biológiai invázió fenyegeti Magyarországot,https://www.origo.hu/tudomany/20230613-elkh-a-biologiai-invazio-hazai-kutatasanak-uj-kozpontjakent-az-ok-vezetesevel-megalakult-az.html
31e242bb699e4d4b0c14da639364b2de5a11238e3066bbdd4448eb591c033a68,2024-02-26 02:21:26.347595+00:00,hu,baon.hu,baon.hu,2024-02-24,A tarka sáfrányos élőhelyeket takarították Nyárlőrincen,https://www.baon.hu/helyi-kozelet/2024/02/tarka-safrany-knp-nyarlorinc?utm_source=hirstart&utm_medium=referral&utm_campaign=hiraggregator
3ec1fc2500c5dcc71c2c0f99157da11064f85cd7222a38b77a475005e7f8cfc9,2024-02-26 01:44:43.715836+00:00,hu,portfolio.hu,portfolio.hu,2023-06-18,"Hosszú álomból ébredt Amerika, miközben Kína már a hátába került – Új frontot nyitottak a nagyhatalmak",https://www.portfolio.hu/global/20230618/hosszu-alombol-ebredt-amerika-mikozben-kina-mar-a-hataba-kerult-uj-frontot-nyitottak-a-nagyhatalmak-621788
dcae83349dec955c086fe667edd946a6c9c382f0ee8d4e73d7bbd77f730a3554,2024-02-25 14:27:42.669696+00:00,hu,merce.hu,merce.hu,2023-06-24,„A rendszer így működik – amennyiben hagyjuk” « Mérce,https://merce.hu/2023/06/24/a-rendszer-igy-mukodik-amennyiben-hagyjuk/
2763669a9ee3a5726ce46864ee33347fe3f6e8db57219deaca56e2470f2d5ec1,2024-02-25 09:29:16.633725+00:00,hu,hvg.hu,hvg.hu,2023-06-30,Kína-EU kapcsolatok: egyszerre három irányba indul az EU,http://hvg.hu/vilag/20230630_KinaiEU_kapcsolatok_haromarcu_partnerseg#rss
9b4e4f424094c0c4a87ac8a70e5f8953bb8a1bf9b0827eef8e5bcec008a08a6c,2024-02-25 03:36:40.695625+00:00,hu,napi.hu,napi.hu,2023-07-05,Klímaválság: Lantos Csaba egy merész vállalást tett a WHO konferenciáján,https://www.napi.hu/magyar-gazdasag/who-budapest-kornyezetvedelem-konferencia-egeszsegugy-pinter-sandor-expo.773675.html
8d02856a30452602381b9d0e6debe7865591e54155356e5bb030345c7a01ee98,2024-02-24 19:05:23.398802+00:00,hu,hvg.hu,hvg.hu,2023-07-12,"Váratlanul győzött a tudományos racionalitás az Európai Parlamentben, megszavazták a természet helyreállítási törvényt",http://hvg.hu/eurologus/20230712_Varatlanul_gyozott_a_tudomanyos_racionalitas_az_Europai_Parlamentben_megszavaztak_a_termeszet_helyreallitasi_torvenyt#rss
b2bfbaf404f669e4ff24b9fbd392df611bce32023bd404e8989e26b885aa2e4c,2024-02-24 17:47:13.299567+00:00,hu,merce.hu,merce.hu,2023-07-13,"A Tanácsban még támogatta a kormány, a Parlamentben a Fidesz már leszavazta az európai természethelyreállítási törvényt « Mérce",https://merce.hu/2023/07/13/a-tanacsban-meg-tamogatta-a-kormany-a-parlamentben-a-fidesz-mar-leszavazta-az-europai-termeszethelyreallitasi-torvenyt/
78f4bb1baac06c4f3bfe87c70f77720bd67d2ae87f8566f7342631c066001eb0,2024-02-24 16:55:55.788089+00:00,hu,magyarnemzet.hu,magyarnemzet.hu,2023-07-14,Súlyos hőhullámok és áradások jönnek az El Nino miatt,https://magyarnemzet.hu/lugas-rovat/2023/07/sulyos-hohullamok-es-aradasok-jonnek-az-el-nino-miatt
471fd9db628784ef3a5125a87bd876736ab3554d978fdb69e9d27bb6d2f2bda3,2024-02-24 13:32:36.896945+00:00,hu,hvg.hu,hvg.hu,2023-07-17,"Szélesre tárná a kaput a génmódosításnak az EU, ami miatt minden kenyér ilyen búzából sülhet, ám mégsem hívhatjuk majd GMO-nak",http://hvg.hu/gazdasag/20230717_gmo_ngt_genszerkesztett_novenyek_genmodositas_mezogazdasag_klimavaltozas_onki_europai_bizottsag#rss
872ef816f47f73a57db7f784086a014a52f80ac6e0f4e41d6e0271c0e131d324,2024-02-24 09:38:02.422422+00:00,hu,haon.hu,haon.hu,2024-02-22,Soha nem látott büdzsével gazdálkodhat Debrecen 2024-ben,https://www.haon.hu/helyi-kozelet/2024/02/megujulo-utcak-faultetesi-domping-ingyen-utazo-diakok-debrecen-kotsegvetes-kozgyules-2024?utm_source=hirstart&utm_medium=referral&utm_campaign=hiraggregator
b12fcb76679bbf251f842199e4deb034e27e2b1e0403259d30a0e6b7a3f26684,2024-02-24 08:06:13.933154+00:00,hu,napi.hu,napi.hu,2023-07-21,Hol tart a nagy láncok biológiailag lebontható zacskóinak tesztje?,https://www.napi.hu/gazdasag/biologiailag-lebonthato-zacskok-teszt-muanyag-fenntarthatosag.774457.html
ab9eeefd0f247cd3cf809a9a73643730eb19d1750f4e88347f2020290502c5a2,2024-02-23 15:18:21.462926+00:00,hu,infostart.hu,infostart.hu,2023-08-02,A Magyar Nemzeti Bank zöld programot indított a biodiverzitás megőrzése érdekében,https://infostart.hu/gazdasag/2023/08/02/a-magyar-nemzeti-bank-zold-programot-inditott-a-biodiverzitas-megorzese-erdekeben
5503b56982add35ac705e56b7a29b6c1b66370fb70f305ca8a0ecf71d2c188f6,2024-02-23 07:14:19.648680+00:00,hu,portfolio.hu,portfolio.hu,2023-08-09,Behálózzák az üzleti életet a zöld programok,https://www.portfolio.hu/uzlet/20230809/behalozzak-az-uzleti-eletet-a-zold-programok-vajon-tudjak-tartani-az-igereteket-a-vallalatok-631445
5a7cc138a79c2c80142c7a6c3b49b950bc4106deeef8cd169a2b857048c91d5d,2024-02-23 05:47:08.861551+00:00,hu,hvg.hu,hvg.hu,2023-08-10,"Csak mítosz, vagy tényleg annyival rosszabb a vegán étrendnél a sok hús? Kiszámolták, az eredmény magáért beszél",http://hvg.hu/tudomany/20230810_etrend_kornyezeti_hatasai_vizsgalat_tanulmany_oxfordi_egyetem_veganok_husfogyasztok_uveghazhatasu_gazok#rss
537c926d84302fcc43f3269465d18f67b256d3160af634ea92ab9df67a82bfe7,2024-02-23 03:52:38.799319+00:00,hu,origo.hu,origo.hu,2023-08-11,A klímaváltozás kifejezéseivel is bővül a brit jelnyelv,https://www.origo.hu/tudomany/20230811-a-klimavaltozas-kifejezeseivel-is-bovul-a-brit-jelnyelv.html
95c98e7a9823c657f47a43e91cf4faed710e5f37ada18a44396ec9ff037ce2c7,2024-02-23 02:20:50.583357+00:00,hu,infostart.hu,infostart.hu,2023-08-12,Megtízszerezte a kormány a nemzetpolitika támogatásait – a nap hírei,https://infostart.hu/belfold/2023/08/12/megtizszerezte-a-kormany-a-nemzetpolitika-tamogatasait-a-nap-hirei
d0d6f66e98d42dd0031356a96dcff90f549121a7276b0e2d53793ef6c4a6dae5,2024-02-22 13:30:16.780357+00:00,hu,origo.hu,origo.hu,2023-08-22,"Nagy a baj, veszélyben vannak Európa édesvizei",https://www.origo.hu/tudomany/20230822-nagy-a-baj-vegveszelyben-vannak-europa-edesvizei.html
c57cfeb5f0336721b5a52c4dfa4dc733e509ba40c10c93c495a79bb035a2183b,2024-02-22 13:24:40.109804+00:00,hu,napi.hu,napi.hu,2023-08-22,"Nem minden zöld, ami fénylik",https://www.napi.hu/gazdasag/tokepiac-befektetesek-fenntarthatosag-greenwashing-mnb.776178.html
48a245cf92bc2f202f2f1911bd701ccc4fd4572f0a81a778be3def0a26775f70,2024-02-22 08:14:17.716427+00:00,hu,demokrata.hu,demokrata.hu,2023-08-26,Tarol az ukrán dömping,https://demokrata.hu/gazdasag/tarol-az-ukran-domping-720180/
160b672eb4db92b8621980546b245632a9abcd10cdf4de881787f9d34f2265f3,2024-02-22 04:31:43.907500+00:00,hu,origo.hu,origo.hu,2023-08-29,Itt a legújabb ötlet a korallzátonyok megsegítésére,https://www.origo.hu/tudomany/20230829-uj-eszkoz-a-korallzatonyok-megsegitesere.html
6841923dcea521682f3521b4a2abf28f629113b39c75137e5f8a816f4422755f,2024-02-22 01:14:30.784003+00:00,hu,dunaujvaros.com,dunaujvaros.com,2023-08-31,170 millió közvetlen EU-s forrásra pályázunk,https://dunaujvaros.com/hirek/202308/170_millio_kozvetlen_eu_s_forrasra_palyazunk
18cfd39652cff98fcc2fce071152a88e7dfd285c40d9716462bf02b9a5d29eeb,2024-02-22 00:09:57.522596+00:00,hu,infostart.hu,infostart.hu,2023-09-01,Global Witness: ömlik az orosz LNG Európába,https://infostart.hu/kulfold/2023/09/01/global-witness-omlik-az-orosz-lng-europaba
f7d04de72b0edf9fae63d7161f69f6d60f038403551aad6c4edf712d9464d50b,2024-02-21 19:57:33.458864+00:00,hu,portfolio.hu,portfolio.hu,2023-09-04,"Baljós figyelmeztetés érkezett: kifutunk az időből, nagy veszélyt jelentenek az invazív fajok",https://www.portfolio.hu/gazdasag/20230904/baljos-figyelmeztetes-erkezett-kifutunk-az-idobol-nagy-veszelyt-jelentenek-az-invaziv-fajok-637697
96f44ec0e87200068942e5fcefa183a5fa3bfc53166389b239a3330337ce7c46,2024-02-21 17:36:49.602845+00:00,hu,blikk.hu,blikk.hu,2023-09-06,Újabb veszély a Földön? Óriási tanulmány figyelmeztet idegen fajok inváziójára,https://www.blikk.hu/ferfiaknak/tech/ffigyelmeztetes-idegen-fajok-invaziojara/gjlzren
1f28a7776f9b7945328ebb4ccfffee359577d39b954680c5505c9fd41c390a68,2024-02-21 10:55:40.815034+00:00,hu,nepszava.hu,nepszava.hu,2023-09-09,"Sokba kerülnek, világszerte évente mintegy 423 milliárd dollár veszteséget okoznak az invazív fajok",https://nepszava.hu/3208079_invaziv-faj-veszteseg-vilag-minden-ev
e50f67b922fff142b0e8d8905ed3563c0126ce15c3fad3be9852e378813c5afa,2024-02-21 10:30:03.243264+00:00,hu,ripost.hu,ripost.hu,2023-09-10,"Egyre több a betelepült, idegen állat- és növényfaj az országban: mit lehet tenni a veszély ellen?",https://ripost.hu/insider/2023/09/egyre-tobb-az-idegen-allat-es-novenyfaj-itthon
c100a078566960443796d64ce1c9680442e6b68f34f642a1507c8cb8315e8474,2024-02-21 08:50:07.707412+00:00,hu,origo.hu,origo.hu,2023-09-11,Egyre súlyosabb fenyegetést jelentenek az invazív fajok,https://www.origo.hu/tudomany/20230911-am-az-invazios-fajok-behurcolasa-es-terjedese-vilagszerte-a-biodiverzitas-csokkenesenek-egyik.html
694960fc132672b5b0bc714898b8117e1b64c07c8edeff25f227045b8822f9d1,2024-02-21 06:50:46.621285+00:00,hu,24.hu,24.hu,2023-09-13,"Korszakalkotó felfedezés: sokkal ősibb lehet a Kárpát-medence élővilága, mint gondoltuk",https://24.hu/tudomany/2023/09/13/jegkorszak-mamut-ho-jeg-elovilag-novenyek-fajgazdagsag-okologia/
dc12f3e5954d3acb0a855b245bc4c5d40ac407d83d822772a1acd0f135705a7d,2024-02-21 05:05:07.868686+00:00,hu,portfolio.hu,portfolio.hu,2023-09-14,"Ha valakinek a saját háza táján nincsenek rendben a fenntarthatósági ügyek, jobb, ha csendben marad",https://www.portfolio.hu/uzlet/20230914/ha-valakinek-a-sajat-haza-tajan-nincsenek-rendben-a-fenntarthatosagi-ugyek-jobb-ha-csendben-marad-639643
fbd9b6ef8bdc226536815944c5819c197365e3821ee68cf23142e7fac5307131,2024-02-21 04:44:34.313664+00:00,hu,magyarnarancs.hu,magyarnarancs.hu,2024-02-19,"Az EU-s vezető, aki a családból hozta magával az európai éthoszt",https://magyarnarancs.hu/kulpol/az-eu-s-vezeto-aki-a-csaladbol-hozta-magaval-az-europai-ethoszt-265801
0c80232beb09abff69b20ffb4e97a28336d82c1b8830a3ca710874f084f6ff63,2024-02-21 01:23:34.064448+00:00,hu,24.hu,24.hu,2023-09-17,Ukrajnai gátszakadás: emberi maradványokat sodort a víz a Fekete-tengerbe,https://24.hu/tudomany/2023/09/17/ukrajnai-haboru-gatszakadas-nova-kahovka-kornyezeti-hatasok/
2749b7c70eb6808b8f8ed58836f2d3c73a884ee5cd7cb298d014faf5c7a55aad,2024-02-20 17:30:39.523929+00:00,hu,index.hu,index.hu,2023-09-23,"A fél világ azt lesi, amit Matolcsy Györgyék kitaláltak",https://index.hu/gazdasag/2023/09/23/fold-bolygo-fenntarthatosag-kandracs-csaba-jegybank-mnb-esg-gyorgy-laszlo-harmonikus-novekedesi-index-hni/
01945f4266086a579b5ccf0d20673fa70bf7deaea2840b1e9087aa0f46be4d25,2024-02-20 15:56:09.545275+00:00,hu,mandiner.hu,mandiner.hu,2023-09-24,A béke és a párbeszéd üzenete most a cél a háború árnyékában – tudós-lelkész a Mandinernek,https://mandiner.hu/belfold/2023/09/a-beke-es-a-parbeszed-uzenete-most-a-cel-a-haboru-arnyekaban-tudos-lelkesz-a-mandinernek
1abdc324590c3491f899ebc2f5784f2fe9a28f61bde6be8524165ce6a9860fc7,2024-02-20 03:04:32.843318+00:00,hu,hvg.hu,hvg.hu,2024-02-18,"„Jobban kellene figyelni a vízvisszatartásra, de még inkább az akkugyárakra”",https://hvg.hu/gazdasag/20240218_Virginijus_Sinkevicius_interju_europai_bizottsag_kornyezetvedelmi_biztos_kornyezetvedelem_akkugyarak_energiaszegenyseg_vizvalsag
ccd43b06e77d01fcde1ad6fe121377eb1d7be95c0ee69b2311b0f1331dff9dde,2024-02-20 01:39:19.911863+00:00,hu,infostart.hu,infostart.hu,2023-10-02,Ismét nincs engedélye a vitatott Fertő tavi nagyberuházásnak,https://infostart.hu/belfold/2023/10/02/ismet-nincs-engedelye-a-vitatott-ferto-tavi-nagyberuhazasnak
5d987dba022b13c92261257fe58c2ebc5c56d5b9b717776f2f00d91e7fb26feb,2024-02-19 12:22:32.824263+00:00,hu,szeretlekmagyarorszag.hu,szeretlekmagyarorszag.hu,2023-10-10,"Egyre több embert kellene kiszolgálniuk, miközben a vegyszerek és a klímaváltozás veszélyezteti őket. Így védhetnénk meg a méheket és a beporzókat",https://www.szeretlekmagyarorszag.hu/jovo/egyre-tobb-embert-kellene-kiszolgalniuk-mikozben-a-vegyszerek-es-a-klimavaltozas-veszelyezteti-oket-igy-vedhetnenk-meg-a-meheket-es-a-beporzokat/
9af5a56ca35328cc68e69a557e8f19807fccc2df4d4300afa0ee9ca5974c5400,2024-02-19 03:45:08.828364+00:00,hu,index.hu,index.hu,2023-10-15,"Megkongatták a vészharangot Matolcsy Györgyék, halálos veszélyben vagyunk",https://index.hu/gazdasag/2023/10/15/mnb-kandracs-csaba-interju-matolcsy-inflacio-harmonikus-novekedesi-index/
195cbbdca96e945bfb5038425ffcc0e30e29ebb3f5cd3d8288767baf171cf884,2024-02-19 01:17:20.297109+00:00,hu,alfahir.hu,alfahir.hu,2023-10-16,Természetvédelmi Világalap: a víz áll a növekvő globális válság középpontjában,https://alfahir.hu/hirek/termeszetvedelmi-vilagalap-a-viz-all-a-novekvo-globalis-valsag-kozeppontjaban
69e872bcc4222aaf6a0589c1673452c1992600458177636e5e4678b38af651d3,2024-02-19 00:13:09.123518+00:00,hu,origo.hu,origo.hu,2023-10-17,"MuraDrávaDuna: 20 millió euró ""Európa Amazonasának"" újjáélesztésére",https://www.origo.hu/tudomany/20231016-mura-drava.html
0068c5be17097549dd5199d2e2b1a454f0b8ffa66beb0cdcd47d8a307bd7779b,2024-02-18 18:53:54.484485+00:00,hu,portfolio.hu,portfolio.hu,2023-10-20,Újjáélesztik „Európa Amazonasát”,https://www.portfolio.hu/uzlet/20231020/ujjaelesztik-europa-amazonasat-hatalmas-termeszetvedelmi-projekt-indul-646933
56c4f6b01de0f9e9d0f50d28a4e4b24ac3d8c47277ac2c51c308b29cd4d11d1f,2024-02-18 05:33:08.902993+00:00,hu,hvg.hu,hvg.hu,2023-10-28,"Ránéztek a magyar gyárak körmére, és hát lenne még mit színezni rajta",http://hvg.hu/tudomany/20231028_siemens_iparvallalatok_fenntarthatosag_kutatas#rss
cee6b26cd1e3958b5260c99455eefec96e609eca0b112c317deef0d233cb34e0,2024-02-18 04:26:27.230093+00:00,hu,ripost.hu,ripost.hu,2024-02-16,"Összefognak a tiltakozó európai gazdák, nyomás alatt Brüsszel",https://ripost.hu/politik/2024/02/osszefognak-az-europai-gazdak-nyomas-alatt-brusszel
a003d07bdb36d6721f761d218417663ee645278dbc9a3737dfe1593abdf8d5db,2024-02-18 04:25:40.242887+00:00,hu,sonline.hu,sonline.hu,2024-02-16,A globális erdőirtás megfékezéséért,https://www.sonline.hu/helyi-kozelet/2024/02/a-globalis-erdoirtas-megfekezeseert?utm_source=hirstart&utm_medium=referral&utm_campaign=hiraggregator
c045f3185f161252ae02666660aff820be80edf2bf4ff05f3927db91fb950139,2024-02-17 22:56:05.835917+00:00,hu,origo.hu,origo.hu,2023-10-31,"Így élesztik újjá az élővilágot a Mura, Dráva és Duna mentén",https://www.origo.hu/tudomany/20231031-hatalmas-termeszetvedelmi-projekt-indult-europa-amazonasanak-ujjaelesztesere.html
54fe6078c19e5bd441bfd069b38c7e5aef2d742285de8ed04b337d6ae95ad0f7,2024-02-17 10:08:36.945601+00:00,hu,origo.hu,origo.hu,2023-11-07,MuraDrávaDuna: hatalmas természetvédelmi projekt indul Európa Amazonasának újjáélesztésére,https://www.origo.hu/tudomany/20231106-termeszetvedelem.html
63cf72e7bfb280fe4a3b6b377fe340484b6383f0a7c843acdd27669bcad78949,2024-02-17 04:04:35.426177+00:00,hu,vg.hu,vg.hu,2024-02-15,"A fenntartható mobilitás nem csak azt jelenti, hogy elektromos járművekre cseréljük a flottát",https://www.vg.hu/velemeny/2024/02/a-fenntarthato-mobilitas-nem-csak-azt-jelenti-hogy-elektromos-jarmuvekre-csereljuk-a-flottat?utm_source=hirstart&utm_medium=referral&utm_campaign=hiraggregator
6937540870a02cb53f8ee6b002a21e925ad7623095b3f8dcd60bca3c427378a1,2024-02-16 21:49:24.458602+00:00,hu,demokrata.hu,demokrata.hu,2023-11-13,Nagy István: Magyarország GMO-mentes mezőgazdaságot épít,https://demokrata.hu/magyarorszag/nagy-istvan-magyarorszag-gmo-mentes-mezogazdasagot-epit-753898/
dda176ea8fcf9b2b0ee3d9efc4f325fd16f270d11b20680a570a16f560af57a5,2024-02-16 05:10:55.535042+00:00,hu,nepszava.hu,nepszava.hu,2023-11-22,"Megszavazta az EP a jelentést, amely megakadályozná, hogy Orbán Viktor vétózzon",https://nepszava.hu/3216379_europai-parlament-jelentes-veto-euro-europai-bizottsag
d93e53598f87c32334edbdbbd307219eb308a021d555a6287f157555ec07018d,2024-02-15 02:01:58.611946+00:00,hu,demokrata.hu,demokrata.hu,2023-11-30,Plusz forrásban részesülnek az erdészeti és természetvédő civil szervezetek,https://demokrata.hu/magyarorszag/plusz-forrasban-reszesulnek-az-erdeszeti-es-termeszetvedo-civil-szervezetek-761728/
b7b0c9c13421e38a5d6d655587985893032d033a04bbba8d47f473e956a549a0,2024-02-11 02:51:45.770264+00:00,hu,infostart.hu,infostart.hu,2024-02-09,Nemzeti ételük miatt aggódnak a spanyolok egy uniós tilalom nyomán,https://infostart.hu/kulfold/2024/02/09/nemzeti-eteluk-miatt-aggodnak-a-spanyolok-egy-unios-tilalom-nyoman
92c6a08bc925b9b3b9ffaac30b080599ba881b6740732d0da6483ed421c16088,2024-02-10 07:04:06.505327+00:00,hu,vg.hu,vg.hu,2024-02-08,Az EU miatt eltűnhet a spanyolok nemzeti étele,https://www.vg.hu/nemzetkozi-gazdasag/2024/02/az-eu-miatt-eltunhet-a-spanyolok-nemzeti-etele?utm_source=hirstart&utm_medium=referral&utm_campaign=hiraggregator
648b7504d0021b04bb5107cdfe437e1dfd64b376bc091c83aa6c8704cc6a6305,2024-02-08 00:36:19.543318+00:00,hu,origo.hu,origo.hu,2024-02-06,Időben és intenzitásában is eltérő volt a legkatasztrofálisabb kihalási esemény,https://www.origo.hu/tudomany/20240206-pontositotta-a-foldtortenet-legsulyosabb-kihalasi-esemenyenek-idejet-egy-nemzetkozi-kutatocsoport.html
9852f50ce5e8ee864a6592395fcb2a0c20f6d7056f9225754ab3a7f32d882eb0,2024-01-27 09:13:03+00:00,hu,origo.hu,origo.hu,2024-01-25,A hajóroncsok a biodiverzitás forrópontjai és a tenger veszélyeztetői is egyben,https://www.origo.hu/tudomany/20240124-titanic.html
be76fc9d2bde48159a391613ec7242abdc6fbd1aebd350f6e84d28aa0b09dfec,2024-01-27 03:01:32+00:00,hu,ripost.hu,ripost.hu,2024-01-25,Megkezdődött Németország leghosszabb vasutassztrájkja,https://ripost.hu/politik/2024/01/megkezdodott-nemetorszag-leghosszabb-vasutassztrajkja
e851386f79b618f5797e2bb36e77eae12ec6f7aee48b465b73eddcbb1ae4c825,2024-01-26 07:08:19+00:00,hu,ripost.hu,ripost.hu,2024-01-24,Franciaországban is egyre nagyobb a gazdatüntetés,https://ripost.hu/politik/2024/01/franciaorszagban-is-egyre-nagyobb-a-gazdatuntetes
3f3dc135715c00176dab12cce513b367b4dafe16700a22ce63cedfac858170b0,2024-01-26 03:00:43+00:00,hu,haon.hu,haon.hu,2024-01-24,A Zöld Kódexnek köszönhetően Debrecen akár Európa zöld fővárosa is lehet,https://www.haon.hu/helyi-kozelet/2024/01/debrecen-papp-laszlo-zold-kodex-kornyezetvedelem-civaqua-monitoring-rendszer-haon?utm_source=hirstart&utm_medium=referral&utm_campaign=hiraggregator
af1dd7601bdb0c67223b85ecbd9265567e0daa7a0abd75062d83340d0763cdf0,2024-01-25 04:14:46+00:00,hu,haon.hu,haon.hu,2024-01-23,A természet és a technológiai fejlődés egyensúlyát hivatott fenntartani Debrecen új kutatóközpontja,https://www.haon.hu/helyi-kozelet/2024/01/biodiverzitas-klimavaltozas-egyetem-debrecen-uj-kutatokozpont-haon?utm_source=hirstart&utm_medium=referral&utm_campaign=hiraggregator
69ded906a3513711bf06fdfbee27a159ba8ce22c848806c7a0c4813bebc4ad8d,2024-01-23 02:44:58+00:00,hu,duol.hu,duol.hu,2024-01-21,"Vagy elfogadjuk a természet törvényeit, vagy kihalunk",https://www.duol.hu/helyi-kozelet/2024/01/vagy-elfogadjuk-a-termeszet-torvenyeit-vagy-kihalunk?utm_source=hirstart&utm_medium=referral&utm_campaign=hiraggregator
bf359632d05cd714a909f294c045d0b89299427db5a7a207e7d79ab019953665,2024-01-23 02:26:55+00:00,hu,veol.hu,veol.hu,2024-01-21,"Vagy elfogadjuk a természet törvényeit, vagy kihalunk",https://www.veol.hu/helyi-kozelet/2024/01/vagy-elfogadjuk-a-termeszet-torvenyeit-vagy-kihalunk?utm_source=hirstart&utm_medium=referral&utm_campaign=hiraggregator
c69b65a3ebeaf86d2985a033e1c4a8193e67b0189bd223b26ff1b963db12be86,2024-01-15 04:38:09+00:00,hu,vg.hu,vg.hu,2024-01-13,Kezdődik a davosi fórum – a félretájékoztatás az egyik fő téma lesz,https://www.vg.hu/kozelet/2024/01/elkezdodott-a-visszaszamlalas-davosig-a-szelsoseges-idojaras-a-legsulyosabb-kockazatok-kozott?utm_source=hirstart&utm_medium=referral&utm_campaign=hiraggregator
e72629ae70097ff664f3934df115111416251d2cb456e7f2147979a2a8c59ec0,2024-01-04 05:45:19+00:00,hu,vg.hu,vg.hu,2024-01-02,"Lemarad, aki nem a zöldúton jár: fenntartható ipari fejlesztések Magyarországon",https://www.vg.hu/velemeny/2024/01/lemarad-aki-nem-a-zold-uton-jar-fenntarthato-ipari-fejlesztesek-magyarorszagon?utm_source=hirstartutm_medium=referralutm_campaign=hiraggregator
3984f63df073fdd6ba6c195e11de9c634dde29fd3da7f90c162b499a52ad69e8,2023-12-29 01:50:43+00:00,hu,zaol.hu,zaol.hu,2023-12-27,"A belvárosi terek élhetőbbé, kellemesebb klímájúvá, zöldebbé váltak",https://www.zaol.hu/helyi-kozelet/2023/12/a-belvarosi-terek-elhetobbe-kellemesebb-klimajuva-zoldebbe-valtak?utm_source=hirstart&utm_medium=referral&utm_campaign=hiraggregator
c5b8848735d654aa966de929c983678e8f9c02525ecf1497898b64b40ed55646,2023-12-20 00:30:00+00:00,hu,portfolio.hu,portfolio.hu,2023-12-18,Aggasztó jelentés érkezett,https://www.portfolio.hu/gazdasag/20231218/aggaszto-jelentes-erkezett-elbukhatnak-a-2030-as-celok-658317
d92d378fb3eb6a0f0b48452fa17169eafe2474264269144b6d66520af70b97e6,2023-12-11 01:57:52+00:00,hu,kisalfold.hu,kisalfold.hu,2023-12-09,"Mutatjuk, miben világelső a Soproni Egyetem",https://www.kisalfold.hu/helyi-kozelet/2023/12/mutatjuk-miben-vilagelso-a-soproni-egyetem?utm_source=hirstart&utm_medium=referral&utm_campaign=hiraggregator
bc20a465a1e1be577f1cade9693ae02f94c381623b74d46110d4715757222753,2023-12-09 03:00:44+00:00,hu,sonline.hu,sonline.hu,2023-12-07,Évente 80–110 millió köbméter talajt veszítünk el Magyarországon,https://www.sonline.hu/helyi-gazdasag/2023/12/evente-80-110-millio-kobmeter-talajt-veszitunk-el-magyarorszagon?utm_source=hirstart&utm_medium=referral&utm_campaign=hiraggregator
82d82705a99d8415bad82d2fc7d6e368c2fe20845770c1f2186b221e0dc73f25,2023-12-07 03:31:39+00:00,hu,sonline.hu,sonline.hu,2023-12-05,Biológiai sokféleséget támogató kis parkokra pályázhatnak az iskolák és óvodák,https://www.sonline.hu/helyi-gazdasag/2023/12/biologiai-sokfeleseget-tamogato-kis-parkokra-palyazhatnak-az-iskolak-es-ovodak?utm_source=hirstart&utm_medium=referral&utm_campaign=hiraggregator
fb38a4377c6cf5d8aaf94837b6d5c9ac4c7e03c7802324ee7c45312b7ad9608b,2023-12-07 02:30:20+00:00,hu,portfolio.hu,portfolio.hu,2023-12-05,Az év egyik legnagyobb megállapodása született meg az ipari-logisztikai piacon,https://www.portfolio.hu/ingatlan/20231205/az-ev-egyik-legnagyobb-megallapodasa-szuletett-meg-az-ipari-logisztikai-piacon-655495
c4cfdc84a5c1aa9e56c2d2a220944cbaf2c237626b63ffbe993668a436172599,2023-12-07 01:26:09+00:00,hu,origo.hu,origo.hu,2023-12-05,Világelső a Soproni Egyetem az e-hulladék kezeléssel kapcsolatos módszertani kampányával,https://www.origo.hu/tudomany/20231205-soproni-egyetem.html
a922b51b218d29d850c2aeebdd3f11802cfe1609cf41b5050aba5095dec7af90,2023-12-06 01:31:50+00:00,hu,kisalfold.hu,kisalfold.hu,2023-12-04,KISALFOLD - Fertő-tó,https://www.kisalfold.hu/helyi-kozelet/2023/12/ferto-to-az-eredeti-tervekre-adtak-ki-a-kornyezetvedelmi-engedelyt?utm_source=hirstart&utm_medium=referral&utm_campaign=hiraggregator
5ae42a4cc6a73eb1266f3e19b0db4b9d14eaf0218570d6dd497bb9e52a64392b,2023-12-04 07:00:18+00:00,hu,kisalfold.hu,kisalfold.hu,2023-12-02,Világelső az e-hulladék kezelésben a Soproni Egyetem pályázata,https://www.kisalfold.hu/helyi-gazdasag/2023/12/vilagelso-az-e-hulladek-kezelesben-a-soproni-egyetem-palyazata?utm_source=hirstart&utm_medium=referral&utm_campaign=hiraggregator
06190a7e72346fd718f3a9039ddf972944a537eabdedba9aa3a8817ae504f4cd,2023-12-04 02:24:30+00:00,hu,infostart.hu,infostart.hu,2023-12-02,Ezért a világ harmadik legzöldebb egyetem a soproni,https://infostart.hu/tudomany/2023/12/02/ezert-a-vilag-harmadik-legzoldebb-egyetem-a-soproni
5b21b440489699a5b0122477bf57a8e9c76a3fc6567dcc435a8b3fef52b17ce0,2023-12-03 03:56:15+00:00,hu,pestisracok.hu,pestisracok.hu,2023-12-01,III. Károly mindenkit leteremtett az éghajlatváltozás miatt,https://pestisracok.hu/iii-karoly-mindenkit-leteremtett-az-eghajlatvaltozas-miatt/
80a943519b997ed75137f808f643e7af51a1a191c376e8a10835197ec0eab27d,2023-12-03 03:56:06+00:00,hu,pestisracok.hu,pestisracok.hu,2023-12-01,III. Károly mindenkit leteremtett az éghajlatváltozás miatt,https://pestisracok.hu/iii-karoly-mindenkit-leteremtett-az-eghajlatvaltozas-miatt/comment-page-1/
f55f665094886fcfec61fbe76eafe32263f44008220e70431de11f9b46bd963f,2023-11-29 01:47:25+00:00,hu,ma.hu,ma.hu,2023-11-27,Országos faültetési programot indít a 10 millió Fa Alapítvány,https://www.ma.hu/belfold/395177/Tobb_fat_az_iskolaba__Orszagos_faultetesi_programot_indit_a_10_millio_Fa_Alapitvany?place=srss
12890219f46fb1e9965c79164742cbc8d1259db2374c51b7080a4848fd75e42e,2023-11-28 01:33:03+00:00,hu,pestisracok.hu,pestisracok.hu,2023-11-26,Az észt külügyminiszter is elutasította a vétójog eltörlését,https://pestisracok.hu/az-eszt-kulugyminiszter-is-elutasitotta-a-vetojog-eltorleset/
60fd96eb1179621c35954181c07a930591fd82a3774c922153ceef9dc6837d62,2023-11-26 01:45:34+00:00,hu,portfolio.hu,portfolio.hu,2023-11-24,Meredeken növő pályán a globális anyaghasználat,https://www.portfolio.hu/gazdasag/20231124/meredeken-novo-palyan-a-globalis-anyaghasznalat-mikor-hagyjuk-abba-a-fold-kizsigereleset-653627
