id,indexed_date,language,media_name,media_url,publish_date,title,url
dfa5565b30ceca7108cbcc6d6c2cc2acbf065033978a81061517dc3c4ac78a0a,2026-08-21 19:43:57.318971+00:00,hu,magyarkurir.hu,magyarkurir.hu,2026-08-21,Élő Szigetköz – A Győri Egyházmegye természeti értéke,https://www.magyarkurir.hu/hirek/elo-szigetkoz-gyori-egyhazmegye-termeszeti-erteke
1a517becd3f322ed4b2bf2c441a7c1ea91edbcce7ad1fcb6646ba79ae3155ab3,2026-08-19 09:19:51.154593+00:00,hu,index.hu,index.hu,2026-08-19,Hova tűnnek el a fél pár zoknik? Egy másik dimenzióba?,https://index.hu/tudomany/2026/08/19/eltunt-targy-legzes-termeszet-pszichologia-filozofia/
cd621a7299d926bef4d740a40e2a97b23eecd99f888e9967055af9392557acd2,2026-08-16 07:19:51.204087+00:00,hu,atv.hu,atv.hu,2026-08-16,"Megkongatták a vészharangot a Balaton miatt, fenntarthatatlan a jelenlegi helyzet",https://www.atv.hu/belfold/20260816/balaton-fenntarthatatlan-helyzet/
581feafd2c96819f9fbf3a862822ffc5dc7384d02a1d720a867758b4288d817c,2026-08-11 09:36:14.255273+00:00,hu,portfolio.hu,portfolio.hu,2026-08-11,"Kiszárad a gyönyörű magyar tó: elpárolgott a víz, kettérepedt a meder",https://www.portfolio.hu/gazdasag/20260811/kiszarad-a-gyonyoru-magyar-to-elparolgott-a-viz-ketterepedt-a-meder-855482
0b9060357caabb63f1ffa91120c941e3b434f729c2c26ba93777c5025240e687,2026-08-09 06:25:57.137538+00:00,hu,portfolio.hu,portfolio.hu,2026-08-09,A rövid távú profit vagy a hosszú távú zöld célok számítanak jobban? A körforgásos gazdaság valódi dilemmája,https://www.portfolio.hu/gazdasag/20260809/a-rovid-tavu-profit-vagy-a-hosszu-tavu-zold-celok-szamitanak-jobban-a-korforgasos-gazdasag-valodi-dilemmaja-854198
efa4c12e782abbb10d1075e00eaaac6b71e46a6d471fb2ca9f59ab9cd8052148,2026-08-02 20:41:36.906529+00:00,hu,origo.hu,origo.hu,2026-08-02,"Jean-Pascal van Ypersele a klímaváltozásról: A természet nem vár politikai tárgyalásokra, a saját törvényeit követi",https://www.origo.hu/kulpol/2026/08/klima-europa-erdotuz-klimapolitika
640a29ebd14805415b298082faa585bc2083297b56ce7fd4d4bd218c9da24fbb,2026-08-02 17:17:38.455375+00:00,hu,nepszava.hu,nepszava.hu,2026-08-02,"Az erdő nem díszlet, hanem társ: a természetkapcsolat sokkal több, mint egy túra vagy mezítláb járkálni a fűben",https://nepszava.hu/3330141_erdo-termeszet-kapcsolat-borzsony-riport
5577e69667de752ad181eaf0a3d5f504c7584bf72362024f186ec964418aecd2,2026-07-31 02:57:23.537767+00:00,hu,vg.hu,vg.hu,2026-07-30,"Milliárdos erdőtüzek: nemcsak a spanyol erdők, hanem a költségvetés is elfüstöl",https://www.vg.hu/nemzetkozi-gazdasag/2026/07/erdotuz-spanyolorszag-oltasi-koltsegek
3c1083f663e47ced56fbe32caf258d854e3eb1786306f0cc1fb1b55c64348e15,2026-07-27 09:34:06.573110+00:00,hu,index.hu,index.hu,2026-07-27,Tizenkét év után felkerült az UNESCO világörökségi listájára az istenek lakhelye,https://index.hu/kulfold/2026/07/27/olumposz-unesco-vilagorokseg-normandiai-partraszallas/
ec9f1129ad3817a5865301f1db8984629ff29d0bc20738e256c9df30f7313beb,2026-07-27 05:24:55.767245+00:00,hu,blikk.hu,blikk.hu,2026-07-27,A fák molekuláris szintű nyomonkövetése és klímarezisztens fajok telepítése teremt új korszakot az európai erdőkben,https://www.blikk.hu/ferfiaknak/tech/erdok-eu-digitalis-ellenorzes-uj-korszak/bgexyhy
cf537b7f13ef4982259d49d4d7d3bb2766aa52bb8fedeb3ecfe4b3239cf8db31,2026-07-23 18:41:08.971927+00:00,hu,index.hu,index.hu,2026-07-23,Gajdos László szerint új kihívás előtt áll az erdőgazdálkodás,https://index.hu/gazdasag/2026/07/23/gajdos-laszlo-erdok-klimavedelmi-funkcio-erdogazdalkodas-nyiregyhaza-vandorgyules/
ba3ab4d60e739f21f998390f3bebcf4f354166113960374e6806991b60abe73c,2026-07-21 17:25:12.670978+00:00,hu,hvg.hu,hvg.hu,2026-07-21,"Őrült tempóban fogy az oxigén a vizekből, és ez nagy bajt jelez",https://hvg.hu/tudomany/20260721_viz-oxigenszint-globalis-felmelegedes-klimavaltozas-biodiverzitas
8616879e8a18d228e1e2335f3d78237b226386532f332794733b11a9f23effc9,2026-07-15 17:43:08.217947+00:00,hu,hvg.hu,hvg.hu,2026-07-15,"3,04 billió fa élhet a Földön, de sokkal megdöbbentőbb, hogy mennyi tűnt el",https://hvg.hu/tudomany/20260715_mennyi-fa-el-a-foldon-erdo-fakivagas-kornyezetvedelem-globalis-felmelegedes-klimavaltozas
6f4a9bb0ede337b8ca6d1b0b71a5c8c0f46879bf25b38d1ed76e2d4b7537912d,2026-07-15 17:41:20.311140+00:00,hu,hvg.hu,hvg.hu,2026-07-15,Az EU elvesztette a harcot a káros rovarirtó szerek ellen,https://hvg.hu/eurologus/20260715_rovarirto-novenyvedo-egeszsegugy-elelmiszer-biztonsag
842883e8fe29c1cc9e7bd22d8588ff6db28c7c0eb711928b00d1efc14574e9d9,2026-07-14 11:37:19.559403+00:00,hu,blog.hu,blog.hu,2026-07-14,Megújult köztérrel nyit a 35. Művészetek Völgye,https://szinesotletek.blog.hu/2026/07/14/megujult_kozterrel_nyit_a_35_muveszetek_volgye
98489e9c21be6deaa2f775a2eda95845e4d3b5ad642c33cd30b7391eb0ff1764,2026-07-11 20:26:08.920281+00:00,hu,dunaujvaros.com,dunaujvaros.com,2026-07-11,A cél: zöldítsük együtt Dunaújvárost! (1),https://dunaujvaros.com/hirek/202607/a_cel_zolditsuk_egyutt_dunaujvarost_1
e9baea98a7cba0e54d0def2dea079542b0e66e771c5eb301ac9e155eee8da77b,2026-07-10 16:19:46.637092+00:00,hu,blog.hu,blog.hu,2026-07-10,A társadalom szolgálatában – 3. rész,https://mttmuzeum.blog.hu/2026/07/10/a_tarsadalom_szolgalataban_3_resz
60bffbff1f52a94a509302ada5b1198868890bd29dc1e6845e3ce9cb000777a1,2026-07-07 13:32:52.935952+00:00,hu,vg.hu,vg.hu,2026-07-07,Ahol a technológia és a természet közös nyelvet beszél – így készül az ország egyik legnagyobb szélerőműparkjának előkészítése,https://www.vg.hu/velemeny/2026/07/szeleromu-park-elokeszitese-termeszetvedelem?utm_source=hirstart&utm_medium=referral&utm_campaign=hiraggregator
6088456bc9cb5f1cd8662f8def856ff166a231f0bcb34473860a196bddfbb8bd,2026-07-01 12:48:48.439374+00:00,hu,blikk.hu,blikk.hu,2026-07-01,"Csaknem tíz év után nyílt meg az évekig befejezetlenül álló Biodóm, a városi oázis",https://www.blikk.hu/galeria/biodom-megnyilt-atado-budapest-oazis/cb96p4b
1f54f108db4b552406e9f920abb15603145dc0719f68ea43001ef9ddd3adf90b,2026-07-01 08:35:28.103938+00:00,hu,portfolio.hu,portfolio.hu,2026-07-01,A színfalak mögött így dőlnek el az önkormányzatok számára fontos kérdések az EP-ben,https://www.portfolio.hu/krtk/20260701/a-szinfalak-mogott-igy-dolnek-el-az-onkormanyzatok-szamara-fontos-kerdesek-az-ep-ben-845666
2f45453ab2c66186d4baa838aef20aec089b76724ab3a577e4cfbe323324583d,2026-06-29 15:24:26.945386+00:00,hu,hvg.hu,hvg.hu,2026-06-29,"Íme tíz HVG-videó arról, hogyan harcolunk a hőséggel és az aszállyal",https://hvg.hu/elet/20260629_hoseg-aszaly-klimavaltozas-mezogazdasag-varos-nyar-tuleles-video
1026a1de0eec3121824876980d32c35a0f4d41de3b62fffb6f0a96b81832548b,2026-06-19 11:38:39.215521+00:00,hu,portfolio.hu,portfolio.hu,2026-06-19,Sikeres külföldi módszerrel motiválnák a természet állapotának javítására az építtetőket,https://www.portfolio.hu/ingatlan/20260619/sikeres-kulfoldi-modszerrel-motivalnak-a-termeszet-allapotanak-javitasara-az-epittetoket-844340
93e0ca22c7f0af736ef5a54010c672f032b110222d11c33c3942a12c18e4c725,2026-06-17 12:36:23.532578+00:00,hu,24.hu,24.hu,2026-06-17,Magyarország csatlakozott a Stockholmi Miniszteri Nyilatkozathoz,https://24.hu/tudomany/2026/06/17/magyarorszag-stockholmi-miniszteri-nyilatkozat/
dc4c1c5f6aba050ad97d5070a12cd9f807ad3692dc1575003321d4d958bdeafd,2026-06-09 02:24:28.313313+00:00,hu,szabadfold.hu,szabadfold.hu,2026-06-08,Odúpark lesz Szegeden,https://szabadfold.hu/kozelet/2026/06/odupark-lesz-szegeden
f7dda1d79b2ae5fa3dd087f3892ac5484834c8fe4c19237f58c6021608c5d602,2026-06-07 20:22:10.660438+00:00,hu,gondola.hu,gondola.hu,2026-06-07,Denevéreknek alakítanak ki odúparkot Szegeden,https://gondola.hu/hirek/teremtesvedelem-denevereknek-alakitanak-ki-oduparkot-szegeden-320126
1376ca8f774440f50896b9209a32d8e9889c77e4625d64b975dc3f31937b5d59,2026-06-07 14:31:31.399942+00:00,hu,portfolio.hu,portfolio.hu,2026-06-07,"Nálunk is egyre több a közösségi kert, de még több akadályba ütköznek az alulról induló városfejlesztési ötletek",https://www.portfolio.hu/krtk/20260607/nalunk-is-egyre-tobb-a-kozossegi-kert-de-meg-tobb-akadalyba-utkoznek-az-alulrol-indulo-varosfejlesztesi-otletek-841204
e40cec3947e2ce973b161187347b8d968cb8bc26a2bce652db93d1241667e196,2026-06-06 19:18:00.743147+00:00,hu,infostart.hu,infostart.hu,2026-06-06,"Játszótér épül madaraknak, denevéreknek",https://infostart.hu/kultura/2026/06/06/jatszoter-epul-madaraknak-denevereknek
696b7f983e7ad0fdfaff816215cfe71eaac4780cfa7b5842e57a024260742054,2026-06-06 13:36:17.404361+00:00,hu,magyarhirlap.hu,magyarhirlap.hu,2026-06-06,Megállítják-e végre Magyarország kiszáradását?,https://magyarhirlap.hu/kornyezet/20260606-megallitjak-e-vegre-magyarorszag-kiszaradasat
7154ec0f880f2f29d47393c2b2755f45cd60b5043daff04299bea371ee9e5312,2026-05-31 09:26:32.791809+00:00,hu,hvg.hu,hvg.hu,2026-05-31,Baj van az Alföldön: így alkalmazkodhat a legjobban az aszályhoz,https://hvg.hu/tudomany/20260531_szalyhelyzet-belviz-vizelvezetes-vizet-a-tajba-alfold
6af285f201b133df1741edb3c095a7f1d4052ed7181304b6a4f7c70b2be096f7,2026-05-29 09:23:35.817111+00:00,hu,origo.hu,origo.hu,2026-05-29,Súlyos figyelmeztetés érkezett: hatalmas változás várhat az Alföldre,https://www.origo.hu/itthon/2026/05/vizes-elohelyek-helyreallitasa-alfold-aszaly
ad6a3637f09cb4561f2d4d7413608b1687ed9abe19869368aa4e1e2d15b6bc79,2026-05-26 23:30:49.150401+00:00,hu,infostart.hu,infostart.hu,2026-05-26,Új nemzeti erdőprogramot sürgetnek a szakemberek,https://infostart.hu/belfold/2026/05/26/uj-nemzeti-erdoprogramot-surgetnek-a-szakemberek
1880a640a9af37cfc1dae112443b931d35906ca6eaf54496b0b0304a0cf1da0d,2026-05-22 11:44:45.479448+00:00,hu,pecsiujsag.hu,pecsiujsag.hu,2026-05-21,Új erdészeti víztározót hoznak létre Baranyában,https://www.pecsiujsag.hu/pecs/hir/helyi-hireink/uj-erdeszeti-viztarozot-hoznak-letre-baranyaban
eac4da671e4e6ffdc4fd137a8fe13878917a20d96d2b1a56270c31e1770a3f24,2026-05-20 10:46:28.958153+00:00,hu,magyarkurir.hu,magyarkurir.hu,2026-05-20,A vállalatirányítás és a teremtésvédelem összefüggésével foglalkozott a Pázmány workshopja,https://www.magyarkurir.hu/hirek/a-vallalatiranyitas-es-teremtesvedelem-osszefuggesevel-foglalkozott-pazmany-workshopja
e07fb25faca657657a41ba0f2de0a979bbfee175f3a0a62c3b3a32ed077f43bc,2026-05-16 13:40:57.209187+00:00,hu,blikk.hu,blikk.hu,2026-05-16,Újabb névvel bővül Gajdos László csapata: ő lesz az új vízügyi és klímapolitikáért felelős államtitkár,https://www.blikk.hu/politika/magyar-politika/gajdos-laszlo-kelemen-agnes-elo-kornyezetert-felelos-miniszterium/r8mdd74
9889600e48797a1eebc7b3d12bf725590323a82ca311c3513c5d5503181e537a,2026-05-15 16:43:33.445987+00:00,hu,origo.hu,origo.hu,2026-05-15,Magyarországon is megkezdődhet egy alig ismert szupernövény termesztése,https://www.origo.hu/gazdasag/2026/05/aztek-zsalya-szupernoveny-termesztes
55f1766cc0b65354853923eb4e5d5c4117326563bfc5cdb30ad56a569b29494f,2026-05-15 07:22:39.761407+00:00,hu,portfolio.hu,portfolio.hu,2026-05-15,Bóna Szabolcs kimondta: vége a folyamatos állami mentőöveknek Magyarországon,https://www.portfolio.hu/gazdasag/20260515/bona-szabolcs-kimondta-vege-a-folyamatos-allami-mentooveknek-magyarorszagon-836934
7c6b1fff353801a52d5a8a097ff650d17f78fd872c95c867c48678b20c7dcc93,2026-05-14 16:42:53.318681+00:00,hu,magyarhirlap.hu,magyarhirlap.hu,2026-05-14,Sipos Katalin természetvédelemért felelős helyettes államtitkár lesz,https://magyarhirlap.hu/gazdasag/20260514-sipos-katalin-termeszetvedelemert-felelos-helyettes-allamtitkar-lesz
0412bc5fc489a565cdac1791c410f2215dc1865e6a17ac7f453f7098696ee56c,2026-05-14 00:33:56.719666+00:00,hu,magyarhirlap.hu,magyarhirlap.hu,2026-05-13,"Leállítják a védett erdők kitermelését, és szigorítják az ipari szankciókat",https://magyarhirlap.hu/belfold/20260513-leallitjak-a-vedett-erdok-kitermeleset-es-szigoritjak-az-ipari-szankciokat
2abd0d2032944e768e9cd5b2684f67c03ff896141b6094e1e237a4884c7aad65,2026-05-13 14:17:21.410691+00:00,hu,atv.hu,atv.hu,2026-05-13,"Gajdos László akcióba lendült, azonnali moratóriumot jelentett be",https://www.atv.hu/belfold/20260513/gajdos-laszlo-moratorium-erdo-fa/
ce43bce1109b0fc33b1984e5203c96faa1451bae66c9acb63d61b0a4529d366b,2026-05-13 13:33:14.574366+00:00,hu,kuruc.info,kuruc.info,2026-05-13,"- Leállítják a védett erdők kitermelését, és szigorítják az ipari szankciókat",https://kuruc.info/r/2/302078/
14b79afd1e2cabb677bc83a845082316235f0067650579e777fc3c1357114ccd,2026-05-13 10:49:13.058727+00:00,hu,index.hu,index.hu,2026-05-13,"Máris intézkedni kezdett Gajdos László, azonnali moratóriumot hirdetett",https://index.hu/gazdasag/2026/05/13/gajdos-laszlo-elo-kornyezetert-felelos-miniszter-erdok-kitermeles-ipari-allami-erdogazdalkodas-atalakitas/
142c20f8c1e5bc102e6fec1be540930a684e8e579298bb8a9cb986f839db50ef,2026-05-13 10:41:47.734624+00:00,hu,infostart.hu,infostart.hu,2026-05-13,Kemény intézkedéseket jelentett be a környezetért felelős miniszter,https://infostart.hu/belfold/2026/05/13/kemeny-intezkedeseket-jelentett-be-a-kornyezetert-felelos-miniszter
998da3eec1fe486a66cba6ea29b964e660ed155036d900e000d05576e52c3069,2026-05-10 09:21:17.488495+00:00,hu,borsonline.hu,borsonline.hu,2026-05-10,Íme Magyarország top 5 legszebb természetvédelmi területe,https://www.borsonline.hu/belfoldi-utazas/2026/05/madarak-es-fak-napja
61b39454038cb46a42f8337a45c3273a65949929bf80e45a7e790c30b9841f67,2026-05-09 20:25:13.892788+00:00,hu,hvg.hu,hvg.hu,2026-05-09,"A Földet megmentő 25 legjobb tudós közé került az SZTE kutatója, elnyerte a Frontiers Planet Prize nemzeti bajnoki címét",https://hvg.hu/tudomany/20260509_szte-tolgyesi-csaba-frontiers-planet-prize-nemzeti-bajnok
2ce74dea87daf0fa49a7d7980084d02f4a537f511d27480f8af69b56cab5e889,2026-04-29 10:45:08.911336+00:00,hu,portfolio.hu,portfolio.hu,2026-04-29,Rálőttek egy óvodára Budapest mellett,https://www.portfolio.hu/gazdasag/20260429/ralottek-egy-ovodara-budapest-mellett-833592
59f79bde01247d73a34475067e8994562326b2dedb738ac080c7f5bda8930c8f,2026-04-29 10:45:03.397391+00:00,hu,portfolio.hu,portfolio.hu,2026-04-29,"Mindent elveszíthetnek a legszegényebb országok, ha nem segítik az EU migrációs korlátozásait",https://www.portfolio.hu/unios-forrasok/20260429/mindent-elveszithetnek-a-legszegenyebb-orszagok-ha-nem-segitik-az-eu-migracios-korlatozasait-833582
3e72f37812f96086bf01d06d1fc1bcffb840543898da332b4884d69fed98fb50,2026-04-29 10:44:53.847578+00:00,hu,portfolio.hu,portfolio.hu,2026-04-29,Leleplezték az oroszok titkos emberét: szabotázsakciókra készülhettek az európai nagyhatalom területén,https://www.portfolio.hu/global/20260429/lelepleztek-az-oroszok-titkos-emberet-szabotazsakciokra-keszulhettek-az-europai-nagyhatalom-teruleten-833598
b2c7d0789b592dd8bf4368ee170b1ae0b4d139ffbb7476f2c96c42ae5926704a,2026-04-29 10:44:48.238407+00:00,hu,portfolio.hu,portfolio.hu,2026-04-29,Gazdasági fordulópont? Júniusban Debrecenben is a gazdasági kilátások lesznek a középpontban,https://www.portfolio.hu/gazdasag/20260429/gazdasagi-fordulopont-juniusban-debrecenben-is-a-gazdasagi-kilatasok-lesznek-a-kozeppontban-833462
78a07d262f6433a11b045b35dd7bf8c508111ff6f953305d50d534a757c9ca6b,2026-04-29 10:44:30.092184+00:00,hu,portfolio.hu,portfolio.hu,2026-04-29,Mondja el véleményét a Pénzcentrumról – olvasói felmérést indít a Portfolio Csoport,https://www.portfolio.hu/gazdasag/20260429/mondja-el-velemenyet-a-penzcentrumrol-olvasoi-felmerest-indit-a-portfolio-csoport-833594
e01da6d8b4f3718622182827bd2c6dc32b2be36fe50729d02e145dca3040155c,2026-04-29 10:44:23.169966+00:00,hu,portfolio.hu,portfolio.hu,2026-04-29,"A bankok, a szabályozók és a fintechek egy helyen! Május 28-án jön a Portfolio Financial IT konferenciája",https://www.portfolio.hu/bank/20260429/a-bankok-a-szabalyozok-es-a-fintechek-egy-helyen-majus-28-an-jon-a-portfolio-financial-it-konferenciaja-833526
d54b206f7ae691506949df325ebef190e12d4255e3e89f665dc486d3fff2a3d5,2026-04-29 10:44:18.259485+00:00,hu,portfolio.hu,portfolio.hu,2026-04-29,Autósok és kerékpárosok figyelem! Lezárják a budapesti közlekedés egyik ütőerét,https://www.portfolio.hu/ingatlan/20260429/autosok-es-kerekparosok-figyelem-lezarjak-a-budapesti-kozlekedes-egyik-utoeret-833618
bc8d3ed56f20f97feb994b1c4dd04e823a2a951c5aa907b195f5e85dcf144661,2026-04-29 10:43:41.380747+00:00,hu,portfolio.hu,portfolio.hu,2026-04-29,Meglépi a miniszter: teljesen átalakítják az életmentő kezelések támogatását Magyarországon,https://www.portfolio.hu/gazdasag/20260429/meglepi-a-miniszter-teljesen-atalakitjak-az-eletmento-kezelesek-tamogatasat-magyarorszagon-833610
be142deacbe615ed553f3cc2c7e451e8f925afa19d18326cee203c548a66adb9,2026-04-29 10:43:36.312042+00:00,hu,portfolio.hu,portfolio.hu,2026-04-29,"Döntöttek a részvényesek, pénzeső jön a Graphisoft Parknál",https://www.portfolio.hu/uzlet/20260429/dontottek-a-reszvenyesek-penzeso-jon-a-graphisoft-parknal-833616
fd52a6c0744d634ddf45cb08708347bfdd37cc2029e8dda74c2d968d8957612a,2026-04-29 10:43:31.317225+00:00,hu,portfolio.hu,portfolio.hu,2026-04-29,A gyermekek Facebook- és Instagram-használata miatt ment neki a Metának az Európai Bizottság,https://www.portfolio.hu/uzlet/20260429/a-gyermekek-facebook-es-instagram-hasznalata-miatt-ment-neki-a-metanak-az-europai-bizottsag-833604
96f2eb4a83f32088685de7a9690bc02510cc5057bbdfa935cdaa17c1539bebe7,2026-04-29 10:43:26.654506+00:00,hu,portfolio.hu,portfolio.hu,2026-04-29,"Rápirított az MNB a lakossági befektetőkre, hozhatnánk jobb pénzügyi döntéseket is",https://www.portfolio.hu/befektetes/20260429/rapiritott-az-mnb-a-lakossagi-befektetokre-hozhatnank-jobb-penzugyi-donteseket-is-833586
37d31ed919907b3ad20ef7215b1ed000cfc21f9ec317dfa194159b55c4302f5d,2026-04-29 10:43:21.540410+00:00,hu,portfolio.hu,portfolio.hu,2026-04-29,"Tarr Zoltán elmondta, mik a tervei kulturális miniszterként",https://www.portfolio.hu/global/20260429/tarr-zoltan-elmondta-mik-a-tervei-kulturalis-miniszterkent-833600
9e34c23b1364e26afcb69688549988d7d0dd9ee9d86bee23216e26572e3b769c,2026-04-29 10:43:16.706871+00:00,hu,portfolio.hu,portfolio.hu,2026-04-29,"Újra bankokat vesznek az osztrákok, egy magyar vásárló is a régiós lista élére került",https://www.portfolio.hu/bank/20260429/ujra-bankokat-vesznek-az-osztrakok-egy-magyar-vasarlo-is-a-regios-lista-elere-kerult-833614
884f6e976d64d9188825403f97b298481889b3691b45718e8ac313f76f146912,2026-04-29 10:43:11.336133+00:00,hu,portfolio.hu,portfolio.hu,2026-04-29,"Újabb lépéssel borzolja a kedélyeket Donald Trump: íme a következő dolog, amin az ő arca viríthat mindenkire",https://www.portfolio.hu/global/20260429/ujabb-lepessel-borzolja-a-kedelyeket-donald-trump-ime-a-kovetkezo-dolog-amin-az-o-arca-virithat-mindenkire-833590
04e701b9a68dd4569ab04e2788a46990f97485bca3f99143e4c8cf2e9b5f0cc9,2026-04-29 10:43:06.438840+00:00,hu,portfolio.hu,portfolio.hu,2026-04-29,Zajlik a Richter közgyűlése,https://www.portfolio.hu/uzlet/20260429/zajlik-a-richter-kozgyulese-megszolalt-orban-gabor-az-osztalekrol-kerdez-a-tebesz-833574
7142485324d2276ffb81f6b97c2d7a58f01a46dfc886ec56c16fb39bb0ac780f,2026-04-29 10:42:56.115843+00:00,hu,portfolio.hu,portfolio.hu,2026-04-29,Dőlnek a dominók Romániában: egy csapásra több tucat tisztségviselő hagyta el a kormányt,https://www.portfolio.hu/global/20260429/dolnek-a-dominok-romaniaban-egy-csapasra-tobb-tucat-tisztsegviselo-hagyta-el-a-kormanyt-833612
dfa47041038e4b68cff4aceab2bcbb42d1e532ab937a5f3014218c79a062221e,2026-04-27 19:33:03.337396+00:00,hu,rtl.hu,rtl.hu,2026-04-27,"Zöldebb kert azonnal: 10 trükk, ami tényleg működik",https://rtl.hu/eletmod/2026/04/27/fenntarthato-kert-10-tipp-kornyezetbarat-kerteszkedes
2894d25baed16791649600e47897c035ee184b47fc09ec3252a2efffc42f2d23,2026-04-26 16:29:37.847505+00:00,hu,portfolio.hu,portfolio.hu,2026-04-26,"Tönkreteszik a Földet a cégek, mert még mindig ez a legjövedelmezőbb üzlet nekik",https://www.portfolio.hu/gazdasag/20260426/tonkreteszik-a-foldet-a-cegek-mert-meg-mindig-ez-a-legjovedelmezobb-uzlet-nekik-831876
627e82025e74ee938a607127cec1af47e26f02aa498be3a2aa0dcf8e98f7e645,2026-04-26 16:20:35.601858+00:00,hu,magyarhirlap.hu,magyarhirlap.hu,2026-04-26,Klímaváltozás: visszafordítható még a folyamat?,https://magyarhirlap.hu/kornyezet/20260426-klimavaltozas-visszafordithato-meg-a-folyamat
3f7250c28cf719cf32b0f9ec016c3206a08116ba4a133927bdc2d237a4fbee58,2026-04-25 09:31:29.992927+00:00,hu,index.hu,index.hu,2026-04-25,A magyar természetvédőket tömörítő szövetség segítene a Tisza kormánynak,https://index.hu/tudomany/2026/04/25/termeszet-vedok-tisza-kormany-kornyezeti-miniszterium/
a997d04a726d8bc0b86ddef15c22c864af98f4ff5a52924028cae1cb0e3fc82c,2026-04-24 17:21:56.957208+00:00,hu,magyarkurir.hu,magyarkurir.hu,2026-04-24,Az erdők valódi értéke – Áder János tartott előadást a Váci Piarista Gimnáziumban,https://www.magyarkurir.hu/hirek/az-erdok-valodi-erteke-ader-janos-tartott-eloadast-vaci-piarista-gimnaziumban
886161d1a7f3555c93d96f9997906f0d9d05281ae7dabf9929d36866fbeb8117,2026-04-23 02:35:31.887745+00:00,hu,gondola.hu,gondola.hu,2026-04-22,Áder János: mindenkinek van felelőssége a környezetvédelemben,https://gondola.hu/hirek/fold-napja-ader-janos-felelosseg-kornyezetvedelem-319774
fff00bd000f03245ef4ef256529aab439ebadffa8b49caee8c53a832983d09d8,2026-04-19 14:22:21.818528+00:00,hu,24.hu,24.hu,2026-04-19,Tartós tűzifahiány alakulhat ki Magyarországon,https://24.hu/tudomany/2026/04/19/tuzifa-tuzifahiany-fenntarthatosag-rezsicsokkentes-energia/
f9d9781ba983921538d33850c5fd9b7ef9f0b0505623e95c2ded7f1b44c23e22,2026-04-06 16:38:13.401425+00:00,hu,portfolio.hu,portfolio.hu,2026-04-06,"A napelem ugyanolyan stratégiai eszközzé vált, mint a golyóálló mellény",https://www.portfolio.hu/gazdasag/20260406/a-napelem-ugyanolyan-strategiai-eszkozze-valt-mint-a-golyoallo-melleny-827520
69a93b59d79bbd97641fd364c62ca798fe8c389ed46fde636b8ac9f855065108,2026-04-02 14:34:17.473351+00:00,hu,origo.hu,origo.hu,2026-04-02,Pánik: gyíkokat faló óriásrovarok özönlötték el Európát,https://www.origo.hu/tudomany/2026/04/invaziv-imadkozo-saska-veszely
a938c7c4de37365576a160d300102cf7aca3f9fa98f524d6fa2de11fabd1685a,2026-03-21 12:40:26.956884+00:00,hu,borsonline.hu,borsonline.hu,2026-03-21,"Ahol megállt az idő: 5 bakancslistás európai őserdő, amit egyszer látnod kell",https://www.borsonline.hu/kulfoldi-utazas/2026/03/erdok-vilagnapja-europa
761d9b57e59dc78693717e8aa81afb34a5d92a5e4913ec6d3d738742ace366c4,2026-03-11 23:18:08.359424+00:00,hu,infostart.hu,infostart.hu,2026-03-11,Egyre több magyar óvoda kapja meg ezt a különleges címet,https://infostart.hu/belfold/2026/03/11/egyre-tobb-magyar-ovoda-kapja-meg-ezt-a-kulonleges-cimet
53750f2c3d0a83d76ae88e9739fba6da66f71b3aa64362e44ecae0157abd450a,2026-03-10 14:35:08.103594+00:00,hu,borsonline.hu,borsonline.hu,2026-03-10,GardenExpo 2026 – Egy darabka trópus a természet szerelmeseinek,https://www.borsonline.hu/belfoldi-utazas/2026/03/gardenexpo-2026-tropusi-elmenyek-lepkek
4b60ea4d8dba0c9cf499ff27b41f443b6c5493135e0156e8f22ccadb28faccc0,2026-03-01 15:22:21.637257+00:00,hu,index.hu,index.hu,2026-03-01,Brüsszelre ugathatnak és fújhatnak hamarosan a kutyák és a macskák is,https://index.hu/tudomany/2026/03/01/kutya-macska-biodiverzitas-veszely-europai-unio-szabalyozas/
282b086766ea18e04744764589dc01bb202a34a2bf2395a30280af6bd139091b,2026-02-27 18:22:54.755850+00:00,hu,index.hu,index.hu,2026-02-27,"A szúnyogok nagyon durván átálltak az emberi vérre, és ennek egyszerű oka van",https://index.hu/tudomany/2026/02/27/szunyogok-emberi-ver-szunyogcsipesek-oka-biodiverzitas-csokkenese-betegsegek-kutatas/
d55c5ef4105d4349e47200e9fac1273006ddeaaacc8ce67808339b25f9b40d10,2026-02-24 14:50:50.921916+00:00,hu,portfolio.hu,portfolio.hu,2026-02-24,A karbongazdálkodás lehet a jövő nagy lehetősége?,https://www.portfolio.hu/uzlet/20260224/a-karbongazdalkodas-lehet-a-jovo-nagy-lehetosege-819782
af12f94b73c0aac10119ea30ee74b6d15d3259c88f8ba8e99c8293dc302c6cb0,2026-02-18 17:40:05.163327+00:00,hu,portfolio.hu,portfolio.hu,2026-02-18,Egyedülálló logisztikai központ épült: ilyen hűtőkapacitás még nem volt az országban,https://www.portfolio.hu/ingatlan/20260218/egyedulallo-logisztikai-kozpont-epult-ilyen-hutokapacitas-meg-nem-volt-az-orszagban-818812
72772632196ee6962179af56adc2138fd3ae97999bf94be170b3ec9a6fe15135,2026-02-13 19:27:39.997596+00:00,hu,infostart.hu,infostart.hu,2026-02-13,A világ legősibb fái is veszélybe kerültek a pusztító erdőtűzben,https://infostart.hu/kulfold/2026/02/13/a-vilag-legosibb-fai-is-veszelybe-kerultek-a-pusztito-erdotuzben
4e1e15e0a946eab59d8b08bb144b2618432cef5b6d7ba1defaa3c98b3fc6dbdd,2026-02-12 12:35:54.693308+00:00,hu,origo.hu,origo.hu,2026-02-12,A világ legősibb fái is veszélybe kerültek a halálos erdőtűzben,https://www.origo.hu/nagyvilag/2026/02/erdotuzek-pusztitottak-patagoniaban
6da370594583ea7975f34244346c1110548e58cfa490e4a0ec3121cb21fdb535,2026-02-07 05:21:32.655764+00:00,hu,origo.hu,origo.hu,2026-02-07,Óriásit tévedtek a kutatók: ősi szöveg cáfolta meg a tudományos elméletet,https://www.origo.hu/tudomany/2026/02/pusztak-szavanna-gyep-vers-india
afab441b0efb097e9d776ed4dd5030179022b33395a1f7560fbc4fc7e978bbe1,2026-02-06 20:22:52.314875+00:00,hu,dunaujvaros.com,dunaujvaros.com,2026-02-06,Közmeghallgatást tartott Dunaújváros önkormányzata,https://dunaujvaros.com/hirek/202602/kozmeghallgatast_tartott_dunaujvaros_onkormanyzata
783fd6d24409b7ed0e35b45a5a2a17e573d32cbb92246f8a9dc4d2fb59f84ecd,2026-01-08 05:26:30.389430+00:00,hu,origo.hu,origo.hu,2026-01-08,"Valósággá válhat a Jurassic Park? Olyat találtak a szúnyogokban, amire senki sem volt felkészülve",https://www.origo.hu/tudomany/2026/01/szunyog-jurassic-park-dinok-dns
ca76e05c649a18f4cba8af997b1ee8e3f38787e7068e0d51421a0b133c7da0bf,2025-12-28 11:19:07.693829+00:00,hu,origo.hu,origo.hu,2025-12-28,Nagy István: Milliárdokból óvjuk Magyarország természeti kincseit,https://www.origo.hu/belpol/2025/12/nagy-istvan-kehop-termeszetvedelem-magyarorszag
c9321d93621604fb0ab55a41fa087ea1ccce86e84da11e08916544786a3d3af9,2025-12-24 22:20:43.601393+00:00,hu,index.hu,index.hu,2025-12-24,Akinek a hobbija lehetett a munkája,https://index.hu/nagykep/2025/12/24/mate-bence-termeszetfoto-madar-allat-fotografia/
fdf7eda3f6f1b9d1aaab9ffdbd97701a6285968407d37c6c57c8c6af49462bd3,2025-12-24 18:29:09.311862+00:00,hu,origo.hu,origo.hu,2025-12-24,Cunamiként forgatják fel a tankönyveket: évente több tízezer új fajt fedeznek fel,https://www.origo.hu/nagyvilag/2025/12/fajok-felfedezese-biodiverzitas-elolenyek
083918478f894053609afbea9e6adcaa19cdbc512b514b7dd7d82aa7af78ab1b,2025-12-11 09:23:40.242974+00:00,hu,portfolio.hu,portfolio.hu,2025-12-11,Beporzás mint természeti tőke: mennyit érnek a méhek a pénzügyi piacoknak?,https://www.portfolio.hu/gazdasag/20251211/beporzas-mint-termeszeti-toke-mennyit-ernek-a-mehek-a-penzugyi-piacoknak-805188
e1ae52f429881ee51057d772b942d01673618d9808a053580f09faae22be78f9,2025-12-05 19:17:36.999114+00:00,hu,portfolio.hu,portfolio.hu,2025-12-05,Európa madarai menekülnek: évente fél métert másznak feljebb a hegyekben,https://www.portfolio.hu/gazdasag/20251205/europa-madarai-menekulnek-evente-fel-metert-masznak-feljebb-a-hegyekben-804460
9010fbb0f1b3c085606033183f160fcb5e87129b5e8eb573bccb16528a7216fe,2025-11-29 14:21:38.152007+00:00,hu,24.hu,24.hu,2025-11-29,Ebben az erdőben mintha minden meg akarná ölni az embert,https://24.hu/tudomany/2025/11/29/titkos-amazonia-utazas-a-vadonban-lucy-shepherd-expedicio/
cc17b084b49c50f83d7603d1573dd29ff9c6669d0d07d5912b9b5535f8ccf301,2025-11-27 21:26:31.901936+00:00,hu,merce.hu,merce.hu,2025-11-27,"Ádáz vita a következő klímacsúcs helyszínéről, küzdelem a fosszilis lobbistákkal – diplomáciai csaták a COP hátterében « Mérce",https://merce.hu/2025/11/27/adaz-vita-a-kovetkezo-klimacsucs-helyszinerol-kuzdelem-a-fosszilis-lobbistakkal-diplomaciai-csatak-a-cop30-hattereben/
96620bff8555fea9b9978b5ef0d22689e1719f6c0e813394a5ae3af05ab9936d,2025-11-24 23:26:11.229453+00:00,hu,magyarhirlap.hu,magyarhirlap.hu,2025-11-24,„A kormány elkötelezett az erdők gyarapítása iránt”,https://www.magyarhirlap.hu/gazdasag/20251124-a-kormany-elkotelezett-az-erdok-gyarapitasa-irant
c05b8051f0f76b0480fa1327d646c1701683adfb8cb3084d5169bdca293fb065,2025-11-18 05:20:38.143143+00:00,hu,magyarhirlap.hu,magyarhirlap.hu,2025-11-18,Ok nélkül démonizáltuk a pálmaolajat?,https://www.magyarhirlap.hu/egeszseg/20251116-ok-nelkul-demonizaltuk-a-palmaolajat
43955c456ba24e8be47a42d01f8d8009ae32fa728c3874554947c8fd012b3bdf,2025-11-15 08:18:52.282949+00:00,hu,infostart.hu,infostart.hu,2025-11-15,Összegyűjti a faleveleket a kertben? Súlyos hibát követ el,https://infostart.hu/eletmod/2025/11/15/osszegyujti-a-faleveleket-a-kertben-sulyos-hibat-kovet-el
890960eeeffcfe1a57c2234840d6f70406a14e3ee5114e1971d60aefc28d4894,2025-11-14 13:35:13.696363+00:00,hu,borsonline.hu,borsonline.hu,2025-11-14,Beköszöntött a november: újra itt a Mézes Reggeli Program!,https://www.borsonline.hu/kozelet/2025/11/mezes-reggeli-program-ismet-elindul
48c89558f103fb584b4056cbe3135fb832d28846eca4e1506687c325b91fd3f8,2025-11-07 14:33:23.815108+00:00,hu,portfolio.hu,portfolio.hu,2025-11-07,"Komoly kifizetéseket jelentett be Brüsszel, Magyarország is örülhet",https://www.portfolio.hu/unios-forrasok/20251107/komoly-kifizeteseket-jelentett-be-brusszel-magyarorszag-is-orulhet-798246
a63a4eff503b143448b80c97049402603ff0f31f220636a48a506a8c25379668,2025-11-04 09:21:29.893220+00:00,hu,origo.hu,origo.hu,2025-11-04,Világrekord méretű védett halat fogtak a Dunából – horgászbot nélkül,https://www.origo.hu/sport/sport-tomegsport/2025/11/leanykoncer-vilagrekord-duna-lipot
8cf43c14e98fd3f212c642b9c937b494bb3e6117933335b1999a1d11922b04dc,2025-10-26 09:25:08.285183+00:00,hu,origo.hu,origo.hu,2025-10-26,"Már messze nem csak morális, hanem egyenesen létkérdés a klímaválság",https://www.origo.hu/gazdasag/2025/10/klimavalsag-letkerdes-gazdasagi-valsag
6bfe98269c333d8637e140d3615ccff6a62a77d425bec6c2d37691e606b90b89,2025-10-20 19:22:32.798792+00:00,hu,hvg.hu,hvg.hu,2025-10-20,"Az elmúlt évtizedek legrosszabb méztermelése várható idén Magyarországon, és ez csak a kezdet",https://hvg.hu/eurologus/20251020_mez-meh-klimavaltozas
a3713255c8cd3b3669d51774a58f8c00e2a8446a54715aac24592cac538efb2e,2025-10-19 15:25:01.405395+00:00,hu,index.hu,index.hu,2025-10-19,Több mint 650 éves cipő és fegyverek is előkerültek egy madárfészekből,https://index.hu/tudomany/2025/10/19/saskeselyu-feszek-regeszeti-leletek-cipo-madarak-pireneusok/
3942e0870ce9cb7fcf286df4b0d78d4616d4bbd374dd50e94c653bb634a90ebe,2025-10-14 14:25:53.260364+00:00,hu,hvg.hu,hvg.hu,2025-10-14,"Frissítették a Vörös listát: kihalás felé sodródnak a sarkvidéki fókák, egyre kevesebb a madár a világon",https://hvg.hu/tudomany/20251014_voros-lista-veszelyeztetett-fajok-sarkvideki-foka-madarak-pusztulasa
01d8c96bbfc20eabb61c7f518bc9cc9615facc363c54cf481c905b7954435a2d,2025-10-12 14:25:48.361954+00:00,hu,portfolio.hu,portfolio.hu,2025-10-12,Ezért fontosak a méhlegelők,https://www.portfolio.hu/gazdasag/20251012/ezert-fontosak-a-mehlegelok-a-beporzok-pusztulasa-sulyos-helyzetet-okozhat-az-elelmiszer-termelesben-791736
10f80c2504b087ec6fd7e8653ff087794077af64fa1ba843e104920b314c872f,2025-10-10 14:20:30.960896+00:00,hu,magyarhirlap.hu,magyarhirlap.hu,2025-10-10,Száz év alatt dupla lett az erdőterület,https://www.magyarhirlap.hu/belfold/20251010-szaz-ev-alatt-dupla-lett-az-erdoterulet
a4b89da75c7db5be7bfe8456a63898d964f45f44a46c7e3eed25eb0c2d305ffb,2025-10-10 12:18:37.835973+00:00,hu,demokrata.hu,demokrata.hu,2025-10-10,Nagy István: Az erdők a kormány zöldpolitikájának középpontjában állnak,https://demokrata.hu/magyarorszag/nagy-istvan-az-erdok-a-kormany-zoldpolitikajanak-kozeppontjaban-allnak-1071549/
3fdc183928a0531e2d102bbd7a43bb5e503a3dcc7ba1dd316f48af3a79bff456,2025-10-02 01:21:32.655069+00:00,hu,gondola.hu,gondola.hu,2025-10-01,Áder János: most zajlik a hatodik tömeges kihalási hullám a Föld történetében,https://gondola.hu/cikkek/Ader-Janos-most-zajlik-a-hatodik-tomeges-kihalasi-hullam-a-Fold--155700
9e59d5218f58f644790517c567a8c1b3f8b21b648647424b897783511b19bbb6,2025-10-01 15:29:19.123093+00:00,hu,infostart.hu,infostart.hu,2025-10-01,Áder János: most zajlik a hatodik tömeges kihalási hullám a Föld történetében,https://infostart.hu/belfold/2025/10/01/ader-janos-most-zajlik-a-hatodik-tomeges-kihalasi-hullam-a-fold-torteneteben
afe1f9a92b998d92f50f7699a66e71de6e95b8fbdd575070dce459afc6abb771,2025-10-01 15:23:48.746410+00:00,hu,magyarhirlap.hu,magyarhirlap.hu,2025-10-01,Áder János: Most zajlik a hatodik tömeges kihalási hullám a Föld történetében,https://www.magyarhirlap.hu/belfold/20251001-ader-janos-most-zajlik-a-hatodik-tomeges-kihalasi-hullam-a-fold-torteneteben
59d72f7a41fdda3cf56d9731b9f01bdc2a13865dd5ce7111324d5fcbde18e755,2025-10-01 13:25:50.710287+00:00,hu,demokrata.hu,demokrata.hu,2025-10-01,Áder János: Most zajlik a hatodik tömeges kihalási hullám a Föld történetében,https://demokrata.hu/magyarorszag/ader-janos-most-zajlik-a-hatodik-tomeges-kihalasi-hullam-a-fold-torteneteben-1066710/
3c9ef158799ea19249ebc8aa8585356667aa2284f7fc778b5f79c928db59a454,2025-10-01 08:24:57.376090+00:00,hu,index.hu,index.hu,2025-10-01,"Kapu Tibor az űrig ment az elismerésért, de itt a Földön is van kire büszkének lennünk",https://index.hu/kultur/2025/10/01/highlights-of-hungary-2025-dijatado-nagykovetek-jeloltek-konig-robert-kapas-boglarka-szabadfi-szabolcs/
09ea9bd8fa4de9bf571033ec3fe42e9f4823c0b77897b48475eb2026718bdaf0,2025-09-29 06:24:22.807388+00:00,hu,index.hu,index.hu,2025-09-29,Az emirátusok szépen csendben lekörözik a nagyokat a mesterséges intelligencia terén,https://index.hu/kulfold/2025/09/29/egyesult-arab-emirsegek-mesterseges-intelligencia-fejlesztes-felho-alapu-szolgaltatas/
a59e0af130139aa7e9cacff6737d02116216f2c7a86a1ae3c5af4535981b4fde,2025-09-20 13:30:25.260498+00:00,hu,vg.hu,vg.hu,2025-09-20,Eltűnt a víz: kiszáradhat a 70 ezres magyar vidéki város legszebb tava – bele kell törődni,https://www.vg.hu/vilaggazdasag-magyar-gazdasag/2025/09/tatabanyai-tavak-kiszaradas-aszaly-hoseg-viz-csapadek?utm_source=hirstart&utm_medium=referral&utm_campaign=hiraggregator
33d2d9ca9f279bec50a7c322dd95e38b4218e66251a9aee1868384cb5e3de9c5,2025-09-20 08:26:59.279686+00:00,hu,hvg.hu,hvg.hu,2025-09-20,Napi 50 perccel tovább énekelnek a madarak. Miért?,https://hvg.hu/tudomany/20250920_tovabb-enekelnek-a-madarak-csicserges-fenyszennyezes
b66049719000bd5bccdce948d0032e090311e79922ca6de8017540aede75f570,2025-09-15 08:29:20.306389+00:00,hu,infostart.hu,infostart.hu,2025-09-15,Klímaadaptációs fórum jött létre a hazai erdők védelme érdekében,https://infostart.hu/belfold/2025/09/15/klimaadaptacios-forum-jott-letre-a-hazai-erdok-vedelme-erdekeben
b84d7f9fc535ae8113a880aded7d62425addbb082ebe143375a4cf425fd67452,2025-09-11 11:32:55.076312+00:00,hu,demokrata.hu,demokrata.hu,2025-09-11,Megalakult az Erdészeti Klímaadaptációs Fórum,https://demokrata.hu/magyarorszag/megalakult-az-erdeszeti-klimaadaptacios-forum-1055449/
2b89f153be050e0c5576a181cf3a558b471124721954dd1ba835038b41c07839,2025-09-04 19:35:42.453291+00:00,hu,portfolio.hu,portfolio.hu,2025-09-04,Kiderültek a 2025-ös Green Awards nyertesek!,https://www.portfolio.hu/uzlet/20250904/kiderultek-a-2025-os-green-awards-nyertesek-a-zold-programokat-es-vallalatokat-dijaztuk-783600
09c0e9e794b37bbdd8d6bd7a5b36e56e89c3df8e6635e5b6ae497241571eb8e3,2025-09-02 14:26:12.031294+00:00,hu,magyarhirlap.hu,magyarhirlap.hu,2025-09-02,AM: pályázat támogatja az erdők hosszú távú minőségi megújulását,https://www.magyarhirlap.hu/belfold/20250902-am-palyazat-tamogatja-az-erdok-hosszu-tavu-minosegi-megujulasat
35ab23b4deb81c6e90e2de2ced12fb194babf964983e43b4eeb4266f5b683b6e,2025-08-31 21:21:23.493750+00:00,hu,magyarkurir.hu,magyarkurir.hu,2025-08-31,A béke és a remény magjai – Leó pápa üzenete a 10. teremtésvédelmi imanapra,https://www.magyarkurir.hu/hirek/a-beke-es-remeny-magjai-leo-papa-uzenete-10-teremtesvedelmi-imanapra
da2882eaf2c0835c17b843d0e009ccffc2b667f0c3d4af9b90de4ee2bd977523,2025-08-23 16:39:04.371688+00:00,hu,index.hu,index.hu,2016-03-01,Szereti a kávét? Akkor kezdjen aggódni a méhek miatt!,http://index.hu/tudomany/2016/03/01/szereti_a_kavet_akkor_kezdjen_aggodni_a_mehek_miatt/
deb4d30a0d6ab6e96eeba420a1aa1df6380af9828228026a45168fee90cc2ebb,2025-08-23 16:36:49.080092+00:00,hu,hvg.hu,hvg.hu,2016-03-01,Pusztulnak a méhek: milliók élete kerülhet veszélybe,http://hvg.hu/plazs/20160301_Pusztulnak_a_mehek_milliok_elete_kerulhet_veszelybe#rss
84c56ac0fe61437dfd5bfa3f0a6fdba66a91c6e8e65e4e3b2cd3fa1653a0fdf9,2025-08-23 11:13:49.095016+00:00,hu,hvg.hu,hvg.hu,2016-03-11,"Kialszanak a fények jövő szombaton, itt vannak hozzá a programok",http://hvg.hu/plazs/20160311_kialszanak_a_fenyek_jovo_szombaton_itt_vannak_hozza_a_programok#rss
c8bb45386487bf3bfa73aa049b5a4a267148f596fbb635c291401682c2f450e4,2025-08-23 06:42:23.914368+00:00,hu,hirado.hu,hirado.hu,2016-03-19,A világ legnagyobb önkéntes akciója,http://www.hirado.hu/2016/03/19/a-vilag-legnagyobb-onkentes-akcioja/
16c78db14f264fac7dc81ede63804087bcc2fca56be152afa647df1882bc5af4,2025-08-23 06:39:54.479775+00:00,hu,hirado.hu,hirado.hu,2016-03-19,Világszerte kialszanak a fények,http://www.hirado.hu/2016/03/19/vilagszerte-kialszanak-a-fenyek/
465f9e99be2468f3484e558d5d55fd50c034fce2b6d7070eb95137056366f53c,2025-08-23 06:32:45.005729+00:00,hu,nol.hu,nol.hu,2016-03-20,Ha kivesznek a méhek...,http://nol.hu/tud-tech/ha-kivesznek-a-mehek-1607119
1ebe97473ad1f695983f198c01ebc750db80e2909a26f3991cd48a6ef34ae976,2025-08-21 10:19:47.050065+00:00,hu,24.hu,24.hu,2025-08-21,Még a mesterséges intelligenciát is sikerült meglepni a korallokkal kapcsolatban!,https://24.hu/tech/2025/08/21/meg-a-mesterseges-intelligenciat-is-sikerult-meglepni-a-korallokkal-kapcsolatban/
6ef400684fd167137bbb7ea2e7b31da4b0a16d2174bdc66714f25f333f8c233a,2025-08-21 08:57:48.157391+00:00,hu,hirado.hu,hirado.hu,2016-05-31,Új denevérfajok jelentek meg a Pilisi Parkerdőben,http://www.hirado.hu/2016/05/31/uj-deneverfajok-jelentek-meg-a-pilisi-parkerdoben/
0bf7976cda446d0e5833135dc76952c398e78bbc8c085b9cf3300590f4b7b96f,2025-08-20 14:17:11.865867+00:00,hu,napi.hu,napi.hu,2016-06-29,Magyar céget emel ki a McDonald's,http://www.napi.hu/magyar_vallalatok/magyar_ceget_emel_ki_a_mcdonalds.616979.html
89ef9c43866abd7df30348043c8f77c33bb8a2dbf0efe7d89a8a9fd58355c2a4,2025-08-20 13:23:52.126228+00:00,hu,hirado.hu,hirado.hu,2016-06-30,Miattunk lesznek gyúlékonyak az esőerdők,http://www.hirado.hu/2016/06/30/miattunk-lesznek-gyulekonyak-az-esoerdok/
e9f92f67da9120ce4343760eae0b0e7ce81c664632400a617451681721cda15d,2025-08-20 02:23:59.536827+00:00,hu,index.hu,index.hu,2016-07-18,Mostantól az Édenkert is a világörökség része,http://index.hu/kultur/2016/07/18/mostantol_az_edenkert_is_a_vilagorokseg_resze/
166f988490e0ba0293e563b19cdbca170310dac136f8b6053a264bd6834634ac,2025-08-19 22:41:02.952359+00:00,hu,nepszava.hu,nepszava.hu,2016-07-25,Nagyobb lett a világörökségünk,http://nepszava.hu/cikk/1100899-nagyobb-lett-a-vilagoroksegunk/
312d06dd10f69c2fe9bf4ad36d0e9dd051cc7761210276d561f0fc5778c5809e,2025-08-19 05:12:51.552861+00:00,hu,24.hu,24.hu,2016-08-19,Kiirtjuk az erdei embereket. Kit érdekel?,http://24.hu/elet-stilus/2016/08/19/kiirtjuk-az-erdei-embereket-kit-erdekel/
0d38fd9bdfffc7f959dd201b168d16658f4ae62cd1d7fcdb807f778dd53f5f9c,2025-08-19 00:19:36.002784+00:00,hu,index.hu,index.hu,2016-08-26,"Kis matatás az erkélyen, és máris jobb hely lesz Budapest",http://index.hu/urbanista/2016/08/26/balkon_aranya_varosi_kerteszet/
fb6876808b2ebaef172bb26915bd0a6c0c7400d7c9d3e5de0931d21843c498f0,2025-08-18 16:52:44.923214+00:00,hu,hvg.hu,hvg.hu,2016-09-06,"Váltson zöldre, hogy a jövőben is legyen munkája!",http://hvg.hu/kkv.businessmagazin/20160906_zold_allasok#rss
af407333a3b4648f9df3c2b25b9f70daa72825c6a55b659aca8e78e838b5f428,2025-08-18 09:28:24.450355+00:00,hu,szon.hu,szon.hu,2016-09-17,Klímabarátok országos tanácskozása Gyenesdiáson,http://www.szon.hu/klimabaratok-orszagos-tanacskozasa-gyenesdiason/3186885
9d9e5c760824cc60e73734535547d383533001ccce3e5d6a8fa01e015cf8451e,2025-08-17 18:30:22.846937+00:00,hu,hirado.hu,hirado.hu,2016-10-15,Jön a nemzeti erdőstratégia,http://www.hirado.hu/2016/10/15/jon-a-nemzeti-erdostrategia/
d0f15f21d4a719dc2133398337f44e61286e4441b4bd4172f842b6407aa27675,2025-08-17 18:29:44.829642+00:00,hu,nepszava.hu,nepszava.hu,2016-10-15,Nemzeti erdőstratégia,http://nepszava.hu/cikk/1108956-nemzeti-erdostrategia---elfogadta-a-kormany/
54e12d9495c9a10103b92ff56d9c03cb51e6264b3fc7de70954bc7e3ba55e5ad,2025-08-17 08:21:47.461633+00:00,hu,index.hu,index.hu,2016-11-04,"Elkészült a 186 milliós tanösvény, csak lelakatolták",http://index.hu/belfold/2016/11/04/hatvan_tanosveny/
f4cfe9975f25dd8a6a0a16572bece2369f16ffb14d91af0258f612abdca2c090,2025-08-17 06:20:06.966842+00:00,hu,index.hu,index.hu,2025-08-17,"Megérezzük a jövő aranyának hiányát – terméskiesés, infláció, elvándorlás",https://index.hu/gazdasag/2025/08/17/viz-vizhiany-vizgazdalkodas-termeszetes-viz-ivoviz-klimavaltozas-globalis-felmelegedes-aszaly-ontozes-vizkeszlet/
c7566d71b281c0898d7d2776c3266ab51c98118c6252a628db96d187cd10d192,2025-08-16 09:58:02.257069+00:00,hu,zaol.hu,zaol.hu,2016-12-09,Klímaváltozás,http://m.zaol.hu/belfold/klimavaltozas-1805301
f99dcb0d326de521b249cc6648de9984312e62beb072432b1b47ab721c300526,2025-08-16 09:57:54.451698+00:00,hu,veol.hu,veol.hu,2016-12-09,Klímaváltozás,https://m.veol.hu/belfold/klimavaltozas-1805301
eef57f090861caa4e8584d21b568852cb1cfea9d6ee271012015636a3208c642,2025-08-16 09:57:51.611623+00:00,hu,vaol.hu,vaol.hu,2016-12-09,Klímaváltozás,http://m.vaol.hu/belfold/klimavaltozas-1805301
dace65d7c71bdd68fff3d067e0f05b8bb4ff8bbdf9d40788c6757ccb333bd26f,2025-08-15 22:39:33.058577+00:00,hu,veol.hu,veol.hu,2016-12-26,Lendvai Gábor sárbogárdi biológus szerint a biodiverzitás csökkenés,https://m.veol.hu/gazdasag/lendvai-gabor-sarbogardi-biologus-szerint-a-biodiverzitas-csokkenese-kozvetlen-veszely-1808286
e5d511fbc3745df6459b9af21577dd77dbedb2c527f7640758cc7d6c2f399d84,2025-08-15 22:39:29.878874+00:00,hu,feol.hu,feol.hu,2016-12-26,Lendvai Gábor sárbogárdi biológus szerint a biodiverzitás csökkenés,http://m.feol.hu/gazdasag/lendvai-gabor-sarbogardi-biologus-szerint-a-biodiverzitas-csokkenese-kozvetlen-veszely-1808286
a6c93168e99415bb0f17d701a4ee8d808367e25567836a28c1b3e82333901483,2025-08-15 22:39:27.424521+00:00,hu,vaol.hu,vaol.hu,2016-12-26,Lendvai Gábor sárbogárdi biológus szerint a biodiverzitás csökkenés,http://m.vaol.hu/gazdasag/lendvai-gabor-sarbogardi-biologus-szerint-a-biodiverzitas-csokkenese-kozvetlen-veszely-1808286
a23575bbd6a03784a26cd983ceaf5852e128ca020a44d797bdcc592b33338e20,2025-08-15 06:39:47.476172+00:00,hu,hvg.hu,hvg.hu,2017-01-03,Csak úgy vigyorog az év fájának gyümölcse,http://hvg.hu/itthon/20170103_Csak_ugy_vigyorog_az_ev_fajanak_gyumolcse#rss
78f71492ba8a2494001372ff8888f1ec31b7ef16307e3d3c92d88a3ce2229aaf,2025-08-15 06:38:53.507683+00:00,hu,boon.hu,boon.hu,2017-01-03,A vadalmát választották a 2017-es Év fájává,http://www.boon.hu/a-vadalmat-valasztottak-a-2017-es-ev-fajava/3324656
1426ef4a5e932cbcc48a074e2969b39d8ce3111e619a6eecdae9022ffc70ab16,2025-08-15 06:38:03.995026+00:00,hu,szon.hu,szon.hu,2017-01-03,A vadalmát választották a 2017-es Év fájává,http://www.szon.hu/a-vadalmat-valasztottak-a-2017-es-ev-fajava/3324656
dbe389b978ff0ad0f955de6e6639a3d49e31f1e09aadd66e3a94667fab5520a3,2025-08-15 06:36:05.981933+00:00,hu,nepszava.hu,nepszava.hu,2017-01-03,A vadalmát választották a 2017-es Év fájává,http://nepszava.hu/cikk/1116541-a-vadalmat-valasztottak-a-2017-es-ev-fajava/
5de6504149a0eca023c98cbbecefa45f204b7ec7d4ac27536cd8d613d41f7838,2025-08-15 06:35:02.860321+00:00,hu,24.hu,24.hu,2017-01-03,Megvan a 2017-es év fája,http://24.hu/belfold/2017/01/03/megvan-a-2017-es-ev-faja/
e760eb619007b66fdf3833672133a7215e4fe50b4aef027273fe51040c346ae0,2025-08-15 06:34:39.393249+00:00,hu,hirado.hu,hirado.hu,2017-01-03,A vadalma lett az év fája,http://www.hirado.hu/2017/01/03/a-vadalma-lett-az-ev-faja/
59f3df9b91d20bf91cac8bdb6b4d51b3025708974766e36b5f3bafe17b74658f,2025-08-15 05:16:26.133040+00:00,hu,index.hu,index.hu,2017-01-05,A növények kihalásával a beporzó méheknek is lőttek,http://index.hu/tudomany/2017/01/05/a_novenyek_kihalasaval_a_beporzo_meheknek_is_lottek/
a432b98fb37e738a6f11185e58a9195a2e756578473aff2ed41b9d0f01825671,2025-08-15 05:15:41.900969+00:00,hu,hirado.hu,hirado.hu,2017-01-05,A növények kihalása veszélyes lehet egyes méhfajoknak,http://www.hirado.hu/2017/01/05/a-novenyek-kihalasa-veszelyes-lehet-egyes-mehfajoknak/
19e971b2bdc77c17205c56572077689b655a29c4bfe0056b7de3613e78c2017e,2025-08-15 05:10:50.011288+00:00,hu,24.hu,24.hu,2017-01-05,"Először a növények halnak ki, aztán a méhek, végül minden más",http://24.hu/tudomany/2017/01/05/eloszor-a-novenyek-halnak-ki-aztan-a-mehek-vegul-minden-mas/
d52607bec505e53297cb9cc585e2270c2c88bbc8b57d27b1e336c21fb1ecb52f,2025-08-14 17:01:33.314344+00:00,hu,hirado.hu,hirado.hu,2017-01-20,Mégis az embert irthatta ki az ausztrál megafaunát?,http://www.hirado.hu/2017/01/20/megis-az-embert-irthatta-ki-az-ausztral-megafaunat/
26c52749e8645da6f82035b04f21aa73f8ea0ee7645b1cd9db71b762be9425c8,2025-08-14 13:16:34.715641+00:00,hu,boon.hu,boon.hu,2017-01-25,"EEA: Európában egyre súlyosabban fenyegeti az ökoszisztémákat, az emberi egészséget és a gazdaságot az éghajlatváltozás",http://www.boon.hu/eea-europaban-egyre-sulyosabban-fenyegeti-az-okoszisztemakat-az-emberi-egeszseget-es-a-gazdasagot-az-eghajlatvaltozas/3351008
c7a3c997834b16f5404cb4297143ade98c78db5ac0c02d046eea8860b36cac28,2025-08-14 13:16:27.142892+00:00,hu,szon.hu,szon.hu,2017-01-25,"EEA: Európában egyre súlyosabban fenyegeti az ökoszisztémákat, az emberi egészséget és a gazdaságot az éghajlatváltozás",http://www.szon.hu/eea-europaban-egyre-sulyosabban-fenyegeti-az-okoszisztemakat-az-emberi-egeszseget-es-a-gazdasagot-az-eghajlatvaltozas/3351008
781b25c400d21c85fae7eef99e39f5c2d24deea29e52952389849796e91136be,2025-08-13 22:29:22.411768+00:00,hu,index.hu,index.hu,2017-02-13,Drámai a klímaváltozás tempója: 170-szer gyorsabban melegszik az éghajlat miattunk,http://index.hu/tudomany/2017/02/13/dramai_keplet_irja_le_a_klimavaltozast/
8d05dc44c60d38e6e3ece76b273899f1114f3ece9bf2be95cdc922403de81c4a,2025-08-13 16:08:44.043074+00:00,hu,24.hu,24.hu,2017-02-21,Elképesztően parányiak az újonnan felfedezett békafajok,http://24.hu/tudomany/2017/02/21/elkepesztoen-paranyiak-az-ujonnan-felfedezett-bekafajok/
64f5fe2d4119bb3baa20e4391e5b1dec8b1a73857aba484f2ad84cac113db24c,2025-08-11 19:39:53.779521+00:00,hu,hirado.hu,hirado.hu,2017-04-13,Tűz és víz alakította a Galápagos élővilágát,http://www.hirado.hu/2017/04/13/tuz-es-viz-alakitotta-a-galapagos-elovilagat/
56baf3d644bcda6d26caf178a022159ed6ca4254a76ce3a3bae852666283b22d,2025-08-10 18:28:45.279187+00:00,hu,hirado.hu,hirado.hu,2017-05-16,Ismét megrendezik a Magyar Természet Napját,http://www.hirado.hu/2017/05/16/ismet-megrendezik-a-magyar-termeszet-napjat/
0c8dd6898a845cfcca4e88b0acecfb5399f5606756ea6c4589e0c96a42c090c8,2025-08-10 08:21:34.517256+00:00,hu,boon.hu,boon.hu,2017-05-29,Fazekas: a világon a szegénység és éhínség leküzdése a következő évek egyik legfontosabb feladata,http://www.boon.hu/fazekas-a-vilagon-a-szegenyseg-es-ehinseg-lekuzdese-a-kovetkezo-evek-egyik-legfontosabb-feladata/3498908
6455eb597d41a07b0fb339ee0147da3d4ce479a95064731b945245d25f724e85,2025-08-10 08:21:31.528213+00:00,hu,szon.hu,szon.hu,2017-05-29,Fazekas: a világon a szegénység és éhínség leküzdése a következő évek egyik legfontosabb feladata,http://www.szon.hu/fazekas-a-vilagon-a-szegenyseg-es-ehinseg-lekuzdese-a-kovetkezo-evek-egyik-legfontosabb-feladata/3498908
fc1e5c093f75d545c48b50819a8b9e52d863bf1f888520222f85c56f93b87bda,2025-08-10 08:16:12.259513+00:00,hu,hirado.hu,hirado.hu,2017-05-29,Az éhínség és a szegénység leküzdéséről beszélt Fazekas,http://www.hirado.hu/2017/05/29/az-ehinseg-es-a-szegenyseg-lekuzdeserol-beszelt-fazekas/
ea961b19130216a743c5dbc2e959b307b1855e49a36fb17f126e89c9e5eeac48,2025-08-10 06:31:32.862548+00:00,hu,hirado.hu,hirado.hu,2017-05-31,Áder: komoly kihívást jelent az egyre növekvő vízfogyasztás,http://www.hirado.hu/2017/05/31/ader-komoly-kihivas-az-egyre-novekvo-vizfogyasztas/
30b222536797b6687b64bd638bba4f25e9c93f218c9e44e7e3036c58b4dfe992,2025-08-09 07:02:00.820175+00:00,hu,mno.hu,mno.hu,2017-06-25,"Pusztulás fenyegeti Budapest titkos lápját, amiben még aranyhal is él",http://mno.hu/hetvegimagazin/pusztulas-fenyegeti-budapest-titkos-lapjat-amiben-meg-aranyhal-is-el-2404704?utm_source=feed&utm_medium=rss
76f5d3ebc72930fc6b3c6b625a13ca6f2d902ee3efdf71891cdb146608524f90,2025-08-09 05:36:53.550895+00:00,hu,hvg.hu,hvg.hu,2017-06-27,Balavány: A vadászok az igazi zöldek,http://hvg.hu/itthon/20170627_Balavany_vadaszok_zoldek_termeszet_okologia_erdo_vedett_allatok_kiloves#rss
9e2f62304703fab3931a10d4557f5409cfe412a6be088c46e02fb9f6977ec6b9,2025-08-08 15:45:38.692717+00:00,hu,hirado.hu,hirado.hu,2017-07-14,Kirepültek a pilismaróti rétisasfiókák,http://www.hirado.hu/2017/07/14/kirepultek-a-pilismaroti-retisasfiokak/
06fa574f250ff07f338f9327195543de3e666864c30c45aa232be0a7e3c7bba3,2025-08-07 10:10:09.664058+00:00,hu,index.hu,index.hu,2017-08-15,Láncfűrész az őserdőben: az utolsó európai rengeteg jövője a tét,http://index.hu/tudomany/2017/08/15/az_utolso_europai_oserdo_tulelese_forog_kockan_lengyelorszagban/
f3dd59acbed592c83719419ab9057e834657aa39425a31cf0abe8bc5c9f69c01,2025-08-05 13:02:17.296310+00:00,hu,hvg.hu,hvg.hu,2017-10-07,"A NER-elit akkor is bízvást számíthat állambácsira, ha vadászni akar",http://hvg.hu/hvgfriss/2017.40/201740__orban_szomszedai__elzart_teruletek__oligarchak_egymas_kozt__nagyvadak_rezervatuma#rss
1edcf8eba4c235409293c39a9b6e42bfd1b03e2ede5ede0e807bd32b817b54ee,2025-08-03 12:07:29.825197+00:00,hu,index.hu,index.hu,2017-11-28,Uniós támogatással újulnak meg a bükki erdők,http://index.hu/tudomany/2017/11/28/unios_tamogatassal_ujulnak_meg_a_bukki_erdok/
1f87b5b0ec030c656e84e86095120ee9d03d256eb6bc1ae563eaccd3f9cac374,2025-08-03 05:09:37.194891+00:00,hu,index.hu,index.hu,2017-12-06,Rabszolgák vágják ki az őserdőt az európaiak hamburgereiért?,http://index.hu/gazdasag/2017/12/06/eu_latin-amerika_szabadkereskedelem/
9bd6fcc2097ee5ae97550a01af6830cc2259b9aa4c145331d7a0d44b0eced6dc,2025-08-02 01:47:13.727758+00:00,hu,24.hu,24.hu,2017-12-29,Elkezdhetnénk manipulálni a Föld légkörét,https://24.hu/tudomany/2017/12/29/elkezdhetnenk-manipulalni-a-fold-legkoret/
f18045465fd0112d01778c43540aab46d29e31b2ae22681dfa48f98f63f37e36,2025-08-01 10:34:12.741898+00:00,hu,infostart.hu,infostart.hu,2018-01-10,"Hasznos lehet, ha égetik a gyepet, de egyre kevesebbszer alkalmazzák",http://infostart.hu/tudomany/2018/01/10/hasznos_lehet_ha_egetik_a_gyepet_de_egyre_kevesebbszer_alkalmazzak/
58e6fef740028c4c5629c3ee6872384501dde8fd090ebeddd28c229183463245,2025-07-31 13:48:55.254931+00:00,hu,vg.hu,vg.hu,2018-01-25,A légszennyezés fenyegeti leginkább a közegészségügyet,https://www.vg.hu/kozelet/a-legszennyezes-fenyegeti-leginkabb-a-kozegeszsegugyet-763511
dde049e83cb01c0299aa3fe9526204ce8f2f3a427907194751c35b9453d5d3c8,2025-07-31 13:48:32.471573+00:00,hu,nepszava.hu,nepszava.hu,2018-01-25,Ez veszélyezteti leginkább az egészségünket,http://nepszava.hu/cikk/1151160-ez-veszelyezteti-leginkabb-az-egeszsegunket/
c8178a5dfc924f66af981da191b05f6649089a2cbc9e2eee20a9982d95667074,2025-07-31 13:43:19.800696+00:00,hu,szon.hu,szon.hu,2018-01-25,A légszennyezés jelenti a legnagyobb környezeti veszélyt az emberek egészségére,http://www.szon.hu/davos-a-legszennyezes-jelenti-a-legnagyobb-kornyezeti-veszelyt-az-emberek-egeszsegere/3747021
211645c68cea1211791fc5b156edad2b3efab69fe1a528071f90045845cd18c9,2025-07-31 13:42:14.887742+00:00,hu,haon.hu,haon.hu,2018-01-25,A légszennyezés jelenti a legnagyobb környezeti veszélyt az emberek egészségére,http://www.haon.hu/davos-a-legszennyezes-jelenti-a-legnagyobb-kornyezeti-veszelyt-az-emberek-egeszsegere/3747021
dead4b5d0713f8c4531b19da927584487b77d0db710adf64c78582fe403d92a2,2025-07-31 13:42:05.554515+00:00,hu,boon.hu,boon.hu,2018-01-25,A légszennyezés jelenti a legnagyobb környezeti veszélyt az emberek egészségére,http://www.boon.hu/davos-a-legszennyezes-jelenti-a-legnagyobb-kornyezeti-veszelyt-az-emberek-egeszsegere/3747021
5e993ab78a053aab717ac50e11b18801bf543e9109966538419dabfa60b3b82a,2025-07-27 14:25:25.608462+00:00,hu,haon.hu,haon.hu,2018-04-12,Egyetemi tanácskozás a vizes élőhelyek védelmében,http://www.haon.hu/egyetemi-tanacskozas-a-vizes-elohelyek-vedelmeben/3826645
0f3cc22cf4cb803bac6346a1dfdaeaf0c0cdf95528d8b67fa04c44756c34126a,2025-07-27 14:25:04.045528+00:00,hu,szon.hu,szon.hu,2018-04-12,Egyetemi tanácskozás a vizes élőhelyek védelmében,http://www.szon.hu/egyetemi-tanacskozas-a-vizes-elohelyek-vedelmeben/3826645
eedd8302f57fa157dba869e998d266f990a9e6b2d5c1512472a16a1319e5604f,2025-07-27 14:24:33.122433+00:00,hu,boon.hu,boon.hu,2018-04-12,Egyetemi tanácskozás a vizes élőhelyek védelmében,http://www.boon.hu/egyetemi-tanacskozas-a-vizes-elohelyek-vedelmeben/3826645
7be09d26f8d9cd83ffc12c5b6789e2bd051c0bb8b5d9c348ed4113bb11c02c06,2025-07-27 09:20:51.868265+00:00,hu,szon.hu,szon.hu,2018-04-20,Válasz a madarak szerelmi életére,http://www.szon.hu/valasz-a-madarak-szerelmi-eletere/3835492
25d38049f4ef64079a39b80c908e6b36483ac8e9c26ecdf0a9ac1afafd68ef83,2025-07-27 09:20:44.690412+00:00,hu,boon.hu,boon.hu,2018-04-20,Válasz a madarak szerelmi életére,http://www.boon.hu/valasz-a-madarak-szerelmi-eletere/3835492
8bad398cb789bbcadbc4f387726371ef5a1a3eb232dc61cbdcb752624c693741,2025-07-27 09:20:14.199794+00:00,hu,haon.hu,haon.hu,2018-04-20,Válasz a madarak szerelmi életére,http://www.haon.hu/valasz-a-madarak-szerelmi-eletere/3835492
197b8d0b9bd8c24a32a3709965f658e0c7663b78feb5d11c5a362235a216b87b,2025-07-27 03:33:40.447745+00:00,hu,zaol.hu,zaol.hu,2018-04-29,"Bengei rőtcsáp, csipkésszárnyű böngör: Zalai lepkészekkel beszélgettünk",https://www.zaol.hu/eletstilus/helyi-eletstilus/bengei-rotcsap-csipkesszarnyu-bongor-2343165/
44b5056cac1632a04c96240128620f6271f5bf7c5247986522523c01272af5cd,2025-07-26 19:28:56.272636+00:00,hu,index.hu,index.hu,2025-07-26,A fák több mint felét már kiírtottuk a Földön,https://index.hu/tudomany/til/2025/07/26/villamok-villamcsapas-fak-pusztulasa-fak-szama-globalisan-erdoirtas-csillagok-szama-tejutrendszerben/
de129a241873c7a72e1f3118fcb3e40c778ae7aafd253557b29767932b48221e,2025-07-25 21:08:27.411657+00:00,hu,nepszava.hu,nepszava.hu,2018-05-25,Hatalmas online üzlet a védett állatok trófeája,http://nepszava.hu/cikk/1160549-hatalmas-online-uzlet-a-vedett-allatok-trofeaja/
b73a032376c10f77af829edafc65b87d74ff36f53c8adfe9f5713b137f90336a,2025-07-25 04:45:25.081094+00:00,hu,24.hu,24.hu,2018-06-09,"Sorra halnak ki a fajok a Földön, mégis optimistának kéne lennünk",https://24.hu/kultura/2018/06/09/sorra-halnak-ki-a-fajok-a-foldon-megis-optimistanak-kene-lennunk/
3894bfb023ca0531c2e3e15160a034f4e50ee16307ed8db905595f001688da83,2025-07-21 23:08:49.790610+00:00,hu,veol.hu,veol.hu,2018-08-10,Súlyos homokhiány fenyegeti az emberiséget,https://www.veol.hu/egyperces/sulyos-homokhiany-fenyegeti-az-emberiseget-2404476/
457fe4cce6e975f5e9017aa99c9f4ecc2fef68b5a1f71479f0ad847f6a219edc,2025-07-21 23:08:44.158047+00:00,hu,kisalfold.hu,kisalfold.hu,2018-08-10,"KĂśnnyen lehet, hogy hamarosan homokhiĂĄnnyal fog kĂźzdeni az emberisĂŠg",http://www.kisalfold.hu/tudomany/konnyen_lehet_hogy_hamarosan_homokhiannyal_fog_kuzdeni_az_emberiseg/2570020/?utm_source=rssfeed
71730b323e1d8268f890787cbc3bebb8928d8e936d513dbf2f23b6181d56ff4a,2025-07-21 23:08:41.136609+00:00,hu,heol.hu,heol.hu,2018-08-10,Súlyos homokhiány fenyegeti az emberiséget,https://www.heol.hu/egyperces/sulyos-homokhiany-fenyegeti-az-emberiseget-1248777/
3b2e338a5b2d5704a524f1e91caadb6a2d01424c45aae6ffa0f71bf9de51a6f1,2025-07-21 23:08:37.839136+00:00,hu,atv.hu,atv.hu,2018-08-10,Hamarosan homokhiánnyal küzdhet az emberiség,http://www.atv.hu/kulfold/20180810-hamarosan-homokhiannyal-kuzdhet-az-emberiseg
e67182a31b02593f86fce47eed7a1bb4622279ef0a8b3327da09170b44ec5c0e,2025-07-21 23:08:28.232615+00:00,hu,24.hu,24.hu,2018-08-10,Elfogyhat a homok a Földről,https://24.hu/kulfold/2018/08/10/elfogyhat-a-homok-a-foldrol/
142f67fd2ae8b7f365df9bacd9524f03ee52389fe5b71140de8009356cd13428,2025-07-21 23:08:20.831465+00:00,hu,zoom.hu,zoom.hu,2018-08-10,Hamarosan homokhiánnyal küzdhet majd a Föld,https://zoom.hu/hir/2018/08/10/hamarosan-homokhiannyal-kuzdhet-majd-a-fold/
746b4cbc18cbbd7807c9148bdc8c5bb5a9209e9c9a9181add8f8341aec8479bf,2025-07-21 23:08:19.509801+00:00,hu,feol.hu,feol.hu,2018-08-10,Súlyos homokhiány fenyegeti az emberiséget,https://www.feol.hu/egyperces/sulyos-homokhiany-fenyegeti-az-emberiseget-2483529/
08bf5a4cf6ff4c2cc135bfc352fefa46104959967b6ae0109960b647169e8b36,2025-07-21 23:08:17.625200+00:00,hu,duol.hu,duol.hu,2018-08-10,Súlyos homokhiány fenyegeti az emberiséget,https://www.duol.hu/egyperces/sulyos-homokhiany-fenyegeti-az-emberiseget-2399445/
db39cbe628e532cfdbe69e1be8e86a70c32b3ab11961384b5e3d7c66106cf9cc,2025-07-21 23:08:17.372740+00:00,hu,delmagyar.hu,delmagyar.hu,2018-08-10,"KĂśnnyen lehet, hogy hamarosan homokhiĂĄnnyal fog kĂźzdeni az emberisĂŠg",http://www.delmagyar.hu/vilagvevo/konnyen_lehet_hogy_hamarosan_homokhiannyal_fog_kuzdeni_az_emberiseg/2570020/?utm_source=rssfeed
0e3206eb5b38cc197dbf193dd3d3c5f0e87bcbedf139827dd2fd78e80317c08e,2025-07-21 23:08:14.175405+00:00,hu,baon.hu,baon.hu,2018-08-10,Súlyos homokhiány fenyegeti az emberiséget,https://www.baon.hu/egyperces/sulyos-homokhiany-fenyegeti-az-emberiseget-1436061/
e1a13292f1e9b1fb6ee0bd5e6504c5ddeae9f35e2f191958203d2b2fa02f2518,2025-07-21 23:07:52.886470+00:00,hu,bama.hu,bama.hu,2018-08-10,Súlyos homokhiány fenyegeti az emberiséget,https://www.bama.hu/uncategorized/sulyos-homokhiany-fenyegeti-az-emberiseget-1442718
b558cdc69dd031ac1e9ac51cdbc4ef15e015d2abd01a09c526441971517116a3,2025-07-21 23:07:38.386629+00:00,hu,bama.hu,bama.hu,2018-08-10,Súlyos homokhiány fenyegeti az emberiséget,https://www.bama.hu/egyperces/sulyos-homokhiany-fenyegeti-az-emberiseget-1442718/
62061e106e15d1c55f9b1df4c60b58671e165b78e67530d7ff18e24f3dbaaf81,2025-07-21 22:29:16.202820+00:00,hu,hirtv.hu,hirtv.hu,2018-08-11,Kongatják a vészharangot: hamarosan hiánnyal nézhet szembe az emberiség,http://hirtv.hu/hirtvkulfold/kongatjak-a-veszharangot-hamarosan-hiannyal-nezhet-szembe-az-emberiseg-2465811?utm_source=feed&utm_medium=rss
56b72e917d6576ddb387285c8f41c76f5b4fce1b6838d180101a88f9783022ae,2025-07-21 21:00:21.242434+00:00,hu,hvg.hu,hvg.hu,2018-08-13,"Már kongatják a vészharangot: elfogyhat a Földön a homok, és abból nagy baj lehet",http://hvg.hu/tudomany/20180813_homok_hiany_nyersanyag_beton_ensz_unep#rss
99b00e5370fdabd353c180faaae7470fff79839809ece836603d6c964699658b,2025-07-21 20:41:05.550107+00:00,hu,888.hu,888.hu,2018-08-13,Már a homok is kezd elfogyni,https://888.hu/article-mar-a-homok-is-kezd-elfogyni
55abbcbdcde04d4f3ae8c4388e20112cc543643d9b5efd5aacd37285a0577b58,2025-07-20 01:30:23.887880+00:00,hu,nepszava.hu,nepszava.hu,2018-09-27,Nagy madárnak nevezték el a valaha élt legnagyobb madárfajt,https://nepszava.hu/3009869_nagy-madarnak-neveztek-el-a-valaha-elt-legnagyobb-madarfajt
2f8b6dd22f4a94bdd1a03fdd9c39eb610d8c577d4ed04be173f970649474c71f,2025-07-20 01:30:23.119060+00:00,hu,nepszava.hu,nepszava.hu,2018-09-27,Buliznak a pókok: óriási hálóval szőtték be egy görög kisváros tengerpartját,https://nepszava.hu/3009733_buliznak-a-pokok-oriasi-haloval-szottek-be-egy-gorog-kisvaros-tengerpartjat
ce0e4a4e4916bd5311171f574fc3fc083bf403126c286c8b17cbceedda8c23b9,2025-07-20 01:15:25.386382+00:00,hu,index.hu,index.hu,2018-09-27,A valaha élt legnagyobb madárfajt azonosították,https://index.hu/techtud/2018/09/27/a_valaha_elt_legnagyobb_madarfajt_azonositottak/
1ce1e702e8d6aadb4fd3b400e3057bde0c5659c1e6a80951e264cf2d29197b77,2025-07-20 00:17:38.344358+00:00,hu,hirtv.hu,hirtv.hu,2018-09-29,"Alig fedezték fel, máris a kihalás fenyegeti",http://hirtv.hu/hirtvszines/alig-fedeztek-fel-maris-a-kihalas-fenyegeti-2468686?utm_source=feed&utm_medium=rss
df83c49a87b9eeb15d79f50f08d4b217c065a84423eec1074fdddf3924347052,2025-07-19 23:55:40.100997+00:00,hu,infostart.hu,infostart.hu,2018-09-30,"Alig fedezték fel, veszélyben egy új kolibrifaj",https://infostart.hu/tudomany/2018/09/30/alig-fedeztek-fel-veszelyben-egy-uj-kolibrifaj
a653762e226d07e40af602f051a5697899da34f9f9225850471c779c82259eb5,2025-07-19 11:33:17.285165+00:00,hu,index.hu,index.hu,2018-10-09,Vessünk véget a gazdasági növekedésnek?,https://index.hu/gazdasag/2018/10/09/ensz_klimavaltozas_fenntarthatosag_novekedes_innovacio_fold/
7d6e14cf42df4762840dd30c146f03af38d3dfd9556acf349d7199844d9b9628,2025-07-18 14:11:33.386670+00:00,hu,24.hu,24.hu,2018-10-25,Katicainvázió: az embert is megkóstolhatják,https://24.hu/tudomany/2018/10/25/katicainvazio-az-embert-is-megkostolhatjak/
c69e333f833c53b3204d3e4a2fbdfa19e6e37054bf978471022df4c29cbea2ce,2025-07-18 09:43:01.666090+00:00,hu,hvg.hu,hvg.hu,2018-10-30,"Nem kérdés, hogy történelmi időket élünk – az a kérdés, lesz-e még folytatás",http://hvg.hu/tudomany/20181030_wwf_elo_bolygo_jelentes_2018_termeszetvedelem#rss
1423ae2f6b60ccfc98f58209ba1eb6947b9dafaca1c6371a0f79107bee148c1d,2025-07-18 06:11:11.410647+00:00,hu,24.hu,24.hu,2018-11-03,"ENSZ: Kihalhat az emberiség, ha ezt a fenyegetést semmibe veszi",https://24.hu/kulfold/2018/11/03/ensz-az-emberiseg-is-kihalhat-ha-ezt-a-fenyegetest-semmibe-veszi/
307e51915b4486ffc3f078c332a0175c1564d346a722a332ae5aacc2e0ec6c59,2025-07-16 22:27:41.551170+00:00,hu,index.hu,index.hu,2025-07-16,Ötven éve kihaltnak hitt madárra bukkantak Új-Zélandon,https://index.hu/tudomany/2025/07/16/kivi-madar-uj-zeland-faj-felfedezes/
4cc807d8d57aa0971b319cbc47f2fb21060d8e60ed15da1bbe4496d03f7aa382,2025-07-16 14:41:57.106477+00:00,hu,infostart.hu,infostart.hu,2018-12-09,"Van, ami a felmelegedésnél is pusztítóbb",https://infostart.hu/belfold/2018/12/09/van-ami-a-felmelegedesnel-is-pusztitobb
c6bcf259c2f7a87d36e49bd33d1efbd5c48edeca5f0893e6bd787b97e4634f26,2025-07-16 07:03:57.012613+00:00,hu,nepszava.hu,nepszava.hu,2018-12-16,Menekülés az erőszak elől,https://nepszava.hu/3018594_menekules-az-eroszak-elol
967d42617e8a5641cd82b7dda289028c0e6c660eccf4a77a4e0d3b74c07656be,2025-07-16 06:56:29.473534+00:00,hu,nepszava.hu,nepszava.hu,2018-12-16,"Nem bántanak, én sem haragszom",https://nepszava.hu/3018599_nem-bantanak-en-sem-haragszom-interju-jordan-tamassal
ffa4304341e330d957658f4362b9e077596fc8f31cd6d33cc4f200a3d81eaa57,2025-07-16 03:12:41.044637+00:00,hu,nepszava.hu,nepszava.hu,2018-12-20,Így etessük a madarakat hóban-fagyban,https://nepszava.hu/3018825_igy-etessuk-a-madarakat-hoban-fagyban
0117e382f00d45959c4d32af66c030cb9cbdd56593e4579007903485e4280979,2025-07-15 22:43:31.974959+00:00,hu,napi.hu,napi.hu,2018-12-26,Gyomron üti a gazdagokat és Magyarországot a klímaváltozás,https://www.napi.hu/magyar_gazdasag/gyomron_uti_a_gazdagokat_es_magyarorszagot_a_klimavaltozas.675779.html
c4e7c63edf4daa7a2fd3a95d6627d4fde183a444cd8b099db5c54159a872f354,2025-07-15 15:34:35.138308+00:00,hu,index.hu,index.hu,2025-07-15,Újabb állomáshoz érkezett az MBH Bank Fenntartható Jövő Bankja programja,https://index.hu/gazdasag/2025/07/15/mbh-bank-program-kozlemeny/
8b16c27fff35d1aa129621bce117e27fca626a7a277aa864969ad6d2ae60d4f1,2025-07-13 11:57:15.901788+00:00,hu,444.hu,444.hu,2019-01-15,A méhek a gazdagokra utaznak,https://444.hu/2019/01/15/a-mehek-a-gazdagokra-utaznak
6a15959b47639c4b27c367f5db2ea7e8f917bc00f079ddc0da749630d93c3001,2025-07-12 03:32:40.803636+00:00,hu,444.hu,444.hu,2019-04-10,"Figyelem: tökre nem hülyék a madarak, sőt!",https://444.hu/2019/04/10/figyelem-tokre-nem-hulyek-a-madarak-sot
ae373f2e4bdf228c04a1bca9a3d906455826826d47f64f25bae69117a9329d16,2025-07-11 14:24:14.554969+00:00,hu,hvg.hu,hvg.hu,2025-07-11,"Azt hinnénk, hogy vidéken mindenhol gazdagabb az élővilág, de néha a városok rávernek a falvakra",https://hvg.hu/gazdasag/20250711_eloszor-vizsgaltak-a-falvak-okologiajat-biodiverzitas-lenne-mit-javitani-batary-peter-ecolres-okologiai-kutatokozpont
85926390e48621cedc42cb051598142b4e017ccf011e06feeaa5a64c4d529eb0,2025-07-11 13:37:49.272565+00:00,hu,nepszava.hu,nepszava.hu,2019-04-16,Lemaradásban a kormány klímaterve,https://nepszava.hu/3032724_lemaradasban-a-kormany-klimaterve
3f88f1f06b925e3494f81e0008551df3524ecb568f1378a45ab05fa7be8b05f6,2025-07-11 13:37:48.949037+00:00,hu,nepszava.hu,nepszava.hu,2019-04-16,Nagy Zöld Fal: az elsivatagosodás védőgátja,https://nepszava.hu/3031998_nagy-zold-fal-az-elsivatagosodas-vedogatja
7cd2c2bc9d474a5b909d80bb1bcc5313043f577d1f6b56212d9ffdcd30ed6354,2025-07-11 13:31:06.647246+00:00,hu,vg.hu,vg.hu,2019-04-16,Papír vagy nem papír?,https://www.vg.hu/velemeny/elemzes/papir-vagy-nem-papir-2-1465807/
a921d8a5c4fb0a39c11e78c492ff5485c882c26709790b0e5c397cecb47d9d77,2025-07-11 13:29:38.815762+00:00,hu,24.hu,24.hu,2025-07-11,Feltámasztanák minden idők egyik legnagyobb madarát,https://24.hu/tudomany/2025/07/11/deli-oriasmoa-legnagyobb-madar-feltamasztas-colossal-biosciences/
2da08e41ea874d9123e1d57703d61c6ca44b46022b525738269fe61338394094,2025-07-11 08:26:06.533196+00:00,hu,444.hu,444.hu,2019-04-19,"Nem az a természetfilm, amit megérdemlünk, hanem amire szükségünk van",https://444.hu/2019/04/19/nem-az-a-termeszetfilm-amit-megerdemlunk-hanem-amire-szuksegunk-van
0d0d5d7b9f261b486672cd9b34a7aaa6d41f2597c220f531053bf237f38fd5a4,2025-07-10 21:36:56.774371+00:00,hu,nepszava.hu,nepszava.hu,2019-04-29,"Paprika, sercli és sör a Gourmet Fesztiválon",https://nepszava.hu/3034204_paprika-sercli-es-sor-a-gourmet-fesztivalon
7390506cc5da86660d843b795329a20557f8e4599d1e89c5da7271493901e50a,2025-07-10 21:35:34.234975+00:00,hu,index.hu,index.hu,2019-04-29,"Ha pusztítjuk a talajt, felgyorsítjuk a klímaváltozást",https://index.hu/techtud/2019/04/29/talaj_karositasa_szen_klimavaltozas/
62423469fb6863adc1bb2486de2b3f463f373d5e03f379d7e503bcecb6b6b16b,2025-07-10 21:32:28.273509+00:00,hu,napi.hu,napi.hu,2019-04-29,Újabb figyelmeztetés: a talaj károsítása gyorsíthatja a klímaváltozást,https://www.napi.hu/nemzetkozi_gazdasag/ujabb_figyelmeztetes_a_talaj_karositasa_gyorsithatja_a_klimavaltozast.683269.html
97567ebcefb9b503dcb377dc3ed9d508821dbce29c94bef756e8ad443a5cb5bf,2025-07-10 21:20:23.337663+00:00,hu,magyarkurir.hu,magyarkurir.hu,2025-07-10,Krízisüzemmódban a rovarinvázió miatt – Látogatás a Pannonhalmi Főapátságban,https://www.magyarkurir.hu/hirek/krizisuzemmodban-rovarinvazio-miatt-latogatas-pannonhalmi-foapatsagban
5a33a1b828985994d96e5bc359d38a77b19129861888d28fa3adca30b3e1e55e,2025-07-10 19:48:20.746040+00:00,hu,nepszava.hu,nepszava.hu,2019-04-30,Már Moszkvában vannak a kölcsönpandák,https://nepszava.hu/3034306_mar-moszkvaban-vannak-a-kolcsonpandak
2231195e3b8033ff3174bf01ee869bfb5805ce989f809e4e80c7e183e7193c40,2025-07-10 19:48:20.130149+00:00,hu,nepszava.hu,nepszava.hu,2019-04-30,Megállíthatatlanná teheti a klímaváltozást a talaj további pusztítása,https://nepszava.hu/3034300_megallithatatlanna-teheti-a-klimavaltozast-a-talaj-tovabbi-pusztitasa
0623c1ef6e93558f62c9870795c0927b1dcd2e6ed848fd56ce9fce29e92563df,2025-07-09 23:26:51.777949+00:00,hu,vg.hu,vg.hu,2025-07-09,Az MBH Bank „Fenntartható Jövő Bankja” új reményt ad egy hortobágyi állatfajnak (X),https://www.vg.hu/hirdetes/2025/07/mbh-bank-fenntarthato-jovo-bankja-szekicser?utm_source=hirstart&utm_medium=referral&utm_campaign=hiraggregator
86601c8e16924dbb6fa47486295c7403d94820d681ec1db958c9959e3b2b2650,2025-07-09 08:14:09.395574+00:00,hu,infostart.hu,infostart.hu,2019-02-01,"Hihetetlen: Ausztráliában 90 fokkal melegebb van, mint Amerikában",https://infostart.hu/kulfold/2019/02/01/hihetetlen-ausztraliaban-90-fokkal-melegebb-van-mint-amerikaban
9e8959f518676918c54dab72e12c9ba824c48b111ea084e8763023491bf361b5,2025-07-09 05:02:04.246112+00:00,hu,index.hu,index.hu,2019-02-05,Átalakul a Duna élővilága,https://index.hu/techtud/2019/02/05/duna_elovilag_atalakul_fitoplankton_klimavaltozas_sokszinuseg/
7845678692ffe029b22d0fe572dab9e8aa6348f7073649d41c8bb1019b7ea70f,2025-07-08 12:27:52.429981+00:00,hu,demokrata.hu,demokrata.hu,2025-07-08,Éljenek a székicsérek!,https://demokrata.hu/tudomany/eljenek-a-szekicserek-1022997/
393a3f3e6d88e4be6f49616f5aff54f75f8895b81e8d0db8ec0fe8044cde5013,2025-07-08 10:41:47.007195+00:00,hu,nepszava.hu,nepszava.hu,2019-02-17,Beszélgetni hősökkel és gonosztevőkkel,https://nepszava.hu/3025518_beszelgetni-hosokkel-es-gonosztevokkel-robert-laszlo-emlekere
ccc7a2baba5529fc8c8ab78ea66a448778c455bc9284887d78c316bd0d4da0e3,2025-07-08 10:41:46.783130+00:00,hu,nepszava.hu,nepszava.hu,2019-02-17,Hitlerbogár és Trumpféreg,https://nepszava.hu/3025529_hitlerbogar-es-trumpfereg
d1c2dd901eaef9b6c22e3bac95fd6169b7ca67d520d13ad9cc2944fd4295b720,2025-07-08 10:02:44.272268+00:00,hu,nepszava.hu,nepszava.hu,2019-02-17,"Még a kockás füzet is eltűnt: nincs, aki átvegye a gazdaságot",https://nepszava.hu/3025522_meg-a-kockas-fuzet-is-eltunt-nincs-aki-atvegye-a-gazdasagot
240ebe294e5aaf22a61a5c95207a77f326ffe101d86dbccb83dae4dcfd60c4b4,2025-07-08 09:20:46.899089+00:00,hu,infostart.hu,infostart.hu,2019-02-17,Újabb bizonyíték: a 6. nagy kihalási krízis zajlik a Földön,https://infostart.hu/tudomany/2019/02/17/a-hatodik-nagy-kihalasi-krizis-zajlik-a-foldon
e5b3ad7603100c1cc38d8ce12decbd6d8d5725fd0a9a627c25088ee86348b736,2025-07-08 05:41:56.919526+00:00,hu,nethirlap.hu,nethirlap.hu,2019-02-17,Újabb bizonyíték: a 6. nagy kihalási krízis zajlik a Földön,http://www.nethirlap.hu/hir.php?hirid=49710
74c43feb0c843dc5c6117a60b95c564d89407ce6c7b2deb1ab6e1fb1b31db597,2025-07-07 15:27:20.826739+00:00,hu,index.hu,index.hu,2025-07-07,"Budapest főkertésze: Ha elveszítjük a fáinkat, abba szó szerint belebetegszünk",https://index.hu/belfold/2025/07/07/klimavaltozas-budapest-fovaros-fa-narancs-hoseg-szarzasag-meleg-idojaras-arnyek-fokertesz-dezsenyi-peter/
228fd70103518678ea4cee3cacd95697580f7323129dc6eee161525fa8be2cad,2025-07-07 06:22:15.094044+00:00,hu,portfolio.hu,portfolio.hu,2025-07-07,A természetbe való befektetés kihagyhatatlan lehetőség az EU számára,https://www.portfolio.hu/unios-forrasok/20250707/a-termeszetbe-valo-befektetes-kihagyhatatlan-lehetoseg-az-eu-szamara-772455
5138e742d74c3e3995b38b418d9c4f8b061a5e00597bdb93c4018719ee4e8551,2025-07-06 02:20:17.860404+00:00,hu,24.hu,24.hu,2019-03-31,"Katasztrófa jönne, ha hirtelen minden csirke boldog lenne",https://24.hu/elet-stilus/2019/03/31/husipar-szabadtartas-baromfi-bio-fenntarthatosag/
3daca35d9d8b971270c85a442cb5983ee9d97d0b80fee8b9cf2da37c01d6b0a3,2025-07-06 01:51:00.235910+00:00,hu,kisalfold.hu,kisalfold.hu,2019-04-01,CsĂśkken a rovarevĹ madarak szĂĄma EurĂłpa-szerte,https://www.kisalfold.hu/tudomany/csokken_a_rovarevo_madarak_szama_europa-szerte/2592879/?utm_source=rssfeed
93323181e1ba5756ddd0478f432d7a5708f8408e8eee9ce9114ba37c7dfb9fa0,2025-07-06 01:48:32.756797+00:00,hu,444.hu,444.hu,2019-04-01,Csökken a rovarevő madarak száma Európában,https://444.hu/2019/04/01/csokken-a-rovarevo-madarak-szama-europaban
47567dfa3c8172e48d9f6fd90f39440db4f4a89755bc96eb1eb0ac4a0c4512eb,2025-07-06 01:25:50.168569+00:00,hu,delmagyar.hu,delmagyar.hu,2019-04-02,CsĂśkken a rovarevĹ madarak szĂĄma EurĂłpa-szerte,https://www.delmagyar.hu/vilagvevo/csokken_a_rovarevo_madarak_szama_europa-szerte/2592879/?utm_source=rssfeed
8ecfa0ffb33618a4421f3e83e32bb3ed4325e15ec951d89b1018d902f26985a9,2025-07-06 01:23:50.854129+00:00,hu,24.hu,24.hu,2019-04-01,Miattunk csökken az európai madarak száma,https://24.hu/tudomany/2019/04/01/rovarevo-madarak-europa/
4d1eb1118e3b5ede5d86d220ff694d76afc14667286cecab91453aa4a43f715f,2025-07-06 01:14:19.338374+00:00,hu,infostart.hu,infostart.hu,2019-04-02,Egyre fogyatkoznak a madarak Európában,https://infostart.hu/tudomany/2019/04/02/egyre-fogyatkoznak-a-madarak-europaban
2da26a43330ec553c6c94334776522c380cd1d47168d4e4f957cc674836fbd30,2025-07-05 20:56:46.069520+00:00,hu,hvg.hu,hvg.hu,2019-04-05,Megfogyatkoztak a rovarevő madarak Európában,http://hvg.hu/tudomany/20190405_csokken_a_rovarevo_madarak_szama_europaban#rss
e4837e88b28bfd4582663e2ab408f0107ecddb6cffc490b2cb1dfe73e3c9c3da,2025-07-05 17:14:59.504307+00:00,hu,nepszava.hu,nepszava.hu,2019-04-10,Szándékos gyújtogatás miatt éghetett le a fonyódi nádas,https://nepszava.hu/3032201_szandekos-gyujtogatas-miatt-eghetett-le-a-fonyodi-nadas
c46472ee7fed25484ed0c8d98fbd8ba3b2fe9405aaba7a4af63c1cd99ee60b5b,2025-07-05 07:46:31.429076+00:00,hu,vg.hu,vg.hu,2019-04-29,Itt az idő a Green EU Deal elindítására,https://www.vg.hu/velemeny/a-kozgazdaszok/itt-az-ido-a-green-eu-deal-elinditasara-2-1484701/
e0e026a63d9052e12faad29a3e93a505ca8778f97f180026d114a468a6d53286,2025-07-05 07:33:08.635432+00:00,hu,nepszava.hu,nepszava.hu,2019-04-30,"Kiszáradhat a Panama-csatorna, korlátozták a forgalmát",https://nepszava.hu/3034324_kiszaradhat-a-panama-csatorna-korlatoztak-a-forgalmat
ee766938e01bdf3a75237a167cd99274def257f02752358fbe531e0cd87f3cf4,2025-07-05 05:13:22.857944+00:00,hu,hvg.hu,hvg.hu,2019-05-02,"Megállíthatatlanná válik a klímaváltozás, ha nem teszünk rendet a talajban",http://hvg.hu/tudomany/20190502_talaj_karositasa_gyorsithatja_a_klimavaltozast#rss
cbfe4d4281ea3d62d22f986cf52c202d74f1b1c95e1368d767ed0a27f2b3b320,2025-07-05 01:33:50.829766+00:00,hu,index.hu,index.hu,2019-05-06,Egymillió fajt fenyeget a kihalás,https://index.hu/techtud/2019/05/06/egymillio_fajt_fenyeget_kihalas/
d21da775d9c2b304ead0626b027461a22072f8d4b757c25dfdd796e3ce27c85d,2025-07-05 01:20:32.684985+00:00,hu,gondola.hu,gondola.hu,2025-07-04,Pannonhalma kincsei,https://gondola.hu/hirek/Pannonhalma-kincsei--316602
64d881d2df965491b27ceb8d19f38b964b25eac457c4a71e47a4bbe6325c235d,2025-07-04 20:37:23.198930+00:00,hu,nepszava.hu,nepszava.hu,2019-05-10,Szülői értekezlet is lesz az állatkerti nevelőszülők találkozóján,https://nepszava.hu/3035483_szuloi-ertekezlet-is-lesz-az-allatkerti-neveloszulok-talalkozojan
3a620d8743008ac7db6548f435867d763e1d20e5492725753e9ed7b047684a2a,2025-07-04 03:06:59.901089+00:00,hu,infostart.hu,infostart.hu,2019-05-26,Kongatják a vészharangot,https://infostart.hu/belfold/2019/05/26/kongatjak-a-veszharangot-mar-magyarorszagon-is-csak-az-attores-segithet
4dbac717a6a21291c12c3d8d14b0c1ff31bf49352e7b664d2c52b68718f4ece3,2025-07-03 21:27:31.085183+00:00,hu,feol.hu,feol.hu,2019-05-31,"Könyvnapok, piknik és kertművészeti napok is várnak Fejérben",https://www.feol.hu/programajanlo/unnepi-konyvnapok-etyeki-piknik-es-kertmuveszeti-napok-is-varnak-a-hetvegen-fejerben-3071210/
a5a769d9c0732128d6a727298c5f5bcd3717061c95f5335b303218f1c7b67a4b,2025-07-03 18:22:27.006283+00:00,hu,magyarnemzet.hu,magyarnemzet.hu,2025-07-03,Természetbarát kert: ez lenne a legjobb megoldás?,https://magyarnemzet.hu/tudomany/2025/07/termeszetbarat-kert-a-legjobb-megoldas?utm_source=hirstart&utm_medium=referral&utm_campaign=hiraggregator
45cea3882b14eebe2d9f8d2e2cb22b5e05bcc11cc51e4ab934ac907df13d0d1b,2025-07-02 18:46:25.013797+00:00,hu,boon.hu,boon.hu,2019-06-19,Sirályok Miskolcon,https://boon.hu/eletstilus/helyi-eletstilus/siralyok-miskolcon-3675485/
fa7a7ab71128076465e2988b2fc802d740a66d96ee13f6296cf3117fc81dcdbc,2025-07-02 18:41:26.061008+00:00,hu,magyarnarancs.hu,magyarnarancs.hu,2018-05-23,Borsot törhetnek Orbán Viktor orra alá Európa új üdvöskéi,https://m.magyarnarancs.hu/belpol/zold-fidesz-120330
3c24bdc18692c543ac65d68ecd53c11c94d1f43dfff62ec47b78bcd1c0cce956,2025-07-01 19:35:19.294033+00:00,hu,444.hu,444.hu,2019-07-05,Rengeteg új fa telepítése lehet a leghatékonyabb eszköz a klímaváltozás lassítására,https://444.hu/2019/07/05/rengeteg-uj-fa-telepitese-lehet-a-leghatekonyabb-eszkoz-a-klimavaltozas-lassitasara
89bb94d56fae43237a687acb0055a622c22cedd222132ae0728aab2970012f5a,2025-07-01 11:54:46.680173+00:00,hu,hvg.hu,hvg.hu,2019-07-10,Klímaváltozás nélkül ma háromból két embernek nem lenne Lyme-kórja,http://hvg.hu/elet/20190710_Klimavaltozas_nelkul_ma_harombol_ket_embernek_nem_lenne_Lymekorja#rss
59b485fe8460529169d92f2551a9582e7550365ef67f8a961e56fed63550a5c3,2025-07-01 05:24:02.900476+00:00,hu,index.hu,index.hu,2025-07-01,Rendkívül ritka ragadozó téblábol a Kis-Balatonnál,https://index.hu/fomo/2025/07/01/mbh-bank-balaton-felvideki-nemzeti-park-vadmacska-projekt-fenntarthatosag-esg/
f147278738538426dc6c447d966396acec845a3c61ac4aeb4bb360573f6d0b71,2025-06-30 10:40:35.148579+00:00,hu,magyarnarancs.hu,magyarnarancs.hu,2018-05-23,"A társadalom egy része leveszi a hasznot a közjóról, a következményekkel pedig nem foglalkozik",https://m.magyarnarancs.hu/tudomany/a-tarsadalom-egy-resze-leveszi-a-hasznot-a-kozjorol-akovetkezmenyekkel-pedig-nem-foglalkozik-121625
e1345a05b5bdb3a3587d223998647bc6f9ff733241f9a98d681da9a4e035685b,2025-06-30 02:39:25.448527+00:00,hu,nepszava.hu,nepszava.hu,2019-08-04,Gondolkodó szuperorganizmus,https://nepszava.hu/3045259_gondolkodo-szuperorganizmus-minden-amit-a-hangyakrol-es-a-murmekologusrol-tudni-erdemes
87efcfe79a6c8373d55703c5c4f4889364e4355d79cd2326cfe0168087c36f4e,2025-06-30 02:36:36.357663+00:00,hu,nepszava.hu,nepszava.hu,2019-08-04,Kupontól a diagnózisig és a neten vásárolható fogkorona,https://nepszava.hu/3045276_kupontol-a-diagnozisig-es-a-neten-vasarolhato-fogkorona
053a9198fcb856a0387a1c607ca7fe5dc23c125d9827b6ab0395bdfc1e9d506b,2025-06-30 02:35:12.020889+00:00,hu,nepszava.hu,nepszava.hu,2019-08-04,Népszava A lemezgyűjtő,https://nepszava.hu/3045271_a-lemezgyujto
f0b416fe2e234cf7ca01a67345567b329355b24202c2e1e492a7a63a2b1e0dd6,2025-06-29 16:35:43.782170+00:00,hu,hvg.hu,hvg.hu,2019-08-13,Jane Goodall őshonos fákat ültetett a Sas-hegyen,http://hvg.hu/elet/20190813_Jane_Goodall_oshonos_fakat_ultetett_a_Sashegyen#rss
4d6d7627882d2d2b67f5765a3169d0ee9cb3cc8eab300fc959e78d0e9cfe507b,2025-06-29 16:19:45.757517+00:00,hu,nepszava.hu,nepszava.hu,2019-08-13,Jane Goodall három őshonos facsemetét ültetett a Sas-hegyen,https://nepszava.hu/3046401_jane-goodall-harom-oshonos-facsemetet-ultetett-a-sas-hegyen
ffc6637807b452dc0e88a8d385bf8479d2072121a7b5e67c26626e2f5e3118d7,2025-06-29 15:48:51.156971+00:00,hu,index.hu,index.hu,2019-08-13,WWF: 50 év alatt a felére csökkent az erdőben élő gerinces állatok száma,https://index.hu/techtud/2019/08/13/wwf_50_ev_alatt_a_felere_csokkent_az_erdoben_elo_gerinces_allatok_szama_klimavaltozas_vadaszat_erdoirtak/
5f8c7d81a205414aa29caf5e4c179eee30929243c5a458443757fbf4d9f1bb6e,2025-06-29 15:42:05.660783+00:00,hu,magyarnarancs.hu,magyarnarancs.hu,2018-05-23,Az elmúlt ötven évben megfeleződött az erdőben élő gerincesek populációja,https://m.magyarnarancs.hu/tudomany/az-elmult-otven-evben-megfelezodott-az-erdoben-elo-gerincesek-populacioi-122170
ab17f76f69308703f749fecb5c35ffc422a74913d9a111ec771ca7d058e9e4ed,2025-06-29 15:13:22.200020+00:00,hu,haon.hu,haon.hu,2019-08-14,Felével csökkentek az erdőben élő gerincesek populációi 50 év alatt,https://haon.hu/eletstilus/felevel-csokkentek-az-erdoben-elo-gerincesek-populacioi-50-ev-alatt-3480289/
95354019bc74a1942c4c709ee5f7e7fcc23109fb318949e0d0be8575df3a1c4a,2025-06-29 15:13:21.605931+00:00,hu,boon.hu,boon.hu,2019-08-14,Felével csökkentek az erdőben élő gerincesek populációi 50 év alatt,https://boon.hu/eletstilus/felevel-csokkentek-az-erdoben-elo-gerincesek-populacioi-50-ev-alatt-3748309/
b0e38183574d45fab88d42cdec0902352886bb09e0447c96c4d65710e2dac35c,2025-06-29 15:13:21.474238+00:00,hu,szon.hu,szon.hu,2019-08-14,Felével csökkentek az erdőben élő gerincesek populációi 50 év alatt,https://szon.hu/eletstilus/felevel-csokkentek-az-erdoben-elo-gerincesek-populacioi-50-ev-alatt-3317461/
e395bd73233c417263707a4098018ba20cde368bdbd4c11a7f57593470b9a046,2025-06-29 15:02:06.945517+00:00,hu,nepszava.hu,nepszava.hu,2019-08-14,WWF: 50 év alatt felére csökkent az erdőben élő gerincesek száma,https://nepszava.hu/3046532_wwf-50-ev-alatt-felere-csokkent-az-erdoben-elo-gerincesek-szama
ac78825d503401fbd75268e800f3d4d405b7b3f7a38ca372fa12aa832b14e339,2025-06-29 14:44:13.952272+00:00,hu,24.hu,24.hu,2019-08-14,Iszonyú pusztítást végeztünk az állatvilágban,https://24.hu/tudomany/2019/08/14/allatok-pusztitas-termeszet-erdo/
5d8c04e80c39c2ff1ee2d836f96936c676bd0a1ecb4c6379992d88568a1bb734,2025-06-29 13:16:12.105350+00:00,hu,magyarnarancs.hu,magyarnarancs.hu,2018-05-23,Bolsonaro Merkelnek: „Fogja a pénzét és erdősítse újra Németországot”,https://m.magyarnarancs.hu/kulpol/bolsonaro-merkelnek-fogja-a-penzet-es-erdosits-ujra-nemetorszagot-122248
9a76331e8fbc71bdd5b7c00a745e3492b192e93ab0b6fb436cef479b270923e3,2025-06-29 13:10:54.724351+00:00,hu,168ora.hu,168ora.hu,2018-06-27,"Jair Bolsonaro beszólt Angela Merkelnek, miután az esőerdők irtása miatt Németország befagyasztotta a Brazíliának szánt környezetvédelmi segélyt",https://168ora.hu/kulfold/jair-bolsonaro-angela-merkel-erdo-brazilia-nemetorszag-segely-172652
8af4902e529e1a88759db78d120f8239efd299f78a74b0a47391a7ebf6d94893,2025-06-29 12:11:15.873807+00:00,hu,magyarnarancs.hu,magyarnarancs.hu,2018-05-23,Gyűlnek Bolsonaro feje fölött a sötét felhők: Norvégia is elzárta a pénzcsapot,https://m.magyarnarancs.hu/kulpol/gyulnek-bolsonaro-feje-folott-a-sotet-felhok-nemetorszag-utan-norvegia-is-elzarta-a-penzcsapot-122272
d134c9c0668ff702788b5d5ba85993ece547aebf681e3314b725f919874646af,2025-06-29 08:07:23.798736+00:00,hu,168ora.hu,168ora.hu,2018-06-27,"A világ legnagyobb problémája, hogy a természeti tőke ingyenes",https://168ora.hu/eletmod/klimavaltozas-gazdasag-termeszet-bartus-gabor-kornyezetvedelem-172815
364641e4a71c68730492ba17dba51681ae171574cd45ab80f7470a950e82baa4,2025-06-29 03:17:59.306862+00:00,hu,168ora.hu,168ora.hu,2018-06-27,"Emmanuel Macron megvétózza a milliárdos üzletet, ha Brazília nem hajlandó fellépni az Amazónia esőerdeit pusztító tüzek ellen",https://168ora.hu/kulfold/emmanuel-macron-jair-bolsonaro-erdo-tuz-mercosur-173018
61fc4848d8a1c445661394087523cacaff1562545dd9d46cbe154c708959967f,2025-06-28 23:33:35.130983+00:00,hu,pestisracok.hu,pestisracok.hu,2019-08-27,"Ahogy az esőerdő nem a Föld tüdeje, úgy a közösségi média nem a világ esze",https://pestisracok.hu/ahogy-az-esoerdo-nem-a-fold-tudeje-ugy-a-kozossegi-media-nem-a-vilag-esze/
8e21eb310cad1359408bd81df2125c64b4d5c45e1ee93163d1afa3f8d17da5ba,2025-06-28 17:20:01.096377+00:00,hu,168ora.hu,168ora.hu,2018-06-27,Mátyás Győző: Gyúlékony terület,https://168ora.hu/velemeny/matyas-gyozo-gyulekony-terulet-173430
ceb3ceec9a9b6ccc6fe59fc44e6ea6ddd91df04a1d21bfd7e6130535179b9778,2025-06-28 17:15:19.598594+00:00,hu,hvg.hu,hvg.hu,2019-08-31,"Valóban a vég kezdete az amazonasi erdőtűz, vagy csak túlreagálják?",http://hvg.hu/hvgfriss/2019.35/201935__langol_azesoerdo__afordulat_erve__egi_folyo__tudovesz#rss
428b03440d5e60af38bcdb97842fcbf2e82cdad67b547ebc43014f8f42af8690,2025-06-28 16:56:54.543890+00:00,hu,hvg.hu,hvg.hu,2019-09-01,Hont András: Azé a Föld?,http://hvg.hu/hvgfriss/2019.35/201935_aze_afold#rss
bf699377b0ecb42ea3d46b5cad9633c7282779b79d1dcfec91cb5c602d286da5,2025-06-28 13:25:48.338622+00:00,hu,hvg.hu,hvg.hu,2019-09-04,Szeptember végén lesz a Világ legnagyobb tanórája,http://hvg.hu/elet/20190904_Szeptember_vegen_lesz_a_Vilag_legnagyobb_tanoraja#rss
5b3e09fd03e215b70c6490fdf05a5eb1ac20d44b418bb3ebcd6a014c878b1151,2025-06-28 03:09:37.470351+00:00,hu,index.hu,index.hu,2019-09-11,Van középút klímaügyben pánik és patópálkodás között?,https://index.hu/techtud/2019/09/11/van_kozeput_klimaugyben_a_panik_es_a_patopalkodas_kozott/
1802d00196a855d6e497d1454e3f3c5302a88c548d36021d5b275bdde849e4f5,2025-06-28 02:02:59.964382+00:00,hu,hvg.hu,hvg.hu,2019-09-12,A Nestlé belehúz a klímavédelembe,http://hvg.hu/kkv/20190912_A_Nestle_belehuz_a_klimavedelembe#rss
699e4bc57b294a66631c7b6ebe507924b8965a48c70952cb9f5c77a514f2bed5,2025-06-27 18:34:10.789502+00:00,hu,24.hu,24.hu,2019-09-18,Lángokban állnak a Föld kulcsfontosságú pontjai,https://24.hu/tudomany/2019/09/18/erdo-erdotuz-klimavaltozas/
c7e3f47b7c57bfb61d966f5ef62e2eb5344b259cfb6d0aac573e40a3482dadae,2025-06-26 23:39:55.706353+00:00,hu,infostart.hu,infostart.hu,2019-10-01,Európa legnagyobb bioszféra rezervátuma jöhet létre magyar részvétellel,https://infostart.hu/eletmod/2019/10/01/europa-legnagyobb-bioszfera-rezervatuma-johet-letre-magyar-reszvetellel
2e2b5411ff1f05891bab989cc40b689ed7b524d570879f732abbb08d83d449dc,2025-06-26 22:54:54.659029+00:00,hu,index.hu,index.hu,2019-10-02,Magyarország is kérte felvételét az UNESCO Bioszféra Rezervátumba,https://index.hu/techtud/2019/10/02/magyarorszag_is_kerte_felvetelet_az_unesco_bioszfera_rezervatumba/
b3461b157b7a71f2f0cd626c57869cb36583e9ab29a037f9373cd78a4cee8348,2025-06-26 19:22:15.782112+00:00,hu,nepszava.hu,nepszava.hu,2019-10-04,Eladó minden ötödik szárazföldi gerinces,https://nepszava.hu/3052524_elado-minden-otodik-szarazfoldi-gerinces
01a712ca09e86b36fc52d4526ccd51fc5795814110e361473447ed0f93c82364,2025-06-26 19:17:15.570082+00:00,hu,nepszava.hu,nepszava.hu,2019-10-04,Újabb tapírbébi született Debrecenben,https://nepszava.hu/3052466_ujabb-tapirbebi-szuletett-debrecenben
dffb1a384b0a7b9a52eff911ebc3e12aef4a2c95164f129d53088ee038a8e44e,2025-06-26 18:24:14.206966+00:00,hu,nepszava.hu,nepszava.hu,2019-10-05,Vonatra cserélik a repülőt a svédek,https://nepszava.hu/3052449_vonatra-cserelik-a-repulot-a-svedek
4799180a7a075f0ae983e4d703cb57f803ccf75f1b2a564ccc8d0ae6470a92d7,2025-06-26 13:00:16.347838+00:00,hu,vg.hu,vg.hu,2019-10-09,Ki húz hasznot a téves megoldásokból?,https://www.vg.hu/velemeny/velemeny-rovat-hirei/ki-huz-hasznot-a-teves-megoldasokbol-2-1798275/
30ff798a2553688a7fe48cf747d744cb7c58622fea7b48b04cb133c70b4300c0,2025-06-26 10:19:30.730219+00:00,hu,24.hu,24.hu,2019-10-11,"Ott a legnagyobb az éhezés, ahol a tápanyagban leggazdagabb növényeket termelik",https://24.hu/tudomany/2019/10/11/del-amerika-mezogazdasag-ehezes-tapanyag-biodiverzitas-bayer-future-of-farming/
778cec3e5784786aec40ce1c540ce6ef9baa5fa98727db8088009874ffc45253,2025-06-26 05:06:56.308814+00:00,hu,24.hu,24.hu,2019-10-15,"Lassan eldől, elpusztít-e minket a mohóságunk",https://24.hu/tudomany/2019/10/15/bayer-future-of-farming-mezogazdasag-monsanto-gmo-glifozat-gyomirto/
49b7234035c68713eb1df545d62630d57aab3eb3cfd31188344b91df167a660f,2025-06-25 23:12:55.882858+00:00,hu,24.hu,24.hu,2019-10-20,Ilyen lehet Magyarország 2050-re,https://24.hu/tudomany/2019/10/20/jovo-jovokutatas-termeszet/
829ef9781980bb696e4cc410571c00f3873c0f5d2c7cbbac662d318f5382cfba,2025-06-25 21:14:24.671771+00:00,hu,index.hu,index.hu,2019-10-22,Ökológiai szempontból ijesztő jövő várhat Magyarországra 2050-re,https://index.hu/techtud/2019/10/22/magyarorszag_jovoje_2050/
880fe577b56d8bb8ba4cbfa462654d4fc6799b8bd3ca1693d747c83635c1c43d,2025-06-25 21:06:48.058862+00:00,hu,hvg.hu,hvg.hu,2019-10-22,Nem túl fényes jövő vár 2050-re Magyarországra ökológiai szempontból,http://hvg.hu/tudomany/20191022_magyarorszag_magyar_videk_biodiverzitas_jovokutatas#rss
bfd3fc15f7319635a8537b203d7811f2c214bbc6f38583ec39b96e47fd735b1b,2025-06-25 02:49:24.671807+00:00,hu,portfolio.hu,portfolio.hu,2019-11-05,"Apokalipszis vagy földi paradicsom vár ránk? Attól függ, sikerül-e megfékezni a globális felmelegedést",https://www.portfolio.hu/uzlet/20191105/apokalipszis-vagy-foldi-paradicsom-var-rank-attol-fugg-sikerul-e-megfekezni-a-globalis-felmelegedest-405985
67b76a0f81afcae5d07c1d2940e3880a989cecbc252c6ca69f0075de6dcbfb87,2025-06-24 04:58:53.585210+00:00,hu,444.hu,444.hu,2019-11-21,Az afrikai növények harmadát fenyegeti a kihalás,https://444.hu/2019/11/21/az-afrikai-novenyek-harmadat-fenyegeti-a-kihalas
4859ddcfc5701ca8306c0325be2e7f83f550b06bc4e8b46eedf5f7199ee0a2ef,2025-06-24 04:55:55.378078+00:00,hu,napi.hu,napi.hu,2019-11-21,A növények 40 százalékát kihalás fenyegeti Afrikában,https://www.napi.hu/nemzetkozi_gazdasag/a_novenyek_40_szazalekat_kihalas_fenyegeti_afrikaban.695517.html
e42abe8508aa87424b736e9d2d16c7359d63e2415b41d0e444db107418b61652,2025-06-24 04:55:50.892153+00:00,hu,hvg.hu,hvg.hu,2019-11-21,Eltűnhet a trópusi növényfajok harmada,http://hvg.hu/tudomany/20191121_Eltunhet_a_tropusi_novenyfajok_harmada#rss
0b177b8235aaa28255654b51786cfe3eb994e5dddb6b8f91fcf2524e414bcde2,2025-06-24 03:20:16.564762+00:00,hu,nepszava.hu,nepszava.hu,2019-11-22,A trópusi növények harmada a kihalás szélén áll,https://nepszava.hu/3058025_a-tropusi-novenyek-harmada-a-kihalas-szelen-all
91a46ce66d088dae67646e487c2a6ab516e722afe38aa51281dbb67b8b6e91ba,2025-06-24 02:09:24.654266+00:00,hu,heol.hu,heol.hu,2019-11-23,Több mint hatezer fát ültetett el a lelkes erdőkövesdi közösség,https://www.heol.hu/kozelet/helyi-kozelet/tobb-mint-hatezer-fat-ultetett-el-a-lelkes-erdokovesdi-kozosseg-2067054/
678dfc62958c41dd1ad34449e215d61836593f65add1ca5da10696eebc2afc82,2025-06-23 21:15:59.884990+00:00,hu,magyarnemzet.hu,magyarnemzet.hu,2019-11-27,Fásítani csak szakszerűen érdemes,https://magyarnemzet.hu/gazdasag/fasitani-csak-szakszeruen-erdemes-7535990/
abc04a2e5dc4d41ef74b8b8dbb7c09c9ff924c0704d4fab1a6ea3a65d998060a,2025-06-23 20:17:40.328260+00:00,hu,index.hu,index.hu,2019-11-28,Ez egy segélykiáltás: ennek így nagyon-nagyon rossz vége lesz,https://index.hu/techtud/2019/11/28/klimasztrajk_klimatuntetes_fridays_for_future_szervezok_feig_emma_pribeli_levente_interju_klimavaltozas/
48a366b1609533af9f8ad68e46bbb248e1ba23b77dfd60d36244ae7000953385,2025-06-23 18:38:28.556471+00:00,hu,444.hu,444.hu,2019-11-29,"Bemikrofonozzák az erdőket, hogy kiderüljön, mekkora odabent a baj",https://444.hu/2019/11/29/bemikrofonozzak-az-erdoket-hogy-kideruljon-mekkora-odabent-a-baj
4f55050b962c45da5eadddd281d03ca975cb91fdc51ee3f8ec2708bebc796b6f,2025-06-23 16:57:39.715591+00:00,hu,pestisracok.hu,pestisracok.hu,2019-12-01,Ungár: a zöldmozgalom szempontjából teljesen irreleváns Greta Thunberg kommunista kiáltványa,https://pestisracok.hu/ungar-a-zoldmozgalom-szempontjabol-teljesen-irrelevans-greta-thunberg-kommunista-kialtvanya/
9d343854e0a2bf5cd000d2f48013d3d2d74b0371e90516ec3e5c6f4046e686e0,2025-06-23 09:53:21.439988+00:00,hu,portfolio.hu,portfolio.hu,2019-12-06,"Ne betonba, az emberbe fektessünk: szomorú látlelet a magyar fejlődésről",https://www.portfolio.hu/gazdasag/20191206/ne-betonba-az-emberbe-fektessunk-szomoru-latlelet-a-magyar-fejlodesrol-409379
0a20fd9a6650df9ccad31bb3ee4a52356d7b4dabd549db868dfe738b134c821e,2025-06-22 18:03:50.565814+00:00,hu,boon.hu,boon.hu,2019-12-18,Kenya megduplázza nemzeti parkjai erdőterületét,https://boon.hu/orszag-vilag/kenya-megduplazza-nemzeti-parkjai-erdoteruletet-3969747/
25d8ae4442368bbe19f25a7a38d11dd9026ef8b4bb49aade1aa2e15d00ad8230,2025-06-22 18:01:54.443931+00:00,hu,haon.hu,haon.hu,2019-12-18,Kenya megduplázza nemzeti parkjai erdőterületét,https://haon.hu/orszag-vilag/kenya-megduplazza-nemzeti-parkjai-erdoteruletet-3737829/
56b72beed560879bd6c516a0c95ee64d993665d822f5e43b98843e383a91d0d4,2025-06-22 18:01:52.383711+00:00,hu,delmagyar.hu,delmagyar.hu,2019-12-18,Kenya megduplázza nemzeti parkjai erdőterületét,https://www.delmagyar.hu/orszag-vilag/kenya-megduplazza-nemzeti-parkjai-erdoteruletet-4815249/?utm_source=rssfeed
882f6333612817d5d573eaacfd6d65bedfa0aa590a4c33ecb4a6da94edec90b0,2025-06-22 18:00:48.218934+00:00,hu,szon.hu,szon.hu,2019-12-18,Kenya megduplázza nemzeti parkjai erdőterületét,https://szon.hu/orszag-vilag/kenya-megduplazza-nemzeti-parkjai-erdoteruletet-3591459/
ff989d3c7523a21033c1b82121daff4eff6eb7343e8c302feddff30fc27afbf7,2025-06-22 08:55:33.328038+00:00,hu,magyarnarancs.hu,magyarnarancs.hu,2018-05-23,"Nem akarják megmenteni a világot azok, akik a mézesbödönben ülnek",https://m.magyarnarancs.hu/tudomany/mta-kutatas-halal-125530
0a6d126f50a83330fd9ec4f10cc65d287de89b4c91a307df5252295fba41befc,2025-06-22 01:35:06.802508+00:00,hu,demokrata.hu,demokrata.hu,2019-12-31,Az erdősítés évszázada,https://demokrata.hu/zold-jovo/az-erdosites-evszazada-189854/
48fa502ea9f1af11fff8a28d11550085dd425cff3910d3966a21853668941da5,2025-06-17 07:30:19.149379+00:00,hu,demokrata.hu,demokrata.hu,2025-06-17,Jönnek és maradnak – Agresszív betolakodók fenyegetik hazánkat,https://demokrata.hu/tudomany/jonnek-es-maradnak-995703/
aaf7a0e502c449be2c1d229f500df3ad5728a43ffe535341f704e36bfdeb6f2a,2025-06-16 17:22:28.869765+00:00,hu,portfolio.hu,portfolio.hu,2025-06-16,"Invázió a Balatonnál: milliónyi rovar lepi el a partot, és ez még csak a kezdet!",https://www.portfolio.hu/gazdasag/20250616/invazio-a-balatonnal-millionyi-rovar-lepi-el-a-partot-es-ez-meg-csak-a-kezdet-768373
ab60569876f0dcb93e6e4471ea17854798fa7ea79aa5f6f3bd08694978950b50,2025-06-16 10:30:52.511686+00:00,hu,portfolio.hu,portfolio.hu,2025-06-16,"Már a nagyhatalom elsöprő támadására készülnek a feszült térségben, az is kiderült, mikor jöhet el a pillanat",https://www.portfolio.hu/global/20250616/mar-a-nagyhatalom-elsopro-tamadasara-keszulnek-a-feszult-tersegben-az-is-kiderult-mikor-johet-el-a-pillanat-768259
99e673d096f3936537ad86a240b5d75bf72a4b03f33d47e9e2efa0bf72c761a8,2025-06-15 09:17:24.294452+00:00,hu,portfolio.hu,portfolio.hu,2025-06-15,"Nyári energiaszegénység: a rejtett válság, ami milliókat érint Magyarországon",https://www.portfolio.hu/global/20250615/nyari-energiaszegenyseg-a-rejtett-valsag-ami-milliokat-erint-magyarorszagon-767819
35911b5055e69db6cbde92e18fa7d38ebeb924f4e07317e436db735c4510d97e,2025-06-14 15:22:40.208685+00:00,hu,portfolio.hu,portfolio.hu,2025-06-14,A vízválság már az üzleti világot fenyegeti – Az EU drasztikus lépéssel reagál,https://www.portfolio.hu/gazdasag/20250614/a-vizvalsag-mar-az-uzleti-vilagot-fenyegeti-az-eu-drasztikus-lepessel-reagal-767643
24e1382fca945c296ba0133221e713879b308717fd0e43afd5fbb77f6c055dad,2025-06-07 13:17:40.871701+00:00,hu,index.hu,index.hu,2025-06-07,A teljes pusztulás szélére sodródott Európa egyik legikonikusabb folyója,https://index.hu/fomo/2025/06/07/folyo-szajna-vizszennyezes-visszaallitas-bbc-earth-dokumentumfilm-premier/
642accc704119d5cddc46693700fdd2787f3d6247ad8ea13359bb6027097307e,2025-06-05 14:26:21.053252+00:00,hu,origo.hu,origo.hu,2025-06-05,Fajkihalás a szomszédban – Az állat- és növényvilág pusztulása minden országban jelen van,https://www.origo.hu/tudomany/2025/06/fajkihalas-a-szomszedban
bf16f6c2e3942a66810b326d0c8490d475ff472b24457464164bcf80ff34f9a7,2025-06-05 13:18:42.242343+00:00,hu,portfolio.hu,portfolio.hu,2025-06-05,Lesújtott az Alkotmánybíróság: megsemmisítették a magyar klímatörvény kulcsfontosságú részét,https://www.portfolio.hu/global/20250605/lesujtott-az-alkotmanybirosag-megsemmisitettek-a-magyar-klimatorveny-kulcsfontossagu-reszet-766201
651420bcf71881e9100e2e7915f64d041f1b822d74d10ac2862d512408371977,2025-05-30 18:18:03.523798+00:00,hu,magyarkurir.hu,magyarkurir.hu,2025-05-30,Teremtésvédelmi kalendárium – Gondolatok az isteni Gondviselésről,https://www.magyarkurir.hu/hirek/teremtesvedelmi-kalendarium-gondolatok-az-isteni-gondviselesrol
3a7b17ff2a13dfbd119034ae86f148960716ce006dea36deaee3747a79be4d47,2025-05-25 17:25:22.474819+00:00,hu,demokrata.hu,demokrata.hu,2025-05-25,"Nem fogja elhinni, mi történt Pekinggel",https://demokrata.hu/vilag/nem-fogja-elhinni-mi-tortent-pekinggel-igy-lett-a-szmog-varosabol-azsia-zold-szive-997948/
2bbe5043c1d3f480ad12a660255bb511665e28fe7b20839a737a85b6af10f2f7,2025-05-25 12:27:02.660518+00:00,hu,hvg.hu,hvg.hu,2025-05-25,"Ki kellene törnünk a GDP mágikus köréből, de túlságosan is rabjai vagyunk",https://hvg.hu/gazdasag/20250525_partha-dasgupta-kozgazdasz-professzor-eloadas-interju-gdp-termeszeti-toke-bioszfera-fenntarthatosag#rss
4c464b813d9e82f6e22dc67a2815f1fc21056f854ea4639ba396412d7c0ec97f,2025-05-22 17:27:30.726074+00:00,hu,dunaujvaros.com,dunaujvaros.com,2025-05-22,"Vadvirágos rétek, szigetek a még zöldebb városért",https://dunaujvaros.com/hirek/202505/vadviragos_retek_szigetek_a_meg_zoldebb_varosert
0edcb5e9c645815cafd493b2940311716d4c2400d4250044f14d668b8ee38546,2025-05-16 14:30:03.169835+00:00,hu,demokrata.hu,demokrata.hu,2025-05-16,A néppárt csendben kihátrált a Green Deal mögül,https://demokrata.hu/gazdasag/a-neppart-csendben-kihatralt-a-green-deal-mogul-993616/
75041106664607c76507b9978ec6bef7302badf0df9cc38529a6f22cc3efd53b,2025-05-13 08:19:33.930502+00:00,hu,index.hu,index.hu,2025-05-13,Elsők között ratifikált egy ambiciózus óceánvédelmi egyezményt Magyarország,https://index.hu/belfold/2025/05/13/greenpeace-orszaggyules-oceanvedelem-ratifikalas-egyezmeny/
f264723a436faf6aea807b0da37efacaa148dc3b52e36b2e988b31a6e5bad56a,2025-05-12 14:27:25.801414+00:00,hu,24.hu,24.hu,2025-05-12,A magyar országgyűlés törvénybe iktatta az óceánok védelmét,https://24.hu/tudomany/2025/05/12/greenpeace-magyar-parlament-oceanvedelmi-egyezmeny-szavazas/
9df3803803f2110ae063860be5c62d6bae84f3c5635181ce46a96ef014098100,2025-05-11 01:21:47.165054+00:00,hu,gondola.hu,gondola.hu,2025-05-10,Teremtésvédelem,https://gondola.hu/hirek/315650-Teremtesvedelem.html
7ac9466aeae6cfa750accfcb4c960ef8e657efaeced8508061b37c1797288205,2025-05-10 11:29:03.507668+00:00,hu,infostart.hu,infostart.hu,2025-05-10,AM: nemcsak a természetvédőknek fontos a mai nap,https://infostart.hu/belfold/2025/05/10/am-nemcsak-a-termeszetvedoknek-fontos-a-mai-nap
3378b17f7e666c383f518286ac1a96ac047e24a3a213e045f7d71ad741dd5480,2025-05-10 10:20:39.192993+00:00,hu,magyarnemzet.hu,magyarnemzet.hu,2025-05-10,"A madarak és fák napja minden évben emlékeztet arra, hogy közös felelősségünk a természet védelme",https://magyarnemzet.hu/gazdasag/2025/05/a-madarak-es-fak-napja?utm_source=hirstart&utm_medium=referral&utm_campaign=hiraggregator
fd708eb636e38dafb081ae517aa2c42b5b5833f0b0525893ef301b36342e6232,2025-05-10 09:21:41.892985+00:00,hu,demokrata.hu,demokrata.hu,2025-05-10,Közös felelősségünk a madarak és a fák megóvása,https://demokrata.hu/magyarorszag/kozos-felelossegunk-a-madarak-es-a-fak-megovasa-990521/
e9e867b05d1d555dfe1d755a593d7b89998bcb3cbc914f2ebdeaecfb1bdbc0d0,2025-05-06 17:32:07.130236+00:00,hu,hvg.hu,hvg.hu,2025-05-06,"Tengerre száll David Attenborough a 99. születésnapján, hogy átadja eddigi legfontosabb üzenetét",https://hvg.hu/kultura/20250506_sir-david-attenborough-ocean-termeszetfilm-99#rss
013afd7f2558dc0f6a6d3a1d49c536b8d3d92941e12fdae06858b0dd4cb4309f,2025-05-05 14:19:16.498277+00:00,hu,index.hu,index.hu,2025-05-05,„Le kell ölni ezeket az állatokat” – a miniszter személyesen válaszolt a kritikákra,https://index.hu/belfold/2025/05/05/orszaggyules-parlament-fidesz-kdnp-ellenzek-vita-nagy-istvan-ragados-szaj-es-koromfajas/
08d0769827f00d844cf303af85ede0e33a4ae351aea333fa2f91f551eddc8ed0,2025-05-05 13:23:04.502428+00:00,hu,demokrata.hu,demokrata.hu,2025-05-05,"Szabó Rebeka: Nincsen fideszes erdő, tiszás erdő, ellenzéki erdő",https://demokrata.hu/magyarorszag/szabo-rebeka-nincsen-fideszes-erdo-tiszas-erdo-ellenzeki-erdo-987761/
5a08f252bd261c769f8eb5bb670ad387b7ad16dae20d7ccb677c58cf20d26fc5,2025-04-27 14:24:34.455751+00:00,hu,nepszava.hu,nepszava.hu,2025-04-27,„A kevesebb néha több”,https://nepszava.hu/3277453_a-kevesebb-neha-tobb-harminc-eve-segiti-a-kornyezettudatos-nevelest-a-magyar-termeszetvedok-szovetsege
5fdd71efe8287b64c438311d1655e63a19a56c62211dd7956d7a6f99d600db98,2025-04-23 10:30:20.788549+00:00,hu,origo.hu,origo.hu,2025-04-23,A pingvinek titkai: James Cameron új természetfilmje felfedi a sarkvidék rejtett hőseit,https://www.origo.hu/teve/2025/04/pingvinek-titkai-james-cameron-termeszetfilm
cc660fa90b056723b5cf8c3db5451810868f0cc05e6695d584b5b2af3d05f1e6,2025-04-06 19:19:53.593155+00:00,hu,infostart.hu,infostart.hu,2025-04-06,HUN-REN: az eddig sejtettnél is nagyobb hatást gyakorolhat az ember a biodiverzitásra,https://infostart.hu/tudomany/2025/04/06/hun-ren-az-eddig-sejtettnel-is-nagyobb-hatast-gyakorolhat-az-ember-a-biodiverzitasra
81f7dc983f0a801d6fef19215dafbf7487361f51b7eb2dcb02690cad1fb826f7,2025-04-05 00:18:52.420470+00:00,hu,gondola.hu,gondola.hu,2025-04-04,"HUN-REN: nagyobb az ember hatása a biodiverzitásra, mint eddig gondolták",https://gondola.hu/hirek/315099-HUN-REN__nagyobb_az_ember_hatasa_a_biodiverzitasra__mint_eddig.html
c35b622a4cc0aef770f1aa0fb6d60b92ded70889175965094f3d6711ee3d5120,2025-04-04 12:33:08.688423+00:00,hu,dunaujvaros.com,dunaujvaros.com,2025-04-04,"Már lehet nevezni a 26. ""Virágos Dunaújvárosért"" versenyre!",https://dunaujvaros.com/hirek/202504/mar_lehet_nevezni_a_26_viragos_dunaujvarosert_versenyre
ba17222bec83226b89cddee82df5c96380283f3a1cd034105fee17a7a42e81bc,2025-04-03 11:30:11.961862+00:00,hu,hvg.hu,hvg.hu,2025-04-03,"Magyar tudós is részt vett abban a kutatásban, ami riasztó adatokkal szolgál az ember biodiverzitásra gyakorolt hatásáról",https://hvg.hu/zhvg/20250403_nemzetkozi-kutatas-hun-ren-biodiverzitas-emberi-hatas#rss
a49cbe96dd880131594f342e5883ddbaba435799075e31c06f3fa8a7750a189a,2025-04-03 10:27:34.347318+00:00,hu,portfolio.hu,portfolio.hu,2025-04-03,"Ijesztő számok: drámai tempóban csökken a természet sokszínűsége, és ez az egész emberi civilizációt veszélyezteti",https://www.portfolio.hu/uzlet/20250403/ijeszto-szamok-dramai-tempoban-csokken-a-termeszet-sokszinusege-es-ez-az-egesz-emberi-civilizaciot-veszelyezteti-752313
ab4c738d01b56fa3489464deea4679b34c68da2d603fc0d6823a232d4017b434,2025-04-03 09:26:38.951030+00:00,hu,portfolio.hu,portfolio.hu,2025-04-03,Kiadta 2024-es fenntarthatósági jelentését a Velux,https://www.portfolio.hu/uzlet/20250403/kiadta-2024-es-fenntarthatosagi-jelenteset-a-velux-752291
91b4753065f05098918f8169bd997475b2f511b3405636271ac4c559855415d6,2025-03-31 07:24:04.596658+00:00,hu,demokrata.hu,demokrata.hu,2025-03-31,Az erdő a jövőnk záloga,https://demokrata.hu/magyarorszag/az-erdo-a-jovonk-zaloga-965360/
97efed01eb16b03afe8c2c510d50389be71f8369dbf3de8020bfd4cb81b37450,2025-03-28 12:34:13.181760+00:00,hu,rtl.hu,rtl.hu,2025-03-28,Ezt a titkos kertet látni kell – Meríts ihletet belőle!,https://rtl.hu/eletmod/2025/03/28/tavaszi-kerteszkedes-inspiracio
948eba1fde548a1d3336fa75937acc800b4569c708405241f5bf95a93042750f,2025-03-24 18:18:56.201703+00:00,hu,origo.hu,origo.hu,2025-03-24,A madárfészkek évtizedekre visszamenőleg megőrzik a műanyagot,https://www.origo.hu/tudomany/2025/03/muanyag-a-madarfeszkekben
baaaa5d4132f3cb099e70b4e700e8a540866a4e972027c78761965d033ecf53f,2025-03-18 11:31:35.547917+00:00,hu,origo.hu,origo.hu,2025-03-18,Nagy a baj: Csernobilhoz hasonló környezeti katasztrófához vezethet az ukrán gát felrobbantása,https://www.origo.hu/nagyvilag/2025/03/nagyon-a-baj-csernobilhoz-hasonlo-kornyezeti-katasztrofahoz-vezethet-az-ukran-gat-ferobbantasa
a513164a560b9a151962c874971274bd344f91afa69e682b6becb705e51e9e60,2025-03-10 19:37:35.683045+00:00,hu,origo.hu,origo.hu,2025-03-10,"Az orosz-ukrán háború háromévnyi környezeti költsége: 230 millió tonna üvegházhatású gáz, elszennyeződött vizek és talajok, pusztuló bioszféra",https://www.origo.hu/tudomany/2025/03/orosz-ukran-haboru-kornyezeti-hatasai
906b8489c35be3f207e10792e135f1ab1337ade5f81f1e7a6ea3ebcabc35e5ee,2025-02-02 21:26:05.688351+00:00,hu,nepszava.hu,nepszava.hu,2025-02-02,"Hosszú évtizedek alatt tönkretettük a vizes élőhelyeket, Magyarország lassan félsivataggá válik",https://nepszava.hu/3267104_vizes-elohelyek-vilagnap-magyarorszag-korkep
310b8eec938708445e65d560c68945c5bb40a12aaf2e5c031ed27e1c3f5fc070,2025-02-02 18:27:51.144224+00:00,hu,origo.hu,origo.hu,2025-02-02,A vizes élőhelyek világnapját ünnepeljük,https://www.origo.hu/tudomany/2025/02/vizes-elohelyek-vilagnapjat-unnepeljuk
51b8cf0f6dae351bf425056c062d11f59d5b99916151f06bc2be2bba20a5aa9c,2025-01-21 15:36:17.968319+00:00,hu,hirtv.hu,hirtv.hu,2025-01-21,Több száz oldalas jelentés készült a világ jövőjéről,https://hirtv.hu/hirtvszines/tobb-szaz-oldalas-jelentes-keszult-a-vilag-jovojerol-2599895?utm_source=feed&utm_medium=rss
3a82fe647547ad53629fd3263b25b2205c0fc1177bc5542ad6da9c07af802792,2024-12-31 14:40:17.980874+00:00,hu,hvg.hu,hvg.hu,2022-01-27,"Kevesebb Paks, több szélenergia, kritika a rezsicsökkentésnek – Milyen zöldpolitikával készül az ellenzék?",https://hvg.hu/gazdasag/20220127_ellenzeki_kerekasztal_2022_kornyezetvedelem_zoldpolitika_energia_paks_mezogazdasag
4e41839c0a526ba423aadaa37240be49a76a3d9c72e5f0f82a1c53afd17c0dc2,2024-12-30 18:09:28.598199+00:00,hu,magyarnemzet.hu,magyarnemzet.hu,2022-02-02,Erdészek és kutatók fogtak össze a gyepi béka megmentésére,https://magyarnemzet.hu/mozaik/2022/02/erdeszek-es-kutatok-fogtak-ossze-a-gyepi-beka-megmentesere?utm_source=hirstart&utm_medium=referral&utm_campaign=hiraggregator
1246a68539a4fd59fd56b6d8b77f41a4eceb788f5c2ee7b78598cec3d12e706d,2024-12-30 09:50:04.706553+00:00,hu,szeretlekmagyarorszag.hu,szeretlekmagyarorszag.hu,2022-02-04,Erdészek és kutatók fogtak össze a gyepi béka megmentéséért,https://www.szeretlekmagyarorszag.hu/dunakanyar/erdeszek-es-kutatok-fogtak-ossze-a-gyepi-beka-megmenteseert/
72e81817084483c43a2ce190d7c2187bfd74c906e4d4c6d70282134637066665,2024-12-30 05:38:51.872599+00:00,hu,24.hu,24.hu,2022-02-05,Így képes gyógyítani a természet,https://24.hu/tudomany/2022/02/05/egeszseg-termeszet-jollet-okologia-pszichologia/
3ac0b66b209ef8afb41608d84c3c2b2ecf12d2afc072bd24856f1a07ea51fab1,2024-12-30 02:52:07.936604+00:00,hu,magyarnemzet.hu,magyarnemzet.hu,2022-02-06,Harkály a kulcslyukban,https://magyarnemzet.hu/lugas-rovat/2022/02/harkaly-a-kulcslyukban?utm_source=hirstart&utm_medium=referral&utm_campaign=hiraggregator
ece4c77954f29730d63b26a57fdb65b68bf7875e83ac6111ce138b76197016f8,2024-12-29 23:11:50.008927+00:00,hu,origo.hu,origo.hu,2022-02-07,A klímaváltozás miatt egy hónappal korábban virágoznak a növények az Egyesült Királyságban,https://www.origo.hu/tudomany/20220204-viragzas.html
d641e4c935c8612a22cc7b7980a46fafe0b3b4b0817db68e9b861c81b7e655fc,2024-12-29 14:18:22.196619+00:00,hu,infostart.hu,infostart.hu,2024-12-29,Kegyetlen év volt a 2024-es esztendő,https://infostart.hu/kulfold/2024/12/29/kegyetlen-ev-volt-a-2024-es-esztendo
412dfdeaaed677406e616645295ca191d48445b9c63539380434a908225733af,2024-12-29 11:46:15.331815+00:00,hu,demokrata.hu,demokrata.hu,2022-02-10,Erdők nélkül Magyarország védtelen a klímaváltozással szemben,https://demokrata.hu/zold-jovo/erdok-nelkul-magyarorszag-vedtelen-a-klimavaltozassal-szemben-485982/
0f1658f136a84784174234410c2070aa866a43f5f0354d3d2c1ea73765a7f11c,2024-12-29 04:34:51.313623+00:00,hu,teol.hu,teol.hu,2022-02-12,AM: az erdő a legjobb eszköz a klímaváltozás negatív hatásai ellen,https://www.teol.hu/hazai-gazdasag/2022/02/am-az-erdo-a-legjobb-eszkoz-a-klimavaltozas-negativ-hatasai-ellen?utm_source=hirstart&utm_medium=referral&utm_campaign=hiraggregator
dfbd0fdfec9cbba2dcafdfa657536d97897ed29f2bc23722b886e6549a7de512,2024-12-29 04:33:34.622374+00:00,hu,beol.hu,beol.hu,2022-02-12,AM: az erdő a legjobb eszköz a klímaváltozás negatív hatásai ellen,https://www.beol.hu/hazai-gazdasag/2022/02/am-az-erdo-a-legjobb-eszkoz-a-klimavaltozas-negativ-hatasai-ellen?utm_source=hirstart&utm_medium=referral&utm_campaign=hiraggregator
0034ebc61e2cfa6f10ad2430367a59614a62cb703f1c04e2bbe702b13fda44ae,2024-12-29 04:33:34.378433+00:00,hu,duol.hu,duol.hu,2022-02-12,AM: az erdő a legjobb eszköz a klímaváltozás negatív hatásai ellen,https://www.duol.hu/hazai-gazdasag/2022/02/am-az-erdo-a-legjobb-eszkoz-a-klimavaltozas-negativ-hatasai-ellen?utm_source=hirstart&utm_medium=referral&utm_campaign=hiraggregator
b4ed65bad22fd27a9616ac30e4ef33374f7bf04d868ee20975890bdda8dd76ef,2024-12-29 04:33:32.720668+00:00,hu,boon.hu,boon.hu,2022-02-12,AM: az erdő a legjobb eszköz a klímaváltozás negatív hatásai ellen,https://www.boon.hu/hazai-gazdasag/2022/02/am-az-erdo-a-legjobb-eszkoz-a-klimavaltozas-negativ-hatasai-ellen?utm_source=hirstart&utm_medium=referral&utm_campaign=hiraggregator
b7ed696952804e6ab80eeb137fcf3a56e47af01d8c69a89102e3c2223a2b7000,2024-12-29 04:33:32.209031+00:00,hu,heol.hu,heol.hu,2022-02-12,AM: az erdő a legjobb eszköz a klímaváltozás negatív hatásai ellen,https://www.heol.hu/hazai-gazdasag/2022/02/am-az-erdo-a-legjobb-eszkoz-a-klimavaltozas-negativ-hatasai-ellen?utm_source=hirstart&utm_medium=referral&utm_campaign=hiraggregator
41bc57dd5559c09caba6b27c2cae0d11414716d82a2f9832bd88af8034a33b87,2024-12-29 04:33:12.100716+00:00,hu,bama.hu,bama.hu,2022-02-12,AM: az erdő a legjobb eszköz a klímaváltozás negatív hatásai ellen,https://www.bama.hu/hazai-gazdasag/2022/02/am-az-erdo-a-legjobb-eszkoz-a-klimavaltozas-negativ-hatasai-ellen?utm_source=hirstart&utm_medium=referral&utm_campaign=hiraggregator
a37bd35b6c592fa2fdb793c3989bd80ca0691b92641cc9cea419a9953c971863,2024-12-29 04:33:08.898636+00:00,hu,delmagyar.hu,delmagyar.hu,2022-02-12,AM: az erdő a legjobb eszköz a klímaváltozás negatív hatásai ellen,https://www.delmagyar.hu/hazai-gazdasag/2022/02/am-az-erdo-a-legjobb-eszkoz-a-klimavaltozas-negativ-hatasai-ellen?utm_source=hirstart&utm_medium=referral&utm_campaign=hiraggregator
5f60be14f79b5f0cb18ea57ebde7d6fbcda25a7f00c742c4d256f510ec203c22,2024-12-29 04:33:01.263919+00:00,hu,haon.hu,haon.hu,2022-02-12,AM: az erdő a legjobb eszköz a klímaváltozás negatív hatásai ellen,https://www.haon.hu/hazai-gazdasag/2022/02/am-az-erdo-a-legjobb-eszkoz-a-klimavaltozas-negativ-hatasai-ellen?utm_source=hirstart&utm_medium=referral&utm_campaign=hiraggregator
3002fa506a7a5d987d7316587724535bdf6e4b2771260df7f08bbfd9c5ccc47f,2024-12-29 04:32:54.979379+00:00,hu,baon.hu,baon.hu,2022-02-12,AM: az erdő a legjobb eszköz a klímaváltozás negatív hatásai ellen,https://www.baon.hu/hazai-gazdasag/2022/02/am-az-erdo-a-legjobb-eszkoz-a-klimavaltozas-negativ-hatasai-ellen?utm_source=hirstart&utm_medium=referral&utm_campaign=hiraggregator
351cec8d125a37762963d06116d4951441bf0dee9f684bf7216ec04cfdb2ee97,2024-12-29 04:32:46.573353+00:00,hu,vaol.hu,vaol.hu,2022-02-12,AM: az erdő a legjobb eszköz a klímaváltozás negatív hatásai ellen,https://www.vaol.hu/hazai-gazdasag/2022/02/am-az-erdo-a-legjobb-eszkoz-a-klimavaltozas-negativ-hatasai-ellen?utm_source=hirstart&utm_medium=referral&utm_campaign=hiraggregator
91e4930b49480e421b9813ad47d6ee4e2eb791b9c22ae09e3a2c1a1564816d68,2024-12-29 04:28:00.079872+00:00,hu,szon.hu,szon.hu,2022-02-12,AM: az erdő a legjobb eszköz a klímaváltozás negatív hatásai ellen,https://www.szon.hu/hazai-gazdasag/2022/02/am-az-erdo-a-legjobb-eszkoz-a-klimavaltozas-negativ-hatasai-ellen?utm_source=hirstart&utm_medium=referral&utm_campaign=hiraggregator
ef46f612c7c571946a2692c578da791804e63b5e5dbfb19b038a4aa37aba8882,2024-12-29 04:27:59.634352+00:00,hu,zaol.hu,zaol.hu,2022-02-12,AM: az erdő a legjobb eszköz a klímaváltozás negatív hatásai ellen,https://www.zaol.hu/hazai-gazdasag/2022/02/am-az-erdo-a-legjobb-eszkoz-a-klimavaltozas-negativ-hatasai-ellen?utm_source=hirstart&utm_medium=referral&utm_campaign=hiraggregator
9dfaa17c842c40ae47e8e41fef9da0a9c1d5b443ae9c916675ecf0b67561085f,2024-12-29 04:27:56.915155+00:00,hu,feol.hu,feol.hu,2022-02-12,AM: az erdő a legjobb eszköz a klímaváltozás negatív hatásai ellen,https://www.feol.hu/hazai-gazdasag/2022/02/am-az-erdo-a-legjobb-eszkoz-a-klimavaltozas-negativ-hatasai-ellen?utm_source=hirstart&utm_medium=referral&utm_campaign=hiraggregator
d17eabf0987d798a244916dbba39a8e126944ad6439e8cfb03eda800d31dbcd0,2024-12-29 04:27:55.734684+00:00,hu,veol.hu,veol.hu,2022-02-12,AM: az erdő a legjobb eszköz a klímaváltozás negatív hatásai ellen,https://www.veol.hu/hazai-gazdasag/2022/02/am-az-erdo-a-legjobb-eszkoz-a-klimavaltozas-negativ-hatasai-ellen?utm_source=hirstart&utm_medium=referral&utm_campaign=hiraggregator
c853328e3824248c3749ff01199777ed947191bcdb8f6e6c90aeedaf16a29b76,2024-12-29 03:53:29.563932+00:00,hu,444.hu,444.hu,2022-02-14,"Ahogy irtják az erdőket, úgy tűnnek el a gyógyászatban használt növények is",https://444.hu/2022/02/14/ahogy-irtjak-az-erdoket-ugy-tunnek-el-a-gyogyaszatban-hasznalt-novenyek-is
da645e52ae2329d0a505f22f2a71cf9111806dabe741cd0f494dfbad252bf702,2024-12-29 00:21:13.174807+00:00,hu,hirtv.hu,hirtv.hu,2024-12-28,Az idén is kijutott a pusztulásból az amazóniai esőerdőnek,https://hirtv.hu/hirtvkulfold/az-iden-is-kijutott-a-pusztulasbol-az-amazoniai-esoerdonek-2598526?utm_source=feed&utm_medium=rss
9711a9802e18c506fcd98c34a93306c318d68c596a89d76abcf646235ebdb01c,2024-12-28 23:17:56.814243+00:00,hu,kuruc.info,kuruc.info,2024-12-28,"- Amazon Watch: az erdőtüzek annak a jelei, hogy 2024-ben elérhettük az ökológiai fordulópontot",https://kuruc.info/r/4/282435/
8d98099bcec92b6fb77160cbc0d23df2e8c11fe68738044d9f75fe43ea8dd4c1,2024-12-27 21:10:50.777987+00:00,hu,origo.hu,origo.hu,2022-02-23,Sci-fibe illő módszerekkel mentenék meg a vadon élő állatokat,https://www.origo.hu/tudomany/20220223-igy-segithet-a-mesterseges-intelligencia-a-vadon-elo-allatok-megmenteseben.html
ed6abaa8e1d684aa78e76a81d3f34b98035660da5afb7db63d47d7e8d4c4b3bf,2024-12-26 23:50:24.287383+00:00,hu,merce.hu,merce.hu,2022-03-01,Minden késlekedés az emberiség túlélését jelentő időablak elszalasztásához vezet – kijött az IPCC új klímajelentése « Mérce,https://merce.hu/2022/03/01/minden-keslekedes-az-emberiseg-tuleleset-jelento-idoablak-elszalasztasahoz-vezet-kijott-az-ipcc-uj-klimajelentese/
1e585660565eec9a643b1c1d9e1fe38525afe9125369530405bfc8636d0c30fb,2024-12-26 20:00:04.158622+00:00,hu,index.hu,index.hu,2022-03-02,"Megvizsgálták, mennyi gyógyszer és koffein jutott a Budapest környéki patakokba",https://index.hu/techtud/2022/03/02/vizes-elohelyek-gyogyszerek-hormonszarmazekok-gyulladascsokkentok-koffein-patakok/
f76ebd44f1b033f176d342a9971aa50f2b1a1906d0348cb7fdc0ea2761401c96,2024-12-26 19:49:06.499746+00:00,hu,origo.hu,origo.hu,2022-03-02,Új technológiával csökkentenék a patakok gyógyszerszennyezettségét,https://www.origo.hu/tudomany/20220302-a-csfk-kutatoi-uj-technologiakon-dolgoznak-a-patakok-gyogyszerszennyezettsegenek-csokkentese.html
37b53950c28a490b4f9145b00417757b3e92bc2fcd714e4df8214f4c1cb73bba,2024-12-26 16:35:46.943016+00:00,hu,delmagyar.hu,delmagyar.hu,2022-03-03,Erdősávokat telepítenének a szántók közé,https://www.delmagyar.hu/helyi-kozelet/2022/03/erdosavokat-telepitenenek-a-szantok-koze?utm_source=hirstart&utm_medium=referral&utm_campaign=hiraggregator
957e3c367e3b2bd601189d5c7307338c1d8e460966305cc1cb44bc1d493b3ca1,2024-12-26 08:07:16.855080+00:00,hu,duol.hu,duol.hu,2022-03-06,Magyar kutatók a patakok gyógyszerszennyezettségének csökkentésért dolgoznak,https://www.duol.hu/egyperces/2022/03/magyar-kutatok-a-patakok-gyogyszerszennyezettsegenek-csokkentesert-dolgoznak?utm_source=hirstart&utm_medium=referral&utm_campaign=hiraggregator
cd78402f94891a7eb6d504546a7451b7071e119fb0ccbe0acd025664d9ae8a17,2024-12-26 08:04:16.538041+00:00,hu,szoljon.hu,szoljon.hu,2022-03-06,Magyar kutatók a patakok gyógyszerszennyezettségének csökkentésért dolgoznak,https://www.szoljon.hu/egyperces/2022/03/magyar-kutatok-a-patakok-gyogyszerszennyezettsegenek-csokkentesert-dolgoznak?utm_source=hirstart&utm_medium=referral&utm_campaign=hiraggregator
f48841f14bfa2224ff7eba9ec4e3e0b7dd9b6de06ee2faf1531553456ec87cf1,2024-12-26 08:01:04.036687+00:00,hu,feol.hu,feol.hu,2022-03-06,Magyar kutatók a patakok gyógyszerszennyezettségének csökkentésért dolgoznak,https://www.feol.hu/egyperces/2022/03/magyar-kutatok-a-patakok-gyogyszerszennyezettsegenek-csokkentesert-dolgoznak?utm_source=hirstart&utm_medium=referral&utm_campaign=hiraggregator
2a52909e125518593d4c99a598491851e940d8eaae08dcddf55b20769793d81c,2024-12-26 07:59:20.633667+00:00,hu,sonline.hu,sonline.hu,2022-03-06,Magyar kutatók a patakok gyógyszerszennyezettségének csökkentésért dolgoznak,https://www.sonline.hu/egyperces/2022/03/magyar-kutatok-a-patakok-gyogyszerszennyezettsegenek-csokkentesert-dolgoznak?utm_source=hirstart&utm_medium=referral&utm_campaign=hiraggregator
e0c13e64417fc8f1ccf195352845948c6b4dc9910e7163dbb95e537caa1401e6,2024-12-26 07:57:42.910781+00:00,hu,teol.hu,teol.hu,2022-03-06,Magyar kutatók a patakok gyógyszerszennyezettségének csökkentésért dolgoznak,https://www.teol.hu/egyperces/2022/03/magyar-kutatok-a-patakok-gyogyszerszennyezettsegenek-csokkentesert-dolgoznak?utm_source=hirstart&utm_medium=referral&utm_campaign=hiraggregator
000f5f701f44b68aa34dbfc371807098c4e856c8b72a4d9fa3fa0712f9c30975,2024-12-26 07:57:26.265092+00:00,hu,heol.hu,heol.hu,2022-03-06,Magyar kutatók a patakok gyógyszerszennyezettségének csökkentésért dolgoznak,https://www.heol.hu/egyperces/2022/03/magyar-kutatok-a-patakok-gyogyszerszennyezettsegenek-csokkentesert-dolgoznak?utm_source=hirstart&utm_medium=referral&utm_campaign=hiraggregator
809569d7941f8e3446e9cf7d64cf959993e73425a5efc9b8340d5567b7f7bec8,2024-12-26 07:57:00.350995+00:00,hu,kisalfold.hu,kisalfold.hu,2022-03-06,Magyar kutatók a patakok gyógyszerszennyezettségének csökkentésért dolgoznak,https://www.kisalfold.hu/egyperces/2022/03/magyar-kutatok-a-patakok-gyogyszerszennyezettsegenek-csokkentesert-dolgoznak?utm_source=hirstart&utm_medium=referral&utm_campaign=hiraggregator
e1c02fc8c91f9adf64980cb36102b8d28b91049d38a0b9d92948d9ec3e8c305e,2024-12-26 07:48:27.950720+00:00,hu,boon.hu,boon.hu,2022-03-06,Magyar kutatók a patakok gyógyszerszennyezettségének csökkentésért dolgoznak,https://www.boon.hu/egyperces/2022/03/magyar-kutatok-a-patakok-gyogyszerszennyezettsegenek-csokkentesert-dolgoznak?utm_source=hirstart&utm_medium=referral&utm_campaign=hiraggregator
24b7b1540283d6ccebbbb8e1177bc14584c2bb2c0b79e30b6b86318c41b1af88,2024-12-26 07:48:02.494842+00:00,hu,haon.hu,haon.hu,2022-03-06,Magyar kutatók a patakok gyógyszerszennyezettségének csökkentésért dolgoznak,https://www.haon.hu/egyperces/2022/03/magyar-kutatok-a-patakok-gyogyszerszennyezettsegenek-csokkentesert-dolgoznak?utm_source=hirstart&utm_medium=referral&utm_campaign=hiraggregator
ce6fc225ef4e608fd2d4d34141def591a2a55448bbc97b892de016415196821b,2024-12-26 07:43:44.277116+00:00,hu,bama.hu,bama.hu,2022-03-06,Magyar kutatók a patakok gyógyszerszennyezettségének csökkentésért dolgoznak,https://www.bama.hu/egyperces/2022/03/magyar-kutatok-a-patakok-gyogyszerszennyezettsegenek-csokkentesert-dolgoznak?utm_source=hirstart&utm_medium=referral&utm_campaign=hiraggregator
8ec94ea97e03dc5ccc9202542fb5a5a455581396f74ef3e5a34e46e2f7328d42,2024-12-26 07:43:20.962765+00:00,hu,vaol.hu,vaol.hu,2022-03-06,Magyar kutatók a patakok gyógyszerszennyezettségének csökkentésért dolgoznak,https://www.vaol.hu/egyperces/2022/03/magyar-kutatok-a-patakok-gyogyszerszennyezettsegenek-csokkentesert-dolgoznak?utm_source=hirstart&utm_medium=referral&utm_campaign=hiraggregator
6ede4d3a25cf5590c63ffab2251e7e849ec16668a0c064faa716bfeaa35f2409,2024-12-26 07:42:36.100288+00:00,hu,delmagyar.hu,delmagyar.hu,2022-03-06,Magyar kutatók a patakok gyógyszerszennyezettségének csökkentésért dolgoznak,https://www.delmagyar.hu/egyperces/2022/03/magyar-kutatok-a-patakok-gyogyszerszennyezettsegenek-csokkentesert-dolgoznak?utm_source=hirstart&utm_medium=referral&utm_campaign=hiraggregator
dedf2dc35d3c8de6e237bb42fa1d8798a55fff79154c51c2c28cbb9b87153152,2024-12-26 07:42:00.683789+00:00,hu,szon.hu,szon.hu,2022-03-06,Magyar kutatók a patakok gyógyszerszennyezettségének csökkentésért dolgoznak,https://www.szon.hu/egyperces/2022/03/magyar-kutatok-a-patakok-gyogyszerszennyezettsegenek-csokkentesert-dolgoznak?utm_source=hirstart&utm_medium=referral&utm_campaign=hiraggregator
7977f8950c1cae44ba82d4abc7d7d2b88f8e86d5500456c4ede06561915c77cf,2024-12-26 07:41:28.987147+00:00,hu,zaol.hu,zaol.hu,2022-03-06,Magyar kutatók a patakok gyógyszerszennyezettségének csökkentésért dolgoznak,https://www.zaol.hu/egyperces/2022/03/magyar-kutatok-a-patakok-gyogyszerszennyezettsegenek-csokkentesert-dolgoznak?utm_source=hirstart&utm_medium=referral&utm_campaign=hiraggregator
bc10c8c41e2bfea51ca19941f1e38eb3e2321ab5d6340641c282e71aa441aa8c,2024-12-26 07:39:51.734071+00:00,hu,baon.hu,baon.hu,2022-03-06,Magyar kutatók a patakok gyógyszerszennyezettségének csökkentésért dolgoznak,https://www.baon.hu/egyperces/2022/03/magyar-kutatok-a-patakok-gyogyszerszennyezettsegenek-csokkentesert-dolgoznak?utm_source=hirstart&utm_medium=referral&utm_campaign=hiraggregator
c70b9938557408efd2daea440d0b30bd4df982c65fcc42e1ab6dc7805bd3ee32,2024-12-26 07:27:16.799451+00:00,hu,veol.hu,veol.hu,2022-03-06,Magyar kutatók a patakok gyógyszerszennyezettségének csökkentésért dolgoznak,https://www.veol.hu/egyperces/2022/03/magyar-kutatok-a-patakok-gyogyszerszennyezettsegenek-csokkentesert-dolgoznak?utm_source=hirstart&utm_medium=referral&utm_campaign=hiraggregator
1f91fe98507072d3c5820b174b3c88dbe97560856c542799ae00a1ec610280ba,2024-12-26 07:20:09.685150+00:00,hu,beol.hu,beol.hu,2022-03-06,Magyar kutatók a patakok gyógyszerszennyezettségének csökkentésért dolgoznak,https://www.beol.hu/egyperces/2022/03/magyar-kutatok-a-patakok-gyogyszerszennyezettsegenek-csokkentesert-dolgoznak?utm_source=hirstart&utm_medium=referral&utm_campaign=hiraggregator
adece188b5c8ee0b4a6e5969e3fdf7dd025842cb2c74379c9e0066889c5936b2,2024-12-24 23:12:10.926652+00:00,hu,veol.hu,veol.hu,2022-03-15,"Beporzás, pormegkötés és más ingyenes ökoszolgáltatások",https://www.veol.hu/helyi-kultura/2022/03/beporzas-pormegkotes-es-mas-ingyenes-okoszolgaltatasok?utm_source=hirstart&utm_medium=referral&utm_campaign=hiraggregator
4b4c7aea4b916f1c9c98a00e1b232eae70ee0b7e31ae3a3fec44cc03c85548fc,2024-12-24 07:00:22.916149+00:00,hu,kisalfold.hu,kisalfold.hu,2022-03-18,Kétmilliárd forintos kutatási program indul a Soproni Egyetemen az Erdők Nemzetközi Napján,https://www.kisalfold.hu/helyi-kozelet/2022/03/ketmilliard-forintos-kutatasi-program-indul-a-soproni-egyetemen-az-erdok-nemzetkozi-napjan?utm_source=hirstart&utm_medium=referral&utm_campaign=hiraggregator
a2da4a1570b80c60cf74b5bfc2a6fe7223fd805a8b2ade9fc03a1288f8e70173,2024-12-23 18:20:00.428920+00:00,hu,origo.hu,origo.hu,2022-03-21,Erdészek és kutatók összefogása a gyepi béka megmentésére,https://www.origo.hu/tudomany/20220320-gyepi-beka.html
8eecd1c924297d0e0bb62584f4ab793ddef2d743886b43ceff60b5482c3da14f,2024-12-23 14:39:34.229632+00:00,hu,origo.hu,origo.hu,2022-03-22,"Sóssá válnak az édesvizeink, és ez hatalmas gondokat okozhat",https://www.origo.hu/tudomany/20220322-az-ok-kutatoi-is-reszt-vettek-az-edesvizek-sotartalmanak-novekedesevel-kapcsolatos-globalis-kutatasi.html
49979d8b8a122ca41ea42c509e025769408e1fd888d29e6db6c986636dc14a9a,2024-12-23 00:26:22.936528+00:00,hu,origo.hu,origo.hu,2022-03-24,Miért ne dobjam ki az ételt?,https://www.origo.hu/tudomany/20220324-etelphulladek.html
288d692bd1afebc7743c9b73474287cf016ce9a84d9da0b62f2e5120adbf528f,2024-12-22 13:22:28.011654+00:00,hu,baon.hu,baon.hu,2022-03-26,Ne dobjuk ki az ételt – van jobb megoldás,https://www.baon.hu/egyperces/2022/03/ne-dobjuk-ki-az-etelt-van-jobb-megoldas?utm_source=hirstart&utm_medium=referral&utm_campaign=hiraggregator
d366bfd0e7739c4897cccca180d8ab3b2cba68ac32b2e93ebff2926425b6b5ea,2024-12-22 13:20:03.590711+00:00,hu,bama.hu,bama.hu,2022-03-26,Ne dobjuk ki az ételt – van jobb megoldás,https://www.bama.hu/egyperces/2022/03/ne-dobjuk-ki-az-etelt-van-jobb-megoldas?utm_source=hirstart&utm_medium=referral&utm_campaign=hiraggregator
2c69bc64f5a2f5b43710c24050045112985ad9336c9d37a9b697044e0c762b0c,2024-12-22 13:19:47.736014+00:00,hu,vaol.hu,vaol.hu,2022-03-26,Ne dobjuk ki az ételt – van jobb megoldás,https://www.vaol.hu/egyperces/2022/03/ne-dobjuk-ki-az-etelt-van-jobb-megoldas?utm_source=hirstart&utm_medium=referral&utm_campaign=hiraggregator
0d18fe25be685d4ea0ab885d3c989cba9cc35ce02b354be423f3bc59c118494a,2024-12-22 13:17:54.368593+00:00,hu,teol.hu,teol.hu,2022-03-26,Ne dobjuk ki az ételt – van jobb megoldás,https://www.teol.hu/egyperces/2022/03/ne-dobjuk-ki-az-etelt-van-jobb-megoldas?utm_source=hirstart&utm_medium=referral&utm_campaign=hiraggregator
af8a70065679453c718a8ca2755d7c393ff1772ea8482437d50c5570f5519a85,2024-12-22 13:17:51.308302+00:00,hu,szon.hu,szon.hu,2022-03-26,Ne dobjuk ki az ételt – van jobb megoldás,https://www.szon.hu/egyperces/2022/03/ne-dobjuk-ki-az-etelt-van-jobb-megoldas?utm_source=hirstart&utm_medium=referral&utm_campaign=hiraggregator
89572f4a918cc97c34ccf40d48082a58bc511ae303486fd6ee0850b263221f7f,2024-12-22 13:17:48.745137+00:00,hu,feol.hu,feol.hu,2022-03-26,Ne dobjuk ki az ételt – van jobb megoldás,https://www.feol.hu/egyperces/2022/03/ne-dobjuk-ki-az-etelt-van-jobb-megoldas?utm_source=hirstart&utm_medium=referral&utm_campaign=hiraggregator
0f2a8d4df5e8b1c7ecf9ad73115edb87169fe231e95f189812d4832365adf0dc,2024-12-22 13:17:38.257123+00:00,hu,haon.hu,haon.hu,2022-03-26,Ne dobjuk ki az ételt – van jobb megoldás,https://www.haon.hu/egyperces/2022/03/ne-dobjuk-ki-az-etelt-van-jobb-megoldas?utm_source=hirstart&utm_medium=referral&utm_campaign=hiraggregator
c41262735114d7216bb3475519ac7e1d3c07561ad1550a4148ebdee56ffcbce3,2024-12-22 13:16:45.883258+00:00,hu,boon.hu,boon.hu,2022-03-26,Ne dobjuk ki az ételt – van jobb megoldás,https://www.boon.hu/egyperces/2022/03/ne-dobjuk-ki-az-etelt-van-jobb-megoldas?utm_source=hirstart&utm_medium=referral&utm_campaign=hiraggregator
1527660a6c04c1fc41893bf85f26146ae51348e52b688d40fcb8aa721aff7fe0,2024-12-22 13:15:55.258651+00:00,hu,heol.hu,heol.hu,2022-03-26,Ne dobjuk ki az ételt – van jobb megoldás,https://www.heol.hu/egyperces/2022/03/ne-dobjuk-ki-az-etelt-van-jobb-megoldas?utm_source=hirstart&utm_medium=referral&utm_campaign=hiraggregator
fd95577c2a3a31a232d5b94c559c025d14dc45789120ef0a2bbc9b578b93b637,2024-12-22 13:08:32.189474+00:00,hu,veol.hu,veol.hu,2022-03-26,Ne dobjuk ki az ételt – van jobb megoldás,https://www.veol.hu/egyperces/2022/03/ne-dobjuk-ki-az-etelt-van-jobb-megoldas?utm_source=hirstart&utm_medium=referral&utm_campaign=hiraggregator
65e7d2dd236503837a2be43443bc310c5c7a440b0d74084acccbfcd2503c6b87,2024-12-22 13:08:01.609279+00:00,hu,szoljon.hu,szoljon.hu,2022-03-26,Ne dobjuk ki az ételt – van jobb megoldás,https://www.szoljon.hu/egyperces/2022/03/ne-dobjuk-ki-az-etelt-van-jobb-megoldas?utm_source=hirstart&utm_medium=referral&utm_campaign=hiraggregator
03be953adf4c7756019935703e33c2781322dac9eb6cf0e95082fcda48928f5d,2024-12-22 13:07:55.422029+00:00,hu,duol.hu,duol.hu,2022-03-26,Ne dobjuk ki az ételt – van jobb megoldás,https://www.duol.hu/egyperces/2022/03/ne-dobjuk-ki-az-etelt-van-jobb-megoldas?utm_source=hirstart&utm_medium=referral&utm_campaign=hiraggregator
4472fd7c5025a5cbaa42fb00e8e6a32a90da63e23e859e1b0b45ebb2cf3b4e12,2024-12-22 13:06:22.818792+00:00,hu,kisalfold.hu,kisalfold.hu,2022-03-26,Ne dobjuk ki az ételt – van jobb megoldás,https://www.kisalfold.hu/egyperces/2022/03/ne-dobjuk-ki-az-etelt-van-jobb-megoldas?utm_source=hirstart&utm_medium=referral&utm_campaign=hiraggregator
391f175ccc8aa6ef0dc684a95435d78cb6f48b42c7be38733ffc536fb1fbd2f7,2024-12-22 13:06:00.705860+00:00,hu,beol.hu,beol.hu,2022-03-26,Ne dobjuk ki az ételt – van jobb megoldás,https://www.beol.hu/egyperces/2022/03/ne-dobjuk-ki-az-etelt-van-jobb-megoldas?utm_source=hirstart&utm_medium=referral&utm_campaign=hiraggregator
79b2333d57a712140f60845619d3a5ed45cc774cafb16a89295c3bc41bbf7278,2024-12-22 13:05:55.385024+00:00,hu,sonline.hu,sonline.hu,2022-03-26,Ne dobjuk ki az ételt – van jobb megoldás,https://www.sonline.hu/egyperces/2022/03/ne-dobjuk-ki-az-etelt-van-jobb-megoldas?utm_source=hirstart&utm_medium=referral&utm_campaign=hiraggregator
f4682f3f379e7af279c03eeb3a542189d87a2e86bb4873b4cd57a03e255441a3,2024-12-22 12:59:11.847411+00:00,hu,zaol.hu,zaol.hu,2022-03-26,Ne dobjuk ki az ételt – van jobb megoldás,https://www.zaol.hu/egyperces/2022/03/ne-dobjuk-ki-az-etelt-van-jobb-megoldas?utm_source=hirstart&utm_medium=referral&utm_campaign=hiraggregator
dbbcb523369da554793b47ceb7b724ff96b4314e2e7d39cbfaf9ca5dd9595d6c,2024-12-22 12:58:43.361133+00:00,hu,delmagyar.hu,delmagyar.hu,2022-03-26,Ne dobjuk ki az ételt – van jobb megoldás,https://www.delmagyar.hu/egyperces/2022/03/ne-dobjuk-ki-az-etelt-van-jobb-megoldas?utm_source=hirstart&utm_medium=referral&utm_campaign=hiraggregator
fa526cadd82af1e353e3c524433f8141ae41aa8a6d5e6e4df5690af24a242ced,2024-12-22 09:32:28.115238+00:00,hu,baon.hu,baon.hu,2022-03-27,"Sóssá válnak az édesvizeink, és ez hatalmas gondokat okozhat",https://www.baon.hu/egyperces/2022/03/sossa-valnak-az-edesvizeink-es-ez-hatalmas-gondokat-okozhat?utm_source=hirstart&utm_medium=referral&utm_campaign=hiraggregator
5ba97ac6209a99c8112e10323986ad22cc6f18499a312721cabcc99c536d5e6e,2024-12-22 09:31:38.760938+00:00,hu,szon.hu,szon.hu,2022-03-27,"Sóssá válnak az édesvizeink, és ez hatalmas gondokat okozhat",https://www.szon.hu/egyperces/2022/03/sossa-valnak-az-edesvizeink-es-ez-hatalmas-gondokat-okozhat?utm_source=hirstart&utm_medium=referral&utm_campaign=hiraggregator
8686c1b55fd85d86c92f31b3e7b10e0b198d360b2c88b52ca9faf994c018f619,2024-12-22 09:31:34.538171+00:00,hu,teol.hu,teol.hu,2022-03-27,"Sóssá válnak az édesvizeink, és ez hatalmas gondokat okozhat",https://www.teol.hu/egyperces/2022/03/sossa-valnak-az-edesvizeink-es-ez-hatalmas-gondokat-okozhat?utm_source=hirstart&utm_medium=referral&utm_campaign=hiraggregator
45b90e71bc6412f63b92c07241f3f9b47e3ca41e379121bb61cd97c47a12d1cb,2024-12-22 09:31:17.402388+00:00,hu,delmagyar.hu,delmagyar.hu,2022-03-27,"Sóssá válnak az édesvizeink, és ez hatalmas gondokat okozhat",https://www.delmagyar.hu/egyperces/2022/03/sossa-valnak-az-edesvizeink-es-ez-hatalmas-gondokat-okozhat?utm_source=hirstart&utm_medium=referral&utm_campaign=hiraggregator
338730a3adb8123b9a12a394bb79c934389334290e74eb59467a2f32083bbab3,2024-12-22 09:31:04.850307+00:00,hu,feol.hu,feol.hu,2022-03-27,"Sóssá válnak az édesvizeink, és ez hatalmas gondokat okozhat",https://www.feol.hu/egyperces/2022/03/sossa-valnak-az-edesvizeink-es-ez-hatalmas-gondokat-okozhat?utm_source=hirstart&utm_medium=referral&utm_campaign=hiraggregator
3bc5129f48249c8f141a76f80ab8539d8531d65e7fe3d09ef212729b0d988759,2024-12-22 09:30:59.387904+00:00,hu,szoljon.hu,szoljon.hu,2022-03-27,"Sóssá válnak az édesvizeink, és ez hatalmas gondokat okozhat",https://www.szoljon.hu/egyperces/2022/03/sossa-valnak-az-edesvizeink-es-ez-hatalmas-gondokat-okozhat?utm_source=hirstart&utm_medium=referral&utm_campaign=hiraggregator
a5a5dc0b8d398f402ec3f0efe0a066d76ff38cd1c4ed7fbd6db9de873ffd1c19,2024-12-22 09:30:32.746744+00:00,hu,vaol.hu,vaol.hu,2022-03-27,"Sóssá válnak az édesvizeink, és ez hatalmas gondokat okozhat",https://www.vaol.hu/egyperces/2022/03/sossa-valnak-az-edesvizeink-es-ez-hatalmas-gondokat-okozhat?utm_source=hirstart&utm_medium=referral&utm_campaign=hiraggregator
41f969a7e26acd66bfc22995055cebbb50531edccd27270dd39178806ca47ed4,2024-12-22 09:29:43.764667+00:00,hu,heol.hu,heol.hu,2022-03-27,"Sóssá válnak az édesvizeink, és ez hatalmas gondokat okozhat",https://www.heol.hu/egyperces/2022/03/sossa-valnak-az-edesvizeink-es-ez-hatalmas-gondokat-okozhat?utm_source=hirstart&utm_medium=referral&utm_campaign=hiraggregator
0844ae900d96e40232aa35b3e47a90ee3133664f54a22536de9018f8f3583fe7,2024-12-22 09:29:32.458699+00:00,hu,kisalfold.hu,kisalfold.hu,2022-03-27,"Sóssá válnak az édesvizeink, és ez hatalmas gondokat okozhat",https://www.kisalfold.hu/egyperces/2022/03/sossa-valnak-az-edesvizeink-es-ez-hatalmas-gondokat-okozhat?utm_source=hirstart&utm_medium=referral&utm_campaign=hiraggregator
8a9b4e99ad1d1e6023a0f0e59ea9daaa235f1c2e924aebf7dc908ce1a28ce6b9,2024-12-22 09:29:14.781620+00:00,hu,sonline.hu,sonline.hu,2022-03-27,"Sóssá válnak az édesvizeink, és ez hatalmas gondokat okozhat",https://www.sonline.hu/egyperces/2022/03/sossa-valnak-az-edesvizeink-es-ez-hatalmas-gondokat-okozhat?utm_source=hirstart&utm_medium=referral&utm_campaign=hiraggregator
20d3eaad645274268b2a1c5963e8caffed3cf29758268b2835bf1f121f9d9f43,2024-12-22 09:29:14.469475+00:00,hu,veol.hu,veol.hu,2022-03-27,"Sóssá válnak az édesvizeink, és ez hatalmas gondokat okozhat",https://www.veol.hu/egyperces/2022/03/sossa-valnak-az-edesvizeink-es-ez-hatalmas-gondokat-okozhat?utm_source=hirstart&utm_medium=referral&utm_campaign=hiraggregator
6f1987348d5e8f5223784cc9812b4dfe5d67b563cc64a45b7722c9005cc1dff7,2024-12-22 09:25:33.603162+00:00,hu,bama.hu,bama.hu,2022-03-27,"Sóssá válnak az édesvizeink, és ez hatalmas gondokat okozhat",https://www.bama.hu/egyperces/2022/03/sossa-valnak-az-edesvizeink-es-ez-hatalmas-gondokat-okozhat?utm_source=hirstart&utm_medium=referral&utm_campaign=hiraggregator
8827e5ffff2f079125b359db164c5cecb688c11977372fb19392bc872f8e9482,2024-12-22 09:20:46.616987+00:00,hu,boon.hu,boon.hu,2022-03-27,"Sóssá válnak az édesvizeink, és ez hatalmas gondokat okozhat",https://www.boon.hu/egyperces/2022/03/sossa-valnak-az-edesvizeink-es-ez-hatalmas-gondokat-okozhat?utm_source=hirstart&utm_medium=referral&utm_campaign=hiraggregator
a5f3a534ab23b6ec5578d52cc03ca09394f855f23fc308a3cb78852c1d6cf0a8,2024-12-22 09:11:09.686341+00:00,hu,zaol.hu,zaol.hu,2022-03-27,"Sóssá válnak az édesvizeink, és ez hatalmas gondokat okozhat",https://www.zaol.hu/egyperces/2022/03/sossa-valnak-az-edesvizeink-es-ez-hatalmas-gondokat-okozhat?utm_source=hirstart&utm_medium=referral&utm_campaign=hiraggregator
c9235ac68c56b12eec218712584bba349d1a36fe86313d31f346679237bf53df,2024-12-22 09:11:01.743952+00:00,hu,haon.hu,haon.hu,2022-03-27,"Sóssá válnak az édesvizeink, és ez hatalmas gondokat okozhat",https://www.haon.hu/egyperces/2022/03/sossa-valnak-az-edesvizeink-es-ez-hatalmas-gondokat-okozhat?utm_source=hirstart&utm_medium=referral&utm_campaign=hiraggregator
5aa1c8cc1426be42326440a7afc1c250fd2c526771f2b326b8a03e8fd56b72ed,2024-12-22 09:10:46.197717+00:00,hu,duol.hu,duol.hu,2022-03-27,"Sóssá válnak az édesvizeink, és ez hatalmas gondokat okozhat",https://www.duol.hu/egyperces/2022/03/sossa-valnak-az-edesvizeink-es-ez-hatalmas-gondokat-okozhat?utm_source=hirstart&utm_medium=referral&utm_campaign=hiraggregator
988a885e02d37fe6aec2768a13493f15871cf09823ed570bb8cfc9330513b637,2024-12-22 08:37:44.538736+00:00,hu,beol.hu,beol.hu,2022-03-27,"Sóssá válnak az édesvizeink, és ez hatalmas gondokat okozhat",https://www.beol.hu/egyperces/2022/03/sossa-valnak-az-edesvizeink-es-ez-hatalmas-gondokat-okozhat?utm_source=hirstart&utm_medium=referral&utm_campaign=hiraggregator
dd6177786899fc432daa8d936c0cd9e6751be84f2dc80a88ecebd44df7efe75f,2024-12-22 04:35:50.658204+00:00,hu,vg.hu,vg.hu,2022-03-28,Meddig képes Európa alkalmazkodni a klímaváltozáshoz?,https://www.vg.hu/zoldgazdasag/2022/03/meddig-kepes-europa-alkalmazkodni-a-klimavaltozashoz?utm_source=hirstart&utm_medium=referral&utm_campaign=hiraggregator
e654d505588ebbbd08b184226ba156e89529fa7371123c2ee0c753b3ba85ae8c,2024-12-17 19:22:52.364965+00:00,hu,origo.hu,origo.hu,2024-12-17,Kihalás: Körülbelül 9.000 faj már kihalt Ausztráliában és valószínűleg a héten is fognak kihalni fajok,https://www.origo.hu/tudomany/2024/12/kihalas-ausztralia-gerinctelenek
3bd93b35ea7bb84561615f66a030f04cf28bf88b2d15c810c2f4bc5abaf49499,2024-12-16 02:42:40.705747+00:00,hu,vaol.hu,vaol.hu,2022-04-15,VAOL - Még megcsodálhatjuk a kockásliliom virágát - A csákánydoroszlói lelőhelyen jártunk,https://www.vaol.hu/vezeto-hirek/2022/04/meg-megcsodalhatjuk-a-kockasliliom-viragat-a-csakanydoroszloi-lelohelyen-jartunk-fotok?utm_source=hirstart&utm_medium=referral&utm_campaign=hiraggregator
a0ae10da8fbe359a137d9dd874ae68d3d8a262bb23697b8639c22bbd538279a5,2024-12-16 00:35:21.799152+00:00,hu,vg.hu,vg.hu,2022-01-22,Új roncsprogrammal szabadulnak az autómatuzsálemektől,https://www.vg.hu/nemzetkozi-gazdasag/2022/01/uj-roncsprogrammal-szabadulnak-az-automatuzsalemektol?utm_source=hirstart&utm_medium=referral&utm_campaign=hiraggregator
5c2f3a02b806966e5cbda905d47e0c85c5c3ce09bdc8b1ad5c2aea0b4ac2cfdc,2024-12-14 03:45:21.021753+00:00,hu,444.hu,444.hu,2022-04-28,Vég nélkül pusztulnak az esőerdők,https://444.hu/2022/04/28/veg-nelkul-pusztulnak-az-esoerdok
b87daf658a0dfc146ad550efc26a27b82475d95be4d97a466d8ed6214b6694d9,2024-12-07 06:17:15.627057+00:00,hu,magyarnemzet.hu,magyarnemzet.hu,2024-12-07,"Karácsonyfa: biztos, hogy a műfenyő az igazi?",https://magyarnemzet.hu/gazdasag/2024/12/karacsonyfa-biztos-hogy-a-mufenyo-az-igazi-seo?utm_source=hirstart&utm_medium=referral&utm_campaign=hiraggregator
a710f60ee9e86c83ca384814aa0a9a5620802a6035e14dc5e9ab2932608997ea,2024-12-06 07:17:36.103065+00:00,hu,magyarnemzet.hu,magyarnemzet.hu,2024-12-06,"Igazi, vagy műfenyő? – mutatjuk, melyik lehet jobb választás",https://magyarnemzet.hu/belfold/2024/12/igazi-vagy-mufenyo-mutatjuk-melyik-lehet-jobb-valasztas?utm_source=hirstart&utm_medium=referral&utm_campaign=hiraggregator
eb96e94a39c1a94d57c91fe6f3c8d69e9a7b245d37f95a20e8c6cc1c6a02c9c5,2024-12-04 14:20:58.353024+00:00,hu,gondola.hu,gondola.hu,2024-12-04,Csongrád lett 2024-ben az Év madárbarát települése,https://gondola.hu/hirek/312768-Csongrad_lett_2024-ben_az_Ev_madarbarat_telepulese.html
af062e35e816bc4f298a0a2bd4e740853813711c3d35f4626c91e09f1cc6ddea,2024-12-02 09:23:21.860383+00:00,hu,hirtv.hu,hirtv.hu,2024-12-02,Egymillió fajt fenyeget a kihalás veszélye,https://hirtv.hu/hirtvszines/egymillio-fajt-fenyeget-a-kihalas-veszelye-2597091?utm_source=feed&utm_medium=rss
9521b27c3b94b3912dbff07ea35a860787818c8e289e18cb10f8804497c542db,2024-12-01 17:06:09.770479+00:00,hu,nepszava.hu,nepszava.hu,2020-01-14,"Ha nem akarunk elbúcsúzni az állatvilágtól, a Föld harmadát védelem alá kell venni",https://nepszava.hu/3063517_ha-nem-akarunk-elbucsuzni-az-allatvilagtol-a-fold-harmadat-vedelem-ala-kell-venni
c34cbc622a64344b5bad570719485bbc6ce84d5470b76917df240f75d3f7f5ae,2024-12-01 16:53:24.765825+00:00,hu,magyarnemzet.hu,magyarnemzet.hu,2020-01-14,ENSZ: A Föld felszínének 30 százalékát kell védelembe venni 2030-ig,https://magyarnemzet.hu/kulfold/ensz-a-fold-felszinenek-30-szazalekat-kell-vedelembe-venni-2030-ig-7671776/
58b32b38f106e2ede4ff93889251c8c78318c7d8cf9b49e8892ed5b2a9a12e75,2024-12-01 16:50:44.380974+00:00,hu,nepszava.hu,nepszava.hu,2020-01-14,Európa tárgyalóasztalhoz kényszeríti Iránt,https://nepszava.hu/3063542_europa-targyaloasztalhoz-kenyszeriti-irant
18b5453ac75ddda731d6fb18bcf526d320c14d90c3962bb0377d2d07298e060f,2024-12-01 16:50:32.032342+00:00,hu,vg.hu,vg.hu,2020-01-14,ENSZ: A Föld felszínének 30 százalékát kell védelembe venni,https://www.vg.hu/kozelet/kozeleti-hirek/ensz-a-fold-felszinenek-30-szazalekat-kell-vedelembe-venni-1979925/
82d31b247eb23a51974bb2d73942639f4f91439c62293517dc5f34a224bcc6bf,2024-12-01 16:47:25.367024+00:00,hu,nepszava.hu,nepszava.hu,2020-01-14,"Felrobbant egy vegyi üzem, vészhelyzetet hirdettek Spanyolországban (videón a detonáció)",https://nepszava.hu/3063555_felrobbant-egy-vegyi-uzem-veszhelyzetet-hirdettek-spanyolorszagban-videon-a-detonacio
c1367134d7bdfabe0887858c1c853e58a3a107dd65e429c32006494db6ba7ed2,2024-11-30 23:50:11.536485+00:00,hu,hvg.hu,hvg.hu,2020-01-21,"„Azt kockáztatjuk, hogy egy üres világban fogunk élni”",http://hvg.hu/elet/20200121_Azt_kockaztatjuk_hogy_egy_ures_vilagban_fogunk_elni#rss
d09a7cce559a82c8c54aba08ddf162d8c279c60cc85dfa13d666fcb29075a453,2024-11-30 22:43:51.875783+00:00,hu,index.hu,index.hu,2020-01-21,Civilek vonták kérdőre Palkovicséket az új klímastratégiáról a parlamentben,https://index.hu/gazdasag/2020/01/21/miniszteri_beszamolo_itm_klimapolitika_energiapolitika_terv_nekt_palkovics_kaderjak_fenntarthatosagi_bizottsag/
9b3fdff1874df6953aa21d9e29fc1157dea6791db630bdef67c5c141862a49ec,2024-11-29 20:20:02.918246+00:00,hu,origo.hu,origo.hu,2024-11-29,Óriási mértékű madárkihalás -Több százan vannak a veszélyeztetett madárfajok,https://www.origo.hu/tudomany/2024/11/kihalasok
476d63595a2eb6136f6e0a3f48e6f9cd08467c4fe021c1c5639b3a241f5b6d7e,2024-11-29 15:05:25.172856+00:00,hu,magyarnemzet.hu,magyarnemzet.hu,2020-01-31,Több mint 20 milliárd forintból 40 ezer hektárnyi vizes élőhely újult meg,https://magyarnemzet.hu/gazdasag/tobb-mint-20-milliard-forintbol-40-ezer-hektarnyi-vizes-elohely-ujult-meg-7730720/
1bf440319c3c3fc17f1f8e5bf34f2474c8c2e2e5d5d0d3eeaf074fc7fc7a5d46,2024-11-29 14:41:59.494967+00:00,hu,boon.hu,boon.hu,2020-01-31,Negyvenezer hektárnyi vizes élőhely újult meg Magyarországon,https://boon.hu/gazdasag/hazai-gazdasag/negyvenezer-hektarnyi-vizes-elohely-ujult-meg-magyarorszagon-4038903/
21b00c628e94c52a7c44b17ca3854f0d1bdffb90c035f1cfb86b13062413631f,2024-11-29 14:41:22.935108+00:00,hu,haon.hu,haon.hu,2020-01-31,Negyvenezer hektárnyi vizes élőhely újult meg Magyarországon,https://haon.hu/gazdasag/hazai-gazdasag/negyvenezer-hektarnyi-vizes-elohely-ujult-meg-magyarorszagon-3817794/
c670154f2c29a88c6acfe54c5a41cb06d0355f67862f62f7c0887d7ca6f857ff,2024-11-29 14:41:12.894017+00:00,hu,szon.hu,szon.hu,2020-01-31,Negyvenezer hektárnyi vizes élőhely újult meg Magyarországon,https://szon.hu/gazdasag/hazai-gazdasag/negyvenezer-hektarnyi-vizes-elohely-ujult-meg-magyarorszagon-3661866/
4e1a5368540e4abbfc51468c9b81ec28834bf9c0cc580e36812c8ee104d6ac04,2024-11-29 14:40:42.012010+00:00,hu,portfolio.hu,portfolio.hu,2020-01-31,20 milliárdnyi EU-pénzből újult meg 40 ezer hektárnyi vizes élőhely Magyarországon,https://www.portfolio.hu/unios-forrasok/20200131/20-milliardnyi-eu-penzbol-ujult-meg-40-ezer-hektarnyi-vizes-elohely-magyarorszagon-414375
7d2c5938aeff2694aa90ac4b05d30c0f9d59d337a151431bfd399e463ed51765,2024-11-29 14:30:28.836402+00:00,hu,pestisracok.hu,pestisracok.hu,2020-01-31,Negyvenezer hektárnyi vizes élőhely újult meg,https://pestisracok.hu/negyvenezer-hektarnyi-vizes-elohely-ujult-meg/
4e24ea91dd0eea74b5066345181a9cd0d84f0fec0d489353dfd05e9874237afa,2024-11-28 22:43:27.401291+00:00,hu,index.hu,index.hu,2020-02-07,Drámaian csökken Európában is a poszméhek száma,https://index.hu/techtud/2020/02/07/dramaian_csokken_europaban_is_a_poszmehek_szama/
294e76f82dce45075a5a76a34a7a1e62b6ce5475d20f1d55cef8dcb0f20ad642,2024-11-28 02:07:46.222167+00:00,hu,delmagyar.hu,delmagyar.hu,2020-02-14,Egyre több a túzok a Kárpát-medencében,https://www.delmagyar.hu/gazdasag/hazai-gazdasag/egyre-tobb-a-tuzok-a-karpat-medenceben-4965654/
440b11aca7a0d85bfc605ca684f8781dd7fa2ccfe25c2da364284972d3f20517,2024-11-28 02:07:39.349817+00:00,hu,haon.hu,haon.hu,2020-02-14,Egyre több a túzok a Kárpát-medencében,https://haon.hu/gazdasag/hazai-gazdasag/egyre-tobb-a-tuzok-a-karpat-medenceben-3846498/
f8df8c37528ee05845b2d770afd60683692a9a600107c1ec88c2feaa851dadaf,2024-11-28 02:07:27.277932+00:00,hu,boon.hu,boon.hu,2020-02-14,Egyre több a túzok a Kárpát-medencében,https://boon.hu/gazdasag/hazai-gazdasag/egyre-tobb-a-tuzok-a-karpat-medenceben-4066038/
345e5f0a72c817a3fec9e8fe0750f5838385fd16142b0699f520843071e68bab,2024-11-28 02:05:24.164471+00:00,hu,szon.hu,szon.hu,2020-02-14,Egyre több a túzok a Kárpát-medencében,https://szon.hu/gazdasag/hazai-gazdasag/egyre-tobb-a-tuzok-a-karpat-medenceben-3692055/
ba6d6953a56ae4c571bd75c1824bb1077d5b14028763762185ccb0942fbbf50f,2024-11-28 02:03:56.631240+00:00,hu,bama.hu,bama.hu,2020-02-14,Egyre több a túzok a Kárpát-medencében,https://www.bama.hu/gazdasag/hazai-gazdasag/egyre-tobb-a-tuzok-a-karpat-medenceben-2280369/
1bd19f1302c64e28d74440ca5826c2fd3f7ba43921407dd232bc0f69009f9836,2024-11-28 01:46:41.032012+00:00,hu,hirtv.hu,hirtv.hu,2020-02-14,Gyarapodott a hazai túzokállomány,http://hirtv.hu/hirtvszines/gyarapodott-a-hazai-tuzokallomany-2495211?utm_source=feed&utm_medium=rss
3f2af4341d94a6dd39fe0e62f09b16b76f0a24c29921c79760ccdd268b77fd0d,2024-11-28 01:24:04.025286+00:00,hu,magyarnemzet.hu,magyarnemzet.hu,2020-02-14,Gyarapodott a hazai túzokállomány,https://magyarnemzet.hu/gazdasag/gyarapodott-a-hazai-tuzokallomany-7778999/
1f2161bdde409423e9f7f2914124fb4d0dcaf5a4a0ab9715d27ae6a6fa3bca6e,2024-11-27 22:57:18.906238+00:00,hu,napi.hu,napi.hu,2020-02-15,Nem túlzó a több túzok - növekedett az állomány,https://www.napi.hu/magyar_gazdasag/nem_tulzo_a_tobb_tuzok_novekedett_az_allomany.700354.html
826fb2f34d2767a8afd011f74f5954cf7b3f1d13cd6ab7d188f2c24204a11352,2024-11-27 09:00:34.161660+00:00,hu,888.hu,888.hu,2020-01-09,A műanyagterhelés a klímaváltozásnál is nagyobb veszély?,https://888.hu/okojobb/a-muanyagterheles-a-klimavaltozasnal-is-nagyobb-veszely-4229993/
9ef3a9100002a43a626637e476c9bc04553d1c63981bfd648052ea61af37567c,2024-11-26 21:15:19.795775+00:00,hu,444.hu,444.hu,2020-02-24,"80 évnyi kutatás után végre tudjuk, hogyan dugnak az ezerlábúak",https://444.hu/2020/02/24/80-evnyi-kutatas-utan-vegre-tudjuk-hogyan-dugnak-az-ezerlabuak
839fcfcea6f9e170a71f7d6cb148aa601810f7540ddc4eb67218d722f2a76f37,2024-11-25 15:57:25.869808+00:00,hu,magyarnemzet.hu,magyarnemzet.hu,2020-03-03,Vadvilág napot rendeznek a budapesti állatkertben,https://magyarnemzet.hu/belfold/vadvilag-napot-rendeznek-a-budapesti-allatkertben-7842947/
02fed614719ad7a0da30a53cbe3a5445ba94519ba0ae15c2af5694d2f236d169,2024-11-25 08:08:21.418441+00:00,hu,boon.hu,boon.hu,2020-03-05,Megpróbálják megmenteni a kék papagájokat,https://boon.hu/egyperces/megprobaljak-megmenteni-a-kek-papagajokat-4108764/
7550b82777fcd861011f449431030c3e7529356440cc816fe8811a3ea268bd51,2024-11-25 08:06:36.899776+00:00,hu,bama.hu,bama.hu,2020-03-05,Megpróbálják megmenteni a kék papagájokat,https://www.bama.hu/egyperces/megprobaljak-megmenteni-a-kek-papagajokat-2321490/
4c1f0cef945c8fc3100be51b9a4ec1680da2f68e9deb9b5bf2c2a0ab38035132,2024-11-25 08:06:18.902788+00:00,hu,haon.hu,haon.hu,2020-03-05,Megpróbálják megmenteni a kék papagájokat,https://haon.hu/egyperces/megprobaljak-megmenteni-a-kek-papagajokat-3890868/
22d65ac135df0023214124973b78d1f4fe37a4244059ce68766ae2cf0d59d47f,2024-11-25 08:05:35.339729+00:00,hu,delmagyar.hu,delmagyar.hu,2020-03-05,Megpróbálják megmenteni a kék papagájokat,https://www.delmagyar.hu/egyperces/megprobaljak-megmenteni-a-kek-papagajokat-5177643/
cfa37744bcc795c26f8b0aba399ae26e14dd91d0fd8863af3005ff94762b8b88,2024-11-25 08:05:19.659995+00:00,hu,szon.hu,szon.hu,2020-03-05,Megpróbálják megmenteni a kék papagájokat,https://szon.hu/egyperces/megprobaljak-megmenteni-a-kek-papagajokat-3746181/
6d0e8bdb54aeb5635f9512da976c5a9104b119dadf26be0c7516ea205b867d6d,2024-11-24 23:42:12.666332+00:00,hu,hvg.hu,hvg.hu,2020-03-08,"52 kék papagáj költözik Brazíliába, talán ez a faj utolsó esélye",http://hvg.hu/tudomany/20200308_kek_szinu_papagaj_spix_ara_brazilia_visszatelepites#rss
219b8334164f22cc1f4c6fc3fad5e140f15559538994708dc05df52711f79176,2024-11-21 10:50:38.037948+00:00,hu,index.hu,index.hu,2020-03-29,"Az egész táj üres, halott",https://index.hu/techtud/2020/03/29/tnt_podcast_magyar_madartani_es_termeszetvedelmi_egyesulet_orban_zoltan/
b6aad9964035b606060d972dab1c9af419a95537a43a025cb3aa96dc53661393,2024-11-20 09:17:53.147010+00:00,hu,bama.hu,bama.hu,2024-11-20,MI: Ilyen lesz a jövő Baranyája,https://www.bama.hu/helyi-kozelet/2024/11/mi-mesterseges-intelligencia-baranya?utm_source=hirstart&utm_medium=referral&utm_campaign=hiraggregator
fb9cf4f5b3a7298ebc317e624c296e1b50dfb60f2407818a70f94a823ed7a97c,2024-11-18 17:59:45.193984+00:00,hu,index.hu,index.hu,2020-04-16,Bolygószámítógépet épít a Microsoft,https://index.hu/techtud/2020/04/16/planetary_computer_microsoft_kornyezetvedelem/
eb1909bde8d65bd17fd21db8406557b5345a3f7e179aa60be05e905db4a29edd,2024-11-18 15:16:27.608408+00:00,hu,hvg.hu,hvg.hu,2020-04-17,A koronavírus-járvány miatt egyre gyakoribb az orvvadászat,http://hvg.hu/gazdasag.zhvg/20200416_koronavirus_jarvany_orvvadaszat_veszelyeztetett_fajok#rss
9de99cdd72d8171c97610e24ce1438e8042182dd487a60e5872d9551940267d9,2024-11-18 09:39:00.922846+00:00,hu,index.hu,index.hu,2020-04-19,"A kopárnak tartott Görögországban több erdő van, mint Magyarországon",https://index.hu/kulfold/eurologus/2020/04/19/erdosites_kozos_politika_nelkul_nem_latszik_a_faktol_az_erdo/
c5c4a82761b0d9a42b37e60a362910e92e507b00ed4f72abd5906fbd6cbea980,2024-11-17 16:55:24.366957+00:00,hu,hvg.hu,hvg.hu,2020-04-24,A rovarok negyede eltűnt 1990 óta és ez ránk nézve is tragikus következményekkel jár,http://hvg.hu/gazdasag.zhvg/20200424_A_rovarok_negyede_eltunt_1990_ota_es_ez_rank_nezve_is_tragikus_kovetkezmenyekkel_jar#rss
33e7f26c181cd33b7a33ec6812f0be24ed50e427cfdf1571f77370e5859c46ae,2024-11-17 14:08:48.252204+00:00,hu,24.hu,24.hu,2020-04-25,"Amíg a méhek haldokolnak, a szúnyogok köszönik szépen, jól vannak",https://24.hu/tudomany/2020/04/25/rovarok-mehek-beporzok-kihalas-eloszlas/
6e4fbd9631a1ad2e780f3c06bee164f04b7a083b3ab8564ce2ddec9b77241d7a,2024-11-16 11:18:31.890831+00:00,hu,nepszava.hu,nepszava.hu,2020-05-05,Lámákból kinyert antitest lehet a koronavírus ellenszere,https://nepszava.hu/3076938_lamakbol-kinyert-antitest-lehet-a-koronavirus-ellenszere
bad7b46122e22ff91fda0b921669bc63e0fb4cf45be19c062f1046c59b387d97,2024-11-15 23:32:46.519078+00:00,hu,hvg.hu,hvg.hu,2020-05-08,"Jó érzés fát ültetni, csak éppen édeskevés a klímaváltozás elleni harcban",http://hvg.hu/gazdasag.zhvg/20200508_A_faultetes_nem_gyogyir_a_klimavaltozasra#rss
ce44b389533312a9cbe23132a6a262cfb7829743cd495e85d0d711a39ca0dbf7,2024-11-14 17:07:57.281832+00:00,hu,hvg.hu,hvg.hu,2020-05-18,"Gyorsabban pusztul az ökoszisztéma, mint gondolták",http://hvg.hu/gazdasag.zhvg/20200518_greenpeace_okoszisztema_biodiverzitas_klimavaltozas_ipbes#rss
837b6edde13f82ecb512b47b9b4944c45d9b6edaa7853b519ffd5eca2dceb67e,2024-11-14 08:03:17.132791+00:00,hu,nepszava.hu,nepszava.hu,2020-05-21,"Termelőtől fogyasztóig""",https://nepszava.hu/3078871_termelotol-fogyasztoig-uj-modellben-finansziroznak-az-europai-elelmiszeripart
f69f9a9086ca41d6a6fca305a8f8130dad8b07ba779a3e6a831c1c2ff3f6cf34,2024-11-14 07:41:08.239319+00:00,hu,nepszava.hu,nepszava.hu,2020-05-21,Bezöldítik az algák az Antarktisz partvidékét,https://nepszava.hu/3078861_bezolditik-az-algak-az-antarktisz-partvideket
8db5ebdf95f964578aa6c1f81921f98457ea061ca00be73ca24f37905812f4c0,2024-11-14 07:24:46.940788+00:00,hu,nepszava.hu,nepszava.hu,2020-05-21,Kacsák miatt nem közlekedhetett a metró a teljes vonalon,https://nepszava.hu/3078883_kacsak-miatt-nem-kozlekedhetett-a-metro-a-teljes-vonalon
ac4ece4374afde42c47f5a8de6d8f8ea9b8d9d91f316ea71606d87496b7ac64a,2024-11-14 07:13:54.572538+00:00,hu,nepszava.hu,nepszava.hu,2020-05-21,Kacsák miatt nem közlekedhetett a metró a teljes vonalon (videó),https://nepszava.hu/3078883_kacsak-miatt-nem-kozlekedhetett-a-metro-a-teljes-vonalon-video
779d283a01e6ab67b4da0f7597d6b34881e14e06c71b4994b8183916faa7dc42,2024-11-14 04:22:30.047576+00:00,hu,magyarnemzet.hu,magyarnemzet.hu,2020-05-22,Magyarország kiemelkedő természeti értékekkel rendelkezik,https://magyarnemzet.hu/mozaik/magyarorszag-kiemelkedo-termeszeti-ertekekkel-rendelkezik-8149706/
f911d17cf05cf3470c3892654d210db0e116bf4992c39e2774c1bab1d87f6041,2024-11-14 00:44:48.305697+00:00,hu,hvg.hu,hvg.hu,2020-05-23,Lehet-e fenntartható a pálmaolaj?,http://hvg.hu/gazdasag.zhvg/20200523_fenntarthatosag_palmaolaj_azsia_indonezia_szegenyseg#rss
93016335f198dd9d8e99950fee0d5cda4fa67dad97f424e7bc88dc9bcca07d84,2024-11-14 00:02:25.814232+00:00,hu,infostart.hu,infostart.hu,2020-05-24,"Duplán fog fájni a Föld élőlényeinek most zajló, hatodik kihalása",https://infostart.hu/tudomany/2020/05/24/az-emberiseg-ugy-el-mintha-17-fold-allna-a-rendelkezesere
b58b71e861bcec2285e36277f9b471baba70f58093e5b39fc0f273525bca29f6,2024-11-12 23:22:55.764887+00:00,hu,ripost.hu,ripost.hu,2024-11-12,Orbán Viktor: A józan ész vezérelte klímapolitikára van szükség,https://ripost.hu/politik/2024/11/orban-viktor-a-jozan-esz-vezerelte-klimapolitikara-van-szukseg
983c3626f16ec8593c823d7def109acef75c1746b5256264c0063d0256b868f8,2024-11-12 23:21:41.970239+00:00,hu,magyarnemzet.hu,magyarnemzet.hu,2020-06-02,Veszélyben a biológiai sokféleség,https://magyarnemzet.hu/belfold/veszelyben-a-biologiai-sokfeleseg-8189123/
d956639eb4b381e3271ba06532e66ad395a0553cc7313337c8aa6c5bd0d0596f,2024-11-12 14:29:17.343948+00:00,hu,index.hu,index.hu,2020-06-06,"Mondjunk búcsút a nagy, öreg fáknak",https://index.hu/techtud/2020/06/06/mondjunk_bucsut_a_nagy_oreg_faknak/
7eb4b3ee69c0c4fc11208a0ff28179b482d76e0ea813db1fa99742b82102163f,2024-11-12 13:53:40.141660+00:00,hu,24.hu,24.hu,2020-06-07,"Európa 30 milliárd eurót áldoz a természetre, ha elfogadjuk",https://24.hu/tudomany/2020/06/07/eu-biodiverzitas-farm-to-fork-mezogazdasag-strategia-baldi-andras-okologia/
2739ea743d16d0febf7124c142efa6f4e1e3c8f1658226fa9704a5c9ad5b5a25,2024-11-12 11:16:06.971574+00:00,hu,24.hu,24.hu,2020-06-09,"Az erdők nélkül elpusztulnak a beporzók, mi pedig éhen halunk",https://24.hu/tudomany/2020/06/09/erdo-beporzok-mehek-biodiverzitas-kornyezet/
9d0a99de1b1ac673677deeffad5986e902d9a8d1800c211e566f16921a37774a,2024-11-12 07:13:17.239329+00:00,hu,hvg.hu,hvg.hu,2020-06-11,Megelőzné a következő járványt? Mondjon le a pálmaolajról!,http://hvg.hu/elet/20200611_Okologus_uj_normalis_aszalos_reka_biodiverzitas_kornyezetvedelem#rss
479ac6d1d7b981cd2bf13ddbbb43e2408bb8318366a5fa4d0eb36f44130c92a8,2024-11-12 05:06:00.057029+00:00,hu,24.hu,24.hu,2020-06-13,"Van, ahol a víz már a gazdagok luxusa",https://24.hu/tudomany/2020/06/13/viz-varos-szarazsag-luxushatas/
31157bb931e5552b950671cd5ae7d7e20111391667e876b42386a439ec2046e2,2024-11-12 04:43:31.453378+00:00,hu,magyarnemzet.hu,magyarnemzet.hu,2020-06-13,Mitől véres a lábad?,https://magyarnemzet.hu/lugas-rovat/mitol-veres-a-labad-8225982/
444764e2dce2402a3fd7ef10e5e48571bd62372b062a561dfd29cc78d41ae022,2024-11-12 03:22:58.092906+00:00,hu,pestisracok.hu,pestisracok.hu,2020-06-14,Ezt nem gondoltuk volna az agrárminiszterről! – valamiért nagyon rajong!,https://pestisracok.hu/ezt-nem-gondoltuk-volna-az-agrarminiszterrol-valamiert-nagyon-rajong/?utm_source=rss&utm_medium=rss&utm_campaign=ezt-nem-gondoltuk-volna-az-agrarminiszterrol-valamiert-nagyon-rajong
8888900ef5e12c442d70e5f76515279404984daa5b6b68a182a5829349ef526f,2024-11-12 02:52:42.571604+00:00,hu,hvg.hu,hvg.hu,2020-06-15,"A vadludak, az évi 100 millió forint és egy kisváros turisztikai vonzereje",http://hvg.hu/kkv/20200615_tata_szalloda_avalon_hell#rss
1b009a7b84b312dbc6c23475d8627fbfc18a4686418718fb60757f352246c902,2024-11-12 02:42:53.139972+00:00,hu,index.hu,index.hu,2020-06-15,"Ahol luxus van, ott az élővilág is jómódban él",https://index.hu/techtud/2020/06/15/ahol_luxus_van_ott_az_elovilag_is_jomodu/
6728bdb9330610401359b723470cec65bf4e89f2a53cb3db6dd533cf2dee78d1,2024-11-12 02:34:35.379648+00:00,hu,hvg.hu,hvg.hu,2020-06-15,Gazdagabb környékeken nagyobb a biológiai sokféleség,http://hvg.hu/gazdasag.zhvg/20200615_Gazdagabb_kornyekeken_kulonosen_a_szaraz_videkeken_nagyobb_a_biologiai_sokfeleseg#rss
d0a2c57e0e01466728e2de53527a466032e2e0034e54d86717e7f137a0e4fa25,2024-11-12 02:29:12.267699+00:00,hu,nepszava.hu,nepszava.hu,2020-06-15,Gazdagabb környéken változatosabb az élővilág,https://nepszava.hu/3081637_gazdagabb-kornyeken-valtozatosabb-az-elovilag
34b237989d6188ce675377c541443dfc2b37735935b09aec223d8e005da89baf,2024-11-12 01:47:59.061635+00:00,hu,infostart.hu,infostart.hu,2020-06-15,Luxushatás-mintázatot tártak fel a kutatók,https://infostart.hu/tudomany/2020/06/15/nagyobb-a-biologiai-sokfeleseg-a-varosok-jomodu-kornyekein
bf5fe5f1b3cecd469bb8662d494eafeea40020c2fa548f29385559d7bfc94511,2024-11-12 00:55:46.109986+00:00,hu,hvg.hu,hvg.hu,2020-06-16,Minierdőkkel küzdenének Európában a klímaváltozás ellen,http://hvg.hu/gazdasag.zhvg/20200616_minierdo_erdo_faultetes_europa_miyawaki_klimavaltozas#rss
c62264e51741a703b2a429da402600a113c7c965a8986db7076fc82970900e97,2024-11-12 00:50:30.291130+00:00,hu,haon.hu,haon.hu,2020-06-16,"Megállapították, a városok mely részein nagyobb a biológiai sokféleség",https://haon.hu/eletstilus/megallapitottak-a-varosok-mely-reszein-nagyobb-a-biologiai-sokfeleseg-4121646/
ebc092f824f84609e8b6a4f47796fc568bc55bf4d586da77220e6aa4ee5090aa,2024-11-12 00:50:17.590985+00:00,hu,infostart.hu,infostart.hu,2020-06-16,Alaptörvény-ellenes az erdőtörvény 2017-es módosítása,https://infostart.hu/belfold/2020/06/16/megsemmisitette-az-alkotmanybirosag-az-erdotorveny-2017-es-modositasanak-tobb-rendelkezeset
d61f987822502df50b73df087e2cbb445d491ccc61199748c85a668ee6ef3da6,2024-11-12 00:50:13.939653+00:00,hu,boon.hu,boon.hu,2020-06-16,"Megállapították, a városok mely részein nagyobb a biológiai sokféleség",https://boon.hu/eletstilus/megallapitottak-a-varosok-mely-reszein-nagyobb-a-biologiai-sokfeleseg-4334400/
0b44f0a5dbc7c5703da0a5cbad4b85eb9d8020aab91c09ae5e517c5a1cb5ab36,2024-11-12 00:49:59.539216+00:00,hu,duol.hu,duol.hu,2020-06-16,"Megállapították, a városok mely részein nagyobb a biológiai sokféleség",https://www.duol.hu/eletstilus/megallapitottak-a-varosok-mely-reszein-nagyobb-a-biologiai-sokfeleseg-3659280/
d96b715054c80ae3fca4798474a1b2110ed7e8a8677d8f5d93986a8b1478000b,2024-11-12 00:49:56.618456+00:00,hu,veol.hu,veol.hu,2020-06-16,"Megállapították, a városok mely részein nagyobb a biológiai sokféleség",https://www.veol.hu/eletstilus/megallapitottak-a-varosok-mely-reszein-nagyobb-a-biologiai-sokfeleseg-3848262/
29fa1f7b0424381c62e7d8ff8ac711e730ee0fa58eaa493097a0065fa50bb2fb,2024-11-12 00:49:48.455888+00:00,hu,szon.hu,szon.hu,2020-06-16,"Megállapították, a városok mely részein nagyobb a biológiai sokféleség",https://szon.hu/eletstilus/megallapitottak-a-varosok-mely-reszein-nagyobb-a-biologiai-sokfeleseg-3977955/
470f22671ec3958ae44e34a68d7c3193345c4a3d81af74cf648dd813a0217c56,2024-11-12 00:49:47.859681+00:00,hu,bama.hu,bama.hu,2020-06-16,"Megállapították, a városok mely részein nagyobb a biológiai sokféleség",https://www.bama.hu/eletstilus/megallapitottak-a-varosok-mely-reszein-nagyobb-a-biologiai-sokfeleseg-2586387/
403df7e44b4e63061db486128cac94771eec87461a997e7493a3afe0f68a80f8,2024-11-12 00:49:37.869550+00:00,hu,delmagyar.hu,delmagyar.hu,2020-06-16,"Megállapították, a városok mely részein nagyobb a biológiai sokféleség",https://www.delmagyar.hu/eletstilus/megallapitottak-a-varosok-mely-reszein-nagyobb-a-biologiai-sokfeleseg-6541038/?utm_source=rssfeed
2a406ad885b83a23a92f26235ee3bc976b2b91ea8d1d7070a4a27759b03d1599,2024-11-11 23:08:30.674364+00:00,hu,vg.hu,vg.hu,2020-06-17,"Az Unilever a termékein feltünteti, hogy mekkora az ökológiai lábnyomuk",https://www.vg.hu/vallalatok/vallalati-hirek/az-unilever-termekein-feltunteti-hogy-mekkora-az-okologiai-labnyoma-2327706/
88509dd689674c26b068056048fe23ee7ea583e22395f484aea3e463392ce8a7,2024-11-11 21:31:14.519024+00:00,hu,magyarnemzet.hu,magyarnemzet.hu,2020-06-18,Luxushatás szárazságban,https://magyarnemzet.hu/tudomany/luxushatas-szarazsagban-8260266/
b9dcc0914576a16eacecb760454e971cb4bfe9f1a1419e73c4047ba909683756,2024-11-11 20:20:58.157047+00:00,hu,pestisracok.hu,pestisracok.hu,2020-06-19,ENSZ: a koronavírus egy vészjelzés az emberiségnek,https://pestisracok.hu/ensz-a-koronavirus-egy-veszjelzes-az-emberisegnek/?utm_source=rss&utm_medium=rss&utm_campaign=ensz-a-koronavirus-egy-veszjelzes-az-emberisegnek
e7a77729aab6b98e6ec1db177c84851615785b43ba94260282ddcee264bfe913,2024-11-11 19:56:55.884880+00:00,hu,444.hu,444.hu,2020-06-19,"ENSZ, WHO, WWF: A világjárványok a természet szétverésének a következményei",https://444.hu/2020/06/19/ensz-who-wwf-a-vilagjarvanyok-a-termeszet-szetveresenek-a-kovetkezmenyei
d6b96b9ca275708033b8906fb1c68a3cd695160e3369f9990bc54175f407d07a,2024-11-11 14:48:06.842220+00:00,hu,hvg.hu,hvg.hu,2020-06-23,"Több száz millió dollárt költöttek faültetésre, kevesebb természetes erdejük lett",http://hvg.hu/gazdasag.zhvg/20200623_faultetes_erdo_chile_klimavaltozas_erdoirtas_fakivagas#rss
aa3de3ba796b2f72a1b082a7e76b4b73c55d631d23f6bc746c0ca957ca262057,2024-11-11 13:31:44.364169+00:00,hu,nepszava.hu,nepszava.hu,2020-06-24,40 évnyi vízfogyasztásra elegendő jeget veszítettek az új-zélandi gleccserek,https://nepszava.hu/3082714_40-evnyi-vizfogyasztasra-elegendo-jeget-veszitettek-az-uj-zelandi-gleccserek
84182522c12edf75bab15db9015485d2becada244076ef13f47975a7fa4b7f5f,2024-11-11 12:24:11.073246+00:00,hu,24.hu,24.hu,2020-06-25,"Lehet, hogy a tömeges faültetés többet árt, mint használ",https://24.hu/tudomany/2020/06/25/faultetes-kornyezetvedelem-oshonos-fak-erdo/
8eb6f1b83380696e020214266594a5531091252dacad23f33aa45c3ace677c36,2024-11-11 08:19:52.461461+00:00,hu,zaol.hu,zaol.hu,2020-06-28,Természetesebb erdők – Egyre fontosabb a közjóléti szempontok érvényesítése is,https://www.zaol.hu/eletstilus/helyi-eletstilus/termeszetesebb-erdok-egyre-fontosabb-a-kozjoleti-szempontok-ervenyesitese-is-4297601/
74de6aec932cfa450226b812808e7e60f68074c6a5254eca69592fccca46de79,2024-11-11 03:15:02.338560+00:00,hu,infostart.hu,infostart.hu,2020-07-01,Nagy veszedelemben Magyarország,https://infostart.hu/tudomany/2020/07/01/nagy-veszedelemben-magyarorszag
4ff21f96cb2d6a9f4f826aebe186497434def625265a5aa5914030de66dee668,2024-11-11 00:45:05.291675+00:00,hu,hvg.hu,hvg.hu,2020-07-03,"Egyre inkább el fogják mosni az országot a villámárvizek, ha nem alkalmazkodunk",http://hvg.hu/gazdasag.zhvg/20200703_villamarviz_klimavaltozas_idojaras_szelsosegesidojaras_zhvg_masfelfok#rss
3aea7d0793b8e2b20965a2dcd420720e07fcbc70d9af69b4eb4e043bad5bcc46,2024-11-10 15:33:10.990070+00:00,hu,hvg.hu,hvg.hu,2020-07-09,"A gazdaságnak is jót tenne, ha természetvédelmi terület lenne a Föld a harmada",http://hvg.hu/gazdasag.zhvg/20200709_termeszetvedelem_gazdasag_klimavaltozas_ocean_szarazfold#rss
4e133158f85a35551ab9cc62201a5d381ed5a92c055027da21a949d146eeca7e,2024-11-09 22:58:59.376166+00:00,hu,24.hu,24.hu,2020-07-19,"Kipusztítottunk egy állatot, ami életeket menthetett volna",https://24.hu/tudomany/2020/07/19/beka-keteltu-gyogyitas-termeszet/
8b2ca3b44872c0402e881bbfba58124d2a27837e199811d62f0200eb20417b1d,2024-11-09 19:22:42.265969+00:00,hu,hvg.hu,hvg.hu,2020-07-21,"Mindenképp lesz szálloda Tatán, csak kisebb, mint tervezték",http://hvg.hu/gazdasag.ingatlan/20200721_Mindenkepp_lesz_szalloda_Tatan_csak_kisebb_mint_terveztek#rss
9404d191a2f4b1548fab7ade3875c1027ee27a74b50851fb0392d303dd6f6f31,2024-11-09 19:17:01.987934+00:00,hu,pestisracok.hu,pestisracok.hu,2020-07-21,FAO: Afrikában volt a legnagyobb mértékű az erdőirtás az elmúlt tíz évben,https://pestisracok.hu/fao-afrikaban-volt-a-legnagyobb-merteku-az-erdoirtas-az-elmult-tiz-evben/?utm_source=rss&utm_medium=rss&utm_campaign=fao-afrikaban-volt-a-legnagyobb-merteku-az-erdoirtas-az-elmult-tiz-evben
8702d1f3418e33c27a857106b5ee06cd73c60a51ba4df33062f44e8756d7a2cb,2024-11-09 14:40:24.365417+00:00,hu,portfolio.hu,portfolio.hu,2020-07-24,A fejlett országok valójában kevésbé pusztítják a környezetet,https://www.portfolio.hu/krtk/20200724/a-fejlett-orszagok-valojaban-kevesbe-pusztitjak-a-kornyezetet-tenyleg-igy-van-442052
9dd33e760bd510c87dee98f21e521d1e9cdfcb125d129ed13954e76fd251ee01,2024-11-09 12:17:12.016435+00:00,hu,hvg.hu,hvg.hu,2020-07-29,Egy szobában voltunk közel egymillió méhhel,http://hvg.hu/elet/20200729_Egy_szobaban_kozel_egymillio_mehhel_a_mez_utan_mar_a_kaptarlevego_is_fogyaszthato#rss
2403843337a98de0748a7805898732540304440392391f2dd116060d2348d572,2024-11-09 10:21:57.172571+00:00,hu,portfolio.hu,portfolio.hu,2024-11-09,Újranyitják civilizációnk szimbólumát: a Notre-Dame és a normandiai tölgyfák története,https://www.portfolio.hu/ingatlan/20241109/ujranyitjak-civilizacionk-szimbolumat-a-notre-dame-es-a-normandiai-tolgyfak-tortenete-721931
c24ba95d56296f89c5415e95777da32479d96d0ddf716aabbeab5b0adfd48fbd,2024-11-07 19:24:10.776377+00:00,hu,origo.hu,origo.hu,2024-11-07,A fák világszerte a kihalás felé tartanak,https://www.origo.hu/tudomany/2024/11/a-fak-vilagszerte-a-kihalas-fele-tartanak
c8abb790a4433d2079254d3ecfcd2bbc249f72155ba9f8a711aebff3f18c9ce7,2024-11-07 16:46:52.910409+00:00,hu,bama.hu,bama.hu,2020-08-28,Denevér-hotellánc az erdőkben,https://www.bama.hu/pr/denever-hotellanc-az-erdokben-2813939/
714ef60a54125df95c8d00c859d558102407fb082c3eb2bd7ef4de484a854cbf,2024-11-07 12:18:49.099771+00:00,hu,hvg.hu,hvg.hu,2024-11-07,Ausztráliában betiltanák a közösségi média használatát a 16 éven alattiaknak,https://hvg.hu/elet/20241107_Ausztralia-kozossegi-media-tiltas-16-ev-alatt#rss
ec1417e0d4d5d1d451991c9f2d7f01e83a0c6e7ab634bf463857a9e27efaf192,2024-11-07 01:51:25.521379+00:00,hu,demokrata.hu,demokrata.hu,2020-08-30,Visszatérnek a nagyragadozók,https://demokrata.hu/zold-jovo/visszaternek-a-nagyragadozok-278593/
a56cb13b581ebf557889a857b02c5a8e7d4daf5d53d90ab0a2cb915ae31c69da,2024-11-06 15:27:47.390996+00:00,hu,magyarnemzet.hu,magyarnemzet.hu,2024-11-06,A körforgásos gazdaság lehet a kiút a fenntarthatatlan gazdálkodásból,https://magyarnemzet.hu/gazdasag/2024/11/a-korforgasos-gazdasag-lehet-a-kiut-a-fenntarthatatlan-gazdalkodasbol?utm_source=hirstart&utm_medium=referral&utm_campaign=hiraggregator
c124138125cd94b36a115e9732f0fa3af99d0f4ce97d72276423150bc1d8b18f,2024-11-04 10:32:23.842951+00:00,hu,444.hu,444.hu,2021-11-28,A sok évszázados élő indiai hidak már a nyugati építészek figyelmét is felkeltették,https://444.hu/2021/11/28/a-sok-evszazados-elo-indiai-hidak-mar-a-nyugati-epiteszek-figyelmet-is-felkeltettek
6177da34f5ade47d971fafe4bba4230c44621228c3d30fd2b980376da884dfba,2024-11-03 14:32:50.533096+00:00,hu,hvg.hu,hvg.hu,2021-12-03,Az űrmuslicától a szomorú boszorkányig – karácsonyi gyerekkönyvajánló,https://hvg.hu/kultura/20211203_Az_urmuslicatol_a_szomoru_boszorkanyig__karacsonyi_gyerekkonyvajanlo
dfa098cca3579232ef2ad3968b6776db6b8cac8f64b2eb80a18aff725f1f7624,2024-11-03 09:15:30.351225+00:00,hu,duol.hu,duol.hu,2021-12-06,"A talajkímélő művelés csökkenti a talajveszteséget, növeli a biodiverzitást",https://www.duol.hu/gazdasag/hazai-gazdasag/a-talajkimelo-muveles-csokkenti-a-talajveszteseget-noveli-a-biodiverzitast-4841846/
e8fb54e0cae2882ce3cb88df2322253a80c0357f9b2dde7b2cd2bc86d834666c,2024-11-03 08:50:48.677112+00:00,hu,boon.hu,boon.hu,2021-12-06,"A talajkímélő művelés csökkenti a talajveszteséget, növeli a biodiverzitást",https://boon.hu/gazdasag/hazai-gazdasag/a-talajkimelo-muveles-csokkenti-a-talajveszteseget-noveli-a-biodiverzitast-6061946/
5a708378a96bf485393af2d88aefc42550a149e613e764fa6e009a3d0bffa78d,2024-11-03 08:50:42.372470+00:00,hu,delmagyar.hu,delmagyar.hu,2021-12-06,"A talajkímélő művelés csökkenti a talajveszteséget, növeli a biodiverzitást",https://www.delmagyar.hu/gazdasag/hazai-gazdasag/a-talajkimelo-muveles-csokkenti-a-talajveszteseget-noveli-a-biodiverzitast-8212838/
baf248b334527c7868959523075ed100a9321f3b90eb050831c860cd1e0a6b57,2024-11-03 08:50:28.418482+00:00,hu,szon.hu,szon.hu,2021-12-06,"A talajkímélő művelés csökkenti a talajveszteséget, növeli a biodiverzitást",https://szon.hu/gazdasag/hazai-gazdasag/a-talajkimelo-muveles-csokkenti-a-talajveszteseget-noveli-a-biodiverzitast-5607989/
d75dc6f64c937ba0a11c3d2b19acc3ce3cd5beb3d7e14afbb9b0e32e35f3299f,2024-11-03 08:50:28.092230+00:00,hu,teol.hu,teol.hu,2021-12-06,"A talajkímélő művelés csökkenti a talajveszteséget, növeli a biodiverzitást",https://www.teol.hu/gazdasag/hazai-gazdasag/a-talajkimelo-muveles-csokkenti-a-talajveszteseget-noveli-a-biodiverzitast-4250855/
66817d068e3f08a6550fdf6fe9eb040153a2ea2b0b16c0b4d4f95c50ebcf7593,2024-11-03 08:50:06.227348+00:00,hu,bama.hu,bama.hu,2021-12-06,"A talajkímélő művelés csökkenti a talajveszteséget, növeli a biodiverzitást",https://www.bama.hu/gazdasag/hazai-gazdasag/a-talajkimelo-muveles-csokkenti-a-talajveszteseget-noveli-a-biodiverzitast-4297847/
3a0c3f4ecd1f9d4ba4092d641720b84ccdddfb1dec478d7bf31d74c9cbbfac31,2024-11-03 08:49:45.664437+00:00,hu,haon.hu,haon.hu,2021-12-06,"A talajkímélő művelés csökkenti a talajveszteséget, növeli a biodiverzitást",https://haon.hu/gazdasag/hazai-gazdasag/a-talajkimelo-muveles-csokkenti-a-talajveszteseget-noveli-a-biodiverzitast-5895068/
03ed3c36d49b04bab6e084a00914289a6b1947471ea7c7404dc887ff386a7b3d,2024-11-03 05:13:57.488140+00:00,hu,hvg.hu,hvg.hu,2021-12-07,Komoly karbon-lábnyoma van minden tábla csokoládénak,https://hvg.hu/gazdasag/20211207_kakaotermesztes_csokolade_erdoirtas_klimavaltozas_masfelfok
46316adadbec9ecb32833487f4d5bf53f7e16c779587f62cbe8c7b433ff877db,2024-11-03 00:03:57.876495+00:00,hu,origo.hu,origo.hu,2021-12-08,Lance Uggla: A vállalatoknak kötelessége példát mutatni bolygónk védelme érdekében,https://www.origo.hu/itthon/20211207-lance-uggla-a-vallalatoknak-kotelessege-peldat-mutatni-bolygonk-vedelme-erdekeben.html
6e1a7c48a0c527047a6a5572cc1bbefeee3bbe90305b48151727a51b11e109d9,2024-11-02 09:21:48.430489+00:00,hu,merce.hu,merce.hu,2021-12-12,"Élelmiszer-önrendelkezés: lehetőségek, feladatok, esélyek és korlátok « Mérce",https://merce.hu/2021/12/12/elelmiszer-onrendelkezes-lehetosegek-feladatok-eselyek-es-korlatok/
6ded42ed17a991c05d7e453319ac3c6b88ff111211654f380b1ad5ac154c8ae1,2024-11-01 17:35:18.157155+00:00,hu,napi.hu,napi.hu,2021-12-16,"Váralanul módosított a parlament, a védett erdőkkel is lehet üzletelni",https://www.napi.hu/magyar-gazdasag/wwf-termeszetvedelem-agrarminiszter-ader-janos-erdogazdasag-eladas-nemzeti-park.742318.html
c43b620035b101a97c0141f37121805e16c22f6cd0bec33cf43cdd9bdececeac,2024-11-01 17:26:55.170566+00:00,hu,magyarnarancs.hu,magyarnarancs.hu,2021-12-16,Figyelmeztet a WWF: veszélybe kerülhetnek az erdők egy elfogadott törvénymódosítás miatt,https://magyarnarancs.hu/belpol/figyelmeztet-a-wwf-veszelybe-kerulhetnek-az-erdok-egy-elfogadott-torvenymodositas-miatt-244469
4dfb6662b549be0b9c2bb323681d00f2ec8e6e118a880b464b2d197d1cc60c3c,2024-11-01 16:21:03.497966+00:00,hu,merce.hu,merce.hu,2021-12-16,Védett területek magánkézbe játszását könnyíti a titokban áttolt új törvénymódosítás « Mérce,https://merce.hu/2021/12/16/vedett-teruletek-magankezbe-jatszasat-konnyiti-a-titokban-attolt-uj-torvenymodositas/
67cd0624401f28cb88808faee0a4f3abf46aa125026a42ea45d7f688ad7ac869,2024-10-29 15:32:15.704721+00:00,hu,nepszava.hu,nepszava.hu,2024-10-29,"Európa felszíni vizeinek csupán egyharmada minősül jónak vagy annál jobb állapotúnak, Magyarország tavainak és folyóinak többsége közepes állapotú",https://nepszava.hu/3255650_europa-felszini-viz-szennyezes-pohar
59a8a542afa2cb9aa12b97064b2f98924becc164f03b2575c8057d74466d6dae,2024-10-29 15:32:03.799751+00:00,hu,nepszava.hu,nepszava.hu,2024-10-29,"Tiszta vizet öntenénk a pohárba, de nem lehet, Európa felszíni vizeinek csupán egyharmada minősül legalább jó állapotúnak",https://nepszava.hu/3255341_europa-felszini-viz-szennyezes-pohar
894f166f0ffef9a18288b3c054ad935f1e12e0a96692f60e031dbbddc75e6b8b,2024-10-27 06:25:41.705974+00:00,hu,index.hu,index.hu,2024-10-27,"Az éghajlatváltozás kétszer olyan súlyos lehet, mint azt korábban jósolták",https://index.hu/tudomany/2024/10/27/globalis-felmelegedes-klimacel-homerseklet-emelkedes/
f0e4cc6346eebe1c2b09b97f65c150f0f4bd42bf16942b0829b2f8474caee5fb,2024-10-25 16:17:47.958358+00:00,hu,zaol.hu,zaol.hu,2024-10-25,Az avarégetés veszélyei: miért káros és mit tehetünk helyette,https://www.zaol.hu/helyi-kozelet/2024/10/avaregetes-veszelyei?utm_source=hirstart&utm_medium=referral&utm_campaign=hiraggregator
8d1bdbb558345a83fe18bf2213e728e7e87d02894e66deee5780d88aaca4b7f7,2024-10-24 06:21:03.562035+00:00,hu,index.hu,index.hu,2024-10-24,Baljós üzenetet küldtek északról: ez így nem mehet tovább!,https://index.hu/gazdasag/2024/10/24/svedorszag-malmo-living-city-konferencia-husqvarna/
9fd75856da12705d2cc0d000af1072452174217cd89f456591bdf8aaf5c52ba9,2024-10-24 01:35:27.304418+00:00,hu,hvg.hu,hvg.hu,2020-09-10,"WWF: Az életmódunkat is meg kell változtatni, hogy megakadályozzuk fajok kihalását",http://hvg.hu/gazdasag.zhvg/20200910_elo_bolygo_jelentes_wwf_biodiverzitas#rss
73496360e7c9cef3d86699d4cf1040c435bde3a9036ce2ee0956e45d6779eb60,2024-10-24 01:00:23.523632+00:00,hu,index.hu,index.hu,2020-09-10,Riasztó mértékben csökkent 50 év alatt az állatfajok egyedszáma,https://index.hu/mindekozben/poszt/2020/09/10/wwf_allatvilag_faj_csokkenes_jelentes/
4643364edbc51a061fef5b4572e1968ac93d8934ad99b3777a3cb7270444caa1,2024-10-23 11:27:54.324524+00:00,hu,nepszava.hu,nepszava.hu,2020-09-19,"Akkor sem lesz teljesen szelíd egy farkas, ha emberek között nő fel",https://nepszava.hu/3092509_akkor-sem-lesz-teljesen-szelid-egy-farkas-ha-emberek-kozott-no-fel
67e99600ffa4aa0cb43da2b5d90b727943083420d6ed8e5e21c5d34d0628106b,2024-10-23 11:27:54.281127+00:00,hu,nepszava.hu,nepszava.hu,2020-09-19,Átszabja az erdők arcát a klímaváltozás,https://nepszava.hu/3092564_atszabja-az-erdok-arcat-a-klimavaltozas
636da8b6082e0d4f91b3d57557f9028faba13e78a41e0a47c7ef924f39cac41a,2024-10-23 08:53:50.812108+00:00,hu,nepszava.hu,nepszava.hu,2020-09-21,Megmenekült a krokodiloktól hemzsegő folyóba tévedt bálna,https://nepszava.hu/3092751_megmenekult-a-krokodiloktol-hemzsego-folyoba-tevedt-balna
26552da1023ace04cbb84057e550c7bc0a94fbd8a8029b9f16af3039017ab6d3,2024-10-22 19:01:09.994221+00:00,hu,blikk.hu,blikk.hu,2020-09-29,Szomorú és félelmetes dologra figyelmeztet David Attenborough,https://www.blikk.hu/aktualis/kulfold/kornyezetvedelem-klimavalsag-kihalas-pusztulas/v9cpvqs
eb6f3d215822cb042c66a966325fc2cb89e61fbf157ccfb6a451534c03e5fe96,2024-10-22 16:56:27.450689+00:00,hu,demokrata.hu,demokrata.hu,2020-09-30,Áder János: nincs jogunk szétrombolni a természetet,https://demokrata.hu/magyarorszag/ader-janos-nincs-jogunk-szetrombolni-a-termeszetet-297253/
b20c373835e1b8657433d0d6d080e7e3d05ce7bff84b9dd78983c691c8b80a33,2024-10-22 16:54:35.435792+00:00,hu,index.hu,index.hu,2020-09-30,Áder János: Erkölcsi kötelességünk változtatni,https://index.hu/kulfold/2020/09/30/ader_termeszet_kornyezetvedelem/
e95a67061fe5c920a45641f4e094a237b30f67f752f67333dd70ded54cf45d0d,2024-10-22 16:52:15.032948+00:00,hu,magyarhirlap.hu,magyarhirlap.hu,2020-08-20,Áder: Nincs jogunk szétrombolni a természetet,https://www.magyarhirlap.hu/kronika/20200930-ader-nincs-jogunk-szetrombolni-a-termeszetet
a09834425aa498788ec8d7f63dadeb91fada634e0d95d15dc7e2496996c5f1e2,2024-10-22 16:50:39.207728+00:00,hu,blikk.hu,blikk.hu,2020-09-30,"Áder felszólította az embereket: „Nincs jogunk gyermekeink, unokáink életesélyeit csökkenteni”",https://www.blikk.hu/aktualis/politika/ader-janos-felszolitas-allamfo-fold-kornyezetvedelem/qzz37ql
6f67b20b13e25f2224aef0a59d0be1ceb9c04196ce6433a559ea693958ad2d67,2024-10-22 16:50:35.715573+00:00,hu,vg.hu,vg.hu,2020-09-30,Azonnali cselekvésre szólított fel Áder János,https://www.vg.hu/kozelet/kozeleti-hirek/azonnali-cselekvesre-szolitott-fel-ader-janos-3108607/
f9c0e0959b5726b539f3b4ad29564a4beb7b1acf0da91ea4262abac5a2450d68,2024-10-22 15:33:18.638314+00:00,hu,hvg.hu,hvg.hu,2020-10-01,A világ növényeinek 40 százalékát is kihalás fenyegeti,http://hvg.hu/gazdasag.zhvg/20201001_A_vilag_novenyeinek_40_szazalekat_is_kihalas_fenyegeti#rss
82fcbf090b197257816e7889f7decf5041b4b140d697389c85aa2e9862d79a92,2024-10-22 14:08:28.620219+00:00,hu,index.hu,index.hu,2020-10-02,Egyre több állat- és növényfaj húzódhat Európa felé,https://index.hu/techtud/2020/10/02/egyre_tobb_allat-_es_novenyfaj_huzodhat_europa_fele_az_evszazad_kozepere./
d254b7f348d3631b2f4e8ed2d502f568ef1d7c63c7678206cc01460d01b6d976,2024-10-22 13:58:02.013277+00:00,hu,origo.hu,origo.hu,2020-10-02,Újabb állat és növényfajok jelenhetnek meg Európában,https://www.origo.hu/tudomany/20201002-egyre-tobb-allat-es-novenyfaj-huzodhat-europa-fele-az-evszazad-kozepere.html
ee997ba2db1d35b25ce9ad67c111f5f9009c71a18b58f054546bda55a1f52efe,2024-10-22 13:49:29.596704+00:00,hu,boon.hu,boon.hu,2020-10-02,Növény- és állatfajok ezrei telepedhetnek le Európában,https://boon.hu/egyperces/noveny-es-allatfajok-ezrei-telepedhetnek-le-europaban-4601599/
45282796207a9256023a526abdecdddd3cef3b3cb0e6754bb07962560689630e,2024-10-22 13:48:26.615388+00:00,hu,haon.hu,haon.hu,2020-10-02,Növény- és állatfajok ezrei telepedhetnek le Európában,https://haon.hu/egyperces/noveny-es-allatfajok-ezrei-telepedhetnek-le-europaban-4396207/
3cc649a21e0318a755dbc4666c4eb542139550db3c01e5e5387b4cf09257235a,2024-10-22 13:48:06.973858+00:00,hu,szon.hu,szon.hu,2020-10-02,Növény- és állatfajok ezrei telepedhetnek le Európában,https://szon.hu/egyperces/noveny-es-allatfajok-ezrei-telepedhetnek-le-europaban-4232737/
6d39bace9cc232624851d55fa7f36c714b7dae36296c41a1045f9ec681107b70,2024-10-22 13:47:45.021587+00:00,hu,delmagyar.hu,delmagyar.hu,2020-10-02,Növény- és állatfajok ezrei telepedhetnek le Európában,https://www.delmagyar.hu/egyperces/noveny-es-allatfajok-ezrei-telepedhetnek-le-europaban-6877981/
0afb377fbf2605bb9a456ed8cee57301d70d4269048af6b53fdb0a37653da048,2024-10-22 13:45:01.914783+00:00,hu,magyarnemzet.hu,magyarnemzet.hu,2020-10-02,Egyre több állat- és növényfaj húzódhat Európa felé 2050-re,https://magyarnemzet.hu/mozaik/egyre-tobb-allat-es-novenyfaj-huzodhat-europa-fele-az-evszazad-kozepere-8751474/
fcc4fea28d0a725ea9ee1a6af5be2ac152eeb3559f3fea532a8d5018c82ca6d6,2024-10-22 13:40:38.125344+00:00,hu,nepszava.hu,nepszava.hu,2020-10-02,"Egyre több ""tájidegen"" állat- és növényfaj érkezik Európába",https://nepszava.hu/3094105_egyre-tobb-tajidegen-allat-es-novenyfaj-erkezik-europaba
7c19daf6755a45a434e7e8f5918b7afb7cc7209f46d401ea82eb823ff3ffb629,2024-10-22 12:59:15.868730+00:00,hu,nepszava.hu,nepszava.hu,2020-10-03,Harc az ivóvízért – most már itthon is,https://nepszava.hu/3094176_harc-az-ivovizert--most-mar-itthon-is
2256addc1281dc6adada48168cefd39d096fd7be40eef0c0ca125da7e0d32558,2024-10-22 12:55:35.234987+00:00,hu,nepszava.hu,nepszava.hu,2020-10-03,„Otthon is eldobod?” – Elindult a Cigicsikkmentes október,https://nepszava.hu/3094109_otthon-is-eldobod--elindult-a-cigicsikkmentes-oktober
126170eab77f51480042db18db3d7fb2bd242c816c38b85d4dad8fc8ba5e53a5,2024-10-22 04:43:52.989012+00:00,hu,szon.hu,szon.hu,2020-10-08,Lehet-e az erdőt üzemnek tekinteni…?!,https://szon.hu/kozelet/helyi-kozelet/lehet-e-az-erdot-uzemnek-tekinteni-4247314/
4a2d5fff0f9ee87e69bfc0bd0acdd27c578722a7b4b679a618ff776b7984dff5,2024-10-22 04:24:24.593748+00:00,hu,magyarnemzet.hu,magyarnemzet.hu,2020-10-08,Bartha: Csak a gazdasági erdőknél szempont a nyereség,https://magyarnemzet.hu/orszagszerte/bartha-denes-csak-a-gazdasagi-erdoknel-szempont-a-nyereseg-8780053/
8957d5e75cbf046954c4178ed3d8f3a2b8c986c3f7338832704da0c80d13f179,2024-10-22 00:38:12.311621+00:00,hu,hvg.hu,hvg.hu,2020-10-10,"Sir David Attenborough könyörögve kér minket, hogy kapjuk össze magunkat",http://hvg.hu/elet/20201010_Sir_David_Attenborough_konyorogve_keri_hogy_kapjuk_ossze_magunkat#rss
c7470c8cfab20bddb98b61a0c547aeed47f1c4bf295aac4e5022a34ad5942a52,2024-10-21 12:48:36.949272+00:00,hu,hvg.hu,hvg.hu,2020-10-17,"A klímaváltozás és a fajok kihalása is megállítható volna, ha hallgatnánk egy friss tanulmány szerzőire",http://hvg.hu/gazdasag.zhvg/20201017_klimavaltozas_helyreallitas_mezogazdasag_szen_dioxid#rss
1bec4d8b04a803911d03364902e2f7427b517a29031ffe7ce196ddf2b5ef9391,2024-10-21 10:10:19.279547+00:00,hu,origo.hu,origo.hu,2020-10-19,Hárommilliárd fát ültetnének a következő tíz évben,https://www.origo.hu/tudomany/20201019-elindultunk-a-zoldebb-jovo-fele.html
0bbe9fd0ab0232a77413cb55a3d1a7ef543671b7efe16cc5426b39024dee5724,2024-10-21 09:02:31.560771+00:00,hu,blikk.hu,blikk.hu,2020-10-20,"„Eljött az ideje annak, hogy megpróbáljuk rendezni a viszonyunkat a természettel” – Fontos lépést tettünk világunk megmentéséért",https://www.blikk.hu/aktualis/vilag-titkai/3-milliard-fa-kornyezetvedelem-biodiverzitas/4v1dn7h
7c9b2305210e674ac7a77108f406aa845e2b33f1eb5049f2f5724383f96246fc,2024-10-19 23:38:02.940321+00:00,hu,merce.hu,merce.hu,2020-11-10,"„Az a szép zöld gyep, az fog nekem hiányozni, a gyep!” « Mérce",https://merce.hu/2020/11/10/az-a-szep-zold-gyep-az-fog-nekem-hianyozni-a-gyep/
5991d134b5b898cae31f2bb9125127d30f7d3163067c18541646f8c0e6796449,2024-10-19 14:24:45.288955+00:00,hu,24.hu,24.hu,2020-11-16,Így pusztítja el a klímaváltozás az erdőinket,https://24.hu/tudomany/2020/11/16/europai-erdok-klimavaltozas-szarazsag-falling-walls-konferencia/
5e3688b5a2a25c0bfef84f18a9c215df410e153f61681d39479a72c8ec91f66a,2024-10-18 23:51:37.786751+00:00,hu,origo.hu,origo.hu,2020-11-25,Több ezer faj létét fenyegeti a tüzesetek gyakoriságának változása,https://www.origo.hu/tudomany/20201125-tobb-mint-4400-faj-letet-fenyegeti-vilagszerte-a-tuzesetek-gyakorisaganak-es-intenzitasanak.html
3b00a89abd3f07f72fd39ebe27cb53f8d809f6678c1dfc9be5a4afd2c7c32922,2024-10-18 22:14:33.756955+00:00,hu,hvg.hu,hvg.hu,2020-11-26,"Felfedeztek egy új majomfajt, a gond csak az, hogy máris kihalófélben van",http://hvg.hu/gazdasag.zhvg/20201126_Felfedeztek_egy_uj_majomfajt_a_gond_csak_az_hogy_maris_kihalofelben_van#rss
a0e434ad541888780f9633dce65e9e037bc0b1f36d5803a4fd4ee702ab30e80d,2024-10-18 20:41:24.725035+00:00,hu,nepszava.hu,nepszava.hu,2020-11-27,Szőrmementesek lesznek a vásárok Budapesten,https://nepszava.hu/3100811_szormementesek-lesznek-a-vasarok-budapesten
100e98565ac62029f2fa8748a991caee46af31b17962ae30817e3062e5583e14,2024-10-18 19:53:15.610634+00:00,hu,nepszava.hu,nepszava.hu,2020-11-28,"A magyar kormány gátolja az európai agrárium zöldítését – Interjú Rodics Katalinnal, a Greenpeace szakértőjével",https://nepszava.hu/3100932_a-magyar-kormany-gatolja-az-europai-agrarium-zolditeset--interju-rodics-katalinnal-a-greenpeace-szakertojevel
9753c7f9d3e515bde2be3de3960dec78cb5d08514f8d0dcf28a0ecd398f9d321,2024-10-18 19:28:17.363959+00:00,hu,nepszava.hu,nepszava.hu,2020-11-28,Megszállták a patikákat a magyarok,https://nepszava.hu/3100957_megszalltak-a-patikakat-a-magyarok
7955033f04d9aaa80cc7a5c9f2ee7d81feaac76be373b61debabb912a0752552,2024-10-18 18:21:23.937091+00:00,hu,nepszava.hu,nepszava.hu,2020-11-29,ITM: Egy éves autópálya-matrica megvételével letudható a pótdíj,https://nepszava.hu/3100998_itm-egy-eves-autopalya-matrica-megvetelevel-letudhato-a-potdij
035de41cdd24efc2925d62b2512ef82493ca22d373ad37edf9d37d84302d3b24,2024-10-18 15:28:14.937367+00:00,hu,merce.hu,merce.hu,2020-12-01,"Miért elhibázott az Európai Unió támogatási rendszere, és hogyan lehetne jobb? « Mérce",https://merce.hu/2020/12/01/miert-elhibazott-az-europai-unio-tamogatasi-rendszere-es-hogyan-lehetne-jobb/
90db6e1455e7b653702b62f74dedfbe141b9c981821740642c1408897810b305,2024-10-18 02:13:46.846752+00:00,hu,24.hu,24.hu,2020-12-09,Így lesz félsivatag Magyarországból,https://24.hu/tudomany/2020/12/09/magyarorszag-elsivatagosodas-klimavaltozas/
dab130b94e71679af51c0967b275e4973f086ebee8d9c13a9ea319324df9e921,2024-10-17 14:12:04.927137+00:00,hu,bama.hu,bama.hu,2020-12-16,„Elsődleges a természetvédelem szolgálata”,https://www.bama.hu/pr/elsodleges-a-termeszetvedelem-szolgalata-3427063/?utm_source=rss&utm_medium=referral&utm_campaign=hiraggregator
67b3a24d679eaef45071da004269a4cf7f736975f4063d5b9a8ac65ac3a43faa,2024-10-17 11:44:05.495720+00:00,hu,merce.hu,merce.hu,2020-12-18,A gazdasági válságtól egy új gazdasági rendszer elképzeléséig « Mérce,https://merce.hu/2020/12/18/a-gazdasagi-valsagtol-egy-uj-gazdasagi-rendszer-elkepzeleseig/
80d7fe8201d51e8b329a12ccf9b2cf258a70090212c2338a289009c85465165a,2024-10-17 11:25:39.812541+00:00,hu,origo.hu,origo.hu,2020-12-18,Ezek a gombák szó szerint zombikká változtatják a legyeket,https://www.origo.hu/tudomany/20201218-egy-uj-legyeken-eloskodo-gombat-fedeztek-fel-a-tudosok.html
06ce9df6f14c2797555f6257b2742e16b91c19fd914ac9b360cfe6ee18547e09,2024-10-14 11:40:22.409930+00:00,hu,blikk.hu,blikk.hu,2024-10-14,Felpezsdült az élet a magyar természetbarát napelemparkban,https://www.blikk.hu/ferfiaknak/tech/napelempark-es-biodiverzitas-fenntarthato-fejlodes-a-regioban/hmh1p2f
9a67eac5917aa7a6d054a4fbbb7b6cc54bfa2c0b4dbb36de6f9261c8948e3f57,2024-10-05 21:18:03.203637+00:00,hu,zaol.hu,zaol.hu,2024-10-05,Ne legyen mindenhol golfpálya,https://www.zaol.hu/helyi-kozelet/2024/10/ne-legyen-mindenhol-golfpalya?utm_source=hirstart&utm_medium=referral&utm_campaign=hiraggregator
b4ed11713c9ee0737d9de3e15dc3161565186236e1adbd39528cb14c2321e5d5,2024-10-03 12:25:13.074003+00:00,hu,vg.hu,vg.hu,2024-10-03,"Trópusi fertőzések kutatása: késik az uniós pénz, de a Debreceni Egyetemnek van megoldása",https://www.vg.hu/vilaggazdasag-magyar-gazdasag/2024/10/tropusi-fertozesek-kutatasa-kesik-az-unios-penz-de-a-debreceni-egyetemnek-van-megoldasa?utm_source=hirstart&utm_medium=referral&utm_campaign=hiraggregator
999f8a31bde24142fb4ce430ed83313d35fe48e6ad8ab70d3b945b5ade6f1c6c,2024-10-03 11:40:54.175120+00:00,hu,duol.hu,duol.hu,2024-10-03,Hogyan csináljunk hasznot az árvízből,https://www.duol.hu/helyi-kozelet/2024/10/hogyan-csinaljunk-hasznot-az-arvizbol?utm_source=hirstart&utm_medium=referral&utm_campaign=hiraggregator
ed242b6e9704f05734fa5a7a746dd0c6eb3bf8213b16c66f68181d38eb99f427,2024-09-30 15:26:35.596787+00:00,hu,sonline.hu,sonline.hu,2024-09-30,Diverzitásbarát kisvíz-gazdálkodás a Koppány-patak mentén,https://www.sonline.hu/helyi-kozelet/2024/09/diverzitasbarat-kisviz-gazdalkodas-a-koppany-patak-menten?utm_source=hirstart&utm_medium=referral&utm_campaign=hiraggregator
bfa590eb2293e379cc31317be6a5c1f898112f7d1d0619d5856cacf7fb77fc79,2024-09-25 21:35:30.868371+00:00,hu,444.hu,444.hu,2021-11-13,"Egyre kisebbek lesznek az Amazonas-medence madarai, és vannak fajok, melyeknek hosszabb lesz a szárnya",https://444.hu/2021/11/13/egyre-kisebbek-lesznek-az-amazonas-medence-madarai-es-vannak-fajok-melynek-hosszabb-lesz-a-szarnya?utm_source=rss_feed&utm_medium=rss&utm_campaign=rss_syndication
dce8b7d7e91907bfd79151e9c9204ce8a0651a4bc937dc1b1ad6bd29d23940a0,2024-09-25 16:45:24.569205+00:00,hu,blikk.hu,blikk.hu,2021-11-16,Tudta? Ez az öt szakma 2022-ben is biztos megélhetést kínál,https://www.blikk.hu/eletmod/tippek/szakma-biztos-megelhetes-munka-2022/t8794xg
cb5467f9cea1aa20344e2ad31b8679ad89b6ad1912b3570078ac8fd093830f0d,2024-09-25 16:43:50.240734+00:00,hu,origo.hu,origo.hu,2021-11-16,Magyar kutatók vizsgálják az ökológiai szemléletű legeltetési módszereket,https://www.origo.hu/tudomany/20211116-magyar-kutatok-25-millio-euros-tamogatast-nyertek-okologiai-szemleletu-legeltetesi-modszerek.html
b01b0c82f17f4f39217730f463946fada176c5629ad44f69af0a5396103fefbb,2024-09-25 16:26:01.642224+00:00,hu,vg.hu,vg.hu,2021-11-16,"Öt szakma, amely 2022-ben is biztos megélhetést kínál",https://www.vg.hu/vilaggazdasag-magyar-gazdasag/2021/11/ot-szakma-amely-2022-ben-is-biztos-megelhetest-kinal?utm_source=hirstart&utm_medium=referral&utm_campaign=hiraggregator
c89b4cf5c956d1f0c8ccda9fd4ac499d3bdf96a95728b9ca98b5301080615bdb,2024-09-24 19:23:31.410383+00:00,hu,index.hu,index.hu,2024-09-24,A folyók természetes kanyarulatainak visszaállítása oldhatja meg az árvízvédelmet?,https://index.hu/tudomany/2024/09/24/arviz-folyo-szabalyozas-kanyarulat-megoldas/
abcd69289261cfb37deb6b0eb9076bac67595efe3666e8f6ccf438947a2f1d2c,2024-09-24 08:35:08.132778+00:00,hu,portfolio.hu,portfolio.hu,2024-09-24,Számot adnak a vállalatok a zöld eredményekről: sorra készülnek el a fenntarthatósági jelentések,https://www.portfolio.hu/uzlet/20240924/szamot-adnak-a-vallalatok-a-zold-eredmenyekrol-sorra-keszulnek-el-a-fenntarthatosagi-jelentesek-710885
f60a5f281e2adb4910b649476a9d02e5701678fff5ce2474b36a47847abe80e2,2024-09-20 10:53:07.490083+00:00,hu,merce.hu,merce.hu,2024-09-19,"Hogyan készüljünk fel az árvízre, hogy veszedelem helyett lehetőséget lássunk benne? « Mérce",https://merce.hu/2024/09/19/aszalyra-ar-mit-tehetunk-hogy-ne-csak-megusszuk-de-munkara-foghassuk/
091c56ba375c0b32f6c00e924fd745e0731379d71c0a167c06e32b17024d2a10,2024-09-19 10:32:04.487718+00:00,hu,pestisracok.hu,pestisracok.hu,2024-09-18,"Áradás, kánikula, aszály, silány élelmiszerek, klímahiszti – Mindnek ugyanaz az ellenszere",https://pestisracok.hu/aradas-kanikula-aszaly-silany-elelmiszerek-klimahiszti-mindnek-ugyanaz-az-ellenszere/comment-page-1/#comment-2097165
d4e643c5ebeebb1023944c98b017b4b74b02889e39135ec159b69bbd481396f7,2024-09-18 17:24:12.281687+00:00,hu,feol.hu,feol.hu,2024-09-18,Két székesfehérvári civil szervezetért gyűjtenek,https://www.feol.hu/helyi-kozelet/2024/09/ket-szekesfehervari-civil-szervezetert-gyujtenek?utm_source=hirstart&utm_medium=referral&utm_campaign=hiraggregator
9fd7ba059c2beb39d0d5621b4cce2f5a5de19a7939da160ee4fe12eab4c83ed6,2024-09-18 07:22:43.321671+00:00,hu,pestisracok.hu,pestisracok.hu,2024-09-18,"Áradás, kánikula, aszály, silány élelmiszerek, klímahiszti – Mindnek ugyanaz az ellenszere",https://pestisracok.hu/aradas-kanikula-aszaly-silany-elelmiszerek-klimahiszti-mindnek-ugyanaz-az-ellenszere/
bb5ade2a62d85b3f66bda3d774f5209cc0792799447a3749c4b14a8dc8099952,2024-09-12 05:22:03.286181+00:00,hu,nepszava.hu,nepszava.hu,2024-09-12,Ontológia,https://nepszava.hu/3249756_ontologia
c26504fd3c5a32beadd0d24271d95cdc0e51b9990adf27ff523fc884a7ef92a4,2024-09-10 07:25:13.637523+00:00,hu,hvg.hu,hvg.hu,2021-10-14,Ki viselje a klímaharc költségeit? Erről volt a legnagyobb vita Dobrev és Márki-Zay között,http://hvg.hu/gazdasag.zhvg/20211014_klimavalasztas_dobrev_markizay_beszelgetes#rss
2bac47bae11a52134602f7106da75a8bea64bc3dccf41dda3997f5a231fed5de,2024-09-10 04:11:13.240400+00:00,hu,atv.hu,atv.hu,2021-10-15,Klímapolitikák és miniszterelnök-jelöltek harca: jobb vagy bal?,http://www.atv.hu/belfold/20211015-klimapolitikak-es-miniszterelnok-jeloltek-harca-jobb-vagy-bal
c7bb70086f98738dc0dccd966d0ba3a08a5630b868e1902574b869ceb845abdd,2024-09-10 00:31:30.413428+00:00,hu,origo.hu,origo.hu,2021-10-17,Ezek az erdei biodiverzitás kulcsfontosságú környezeti tényezői,https://www.origo.hu/tudomany/20211016-az-erdei-biodiverzitas-kulcsfontossagu-kornyezeti-tenyezoit-vizsgaltak-az-ok-kutatoi.html
162fb44b595b6a89911038712c6e2b1ef550d2784e9d84f21945b2a2eb8c4d57,2024-09-09 14:41:20.684512+00:00,hu,24.hu,24.hu,2021-10-24,"Ezt kell tennünk, ha meg akarjuk védeni a Földet",https://24.hu/tudomany/2021/10/24/klimavaltozas-globalis-felmelegedes-termeszetvedelem-biodiverzitas-megoldasok-jovo/
2d6f686f44702e61bbc9b07d07898f29e68aa58f97870618267cb7f0d03591c4,2024-09-09 09:47:04.314534+00:00,hu,infostart.hu,infostart.hu,2021-10-27,Drámai adatokról beszélt Áder János,https://infostart.hu/belfold/2021/10/27/dramai-adatokrol-beszelt-ader-janos
cedbe0f6d67437af04b16113b31369324c3100d29c5f96e9826cd3904f9d24c7,2024-09-09 09:45:43.506201+00:00,hu,atv.hu,atv.hu,2021-10-27,Áder: a kihalási hullám még sosem volt ilyen gyors,http://www.atv.hu/belfold/20211027-ader-a-kihalasi-hullam-meg-sosem-volt-ilyen-gyors
116477d07380dcf65f905450b1f3a3126d227361f097a563c13e21add4984c07,2024-09-08 23:48:48.938466+00:00,hu,alfahir.hu,alfahir.hu,2021-11-03,"A Balaton, a Fertő tó és a Velencei-tó védelméről nyújtott be zöld javaslatot az ellenzék",https://alfahir.hu/2021/11/03/balaton_velenceito_ferto_tatai_oregto_kornyezetvedelem_ellenzek_nagy_tavak_hatarozati
e5fc78ab4da825ce1c69354ad55025dd6e9bf574a55489d8c63f4f268b6c55d7,2024-09-08 22:36:37.611192+00:00,hu,merce.hu,merce.hu,2021-11-04,"Hajszárítóval a jéghegy ellen, avagy miért nagy átverés a nettó nulla kibocsátás? « Mérce",https://merce.hu/2021/11/04/hajszaritoval-a-jeghegy-ellen-avagy-miert-nagy-atveres-a-netto-nulla-kibocsatas/
9b168efdb098c123c0704f0ad0de002da19dc86e9fb7e1bfac756bd57d0e8574,2024-09-08 21:57:29.749394+00:00,hu,24.hu,24.hu,2021-11-04,"A természetnél brutálisabb, kegyetlenebb, szexistább dolog nincs a világon""",https://24.hu/kultura/2021/11/04/torok-zoltan-termeszetfilm-vadlovak-interju-hortobagy/
4427fa295bffb302f922a1ea3f8506453bcaecaf22d78e40d30d5ff0780f4343,2024-09-08 01:54:28.567462+00:00,hu,24.hu,24.hu,2021-09-20,Az inváziós fajok ellen fegyver lehet a legeltetés,https://24.hu/tudomany/2021/09/20/legeltetes-szarvasmarha-invazios-fajok-okologia/
b66733e9e3dc398c6f593352874641d2e3ba843f8c100b775b7571669133c363,2024-09-08 01:52:47.047847+00:00,hu,origo.hu,origo.hu,2021-09-20,A legeltetés hatékony védelmet jelenthet az inváziós fásszárú fajok ellen,https://www.origo.hu/tudomany/20210920-a-legeltetes-hatekony-vedelmet-jelenthet-az-arterekben-terjedo-invazios-fasszaru-fajok-ellen-egy.html
f5f9b3872e74f65cee23cfc786ffac669d02faffbdce1c5f671be85b20e2dfad,2024-09-07 22:10:05.497639+00:00,hu,24.hu,24.hu,2021-09-22,"Finnországban minierdőt telepítettek az óvodákba, megváltozott a gyerekek immunrendszere",https://24.hu/tudomany/2021/09/22/ovoda-finnorszag-gyerekek-immunrendszer-erdok/
cba877f31352b3107babdd0c501dd113ddd666b208110ac242db82ed5c88dede,2024-09-07 18:16:06.581047+00:00,hu,hvg.hu,hvg.hu,2021-09-24,"Hol fognak grasszálni a mamutok, ha most felélesztjük őket?",http://hvg.hu/elet/20210924_Egyetlen_felelesztett_mamutbol_meg_nem_lesz_itt_semmifele_Jurassic_Park#rss
b2b64ba6e2afaedb75aaeb5285dc75104b90aa18e8302e1c86bb02fd5a458d1e,2024-09-07 16:12:55.370584+00:00,hu,24.hu,24.hu,2021-09-25,"Túlélhetjük méhek nélkül is, de az az élet senkinek sem tetszene",https://24.hu/tudomany/2021/09/25/mehek-beporzok-tuleles-termeszetvedelem-okologia/
675b3bd91c578d0127692c13efddd433d131528ca266e9f73bb6dc7a0b76de86,2024-09-07 13:37:16.220110+00:00,hu,origo.hu,origo.hu,2021-09-27,Az ÖK is részt vesz a vadon élő beporzók védelmében,https://www.origo.hu/tudomany/20210927-az-ok-is-reszt-vesz-a-vadon-elo-beporzok-vedelmere-inditott-europai-unios-kutatasi-programban.html
a19f4c83689f16b1290b949aee6bcbce6b96fe6161f48f688190efc19aeeb967,2024-09-06 21:47:07.671345+00:00,hu,boon.hu,boon.hu,2021-10-05,Száz program várja az érdeklődőket az idei Erdők hetén,https://boon.hu/gazdasag/hazai-gazdasag/szaz-program-varja-az-erdeklodoket-az-idei-erdok-heten-5875631/?utm_source=rss&utm_medium=referral&utm_campaign=hiraggregator
a050f67fc5af58ab4b832d60c2895def12b8194e79ffd4a09185581b56ac1e4f,2024-09-06 21:45:09.714947+00:00,hu,delmagyar.hu,delmagyar.hu,2021-10-05,Száz program várja az érdeklődőket az idei Erdők hetén,https://www.delmagyar.hu/gazdasag/hazai-gazdasag/szaz-program-varja-az-erdeklodoket-az-idei-erdok-heten-8015357/?utm_source=rss&utm_medium=referral&utm_campaign=hiraggregator
bdb64446680060593b9304d190b764b6258a6f6d5e0863c29b70e23724a50899,2024-09-06 21:44:35.461547+00:00,hu,haon.hu,haon.hu,2021-10-05,Száz program várja az érdeklődőket az idei Erdők hetén,https://haon.hu/gazdasag/hazai-gazdasag/szaz-program-varja-az-erdeklodoket-az-idei-erdok-heten-5708981/?utm_source=rss&utm_medium=referral&utm_campaign=hiraggregator
71f147f6fd7e0e4c8b862d2cc09468b8b9cc5b610ecdc723761be7b6e6d6e9c1,2024-09-06 13:48:25.716297+00:00,hu,boon.hu,boon.hu,2021-10-09,Erdő is lehet fenntartható,https://boon.hu/eletstilus/helyi-eletstilus/erdo-is-lehet-fenntarthato-5885006/?utm_source=rss&utm_medium=referral&utm_campaign=hiraggregator
e211235ac26f8c5bebb1111a6bdda78ccc9f2ac104148c29a089fbf442d47682,2024-09-06 11:01:38.963857+00:00,hu,vg.hu,vg.hu,2021-10-11,Versenyeznek a bankok az agrár ügyfelekért,https://www.vg.hu/vilaggazdasag-magyar-gazdasag/2021/10/versenyeznek-a-bankok-az-agrar-ugyfelekert?utm_source=hirstart&utm_medium=referral&utm_campaign=hiraggregator
7b603c62dc88f67cf66bd65b6d9780616c402756135e0d03cea50fcee56087da,2024-09-06 07:11:12.120665+00:00,hu,feol.hu,feol.hu,2021-10-13,"Fontos tudni, hogy a gazdasági hasznosítás mellett miként óvható meg az erdők élővilága",https://www.feol.hu/egyperces/fontos-tudni-hogy-a-gazdasagi-hasznositas-mellett-mikent-ovhato-meg-az-erdok-elovilaga-5359595/?utm_source=rss&utm_medium=referral&utm_campaign=hiraggregator
60b16d417b30e5ca44c8dd285894543b410cc7514327a54fecded549573cc535,2024-09-06 07:10:38.217921+00:00,hu,bama.hu,bama.hu,2021-10-13,"Fontos tudni, hogy a gazdasági hasznosítás mellett miként óvható meg az erdők élővilága",https://www.bama.hu/egyperces/fontos-tudni-hogy-a-gazdasagi-hasznositas-mellett-mikent-ovhato-meg-az-erdok-elovilaga-4161005/
9390a7aab16cb4eadfe29a95649bf2e5cb7869ac65aea1d50bb8c5f2ec06077d,2024-09-06 07:10:16.271872+00:00,hu,zaol.hu,zaol.hu,2021-10-13,"Fontos tudni, hogy a gazdasági hasznosítás mellett miként óvható meg az erdők élővilága",https://www.zaol.hu/egyperces/fontos-tudni-hogy-a-gazdasagi-hasznositas-mellett-mikent-ovhato-meg-az-erdok-elovilaga-5677862/?utm_source=rss&utm_medium=referral&utm_campaign=hiraggregator
43e6dbb83430be08b9f5be409c30d1806e0bff91ddc4ff17ad6c6be186a8035d,2024-09-06 07:10:13.054488+00:00,hu,vaol.hu,vaol.hu,2021-10-13,"Fontos tudni, hogy a gazdasági hasznosítás mellett miként óvható meg az erdők élővilága",https://www.vaol.hu/egyperces/fontos-tudni-hogy-a-gazdasagi-hasznositas-mellett-mikent-ovhato-meg-az-erdok-elovilaga-5379851/?utm_source=rss&utm_medium=referral&utm_campaign=hiraggregator
ca7feb2d52a908204e30c411579f68139c313ca294da7a6a0192447f6a874237,2024-09-06 07:10:11.354678+00:00,hu,beol.hu,beol.hu,2021-10-13,"Fontos tudni, hogy a gazdasági hasznosítás mellett miként óvható meg az erdők élővilága",https://www.beol.hu/egyperces/fontos-tudni-hogy-a-gazdasagi-hasznositas-mellett-mikent-ovhato-meg-az-erdok-elovilaga-4413446/?utm_source=rss&utm_medium=referral&utm_campaign=hiraggregator
6ab07d771dda7f153959adc1690bc862fc002cc2a9cca2da99ae0a2324c37f20,2024-09-06 07:10:10.937922+00:00,hu,veol.hu,veol.hu,2021-10-13,"Fontos tudni, hogy a gazdasági hasznosítás mellett miként óvható meg az erdők élővilága",https://www.veol.hu/egyperces/fontos-tudni-hogy-a-gazdasagi-hasznositas-mellett-mikent-ovhato-meg-az-erdok-elovilaga-5098415/?utm_source=rss&utm_medium=referral&utm_campaign=hiraggregator
aadaf8065d0ca060bc3f1bde96fbc960b5b8dd2a14ce00b4b30ab89a40ab6e92,2024-09-06 07:09:40.278338+00:00,hu,heol.hu,heol.hu,2021-10-13,"Fontos tudni, hogy a gazdasági hasznosítás mellett miként óvható meg az erdők élővilága",https://www.heol.hu/egyperces/fontos-tudni-hogy-a-gazdasagi-hasznositas-mellett-mikent-ovhato-meg-az-erdok-elovilaga-4038608/?utm_source=rss&utm_medium=referral&utm_campaign=hiraggregator
4ab894f96719094f5120387480786b3816be026bbb13bb18b6e722eef3f92e41,2024-09-06 07:09:37.602904+00:00,hu,haon.hu,haon.hu,2021-10-13,"Fontos tudni, hogy a gazdasági hasznosítás mellett miként óvható meg az erdők élővilága",https://haon.hu/egyperces/fontos-tudni-hogy-a-gazdasagi-hasznositas-mellett-mikent-ovhato-meg-az-erdok-elovilaga-5733503/?utm_source=rss&utm_medium=referral&utm_campaign=hiraggregator
284613922c61857f6ab7874fa406de45ea06b3d9d049915d049fa2b1c4207f04,2024-09-06 07:09:31.924802+00:00,hu,boon.hu,boon.hu,2021-10-13,"Fontos tudni, hogy a gazdasági hasznosítás mellett miként óvható meg az erdők élővilága",https://boon.hu/egyperces/fontos-tudni-hogy-a-gazdasagi-hasznositas-mellett-mikent-ovhato-meg-az-erdok-elovilaga-5902322/?utm_source=rss&utm_medium=referral&utm_campaign=hiraggregator
02151586f01b90672c859e37829507d7df205e52fa0bd2689dd4a5e0b8acd0fb,2024-09-06 07:09:26.668151+00:00,hu,kisalfold.hu,kisalfold.hu,2021-10-13,"Fontos tudni, hogy a gazdasági hasznosítás mellett miként óvható meg az erdők élővilága",https://www.kisalfold.hu/egyperces/fontos-tudni-hogy-a-gazdasagi-hasznositas-mellett-mikent-ovhato-meg-az-erdok-elovilaga-11470574/?utm_source=rssfeed
fb9343725e94a5558f5cfb9a3c42f7673da0403ac40f8c19c149c2d5600f799f,2024-09-06 07:09:07.228371+00:00,hu,baon.hu,baon.hu,2021-10-13,"Fontos tudni, hogy a gazdasági hasznosítás mellett miként óvható meg az erdők élővilága",https://www.baon.hu/egyperces/fontos-tudni-hogy-a-gazdasagi-hasznositas-mellett-mikent-ovhato-meg-az-erdok-elovilaga-4363625/?utm_source=rss&utm_medium=referral&utm_campaign=hiraggregator
33dbb1fd576f40935c4aac4ace2f6bdeac83b348864da671a3199ddd19b78011,2024-09-06 07:09:06.397016+00:00,hu,delmagyar.hu,delmagyar.hu,2021-10-13,"Fontos tudni, hogy a gazdasági hasznosítás mellett miként óvható meg az erdők élővilága",https://www.delmagyar.hu/egyperces/fontos-tudni-hogy-a-gazdasagi-hasznositas-mellett-mikent-ovhato-meg-az-erdok-elovilaga-8042339/?utm_source=rssfeed
8ba89ca8a046a17c1aa1e4c3b489815ab47e5ff652830ee38651fdf0ea3e4e4f,2024-09-06 07:09:03.822171+00:00,hu,szon.hu,szon.hu,2021-10-13,"Fontos tudni, hogy a gazdasági hasznosítás mellett miként óvható meg az erdők élővilága",https://szon.hu/egyperces/fontos-tudni-hogy-a-gazdasagi-hasznositas-mellett-mikent-ovhato-meg-az-erdok-elovilaga-5469113/?utm_source=rss&utm_medium=referral&utm_campaign=hiraggregator
117687efb48eca4bbc1a444ffd8d05cf82153203a8621d376021714b6ea9455d,2024-09-06 07:09:01.929772+00:00,hu,sonline.hu,sonline.hu,2021-10-13,"Fontos tudni, hogy a gazdasági hasznosítás mellett miként óvható meg az erdők élővilága",https://www.sonline.hu/egyperces/fontos-tudni-hogy-a-gazdasagi-hasznositas-mellett-mikent-ovhato-meg-az-erdok-elovilaga-4472087/?utm_source=rss&utm_medium=referral&utm_campaign=hiraggregator
36b56ab22bf45c54e470f55ca47c47c281ae2381029b7c815207bc3b717e5810,2024-09-06 07:09:01.278100+00:00,hu,teol.hu,teol.hu,2021-10-13,"Fontos tudni, hogy a gazdasági hasznosítás mellett miként óvható meg az erdők élővilága",https://www.teol.hu/egyperces/fontos-tudni-hogy-a-gazdasagi-hasznositas-mellett-mikent-ovhato-meg-az-erdok-elovilaga-4104845/?utm_source=rss&utm_medium=referral&utm_campaign=hiraggregator
12eece3caa684d97dcd8c49ba9dd67cd492c77dd3c7a5f61873cbae1923f12c4,2024-09-06 07:09:00.118347+00:00,hu,szoljon.hu,szoljon.hu,2021-10-13,"Fontos tudni, hogy a gazdasági hasznosítás mellett miként óvható meg az erdők élővilága",https://www.szoljon.hu/egyperces/fontos-tudni-hogy-a-gazdasagi-hasznositas-mellett-mikent-ovhato-meg-az-erdok-elovilaga-3926948/?utm_source=rss&utm_medium=referral&utm_campaign=hiraggregator
0afbb0fb6e0070f90560d552857d4aa1fdcbc9005523c9a1f6dde8f6191084fb,2024-09-06 07:08:37.557589+00:00,hu,duol.hu,duol.hu,2021-10-13,"Fontos tudni, hogy a gazdasági hasznosítás mellett miként óvható meg az erdők élővilága",https://www.duol.hu/egyperces/fontos-tudni-hogy-a-gazdasagi-hasznositas-mellett-mikent-ovhato-meg-az-erdok-elovilaga-4715801/?utm_source=rss&utm_medium=referral&utm_campaign=hiraggregator
7cc3e995bad5c2190aa95a5016480da9480e481f98809d11bc0fc61633b4ce88,2024-09-06 06:34:45.010614+00:00,hu,24.hu,24.hu,2021-10-13,Az európai tudományos akadémiák a biodiverzitás végzetes pusztulására figyelmeztetnek,https://24.hu/tudomany/2021/10/13/tudomanyos-akademiak-biodiverzitas-pusztulasa/
793bbbdf7188f3cc452b7ca1f6de163e5396efe0c599964eb04f80d0641652af,2024-09-04 07:42:21.008579+00:00,hu,nepszava.hu,nepszava.hu,2021-04-04,Orosz rulett vagy milliós hitel műtétre,https://nepszava.hu/3115051_orosz-rulett-vagy-millios-hitel-mutetre
f23e921d0fff12f39193ce9eb5eff224a520da074f3436ceca3862448e12618c,2024-09-04 07:24:49.867501+00:00,hu,nepszava.hu,nepszava.hu,2021-04-04,Népszava Megcsúfolt igazság,https://nepszava.hu/3115053_megcsufolt-igazsag
a9e17382b1e307ba0f4afc3570d9836137fcd4a0e931e40e2e28580f4fdb0f16,2024-09-04 04:25:44.578875+00:00,hu,szon.hu,szon.hu,2021-04-06,Horror az utak mentén,https://szon.hu/kozelet/helyi-kozelet/horror-az-utak-menten-4960555/?utm_source=rss&utm_medium=referral&utm_campaign=hiraggregator
f574c53a3954b70aa11339ebcae7061c39a3a57067ef2b66552e56b798323ade,2024-09-03 14:23:11.512430+00:00,hu,ujegyenloseg.hu,ujegyenloseg.hu,2021-04-18,A fosszilis tőke ellen nincs védőoltás,https://ujegyenloseg.hu/a-fosszilis-toke-ellen-nincs-vedooltas/
37c2f0fabaaaa8e97ff30cf20a50d5f8a47519d55543f88296311cd8964ba062,2024-09-03 08:19:30.858662+00:00,hu,duol.hu,duol.hu,2021-04-22,Helyettes államtitkár: az Agrárminisztérium kiemelt feladata a környezeti nevelés,https://www.duol.hu/gazdasag/hazai-gazdasag/helyettes-allamtitkar-az-agrarminiszterium-kiemelt-feladata-a-kornyezeti-neveles-4297345/?utm_source=rss&utm_medium=referral&utm_campaign=hiraggregator
094285bf7d762774cdf642bb523d0e8f2684af5bae7811b8c871bac9a7dfc7f9,2024-09-03 08:18:37.196554+00:00,hu,bama.hu,bama.hu,2021-04-22,Helyettes államtitkár: az Agrárminisztérium kiemelt feladata a környezeti nevelés,https://www.bama.hu/gazdasag/hazai-gazdasag/helyettes-allamtitkar-az-agrarminiszterium-kiemelt-feladata-a-kornyezeti-neveles-3731707/?utm_source=rss&utm_medium=referral&utm_campaign=hiraggregator
bcff018698a232c9c6e31f9469d57556cd1079e3bbc5497728297a943cca18c8,2024-09-03 08:17:44.965359+00:00,hu,szon.hu,szon.hu,2021-04-22,Helyettes államtitkár: az Agrárminisztérium kiemelt feladata a környezeti nevelés,https://szon.hu/gazdasag/hazai-gazdasag/helyettes-allamtitkar-az-agrarminiszterium-kiemelt-feladata-a-kornyezeti-neveles-5004181/?utm_source=rss&utm_medium=referral&utm_campaign=hiraggregator
c7c074e6999ace340d4cdb7ceba76c409b884099cfafcbbd2416d6c251e7fc02,2024-09-03 08:12:04.598534+00:00,hu,delmagyar.hu,delmagyar.hu,2021-04-22,Helyettes államtitkár: az Agrárminisztérium kiemelt feladata a környezeti nevelés,https://www.delmagyar.hu/gazdasag/hazai-gazdasag/helyettes-allamtitkar-az-agrarminiszterium-kiemelt-feladata-a-kornyezeti-neveles-7455142/?utm_source=rss&utm_medium=referral&utm_campaign=hiraggregator
f912c54bf34b5bafbe1a563dc9affc254d373a5dc65c1c84893275f8d9da34bc,2024-09-02 23:39:52.918175+00:00,hu,origo.hu,origo.hu,2021-04-27,"Kevesebb, mint a felére csökkent a kacsacsőrű emlősök élettere a klímaváltozás miatt",https://www.origo.hu/tudomany/20210427-kacsacsoru-emlos.html
8ddda6bb0647d4e2e9d700828dcb272934d5b47c60f53c62f41e40ce2ad15296,2024-09-02 22:12:39.336718+00:00,hu,alfahir.hu,alfahir.hu,2021-04-28,Bíróságon támadja meg a Fertő tavi nagyberuházást a Greenpeace,https://alfahir.hu/2021/04/28/ferto_kiemelt_nemzetgazdasagi_jelentosegu_beruhazas_gyori_torvenyszek_gyormosonsopron
ca8f0fb7f74f162108ccc20f31766c28867b7dfc442dc03866cb6d342ba159e4,2024-09-02 15:34:13.123749+00:00,hu,delmagyar.hu,delmagyar.hu,2021-05-02,"Kevesebb, mint a felére csökkent a kacsacsőrű emlősök élettere",https://www.delmagyar.hu/eletstilus/kevesebb-mint-a-felere-csokkent-a-kacsacsoru-emlosok-elettere-7473445/?utm_source=rssfeed
7d3d3fa2ed2796274dc04cb996730c6bec8770a20d9bf695f27db3c777fda780,2024-09-02 15:33:57.439458+00:00,hu,boon.hu,boon.hu,2021-05-02,"Kevesebb, mint a felére csökkent a kacsacsőrű emlősök élettere",https://boon.hu/eletstilus/kevesebb-mint-a-felere-csokkent-a-kacsacsoru-emlosok-elettere-5402218/?utm_source=rss&utm_medium=referral&utm_campaign=hiraggregator
6c4e199d1641853e6f2733d84e1ff1f289d47fa52c8261ee51f82a0a591d6c5b,2024-09-02 15:33:23.768253+00:00,hu,haon.hu,haon.hu,2021-05-02,"Kevesebb, mint a felére csökkent a kacsacsőrű emlősök élettere",https://haon.hu/eletstilus/kevesebb-mint-a-felere-csokkent-a-kacsacsoru-emlosok-elettere-5210173/?utm_source=rss&utm_medium=referral&utm_campaign=hiraggregator
095a4c78918904fc6a208e04afab4ba4bd1422912adf16aedce69a605991dcd5,2024-09-02 15:33:20.905021+00:00,hu,szon.hu,szon.hu,2021-05-02,"Kevesebb, mint a felére csökkent a kacsacsőrű emlősök élettere",https://szon.hu/eletstilus/kevesebb-mint-a-felere-csokkent-a-kacsacsoru-emlosok-elettere-5018788/?utm_source=rss&utm_medium=referral&utm_campaign=hiraggregator
1ad2645001428f729226345afaa2ae7326f54979c5d621538b0d260bbccab350,2024-09-02 15:33:01.619880+00:00,hu,bama.hu,bama.hu,2021-05-02,"Kevesebb, mint a felére csökkent a kacsacsőrű emlősök élettere",https://www.bama.hu/eletstilus/kevesebb-mint-a-felere-csokkent-a-kacsacsoru-emlosok-elettere-3745660/?utm_source=rss&utm_medium=referral&utm_campaign=hiraggregator
a759736244878f05ad94f624231e502fb0c6f953b3ea6fe611b9efd548b94921,2024-09-02 15:30:36.417520+00:00,hu,hvg.hu,hvg.hu,2021-05-02,A klímaváltozás nagyon csúnyán elbánik a kacsacsőrű emlősökkel,http://hvg.hu/tudomany/20210502_klimavaltozas_kacsacsoru_emlosok_szama_elettere#rss
372ec79fa9d0438c71cf0ed1be2e52ceefaee26364f256efb476444ea5906d61,2024-09-02 13:56:38.021031+00:00,hu,portfolio.hu,portfolio.hu,2021-05-03,Kiüresítik a tájat az európai mezőgazdasági támogatások – Mit lehet tenni?,https://www.portfolio.hu/unios-forrasok/20210503/kiuresitik-a-tajat-az-europai-mezogazdasagi-tamogatasok-mit-lehet-tenni-481182
cf66ab36fa023534a6a5add893b2e0c31c1485273e0f8aeff5627d1dcda90fd4,2024-09-02 06:19:56.536943+00:00,hu,delmagyar.hu,delmagyar.hu,2024-09-02,Támogatják az erdészeti iskolákat,https://www.delmagyar.hu/helyi-kozelet/2024/09/tamogatjak-az-erdeszeti-iskolakat?utm_source=hirstart&utm_medium=referral&utm_campaign=hiraggregator
d56b923eb3145d3408727ddba0835b06007ea0db345268662cd9e5d437805f34,2024-09-02 05:31:39.861011+00:00,hu,nepszava.hu,nepszava.hu,2021-05-08,Sir David Attenborough 95,https://nepszava.hu/3119034_sir-david-attenborough-95
3c9e28723be9f1e0651cccbe3e41232ee4add5f3bdce56b2f21b39a77e1879e4,2024-09-02 05:27:12.517583+00:00,hu,nepszava.hu,nepszava.hu,2021-05-08,Bagolycsalád költözött a Diósgyőri várba,https://nepszava.hu/3118978_bagolycsalad-koltozott-a-diosgyori-varba
bb6711e4deba8d940dcbadfb354d8eee7b11ecf13a8dd526a53f964157860ce1,2024-09-02 02:36:35.763957+00:00,hu,demokrata.hu,demokrata.hu,2021-05-10,Az eltűnő méhek nyomában,https://demokrata.hu/magyarorszag/az-eltuno-mehek-nyomaban-378250/
45df38b9f9f2b835dda13f605dbb67c735533aa465bf89ebaf06b498982f023d,2024-09-02 02:07:14.925472+00:00,hu,origo.hu,origo.hu,2021-05-10,Új erdőrezervátum a Pilisi Parkerdőben,https://www.origo.hu/tudomany/20210510-erdo.html
e68f0352c9ac6d399224a624c43bd9934b719a83290d81e88248dd63bd41719c,2024-09-02 00:39:48.661967+00:00,hu,vg.hu,vg.hu,2021-05-11,Franciaországnyi erdő nőtt az elmúlt évtizedekben,https://www.vg.hu/kozelet/kornyezetvedelem/franciaorszagnyi-erdo-nott-az-elmult-evtizedekben-3754609/?utm_source=rss&utm_medium=referral&utm_campaign=hiraggregator
44cd344aebab972a1b37b9280bb07c24583ab0fbc9043a8bb681ee86818e36ad,2024-09-02 00:34:37.070700+00:00,hu,hvg.hu,hvg.hu,2021-05-11,Franciaország méretű erdő nőtt ki a földből az elmúlt 20 évben,http://hvg.hu/gazdasag.zhvg/20210511_franciaorszag_erdo_fak_wwf#rss
ec52d87e1e3855a97383bacade091cb1ec39d816561b5c35d44edbc5280c2677,2024-09-02 00:32:16.219071+00:00,hu,444.hu,444.hu,2021-05-11,Franciaországnyi területtel nőttek a világ természetes erdői az elmúlt 20 évben,https://444.hu/2021/05/11/franciaorszagnyi-terulettel-nottek-a-vilag-termeszetes-erdoi-az-elmult-20-evben
1e42b4341d03ddf969af8ea558a0b9d735f471cb5bdce9ac93ff5ccfa123532c,2024-09-02 00:30:49.598519+00:00,hu,nepszava.hu,nepszava.hu,2021-05-11,Franciaországnyi természetes erdő nőtt az elmúlt 20 évben,https://nepszava.hu/3119324_franciaorszagnyi-termeszetes-erdo-nott-az-elmult-20-evben
b818ad838088f848409d9b9da8085cacf7ff7716f5f85c48c291fe586008e0c8,2024-09-01 22:36:23.186493+00:00,hu,origo.hu,origo.hu,2021-05-12,Világszinten is különösen ritka algafaj jelent meg a hazai vizekben,https://www.origo.hu/tudomany/20210512-vilagszinten-is-kulonosen-ritka-voros-listas-algafajt-azonositottak-a-hazai-allovizekben-az-ok.html
dbaed2dbd0e553aeb6616bce648943f5dc07333936658d34707ebff1b717624d,2024-09-01 17:47:32.290935+00:00,hu,delmagyar.hu,delmagyar.hu,2021-05-15,Franciaországnyi természetes erdő nőtt az elmúlt húsz évben,https://www.delmagyar.hu/egyperces/franciaorszagnyi-termeszetes-erdo-nott-az-elmult-husz-evben-7519024/?utm_source=rssfeed
58ebbc14f63ef558f0097320b2943f93e23b2eebc6e58edca15943391193334b,2024-09-01 17:46:53.015970+00:00,hu,haon.hu,haon.hu,2021-05-15,Franciaországnyi természetes erdő nőtt az elmúlt húsz évben,https://haon.hu/egyperces/franciaorszagnyi-termeszetes-erdo-nott-az-elmult-husz-evben-5251081/?utm_source=rss&utm_medium=referral&utm_campaign=hiraggregator
a8408d3f7555182a5e0e09d54e8bcad6c32570f2a6c499a0eb69916176140fac,2024-09-01 17:46:38.159206+00:00,hu,boon.hu,boon.hu,2021-05-15,Franciaországnyi természetes erdő nőtt az elmúlt húsz évben,https://boon.hu/egyperces/franciaorszagnyi-termeszetes-erdo-nott-az-elmult-husz-evben-5439784/?utm_source=rss&utm_medium=referral&utm_campaign=hiraggregator
8e22e0f227aed009104ebbf436fed281b2b4bf27dcc756a30458d3c24733d669,2024-09-01 17:46:28.991754+00:00,hu,szon.hu,szon.hu,2021-05-15,Franciaországnyi természetes erdő nőtt az elmúlt húsz évben,https://szon.hu/egyperces/franciaorszagnyi-termeszetes-erdo-nott-az-elmult-husz-evben-5054455/?utm_source=rss&utm_medium=referral&utm_campaign=hiraggregator
f5d8e40ff5eee4e953c6efdf5f64921596d18159eabb29741ef6587ecde3f29b,2024-09-01 13:19:59.009233+00:00,hu,hirtv.hu,hirtv.hu,2021-05-18,Több mint 50 milliárd madár él a világon,http://hirtv.hu/hirtvszines/tobb-mint-50-milliard-madar-el-a-vilagon-2521901?utm_source=feed&utm_medium=rss
5413e39690505ab38af134be428291cec3198fb9fcba963900144470dd608a9b,2024-09-01 13:10:31.209586+00:00,hu,origo.hu,origo.hu,2021-05-18,"Kiderült, mennyi madár él a világon",https://www.origo.hu/tudomany/20210518-tobb-mint-50-milliard-madar-el-a-vilagon-a-kutatok-szerint.html
571d55d665ad56647fb8f3903e7350250573b7c2be79cd16b7905155de61966e,2024-09-01 13:08:51.366148+00:00,hu,24.hu,24.hu,2021-05-18,50 milliárd madár maradt a világon,https://24.hu/tudomany/2021/05/18/madarszamlalas-madarak-szama-a-vilagon/
8d2e349bf9a5214a354f35ecb95b4773ad18d2e4c8835160d9606bdb041aabaa,2024-09-01 09:51:35.754679+00:00,hu,merce.hu,merce.hu,2021-05-20,"A szabadkereskedelmi megállapodás, amit elsodorhat az új idők szele « Mérce",https://merce.hu/2021/05/20/a-szabadkereskedelmi-megallapodas-amit-elsodorhat-az-uj-idok-szele/
9c4e9a4af99f9044fe543831ec23f68d79859d2515242192310a274c53a9c881,2024-09-01 08:33:12.137410+00:00,hu,hvg.hu,hvg.hu,2021-05-21,Listázták Tatán a helyi szállodaberuházást ellenző civileket,http://hvg.hu/kkv/20210521_Listaztak_a_tatai_szallodaberuhazast_ellenzo_civileket#rss
b0b1f6b72f3f37ec46661df3d57410a18d7aaacf779a4ac4c42430c523fe1290,2024-09-01 07:33:35.531073+00:00,hu,merce.hu,merce.hu,2021-05-22,"Pusztul az élővilág, veszélyben vizeink: összefogott a Nagy Tavak Koalíciója és a Greenpeace « Mérce",https://merce.hu/2021/05/22/pusztul-az-elovilag-veszelyben-vizeink-osszefogott-a-nagy-tavak-koalicioja-es-a-greenpeace/
f39d1930739d670d404c566050a0b189b08137584c4f72d7877a7e3073f8f9e1,2024-09-01 05:57:08.331448+00:00,hu,beol.hu,beol.hu,2021-05-23,Több mint 50 milliárd madár él a világon,https://www.beol.hu/egyperces/tobb-mint-50-milliard-madar-el-a-vilagon-3966472/?utm_source=rss&utm_medium=referral&utm_campaign=hiraggregator
fa58059d3fcc988c332c37264d12a2c6e0b20ecf5b6d5562275fb3a7c20d0fd9,2024-09-01 05:55:46.664313+00:00,hu,bama.hu,bama.hu,2021-05-23,Több mint 50 milliárd madár él a világon,https://www.bama.hu/egyperces/tobb-mint-50-milliard-madar-el-a-vilagon-3795754/
8b696c15549099ecfa9e98b9845273bf9971799fcc5805ad59eb364198ad3666,2024-09-01 05:55:46.005135+00:00,hu,haon.hu,haon.hu,2021-05-23,Több mint 50 milliárd madár él a világon,https://haon.hu/egyperces/tobb-mint-50-milliard-madar-el-a-vilagon-5271943/?utm_source=rss&utm_medium=referral&utm_campaign=hiraggregator
433b3d101ec17e56574615f5ddf4cb36bd4352dd021c0631a7f1eef0b1223b78,2024-09-01 05:55:29.227746+00:00,hu,szoljon.hu,szoljon.hu,2021-05-23,Több mint 50 milliárd madár él a világon,https://www.szoljon.hu/egyperces/tobb-mint-50-milliard-madar-el-a-vilagon-3519148/?utm_source=rss&utm_medium=referral&utm_campaign=hiraggregator
7a598eb23a811ffda3ebafb513920e7e77b09050de642e9f7c8c198685d21be1,2024-09-01 05:55:21.428370+00:00,hu,szon.hu,szon.hu,2021-05-23,Több mint 50 milliárd madár él a világon,https://szon.hu/egyperces/tobb-mint-50-milliard-madar-el-a-vilagon-5072113/?utm_source=rss&utm_medium=referral&utm_campaign=hiraggregator
a201ca0725e26da58a480f97e9cf5ce187cac8d53faeec838b60e79022ff8a4e,2024-09-01 05:55:16.020036+00:00,hu,delmagyar.hu,delmagyar.hu,2021-05-23,Több mint 50 milliárd madár él a világon,https://www.delmagyar.hu/egyperces/tobb-mint-50-milliard-madar-el-a-vilagon-7541764/?utm_source=rssfeed
6a1afd0fc8e1f650fe820e79e000f57d277281c24ee5238aecab1b33bbbea8d1,2024-09-01 05:55:12.643759+00:00,hu,boon.hu,boon.hu,2021-05-23,Több mint 50 milliárd madár él a világon,https://boon.hu/egyperces/tobb-mint-50-milliard-madar-el-a-vilagon-5458834/?utm_source=rss&utm_medium=referral&utm_campaign=hiraggregator
2b3493a9d8db0c0a13dd2aaa2cf3847917ec49947b9117388e5698c4593cf518,2024-09-01 05:54:57.522019+00:00,hu,duol.hu,duol.hu,2021-05-23,Több mint 50 milliárd madár él a világon,https://www.duol.hu/egyperces/tobb-mint-50-milliard-madar-el-a-vilagon-4358443/?utm_source=rss&utm_medium=referral&utm_campaign=hiraggregator
028e3af1d184b69efb8c7b4aad46e73529ea696f214a218d12ea9b7b2f1631d0,2024-09-01 02:25:53.943821+00:00,hu,hvg.hu,hvg.hu,2021-05-25,Árterek helyreállítása a vízi ökoszisztémák javulásáért,http://hvg.hu/brandcontent/20210524_Arterek_helyreallitasa_a_vizi_okoszisztemak_javulasaert_WWF_Magyarorszag#rss
33417dba62f94ab2f419ce3dbe87c3e8b0d4f56b4970a8670e3fd0b0342d348f,2024-08-31 19:16:52.771100+00:00,hu,magyarnemzet.hu,magyarnemzet.hu,2021-05-31,Eltűnt a szántóföldi és réti madarak negyven százaléka,https://magyarnemzet.hu/mozaik/eltunt-a-szantofoldi-es-reti-madarak-40-szazaleka-9870974/?utm_source=rss&utm_medium=referral&utm_campaign=hiraggregator
f796a843029410e5930b2a177bb0634fe23f68ad6512ecaaccfcac458282974a,2024-08-31 19:13:13.487264+00:00,hu,hvg.hu,hvg.hu,2021-05-31,Hatalmasat csökkent a szántóföldi és réti madarak száma az elmúlt húsz évben,http://hvg.hu/gazdasag.zhvg/20210531_madarak_kihalas_kaszalas#rss
c08ce9e2f107f466901744391950ba6a394bbd2165bc1ae4ab4d16511bfeaa4d,2024-08-31 19:05:10.104707+00:00,hu,origo.hu,origo.hu,2021-05-31,Sok szántóföldi és réti madár eltűnt az elmúlt két évtizedben,https://www.origo.hu/tudomany/20210531-a-szantofoldi-es-reti-madarak-40-szazaleka-eltunt-az-elmult-ket-evtizedben.html
1d646f860007d9635320900d8efbc001a2bcd3080da0963e970fffa23552c434,2024-08-31 19:02:24.115504+00:00,hu,24.hu,24.hu,2021-05-31,A réti madarak majdnem fele eltűnt húsz év alatt,https://24.hu/tudomany/2021/05/31/szantofoldi-reti-madarak-kihalas-husz-ev/
10f93c732f9e296af15355db34c11e64908338257d6e7e02274b443f8d15d622,2024-08-31 17:08:44.198746+00:00,hu,boon.hu,boon.hu,2021-06-01,A túlzott kaszálás miatt a szántóföldi madarak közel fele eltűnt,https://boon.hu/egyperces/a-tulzott-kaszalas-miatt-a-szantofoldi-madarak-kozel-fele-eltunt-5499169/?utm_source=rss&utm_medium=referral&utm_campaign=hiraggregator
b2c3cc54145fdf26ba975f2cf39b7712ae666d8b9f867895c2d0a34dbec4dab5,2024-08-31 17:08:43.359689+00:00,hu,haon.hu,haon.hu,2021-06-01,A túlzott kaszálás miatt a szántóföldi madarak közel fele eltűnt,https://haon.hu/egyperces/a-tulzott-kaszalas-miatt-a-szantofoldi-madarak-kozel-fele-eltunt-5313730/?utm_source=rss&utm_medium=referral&utm_campaign=hiraggregator
8545f2adf998030037b73330326a04e40c5b8e5a673e25622e2b5c75a363f8c4,2024-08-31 17:08:31.820371+00:00,hu,szon.hu,szon.hu,2021-06-01,A túlzott kaszálás miatt a szántóföldi madarak közel fele eltűnt,https://szon.hu/egyperces/a-tulzott-kaszalas-miatt-a-szantofoldi-madarak-kozel-fele-eltunt-5109247/?utm_source=rss&utm_medium=referral&utm_campaign=hiraggregator
422f22c8cc4e134e71a0b60b13b685b6efa84e999b9b9670b7358256d1b9ef32,2024-08-31 17:07:56.643576+00:00,hu,delmagyar.hu,delmagyar.hu,2021-06-01,A túlzott kaszálás miatt a szántóföldi madarak közel fele eltűnt,https://www.delmagyar.hu/egyperces/a-tulzott-kaszalas-miatt-a-szantofoldi-madarak-kozel-fele-eltunt-7588615/?utm_source=rssfeed
531ef36c76d5c87859acef336bfa53eb399caf4beb6c0677f49b3b913007e3ec,2024-08-31 16:58:08.963283+00:00,hu,infostart.hu,infostart.hu,2021-06-01,Egész mást kellene csinálnunk az utak menti területekkel,https://infostart.hu/tudomany/2021/06/01/egesz-mast-kellene-csinalnunk-az-utak-menti-teruletekkel-egy-kutatas-szerint
f8038f7fe6c588e6478e067f24a50285d81dc23448dcbd4d748f30d0e9212f09,2024-08-31 16:11:40.649449+00:00,hu,origo.hu,origo.hu,2021-06-02,A famatuzsálemek védelméért küzd a MATE kutatója,https://www.origo.hu/tudomany/20210602-fa.html
1baaf7c28f82f77f0373938681e7231556d4bd32c60b9addef4fb22066b9b92f,2024-08-31 14:32:53.346896+00:00,hu,origo.hu,origo.hu,2021-06-03,Felmérés készült a magyarországi famatuzsálemekről,https://www.origo.hu/tudomany/20210603-kozel-tizenegy-evig-tartott-a-csaknem-ketezer-idos-fa-vizsgalata.html
007815e72f34c371708eb8520bc8408375e4eff24688e56cee6013c27589197b,2024-08-31 12:29:23.665226+00:00,hu,magyarnemzet.hu,magyarnemzet.hu,2021-06-04,Felmérés készült a magyarországi famatuzsálemek állapotáról,https://magyarnemzet.hu/mozaik/felmeres-keszult-a-magyarorszagi-famatuzsalemekrol-9889766/?utm_source=rss&utm_medium=referral&utm_campaign=hiraggregator
dff9c188495d06ef9d3aed5da9f04e34c865d5093ebff13eeae69376ba6c9641,2024-08-31 12:20:17.898072+00:00,hu,portfolio.hu,portfolio.hu,2021-06-04,Koronaválság: az utolsó vészharangkondítás?,https://www.portfolio.hu/global/20210604/koronavalsag-az-utolso-veszharangkonditas-484982
bc72c760a22a82118b523d989b0108f3c763c072d39a727cfff20f719e5f4c8c,2024-08-31 11:38:40.323706+00:00,hu,nepszava.hu,nepszava.hu,2021-06-05,Betiltanák a műfüvet Nagy-Britanniában,https://nepszava.hu/3121978_betiltanak-a-mufuvet-nagy-britanniaban
02e1e117f7ffeecacda83f2f4229725db7007a34fd3aa928134e028204e1fe3a,2024-08-31 11:32:22.508841+00:00,hu,boon.hu,boon.hu,2021-06-05,"A legkisebbek élőhelye a fa, vigyázzunk rájuk!",https://boon.hu/kozelet/helyi-kozelet/a-legkisebbek-elohelye-a-fa-vigyazzunk-rajuk-5514211/?utm_source=rss&utm_medium=referral&utm_campaign=hiraggregator
fd070d78fff4fd94122abfe25d856c5e1c17c4a9d3f0fa2fff09930e0b30891d,2024-08-31 11:30:57.578356+00:00,hu,beol.hu,beol.hu,2021-06-05,Új megállapodást kell kötnünk az élővilággal,https://www.beol.hu/kozelet/helyi-kozelet/uj-megallapodast-kell-kotnunk-az-elovilaggal-4010176/?utm_source=rss&utm_medium=referral&utm_campaign=hiraggregator
8e10db0f2bd4ebc00c49a6621d756a49718a10551a7697b62f2f91f9bdbe3106,2024-08-31 10:52:51.861666+00:00,hu,magyarnemzet.hu,magyarnemzet.hu,2021-06-06,Felmérték a hazai famatuzsálemek állapotát,https://magyarnemzet.hu/mozaik/felmertek-a-hazai-famatuzsalemek-allapotat-9900527/?utm_source=rss&utm_medium=referral&utm_campaign=hiraggregator
7c613526a72be832faca9e1aec41c6562571f0e2fc8ebdf805c4252f847eb487,2024-08-31 10:46:27.770941+00:00,hu,hvg.hu,hvg.hu,2021-06-06,"11 év alatt 45 ezer km-t tett meg a magyar kutató, hogy megtalálja az ország legidősebb fáit",http://hvg.hu/tudomany/20210606_magyarorszagi_famatuzsalemek_felmeres_mate#rss
bd79d33b8ea7b2784b154e9fc86ab1974b4c7cfd03d3787894a23ba503ce26a8,2024-08-31 10:41:35.566130+00:00,hu,heol.hu,heol.hu,2021-06-06,"Felmérték a hazai famatuzsálemek állapotát, mutatjuk az eredményt",https://www.heol.hu/egyperces/felmertek-a-magyarorszagi-famatuzsalemek-allapotat-mutatjuk-az-eredmenyt-3685018/?utm_source=rss&utm_medium=referral&utm_campaign=hiraggregator
dea5e3baf32faf7c9950a92a9a16c45e0695cc2b7e39ce20a290ff5c2489c470,2024-08-31 10:41:28.910543+00:00,hu,duol.hu,duol.hu,2021-06-06,"Felmérték a hazai famatuzsálemek állapotát, mutatjuk az eredményt",https://www.duol.hu/egyperces/felmertek-a-magyarorszagi-famatuzsalemek-allapotat-mutatjuk-az-eredmenyt-4399786/?utm_source=rss&utm_medium=referral&utm_campaign=hiraggregator
a2b39ffc41da6df0b0ab3ad18c9e5af4646940c3a63a6e69a5a0607c7c5e11da,2024-08-31 10:41:28.391200+00:00,hu,delmagyar.hu,delmagyar.hu,2021-06-06,"Felmérték a hazai famatuzsálemek állapotát, mutatjuk az eredményt",https://www.delmagyar.hu/egyperces/felmertek-a-magyarorszagi-famatuzsalemek-allapotat-mutatjuk-az-eredmenyt-7599181/?utm_source=rss&utm_medium=referral&utm_campaign=hiraggregator
43cd57e8be35776c391c612d0c20d8ea5a34f806ba44149639f732a044167069,2024-08-31 10:41:25.079706+00:00,hu,szoljon.hu,szoljon.hu,2021-06-06,"Felmérték a hazai famatuzsálemek állapotát, mutatjuk az eredményt",https://www.szoljon.hu/egyperces/felmertek-a-magyarorszagi-famatuzsalemek-allapotat-mutatjuk-az-eredmenyt-3564241/?utm_source=rss&utm_medium=referral&utm_campaign=hiraggregator
462e79a8362bd8e42ba74b3293dfa0c7ee6d73ce19d91b3e68d8d8c60b598cbb,2024-08-31 10:41:22.210117+00:00,hu,bama.hu,bama.hu,2021-06-06,"Felmérték a hazai famatuzsálemek állapotát, mutatjuk az eredményt",https://www.bama.hu/egyperces/felmertek-a-magyarorszagi-famatuzsalemek-allapotat-mutatjuk-az-eredmenyt-3836521/?utm_source=rss&utm_medium=referral&utm_campaign=hiraggregator
efa427f049d40ea9d79d826ede147ea2182043f8df0b851248e577c2c0c51038,2024-08-31 10:41:14.268851+00:00,hu,feol.hu,feol.hu,2021-06-06,"Felmérték a hazai famatuzsálemek állapotát, mutatjuk az eredményt",https://www.feol.hu/egyperces/felmertek-a-magyarorszagi-famatuzsalemek-allapotat-mutatjuk-az-eredmenyt-4989733/?utm_source=rss&utm_medium=referral&utm_campaign=hiraggregator
e94c9ed1dd97b0c30440f379261e96a4404fd5de341a2b8b43791dd78e765441,2024-08-31 10:41:12.896625+00:00,hu,teol.hu,teol.hu,2021-06-06,"Felmérték a hazai famatuzsálemek állapotát, mutatjuk az eredményt",https://www.teol.hu/egyperces/felmertek-a-magyarorszagi-famatuzsalemek-allapotat-mutatjuk-az-eredmenyt-3751777/?utm_source=rss&utm_medium=referral&utm_campaign=hiraggregator
f140a20a05901f82b6f71fb172e469b7bc767ecab02b71278f3b2bb5c921bb94,2024-08-31 10:41:01.411006+00:00,hu,sonline.hu,sonline.hu,2021-06-06,"Felmérték a hazai famatuzsálemek állapotát, mutatjuk az eredményt",https://www.sonline.hu/egyperces/felmertek-a-magyarorszagi-famatuzsalemek-allapotat-mutatjuk-az-eredmenyt-4162270/?utm_source=rss&utm_medium=referral&utm_campaign=hiraggregator
c964026555b2816c040ab41b5f1cd1133ae1905312c5987faad0d4c276f9a4a5,2024-08-31 10:40:57.130768+00:00,hu,beol.hu,beol.hu,2021-06-06,"Felmérték a hazai famatuzsálemek állapotát, mutatjuk az eredményt",https://www.beol.hu/egyperces/felmertek-a-magyarorszagi-famatuzsalemek-allapotat-mutatjuk-az-eredmenyt-4015864/?utm_source=rss&utm_medium=referral&utm_campaign=hiraggregator
c4b4165042a43e20e535babe78845da92aa1e3986a78308af0320a7416060baf,2024-08-31 10:40:40.979160+00:00,hu,boon.hu,boon.hu,2021-06-06,"Felmérték a hazai famatuzsálemek állapotát, mutatjuk az eredményt",https://boon.hu/egyperces/felmertek-a-magyarorszagi-famatuzsalemek-allapotat-mutatjuk-az-eredmenyt-5508370/?utm_source=rss&utm_medium=referral&utm_campaign=hiraggregator
5912f3dfe18213ef8a44fb650c10885c616fd3e877be5ebb5effaab869cf0325,2024-08-31 10:40:35.164157+00:00,hu,zaol.hu,zaol.hu,2021-06-06,"Felmérték a hazai famatuzsálemek állapotát, mutatjuk az eredményt",https://www.zaol.hu/egyperces/felmertek-a-magyarorszagi-famatuzsalemek-allapotat-mutatjuk-az-eredmenyt-5276779/?utm_source=rss&utm_medium=referral&utm_campaign=hiraggregator
f43ad08f946668e5dad2c7a6677c7995c72322ce704eebd4b80903ccda6fabc2,2024-08-31 10:40:30.159522+00:00,hu,szon.hu,szon.hu,2021-06-06,"Felmérték a hazai famatuzsálemek állapotát, mutatjuk az eredményt",https://szon.hu/egyperces/felmertek-a-magyarorszagi-famatuzsalemek-allapotat-mutatjuk-az-eredmenyt-5117014/?utm_source=rss&utm_medium=referral&utm_campaign=hiraggregator
aa385e4b6e090d9503b1c09947335e87b141ef02a4eb875be9a20dba6298ec1e,2024-08-31 10:40:27.208856+00:00,hu,haon.hu,haon.hu,2021-06-06,"Felmérték a hazai famatuzsálemek állapotát, mutatjuk az eredményt",https://haon.hu/egyperces/felmertek-a-magyarorszagi-famatuzsalemek-allapotat-mutatjuk-az-eredmenyt-5323522/?utm_source=rss&utm_medium=referral&utm_campaign=hiraggregator
2818453de6b3aebc169499888feb7e2388b791aaed88d8668b30d6afe418c160,2024-08-31 09:26:10.821067+00:00,hu,hirtv.hu,hirtv.hu,2021-06-07,Meglepő felfedezést tett a kutató a magyarországi faóriásokkal kapcsolatban,http://hirtv.hu/hirtvszines/meglepo-felfedezest-tett-a-kutato-a-magyarorszagi-faoriasokkal-kapcsolatban-2522911?utm_source=feed&utm_medium=rss
f6c336a4115a72787e71d7279e0e1fdbb063d808a21f79aa495a937d409f2334,2024-08-31 09:11:26.919384+00:00,hu,nepszava.hu,nepszava.hu,2021-06-07,"Elpusztult Cobby, az észak-amerikai állatkertek legidősebb csimpánza",https://nepszava.hu/3122198_elpusztult-cobby-az-eszak-amerikai-allatkertek-legidosebb-csimpanza
afcf2ee90346e6863d0e5a06484419fb9cd6b98bc5272d7faefc08018d8d8deb,2024-08-31 09:03:34.502221+00:00,hu,nepszava.hu,nepszava.hu,2021-06-07,"Nem tudni, miért és hova, rendíthetetlenül vándorol egy elefántcsorda Kínában (videó)",https://nepszava.hu/3122217_nem-tudni-miert-es-hova-rendithetetlenul-vandorol-egy-elefantcsorda-kinaban-video
bc290ff0996d0f325873f05791aab9410872e369f2077a867e8ae4dfc242e331,2024-08-31 06:11:49.439883+00:00,hu,origo.hu,origo.hu,2021-06-09,"Kik laknak a fűben, avagy mire is jó az a sok gyep?",https://www.origo.hu/tudomany/20210609-gyepek.html
1f37a8f7dae8c6cd3a60e191d4721e000d24a1207d96151ce960ee66e9f8284e,2024-08-31 04:40:33.373029+00:00,hu,origo.hu,origo.hu,2021-06-10,A klímavédelmi intézkedések káros hatással lehetnek a faji sokszínűségre,https://www.origo.hu/tudomany/20210610-a-klimavedelmi-intezkedesek-karos-hatast-gyakorolhatnak-a-faji-sokszinusegre.html
5d457aec68b0aa8d22f0fc0337b0c6b68e997307674d9016b69a10b660e08696,2024-08-31 02:24:38.036244+00:00,hu,bama.hu,bama.hu,2021-06-11,A klímavédelmi intézkedések káros hatással lehetnek a faji sokszínűségre,https://www.bama.hu/egyperces/a-klimavedelmi-intezkedesek-karos-hatassal-lehetnek-a-faji-sokszinusegre-3857791/
0f183a0051a8023d61acd6de0a00b6bbcb3c37aa2c2f73c07bbbc0ed8aad0581,2024-08-31 02:23:57.891656+00:00,hu,boon.hu,boon.hu,2021-06-11,A klímavédelmi intézkedések káros hatással lehetnek a faji sokszínűségre,https://boon.hu/egyperces/a-klimavedelmi-intezkedesek-karos-hatassal-lehetnek-a-faji-sokszinusegre-5533875/?utm_source=rss&utm_medium=referral&utm_campaign=hiraggregator
7fa3adedec091a01fb620cf36cdb950af5bb928783110c5b3d9c2c598f87b53d,2024-08-31 02:23:39.273541+00:00,hu,szon.hu,szon.hu,2021-06-11,A klímavédelmi intézkedések káros hatással lehetnek a faji sokszínűségre,https://szon.hu/egyperces/a-klimavedelmi-intezkedesek-karos-hatassal-lehetnek-a-faji-sokszinusegre-5139687/?utm_source=rss&utm_medium=referral&utm_campaign=hiraggregator
4e89a4452cf10db5f9477c8b99fe6907e1662cef9a5d637c317e54e9070909dc,2024-08-31 02:23:33.352713+00:00,hu,haon.hu,haon.hu,2021-06-11,A klímavédelmi intézkedések káros hatással lehetnek a faji sokszínűségre,https://haon.hu/egyperces/a-klimavedelmi-intezkedesek-karos-hatassal-lehetnek-a-faji-sokszinusegre-5358589/?utm_source=rss&utm_medium=referral&utm_campaign=hiraggregator
e50b9cef8e1b84b84702abc63a1f066e8834b8f7eed0cf1ed0bd5a95e1fc89f7,2024-08-31 02:23:26.186373+00:00,hu,duol.hu,duol.hu,2021-06-11,A klímavédelmi intézkedések káros hatással lehetnek a faji sokszínűségre,https://www.duol.hu/egyperces/a-klimavedelmi-intezkedesek-karos-hatassal-lehetnek-a-faji-sokszinusegre-4419591/?utm_source=rss&utm_medium=referral&utm_campaign=hiraggregator
8e678e67bdcd3a20f33bc3b5058d9fc2c63f0392ac45e9d475eac25cd64b0e91,2024-08-31 02:23:07.197556+00:00,hu,delmagyar.hu,delmagyar.hu,2021-06-11,A klímavédelmi intézkedések káros hatással lehetnek a faji sokszínűségre,https://www.delmagyar.hu/egyperces/a-klimavedelmi-intezkedesek-karos-hatassal-lehetnek-a-faji-sokszinusegre-7630065/?utm_source=rssfeed
a138f4e4f3453dcd7cb519c041ccd6ecf27f78fcce3f11fbb8fa2ceab7441378,2024-08-31 02:18:36.913096+00:00,hu,24.hu,24.hu,2021-06-11,"Ha nem vigyázunk, árthatunk a kílmavédelmi intézkedésekkel",https://24.hu/tudomany/2021/06/11/klimavedelem-intezkedesek-faji-sokszinuseg-ipcc/
81c13f5b967daa32c8e89ae4376ff242772dddd70fae0fa44ad7f0ed9bfb2b5e,2024-08-31 02:12:41.568658+00:00,hu,origo.hu,origo.hu,2021-06-11,Vízhiány vezethet súlyos problémákhoz Iránban,https://www.origo.hu/gazdasag/20210528-iran-vizhiany-gazdasag-klimavalsag.html
2b748d5508c79e865c08f9eb94ecfb356a4ca470487d06c8562b60491438ab77,2024-08-31 00:02:29.078295+00:00,hu,portfolio.hu,portfolio.hu,2021-06-13,"Feszült kampány után ma eldől, hogy Svájcban betiltják-e a szintetikus növényvédő szereket",https://www.portfolio.hu/global/20210613/feszult-kampany-utan-ma-eldol-hogy-svajcban-betiltjak-e-a-szintetikus-novenyvedo-szereket-487826
fcd20728dc5d683af3244adf46a3e9a902b4e6d6c9dae72df327678928031e72,2024-08-30 22:46:59.862460+00:00,hu,magyarnemzet.hu,magyarnemzet.hu,2021-06-14,Fát ültettek az erdők védelmének nevében,https://magyarnemzet.hu/mozaik/tobb-millio-fat-ultettek-el-az-erdoirtasok-elleni-kuzdelem-jegyeben-9937292/?utm_source=rss&utm_medium=referral&utm_campaign=hiraggregator
ff0578b635f8559ebe76deef8d3cab622388e2c74b596a73ff552f0b7495798f,2024-08-30 18:47:31.733136+00:00,hu,blikk.hu,blikk.hu,2021-06-16,"Ez óriási! Irány Szeged, ahol egy 500 négyzetméteres falfestmény készült",https://www.blikk.hu/eletmod/tippek/szeged-oriasi-festmeny-mehek/ckn8pes
0232de213792968faefcd5f2bb3edad375528e07e72999b2d2c45f9db0e17bfb,2024-08-30 17:14:06.243994+00:00,hu,azonnali.hu,azonnali.hu,2021-06-17,"A magyarországi erdők negyede valójában nem is erdő, hanem akácültetvény",http://azonnali.hu/cikk/20210617_a-magyarorszagi-erdok-negyede-valojaban-nem-is-erdo-hanem-akacultetveny
10641b4edaf4a2294ede6febfcec9ea0b65322a9d4330fc4dae933905c7f954b,2024-08-30 15:38:32.478910+00:00,hu,origo.hu,origo.hu,2021-06-18,A Led Zeppelinről neveztek el egy új békafajt,https://www.origo.hu/tudomany/20210618-a-led-zeppelinrol-neveztek-el-egy-ecuadorban-talalt-uj-bekafajt.html
723f0fbb8f5f4b72762a78b68fa429c10756d17127c0b7df095c9cfce251932a,2024-08-30 15:33:25.131860+00:00,hu,24.hu,24.hu,2021-06-18,A Led Zeppelinről neveztek el egy békafajt,https://24.hu/tudomany/2021/06/18/uj-bekafaj-ecuador-led-zeppelin/
b1930c127c7c55a14859396210aebcc7d03a8c9e9b39a333bbedc6ecd943c68a,2024-08-30 15:31:24.968335+00:00,hu,index.hu,index.hu,2021-06-18,A Led Zeppelinről neveztek el egy új békafajt,https://index.hu/techtud/2021/06/18/led-zeppelin-beka-ecuador-peru-pristimantis-ledzeppelin-andok/
904e6e1f549fcdca2a7dd3a0f71c7137c7c4fb172dcfc0485e6c063ea035b6a5,2024-08-30 15:27:55.197442+00:00,hu,magyarnemzet.hu,magyarnemzet.hu,2021-06-18,A Led Zeppelinről neveztek el egy Ecuadorban talált új békafajt,https://magyarnemzet.hu/eletstilus/a-led-zeppelinrol-neveztek-el-egy-ecuadorban-talalt-uj-bekafajt-9957563/?utm_source=rss&utm_medium=referral&utm_campaign=hiraggregator
606e5a006f552f2b73259d0e700fc4ed540110d44b1bc3272cdff0f541ff9bf4,2024-08-30 15:26:18.015466+00:00,hu,haon.hu,haon.hu,2021-06-18,A Led Zeppelinről neveztek el egy új békafajt,https://haon.hu/egyperces/a-led-zeppelinrol-neveztek-el-egy-uj-bekafajt-5378858/?utm_source=rss&utm_medium=referral&utm_campaign=hiraggregator
656fada6f9727c566f650801e9a8e412389c7adf25ba52495b809de7b514afa9,2024-08-30 15:26:01.995020+00:00,hu,boon.hu,boon.hu,2021-06-18,A Led Zeppelinről neveztek el egy új békafajt,https://boon.hu/egyperces/a-led-zeppelinrol-neveztek-el-egy-uj-bekafajt-5554895/?utm_source=rss&utm_medium=referral&utm_campaign=hiraggregator
40b82fcaffc82a51103b1470b19cc1ee65c8cd50bcefa59ac9bb6aa517c60f07,2024-08-30 15:25:51.790204+00:00,hu,delmagyar.hu,delmagyar.hu,2021-06-18,A Led Zeppelinről neveztek el egy új békafajt,https://www.delmagyar.hu/egyperces/a-led-zeppelinrol-neveztek-el-egy-uj-bekafajt-7652948/?utm_source=rss&utm_medium=referral&utm_campaign=hiraggregator
d15bf0473f4202aba23e7881a36c89a701d456fc66bc8a35114df5635a81619d,2024-08-30 15:25:48.684336+00:00,hu,szon.hu,szon.hu,2021-06-18,A Led Zeppelinről neveztek el egy új békafajt,https://szon.hu/egyperces/a-led-zeppelinrol-neveztek-el-egy-uj-bekafajt-5158322/?utm_source=rss&utm_medium=referral&utm_campaign=hiraggregator
ac77880a7ed788324be0e975d67c75dfbe7719def455344d33614b58b778d5a6,2024-08-30 13:34:42.677877+00:00,hu,delmagyar.hu,delmagyar.hu,2021-06-20,"Hiába szép, ha kiszorítja a sajátot",https://www.delmagyar.hu/kozelet/helyi-kozelet/hiaba-szep-ha-kiszoritja-a-sajatot-7653794/?utm_source=rss&utm_medium=referral&utm_campaign=hiraggregator
12c6deac32ac4072e4ac0f45623ad42fcefceeb4313a11db1d930594c98676de,2024-08-30 13:24:21.032703+00:00,hu,origo.hu,origo.hu,2024-08-30,A városi fények megváltoztatják a faleveleket: ehetetlen a rovarok számára,https://www.origo.hu/tudomany/2024/08/a-varosi-fenyek-megvaltoztatjak-a-faleveleket-ehetetlen-a-rovarok-szamara
968f9f8680c80e68304b7a240aeca1630ec22084e457bec2762e339091603518,2024-08-30 10:53:49.722099+00:00,hu,origo.hu,origo.hu,2021-06-22,"Nálunk egyre jobban szeretik, Angliában betiltanák a műpázsitokat",https://www.origo.hu/tudomany/20210622-mupazsit.html
f3012c6194e22cb35cbbca9a489e934d10e09515d7f4cf96810a8cf2955ea915,2024-08-30 02:59:19.271225+00:00,hu,merce.hu,merce.hu,2021-06-27,"Az éhínséget fel lehetne számolni, csak épp rendszerszintű változások kellenének hozzá « Mérce",https://merce.hu/2021/06/27/az-ehinseget-fel-lehetne-szamolni-csak-epp-rendszerszintu-valtozasok-kellenenek-hozza/
96c6c9b0a44c3b9e2a1ec87618f2ea5a7ed4e0efc81f5a8e733992a88aa51d61,2024-08-30 01:38:16.228170+00:00,hu,magyarnarancs.hu,magyarnarancs.hu,2021-06-28,A főváros szerint elég büntetés a méhlegelőt lekaszáló Fidelitasnak a kommentelők dühe,http://magyarnarancs.hu/lokal/a-fovaros-szerint-eleg-buntetes-a-mehlegelot-lekaszalo-fidelitasnak-a-kommentelok-duhe-239662
7e73ddd4cd234944760e5fb914eb73983dec967e2ac52d089220f12cbd98f4c3,2024-08-30 01:30:31.462712+00:00,hu,origo.hu,origo.hu,2021-06-28,A gaz nem méhlegelő,https://www.origo.hu/itthon/20210628-litkei-mate-janos-a-gaz-nem-mehlegelo.html
ac613e83b23ce88b437c14ab418a0a42d56cbd8f8d896e3c8be77a5ca4b87a27,2024-08-30 00:32:07.242344+00:00,hu,nethirlap.hu,nethirlap.hu,2021-06-29,"Főpolgármester úr, a gaz nem méhlegelő!",http://www.nethirlap.hu/hir.php?hirid=58718
72626a6f6bcac1d638c15d4a130cb5bd620a19dc15b9ad1fd1e8801ac33f9eef,2024-08-29 23:42:59.839505+00:00,hu,index.hu,index.hu,2021-06-29,"Nem a légkondis irodából érezhető át, milyen, amikor támad a medve",https://index.hu/kulfold/2021/06/29/romania-ketteszakadt-medveolokre-es-vedokre/
3f4a3c7ad8530d77d149596be388417f5cecd555e68e4c6b58811ebe8bea2062,2024-08-29 23:27:05.076962+00:00,hu,napi.hu,napi.hu,2021-06-29,Tovább hízik a Fertő tavat letaroló nemzetközi botránysorozat,https://www.napi.hu/magyar-gazdasag/ferto-to-vizes-elohelyek-pusztitas-beruhazas-greenpeace.731931.html
485964434e926c5a4dcb35011b7a3039762355207585c2674aba3be166962993,2024-08-29 23:27:04.412613+00:00,hu,pestisracok.hu,pestisracok.hu,2021-06-29,"Főpolgármester úr, a gaz nem méhlegelő!",https://pestisracok.hu/fopolgarmester-ur-a-gaz-nem-mehlegelo/
ad644868f2345991c07d3d044ddd00c97a8a0b00a26d92e054e4fb8074ee7335,2024-08-29 15:17:44.413779+00:00,hu,24.hu,24.hu,2021-07-05,"Már nincs elég időnk, hogy hagyjuk az erdőt egyedül dolgozni",https://24.hu/tudomany/2021/07/05/erdo-termeszet-oserdo-okologia/
155fe7a0076faf9fc96b9d113c4bc41610b5d1282f57fc1d2e702fe86bab8c05,2024-08-29 13:38:02.196648+00:00,hu,delmagyar.hu,delmagyar.hu,2021-07-06,"Vörös, kék vagy zöld lehet az Év madara 2021-ben",https://www.delmagyar.hu/eletstilus/helyi-eletstilus/voros-kek-vagy-zold-lehet-az-ev-madara-2021-ben-7720967/?utm_source=rss&utm_medium=referral&utm_campaign=hiraggregator
4a4e6e67b11a32bd7297572b3e0624bd80c997daf44f342dc9074278d9a4eea0,2024-08-29 08:13:41.310909+00:00,hu,demokrata.hu,demokrata.hu,2021-07-09,Mire buknak a méhek?,https://demokrata.hu/magyarorszag/mire-buknak-a-mehek-401689/
d6ca8bdf86cc36f18c21451228d32ddfeca6a270fc6ab612c6afb8d780c02d07,2024-08-29 07:16:46.467983+00:00,hu,origo.hu,origo.hu,2021-07-10,Döbbenetes magasságban figyelték meg ezt a tömzsi madarat,https://www.origo.hu/tudomany/20210705-dobbenetes-magassagokba-emelkednek-a-vandorlo-sarszalonkak.html
eeab2c4a15e79a22cff7a71530821fe725508d8e9abd08a779c43afe5a635c1e,2024-08-29 07:07:08.606511+00:00,hu,444.hu,444.hu,2021-07-10,"Nem az a fontos, hogy egy növényből kerek vagy szögletes formákat gyártsunk le a parkokba",https://444.hu/2021/07/10/nem-az-a-fontos-hogy-egy-novenybol-kerek-vagy-szogletes-formakat-gyartsunk-le-a-parkokba?utm_source=rss_feed&utm_medium=rss&utm_campaign=rss_syndication
3b87cd56e76417f206a213844a3c5dc642477fb0317b2023cc317f57659e61ea,2024-08-29 05:12:26.296425+00:00,hu,szon.hu,szon.hu,2021-07-12,Brüsszel most az erdőgazdálkodókat lehetetlenítené el,https://szon.hu/gazdasag/nemzetkozi-gazdasag/brusszel-most-az-erdogazdalkodokat-lehetetlenitene-el-5225660/?utm_source=rss&utm_medium=referral&utm_campaign=hiraggregator
eec0b4a81b34a3b91ef856882057eb34e1627959770107a69a11d721c6deb17f,2024-08-29 05:12:00.492583+00:00,hu,bama.hu,bama.hu,2021-07-12,Brüsszel most az erdőgazdálkodókat lehetetlenítené el,https://www.bama.hu/gazdasag/nemzetkozi-gazdasag/brusszel-most-az-erdogazdalkodokat-lehetetlenitene-el-3936653/?utm_source=rss&utm_medium=referral&utm_campaign=hiraggregator
c328511cde99ce86a9838a9a069bd34ca6ef7adaa48ef926e2cc30982c97f3ba,2024-08-29 05:10:27.942893+00:00,hu,delmagyar.hu,delmagyar.hu,2021-07-12,Brüsszel most az erdőgazdálkodókat lehetetlenítené el,https://www.delmagyar.hu/gazdasag/nemzetkozi-gazdasag/brusszel-most-az-erdogazdalkodokat-lehetetlenitene-el-7743455/?utm_source=rss&utm_medium=referral&utm_campaign=hiraggregator
0062c6708ee8bdb81baa602285663f19a31187cc88ebd6b7aaf9e2b0ef0e23b7,2024-08-29 05:09:13.307218+00:00,hu,teol.hu,teol.hu,2021-07-12,Brüsszel most az erdőgazdálkodókat lehetetlenítené el,https://www.teol.hu/gazdasag/nemzetkozi-gazdasag/brusszel-most-az-erdogazdalkodokat-lehetetlenitene-el-3856943/?utm_source=rss&utm_medium=referral&utm_campaign=hiraggregator
34f7f033a75132866dec9a83bd9a93103c5a8bb766f019f28a4b583bc5fe4815,2024-08-29 05:09:07.634195+00:00,hu,duol.hu,duol.hu,2021-07-12,Brüsszel most az erdőgazdálkodókat lehetetlenítené el,https://www.duol.hu/gazdasag/nemzetkozi-gazdasag/brusszel-most-az-erdogazdalkodokat-lehetetlenitene-el-4498250/?utm_source=rss&utm_medium=referral&utm_campaign=hiraggregator
d11c509ed67ecfa6a94479d34171bf83cb8983b7d9890adebcf89aacfbca818c,2024-08-29 05:08:39.089722+00:00,hu,haon.hu,haon.hu,2021-07-12,Brüsszel most az erdőgazdálkodókat lehetetlenítené el,https://haon.hu/gazdasag/nemzetkozi-gazdasag/brusszel-most-az-erdogazdalkodokat-lehetetlenitene-el-5454023/?utm_source=rss&utm_medium=referral&utm_campaign=hiraggregator
c6106b55c9af6588499255a6aa4ec0495dd1c3639bc25a39288da9faed4d99b6,2024-08-29 05:08:29.647285+00:00,hu,boon.hu,boon.hu,2021-07-12,Brüsszel most az erdőgazdálkodókat lehetetlenítené el,https://boon.hu/gazdasag/nemzetkozi-gazdasag/brusszel-most-az-erdogazdalkodokat-lehetetlenitene-el-5630291/?utm_source=rss&utm_medium=referral&utm_campaign=hiraggregator
76c2a32719504f4cc9d13e9dd5ec9d69b0c27b7898f94d235f5cb39e73cdc3e3,2024-08-29 04:59:51.163115+00:00,hu,magyarnemzet.hu,magyarnemzet.hu,2021-07-12,Brüsszel most az erdőgazdálkodókat lehetetlenítené el,https://magyarnemzet.hu/gazdasag/brusszel-most-az-erdogazdalkodokat-lehetetlenitene-el-10070807/?utm_source=rss&utm_medium=referral&utm_campaign=hiraggregator
db8c87a6701885029a0f41b9cab5092cd234e0e5ab74c21532fa3fd28da5e1a5,2024-08-29 04:58:44.224312+00:00,hu,index.hu,index.hu,2021-07-12,Az agrárminiszter felülvizsgálná a formálódó uniós erdészeti stratégiát,https://index.hu/gazdasag/2021/07/12/frans-timmermans-nagy-istvan-erdeszeti-strategia/
4ecd19cdf048078b6c14a4dad4482de3423f601569800367c3a892e9c1f865c5,2024-08-29 04:56:53.414968+00:00,hu,demokrata.hu,demokrata.hu,2021-07-12,Magyarország is aláírta a Frans Timmermansnak küldött levelet,https://demokrata.hu/magyarorszag/magyarorszag-is-alairta-a-frans-timmermansnak-kuldott-levelet-403718/
a4661f3eaab235b38409b209c2e7324cc08cbabd1c8732d7c2106dc78c9c72b5,2024-08-28 22:26:13.077720+00:00,hu,napi.hu,napi.hu,2021-07-16,Így védené az EU az erdőit,https://www.napi.hu/nemzetkozi-gazdasag/erdovedelem-eu-klimavaltozas-green-deal.733053.html
8bdcf70517d08a68f3fec894da65a443d7fc58463f7c0319d3b2b7cd5c13fdea,2024-08-28 22:01:13.541765+00:00,hu,demokrata.hu,demokrata.hu,2021-07-16,Az Európai Bizottság új stratégiát mutatott be,https://demokrata.hu/vilag/az-europai-bizottsag-uj-strategiat-mutatott-be-405063/
d7f1b5cda589d73c15779259c7f56add2ac8c3c99e894666d77506051497c768,2024-08-28 20:32:55.480785+00:00,hu,vg.hu,vg.hu,2021-07-14,Nem sci-fi a növénygénbank,https://www.vg.hu/cegvilag/2021/07/nem-sci-fi-a-novenygenbank?utm_source=hirstart&utm_medium=referral&utm_campaign=hiraggregator
6090a010bc37fea72071f9ec719828a176283b8642bd21b93e9f04638796cf42,2024-08-28 19:27:27.069577+00:00,hu,24.hu,24.hu,2021-07-18,Tönkreteszi a globális tömegturizmus a természetet,https://24.hu/tudomany/2021/07/18/globalis-tomegturizmus-termeszetvedelem-kornyezetszennyezes/
59f9588efea9f169a7c82e14076be23f647401d274294c9dcf6f7d1b21dbe5f3,2024-08-28 19:16:06.885048+00:00,hu,sonline.hu,sonline.hu,2021-07-18,Búcsúval ünnepeltek a Krisna hívők Somogyvámoson,https://www.sonline.hu/kozelet/helyi-kozelet/bucsuval-unnepeltek-a-krisna-hivok-somogyvamoson-4271471/?utm_source=rss&utm_medium=referral&utm_campaign=hiraggregator
b05a2c0c9b7fa5d4efce85808d4719b073b91e4318dc0dc2394d856c75beb58e,2024-08-28 18:05:18.378698+00:00,hu,index.hu,index.hu,2021-07-19,Nagy István szerint el akarják lehetetleníteni az erdőgazdálkodást,https://index.hu/gazdasag/2021/07/19/nagy-istvan-agrarminiszterium-tarcavezeto-erdogazdalkodas-klimavaltozas/
6f0548a265d4c5e8d025c898448ecef7cde9ace884ed424a4ca8b9c3e4118711,2024-08-28 18:01:52.605948+00:00,hu,888.hu,888.hu,2021-07-19,Elfogadhatatlan az Európai Bizottság legújabb dokumentuma,https://888.hu/ketharmad/elfogadhatatlan-az-europai-bizottsag-legujabb-dokumentuma-4325579/
0937bbba046e8c4bea8bf1f55375f155f5c2b26fb4ca8c925166e36f49c71d27,2024-08-28 17:51:10.939244+00:00,hu,napi.hu,napi.hu,2021-07-19,Új uniós erdőstratégia: zúgolódik az Agrárminisztérium,https://www.napi.hu/magyar-gazdasag/uj-unios-erdostrategia-zugolodik-agrarminiszterium.733136.html
e32a8b85e32dc9fc9e1a7ee9006f86f754e5c48bb96c76bb9d4669eb872c611a,2024-08-28 17:46:33.226738+00:00,hu,origo.hu,origo.hu,2021-07-19,Az Agrárminisztérium szerint elfogadhatatlan az Európai Bizottság Új erdő stratégiája,https://www.origo.hu/gazdasag/20210719-am-uj-erdo-strategia.html
e8a87438beb9ff66d09fc7ac815ae70f7d0de49f801adb89580a5f18ab99f9f2,2024-08-28 17:45:02.294711+00:00,hu,szon.hu,szon.hu,2021-07-19,Nagy: elfogadhatatlan az Európai Bizottság Új erdő stratégiája,https://szon.hu/gazdasag/hazai-gazdasag/nagy-elfogadhatatlan-az-europai-bizottsag-uj-erdo-strategiaja-5241701/?utm_source=rss&utm_medium=referral&utm_campaign=hiraggregator
b11bf3e5d72d3cf7d4bf6bf4c8dea81f3bfee54c93f948060e94c9ab2dff099a,2024-08-28 17:44:47.394852+00:00,hu,haon.hu,haon.hu,2021-07-19,Nagy: elfogadhatatlan az Európai Bizottság Új erdő stratégiája,https://haon.hu/gazdasag/hazai-gazdasag/nagy-elfogadhatatlan-az-europai-bizottsag-uj-erdo-strategiaja-5470256/?utm_source=rss&utm_medium=referral&utm_campaign=hiraggregator
282434f19a48035186ecdbcf098d4e6b40000f6932323b2d055e8db03fd54e1f,2024-08-28 17:44:34.670047+00:00,hu,boon.hu,boon.hu,2021-07-19,Nagy: elfogadhatatlan az Európai Bizottság Új erdő stratégiája,https://boon.hu/gazdasag/hazai-gazdasag/nagy-elfogadhatatlan-az-europai-bizottsag-uj-erdo-strategiaja-5646809/?utm_source=rss&utm_medium=referral&utm_campaign=hiraggregator
1abe4b5ba3cf0efa87553d2591d2e41038cfe6f82eeb336858df8a53185461c1,2024-08-28 16:06:08.736667+00:00,hu,feol.hu,feol.hu,2021-07-20,Brüsszel most az erdők felett venné át az irányítást,https://www.feol.hu/gazdasag/nemzetkozi-gazdasag/brusszel-most-az-erdok-felett-venne-at-az-iranyitas-5124377/?utm_source=rss&utm_medium=referral&utm_campaign=hiraggregator
9c7a592acafb2a332bee744c1f24b457b38abb1df4cdc7f8f00b8bbd62541f8c,2024-08-28 16:05:48.800620+00:00,hu,zaol.hu,zaol.hu,2021-07-20,Brüsszel most az erdők felett venné át az irányítást,https://www.zaol.hu/gazdasag/nemzetkozi-gazdasag/brusszel-most-az-erdok-felett-venne-at-az-iranyitas-5420630/?utm_source=rss&utm_medium=referral&utm_campaign=hiraggregator
9b997c7813282774b18efd03e3c504c410712e9c72306c3f936a8a7062b7bb80,2024-08-28 16:05:44.061024+00:00,hu,szoljon.hu,szoljon.hu,2021-07-20,Brüsszel most az erdők felett venné át az irányítást,https://www.szoljon.hu/gazdasag/nemzetkozi-gazdasag/brusszel-most-az-erdok-felett-venne-at-az-iranyitas-3693296/?utm_source=rss&utm_medium=referral&utm_campaign=hiraggregator
c391422f58c7d50de6f6bfd311d073f25c4a3a079b4ff4bd6b57c0c24c0f3ce6,2024-08-28 16:05:41.654872+00:00,hu,baon.hu,baon.hu,2021-07-20,Brüsszel most az erdők felett venné át az irányítást,https://www.baon.hu/gazdasag/nemzetkozi-gazdasag/brusszel-most-az-erdok-felett-venne-at-az-iranyitas-4086380/?utm_source=rss&utm_medium=referral&utm_campaign=hiraggregator
be110ae7a3a3de9164f1a570edbe4b0b7565a7a618e3e7f1020872894c02ad0b,2024-08-28 16:05:35.200473+00:00,hu,veol.hu,veol.hu,2021-07-20,Brüsszel most az erdők felett venné át az irányítást,https://www.veol.hu/gazdasag/nemzetkozi-gazdasag/brusszel-most-az-erdok-felett-venne-at-az-iranyitas-4857068/?utm_source=rss&utm_medium=referral&utm_campaign=hiraggregator
44f5b0d8dec38cb2b62ba3411afc2cc8eb464ae6d8fea075f944461f7cf70e20,2024-08-28 16:05:35.006363+00:00,hu,duol.hu,duol.hu,2021-07-20,Brüsszel most az erdők felett venné át az irányítást,https://www.duol.hu/gazdasag/nemzetkozi-gazdasag/brusszel-most-az-erdok-felett-venne-at-az-iranyitas-4520564/?utm_source=rss&utm_medium=referral&utm_campaign=hiraggregator
467640fa3f508e99f27cf33332131f144de082a90e925044f303d9b5a7cf0577,2024-08-28 16:05:34.006457+00:00,hu,bama.hu,bama.hu,2021-07-20,Brüsszel most az erdők felett venné át az irányítást,https://www.bama.hu/gazdasag/nemzetkozi-gazdasag/brusszel-most-az-erdok-felett-venne-at-az-iranyitas-3953450/
4a34829af3fa7461a0b20f2937aa2562ff2748c6ccee11dbb725f8e98b2f0bb4,2024-08-28 16:05:27.233377+00:00,hu,sonline.hu,sonline.hu,2021-07-20,Brüsszel most az erdők felett venné át az irányítást,https://www.sonline.hu/gazdasag/nemzetkozi-gazdasag/brusszel-most-az-erdok-felett-venne-at-az-iranyitas-4275341/?utm_source=rss&utm_medium=referral&utm_campaign=hiraggregator
f09de4904c1277a36c0b3646109b88b0e64de39b505e4adbedc9751c7b3a02d1,2024-08-28 16:05:22.169807+00:00,hu,teol.hu,teol.hu,2021-07-20,Brüsszel most az erdők felett venné át az irányítást,https://www.teol.hu/gazdasag/nemzetkozi-gazdasag/brusszel-most-az-erdok-felett-venne-at-az-iranyitas-3875006/?utm_source=rss&utm_medium=referral&utm_campaign=hiraggregator
d098b860792fa1a35d79416de0a5f742f24057aabc1579e454e0f3439207d8c3,2024-08-28 16:05:17.764418+00:00,hu,szon.hu,szon.hu,2021-07-20,Brüsszel most az erdők felett venné át az irányítást,https://szon.hu/gazdasag/nemzetkozi-gazdasag/brusszel-most-az-erdok-felett-venne-at-az-iranyitas-5244404/?utm_source=rss&utm_medium=referral&utm_campaign=hiraggregator
af7df867becac48f317b597cf6d06a12e1adc3c3ca6d0a5cba9986561561e894,2024-08-28 16:05:05.306473+00:00,hu,beol.hu,beol.hu,2021-07-20,Brüsszel most az erdők felett venné át az irányítást,https://www.beol.hu/gazdasag/nemzetkozi-gazdasag/brusszel-most-az-erdok-felett-venne-at-az-iranyitas-4157828/?utm_source=rss&utm_medium=referral&utm_campaign=hiraggregator
10fa4296bf67bfd486b68f51b32eb6c547ef6476be88f5d51aa6538e94e924f8,2024-08-28 16:04:59.879202+00:00,hu,haon.hu,haon.hu,2021-07-20,Brüsszel most az erdők felett venné át az irányítást,https://haon.hu/gazdasag/nemzetkozi-gazdasag/brusszel-most-az-erdok-felett-venne-at-az-iranyitas-5473412/?utm_source=rss&utm_medium=referral&utm_campaign=hiraggregator
bf9c4b3b206a67aae769df1bd61242c4ecac2709d20af2bd16ed5c5f8f3eca36,2024-08-28 16:04:43.841669+00:00,hu,boon.hu,boon.hu,2021-07-20,Brüsszel most az erdők felett venné át az irányítást,https://boon.hu/gazdasag/nemzetkozi-gazdasag/brusszel-most-az-erdok-felett-venne-at-az-iranyitas-5649986/?utm_source=rss&utm_medium=referral&utm_campaign=hiraggregator
ac38d8d0ccaa1c314318d19ad9ecdb25a23e00309d5e8f854c69085d8dff4d16,2024-08-28 16:04:34.573484+00:00,hu,delmagyar.hu,delmagyar.hu,2021-07-20,Brüsszel most az erdők felett venné át az irányítást,https://www.delmagyar.hu/gazdasag/nemzetkozi-gazdasag/brusszel-most-az-erdok-felett-venne-at-az-iranyitas-7766558/?utm_source=rss&utm_medium=referral&utm_campaign=hiraggregator
46183797f7503e93f4154f81df92d3bee0e853e507214b53f9ad6ccf5342cbb4,2024-08-28 16:03:48.136510+00:00,hu,heol.hu,heol.hu,2021-07-20,Brüsszel most az erdők felett venné át az irányítás,https://www.heol.hu/gazdasag/nemzetkozi-gazdasag/brusszel-most-az-erdok-felett-venne-at-az-iranyitas-3810557/?utm_source=rss&utm_medium=referral&utm_campaign=hiraggregator
a3a2ce5be06e859fcfb6e46306ab4cbcb8ef350e97533e55d9bec35c55a91ea3,2024-08-28 16:01:29.420095+00:00,hu,magyarnemzet.hu,magyarnemzet.hu,2021-07-20,Brüsszel most az erdők felett venné át az irányítás,https://magyarnemzet.hu/gazdasag/brusszel-most-az-erdok-felett-venne-at-az-iranyitast-10101437/?utm_source=rss&utm_medium=referral&utm_campaign=hiraggregator
eee2c0da74636542bdfa50fc881560ea7fa436459f746c2dc75f5ccf1f44d702,2024-08-28 15:13:17.290575+00:00,hu,haon.hu,haon.hu,2021-07-21,A beporzók védelme és a biológiai sokféleség őrzése kiemelten fontos,https://haon.hu/gazdasag/hazai-gazdasag/a-beporzok-vedelme-es-a-biologiai-sokfeleseg-orzese-kiemelten-fontos-5478626/?utm_source=rss&utm_medium=referral&utm_campaign=hiraggregator
ec9836afb1e284789c3ad07fdded887999902563148341d1e3ccec848393df56,2024-08-28 15:12:47.573528+00:00,hu,delmagyar.hu,delmagyar.hu,2021-07-21,A beporzók védelme és a biológiai sokféleség őrzése kiemelten fontos,https://www.delmagyar.hu/gazdasag/hazai-gazdasag/a-beporzok-vedelme-es-a-biologiai-sokfeleseg-orzese-kiemelten-fontos-7772192/?utm_source=rss&utm_medium=referral&utm_campaign=hiraggregator
57899c9ab0ca63932650885dfbfd736bac6b76719c4fbad9712e16a114118f09,2024-08-28 15:12:33.652661+00:00,hu,boon.hu,boon.hu,2021-07-21,A beporzók védelme és a biológiai sokféleség őrzése kiemelten fontos,https://boon.hu/gazdasag/hazai-gazdasag/a-beporzok-vedelme-es-a-biologiai-sokfeleseg-orzese-kiemelten-fontos-5654564/?utm_source=rss&utm_medium=referral&utm_campaign=hiraggregator
12cd78d6c2e9be3518d2eb32e065af398280d58dd1366c0bc79e5d1865d32d8a,2024-08-28 15:12:22.064557+00:00,hu,bama.hu,bama.hu,2021-07-21,A beporzók védelme és a biológiai sokféleség őrzése kiemelten fontos,https://www.bama.hu/gazdasag/hazai-gazdasag/a-beporzok-vedelme-es-a-biologiai-sokfeleseg-orzese-kiemelten-fontos-3957590/?utm_source=rss&utm_medium=referral&utm_campaign=hiraggregator
753197484d9752159ed8efeec9da1ee905b37b3c2730e5f69a37e6bf420b04aa,2024-08-28 15:12:19.688014+00:00,hu,szon.hu,szon.hu,2021-07-21,A beporzók védelme és a biológiai sokféleség őrzése kiemelten fontos,https://szon.hu/gazdasag/hazai-gazdasag/a-beporzok-vedelme-es-a-biologiai-sokfeleseg-orzese-kiemelten-fontos-5248535/?utm_source=rss&utm_medium=referral&utm_campaign=hiraggregator
518c460a250ac4c6a5dddcd2f2483eac50153e82ba5d34bdb7d2520478870e5d,2024-08-28 13:31:45.539618+00:00,hu,index.hu,index.hu,2021-07-22,Új darázsfajt fedeztek fel Ecuadorban,https://index.hu/techtud/2021/07/22/uj-parazitoid-darazsfaj-dolichomitus-meii-oserdo-darwin-darazsak/
b41dab87ee92ea47cf1581ab49596ae2f4d0af2d8c48aa72856e2c3b268f44b2,2024-08-28 13:22:36.164740+00:00,hu,vg.hu,vg.hu,2021-05-30,Magyar tiltakozás az uniós erdőgazdálkodási stratégia ellen,https://www.vg.hu/vilaggazdasag-magyar-gazdasag/2021/07/magyar-tiltakozas-az-unios-erdogazdalkodasi-strategia-ellen-2?utm_source=hirstart&utm_medium=referral&utm_campaign=hiraggregator
17e9861ff8c83ec00861aa66f2b4be6ab5285a5396414e68716cb2170af1c8c6,2024-08-27 13:40:14.819425+00:00,hu,borsonline.hu,borsonline.hu,2021-08-05,Nagy esők jönnek és vele a kerti kártevők: így védekezhet ellenük,https://www.borsonline.hu/aktualis/mit-tegyen-a-kerti-kartevok-ellen/237907
e4de5d293d6d1c2789ed76516e1ed2dd44d383abda7da2b3c372e1bfb07ee7a0,2024-08-27 10:24:14.403557+00:00,hu,boon.hu,boon.hu,2021-08-08,Zöld madár a kedvenc,https://boon.hu/eletstilus/helyi-eletstilus/zold-madar-a-kedvenc-5701283/?utm_source=rss&utm_medium=referral&utm_campaign=hiraggregator
1eb3a9adca86151d833f9cc1a4c8c12f482f7fa78fa3491f311a3c67add51842,2024-08-27 10:03:59.485995+00:00,hu,24.hu,24.hu,2021-08-08,Védett növényeket dózerolnak Zsombón,https://24.hu/fn/gazdasag/2021/08/08/vedett-novenyeket-dozerolnak-zsombon/
4287939f255e60983853f6472300949be5312680504cfb9fb595d5b015fba564,2024-08-26 16:45:51.544543+00:00,hu,24.hu,24.hu,2021-08-21,Egyre több hazánkban a 20 kilós rágcsáló,https://24.hu/tudomany/2021/08/21/hod-ragas-elarasztas-konfliktus-termeszet-okologia/
c2584b22d63617bcd8695e4071bb3f6cc22868586394bb13f89b608f0052ced6,2024-08-25 22:27:23.460429+00:00,hu,bama.hu,bama.hu,2021-09-03,Több pályázatot is nyert a kovácshidai önkormányzat,https://www.bama.hu/pr/tobb-palyazatot-is-nyert-a-kovacshidai-onkormanyzat-4060544/?utm_source=rss&utm_medium=referral&utm_campaign=hiraggregator
560022ed598582de5e4114169a533e9109661d63afa4c0d54af37c0c761fdbb7,2024-08-25 11:26:40.098423+00:00,hu,origo.hu,origo.hu,2024-08-25,A mi sokszínű kertünk,https://www.origo.hu/tudomany/2024/08/a-mi-sokszinu-kertunk
ba1e7dbc01029d8f4fe715c150137c71113dc6540103c3855795e0a1b5c9df23,2024-08-24 10:39:32.773315+00:00,hu,nepszava.hu,nepszava.hu,2021-03-01,Csak aprópénz jut természetvédelemre,https://nepszava.hu/3111422_csak-apropenz-jut-termeszetvedelemre
c1502ee8c8fc7bbbddf760e543134009fe598d449f8de3b89d986f7ce3ed5faf,2024-08-24 10:36:48.468074+00:00,hu,nepszava.hu,nepszava.hu,2021-03-01,"362,51 forinton az euró",https://nepszava.hu/3111461_362-51-forinton-az-euro
cddcbe3bb40fa12ad9f1ab8cf94fe2888664f37d44e726254a9c6947f4064947,2024-08-24 10:20:27.276782+00:00,hu,nepszava.hu,nepszava.hu,2021-03-01,Nem aggályos Mészáros Lőrinc állami reklámozása,https://nepszava.hu/3111476_nem-aggalyos-meszaros-lorinc-allami-reklamozasa
70cc8d40f79d73e08eb3705efcc958938c8febadec54516c63686459f8f20883,2024-08-24 05:23:09.789713+00:00,hu,nepszava.hu,nepszava.hu,2021-03-03,Népszava Kultúra karanténban,https://nepszava.hu/3111611_kultura-karantenban
b4bb193da8d9ca8c0b08339e6f3f688b628a06557e3d4ae79239ed7bfb9d0b2d,2024-08-22 19:59:38.451961+00:00,hu,24.hu,24.hu,2021-03-14,Fontos rovarok ébredeznek az országban,https://24.hu/tudomany/2021/03/14/idojaras-mehek-pusztulas-okologia/
709ed4c11c2b9e0503013a541f8239691b9289cace263935e4001c4561458274,2024-08-22 11:01:52.210466+00:00,hu,nepszava.hu,nepszava.hu,2021-03-19,Rövidül az alpesi hószezon,https://nepszava.hu/3113573_rovidul-az-alpesi-hoszezon
9093485b65944ae70e52ace2281bbe7296baa57a28dcbf4a1231573318c9fadc,2024-08-22 09:30:13.588318+00:00,hu,sonline.hu,sonline.hu,2024-08-22,A legzöldebb beruházás: a klímaváltozás ellen a természet helyreállításába fektet az MNB,https://www.sonline.hu/helyi-gazdasag/2024/08/a-legzoldebb-beruhazas-a-klimavaltozas-ellen-a-termeszet-helyreallitasaba-fektet-az-mnb?utm_source=hirstart&utm_medium=referral&utm_campaign=hiraggregator
301e6ad1af3e0c215410249da47a71170f33cef8e46975650a74ae051708efc7,2024-08-22 07:55:19.219097+00:00,hu,24.hu,24.hu,2021-03-21,71 új fajt rejtett a budapesti múzeum,https://24.hu/tudomany/2021/03/21/allatok-muzeum-biodiverzitas/
b9cbbc49a20c34539048f115009c8b9bf1755eade31865e96e898a69ab083a70,2024-08-21 23:55:16.782574+00:00,hu,merce.hu,merce.hu,2021-03-25,A fosszilis tőke ellen nincs védőoltás « Mérce,https://merce.hu/2021/03/25/a-fosszilis-toke-ellen-nincs-vedooltas/
9208b7ebf1c5c77bd392229c5f919d79d0004cae7d2caddbfd378c45c4289e90,2024-08-21 21:37:50.996028+00:00,hu,delmagyar.hu,delmagyar.hu,2021-03-26,Méhlegelő: A Városmetamorfózis újabb állomása,https://www.delmagyar.hu/kozelet/helyi-kozelet/mehlegelo-a-varosmetamorfozis-ujabb-allomasa-7373533/?utm_source=rssfeed
58b59e7d58acfab09199efb3965a0f59740321cbd2c51f090d854fd7e1250e2c,2024-08-21 02:40:51.271483+00:00,hu,feol.hu,feol.hu,2021-02-03,"Lárvát és a bábját, s mi jó falat",https://www.feol.hu/gazdasag/helyi-gazdasag/eheto-rovarok-merkl-otto-4643032/?utm_source=rss&utm_medium=referral&utm_campaign=hiraggregator
2a2bb09ed75db783de1482f09513681f04ef46a0f4197218777d692053464963,2024-08-19 19:47:50.418385+00:00,hu,infostart.hu,infostart.hu,2021-02-20,"Nem túlzás azt állítani, 2020 jó éve volt a túzoknak",https://infostart.hu/eletmod/2021/02/20/nem-tulzas-azt-allitani-2020-jo-eve-volt-a-tuzoknak
f17d451a5f85150ba9baf9e80b4ecf4be72bc6a1c6316ffa55a5bd1d76fd2e0b,2024-08-19 15:09:56.874184+00:00,hu,origo.hu,origo.hu,2021-02-23,Eltűnhet a globális édesvízi halpopulációk harmada?,https://www.origo.hu/tudomany/20210223-az-edesvizi-halpopulaciok-harmadat-fenyegeti-a-kihalas-veszelye.html
504fc349d2981ca56acb4aca2ee79586be8d4eb529acaae0e92267247d21fadc,2024-08-19 15:09:04.964952+00:00,hu,444.hu,444.hu,2021-02-23,Óriási pusztítást okoz az ember az édesvizekben,https://444.hu/2021/02/23/oriasi-pusztitast-okoz-az-ember-az-edesvizekben
651e50d9b032f77bc463f45b379dce43fdc5328e8f6188e014401d1f6507596e,2024-08-17 14:35:55.391666+00:00,hu,origo.hu,origo.hu,2021-01-03,Már csak 44 éve lenne vissza az amazóniai esőerdőknek?,https://www.origo.hu/tudomany/20210103-szavannava-valthat-amazonia-egy-nagyobb-resze.html
29b9fa5515ec506972aa1c63364678ea109949152b8a846596076d4498d7f9dc,2024-08-17 14:25:02.742455+00:00,hu,pestisracok.hu,pestisracok.hu,2021-01-03,Csaknem kilencszáz állatfaj tízezer egyede él a Fővárosi Állat- és Növénykertben,https://pestisracok.hu/csaknem-kilencszaz-allatfaj-tizezer-egyede-el-a-fovarosi-allat-es-novenykertben/
40edf89167e36015157a0a3849e6cefce2ee1701bc37b9ddb6ce9803e876c1b2,2024-08-17 14:25:00.616661+00:00,hu,napi.hu,napi.hu,2021-01-03,"Elkészítette a ""leltárt"" a Fővárosi Állatkert",https://www.napi.hu/magyar_gazdasag/elkeszitette_a_leltart_a_fovarosi_allatkert.720739.html
2197f7fb659066ca0af5d8ca43fda02c7259833aa38507f274148dd2335e72d8,2024-08-17 14:24:36.799322+00:00,hu,blikk.hu,blikk.hu,2021-01-03,"Tudta, mennyi állat van valójában a Fővárosi Állatkertben?",https://www.blikk.hu/geo/fovarosi-allatkert-allatai/v8rfc4q
d059a4c260170c13cc22e3cf0332a6afb61f2a0b0c67abd9f0706e9bfa5c5e78,2024-08-17 14:24:34.487465+00:00,hu,boon.hu,boon.hu,2021-01-03,Több mint 880 állatfaj tízezer egyede él a Fővárosi Állat- és Növénykertben,https://boon.hu/egyperces/tobb-mint-880-allatfaj-tizezer-egyede-el-a-fovarosi-allat-es-novenykertben-5082448/?utm_source=rss&utm_medium=referral&utm_campaign=hiraggregator
01580e9da2c6ab95daf488c2210154fc05c2f01f6536cd81b89f89d18ee2e24b,2024-08-17 14:24:18.476445+00:00,hu,duol.hu,duol.hu,2021-01-03,Több mint 880 állatfaj tízezer egyede él a Fővárosi Állat- és Növénykertben,https://www.duol.hu/egyperces/tobb-mint-880-allatfaj-tizezer-egyede-el-a-fovarosi-allat-es-novenykertben-4044484/?utm_source=rss&utm_medium=referral&utm_campaign=hiraggregator
84d9b3fb6d6e395ed97f2ac0c2985f16c1f77daa58504c772ea683eebafba51b,2024-08-17 14:24:15.134800+00:00,hu,demokrata.hu,demokrata.hu,2021-01-03,Több mint nyolcszáz állatfaj tízezer egyede él a Fővárosi Állat- és Növénykertben,https://demokrata.hu/setater/tobb-mint-nyolcszaz-allatfaj-tizezer-egyede-el-a-fovarosi-allat-es-novenykertben-332690/
8aa62490a6fb0768db9165b4053f9bda2d94bac376217fc28acf787f846776c6,2024-08-17 14:24:11.555066+00:00,hu,hvg.hu,hvg.hu,2021-01-03,Több mint 880 állatfaj tízezer egyede él a Fővárosi Állat- és Növénykertben,http://hvg.hu/gazdasag.zhvg/20210103_Tobb_mint_880_allatfaj_tizezer_egyede_el_a_Fovarosi_Allat_es_Novenykertben#rss
98877b87e73e0b476aee246d4cf812d2cf88ecaf497165b91fe7ffb396496295,2024-08-17 14:24:00.816523+00:00,hu,szon.hu,szon.hu,2021-01-03,Több mint 880 állatfaj tízezer egyede él a Fővárosi Állat- és Növénykertben,https://szon.hu/egyperces/tobb-mint-880-allatfaj-tizezer-egyede-el-a-fovarosi-allat-es-novenykertben-4713010/?utm_source=rss&utm_medium=referral&utm_campaign=hiraggregator
3d7d40f23a79a5eebe912047c4b85f3b0421f44e4950c16e3c4894623a7e69ae,2024-08-17 14:23:59.986936+00:00,hu,magyarnemzet.hu,magyarnemzet.hu,2021-01-03,A fővárosi a legtöbb fajt felvonultató állatkertünk,https://magyarnemzet.hu/mozaik/a-fovarosi-a-legtobb-fajt-felvonultato-allatkertunk-9172322/?utm_source=rss&utm_medium=referral&utm_campaign=hiraggregator
dcf6e2d4521c696f8053a4bfc73fb14acba78fb2426df4387e406ff50ec7080b,2024-08-17 14:23:59.900486+00:00,hu,haon.hu,haon.hu,2021-01-03,Több mint 880 állatfaj tízezer egyede él a Fővárosi Állat- és Növénykertben,https://haon.hu/egyperces/tobb-mint-880-allatfaj-tizezer-egyede-el-a-fovarosi-allat-es-novenykertben-4877044/?utm_source=rss&utm_medium=referral&utm_campaign=hiraggregator
00efcbde674ab675949c14086142f625810146fe1221fc7aa17639a82c5dbbea,2024-08-17 14:23:46.286128+00:00,hu,infostart.hu,infostart.hu,2021-01-03,Európa legjobbjai között a budapesti állatkert,https://infostart.hu/belfold/2021/01/03/europa-legjobbjai-kozott-a-budapesti-allatkert
bd8589675af555120f3a3ec718323cf8ab260754075ac4280bca2ed319f8786f,2024-08-17 14:23:43.135369+00:00,hu,atv.hu,atv.hu,2021-01-03,"""Népszámlálást"" tartottak a budapesti állatkertben",http://www.atv.hu/belfold/20210103-nepszamlalast-tartottak-a-budapesti-allatkertben
097c6500b3dedaad43bb0525dd50307b69840ff8e82a3ef08b50347f1b3546f2,2024-08-17 14:23:38.586084+00:00,hu,bama.hu,bama.hu,2021-01-03,Több mint 880 állatfaj tízezer egyede él a Fővárosi Állat- és Növénykertben,https://www.bama.hu/egyperces/tobb-mint-880-allatfaj-tizezer-egyede-el-a-fovarosi-allat-es-novenykertben-3459025/?utm_source=rss&utm_medium=referral&utm_campaign=hiraggregator
dadda19e297f596beb4e90c23a31d200f3624ae3e6a6c897a3b94186b9baccba,2024-08-17 14:21:44.618476+00:00,hu,delmagyar.hu,delmagyar.hu,2021-01-03,Több mint 880 állatfaj tízezer egyede él a Fővárosi Állat- és Növénykertben,https://www.delmagyar.hu/egyperces/tobb-mint-880-allatfaj-tizezer-egyede-el-a-fovarosi-allat-es-novenykertben-7106122/?utm_source=rss&utm_medium=referral&utm_campaign=hiraggregator
bc3bb849714cdd0753bb445b3d6ff243523e076539de87b01bf45179a6229879,2024-08-17 14:20:55.081556+00:00,hu,origo.hu,origo.hu,2021-01-03,Európai összehasonlításban kevés helyen mutatnak be ennyi állatot,https://www.origo.hu/tudomany/20210103-tobb-mint-880-allatfaj-tizezer-egyede-el-a-fovarosi-allat-es-novenykertben-1.html
88375721c7ee5d7e7112cf011cc5e5795791b09130d52d2dde550015877aed20,2024-08-17 14:19:06.825315+00:00,hu,index.hu,index.hu,2021-01-03,666 gerinctelen él a Fővárosi Állatkertben – rovarok nélkül,https://index.hu/mindekozben/poszt/2021/01/03/megdobbento_adatokat_tett_kozze_a_fovarosi_allatkert/
3f83abb451193754d4068fd6a7edebf3a5786c642498b8221b7247e6869458ca,2024-08-17 14:15:53.163403+00:00,hu,vg.hu,vg.hu,2021-01-03,Nemzetközileg is kimagasló a Fővárosi Állat- és Növénykert,https://www.vg.hu/kozelet/kozeleti-hirek/nemzetkozileg-is-kimagaslo-a-fovarosi-allat-es-novenykert-3460126/?utm_source=rss&utm_medium=referral&utm_campaign=hiraggregator
70e4d96d54137ef4e7ab35b7b2c6685ff602ca05c5b1c3d159f950259874045f,2024-08-17 05:11:57.144047+00:00,hu,magyarnemzet.hu,magyarnemzet.hu,2021-01-09,Buborék,https://magyarnemzet.hu/lugas-rovat/buborek-9191663/?utm_source=rss&utm_medium=referral&utm_campaign=hiraggregator
cd186d39aea19fc3b3a0c488591817787118057283fb8eb4c3228452b657c846,2024-08-16 22:26:03.376981+00:00,hu,magyarnemzet.hu,magyarnemzet.hu,2021-01-13,Veszélyben vannak a szlovén tenger koralljai,https://magyarnemzet.hu/mozaik/veszelyben-vannak-a-szloven-tenger-koralljai-9218867/?utm_source=rss&utm_medium=referral&utm_campaign=hiraggregator
30520b653f914c487b802faf55da453453a803402c9cac1de42c301b65fea49a,2024-08-16 22:24:26.400817+00:00,hu,origo.hu,origo.hu,2021-01-13,A szlovén tenger koralljait is veszélyezteti a klímaváltozás,https://www.origo.hu/tudomany/20210113-a-szloven-tenger-koralljai-is-veszelyben-vannak-a-klimavaltozas-miatt.html
6711a4164f1048b37f31283ea94d3db4058fd65497f4f8784ebd132e2a0f8044,2024-08-16 22:15:20.629663+00:00,hu,24.hu,24.hu,2021-01-13,A szlovén tenger koralljai veszélyben vannak,https://24.hu/tudomany/2021/01/13/szloven-tenger-korallok-klimavaltozas/
bbb7c347a91b658b68c47e6c3ae6977a2726bbd49a7bb3cff5a3194b210fdfe6,2024-08-16 18:08:48.243409+00:00,hu,blikk.hu,blikk.hu,2021-01-15,"Nincs másik bolygó: gyorsabban haldoklik a Föld, mint gondoltuk – Az emberi faj is komoly veszélyben lehet, ha nem cselekszünk",https://www.blikk.hu/geo/kornyezetvedelem-klimavalsag-bolygo-pusztulas-figyelem/lwbm8n7
b6505bea3e636c76aa6e25b98d64b90ecc7ef780cef7a2e738965bb4631c012a,2024-08-16 17:33:36.120779+00:00,hu,haon.hu,haon.hu,2021-01-16,Már 50 tagállam védi a Föld szárazföldi és óceáni területeit,https://haon.hu/egyperces/mar-50-tagallam-vedi-a-fold-szarazfoldi-es-oceani-teruleteit-4903345/?utm_source=rss&utm_medium=referral&utm_campaign=hiraggregator
10f0fae34791bbc9afd174e532272598ff1ed8ce24ccf931db050da509498c3b,2024-08-16 17:33:00.168357+00:00,hu,delmagyar.hu,delmagyar.hu,2021-01-16,Már 50 tagállam védi a Föld szárazföldi és óceáni területeit,https://www.delmagyar.hu/egyperces/mar-50-tagallam-vedi-a-fold-szarazfoldi-es-oceani-teruleteit-7134574/?utm_source=rss&utm_medium=referral&utm_campaign=hiraggregator
638b46d0c09c530c88e22ba6a6b0a8d8b0e8534f7ea627bb1177420c84036cbc,2024-08-16 17:33:00.079477+00:00,hu,szon.hu,szon.hu,2021-01-16,Már 50 tagállam védi a Föld szárazföldi és óceáni területeit,https://szon.hu/egyperces/mar-50-tagallam-vedi-a-fold-szarazfoldi-es-oceani-teruleteit-4736653/?utm_source=rss&utm_medium=referral&utm_campaign=hiraggregator
cf763d2fba614397bd9495e23bbe9dee5bba9cc91f05aa02c9039a4dc347dc5c,2024-08-16 17:32:59.129104+00:00,hu,boon.hu,boon.hu,2021-01-16,Már 50 tagállam védi a Föld szárazföldi és óceáni területeit,https://boon.hu/egyperces/mar-50-tagallam-vedi-a-fold-szarazfoldi-es-oceani-teruleteit-5109808/?utm_source=rss&utm_medium=referral&utm_campaign=hiraggregator
5e649feec7028f330876e844e3beb5fa26595d7e5d0ede26f74e76c3257229aa,2024-08-16 17:28:19.246885+00:00,hu,haon.hu,haon.hu,2021-01-16,Veszélyben vannak a szlovén tenger koralljai is,https://haon.hu/egyperces/veszelyben-vannak-a-szloven-tenger-koralljai-is-4904593/?utm_source=rss&utm_medium=referral&utm_campaign=hiraggregator
607ee54a84c4889687ac448cce358db22a0b32891343174d6fb8f88a6f37065d,2024-08-16 17:28:13.582375+00:00,hu,delmagyar.hu,delmagyar.hu,2021-01-16,Veszélyben vannak a szlovén tenger koralljai is,https://www.delmagyar.hu/egyperces/veszelyben-vannak-a-szloven-tenger-koralljai-is-7135711/?utm_source=rssfeed
2f4c4d42df479c430cd5410ada6098b952b4c3c2548848b8e1b1d0896d41d1cc,2024-08-16 17:28:08.531874+00:00,hu,boon.hu,boon.hu,2021-01-16,Veszélyben vannak a szlovén tenger koralljai is,https://boon.hu/egyperces/veszelyben-vannak-a-szloven-tenger-koralljai-is-5110717/?utm_source=rss&utm_medium=referral&utm_campaign=hiraggregator
9ba4d84f959d1a0fd77c405c99efc0f927c2d2966f6b4ef764bef5a5d7b6a997,2024-08-16 17:28:07.511398+00:00,hu,szon.hu,szon.hu,2021-01-16,Veszélyben vannak a szlovén tenger koralljai is,https://szon.hu/egyperces/veszelyben-vannak-a-szloven-tenger-koralljai-is-4737496/?utm_source=rss&utm_medium=referral&utm_campaign=hiraggregator
2b49a1404ff06ce42af3e49c863e54f15dcfca65c496129d23610d6e6c42ef26,2024-08-16 06:21:57.937542+00:00,hu,vg.hu,vg.hu,2021-01-22,Mezőgazdasági és Élelmezésügyi Világtalálkozót tartottak online,https://www.vg.hu/vallalatok/mezogazdasag/mezogazdasagi-es-elelmezesugyi-vilagtalalkozot-tartottak-online-3506845/?utm_source=rss&utm_medium=referral&utm_campaign=hiraggregator
52227ece48fe7a0465297de56c89c04e5b7945ef3fd856904e461a3076295f88,2024-08-16 06:02:26.650488+00:00,hu,szon.hu,szon.hu,2021-01-22,Közös nyilatkozattal zárult a 13. Élelmezésügyi és Mezőgazdasági Világfórum,https://szon.hu/gazdasag/hazai-gazdasag/kozos-nyilatkozattal-zarult-a-13-elelmezesugyi-es-mezogazdasagi-vilagforum-4764712/?utm_source=rss&utm_medium=referral&utm_campaign=hiraggregator
de4496c2250ce7f5de02cf10add538c0ab11f7a3bc9249f86fb3796776092e77,2024-08-16 06:02:22.301353+00:00,hu,heol.hu,heol.hu,2021-01-22,Közös nyilatkozattal zárult a 13. Élelmezésügyi és Mezőgazdasági Világfórum,https://www.heol.hu/gazdasag/hazai-gazdasag/kozos-nyilatkozattal-zarult-a-13-elelmezesugyi-es-mezogazdasagi-vilagforum-3330745/?utm_source=rss&utm_medium=referral&utm_campaign=hiraggregator
704c6327bc87a712473d48710cb9b7abdb79d035d61ac82c11e85c3f3acb912a,2024-08-16 06:02:18.275826+00:00,hu,vaol.hu,vaol.hu,2021-01-22,Közös nyilatkozattal zárult a 13. Élelmezésügyi és Mezőgazdasági Világfórum,https://www.vaol.hu/gazdasag/hazai-gazdasag/kozos-nyilatkozattal-zarult-a-13-elelmezesugyi-es-mezogazdasagi-vilagforum-4602649/?utm_source=rss&utm_medium=referral&utm_campaign=hiraggregator
5492302c593bb9944328c1b6272704a17ae3a44ee44240a4899f93ff8b0beff1,2024-08-16 06:02:15.627545+00:00,hu,sonline.hu,sonline.hu,2021-01-22,Közös nyilatkozattal zárult a 13. Élelmezésügyi és Mezőgazdasági Világfórum,https://www.sonline.hu/gazdasag/hazai-gazdasag/kozos-nyilatkozattal-zarult-a-13-elelmezesugyi-es-mezogazdasagi-vilagforum-3839143/?utm_source=rss&utm_medium=referral&utm_campaign=hiraggregator
48fdcaa8210ce0f82c1e58d21558598876d409ba8283f95f7715d019e47a545c,2024-08-16 06:02:13.769853+00:00,hu,zaol.hu,zaol.hu,2021-01-22,Közös nyilatkozattal zárult a 13. Élelmezésügyi és Mezőgazdasági Világfórum,https://www.zaol.hu/gazdasag/hazai-gazdasag/kozos-nyilatkozattal-zarult-a-13-elelmezesugyi-es-mezogazdasagi-vilagforum-4868620/?utm_source=rss&utm_medium=referral&utm_campaign=hiraggregator
cf072b379218f2906a1181140fbbae3932b6fc3b37dd748c77a1cea261ad7afd,2024-08-16 06:02:11.648137+00:00,hu,haon.hu,haon.hu,2021-01-22,Közös nyilatkozattal zárult a 13. Élelmezésügyi és Mezőgazdasági Világfórum,https://haon.hu/gazdasag/hazai-gazdasag/kozos-nyilatkozattal-zarult-a-13-elelmezesugyi-es-mezogazdasagi-vilagforum-4934140/?utm_source=rss&utm_medium=referral&utm_campaign=hiraggregator
1567e4452fde831ec6889d8374d581912872be91e9d2a8fc125427cdcff98e26,2024-08-16 06:02:03.856852+00:00,hu,szoljon.hu,szoljon.hu,2021-01-22,Közös nyilatkozattal zárult a 13. Élelmezésügyi és Mezőgazdasági Világfórum,https://www.szoljon.hu/gazdasag/hazai-gazdasag/kozos-nyilatkozattal-zarult-a-13-elelmezesugyi-es-mezogazdasagi-vilagforum-3215365/?utm_source=rss&utm_medium=referral&utm_campaign=hiraggregator
5650b2adf7cd83863d71681d5e4ed37bf63448958d8cc0c08070eaa53945076e,2024-08-16 06:02:01.655144+00:00,hu,bama.hu,bama.hu,2021-01-22,Közös nyilatkozattal zárult a 13. Élelmezésügyi és Mezőgazdasági Világfórum,https://www.bama.hu/gazdasag/hazai-gazdasag/kozos-nyilatkozattal-zarult-a-13-elelmezesugyi-es-mezogazdasagi-vilagforum-3509311/?utm_source=rss&utm_medium=referral&utm_campaign=hiraggregator
98c24b3bb110ace6a6c4a1bf876658bde5b1b1008788ef338c9d7b64eb5d4661,2024-08-16 06:02:00.592139+00:00,hu,feol.hu,feol.hu,2021-01-22,Közös nyilatkozattal zárult a 13. Élelmezésügyi és Mezőgazdasági Világfórum,https://www.feol.hu/gazdasag/hazai-gazdasag/kozos-nyilatkozattal-zarult-a-13-elelmezesugyi-es-mezogazdasagi-vilagforum-4612450/?utm_source=rss&utm_medium=referral&utm_campaign=hiraggregator
1249b7dc52c647fc2eaea7d355699089ce82f66346be29cbea002c08297b8ab7,2024-08-16 06:01:45.072472+00:00,hu,boon.hu,boon.hu,2021-01-22,Közös nyilatkozattal zárult a 13. Élelmezésügyi és Mezőgazdasági Világfórum,https://boon.hu/gazdasag/hazai-gazdasag/kozos-nyilatkozattal-zarult-a-13-elelmezesugyi-es-mezogazdasagi-vilagforum-5138005/?utm_source=rss&utm_medium=referral&utm_campaign=hiraggregator
969d33ac8612d868d379a20849f7badf4a4946ef9c350aefaab4ded38debbfba,2024-08-16 06:01:33.124589+00:00,hu,teol.hu,teol.hu,2021-01-22,Közös nyilatkozattal zárult a 13. Élelmezésügyi és Mezőgazdasági Világfórum,https://www.teol.hu/gazdasag/hazai-gazdasag/kozos-nyilatkozattal-zarult-a-13-elelmezesugyi-es-mezogazdasagi-vilagforum-3412324/?utm_source=rss&utm_medium=referral&utm_campaign=hiraggregator
12c027f778f8fb966f343a818a95448a4427cb094a9b5868274edbb129a4c06a,2024-08-16 06:01:24.555753+00:00,hu,duol.hu,duol.hu,2021-01-22,Közös nyilatkozattal zárult a 13. Élelmezésügyi és Mezőgazdasági Világfórum,https://www.duol.hu/gazdasag/hazai-gazdasag/kozos-nyilatkozattal-zarult-a-13-elelmezesugyi-es-mezogazdasagi-vilagforum-4089556/?utm_source=rss&utm_medium=referral&utm_campaign=hiraggregator
9bf8f7880ce2bca8b37a0a4449e1dc869a9dcb372f248e7acbd2561d7b3d29c0,2024-08-16 05:59:29.954772+00:00,hu,kisalfold.hu,kisalfold.hu,2021-01-22,Közös nyilatkozattal zárult a 13. Élelmezésügyi és Mezőgazdasági Világfórum,https://www.kisalfold.hu/gazdasag/hazai-gazdasag/kozos-nyilatkozattal-zarult-a-13-elelmezesugyi-es-mezogazdasagi-vilagforum-10588732/?utm_source=rssfeed
7547043a3b896eaa40a32158010364861f4ad9686aa431f9eb08400b5daa1c92,2024-08-16 05:59:27.527655+00:00,hu,veol.hu,veol.hu,2021-01-22,Közös nyilatkozattal zárult a 13. Élelmezésügyi és Mezőgazdasági Világfórum,https://www.veol.hu/gazdasag/hazai-gazdasag/kozos-nyilatkozattal-zarult-a-13-elelmezesugyi-es-mezogazdasagi-vilagforum-4349722/?utm_source=rss&utm_medium=referral&utm_campaign=hiraggregator
01e771d2afc34178297ffd216a306b2c9e5376368f7e117c7e1d1acee554e0c8,2024-08-16 05:59:22.204054+00:00,hu,delmagyar.hu,delmagyar.hu,2021-01-22,Közös nyilatkozattal zárult a 13. Élelmezésügyi és Mezőgazdasági Világfórum,https://www.delmagyar.hu/gazdasag/hazai-gazdasag/kozos-nyilatkozattal-zarult-a-13-elelmezesugyi-es-mezogazdasagi-vilagforum-7166758/?utm_source=rssfeed
eb426b1ba1d9f9329bf81be5a657b86f792ed33b86c8e0a067084dbb0e66d7e5,2024-08-16 05:59:22.082400+00:00,hu,beol.hu,beol.hu,2021-01-22,Közös nyilatkozattal zárult a 13. Élelmezésügyi és Mezőgazdasági Világfórum,https://www.beol.hu/gazdasag/hazai-gazdasag/kozos-nyilatkozattal-zarult-a-13-elelmezesugyi-es-mezogazdasagi-vilagforum-3630916/?utm_source=rss&utm_medium=referral&utm_campaign=hiraggregator
bf1a2fd709cec56312170222022a4c114a2e3f633eb0b7e48ba7ae13ca6be62b,2024-08-05 23:01:01.531126+00:00,hu,atlatszo.hu,atlatszo.hu,2021-12-21,Megint felülírta a gazdasági érdek a természetvédelmi szempontokat,https://atlatszo.hu/kornyezet/2021/12/21/megint-felulirta-a-gazdasagi-erdek-a-termeszetvedelmi-szempontokat/
027294da018729c05ffe2e008ea7e6f48690281d2b8812223e6dacc68da9121d,2024-08-03 14:23:44.706430+00:00,hu,haon.hu,haon.hu,2024-08-03,"Nem vegyszert javasol a kártevők ellen a debreceni mérnök, hanem…",https://www.haon.hu/helyi-kozelet/2024/08/kartevokkert-debrecen-mernok?utm_source=hirstart&utm_medium=referral&utm_campaign=hiraggregator
e5567af1abfacc1c0d3041d5c29f2ca46c6b95098f79797f51d817b58a92d72c,2024-08-03 06:32:03.154436+00:00,hu,origo.hu,origo.hu,2021-12-29,Több mint 1 millió négyzetkilométerrel zsugorodtak a természetes élőhelyek,https://www.origo.hu/tudomany/20211227-szantofold.html
c38847c53351ef100dce51a584d3300910dbf8e6edbdf5a991d9ad792045d501,2024-08-02 21:57:09.324736+00:00,hu,nograd24.hu,nograd24.hu,2021-11-16,"Öt szakma, amely 2022-ben is biztos megélhetést kínál",http://www.nograd24.hu/otszakmaamely2022benisbiztosmegelhetestkinal
0c5a4e09dbcc3b97f89206308774c9e313f831868a69a4f2b1f94ca594bf7ff1,2024-08-01 18:36:55.165942+00:00,hu,index.hu,index.hu,2022-01-15,Tíz év alatt több mint 80 védett természeti terület jött létre,https://index.hu/gazdasag/2022/01/15/termeszetvedelem-nagy-istvan-agrarminisztrium-nagy-istvan-vedett-allatok/
2aaeaf9d208a5090491dd22f9571ada4083cf3d5564f7ce7c71736b70919a30d,2024-08-01 12:02:14.412773+00:00,hu,origo.hu,origo.hu,2022-01-18,"Legalább 50 millió évesek, de a kihalás veszélyezteti őket",https://www.origo.hu/tudomany/20220118-a-tapirt-a-kihalas-veszelye-fenyegeti-delamerikaban.html
8c9284fa25a397cc86816e17419161a9ac6fbadf46befce7ad295ea1c5cf68c8,2024-07-24 13:24:40.056110+00:00,hu,origo.hu,origo.hu,2024-07-24,"Vészesen fogy az idő, hogy megakadályozzunk egy súlyos katasztrófát",https://www.origo.hu/tudomany/2024/07/veszesen-fogy-az-ido-hogy-megakadalyozzunk-egy-sulyos-katasztrofat
5476aef25e3f2396a546491ab9616f689b100e424e89621d0cd9cdea1531b2b4,2024-07-23 18:22:02.287691+00:00,hu,origo.hu,origo.hu,2024-07-23,A kerti tavacskák segítenek megőrizni a biodiverzitást,https://www.origo.hu/tudomany/2024/07/a-kerti-tavacskak-segitenek-megorizni-a-biodiverzitast
3402b021e113156524c340c64fbd49070895f9169bf1904e631eae6fbc84f4e8,2024-07-18 15:21:32.270302+00:00,hu,hvg.hu,hvg.hu,2024-07-18,"Megnyílt az olimpiai falu, ahol még a madarakra is odafigyeltek",https://hvg.hu/sport/20240718_olimpiai-falu-parizs-megnyito#rss
4d52f8cc540c1acddf5b306db9f8f37f3a4747b4090634a14524605ff799c2fa,2024-07-15 13:19:33.212504+00:00,hu,beol.hu,beol.hu,2024-07-15,Különleges rovarok: a látványos keleti rablópillével is összefuthatunk,https://www.beol.hu/helyi-kozelet/2024/07/rovarok-nemzeti-park-kulonleges?utm_source=hirstart&utm_medium=referral&utm_campaign=hiraggregator
9476113e975f58928aa7484ddf3da705bb796907130d927b67f748a2e2bdfc91,2024-07-10 21:20:28.573355+00:00,hu,vg.hu,vg.hu,2024-07-10,Pálmaolajba fullad Malajzia,https://www.vg.hu/vilaggazdasag/2024/07/palmaolajba-fullad-malajzia?utm_source=hirstart&utm_medium=referral&utm_campaign=hiraggregator
4f198bc3bece4899b1b11d1ef9699b13a1e020cb96c4afbb56d1a8a3db19b8ea,2024-07-09 18:21:32.819125+00:00,hu,vaol.hu,vaol.hu,2024-07-09,A XXIII. Savaria Történelmi Karnevál szombati és vasárnapi részletes programterve,https://www.vaol.hu/helyi-kozelet/2024/07/a-xxiii-savaria-tortenelmi-karneval-szombati-es-vasarnapi-reszletes-programterve?utm_source=hirstart&utm_medium=referral&utm_campaign=hiraggregator
5defc6b0db220dc3e6186344ef73f70c5c158279db00bd523e7510a98e553f12,2024-07-05 19:30:11.770245+00:00,hu,baon.hu,baon.hu,2024-07-05,Természetvédelmi tábort szerveztek gyermekvédelmi gondoskodásban élő fiataloknak ÁGOTA Falván – galériával,https://www.baon.hu/helyi-kozelet/2024/07/termeszetvedelmi-tabor-agota-falva-tass-galeria?utm_source=hirstart&utm_medium=referral&utm_campaign=hiraggregator
1624559b0a6a043c0f6f66aa29220952b59f3b1a1279e86f78c3128d9406ba4d,2024-06-26 05:18:57.220048+00:00,hu,sonline.hu,sonline.hu,2024-06-26,Megnyílt az ország első K állatbarát ligetek mókusjátszótere,https://www.sonline.hu/helyi-kozelet/2024/06/megnyilt-az-orszag-elso-k-es-h-allatbarat-ligetek-mokusjatszotere?utm_source=hirstart&utm_medium=referral&utm_campaign=hiraggregator
f9acc9ba864854a2ebdaea740e7d1213f7ef45f2d26f645b3cbe842c07efb3ca,2024-06-24 09:23:53.477894+00:00,hu,kisalfold.hu,kisalfold.hu,2024-06-24,KISALFOLD - A mi sokszínű kertünk,https://www.kisalfold.hu/helyi-eletstilus/2024/06/a-mi-sokszinu-kertunk-elindult-a-magyar-termeszetvedok-szovetsegenek-kampanya?utm_source=hirstart&utm_medium=referral&utm_campaign=hiraggregator
65fab781821f2975d17d8384ce24a4a013d99cef5fd047717892346a1e318272,2024-06-20 08:17:12.226783+00:00,hu,duol.hu,duol.hu,2024-06-20,DUOL - Okosan szeressük őket,https://www.duol.hu/helyi-kozelet/2024/06/okosan-szeressuk-oket-avagy-havas-joe-es-a-tobbiek?utm_source=hirstart&utm_medium=referral&utm_campaign=hiraggregator
941ce3e8ebc0b224cc6911486a3b8d2a54010d05b4529f09437837443a859669,2024-06-17 11:30:12.456789+00:00,hu,vg.hu,vg.hu,2024-06-17,A zöld kertek 4 titka (x),https://www.vg.hu/hirdetes/2024/06/a-zold-kertek-4-titka-x?utm_source=hirstart&utm_medium=referral&utm_campaign=hiraggregator
fb7c827daca9b55cd7caa8dfbc067fedb28fe5e83c7a5875e24efb05c6e865b5,2024-06-10 14:34:27.820654+00:00,hu,vg.hu,vg.hu,2024-06-10,A klímaváltozás ellen felhasználható milliárdokra pályázhatnak a gazdák,https://www.vg.hu/agrar/2024/06/a-klimavaltozas-ellen-felhasznalhato-milliardokra-palyazhatnak-a-gazdak?utm_source=hirstart&utm_medium=referral&utm_campaign=hiraggregator
d89683d57779b7a34770d391a2b28fa83a8fcf01d15025abc3a927e530575742,2024-06-10 13:34:43.542676+00:00,hu,blikk.hu,blikk.hu,2024-06-10,"Erdőt ültettek a gyerekek az oviban, amitől teljesen megváltozott az immunrendszerük",https://www.blikk.hu/ferfiaknak/tech/finnorszag-napkozi-kiserdo-immunrendszer/rep3ytv
c458807fa340a74fc9f2030a1be12dbfda8a1a21ce09cf9b38d2f0ca43e4bd62,2024-06-08 17:25:29.249973+00:00,hu,zaol.hu,zaol.hu,2024-06-08,A Gyenesdiáson bemutatott társasjáték segít a zöld gondolat elmélyítésében,https://www.zaol.hu/helyi-kozelet/2024/06/a-gyenesdiason-bemutatott-tarsasjatek-segit-a-zold-gondolat-elmelyiteseben?utm_source=hirstart&utm_medium=referral&utm_campaign=hiraggregator
aa99e1a116e7f11e4c567f643b2eb90a35e56d969bb0fdef74dbb5a959960862,2024-06-03 02:22:19.997321+00:00,hu,sonline.hu,sonline.hu,2024-06-03,Társadalmi egyeztetésen a földhasználat váltást elősegítő mezőgazdasági beruházásokat támogató kiírás,https://www.sonline.hu/helyi-gazdasag/2024/06/tarsadalmi-egyeztetesen-a-foldhasznalat-valtast-elosegito-mezogazdasagi-beruhazasokat-tamogato-kiiras?utm_source=hirstart&utm_medium=referral&utm_campaign=hiraggregator
72e949f88ee53c52357da0358d2fcca8510175c0ef3fdb3a1629951b8c47df1e,2024-06-02 15:20:29.237459+00:00,hu,vaol.hu,vaol.hu,2024-06-02,Több pénzzel és a tévhitek felszámolásával támogatja Bécs a zöldhomlokzatok létesítését,https://www.vaol.hu/helyi-kozelet/2024/06/tobb-penzzel-es-a-tevhitek-felszamolasaval-tamogatja-becs-a-zoldhomlokzatok-letesiteset?utm_source=hirstart&utm_medium=referral&utm_campaign=hiraggregator
19155fa15126b3e2691c2e6b79e47119b6ae1e75995f0eb94268e6963d8c8646,2024-06-02 10:25:06.857618+00:00,hu,kisalfold.hu,kisalfold.hu,2024-06-02,Több pénzzel és a tévhitek felszámolásával támogatja Bécs a zöldhomlokzatok létesítését,https://www.kisalfold.hu/helyi-eletstilus/2024/06/tobb-penzzel-es-a-tevhitek-felszamolasaval-tamogatja-becs-a-zoldhomlokzatok-letesiteset?utm_source=hirstart&utm_medium=referral&utm_campaign=hiraggregator
f0ffe0a7f3116a5ffcd447b501d7fdaf67978deacd609caa23bb2abb7483f51b,2024-05-24 05:25:35.545605+00:00,hu,magyarnemzet.hu,magyarnemzet.hu,2024-05-24,Ádáz küzdelem folyik a környezetvédők és az aktív kertművelők között,https://magyarnemzet.hu/lugas-rovat/2024/05/adaz-kuzdelem-folyik-a-kornyezetvedok-es-az-aktiv-kertmuvelok-kozott?utm_source=hirstart&utm_medium=referral&utm_campaign=hiraggregator
6ed1b26ca054d79ce91d27104f6236ddbd2fe92d4443a7ad2e2ebf84779dd6ea,2024-05-22 12:34:53.969512+00:00,hu,sonline.hu,sonline.hu,2024-05-22,Agrárkutatásokkal a biológiai sokszínűségért,https://www.sonline.hu/helyi-gazdasag/2024/05/agrarkutatasokkal-a-biologiai-sokszinusegert?utm_source=hirstart&utm_medium=referral&utm_campaign=hiraggregator
abe116e6db7284acae32eef5379fe80d7ecef29f000de728a6b8fa4be58b75a9,2024-05-21 11:35:26.919793+00:00,hu,hirtv.hu,hirtv.hu,2024-05-21,Öt év alatt 184 millió darab új fát ültettek el az Országfásítási Programban + videó,https://hirtv.hu/ahirtvhirei/ot-ev-alatt-184-millio-darab-uj-fat-ultettek-el-az-orszagfasitasi-programban-video-2585555?utm_source=feed&utm_medium=rss
8d918d82ac650f2239ca70f7d688d590a663189f27759dc5717b5dfbd1b8c47e,2024-05-20 16:18:32.070928+00:00,hu,sonline.hu,sonline.hu,2024-05-20,Már 184 millió új fát ültettünk erdeinkben,https://www.sonline.hu/helyi-kozelet/2024/05/mar-184-millio-uj-fat-ultettunk-erdeinkben?utm_source=hirstart&utm_medium=referral&utm_campaign=hiraggregator
a493c2bf9337d20c2b70fab98188c947d44ab69517fbf5595b58cc6951c75966,2024-05-20 15:32:47.357273+00:00,hu,ma.hu,ma.hu,2024-05-20,Nagy István: már 184 millió új fát ültettünk erdeinkben,https://www.ma.hu/belfold/400286/Nagy_Istvan_mar_184_millio_uj_fat_ultettunk_erdeinkben?place=srss
35a26d875cfb74e3bc35ca1023daf5f3077441c8884ff26ce7d10be681fc108c,2024-05-20 13:19:53.830250+00:00,hu,sonline.hu,sonline.hu,2024-05-20,Nagy István: már 184 millió új fát ültettünk erdeinkben (videó,https://www.sonline.hu/hazai-gazdasag/2024/05/nagy-istvan-mar-184-millio-uj-fat-ultettunk-erdeinkben-video?utm_source=hirstart&utm_medium=referral&utm_campaign=hiraggregator
5a5db401bbb9c01dc84a8ac30be74b24a9dece8ebcb6e54ae2f64e5ac63e5fa7,2024-05-20 12:33:18.800924+00:00,hu,veol.hu,veol.hu,2024-05-20,Nagy István: már 184 millió új fát ültettünk erdeinkben (videó,https://www.veol.hu/hazai-gazdasag/2024/05/nagy-istvan-mar-184-millio-uj-fat-ultettunk-erdeinkben-video?utm_source=hirstart&utm_medium=referral&utm_campaign=hiraggregator
a79d3bf7850510b59c4f7365e0e891e74fd644c4401de142b867831cf1ceb145,2024-05-20 12:27:28.077203+00:00,hu,vg.hu,vg.hu,2024-05-20,Nagy István: már 184 millió új fát ültettünk erdeinkben,https://www.vg.hu/vilaggazdasag-magyar-gazdasag/2024/05/nagy-istvan-mar-184-millio-uj-fat-ultettunk-erdeinkben?utm_source=hirstart&utm_medium=referral&utm_campaign=hiraggregator
4b486e900ca06ba75e19eef26bc299e64227b5d2de2fc8acc6007459fa244b18,2024-05-20 11:35:16.712482+00:00,hu,bama.hu,bama.hu,2024-05-20,Nagy István: már 184 millió új fát ültettünk erdeinkben (videó,https://www.bama.hu/hazai-gazdasag/2024/05/nagy-istvan-mar-184-millio-uj-fat-ultettunk-erdeinkben-video?utm_source=hirstart&utm_medium=referral&utm_campaign=hiraggregator
1a9c444485a67a4a163109d4fe3df1879dd1ede51a83a615a2a4cd1ceb334382,2024-05-20 11:31:00.466954+00:00,hu,delmagyar.hu,delmagyar.hu,2024-05-20,Nagy István: már 184 millió új fát ültettünk erdeinkben (videó,https://www.delmagyar.hu/hazai-gazdasag/2024/05/nagy-istvan-mar-184-millio-uj-fat-ultettunk-erdeinkben-video?utm_source=hirstart&utm_medium=referral&utm_campaign=hiraggregator
b5570762dde2e884a5de1774e34f0e8185aff00baca0a6ec82f84e771cfb4648,2024-05-20 11:29:34.657835+00:00,hu,feol.hu,feol.hu,2024-05-20,Nagy István: már 184 millió új fát ültettünk erdeinkben (videó,https://www.feol.hu/hazai-gazdasag/2024/05/nagy-istvan-mar-184-millio-uj-fat-ultettunk-erdeinkben-video?utm_source=hirstart&utm_medium=referral&utm_campaign=hiraggregator
3ae6da440c226ffd42d5e134359b8ae76c4682b33bfc426408250789ae3ce1b7,2024-05-20 11:28:23.669942+00:00,hu,heol.hu,heol.hu,2024-05-20,Nagy István: már 184 millió új fát ültettünk erdeinkben (videó,https://www.heol.hu/hazai-gazdasag/2024/05/nagy-istvan-mar-184-millio-uj-fat-ultettunk-erdeinkben-video?utm_source=hirstart&utm_medium=referral&utm_campaign=hiraggregator
d6c191db182995f09afafc9470a7d9c4738ed2a01b5acc6a439e47e6d75c86d6,2024-05-20 11:25:32.801460+00:00,hu,duol.hu,duol.hu,2024-05-20,Nagy István: már 184 millió új fát ültettünk erdeinkben (videó,https://www.duol.hu/hazai-gazdasag/2024/05/nagy-istvan-mar-184-millio-uj-fat-ultettunk-erdeinkben-video?utm_source=hirstart&utm_medium=referral&utm_campaign=hiraggregator
0cf72a88204288e46e535d780a8a526fbdb76699beb2c9458f7ca576ef576e71,2024-05-20 11:23:56.674906+00:00,hu,teol.hu,teol.hu,2024-05-20,Nagy István: már 184 millió új fát ültettünk erdeinkben (videó,https://www.teol.hu/hazai-gazdasag/2024/05/nagy-istvan-mar-184-millio-uj-fat-ultettunk-erdeinkben-video?utm_source=hirstart&utm_medium=referral&utm_campaign=hiraggregator
08894692cef4d5ff5c14adbda750168871a8ae23f0ef6dc038885d3bba972343,2024-05-20 11:23:44.584086+00:00,hu,haon.hu,haon.hu,2024-05-20,Nagy István: már 184 millió új fát ültettünk erdeinkben (videó,https://www.haon.hu/hazai-gazdasag/2024/05/nagy-istvan-mar-184-millio-uj-fat-ultettunk-erdeinkben-video?utm_source=hirstart&utm_medium=referral&utm_campaign=hiraggregator
38cf14b4682b36e3e6a23b3edbbb5980da4a50034d0d536365515ff36d2d86ab,2024-05-20 11:19:33.214469+00:00,hu,zaol.hu,zaol.hu,2024-05-20,Nagy István: már 184 millió új fát ültettünk erdeinkben (videó,https://www.zaol.hu/hazai-gazdasag/2024/05/nagy-istvan-mar-184-millio-uj-fat-ultettunk-erdeinkben-video?utm_source=hirstart&utm_medium=referral&utm_campaign=hiraggregator
b88b662c0c6ac64171a4671dee3a1436c3e7aeae1d25ab4e3dea59bdd913b483,2024-05-20 11:17:15.826874+00:00,hu,magyarnemzet.hu,magyarnemzet.hu,2024-05-20,Irdatlan mennyiségű fát telepítettek az elmúlt öt évben + videó,https://magyarnemzet.hu/gazdasag/2024/05/irdatlan-mennyisegu-fat-telepitettek-az-elmult-ot-evben-video?utm_source=hirstart&utm_medium=referral&utm_campaign=hiraggregator
c7740f7fc84f4a9f9683bb90011664e309e6a6262c753e67f58f5cb5d78a8401,2024-05-20 10:31:15.556298+00:00,hu,boon.hu,boon.hu,2024-05-20,Nagy István: már 184 millió új fát ültettünk erdeinkben (videó,https://www.boon.hu/hazai-gazdasag/2024/05/nagy-istvan-mar-184-millio-uj-fat-ultettunk-erdeinkben-video?utm_source=hirstart&utm_medium=referral&utm_campaign=hiraggregator
cbd6a90bf899046f01fab0590e9937bb9ef578011594d86a21155e82e1ba5ff2,2024-05-20 10:28:25.801203+00:00,hu,vaol.hu,vaol.hu,2024-05-20,Nagy István: már 184 millió új fát ültettünk erdeinkben (videó,https://www.vaol.hu/hazai-gazdasag/2024/05/nagy-istvan-mar-184-millio-uj-fat-ultettunk-erdeinkben-video?utm_source=hirstart&utm_medium=referral&utm_campaign=hiraggregator
2ebdc7196d5e9b9bef9f41e42ada9c9ac18cb80145618b88369bf1320280d74b,2024-05-20 10:21:56.533529+00:00,hu,szoljon.hu,szoljon.hu,2024-05-20,Nagy István: már 184 millió új fát ültettünk erdeinkben (videó,https://www.szoljon.hu/hazai-gazdasag/2024/05/nagy-istvan-mar-184-millio-uj-fat-ultettunk-erdeinkben-video?utm_source=hirstart&utm_medium=referral&utm_campaign=hiraggregator
32a35e382396ce680e4c9093fa5ff972971d32a350454efc0d7db3de4ddbfde3,2024-05-20 10:17:30.716200+00:00,hu,kisalfold.hu,kisalfold.hu,2024-05-20,Nagy István: már 184 millió új fát ültettünk erdeinkben (videó,https://www.kisalfold.hu/hazai-gazdasag/2024/05/nagy-istvan-mar-184-millio-uj-fat-ultettunk-erdeinkben-video?utm_source=hirstart&utm_medium=referral&utm_campaign=hiraggregator
9822ac64c7e308c06c3f57c5f9249d7c1e3d79e8ebfb508ba981bb532db59361,2024-05-20 09:33:49.354333+00:00,hu,baon.hu,baon.hu,2024-05-20,Nagy István: már 184 millió új fát ültettünk erdeinkben (videó,https://www.baon.hu/hazai-gazdasag/2024/05/nagy-istvan-mar-184-millio-uj-fat-ultettunk-erdeinkben-video?utm_source=hirstart&utm_medium=referral&utm_campaign=hiraggregator
f905347d3016b7193b0634169a9ecc29c2300cac66f4241b4f0bf6399141b5ba,2024-05-20 09:33:33.156661+00:00,hu,beol.hu,beol.hu,2024-05-20,Nagy István: már 184 millió új fát ültettünk erdeinkben (videó,https://www.beol.hu/hazai-gazdasag/2024/05/nagy-istvan-mar-184-millio-uj-fat-ultettunk-erdeinkben-video?utm_source=hirstart&utm_medium=referral&utm_campaign=hiraggregator
cef2ebbf9557189e957d12b1de49f5ef3141e7201c040eafe91cf326cbdfd517,2024-05-20 09:28:44.851169+00:00,hu,szon.hu,szon.hu,2024-05-20,Nagy István: már 184 millió új fát ültettünk erdeinkben (videó,https://www.szon.hu/hazai-gazdasag/2024/05/nagy-istvan-mar-184-millio-uj-fat-ultettunk-erdeinkben-video?utm_source=hirstart&utm_medium=referral&utm_campaign=hiraggregator
c751bae6cf917f3ced125994d96d2a0f49358f1b732d083f4b8014c496b51e71,2024-05-19 11:21:37.511580+00:00,hu,ma.hu,ma.hu,2024-05-19,Beiktatták hivatalába az új horvát kormányt,https://www.ma.hu/kulfold/400253/Beiktattak_hivatalaba_az_uj_horvat_kormanyt?place=srss
a76256ec532f92b8954ee9d65086000b34f9e7617f201360035e16676514550a,2024-05-18 12:29:19.479081+00:00,hu,kuruc.info,kuruc.info,2024-05-18,- Beiktatták az új horvát kormányt,https://kuruc.info/r/4/273933/
b11802db3f7542ab9b1f499cdf58baa20c9f93c3c39194aab1d4b568be57cb67,2024-05-18 06:23:18.501867+00:00,hu,demokrata.hu,demokrata.hu,2024-05-18,Hivatalba lépett a jobbközép horvát kormány,https://demokrata.hu/vilag/hivatalba-lepett-a-jobbkozep-horvat-kormany-830536/
5eb82a47a611bc229194bd0484b00190b0471e3d5b90d88bccc7718234f0fb97,2024-05-18 04:27:59.289392+00:00,hu,gondola.hu,gondola.hu,2024-05-17,Beiktatták hivatalába az új horvát kormányt,https://gondola.hu/hirek/309069-Beiktattak_hivatalaba_az_uj_horvat_kormanyt.html
c8581978b7c7c33daa863e10db0ed311ad8ec93a83460f5c36d92f4521a0f174,2024-05-17 21:18:45.147042+00:00,hu,portfolio.hu,portfolio.hu,2024-05-17,Beiktatták az új horvát kormányt,https://www.portfolio.hu/global/20240517/beiktattak-az-uj-horvat-kormanyt-686839
5b047a7c972832415bb3f91de4ec2526e22eeea070a62dfb91f3598af3ae22d4,2024-05-10 14:30:48.104259+00:00,hu,azonnali.hu,azonnali.hu,2022-05-11,A válságokból kiutakat mutatnak az ökofeminista közösségek,https://azonnali.hu/cikk/20220511_a-valsagokbol-kiutakat-mutatnak-az-okofeminista-kozossegek
4f043510edc909ff243e5f6d7e1b86c2d31358d6cbbb99848f0f8b1e3effc677,2024-05-10 11:39:46.570061+00:00,hu,demokrata.hu,demokrata.hu,2022-05-13,Maradnak a budapesti méhlegelők,https://demokrata.hu/magyarorszag/maradnak-a-budapesti-mehlegelok-531686/
0acdd45a62492bf6d52d3a1b7752bd53a691d8a02e70dff1b9751b59f05f2579,2024-05-10 06:17:35.058399+00:00,hu,demokrata.hu,demokrata.hu,2022-05-17,Több mint száz pályamű érkezett a Planet Z fenntarthatósági pályázatra,https://demokrata.hu/magyarorszag/tobb-mint-szaz-palyamu-erkezett-a-planet-z-fenntarthatosagi-palyazatra-533267/
0e3634f54e74a8d471964d0b6064f40f7f64676fc5a3d35b235f4b90972b90dc,2024-05-10 05:01:26.296981+00:00,hu,haon.hu,haon.hu,2022-05-18,Ukrajnai sérült madarakat ápolnak a hortobágyi madárkórházban,https://www.haon.hu/helyi-kozelet/2022/05/ukrajnai-serult-madarakat-apolnak-a-hortobagyi-madarkorhazban?utm_source=hirstart&utm_medium=referral&utm_campaign=hiraggregator
d333cfee5d98b9ee602d759053000fe8c285e88a3b880c8c4fea55a5cb6256e2,2024-05-10 03:32:43.147189+00:00,hu,24.hu,24.hu,2022-05-19,"A bálványfa inkább káros, mint hasznos – Nem mindegy, milyen fa van a hazai erdőkben",https://24.hu/elet-stilus/2022/05/19/a-balvanyfa-inkabb-karos-mint-hasznos-nem-mindegy-milyen-fa-van-a-hazai-erdokben/
a2517930471c945b33739887f10c084188e24873a1f25c337a0c22e578b434fc,2024-05-10 01:05:04.911816+00:00,hu,index.hu,index.hu,2022-05-20,"Ha ők nincsenek, a mezőgazdaság nagy bajba kerül",https://index.hu/tudomany/2022/05/20/mehek-vilagnapja-kornyezetvedelem/
14691016ae7064872f969b4d8e61d61f56ce45b75ca3a1cfa4cbd7bf0953faa9,2024-05-09 22:59:33.941085+00:00,hu,magyarnemzet.hu,magyarnemzet.hu,2022-05-21,Szomjas föld,https://magyarnemzet.hu/lugas-rovat/2022/05/szomjas-fold?utm_source=hirstart&utm_medium=referral&utm_campaign=hiraggregator
5080f926976878c3f57f46d310dd8728ac5b3cc629e114ee0ef675d40c393d4b,2024-05-09 21:22:16.333619+00:00,hu,infostart.hu,infostart.hu,2022-05-22,Átadták a Néprajzi Múzeum új épületét,https://infostart.hu/belfold/2022/05/22/atadtak-a-neprajzi-muzeum-uj-epuletet-a-nap-hirei
0b2bceb5e510a2a5c9ce10f7c4123e5e4363b40e4960d4d668efe85deceabba2,2024-05-09 20:26:42.557419+00:00,hu,demokrata.hu,demokrata.hu,2022-05-23,Áder János: fontos a biodiverzitás megőrzése,https://demokrata.hu/zold-jovo/ader-janos-fontos-a-biodiverzitas-megorzese-535534/
252a41774781a5488a65482893a3fd0a855cbc228738f8f174d1bcef012504d4,2024-05-09 20:03:17.542412+00:00,hu,sonline.hu,sonline.hu,2022-05-23,Áder János a biodiverzitás fontosságáról beszélgetett podcastjában,https://www.sonline.hu/egyperces/2022/05/ader-janos-a-biodiverzitas-fontossagarol-beszelgetett-podcastjaban?utm_source=hirstart&utm_medium=referral&utm_campaign=hiraggregator
20cc6f0e0f488ad0a5018da619e4e5a2bffe31929f7bd59b6b7e86a62800d6f8,2024-05-09 20:01:42.383327+00:00,hu,teol.hu,teol.hu,2022-05-23,Áder János a biodiverzitás fontosságáról beszélgetett podcastjában,https://www.teol.hu/egyperces/2022/05/ader-janos-a-biodiverzitas-fontossagarol-beszelgetett-podcastjaban?utm_source=hirstart&utm_medium=referral&utm_campaign=hiraggregator
15c1831438712f43ed87bf597bdcf30e9770acd219ed6b14955390395f7de09b,2024-05-09 20:01:33.175494+00:00,hu,szon.hu,szon.hu,2022-05-23,Áder János a biodiverzitás fontosságáról beszélgetett podcastjában,https://www.szon.hu/egyperces/2022/05/ader-janos-a-biodiverzitas-fontossagarol-beszelgetett-podcastjaban?utm_source=hirstart&utm_medium=referral&utm_campaign=hiraggregator
7da4ad9afce58affe4336aebf3d4031256d76f35e4f744ee3cea0d8da186d3ec,2024-05-09 20:01:30.352309+00:00,hu,heol.hu,heol.hu,2022-05-23,Áder János a biodiverzitás fontosságáról beszélgetett podcastjában,https://www.heol.hu/egyperces/2022/05/ader-janos-a-biodiverzitas-fontossagarol-beszelgetett-podcastjaban?utm_source=hirstart&utm_medium=referral&utm_campaign=hiraggregator
f1c9ecbfa915069949abbe529ec642e9fb571fd0a333585d1f8a4c60f81ea8cb,2024-05-09 20:00:45.688479+00:00,hu,kisalfold.hu,kisalfold.hu,2022-05-23,Áder János a biodiverzitás fontosságáról beszélgetett podcastjában,https://www.kisalfold.hu/egyperces/2022/05/ader-janos-a-biodiverzitas-fontossagarol-beszelgetett-podcastjaban?utm_source=hirstart&utm_medium=referral&utm_campaign=hiraggregator
23f81932a3c0f17942c1da0beb9ae0872067a00327f5d5648e7dbdb12f7191ee,2024-05-09 20:00:24.402711+00:00,hu,feol.hu,feol.hu,2022-05-23,Áder János a biodiverzitás fontosságáról beszélgetett podcastjában,https://www.feol.hu/egyperces/2022/05/ader-janos-a-biodiverzitas-fontossagarol-beszelgetett-podcastjaban?utm_source=hirstart&utm_medium=referral&utm_campaign=hiraggregator
8d1353ed374f78a22ee2a78fce21fc333839957714eb880dac46ae8be8bf930c,2024-05-09 20:00:10.215909+00:00,hu,duol.hu,duol.hu,2022-05-23,Áder János a biodiverzitás fontosságáról beszélgetett podcastjában,https://www.duol.hu/egyperces/2022/05/ader-janos-a-biodiverzitas-fontossagarol-beszelgetett-podcastjaban?utm_source=hirstart&utm_medium=referral&utm_campaign=hiraggregator
3a73741a3970bb5a5fe11354eebbe53a9371a4ec5d364438fe1c9bc1804efb8a,2024-05-09 20:00:02.613733+00:00,hu,baon.hu,baon.hu,2022-05-23,Áder János a biodiverzitás fontosságáról beszélgetett podcastjában,https://www.baon.hu/egyperces/2022/05/ader-janos-a-biodiverzitas-fontossagarol-beszelgetett-podcastjaban?utm_source=hirstart&utm_medium=referral&utm_campaign=hiraggregator
9acb60425d4b6c603da24baf11523b247aee8da76416d6ed8f97164d9b6f43f8,2024-05-09 19:59:57.187169+00:00,hu,veol.hu,veol.hu,2022-05-23,Áder János a biodiverzitás fontosságáról beszélgetett podcastjában,https://www.veol.hu/egyperces/2022/05/ader-janos-a-biodiverzitas-fontossagarol-beszelgetett-podcastjaban?utm_source=hirstart&utm_medium=referral&utm_campaign=hiraggregator
8e73212a3421df83a0ce1e1e142a3c14fa0a1ed34f390342ec59ad114dcf2e92,2024-05-09 19:59:39.963422+00:00,hu,vaol.hu,vaol.hu,2022-05-23,Áder János a biodiverzitás fontosságáról beszélgetett podcastjában,https://www.vaol.hu/egyperces/2022/05/ader-janos-a-biodiverzitas-fontossagarol-beszelgetett-podcastjaban?utm_source=hirstart&utm_medium=referral&utm_campaign=hiraggregator
a08b8296a7931183d0295ac499859a54ed7a091e422d418e91a33f73ea34e902,2024-05-09 19:59:38.056078+00:00,hu,beol.hu,beol.hu,2022-05-23,Áder János a biodiverzitás fontosságáról beszélgetett podcastjában,https://www.beol.hu/egyperces/2022/05/ader-janos-a-biodiverzitas-fontossagarol-beszelgetett-podcastjaban?utm_source=hirstart&utm_medium=referral&utm_campaign=hiraggregator
72885ead82ba2d7b4b2192d1aeec2188f01cdba9603736c24824f13093b6cba7,2024-05-09 19:59:17.606306+00:00,hu,haon.hu,haon.hu,2022-05-23,Áder János a biodiverzitás fontosságáról beszélgetett podcastjában,https://www.haon.hu/egyperces/2022/05/ader-janos-a-biodiverzitas-fontossagarol-beszelgetett-podcastjaban?utm_source=hirstart&utm_medium=referral&utm_campaign=hiraggregator
bdb162bf6f84e2318e3b2d1f09071bd1b2656d559ebaf7cea7108bc841a45418,2024-05-09 19:58:39.439873+00:00,hu,zaol.hu,zaol.hu,2022-05-23,Áder János a biodiverzitás fontosságáról beszélgetett podcastjában,https://www.zaol.hu/egyperces/2022/05/ader-janos-a-biodiverzitas-fontossagarol-beszelgetett-podcastjaban?utm_source=hirstart&utm_medium=referral&utm_campaign=hiraggregator
834144c0643a9d940950f8835d3460b6f574335ace861cdad888c3e366e91b33,2024-05-09 19:58:30.138123+00:00,hu,szoljon.hu,szoljon.hu,2022-05-23,Áder János a biodiverzitás fontosságáról beszélgetett podcastjában,https://www.szoljon.hu/egyperces/2022/05/ader-janos-a-biodiverzitas-fontossagarol-beszelgetett-podcastjaban?utm_source=hirstart&utm_medium=referral&utm_campaign=hiraggregator
9ad58ad092543e4250f16e90b664ab616a6961078c2a11c93c9e50212722a0e4,2024-05-09 19:58:13.535661+00:00,hu,boon.hu,boon.hu,2022-05-23,Áder János a biodiverzitás fontosságáról beszélgetett podcastjában,https://www.boon.hu/egyperces/2022/05/ader-janos-a-biodiverzitas-fontossagarol-beszelgetett-podcastjaban?utm_source=hirstart&utm_medium=referral&utm_campaign=hiraggregator
8d774d6731759082ca0a383900a88d692592fa075a98be11baa62d45f6467267,2024-05-09 19:58:10.381376+00:00,hu,bama.hu,bama.hu,2022-05-23,Áder János a biodiverzitás fontosságáról beszélgetett podcastjában,https://www.bama.hu/egyperces/2022/05/ader-janos-a-biodiverzitas-fontossagarol-beszelgetett-podcastjaban?utm_source=hirstart&utm_medium=referral&utm_campaign=hiraggregator
88b5c3b48d3a7ff7fe38cd65bb86d4ae03158a9884400804c291e91693a0d102,2024-05-09 19:41:09.944074+00:00,hu,delmagyar.hu,delmagyar.hu,2022-05-23,Áder János a biodiverzitás fontosságáról beszélgetett podcastjában,https://www.delmagyar.hu/egyperces/2022/05/ader-janos-a-biodiverzitas-fontossagarol-beszelgetett-podcastjaban?utm_source=hirstart&utm_medium=referral&utm_campaign=hiraggregator
da8601a0886fb247b13f43459319bd04c28d00e10bcf52442318bd7b8e5b38ec,2024-05-09 19:40:26.138041+00:00,hu,infostart.hu,infostart.hu,2022-05-23,Szakértő: a most zajló 6. kihalási hullám miatt önvédelemre kényszerül az emberiség,https://infostart.hu/tudomany/2022/05/23/szakerto-a-most-zajlo-6-kihalasi-hullam-miatt-onvedelemre-kenyszerul-az-emberiseg
59c45a30d2d9e70556f6818b4dbfc2973698aeda38fe70ae3315d20e46d2b68f,2024-05-09 13:47:27.430329+00:00,hu,delmagyar.hu,delmagyar.hu,2022-05-26,Fórum az új agrárstratégiáról,https://www.delmagyar.hu/helyi-eletstilus/2022/05/forum-az-uj-agrarstrategiarol?utm_source=hirstart&utm_medium=referral&utm_campaign=hiraggregator
06717bfc8dc28c35fd4327315d0c6b49768f910811c440ba7e4a4366b08fecd8,2024-05-09 06:36:08.693037+00:00,hu,demokrata.hu,demokrata.hu,2022-06-01,Agrárminisztérium: 120 éves a Magyar Állami Méhészeti Gazdaság,https://demokrata.hu/gazdasag/agrarminiszterium-120-eves-a-magyar-allami-meheszeti-gazdasag-539156/
b716f7a54c46970bf28543d68949b48c7e84088f665c1f3d4a8a02fddd204ad4,2024-05-09 06:35:20.603160+00:00,hu,hirtv.hu,hirtv.hu,2022-06-01,"AM: 120 éves a ""Magyar Állami Méhészeti Gazdaság""",http://hirtv.hu/hirtv_gazdasagi_hirei/am-120-eves-a-magyar-allami-meheszeti-gazdasag-2546137?utm_source=feed&utm_medium=rss
49598de7a042973a0c172bfbe4d1c5681a514aec1d9a3a14900d79e7c62b0844,2024-05-08 23:42:06.233958+00:00,hu,demokrata.hu,demokrata.hu,2022-06-05,A génmegőrzéstől az aktív turizmusig,https://demokrata.hu/magyarorszag/a-genmegorzestol-az-aktiv-turizmusig-538870/
ace4e685ae7ab527660141d32384c7439f27e1732ac58165079f19b777904f28,2024-05-08 21:47:13.322410+00:00,hu,teol.hu,teol.hu,2022-06-06,A méhek a lényeg – interaktív bábelőadás sorozat gyerekeknek,https://www.teol.hu/egyperces/2022/06/a-mehek-a-lenyeg-interaktiv-babeloadas-sorozat-gyerekeknek?utm_source=hirstart&utm_medium=referral&utm_campaign=hiraggregator
53b11e7d5008bd95c5665f8b7d99831fb52ce6395fb34ff102deba9b52f6d30c,2024-05-08 21:46:21.623454+00:00,hu,szoljon.hu,szoljon.hu,2022-06-06,A méhek a lényeg – interaktív bábelőadás sorozat gyerekeknek,https://www.szoljon.hu/egyperces/2022/06/a-mehek-a-lenyeg-interaktiv-babeloadas-sorozat-gyerekeknek?utm_source=hirstart&utm_medium=referral&utm_campaign=hiraggregator
14c54f571898ab25a1873e0a89812d9772604768838b36c8d0378a716dde964f,2024-05-08 21:46:17.009174+00:00,hu,sonline.hu,sonline.hu,2022-06-06,A méhek a lényeg – interaktív bábelőadás sorozat gyerekeknek,https://www.sonline.hu/egyperces/2022/06/a-mehek-a-lenyeg-interaktiv-babeloadas-sorozat-gyerekeknek?utm_source=hirstart&utm_medium=referral&utm_campaign=hiraggregator
20771cf4207bffa79441defdcc583714cfaea78cad5dd7eacf848cc0b7975adf,2024-05-08 21:46:15.583606+00:00,hu,heol.hu,heol.hu,2022-06-06,A méhek a lényeg – interaktív bábelőadás sorozat gyerekeknek,https://www.heol.hu/egyperces/2022/06/a-mehek-a-lenyeg-interaktiv-babeloadas-sorozat-gyerekeknek?utm_source=hirstart&utm_medium=referral&utm_campaign=hiraggregator
8defefaf15694ae9711ea51b463b3cab4fc84d128e1ca427af669f5bcc4fd47c,2024-05-08 21:46:14.912691+00:00,hu,baon.hu,baon.hu,2022-06-06,A méhek a lényeg – interaktív bábelőadás sorozat gyerekeknek,https://www.baon.hu/egyperces/2022/06/a-mehek-a-lenyeg-interaktiv-babeloadas-sorozat-gyerekeknek?utm_source=hirstart&utm_medium=referral&utm_campaign=hiraggregator
7c40b3cda1a4dc903838e272f53081a75ffa99893402fcf10d78903ee3b0d36b,2024-05-08 21:46:08.183061+00:00,hu,kisalfold.hu,kisalfold.hu,2022-06-06,A méhek a lényeg – interaktív bábelőadás sorozat gyerekeknek,https://www.kisalfold.hu/egyperces/2022/06/a-mehek-a-lenyeg-interaktiv-babeloadas-sorozat-gyerekeknek?utm_source=hirstart&utm_medium=referral&utm_campaign=hiraggregator
2c0cf34d1850381dd08fc41894e5a6ce6cc5cb14f965af497d1071750de303d3,2024-05-08 21:46:07.989297+00:00,hu,bama.hu,bama.hu,2022-06-06,A méhek a lényeg – interaktív bábelőadás sorozat gyerekeknek,https://www.bama.hu/egyperces/2022/06/a-mehek-a-lenyeg-interaktiv-babeloadas-sorozat-gyerekeknek?utm_source=hirstart&utm_medium=referral&utm_campaign=hiraggregator
343d14dbc1ca99338d6813f6fd8b6409dc50e835ef7bff0d919f9f4fc57ee6b5,2024-05-08 21:46:05.040016+00:00,hu,feol.hu,feol.hu,2022-06-06,A méhek a lényeg – interaktív bábelőadás sorozat gyerekeknek,https://www.feol.hu/egyperces/2022/06/a-mehek-a-lenyeg-interaktiv-babeloadas-sorozat-gyerekeknek?utm_source=hirstart&utm_medium=referral&utm_campaign=hiraggregator
89646caf52e89a49b7a03aba1acf3d31f556ae086be1f3d11f70c0d55601a102,2024-05-08 21:46:04.832734+00:00,hu,duol.hu,duol.hu,2022-06-06,A méhek a lényeg – interaktív bábelőadás sorozat gyerekeknek,https://www.duol.hu/egyperces/2022/06/a-mehek-a-lenyeg-interaktiv-babeloadas-sorozat-gyerekeknek?utm_source=hirstart&utm_medium=referral&utm_campaign=hiraggregator
f4d563580ad75ab1b12d54fcaf8a1ec719ea219c8bed72e0282b26dd24cdce28,2024-05-08 21:46:02.424421+00:00,hu,zaol.hu,zaol.hu,2022-06-06,A méhek a lényeg – interaktív bábelőadás sorozat gyerekeknek,https://www.zaol.hu/egyperces/2022/06/a-mehek-a-lenyeg-interaktiv-babeloadas-sorozat-gyerekeknek?utm_source=hirstart&utm_medium=referral&utm_campaign=hiraggregator
6be808fb149e194ab455f46075a9d47d0243f657e69b893c8908c956b6b8a132,2024-05-08 21:46:01.330424+00:00,hu,szon.hu,szon.hu,2022-06-06,A méhek a lényeg – interaktív bábelőadás sorozat gyerekeknek,https://www.szon.hu/egyperces/2022/06/a-mehek-a-lenyeg-interaktiv-babeloadas-sorozat-gyerekeknek?utm_source=hirstart&utm_medium=referral&utm_campaign=hiraggregator
ab17c30b3ec28bee23b0549ec355962f9ec5bdd09e805b38df3d91d4ed3639a9,2024-05-08 21:46:00.592870+00:00,hu,beol.hu,beol.hu,2022-06-06,A méhek a lényeg – interaktív bábelőadás sorozat gyerekeknek,https://www.beol.hu/egyperces/2022/06/a-mehek-a-lenyeg-interaktiv-babeloadas-sorozat-gyerekeknek?utm_source=hirstart&utm_medium=referral&utm_campaign=hiraggregator
ca9436b45c7ac709c7a9ec0414ac9a3e472b64d43eb3b7e9f63bb87a72ef346e,2024-05-08 21:45:56.397795+00:00,hu,boon.hu,boon.hu,2022-06-06,A méhek a lényeg – interaktív bábelőadás sorozat gyerekeknek,https://www.boon.hu/egyperces/2022/06/a-mehek-a-lenyeg-interaktiv-babeloadas-sorozat-gyerekeknek?utm_source=hirstart&utm_medium=referral&utm_campaign=hiraggregator
96e89238b0adf4ab40ebee627972407feb9e177ff34c7ae7945715228ea15462,2024-05-08 21:45:01.986797+00:00,hu,haon.hu,haon.hu,2022-06-06,A méhek a lényeg – interaktív bábelőadás sorozat gyerekeknek,https://www.haon.hu/egyperces/2022/06/a-mehek-a-lenyeg-interaktiv-babeloadas-sorozat-gyerekeknek?utm_source=hirstart&utm_medium=referral&utm_campaign=hiraggregator
183a827ce71156ee7ceb22093b771e5fce3970628786973555a7821d354ca550,2024-05-08 21:44:40.614042+00:00,hu,delmagyar.hu,delmagyar.hu,2022-06-06,A méhek a lényeg – interaktív bábelőadás sorozat gyerekeknek,https://www.delmagyar.hu/egyperces/2022/06/a-mehek-a-lenyeg-interaktiv-babeloadas-sorozat-gyerekeknek?utm_source=hirstart&utm_medium=referral&utm_campaign=hiraggregator
9c05d2d3f5e99f93efa1c0e24b7307254e4b57ec7979854d78f9b6fd17fa022c,2024-05-08 21:44:38.846188+00:00,hu,veol.hu,veol.hu,2022-06-06,A méhek a lényeg – interaktív bábelőadás sorozat gyerekeknek,https://www.veol.hu/egyperces/2022/06/a-mehek-a-lenyeg-interaktiv-babeloadas-sorozat-gyerekeknek?utm_source=hirstart&utm_medium=referral&utm_campaign=hiraggregator
856c3e8d719f596875982878f040a86599c5b37494b81f3e2790f5ab5caa6550,2024-05-08 21:43:17.197980+00:00,hu,vaol.hu,vaol.hu,2022-06-06,A méhek a lényeg – interaktív bábelőadás sorozat gyerekeknek,https://www.vaol.hu/egyperces/2022/06/a-mehek-a-lenyeg-interaktiv-babeloadas-sorozat-gyerekeknek?utm_source=hirstart&utm_medium=referral&utm_campaign=hiraggregator
8f2533a33e82f31bf3812053818a9cd94deaeeb9eed56c8675332dcac7ec9241,2024-05-08 18:33:21.689681+00:00,hu,vg.hu,vg.hu,2024-05-08,"Orangutánt kaphat, aki pálmaolajat vesz",https://www.vg.hu/kozelet/2024/05/orangutan-palmaolaj-malajzia?utm_source=hirstart&utm_medium=referral&utm_campaign=hiraggregator
c61848f0a8e66fb8f6372bb110478613adbadacce6d6d326569fa909f49cfec5,2024-05-08 09:33:34.481361+00:00,hu,blikk.hu,blikk.hu,2022-06-13,Így lehet állatbarát a kertünk!,https://www.blikk.hu/eletmod/tippek/allatbarat-kert-tanacsok-tippek/3q9n0p3
9243d1dd9fe172e2f0634c6949dd546c0f6dc318a218bba588751c4aa59b52c0,2024-05-07 21:13:36.518777+00:00,hu,teol.hu,teol.hu,2022-06-21,A megfigyelés örömével is gazdagodhatunk,https://www.teol.hu/helyi-eletstilus/2022/06/a-megfigyeles-oromevel-is-gazdagodhatunk?utm_source=hirstart&utm_medium=referral&utm_campaign=hiraggregator
6b099832a6f8220c6923a821a8cf58b5f2e533000d132070e7c25da175facd5e,2024-05-07 21:09:42.541747+00:00,hu,nemzetisport.hu,nemzetisport.hu,2022-06-21,Tart a falusi túlélőshow – nem kér a digitális karámból a „Gerecse,https://www.nemzetisport.hu/egyeb_egyeni/tart-a-falusi-tuleloshow-nem-ker-a-digitalis-karambol-a-gerecse-medveje-2898881
ef24b7c21e580fbd90f70c7b7179227dd52a3ded2afe3c80cf48c246a14e935e,2024-05-07 17:07:22.226408+00:00,hu,origo.hu,origo.hu,2022-06-23,Helyet a természetnek!,https://www.origo.hu/tudomany/20220623-termeszetvedelem.html
7acd5d206fd672ea1514a3c06f12188707c9a9e0431f85316681207b3df7283d,2024-05-07 14:31:39.183063+00:00,hu,infostart.hu,infostart.hu,2022-06-25,"Még pár év, és néhány helyen már egyáltalán nem lehetne növényvédőzni",https://infostart.hu/gazdasag/2022/06/25/meg-par-ev-es-nehany-helyen-mar-egyaltalan-nem-lehetne-novenyvedozni
914841628bd9bec488e710dc193cf18ff5bfde89155af173babba1bba161582f,2024-05-07 13:01:20.622315+00:00,hu,infostart.hu,infostart.hu,2022-06-27,"Van, ahol már a rovarok felét elpusztította az ember",https://infostart.hu/tudomany/2022/06/27/van-ahol-mar-a-rovarok-felet-elpusztitotta-az-ember
d494f184657ebe76884540d17946008fdb45f58c03f3807ce62b9e210102ffd3,2024-05-07 12:17:14.669673+00:00,hu,origo.hu,origo.hu,2022-06-27,Az európai édesvízi biodiverzitás védelmi prioritásai,https://www.origo.hu/tudomany/20220627-biodiverzitas.html
ced462c96dcc6fe9758f2d2b4dd5bb91fd3bd9160633143eae6752302aa421e3,2024-05-07 11:05:05.611624+00:00,hu,origo.hu,origo.hu,2022-06-28,"Győri Édes, Pilóta, Háztartási keksz: ennek a gyártói bejelentésnek sokan örülni fognak",https://www.origo.hu/gazdasag/20220628-magyarorszagon-boviti-tovabb-egy-amerikai-oriasceg-a-fenntarthato-buzatermesztesi-programjat.html
020c683a385528688e1fa8676d69d3874be88ad366b58949476b2806871ca67b,2024-05-07 08:21:10.704502+00:00,hu,hvg.hu,hvg.hu,2022-06-30,Veszíthet és nyerhet is a hazai borászat a klímaváltozással,http://hvg.hu/gazdasag/20220630_klimavaltozas_hatasa_a_szoleszetre_boraszatra_toth_patricia_molnar_akos#rss
61a236958bdc91147abca2d5ecd8914212b05621027174be9f78173f912f53d7,2024-05-07 04:02:18.839200+00:00,hu,hvg.hu,hvg.hu,2022-07-04,A klímaváltozás miatt száradt ki egy horgásztó Baranyában,http://hvg.hu/gazdasag.zhvg/20220704_Bicserd_horgaszto_kiszaradas_klimavaltozas#rss
9799bea3cd4443e3994ceb499f4299dbc97ae451fdefe88802e875fd613feef3,2024-05-06 22:26:40.319647+00:00,hu,origo.hu,origo.hu,2022-07-06,Bővült az Ökológiai Kutatóközpont dunai planktonmonitoring-programja,https://www.origo.hu/tudomany/20220706-uj-mintaveteli-ponttal-bovult-az-okologiai-kutatokozpont-dunai-planktonmonitoringprogramja.html
62644313067a4b1b05a7012339b463a97b381359cd2d31680ecc558830d41f4d,2024-05-06 07:56:11.862364+00:00,hu,24.hu,24.hu,2022-07-14,Felemás itthon az édesvízi élőhelyek állapota,https://24.hu/tudomany/2022/07/14/biodiverzitas-magyarorszag-okologiai-kutatokozpont-edesvizi-biologiai-sokfeleseg/
32b953ad681806f22a0692ae6d29b5d75cabaa99e82320dacd4576d13d131665,2024-05-06 07:52:05.251737+00:00,hu,origo.hu,origo.hu,2022-07-14,Így őrizhetők meg az édesvízi halak és más élőlények a jővő generációknak,https://www.origo.hu/tudomany/20220714-atfogo-elemzes-keszult-az-europai-edesvizi-biodiverzitas-vedelmenek-legfontosabb-szempontjairol.html
60a8fbc32d02ca40e5f33fa5c7d5db4e1c2664bfee4fcc7b8ad167c57f26f721,2024-05-05 14:48:02.475221+00:00,hu,24.hu,24.hu,2022-07-23,Többszáz milliárdos kárt okoz itthon az aszály,https://24.hu/tudomany/2022/07/23/aszaly-szarazsag-magyarorszag-hatasok-karok-pinke-zsolt/
ea6ce640781a49fd26d912505fe28eff2b8d66fb77d7f5902a146df820ff1ade,2024-05-05 10:59:11.381181+00:00,hu,azonnali.hu,azonnali.hu,2022-07-24,"Használjuk a Balatont, ahelyett, hogy együtt élnénk vele – és így vagyunk az egész világgal",https://azonnali.hu/cikk/20220724_hasznaljuk-a-balatont-ahelyett-hogy-egyutt-elnenk-vele-es-igy-vagyunk-az-egesz-vilaggal
a1d425713254a405ae1f2fd73d37200f122f23a9dfa439a361e993aed351c437,2024-05-04 08:58:59.163397+00:00,hu,origo.hu,origo.hu,2022-08-04,Oázis az aszályban  Egy megújult vizes élőhely a Gödöllői-dombságban,https://www.origo.hu/tudomany/20220804-godolloi-dombsag.html
01921b245c25f1f610f1ea5629a19b2bae9bb1901302d1ee677e0145dd2a752b,2024-05-04 08:19:16.342708+00:00,hu,portfolio.hu,portfolio.hu,2022-08-05,"Brutális fakitermelés kezdődhet Magyarországon, aminek nagy ára lesz",https://www.portfolio.hu/gazdasag/20220805/brutalis-fakitermeles-kezdodhet-magyarorszagon-aminek-nagy-ara-lesz-559729
104b10114c3871a01622154fc189a0bba5962e3754aa05458edf50d818d5ed33,2024-05-04 05:11:36.594158+00:00,hu,hvg.hu,hvg.hu,2022-08-08,"A termőtalajaink is kiszáradnak, pedig van módszer, amivel ez visszafordítható",http://hvg.hu/gazdasag.zhvg/20220808_klimavaltozas_aszaly_termotalaj_nedvesseg_talajvizutanpotlas_vizvisszatartas#rss
6973338fa1fc8908bd001723a695ea59619933df317c33c27d2575b233010091,2024-05-04 04:48:17.699041+00:00,hu,hvg.hu,hvg.hu,2022-08-08,"Látogatóba mentünk egy sztártehénhez és megtudtuk, hogyan járhatna kisebb környezeti kárral a tejtermelés",http://hvg.hu/kkv/20220808_karbonsemleges_tej_bretagne_bretonne_pie_noir#rss
2eb45db341e421b77659f54058edcd8334a6b1ce903ffe1203cb65bba22f30e3,2024-05-04 02:25:20.901313+00:00,hu,origo.hu,origo.hu,2022-08-10,Így terjesztik a vízimadarak a baktériumokat,https://www.origo.hu/tudomany/20220810-az-ok-kutatoinak-vezetesevel-dnsalapu-modszerekkel-vizsgaltak-a-vizimadarak-szerepet-a-vizi.html
6dfb16b9b4b424bf7b28710db5ca4c58043c03bb802c2699e91586b85dabe6a3,2024-05-04 02:16:17.186777+00:00,hu,merce.hu,merce.hu,2022-08-10,Az MTA kutatóközpontja szerint is értelmetlen feláldozni a védett erdeinket « Mérce,https://merce.hu/2022/08/10/az-mta-kutatokozpontja-szerint-is-ertelmetlen-felaldozni-a-vedett-erdeinket/
0a1cf5ae13875a63f801f1adabbf38bc4cb812b37ed23ceec4342e3ffe032bbb,2024-05-04 02:10:54.077931+00:00,hu,444.hu,444.hu,2022-08-10,"MTA: a tűzifarendelet Magyarország legszebb, legértékesebb erdeit veszélyezteti",https://444.hu/2022/08/10/mta-a-tuzifarendelet-magyarorszag-legszebb-legertekesebb-erdeit-veszelyezteti?utm_source=rss_feed&utm_medium=rss&utm_campaign=rss_syndication
15c46721053f55fdcfb6fdda08c28ba83e5e19d7f040b21a30b2bc448b33ffc7,2024-05-04 02:06:09.193520+00:00,hu,24.hu,24.hu,2022-08-10,"Tiltakozik az MTA is Orbán ""tűzifa-rendelete"" ellen",https://24.hu/belfold/2022/08/10/tuzifa-rendelet-orban-viktor-mta-tiltakozas/
55b48bac779874b4bd435ede6330be39af2326940f5b9ceb8136c5976fd5a753,2024-05-04 01:16:10.232351+00:00,hu,magyarnemzet.hu,magyarnemzet.hu,2022-08-11,Érzelmek helyett tények: az erdészek nem terveznek erdőirtást,https://magyarnemzet.hu/belfold/2022/08/erzelmek-helyett-tenyek-az-erdeszek-nem-terveznek-erdoirtast
cce3aea48992846dbbd57850c9ea069c05b809ad38adcc758cc944da09b46f83,2024-05-04 01:02:45.470910+00:00,hu,24.hu,24.hu,2022-08-11,"Egyre fogy a időnk, egyre sürgetőbb a változás, de ha gyökeresen átalakítjuk az emberi kultúrát, fennmaradhatunk""",https://24.hu/belfold/2022/08/11/takacs-santa-andras-klimavaltozas-globalis-krizis-vita-interju/
c7111677a72406cb93a40710597bbdae73eafd561180d6798442163b9bd6bfdb,2024-05-03 23:43:11.471127+00:00,hu,24.hu,24.hu,2022-08-12,"Mégsem zajlik a hatodik kihalási esemény, de gyorsan haladunk felé",https://24.hu/tudomany/2022/08/12/hatodik-kihalasi-esemeny-klimavaltozas-termeszetvedelem/
2628cbe47da6803b9cd9aae82794f26ec2bc35e34929458fca96b96a08e87306,2024-05-03 22:14:14.556942+00:00,hu,teol.hu,teol.hu,2022-08-13,Rájöttek a kutatók: így terjesztik a vízimadarak a baktériumokat,https://www.teol.hu/egyperces/2022/08/rajottek-a-kutatok-igy-terjesztik-a-vizimadarak-a-bakteriumokat?utm_source=hirstart&utm_medium=referral&utm_campaign=hiraggregator
dcfc803fd9b3f701b265fa47a44d3ab0ab4445d558a95a75925348e9e0b3aa54,2024-05-03 22:13:51.491467+00:00,hu,duol.hu,duol.hu,2022-08-13,Rájöttek a kutatók: így terjesztik a vízimadarak a baktériumokat,https://www.duol.hu/egyperces/2022/08/rajottek-a-kutatok-igy-terjesztik-a-vizimadarak-a-bakteriumokat?utm_source=hirstart&utm_medium=referral&utm_campaign=hiraggregator
8a6b9de26f515d24b786cf58c13962a4ddec41a4aa4af1a2ab17737a5ae9b663,2024-05-03 22:13:45.699846+00:00,hu,zaol.hu,zaol.hu,2022-08-13,Rájöttek a kutatók: így terjesztik a vízimadarak a baktériumokat,https://www.zaol.hu/egyperces/2022/08/rajottek-a-kutatok-igy-terjesztik-a-vizimadarak-a-bakteriumokat?utm_source=hirstart&utm_medium=referral&utm_campaign=hiraggregator
76d95dce10bc9921870c83b28371b502f41ac5c25390f56096424abe02f443de,2024-05-03 22:13:16.275149+00:00,hu,veol.hu,veol.hu,2022-08-13,Rájöttek a kutatók: így terjesztik a vízimadarak a baktériumokat,https://www.veol.hu/egyperces/2022/08/rajottek-a-kutatok-igy-terjesztik-a-vizimadarak-a-bakteriumokat?utm_source=hirstart&utm_medium=referral&utm_campaign=hiraggregator
b020dc9b5ba21a91fa878aaf1231ad049717fd4da3eb8031a8dc5b0fb93c89c2,2024-05-03 22:13:04.811555+00:00,hu,bama.hu,bama.hu,2022-08-13,Rájöttek a kutatók: így terjesztik a vízimadarak a baktériumokat,https://www.bama.hu/egyperces/2022/08/rajottek-a-kutatok-igy-terjesztik-a-vizimadarak-a-bakteriumokat?utm_source=hirstart&utm_medium=referral&utm_campaign=hiraggregator
fce46425fd547f89a364a170b8f8b1424cb7cfd45acf182b0668dcfbbfe3955e,2024-05-03 22:12:30.567525+00:00,hu,beol.hu,beol.hu,2022-08-13,Rájöttek a kutatók: így terjesztik a vízimadarak a baktériumokat,https://www.beol.hu/egyperces/2022/08/rajottek-a-kutatok-igy-terjesztik-a-vizimadarak-a-bakteriumokat?utm_source=hirstart&utm_medium=referral&utm_campaign=hiraggregator
907e3317bc022164dc8c8cdac0e29e3cef02995d6bf4df43efa6d565e5ee130b,2024-05-03 22:12:25.400196+00:00,hu,baon.hu,baon.hu,2022-08-13,Rájöttek a kutatók: így terjesztik a vízimadarak a baktériumokat,https://www.baon.hu/egyperces/2022/08/rajottek-a-kutatok-igy-terjesztik-a-vizimadarak-a-bakteriumokat?utm_source=hirstart&utm_medium=referral&utm_campaign=hiraggregator
069ec3681b3a16f1ee9e9b787d7e15fbd9a709e8342b71ad37259b4b7e56ae8a,2024-05-03 22:12:23.383625+00:00,hu,szoljon.hu,szoljon.hu,2022-08-13,Rájöttek a kutatók: így terjesztik a vízimadarak a baktériumokat,https://www.szoljon.hu/egyperces/2022/08/rajottek-a-kutatok-igy-terjesztik-a-vizimadarak-a-bakteriumokat?utm_source=hirstart&utm_medium=referral&utm_campaign=hiraggregator
28d85dbf9522ac86cbe979b858d8c678ce1188207c82bffdaf0290dfdd5f87d5,2024-05-03 22:12:16.233230+00:00,hu,kisalfold.hu,kisalfold.hu,2022-08-13,Rájöttek a kutatók: így terjesztik a vízimadarak a baktériumokat,https://www.kisalfold.hu/egyperces/2022/08/rajottek-a-kutatok-igy-terjesztik-a-vizimadarak-a-bakteriumokat?utm_source=hirstart&utm_medium=referral&utm_campaign=hiraggregator
0332442155b812446ed68b04e76d3c311063dae3819c9469bc056de1ec61dedd,2024-05-03 22:12:15.667422+00:00,hu,haon.hu,haon.hu,2022-08-13,Rájöttek a kutatók: így terjesztik a vízimadarak a baktériumokat,https://www.haon.hu/egyperces/2022/08/rajottek-a-kutatok-igy-terjesztik-a-vizimadarak-a-bakteriumokat?utm_source=hirstart&utm_medium=referral&utm_campaign=hiraggregator
5d13915f0e3588583e1a2cec9649b9de8d8543c002aef26960fe96a07f167ade,2024-05-03 22:12:12.817811+00:00,hu,delmagyar.hu,delmagyar.hu,2022-08-13,Rájöttek a kutatók: így terjesztik a vízimadarak a baktériumokat,https://www.delmagyar.hu/egyperces/2022/08/rajottek-a-kutatok-igy-terjesztik-a-vizimadarak-a-bakteriumokat?utm_source=hirstart&utm_medium=referral&utm_campaign=hiraggregator
7a94e5bcc3d4f57afe72a7065a53ede0456ad97c2101cfa36f16ee97738d6037,2024-05-03 22:12:06.066651+00:00,hu,vaol.hu,vaol.hu,2022-08-13,Rájöttek a kutatók: így terjesztik a vízimadarak a baktériumokat,https://www.vaol.hu/egyperces/2022/08/rajottek-a-kutatok-igy-terjesztik-a-vizimadarak-a-bakteriumokat?utm_source=hirstart&utm_medium=referral&utm_campaign=hiraggregator
424433ac63fb6b7ee417ee163a3a85cea23a61083f4946d922f9ad8abf7b361b,2024-05-03 22:11:56.667210+00:00,hu,sonline.hu,sonline.hu,2022-08-13,Rájöttek a kutatók: így terjesztik a vízimadarak a baktériumokat,https://www.sonline.hu/egyperces/2022/08/rajottek-a-kutatok-igy-terjesztik-a-vizimadarak-a-bakteriumokat?utm_source=hirstart&utm_medium=referral&utm_campaign=hiraggregator
7b832a54f67b208d54aaad343f8b36c65cb959398d4b7775d7a04c46911599f3,2024-05-03 22:11:52.871783+00:00,hu,szon.hu,szon.hu,2022-08-13,Rájöttek a kutatók: így terjesztik a vízimadarak a baktériumokat,https://www.szon.hu/egyperces/2022/08/rajottek-a-kutatok-igy-terjesztik-a-vizimadarak-a-bakteriumokat?utm_source=hirstart&utm_medium=referral&utm_campaign=hiraggregator
74a6f0d9a7bd812471348b4ca9ec137f2f3f44c78a3c86c5d9d7c2c8b8ace950,2024-05-03 22:11:47.957008+00:00,hu,heol.hu,heol.hu,2022-08-13,Rájöttek a kutatók: így terjesztik a vízimadarak a baktériumokat,https://www.heol.hu/egyperces/2022/08/rajottek-a-kutatok-igy-terjesztik-a-vizimadarak-a-bakteriumokat?utm_source=hirstart&utm_medium=referral&utm_campaign=hiraggregator
ac6eba52f935f5d1b7a93cd0f6edf09d1c9f5df86aa2ce0e5375c7af193fe7f2,2024-05-03 22:11:46.824562+00:00,hu,boon.hu,boon.hu,2022-08-13,Rájöttek a kutatók: így terjesztik a vízimadarak a baktériumokat,https://www.boon.hu/egyperces/2022/08/rajottek-a-kutatok-igy-terjesztik-a-vizimadarak-a-bakteriumokat?utm_source=hirstart&utm_medium=referral&utm_campaign=hiraggregator
8c9b8fbb59d3510308bc1e2674ba490915564ae815b9136bac0393fcffda674d,2024-05-03 22:11:45.225303+00:00,hu,feol.hu,feol.hu,2022-08-13,Rájöttek a kutatók: így terjesztik a vízimadarak a baktériumokat,https://www.feol.hu/egyperces/2022/08/rajottek-a-kutatok-igy-terjesztik-a-vizimadarak-a-bakteriumokat?utm_source=hirstart&utm_medium=referral&utm_campaign=hiraggregator
744efb275f5a172bb2f5964cd3f9c2088bd54e6241127b9133d7d97e57a17c41,2024-05-03 17:06:37.158371+00:00,hu,index.hu,index.hu,2022-08-17,Ismét tüntetnek a fakivágás ellen,https://index.hu/belfold/2022/08/17/energia-veszelyhelyzet-tuntetes-fakivagas-tuzifa-rezsi-fakitermeles/
1ace20e2a05d7d1e20ff6876f6a242908ad21959b7a814d87221b7064753b928,2024-05-03 14:06:43.612995+00:00,hu,24.hu,24.hu,2022-08-19,Ez lenne a legjobb erdőgazdálkodási módszer itthon,https://24.hu/tudomany/2022/08/19/okologiai-kutatokozpont-erdogazdalkodas-bolygatas/
3e95930a9f0a7b6473ea222009dcceebf8929d89db62cf800d6cc9a65822fae8,2024-05-03 12:21:27.542287+00:00,hu,portfolio.hu,portfolio.hu,2022-08-21,"Kétségbeesve figyeljük, hogy mi lesz a magyar erdőkkel",https://www.portfolio.hu/uzlet/20220821/ketsegbeesve-figyeljuk-hogy-mi-lesz-a-magyar-erdokkel-folytatodik-a-fakivagasos-huzavona-561627
236241828e5fb78874a78c2175971eab8615d06a92c2237b42f5a5804b0ef0b1,2024-05-03 10:45:34.683456+00:00,hu,origo.hu,origo.hu,2022-08-22,A természetes bolygatást utánzó erdőgazdálkodást javasolnak az ÖK kutatóinak közreműködésével készült nemzetközi tanulmány szerzői,https://www.origo.hu/tudomany/20220822-erdo.html
dd0ab28c9a95013bb692635fed0e3a2de3212e29c202b23ff2fa32d2bb509ef1,2024-05-03 06:58:13.297636+00:00,hu,origo.hu,origo.hu,2022-08-25,Így működjünk együtt az esővel: ássunk övárkokat!,https://www.origo.hu/tudomany/20220824-ovarkok.html
1c14853faa5749f862f8d2a09759b3454a0687f16b2650d82fa3b85c0a77ec7f,2024-05-03 05:04:36.157399+00:00,hu,hvg.hu,hvg.hu,2022-08-26,Hogyan fordítható vissza a felmelegedés?,http://hvg.hu/hvgkonyvek/20220826_Hogyan_fordithato_vissza_a_felmelegedes__Alapfoku_Kerdezzfelelek_a_klima_valtozasarol#rss
c806c3a2253bfa194e912b23595518a1955f0731dc839d45a60f75f05cb6f26f,2024-05-03 03:36:44.146756+00:00,hu,index.hu,index.hu,2022-08-28,"Nem az erdésztől kell félteni az erdőt, de akkor kitől?",https://index.hu/belfold/2022/08/28/pilisi-parkerdo-fakitermeles-tarvagas-visegradi-hegyseg-termeszetvedelem-helyszini-riport/
fef0f7cfb90d0a7eedb731b87e6b74d13ea47c1e8df12da8df005075e32fe5e4,2024-05-03 00:05:58.902577+00:00,hu,444.hu,444.hu,2022-08-30,"A magyarok többsége elutasítja, hogy a kormány az erdők pusztításával kezelje az energiaválságot",https://444.hu/2022/08/30/a-magyarok-tobbsege-elutasitja-hogy-a-kormany-az-erdok-pusztitasaval-kezelje-az-energiavalsagot?utm_source=rss_feed&utm_medium=rss&utm_campaign=rss_syndication
04d3678ec9e2310e4cb27e571af151fe29a8b5700962f847ccffdfe1870c92b9,2024-05-02 23:52:23.464289+00:00,hu,napi.hu,napi.hu,2022-08-30,Nemet mond a magyarok többsége a korlátlan fakivágásra,https://www.napi.hu/magyar-gazdasag/greenpeace-tiltakozas-fakivagas-tarvagas-tuzifarendelet-visszavonasa-energia-veszhelyzet.758830.html
3cf5003c3768e331b216af35e963dad3b6179a1b69f8dc285497339c81711eaa,2024-05-02 23:48:23.917846+00:00,hu,szeretlekmagyarorszag.hu,szeretlekmagyarorszag.hu,2022-08-30,"A magyarok többsége nem akarja, hogy a kormány az erdők pusztításával kezelje az energiaválságot",https://www.szeretlekmagyarorszag.hu/hirek/a-magyarok-tobbsege-nem-akarja-hogy-a-kormany-az-erdok-pusztitasaval-kezelje-az-energiavalsagot/
6df44863c11bd3fcf6e996d11d043842ce543ada3c631709c328a4333e02826f,2024-05-02 21:18:23.896173+00:00,hu,hvg.hu,hvg.hu,2022-08-31,Miért elengedhetetlenek az erdők jóllétünk szempontjából?,http://hvg.hu/hvgkonyvek/20220831_Miert_elengedhetetlenek_az_erdok_jolletunk_szempontjabol#rss
b229a00238d4d5a1c91fb0edec8c14c012597afead7c89efdaaaea6011cf47b0,2024-05-02 20:55:36.395999+00:00,hu,24.hu,24.hu,2022-09-01,Alkotmánybíróságon támadta meg az ellenzék a fakivágós kormányrendeletet,https://24.hu/belfold/2022/09/01/tuzifa-rendelet-fakivagas-alkotmanybirosag/
68f8ab3b66c914d9e956d38e9cf1746ba42d7129f9edb6fa0216af96a23ebf8b,2024-05-02 14:20:46.297337+00:00,hu,napi.hu,napi.hu,2022-09-05,"Budapesten jobban fáj a fák kivágása, mint vidéken",https://www.napi.hu/magyar-gazdasag/budapest-fakivagas-pulzus-kutato-termeszetvedelmi-terulet-kormany-kozvelemeny-videken.759059.html
376cf9e2474d0f6748a1b02bc326e35199f15cfe7c772876e30799ea1fddb554,2024-05-02 07:57:08.327622+00:00,hu,hvg.hu,hvg.hu,2022-09-09,Mentsük meg a méheinket! De ne csak őket!,http://hvg.hu/hvgkonyvek/20220909_Mentsuk_meg_a_meheinket_De_ne_csak_oket#rss
70129b728474b227996558bab0528d77e8b41b061df4ba0d0b7749f5b39ae859,2024-05-02 05:22:04.627288+00:00,hu,napi.hu,napi.hu,2022-09-12,Erdőket védene az uniós biztos,https://www.napi.hu/nemzetkozi-gazdasag/eu-termeszetevedelem-erdo.759625.html
41d9913b2d45fd8acdd56f8657dd307dd30bd3c90f78e96412f8a5b9bb19b604,2024-05-01 16:32:39.272518+00:00,hu,portfolio.hu,portfolio.hu,2022-09-18,"Van egy felbecsülhetetlen kincsünk, amivel még a világ legnagyobb vállalatai sem tudnak mit kezdeni",https://www.portfolio.hu/uzlet/20220918/van-egy-felbecsulhetetlen-kincsunk-amivel-meg-a-vilag-legnagyobb-vallalatai-sem-tudnak-mit-kezdeni-567409
620ced9ecda731d7e1338550e25c6e823cce7bc6869c9effaba7196f4d945cc5,2024-05-01 15:00:19.962528+00:00,hu,portfolio.hu,portfolio.hu,2022-09-19,Idén is karbonsemlegesek a Portfolio konferenciái,https://www.portfolio.hu/uzlet/20220919/iden-is-karbonsemlegesek-a-portfolio-konferenciai-567379
5943c09639f0f76f8492cd6366506b64b3f85a2dfff82cde8e2c315630da4524,2024-05-01 13:21:00.449086+00:00,hu,kisalfold.hu,kisalfold.hu,2024-05-01,KISALFOLD - A kezdetektől napjainkig - A győri Audi több mint három évtizedes története,https://www.kisalfold.hu/helyi-gazdasag/2024/05/gyori-audi-tortenet-motorgyar-autok-alapko-gazdasag-video-fotok?utm_source=hirstart&utm_medium=referral&utm_campaign=hiraggregator
13fd32a8ad500cd125c1b1e11a658dfb5acb0c47756fbd6c8aae78bc74e044c4,2024-05-01 12:47:29.140198+00:00,hu,hvg.hu,hvg.hu,2022-09-20,Hogyan állíthatjuk helyre a tönkretett termőföldeket?,http://hvg.hu/hvgkonyvek/20220920_Hogyan_allithatjuk_helyre_a_tonkretett_termofoldeket#rss
43a77ad71b72363fefc996d8d5c210124db33644b1f42bebd95225f141cf1203,2024-05-01 09:39:09.529047+00:00,hu,origo.hu,origo.hu,2022-09-23,Rovarhotel nyílt a Népligetben,https://www.origo.hu/itthon/20220922-kihelyezesre-kerult-az-elso-rovarhotel-a-nepligetben.html
52f0d5b28deb7787a9b5af5b2d2650fce4033cbdcbc816671d095c37afa0ba4d,2024-05-01 06:51:12.529252+00:00,hu,hvg.hu,hvg.hu,2022-09-25,Hogyan csinálhatunk esőt?,http://hvg.hu/hvgkonyvek/20220925_regeneracio_hogyan_csinalhatunk_esot#rss
22e02a5845b9aae7a6bc16493059777d36f32959bd00af5ca39e565d4cb6e315,2024-05-01 06:24:15.727639+00:00,hu,kisalfold.hu,kisalfold.hu,2022-09-26,Környezetvédelmi hét az Audi Hungariánál,https://www.kisalfold.hu/helyi-gazdasag/2022/09/kornyezetvedelmi-het-az-audi-hungarianal?utm_source=hirstart&utm_medium=referral&utm_campaign=hiraggregator
d7cb8fc1c8487720fae0f6d6c0111ddd876ad76dc6365f5687b5389f68196b0b,2024-05-01 05:07:41.796717+00:00,hu,demokrata.hu,demokrata.hu,2022-09-27,Semjén Zsolt: Magyarország számára kiemelten fontos a vízimadarak védelme,https://demokrata.hu/magyarorszag/semjen-zsolt-magyarorszag-szamara-kiemelten-fontos-a-vizimadarak-vedelme-585939/
dd0f77308da7350694f37aa3e4395a075b1d1281e0e263512a6daeadf705e4ba,2024-05-01 04:50:10.171163+00:00,hu,teol.hu,teol.hu,2022-09-27,Magyarország számára kiemelten fontos a vízimadarak védelme,https://www.teol.hu/egyperces/2022/09/magyarorszag-szamara-kiemelten-fontos-a-vizimadarak-vedelme?utm_source=hirstart&utm_medium=referral&utm_campaign=hiraggregator
52448d0929a8b06d35d4d4d70cedf9ebee706c9fc18724a982d0b2c12ce00a79,2024-05-01 04:49:39.745373+00:00,hu,heol.hu,heol.hu,2022-09-27,Magyarország számára kiemelten fontos a vízimadarak védelme,https://www.heol.hu/egyperces/2022/09/magyarorszag-szamara-kiemelten-fontos-a-vizimadarak-vedelme?utm_source=hirstart&utm_medium=referral&utm_campaign=hiraggregator
f6c42d20f66b1eba0864e41d3eadca849c65dc9e03226be105ddcb708c6eae36,2024-05-01 04:49:34.287331+00:00,hu,beol.hu,beol.hu,2022-09-27,Magyarország számára kiemelten fontos a vízimadarak védelme,https://www.beol.hu/egyperces/2022/09/magyarorszag-szamara-kiemelten-fontos-a-vizimadarak-vedelme?utm_source=hirstart&utm_medium=referral&utm_campaign=hiraggregator
949324b3df40f973423833ab39df2abf7ea94adf459c77549ece5d0b8a222667,2024-05-01 04:49:34.231881+00:00,hu,duol.hu,duol.hu,2022-09-27,Magyarország számára kiemelten fontos a vízimadarak védelme,https://www.duol.hu/egyperces/2022/09/magyarorszag-szamara-kiemelten-fontos-a-vizimadarak-vedelme?utm_source=hirstart&utm_medium=referral&utm_campaign=hiraggregator
ea1112453a82e2bb14b73f53f25f0200ddfbd42b843d4fcb29a746774ddbeccb,2024-05-01 04:49:25.905925+00:00,hu,baon.hu,baon.hu,2022-09-27,Magyarország számára kiemelten fontos a vízimadarak védelme,https://www.baon.hu/egyperces/2022/09/magyarorszag-szamara-kiemelten-fontos-a-vizimadarak-vedelme?utm_source=hirstart&utm_medium=referral&utm_campaign=hiraggregator
52d268fcc0e16fb17c50a69b9d917b97fd4de5243e9609f47401743cfe3e2f17,2024-05-01 04:49:21.999106+00:00,hu,szoljon.hu,szoljon.hu,2022-09-27,Magyarország számára kiemelten fontos a vízimadarak védelme,https://www.szoljon.hu/egyperces/2022/09/magyarorszag-szamara-kiemelten-fontos-a-vizimadarak-vedelme?utm_source=hirstart&utm_medium=referral&utm_campaign=hiraggregator
a54b8f432c3766acb19adf93edc8a6b96537000d657a736ec3a10424c6faa8a8,2024-05-01 04:49:05.256078+00:00,hu,kisalfold.hu,kisalfold.hu,2022-09-27,Magyarország számára kiemelten fontos a vízimadarak védelme,https://www.kisalfold.hu/egyperces/2022/09/magyarorszag-szamara-kiemelten-fontos-a-vizimadarak-vedelme?utm_source=hirstart&utm_medium=referral&utm_campaign=hiraggregator
ca016d5f66c84aba89d6ab6b3f8e3bd2da87c3b4ca35f1f63963930719fa98a7,2024-05-01 04:49:04.712731+00:00,hu,haon.hu,haon.hu,2022-09-27,Magyarország számára kiemelten fontos a vízimadarak védelme,https://www.haon.hu/egyperces/2022/09/magyarorszag-szamara-kiemelten-fontos-a-vizimadarak-vedelme?utm_source=hirstart&utm_medium=referral&utm_campaign=hiraggregator
42a298fd62b622bec5464a7e1bca3df252ceb780dcdcc6fab1fb5d9162c62ac7,2024-05-01 04:48:58.060780+00:00,hu,bama.hu,bama.hu,2022-09-27,Magyarország számára kiemelten fontos a vízimadarak védelme,https://www.bama.hu/egyperces/2022/09/magyarorszag-szamara-kiemelten-fontos-a-vizimadarak-vedelme?utm_source=hirstart&utm_medium=referral&utm_campaign=hiraggregator
b3e3df72a4d1ba7583d73c0c414babc3f2acc232daf9e171f29b3da9b8e34ab5,2024-05-01 04:48:45.198751+00:00,hu,vaol.hu,vaol.hu,2022-09-27,Magyarország számára kiemelten fontos a vízimadarak védelme,https://www.vaol.hu/egyperces/2022/09/magyarorszag-szamara-kiemelten-fontos-a-vizimadarak-vedelme?utm_source=hirstart&utm_medium=referral&utm_campaign=hiraggregator
3454206742043a937ae20a4f20893f221d8cc252605402ce76d3fbcab4cf40ed,2024-05-01 04:48:28.651103+00:00,hu,zaol.hu,zaol.hu,2022-09-27,Magyarország számára kiemelten fontos a vízimadarak védelme,https://www.zaol.hu/egyperces/2022/09/magyarorszag-szamara-kiemelten-fontos-a-vizimadarak-vedelme?utm_source=hirstart&utm_medium=referral&utm_campaign=hiraggregator
c4fd55343187cef9253fb5f6f90cd01d41eaee7f5018169c2546f2c987c7c650,2024-05-01 04:48:26.920583+00:00,hu,veol.hu,veol.hu,2022-09-27,Magyarország számára kiemelten fontos a vízimadarak védelme,https://www.veol.hu/egyperces/2022/09/magyarorszag-szamara-kiemelten-fontos-a-vizimadarak-vedelme?utm_source=hirstart&utm_medium=referral&utm_campaign=hiraggregator
70762cdfbe2f3dd970c1e2cb260911e0e517d03c6d480afe53d8be13c518c109,2024-05-01 04:48:25.956920+00:00,hu,sonline.hu,sonline.hu,2022-09-27,Magyarország számára kiemelten fontos a vízimadarak védelme,https://www.sonline.hu/egyperces/2022/09/magyarorszag-szamara-kiemelten-fontos-a-vizimadarak-vedelme?utm_source=hirstart&utm_medium=referral&utm_campaign=hiraggregator
4daeff9731649608e46d87d40bdab9c630df1af81eab06c52f664ff89f872246,2024-05-01 04:48:23.521391+00:00,hu,delmagyar.hu,delmagyar.hu,2022-09-27,Magyarország számára kiemelten fontos a vízimadarak védelme,https://www.delmagyar.hu/egyperces/2022/09/magyarorszag-szamara-kiemelten-fontos-a-vizimadarak-vedelme?utm_source=hirstart&utm_medium=referral&utm_campaign=hiraggregator
20e80e6df50901888f0f78f2c4e80e291b283da09af297b6e26208ee72c2aa22,2024-05-01 04:48:05.215669+00:00,hu,feol.hu,feol.hu,2022-09-27,Magyarország számára kiemelten fontos a vízimadarak védelme,https://www.feol.hu/egyperces/2022/09/magyarorszag-szamara-kiemelten-fontos-a-vizimadarak-vedelme?utm_source=hirstart&utm_medium=referral&utm_campaign=hiraggregator
3ac061d8f56f210f769bdc13c9c6730799705ee6d24adf6af93164d3b61428c8,2024-05-01 04:48:00.817202+00:00,hu,boon.hu,boon.hu,2022-09-27,Magyarország számára kiemelten fontos a vízimadarak védelme,https://www.boon.hu/egyperces/2022/09/magyarorszag-szamara-kiemelten-fontos-a-vizimadarak-vedelme?utm_source=hirstart&utm_medium=referral&utm_campaign=hiraggregator
af7dc073ca74bcbe6cd3ed8492782e65ae591088bd5f24c5a0f212ba2106af30,2024-05-01 04:47:54.815630+00:00,hu,szon.hu,szon.hu,2022-09-27,Magyarország számára kiemelten fontos a vízimadarak védelme,https://www.szon.hu/egyperces/2022/09/magyarorszag-szamara-kiemelten-fontos-a-vizimadarak-vedelme?utm_source=hirstart&utm_medium=referral&utm_campaign=hiraggregator
de5c30003e7eebbbdc2625138fc5f5194f23a6aa8a0f588b71160f1ab2568fd3,2024-04-29 23:20:36.964374+00:00,hu,magyarnarancs.hu,magyarnarancs.hu,2022-10-13,Fél évszázad alatt 69 százalékkal csökkent állatpopulációk mérete a Földön,http://magyarnarancs.hu/elet_mod/fel-evszazad-alatt-69-szazalekkal-csokkent-allatpopulaciok-merete-a-foldon-253084
0cc6c30c0f4f70bb5e7240c7f5fea06e71d0d286f4f54798a5f4defbe9d0734a,2024-04-29 23:11:42.065556+00:00,hu,blikk.hu,blikk.hu,2022-10-13,Vészhelyzet: csaknem 70 százalékkal csökkent a vadon élő állatok populációja,https://www.blikk.hu/eletmod/vilag-titkai/wwf-elo-bolygo-fold-allatok-vizi-szarazfoldi/kers414
21f115fce916ae582d70a1b62c8399a2d78de6388bce03c2a994a8a7597542ce,2024-04-29 20:55:52.391778+00:00,hu,infostart.hu,infostart.hu,2022-10-15,Minden nyolcadik madárfajt a kipusztulás veszélye fenyegeti,https://infostart.hu/tudomany/2022/10/15/minden-nyolcadik-madarfajt-a-kipusztulas-veszelye-fenyegeti
0826e35f26a42dcc4d3a4ffc21f0fb92a6e4f38e42c784f6a02b7c172a7f78d7,2024-04-29 19:57:28.433505+00:00,hu,veol.hu,veol.hu,2022-10-16,"Az ácscincér repnyílásait ősfenyvesben keresték tuskókon, törzseken",https://www.veol.hu/helyi-kultura/2022/10/az-acscincer-repnyilasait-osfenyvesben-kerestek-tuskokon-torzseken?utm_source=hirstart&utm_medium=referral&utm_campaign=hiraggregator
ca4616a677b89ba5d49d551422af0ce764243c069e8c63ecc5f14e64a1ff6b3d,2024-04-29 19:44:11.490833+00:00,hu,nepszava.hu,nepszava.hu,2022-10-16,Falus András: Tükrök és tanulságok világjárvány után,https://nepszava.hu/3172408_covid-19-jarvany-magyarorszag-vilag-elemzes
f83e83488501bad6038b30a82acccdef78b96b9cb01df712bd9fdcceabecc677,2024-04-29 03:13:15.185512+00:00,hu,demokrata.hu,demokrata.hu,2022-10-28,Karbonsemlegesség Hűségerdővel,https://demokrata.hu/zold-jovo/karbonsemlegesseg-husegerdovel-595186/
6a33645086f408fb37685fd4374891abc9f21424a90d2c1c347ab8c526167e57,2024-04-28 05:48:15.382940+00:00,hu,hvg.hu,hvg.hu,2022-11-13,Melyik a legpusztítóbb iparág a világon? És hogyan lehetne megreformálni?,http://hvg.hu/hvgkonyvek/20221113_Melyik_a_legpusztitobb_iparag_a_vilagon_Es_hogyan_lehetne_megreformalni#rss
9cb476c5e921e10779c36c7f91115d99a1d4e0cef58985160bac7f1c5070d44c,2024-04-27 18:35:20.491652+00:00,hu,444.hu,444.hu,2022-11-23,Húsz év alatt több mint 7000 négyzetkilométernyi erdő tűnt el a Kárpátokból,https://444.hu/2022/11/23/husz-ev-alatt-tobb-mint-7000-negyzetkilometernyi-erdo-tunt-el-a-karpatokbol?utm_source=rss_feed&utm_medium=rss&utm_campaign=rss_syndication
375c8bf5afc50d57d4bc0ab0145d07b62824d8209026a2b7e36bbbf347d7444a,2024-04-27 18:25:53.011190+00:00,hu,blikk.hu,blikk.hu,2022-11-23,Elképesztő: óránként átlagosan több mint öt futballpályányi erdő tűnik el a Kárpátokból,https://www.blikk.hu/aktualis/kulfold/fakitermeles-karpatok-termeszetvedelem-greenpeace/jlxjg2c
0866ab635bab50aec0d7dd45a86ac63d3a3dc0657d92e5525c17e6965c5d0a88,2024-04-27 17:01:08.353879+00:00,hu,infostart.hu,infostart.hu,2022-11-24,"Greenpeace: kiirtották az erdőket, óriási a pusztítás a Kárpátokban",https://infostart.hu/eletmod/2022/11/24/greenpeace-kiirtottak-az-erdoket-oriasi-a-pusztitas-a-karpatokban
c13d9c1e247f779cd973179287de8131de0848ebdfecd93d476a42c72f513952,2024-04-27 16:33:23.820537+00:00,hu,merce.hu,merce.hu,2022-11-24,Veszélyben a Kárpátok az agresszív fakitermelés miatt « Mérce,https://merce.hu/2022/11/24/veszelyben-a-karpatok-az-agressziv-fakitermeles-miatt/
52c19b55ecf125cb021dfda89f7099fb7a48a8610fa75d625e582704d077236f,2024-04-27 15:08:14.103018+00:00,hu,origo.hu,origo.hu,2022-11-25,Döbbenetes kutatási eredmény: életveszélyessé válhat az éjszakai világosság,https://www.origo.hu/tudomany/20221123-az-ejszakai-vilagossag-felboritja-a-vercukorszint-szabalyozast-es-sulyos-cukorbetegseget-okozhat.html
9be2c9b16f23b44e452cd3f060359d62e6a8cf46db7b975db882d7624dea2784,2024-04-27 13:43:41.579550+00:00,hu,magyarnemzet.hu,magyarnemzet.hu,2022-11-26,Egészségkárosító hatású lehet az éjszakai világosság,https://magyarnemzet.hu/eletstilus/2022/11/egeszsegkarosito-hatasu-lehet-az-ejszakai-vilagossag
7edf009c7c3caaf7472b0472c2abe7ee69391656c3fb7058bddf58d98e16fd62,2024-04-27 09:02:37.974481+00:00,hu,szeretlekmagyarorszag.hu,szeretlekmagyarorszag.hu,2022-11-30,Fokozódó fakitermelés mellett nem tarthatóak a magyar klímacélok és az EU-s szabályozásnak sem fogunk megfelelni,https://www.szeretlekmagyarorszag.hu/jovo/fokozodo-fakitermeles-mellett-nem-tarthatoak-a-magyar-klimacelok-es-az-eu-s-szabalyozasnak-sem-fogunk-megfelelni/
3538797db498c876defb21f2a54af97cfffcf7dd034022e1cad8a7caff87f1b3,2024-04-27 08:53:41.427612+00:00,hu,index.hu,index.hu,2022-11-30,"Új bagolyfajra bukkantak, de máris veszélyeztetett",https://index.hu/tudomany/2022/11/30/bagoly-kuvik-veszelyeztetett-biodiverzitas/
11558517eb10d6193866c01d4edb5401dd29126ca63678f4f25b7b4c169c696b,2024-04-26 09:02:33.292811+00:00,hu,infostart.hu,infostart.hu,2022-12-18,Új felfedezés: gyógyhatású a madárdal,https://infostart.hu/tudomany/2022/12/18/uj-felfedezes-gyogyhatasu-a-madardal
d85949ee5895aeb3813035c475f82fe99fd75c697973891d0590be13cdb7892b,2024-04-26 07:45:54.342153+00:00,hu,hvg.hu,hvg.hu,2022-12-19,Történelmi alku: 2030-ig visszaadjuk a természetnek a Föld újabb egyhetedét,http://hvg.hu/gazdasag/20221219_cop15_montreal_biodiverzitas_termeszetvedelem_ensz_csucs#rss
6a4b95da6a560e0aca15598b7f596b21f46c6d4adbcd984f4c0f529f399205c8,2024-04-26 04:38:46.956050+00:00,hu,merce.hu,merce.hu,2022-12-21,A Föld Barátai szerint összeférhetetlen a biológiai sokszínűség fenntartása és a profithajhászás « Mérce,https://merce.hu/2022/12/21/a-fold-baratai-szerint-osszeferhetetlen-a-biologiai-sokszinuseg-fenntartasa-es-a-profithajhaszas/
199f2a297e9bb6e6f4cb93e281c9116f4056c6889191e6762dbdfab46838c39a,2024-04-26 03:08:46.406346+00:00,hu,nepszava.hu,nepszava.hu,2022-12-22,"Az Orbán-kormány is rábólintott, vegyszerfelezés helyett haladékot kaptak a multik az EU-ban",https://nepszava.hu/3179700_novenyvedoszer-europai-unio-csokkentes-multik
3c82a4e9427c91c9202e87c3946b73b3cf6d11432cce1074e6001f79fba630ba,2024-04-25 16:43:01.527773+00:00,hu,444.hu,444.hu,2022-12-29,"2022-ben több állat- és növényfaj szerepel a veszélyeztetett fajok listáján, mint valaha",https://444.hu/2022/12/29/2022-ben-tobb-allat-es-novenyfaj-szerepel-a-veszelyeztetett-fajok-listajan-mint-valaha?utm_source=rss_feed&utm_medium=rss&utm_campaign=rss_syndication
2c14b368df681942c7e7b3806e2e0778a4348cd1892a209cfa91f462b7f2bd20,2024-04-25 16:39:18.353139+00:00,hu,origo.hu,origo.hu,2022-12-29,Közel ötvenezer állat- és növényfaj veszélyeztetett a világon,https://www.origo.hu/tudomany/20221229-tobb-mint-42-ezer-allat-es-novenyfaj-szerepel-a-veszelyeztetett-fajok-listajan.html
8efbe18392e910d8ed3d3b9273a88dc615dfa7a24241dd5d0e8d73479a0a5f75,2024-04-25 16:37:41.735282+00:00,hu,24.hu,24.hu,2022-12-29,Rövidesen egymillió faj tűnhet el a föld színéről,https://24.hu/tudomany/2022/12/29/wwf-iucn-voros-lista-kihalas/
1b9ae6ceef8ffd1b1c0b50f095c41c6c8481141e695a55fed6eb01158f48a1f6,2024-04-25 16:30:11.214972+00:00,hu,hirtv.hu,hirtv.hu,2022-12-29,Drámai jelentést adott ki a Természetvédelmi Világalap,http://hirtv.hu/hirtvszines/dramai-jelentest-adott-ki-a-termeszetvedelmi-vilagalap-2561013?utm_source=feed&utm_medium=rss
8f22e519852c094c7a405ba5c9acd8a717fc52a167e93555bd494e19baece2fa,2024-04-25 16:29:13.541817+00:00,hu,magyarnarancs.hu,magyarnarancs.hu,2022-12-29,"Idén több állat- és növényfaj szerepel a veszélyeztetett fajok listáján, mint valaha",http://magyarnarancs.hu/tudomany/iden-tobb-allat-es-novenyfaj-szerepel-a-veszelyeztetett-fajok-listajan-mint-valaha-255103
39b5df8c902aa5718670bbe7db2fed5ddefaf6e91869bc193d7488edffbb2a8d,2024-04-25 16:25:16.849373+00:00,hu,hvg.hu,hvg.hu,2022-12-29,80 éven belül kihalhatnak a császárpingvinek és egymillió másik faj is,http://hvg.hu/gazdasag.zhvg/20221229_A_fajok_vilagmeretu_kihalasanak_katasztrofalis_sulyosbodasara_figyelmeztet_a_WWF_csaszarpingvin#rss
bd179c0421101b862323c34bfe28c909f3f219b5ee5b81cc2dc3aac88584bb46,2024-04-25 16:24:58.592343+00:00,hu,index.hu,index.hu,2022-12-29,Több mint 42 ezer állat- és növényfaj szerepel a veszélyeztetett fajok listáján,https://index.hu/kulfold/2022/12/29/termeszetvedelem-veszelyeztetett-faj-lista-allat-noveny-termeszetvedelmi-vilagszovetseg-jelentes-wwf-vadon-bolygo/
ffb275584aee4e7f9a093ff135b889b2b0d9139000deced08d4ea46aa279f7f9,2024-04-24 21:09:05.637198+00:00,hu,hvg.hu,hvg.hu,2024-04-24,"Vadvirágos programok, zöld folyosók, méh-étkezdék – méhlegelők a hazai városokban",https://hvg.hu/zhvg/20240424_mehlegelo-beporzok-meheszet#rss
0b3d1ab9c8fe78f1407e530d4eba285b6c9ea6388b7377d942fab06ef6c856b3,2024-04-23 20:31:36.363232+00:00,hu,kisalfold.hu,kisalfold.hu,2024-04-22,Kiugró árbevétel növekedést ért el a nemzetközi vállalatcsoport győri központja,https://www.kisalfold.hu/helyi-gazdasag/2024/04/kiugro-arbevetel-novekedest-ert-el-a-nemzetkozi-vallalatcsoport-gyori-kozpontja?utm_source=hirstart&utm_medium=referral&utm_campaign=hiraggregator
32a801d3dca0875544850d013ccab858c10715fa305754bffe3eef2cac55b060,2024-04-23 08:16:40.091359+00:00,hu,hvg.hu,hvg.hu,2024-04-22,"Méhlegelők: pár éve sokan értetlenkedtek miattuk, pedig kétszáz éve még aggódtak, hogy kevés van belőlük",https://hvg.hu/zhvg/20240422_mehlegelok-beporzok-biodiverzitas#rss
bc04093a10e49969973ba496e2f0430a1460401a25172785b55b56c6154d3f52,2024-04-21 01:43:07.504563+00:00,hu,rtl.hu,rtl.hu,2024-04-19,"Nyakunkon a nyár, nyakunkon a sárga-fekete ruhás fenevadak – mutatjuk, melyiktől kell leginkább tartani",https://rtl.hu/tudomany-tech/2024/04/19/darazsak-dongok-mehek-ezek-a-leggyakoribb-fajok-magyarorszagon
9eaf96473612e7e8c0e34ae1a6a78cf70228a1184ac7e6e7607c7b6ec46942fa,2024-04-07 01:58:34.721368+00:00,hu,blikk.hu,blikk.hu,2024-04-05,"Nagy baj lehet belőle: most döbbentek rá a kutatók, hogy túl keveset tudunk a Föld biológiai összefüggéseiről",https://www.blikk.hu/ferfiaknak/tech/fold-egeszseget-fenyegeto-veszelyek/kkxdpzn
cd56ffc0e6bf6dd8e77274aee27156544e446c990fd0abc1e889d2d2bef017c1,2024-03-27 02:31:17.315788+00:00,hu,boon.hu,boon.hu,2024-03-25,"„Ültessünk, hogy élhessünk” – fotókkal, videóval",https://www.boon.hu/helyi-kozelet/2024/03/ultessunk-elhessun-fotokkal-videoval-miskolc-faultetes-boon?utm_source=hirstartutm_medium=referralutm_campaign=hiraggregator
5b90466062fea26bbd8a7fd37dae7512fa136c1a684f5067f0a6f0af5931f7ef,2024-03-24 04:45:42.854463+00:00,hu,haon.hu,haon.hu,2024-03-22,HAON - Kék és zöld körgyűrűk alakulnak ki Debrecen körül,https://www.haon.hu/helyi-kozelet/2024/03/kek-korgyuruk-civaqua-debrecen-zold-kodex-balazs-akos-kornyezetvedelem?utm_source=hirstartutm_medium=referralutm_campaign=hiraggregator
a280324de4973b9e02c9687392f17b0aaccbb007f794d75f47c0750f571a0ff6,2024-03-20 11:40:31.069105+00:00,hu,duol.hu,duol.hu,2024-03-18,A beporzók világa lesz a téma,https://www.duol.hu/helyi-kultura/2024/03/a-beporzok-vilaga-lesz-a-tema?utm_source=hirstart&utm_medium=referral&utm_campaign=hiraggregator
c2735b549a480cdc0283568f00c5470148b02372d56e6de3f577dd8e4dac43a9,2024-03-15 03:20:37.882995+00:00,hu,haon.hu,haon.hu,2024-03-13,Madárgyűrűzés és különleges születésnap a Hármashegyen,https://www.haon.hu/helyi-kozelet/2024/03/debrecen-harmashegy-madargyuruzes-szuletesnap-termeszet-iskolaja?utm_source=hirstartutm_medium=referralutm_campaign=hiraggregator
312c29d71dcbe999bf9644291c19caa330b94fa7f48a3306a73c8b4f036cbb76,2024-03-15 03:09:27.064666+00:00,hu,infostart.hu,infostart.hu,2024-03-13,Elárasztják vízzel a Duna ágrendszerét,https://infostart.hu/tudositoink/2024/03/13/elarasztjak-vizzel-a-duna-agrendszeret
10347124570876569b5167c90e1af0498c6f720e85fcd04c7f93a3f7c5ba944b,2024-03-14 04:21:16.202308+00:00,hu,baon.hu,baon.hu,2024-03-12,Szerdán kezdődik a lakossági faültetés a kecskeméti véderdőkben,https://www.baon.hu/helyi-kozelet/2024/03/lakossag-faultetes-kecskemet-vederdok?utm_source=hirstart&utm_medium=referral&utm_campaign=hiraggregator
d4ee880401e05d2eca41ffc494f2ac44efb0d41a5f2eb88d866a987571f6d4ce,2024-03-13 03:26:44.402763+00:00,hu,heol.hu,heol.hu,2024-03-11,"Túzokból alig pár bóklászik Hevesben, másfelé több van",https://www.heol.hu/helyi-kozelet/2024/03/tuzokbol-alig-par-boklaszik-hevesben?utm_source=hirstart&utm_medium=referral&utm_campaign=hiraggregator
87c66a9a4e9985b1e03d276d9aa44a68c803f51510ba32526602178796e80ef9,2024-03-10 09:59:52.804230+00:00,hu,magyarnemzet.hu,magyarnemzet.hu,2023-01-10,Ezerarcú erdő várja a látogatókat a Gödöllői Arbo-parkban,https://magyarnemzet.hu/belfold/2023/01/ezerarcu-erdo-varja-a-latogatokat-a-godolloi-arbo-parkban
1d945dedbaae7adb9b5c4f1a0e281bfe309051fc437ad91afc518634f949efcb,2024-03-10 05:18:11.276702+00:00,hu,origo.hu,origo.hu,2023-01-13,Madagaszkár egyedülálló vadvilága a kihalás küszöbén áll,https://www.origo.hu/tudomany/20230113-madagaszkar-vadvilaga-a-kihalas-kuszoben-all.html
cca01190c7c2135662cd4516fa26160330279da8d4c469816f8885a02c00d6d8,2024-03-10 01:52:38.156406+00:00,hu,hvg.hu,hvg.hu,2023-01-16,Eddig ismeretlen pókot találtak az Alföldön,http://hvg.hu/tudomany/20230116_elszigetelt_elohelyek_elovilaga_biodiverzitas_magyarorszag_magyar_kutatok_elkh_pokfajok_erdosztyepp#rss
59413897c6ce0ebb07e48197f2d535fb4b1a0904a7ff123c45676d6583e90631,2024-03-10 01:41:26.565261+00:00,hu,origo.hu,origo.hu,2023-01-16,"Különös, rémisztő lényeket találtak az Alföldön",https://www.origo.hu/tudomany/20230116-kulonos-lenyek-elnek-az-alfoldon-talalt-sirokon-allitjak-a-kutatok.html
f25ebb2e5f6a516872f5472b81505ce496e50dd9b67928386210b38fdf88ed89,2024-03-10 00:42:54.438521+00:00,hu,pestisracok.hu,pestisracok.hu,2023-01-17,Beüt-e a klímakatasztrófa? Kipusztul-e a Föld élővilága?,https://pestisracok.hu/beut-e-a-klimakatasztrofa-kipusztul-e-a-fold-elovilaga/
19c7849205b5d8c53b8b7616c3e3c75d9a097bc6b22294e0f6f34ecfca8198be,2024-03-10 00:18:59.774712+00:00,hu,origo.hu,origo.hu,2023-01-17,Népszámlálás az Állatkertben,https://www.origo.hu/tudomany/20230116-zoo.html
a8d0c2b21d253989b935c2a2b86fc233471489e768a7e460e44d69f1af576b4b,2024-03-09 16:39:09.752020+00:00,hu,origo.hu,origo.hu,2023-01-23,Egyre többet tudunk a lopakodás nagymesteréről,https://www.origo.hu/tudomany/20230122-vadmacska.html
206ff06ecd188c6e66ad45c831e21d193175cdfbe2a1c813b9e5d97a1d70654c,2024-03-09 06:49:27.808150+00:00,hu,24.hu,24.hu,2023-01-31,Brüsszelnél lobbizik mézügyben Magyarország,https://24.hu/fn/gazdasag/2023/01/31/mezjelolesi-szabalyok-szigoritasa-magyarorszag-agrarminiszterium-brusszel-eu/
c35e18dc8aa7685ef7c3e143dfbb97ecbc28a4852baa52eeb89f8604ec8eda80,2024-03-09 06:48:36.620460+00:00,hu,magyarnemzet.hu,magyarnemzet.hu,2023-01-31,Magyarország a mézjelölési szabályok szigorítását sürgeti Brüsszelben,https://magyarnemzet.hu/gazdasag/2023/01/magyarorszag-a-mezjelolesi-szabalyok-szigoritasat-surgeti-brusszelben
02007b8099af837ed36eecd405568ee2e08728780e7275e7982fd8c7654ab0a2,2024-03-09 06:38:10.274271+00:00,hu,infostart.hu,infostart.hu,2023-01-31,"Brüsszelben kongatja a vészharangot az agrártárca, 19 másik országgal együtt",https://infostart.hu/gazdasag/2023/01/31/brusszelben-kongatja-a-veszharangot-az-agrartarca-19-masik-orszaggal-egyutt
8b739cfd931f7ffb2e30f6829e01cdad60e860ffccbcfc9af336fce12132a583,2024-03-09 06:31:45.661776+00:00,hu,origo.hu,origo.hu,2023-01-31,Véget vetne Magyarország a mézjelölési káosznak Brüsszelben,https://www.origo.hu/gazdasag/20230131-mez-jeloles-szabaly-europai-unio.html
1e2ccbdc5876d44f47f722715fd74b5ee5c363a02be28e1a301ca19816e2afc4,2024-03-09 06:28:53.871301+00:00,hu,index.hu,index.hu,2023-01-31,A mézkeverékek pontosabb megjelölését sürgetik az uniós termelők,https://index.hu/gazdasag/2023/01/31/europai-unio-mez-szarmazasi-orszag-szabalyozas-agrarminiszterium/
b3dbc920893d7c9d69ca452e6c5c932bd12fe195af1a12110a12a88bf18a93a0,2024-03-08 15:17:59.297649+00:00,hu,magyarnemzet.hu,magyarnemzet.hu,2023-02-10,Rágcsáló tájátalakítók mentik meg a vizes élőhelyeket,https://magyarnemzet.hu/mozaik/2023/02/ragcsalo-tajatalakitok-mentik-meg-a-vizes-elohelyeket
71c06a2e2b01e627755b3af1308104249a2022ed8c97a8e98d54079ad5be760d,2024-03-08 13:53:59.539984+00:00,hu,portfolio.hu,portfolio.hu,2023-02-11,Veszélyben az élelmiszeripar: széles körben használt alapanyag tűnhet el a boltok polcairól,https://www.portfolio.hu/global/20230211/veszelyben-az-elelmiszeripar-szeles-korben-hasznalt-alapanyag-tunhet-el-a-boltok-polcairol-596204
fc12f14c638bfd2682c8ac7ce45eb1987a7a3b213dd32ab3e8f69d4293902944,2024-03-08 06:19:14.189217+00:00,hu,magyarnemzet.hu,magyarnemzet.hu,2023-02-16,A lengyelek tiltakoznak erdőik brüsszeli gondnokság alá helyezése ellen,https://magyarnemzet.hu/kulfold/2023/02/a-lengyelek-tiltakoznak-erdoik-brusszeli-gondnoksag-ala-helyezese-ellen
2718bed9a27cd3b304827874069d858b68a66f76660ba7d1d1bd3b8922f10f95,2024-03-08 01:18:05.913945+00:00,hu,origo.hu,origo.hu,2023-02-20,Kérdések és válaszok egy akácerdő kivágása kapcsán,https://www.origo.hu/tudomany/20230220-akac.html
7c3745b868e4eab28e05462fde9738511f4609dd2b8beadaf414566586ea6ce0,2024-03-08 00:25:13.413170+00:00,hu,napi.hu,napi.hu,2023-02-21,Keserű méz: az uniós jogi környezet a vicc kategóriájába tartozik,https://www.napi.hu/belfold/mez-meheszek-europai-unio-jog.767747.html
e49b3df9740335ab10ac94fd391d495709de7fe250e04cfb577d5c13efa21011,2024-03-06 02:07:55.086924+00:00,hu,magyarnemzet.hu,magyarnemzet.hu,2024-03-04,A vadmacska közös kincsünk,https://magyarnemzet.hu/belfold/2024/03/a-vadmacska-kozos-kincsunk?utm_source=hirstart&utm_medium=referral&utm_campaign=hiraggregator
44dfe9634219a493252a8b5ea54e737517ff8f53f3b7bb9e1e49aad800054ed3,2024-03-02 06:02:00.175584+00:00,hu,index.hu,index.hu,2023-03-22,Holnap mit fogunk enni és inni Magyarországon?,https://index.hu/velemeny/2023/03/22/ivoviz-termofold-aszaly-elelmiszer-porvihar-szel/
56f23a87bbd2812f05b89ff54dd5ffb62f49c94e9f9ff427decc4b19edafc83e,2024-03-02 05:39:22.911861+00:00,hu,kisalfold.hu,kisalfold.hu,2024-02-29,Fenntartható gyereknevelés 2024-ben,https://www.kisalfold.hu/pr/2024/02/fenntarthato-gyerekneveles-2024-ben?utm_source=hirstart&utm_medium=referral&utm_campaign=hiraggregator
d77f6e8e8ebb779cca6bc08b882281d0f8289cfa0a1d21df83697f5a98107e3f,2024-03-02 05:11:26.897937+00:00,hu,index.hu,index.hu,2023-03-22,A természetvédők szerint védelemre szorul a felszíni és felszín alatti vízkészlet,https://index.hu/gazdasag/2023/03/22/viz-vilagnapja-vizkeszlet-szennyezodesek-termeszetvedelmi-szervezetek-vizutanpotlas-biodiverzitas-vizmegtarto-kepesseg/
40c71928f0debd40a47aa2bf449e29608e6e1f121e20c5207f80d6422fefae8f,2024-03-02 05:03:46.391368+00:00,hu,haon.hu,haon.hu,2024-02-29,"Papp László: „Debrecen fejlődése jelentsen gazdagabb, biztonságosabb, zöldebb életkörülményeket”",https://www.haon.hu/helyi-kozelet/2024/02/papp-laszlo-debrecen-gazdasag-fenntarthato-zold-varos-interju?utm_source=hirstart&utm_medium=referral&utm_campaign=hiraggregator
4413ade71f195781173b9782920832b44cba4797e2a7e03c51687ddcfd5ca619,2024-03-01 18:37:58.833674+00:00,hu,origo.hu,origo.hu,2023-03-30,Felmérik Magyarország egyik jelentős ürgeállományát a Liszt Ferenc Nemzetköz Repülőtéren,https://www.origo.hu/gazdasag/20230330-gazdasag-penz-repuloter-budapest-urgefelmeres.html
23f48162f5e0671549cbe634eed6b37b11944f8a346a8addcaf6c36b0a438550,2024-03-01 06:31:40.623284+00:00,hu,origo.hu,origo.hu,2023-04-09,"""Zöld Hősök"" a Túrbuckán: közös erővel a természet védelméért!",https://www.origo.hu/tudomany/20230407-onkentesek.html
12f88b8279954019cf2cc141905b377664919df20507091100700b98efb457f1,2024-02-29 15:48:02.970014+00:00,hu,24.hu,24.hu,2023-04-19,Kevés esélyünk maradt a természet megmentésére,https://24.hu/tudomany/2023/04/19/biologiai-sokfeleseg-biodiverzitas-csokkenese-termeszet-pusztulasa/
315e9d405faa4f5c2e0ff33464966afe9962b7d2155abc680dc1a3aab412a03a,2024-02-29 11:31:18.819473+00:00,hu,szeretlekmagyarorszag.hu,szeretlekmagyarorszag.hu,2023-04-22,"Eltört a szegycsontja, mégis visszament az M1-esen történt tömegbaleset színhelyére menteni a sérülteket a hős tűzoltó",https://www.szeretlekmagyarorszag.hu/kozosseg/eltort-a-szegycsontja-megis-visszament-az-m1-esen-tortent-tomegbaleset-szinhelyere-menteni-a-serulteket-a-hos-tuzolto/
89772834eb4b8c24fc9a5eb3f027491ebd3bf24d05eb84eab53a16db52049da9,2024-02-29 11:31:18.750456+00:00,hu,szeretlekmagyarorszag.hu,szeretlekmagyarorszag.hu,2023-04-22,Először rendeztek síró baba szumóversenyt a koronavírus-járvány után Japánban,https://www.szeretlekmagyarorszag.hu/kozosseg/eloszor-rendeztek-siro-baba-szumoversenyt-a-koronavirus-jarvany-utan-japanban/
47e6fba761ea7528dbe4e972a8c5450e81f0eb82cb4fcefdef743e07a0f747da,2024-02-29 11:31:13.702194+00:00,hu,index.hu,index.hu,2023-04-22,"Áder János: A „vedd meg, használd rövid ideig, majd dobd el” kultúra terrorizál minket",https://index.hu/gazdasag/2023/04/22/ader-janos-kek-bolygo-klimavedelmi-alapitvany-mcc/
551a988328a91a639dfabbbe9569ad2f26e1452d55406994410faa86820daf4e,2024-02-29 11:29:48.184561+00:00,hu,szeretlekmagyarorszag.hu,szeretlekmagyarorszag.hu,2023-04-22,"„Szíven szúrtak egy rendőrt, eszméletlen!” – négy mentődolgozó kapott elismerést a Baumann Péter életéért folytatott heroikus harcukért",https://www.szeretlekmagyarorszag.hu/kozosseg/sziven-szurtak-egy-rendort-eszmeletlen-negy-mentodolgozo-kapott-elismerest-a-baumann-peter-eleteert-folytatott-heroikus-harcukert/
e851a19bd3a3ee40b6f8b9b48c710d8d4054355fb25a654f4ac8940554773d6b,2024-02-29 11:18:24.960080+00:00,hu,szeretlekmagyarorszag.hu,szeretlekmagyarorszag.hu,2023-04-22,"Egyetlen utcából áll egy lengyelországi falu, ahol hatezren élnek",https://www.szeretlekmagyarorszag.hu/kozosseg/egyetlen-utcabol-all-egy-lengyelorszagi-falu-ahol-hatezren-elnek/
0cdec053a30427b4710e9c51fc6f415688351e03be22c93d6de8fd922ee0ed65,2024-02-29 10:36:00.695037+00:00,hu,szeretlekmagyarorszag.hu,szeretlekmagyarorszag.hu,2023-04-23,Nagyon komoly pénzt ajánlott Marics Petiék koncertjéért egy rajongó,https://www.szeretlekmagyarorszag.hu/kozosseg/nagyon-komoly-penzt-ajanlott-marics-petiek-koncertjeert-egy-rajongo/
289c35b35133544cf4ed8c2a7bd14cb23daaa3d89d0286f5c2b3db7b66eb4094,2024-02-29 08:58:32.103431+00:00,hu,origo.hu,origo.hu,2023-04-24,Idén is különleges klímatanórát tart Áder János a Fenntarthatósági Témahéten,https://www.origo.hu/gazdasag/20230424-fenntarthatosagi-temahet-tanora.html
75fb412dc7cd82ba22692c1c7dd618de3c77f2a3d72d2433105c8ed51ce8fcdc,2024-02-29 07:45:25.571666+00:00,hu,infostart.hu,infostart.hu,2023-04-25,Áder János: az utóbbi kétszáz év emberi tevékenysége kizsigereli a Földet,https://infostart.hu/belfold/2023/04/25/ader-janos-az-utobbi-ketszaz-ev-emberi-tevekenysege-kizsigereli-a-foldet
6f6feb10e140e6117d8b1fa70b4653d6b7339203d956c46f10bf061193780eb5,2024-02-29 07:28:24.289218+00:00,hu,index.hu,index.hu,2023-04-25,Áder János: A vegetáriánus életmód nem tudná megoldani az üvegházhatású gázok csökkentését,https://index.hu/belfold/2023/04/25/ader-janos-kek-bolygo-klimavedelmi-alapitvany-klimavaltozas-kornyezetvedelem/
60c79331d422c59c70d6e70a27b4c5ac92ac8e5e3c37f16f29abb9b129928737,2024-02-29 07:00:47.758608+00:00,hu,napi.hu,napi.hu,2023-04-26,Áder János kemény dolgokról beszélt,https://www.napi.hu/mezogazdasag/kornyezetvedelem-biologiai-sokfeleseg-ader-janos.770447.html
0768a895ec080eef7bf12127f3de9204428f57506e30ce0c910012d16f86e4d4,2024-02-29 02:49:33.576277+00:00,hu,demokrata.hu,demokrata.hu,2023-04-28,Tartamos erdőgazdálkodás a Fenntarthatósági Témahéten,https://demokrata.hu/magyarorszag/tartamos-erdogazdalkodas-a-fenntarthatosagi-temaheten-674597/
2b2e3fa5bc2c3c453a1efe624166935cfbddcd0955a919fed294d2daab7e21e5,2024-02-29 01:21:34.428861+00:00,hu,magyarnemzet.hu,magyarnemzet.hu,2024-02-27,Így néz ki egy rovarhotel,https://magyarnemzet.hu/belfold/2024/02/rovarhoteleket-helyeznek-ki-tobb-ovoda-teruletere-is?utm_source=hirstart&utm_medium=referral&utm_campaign=hiraggregator
de8eb428e91b4b4063ccc99106d119ca49188a189e2ebda9bc8f120ccac32d27,2024-02-28 20:40:53.418617+00:00,hu,index.hu,index.hu,2023-05-03,Jelentős erdőrész újul meg Piliscsabán,https://index.hu/belfold/2023/05/03/erdo-pilis-market-epito-zrt-faultetes/
2f8f691ea2f8a463c5078083217af22e0c25f20f88c2688daee733e8117b88a2,2024-02-28 19:15:04.636554+00:00,hu,hvg.hu,hvg.hu,2023-05-04,"Megszállottan gyűjtött védett madarakat, természetkárosítással gyanúsítják a gyulai férfit – videó",http://hvg.hu/itthon/20230504_Megszallottan_gyujtott_vedett_madarakat_termeszetkarositassal_gyanusitjak_a_gyulai_ferfit__video#rss
c84f32dade565f54db3c48b3971d01961ea25d823d6dba9587cb0921f6c10120,2024-02-28 19:08:36.405819+00:00,hu,rtl.hu,rtl.hu,2023-05-04,"Illegális madárbarát: kakadukat, papagájokat és nandukat gyűjtött tanyáján egy gyulai férfi",https://rtl.hu/baleset-bunugy/2023/05/04/illegalis-madarbarat-kakadukat-papagajokat-es-nandukat-gyujtott-tanyajan-egy-gyulai-ferfi
b9a23d21c3dfa6a21e392554f1f4cbad9decda56d1228383cad29452f2515463,2024-02-28 16:04:31.013805+00:00,hu,infostart.hu,infostart.hu,2023-05-06,"Megszállottan gyűjtötte a védett madarakat, jöttek érte a rendőrök – képek, videó",https://infostart.hu/bunugyek/2023/05/06/megszallottan-gyujtotte-a-vedett-madarakat-jottek-erte-a-rendorok-kepek-video
b92873d8af49c6046baef4cd2de5cb589ebeb7f0d9c9580b569977103459293c,2024-02-28 11:54:25.092621+00:00,hu,demokrata.hu,demokrata.hu,2023-05-09,A repülőtéren belül költöztek az ürgék,https://demokrata.hu/setater/a-repuloteren-belul-koltoztek-az-urgek-678558/
acb2da87d3614ab878cb5977fd0adf6d18c5e469a55eb695b46bb823a3837dc6,2024-02-28 11:48:08.198939+00:00,hu,pestisracok.hu,pestisracok.hu,2023-05-09,Ürgéket lakoltattak ki a Liszt Ferenc Nemzetközi Repülőtérről,https://pestisracok.hu/urgeket-lakoltattak-ki-a-liszt-ferenc-nemzetkozi-repuloterrol/
56afd8e3e1051a4a8412719a4d5e100af3819d470850710e62ea56b911e807a6,2024-02-28 11:48:02.625844+00:00,hu,origo.hu,origo.hu,2023-05-09,Új helyre költöztették a repülőtéri ürgéket,https://www.origo.hu/tudomany/20230509-atkoltoztettek-a-repuloteri-urgeket.html
d9c7c51f626ca6122b24f9f9c72bb4556faaf85a3c7466c2ab78830e67ee5574,2024-02-28 11:47:29.541980+00:00,hu,blikk.hu,blikk.hu,2023-05-09,Ürge-helyzet: nem hiszi el mit műveltek a reptéren!,https://www.blikk.hu/aktualis/belfold/repuloter-urge-koltoztetes/0f7qm89
2fef1957d41e6c52f70af8e45ac7db3047b832fddcd01ef3533b1f969e44e45d,2024-02-28 11:46:29.346893+00:00,hu,origo.hu,origo.hu,2023-05-09,Óriási áttelepítés zajlott a budapesti nemzetközi repülőtéren,https://www.origo.hu/gazdasag/20230509-gazdasag-penz-repuloter-urgeallomany-felmeres.html
aedaa0c73e2bdb8b6ffcfcd89eb2386107984af7567491c1a0688ba5f487958b,2024-02-28 11:38:36.638787+00:00,hu,nograd24.hu,nograd24.hu,2023-05-09,Átadták a felújított Balassagyarmat-Nyírjes Gátőrházat,http://www.nograd24.hu/2023/05/09/atadtak-a-felujitott-balassagyarmat-nyirjes-gatorhazat/?utm_source=rss&utm_medium=rss&utm_campaign=atadtak-a-felujitott-balassagyarmat-nyirjes-gatorhazat
703178080fba1d66a3ef6b38372b939d84e902914c08a1ed330ca3f7c2a93b49,2024-02-28 00:57:19.487918+00:00,hu,origo.hu,origo.hu,2023-05-16,Magyar és román kutatók az inváziónak a növény-beporzó közösségekre gyakorolt többszintű hatását tárták fel,https://www.origo.hu/tudomany/20230516-invazios-fajok.html
e1d42d7a746c5c26fa5147d9e43c8e4192fc63b7ed0af794c58079364819e224,2024-02-27 16:34:24.202918+00:00,hu,magyarnemzet.hu,magyarnemzet.hu,2023-05-21,Ezen a hétvégén tartják a IX. Nemzetközi Természet és Környezetvédelmi Filmfesztivált,https://magyarnemzet.hu/kultura/2023/05/ezen-a-hetvegen-tartjak-a-ix-nemzetkozi-termeszet-es-kornyezetvedelmi-filmfesztivalt
405b727e4649c4034aeae2c906bd52f70da4927cfaf918eb781f4a9b49a19d02,2024-02-27 09:27:13.260852+00:00,hu,24.hu,24.hu,2023-05-26,"Ők azok, akik virtuális játékok helyett kertészkedni hívják a gyereket",https://24.hu/elet-stilus/2023/05/26/iskolakert-gyerek-noveny-ultetes-palyazat-tunderkert-procter-gamble-termekek/
e6c35466658158f63099ff5b16b4cad23f5734585a0c1da75151f7983caca360,2024-02-27 09:02:50.186732+00:00,hu,infostart.hu,infostart.hu,2023-05-26,Fűnyírásügyben megszólalt Budapest főtájépítésze,https://infostart.hu/belfold/2023/05/26/funyirasugyben-megszolalt-budapest-fotajepitesze
b780ed52a3e2e3092439ffa10bc25e8e8536457dfbf1a0709f2412e7666cbc63,2024-02-26 17:33:12.842190+00:00,hu,magyarnemzet.hu,magyarnemzet.hu,2023-06-06,„Az erdő több mint faanyag”,https://magyarnemzet.hu/gazdasag/2023/06/az-erdo-tobb-mint-faanyag
092a75d384dc124d57942fbd3f23549fa8c97b0d102a13adf9413565df154278,2024-02-26 15:57:46.392530+00:00,hu,ripost.hu,ripost.hu,2023-06-07,Magyarország a fákat választja a klímaválság elleni harcban,https://ripost.hu/insider/2023/06/magyarorszag-fakat-valasztja-klimavalsag-elleni-harc
f9bfc8d81fdb491f4d3fdb83f0a705d07ff3978e7c2e96c01cd3a35e04a4f989,2024-02-26 08:31:24.805452+00:00,hu,origo.hu,origo.hu,2023-06-13,Biológiai invázió fenyegeti Magyarországot,https://www.origo.hu/tudomany/20230613-elkh-a-biologiai-invazio-hazai-kutatasanak-uj-kozpontjakent-az-ok-vezetesevel-megalakult-az.html
268d7c0a81e01409d5fe3e66dc199e88c3c64f088779495fe387cd870afbdf09,2024-02-26 00:08:25.411564+00:00,hu,origo.hu,origo.hu,2023-06-19,Természet nélkül nincs élelmiszer,https://www.origo.hu/tudomany/20230619-mezogazdasag.html
dcae83349dec955c086fe667edd946a6c9c382f0ee8d4e73d7bbd77f730a3554,2024-02-25 14:27:42.669696+00:00,hu,merce.hu,merce.hu,2023-06-24,„A rendszer így működik – amennyiben hagyjuk” « Mérce,https://merce.hu/2023/06/24/a-rendszer-igy-mukodik-amennyiben-hagyjuk/
b2bfbaf404f669e4ff24b9fbd392df611bce32023bd404e8989e26b885aa2e4c,2024-02-24 17:47:13.299567+00:00,hu,merce.hu,merce.hu,2023-07-13,"A Tanácsban még támogatta a kormány, a Parlamentben a Fidesz már leszavazta az európai természethelyreállítási törvényt « Mérce",https://merce.hu/2023/07/13/a-tanacsban-meg-tamogatta-a-kormany-a-parlamentben-a-fidesz-mar-leszavazta-az-europai-termeszethelyreallitasi-torvenyt/
78f4bb1baac06c4f3bfe87c70f77720bd67d2ae87f8566f7342631c066001eb0,2024-02-24 16:55:55.788089+00:00,hu,magyarnemzet.hu,magyarnemzet.hu,2023-07-14,Súlyos hőhullámok és áradások jönnek az El Nino miatt,https://magyarnemzet.hu/lugas-rovat/2023/07/sulyos-hohullamok-es-aradasok-jonnek-az-el-nino-miatt
471fd9db628784ef3a5125a87bd876736ab3554d978fdb69e9d27bb6d2f2bda3,2024-02-24 13:32:36.896945+00:00,hu,hvg.hu,hvg.hu,2023-07-17,"Szélesre tárná a kaput a génmódosításnak az EU, ami miatt minden kenyér ilyen búzából sülhet, ám mégsem hívhatjuk majd GMO-nak",http://hvg.hu/gazdasag/20230717_gmo_ngt_genszerkesztett_novenyek_genmodositas_mezogazdasag_klimavaltozas_onki_europai_bizottsag#rss
df842184baef5590e09cb42e13c1bedaf9ac482e4ca5d0e7ba9c47664879aa37,2024-02-24 02:45:18.013704+00:00,hu,origo.hu,origo.hu,2023-07-25,"Vannak madarak, akik az antimadár tüskéket felhasználják fészkük építéséhez.",https://www.origo.hu/tudomany/20230724-madarak.html
748f729c00adc6b816c1bf17dcc5da40a65e8497d57e261e5f5b521cde985fd9,2024-02-23 07:52:04.592281+00:00,hu,infostart.hu,infostart.hu,2023-08-08,Újabb magyar stratégia 2030-ig,https://infostart.hu/belfold/2023/08/08/ujabb-magyar-strategia-2030-ig
1c6c89c6702a6799de84fd0462c26eb54a239a7e865c5bebd2c6355d0b29f8ab,2024-02-23 06:28:14.704298+00:00,hu,baon.hu,baon.hu,2024-02-21,Fakitermelést végeznek a kecskeméti erdőkben,https://www.baon.hu/helyi-kozelet/2024/02/fakitermeles-erdok-kecskemet?utm_source=hirstart&utm_medium=referral&utm_campaign=hiraggregator
537c926d84302fcc43f3269465d18f67b256d3160af634ea92ab9df67a82bfe7,2024-02-23 03:52:38.799319+00:00,hu,origo.hu,origo.hu,2023-08-11,A klímaváltozás kifejezéseivel is bővül a brit jelnyelv,https://www.origo.hu/tudomany/20230811-a-klimavaltozas-kifejezeseivel-is-bovul-a-brit-jelnyelv.html
aa796c7848a3bb02d38924e99035305d9ee0f7b13ea8c83c2f4ab0442d40831e,2024-02-23 02:45:18.219712+00:00,hu,demokrata.hu,demokrata.hu,2023-08-12,A természetvédelemnek teremtésvédelemmé kell válnia,https://demokrata.hu/gazdasag/a-termeszetvedelemnek-teremtesvedelemme-kell-valnia-715929/
7dc69931f5cac16501634d65e5e364e96cf2ba9933470f5cd57bebebebed9e49,2024-02-23 02:39:22.038576+00:00,hu,hirtv.hu,hirtv.hu,2023-08-12,Nagy István: a természetvédelemnek teremtésvédelemmé kell válnia!,http://hirtv.hu/hirtv_gazdasagi_hirei/nagy-istvan-a-termeszetvedelemnek-teremtesvedelemme-kell-valnia-2571446?utm_source=feed&utm_medium=rss
535c8c35804bf11645c3d13211f9f40be573283bd561d7ebc2d1f1773c3ad0b1,2024-02-23 02:30:56.113702+00:00,hu,mandiner.hu,mandiner.hu,2023-08-12,"Őrült nyár: ahol nem a tűz, ott a víz pusztít idén Európában",https://mandiner.hu/kulfold/2023/08/orult-nyar-ahol-nem-a-tuz-ott-a-viz-pusztit-iden-europaban
d5b397b03e033e2dfa6217a22c450efb10cfef16c7800ee166b0e8896ffa8531,2024-02-23 02:29:25.965563+00:00,hu,infostart.hu,infostart.hu,2023-08-12,Nagy István: a természetvédelemnek teremtésvédelemmé kell válnia!,https://infostart.hu/gazdasag/2023/08/12/nagy-istvan-a-termeszetvedelemnek-teremtesvedelemme-kell-valnia
95c98e7a9823c657f47a43e91cf4faed710e5f37ada18a44396ec9ff037ce2c7,2024-02-23 02:20:50.583357+00:00,hu,infostart.hu,infostart.hu,2023-08-12,Megtízszerezte a kormány a nemzetpolitika támogatásait – a nap hírei,https://infostart.hu/belfold/2023/08/12/megtizszerezte-a-kormany-a-nemzetpolitika-tamogatasait-a-nap-hirei
5993b2be6c72e6c38788ecfe48e76f0903b809f2796e66ca29dd093be60e819b,2024-02-22 13:54:39.601316+00:00,hu,magyarnemzet.hu,magyarnemzet.hu,2023-08-22,Hogyan szabad locsolni a nagy nyári melegben?,https://magyarnemzet.hu/lugas-rovat/2023/08/szabad-e-locsolni-a-nagy-nyari-melegben
160b672eb4db92b8621980546b245632a9abcd10cdf4de881787f9d34f2265f3,2024-02-22 04:31:43.907500+00:00,hu,origo.hu,origo.hu,2023-08-29,Itt a legújabb ötlet a korallzátonyok megsegítésére,https://www.origo.hu/tudomany/20230829-uj-eszkoz-a-korallzatonyok-megsegitesere.html
8a7ee08f3105a9712fa4855539d931b42c5258fac12d9be61acfb3d8e7fe73c3,2024-02-21 21:33:39.179989+00:00,hu,mandiner.hu,mandiner.hu,2023-09-03,"A természetben nincs „ágyban, párnák közt” – A Remény Farm alapítóival beszélgettünk",https://mandiner.hu/belfold/2023/09/a-termeszetben-nincs-agyban-parnak-kozt-a-remeny-farm-alapitoival-beszelgettunk
51b5164e4b1d110b164646e20d373437df2dda52be81c3884f8f662fea45d57f,2024-02-21 01:17:03.223740+00:00,hu,baon.hu,baon.hu,2024-02-19,A nap legfontosabb hírei egy helyen – 2024. február 19,https://www.baon.hu/helyi-kozelet/2024/02/a-nap-legfontosabb-hirei-egy-helyen-2024-februar-19?utm_source=hirstartutm_medium=referralutm_campaign=hiraggregator
437a17b3972b177f1cb85c2f9903bb033315e28e469f9df3ad04fe20fe64e2bd,2024-02-21 01:16:20.616013+00:00,hu,baon.hu,baon.hu,2024-02-19,Kalocsán júniusban indul a vízmegtartó és környezetvédelmi program,https://www.baon.hu/helyi-kozelet/2024/02/kalocsan-juniusban-indul-a-vizmegtarto-es-kornyezetvedelmi-program?utm_source=hirstartutm_medium=referralutm_campaign=hiraggregator
6583ec6c9eb14a33303ed035863b550e13d9f214ecb84c97118164f4a69ef1e1,2024-02-20 18:07:55.012059+00:00,hu,magyarnemzet.hu,magyarnemzet.hu,2023-09-22,Túlélünk vagy feladjuk?,https://magyarnemzet.hu/kultura/2023/09/tulelunk-vagy-feladjuk
c09abd8e53bda9c14417f6f697c021871c6cb7630be1b67af93702a2d894eb1c,2024-02-20 16:25:34.096430+00:00,hu,nepszava.hu,nepszava.hu,2023-09-24,"„Aki kertészkedik, arra törekszik, hogy az édenkertet teremtse meg” – Megmutatjuk Magyarország legszebb fenntartható kertjeit",https://nepszava.hu/3209746_hobbikerteszet-fenntarthatosag-kaposfured-verseny
8bbe287318240737cac63b9ea49874d682ea3af7bdd6bedf9298da150492c1e0,2024-02-20 04:08:40.306668+00:00,hu,infostart.hu,infostart.hu,2023-09-30,Újabb három vármegye csatlakozik az új országos alapellátási ügyeleti rendszerhez,https://infostart.hu/belfold/2023/09/30/ujabb-harom-varmegye-csatlakozik-az-uj-orszagos-alapellatasi-ugyeleti-rendszerhez-a-nap-hirei
f4fa7eb055f12ddb00ebb7d950c4c652b6b6563dfa9dcdb4792e1d632775eed7,2024-02-20 01:50:44.158803+00:00,hu,haon.hu,haon.hu,2024-02-18,Vezetett sétán fedezték fel a Nagyerdő madárvilágát,https://www.haon.hu/helyi-kozelet/2024/02/vezetett-seta-nagyerdo-madarvilaga-debrecen-program?utm_source=hirstart&utm_medium=referral&utm_campaign=hiraggregator
5d987dba022b13c92261257fe58c2ebc5c56d5b9b717776f2f00d91e7fb26feb,2024-02-19 12:22:32.824263+00:00,hu,szeretlekmagyarorszag.hu,szeretlekmagyarorszag.hu,2023-10-10,"Egyre több embert kellene kiszolgálniuk, miközben a vegyszerek és a klímaváltozás veszélyezteti őket. Így védhetnénk meg a méheket és a beporzókat",https://www.szeretlekmagyarorszag.hu/jovo/egyre-tobb-embert-kellene-kiszolgalniuk-mikozben-a-vegyszerek-es-a-klimavaltozas-veszelyezteti-oket-igy-vedhetnenk-meg-a-meheket-es-a-beporzokat/
a66d292e8252b3ab30dc2ab16ac1ac2788f67a135572e45078db1053cc5a6e6d,2024-02-19 06:42:17.152245+00:00,hu,portfolio.hu,portfolio.hu,2023-10-13,A mesterséges intelligencia ment meg a klímakatasztrófától?,https://www.portfolio.hu/uzlet/20231013/a-mesterseges-intelligencia-ment-meg-a-klimakatasztrofatol-645165
195cbbdca96e945bfb5038425ffcc0e30e29ebb3f5cd3d8288767baf171cf884,2024-02-19 01:17:20.297109+00:00,hu,alfahir.hu,alfahir.hu,2023-10-16,Természetvédelmi Világalap: a víz áll a növekvő globális válság középpontjában,https://alfahir.hu/hirek/termeszetvedelmi-vilagalap-a-viz-all-a-novekvo-globalis-valsag-kozeppontjaban
69e872bcc4222aaf6a0589c1673452c1992600458177636e5e4678b38af651d3,2024-02-19 00:13:09.123518+00:00,hu,origo.hu,origo.hu,2023-10-17,"MuraDrávaDuna: 20 millió euró ""Európa Amazonasának"" újjáélesztésére",https://www.origo.hu/tudomany/20231016-mura-drava.html
1d1817b2d400043dd3afaa04ed07937c20dac5b0f04f7887945937c68657a2bc,2024-02-18 21:45:41.252157+00:00,hu,pestisracok.hu,pestisracok.hu,2023-10-18,"A magyar mezőgazdasági termékeket importálók biztosak lehetnek abban, hogy terményeink kiváló minőségűek és GMO-mentesek – Megjelent a 3. Nemzeti Biodiverzitás Stratégia",https://pestisracok.hu/a-magyar-mezogazdasagi-termekeket-importalok-biztosak-lehetnek-abban-hogy-termenyeink-kivalo-minoseguek-es-gmo-mentesek-megjelent-a-3-nemzeti-biodiverzitas-strategia/
0068c5be17097549dd5199d2e2b1a454f0b8ffa66beb0cdcd47d8a307bd7779b,2024-02-18 18:53:54.484485+00:00,hu,portfolio.hu,portfolio.hu,2023-10-20,Újjáélesztik „Európa Amazonasát”,https://www.portfolio.hu/uzlet/20231020/ujjaelesztik-europa-amazonasat-hatalmas-termeszetvedelmi-projekt-indul-646933
bec55d99cceedf2a02ffa209197184ea8d4cb034b52c6f50427ad2dbd901cb0d,2024-02-18 17:04:37.151741+00:00,hu,index.hu,index.hu,2023-10-21,Ezt a magyar teljesítményt még az ENSZ is megsüvegelte,https://index.hu/gazdasag/2023/10/21/zold-fenntarthatosag-pressinform-ensz-ipra-mehek-biodiverzitas/
a003d07bdb36d6721f761d218417663ee645278dbc9a3737dfe1593abdf8d5db,2024-02-18 04:25:40.242887+00:00,hu,sonline.hu,sonline.hu,2024-02-16,A globális erdőirtás megfékezéséért,https://www.sonline.hu/helyi-kozelet/2024/02/a-globalis-erdoirtas-megfekezeseert?utm_source=hirstart&utm_medium=referral&utm_campaign=hiraggregator
a724ac7b5082402f8545584138c7f0966529f57d2f7885f55e257a2c556b7475,2024-02-18 00:39:08.931090+00:00,hu,baon.hu,baon.hu,2024-02-16,A Felső-Kiskunsági szikes pusztákon közel hatszáz túzokot figyeltek meg,https://www.baon.hu/helyi-kozelet/2024/02/a-felso-kiskunsagi-szikes-pusztakon-kozel-hatszaz-tuzokot-figyeltek-meg?utm_source=hirstart&utm_medium=referral&utm_campaign=hiraggregator
c045f3185f161252ae02666660aff820be80edf2bf4ff05f3927db91fb950139,2024-02-17 22:56:05.835917+00:00,hu,origo.hu,origo.hu,2023-10-31,"Így élesztik újjá az élővilágot a Mura, Dráva és Duna mentén",https://www.origo.hu/tudomany/20231031-hatalmas-termeszetvedelmi-projekt-indult-europa-amazonasanak-ujjaelesztesere.html
54fe6078c19e5bd441bfd069b38c7e5aef2d742285de8ed04b337d6ae95ad0f7,2024-02-17 10:08:36.945601+00:00,hu,origo.hu,origo.hu,2023-11-07,MuraDrávaDuna: hatalmas természetvédelmi projekt indul Európa Amazonasának újjáélesztésére,https://www.origo.hu/tudomany/20231106-termeszetvedelem.html
63cf72e7bfb280fe4a3b6b377fe340484b6383f0a7c843acdd27669bcad78949,2024-02-17 04:04:35.426177+00:00,hu,vg.hu,vg.hu,2024-02-15,"A fenntartható mobilitás nem csak azt jelenti, hogy elektromos járművekre cseréljük a flottát",https://www.vg.hu/velemeny/2024/02/a-fenntarthato-mobilitas-nem-csak-azt-jelenti-hogy-elektromos-jarmuvekre-csereljuk-a-flottat?utm_source=hirstart&utm_medium=referral&utm_campaign=hiraggregator
6937540870a02cb53f8ee6b002a21e925ad7623095b3f8dcd60bca3c427378a1,2024-02-16 21:49:24.458602+00:00,hu,demokrata.hu,demokrata.hu,2023-11-13,Nagy István: Magyarország GMO-mentes mezőgazdaságot épít,https://demokrata.hu/magyarorszag/nagy-istvan-magyarorszag-gmo-mentes-mezogazdasagot-epit-753898/
5d33419ca4e698d4491f791e2705f064aebe49c6c873f0c4051c53f79a5dcfd1,2024-02-16 10:25:09.381223+00:00,hu,index.hu,index.hu,2023-11-20,Nézett már a lába elé? Mutatjuk kik laknak az avar alatt!,https://index.hu/bcs/2023/11/20/avarvaros-lakoi-avaregetes-pm/
2e2cf25fcdfac83e90f2abaee25cea5ce7439347adcb3eed7958f0aa74e75386,2024-02-12 08:45:52.930814+00:00,hu,beol.hu,beol.hu,2024-02-10,"Minden gyerek hallhatta, mekkora kincs a tócsa, a vízállás",https://www.beol.hu/helyi-kozelet/2024/02/minden-gyerek-hallhatta-mekkora-kincs-a-tocsa-a-vizallas?utm_source=hirstart&utm_medium=referral&utm_campaign=hiraggregator
9ce88ca3eb08306604bd2deb4b0e0db880493d858cfeacfd5927ddd6f59532a3,2024-02-12 01:49:07.596024+00:00,hu,haon.hu,haon.hu,2024-02-10,Madáretetésre és sétára hív a Future of Debrecen,https://www.haon.hu/helyi-kozelet/2024/02/madaretetes-future-of-debrecen-biodiverzitas-nature-haon?utm_source=hirstart&utm_medium=referral&utm_campaign=hiraggregator
52aa1943cca84ed6769dcde1d9523e8de22f72721c6f44d85cbce6d007af3e9c,2024-02-09 05:25:29.292127+00:00,hu,duol.hu,duol.hu,2024-02-07,Kékbe öltözve ünnepelték a világnapot,https://www.duol.hu/helyi-kozelet/2024/02/kekbe-oltozve-unnepeltek-a-vilagnapot?utm_source=hirstart&utm_medium=referral&utm_campaign=hiraggregator
ebbcfd87b02f008d0dc0e0f17347a52130e00ff0b387886505bb05b79971b810,2024-02-09 02:18:47.443518+00:00,hu,feol.hu,feol.hu,2024-02-07,Lánctalpakkal hajtja magát a sóstói szörny (videó,https://www.feol.hu/helyi-kozelet/2024/02/lanctalpakkal-hajtja-magat-a-sostoi-szorny-video?utm_source=hirstart&utm_medium=referral&utm_campaign=hiraggregator
9507f3a2439be672a0b9e1f926db871ed868e2615024c88c12b8cfea967de925,2024-02-05 22:56:48.180379+00:00,hu,delmagyar.hu,delmagyar.hu,2024-02-03,Készülhetnek a méhecskehotelek,https://www.delmagyar.hu/helyi-kozelet/2024/02/keszulhetnek-a-mehecskehotelek?utm_source=hirstartutm_medium=referralutm_campaign=hiraggregator
58c61b2054d6e4defde8c22858d433b0f93d3ec0fc4dc248f40edda915131fa5,2024-02-02 01:34:06+00:00,hu,haon.hu,haon.hu,2024-01-31,Balázs Ákos: tudományos háttér és együttműködés – így készült Debrecen Zöld kódexe,https://www.haon.hu/helyi-kozelet/2024/01/debrecen-balazs-akos-zold-kodex-fenntarthatosag-kornyezetvedelem-interju-haon?utm_source=hirstart&utm_medium=referral&utm_campaign=hiraggregator
69ded906a3513711bf06fdfbee27a159ba8ce22c848806c7a0c4813bebc4ad8d,2024-01-23 02:44:58+00:00,hu,duol.hu,duol.hu,2024-01-21,"Vagy elfogadjuk a természet törvényeit, vagy kihalunk",https://www.duol.hu/helyi-kozelet/2024/01/vagy-elfogadjuk-a-termeszet-torvenyeit-vagy-kihalunk?utm_source=hirstart&utm_medium=referral&utm_campaign=hiraggregator
bf359632d05cd714a909f294c045d0b89299427db5a7a207e7d79ab019953665,2024-01-23 02:26:55+00:00,hu,veol.hu,veol.hu,2024-01-21,"Vagy elfogadjuk a természet törvényeit, vagy kihalunk",https://www.veol.hu/helyi-kozelet/2024/01/vagy-elfogadjuk-a-termeszet-torvenyeit-vagy-kihalunk?utm_source=hirstart&utm_medium=referral&utm_campaign=hiraggregator
edeb9acb641cefeb2ab42d96e7f42344fbc50f40e5453558d14bbaf01671d3a1,2024-01-19 06:51:46+00:00,hu,magyarnemzet.hu,magyarnemzet.hu,2024-01-17,Weiner Sennyey Tibor: Tanuljunk a méhektől!,https://magyarnemzet.hu/kultura/2024/01/hobbi-weiner-sennyey-tibor-meheszet?utm_source=hirstart&utm_medium=referral&utm_campaign=hiraggregator
df93fd69c020eb313dc7cd4900e018be50d82ebc945f9f65865637fe19a458c5,2023-12-28 01:45:09+00:00,hu,zaol.hu,zaol.hu,2023-12-26,Visszatekintő 2023. áprilisára,https://www.zaol.hu/helyi-kozelet/2023/12/visszatekinto-2023-aprilisara?utm_source=hirstart&utm_medium=referral&utm_campaign=hiraggregator
1d0dbf1d1cc3797e4d9956801e4f6dc4467b2ee47eb32d9eb396e9bb5704a864,2023-12-24 01:12:22+00:00,hu,origo.hu,origo.hu,2023-12-22,Újabb Miyawaki-erdővel a zöldebb fővárosért,https://www.origo.hu/tudomany/20231222-erdo.html
bc20a465a1e1be577f1cade9693ae02f94c381623b74d46110d4715757222753,2023-12-09 03:00:44+00:00,hu,sonline.hu,sonline.hu,2023-12-07,Évente 80–110 millió köbméter talajt veszítünk el Magyarországon,https://www.sonline.hu/helyi-gazdasag/2023/12/evente-80-110-millio-kobmeter-talajt-veszitunk-el-magyarorszagon?utm_source=hirstart&utm_medium=referral&utm_campaign=hiraggregator
82d82705a99d8415bad82d2fc7d6e368c2fe20845770c1f2186b221e0dc73f25,2023-12-07 03:31:39+00:00,hu,sonline.hu,sonline.hu,2023-12-05,Biológiai sokféleséget támogató kis parkokra pályázhatnak az iskolák és óvodák,https://www.sonline.hu/helyi-gazdasag/2023/12/biologiai-sokfeleseget-tamogato-kis-parkokra-palyazhatnak-az-iskolak-es-ovodak?utm_source=hirstart&utm_medium=referral&utm_campaign=hiraggregator
26762ab49c6a38642b63cc223e9a8a8a48187ffecd733005e839ab26946a826b,2023-12-06 06:52:13+00:00,hu,sonline.hu,sonline.hu,2023-12-04,Átfogó ESG-keretprogramot valósít meg a vállalat a következő években,https://www.sonline.hu/helyi-gazdasag/2023/12/atfogo-esg-keretprogramot-valosit-meg-a-vallalat-a-kovetkezo-evekben?utm_source=hirstart&utm_medium=referral&utm_campaign=hiraggregator
4ba4e2c13d970ae00a62e336fb07f156e416f499b230bd9b3c3ed7a858bcb5da,2023-12-06 03:45:30+00:00,hu,portfolio.hu,portfolio.hu,2023-12-04,Együttműködésre lépett az Agrárminisztérium és az MBH Bank,https://www.portfolio.hu/uzlet/20231204/egyuttmukodesre-lepett-az-agrarminiszterium-es-az-mbh-bank-655595
ed761780ad0f73c9f723edfea1e7f02d66c0efeac270589284ab89e97387547e,2023-12-06 02:34:55+00:00,hu,vg.hu,vg.hu,2023-12-04,Az MBH Bank együttműködést kötött az Agrárminisztériummal – 10 nemzeti parkot támogatnak,https://www.vg.hu/vilaggazdasag-magyar-gazdasag/2023/12/az-mbh-bank-egyuttmukodest-kotott-az-agrarminiszteriummal-10-nemzeti-park-tamogatasa-a-is-szoba-kerult?utm_source=hirstart&utm_medium=referral&utm_campaign=hiraggregator
a922b51b218d29d850c2aeebdd3f11802cfe1609cf41b5050aba5095dec7af90,2023-12-06 01:31:50+00:00,hu,kisalfold.hu,kisalfold.hu,2023-12-04,KISALFOLD - Fertő-tó,https://www.kisalfold.hu/helyi-kozelet/2023/12/ferto-to-az-eredeti-tervekre-adtak-ki-a-kornyezetvedelmi-engedelyt?utm_source=hirstart&utm_medium=referral&utm_campaign=hiraggregator
55d4ae2c024c6dd5d207c5421baf02e3418656c0d1caf1dd80a7699504e08510,2023-12-03 04:49:50+00:00,hu,hvg.hu,hvg.hu,2023-12-01,Hetvenévesen szült ikreket egy ugandai nő,https://hvg.hu/elet/20231201_ivf_in_vitro_megtermekenyites_in_vitro_fertilizacio_ikrek_hetveneves_szules_no_Uganda_rekord
f59099fb1dc8c36564cf0483e85392f0548931822cceb7f54cf4670f35e0de1a,2023-11-30 01:44:42+00:00,hu,vaol.hu,vaol.hu,2023-11-28,"Körbejártuk az aktuális vadászati kérdéseket, Vasban nincs sertéspestis",https://www.vaol.hu/helyi-kozelet/2023/11/korbejartuk-az-aktualis-vadaszati-kerdeseket-vasban-nincs-sertespestis?utm_source=hirstart&utm_medium=referral&utm_campaign=hiraggregator
f55f665094886fcfec61fbe76eafe32263f44008220e70431de11f9b46bd963f,2023-11-29 01:47:25+00:00,hu,ma.hu,ma.hu,2023-11-27,Országos faültetési programot indít a 10 millió Fa Alapítvány,https://www.ma.hu/belfold/395177/Tobb_fat_az_iskolaba__Orszagos_faultetesi_programot_indit_a_10_millio_Fa_Alapitvany?place=srss
3f59bc8914eb85a11236b930e5494b7f610f871590afac00d57b4420481f81b6,2023-11-24 04:18:27+00:00,hu,blikk.hu,blikk.hu,2023-11-22,Faültetéssel nevelnék a diákokat a környezetvédelemre,https://www.blikk.hu/aktualis/belfold/faultetes-diakok/jgv7zhh
59af1afa4d83a56935c12982a809874643ee5066ec67302f18779c710b735586,2023-11-24 00:58:25+00:00,hu,vg.hu,vg.hu,2023-11-22,Nektárcsepegtetés közelről: méhkaptárt fogadhatunk örökbe,https://www.vg.hu/agrar/2023/11/nektarcsepegtetes-kozelrol-mehkaptart-fogadhatunk-orokbe?utm_source=hirstart&utm_medium=referral&utm_campaign=hiraggregator
da064bc30b1e3c1f4b9358358313535e41ca953d02ce3f29a9a24dc0156db1d7,2023-11-17 05:10:27+00:00,hu,origo.hu,origo.hu,2023-11-15,Megváltoztatja az állatok agyát az éghajlatváltozás,https://www.origo.hu/tudomany/20231115-az-allatok-agyat-megvaltoztatja-az-eghajlatvaltozas.html
