id,indexed_date,language,media_name,media_url,publish_date,title,url
640a29ebd14805415b298082faa585bc2083297b56ce7fd4d4bd218c9da24fbb,2026-08-02 17:17:38.455375+00:00,hu,nepszava.hu,nepszava.hu,2026-08-02,"Az erdő nem díszlet, hanem társ: a természetkapcsolat sokkal több, mint egy túra vagy mezítláb járkálni a fűben",https://nepszava.hu/3330141_erdo-termeszet-kapcsolat-borzsony-riport
b6e25b16d8d909e2774ef4bdddadce832e74b3111c11e188122f439c1f572476,2026-07-28 15:36:18.072432+00:00,hu,portfolio.hu,portfolio.hu,2026-07-28,Elképesztő adatok: már 40 méter mélyen is érezni a felmelegedést,https://www.portfolio.hu/global/20260728/elkepeszto-adatok-mar-40-meter-melyen-is-erezni-a-felmelegedest-852566
8c30bde6cf4030369cc29b023f91e66f76d8e70bca3d60cf2f0e7de8a1cc2d8f,2026-07-11 06:17:51.546256+00:00,hu,portfolio.hu,portfolio.hu,2026-07-11,Nem kellene életben tartani a falvakat?,https://www.portfolio.hu/krtk/20260711/nem-kellene-eletben-tartani-a-falvakat-848272
78c97fe4624111bca137ee6b61ca84e797408c334eb71f6a34a4bd4e48e08dac,2026-07-02 13:38:52.187293+00:00,hu,portfolio.hu,portfolio.hu,2026-07-02,A bivaly mentheti meg a pusztuló termőföldeket? Egyre többen tartják őket,https://www.portfolio.hu/podcast/20260702/a-bivaly-mentheti-meg-a-pusztulo-termofoldeket-egyre-tobben-tartjak-oket-847156
bf7d14cfd08f65cb431e15decfddc2423e3d4266810a1795592959c788ac4fff,2026-07-02 09:34:04.263960+00:00,hu,portfolio.hu,portfolio.hu,2026-07-02,Méregdrága halogatás a zöld átállás? Szeptemberben jön a Sustainable World konferencia,https://www.portfolio.hu/uzlet/20260702/meregdraga-halogatas-a-zold-atallas-szeptemberben-jon-a-sustainable-world-konferencia-847102
1f54f108db4b552406e9f920abb15603145dc0719f68ea43001ef9ddd3adf90b,2026-07-01 08:35:28.103938+00:00,hu,portfolio.hu,portfolio.hu,2026-07-01,A színfalak mögött így dőlnek el az önkormányzatok számára fontos kérdések az EP-ben,https://www.portfolio.hu/krtk/20260701/a-szinfalak-mogott-igy-dolnek-el-az-onkormanyzatok-szamara-fontos-kerdesek-az-ep-ben-845666
55f1766cc0b65354853923eb4e5d5c4117326563bfc5cdb30ad56a569b29494f,2026-05-15 07:22:39.761407+00:00,hu,portfolio.hu,portfolio.hu,2026-05-15,Bóna Szabolcs kimondta: vége a folyamatos állami mentőöveknek Magyarországon,https://www.portfolio.hu/gazdasag/20260515/bona-szabolcs-kimondta-vege-a-folyamatos-allami-mentooveknek-magyarorszagon-836934
30ef5e8cc0a53ad09b06d1b8c2ce8a62fdf680e36fe4e947b632c49e7679c446,2026-04-29 11:28:02.533789+00:00,hu,portfolio.hu,portfolio.hu,2026-04-29,Súlyos uniós ügyeket robbantott ki a leköszönő Orbán-kormány – Magyar Péter vezetése bírósági eljárásokat örököl,https://www.portfolio.hu/unios-forrasok/20260429/sulyos-unios-ugyeket-robbantott-ki-a-lekoszono-orban-kormany-magyar-peter-vezetese-birosagi-eljarasokat-orokol-833632
2ad4b6713dd15268ad2982b1fd9be883cb2750673eb151b2bb4c5012b250251f,2026-04-29 09:25:15.324709+00:00,hu,portfolio.hu,portfolio.hu,2026-04-29,Megszólalt a leköszönő miniszter az uniós források kiszabadításáról – rengeteg állítás nem stimmel,https://www.portfolio.hu/unios-forrasok/20260429/megszolalt-a-lekoszono-miniszter-az-unios-forrasok-kiszabaditasarol-rengeteg-allitas-nem-stimmel-833552
9acc9ca9f0de0fcb39c639b3859db9c1c111e61e3d16f7c2eb73997a61955ff5,2026-04-29 09:24:50.503912+00:00,hu,portfolio.hu,portfolio.hu,2026-04-29,Döntött Trump: még hosszú ideig nyögheti a világ a fájdalmas tengeri blokád lesújtó hatásait,https://www.portfolio.hu/global/20260429/dontott-trump-meg-hosszu-ideig-nyogheti-a-vilag-a-fajdalmas-tengeri-blokad-lesujto-hatasait-833570
b35122deac18f37edc908861b5aa05c1af84d4940979b74e3a4aa52cc6d8a1f8,2026-04-29 09:20:29.894482+00:00,hu,portfolio.hu,portfolio.hu,2026-04-29,Éktelen haragra gerjedt Trump Merz szavai miatt – Németország is megkapta a magáét az amerikai elnöktől,https://www.portfolio.hu/global/20260429/ektelen-haragra-gerjedt-trump-merz-szavai-miatt-nemetorszag-is-megkapta-a-magaet-az-amerikai-elnoktol-833566
5607a7d08f617b548154f57cb032ce95d3188211e2d3852b902b6aa93265d45d,2026-04-29 09:20:21.802401+00:00,hu,portfolio.hu,portfolio.hu,2026-04-29,Ebből még nagy baj lehet: a hegyek gyomrában rejtőzik a rettegett fegyverarzenál,https://www.portfolio.hu/global/20260429/ebbol-meg-nagy-baj-lehet-a-hegyek-gyomraban-rejtozik-a-rettegett-fegyverarzenal-komoly-veszely-leselkedik-a-vilagra-833444
1521e12ef5dc336a5b1f255a7d8e5201623d39493d1da7fc4f0bf0528831511f,2026-04-29 08:18:37.739523+00:00,hu,portfolio.hu,portfolio.hu,2026-04-29,"Új lendületet adott a forintnak az MNB, ma külföldről érkezik a magyar deviza sorsát meghatározó döntés",https://www.portfolio.hu/deviza/20260429/uj-lenduletet-adott-a-forintnak-az-mnb-ma-kulfoldrol-erkezik-a-magyar-deviza-sorsat-meghatarozo-dontes-833528
ba5491a2d6f9939b2491d74a7c59b1cb4bf805535330a1bb103c23352056a1d8,2026-04-29 08:18:22.801223+00:00,hu,portfolio.hu,portfolio.hu,2026-04-29,"Rekord pénzeket mozdítottak meg a befektetők: kiderült, hol vészelnék át az iráni háborút",https://www.portfolio.hu/befektetes/20260429/rekord-penzeket-mozditottak-meg-a-befektetok-kiderult-hol-veszelnek-at-az-irani-haborut-833554
340fad1057da64f3cf73e78c1ac23b1dcd25bed2dd40c3bcca3b60ecd1f690b8,2026-04-29 08:17:29.163892+00:00,hu,portfolio.hu,portfolio.hu,2026-04-29,Ma alaposan felpörögnek az események a tőzsdéken,https://www.portfolio.hu/uzlet/20260429/ma-alaposan-felporognek-az-esemenyek-a-tozsdeken-mutatjuk-mire-kell-figyelni-833534
78918393d007ced33a43903295aa38e9e870d08cf3d076db35afbc2ee93605c4,2026-04-28 21:33:42.433777+00:00,hu,portfolio.hu,portfolio.hu,2026-04-28,"Egyre vékonyabb jégen táncol az európai hatalom vezetője: ezúttal megúszta, hogy a körmére nézzenek",https://www.portfolio.hu/global/20260428/egyre-vekonyabb-jegen-tancol-az-europai-hatalom-vezetoje-ezuttal-meguszta-hogy-a-kormere-nezzenek-833504
6812794c98a41a11dcd5025733b0aa148c89d97c1c30e4943ca701e24af83db8,2026-04-28 19:19:20.533451+00:00,hu,portfolio.hu,portfolio.hu,2026-04-28,"Kétségbeesetten kongatják a vészharangot: több millió gyereket fenyeget éhhalál, de ez látszólag senkit sem érdekel",https://www.portfolio.hu/global/20260428/ketsegbeesetten-kongatjak-a-veszharangot-tobb-millio-gyereket-fenyeget-ehhalal-de-ez-latszolag-senkit-sem-erdekel-833482
fd3ddffae861339df8b01dd8a2749673fefc0af55d710610fda6bc6c3d3fba93,2026-04-28 16:46:15.123535+00:00,hu,portfolio.hu,portfolio.hu,2026-04-28,Íme Donald Trump következő háborúja: már készen vannak a tervek – Bármikor megindulhat a leszámolás,https://www.portfolio.hu/global/20260428/ime-donald-trump-kovetkezo-haboruja-mar-keszen-vannak-a-tervek-barmikor-megindulhat-a-leszamolas-833368
66f87cd8db04a7fc30b872a02ba4e414e0b8892df05fbb20d4483d41a0ed4051,2026-04-28 15:43:44.777664+00:00,hu,portfolio.hu,portfolio.hu,2026-04-28,"Az EP kezdeményezi, hogy a nemi erőszak fogalma a beleegyezés hiányán alapuljon",https://www.portfolio.hu/gazdasag/20260428/az-ep-kezdemenyezi-hogy-a-nemi-eroszak-fogalma-a-beleegyezes-hianyan-alapuljon-833450
595ceac9ecd8c5c07abf2e35631a8c34a12e5191c7eb5f8d92f484b9461e2123,2026-04-28 15:43:22.844456+00:00,hu,portfolio.hu,portfolio.hu,2026-04-28,Varga Mihály szavaira erősödött a forint,https://www.portfolio.hu/deviza/20260428/varga-mihaly-szavaira-erosodott-a-forint-833272
c4be00f2d845fc50f9789843e16a5855e7a53de77e220a9493fce36198023bfc,2026-04-28 14:39:24.537270+00:00,hu,portfolio.hu,portfolio.hu,2026-04-28,Itt az MNB indoklása a mai kamatdöntésről,https://www.portfolio.hu/gazdasag/20260428/itt-az-mnb-indoklasa-a-mai-kamatdontesrol-833428
ffb2d4fdf6317338a0492b7bc1a9c4fec6df4459041712164188b1c7e944be05,2026-04-28 13:40:47.979699+00:00,hu,portfolio.hu,portfolio.hu,2026-04-28,Váratlan bejelentés: kilép az olajnagyhatalom a világ egyik legbefolyásosabb szövetségéből,https://www.portfolio.hu/global/20260428/varatlan-bejelentes-kilep-az-olajnagyhatalom-a-vilag-egyik-legbefolyasosabb-szovetsegebol-833418
e3f6c7f3f120c69d1df4428fd9cfe68746455e99a11f57d037849d78c9c359dd,2026-04-28 13:40:40.628327+00:00,hu,portfolio.hu,portfolio.hu,2026-04-28,Varga Mihály: már ma is tájékozódott a Monetáris Tanács az euróbevezetés előszobájáról,https://www.portfolio.hu/gazdasag/20260428/varga-mihaly-mar-ma-is-tajekozodott-a-monetaris-tanacs-az-eurobevezetes-eloszobajarol-833402
ce7de0958323a533a82c4ee97785fc45899b137acb939642aafa19cd4019a2e1,2026-04-28 13:40:26.089222+00:00,hu,portfolio.hu,portfolio.hu,2026-04-28,Döntött az MNB,https://www.portfolio.hu/deviza/20260428/dontott-az-mnb-mit-csinal-a-forint-833272
61dead087b4c429c3339f2335897b9ba8853ade5b7e9cfe65823d328e673c2f6,2026-04-28 13:39:42.858374+00:00,hu,portfolio.hu,portfolio.hu,2026-04-28,Itt az MNB kamatdöntése!,https://www.portfolio.hu/gazdasag/20260428/itt-az-mnb-kamatdontese-833378
f9d9781ba983921538d33850c5fd9b7ef9f0b0505623e95c2ded7f1b44c23e22,2026-04-06 16:38:13.401425+00:00,hu,portfolio.hu,portfolio.hu,2026-04-06,"A napelem ugyanolyan stratégiai eszközzé vált, mint a golyóálló mellény",https://www.portfolio.hu/gazdasag/20260406/a-napelem-ugyanolyan-strategiai-eszkozze-valt-mint-a-golyoallo-melleny-827520
4e3a55c6f61568f69913d6b07b779f8914e8d05723fa27d5929f42b9f51cd633,2026-03-22 13:33:44.191907+00:00,hu,portfolio.hu,portfolio.hu,2026-03-22,"Klímaváltozás, mint nemzetbiztonsági fenyegetés? Sok kormány néz félre ez ügyben",https://www.portfolio.hu/gazdasag/20260322/klimavaltozas-mint-nemzetbiztonsagi-fenyegetes-sok-kormany-nez-felre-ez-ugyben-825408
0c5ccb68ccdd80ddd4f399a7ba704e578780b62c43fc62762b16b945cb981d6c,2026-03-15 20:23:50.603139+00:00,hu,hvg.hu,hvg.hu,2026-03-15,Mit kezdhet az ökológiai válsággal a pénzügyi szektor?,https://hvg.hu/zhvg/20260315_biodiversity-finance-a-biodiverzitas-penzugyei-konyvbemutato-corvinus-helena-naffa-okologiai-valsag-planetaris-valsag
6b750f7fc1885cf83ef5c83e6faf95fd0ae4a6241b5d596eafa486400e4f60d9,2026-03-07 13:31:50.149465+00:00,hu,portfolio.hu,portfolio.hu,2026-03-07,Szinte minden magyart érint az uniós agrárpolitika reformja – A lakosság 85%-a egy kilométerre él agrárterületektől,https://www.portfolio.hu/krtk/20260307/szinte-minden-magyart-erint-az-unios-agrarpolitika-reformja-a-lakossag-85-a-egy-kilometerre-el-agrarteruletektol-822200
4b60ea4d8dba0c9cf499ff27b41f443b6c5493135e0156e8f22ccadb28faccc0,2026-03-01 15:22:21.637257+00:00,hu,index.hu,index.hu,2026-03-01,Brüsszelre ugathatnak és fújhatnak hamarosan a kutyák és a macskák is,https://index.hu/tudomany/2026/03/01/kutya-macska-biodiverzitas-veszely-europai-unio-szabalyozas/
5bc06ada1c3daafe21bd6523bc7263a2490ef38e798dcddef8cdb6df82ff6ec3,2026-02-25 12:44:18.826029+00:00,hu,portfolio.hu,portfolio.hu,2026-02-25,"Elkezdődött a Planet Budapest 2026 Expo és Konferencia, Közép-Európa egyik legjelentősebb fenntarthatósági rendezvénye",https://www.portfolio.hu/gazdasag/20260225/elkezdodott-a-planet-budapest-2026-expo-es-konferencia-kozep-europa-egyik-legjelentosebb-fenntarthatosagi-rendezvenye-820346
d55c5ef4105d4349e47200e9fac1273006ddeaaacc8ce67808339b25f9b40d10,2026-02-24 14:50:50.921916+00:00,hu,portfolio.hu,portfolio.hu,2026-02-24,A karbongazdálkodás lehet a jövő nagy lehetősége?,https://www.portfolio.hu/uzlet/20260224/a-karbongazdalkodas-lehet-a-jovo-nagy-lehetosege-819782
7869cd26b6214e8641fe9523388ee17f3753a5789a690703c589fe3e86241c2d,2026-02-09 10:28:23.701136+00:00,hu,portfolio.hu,portfolio.hu,2026-02-09,"Fokozódik a feszültség: újabb vasfüggöny ereszkedett Európára, csak most karbonból van",https://www.portfolio.hu/gazdasag/20260209/fokozodik-a-feszultseg-ujabb-vasfuggony-ereszkedett-europara-csak-most-karbonbol-van-813602
4eacd2bdeb381d7061ba5cab60e3ef166f658f78ce8859c9152bbc403262d636,2026-01-22 21:25:22.964379+00:00,hu,index.hu,index.hu,2026-01-22,Megmentheti a kihalástól az állatokat a sport?,https://index.hu/tudomany/2026/01/22/sport-klubok-cmer-emblema-allatok-biodiverzitas/
6bf65ef4be725b9318f32e9c3f16c89792ba1d3cbe4c715571e2ec0cbd09dc6c,2026-01-19 20:29:55.420728+00:00,hu,infostart.hu,infostart.hu,2026-01-19,"Megmondták, mi lesz a jövő, hazánkra is leselkednek veszélyek",https://infostart.hu/gazdasag/2026/01/19/megmondtak-mi-lesz-a-jovo-hazankra-is-leselkednek-veszelyek
053fcff590a37e5b57513d273994514e92aa9ed36bf04331c87f085555cc9c3a,2026-01-15 10:32:38.212035+00:00,hu,vg.hu,vg.hu,2026-01-15,"Veszély: megmondták a világ urai, ezek a veszélyek leselkednek Magyarországra",https://www.vg.hu/kozelet/2026/01/veszely-kockazatok-2025-vilaggazdasagi-forum-konfliktus?utm_source=hirstart&utm_medium=referral&utm_campaign=hiraggregator
a42a85c6f229fcf60780b60183365aa0a6b95a1f564ec8e4f0af54a3afb9f993,2026-01-14 11:36:41.834378+00:00,hu,origo.hu,origo.hu,2026-01-14,"Geopolitikai és gazdasági feszültségek, háborúk és dezinformáció – Magyarország sem marad érintetlen",https://www.origo.hu/gazdasag/2026/01/gazdasagi-hadviseles-geoplitikai-gazdasagi-feszultsegek
cc17b084b49c50f83d7603d1573dd29ff9c6669d0d07d5912b9b5535f8ccf301,2025-11-27 21:26:31.901936+00:00,hu,merce.hu,merce.hu,2025-11-27,"Ádáz vita a következő klímacsúcs helyszínéről, küzdelem a fosszilis lobbistákkal – diplomáciai csaták a COP hátterében « Mérce",https://merce.hu/2025/11/27/adaz-vita-a-kovetkezo-klimacsucs-helyszinerol-kuzdelem-a-fosszilis-lobbistakkal-diplomaciai-csatak-a-cop30-hattereben/
2817ae0df3a871ba27cc0904501df25b51d5c3694d4e36139933f53ec7852e08,2025-11-09 15:18:17.940984+00:00,hu,portfolio.hu,portfolio.hu,2025-11-09,Globális alkuk sora szabhatja át az EU-s pénzek elosztását,https://www.portfolio.hu/unios-forrasok/20251109/globalis-alkuk-sora-szabhatja-at-az-eu-s-penzek-elosztasat-797412
48c89558f103fb584b4056cbe3135fb832d28846eca4e1506687c325b91fd3f8,2025-11-07 14:33:23.815108+00:00,hu,portfolio.hu,portfolio.hu,2025-11-07,"Komoly kifizetéseket jelentett be Brüsszel, Magyarország is örülhet",https://www.portfolio.hu/unios-forrasok/20251107/komoly-kifizeteseket-jelentett-be-brusszel-magyarorszag-is-orulhet-798246
c12db9e21820717922f25f35d98a1ba4d5c49fe97fc5c9fa2b666e0845bc09a7,2025-10-20 14:20:42.518880+00:00,hu,portfolio.hu,portfolio.hu,2025-10-20,"Csúnya vége lehet, ha egy kulcsfontosságú témában nem tudnak kiegyezni az uniós tagállamok",https://www.portfolio.hu/gazdasag/20251020/csunya-vege-lehet-ha-egy-kulcsfontossagu-temaban-nem-tudnak-kiegyezni-az-unios-tagallamok-793570
1b78589e659d77f82a1e5eb158729688f8874269cd0bb20d97c1772d8f5c2a3f,2025-09-21 22:27:47.511749+00:00,hu,ma.hu,ma.hu,2025-09-21,"Az Egyesült Királyság, Kanada, Ausztrália és Portugália hivatalosan is elismerik a Palesztin Államot",https://www.ma.hu/kulfold/405968/Az_Egyesult_Kiralysag_Kanada_Ausztralia_es_Portugalia_hivatalosan_is_elismerik_a_Palesztin_Allamot?place=srss
487c992c4f53950e70d9a7e25a231893294fad5427d13ae6b5c067ba2b79cea3,2025-09-21 13:17:50.273928+00:00,hu,ma.hu,ma.hu,2025-09-20,Kína és a tálibok is elutasítják Trump afganisztáni bázistervét,https://www.ma.hu/kulfold/405960/Kina_es_a_talibok_is_elutasitjak_Trump_afganisztani_bazistervet?place=srss
4b99c7964cb166097a3d0655ce0a7ba8b548ffc1491dac06418d62b8b1f019d8,2025-09-21 13:17:07.486059+00:00,hu,ma.hu,ma.hu,2025-09-21,Fegyveres támadás egy amerikai esküvőn,https://www.ma.hu/kulfold/405964/Free_Palestine__Fegyveres_tamadas_egy_amerikai_eskuvon?place=srss
f4cfe9975f25dd8a6a0a16572bece2369f16ffb14d91af0258f612abdca2c090,2025-08-17 06:20:06.966842+00:00,hu,index.hu,index.hu,2025-08-17,"Megérezzük a jövő aranyának hiányát – terméskiesés, infláció, elvándorlás",https://index.hu/gazdasag/2025/08/17/viz-vizhiany-vizgazdalkodas-termeszetes-viz-ivoviz-klimavaltozas-globalis-felmelegedes-aszaly-ontozes-vizkeszlet/
f19723b8129fd13896a944785a736976e06484f7c2c7b28e2bc02d55f306876b,2025-08-08 20:02:19.782432+00:00,hu,valasz.hu,valasz.hu,2017-07-10,"Génmódosított ostyával lehet áldozni, gluténmentessel nem",http://valasz.hu/vilag/genmodositott-ostyaval-lehet-aldozni-glutenmentessel-nem-124605
06fa574f250ff07f338f9327195543de3e666864c30c45aa232be0a7e3c7bba3,2025-08-07 10:10:09.664058+00:00,hu,index.hu,index.hu,2017-08-15,Láncfűrész az őserdőben: az utolsó európai rengeteg jövője a tét,http://index.hu/tudomany/2017/08/15/az_utolso_europai_oserdo_tulelese_forog_kockan_lengyelorszagban/
5096e4c89311b44bda8912c3deb107e8acb2ba482b80729cafc23125a1e7ec1a,2025-08-05 19:36:48.653954+00:00,hu,boon.hu,boon.hu,2017-09-30,Valóságos víziók a 21. századi mezőgazdaságban,http://www.boon.hu/jegyzet-valosagos-viziok-a-21-szazadi-mezogazdasagban/3634446
6a7f1d49506859764e8771c84b73c2fe4364331f969531e8b796eae88339722a,2025-08-05 19:36:32.454305+00:00,hu,szon.hu,szon.hu,2017-09-30,Valóságos víziók a 21. századi mezőgazdaságban,http://www.szon.hu/jegyzet-valosagos-viziok-a-21-szazadi-mezogazdasagban/3634446
b4da8f93b317fb473a6cdc7b2efb7e4bad604f083e8702528ec40059c1719440,2025-08-03 20:09:19.292553+00:00,hu,szon.hu,szon.hu,2017-11-18,Középpontban a nagyvadak kérdése,http://www.szon.hu/kozeppontban-a-nagyvadak-kerdese/3683876
548943a4e2dc0e6a0a801277ea7b15b7400d826255b23c6010a27f02b10f6e2c,2025-08-03 20:09:16.296624+00:00,hu,boon.hu,boon.hu,2017-11-18,Középpontban a nagyvadak kérdése,http://www.boon.hu/kozeppontban-a-nagyvadak-kerdese/3683876
1f87b5b0ec030c656e84e86095120ee9d03d256eb6bc1ae563eaccd3f9cac374,2025-08-03 05:09:37.194891+00:00,hu,index.hu,index.hu,2017-12-06,Rabszolgák vágják ki az őserdőt az európaiak hamburgereiért?,http://index.hu/gazdasag/2017/12/06/eu_latin-amerika_szabadkereskedelem/
9bd6fcc2097ee5ae97550a01af6830cc2259b9aa4c145331d7a0d44b0eced6dc,2025-08-02 01:47:13.727758+00:00,hu,24.hu,24.hu,2017-12-29,Elkezdhetnénk manipulálni a Föld légkörét,https://24.hu/tudomany/2017/12/29/elkezdhetnenk-manipulalni-a-fold-legkoret/
a653762e226d07e40af602f051a5697899da34f9f9225850471c779c82259eb5,2025-07-19 11:33:17.285165+00:00,hu,index.hu,index.hu,2018-10-09,Vessünk véget a gazdasági növekedésnek?,https://index.hu/gazdasag/2018/10/09/ensz_klimavaltozas_fenntarthatosag_novekedes_innovacio_fold/
20c0939570c42ac025611a158ae1b1b93affed1033b61a6afca70388dbab9b2f,2025-07-18 01:37:35.130921+00:00,hu,nepszava.hu,nepszava.hu,2018-11-12,Volt-nincs közpénz: 250 milliárdot löktek a céghálóba Matolcsy alapítványai,https://nepszava.hu/3014864_volt-nincs-kozpenz-250-milliardot-loktek-a-ceghaloba-matolcsy-alapitvanyai
7db1902005992fd43c6c0c435cbf87a7336e27186f2d1026a8467b9ce0b7bbe5,2025-07-18 01:37:35.010301+00:00,hu,nepszava.hu,nepszava.hu,2018-11-12,"A tömeges állami kirúgások miatt laborok munkája állhat le, és kimúlhat a környezetvédelem",https://nepszava.hu/3014841_pusztito-leepules-a-tomeges-allami-kirugasok-miatt-laborok-munkaja-allhat-le-es-kimulhat-a-kornyezetvedelem
4b1007fa0f9c3572e0f6ca4a246a936b7bc0cbabbdd9d7ad75637ad011ec31c5,2025-07-18 01:33:11.649297+00:00,hu,nepszava.hu,nepszava.hu,2018-11-12,Harmadával kevesebb jut a nehezen élőknek: a szegényeken spórol a kormány,https://nepszava.hu/3014813_harmadaval-kevesebb-jut-a-nehezen-eloknek-a-szegenyeken-sporol-a-kormany
4ef7bcb367c40328e8d34eda04a02a36d11329cdff53eb75383c26faa65c2787,2025-07-17 17:18:09.796097+00:00,hu,hirtv.hu,hirtv.hu,2025-07-17,"Brüsszel sokkoló terve: Az uniós gazdák pénzét Ukrajnára költenék, elképesztő hatalomátvétel készül",https://hirtv.hu/hirtvkulfold/brusszel-sokkolo-terve-az-unios-gazdak-penzet-ukrajnara-koltenek-elkepeszto-hatalomatvetel-keszul-2611703?utm_source=feed&utm_medium=rss
6940ff931d1a6b57409a46d0ee5356f22508c5913cb73a291576f7e83ce3042a,2025-07-17 11:22:35.219959+00:00,hu,vg.hu,vg.hu,2025-07-17,"EU-költségvetés: Ukrajna javára vennék el a pénzt az uniós gazdáktól, elképesztő hatalomkoncentrációra készül Brüsszel",https://www.vg.hu/nemzetkozi-gazdasag/2025/07/eu-koltsegvetes-ukrajna-gazdak?utm_source=hirstart&utm_medium=referral&utm_campaign=hiraggregator
967d42617e8a5641cd82b7dda289028c0e6c660eccf4a77a4e0d3b74c07656be,2025-07-16 06:56:29.473534+00:00,hu,nepszava.hu,nepszava.hu,2018-12-16,"Nem bántanak, én sem haragszom",https://nepszava.hu/3018599_nem-bantanak-en-sem-haragszom-interju-jordan-tamassal
a13ddae9bc049d853affce6602615f1e80b029e5b5a177c63d017c47662ca598,2025-07-15 22:35:37.095874+00:00,hu,index.hu,index.hu,2018-12-27,Miért ölik a bálnákat a japánok?,https://index.hu/gazdasag/2018/12/27/japan_balna_balnavadaszat_miert_olik_a_balnakat/
6a15959b47639c4b27c367f5db2ea7e8f917bc00f079ddc0da749630d93c3001,2025-07-12 03:32:40.803636+00:00,hu,444.hu,444.hu,2019-04-10,"Figyelem: tökre nem hülyék a madarak, sőt!",https://444.hu/2019/04/10/figyelem-tokre-nem-hulyek-a-madarak-sot
85926390e48621cedc42cb051598142b4e017ccf011e06feeaa5a64c4d529eb0,2025-07-11 13:37:49.272565+00:00,hu,nepszava.hu,nepszava.hu,2019-04-16,Lemaradásban a kormány klímaterve,https://nepszava.hu/3032724_lemaradasban-a-kormany-klimaterve
3f88f1f06b925e3494f81e0008551df3524ecb568f1378a45ab05fa7be8b05f6,2025-07-11 13:37:48.949037+00:00,hu,nepszava.hu,nepszava.hu,2019-04-16,Nagy Zöld Fal: az elsivatagosodás védőgátja,https://nepszava.hu/3031998_nagy-zold-fal-az-elsivatagosodas-vedogatja
0d0d5d7b9f261b486672cd9b34a7aaa6d41f2597c220f531053bf237f38fd5a4,2025-07-10 21:36:56.774371+00:00,hu,nepszava.hu,nepszava.hu,2019-04-29,"Paprika, sercli és sör a Gourmet Fesztiválon",https://nepszava.hu/3034204_paprika-sercli-es-sor-a-gourmet-fesztivalon
583e1b766ae98ebdf7b48dd619a899518948ebcde3a41e0b02605b2c56a0c28c,2025-07-07 08:23:21.811516+00:00,hu,echotv.hu,echotv.hu,2019-03-05,ECHO,http://www.echotv.hu/hirek/2019/03/05/multik-es-spekulansok-ne-iranyithassak-a-politikat
d4af642c10fe0177ebc26e2990dc9ebc0352af66c8fe37c32c00b2892849b396,2025-07-07 07:51:42.650538+00:00,hu,hirtv.hu,hirtv.hu,2019-03-05,Multik és spekulánsok ne irányíthassák a politikát!,http://hirtv.hu/ahirtvhirei/multik-es-spekulansok-ne-iranyithassak-a-politikat-2477760?utm_source=feed&utm_medium=rss
78665dcdf44bda5bb513076190ae9c99882358d05db8b9b7e26989530686aeb1,2025-07-05 10:45:04.901968+00:00,hu,index.hu,index.hu,2019-04-22,"Támogattuk a melegházasságot, és az egyház nem tűnt el",https://index.hu/kulfold/2019/04/22/antje_jackelen_sved_ersek_no_interju/
fa7a7ab71128076465e2988b2fc802d740a66d96ee13f6296cf3117fc81dcdbc,2025-07-02 18:41:26.061008+00:00,hu,magyarnarancs.hu,magyarnarancs.hu,2018-05-23,Borsot törhetnek Orbán Viktor orra alá Európa új üdvöskéi,https://m.magyarnarancs.hu/belpol/zold-fidesz-120330
412a4c864564820043539e9fe0d9f97644378d184f0b0a79c2e04ca8d39c2494,2025-06-29 11:34:40.879778+00:00,hu,nepszava.hu,nepszava.hu,2019-08-17,"Leégett egy odesszai szálloda, 8-an meghaltak",https://nepszava.hu/3046904_leegett-egy-odesszai-szalloda-8-an-meghaltak
cf2be776626e212cf8d5a072651f977d8e305590d2f29d07c12b4b7ff5065f8e,2025-06-29 10:32:22.937276+00:00,hu,168ora.hu,168ora.hu,2018-06-27,"Mindenen változtatnunk kell, és már csak nagyon kevés időnk van",https://168ora.hu/tudas/klimavaltozas-fold-bartholy-judit-interju-172737
61fc4848d8a1c445661394087523cacaff1562545dd9d46cbe154c708959967f,2025-06-28 23:33:35.130983+00:00,hu,pestisracok.hu,pestisracok.hu,2019-08-27,"Ahogy az esőerdő nem a Föld tüdeje, úgy a közösségi média nem a világ esze",https://pestisracok.hu/ahogy-az-esoerdo-nem-a-fold-tudeje-ugy-a-kozossegi-media-nem-a-vilag-esze/
21d82f6293489d1fe9a041dccbea65b142ec28de6bfe1bee78022a98ee5ce31b,2025-06-28 19:34:00.666258+00:00,hu,magyarnarancs.hu,magyarnarancs.hu,2018-05-23,A TV2-s Ázsia Expresszben az állatkínzás hátborzongató eszközei tűnnek fel,https://m.magyarnarancs.hu/interaktiv/az-allatkinzas-legkeservesebb-eszkozei-tunnek-fel-a-tv2-celebprodukciojaban-122559
8e21eb310cad1359408bd81df2125c64b4d5c45e1ee93163d1afa3f8d17da5ba,2025-06-28 17:20:01.096377+00:00,hu,168ora.hu,168ora.hu,2018-06-27,Mátyás Győző: Gyúlékony terület,https://168ora.hu/velemeny/matyas-gyozo-gyulekony-terulet-173430
428b03440d5e60af38bcdb97842fcbf2e82cdad67b547ebc43014f8f42af8690,2025-06-28 16:56:54.543890+00:00,hu,hvg.hu,hvg.hu,2019-09-01,Hont András: Azé a Föld?,http://hvg.hu/hvgfriss/2019.35/201935_aze_afold#rss
c83b898d8e9b31fa46edb712559ea8d8d7135914d96fb38dd1d62a57a34e6654,2025-06-28 13:24:13.183303+00:00,hu,index.hu,index.hu,2019-09-04,Az oxigénhiány egyszer már kiirtotta a tengeri fajok negyedét,https://index.hu/techtud/2019/09/04/oxigenhiany_tomeges_kihalas_tengeri_fajok_lau-kozlowski_kihalas_klimavaltozas/
5b3e09fd03e215b70c6490fdf05a5eb1ac20d44b418bb3ebcd6a014c878b1151,2025-06-28 03:09:37.470351+00:00,hu,index.hu,index.hu,2019-09-11,Van középút klímaügyben pánik és patópálkodás között?,https://index.hu/techtud/2019/09/11/van_kozeput_klimaugyben_a_panik_es_a_patopalkodas_kozott/
53af5f0017c8869786ce5d5fb59a8b458081ab42a577f55af3f7d5056a19f06f,2025-06-26 06:50:55.761830+00:00,hu,nepszava.hu,nepszava.hu,2019-10-14,Trónbeszéd a Brexit árnyékában – Az október 31-i kilépés a prioritás,https://nepszava.hu/3053614_tronbeszed-a-brexit-arnyekaban--az-oktober-31-i-kilepes-a-prioritas
c75de29699e176bfefa8e81e041cf1dc7d6f3288e2f59f64937db43a0a9bc243,2025-06-26 06:41:49.196425+00:00,hu,nepszava.hu,nepszava.hu,2019-10-14,Ismét nemzetközi elfogatóparancsot adtak ki Carles Puigdemont volt katalán elnök ellen,https://nepszava.hu/3053641_ismet-nemzetkozi-elfogatoparancsot-adtak-ki-carles-puigdemont-volt-katalan-elnok-ellen
afefe07baae831256f130839d8da7bd22ad3765700669a5c7de0e22e908970e6,2025-06-25 14:38:00.163711+00:00,hu,hvg.hu,hvg.hu,2019-10-26,"Talán sosem jutottak még eszébe a patkányevő majmok, pedig hasznosak",http://hvg.hu/tudomany/20191026_palmaolaj_termeles_emsemakako_patkany#rss
4a37a237965af4154f63cb03b4a52292c4bdec83d441e0a52a1ba7e8a1931704,2025-06-25 09:41:42.041161+00:00,hu,hvg.hu,hvg.hu,2019-10-30,"Kiderült, hogy merre vezetett Ötzi utolsó útja",http://hvg.hu/tudomany/20191030_Kiderult_hogy_merre_vezetett_Otzi_utolso_utja#rss
abc04a2e5dc4d41ef74b8b8dbb7c09c9ff924c0704d4fab1a6ea3a65d998060a,2025-06-23 20:17:40.328260+00:00,hu,index.hu,index.hu,2019-11-28,Ez egy segélykiáltás: ennek így nagyon-nagyon rossz vége lesz,https://index.hu/techtud/2019/11/28/klimasztrajk_klimatuntetes_fridays_for_future_szervezok_feig_emma_pribeli_levente_interju_klimavaltozas/
4f55050b962c45da5eadddd281d03ca975cb91fdc51ee3f8ec2708bebc796b6f,2025-06-23 16:57:39.715591+00:00,hu,pestisracok.hu,pestisracok.hu,2019-12-01,Ungár: a zöldmozgalom szempontjából teljesen irreleváns Greta Thunberg kommunista kiáltványa,https://pestisracok.hu/ungar-a-zoldmozgalom-szempontjabol-teljesen-irrelevans-greta-thunberg-kommunista-kialtvanya/
c77e8d19a214588dbcf5c7f566b07be7636333ef9609039677427f85f9be1e4c,2025-06-16 22:28:55.171805+00:00,hu,portfolio.hu,portfolio.hu,2025-06-16,Két kriptós nagyágyú jöhet hamarosan Európába,https://www.portfolio.hu/befektetes/20250616/ket-kriptos-nagyagyu-johet-hamarosan-europaba-768173
abc9bd13ad6adcda6eafa583287e44a76e3aaf46a7be3c2ae1a0383b754fc704,2025-06-16 21:19:11.812197+00:00,hu,portfolio.hu,portfolio.hu,2025-06-16,"Újabb orosz ajánlat érkezett Ukrajnának, ezzel pedig véletlen lebuktatta magát Moszkva",https://www.portfolio.hu/global/20250616/ujabb-orosz-ajanlat-erkezett-ukrajnanak-ezzel-pedig-veletlen-lebuktatta-magat-moszkva-768429
4a82c44daa43e6d7e0542b5bb5dcbf2c9ccb1947b2ea1533457fc4d0409c83ef,2025-06-16 21:18:45.781177+00:00,hu,portfolio.hu,portfolio.hu,2025-06-16,"Fordulat a közel-keleti konfliktusban, erősödéssel zárt Amerika",https://www.portfolio.hu/befektetes/20250616/fordulat-a-kozel-keleti-konfliktusban-erosodessel-zart-amerika-768147
1cc9d76ce72d34dc46ca8e67b62767244b101b8108ea689db759a04b5904059b,2025-06-16 20:20:00.244164+00:00,hu,portfolio.hu,portfolio.hu,2025-06-16,Kerek-perec elmondta Izrael a véleményét a békéről,https://www.portfolio.hu/global/20250616/kerek-perec-elmondta-izrael-a-velemenyet-a-bekerol-mar-az-irani-vezeto-elleni-csapast-fontolgatjak-768407
9d4697a2386968b778bbdd1ea54a5092eee8cbc2506cf256afd578f1cde84ce6,2025-06-16 19:33:28.069439+00:00,hu,portfolio.hu,portfolio.hu,2025-06-16,"Brüsszel új adók sorát vetheti ki, az EU-pénzekre is ráteszik a kezüket",https://www.portfolio.hu/unios-forrasok/20250616/brusszel-uj-adok-sorat-vetheti-ki-az-eu-penzekre-is-rateszik-a-kezuket-768217
a054d3a0bf9a10515b301d988b168fb9419dce597dd374492bc7e97739a9d692,2025-06-16 17:21:56.976686+00:00,hu,portfolio.hu,portfolio.hu,2025-06-16,"Az EU minden háztartása háborúban áll, a pusztítás már kézzel fogható",https://www.portfolio.hu/unios-forrasok/20250616/az-eu-minden-haztartasa-haboruban-all-a-pusztitas-mar-kezzel-foghato-768245
6ef035e9240c7e8d157c759f62fee2f32bd6233a6129b07e99f43721e4d07754,2025-06-16 17:21:44.148289+00:00,hu,portfolio.hu,portfolio.hu,2025-06-16,Visszafordult a forint: 402 felett az árfolyam,https://www.portfolio.hu/deviza/20250616/visszafordult-a-forint-402-felett-az-arfolyam-768159
cd05446517549c27c25c046e7d28ec95f0b562a54093a1a4730261025a95f874,2025-06-16 16:21:30.611303+00:00,hu,portfolio.hu,portfolio.hu,2025-06-16,"Szétbombázza Teheránt az izraeli légierő, Irán kész tárgyalni a békéről",https://www.portfolio.hu/global/20250616/szetbombazza-teherant-az-izraeli-legiero-iran-kesz-targyalni-a-bekerol-hetfoi-hireink-az-iran-izrael-haborurol-percrol-percre-768145
bc1fbb7349deb079e429dc2134bf136cde2b6a88226dea63c3222f2f8db93364,2025-06-16 16:21:20.482492+00:00,hu,portfolio.hu,portfolio.hu,2025-06-16,Szijjártó: Magyarország és Szlovákia megvétózta az orosz energiahordozók kivezetéséről szóló brüsszeli tervet,https://www.portfolio.hu/global/20250616/szijjarto-magyarorszag-es-szlovakia-megvetozta-az-orosz-energiahordozok-kivezeteserol-szolo-brusszeli-tervet-768357
d2fe9f79f703d3ea4329c9ad5675a80257afd079c7ed6134888b107ab6634a2f,2025-06-16 16:21:01.798873+00:00,hu,portfolio.hu,portfolio.hu,2025-06-16,Lerázta magáról a háborút a forint: lőtávolban a 400-as euró,https://www.portfolio.hu/deviza/20250616/lerazta-magarol-a-haborut-a-forint-lotavolban-a-400-as-euro-768159
3f81f37992e0ee7b8e85d0300ba5b894366d8acd97c2cb5849a64bf8e102c4c8,2025-06-16 16:20:20.324267+00:00,hu,portfolio.hu,portfolio.hu,2025-06-16,Itt a friss előrejelzés: alig nőhet idén a magyar gazdaság,https://www.portfolio.hu/gazdasag/20250616/itt-a-friss-elorejelzes-alig-nohet-iden-a-magyar-gazdasag-768369
b5f7c87805e02dd84e5421e0b91cdb7d6d4fdaf16e5c3f0398f1f3d7eec755e7,2025-06-16 16:20:10.273724+00:00,hu,portfolio.hu,portfolio.hu,2025-06-16,Irán-Izrael háború: itt van az 5 legfontosabb tudnivaló,https://www.portfolio.hu/global/20250616/iran-izrael-haboru-itt-van-az-5-legfontosabb-tudnivalo-768313
33ce9b1a0b20064a31ff36ab610d7891655df1c549160acdb238593fc6035ae9,2025-06-16 16:20:00.445567+00:00,hu,portfolio.hu,portfolio.hu,2025-06-16,"Fordulat a közel-keleti konfliktusban, felpattantak a tőzsdék",https://www.portfolio.hu/befektetes/20250616/fordulat-a-kozel-keleti-konfliktusban-felpattantak-a-tozsdek-768147
85ce443f448b19dd2caf6d90db50924a45b24bbcb47c4d13d4e3e7b62a358ef1,2025-06-16 14:27:19.258729+00:00,hu,portfolio.hu,portfolio.hu,2025-06-16,Jön a 700 forintos benzin? Súlyos következményekkel fenyeget a közel-keleti háború,https://www.portfolio.hu/gazdasag/20250616/jon-a-700-forintos-benzin-sulyos-kovetkezmenyekkel-fenyeget-a-kozel-keleti-haboru-768195
fcdb806ed0c1265beec455b42db5de81b65b1bc2d825ff5882e0e2061fca2242,2025-06-16 10:17:20.343960+00:00,hu,portfolio.hu,portfolio.hu,2025-06-16,Megint rákapcsolt a forint a háborús pofon után,https://www.portfolio.hu/deviza/20250616/megint-rakapcsolt-a-forint-a-haborus-pofon-utan-768159
dd80ffc0b38dfb4771f301202bd3f2720b070add88e0ce0d729a808fe885c953,2025-06-16 06:24:27.580784+00:00,hu,portfolio.hu,portfolio.hu,2025-06-16,Kiheveri a háborús pofont a forint?,https://www.portfolio.hu/deviza/20250616/kiheveri-a-haborus-pofont-a-forint-768159
ae6356c8f6426b81e034859ffa2f017a6146f54169f1c4e7993528fe087c7870,2025-06-15 23:19:12.759394+00:00,hu,portfolio.hu,portfolio.hu,2025-06-15,Furcsa videók jönnek Iránból: végül mégis meg fog bukni az ajatollah?,https://www.portfolio.hu/global/20250615/furcsa-videok-jonnek-iranbol-vegul-megis-meg-fog-bukni-az-ajatollah-768143
0eb192651be22132fa5be9596f97519f9c987688c2de4f10f375df3bd4a58116,2025-06-15 19:26:30.318404+00:00,hu,portfolio.hu,portfolio.hu,2025-06-15,Megszólalt Orbán Viktor az újabb háborúról – Fontos lépésre készül holnap Magyarország,https://www.portfolio.hu/gazdasag/20250615/megszolalt-orban-viktor-az-ujabb-haborurol-fontos-lepesre-keszul-holnap-magyarorszag-768133
a26f761525241d7b509851f6fd8045f6bb5d8c9f7a8e68f21955ea0e787d5fa4,2025-06-15 19:26:09.507872+00:00,hu,portfolio.hu,portfolio.hu,2025-06-15,Drágán megfizetik a magyarok a háború árát – Hétfőn jöhet a fájdalmas bejelentés,https://www.portfolio.hu/gazdasag/20250615/dragan-megfizetik-a-magyarok-a-haboru-arat-hetfon-johet-a-fajdalmas-bejelentes-768135
0d0bb12444eb06ce4d561296c30e8b21b387cb605c5475b6cf505d6cccdb2eab,2025-06-15 19:26:03.983784+00:00,hu,portfolio.hu,portfolio.hu,2025-06-15,Távozik a Renault vezére,https://www.portfolio.hu/uzlet/20250615/tavozik-a-renault-vezere-768139
4258bdfc355ca7c6ecab800a7d29e5028a70e7d8d09185073451de62cfa0d193,2025-06-15 19:25:59.482897+00:00,hu,portfolio.hu,portfolio.hu,2025-06-15,Merz szerint ki kell állni Irán ellen a világ legfejlettebb országainak a csúcson,https://www.portfolio.hu/gazdasag/20250615/merz-szerint-ki-kell-allni-iran-ellen-a-vilag-legfejlettebb-orszagainak-a-csucson-768129
373434bc949f29cd0408408a4e825b2f9620a7114e2955a902c9484b3ea67ff2,2025-06-15 19:25:54.217726+00:00,hu,portfolio.hu,portfolio.hu,2025-06-15,Lassan fellázad Dél-Európa a turisták ellen,https://www.portfolio.hu/gazdasag/20250615/lassan-fellazad-del-europa-a-turistak-ellen-768127
5a8d6d6b70ba4c0a3857c01eebc28d772c9769197ab39029efa9ca0d3bbb76dc,2025-06-15 19:25:41.141082+00:00,hu,portfolio.hu,portfolio.hu,2025-06-15,A részvénypiacot nem hatja meg a háború: emelkedett az izraeli tőzsde,https://www.portfolio.hu/befektetes/20250615/a-reszvenypiacot-nem-hatja-meg-a-haboru-emelkedett-az-izraeli-tozsde-768125
dbfc65f21ec48a6cc6ae18aa443b82a49807c70fb7386535721e028a410533e9,2025-06-15 19:25:35.603196+00:00,hu,portfolio.hu,portfolio.hu,2025-06-15,"Netanjahu: ha Irán ezt megteszi, azonnal vége a háborúnak",https://www.portfolio.hu/global/20250615/netanjahu-ha-iran-ezt-megteszi-azonnal-vege-a-haborunak-768131
092900505c3e52e8de87d2999a4218bab8de0ad7c7bbdab3d040a751d55c739b,2025-06-15 19:25:18.538622+00:00,hu,portfolio.hu,portfolio.hu,2025-06-15,Elképesztő videó: a világűrben fogta el Izrael az iráni rakétákat,https://www.portfolio.hu/global/20250615/elkepeszto-video-a-vilagurben-fogta-el-izrael-az-irani-raketakat-768137
26a2dfb74c5693a2442a61d8250a06fc0f4aa18daa7d7f5f5121f7ff58e1e7cc,2025-06-15 17:20:51.749262+00:00,hu,portfolio.hu,portfolio.hu,2025-06-15,Megint megadta magát a MÁV a Balatonon,https://www.portfolio.hu/gazdasag/20250615/megint-megadta-magat-a-mav-a-balatonon-768121
26d75869c2cdcd203378d24ad86c4d457e0f05c078e82319a013484361450d6e,2025-06-15 17:20:40.978575+00:00,hu,portfolio.hu,portfolio.hu,2025-06-15,"Azt mondják, titokban félelmetes megfigyelőrendszert épít ki Donald Trump – Tényleg átveszi a hatalmat a Nagy Testvér?",https://www.portfolio.hu/global/20250615/azt-mondjak-titokban-felelmetes-megfigyelorendszert-epit-ki-donald-trump-tenyleg-atveszi-a-hatalmat-a-nagy-testver-767919
8f6572ec63001a857df0f8605d516598461c894f54f5fe073e89e5dc3e16e7c3,2025-06-15 17:19:09.463780+00:00,hu,portfolio.hu,portfolio.hu,2025-06-15,Kiszivárgott: ezekből az országokból tiltaná meg a beutazást Donald Trump,https://www.portfolio.hu/gazdasag/20250615/kiszivargott-ezekbol-az-orszagokbol-tiltana-meg-a-beutazast-donald-trump-768123
40ac3e8c96e06da8b3b4b7e0de934e34032ad5851a8e8ddf38dd92346ef51e4f,2025-06-15 16:19:57.789474+00:00,hu,portfolio.hu,portfolio.hu,2025-06-15,"Olajfinomítóra mértek csapást az oroszok, a Boeing épülete is megsérült",https://www.portfolio.hu/global/20250615/olajfinomitora-mertek-csapast-az-oroszok-a-boeing-epulete-is-megserult-768103
667206f0c915660e3a9404fc9d3a580cc5361e4df9bcd5691022d9e89802ee89,2025-06-15 16:19:46.724259+00:00,hu,portfolio.hu,portfolio.hu,2025-06-15,Oroszország visszaadta 1200 további elesett ukrán katona holttestét,https://www.portfolio.hu/global/20250615/oroszorszag-visszaadta-1200-tovabbi-elesett-ukran-katona-holttestet-768113
dd737931d96073f170a981c218aa6bcf487115c940a220bfc2d3924c0c846ce8,2025-06-15 16:19:41.668464+00:00,hu,portfolio.hu,portfolio.hu,2025-06-15,Baleset történt az M7-esen Budapest felé,https://www.portfolio.hu/gazdasag/20250615/baleset-tortent-az-m7-esen-budapest-fele-768107
cdf13cc41af6f5ab49b5ded88f8a751dcfe08d3bd60bb8c09f82bd9eb98640fe,2025-06-15 16:19:36.843310+00:00,hu,portfolio.hu,portfolio.hu,2025-06-15,Időjárás: erre számíthatunk a jövő hét egyes napjain,https://www.portfolio.hu/gazdasag/20250615/idojaras-erre-szamithatunk-a-jovo-het-egyes-napjain-768109
ae62f869efdc49eab6b13f9e909c33d9550fbcacb6b5c23281d65a3c3ef36a3e,2025-06-15 16:19:17.908387+00:00,hu,portfolio.hu,portfolio.hu,2025-06-15,Elszabadult a pokol a Közel-Keleten: ez most már tényleg háború?,https://www.portfolio.hu/global/20250615/elszabadult-a-pokol-a-kozel-keleten-ez-most-mar-tenyleg-haboru-768101
10111255fe385a89fcbd8783489e772663d0b1aa0b5cca1e4bce5bd49becfba0,2025-06-15 16:19:12.808900+00:00,hu,portfolio.hu,portfolio.hu,2025-06-15,"Steiner Attila: ez nem RepowerEU, hanem DepowerEU",https://www.portfolio.hu/gazdasag/20250615/steiner-attila-ez-nem-repowereu-hanem-depowereu-765373
e66591f43582a323e4334570499878db138b72c36343e6a07ae17f8f1f618935,2025-06-15 16:19:06.757161+00:00,hu,portfolio.hu,portfolio.hu,2025-06-15,"Megszólalt Trump a közel-keleti háborúról: elmondta, szerinte mi lesz a kimenetel",https://www.portfolio.hu/global/20250615/megszolalt-trump-a-kozel-keleti-haborurol-elmondta-szerinte-mi-lesz-a-kimenetel-768115
3808d9dd1a384515656fcb632b8e9237ff02a0a2333ff0a8fbd31efc1c708e84,2025-06-15 16:18:58.505442+00:00,hu,portfolio.hu,portfolio.hu,2025-06-15,"Rommá bombázza Teheránt az izraeli légierő, ballisztikus rakétákat lőtt ki Irán",https://www.portfolio.hu/global/20250615/romma-bombazza-teherant-az-izraeli-legiero-ballisztikus-raketakat-lott-ki-iran-hireink-a-kozel-keletrol-vasarnap-768073
c363a557e9e36e2402eeff4df1e2b3b3d33f747b19859da1565330a629c31291,2025-06-15 12:28:09.894206+00:00,hu,portfolio.hu,portfolio.hu,2025-06-15,"Izrael: ez még csak a kezdet, hatalmas pusztítás vár Iránra",https://www.portfolio.hu/global/20250615/izrael-ez-meg-csak-a-kezdet-hatalmas-pusztitas-var-iranra-768085
1aca87a0496c07978e7c3aa5bd3d896abc2fc368eb6ffa954de53b7ea765ff04,2025-06-15 12:27:01.785463+00:00,hu,portfolio.hu,portfolio.hu,2025-06-15,AI-ügynökök akcióban,https://www.portfolio.hu/uzlet/20250615/ai-ugynokok-akcioban-orak-alatt-mukodo-munkatarsakat-raktak-ossze-a-magyar-kkv-k-767511
475cbc2d814ba93e246be50fc7c3c17ad8fbd5011d85a577f3c75528eaf8feba,2025-06-15 12:26:35.673136+00:00,hu,portfolio.hu,portfolio.hu,2025-06-15,"Újabb légiszerencsétlenség történt Indiában, minden utas meghalt",https://www.portfolio.hu/gazdasag/20250615/ujabb-legiszerencsetlenseg-tortent-indiaban-minden-utas-meghalt-768087
1a6d02065fd9628e3a6ee94538f9e134388fb51c16154ba5837866d6fe158f0f,2025-06-15 12:26:30.661397+00:00,hu,portfolio.hu,portfolio.hu,2025-06-15,Meggondolta volna magát Irán?,https://www.portfolio.hu/global/20250615/meggondolta-volna-magat-iran-erdekes-nyilatkozat-erkezett-teheranbol-768081
6563b5d2bb1d6ac59803d7bd00f9ef380d591ae1741b88bf233537c3bf5fdc3f,2025-06-15 12:26:25.831262+00:00,hu,portfolio.hu,portfolio.hu,2025-06-15,"Kiderült: van egy dolog, amivel nem bír el Izrael, hiába indult jól a támadás",https://www.portfolio.hu/global/20250615/kiderult-van-egy-dolog-amivel-nem-bir-el-izrael-hiaba-indult-jol-a-tamadas-768083
ceba7f91117a372be093dddbb63f375e02145872789a137a85280c835b01b6e7,2025-06-15 12:26:20.677440+00:00,hu,portfolio.hu,portfolio.hu,2025-06-15,"Vízhiány van a Balaton nyugati partján, lajtos kocsival hordják a vizet",https://www.portfolio.hu/gazdasag/20250615/vizhiany-van-a-balaton-nyugati-partjan-lajtos-kocsival-hordjak-a-vizet-768093
0ece4b59ead193dd48f945f614098ed93794a75a00e6827dbcca4fd6cb8cea60,2025-06-15 12:26:15.451699+00:00,hu,portfolio.hu,portfolio.hu,2025-06-15,Typhoonok mennek a Közel-Keletre: beszállhatnak az Irán elleni háborúba,https://www.portfolio.hu/global/20250615/typhoonok-mennek-a-kozel-keletre-beszallhatnak-az-iran-elleni-haboruba-768089
46077a3248108d342185dcc04a5b5d6bf7172e53a6b2fe28b9738fafe89bb5e9,2025-06-15 12:26:11.635612+00:00,hu,portfolio.hu,portfolio.hu,2025-06-15,"Pepco, KiK és TEDi: kiderült, melyik teljesített a legjobban",https://www.portfolio.hu/uzlet/20250615/pepco-kik-es-tedi-kiderult-melyik-teljesitett-a-legjobban-768095
07ea25f744ceadf6f1ecac967678b48058fad3dd391c446f0a6c5f5877cd26d3,2025-06-15 09:17:32.955057+00:00,hu,portfolio.hu,portfolio.hu,2025-06-15,Újabb szereplő léphet be az iráni-izraeli csörtébe?,https://www.portfolio.hu/global/20250615/ujabb-szereplo-lephet-be-az-irani-izraeli-csortebe-megszolalt-az-europai-nagyhatalom-768079
99e673d096f3936537ad86a240b5d75bf72a4b03f33d47e9e2efa0bf72c761a8,2025-06-15 09:17:24.294452+00:00,hu,portfolio.hu,portfolio.hu,2025-06-15,"Nyári energiaszegénység: a rejtett válság, ami milliókat érint Magyarországon",https://www.portfolio.hu/global/20250615/nyari-energiaszegenyseg-a-rejtett-valsag-ami-milliokat-erint-magyarorszagon-767819
d81b781721b380ad7ffbc86286a888914e99c2d6664d6d245a3482333d4234fc,2025-06-15 09:17:21.406975+00:00,hu,portfolio.hu,portfolio.hu,2025-06-15,A globalizáció átka: a fejlődő országok is nyögik Trump kereskedelmi háborúját,https://www.portfolio.hu/gazdasag/20250615/a-globalizacio-atka-a-fejlodo-orszagok-is-nyogik-trump-kereskedelmi-haborujat-767373
0dad83f72bfe2086fe6a4831c5cf2d3f1da146c344841753ff1d9e9b09e1167e,2025-06-15 05:24:21.565787+00:00,hu,portfolio.hu,portfolio.hu,2025-06-15,Lomborg: az amerikai rozsdaövezet lehangoló képei ellenére ki kellene tartani a szabadkereskedelem mellett,https://www.portfolio.hu/gazdasag/20250615/lomborg-az-amerikai-rozsdaovezet-lehangolo-kepei-ellenere-ki-kellene-tartani-a-szabadkereskedelem-mellett-767539
8e62fa8e67c19ef82bdaf7c55c86acee5b1deab129ac300e5ceee5aa06d9aa12,2025-06-15 05:24:05.659038+00:00,hu,portfolio.hu,portfolio.hu,2025-06-15,Egy aprócska ország egymaga intézte el az európai gazdasági csodát,https://www.portfolio.hu/gazdasag/20250615/egy-aprocska-orszag-egymaga-intezte-el-az-europai-gazdasagi-csodat-767899
353290ff8d87f7f5805c24f85e41c8f1c5b322d89c27ff53af1f711521bdcea9,2025-06-14 20:33:27.265070+00:00,hu,portfolio.hu,portfolio.hu,2025-06-14,Az egyik EU-s országban vészhelyzeti programot aktiválták a közel-keleti konfliktus miatt,https://www.portfolio.hu/global/20250614/az-egyik-eu-s-orszagban-veszhelyzeti-programot-aktivaltak-a-kozel-keleti-konfliktus-miatt-768063
88ece6a10cc83d3eb3174195bcee796dc552ac17bee5f72134745a05566c8408,2025-06-14 20:33:14.310237+00:00,hu,portfolio.hu,portfolio.hu,2025-06-14,Kimondta Trump: Amerika beszállhat az Irán elleni támadásba,https://www.portfolio.hu/global/20250614/kimondta-trump-amerika-beszallhat-az-iran-elleni-tamadasba-768069
091b627b5dae6390dbb19ed945bac8b54771abb52011b66839634124d1b1dcb8,2025-06-14 20:33:09.311921+00:00,hu,portfolio.hu,portfolio.hu,2025-06-14,"Kiderült, hol nyílhat a következő Aldi Budapesten",https://www.portfolio.hu/gazdasag/20250614/kiderult-hol-nyilhat-a-kovetkezo-aldi-budapesten-768055
06fc92531de57564962148e051671d517b1d8db07239aef0981a61c6960047b1,2025-06-14 20:33:04.870326+00:00,hu,portfolio.hu,portfolio.hu,2025-06-14,Donald Trumppal egyeztetett Ursula von der Leyen,https://www.portfolio.hu/gazdasag/20250614/donald-trumppal-egyeztetett-ursula-von-der-leyen-768071
4eea723dd2ebd4aadcb84ee17a0f9b611a40a1f609381b76f2c391877b316ddd,2025-06-14 20:32:59.666973+00:00,hu,portfolio.hu,portfolio.hu,2025-06-14,Menekülhet az iráni elit Teheránból,https://www.portfolio.hu/global/20250614/menekulhet-az-irani-elit-teheranbol-768057
ac9114c0c1baef65bf5e6886a933543eba951c1feeefc01f2d860be9d78e4ce2,2025-06-14 20:32:54.914294+00:00,hu,portfolio.hu,portfolio.hu,2025-06-14,Ukrán sikerekről számolt be Zelenszkij,https://www.portfolio.hu/global/20250614/ukran-sikerekrol-szamolt-be-zelenszkij-768059
daca119aedc57b9477a6428a9a84109a83f2dc51d38dbf8a3f151eacf614d3e8,2025-06-14 20:32:30.024459+00:00,hu,portfolio.hu,portfolio.hu,2025-06-14,Megszólaltak a hatóságok a sugárzásról az iráni nukleáris létesítmények lebombázása után,https://www.portfolio.hu/global/20250614/megszolaltak-a-hatosagok-a-sugarzasrol-az-irani-nuklearis-letesitmenyek-lebombazasa-utan-768061
cb9132d6c6c677a642783e9ceb39ce44fea25292506c7254f3f6324713b25d55,2025-06-14 20:32:18.687701+00:00,hu,portfolio.hu,portfolio.hu,2025-06-14,Parajdi katasztrófa: másodfokú készültség van a Maroson és a Tiszán,https://www.portfolio.hu/gazdasag/20250614/parajdi-katasztrofa-masodfoku-keszultseg-van-a-maroson-es-a-tiszan-768067
fbd564ddb76208f39c862c18fa0d39f44ed0e6b9000c75433946c765363bbff7,2025-06-14 19:25:42.668287+00:00,hu,portfolio.hu,portfolio.hu,2025-06-13,Plázastop” módosítás a küszöbön – Az MBSZ állásfoglalást készít a kormányrendelet módosításról,https://www.portfolio.hu/ingatlan/20250613/plazastop-modositas-a-kuszobon-az-mbsz-allasfoglalast-keszit-a-kormanyrendelet-modositasrol-767979
6e2b72fc4abf4922a13866e2fe14412738f7a0199fcac100a3b5229e01aa7294,2025-06-14 19:24:55.165564+00:00,hu,portfolio.hu,portfolio.hu,2025-06-11,"Ingatlanpiaci elemzőt keres a Portfolio, jelentkezz hozzánk!",https://www.portfolio.hu/ingatlan/20250611/ingatlanpiaci-elemzot-keres-a-portfolio-jelentkezz-hozzank-751993
3fd902890cffc89e024f8c00de886cba8037623c5ed8bdfc3807e9c55b41b1d0,2025-06-14 12:26:02.935714+00:00,hu,portfolio.hu,portfolio.hu,2025-06-14,"Megkapta Irán a végső ultimátumot, példátlan támadás zajlik a főváros ellen",https://www.portfolio.hu/global/20250614/megkapta-iran-a-vegso-ultimatumot-peldatlan-tamadas-zajlik-a-fovaros-ellen-hireink-a-kozel-keleti-konfliktusrol-szombaton-768003
dd77947cb217f79430f5d282e4de03ee3f9bc90747e384e7c8303ef2c89aebb6,2025-06-14 10:18:40.299375+00:00,hu,portfolio.hu,portfolio.hu,2025-06-14,Miért nem öli meg Izrael Irán politikai vezetőit? – Íme a válasz,https://www.portfolio.hu/global/20250614/miert-nem-oli-meg-izrael-iran-politikai-vezetoit-ime-a-valasz-768015
e76d473a001361cea9fa220e121e8440b231916d2dcaf0e7ec053c0a7587fbec,2025-06-14 09:19:47.173231+00:00,hu,portfolio.hu,portfolio.hu,2025-06-14,Furcsaság az izraeli támadás kapcsán: mégis hova tűntek az iráni vadászgépek?,https://www.portfolio.hu/global/20250614/furcsasag-az-izraeli-tamadas-kapcsan-megis-hova-tuntek-az-irani-vadaszgepek-768009
2a3c9fe7f5fbbe7a9994323e652d969878792d35282e066d034aa2fe1c1528ad,2025-06-14 09:19:40.434601+00:00,hu,portfolio.hu,portfolio.hu,2025-06-14,"Lángolnak Teherán repterei, rakéták csapódtak be Izrael központjában",https://www.portfolio.hu/global/20250614/langolnak-teheran-repterei-raketak-csapodtak-be-izrael-kozpontjaban-hireink-a-kozel-keleti-konfliktusrol-szombaton-768003
cc776e23a9e5973cb2ce8683a0538d997ac920e2a28e2cea2e6fa27011acc283,2025-06-14 07:21:47.819043+00:00,hu,portfolio.hu,portfolio.hu,2025-06-14,Bemondta Irán: lelőttek két szupermodern F-35-ös lopakodó vadászbombázót,https://www.portfolio.hu/global/20250614/bemondta-iran-lelottek-ket-szupermodern-f-35-os-lopakodo-vadaszbombazot-768007
e7937cd3d75fc648012ae30de324065e889040732e6d58fd3e26258a8d5fb61a,2025-06-14 05:19:11.820335+00:00,hu,portfolio.hu,portfolio.hu,2025-06-14,"Iráni rakéták pusztítottak Izrael központjában, az IDF háborút hirdetett",https://www.portfolio.hu/global/20250614/irani-raketak-pusztitottak-izrael-kozpontjaban-az-idf-haborut-hirdetett-hireink-a-kozel-keleti-konfliktusrol-szombaton-768003
491450e840b89bace785c8f59c68eb8245233e94fcf600bcc42cbf0eac0630a7,2025-06-13 22:28:06.358109+00:00,hu,portfolio.hu,portfolio.hu,2025-06-13,Slow painting – Csáky Donát Márk kiállítása,https://www.portfolio.hu/befektetes/20250613/slow-painting-csaky-donat-mark-kiallitasa-767871
8160be8d5480a8731d3b05b59cdda6153f37b09809918727ca7969542f41b7f2,2025-06-13 21:31:00.287151+00:00,hu,portfolio.hu,portfolio.hu,2025-06-13,"Ártatlannak vallotta magát a férfi, akiről azt hitték, Donald Trump soha többé nem engedi vissza Amerikába",https://www.portfolio.hu/global/20250613/artatlannak-vallotta-magat-a-ferfi-akirol-azt-hittek-donald-trump-soha-tobbe-nem-engedi-vissza-amerikaba-767993
36105f4b31641dd8997adb838aa6632400ef8ae7f452757f1df450e304a16db7,2025-06-13 21:30:28.630785+00:00,hu,portfolio.hu,portfolio.hu,2025-06-13,Kiderült: ennyibe fájnak összesen a Kremlnek a háborús szankciók,https://www.portfolio.hu/global/20250613/kiderult-ennyibe-fajnak-osszesen-a-kremlnek-a-haborus-szankciok-767997
d74543a8212744d58c95158bd644dfd344b57e896d48b99325549d802ea301ce,2025-06-13 21:30:23.723448+00:00,hu,portfolio.hu,portfolio.hu,2025-06-13,"Szárnyal az Oracle, 24 éve nem volt ilyen jó hete a cégnek",https://www.portfolio.hu/uzlet/20250613/szarnyal-az-oracle-24-eve-nem-volt-ilyen-jo-hete-a-cegnek-768001
72417fc736565d3719b768324b7dcd32ef021f42771943a5398aa20368f70f9b,2025-06-13 21:30:16.349642+00:00,hu,portfolio.hu,portfolio.hu,2025-06-13,Minden szem a bankrészvényekre szegeződik két hét múlva,https://www.portfolio.hu/bank/20250613/minden-szem-a-bankreszvenyekre-szegezodik-ket-het-mulva-767995
c9e0e815c1ddc1a6ec1ce6705e50bcf26dbca7f864d2d98d63d3ddb1a3290f42,2025-06-13 20:20:04.123464+00:00,hu,portfolio.hu,portfolio.hu,2025-06-13,"Ilyet is ritkán látni: lezuhant Moszkva Szu-25-ös csatarepülőgépe, saját társa lőhette le",https://www.portfolio.hu/global/20250613/ilyet-is-ritkan-latni-lezuhant-moszkva-szu-25-os-csatarepulogepe-sajat-tarsa-lohette-le-767985
ae9996f87c6e3775068ed21903cbf0504d2bac9e896277d70c6c95e69f890a8c,2025-06-13 20:19:59.513631+00:00,hu,portfolio.hu,portfolio.hu,2025-06-13,"Olyan helyre hatolt be Oroszország, ahova nagyon nem kellett volna: azonnal riasztották a NATO vadászgépeit",https://www.portfolio.hu/global/20250613/olyan-helyre-hatolt-be-oroszorszag-ahova-nagyon-nem-kellett-volna-azonnal-riasztottak-a-nato-vadaszgepeit-767987
6145077a11da920c529b5398074a4b7791124bbb57f4db93cb2b75bd53ffdbac,2025-06-13 20:18:50.329468+00:00,hu,portfolio.hu,portfolio.hu,2025-06-13,"Elesett az M1-es autópálya, teljesen megállt a forgalom",https://www.portfolio.hu/uzlet/20250613/elesett-az-m1-es-autopalya-teljesen-megallt-a-forgalom-767869
8867f4bcded320d3d2d561d62243a5f920a84f1a1453e043a903817f8b2b09e5,2025-06-13 20:18:45.500993+00:00,hu,portfolio.hu,portfolio.hu,2025-06-13,Bank of America: minden mutató alapján drágák már az amerikai részvények,https://www.portfolio.hu/uzlet/20250613/bank-of-america-minden-mutato-alapjan-dragak-mar-az-amerikai-reszvenyek-767983
352cb55e80d7ff9f282bdbf88a4b8d1e3cc0e80e6a3506c7ad8146132a625960,2025-06-13 20:17:19.755279+00:00,hu,portfolio.hu,portfolio.hu,2025-06-13,Megjött Irán bosszúja az izraeli támadásokra,https://www.portfolio.hu/uzlet/20250613/megjott-iran-bosszuja-az-izraeli-tamadasokra-elszallt-az-olaj-estek-a-tozsdek-767715
fd9ca86c573355df74e4d6fbb204c2915184255c6281055d354a73c62dad136c,2025-06-13 20:17:15.758438+00:00,hu,portfolio.hu,portfolio.hu,2025-06-13,Parajdi katasztrófa: megnyílt a támogatás a károsult cégeknek,https://www.portfolio.hu/uzlet/20250613/parajdi-katasztrofa-megnyilt-a-tamogatas-a-karosult-cegeknek-767989
6f2f1327bd140cf7acd7661467ed71f0a9476768d1bc0ec0588662cfe23e1e9c,2025-06-13 19:33:40.573564+00:00,hu,portfolio.hu,portfolio.hu,2025-06-13,"Áll a bál Brüsszelben, belháború indult Ursula von der Leyen emberei között",https://www.portfolio.hu/unios-forrasok/20250613/all-a-bal-brusszelben-belhaboru-indult-ursula-von-der-leyen-emberei-kozott-767731
9703645dfc28a2e602d4432d89d7e06ca657f7f9e25a1c663a381cafc457ca4b,2025-06-13 17:31:42.474865+00:00,hu,portfolio.hu,portfolio.hu,2025-06-13,160 kilométeres sebességgel száguldott a vonat Budapest és Székesfehérvár között,https://www.portfolio.hu/uzlet/20250613/160-kilometeres-sebesseggel-szaguldott-a-vonat-budapest-es-szekesfehervar-kozott-767971
1f0e1011eecd94ff5dba0d02ea1398315c56ace15164c3a78a22f49f8c7d6015,2025-06-13 17:31:37.233239+00:00,hu,portfolio.hu,portfolio.hu,2025-06-13,Lerántották a leplet a Kreml titkos mestertervéről? Komoly válságot robbanthat ki Vlagyimir Putyin,https://www.portfolio.hu/global/20250613/lerantottak-a-leplet-a-kreml-titkos-mesterterverol-komoly-valsagot-robbanthat-ki-vlagyimir-putyin-767967
2eed4e3d6cce691d425111ebb9e6448d758df15bec45daff50b4204273018843,2025-06-13 17:31:26.318220+00:00,hu,portfolio.hu,portfolio.hu,2025-06-13,"Nagy bejelentéseket tett az Amazon, az egészségügyben erősítenék meg a vállalatot",https://www.portfolio.hu/uzlet/20250613/nagy-bejelenteseket-tett-az-amazon-az-egeszsegugyben-erositenek-meg-a-vallalatot-767973
d772df60e66e8e9cf7d505f87119ad649f6a8085f2d3b86afb23f76780d62c9d,2025-06-13 17:25:50.102794+00:00,hu,portfolio.hu,portfolio.hu,2025-06-13,"Eldőlt, ki lehet a Magyar Nemzeti Bank negyedik alelnöke",https://www.portfolio.hu/gazdasag/20250613/eldolt-ki-lehet-a-magyar-nemzeti-bank-negyedik-alelnoke-767969
47bd21f145858262d2170a83c14ec85dc35d29e503ca9ceb0c8c8cdc14b11ce1,2025-06-13 17:25:32.898306+00:00,hu,portfolio.hu,portfolio.hu,2025-06-13,Új megállapodásra készül Svájc az EU-val,https://www.portfolio.hu/gazdasag/20250613/uj-megallapodasra-keszul-svajc-az-eu-val-767965
418fcdc59aa6b0a75f1e90cf91645dce40dd5a7c15edf86ef481de03173b4a34,2025-06-13 17:24:49.636957+00:00,hu,portfolio.hu,portfolio.hu,2025-06-13,Botot dobtak Donald Trump küllői közé: túltolta a biciklit az amerikai elnök?,https://www.portfolio.hu/global/20250613/botot-dobtak-donald-trump-kulloi-koze-tultolta-a-biciklit-az-amerikai-elnok-767959
97d50da4bc8f61414ad4a2979bfd49b060db606b51711151f70d02a29c9410bd,2025-06-13 16:27:36.553140+00:00,hu,portfolio.hu,portfolio.hu,2025-06-13,"Megszólalt Donald Trump a világ forrongó régiójáról: tudtuk, mi folyik itt",https://www.portfolio.hu/global/20250613/megszolalt-donald-trump-a-vilag-forrongo-regiojarol-tudtuk-mi-folyik-itt-767963
ea32a7572643ada6b7576c1f74b6ca07ab1afd412f2fda12460a2e1404c5f4d6,2025-06-13 16:27:31.784791+00:00,hu,portfolio.hu,portfolio.hu,2025-06-13,Eséssel zárt a BUX,https://www.portfolio.hu/uzlet/20250613/esessel-zart-a-bux-767957
fc9ad5b34935689138c5318f78b86a0957d3022f25ce5d5eb8728e6e6a993c77,2025-06-13 15:30:55.925449+00:00,hu,portfolio.hu,portfolio.hu,2025-06-13,Megkongatta a vészharangot a hírhedt orosz elitegység parancsnoka: Moszkvának drámai lépést kell tennie,https://www.portfolio.hu/global/20250613/megkongatta-a-veszharangot-a-hirhedt-orosz-elitegyseg-parancsnoka-moszkvanak-dramai-lepest-kell-tennie-767953
4f7647aa1082c313cf38b51f22d8c7330e63f33ae6afcb8329cb1570570b9976,2025-06-13 15:30:36.012670+00:00,hu,portfolio.hu,portfolio.hu,2025-06-13,Milyen idő lesz a hétvégén? Mutatjuk a friss előrejelzést,https://www.portfolio.hu/uzlet/20250613/milyen-ido-lesz-a-hetvegen-mutatjuk-a-friss-elorejelzest-767949
e6fa641a6141305e15214d6bea2aaf66beaf1e61b40538a6a720a2fb1149ad48,2025-06-13 15:30:31.126152+00:00,hu,portfolio.hu,portfolio.hu,2025-06-13,Elképesztő videó jött: mit művel az iráni légvédelem?,https://www.portfolio.hu/global/20250613/elkepeszto-video-jott-mit-muvel-az-irani-legvedelem-767951
0294cb467c71afcfe403c1a747cf6a964753de89db016607f369e3fea0108c3f,2025-06-13 15:29:52.030296+00:00,hu,portfolio.hu,portfolio.hu,2025-06-13,Izrael megtámadta Iránt: meddig eszkalálódhat a konfliktus?,https://www.portfolio.hu/podcast/20250613/izrael-megtamadta-irant-meddig-eszkalalodhat-a-konfliktus-767807
999fd74f8d793903d2f0c5e3378171d91a6bea4dd13e293e174b27416884b8dc,2025-06-13 15:18:42.834744+00:00,hu,portfolio.hu,portfolio.hu,2025-06-13,Órásit javult a fogyasztói bizalom Amerikában,https://www.portfolio.hu/gazdasag/20250613/orasit-javult-a-fogyasztoi-bizalom-amerikaban-767941
a14917ec902028b2d12af285c1f6c2b726d1c314fe3e08516c75937f8efe61c0,2025-06-13 15:18:38.051273+00:00,hu,portfolio.hu,portfolio.hu,2025-06-13,Venni kell a Waberers részvényeit az Equilor szerint,https://www.portfolio.hu/befektetes/20250613/venni-kell-a-waberers-reszvenyeit-az-equilor-szerint-767923
3b5038ba485e8aa105c3f50233946965621b996601d932d33f746dd80f9b08db,2025-06-13 15:18:32.917023+00:00,hu,portfolio.hu,portfolio.hu,2025-06-13,Ukránok millióinak sorsa dőlt el az EU-ban,https://www.portfolio.hu/unios-forrasok/20250613/ukranok-millioinak-sorsa-dolt-el-az-eu-ban-767929
860dcef25986780a98ea050ecb8f78c273b9fb3f0266655bde45ef7c68f9685e,2025-06-13 15:18:28.443496+00:00,hu,portfolio.hu,portfolio.hu,2025-06-13,Megjött a figyelmeztetés: bármelyik pillanatban megindulhatnak a rakéták Izrael felé,https://www.portfolio.hu/global/20250613/megjott-a-figyelmeztetes-barmelyik-pillanatban-megindulhatnak-a-raketak-izrael-fele-767917
45782c63d75d90c781620908ddeaeda33ad1b5b706f9837340123e3920ff907f,2025-06-13 15:18:22.851987+00:00,hu,portfolio.hu,portfolio.hu,2025-06-13,Bukhat a Moderna legújabb vakcinája?,https://www.portfolio.hu/uzlet/20250613/bukhat-a-moderna-legujabb-vakcinaja-767935
2de20c0e6b07cfc77ec4acb2d8e66fd46d94bc8dfd01dd46c29894ab4971dbd2,2025-06-13 15:18:00.137544+00:00,hu,portfolio.hu,portfolio.hu,2025-06-13,Meglepő bejelentéseket tett az Apple: mindenki ezekre az újításokra figyelt,https://www.portfolio.hu/global/20250613/meglepo-bejelenteseket-tett-az-apple-mindenki-ezekre-az-ujitasokra-figyelt-767663
3b5d4aafcf2755f0bf06e715ee07b24c5f32c6050e5da3b166118ef8cbe8467c,2025-06-13 15:17:51.410564+00:00,hu,portfolio.hu,portfolio.hu,2025-06-13,Kiszivárgott: ez lehet a végső csapás Iránnal szemben – Egyszer és mindenkorra elintéznék a perzsa országot,https://www.portfolio.hu/global/20250613/kiszivargott-ez-lehet-a-vegso-csapas-irannal-szemben-egyszer-es-mindenkorra-elinteznek-a-perzsa-orszagot-767939
6ca103b5942baa7268b66574bdffdcb292b91c53f6dfb034969ea1b382920756,2025-06-13 15:17:46.603163+00:00,hu,portfolio.hu,portfolio.hu,2025-06-13,Figyelmeztették a hatóságokat: érkezik a sószennyezés Parajdról Magyarországra,https://www.portfolio.hu/uzlet/20250613/figyelmeztettek-a-hatosagokat-erkezik-a-soszennyezes-parajdrol-magyarorszagra-767943
2e94bb1864a4e1c1d35a6be14fa4a2e2558d1085f7a36919bc819049a9fa7d42,2025-06-13 15:17:41.164642+00:00,hu,portfolio.hu,portfolio.hu,2025-06-13,"Kiderült, MPR-500-as csúcsrakétákkal zúzhatták szét Iránt az éjjel, de ez sem lehetett mindenre elég",https://www.portfolio.hu/global/20250613/kiderult-mpr-500-as-csucsraketakkal-zuzhattak-szet-irant-az-ejjel-de-ez-sem-lehetett-mindenre-eleg-767931
7d7317cf3aae146d87d4b17da082b2096cd4c5a5e0fdc79d3636b3f18ff3bf32,2025-06-13 15:17:36.484653+00:00,hu,portfolio.hu,portfolio.hu,2025-06-13,Itt a bejelentés: nagy változás jön a patikákban,https://www.portfolio.hu/gazdasag/20250613/itt-a-bejelentes-nagy-valtozas-jon-a-patikakban-767921
58cd6ee022419b16643a4ef3f3a356fffa6ab24c1ff05a75414521e14dc79cfb,2025-06-13 15:17:15.132345+00:00,hu,portfolio.hu,portfolio.hu,2025-06-13,Lemondták a párizsi légikiállítást a Boeing vezetői az Air India katasztrófája után,https://www.portfolio.hu/uzlet/20250613/lemondtak-a-parizsi-legikiallitast-a-boeing-vezetoi-az-air-india-katasztrofaja-utan-767915
d167144cf65e543d6f62a5be7aac98cd1ceb354b30cc9c8a9fbb9f6747af05d6,2025-06-13 14:27:30.256854+00:00,hu,portfolio.hu,portfolio.hu,2025-06-13,Irán elleni támadás: meghökkentő bejelentést tett Izrael egyik legnagyobb ellensége,https://www.portfolio.hu/global/20250613/iran-elleni-tamadas-meghokkento-bejelentest-tett-izrael-egyik-legnagyobb-ellensege-767911
17b1fedb123ccba9759c5466f1395265845de9c7444c4df322d8e488a416eed3,2025-06-13 13:35:11.698100+00:00,hu,portfolio.hu,portfolio.hu,2025-06-13,Megszólalt Putyin főideológusa: kitört a harmadik világháború,https://www.portfolio.hu/global/20250613/megszolalt-putyin-foideologusa-kitort-a-harmadik-vilaghaboru-767907
74ebc493c087fcc14cedd45922bc169ccfe18d473aae758b57a85f374ab766c1,2025-06-13 13:33:43.857822+00:00,hu,portfolio.hu,portfolio.hu,2025-06-13,"Örülhet Donald Trump, de még semmi sincs kőbe vésve – Füstbe ment tervvé válhat a példátlan katonai művelet",https://www.portfolio.hu/global/20250613/orulhet-donald-trump-de-meg-semmi-sincs-kobe-vesve-fustbe-ment-tervve-valhat-a-peldatlan-katonai-muvelet-767885
acb5f6a68fa5a14e0f701a14819a88af09c2bdfe899c1b6e78523841d56a0400,2025-06-13 13:28:33.401648+00:00,hu,portfolio.hu,portfolio.hu,2025-06-13,A szemem előtt haltak meg,https://www.portfolio.hu/uzlet/20250613/a-szemem-elott-haltak-meg-megszolalt-az-air-india-jarat-egyetlen-tuleloje-a-lezuhant-repulogep-utolso-pillanatairol-767879
a1b77719c0e1cd729400ad50371d1fbdce1251fcfbe16226cff69dcdff3cfa4e,2025-06-13 13:28:28.373885+00:00,hu,portfolio.hu,portfolio.hu,2025-06-13,Claire Vasarely – Színnel teli élet,https://www.portfolio.hu/befektetes/20250613/claire-vasarely-szinnel-teli-elet-767881
b033571f699006cfb887addf000985e3d5e210e0dc8b0d20359ebbf70d138447,2025-06-13 13:28:23.191552+00:00,hu,portfolio.hu,portfolio.hu,2025-06-13,Jönnek a mesterséges intelligenciával működő Barbie-babák?,https://www.portfolio.hu/uzlet/20250613/jonnek-a-mesterseges-intelligenciaval-mukodo-barbie-babak-767903
9f551b58f0a3b75dca5287b377ff559ee6ef554bf7baa87243bd9c22111cbb85,2025-06-13 13:28:15.776134+00:00,hu,portfolio.hu,portfolio.hu,2025-06-13,Biztonsági ellenőrzést rendeltek el az Air Indiánál,https://www.portfolio.hu/uzlet/20250613/biztonsagi-ellenorzest-rendeltek-el-az-air-indianal-767887
544bb8237c289ed10dc7891e2f3b80c7e6ec61e55b5aee926f9b3e5a03a8b65e,2025-06-13 13:28:10.979664+00:00,hu,portfolio.hu,portfolio.hu,2025-06-13,"Nagyon súlyos támadást indított Izrael Irán ellen, folyamatosan eszkalálódik a helyzet",https://www.portfolio.hu/global/20250613/nagyon-sulyos-tamadast-inditott-izrael-iran-ellen-folyamatosan-eszkalalodik-a-helyzet-cikkunk-percrol-percre-frissul-767709
2e04f299f8a4c7b9cadac32b066b9b3baf6337c57f8e7b51cdd57c974f0f08f1,2025-06-13 13:28:05.617627+00:00,hu,portfolio.hu,portfolio.hu,2025-06-13,Légibalesetek: melyik a legbiztonságosabb ülés a repülőn?,https://www.portfolio.hu/uzlet/20250613/legibalesetek-melyik-a-legbiztonsagosabb-ules-a-repulon-767895
5d49512a9a6c854903b84ec430b80a83bbc04f73a69babbdf242e90b3604a6f8,2025-06-13 13:27:54.927286+00:00,hu,portfolio.hu,portfolio.hu,2025-06-13,"Sorra börtönzik be az ellenzéki vezetőket Grúziában, már a harmadik került rács mögé",https://www.portfolio.hu/global/20250613/sorra-bortonzik-be-az-ellenzeki-vezetoket-gruziaban-mar-a-harmadik-kerult-racs-moge-767875
d88f6a693609a27613a71f78db6c961e62eaa5c5c77405464acbcfac4941959a,2025-06-13 13:27:49.913704+00:00,hu,portfolio.hu,portfolio.hu,2025-06-13,Izrael a legrosszabbra készül: nagy háború jöhet,https://www.portfolio.hu/global/20250613/izrael-a-legrosszabbra-keszul-nagy-haboru-johet-767901
349bba8b5cbbe4868f2893044499130aa7b9f3699d07de12c97febfa1f21eccf,2025-06-13 13:27:43.036997+00:00,hu,portfolio.hu,portfolio.hu,2025-06-13,"Haladékot kaptak a cégek, de nem dőlhetnek hátra",https://www.portfolio.hu/podcast/20250613/haladekot-kaptak-a-cegek-de-nem-dolhetnek-hatra-767477
a3d82dff7e6ef97f2706ab1ce1dc3c687e758fdbed5d20fd4a44b5e32e47b27a,2025-06-13 13:27:38.494090+00:00,hu,portfolio.hu,portfolio.hu,2025-06-13,Esik a forint árfolyama,https://www.portfolio.hu/deviza/20250613/esik-a-forint-arfolyama-767743
8c42da3faf32d580f806e0e8df51b07fdc8d6709023c8d3c37c3a606370c400a,2025-06-13 13:27:33.211090+00:00,hu,portfolio.hu,portfolio.hu,2025-06-13,16 éves mélypontra esett Kínában a lakosság hitelfelvétele,https://www.portfolio.hu/bank/20250613/16-eves-melypontra-esett-kinaban-a-lakossag-hitelfelvetele-767889
1c7f3e40bd1e1bfdc075054f189daed07f2eccfc30b7a96eccbe58451ac426c1,2025-06-13 13:27:28.825067+00:00,hu,portfolio.hu,portfolio.hu,2025-06-13,Tűpontos csapást hajtott végre az ukrán MiG-29-es: felvételen az eredmény,https://www.portfolio.hu/global/20250613/tupontos-csapast-hajtott-vegre-az-ukran-mig-29-es-felvetelen-az-eredmeny-767897
c2a0d06b400abef8119cd36bc4d56f2fece690b1ddd6684283fba62c64c64f65,2025-06-13 13:27:18.515258+00:00,hu,portfolio.hu,portfolio.hu,2025-06-13,NNGYK: emelkedhetnek a koronavírus-fertőzések Magyarországon,https://www.portfolio.hu/uzlet/20250613/nngyk-emelkedhetnek-a-koronavirus-fertozesek-magyarorszagon-767891
4fde8c58f92202356a6db13247e3921bb6e63135a3a5fe6cf5d37492fd062706,2025-06-13 13:27:13.131830+00:00,hu,portfolio.hu,portfolio.hu,2025-06-13,"Amíg mindenki Iránra és Izraelre figyel, az EU hatalmas összeget utalt Ukrajnának",https://www.portfolio.hu/unios-forrasok/20250613/amig-mindenki-iranra-es-izraelre-figyel-az-eu-hatalmas-osszeget-utalt-ukrajnanak-767893
a179ba1029c9ab437fa4555fb8b2a9c1af458a35c839182f34c3e98b9b84f7d1,2025-06-13 13:27:08.494088+00:00,hu,portfolio.hu,portfolio.hu,2025-06-13,"Tapsol a brit ingatlanpiac, elképesztő tőkeinjekciót kapnak a munkáspárti kormánytól",https://www.portfolio.hu/ingatlan/20250613/tapsol-a-brit-ingatlanpiac-elkepeszto-tokeinjekciot-kapnak-a-munkasparti-kormanytol-767877
28c86bc23df73a98a738a417dabf646e45c4e14beea485c99bd1c581f3685bb8,2025-06-13 13:27:03.385767+00:00,hu,portfolio.hu,portfolio.hu,2025-06-13,Világraszóló bravúrt hajtott végre a világ legsötétebb diktatúrája: hetek alatt vízre tették az új rombolót,https://www.portfolio.hu/global/20250613/vilagraszolo-bravurt-hajtott-vegre-a-vilag-legsotetebb-diktaturaja-hetek-alatt-vizre-tettek-az-uj-rombolot-767867
18021ef9253ff29348eebdbabe20109b55f853587022257131e8f5edae15fb53,2025-06-13 10:34:57.752084+00:00,hu,portfolio.hu,portfolio.hu,2025-06-13,Moszkva keményen üzent Izraelnek az Irán elleni támadás után,https://www.portfolio.hu/global/20250613/moszkva-kemenyen-uzent-izraelnek-az-iran-elleni-tamadas-utan-767839
01a74978d7cd6587374db80dc184e7cc14ba7c93a3b6aa2de41e74e8e15778e1,2025-06-13 10:28:41.536651+00:00,hu,portfolio.hu,portfolio.hu,2025-06-13,Baljós előjelek: több kényszerleszállás volt Boeing 787-es gépekkel az Air India katasztrófája előtt,https://www.portfolio.hu/uzlet/20250613/baljos-elojelek-tobb-kenyszerleszallas-volt-boeing-787-es-gepekkel-az-air-india-katasztrofaja-elott-767815
3a5ccd154acd8a13cea602f7225eed08c5ee01067bb873268fc0ab90b0d845e8,2025-06-13 10:28:24.312640+00:00,hu,portfolio.hu,portfolio.hu,2025-06-13,Kiszivárogtak Oroszország titkos támogatói: európai országok is a listán,https://www.portfolio.hu/global/20250613/kiszivarogtak-oroszorszag-titkos-tamogatoi-europai-orszagok-is-a-listan-767811
8545acfe712e9010bff8aded3d673dcd298dcb83b9f3e3c624f09ad9a18af726,2025-06-13 10:28:05.485135+00:00,hu,portfolio.hu,portfolio.hu,2025-06-13,Air India-légikatasztrófa: megvan a fekete doboz!,https://www.portfolio.hu/uzlet/20250613/air-india-legikatasztrofa-megvan-a-fekete-doboz-767837
6d160259c088cd4f07a6a0548772b925d208adf312a3ae50e6cd28a6f0fa6397,2025-06-13 10:27:36.666486+00:00,hu,portfolio.hu,portfolio.hu,2025-06-13,Francia győzelem Portugáliában: lecsapott az óriásbank a milliárdos bizniszre,https://www.portfolio.hu/bank/20250613/francia-gyozelem-portugaliaban-lecsapott-az-oriasbank-a-milliardos-bizniszre-767797
a75d8c01e34ac724e85ba9c66d6fcfd4b4e9592e3b6bcee1ec94c957f5a17e1a,2025-06-13 10:27:31.291110+00:00,hu,portfolio.hu,portfolio.hu,2025-06-13,"Videó: bődületes hibát követett el Oroszország, Ukrajna nem is volt rest kihasználni",https://www.portfolio.hu/global/20250613/video-boduletes-hibat-kovetett-el-oroszorszag-ukrajna-nem-is-volt-rest-kihasznalni-767821
90e108664b9472b9da8baa38c8ed4f33650b23e74188989c8d931d91cfd9be82,2025-06-13 10:27:26.790563+00:00,hu,portfolio.hu,portfolio.hu,2025-06-13,Nyolc budapesti iskolát fenyegetett meg bombával egy 16 éves fiú,https://www.portfolio.hu/uzlet/20250613/nyolc-budapesti-iskolat-fenyegetett-meg-bombaval-egy-16-eves-fiu-767831
98ca06b22ec47691410a50752400ec645914a7ebc8d63494ca451a05e0643699,2025-06-13 10:27:21.304255+00:00,hu,portfolio.hu,portfolio.hu,2025-06-13,Járatokat függeszt fel a Wizz Air,https://www.portfolio.hu/uzlet/20250613/jaratokat-fuggeszt-fel-a-wizz-air-767829
1578ad05f55a4ce7b1c57d03120a14cd5c63b00c5553d2d0b7b7c003f07f206a,2025-06-13 09:29:53.435209+00:00,hu,portfolio.hu,portfolio.hu,2025-06-13,"Elmondta Izrael, mit bombáztak Iránban",https://www.portfolio.hu/global/20250613/elmondta-izrael-mit-bombaztak-iranban-ennek-teheran-nagyon-nem-fog-orulni-767803
642626ac8d21696b99fd10e263ce1aaca746a6eed5f92513531c586b1154be9c,2025-06-13 09:29:48.701930+00:00,hu,portfolio.hu,portfolio.hu,2025-06-13,"Duna House: fordulat az ingatlanpiacon, de alkudozásra nincs lehetőség",https://www.portfolio.hu/ingatlan/20250613/duna-house-fordulat-az-ingatlanpiacon-de-alkudozasra-nincs-lehetoseg-767809
32b0a5d04d724073a9fe752c5bbfccf4f8bcae35cab2e59503d5f0aac1c9d0e8,2025-06-13 09:29:41.314100+00:00,hu,portfolio.hu,portfolio.hu,2025-06-13,Izrael megtámadta Iránt,https://www.portfolio.hu/uzlet/20250613/izrael-megtamadta-irant-ide-menekitik-a-befektetok-a-penzuket-767791
3ad5b981bb699ff3b72361dfea7ecb46ad25f5d914914a6ea7de083d89bd15ba,2025-06-13 09:29:32.593440+00:00,hu,portfolio.hu,portfolio.hu,2025-06-13,Átalakul a világrend – de hova tegyem a pénzem?,https://www.portfolio.hu/podcast/20250613/atalakul-a-vilagrend-de-hova-tegyem-a-penzem-766507
832967a77c716802f3af503023bba149359b1ac46c57969e41cb1ebe1039d481,2025-06-13 09:29:13.783282+00:00,hu,portfolio.hu,portfolio.hu,2025-06-13,"Elképesztő rohamra indultak Oroszország legjobb helikopterei, de ami ezután történt, arra senki sem számított",https://www.portfolio.hu/global/20250613/elkepeszto-rohamra-indultak-oroszorszag-legjobb-helikopterei-de-ami-ezutan-tortent-arra-senki-sem-szamitott-767783
da1c7a29e94a36060615dcaeb28723d522be3da84647657f7f73b0ea24c61164,2025-06-13 09:29:05.143717+00:00,hu,portfolio.hu,portfolio.hu,2025-06-13,"Kiderült, hogy menekülhetett meg a lezuhant Air India-gép egyetlen túlélője",https://www.portfolio.hu/uzlet/20250613/kiderult-hogy-menekulhetett-meg-a-lezuhant-air-india-gep-egyetlen-tuleloje-767789
7fdf0a636e196f70558314697c274512d22fdedf4b819f8e513062865f21863c,2025-06-13 09:29:00.060812+00:00,hu,portfolio.hu,portfolio.hu,2025-06-13,"Figyelem, országos razzia jön: az ittas sofőrökre vadásznak",https://www.portfolio.hu/uzlet/20250613/figyelem-orszagos-razzia-jon-az-ittas-soforokre-vadasznak-767813
6338964f830ae271e64fcafed2d9036fb53fa865c28a8412e8f7eed07fe139f4,2025-06-13 09:28:45.331465+00:00,hu,portfolio.hu,portfolio.hu,2025-06-13,Kimondta Boris Pistorius: fel kell készülnünk az Amerika utáni életre,https://www.portfolio.hu/global/20250613/kimondta-boris-pistorius-fel-kell-keszulnunk-az-amerika-utani-eletre-767801
2d26279ea9d188226973598e2228da664ca1b288b46e3c14f690602feb5da8ee,2025-06-13 09:28:40.012889+00:00,hu,portfolio.hu,portfolio.hu,2025-06-13,"Lezártak egy strandot a Velencei-tónál, nem szabad fürdeni a vízben",https://www.portfolio.hu/uzlet/20250613/lezartak-egy-strandot-a-velencei-tonal-nem-szabad-furdeni-a-vizben-767799
1a721ce957387e06c04f0ff20d8eafd6bd8406cb5242c2d65b33897bcfe651ff,2025-06-13 09:28:35.074202+00:00,hu,portfolio.hu,portfolio.hu,2025-06-13,Lezárások jönnek a hétvégén Budapesten,https://www.portfolio.hu/uzlet/20250613/lezarasok-jonnek-a-hetvegen-budapesten-ezeket-az-utakat-keruld-el-767805
66c7c3630ad8173a81b3bcf49144109f28b5d7add478a360ad3c49f8a3cbef9d,2025-06-13 09:28:20.981552+00:00,hu,portfolio.hu,portfolio.hu,2025-06-13,„A zöld átmenet nem lehet palotaforradalom” – Gondola Csaba az EKR átalakításának hátteréről,https://www.portfolio.hu/gazdasag/20250613/a-zold-atmenet-nem-lehet-palotaforradalom-gondola-csaba-az-ekr-atalakitasanak-hattererol-767501
4453b102d2eb3d7c3e55a514c6e8aca2a58da071c6339f00d95ba73c2b044f3d,2025-06-13 09:28:17.046449+00:00,hu,portfolio.hu,portfolio.hu,2025-06-13,"Kibukott Izrael trükközése: egyetlen, hatalmas csellel tudták kijátszani Irán légvédelmét",https://www.portfolio.hu/global/20250613/kibukott-izrael-trukkozese-egyetlen-hatalmas-csellel-tudtak-kijatszani-iran-legvedelmet-767817
3f87bbacdba0cb6d48c48b974aae770db3c5357d99a6e6d1dcb2f54784205315,2025-06-13 08:27:38.993756+00:00,hu,portfolio.hu,portfolio.hu,2025-06-13,"Lezuhant egy Londonba tartó repülőgép 242 emberrel a fedélzetén, friss hírek érkeztek",https://www.portfolio.hu/global/20250613/lezuhant-egy-londonba-tarto-repulogep-242-emberrel-a-fedelzeten-friss-hirek-erkeztek-767543
b6908a1a452b17fa1dc3bd848b4d257d1f1762fbc1885a9ce7d264868617a14e,2025-06-13 08:27:28.461015+00:00,hu,portfolio.hu,portfolio.hu,2025-06-13,"Ha historikusan nézzük, folytatódhat a tőzsdei rali",https://www.portfolio.hu/befektetes/20250613/ha-historikusan-nezzuk-folytatodhat-a-tozsdei-rali-767759
629b5e83c22966dcbeb68ef116cde73039d86566e4f1b46ffbc266ce92202da9,2025-06-13 08:27:23.452102+00:00,hu,portfolio.hu,portfolio.hu,2025-06-13,Titkos tárgyalások a NATO-ban: Oroszország ellen irányulhat az új védelmi rendszer?,https://www.portfolio.hu/global/20250613/titkos-targyalasok-a-nato-ban-oroszorszag-ellen-iranyulhat-az-uj-vedelmi-rendszer-767761
c5112b5fa6675b69c8d282e12398ff1f6ffb9542ce1cbeac3ebcfde1dca1fb74,2025-06-13 08:27:09.288582+00:00,hu,portfolio.hu,portfolio.hu,2025-06-13,"Békésen strandoltak a NATO-ország tengerpartján, aztán egyszer csak feltűnt egy ukrán drón",https://www.portfolio.hu/global/20250613/bekesen-strandoltak-a-nato-orszag-tengerpartjan-aztan-egyszer-csak-feltunt-egy-ukran-dron-767779
da0d091f86147d476223c06ea2460877eba78c8851644207d86272ea26001c9c,2025-06-13 08:27:04.247631+00:00,hu,portfolio.hu,portfolio.hu,2025-06-13,"Megüzenték Trumpnak Brüsszelből: ha erősebb NATO-t akar, akkor azonnal álljon le!",https://www.portfolio.hu/unios-forrasok/20250613/meguzentek-trumpnak-brusszelbol-ha-erosebb-nato-t-akar-akkor-azonnal-alljon-le-767757
d731b10f253d637aedfec0a4532c455c90df8f6b22b08f64a04842b5cc9734ae,2025-06-13 08:26:59.146791+00:00,hu,portfolio.hu,portfolio.hu,2025-06-13,Drasztikus lépésre készül a kormány az Air Indiánál a tegnapi légikatasztrófa után,https://www.portfolio.hu/uzlet/20250613/drasztikus-lepesre-keszul-a-kormany-az-air-indianal-a-tegnapi-legikatasztrofa-utan-767785
ec020a7c84a9acd6e4723ea4fc6a1968fb1190659628597a99d75544eb665265,2025-06-13 08:26:54.186966+00:00,hu,portfolio.hu,portfolio.hu,2025-06-13,"50 ezer beteg, 4 milliárdos fejlesztés a magyar családi tulajdonú klinikánál",https://www.portfolio.hu/gazdasag/20250613/50-ezer-beteg-4-milliardos-fejlesztes-a-magyar-csaladi-tulajdonu-klinikanal-766255
29a8031eee42450537c4069148a6289226e7e756b2563aeb699ca810d0502244,2025-06-13 08:26:49.371523+00:00,hu,portfolio.hu,portfolio.hu,2025-06-13,Irán bosszút ígért az izraeli támadásokra,https://www.portfolio.hu/uzlet/20250613/iran-bosszut-igert-az-izraeli-tamadasokra-utik-az-otp-t-elszallt-az-olaj-767715
9d0759c2739611465074dc0a83ead53ad3892a1bc1b59b08c6d9c047922b7766,2025-06-13 08:26:44.095349+00:00,hu,portfolio.hu,portfolio.hu,2025-06-13,Háború van? Atomcsapás lesz? Régiós összeomlás jön? – Megválaszoljuk a legfontosabb kérdéseket az Irán elleni támadás kapcsán,https://www.portfolio.hu/global/20250613/haboru-van-atomcsapas-lesz-regios-osszeomlas-jon-megvalaszoljuk-a-legfontosabb-kerdeseket-az-iran-elleni-tamadas-kapcsan-767775
5235922e91f5818f92ed6b49b30a678c9ce0b0d1290ebd48c00afe3e18cef24d,2025-06-13 08:26:39.455624+00:00,hu,portfolio.hu,portfolio.hu,2025-06-13,A közel-keleti feszültség elérte az európai gáztőzsdét is: ideges lett a piac,https://www.portfolio.hu/global/20250613/a-kozel-keleti-feszultseg-elerte-az-europai-gaztozsdet-is-ideges-lett-a-piac-767781
e8913774fb766e28d804c2c95fb9de32a4b7a8f21a939d1af8c9f6afa33d9644,2025-06-13 08:26:34.345482+00:00,hu,portfolio.hu,portfolio.hu,2025-06-13,"Támad a BlackRock: ha ez megtörténik, azt mindenki érezni fogja",https://www.portfolio.hu/befektetes/20250613/tamad-a-blackrock-ha-ez-megtortenik-azt-mindenki-erezni-fogja-767753
ffabbf5e60daa6efc318eef2e5b3ffaa7b2b68ae03c38e262100d1caafe855f1,2025-06-13 08:26:29.208596+00:00,hu,portfolio.hu,portfolio.hu,2025-06-13,"Egy 28 éves zseni fejlesztheti a Meta szuperintelligenciáját, mesés vagyont költöttek a megszerzésére",https://www.portfolio.hu/befektetes/20250613/egy-28-eves-zseni-fejlesztheti-a-meta-szuperintelligenciajat-meses-vagyont-koltottek-a-megszerzesere-767765
a06d84b13702d25bb0f38c997900710823047b97519fe912e1594449749d2546,2025-06-13 08:26:24.568167+00:00,hu,portfolio.hu,portfolio.hu,2025-06-13,Az energetika húzza az Opus Global profitját,https://www.portfolio.hu/uzlet/20250613/az-energetika-huzza-az-opus-global-profitjat-767763
e8650e9f4e15f785c0b8292f8ddd1f7d49289518af8401fb62bc58f7317f2ebb,2025-06-13 08:26:19.918006+00:00,hu,portfolio.hu,portfolio.hu,2025-06-13,Fellélegezhet a forint a hajnali ijedség után,https://www.portfolio.hu/deviza/20250613/fellelegezhet-a-forint-a-hajnali-ijedseg-utan-767743
456b2118fda2791d698f83bde9c3eca88067cedee17820a50617d54a705cffd2,2025-06-13 08:26:14.369394+00:00,hu,portfolio.hu,portfolio.hu,2025-06-13,"Válasz az NGM-ből: a magyar adórendszer köszöni, jól van",https://www.portfolio.hu/gazdasag/20250613/valasz-az-ngm-bol-a-magyar-adorendszer-koszoni-jol-van-767707
3199d1398037a0cdf781f90563b71587cd4252c86a716911345ae575b93474d2,2025-06-13 08:26:01.410164+00:00,hu,portfolio.hu,portfolio.hu,2025-06-13,Megszólalt Donald Trump a pusztító izraeli légicsapás után,https://www.portfolio.hu/global/20250613/megszolalt-donald-trump-a-pusztito-izraeli-legicsapas-utan-767771
c5f389c30f20d35e642ded7c60c7642712d97dabb2ed0fc76d5a4502f330912d,2025-06-13 08:25:57.269265+00:00,hu,portfolio.hu,portfolio.hu,2025-06-13,"Újabb csapás a légitársaságok számára, zuhanórepülésben a részvények",https://www.portfolio.hu/befektetes/20250613/ujabb-csapas-a-legitarsasagok-szamara-zuhanorepulesben-a-reszvenyek-767773
b1d52896587b9d2a3d85610a9822e451bd74cbf83a21d5c574c5968b46fed0b9,2025-06-13 08:25:51.667881+00:00,hu,portfolio.hu,portfolio.hu,2025-06-13,Légikatasztrófa Indiában: nyilvánosságra hozták a pilóta utolsó üzenetét,https://www.portfolio.hu/global/20250613/legikatasztrofa-indiaban-nyilvanossagra-hoztak-a-pilota-utolso-uzenetet-767751
0edcb5e9c645815cafd493b2940311716d4c2400d4250044f14d668b8ee38546,2025-05-16 14:30:03.169835+00:00,hu,demokrata.hu,demokrata.hu,2025-05-16,A néppárt csendben kihátrált a Green Deal mögül,https://demokrata.hu/gazdasag/a-neppart-csendben-kihatralt-a-green-deal-mogul-993616/
6aed7897097b832a46686ff3ac0bbe418d0f505e4e6f8f6d5cc1ed458a614ab5,2025-03-26 20:22:10.023127+00:00,hu,hvg.hu,hvg.hu,2025-03-26,Hatalmas aszály várható Magyarországon az előrejelzések szerint,https://hvg.hu/gazdasag/20250326_Aszaly-szarazsag-idojaras-viz-Balaton#rss
572db6b6ee6be63878e7f2509dbca191d14f203a55f16c455c00607084d2a9b2,2025-03-15 15:23:42.049467+00:00,hu,index.hu,index.hu,2025-03-15,Elsüllyesztik az Egyesült Államok féltett kincsét,https://index.hu/tudomany/2025/03/15/ocean-jaro-uss-united-states/
a513164a560b9a151962c874971274bd344f91afa69e682b6becb705e51e9e60,2025-03-10 19:37:35.683045+00:00,hu,origo.hu,origo.hu,2025-03-10,"Az orosz-ukrán háború háromévnyi környezeti költsége: 230 millió tonna üvegházhatású gáz, elszennyeződött vizek és talajok, pusztuló bioszféra",https://www.origo.hu/tudomany/2025/03/orosz-ukran-haboru-kornyezeti-hatasai
d941656c04a2df97fb4414f45832896a149c79834eede88ba7d7c84beedb4e5c,2025-01-18 10:23:15.312859+00:00,hu,hirtv.hu,hirtv.hu,2025-01-18,Világgazdasági Fórum Davosban,https://hirtv.hu/hirtvkulfold/vilaggazdasagi-forum-davosban-2599675?utm_source=feed&utm_medium=rss
3a82fe647547ad53629fd3263b25b2205c0fc1177bc5542ad6da9c07af802792,2024-12-31 14:40:17.980874+00:00,hu,hvg.hu,hvg.hu,2022-01-27,"Kevesebb Paks, több szélenergia, kritika a rezsicsökkentésnek – Milyen zöldpolitikával készül az ellenzék?",https://hvg.hu/gazdasag/20220127_ellenzeki_kerekasztal_2022_kornyezetvedelem_zoldpolitika_energia_paks_mezogazdasag
8ca88133a4d99fad00eb25908febcc7521e7907b08af1100a5cbb8ae22523e41,2024-12-27 10:35:14.204673+00:00,hu,vaol.hu,vaol.hu,2022-02-25,"Monológok helyett párbeszédet, nyílt kommunikációt",https://www.vaol.hu/pr/2022/02/monologok-helyett-parbeszedet-nyilt-kommunikaciot?utm_source=hirstart&utm_medium=referral&utm_campaign=hiraggregator
6da88eea86a3ab7ab55ff74f8c5e98ff48a89c653080d584a0ce503a2780b836,2024-12-23 16:00:59.514466+00:00,hu,magyarnemzet.hu,magyarnemzet.hu,2022-03-22,Megerősíti élelmiszerpiacát az Európai Unió,https://magyarnemzet.hu/gazdasag/2022/03/megerositi-elelmiszerpiacat-az-europai-unio?utm_source=hirstart&utm_medium=referral&utm_campaign=hiraggregator
92f7a6a7e3270e4564259624307ad59ef614889b1159e78f1900f17340792afb,2024-12-20 19:36:36.149545+00:00,hu,hvg.hu,hvg.hu,2022-03-30,Klímaváltozás a kampányban: az ellenzék legalább ígér valamit,https://hvg.hu/zhvg/20220330_valasztas_2022_zold_kampany_klimavedelem_klimaharc_klimavaltozas
856f31eb1584a5e8cbe58c219029faeac052a82ee8683fd51138325d80983b53,2024-12-02 19:26:41.535978+00:00,hu,hvg.hu,hvg.hu,2024-12-02,Nem hajlandó tárgyalni az ellenzékkel a grúz miniszterelnök,https://hvg.hu/vilag/20241202_kobahidze-gruzia-tuntetes-targyalas-elutasitas#rss
9521b27c3b94b3912dbff07ea35a860787818c8e289e18cb10f8804497c542db,2024-12-01 17:06:09.770479+00:00,hu,nepszava.hu,nepszava.hu,2020-01-14,"Ha nem akarunk elbúcsúzni az állatvilágtól, a Föld harmadát védelem alá kell venni",https://nepszava.hu/3063517_ha-nem-akarunk-elbucsuzni-az-allatvilagtol-a-fold-harmadat-vedelem-ala-kell-venni
58b32b38f106e2ede4ff93889251c8c78318c7d8cf9b49e8892ed5b2a9a12e75,2024-12-01 16:50:44.380974+00:00,hu,nepszava.hu,nepszava.hu,2020-01-14,Európa tárgyalóasztalhoz kényszeríti Iránt,https://nepszava.hu/3063542_europa-targyaloasztalhoz-kenyszeriti-irant
db500ee89abcde4184ec55a198238e4fd20467ac45e046bd32463733e98ed802,2024-12-01 02:28:37.379255+00:00,hu,vg.hu,vg.hu,2020-01-20,Félszázadik alkalommal rendezik meg a davosi Világgazdasági Fórumot,https://www.vg.hu/gazdasag/gazdasagi-hirek/felszazadik-alkalommal-rendezik-meg-a-davosi-vilaggazdasagi-forumot-1990341/
0b38eaf3413db0cbb7c98eb77b08a0c0ce6200e7f36e4481da9dba97ee1ad5a3,2024-11-29 00:10:43.804834+00:00,hu,napi.hu,napi.hu,2020-02-06,Adóval sújtanák a húsokat - ezzel a javaslattal állt elő egy lobbicsoport,https://www.napi.hu/nemzetkozi_gazdasag/adoval_sujtanak_a_husokat_ezzel_a_javaslattal_allt_elo_egy_lobbicsoport.699830.html
826fb2f34d2767a8afd011f74f5954cf7b3f1d13cd6ab7d188f2c24204a11352,2024-11-27 09:00:34.161660+00:00,hu,888.hu,888.hu,2020-01-09,A műanyagterhelés a klímaváltozásnál is nagyobb veszély?,https://888.hu/okojobb/a-muanyagterheles-a-klimavaltozasnal-is-nagyobb-veszely-4229993/
746896d746490cf5a2def214d2c00f0c0fd225f920a9da852782a492d4254913,2024-11-22 20:19:08.492202+00:00,hu,beol.hu,beol.hu,2024-11-22,BEOL - Agráriumot érintő aktualitásokról számoltak be Biharugrán,https://www.beol.hu/helyi-kozelet/2024/11/tamogatas-agrarium-aktualitasok?utm_source=hirstart&utm_medium=referral&utm_campaign=hiraggregator
a4c67a5ed9e6cc774d5712c2665f466c204b85c2ccfcb007e4ab649b430364c1,2024-11-20 05:49:50.436367+00:00,hu,nepszava.hu,nepszava.hu,2020-04-05,A természet kizsákmányolása egyenesen vezetett a koronavírus-járvány kitöréséhez,https://nepszava.hu/3073348_a-termeszet-kizsakmanyolasa-egyenesen-vezetett-a-koronavirus-jarvany-kitoresehez
ec1417e0d4d5d1d451991c9f2d7f01e83a0c6e7ab634bf463857a9e27efaf192,2024-11-07 01:51:25.521379+00:00,hu,demokrata.hu,demokrata.hu,2020-08-30,Visszatérnek a nagyragadozók,https://demokrata.hu/zold-jovo/visszaternek-a-nagyragadozok-278593/
516ba78b1504fdfcb8ab2aae7e82b5041ad1e20b5dd14707fa829509795dd719,2024-11-05 18:29:36.611251+00:00,hu,hvg.hu,hvg.hu,2024-11-05,"Fegyelmit indítana a Fidesz a letartóztatott Kiss Lászlóval szemben, mert még mindig fizetést kap",https://hvg.hu/itthon/20241105_fegyelmit-eljaras-fidesz-kiss-laszlo#rss
1c764bafb9b143628c19481ee8bdfaa24e72e3179b72da5e2b60f5595559c35c,2024-11-04 10:43:26.727594+00:00,hu,mandiner.hu,mandiner.hu,2021-11-28,Harminc éve először láttak farkast Párizs közelében,https://mandiner.hu/cikk/20211128_harminc_eve_eloszor_lattak_farkast_parizs_kozeleben
569181289c5126da179e342fe64a750ea8347978dc303c01ac3df3a8134b004c,2024-11-04 10:27:27.374847+00:00,hu,atv.hu,atv.hu,2021-11-28,Harminc éve nem volt ilyen: farkast láttak Párizs közelében,http://www.atv.hu/kulfold/20211128-harminc-eve-nem-volt-ilyen-farkast-lattak-parizs-kozeleben
e077b6d6b0034caa01a049fe527d52e2cce53be89941da63501bd035bf0ee40c,2024-11-04 10:23:21.524317+00:00,hu,index.hu,index.hu,2021-11-28,"Harminc éve nem volt ilyen, farkast láttak Párizs közelében",https://index.hu/belfold/2021/11/28/parizs-farkas-allatvilag/
be2343d038d4cb703d8b24586381fe640219672244e91de9817a8f9202dcf638,2024-11-04 10:22:19.531795+00:00,hu,demokrata.hu,demokrata.hu,2021-11-28,Harminc év óta először láttak farkast Párizs közelében,https://demokrata.hu/setater/harminc-ev-ota-eloszor-lattak-farkast-parizs-kozeleben-455916/
c0cf80ca2b9137c450b5c7ba3abafd88a02dd9df8407d65506a672dae64364b0,2024-11-04 10:17:05.614375+00:00,hu,origo.hu,origo.hu,2021-11-28,30 éve után először láttak farkast Párizs közelében,https://www.origo.hu/tudomany/20211128-harminc-eve-eloszor-lattak-farkast-parizs-kozeleben.html
2f72ceffc632fdbea5df941c3e5d68ed6d0f0f85782e44a10e9977065eac9d14,2024-11-04 10:04:38.032699+00:00,hu,boon.hu,boon.hu,2021-11-28,30 év óta először láttak farkast Párizs közelében,https://boon.hu/egyperces/30-ev-ota-eloszor-lattak-farkast-parizs-kozeleben-6038939/
6a965da4b86ed02f66bb9633dd27c06ccb37ef282a7fe3a4ca8cbccf73012748,2024-11-04 10:04:19.926250+00:00,hu,delmagyar.hu,delmagyar.hu,2021-11-28,30 év óta először láttak farkast Párizs közelében,https://www.delmagyar.hu/egyperces/30-ev-ota-eloszor-lattak-farkast-parizs-kozeleben-8187803/
bdb09a6348b341b7747904a8f362571e9fd4b8cc84837a54ccdd2c3f1f15d4ce,2024-11-04 10:03:52.652293+00:00,hu,szon.hu,szon.hu,2021-11-28,30 év óta először láttak farkast Párizs közelében,https://szon.hu/egyperces/30-ev-ota-eloszor-lattak-farkast-parizs-kozeleben-5587526/
09f1c292ca1e8bba0b5669eee951a9995488100713150298d708ab2581dbbeae,2024-11-04 10:03:49.236309+00:00,hu,24.hu,24.hu,2021-11-28,Közel száz év után ismét farkast láttak Párizs közelében,https://24.hu/tudomany/2021/11/28/farkas-franciaorszag-parizs/
38d71730d7a9c1d4122a5abfc61120ea489688d3b3185865bbcb69e139fc957d,2024-11-04 10:03:37.593419+00:00,hu,haon.hu,haon.hu,2021-11-28,30 év óta először láttak farkast Párizs közelében,https://haon.hu/egyperces/30-ev-ota-eloszor-lattak-farkast-parizs-kozeleben-5872619/
b78433b3b58f184cc674f63fade4a4dff1dd767c2f78092108a18bb8e55fe9d5,2024-11-04 06:18:52.456193+00:00,hu,infostart.hu,infostart.hu,2021-11-29,Farkas bukkant fel Párizs környékén,https://infostart.hu/kulfold/2021/11/29/farkas-bukkant-fel-parizs-kornyeken
c396beb14cd378fb33bd627c62ac6576d214d3b47c4c7190ea9dabd1c8eb065e,2024-11-03 13:28:40.196933+00:00,hu,gondola.hu,gondola.hu,2024-11-03,"Nem ESZME-csere történt, hanem maszkcsere",https://gondola.hu/cikkek/154084-Nem_ESZME-csere_tortent__hanem_maszkcsere.html
6e50b544a6b49a1cbf208fdc6c1bd924c538bdbbe8c4f108cef256d39350cc36,2024-10-30 14:28:23.754911+00:00,hu,hvg.hu,hvg.hu,2024-10-30,"zCast: Módszeresen gyengítjük a bioszféra immunrendszerét, pedig a miénk is nagyban ettől függ",https://hvg.hu/zhvg/20241030_zcast-podcast-biodiverzitas-gyulai-ivan-okologus-bioszfera-barat-kert-fajkihalas-ebx#rss
be31ff780ef903951b6f87bfbf0819e050546c8037564ddf30ba19eaaf6bdc78,2024-10-28 05:01:26.485538+00:00,hu,mandiner.hu,mandiner.hu,2021-12-21,Michal Kravčík: Mindennek az alapja a víz – Kassa megyében nekifogtak a tájat regenerálni,https://mandiner.hu/cikk/20211221_mindennek_az_alapja_a_viz_kassa_megyeben_nekifogtak_a_tajat_regeneralni
894f166f0ffef9a18288b3c054ad935f1e12e0a96692f60e031dbbddc75e6b8b,2024-10-27 06:25:41.705974+00:00,hu,index.hu,index.hu,2024-10-27,"Az éghajlatváltozás kétszer olyan súlyos lehet, mint azt korábban jósolták",https://index.hu/tudomany/2024/10/27/globalis-felmelegedes-klimacel-homerseklet-emelkedes/
f16207c7bec7044aca6b1b58d4c3e872bbc7708af6af259279fe3a22aff259b4,2024-10-25 04:28:01.466204+00:00,hu,nepszava.hu,nepszava.hu,2024-10-25,Gyógyítható-e a vidék?,https://nepszava.hu/3255157_gyogyithato-e-a-videk
700d10f29c8c5af864b23c3ccef607b191fbd53f12c3a9462bf968432fa47a86,2024-10-24 01:19:01.638298+00:00,hu,hvg.hu,hvg.hu,2020-09-10,Egy 80 éve elsüllyedt náci hadihajó roncsait találták meg Norvégia partjainál,http://hvg.hu/tudomany/20200910_karlsruhe_hadihajo_roncsai_norvegia_masodik_vilaghaboru#rss
5b791ef4966eee225d05ec9091a84c12c5f27593cf8be5d0193565990f20ff6f,2024-10-24 01:05:59.545336+00:00,hu,hvg.hu,hvg.hu,2020-09-10,Egy fehérvári iskolában is találtak koronavírus-fertőzöttet,http://hvg.hu/itthon/20200910_Egy_fehervari_iskolaban_is_fertozottet_talaltak#rss
54e92002e23e8bb0bcc0cb40f7a96e909292eefb08a56f98d27d66e0fd5753ca,2024-10-24 00:18:58.626655+00:00,hu,hvg.hu,hvg.hu,2020-09-10,Gulyás: a kormány nem része az SZFE körüli vitának,http://hvg.hu/kultura/20200910_gulyas_kormany_szfe#rss
074834bd03e84a78837a0fca41ff3f1652d15b7261832c4f110cce446dd2039d,2024-10-22 14:34:33.902739+00:00,hu,origo.hu,origo.hu,2024-10-22,A Covid-világjárványt okozó vírusok szupermutációi újabb veszélyt jelenthetnek,https://www.origo.hu/tudomany/2024/10/a-covid-vilagjarvanyt-okozo-virusok-szupermutacioi-ujabb-veszelyt-jelenthetnek
010699db48ec4f43c66a72e9a3c57366b72efe64ac4dedbb18d155a2650ad4c2,2024-10-22 03:27:33.853897+00:00,hu,pecsiujsag.hu,pecsiujsag.hu,2024-10-21,"Vége a konteóknak, a PTE kutatói megfejthették, honnan származhat a koronavírus",https://www.pecsiujsag.hu/pecs/hir/egyetem/vege-a-konteoknak-a-pte-kutatoi-megfejthettek-honnan-szarmazhat-a-koronavirus
d622fe8f2ac22b32b6dd3766d83e464079aec20aaaa3cd0977c351262153474b,2024-10-21 23:25:12.557885+00:00,hu,index.hu,index.hu,2024-10-22,Játszva is lehet várost tervezni?,https://index.hu/bcs/2024/10/22/varostervezes-okosvarosok-simcity-4ig/
f38eb85321b443abb01f60479b17f668e30b5ab46e7e9fa87471d91b4b06d604,2024-10-21 09:23:32.780990+00:00,hu,sonline.hu,sonline.hu,2024-10-21,Áttörés a SARS vírusok eredetkutatásában,https://www.sonline.hu/helyi-kozelet/2024/10/attores-a-sars-virusok-eredetkutatasaban?utm_source=hirstart&utm_medium=referral&utm_campaign=hiraggregator
2b04f96d309b6918cdfa7ca683b6911710172c50efe7199b8edb9c541a840cdf,2024-10-21 04:49:38.179241+00:00,hu,merce.hu,merce.hu,2020-10-22,Greenpeace: az EU új Közös Agrárpolitikája a természet halálos ítélete « Mérce,https://merce.hu/2020/10/22/greenpeace-az-eu-uj-kozos-agrarpolitikaja-a-termeszet-halalos-itelete/
d7fbb0b257c0ba5ee9b5cb43eed8a6445f5086e77728d67c59a040a33b9306cd,2024-10-20 17:58:23.990600+00:00,hu,hvg.hu,hvg.hu,2020-10-29,"Kiszámolták, mennyivel járulnak hozzá a bankok az élővilág pusztulásához",http://hvg.hu/gazdasag.zhvg/20201028_Kutatas_A_nagy_bankok_nagy_kornyezetpusztitast_finansziroznak#rss
035de41cdd24efc2925d62b2512ef82493ca22d373ad37edf9d37d84302d3b24,2024-10-18 15:28:14.937367+00:00,hu,merce.hu,merce.hu,2020-12-01,"Miért elhibázott az Európai Unió támogatási rendszere, és hogyan lehetne jobb? « Mérce",https://merce.hu/2020/12/01/miert-elhibazott-az-europai-unio-tamogatasi-rendszere-es-hogyan-lehetne-jobb/
3f870c567e4430bb65bb453a25fb18d8bd005d6f459a564771bbfe141f8aa9a8,2024-10-18 15:12:24.066949+00:00,hu,merce.hu,merce.hu,2020-12-01,A nemnövekedés szükségességéről,https://merce.hu/2020/12/01/a-nemnovekedes-szuksegessegerol/
3484522a8b799488bacdddf5874e4f11c8a08462d30152d571f65683df890754,2024-10-14 14:32:48.808135+00:00,hu,gondola.hu,gondola.hu,2024-10-14,nagyon szoros lesz az amerikai elnökválasztás,https://gondola.hu/cikkek/153987-Trump_erosodott_-_nagyon_szoros_lesz_az_amerikai_elnokvalasztas_.html
16634db6a6171707033e2904b313a7af3185cdec1114fc60bcf0347715674feb,2024-09-24 11:32:38.806786+00:00,hu,hvg.hu,hvg.hu,2024-09-24,Perceken át sírt a Ter Stegennek súlyos sérülést okozó focista: „Nem akartam szándékosan bántani” – videó,https://hvg.hu/sport/20240924_Perceken-at-sirt-a-Ter-Stegennek-sulyos-serulest-okozo-focista-Nem-akartam-szandekosan-bantani-video#rss
c26504fd3c5a32beadd0d24271d95cdc0e51b9990adf27ff523fc884a7ef92a4,2024-09-10 07:25:13.637523+00:00,hu,hvg.hu,hvg.hu,2021-10-14,Ki viselje a klímaharc költségeit? Erről volt a legnagyobb vita Dobrev és Márki-Zay között,http://hvg.hu/gazdasag.zhvg/20211014_klimavalasztas_dobrev_markizay_beszelgetes#rss
9e68a9bbf9eed77ba96e755a19166f77c643853e245ffa8d990318d2a7b5f8a3,2024-09-10 07:14:51.157055+00:00,hu,infostart.hu,infostart.hu,2021-10-14,"Rezsicsökkentés, Paks, klímaerdő – Dobrev Klára és Márki-Zay Péter a klímaváltozásról vitázott",https://infostart.hu/belfold/2021/10/14/rezsicsokkentes-paks-klimaerdo-dobrev-klara-es-marki-zay-peter-a-klimavaltozasrol-vitazott
7745d0f7ada5d642dd022aefec5b7d8fb190a1e5fa3b6c12673e280122d46611,2024-09-10 04:03:35.851029+00:00,hu,merce.hu,merce.hu,2021-10-15,Ki tud több zöldséget beszélni? « Mérce,https://merce.hu/2021/10/15/ki-tud-tobb-zoldseget-beszelni/
26e3a4b2d1e7616b02226847f78f57f08ebfe4c27d8d4bae7c29fb4fbe25d845,2024-09-07 22:49:36.651546+00:00,hu,444.hu,444.hu,2021-09-22,"Indul a globális csúcstalálkozó, ahol teljesen átalakítanák a világ élelmiszer-rendszerét",https://444.hu/2021/09/22/indul-a-globalis-csucstalalkozo-ahol-teljesen-atalakitanak-a-vilag-elelmiszer-rendszeret?utm_source=rss_feed&utm_medium=rss&utm_campaign=rss_syndication
d56b923eb3145d3408727ddba0835b06007ea0db345268662cd9e5d437805f34,2024-09-02 05:31:39.861011+00:00,hu,nepszava.hu,nepszava.hu,2021-05-08,Sir David Attenborough 95,https://nepszava.hu/3119034_sir-david-attenborough-95
8d2e349bf9a5214a354f35ecb95b4773ad18d2e4c8835160d9606bdb041aabaa,2024-09-01 09:51:35.754679+00:00,hu,merce.hu,merce.hu,2021-05-20,"A szabadkereskedelmi megállapodás, amit elsodorhat az új idők szele « Mérce",https://merce.hu/2021/05/20/a-szabadkereskedelmi-megallapodas-amit-elsodorhat-az-uj-idok-szele/
9c4e9a4af99f9044fe543831ec23f68d79859d2515242192310a274c53a9c881,2024-09-01 08:33:12.137410+00:00,hu,hvg.hu,hvg.hu,2021-05-21,Listázták Tatán a helyi szállodaberuházást ellenző civileket,http://hvg.hu/kkv/20210521_Listaztak_a_tatai_szallodaberuhazast_ellenzo_civileket#rss
12375da188df0a12f126ffdd0a77639daddb13b4e685f6626d42e039d6ad5889,2024-08-31 21:37:11.977969+00:00,hu,demokrata.hu,demokrata.hu,2021-05-29,Eső előtt köpönyeg,https://demokrata.hu/vilag/eso-elott-koponyeg-386309/
e596d5f1da945b7e9a95112c310df5e7def1ca9aeb2d4d372190a4264d833b3d,2024-08-31 15:22:30.410808+00:00,hu,infostart.hu,infostart.hu,2021-06-02,Uniós agrárpolitika: reform vagy forradalom? – egyelőre egyik sem,https://infostart.hu/kulfold/2021/06/02/unios-agrarpolitika-reform-vagy-forradalom-egyelore-egyik-sem
3e9bb13d5365827ac3287fa65c6757f8f3a3d943e8c69d586191c502044c6c6d,2024-08-31 10:43:29.111314+00:00,hu,hvg.hu,hvg.hu,2021-06-06,"Fizetne többet a benzinkúton azért, hogy az olajcég fát telepítsen a világ másik felén?",http://hvg.hu/gazdasag.zhvg/20210606_karbonsemlegesseg_vallalatok_fogyasztok#rss
81c13f5b967daa32c8e89ae4376ff242772dddd70fae0fa44ad7f0ed9bfb2b5e,2024-08-31 02:12:41.568658+00:00,hu,origo.hu,origo.hu,2021-06-11,Vízhiány vezethet súlyos problémákhoz Iránban,https://www.origo.hu/gazdasag/20210528-iran-vizhiany-gazdasag-klimavalsag.html
a4a17ac090365a8f88fc47ccba503b77977dc8a6c10e9340775722838b63559c,2024-08-28 20:30:19.411801+00:00,hu,nepszava.hu,nepszava.hu,2021-07-17,Felnőttkorunk leghűvösebb nyara?,https://nepszava.hu/3126545_felnottkorunk-leghuvosebb-nyara
8ff68381b96d3e442effb983d74376b52c1882f9fc1d274378a13f426ca6b935,2024-08-27 11:28:57.479326+00:00,hu,azonnali.hu,azonnali.hu,2021-08-07,A szélsőjobboldal lehetséges jövője: így zöldült be egy észak-európai neonáci mozgalom,https://azonnali.hu/cikk/20210807_a-szelsojobboldal-lehetseges-jovoje-igy-zoldult-be-egy-eszak-europai-neonaci-mozgalom
2d47174c0a1c0780041d87dd56da3093aaeda8aa770fd87a1d8cd004d1f9a7be,2024-08-27 05:49:29.479452+00:00,hu,merce.hu,merce.hu,2020-11-27,A nemnövekedés szükségességéről,https://pogi.merce.hu/2020/11/27/a-nemnovekedes-szuksegessegerol/
4287939f255e60983853f6472300949be5312680504cfb9fb595d5b015fba564,2024-08-26 16:45:51.544543+00:00,hu,24.hu,24.hu,2021-08-21,Egyre több hazánkban a 20 kilós rágcsáló,https://24.hu/tudomany/2021/08/21/hod-ragas-elarasztas-konfliktus-termeszet-okologia/
58b59e7d58acfab09199efb3965a0f59740321cbd2c51f090d854fd7e1250e2c,2024-08-21 02:40:51.271483+00:00,hu,feol.hu,feol.hu,2021-02-03,"Lárvát és a bábját, s mi jó falat",https://www.feol.hu/gazdasag/helyi-gazdasag/eheto-rovarok-merkl-otto-4643032/?utm_source=rss&utm_medium=referral&utm_campaign=hiraggregator
ebd1fc7d14c9d267f653e0f70354f807d4b10c6be7d3822e7cc94ed5a61d8ec2,2024-08-20 13:59:55.490116+00:00,hu,napi.hu,napi.hu,2021-02-10,Jöhet az uniós pénz - az EP zöld utat adott a helyreállítási alapnak,https://www.napi.hu/nemzetkozi_gazdasag/rrf-helyreallitasi-alap-ep-eu-rendelet-unios-forras.723137.html
a5987248f876221de4cbf93ec2ed0557d1688d2f5b20bc04623adbc1abcbc748,2024-08-20 10:44:56.310513+00:00,hu,portfolio.hu,portfolio.hu,2021-02-12,Megvan a végső döntés,https://www.portfolio.hu/unios-forrasok/20210212/megvan-a-vegso-dontes-nyaron-gigantikus-penzt-kap-a-magyar-kormany-brusszelbol-469566
4d29d4a03f800e1685279bee7de536170439f45119e7fb9ea371d8c0edf601d2,2024-08-17 16:43:40.716555+00:00,hu,infostart.hu,infostart.hu,2021-01-01,"Múzeumköltöztetés, országos riasztási őrség",https://infostart.hu/tudomany/2021/01/01/muzeumkoltoztetes-orszagos-riasztasi-orseg-kornyezetvedelmi-valtozasok-2020-bol
ecd22b244d4469a41670e7f65e057d9457a06cbd83858a05ecf887f3ab249faa,2024-08-17 13:19:22.045556+00:00,hu,444.hu,444.hu,2021-01-04,"Az európai tudományos akadémiák testülete szerint radikális változásokra van szükség a technológia, a gazdaság és a társadalmi viszonyok terén",https://444.hu/2021/01/04/az-europai-tudomanyos-akademiak-testulete-szerint-radikalis-valtozasokra-van-szukseg-a-technologia-a-gazdasag-es-a-tarsadalmi-viszonyok-teren
72515ad7eda6ac68443de7a25b565b762e858e6d51acdf5ba70f292fbd55cd81,2024-08-17 13:15:34.186619+00:00,hu,blikk.hu,blikk.hu,2021-01-04,"Felesleges várakozni, soha nem tér vissza a világ a „rendes” kerékvágásba: megszólaltak Európa tudósai, javaslataik nem fognak tetszeni az elitnek",https://www.blikk.hu/geo/koronavirus-tudomany-europa-klimavaltozas/l3vdv6x
224a91d95cf243c959776a9bd1278c949647047d8027850fc2f150823908a191,2024-08-17 13:11:45.358952+00:00,hu,merce.hu,merce.hu,2021-01-04,Az európai tudományos akadémiák szerint a járvány után nem térhetünk vissza a „rendes kerékvágásba” « Mérce,https://merce.hu/2021/01/04/az-europai-tudomanyos-akademiak-szerint-a-jarvany-utan-nem-terhetunk-vissza-a-rendes-kerekvagasba/
c5ef36f2a72e451b49af4dd2ab551b3cb5e21ff259f2a3b718bd3dbbf14529d6,2024-08-17 13:02:46.698728+00:00,hu,24.hu,24.hu,2021-01-04,"Senkinek nem jó, ha visszatérünk a rendes kerékvágásba",https://24.hu/tudomany/2021/01/04/klimavaltozas-koronavirus-jarvany-mta-easac-jelentes/
d1510088df31f5fc3a0f2d28162ab5f77e2c2f15e09ee5ffae66d9a2bbd2d078,2024-08-17 11:45:25.192749+00:00,hu,nepszava.hu,nepszava.hu,2021-01-05,A rendes kerékvágás finomhangolása nem lesz elég a fenntarthatósághoz,https://nepszava.hu/3104918_a-rendes-kerekvagas-finomhangolasa-nem-lesz-eleg-a-fenntarthatosaghoz
2a1ec9cf03de5bd09b501cf31331a0cf15603040456ba2c8d0cb7c502de9d5b9,2024-08-17 11:42:35.122254+00:00,hu,napi.hu,napi.hu,2021-01-05,"A tudósok nekimentek az elitnek: drasztikus váltás kell, mert a finomhangolás már nem menti meg a földi életet",https://www.napi.hu/nemzetkozi_gazdasag/a_tudosok_nekimentek_az_elitnek_drasztikus_valtas_kell_mert_a_finomhangolas_mar_nem_menti_meg_a_foldi_eletet.720862.html
eacf0dcbe0eed2f1f8f2039f50e17ddd2cc1fb8536e0016f99e4870a899d82ae,2024-08-17 11:36:35.433442+00:00,hu,nepszava.hu,nepszava.hu,2021-01-05,Megbolondult szaglás is lehet a koronavírus-fertőzés következménye,https://nepszava.hu/3104926_megbolondult-szaglas-is-lehet-a-koronavirus-fertozes-kovetkezmenye
0310ba59c690ea7dd56ef58e6ac45f3868637fd4a3531159fe957b59aa5aab05,2024-08-17 11:27:58.936285+00:00,hu,nepszava.hu,nepszava.hu,2021-01-05,Megzavarodott szaglás is lehet a koronavírus-fertőzés következménye,https://nepszava.hu/3104926_megzavarodott-szaglas-is-lehet-a-koronavirus-fertozes-kovetkezmenye
339d5c66628452d5bf96610a5236ce186fbfa0830350b00151e6ff247968f1b6,2024-08-17 08:08:19.316715+00:00,hu,hvg.hu,hvg.hu,2021-01-07,Trump megnyitotta az alaszkai vadont az olajcégek előtt,http://hvg.hu/gazdasag.zhvg/20210107_Trump_megnyitotta_az_utolso_alaszkai_vadont_az_olajcegek_elott#rss
2c28267a3b2c5cea785ff028d19266a214cdd0062ad7f7b608f35ef959ad9560,2024-08-16 09:41:35.590492+00:00,hu,hvg.hu,hvg.hu,2021-01-20,"Világjárvány ide vagy oda, a pusztuló környezet tehet be a leginkább a világgazdaságnak",http://hvg.hu/gazdasag.zhvg/20210120_A_jarvany_ellenere_is_a_kornyezeti_kockazatok_jelentik_a_legnagyobb_veszelyt#rss
e472d11b6adb52e770cf3c3a1db9d3a9b5751e1c1504dcc3c2abf342dd5f35ec,2024-08-06 01:15:19.406477+00:00,hu,infostart.hu,infostart.hu,2021-12-25,Politikailag megosztottabbá tette az Európai Uniót 2021,https://infostart.hu/kulfold/2021/12/25/politikailag-megosztottabba-tette-az-europai-uniot-2021
883b464236850faac353e3bc093966408645d39b8a163ea083c5f525ce9bdb46,2024-08-01 10:11:05.717525+00:00,hu,hvg.hu,hvg.hu,2022-01-19,"Ismét téma volt az Orbán-kormány az Európai Parlamentben, Macronnak is magyarázkodnia kellett",http://hvg.hu/eurologus/20220119_Macron_EP_jogallamisag#rss
488569ea1405246fba34b5266c743585d4d89fed9f8b2be0159c33d542559b67,2024-07-25 23:24:48.062339+00:00,hu,merce.hu,merce.hu,2024-07-25,"Csak láncainkat veszíthetjük, avagy lesz-e magyar baloldal? « Mérce",https://merce.hu/2024/07/25/csak-lancainkat-veszithetjuk-avagy-lesz-e-magyar-baloldal/
f986e90dba77277b505e9aa93336131f9c0f81bc36f39acb9718587f1bd3507d,2024-07-24 12:33:26.951221+00:00,hu,hvg.hu,hvg.hu,2024-07-24,"Ilyen az, amikor megtámad egy medve",https://hvg.hu/elet/20240724_Ilyen-az-amikor-megtamad-egy-medve#rss
997e4c72b56910dc745e54eb3d9b8cc834333790714640ca2552e849ce727c52,2024-05-22 16:27:41.179909+00:00,hu,kuruc.info,kuruc.info,2024-05-22,- Medvéket lőttek ki Csíksomlyón,https://kuruc.info/r/3/274092/
e7d0061abde2d7451ee9fc8ef41e80d9f5070594410538bfa729876e27b9e1e3,2024-05-22 16:17:47.499175+00:00,hu,origo.hu,origo.hu,2024-05-22,"Medvéket lőttek ki Csíksomlyón, mert rendszeresen bejártak a településre",https://www.origo.hu/nagyvilag/2024/05/medve-kiloves-csiksomlyo
d5690873bb014d10130bda7ce353b15e9d056280805ebe70e2d8a287dba64424,2024-05-22 15:32:04.201715+00:00,hu,vg.hu,vg.hu,2024-05-22,A városban portyázó medvecsapatot kellett kilőni Csíksomlyón,https://www.vg.hu/kozelet/2024/05/medve-kiloves-erdely-romania?utm_source=hirstart&utm_medium=referral&utm_campaign=hiraggregator
c751bae6cf917f3ced125994d96d2a0f49358f1b732d083f4b8014c496b51e71,2024-05-19 11:21:37.511580+00:00,hu,ma.hu,ma.hu,2024-05-19,Beiktatták hivatalába az új horvát kormányt,https://www.ma.hu/kulfold/400253/Beiktattak_hivatalaba_az_uj_horvat_kormanyt?place=srss
a76256ec532f92b8954ee9d65086000b34f9e7617f201360035e16676514550a,2024-05-18 12:29:19.479081+00:00,hu,kuruc.info,kuruc.info,2024-05-18,- Beiktatták az új horvát kormányt,https://kuruc.info/r/4/273933/
b11802db3f7542ab9b1f499cdf58baa20c9f93c3c39194aab1d4b568be57cb67,2024-05-18 06:23:18.501867+00:00,hu,demokrata.hu,demokrata.hu,2024-05-18,Hivatalba lépett a jobbközép horvát kormány,https://demokrata.hu/vilag/hivatalba-lepett-a-jobbkozep-horvat-kormany-830536/
5eb82a47a611bc229194bd0484b00190b0471e3d5b90d88bccc7718234f0fb97,2024-05-18 04:27:59.289392+00:00,hu,gondola.hu,gondola.hu,2024-05-17,Beiktatták hivatalába az új horvát kormányt,https://gondola.hu/hirek/309069-Beiktattak_hivatalaba_az_uj_horvat_kormanyt.html
a94bfdc86cce938d2512b31cfcc4145b3633156fbb1464b4178f6494bcae63a5,2024-05-09 19:45:58.441861+00:00,hu,portfolio.hu,portfolio.hu,2022-05-23,Van még idő visszafordítani a klímaváltozás negatív hatásait?,https://www.portfolio.hu/uzlet/20220523/van-meg-ido-visszaforditani-a-klimavaltozas-negativ-hatasait-546481
b5e48031b028ab68ab1d6cceb3ae5dfd1e5a629c71fa876b9b98b6855fc1118b,2024-05-08 19:55:00.638081+00:00,hu,merce.hu,merce.hu,2022-06-07,Donáth Anna: A zöld átállást csak szociális érzékenységgel lehet megvalósítani « Mérce,https://merce.hu/2022/06/07/donath-anna-a-zold-atallast-csak-szocialis-erzekenyseggel-lehet-megvalositani/
7acd5d206fd672ea1514a3c06f12188707c9a9e0431f85316681207b3df7283d,2024-05-07 14:31:39.183063+00:00,hu,infostart.hu,infostart.hu,2022-06-25,"Még pár év, és néhány helyen már egyáltalán nem lehetne növényvédőzni",https://infostart.hu/gazdasag/2022/06/25/meg-par-ev-es-nehany-helyen-mar-egyaltalan-nem-lehetne-novenyvedozni
21d4ad6b14150df831ac28daa18b205ae93180584ba0b326c5432e4cfd0b5a6e,2024-05-07 11:03:51.980048+00:00,hu,hvg.hu,hvg.hu,2022-06-28,Minden európai keksz fenntartható búzából készül majd a Győri Édes gyártójánál,http://hvg.hu/kkv/20220628_gyori_keksz_buzatermesztes#rss
0cfeba8164f7e6f17aa0a69c58c448bc8c11114566ebf2adb156b33d389c667a,2024-05-07 08:52:50.330049+00:00,hu,infostart.hu,infostart.hu,2022-06-30,Magányos válságmenedzselésre készül az EU leendő cseh féléves elnöksége,https://infostart.hu/kulfold/2022/06/30/maganyos-valsagmenedzselesre-keszul-az-eu-leendo-cseh-feleves-elnoksege
1c4335ba3612121cc0d1c9219fcaf4cbfeff0152439f2c616a0bac4e175073b0,2024-05-06 18:53:35.773760+00:00,hu,infostart.hu,infostart.hu,2022-07-08,Schiffer András: van még egy háború – a globális tőkeérdekeltségek konfrontálódnak nemzetállamokkal,https://infostart.hu/interju/2022/07/08/schiffer-andras-van-meg-egy-haboru-a-globalis-tokeerdekeltsegek-konfrontalodnak-nemzetallamokkal
711e6ac709b3ca83ee8d19c742505826461ccd151dd77f326be261faf82c28a1,2024-05-06 09:26:58.199922+00:00,hu,hvg.hu,hvg.hu,2022-07-13,"Nem sokáig tudta az MNB megnyugtatni a piacokat, újra 410 forint egy euró és 409 egy dollár",http://hvg.hu/gazdasag/20220713_forint_euro_dollar_arfolyam#rss
4c27899f107a99032cac3f7513d34db2e8541cb64ab01e01371f7decd5db78e3,2024-05-05 17:24:56.710409+00:00,hu,nepszava.hu,nepszava.hu,2022-07-23,"Első az emberség, II. a kerület, a pártot pedig látni sem lehet",https://nepszava.hu/3163890_orsi-gergely-ii-kerulet-polgarmester-interju
cce3aea48992846dbbd57850c9ea069c05b809ad38adcc758cc944da09b46f83,2024-05-04 01:02:45.470910+00:00,hu,24.hu,24.hu,2022-08-11,"Egyre fogy a időnk, egyre sürgetőbb a változás, de ha gyökeresen átalakítjuk az emberi kultúrát, fennmaradhatunk""",https://24.hu/belfold/2022/08/11/takacs-santa-andras-klimavaltozas-globalis-krizis-vita-interju/
5d0cf7e597d292e26da7113653e6d72c221a4cc4d573d10a55c0c74da187c56e,2024-05-03 14:29:08.078770+00:00,hu,merce.hu,merce.hu,2022-08-19,A tűzifa-rendelet lassítja az energiaátmenetet és csapdába zárja az energiaszegényeket « Mérce,https://merce.hu/2022/08/19/a-tuzifa-rendelet-lassitja-az-energiaatmenetet-es-csapdaba-zarja-az-energiaszegenyeket/
9b76b0db56e7dcd7333c9937f27ccf0aa4b099e2da8891c286a6f6e2fa459d7d,2024-05-03 11:32:21.748917+00:00,hu,index.hu,index.hu,2022-08-22,"Fenntarthatóságot tanítani majdnem annyit jelent, mint az életet tanítani",https://index.hu/belfold/2022/08/22/fenntarthatosag-erettsegi-targy-modszertan-zold-fold-tankonyv/
dd0ab28c9a95013bb692635fed0e3a2de3212e29c202b23ff2fa32d2bb509ef1,2024-05-03 06:58:13.297636+00:00,hu,origo.hu,origo.hu,2022-08-25,Így működjünk együtt az esővel: ássunk övárkokat!,https://www.origo.hu/tudomany/20220824-ovarkok.html
e59cb7325b1be305791f4303b080f4d729bf3022d72d6cd39fcd9c2240e3d035,2024-05-02 12:06:50.645627+00:00,hu,merce.hu,merce.hu,2022-09-07,Hogyan mentenék meg tőled az ökofasiszták a civilizációt? « Mérce,https://merce.hu/2022/09/07/hogyan-mentenek-meg-toled-az-okofasisztak-a-civilizaciot/
70129b728474b227996558bab0528d77e8b41b061df4ba0d0b7749f5b39ae859,2024-05-02 05:22:04.627288+00:00,hu,napi.hu,napi.hu,2022-09-12,Erdőket védene az uniós biztos,https://www.napi.hu/nemzetkozi-gazdasag/eu-termeszetevedelem-erdo.759625.html
2013cbf10679fbac4a4a6b4282a72b31ef7ab3dcf3b90005f83d1c7fc4fda3ab,2024-05-02 04:58:09.208911+00:00,hu,magyarnemzet.hu,magyarnemzet.hu,2022-09-13,A divatállatvédő a tudomány és a természet ellensége,https://magyarnemzet.hu/velemeny/2022/09/a-divatallatvedo-a-tudomany-es-a-termeszet-ellensege
fbe3cc22fda9f6d0d36baccad1a56bb8ee27e29600c3bbfb99423a9c3ecf1d38,2024-04-30 15:18:39.167557+00:00,hu,hvg.hu,hvg.hu,2024-04-30,Méhlegelőt kaszált le Karácsony Gergely szerint Szentkirályi Alexandra,https://hvg.hu/zhvg/20240430_szentkiralyi-alexandra-karacsony-gergely-mehlegelo#rss
ca4616a677b89ba5d49d551422af0ce764243c069e8c63ecc5f14e64a1ff6b3d,2024-04-29 19:44:11.490833+00:00,hu,nepszava.hu,nepszava.hu,2022-10-16,Falus András: Tükrök és tanulságok világjárvány után,https://nepszava.hu/3172408_covid-19-jarvany-magyarorszag-vilag-elemzes
f0ab2ac21a67adf18c21872f2cc74bc19b039cb4bb73b50b12640fac4c13fa16,2024-04-25 20:18:33.364764+00:00,hu,merce.hu,merce.hu,2022-12-27,"Tavaly ránk rúgta az ajtót, idén már belülről kezdte szétverni a házat a klímaváltozás « Mérce",https://merce.hu/2022/12/27/tavaly-rank-rugta-az-ajtot-iden-mar-belulrol-kezdte-szetverni-a-hazat-a-klimavaltozas/
622918049236c44ab6b669cfa7e6dd28b9cf9999fa5dc89d4b0589c10bf6c7ae,2024-03-10 20:32:16.549998+00:00,hu,24.hu,24.hu,2023-01-01,"Basszus, megcsináltuk!"" – aggregátoradomány-túra a háborús Ukrajnában",https://24.hu/kulfold/2023/01/01/orosz-ukran-haboru-civilek-kijevi-karacsony-adomanyok-utinaplo/
f25ebb2e5f6a516872f5472b81505ce496e50dd9b67928386210b38fdf88ed89,2024-03-10 00:42:54.438521+00:00,hu,pestisracok.hu,pestisracok.hu,2023-01-17,Beüt-e a klímakatasztrófa? Kipusztul-e a Föld élővilága?,https://pestisracok.hu/beut-e-a-klimakatasztrofa-kipusztul-e-a-fold-elovilaga/
99a546b5423d8b122cc394e26f0b74d66f9d237afd4094450e79f12047ae9b08,2024-03-09 23:27:38.352548+00:00,hu,24.hu,24.hu,2023-01-18,"A tömeges migráció az evolúciós folyamat része""",https://24.hu/kultura/2023/01/18/telmo-pievani-klimavaltozas-evolucio-filozofus-interju/
a2ea03a90a1a493f2b14bcf105d766334d6cf97c7063379df85e870441186f70,2024-03-09 17:50:29.092237+00:00,hu,index.hu,index.hu,2023-01-22,"Egy magyar szakács leszerelte a mosdó tükrét, arra tálalt, és nyert",https://index.hu/kultur/degusztator/2023/01/22/paul-bocuse-lyon-magyar-csapat-szakacs-verseny-sef-dalnoki-bence-nyikos-patrik-szell-tamas/
494f504ec3238a894f44d580c0dffd331ca8d5da4516ef6aa79c209afab228d7,2024-03-07 17:11:21.654890+00:00,hu,magyarnemzet.hu,magyarnemzet.hu,2023-02-26,Az ukrajnai háború néma áldozata − a konfliktus hatása a környezetre,https://magyarnemzet.hu/kulfold/2023/02/az-ukrajnai-haboru-nema-aldozata-a-konfliktus-hatasa-a-kornyezetre?utm_source=hirstart&utm_medium=referral&utm_campaign=hiraggregator
a6f1c8dcf322e666704217ccaff65ad412b6f5d68ad516e56226cbd7d1b403af,2024-03-03 02:40:53.266217+00:00,hu,hvg.hu,hvg.hu,2024-03-01,A kutatókat is meglepte a makk-kupacs bizarr tartalma,https://hvg.hu/zhvg/20240301_A_kutatokat_is_meglepte_a_makkkupacs_bizarr_tartalma
a6de01504a03616b398515a3598d7d8b02bd94351a24dfcc4054ec48c3cb6379,2024-03-02 08:29:38.618004+00:00,hu,magyarnemzet.hu,magyarnemzet.hu,2023-03-20,Tanácskozás az emberiség sorsközösségéről a CMG szervezésében (X),https://magyarnemzet.hu/gazdasag/2023/03/tanacskozas-az-emberiseg-sorskozossegerol-a-cmg-szervezeseben-x
040db6d26e5a47af1ecf78dac2f968291a761647de50e1d7e9774b6dfaf4ebd0,2024-03-01 07:32:39.353343+00:00,hu,ripost.hu,ripost.hu,2023-04-08,Húsvétkor is dúl a háború Ukrajnában,https://ripost.hu/politik/2023/04/husvetkor-is-dul-a-haboru-ukrajnaban
f73d80a22cdaa9ea87bb33554269de7f22c032136dd2bf32b930ee03bdc58d16,2024-02-29 10:46:32.221376+00:00,hu,portfolio.hu,portfolio.hu,2023-04-23,A G7-csoport szerint Oroszország az élelmiszerrel zsarol,https://www.portfolio.hu/global/20230423/a-g7-csoport-szerint-oroszorszag-az-elelmiszerrel-zsarol-a-gabonamegallapodas-meghosszabbitasat-surgettek-610894
6c06c3cdb30a1a637118b6bc354c883c9b8f75274e84f5ca5e20132df5384a92,2024-02-29 10:46:00.271940+00:00,hu,24.hu,24.hu,2023-04-23,Élelmiszerrel zsarolnak az oroszok a G7 szerint,https://24.hu/kulfold/2023/04/23/elelmiszerrel-zsarolnak-az-oroszok-a-g7-szerint/
253db2dea099f6c6c575b54e9e759e9be62d3057d1719703424befa6b0dc787a,2024-02-29 10:45:11.062298+00:00,hu,hirtv.hu,hirtv.hu,2023-04-23,A gabonamegállapodás meghosszabbítását és betartását sürgették a G7-ek gazdasági miniszterei,http://hirtv.hu/hirtvkulfold/a-gabonamegallapodas-meghosszabbitasat-es-betartasat-surgettek-a-g7-ek-gazdasagi-miniszterei-2566746?utm_source=feed&utm_medium=rss
5923e6533aec123a6c8db09112af8ad1dfa342918a901a8bbdc7a3be0c9b7228,2024-02-29 10:42:14.977487+00:00,hu,index.hu,index.hu,2023-04-23,A G7 szerint Oroszország a gabonaexporttal tartja sakkban a világot,https://index.hu/kulfold/2023/04/23/fekete-tengeri-ukrajnai-gabonakereskedelem-mezogazdasagi-export-oroszorszag-g7-tokio/
46f88d26f92a61858480343b2eb73d04c38bce5cab136ecd2af886f8495cee02,2024-02-29 10:35:36.284202+00:00,hu,demokrata.hu,demokrata.hu,2023-04-23,A gabonamegállapodás meghosszabbítását sürgették a G7-es miniszterek,https://demokrata.hu/gazdasag/a-gabonamegallapodas-meghosszabbitasat-surgettek-a-g7-es-miniszterek-672083/
ca752507623e4d884ae36bae2271b610c6442a3666fb46d7ac5c18ae76f7eaaf,2024-02-29 10:08:12.050819+00:00,hu,alfahir.hu,alfahir.hu,2023-04-23,"G7: Oroszország ""az élelmiszert geopolitikai kényszerítőeszközként használja""",https://alfahir.hu/hirek/g7-oroszorszag-az-elelmiszert-geopolitikai-kenyszeritoeszkozkent-hasznalja
ad411ce845718110ce9f34a3bff136ff06d865c0c61194fd650a118b1bb95768,2024-02-28 03:52:57.351979+00:00,hu,24.hu,24.hu,2023-05-15,"Korrekt számítás szerint 2050 körül jöhet az emberiség totális összeomlása""",https://24.hu/tudomany/2023/05/15/szathmary-eors-klimavaltozas-evolucio-civilizacios-osszeomlas-interju/
6a515ba18f16d8e08064624a23b77d68c540549d8359ec79f5e97d60d012a1b3,2024-02-26 16:15:41.621968+00:00,hu,rtl.hu,rtl.hu,2023-06-07,Júniusban is széles kínálat az RTL+-on,https://rtl.hu/rtlplusz/2023/06/07/junius-szeles-film-sorozat-kinalat-rtl-plusz
b2a7ad3116d2ec9d421b0e735db07c75bd85e4357815cbe869b21d18643c61d0,2024-02-26 00:01:42.392284+00:00,hu,portfolio.hu,portfolio.hu,2023-06-19,Világtörténelmi jelentőségű egyezményt hozott tető alá az ENSZ,https://www.portfolio.hu/global/20230619/vilagtortenelmi-jelentosegu-egyezmenyt-hozott-teto-ala-az-ensz-622650
872ef816f47f73a57db7f784086a014a52f80ac6e0f4e41d6e0271c0e131d324,2024-02-24 09:38:02.422422+00:00,hu,haon.hu,haon.hu,2024-02-22,Soha nem látott büdzsével gazdálkodhat Debrecen 2024-ben,https://www.haon.hu/helyi-kozelet/2024/02/megujulo-utcak-faultetesi-domping-ingyen-utazo-diakok-debrecen-kotsegvetes-kozgyules-2024?utm_source=hirstart&utm_medium=referral&utm_campaign=hiraggregator
95c98e7a9823c657f47a43e91cf4faed710e5f37ada18a44396ec9ff037ce2c7,2024-02-23 02:20:50.583357+00:00,hu,infostart.hu,infostart.hu,2023-08-12,Megtízszerezte a kormány a nemzetpolitika támogatásait – a nap hírei,https://infostart.hu/belfold/2023/08/12/megtizszerezte-a-kormany-a-nemzetpolitika-tamogatasait-a-nap-hirei
c57cfeb5f0336721b5a52c4dfa4dc733e509ba40c10c93c495a79bb035a2183b,2024-02-22 13:24:40.109804+00:00,hu,napi.hu,napi.hu,2023-08-22,"Nem minden zöld, ami fénylik",https://www.napi.hu/gazdasag/tokepiac-befektetesek-fenntarthatosag-greenwashing-mnb.776178.html
18cfd39652cff98fcc2fce071152a88e7dfd285c40d9716462bf02b9a5d29eeb,2024-02-22 00:09:57.522596+00:00,hu,infostart.hu,infostart.hu,2023-09-01,Global Witness: ömlik az orosz LNG Európába,https://infostart.hu/kulfold/2023/09/01/global-witness-omlik-az-orosz-lng-europaba
fbd9b6ef8bdc226536815944c5819c197365e3821ee68cf23142e7fac5307131,2024-02-21 04:44:34.313664+00:00,hu,magyarnarancs.hu,magyarnarancs.hu,2024-02-19,"Az EU-s vezető, aki a családból hozta magával az európai éthoszt",https://magyarnarancs.hu/kulpol/az-eu-s-vezeto-aki-a-csaladbol-hozta-magaval-az-europai-ethoszt-265801
7b2e764af6e0dd4896639a64e7e5fc3f5f5b17b39ecd5c3a5af8dff62842d6b0,2024-02-20 18:48:07.067021+00:00,hu,index.hu,index.hu,2023-09-22,"Mennyi az esély arra, hogy még ebben az évszázadban összeomlik a civilizáció?",https://index.hu/kultur/2023/09/22/brain-bar-szathmary-eors-evoluciobiologus-civilizacio-osszeomlas/
1abdc324590c3491f899ebc2f5784f2fe9a28f61bde6be8524165ce6a9860fc7,2024-02-20 03:04:32.843318+00:00,hu,hvg.hu,hvg.hu,2024-02-18,"„Jobban kellene figyelni a vízvisszatartásra, de még inkább az akkugyárakra”",https://hvg.hu/gazdasag/20240218_Virginijus_Sinkevicius_interju_europai_bizottsag_kornyezetvedelmi_biztos_kornyezetvedelem_akkugyarak_energiaszegenyseg_vizvalsag
5d987dba022b13c92261257fe58c2ebc5c56d5b9b717776f2f00d91e7fb26feb,2024-02-19 12:22:32.824263+00:00,hu,szeretlekmagyarorszag.hu,szeretlekmagyarorszag.hu,2023-10-10,"Egyre több embert kellene kiszolgálniuk, miközben a vegyszerek és a klímaváltozás veszélyezteti őket. Így védhetnénk meg a méheket és a beporzókat",https://www.szeretlekmagyarorszag.hu/jovo/egyre-tobb-embert-kellene-kiszolgalniuk-mikozben-a-vegyszerek-es-a-klimavaltozas-veszelyezteti-oket-igy-vedhetnenk-meg-a-meheket-es-a-beporzokat/
195cbbdca96e945bfb5038425ffcc0e30e29ebb3f5cd3d8288767baf171cf884,2024-02-19 01:17:20.297109+00:00,hu,alfahir.hu,alfahir.hu,2023-10-16,Természetvédelmi Világalap: a víz áll a növekvő globális válság középpontjában,https://alfahir.hu/hirek/termeszetvedelmi-vilagalap-a-viz-all-a-novekvo-globalis-valsag-kozeppontjaban
c69b65a3ebeaf86d2985a033e1c4a8193e67b0189bd223b26ff1b963db12be86,2024-01-15 04:38:09+00:00,hu,vg.hu,vg.hu,2024-01-13,Kezdődik a davosi fórum – a félretájékoztatás az egyik fő téma lesz,https://www.vg.hu/kozelet/2024/01/elkezdodott-a-visszaszamlalas-davosig-a-szelsoseges-idojaras-a-legsulyosabb-kockazatok-kozott?utm_source=hirstart&utm_medium=referral&utm_campaign=hiraggregator
2f058269e486a1d5d653fb81fcfe0e0bfd8fdb1e4969865ebfa5e75d5882c297,2024-01-13 02:55:35+00:00,hu,portfolio.hu,portfolio.hu,2024-01-11,Emmanuel Macron: A háborúk ellenére el kell érni a kitűzött céljainkat,https://www.portfolio.hu/gazdasag/20240111/emmanuel-macron-a-haboruk-ellenere-el-kell-erni-a-kituzott-celjainkat-661321
d7d854d07d545eb6d57e9ce134898c40432b383dbc98d8d57413f9899cfd428f,2023-12-17 01:42:01+00:00,hu,delmagyar.hu,delmagyar.hu,2023-12-15,Védelem alá helyezte az önkormányzat a szegedi Körtöltés menti erdőket,https://www.delmagyar.hu/helyi-kozelet/2023/12/vedelem-ala-helyezte-az-onkormanyzat-a-szegedi-kortoltes-menti-erdoket?utm_source=hirstart&utm_medium=referral&utm_campaign=hiraggregator
