id,indexed_date,language,media_name,media_url,publish_date,title,url
b3c711c5cf6b05c3ce635a04984464da2d7c47947c3c21415015920529e6e932,2026-09-02 13:37:46.440776+00:00,en,heraldscotland.com,heraldscotland.com,2017-07-16,David Torrance: Opportunity for SNP to take on vested interests in farming rather than just rearranging the furniture,https://www.heraldscotland.com/opinion/columnists/david_torrance/rss/15414327.david-torrance-opportunity-snp-take-vested-interests-farming-rather-just-rearranging-furniture/?ref=rss
635927d2a9e42a7470ae5ae1047165d3c672046a7a1ba1dca58cf6238d4af239,2026-08-31 04:27:33.191595+00:00,en,walesonline.co.uk,walesonline.co.uk,2026-08-31,The summer that Wales burned,https://www.walesonline.co.uk/news/wales-news/the-summer-that-wales-burned-34532274
75790eaa66cd4e721bb0784cf88443ea4d174aa0bf933c1138c9d6d214729bfc,2026-08-26 11:27:14.126619+00:00,en,ibtimes.co.uk,ibtimes.co.uk,2026-08-26,Scientists Issue Grim Warning Over End of Civilisation With Just 10% Chance of Survival,https://www.ibtimes.co.uk/civilisation-collapse-resource-consumption-warning-1816376
16e1c8f4b8a2c3e5520503a3f8718e0cd3d9857219881a90b5aad726eb0f74ec,2026-08-24 20:52:59.988250+00:00,en,theguardian.com,theguardian.com,2026-08-24,"How do you vaccinate 1,000 tiny penguins against bird flu in the wild? It’s ‘really tricky’ but there is a way",https://www.theguardian.com/environment/2026/aug/24/little-penguins-bird-flu-vaccination-phillip-island-australia
ee89daaf620a1092e3266bfc755577f17f4ffe6f4014d666291c9fa8b6a08e83,2026-08-19 13:18:34.597039+00:00,en,theguardian.com,theguardian.com,2026-08-19,‘We now live without this violence’: the Colombian farmers giving up coca for palm oil,https://www.theguardian.com/global-development/2026/aug/19/colombia-farmers-coca-palm
df191b57f67b078e4fe713376293e38aa80b99843c947ed1e8fbe134c775ffc4,2026-08-15 20:37:33.624998+00:00,en,theguardian.com,theguardian.com,2026-08-15,First Australian death of little penguin with H5 bird flu confirmed on Phillip Island,https://www.theguardian.com/world/2026/aug/15/little-penguin-found-dead-with-h5-bird-flu-on-victorias-phillip-island
51e32f3262b290ec01929731b65c777302094c92a33f260693bb3f0caa1b6a9b,2026-08-10 18:38:37.585910+00:00,en,theuknews.com,theuknews.com,2026-08-10,"As severe drought hits, the UK's food system faces crisis",http://www.theuknews.com/news/279229308/as-severe-drought-hits-the-uk-food-system-faces-crisis-here-how-to-change-that
3d9fd02e51f4c93d17a7eeafd4eada3aa75557a75b299e4d802574755350527e,2026-08-10 18:32:12.853702+00:00,en,theconversation.com,theconversation.com,2026-08-10,"As severe drought hits, the UK’s food system faces crisis – here’s how to change that",https://theconversation.com/as-severe-drought-hits-the-uks-food-system-faces-crisis-heres-how-to-change-that-289417
58f7c047161a848dcc9984ff860cbb04f1e0f417f976b7a1a171c9cd1c4d2770,2026-08-08 13:37:32.035884+00:00,en,britainnews.net,britainnews.net,2026-08-06,Of Human Bondage and the Geopolitics of the Twenty-First Century,http://www.britainnews.net/news/279225610/of-human-bondage-and-the-geopolitics-of-the-twenty-first-century
03842e15af875a7cfa8e076d3f59e3042bfb80414e7c3e0b88755a78b4a80e8c,2026-08-07 19:46:14.856614+00:00,en,theuknews.com,theuknews.com,2026-08-06,Of Human Bondage and the Geopolitics of the Twenty-First Century,http://www.theuknews.com/news/279225610/of-human-bondage-and-the-geopolitics-of-the-twenty-first-century
a641a4f920266f1203e25dc496114a26b0d35e591ed5f611c6a808c9d43cc08e,2026-08-07 10:46:39.664131+00:00,en,unitedkingdomnews.net,unitedkingdomnews.net,2026-08-06,Of Human Bondage and the Geopolitics of the Twenty-First Century,http://www.unitedkingdomnews.net/news/279225610/of-human-bondage-and-the-geopolitics-of-the-twenty-first-century
1bbf85e32c9b375f5759a155aa64114f826871f58ef2f1f7a5bbc45a1af2d5a5,2026-08-02 11:35:43.885664+00:00,en,heraldscotland.com,heraldscotland.com,2026-08-01,Reform’s deputy leader shouldn’t try to police language,https://www.heraldscotland.com/opinion/26426437.reforms-deputy-leader-shouldnt-try-police-language/
4aadb5d49c78b4c4307aa5dee1ffc1ec9ae2d7e9ec7e80737bb9e708d3bbac5c,2026-07-31 16:55:03.725972+00:00,en,independent.co.uk,independent.co.uk,2026-07-31,New fish are causing chaos in the Mediterranean – and they are heading north,https://www.independent.co.uk/news/world/europe/new-species-mediterranean-fish-puffer-b3025194.html
dd1f9e05d690d1dc9d96975691cf6e230ce1d38cee3d65f97880f986cd28d964,2026-07-31 05:41:22.253262+00:00,en,theconversation.com,theconversation.com,2026-07-30,We revisited a forest experiment that lay forgotten for 30 years. What we found was astounding,https://theconversation.com/we-revisited-a-forest-experiment-that-lay-forgotten-for-30-years-what-we-found-was-astounding-288105
0c668374d70fb5168338acad6c0371be91a1b47567a531a739ddf6f2e9314a2a,2026-07-30 19:28:21.527645+00:00,en,independent.co.uk,independent.co.uk,2026-07-30,Invasive fish are flooding the Mediterranean – and they are traveling north,https://www.independent.co.uk/news/world/europe/mediterranean-rome-greece-greeks-italian-b3024353.html
850d7be4f331b8bc316ebea4449635b8afcd4ecadd61a85820f6ec0ff34de5f1,2026-07-29 18:45:42.018222+00:00,en,theconversation.com,theconversation.com,2026-07-29,Canada’s infrastructure projects could damage Pacific salmon habitats,https://theconversation.com/canadas-infrastructure-projects-could-damage-pacific-salmon-habitats-285323
4ed6eb983a85603c5b9ad729591467b9c3a3d9d0d8653ed490df0519ecdd24ed,2026-07-21 10:22:06.859875+00:00,en,independent.co.uk,independent.co.uk,2026-07-21,We tried Davines’s essential haircare on multiple hair types – here’s our review,https://www.independent.co.uk/extras/indybest/fashion-beauty/hair/davines-essential-haircare-shampoo-conditioner-review-b3018184.html
7bd0c37ff47f6167dddb9d0bad134e2f65c60e7928a1f1fbafbd97217f4c934a,2026-07-20 13:42:23.489369+00:00,en,theconversation.com,theconversation.com,2026-07-20,Eight lifesaving ways to improve wildfire risk management,https://theconversation.com/eight-lifesaving-ways-to-improve-wildfire-risk-management-287790
661c8f848dd5fff983fcd5adc719ef8a61710f89aa9003184b5515315fd3bcfa,2026-07-17 16:36:57.361186+00:00,en,opendemocracy.net,opendemocracy.net,2026-07-17,The government knows the real climate threat. Why is it hiding it?,https://www.opendemocracy.net/uk-climate-crisis-government-hiding-report-food-security-andy-burnham/
eb01d458104038c5a229a27258409350f6648406bc322358c1831485b5e976da,2026-07-09 05:21:15.629545+00:00,en,theguardian.com,theguardian.com,2026-07-09,‘It makes your heart sing’: can a pioneering project show that rewilding really works?,https://www.theguardian.com/news/2026/jul/09/it-makes-your-heart-sing-rewilding-britains-bleak-farmland
36ca2db4f5b92e084b57a697d1039745c26e53ef7a77afe1e908d315c3052609,2026-07-08 20:41:16.595383+00:00,en,theguardian.com,theguardian.com,2026-07-08,UK has ‘no future’ if it fails to act on ecosystem collapse threatening national security,https://www.theguardian.com/global-development/2026/jul/08/uk-report-ecosystem-collapse-national-threat-food-security
6212d849e19c30ebb736abcf48aa2569701e61baa4a2962008b97df0632a8bad,2026-07-07 18:35:23.002979+00:00,en,theconversation.com,theconversation.com,2026-07-07,NZ’s unique fossil record of marine molluscs helps scientists predict extinction risk – before it’s too late,https://theconversation.com/nzs-unique-fossil-record-of-marine-molluscs-helps-scientists-predict-extinction-risk-before-its-too-late-285783
77f9303a28d691a56aabc6835e196fd728b15f96a9e61ae1621080ee496b78d8,2026-07-05 13:23:12.014244+00:00,en,iomtoday.co.im,iomtoday.co.im,2026-07-02,What potential cull of Dartmoor ponies means for Isle of Man wildlife,https://www.iomtoday.co.im/opinion/what-potential-cull-of-dartmoor-ponies-means-for-isle-of-man-wildlife-923145
e1e6f5c592a56e623ae3547c12b46cedbd78159fed3be0046aec546a7755e2f0,2026-07-05 12:30:33.712406+00:00,en,theguardian.com,theguardian.com,2026-07-05,"‘They ate the shrimp, they even ate the crab’: Thai fishers count the cost of a voracious invader",https://www.theguardian.com/environment/2026/jul/05/blackchin-tilapia-thailand-invasive-fish-fishers-count-cost-aoe
e9a98d0c10e0c365101f3c24bd389c5753028e09d416dbc8986d10d998580f5a,2026-07-01 13:32:04.675453+00:00,en,independent.co.uk,independent.co.uk,2026-07-01,The women deploying drones and data to protect Africa’s wildlife,https://www.independent.co.uk/travel/africa/africa-wildlife-conservation-women-drones-data-ai-b3005954.html
d58ee97abfd0af072423268b0af970f0fcb4db62cc52b1505941ea90994f3acf,2026-06-23 15:53:39.051495+00:00,en,prnewswire.co.uk,prnewswire.co.uk,2026-06-23,UN Global Compact and UNEP FI Advance Ocean Investment Protocol Following Stakeholder Roundtable on Central Banks and Financial Regulators,https://www.prnewswire.co.uk/news-releases/un-global-compact-and-unep-fi-advance-ocean-investment-protocol-following-stakeholder-roundtable-on-central-banks-and-financial-regulators-302807198.html
f8ac325d73b629fdd4e73bfc9ae7e591f0854dbf405f7b383969f68a8ba92208,2026-06-20 12:35:44.159771+00:00,en,theguardian.com,theguardian.com,2026-06-20,‘It’s Russian roulette’: alarm as Europe backs critical minerals mines in water-stressed regions,https://www.theguardian.com/environment/2026/jun/20/europe-backs-critical-minerals-mines-water-stressed-regions
1cf28d4e8cd85a3b1096003333c9e008fb0899a4d3ad624f1eed7c6d45c7bf2d,2026-06-18 18:19:35.794035+00:00,en,liverpoolecho.co.uk,liverpoolecho.co.uk,2026-06-18,It started as a joke but now they're transforming areas across Liverpool,https://www.liverpoolecho.co.uk/news/liverpool-news/started-joke-now-theyre-transforming-34143594
61b51d936eb439c6522edc2152c3a176c349d1f40427b8d65b6b80593622a071,2026-06-18 10:41:38.935447+00:00,en,birminghammail.co.uk,birminghammail.co.uk,2026-06-18,"Huge Robin Hood tree confirmed dead after 1,000 years 'because of tourists'",https://www.birminghammail.co.uk/news/midlands-news/huge-robin-hood-tree-midlands-34142484
85ef499ce973d015770d1233b41ea7dcb8b81e26d21dc09a19b56d17ac777dbf,2026-06-14 13:26:29.804402+00:00,en,heraldscotland.com,heraldscotland.com,2026-06-14,Is Iona's 91-turbine wind farm a test case for the future of Scotland's seascapes?,https://www.heraldscotland.com/news/26188705.iona-wind-farm-91-turbine-project-reshape-scotlands-coast/?ref=rss
5b5ed524018b372ab05cddf0de7dbf580bee1a03dd042ae0572015e44c095b4a,2026-06-12 16:38:13.073287+00:00,en,ibtimes.co.uk,ibtimes.co.uk,2026-06-12,World's Rarest Orangutans Pushed Closer to Extinction As 58 Were Killed After Four Days of Extreme Rain,https://www.ibtimes.co.uk/rare-orangutan-population-extinction-threat-sumatra-1802412
7134e6add39b8ed71d5b69a744bcab054444c9bce3df026f5e522c85f1218796,2026-06-11 13:23:00.207980+00:00,en,theconversation.com,theconversation.com,2026-06-11,Farmers are key to restoring native woodlands – here’s what’s holding them back,https://theconversation.com/farmers-are-key-to-restoring-native-woodlands-heres-whats-holding-them-back-279498
6b382dc860eaca6eeefca1f730faf15017532c4efea84dd2bc69b72f3f6a1e6b,2026-06-09 20:41:49.270776+00:00,en,theconversation.com,theconversation.com,2026-06-09,Greater international co-operation is needed to achieve the UN’s global forest goals,https://theconversation.com/greater-international-co-operation-is-needed-to-achieve-the-uns-global-forest-goals-283656
e89bb8c593983f0299668cbbc36cf7fd8dd9386e509cee60e5bfc1371bef316f,2026-06-08 10:22:51.392270+00:00,en,heraldscotland.com,heraldscotland.com,2026-06-08,Perthshire distillery carves out wild niche in Scotland's crowded spirits sector,https://www.heraldscotland.com/news/26169419.highland-boundary-carves-wild-niche-spirits-sector/?ref=rss
bf37f009c7ea7a0e2ec0ae12f9ef16f3c1daa53ab79e0e394f560cda9948e264,2026-06-05 16:34:03.599126+00:00,en,ibtimes.co.uk,ibtimes.co.uk,2026-06-05,The 'Flamingo Revolution': Protests Erupt Over Jared Kushner-Linked Albania Resort,https://www.ibtimes.co.uk/albania-flamingo-revolution-protests-coastal-development-1801009
295a6a7f33ff8f294a3fd8a4b58ad0453b9e63e24d5aa818ba7343175047aff8,2026-06-04 23:20:16.626627+00:00,en,theconversation.com,theconversation.com,2026-06-04,"Ocean conservation needs strong relationships, not just targets",https://theconversation.com/ocean-conservation-needs-strong-relationships-not-just-targets-283433
af9ca8ccd635470b7c5be872279e7dfda1167494dbc8df5ee5e5da895dfbbc44,2026-06-04 17:33:36.673274+00:00,en,theconversation.com,theconversation.com,2026-06-04,Are Uganda’s environmental impact reports just a box-ticking exercise? What a study of 108 projects reveals,https://theconversation.com/are-ugandas-environmental-impact-reports-just-a-box-ticking-exercise-what-a-study-of-108-projects-reveals-281936
7920e6e6dd376569085074f9b40db926ed5cceadd4eab6abfbab00499f013c47,2026-06-03 16:37:02.541678+00:00,en,ibtimes.co.uk,ibtimes.co.uk,2026-06-03,Ocean Disaster Warning: Scientists Warn Deep-Sea Mining Could Cause Irreversible Damage,https://www.ibtimes.co.uk/deep-sea-mining-irreversible-ocean-damage-1800618
204ed460aff2471b818ab99e1cb26a534fa121a48489dfb57b2dd90b44533fd3,2026-05-27 01:03:57.664224+00:00,en,heraldscotland.com,heraldscotland.com,2026-05-26,Councillors report 'strong progress' as 15 facets of climate plan completed,https://www.heraldscotland.com/news/26140446.council-reveals-edinburgh-climate-adaptation-plan-progress/?ref=rss
c458c41a429dbd1ee872969c2d18f082ecf10ddda491d2f1eedcda5447c955a9,2026-05-24 16:40:11.843780+00:00,en,express.co.uk,express.co.uk,2026-05-24,Uproar over huge £350m Falkland Islands project – ‘huge damage’,https://www.express.co.uk/news/world/2192325/uproar-huge-350m-project-falkland-islands-salmon-farms
4a81c6dd1cf09552efba4d16bb17cc9c2984fb6ffcce535853663d686d0d2a1e,2026-05-22 11:37:58.060842+00:00,en,ibtimes.co.uk,ibtimes.co.uk,2026-05-22,Maldives Diving Tragedy: GoPro Cameras Could Reveal Divers' Final Moments Inside Underwater Cave,https://www.ibtimes.co.uk/maldives-diving-tragedy-update-cause-1798300
9702d83b4226b9307cc4ac12272ff1a93cbfa3fa178d223d38b7df957cf4dc12,2026-05-17 17:26:53.535724+00:00,en,irishnews.com,irishnews.com,2026-05-17,‘All the people standing around here are going to be the beginning’,https://www.irishnews.com/news/northern-ireland/all-the-people-standing-around-here-are-going-to-be-the-beginning-hundreds-take-part-in-rally-over-lough-neagh-environmental-crisis-I5EP4Z3VYRPAPOORMXAR4BASSE/
a3dd4345cb66300ff5048e95b15b333c2758d15e95eaaa43cd455c61cd65f20c,2026-05-16 12:37:35.681118+00:00,en,express.co.uk,express.co.uk,2026-05-16,'Extra UK bank holiday' update as supporters keen to honour 'contribution',https://www.express.co.uk/life-style/life/2206228/calls-extra-uk-bank-holiday
a79fc5b43d60916a6609d6b78ea4d082c5f4d28a762a12a5401534897b2faf68,2026-05-16 12:29:11.640069+00:00,en,liverpoolecho.co.uk,liverpoolecho.co.uk,2026-05-16,Update on 'extra UK bank holiday' as milestone nears,https://www.liverpoolecho.co.uk/news/uk-world-news/update-extra-uk-bank-holiday-33957800
50c970a30255ae6bcdb94ff195449999ab923810a67ede0570f47d84521af6d4,2026-05-16 11:37:04.427185+00:00,en,mirror.co.uk,mirror.co.uk,2026-05-16,'Extra UK bank holiday' update as milestone nears,https://www.mirror.co.uk/news/uk-news/extra-uk-bank-holiday-update-37164670
bc90884f8723fa05604f67c02114f81a954a6eb054a1cc8cd1bc0533d77a2ab1,2026-05-14 20:23:59.240803+00:00,en,theconversation.com,theconversation.com,2026-05-14,Will future missions to the Moon be sustainable? It may depend on whom you ask,https://theconversation.com/will-future-missions-to-the-moon-be-sustainable-it-may-depend-on-whom-you-ask-281095
eb461b8614592ba5863888609af7c6472d89baa12c03aa182014e08d4c0091c1,2026-05-14 11:55:44.224396+00:00,en,irishnews.com,irishnews.com,2026-05-14,Chris Packham says Lough Neagh crisis is ‘a national scandal’ as he backs protest,https://www.irishnews.com/news/northern-ireland/chris-packham-says-lough-neagh-crisis-is-a-national-scandal-as-he-backs-protest-4NNQASMT75DINKFMXRDZXPQOXM/
79feb46b02f04164ec5a111286a708b38b182c71ebb71531a8fa8982042a9216,2026-05-14 09:21:50.868951+00:00,en,prnewswire.co.uk,prnewswire.co.uk,2026-05-14,Huawei and Partners Receive GSMA Global Mobile LATAM Award for Tech4Nature Mexico Project to Protect Jaguars,https://www.prnewswire.co.uk/news-releases/huawei-and-partners-receive-gsma-global-mobile-latam-award-for-tech4nature-mexico-project-to-protect-jaguars-302772147.html
2467306fc04b40afc831b79b870f210ad207d7c6ad589954183d737ceaa4f60a,2026-05-12 23:38:37.430925+00:00,en,liverpoolecho.co.uk,liverpoolecho.co.uk,2026-05-12,'I feel sick every time I come to the Mystery after what Network Rail did',https://www.liverpoolecho.co.uk/news/liverpool-news/i-feel-sick-every-time-33934326
6d84ae1a24a9cc9a2354ddb1149576b0e91ff1b41d9083f701d6048ef4e77278,2026-05-12 11:51:05.274529+00:00,en,theguardian.com,theguardian.com,2026-05-12,The global sand crisis: it’s being used up faster than it can be replaced,https://www.theguardian.com/environment/2026/may/12/global-sand-crisis-land-reclamation-extraction
e180134878d8e39a14bbffe98ed296e1b9dbadaf3790b59ffe0d6d7a332bfc2d,2026-05-08 18:37:23.528234+00:00,en,theconversation.com,theconversation.com,2026-05-08,Birds of prey in South Africa are in trouble – a study analyses data from 16 years of road counts,https://theconversation.com/birds-of-prey-in-south-africa-are-in-trouble-a-study-analyses-data-from-16-years-of-road-counts-281908
dc3fb63268455d95297e76407e8d2408e7b03363d39ebc363041fb20599caeac,2026-05-06 20:38:15.388859+00:00,en,independent.co.uk,independent.co.uk,2026-05-06,"California landowners who cut 38 trees in Oakland hills hit with $915,000 fine",https://www.independent.co.uk/news/fife-california-houston-police-black-b2971804.html
0948cab62e64ac6b428b535352155d6faaac86be22645a0a077d981a94a178cb,2026-05-06 11:42:31.440209+00:00,en,theconversation.com,theconversation.com,2026-05-06,Why we need to treat Earth like a spaceship,https://theconversation.com/why-we-need-to-treat-earth-like-a-spaceship-281606
b6ffc39bcaa372b0189b2357d0da2c0830af83ca3cc4644677e1f9ab1d04b8d0,2026-04-30 20:27:59.580293+00:00,en,theguardian.com,theguardian.com,2026-04-30,Protecting lions and people: the biologist dedicated to tackling human-wildlife conflict,https://www.theguardian.com/environment/2026/apr/30/lion-wild-animals-livestock-moreangels-mbizah-human-wildlife-conflict-aoe
fb3b806617a90515ee6b2e4981e0b954658e5feaa456e4086a21e1ee6d3fb189,2026-04-30 05:38:11.446671+00:00,en,mirror.co.uk,mirror.co.uk,2026-04-30,Humanity at risk and civil unrest in the UK,https://www.mirror.co.uk/news/humanity-risk-civil-unrest-uk-37088795
8e38d01b9b9e8dab9a8d36f133bb9f9cb0dcf56a9d91716242258a19e97cd349,2026-04-30 00:27:09.846423+00:00,en,independent.co.uk,independent.co.uk,2026-04-29,"World food system could collapse without urgent action, experts warn",https://www.independent.co.uk/news/uk/home-news/world-food-system-could-collapse-without-urgent-action-experts-warn-b2967459.html
9adf82746384943b2f76beea3fec2247aeb88e6709dd00fa75f6ee4bdee023ac,2026-04-28 17:58:02.532830+00:00,en,theguardian.com,theguardian.com,2026-04-28,Lebanon accuses Israel of committing ‘ecocide’ in country since 2023,https://www.theguardian.com/world/2026/apr/28/lebanon-accuses-israel-ecocide
df998c6463d6e4b12363ef3d6bde5425c3885fe937bf6038ed0c56a65daddc5e,2026-04-22 07:17:57.926370+00:00,en,ibtimes.co.uk,ibtimes.co.uk,2026-04-22,Earth Day 2026: Who Really Has the Power to Save the Planet Right Now?,https://www.ibtimes.co.uk/earth-day-2026-global-environmental-action-1792989
d449edcf9ba0d2d59328e45241975dbcb65fe75200cc9bbf916d65431b253ef1,2026-04-19 22:29:40.075674+00:00,en,theconversation.com,theconversation.com,2026-04-19,Should this plant be declared one of the worst weeds in Australia?,https://theconversation.com/should-this-plant-be-declared-one-of-the-worst-weeds-in-australia-279109
09b8f398bff12aa163eb1fd347419c2610601c5ad019824d3414249a45adeec2,2026-04-19 21:22:49.971327+00:00,en,express.co.uk,express.co.uk,2026-04-19,Furious Canary Islands locals stage protest against Tenerife tourist project,https://www.express.co.uk/news/world/2195894/canary-islands-protest-tenerife-tourist-project
4d38763bec68bdc806445737a7f9aef4abe67a614e4cf446185e366d88ca9012,2026-04-18 23:19:19.426860+00:00,en,thesun.co.uk,thesun.co.uk,2026-04-18,Traveller who paved over field can stay as moving him breaches HIS rights,https://www.thesun.co.uk/news/38859640/traveller-paves-field-human-rights-violated-stay/
f043019ec40dbf796e121afeabea33ea0343ad57e3bbac4774a6f531b44835fb,2026-04-12 17:17:48.897026+00:00,en,thesun.co.uk,thesun.co.uk,2026-04-12,We live in shadow of UK's biggest solar farm,https://www.thesun.co.uk/news/38744049/uk-biggest-solar-farm-pitches/
7262e8bccf115354e4468914e1d863dcc9e8880f72b9769a25e41858c4c81891,2026-04-11 10:30:08.232444+00:00,en,thesun.co.uk,thesun.co.uk,2026-04-11,Terrifying moment shark clamps down on snorkeler's leg in front of pals,https://www.thesun.co.uk/news/38787513/shark-clamps-snorkelers-leg-thrashes-water/
e34c02a8a8ccd0791fff2458252bec6b15202d5d06c409e85752cd05d097ac82,2026-04-09 18:44:42.004347+00:00,en,theguardian.com,theguardian.com,2026-04-09,Wild chimpanzees recorded waging ‘civil war’ with coordinated attacks between two groups,https://www.theguardian.com/environment/2026/apr/09/civil-war-chimpanzee-group-closer-to-human-condition-aoe
27b7e7e4bdba625a025fde84c475f61e335120dad61a73799bd7f2b53331b32c,2026-03-31 22:24:34.012639+00:00,en,express.co.uk,express.co.uk,2026-03-31,Hundreds of UK plants and animals facing extinction due to 'spiralling decline',https://www.express.co.uk/news/uk/2188958/hundreds-uk-plants-animals-facing
ffd566c70bfa1438dc5fe320cd8c0b8eb05656d0e96cd938eb01c6b878beb5bc,2026-03-31 20:23:22.108168+00:00,en,theguardian.com,theguardian.com,2026-03-31,"UK’s smallest bird of prey among 200 species at risk of extinction, study finds",https://www.theguardian.com/environment/2026/mar/31/uk-smallest-bird-prey-among-species-risk-extinction-study-finds
405a8089541adbfc64b841f056a3ecf25b554e64b7418e006fc29c0539f551ac,2026-03-26 18:22:53.529648+00:00,en,theguardian.com,theguardian.com,2026-03-26,‘A toxic punch’: fears Russia’s war is pushing the Black Sea and its dolphins past tipping point,https://www.theguardian.com/world/2026/mar/26/a-toxic-punch-fears-russia-war-black-sea-dolphins
3cd118667c7a3b6672328e2d222d70a779d3730bd738d75d596105ef0e63a6a1,2026-03-25 20:57:29.490481+00:00,en,theguardian.com,theguardian.com,2026-03-25,"How weaving, glamping and kayak tours are helping to tackle deforestation in Argentina’s Gran Chaco",https://www.theguardian.com/global-development/2026/mar/25/argentina-gran-chaco-deforestation-eco-tourism-weaving-glamping-kayak-tours
5151e29a76b1e14023d50791cb19584f8c626c9d64b9fb582133b71ac1c13279,2026-03-18 21:36:26.854654+00:00,en,prnewswire.co.uk,prnewswire.co.uk,2026-03-18,A Caribbean governance model offers blueprint for tackling ocean pollution globally,https://www.prnewswire.co.uk/news-releases/a-caribbean-governance-model-offers-blueprint-for-tackling-ocean-pollution-globally--back-to-blue-302717800.html
8c280952071b4dad1e43e7ec097d46d1d4e17f2e3ec88bdb9b1c954101b2c5ac,2026-03-18 14:19:32.069265+00:00,en,theguardian.com,theguardian.com,2026-03-18,A robust future? Why Brazil’s ‘bitter’ coffee is thriving as the climate crisis hits global crops,https://www.theguardian.com/global-development/2026/mar/18/a-robust-future-why-brazils-bitter-coffee-is-thriving-as-the-climate-crisis-hits-global-crops
91bbccbd0613f4c98021ca357b9a7013742e103116c7c4223898932ab62ab34e,2026-03-17 12:45:16.220620+00:00,en,dailystar.co.uk,dailystar.co.uk,2026-03-17,'Furious' Putin's emergency meeting as carcass of destroyed Russian vessel found,https://www.dailystar.co.uk/news/world-news/gallery/furious-putin-holds-emergency-meeting-36880180
cf5445a29466eff2e304c0ee8e307605fcf97d82478d93bdfd3ef40b340e74e7,2026-03-16 20:50:38.083092+00:00,en,theguardian.com,theguardian.com,2026-03-15,Morning Mail: Iran denies asking Trump for peace deal; Queensland police sued over alleged racism; Oscar predictions,https://www.theguardian.com/australia-news/2026/mar/16/morning-mail-monday-ntwnfb
d49d4ac31d9f7c9457c578efd2ca2c721ab498523c171ee654d10a71d286a718,2026-03-12 17:45:25.559674+00:00,en,theguardian.com,theguardian.com,2026-03-12,‘The last frontier’: how red globules of nickel ore are suffocating an island’s precious wilderness,https://www.theguardian.com/environment/2026/mar/12/clean-energy-demands-philippines-island-nickel-palawan-mining-environment-aoe
84bb504ec7bbf700de80b583aa6a0b403d29026a35c2d9c038ecc9c62cedad8d,2026-03-10 12:43:49.051261+00:00,en,express.co.uk,express.co.uk,2026-03-10,Sunshine holiday destinations for March,https://www.express.co.uk/travel/europe/2178615/all-sunshine-holiday-destinations-march-april
4c42e63c275e11ce5af96b504824b28942c77901eac7fb4cc4613c61f5ac82d4,2026-03-07 13:17:41.256523+00:00,en,heraldscotland.com,heraldscotland.com,2026-03-07,Call me crazy but here's a wild idea,https://www.heraldscotland.com/opinion/25911430.plan-wind-farms-across-edinburgh-city-centre/
e6f51e4ec25fd5129b8861844819c1155ba9b99acec70125cd88e951b6e8b340,2026-03-05 10:29:03.788339+00:00,en,independent.co.uk,independent.co.uk,2026-03-05,Discover ChangeNOW: Where global business leaders meet climate solutions,https://www.independent.co.uk/climate-change/climate-environment-sustainability-biodiversity-energy-b2922861.html
a0875f451ae9725cbc4e93ff09517d5abcf3b1e8aa7871b0abb0055c13f16037,2026-03-04 20:29:54.060322+00:00,en,theguardian.com,theguardian.com,2026-03-04,Specieswatch: is the world’s wildlife entering its ‘samey’ era?,https://www.theguardian.com/environment/2026/mar/04/specieswatch-worlds-wildlife-samey-era-homogenocene
34e9f5d20079f87318728302a489332b4efae19ac4c6f8894ae1ae49f1a97522,2026-03-02 10:35:26.293476+00:00,en,dailymail.co.uk,dailymail.co.uk,2026-03-02,The drastic measure Australia MUST make to save its unique native wildlife - but millions of Aussie cat-lovers are going to be heartbroken: 'Make them EXTINCT',https://www.dailymail.co.uk/news/article-15605031/australia-cat-ban-native-wildlife-antone-martinho-truswell.html?ns_mchannel=rss&ns_campaign=1490&ito=1490
1bfe2a44e9bc71918981a8b22fec05b3b5f1faaaa7c2fd9657c84706e099011c,2026-03-02 07:39:26.486932+00:00,en,dailymail.co.uk,dailymail.co.uk,2026-03-02,The drastic measure Australia MUST make to save its unique native wildlife - but millions of Aussie cat-lovers are going to be heartbroken: 'Make them EXTINCT',https://www.dailymail.co.uk/news/article-15605031/australia-cat-ban-native-wildlife-antone-martinho-truswell.html
1d2279c1202d45b1c3017a936de4f9ab0f7c0658e243a077848f3f4055da95b7,2026-02-26 18:34:12.927918+00:00,en,standard.co.uk,standard.co.uk,2026-02-26,"Ancient oak tree was healthy when it was cut down, report finds",https://www.standard.co.uk/news/london/ancient-oak-tree-toby-carvery-restaurant-b1272594.html
8cfa427aabae96ab8de09b6d88954044fe6c2c18808cf5f6ca49ffd6df8d950f,2026-02-24 17:05:24.186783+00:00,en,independent.co.uk,independent.co.uk,2026-02-24,World’s only flightless parrot could be saved from extinction after mating boom,https://www.independent.co.uk/news/world/australasia/kakapo-parrot-mating-endangered-new-zealand-b2926582.html
70b7dbe401c92fcd449f02eca8a181547ab016793f2224d4b1b805b8aa90d7be,2026-02-24 12:37:44.310367+00:00,en,express.co.uk,express.co.uk,2026-02-24,Sunny island paradise is 'unfairly beautiful' with £33 flights and £2.10 pints,https://www.express.co.uk/travel/europe/2173052/sunny-island-paradise-unfairly-beautiful
aa6da4fdb39a749e23318258110708719e0f84c60fe0e659a5dea8a3746f8e28,2026-02-23 08:30:03.462884+00:00,en,prnewswire.co.uk,prnewswire.co.uk,2026-02-23,"Julius Meinl Achieves 100 % Responsibly Selected Coffee, Marking a Major Sustainability Milestone",https://www.prnewswire.co.uk/news-releases/julius-meinl-achieves-100--responsibly-selected-coffee-marking-a-major-sustainability-milestone-302693857.html
74e5a14311a481137e3381362546d8932f9d4bcef17ee2fa31b59b6fb5108cc8,2026-02-20 22:37:32.968800+00:00,en,independent.co.uk,independent.co.uk,2026-02-20,"Ancient oak tree felled by Toby Carvery owner was still alive, investigation finds",https://www.independent.co.uk/news/uk/home-news/toby-carvery-felled-oak-tree-investigation-enfield-b2924434.html
264eaae1c108bbb610e7b287827af29531945b08bfb5ed508c8a4b4b7d9dbaab,2026-02-13 20:46:49.892404+00:00,en,theguardian.com,theguardian.com,2026-02-13,Businesses must take responsibility for biodiversity loss – for their sake as much as ours,https://www.theguardian.com/environment/2026/feb/12/no-excuse-for-inaction-the-push-for-businesses-to-step-up-the-fight-against-biodiversity-loss
20dd7c553dd4c276ee59917121ade920e9185af538e2d5ea642d6d2594ccb748,2026-02-12 18:22:41.062453+00:00,en,chroniclelive.co.uk,chroniclelive.co.uk,2026-02-12,"Efforts to plant huge forest with 600,000 trees hit by legal challenge",https://www.chroniclelive.co.uk/news/north-east-news/efforts-plant-huge-forest-north-33413738
f39499abdc0c056b3d272fbb8972b8ed9dfb68b1f7ec4b854cc3f6820ede53b8,2026-02-11 10:17:27.674520+00:00,en,cityam.com,cityam.com,2026-02-11,Reasons to be cheerful in an age of extraordinary technological progress,https://www.cityam.com/reasons-to-be-cheerful-in-an-age-of-extraordinary-technological-progress/
64e201fb38afb7bd62d73afb09e2bdd9cce5ab918a73252dbdc78c9992469bb5,2026-02-09 21:34:38.042204+00:00,en,heraldscotland.com,heraldscotland.com,2026-02-09,"'When people think of Scotland, they don’t picture sprawling metropolises'",https://www.heraldscotland.com/opinion/25798174.depopulation-scotlands-economic-future-rural/?ref=rss
7ad5e3b7fa6f1fe92deb0614341159e5649f8e6155fcb134f923febeae42d262,2026-02-05 20:29:09.378842+00:00,en,theguardian.com,theguardian.com,2026-02-05,‘Everything is quagga mussel now’: can invasive species be stopped? – podcast,https://www.theguardian.com/science/audio/2026/feb/05/everything-is-quagga-mussel-now-can-invasive-species-be-stopped-podcast
069163f73971ac84f2707b9bc1633668d66d8109001e0559aebd07435116e642,2026-02-04 20:47:35.925477+00:00,en,theguardian.com,theguardian.com,2026-02-04,Why the Chagos Islands’ ecology will not be wrecked by return to Mauritius,https://www.theguardian.com/world/2026/feb/04/why-the-chagos-islands-ecology-will-not-be-wrecked-by-return-to-mauritius
75bfed541f1fb01e77bf8d3760c5fe2d922e6fdc4413d4e0a3f2047dbce4b49a,2026-02-03 20:01:31.119341+00:00,en,thebureauinvestigates.com,thebureauinvestigates.com,2026-01-14,UK world’s worst for letting fossil fuel companies drill in nature…,https://www.thebureauinvestigates.com/stories/2026-01-14/uk-is-worlds-worst-offender-for-letting-fossil-fuel-companies-onto-protected-areas
f02024e1f27c4ddadbb029a883e0ba0e746bc334ea17f367258d82e56f430b54,2026-02-01 11:27:11.167086+00:00,en,walesonline.co.uk,walesonline.co.uk,2026-02-01,Residents compare flood defence plans to 'maximum security prison',https://www.walesonline.co.uk/news/wales-news/anger-welsh-seaside-town-new-33340359
aed177e9da7e712f6921ef4774498629c09d8d9df9ca44a519d00754879b7254,2026-01-31 13:28:13.984759+00:00,en,express.co.uk,express.co.uk,2026-01-31,"The plan for brand-new UK town with 9,000 homes",https://www.express.co.uk/news/uk/2154374/brand-new-uk-town-9000-homes-oxford
266ffc46cb003b35cbf5c48892194adee410bba506ebe038199850ac157c26a3,2026-01-30 20:42:58.557396+00:00,en,theguardian.com,theguardian.com,2026-01-30,Plastic patrol: the citizen scientists tackling litter in Australian waterways,https://www.theguardian.com/australia-news/2026/jan/31/australia-litter-picking-beaches-waterways-plastic-pollution
924f6d7c699a0e1e14301a72da33df0cae8d8ae65cacb26f7f95a860c6bb7cfd,2026-01-28 21:00:50.681134+00:00,en,theguardian.com,theguardian.com,2026-01-28,Chagos Islands’ pristine ecology must be protected,https://www.theguardian.com/world/2026/jan/28/chagos-islands-pristine-ecology-must-be-protected
49f3d04cab982ed024ff50138d242b0b0d49bbacf46891c1975beea876516b3f,2026-01-28 19:24:43.555672+00:00,en,dailymail.co.uk,dailymail.co.uk,2026-01-28,Pregnant Ellie Goulding shows off her baby bump in underwear and 'mother' T-shirt for new NYLON cover shoot - as she reflects on the 'dark times' with ex-husband Caspar Jopling that led to her 'divorce album',https://www.dailymail.co.uk/tvshowbiz/article-15505989/Pregnant-Ellie-Goulding-shows-baby-bump-underwear-mother-T-shirt-new-NYLON-cover-shoot-reflects-dark-times-ex-husband-Caspar-Jopling-led-divorce-album.html?ns_mchannel=rss&ns_campaign=1490&ito=1490
d9c8980181bcb6db6ca8e9e5b6fd0a35af28c6c1bfcc256cb7ce26cdcd267337,2026-01-27 20:49:17.897783+00:00,en,theguardian.com,theguardian.com,2026-01-27,The UK government didn't want you to see this report on ecosystem collapse. I'm not surprised,https://www.theguardian.com/commentisfree/2026/jan/27/uk-government-report-ecosystem-collapse-foi-national-security
eaf39e82388d5ecfb249684fa0faeb4e036b10cd03e8f896011a693cf4ea44fc,2026-01-26 20:22:26.134690+00:00,en,theguardian.com,theguardian.com,2026-01-26,The government must act now on biodiversity loss and ecosystem collapse,https://www.theguardian.com/environment/2026/jan/26/the-government-must-act-now-on-biodiversity-loss-and-ecosystem-collapse
e8014e3a8e37a1f53195ee4764957e7c0bcf75d2b9002d1c5f3951b64c5c912e,2026-01-24 14:25:57.650058+00:00,en,ibtimes.co.uk,ibtimes.co.uk,2026-01-24,Katy Perry Accused of Climate Hypocrisy After Space Flight And Davos Climate Advocacy,https://www.ibtimes.co.uk/katy-perry-branded-hypocrite-climate-advocacy-months-after-burning-tons-fuel-do-space-tourism-1773465
7d23c278d31af32aa9edf9788b36987a812c32893f780736971cd1a584697483,2026-01-19 13:18:20.509179+00:00,en,dailyrecord.co.uk,dailyrecord.co.uk,2026-01-19,BBC Countryfile halted for important update as viewers left fuming over episode,https://www.dailyrecord.co.uk/tv/bbc-countryfile-halted-important-update-36574220
e2385324b2a6cc6e96953e3ac2039837f92391f75ab0a58a5313dd7e4bf8ed5b,2026-01-18 22:23:42.291186+00:00,en,express.co.uk,express.co.uk,2026-01-18,Countryfile halts show as John Craven issues important announcement,https://www.express.co.uk/showbiz/tv-radio/2159399/BBC-Countryfile-John-Craven-announcement
52672ff27a0c9198e5543264b9a24a1abe6feeb900bd73617dd952a05d2bb966,2026-01-18 20:26:39.289172+00:00,en,mirror.co.uk,mirror.co.uk,2026-01-18,Countryfile pauses show for important update as John Craven issues announcement,https://www.mirror.co.uk/tv/tv-news/bbc-countryfile-pauses-show-important-36572689
53acbd08ec6a635e4b1cf32b0de2a20e692353da88f3e9a551bd7b96acad729c,2026-01-17 13:18:29.509861+00:00,en,dailystar.co.uk,dailystar.co.uk,2026-01-17,Fears for lives of two orca whales left to rot in abandoned zoo after closure,https://www.dailystar.co.uk/news/world-news/fears-lives-two-orca-whales-36567839
0b595a186a6057b99d4804faf0fc03b3b59cc5cbb0499c6c2f91757b29c2e4bb,2026-01-17 12:19:55.540586+00:00,en,mirror.co.uk,mirror.co.uk,2026-01-17,Abandoned zoo closed down leaving two living orca whales to rot to death,https://www.mirror.co.uk/news/world-news/abandoned-zoo-closed-down-leaving-36567516
aabce9518ed710181f43891acce3dff3ea41da833a9432471aaf17192bf9060b,2026-01-13 17:26:03.890185+00:00,en,theconversation.com,theconversation.com,2026-01-13,The book that changed my mind – 12 experts share a perspective-shifting read,https://theconversation.com/the-book-that-changed-my-mind-12-experts-share-a-perspective-shifting-read-271243
357865c2765885da62f3809ff7a2bc1091cb3584fff11422e06e49bbbc3efb3a,2026-01-13 16:37:51.455771+00:00,en,theguardian.com,theguardian.com,2026-01-13,"Government’s wildlife targets will be missed in England, watchdog says",https://www.theguardian.com/environment/2026/jan/13/wildlife-targets-missed-england-northern-ireland-watchdog
1f4dd343fa7a08258e8f25d539a67ba0d1a89255e7c64a264c2355ec4ba53906,2026-01-06 21:17:29.822864+00:00,en,dailymail.co.uk,dailymail.co.uk,2026-01-06,2026 may be the year coral reefs around the world finally collapse: Expert warns the extent of loss over the next 12 months could be 'catastrophic',https://www.dailymail.co.uk/sciencetech/article-15438299/2026-coral-reefs-collapse-Expert.html?ns_mchannel=rss&ns_campaign=1490&ito=1490
b5af62e95bb3363d45d660071f3d4378ce74f1efb53e6639092fd4b8ddf385d6,2026-01-02 17:19:04.601752+00:00,en,independent.co.uk,independent.co.uk,2026-01-02,How the climate crisis is changing an ancient way of life in Ethiopia,https://www.independent.co.uk/climate-change/ethiopia-climate-crisis-drought-flood-b2851749.html
1061d7ca47ec85d882a70dc488b7d052377883046d0f76aa07cb9fce3f7ab1cc,2025-12-29 14:17:12.780124+00:00,en,dailymail.co.uk,dailymail.co.uk,2025-12-29,Inside the abandoned island where Hitler's former rocket man conducted nuke tests with the US military,https://www.dailymail.co.uk/news/article-15367751/johnston-island-nuclear-tests-nazi-scientist-transformation.html?ns_mchannel=rss&ns_campaign=1490&ito=1490
faf7a6ed93fe3de10b0fc784242fec6de84932faebaa3956eec31f19cf1f51e1,2025-12-28 15:22:55.347832+00:00,en,heraldscotland.com,heraldscotland.com,2025-12-28,How sustainable is your New Year dram? The distilleries striving to be eco,https://www.heraldscotland.com/news/25710361.green-whisky-distilleries-striving-eco/?ref=rss
df941370f3e2e37f4c64c7e22d1a72552358c163b6799a89c893905f65b4a01c,2025-12-23 13:34:00.387551+00:00,en,heraldscotland.com,heraldscotland.com,2025-12-23,Report names native Scottish species under threat from disease and warming climate,https://www.heraldscotland.com/news/25719212.new-report-names-native-scottish-species-threat/?ref=rss
60e1914fd44c872a42276bdcb74073d6521a4e8974be53be1592b065d1a7e001,2025-12-18 14:22:23.563018+00:00,en,theguardian.com,theguardian.com,2025-12-18,‘It’s an open invasion’: how millions of quagga mussels changed Lake Geneva for ever,https://www.theguardian.com/environment/2025/dec/18/invasive-quagga-mussels-lake-geneva-aoe
15d3fc4f4fb711497a5f761ca5bf3ad659174a9bdc60ecade066a9fa05489d6c,2025-12-16 20:45:44.965658+00:00,en,theguardian.com,theguardian.com,2025-12-16,UK politics: Employment rights bill set to become law after Lords backing – as it happened,https://www.theguardian.com/politics/live/2025/dec/16/donald-trump-bbc-lawsuit-keir-starmer-kemi-badenoch-reaction-latest-news-updates
c0c587acb55aac77734f588bad117680f5b9a078ca59f0466dca81c73f49d27d,2025-12-16 08:23:10.240615+00:00,en,theguardian.com,theguardian.com,2025-12-16,Tuesday briefing: What polar bear DNA tells us about a warming Arctic,https://www.theguardian.com/world/2025/dec/16/monday-briefing-polar-bear-dna-arctic-climate-crisis-helena-horton
6cb1148e9dcbcb4e72adc37a355598bb4ade60c04a2780fc5d9d479db20cac66,2025-12-16 08:19:57.735259+00:00,en,theguardian.com,theguardian.com,2025-12-16,‘We hate it. It’s desecration’: the real cost of HS2,https://www.theguardian.com/news/ng-interactive/2025/dec/16/we-hate-it-its-desecration-the-real-cost-of-hs2
b2805148d6821a9ab321c1c7a589d83aa754f353045b9c56b871ab85bc0ec3f7,2025-12-13 13:27:27.376736+00:00,en,inews.co.uk,inews.co.uk,2025-12-13,The race for Britain's EVs is poisoning water supplies,https://inews.co.uk/news/race-britains-evs-poisoning-water-supplies-4091384
e8d92016a8015113b220b728d2426437322d00ebecb72acd8672d9a665cf8bf7,2025-12-11 22:26:04.713777+00:00,en,politicshome.com,politicshome.com,2025-12-11,We cannot afford to squander the Paris Agreement,https://www.politicshome.com/opinion/article/we-cannot-afford-to-squander-paris-agreement
79b7d3a6ca9a2a088957fb1f13362997ef4dc721f8c4c32b96bc0585458d15e9,2025-12-11 21:23:00.753451+00:00,en,standard.co.uk,standard.co.uk,2025-12-11,"Interpol seizes 30,000 live animals in global crackdown on wildlife trade",https://www.standard.co.uk/news/world/interpol-seizes-30-000-live-animals-in-global-crackdown-on-wildlife-trade-b1262183.html
190e08dc9a8d080fa8fa6340f2947cb158247980f7dba22b9b2c8bdecd85af53,2025-12-11 21:18:24.459442+00:00,en,theconversation.com,theconversation.com,2025-12-11,Why global environmental negotiations keep failing – and what we can do about it,https://theconversation.com/why-global-environmental-negotiations-keep-failing-and-what-we-can-do-about-it-269749
2ee0af5c9af3e6dbd19761b31970a3c0950da03f283aca1e1edccd6e32205d28,2025-12-11 20:33:13.445831+00:00,en,express.co.uk,express.co.uk,2025-12-11,Keir Starmer is plunging us towards a nightmare before Christmas,https://www.express.co.uk/news/politics/2144780/nightmare-christmas-looming-sir-keir
f797820f89c9aec4f53a487044c08fb39f75085890c02ee60e05a7d4919cc41a,2025-12-10 07:25:19.092101+00:00,en,gbnews.com,gbnews.com,2025-12-10,Furious locals launch fightback against 'monster' wind farm in heart of Yorkshire Dales,https://www.gbnews.com/news/yorkshire-dales-locals-fightback-monster-wind-farm-heart-protected-site
d9c8f568966507712e1ff5f692a51b584a7dbc5f262238563f0417d92701b465,2025-12-10 06:19:22.079722+00:00,en,theguardian.com,theguardian.com,2025-12-10,‘Even the animals seem confused’: a retreating Kashmir glacier is creating an entire new world in its wake,https://www.theguardian.com/environment/2025/dec/10/kashmir-glacier-ecosystems-snow-kolahoi-biodiversity-agriculture-aoe
229df71c61dae26b7bc87a0d24691dc48e063a6810ccc1081b9e26540dc20b4e,2025-12-09 12:35:46.334888+00:00,en,theguardian.com,theguardian.com,2025-12-09,‘Food and fossil fuel production causing $5bn of environmental damage an hour’,https://www.theguardian.com/environment/2025/dec/09/food-fossil-fuel-production-5bn-environmental-damage-an-hour-un-geo-report-
80753cad8a5847fcaef70c8ae08d33161bb8d687b5d4403ee96a1d5d09de5c2b,2025-12-08 22:31:09.037327+00:00,en,theconversation.com,theconversation.com,2025-12-08,What can trees teach us about resilience and loss? A grieving daughter reflects,https://theconversation.com/what-can-trees-teach-us-about-resilience-and-loss-a-grieving-daughter-reflects-263741
7062c5287cfc0230c2beb73aab4d58a693bff66fd087fc151a959a7fd417a5d9,2025-12-05 13:27:00.517306+00:00,en,standard.co.uk,standard.co.uk,2025-12-05,"Seafloor animals down by 37% in deep-sea mining zone, landmark study finds",https://www.standard.co.uk/news/environment/scientists-natural-history-museum-pacific-ocean-dna-university-of-southampton-b1261252.html
13412e7c596547f62fd82d9376f41c84d4c5561c496829cc96843a16464cf792,2025-12-04 13:26:18.425980+00:00,en,theguardian.com,theguardian.com,2025-12-04,How an invasion of purple flowers made Iceland an Instagram paradise – and caused a biodiversity crisis,https://www.theguardian.com/environment/2025/dec/04/invasive-species-flowers-iceland-nootka-lupins-lupines-aoe
5dba1e9c84f61a3813789a72e23f4297ba58f90724dcd995075d80f23d9a065d,2025-12-04 12:34:54.969017+00:00,en,independent.co.uk,independent.co.uk,2025-12-04,This classic fairytale could be damaging Europe’s wolf rewilding efforts,https://www.independent.co.uk/news/uk/home-news/wolves-europe-rewilding-uk-hollywood-b2877946.html
21cac9b45716c291320d515d9a58cb7c70c8c3f29f7b0c04f63d227fbc293095,2025-12-03 22:24:59.823491+00:00,en,theconversation.com,theconversation.com,2025-12-03,What we told UK leaders about climate and nature at a national emergency briefing,https://theconversation.com/what-we-told-uk-leaders-about-climate-and-nature-at-a-national-emergency-briefing-270992
7458f375d769e7160d5b8c8a2d243fe15b67c47c7a836b04b5682323bf42b137,2025-12-02 22:17:44.717214+00:00,en,theconversation.com,theconversation.com,2025-12-02,How Hollywood horror’s ‘killer wolf’ trope is sabotaging rewilding efforts,https://theconversation.com/how-hollywood-horrors-killer-wolf-trope-is-sabotaging-rewilding-efforts-270539
31812cc2bc3a42f5dedee63abbf4448908d4e95303281e9132d978754e8fd09b,2025-12-02 03:17:42.969472+00:00,en,theconversation.com,theconversation.com,2025-12-02,"In 1939, a Royal Commission found burning forests leads to more bushfires. But this cycle of destruction can be stopped",https://theconversation.com/in-1939-a-royal-commission-found-burning-forests-leads-to-more-bushfires-but-this-cycle-of-destruction-can-be-stopped-269099
fa1068cb2a1f908fc4e55b4d1eeebd67faa584a1025a245285d27632836a8fec,2025-11-29 19:21:25.843722+00:00,en,dailymail.co.uk,dailymail.co.uk,2025-11-29,Prince William pays tribute to 'wildlife warrior' Steve Irwin as royal warns about climate change,https://www.dailymail.co.uk/news/article-15337415/Prince-William-tribute-Steve-Irwin-climate-change.html?ns_mchannel=rss&ito=1490&ns_campaign=1490
48851de4d49346272a9b5ee23dc8486c9dee3a36afff19daf23edc708b2eba67,2025-11-27 17:35:38.421009+00:00,en,theguardian.com,theguardian.com,2025-11-27,Scientists warn of severe climate-related risks to UK economy and security,https://www.theguardian.com/environment/2025/nov/27/limate-related-risks-uk-economy-security
e089f285366161d39d4c6b12f73fff7558b4139ac95b3cb59ab643e84a7655ba,2025-11-25 15:25:35.974468+00:00,en,dailyrecord.co.uk,dailyrecord.co.uk,2025-11-25,Ayrshire golf official nominated for top award,https://www.dailyrecord.co.uk/ayrshire/respected-dundonald-links-employee-shortlisted-36273438
136a5e0fce9848d38a6de54dcf2cfcfcc6b16a38cc04e36484be3012788a2b6d,2025-11-25 08:21:26.092383+00:00,en,theguardian.com,theguardian.com,2025-11-25,‘It fully changed my life!’ How young rewilders transformed a farm – and began a movement,https://www.theguardian.com/environment/2025/nov/25/it-fully-changed-my-life-how-young-rewilders-transformed-a-farm-and-began-a-movement
222d9fecdcbdf7161d0da00417b8aaf95111e504bd71b7fd7744d01c3a42e3fc,2025-11-25 06:27:38.224560+00:00,en,manchestereveningnews.co.uk,manchestereveningnews.co.uk,2025-11-25,The massive plan which has divided Stockport,https://www.manchestereveningnews.co.uk/news/greater-manchester-news/massive-plan-divided-stockport-32937050
a269f5931b61fca2d2409db554680b6ea9686430ea0eb040ef83c3a7e6ae0613,2025-11-24 21:38:52.887418+00:00,en,theconversation.com,theconversation.com,2025-11-24,"South Africa’s G20 presidency: diplomatic victory, but a weak final declaration",https://theconversation.com/south-africas-g20-presidency-diplomatic-victory-but-a-weak-final-declaration-270476
1cd8225aeea6627da7318489f68227f9616449e21113e350ba92f7823170b8fb,2025-11-23 15:20:57.749003+00:00,en,dailymail.co.uk,dailymail.co.uk,2025-11-23,"The millennial lord of the manor, 35, selling off his 700-year-old family jewels for £35m in Britain's biggest land sale",https://www.dailymail.co.uk/news/article-15313985/The-millennial-lord-manor-35-selling-700-year-old-family-jewels-35m-Britains-biggest-land-sale.html?ns_mchannel=rss&ito=1490&ns_campaign=1490
b5595c391c67c30f8103ec7a535ba9ea2d416eaaacef1e13b3ab3aa83556a1d3,2025-11-21 20:46:18.123166+00:00,en,theguardian.com,theguardian.com,2025-11-21,Climate of fear: are CSIRO’s sweeping job cuts a sign Australia doesn’t care about the extinction crisis?,https://www.theguardian.com/australia-news/2025/nov/21/csiro-job-cuts-australia-extinction-crisis
717ae2de238b99b0659ee3edcabb034d8727d64ced51a33f1571b2405cce3920,2025-11-19 20:52:22.893647+00:00,en,theguardian.com,theguardian.com,2025-11-19,Mountain of waste dumped in Oxfordshire field contains rubbish from councils,https://www.theguardian.com/environment/2025/nov/19/mountain-of-waste-dumped-in-oxfordshire-field-contains-rubbish-from-councils
890ecdc67e620786839c600d0070d45ec7c3c2641a68df6d5e8331498652b080,2025-11-19 18:33:32.251444+00:00,en,mirror.co.uk,mirror.co.uk,2025-11-19,Horrified students catch couple having daytime sex in a car during wildlife tour,https://www.mirror.co.uk/news/uk-news/breaking-couple-caught-having-sex-36272263
25b544c4a6677702ad52ea931b7f26e3db501c0fdc53293592c20d8e36eab859,2025-11-19 18:21:28.489690+00:00,en,theconversation.com,theconversation.com,2025-11-19,Five ways to make the ocean economy more sustainable and just,https://theconversation.com/five-ways-to-make-the-ocean-economy-more-sustainable-and-just-268803
a0cb9f28eb01ae6a014bb425b2de4c727af70634ff38e871758f458acf45b732,2025-11-19 15:41:06.251967+00:00,en,express.co.uk,express.co.uk,2025-11-19,Warning after couple caught having daytime sex in car on huge UK open park,https://www.express.co.uk/news/uk/2135978/warning-couple-caught-having-daytime-sex
08e9162b1b1b5a05ce9524dd73d1796e0cbab242eec43e7f9de49bfb7f8b5cc1,2025-11-19 13:37:15.949359+00:00,en,dailystar.co.uk,dailystar.co.uk,2025-11-19,Students catch couple having sex in car in UK city as 'human waste' also found,https://www.dailystar.co.uk/news/latest-news/breaking-students-catch-couple-having-36272106
8d7a1bf44741ae6b75dff2f81d952fd1999e50a3ed4f1ef78b4639d04eb4649f,2025-11-18 20:45:32.235428+00:00,en,theguardian.com,theguardian.com,2025-11-18,"‘Sustainable’ Cambridge busway will cause irreversible ecological harm, inquiry told",https://www.theguardian.com/environment/2025/nov/18/sustainable-cambridge-busway-will-cause-irreversible-ecological-harm-inquiry-told
a00f6e7b076f60a6de0caf21ef7616f110f35a8e79f8efd0646aea2015b73d1e,2025-11-18 15:23:41.983297+00:00,en,heraldscotland.com,heraldscotland.com,2025-11-18,Major whisky makers join forces to return 'precious' Islay peatland back to health,https://www.heraldscotland.com/news/25629675.major-whisky-makers-join-forces-help-restore-peatland-islay/?ref=rss
961684de3cebca3009f99a57838b4fffc5acb57cf134a038552a3ae96f02380b,2025-11-17 15:38:23.620284+00:00,en,theguardian.com,theguardian.com,2025-11-17,High art: the museum that is only accessible via an eight-hour hike,https://www.theguardian.com/culture/2025/nov/17/high-art-the-museum-that-is-only-accessible-via-an-eight-hour-hike
f193ba17f0cb34788e2f5f962ac48ccf4345b6eb3493eab79e65b12812f35535,2025-11-15 15:25:28.848753+00:00,en,heraldscotland.com,heraldscotland.com,2025-11-15,Thousands march in Glasgow for ‘biggest climate rally since Cop26’,https://www.heraldscotland.com/news/25624589.thousands-march-glasgow-biggest-climate-rally-since-cop26/?ref=rss
fafbce90c966085583188e879316fa57308d98daacc31cef079497883a1427f0,2025-11-12 23:18:39.133251+00:00,en,walesonline.co.uk,walesonline.co.uk,2025-11-12,Rural Welsh county takes new stand on renewable energy,https://www.walesonline.co.uk/news/wales-news/rural-welsh-county-makes-big-32863249
b7721e80c54d42e4880127f59ad5672baedad4b91e94ecee0144d074c9441b6c,2025-11-10 22:31:03.580536+00:00,en,theconversation.com,theconversation.com,2025-11-10,"Green finance was supposed to contribute solutions to climate change. So far, it’s fallen well short",https://theconversation.com/green-finance-was-supposed-to-contribute-solutions-to-climate-change-so-far-its-fallen-well-short-268666
f1ad7f7d2e55e12625bf7ac1aed338ff988a08ea5f333c5b59a01f75ea278c8e,2025-11-10 20:44:49.173896+00:00,en,theguardian.com,theguardian.com,2025-11-10,Cop30 live: US news networks absent as crucial climate talks begin in Brazil,https://www.theguardian.com/environment/live/2025/nov/10/cop30-climate-talks-brazil-belem-latest-news-updates
1fcfa951c73e84c1da99cd312f821bbae428f4b75f9cb52e053b6971d1c87a35,2025-11-09 20:24:50.246489+00:00,en,theguardian.com,theguardian.com,2025-11-09,‘Existential and urgent’: what impact will ICJ climate ruling have on Cop30?,https://www.theguardian.com/environment/2025/nov/09/what-impact-will-icj-climate-ruling-have-on-cop30
84f64699554d768ee0eab04446699fe5364396cb1c381870e1af2c8800e03c8d,2025-11-09 15:31:00.353670+00:00,en,theguardian.com,theguardian.com,2025-11-09,"Amid squabbles, bombast and competing interests, what can Cop30 achieve?",https://www.theguardian.com/news/ng-interactive/2025/nov/09/amid-squabbles-bombast-and-competing-interests-what-can-cop30-achieve
644278ca08cc800a2f6a3865fb2aaa4937040985e8a78585d25480e4f20843e6,2025-11-08 21:21:21.519749+00:00,en,heraldscotland.com,heraldscotland.com,2025-11-08,Wearing masks at pro-trans rights rallies is a conscious act of self-preservation,https://www.heraldscotland.com/opinion/25605699.went-unmasked-pro-trans-rights-rally-last-week/?ref=rss
ba45951ac397a13e3d87eb4f5163a358561a6a8eb6dcd1c3bdee1b5f8f0252c5,2025-11-06 21:26:12.295284+00:00,en,dailymail.co.uk,dailymail.co.uk,2025-11-06,Awkward moment Prince William and Sir Keir Starmer appear to fumble handshake alongside Brazil's president at green summit,https://www.dailymail.co.uk/news/article-15266641/Awkward-moment-Prince-William-Sir-Keir-Starmer-appear-fumble-handshake-alongside-Brazils-president-green-summit.html?ns_mchannel=rss&ns_campaign=1490&ito=1490
b99b454e67b33a32fd620143ce9270a6e6eab99d3b8386d231d4be4f02724895,2025-11-06 20:54:22.146905+00:00,en,theguardian.com,theguardian.com,2025-11-06,"‘There is no money’: As carbon markets collapse, what happens to the forests they promised to protect?",https://www.theguardian.com/environment/2025/nov/06/carbon-offsetting-market-collapses-what-happens-to-the-forests-they-hoped-to-protect-aoe
2ab348fdad5bbfe4b93688ff0e2bb49d8e5334213cfa0c4af55806a77bc7c2e6,2025-11-06 18:41:04.531080+00:00,en,dailymail.co.uk,dailymail.co.uk,2025-11-06,Prince William warns the world is 'edging dangerously close to climate disaster' as he speaks on the 'privilege' of representing the King on a global stage for the first time at COP30 in Brazil,https://www.dailymail.co.uk/news/royals/article-15265973/Prince-William-warns-world-edging-dangerously-close-climate-disaster-speaks-privilege-representing-King-global-stage-time-COP30-Brazil.html?ns_mchannel=rss&ito=1490&ns_campaign=1490
31dde10b05eac317d1f687d91403d647235f5f4ef0208f071177f98afa1b566f,2025-11-04 21:20:31.567246+00:00,en,theconversation.com,theconversation.com,2025-11-04,Artificial developments weaken coastal resilience – here’s how mapping them can help,https://theconversation.com/artificial-developments-weaken-coastal-resilience-heres-how-mapping-them-can-help-250299
34e6b35040a122bebd0de4b1ef6692ce325523442244e81ca4341ee788382898,2025-11-04 14:35:10.669551+00:00,en,jerseyeveningpost.com,jerseyeveningpost.com,2025-11-04,"The age of extinction is upon us, but is anyone noticing?",https://jerseyeveningpost.com/voices/2025/11/04/the-age-of-extinction-is-upon-us-but-is-anyone-noticing/
019ad994acebf44a173b26f4e31e53586244604e3df852a1658fa70d08a46304,2025-11-01 02:12:40.268823+00:00,en,theconversation.com,theconversation.com,2025-10-31,A landfill tax could halt the vast amounts of healthy soil that are needlessly thrown away,https://theconversation.com/a-landfill-tax-could-halt-the-vast-amounts-of-healthy-soil-that-are-needlessly-thrown-away-268687
77c6be59ded9aff4141f070c400689928c1d0b8fc1293bb1d75b915faae31463,2025-10-29 09:21:20.579430+00:00,en,theconversation.com,theconversation.com,2025-10-29,View from The Hill: pressure on embattled Ley to do a deal on EPBC reform,https://theconversation.com/view-from-the-hill-pressure-on-embattled-ley-to-do-a-deal-on-epbc-reform-268102
ac264681660ff361d1356954aef62f9bcb1f194fdf4d4e3cb25e155d604b347b,2025-10-28 04:18:40.616924+00:00,en,theguardian.com,theguardian.com,2025-10-28,"‘Change course now’: humanity has missed 1.5C climate target, says UN head",https://www.theguardian.com/environment/2025/oct/28/change-course-now-humanity-has-missed-15c-climate-target-says-un-head
8b57c998e3d5409a2f5598aec0e87de4361f15908d40abbc17aba8889055171a,2025-10-27 01:25:21.437783+00:00,en,express.co.uk,express.co.uk,2025-10-26,Government accused of 'digging graves for wildlife' in landmark planning reform,https://www.express.co.uk/news/uk/2124951/government-digging-graves-wildlife
e4d24f283a5569b05513c8760fdae002e903e33bd85e8d2b6f8f4843947470a8,2025-10-25 21:29:04.014577+00:00,en,heraldscotland.com,heraldscotland.com,2025-10-25,It’s not just about carbon: Why restoring nature is key to our survival,https://www.heraldscotland.com/opinion/25571052.just-transition-look-like-nature/?ref=rss
43c8514df49ac5466110c9ab0814134f345ec461a8678c8a34a58f877661fef1,2025-10-25 20:35:37.952521+00:00,en,theguardian.com,theguardian.com,2025-10-25,"One year after a historic dam removal, teens inspire river restoration worldwide: ‘It turns out you can win’",https://www.theguardian.com/us-news/2025/oct/25/klamath-river-restoration-teenagers
75cce4cba6f3cb5eca90191d4084152f4f9209b13347fd9f37b002614ef446f2,2025-10-24 07:21:31.865352+00:00,en,independent.co.uk,independent.co.uk,2025-10-24,Conservation group rescues sea turtles caught in nets at Nigerian coastal city and rewards fishermen,https://www.independent.co.uk/news/lagos-international-union-for-conservation-of-nature-b2851359.html
2c11cf05cbb6f9046dc95cda808607d78e5398a902aa662a28b82a56cc5382e7,2025-10-23 15:26:20.398330+00:00,en,theconversation.com,theconversation.com,2025-10-23,Governments can’t achieve their climate goals if they don’t include local communities,https://theconversation.com/governments-cant-achieve-their-climate-goals-if-they-dont-include-local-communities-267575
0de90926939a65d2aa5588ff98f25773e753e31884aa158c38a9440c9d8af632,2025-10-22 05:19:25.810402+00:00,en,theguardian.com,theguardian.com,2025-10-22,Ancient elephant migration routes are being blocked off – can anything stop the rising death toll?,https://www.theguardian.com/environment/2025/oct/22/africa-wildlife-conservation-ancient-elephant-migration-routes-blocked-off-human-animal-conflict-aoe
297a8f4775f917fa58cc1bdc7d9e612cbd9295a142a5a5a6fa14907e19db443e,2025-10-15 12:19:38.617028+00:00,en,ibtimes.co.uk,ibtimes.co.uk,2025-10-15,Your Company Formations: UK's Top-Rated Company Formation Agent with a Green Mission,https://www.ibtimes.co.uk/your-company-formations-uks-top-rated-company-formation-agent-green-mission-1748088
5abdfbf3044f59c835237b48acefed83f8476f9b08ab96b6da5aa10592bac1cf,2025-10-14 20:20:44.894546+00:00,en,theconversation.com,theconversation.com,2025-10-13,"What are climate tipping points? They sound scary, especially for ice sheets and oceans, but there’s still room for optimism",https://theconversation.com/what-are-climate-tipping-points-they-sound-scary-especially-for-ice-sheets-and-oceans-but-theres-still-room-for-optimism-265183
0952fd992ef33679febd1a131f9bd006bf805659d3d74071e6486580e8595d37,2025-10-13 20:45:17.382441+00:00,en,theguardian.com,theguardian.com,2025-10-13,Can Colombia embrace clean energy without damaging the Amazon?,https://www.theguardian.com/global-development/2025/oct/13/colombia-clean-energy-without-damaging-amazon-copper-mining
816a98af7e3bb4a9007cb15c78042d1a5a3260bc5c61059df2fb59ce21c1cac8,2025-10-13 20:32:58.057457+00:00,en,theconversation.com,theconversation.com,2025-10-13,Reform of NZ’s protected lands is overdue – but the public should decide about economic activities,https://theconversation.com/reform-of-nzs-protected-lands-is-overdue-but-the-public-should-decide-about-economic-activities-267105
d63d78c874b987b6187fd045fcc0983de78e3d798bb89e8086479266035c1d57,2025-10-13 10:17:13.343493+00:00,en,theconversation.com,theconversation.com,2025-10-13,"Climate tipping points sound scary, especially for ice sheets and oceans – here’s why there’s still room for optimism",https://theconversation.com/climate-tipping-points-sound-scary-especially-for-ice-sheets-and-oceans-heres-why-theres-still-room-for-optimism-265183
dcc0b5eac5f21ea5c3cd29374449f1d3671dc5a8acea444d0b1306ecca599d3f,2025-10-13 01:19:44.410315+00:00,en,standard.co.uk,standard.co.uk,2025-10-12,"First climate tipping point reached after coral reef diebacks, scientists warn",https://www.standard.co.uk/news/environment/wwf-earth-amazon-university-of-exeter-indonesia-b1252565.html
8f5c136e58125284c84faf92a6cd832bc82372e38419df29643c14de5e668646,2025-10-07 11:39:58.755714+00:00,en,independent.co.uk,independent.co.uk,2025-10-07,Expert tips for flood-proofing your garden this winter,https://www.independent.co.uk/property/gardening/garden-flooding-winter-rain-weather-tips-b2840821.html
395933b59c2be05a02125f73fb66b869c70fa61bf5a85fa943f99e318edbd1b5,2025-10-06 19:17:49.752453+00:00,en,independent.co.uk,independent.co.uk,2025-10-06,An expert guide to preparing your garden for winter floods this year,https://www.independent.co.uk/property/gardening/garden-flooding-winter-rain-weather-b2840402.html
b1f4aaa57e85c4c1912436dceb258eb4dd300e7e89cae53f79bd56a3a8da14ce,2025-10-06 15:20:49.212861+00:00,en,theguardian.com,theguardian.com,2025-10-06,"As forests are cut down, butterflies are losing their colours",https://www.theguardian.com/environment/2025/oct/06/butterflies-losing-colour-cutting-down-tropical-forests-aoe
a7f5740befbbca83bc3900c911d4d5fdee3f663063c30372fc80327a8a13c19a,2025-10-04 20:33:53.812173+00:00,en,theguardian.com,theguardian.com,2025-10-04,‘Baudin’s or bauxite?’: stark warning black cockatoo won’t survive mining expansion,https://www.theguardian.com/environment/2025/oct/05/western-australia-baudin-black-cockatoo-wont-survive-mining-expansion
52db3dc8722e1adb20a77ed8f85c458c7ad7999ccf2d0e6879bf3b1c0ebe0b13,2025-10-04 06:25:27.928141+00:00,en,mirror.co.uk,mirror.co.uk,2025-10-04,"Must-watch TV this week: Frauds, Celebrity Traitors and Countryfile",https://www.mirror.co.uk/tv/tv-news/must-watch-frauds-traitors-countryfile-35997426
1cb95acd57417ef809dc0b1f723777e8890d9538acda2a4253adf67356f48703,2025-10-03 12:32:57.652707+00:00,en,independent.co.uk,independent.co.uk,2025-10-03,"Changing how people eat could save 15 million lives a year, landmark study finds",https://www.independent.co.uk/climate-change/news/plant-based-vegan-diet-benefits-b2838742.html
540b96f691944a2645ce4ad96e5e04593104233c94339e9ab251af6edc10b216,2025-09-30 17:33:32.820868+00:00,en,express.co.uk,express.co.uk,2025-09-30,Lawyer explains your legal rights to cut oak tree branches in your garden,https://www.express.co.uk/life-style/garden/2115318/can-i-cut-an-oak-tree-in-my-garden-law
57d2dc97f23a45f3ed7c726a2ce856d09d2e54a996c6447f256c9943eca05873,2025-09-26 22:18:48.111569+00:00,en,theconversation.com,theconversation.com,2025-09-26,A landmark treaty could protect the high seas – and spark new conflicts,https://theconversation.com/a-landmark-treaty-could-protect-the-high-seas-and-spark-new-conflicts-265908
ca62ac9c7bfd4715d58aabce511423154523c672616972e6ce67751642199846,2025-09-24 20:22:14.209262+00:00,en,theguardian.com,theguardian.com,2025-09-24,Wednesday briefing: What Russia wants with Nato airspace – and what options it leaves the west,https://www.theguardian.com/world/2025/sep/24/wednesday-briefing-what-russia-wants-with-nato-airspace-and-what-options-it-leaves-the-west
0cb003385ac9e9b69f9db5695bb18c3d2f1d15ae38388fe611034d2349a96cc1,2025-09-22 22:19:11.672161+00:00,en,theconversation.com,theconversation.com,2025-09-22,Spring air is humming with insects. But we’re blind to what’s happening to them,https://theconversation.com/spring-air-is-humming-with-insects-but-were-blind-to-whats-happening-to-them-265200
e0332cbe5dcd3f38b3928e51c06d4ab99b8e05258e192800152d652034faf923,2025-09-21 20:21:42.208204+00:00,en,independent.co.uk,independent.co.uk,2025-09-21,The Independent Climate 100 List 2025,https://www.independent.co.uk/climate-change/climate-100/climate-100-list-2025-climate-week-nyc-b2816336.html
04b029dc61d148b2ca08172ee0373d0303af8222582b1fcd1f5cab0cb4e99a3e,2025-09-21 11:26:46.224165+00:00,en,heraldscotland.com,heraldscotland.com,2025-09-21,Neighbours at war: how power lines are tearing a peaceful rural area apart,https://www.heraldscotland.com/news/25478801.neighbours-war-kintore-tealing-pylon-plans/?ref=rss
b9abeb742546230f28bd501515259114d9b88e02a917df06bafaa2ec88dacd25,2025-09-19 20:28:03.184431+00:00,en,independent.co.uk,independent.co.uk,2025-09-19,Nations ratify the world's first treaty to protect international waters,https://www.independent.co.uk/news/morocco-seattle-earth-japan-china-b2830153.html
40fa5d7f3ec66405da863faa4c33d3c3a40d58a1c871ea78764d51fd57f26182,2025-09-19 20:27:48.092744+00:00,en,independent.co.uk,independent.co.uk,2025-09-19,A primer on what the high seas treaty is and how it will work,https://www.independent.co.uk/news/earth-greenpeace-b2830154.html
1362645be7a27257a1015f9787fb3deaddb797ae3e98b05933040b25c7d0a068,2025-09-16 20:49:00.750117+00:00,en,theguardian.com,theguardian.com,2025-09-16,"Up to 185,000 Queensland homes could be at ‘very high risk’ with many uninsurable if global heating unchecked",https://www.theguardian.com/australia-news/2025/sep/16/climate-change-queensland-properties-high-risk-natural-disaster-heatwaves-flooding-cyclones-bushfires-homes-uninsurable
1733b00aecbdf4f199bd559e29e5f5f138273dd07bdb81f7999e343a28b96784,2025-09-15 20:54:20.695573+00:00,en,theguardian.com,theguardian.com,2025-09-15,"The Guardian and BirdLife Australia launch Bird of the year 2025, nominations now open",https://www.theguardian.com/guardian-australia-press-office/2025/sep/15/the-guardian-and-birdlife-australia-launch-bird-of-the-year-2025-nominations-now-open
f99baa2085dc213de54d32e4921d4b19e5c264367cef727a81ed45391f11a0d2,2025-09-10 16:20:44.447573+00:00,en,standard.co.uk,standard.co.uk,2025-09-10,UK joins international scramble to bring ocean protection treaty into force,https://www.standard.co.uk/news/politics/seema-malhotra-sharks-emma-hardy-government-foreign-office-b1247039.html
60ea2268100554b15aeeed03f718a9219385e48cb7fc09a865eccfbd4116d27f,2025-09-09 20:49:25.483239+00:00,en,theguardian.com,theguardian.com,2025-09-09,‘A little bit of joy’: can tiny rafts save endangered sparrows from rising seas?,https://www.theguardian.com/environment/2025/sep/09/wildlife-conservation-america-endangered-birds-saltmarsh-sparrows-rhode-island-rising-seas-climate
44744ab1550ca3cb236dc64c44f16e779fb77e5db32b2df1834ae15249c4983d,2025-09-09 20:31:52.426260+00:00,en,pressat.co.uk,pressat.co.uk,2025-09-09,From Illegal Trade To Forest Freedom. Eight Javan Slow Lorises Returned To The Wild In Ujung Kulon National Park Ahead Of International Slow Loris Day,https://pressat.co.uk/releases/back-to-the-wild-from-illegal-trade-to-forest-freedom-eight-javan-slow-lorises-returned-to-the-wild-in-ujung-kulon-national-park-ahead-of-international-slow-loris-day-53f1b8a7b63a06d0f838dd90d0fe0031/
7fcbf1a858e2c458697024a5be5cff61c88b644bfb80dc992f734f7c79ce6f26,2025-09-09 16:37:49.052344+00:00,en,dailymail.co.uk,dailymail.co.uk,2025-09-09,"Controversial geoengineering proposals would cause IRREVERSIBLE damage in Antarctica, experts warn - so, from 'dimming the sun' to 'sea curtains', what are the most divisive plans being floated?",https://www.dailymail.co.uk/sciencetech/article-15077629/geoengineering-Antarctica-dimming-sun.html?ns_mchannel=rss&ito=1490&ns_campaign=1490
db2cd595c234445a3d9164f3000a5fcdc9bb7448391c73437ccd0a64437afb4b,2025-09-08 22:17:30.663582+00:00,en,theconversation.com,theconversation.com,2025-09-08,"Cities need trees, but sometimes they have to be cut down – here’s why, and how to do it properly",https://theconversation.com/cities-need-trees-but-sometimes-they-have-to-be-cut-down-heres-why-and-how-to-do-it-properly-264625
771a9688d995793317371aad5600c185b7cfa32854c45bba540c1c0b4cc4ab23,2025-09-08 19:32:20.276710+00:00,en,independent.co.uk,independent.co.uk,2025-09-08,Silicon Valley’s weirdest idea is back on the agenda,https://www.independent.co.uk/news/science/seasteading-peter-thiel-silicon-valley-oceanix-b2822563.html
ab63cdaec37d390dd57f6b904e05e3f3e8dd1d371d8e559afccc2a38d20fe9e1,2025-09-07 21:25:34.573401+00:00,en,theconversation.com,theconversation.com,2025-09-07,"With global powers barred, can Pacific nations find unity at their annual summit?",https://theconversation.com/with-global-powers-barred-can-pacific-nations-find-unity-at-their-annual-summit-264331
d3e73254b84925d8faa74d3b115ac8f5cb3e6290c3d6437d8189754670aa7121,2025-09-06 18:20:43.360097+00:00,en,independent.co.uk,independent.co.uk,2025-09-06,Silicon Valley’s weirdest idea is back on the agenda,https://www.independent.co.uk/news/science/seasteading-peter-thiel-silicon-valley-oceanix-b2803936.html
4675993aa4ea8970122bc7f4e06c0d54d359af2021ba6acc2f399b204599bd81,2025-09-05 16:17:40.602913+00:00,en,theguardian.com,theguardian.com,2025-09-05,What does a sunk Swedish galleon teach us about the perils of ignoring science? ‘Take no one’s word for it’,https://www.theguardian.com/science/2025/sep/06/what-does-a-sunk-swedish-galleon-teach-us-about-the-perils-of-ignoring-science-take-no-ones-word-for-it
b341d33068168fe3556bd8f75bf6115778b5559b20aa6f7a21853329e27c37c6,2025-09-01 16:34:36.301516+00:00,en,theguardian.com,theguardian.com,2025-09-01,I’m obsessed with deep sea sharks: their bioluminescent spots are just visible in the pitch black environment they live in,https://www.theguardian.com/environment/2025/sep/01/im-obsessed-with-deep-sea-sharks-endangered-threat-bottom-trawling-ocean-mining
a6810bc9dac154458cd8869f517688ff0ff22d9a8f5265d14f4bdf798509ca0a,2025-09-01 12:17:50.682015+00:00,en,express.co.uk,express.co.uk,2025-09-01,Nigel Farage issues 8-word warning over Kemi Badenoch's latest pledge,https://www.express.co.uk/news/politics/2102785/nigel-farage-issues-8-word-warning
d66c028814d551bbceb04bdf09b26b5ca257312f12d557c316f96bf98e4f0dc4,2025-08-28 20:27:03.387744+00:00,en,theconversation.com,theconversation.com,2025-08-27,Tourist trap: why charging entry fees at iconic NZ natural attractions could have hidden costs,https://theconversation.com/tourist-trap-why-charging-entry-fees-at-iconic-nz-natural-attractions-could-have-hidden-costs-263609
c591933b09d9b9ba8568ef4f3b2a9bfc2494bef3d077ebef30715b66b1e15707,2025-08-25 02:05:37.995518+00:00,en,theconversation.com,theconversation.com,2016-10-14,Time to ban imported American lobsters – before they take over European shores,http://theconversation.com/time-to-ban-imported-american-lobsters-before-they-take-over-european-shores-66644
3bbab14fb94cfa836c969aecf081a4ea56b0c35149ad49256cce43834a5e29c6,2025-08-24 16:36:41.269981+00:00,en,ft.com,ft.com,2016-01-14,The global waste dilemma: where does our food go?,http://www.ft.com/cms/s/2/09d28fda-98e4-11e5-9228-87e603d47bdc.html?ftcamp=published_links%2Frss%2Fcompanies_food-beverage%2Ffeed%2F%2Fproduct
7732deb31da887836ba9142399d081973763f18b2e840054f9ab9b5abe49a0be,2025-08-24 09:34:17.330711+00:00,en,theguardian.com,theguardian.com,2016-01-25,the Peruvian farmer killed for opposing a mega-dam,http://www.theguardian.com/environment/andes-to-the-amazon/2016/jan/25/hitler-rojas-peruvian-killed-mega-dam
27a522d7c9f89543023a0a1d9e72e7eb9629579980edaf1b39880ce32b771ede,2025-08-24 01:57:28.835982+00:00,en,economist.com,economist.com,2016-02-13,Damned if you do,http://www.economist.com/news/leaders/21692885-governments-should-stop-building-dams-mother-rivers-damned-if-you-do?fsrc=rss
9e6eae9ca0089073949de9e8234f2f869ab25710cff3c60305da83d4bec568ce,2025-08-23 22:50:31.804361+00:00,en,theguardian.com,theguardian.com,2016-02-18,Reimagining park life: how Britain’s green spaces are scrambling for cash,http://www.theguardian.com/cities/2016/feb/18/park-life-britain-green-spaces-cash-go-ape-battersea
94f71dc938dcc9c7365b67ab2812cb65a83591a40a48b2ee0e2918461d763e95,2025-08-23 22:50:19.995044+00:00,en,theguardian.com,theguardian.com,2016-02-18,Reimagining park life: how Britain’s green spaces are scrambling for cash,http://feeds.theguardian.com/c/34708/f/663828/s/4dac2a13/sc/14/l/0L0Stheguardian0N0Ccities0C20A160Cfeb0C180Cpark0Elife0Ebritain0Egreen0Espaces0Ecash0Ego0Eape0Ebattersea/story01.htm
d08a5f6f43f033b647fcc5680a5dd841e2c768e6563f8b74f368c6b6fc158c01,2025-08-23 21:47:04.429964+00:00,en,dailymail.co.uk,dailymail.co.uk,2016-02-21,"India set to seal major power deal in Bangladesh, beating China",http://www.dailymail.co.uk/wires/reuters/article-3457544/India-set-seal-major-power-deal-Bangladesh-beating-China.html?ITO=1490&ns_mchannel=rss&ns_campaign=1490
b1bddfdf8f9ede942818f381a9a4715b80e9580ff03b2f787e567efb51f18eb9,2025-08-23 20:41:53.892573+00:00,en,dailymail.co.uk,dailymail.co.uk,2016-02-23,"Australia's Barrier Reef at greater risk than thought, study says",http://www.dailymail.co.uk/wires/afp/article-3460735/Australias-Barrier-Reef-greater-risk-thought-study-says.html?ITO=1490&ns_mchannel=rss&ns_campaign=1490
7a3037301870cf29682115d1f3d9a37088423095be525e4d9419bd7064dd6299,2025-08-23 20:33:42.349697+00:00,en,theguardian.com,theguardian.com,2016-02-23,Why don't World Bank projects safeguard women's rights?,http://www.theguardian.com/global-development/2016/feb/23/world-bank-projects-safeguard-womens-rights-gender
c3362d70446ff7499e892c3b30adcddf70ae464b92bd80a2c3d3f52d0b834597,2025-08-23 20:29:45.168672+00:00,en,theguardian.com,theguardian.com,2016-02-23,Why don't World Bank projects safeguard women's rights?,http://feeds.theguardian.com/c/34708/f/663879/s/4dc9f984/sc/13/l/0L0Stheguardian0N0Cglobal0Edevelopment0C20A160Cfeb0C230Cworld0Ebank0Eprojects0Esafeguard0Ewomens0Erights0Egender/story01.htm
a647a924afeebe56dfe41c3db7e1f04e72bb49292624249d2f7e8481e5e4d2e7,2025-08-23 08:27:24.790591+00:00,en,dailymail.co.uk,dailymail.co.uk,2016-03-16,Dams in the Amazon basin threaten hundreds of species with extinction,http://www.dailymail.co.uk/sciencetech/article-3493817/Dammed-hell-Hydropower-Amazon-basin-threatening-hundreds-rare-unique-species-extinction-study-warns.html?ITO=1490&ns_mchannel=rss&ns_campaign=1490
0bda722ea326231e6cc87dce1d8ed8e5cf545f1d2767d51beb86d7b1571c6f2b,2025-08-23 08:14:59.546919+00:00,en,dailymail.co.uk,dailymail.co.uk,2016-03-17,We must stop harming the environment in the name of culture & religion,http://www.dailymail.co.uk/indiahome/indianews/article-3497543/Lessons-Sri-Sri-Ravi-Shankar-stop-harming-environment-culture-religion.html?ITO=1490&ns_mchannel=rss&ns_campaign=1490
927b8ca7079877664fad1d47333f2f9cb22259ee17295b4e03680cc2274d6ac7,2025-08-23 05:59:06.744218+00:00,en,dailymail.co.uk,dailymail.co.uk,2016-03-21,"In Uganda's Zika Forest, global health scare seems a world away",http://www.dailymail.co.uk/wires/reuters/article-3502960/In-Ugandas-Zika-Forest-global-health-scare-world-away.html?ITO=1490&ns_mchannel=rss&ns_campaign=1490
c165e8c33220b3284ed751d6077039841d529b881229cdbb2fa29da6edbbb241,2025-08-22 16:15:36.293392+00:00,en,theguardian.com,theguardian.com,2016-04-14,World's scientists to join forces on major 1.5C climate change report,http://feeds.theguardian.com/c/34708/f/663879/s/4ef09513/sc/31/l/0L0Stheguardian0N0Cenvironment0C20A160Capr0C140Cworlds0Escientists0Eto0Ejoin0Eforces0Eon0Emajor0E15c0Eclimate0Echange0Ereport/story01.htm
254963cb7bb165c9da3be458b9a5324bc02ef5196c75e3b8d619b99cc753f82f,2025-08-22 13:13:29.343501+00:00,en,theguardian.com,theguardian.com,2016-04-19,Why Limits to Growth's forecasts are still relevant today,http://www.theguardian.com/environment/blog/2016/apr/19/why-limits-to-growths-forecasts-are-still-relevant-today
40b4858be27363cf8f385fb29b93cb5807259173ace264bf2186c457a028cec3,2025-08-22 12:22:29.102171+00:00,en,theguardian.com,theguardian.com,2025-08-22,Opportunity knocks for the Green party: can the candidates seize it? You decide,https://www.theguardian.com/commentisfree/2025/aug/22/green-party-leadership-candidates
72308c9b70e6dbec30800b390c4577982f7a042d5bd99930cb0158115758dfc7,2025-08-22 08:21:47.053510+00:00,en,independent.co.uk,independent.co.uk,2016-04-26,It is time to act on wildlife crime before it is too late for Africa's giants,http://www.independent.co.uk/voices/campaigns/GiantsClub/we-have-the-international-momentum-now-it-is-time-to-act-on-wildlife-crime-before-it-is-too-late-a7002141.html
06e7d20662db69805f1a8ad8780d1a399f74e2f40e814594037f5e5423368a49,2025-08-22 00:23:32.155992+00:00,en,thesun.co.uk,thesun.co.uk,2025-08-21,Saudi 'struggles to build ski resort' in middle of desert for next winter games,https://www.thesun.co.uk/news/36393147/saudi-arabia-ski-resort-desert/
c05cb8c793fa7ac359fa66522607eb6df2b58c706146d5c0973b7018a9788dc1,2025-08-21 15:48:09.788647+00:00,en,dailymail.co.uk,dailymail.co.uk,2016-05-20,UN: Growing environmental threat from animal-to-man diseases,http://www.dailymail.co.uk/wires/ap/article-3601817/UN-Growing-environmental-threat-animal-man-diseases.html?ITO=1490&ns_mchannel=rss&ns_campaign=1490
76b90fcb0c480b41345d43eb78a52f0005329d2713d41b5b8308699033393bbf,2025-08-21 15:01:20.286631+00:00,en,ibtimes.co.uk,ibtimes.co.uk,2016-05-21,UN warns of growing environmental threat from animal-to-man diseases,http://www.ibtimes.co.uk/un-warns-growing-environmental-threat-animal-diseases-spreading-humans-1561265
f671872721e8730dac1dee71638a23c7f2b05ac83cbe6006068e6e25b92ef555,2025-08-21 14:28:38.186917+00:00,en,theguardian.com,theguardian.com,2025-08-21,"All Will Rise, the game empowering players to tackle real-world problems",https://www.theguardian.com/games/2025/aug/21/all-will-rise-the-game-empowering-players-to-tackle-real-world-problems
2f806dd54d59e466878b8d7230ec189429d32b9f3ed501d0e96884c783158e16,2025-08-21 10:36:08.544905+00:00,en,theconversation.com,theconversation.com,2016-05-26,University of Cape Town,http://theconversation.com/institutions/university-of-cape-town
b8c818f51ddc7e43156a17b5c7904c46597e2c3b58c37b34f284f974cfba3f9e,2025-08-21 02:32:11.484582+00:00,en,dailyrecord.co.uk,dailyrecord.co.uk,2016-06-10,Giant claw find could mean alien invaders in Ayrshire's waterways,http://www.dailyrecord.co.uk/news/local-news/fears-american-crayfish-invaded-ayrshires-8156374
8247f188127986b8a8f95ae935d78d9543e30af23b7c478a884e8f65d7ae53b5,2025-08-20 19:28:26.833331+00:00,en,heraldscotland.com,heraldscotland.com,2025-08-20,Harris Tweed faces PETA pressure with calls to end sheep wool use,https://www.heraldscotland.com/news/25404796.harris-tweed-faces-peta-pressure-calls-end-sheep-wool-use/?ref=rss
1468c3c8f1e6278aee7244fb9c34cd2fc8ab2c6bf897c8d1a99722500cffcba0,2025-08-20 07:11:59.873100+00:00,en,independent.co.uk,independent.co.uk,2016-07-11,"Urgent need to prepare Britain for flooding, heatwaves, food and water shortages, Government report says",http://www.independent.co.uk/environment/climate-change-report-flooding-food-water-shortages-global-warming-warning-uk-must-prepare-a7131561.html
1373b64e92355bc437f4b8b902a4c38fbc7cbfecc48cd6f5ff2ad4212fbe0ed7,2025-08-19 23:42:19.445056+00:00,en,dailymail.co.uk,dailymail.co.uk,2016-07-22,Leonardo DiCaprio takes private jet after his eco fundraiser,http://www.dailymail.co.uk/news/article-3704014/Environmental-activist-Leonardo-DiCaprio-hops-helicopter-gas-guzzling-private-jet-Saint-Tropez-celebrity-eco-fundraiser.html?ITO=1490&ns_mchannel=rss&ns_campaign=1490
e8f0e0f0f9207d14c17a1cf57c496f6e9ca1eb45ab4e11937bc10092292f5ea7,2025-08-19 21:34:38.622274+00:00,en,theguardian.com,theguardian.com,2016-07-25,Wine without waste: De Bortoli aims to be Australia's first zero-waste winery,https://www.theguardian.com/sustainable-business/2016/jul/25/de-bortoli-aims-first-zero-waste-winery-australia
f877df2f2c4429429fb66a56161fe6c18794aaff6286a88f8e3df48012ad819c,2025-08-19 16:17:10.333623+00:00,en,theconversation.com,theconversation.com,2025-08-19,"Spain wildfires: decades of rural decline made the blazes worse, but robust local economies can prevent further destruction – here’s how",https://theconversation.com/spain-wildfires-decades-of-rural-decline-made-the-blazes-worse-but-robust-local-economies-can-prevent-further-destruction-heres-how-263225
3401d543b3ed159432ed9fbf8df1d25210285e911cb84c65b8b66183d3650ed8,2025-08-19 12:13:43.662105+00:00,en,dailymail.co.uk,dailymail.co.uk,2016-08-08,"Laos' thirst for Mekong River dams imperils fishing, farming",http://www.dailymail.co.uk/wires/ap/article-3728826/Laos-thirst-Mekong-River-dams-imperils-fishing-farming.html?ITO=1490&ns_mchannel=rss&ns_campaign=1490
a6bc548e92c6807e5ee1654df81778ce4330d2e9825e9ce1440b3eabe1868ebe,2025-08-19 10:18:46.893441+00:00,en,theguardian.com,theguardian.com,2016-08-11,Balkan wildlife faces extinction threat from border fence to control migrants,https://www.theguardian.com/environment/2016/aug/11/balkan-wildlife-faces-extinction-threat-from-border-fence-to-control-migrants
77e736b674112909b1b213e5e944ad92111bbcebd929eef336ce9d740eadfa43,2025-08-19 09:22:51.731722+00:00,en,theguardian.com,theguardian.com,2025-08-19,‘A climate of unparalleled malevolence’: are we on our way to the sixth major mass extinction?,https://www.theguardian.com/environment/2025/aug/19/a-climate-of-unparalleled-malevolence-are-we-on-our-way-to-the-sixth-major-mass-extinction
03781b7cfb963397d06aea4baf146d0e6e7495f8f5adddf519543ae95d51141f,2025-08-19 08:39:24.942041+00:00,en,theguardian.com,theguardian.com,2016-08-14,The scientists who only come out at night…,https://www.theguardian.com/science/2016/aug/14/scientists-secrets-dark-night-time-research-sleep-circadian
11ac3a0beca67e68c0f74ce2937bd58729c46d7f61d9d9802a4fcc8887dbc241,2025-08-19 07:03:07.216696+00:00,en,dailymail.co.uk,dailymail.co.uk,2016-08-16,Melting glaciers pose threat beyond water scarcity: floods,http://www.dailymail.co.uk/wires/ap/article-3742614/Melting-glaciers-pose-threat-water-scarcity-floods.html?ITO=1490&ns_mchannel=rss&ns_campaign=1490
8fb30ed9c7ea9f5315070a87acbf61f94de0eca1a18b60d65d7c012cb9a876b7,2025-08-18 20:16:13.088391+00:00,en,huffingtonpost.co.uk,huffingtonpost.co.uk,2016-09-01,The Great Transition To A New Relationship With The Planet,http://www.huffingtonpost.co.uk/marco-lambertini/the-great-transition-to-a_b_11794564.html
9b7a0a06c45be8a17545aa88298b43bf75080b660f65e44f7f9fb0e35c2e312e,2025-08-18 18:21:56.728429+00:00,en,standard.co.uk,standard.co.uk,2025-08-18,Call for urgent cross-party action to save Lough Neagh,https://www.standard.co.uk/news/environment/andrew-muir-agriculture-b1243492.html
56a0af343291112fdfb67e5e19a5ef0f590f3cab1cacfcc989190e82aa08e489,2025-08-18 15:33:19.532015+00:00,en,dailymail.co.uk,dailymail.co.uk,2016-09-08,Global biodiversity sees 'staggering' declines,http://www.dailymail.co.uk/sciencetech/article-3779908/A-tenth-Earth-s-wilderness-disappeared-1990s-global-biodiversity-sees-staggering-declines.html?ITO=1490&ns_mchannel=rss&ns_campaign=1490
df98e2b57051a0311fed5b28fedc2d0174adf7467718ff6227de9b2c9c74da1e,2025-08-18 15:33:05.992526+00:00,en,ibtimes.co.uk,ibtimes.co.uk,2016-09-08,A tenth of world's wilderness has been lost since 1990s,http://www.ibtimes.co.uk/tenth-worlds-wilderness-has-been-lost-since-1990s-1580385
d992bd75fc721c3e203e1f590cc863b2aab8a4ccc51407aaf43a25b01a003879,2025-08-18 10:06:26.279086+00:00,en,dailymail.co.uk,dailymail.co.uk,2016-09-16,"Protection of Amazon's biodiversity could fuel ""fourth industrial r...",http://www.dailymail.co.uk/wires/reuters/article-3793223/Protection-Amazons-biodiversity-fuel-fourth-industrial-revolution--study.html?ITO=1490&ns_mchannel=rss&ns_campaign=1490
5e17425f0fd2dba4d09dd2fcfe1f948ef58939c8a11de80e789c4414753985db,2025-08-18 09:43:19.871609+00:00,en,theconversation.com,theconversation.com,2016-09-16,The world's carbon stores are going up in smoke with vanishing wilderness,http://theconversation.com/the-worlds-carbon-stores-are-going-up-in-smoke-with-vanishing-wilderness-65345
a052df553257c4d7e301737b4fc4e9607ed31902c5d1186ea2759562a40785ef,2025-08-18 09:02:03.738296+00:00,en,theconversation.com,theconversation.com,2016-09-18,Explainer: what is CITES and why should we care?,http://theconversation.com/explainer-what-is-cites-and-why-should-we-care-65510
f5abc667c3ee2fe938feeeef168abeeca86a822bf0012642de3962f44cfb0be3,2025-08-18 02:36:01.726202+00:00,en,theconversation.com,theconversation.com,2016-09-28,Conservation decisions must protect the livelihoods of people living in Africa,http://theconversation.com/conservation-decisions-must-protect-the-livelihoods-of-people-living-in-africa-66069
353523bee2fa22aa417f47664cd64254de909548c8ebb370dcfb4763b892993b,2025-08-18 02:34:01.827905+00:00,en,independent.co.uk,independent.co.uk,2016-09-27,9 wonders of the world set to vanish forever: How many have you ticked off?,http://www.independent.co.uk/travel/news-and-advice/world-wonders-unesco-world-heritage-sites-extinct-florida-indonesia-peru-liverpool-georgia-egypt-a7333336.html
2dbf9380eb336f92046ae64c8204053c922b453d405d8ea55a291bb68cc63bff,2025-08-17 11:50:02.328059+00:00,en,theconversation.com,theconversation.com,2016-10-30,Turnbull wants to change Australia's environment act,http://theconversation.com/turnbull-wants-to-change-australias-environment-act-heres-what-we-stand-to-lose-67696
4beb3f9c1ff8ac7ddcadd030e6406be0864be28066839ba379ca9e4be51e6ce4,2025-08-17 02:56:41.844361+00:00,en,dailymail.co.uk,dailymail.co.uk,2016-11-12,"Once an inspiration to poets and kings, one of Asia’s largest freshwater lakes has been reduced to a stinking swamp due to human error",http://www.dailymail.co.uk/news/article-3929304/India-sees-Kashmirs-storied-Wular-Lake-worth-restored.html?ITO=1490&ns_mchannel=rss&ns_campaign=1490
332d397d8a9643a02956cdf89a61dc423334f6044d40055ac39711e6fa370d7a,2025-08-17 00:02:59.991504+00:00,en,telegraph.co.uk,telegraph.co.uk,2016-11-17,Prince William warns Hanoi conference of looming threat of extinction as species killed at 'horrifying rate',http://www.telegraph.co.uk/news/2016/11/17/prince-william-warns-hanoi-conference-of-looming-threat-of-extin/
b20a62d9250cfcba38acc982bf759a4adb91eefc05620ac550fb07fa7b4be04d,2025-08-17 00:00:51.481702+00:00,en,dailymail.co.uk,dailymail.co.uk,2016-11-17,Prince William warns of looming threat of extinction,http://www.dailymail.co.uk/wires/afp/article-3944616/Prince-William-warns-looming-threat-extinction.html?ITO=1490&ns_mchannel=rss&ns_campaign=1490
7f0169e71b332ece88f35fbd585891d1c8abc3ba570a4f5bec3dc9f28ea7d024,2025-08-16 22:04:50.792952+00:00,en,theconversation.com,theconversation.com,2016-11-21,"A 'sapphire rush' has sent at least 45,000 miners into Madagascar's protected rainforests",http://theconversation.com/a-sapphire-rush-has-sent-at-least-45-000-miners-into-madagascars-protected-rainforests-69164
2933ec11a7c2f6dd74ffea4aac610d669d170068e13bd4ab2f4713660265c901,2025-08-16 11:30:28.977166+00:00,en,dailymail.co.uk,dailymail.co.uk,2016-12-07,The tiny bugs killing millions of America's trees: Researchers warn hemlock woolly and other pests could drive species to extinction,http://www.dailymail.co.uk/sciencetech/article-4008296/Spread-trade-climate-bugs-butcher-Americas-forests.html?ITO=1490&ns_mchannel=rss&ns_campaign=1490
a52c03c1dd350bbc4078dc69f79d2601b77c6ea93320d3b04f77b2936e8c9be1,2025-08-16 11:27:57.798291+00:00,en,theguardian.com,theguardian.com,2016-12-07,The Holocene hangover: it is time for humanity to make fundamental changes,https://www.theguardian.com/books/2016/dec/07/the-holocene-hangover-it-is-time-for-humanity-to-make-fundamental-changes
e852ad9b8e6f60c82f385fe07bdf84f6d73c693d855c613d1521e4d84aa4cc20,2025-08-16 10:59:13.825985+00:00,en,dailymail.co.uk,dailymail.co.uk,2016-12-07,"Spread by trade and climate, bugs butcher America's forests",http://www.dailymail.co.uk/wires/ap/article-4008296/Spread-trade-climate-bugs-butcher-Americas-forests.html?ITO=1490&ns_mchannel=rss&ns_campaign=1490
553e3ecdfaad8dafcba7ea132cb3fee9d20119a650148fbe33507b129521edea,2025-08-16 09:26:30.215086+00:00,en,huffingtonpost.co.uk,huffingtonpost.co.uk,2016-12-09,"Giraffes Are Going Silently Extinct, As Crisis 'May Be Greater' Than Previously Thought",http://www.huffingtonpost.co.uk/2016/12/09/giraffes-extinction-red-list-threatened-species_n_13529042.html
44798d12be80c0c220b302e972675df0f4018416728fbf2d2deeb7cc0ab9247f,2025-08-16 09:17:37.571630+00:00,en,dailymail.co.uk,dailymail.co.uk,2016-12-10,If it's good enough for Charles Darwin... Wildlife watching in the Galapagos Islands is like directing your own Planet Earth TV show,http://www.dailymail.co.uk/travel/article-4019928/If-s-good-Charles-Darwin-Wildlife-watching-Galapagos-Islands-like-directing-Planet-Earth-TV-show.html?ITO=1490&ns_mchannel=rss&ns_campaign=1490
10cf84df0d38a379fd6ea9dff226b54717e8b20a4f16ab55adb1df26022d6988,2025-08-16 06:49:29.923492+00:00,en,unitedkingdomnews.net,unitedkingdomnews.net,2016-12-12,Scientists shine a spotlight on the overlooked menace of nitrogen,http://www.unitedkingdomnews.net/index.php/sid/250106973
626ef9e59d0ac349d37c29503fb71d1ecae14e267c7f91e62643cf7e0e95dfae,2025-08-15 15:20:58.450719+00:00,en,walesonline.co.uk,walesonline.co.uk,2025-08-15,Startling pictures show how Welsh canal has dried up this summer,https://www.walesonline.co.uk/news/wales-news/startling-pictures-show-how-welsh-32280979
669f2b90e3d4b89c98bc431ea1bfa56b1600f945d83f323da91259480cb8b79a,2025-08-15 07:47:49.576078+00:00,en,dailymail.co.uk,dailymail.co.uk,2017-01-01,"Spread by trade and climate, bugs butcher America's forests",http://www.dailymail.co.uk/wires/ap/article-4079754/Spread-trade-climate-bugs-butcher-Americas-forests.html?ITO=1490&ns_mchannel=rss&ns_campaign=1490
56f026795032eebf0a9d3dfef5d1d5fdb8edb44c720b689747c2d6a94a4acae0,2025-08-14 21:27:44.405114+00:00,en,independent.co.uk,independent.co.uk,2017-01-14,World 'could enjoy utopian future' with sustainable development,http://www.independent.co.uk/news/business/news/sustainable-development-global-goals-theresa-may-united-nations-mark-malloch-brown-a7527736.html
cf2f2ea9f2adb5e924fedb2775c3c57d7e8324c5a4d1b90c7921eab7fdaeedb8,2025-08-14 19:50:04.012135+00:00,en,theconversation.com,theconversation.com,2017-01-17,A local view helps fight the effects of climate change on the ocean,http://theconversation.com/a-local-view-helps-fight-the-effects-of-climate-change-on-the-ocean-70180
6e0faaa9a3b317c1e085bc8746cf2c0b6954080c8b3b7258f8a98ac3af9c9c5b,2025-08-14 18:42:39.605734+00:00,en,dailymail.co.uk,dailymail.co.uk,2017-01-18,Moth with 'unique genitalia' is named after Donald Trump,http://www.dailymail.co.uk/sciencetech/article-4131374/Moth-unique-genitalia-named-Donald-Trump.html?ITO=1490&ns_mchannel=rss&ns_campaign=1490
6b1088daa53aeaf03676641841757b87bee6f33284dacf139a9ee148e740b393,2025-08-14 15:52:36.707459+00:00,en,dailymail.co.uk,dailymail.co.uk,2017-01-22,"One man appointed to watch 6,000 football fields of forest",http://www.dailymail.co.uk/indiahome/indianews/article-4145876/One-man-appointed-watch-6-000-football-fields-forest.html?ITO=1490&ns_mchannel=rss&ns_campaign=1490
2b18d1e6cf4c32f020f453e7f13547161f1c5e3e86b4e5b9cbeda8dab77db0c6,2025-08-14 13:59:49.087715+00:00,en,theguardian.com,theguardian.com,2017-01-24,What if we gave universal income to people in biodiversity hotpots?,https://www.theguardian.com/environment/radical-conservation/2017/jan/24/what-if-we-gave-universal-income-to-people-in-biodiversity-hotpots
4fa253bf1a967fe36e4b85db39aa3d30419c1d061976c8929b3267dd42bd3306,2025-08-14 12:18:59.993036+00:00,en,dailymail.co.uk,dailymail.co.uk,2017-01-26,"Bangladesh uses tear gas, water cannon to break up power plant protest",http://www.dailymail.co.uk/wires/reuters/article-4159848/Bangladesh-uses-tear-gas-water-cannon-break-power-plant-protest.html?ITO=1490&ns_mchannel=rss&ns_campaign=1490
71ac22ab63cc67c14d32c842eefefcb4ba0b00f025f5f5ab5b052e96f4132213,2025-08-14 08:37:51.973088+00:00,en,theconversation.com,theconversation.com,2017-01-31,More than half the world's most important natural sites are under threat: it's time to protect them,http://theconversation.com/more-than-half-the-worlds-most-important-natural-sites-are-under-threat-its-time-to-protect-them-72202
00d9f2da990722261662e3883505e74ec8f69b45f78c1e54667e83a562e74893,2025-08-14 04:30:53.459275+00:00,en,theconversation.com,theconversation.com,2017-02-06,The environment needs billions of dollars more: here's how to raise the money,http://theconversation.com/the-environment-needs-billions-of-dollars-more-heres-how-to-raise-the-money-70401
28d8fdf2dd50611b4fc1055c8fe9613926f5fee849b7e696442c223e702e0198,2025-08-14 02:46:33.548397+00:00,en,dailymail.co.uk,dailymail.co.uk,2017-02-08,Alpacas trump sheep in bid for Andean water security,http://www.dailymail.co.uk/wires/reuters/article-4204556/Alpacas-trump-sheep-bid-Andean-water-security.html?ITO=1490&ns_mchannel=rss&ns_campaign=1490
68f7782fdf7414c38627da4b747f2d06db5f36f9a56855e3688b46110c541f7f,2025-08-13 06:22:52.105183+00:00,en,theconversation.com,theconversation.com,2017-03-05,'Claim the sky': a new climate movement for the Trump era,http://theconversation.com/claim-the-sky-a-new-climate-movement-for-the-trump-era-73070
3e4ea051528b3a2478ca5bf4410b590d5a8e6c45c1d4cce82071c2465a903f81,2025-08-13 04:33:25.320248+00:00,en,theconversation.com,theconversation.com,2017-03-07,Enough is as good as a feast: here's how we can imagine a brighter food future,http://theconversation.com/enough-is-as-good-as-a-feast-heres-how-we-can-imagine-a-brighter-food-future-72005
12f392718b97b5d4756b282570bf92a415b24efa4cadcb2e7614a93be6f26c75,2025-08-12 21:38:38.778079+00:00,en,theconversation.com,theconversation.com,2017-03-15,Year-on-year bleaching threatens Great Barrier Reef's World Heritage status,http://theconversation.com/year-on-year-bleaching-threatens-great-barrier-reefs-world-heritage-status-74606
09fd44101a370268a22bc89b95fc170ad8aaeb77e9e7a8f94707a8db05f3f1de,2025-08-12 17:11:46.227634+00:00,en,theconversation.com,theconversation.com,2017-03-21,Stormwater harvesting could help South Africa manage its water shortages,http://theconversation.com/stormwater-harvesting-could-help-south-africa-manage-its-water-shortages-74377
d9c3059213b76f914db010722727ea43576e317692ee293588443571ec260b42,2025-08-12 08:29:09.230644+00:00,en,huffingtonpost.co.uk,huffingtonpost.co.uk,2017-03-31,Where The Wild Things Will Be Next,http://www.huffingtonpost.co.uk/dr-nathalie-pettorelli/where-the-wild-things-wil_b_15708084.html
77b1a1e5f3394a00e606529e0435e98a7d2c7d948e9fc04f25ac10bae72e7d48,2025-08-12 07:07:37.597084+00:00,en,theconversation.com,theconversation.com,2017-04-02,"After 25 years of trying, why aren’t we environmentally sustainable yet?",http://theconversation.com/after-25-years-of-trying-why-arent-we-environmentally-sustainable-yet-73911
189c7ec56065195fe9114229049f2d9b3f22410e92ec4ada853cd3acc781739b,2025-08-11 21:35:03.968134+00:00,en,theconversation.com,theconversation.com,2017-04-13,"How to embrace urban living, but avoid an apocalypse",http://theconversation.com/how-to-embrace-urban-living-but-avoid-an-apocalypse-74102
98ac179dd8cc90ae169bdfada89c2cc772ab8756601428161f83c7af23c399be,2025-08-11 10:57:35.607563+00:00,en,huffingtonpost.co.uk,huffingtonpost.co.uk,2017-04-26,S.O.S. The World Of Blue,http://www.huffingtonpost.co.uk/dr-ion-jinga/sos-the-world-of-blue_b_16240110.html
6e64c02cac226c2e2b35d4bd29b11d835f39b60b46bd92fc7114ae423c051acf,2025-08-11 09:23:11.714645+00:00,en,theguardian.com,theguardian.com,2017-04-28,The crew of cyclists turning Florida’s lawns into farms,https://www.theguardian.com/environment/world-on-a-plate/2017/apr/28/the-crew-of-cyclists-turning-floridas-lawns-into-farms
e636ead448ee1a1d831aa5cbf800cea306c46ca22babe6df7ea64767a2c615fa,2025-08-10 18:33:48.699963+00:00,en,independent.co.uk,independent.co.uk,2017-05-16,Scientists urge people to act on the deadly threat of invasion by 'alien' species,http://www.independent.co.uk/news/science/alien-invasive-species-animals-plants-threat-scientists-report-study-university-of-cambridge-a7739026.html
11a759ee6f515aafbf1a8d480488342ceb5ad50f72bc2e143e2acf2e2762563c,2025-08-10 13:41:02.316117+00:00,en,ft.com,ft.com,2017-05-16,Mediterranean makeover: UK gardens and climate change,https://www.ft.com/content/c1ff37bc-3595-11e7-99bd-13beb0903fa3
eb183663d209cf295d412b28b213ef7e2b4ec6c35498562f043a2388fbff7aad,2025-08-10 12:15:25.020852+00:00,en,theconversation.com,theconversation.com,2017-05-23,Widespread invasive species control is a risky business,http://theconversation.com/widespread-invasive-species-control-is-a-risky-business-77460
04543f9af71822dc703ded6ba3d09c2506a559521c66757d369bff0b059de69c,2025-08-10 10:42:49.885399+00:00,en,scotsman.com,scotsman.com,2017-05-25,James Fenton: Price of new woods culturally costly,http://www.scotsman.com/news/opinion/james-fenton-price-of-new-woods-culturally-costly-1-4455651
2cd04293dcbff9edc33a33d64bd7b29e24f48c210ad8138dfc456041ffac8e4c,2025-08-10 10:33:40.847569+00:00,en,independent.co.uk,independent.co.uk,2017-05-17,How the potential threats to Earth's 'final frontier' are growing,http://www.independent.co.uk/news/science/deep-sea-threats-earth-ocean-over-fishing-pollution-mining-a7741171.html
cec4bd310b16aa872c604956d45aa4b236097951e27d8dede6ef45d7e2827555,2025-08-10 06:30:41.873555+00:00,en,ibtimes.co.uk,ibtimes.co.uk,2017-05-31,Hong Kong's craze for sea cucumbers is demolishing populations as far away as Mexico,http://www.ibtimes.co.uk/hong-kongs-craze-sea-cucumbers-demolishing-populations-far-away-mexico-1624080
77c1ef5085840becad587acda551f3d6ab10d282448cb60a0f7b8998689c4978,2025-08-10 00:11:30.401801+00:00,en,chroniclelive.co.uk,chroniclelive.co.uk,2016-11-04,Battle lines drawn over plans to build thousands of homes,http://www.chroniclelive.co.uk/news/north-east-news/battle-lines-drawn-over-plans-12125276
0c45b0e4e9591140e42acdb75a81fb21ca0bbe16dd18e2b1b8363be2cabb9924,2025-08-09 23:57:17.082464+00:00,en,walesonline.co.uk,walesonline.co.uk,2016-09-13,Opencast quarrying could 'destroy' this valleys beauty spot,http://www.walesonline.co.uk/news/local-news/opencast-quarrying-could-destroy-wonderful-11879810
bc46fd79b616e93d1b0bc8238d1af50a98a2d47d83aac46e34ded25580960c95,2025-08-09 23:53:10.100555+00:00,en,newstatesman.com,newstatesman.com,2016-07-01,Anti-extinction: how human activity is leading to the development of new species,http://www.newstatesman.com/2016/07/anti-extinction-how-human-activity-leading-development-new-species
c6ca231886d40ed4e2b9843fed11c5065fdcc4662cf0052e83cb2d67f7ac25a0,2025-08-09 23:53:00.720970+00:00,en,newstatesman.com,newstatesman.com,2017-01-06,Is the world’s tallest creature heading for a fall?,http://www.newstatesman.com/culture/nature/2017/01/world-s-tallest-creature-heading-fall
4e544588a0dc23cbc4512b5081ef0252e7630ff74fdc3101a51d16d18b40d304,2025-08-09 23:52:52.901827+00:00,en,newstatesman.com,newstatesman.com,2016-03-01,Caving In,http://www.newstatesman.com/newstatesman-gibraltar/special-features/2016/03/caving
d3bb5182b3c600f4aa8f0ed4ea99e2aafc767c970abc6435eb557c79377afd30,2025-08-09 09:30:12.208250+00:00,en,dailymail.co.uk,dailymail.co.uk,2017-06-22,Prince Charles says future may depend on organic farming,http://www.dailymail.co.uk/news/article-4629982/Prince-Charles-says-future-depend-organic-farming.html?ITO=1490&ns_mchannel=rss&ns_campaign=1490
5c85dad2efb1321a19f81f513b66c68af1ae7f4242dce7df6a461582f8dda7f2,2025-08-09 09:20:46.387598+00:00,en,theconversation.com,theconversation.com,2017-06-22,"Invasive species have a massive impact, but wise policy can keep them out",http://theconversation.com/invasive-species-have-a-massive-impact-but-wise-policy-can-keep-them-out-79444
7e21bb5e210ac9ba49bcc32f7e57865213140a1c599b09b7c35d32efb25a14e7,2025-08-09 07:24:24.452871+00:00,en,theguardian.com,theguardian.com,2017-06-25,Changing the course of history for Kenya's wildlife,https://www.theguardian.com/environment/africa-wild/2017/jun/26/changing-the-course-of-history-for-kenyas-wildlife
aceef6f5c3d2f0f47d856a1565b18c68ddbd69ca2337f0b4adf4540601fcdd0f,2025-08-09 06:28:07.008261+00:00,en,independent.co.uk,independent.co.uk,2017-06-26,"The Great Barrier Reef is ""too big to fail"" and is worth £33bn, experts say",http://www.independent.co.uk/news/business/news/great-barrier-reef-worth-climate-change-sea-warming-bleaching-33-billion-sydney-opera-house-a7808276.html
a57e174b80eb80a9655a38a05dfaf5900553ad0528f454de501bd2a133fa5d7c,2025-08-09 04:35:32.076588+00:00,en,theconversation.com,theconversation.com,2017-06-29,What's the economic value of the Great Barrier Reef? It's priceless,http://theconversation.com/whats-the-economic-value-of-the-great-barrier-reef-its-priceless-80061
443438b954f8e183d581a9115c040394e5350dc5d62ecd1ee2251107ad034b1e,2025-08-09 04:15:37.543755+00:00,en,newstatesman.com,newstatesman.com,2017-06-29,“Neither justifiable nor wise”: Government delay on climate change puts UK at risk,http://www.newstatesman.com/politics/energy/2017/06/neither-justifiable-nor-wise-government-delay-climate-change-puts-uk-risk
e47acbb97a700303ae7d9a1451df1d76e116c6a8ac050bf070a115067d2f961d,2025-08-08 20:47:52.401613+00:00,en,theguardian.com,theguardian.com,2025-08-08,‘We’ve begun oil spill response training’: Patagonia prepares for the largest crude oil export port in Argentina,https://www.theguardian.com/global-development/2025/aug/08/argentina-patagonia-valdes-peninsula-oil-vaca-muerta-whales-wildlife-spills-coast
03a761bbcf2f9f5b4699bb532acd03e67ed969843d6c13bf35f81d227dc25f24,2025-08-08 20:09:25.683594+00:00,en,independent.co.uk,independent.co.uk,2017-07-10,"The world is facing a 'biological annihilation' of species, researchers warn",http://www.independent.co.uk/environment/world-facing-annihilation-species-extinction-animal-population-proceedings-of-the-national-academy-a7834531.html
8d13f42661ea5a84fa292b2f98c6855cea9b43a029e38339fc361ae644ef4dbd,2025-08-08 20:05:21.635382+00:00,en,ibtimes.co.uk,ibtimes.co.uk,2017-07-10,World is facing its sixth mass extinction and the nightmare of 'biological annihilation',http://www.ibtimes.co.uk/sixth-mass-extinction-biological-annihilation-more-catastrophic-we-thought-1629651
d36350bb8b815d28f5fa6ab3479d7ae77604ce5a78ddaf382058c92b70ca67c9,2025-08-08 17:00:01.302810+00:00,en,theguardian.com,theguardian.com,2017-07-13,EU calls for immediate ban on logging in Poland's Białowieża forest,https://www.theguardian.com/environment/2017/jul/13/eu-calls-for-immediate-ban-on-logging-in-bialowieza-forest-poland
288d785d9ffb145be49000758a8ccc4ce4c87432c854de4c331092fe40edc273,2025-08-08 10:19:06.478486+00:00,en,theguardian.com,theguardian.com,2017-03-14,Six women who work to save the world's most endangered wildlife,https://www.theguardian.com/vulcan-partner-zone/2017/mar/14/six-women-who-work-to-save-the-worlds-most-endangered-wildlife
e4328b831018998a3c3a8a61bc73a3e4bf765c5086b056a301270533072c0aa9,2025-08-08 04:06:03.919993+00:00,en,dailymail.co.uk,dailymail.co.uk,2017-07-26,Heidi Klum flaunts her svelte figure in St Tropez,http://www.dailymail.co.uk/tvshowbiz/article-4733676/Heidi-Klum-44-flaunts-svelte-figure-St-Tropez.html?ITO=1490&ns_mchannel=rss&ns_campaign=1490
937009542ef634ae03278e512c47b31df7f83b22a50cbfee29ea3863e090fc26,2025-08-08 03:13:27.269546+00:00,en,theconversation.com,theconversation.com,2016-11-03,Paris climate agreement enters into force: international experts respond,https://theconversation.com/paris-climate-agreement-enters-into-force-international-experts-respond-68124?sr=4
ed9293a8984d563360d67910062d8ea2a6ab887344a881fe6969d67ff9e58cdc,2025-08-08 00:09:18.086717+00:00,en,theguardian.com,theguardian.com,2017-02-20,Kid Rock v Ted Nugent: Who has the policies to be senator for Michigan?,https://www.theguardian.com/music/musicblog/2017/feb/20/kid-rock-ted-nugent-republican-senator-michigan-election?CMP=edit_2221
25e32fb693c9c1ba8adb014c52c94b2d19dc678eddd84bbc27c1587681d77e55,2025-08-07 23:33:55.585587+00:00,en,theconversation.com,theconversation.com,2017-07-31,How farming giant seaweed can feed fish and fix the climate,http://theconversation.com/how-farming-giant-seaweed-can-feed-fish-and-fix-the-climate-81761
5ee8fa98e5e7854b35c1046fd0065c790cd0157f8519a20a53fd232ceb1cd73d,2025-08-07 20:46:01.878470+00:00,en,newstatesman.com,newstatesman.com,2017-08-03,The race to save Romania’s forests: how illegal loggers lay waste to the wilderness,http://www.newstatesman.com/culture/observations/2017/08/race-save-romania-s-forests-how-illegal-loggers-lay-waste-wilderness
085f63e0d4eaab09fd5f21017ff99694e8cfc00ac5a30155a83a4b420bb741e8,2025-08-07 20:24:49.522676+00:00,en,dailymail.co.uk,dailymail.co.uk,2025-08-07,Scientist reveals how many burgers you should eat every month to save the planet,https://www.dailymail.co.uk/sciencetech/article-14979091/eat-burger-2-WEEKS-save-planet-climate.html?ns_mchannel=rss&ns_campaign=1490&ito=1490
68d60e00b7aec19b9b1e0e0ed5c73b29b1d291a4a9fccb6596ca10c269d51673,2025-08-07 17:15:17.084788+00:00,en,theguardian.com,theguardian.com,2017-01-09,Modern agriculture cultivates climate change – we must nurture biodiversity,https://www.theguardian.com/global-development/2017/jan/09/modern-agriculture-cultivates-climate-change-nurture-biodiversity-olivier-de-schutter-emile-frison
60422b597b6b8040393ec96e2be218a8569ddd0a00e0c0ae37406e749ce1b649,2025-08-07 16:21:11.322993+00:00,en,dailymail.co.uk,dailymail.co.uk,2017-08-08,Asian Hornets could colonise the UK in two decades,http://www.dailymail.co.uk/sciencetech/article-4772076/Asian-Hornets-colonise-UK-two-decades.html?ITO=1490&ns_mchannel=rss&ns_campaign=1490
105b045fd51817000425344247efbe515795298945849c55e751610ddb5d5a99,2025-08-07 09:09:52.897667+00:00,en,theguardian.com,theguardian.com,2017-06-27,Plastic debris inundates remote UK coasts endangering wildlife,https://www.theguardian.com/environment/2017/jun/27/plastic-debris-inundates-remote-uk-coasts-endangering-wildlife
cb33da12a512cf5d10f09444d361775eb86575ecd3113679ccc401478941ba88,2025-08-07 01:12:51.810915+00:00,en,ibtimes.co.uk,ibtimes.co.uk,2017-08-25,Berlin has been invaded ... by Louisiana swamp crayfish,http://www.ibtimes.co.uk/berlin-has-been-invaded-by-louisiana-swamp-crayfish-1636665
76ba73fdaf420c05449d243e6aed993107d2ce91d786734fb72674d0f47c1a87,2025-08-06 22:08:24.763615+00:00,en,theguardian.com,theguardian.com,2017-08-22,Spectacular rebirth of Belize's coral reefs threatened by tourism and development,https://www.theguardian.com/environment/2017/aug/22/belize-coral-reefs-improving-grassroots-restoration
02b3c61465cbfffa772c62a20e1af883f074f368f2b60ec60bb9edcae6b8cf93,2025-08-06 21:25:40.726378+00:00,en,theconversation.com,theconversation.com,2025-08-06,"By changing our diets now, we can avoid the food chaos that climate change is bringing",https://theconversation.com/by-changing-our-diets-now-we-can-avoid-the-food-chaos-that-climate-change-is-bringing-256828
ad6c8fee5929876b7dff27bea82d7169e963ceb100e0e26875a6e2ac0827db04,2025-08-06 20:36:27.438110+00:00,en,dailymail.co.uk,dailymail.co.uk,2017-08-29,Bones reveal signs of rare condition in woolly rhinos,http://www.dailymail.co.uk/sciencetech/article-4834258/Bones-reveal-signs-rare-condition-woolly-rhinos.html?ITO=1490&ns_mchannel=rss&ns_campaign=1490
86a76664ff03eb0b3faf0550a56b80fdca25123ce3567143b7e6988d1fc13aea,2025-08-06 20:25:37.787304+00:00,en,independent.co.uk,independent.co.uk,2017-08-31,New species discovered every two days in the Amazon as it's trashed by 'relentless deforestation',http://www.independent.co.uk/environment/amazon-new-species-discover-rainforest-south-america-deforestation-jungle-a7921641.html
3ee1604e11cb7c2c7ec07e3a1ee62d17f814566c27619b0eb9f677816b578813,2025-08-06 20:23:39.779256+00:00,en,dailymail.co.uk,dailymail.co.uk,2017-08-31,WWF warns 381 newly found Amazon species are threatened,http://www.dailymail.co.uk/sciencetech/article-4839382/WWF-warns-381-newly-Amazon-species-threatened.html?ITO=1490&ns_mchannel=rss&ns_campaign=1490
78d98920b7390c462fe9be37038f08777baa629c391cbb706efafe3c34aacd9b,2025-08-05 21:39:31.381642+00:00,en,theconversation.com,theconversation.com,2025-08-05,World’s biggest coral survey confirms sharp decline in Great Barrier Reef after heatwave,https://theconversation.com/worlds-biggest-coral-survey-confirms-sharp-decline-in-great-barrier-reef-after-heatwave-260563
4a0a4046f74838682e2ffb576400eeb224979ea5791e6aa60e37241b117c653e,2025-08-05 04:31:39.743072+00:00,en,theconversation.com,theconversation.com,2017-10-17,"Lets get this straight, habitat loss is the number-one threat to Australia's species",http://theconversation.com/lets-get-this-straight-habitat-loss-is-the-number-one-threat-to-australias-species-85674
30eac4006dcdebea07c8dd986967a2268d40e1e149edc02bbf3d49f0fe7111a0,2025-08-05 02:33:17.926044+00:00,en,dailymail.co.uk,dailymail.co.uk,2017-10-19,Siberia's Lake Baikal is mysteriously dying,http://www.dailymail.co.uk/travel/travel_news/article-4996040/World-s-deepest-lake-mysteriously-dying.html?ITO=1490&ns_mchannel=rss&ns_campaign=1490
a233fa6a706dfbd6c7fe5180f4f860b808e1780e1f5392c243cec9625f41444a,2025-08-04 20:07:32.783716+00:00,en,huffingtonpost.co.uk,huffingtonpost.co.uk,2017-05-09,Why We Need To Keep Blocking Coal Mines – A Call To Action,http://www.huffingtonpost.co.uk/andrea-brock/coal-mines-blocking_b_16504848.html?1494336026
9f2469eb29615b0c8112973c06921d929d3b7cffbc05a275ba91b8ecca1e6e80,2025-08-04 19:28:58.576836+00:00,en,theguardian.com,theguardian.com,2017-10-24,"UK is 30-40 years away from 'eradication of soil fertility', warns Gove",https://www.theguardian.com/environment/2017/oct/24/uk-30-40-years-away-eradication-soil-fertility-warns-michael-gove
6031a4643f0f3123a4296a7cc692d1eb540b36eab841f26d6ca06d5168475b53,2025-08-04 19:00:12.860475+00:00,en,economist.com,economist.com,2017-10-19,The loneliest plant on earth,http://www.economist.com/news/middle-east-and-africa/21730419-there-only-one-woods-cycad-and-it-male-loneliest-plant-earth?fsrc=rss%7Cmea
d85507743848e7ba7a31f4f201742a03f4d32bd0c70697ff964e60ae09bd09dd,2025-08-04 17:36:09.634213+00:00,en,theguardian.com,theguardian.com,2025-08-04,"Tapirs, hummingbirds and a billion-dollar bedrock of gold: the Ecuador reserve that is now a battlefield over a new mine",https://www.theguardian.com/environment/2025/aug/04/ecuador-cajas-mining-gold-silver-copper-exploitation-paramo-ecosystem-aoe
4504c02631a315a11c23085e97e75e48fea590471811f99cf6b970fafc175349,2025-08-04 12:03:04.660837+00:00,en,theguardian.com,theguardian.com,2017-11-01,We can’t assume Britain is immune from Trump’s toxic politics,https://www.theguardian.com/commentisfree/2017/nov/01/not-assume-britain-immmune-donald-trump-toxic-politics
0be243979f4968c536959e13233d22e72ec016627792714883532d66c0645e04,2025-08-04 11:49:13.301564+00:00,en,newstatesman.com,newstatesman.com,2017-11-01,"Why I became a vegan – and why you should, too",https://www.newstatesman.com/culture/observations/2017/11/why-i-became-vegan-and-why-you-should-too
bbcdd014b552010ef704b28b8ddbfcdc502ab88e92f7da0907a8a5e48c428008,2025-08-04 07:55:13.453424+00:00,en,theguardian.com,theguardian.com,2017-11-04,Jonathan Watts,https://www.theguardian.com/profile/jonathanwatts
9e171a1ef8bcce60be2e8c1919a86efa93525852af32271c6745c1c4f6e8cf42,2025-08-04 07:12:32.945133+00:00,en,telegraph.co.uk,telegraph.co.uk,2017-11-05,800 years of the Tree Charter: Why our forests need us more than ever,http://www.telegraph.co.uk/news/0/800-years-tree-charter-forests-need-us-ever/
c8919b1174c39ed219531ba952701440c8e8d1e366f55aecf5eb21d71bf6fd4f,2025-08-04 01:36:54.924854+00:00,en,ibtimes.co.uk,ibtimes.co.uk,2017-11-13,"15,000 scientists warn of human misery and catastrophe in depleted planet",http://www.ibtimes.co.uk/15000-scientists-warn-human-misery-catastrophe-depleted-planet-1647113
642ca261ce73d07599d6b46fb29bf03d6c8d5e696c0d4fe7d0fd405030439e19,2025-08-04 00:43:11.682805+00:00,en,express.co.uk,express.co.uk,2017-11-13,"Earth under THREAT: Humans must do THIS to save the planet, according to scientists",http://www.express.co.uk/news/science/879064/Climate-change-earth-threat-deforestation-scientists-save-the-planet
56f22f82d52fcf84cd6f430ed8cd644576afd61a1c9dc65e44dfcfd16c0d9d1d,2025-08-04 00:41:50.313435+00:00,en,dailymail.co.uk,dailymail.co.uk,2017-11-13,"Doomsday warning to humanity signed by 15,000 scientists",http://www.dailymail.co.uk/sciencetech/article-5077749/Doomsday-warning-humanity-signed-15-000-scientists.html?ITO=1490&ns_mchannel=rss&ns_campaign=1490
9de3ccb2dea1e2fe9577662efd5e767e1d93220ec452c2929df157c4b9f3b82c,2025-08-03 20:38:04.856906+00:00,en,independent.co.uk,independent.co.uk,2017-11-18,Pacific Islands could lose 80 per cent of their fish because of climate change,http://www.independent.co.uk/news/world/australasia/pacific-islands-could-lose-80-per-cent-of-their-fish-because-of-climate-change-a8062366.html
2ea556f1f9c5a465fd60d5536a682ab2226538526d87934e9f5ef40408f798cd,2025-08-03 20:13:07.035992+00:00,en,theguardian.com,theguardian.com,2017-11-15,Banning bee-killing neonicotinoid pesticides should be just the start,https://www.theguardian.com/environment/2017/nov/15/banning-neonicotinoids-should-be-just-the-start
cc1d5fbb4b147c7f79b0c556fa0ba90c6e053f2b476e5411b49c339a140ab7a4,2025-08-03 07:29:56.631992+00:00,en,theguardian.com,theguardian.com,2017-12-04,Animal agriculture is choking the ​Earth and making us sick. We must act now,https://www.theguardian.com/commentisfree/2017/dec/04/animal-agriculture-choking-earth-making-sick-climate-food-environmental-impact-james-cameron-suzy-amis-cameron
63be5b5234fea557a00e75764b2a1727a19e3fcc41f6646c1c07f5e8186b6ae1,2025-08-03 02:24:15.464413+00:00,en,dailymail.co.uk,dailymail.co.uk,2017-12-08,Pacific's Palau forces tourists to sign eco-pledge,http://www.dailymail.co.uk/wires/afp/article-5158605/Pacifics-Palau-forces-tourists-sign-eco-pledge.html?ITO=1490&ns_mchannel=rss&ns_campaign=1490
cdf30226512fcfb7312010e1c3286964f73f4c9310d63a97e3d4cf93076d9757,2025-08-02 20:42:21.595372+00:00,en,dailymail.co.uk,dailymail.co.uk,2017-12-12,Nearly 10% of planet's wilderness lost since early 1990s,http://www.dailymail.co.uk/sciencetech/article-5173055/Where-wild-things-map-reveals-worlds-wilderness.html?ITO=1490&ns_mchannel=rss&ns_campaign=1490
212a863a640dd84ba2161d0dbc1bd478b0da5f0f949ea073336ddf6e55e8bba9,2025-08-02 07:00:00.675232+00:00,en,ibtimes.co.uk,ibtimes.co.uk,2017-12-24,12 frightening results of climate change that we saw this year,http://www.ibtimes.co.uk/12-frightening-results-climate-change-that-we-saw-this-year-1652713
1094fbc3c8d022b10176119700ba8276e5627a59e9954264b6e40d4b13861792,2025-08-02 03:17:10.291235+00:00,en,theguardian.com,theguardian.com,2017-12-28,Ice will return but extinctions can't be reversed. We must act now,https://www.theguardian.com/environment/2017/dec/28/ice-will-return-but-extinctions-cant-be-reversed-we-must-act-climate-change
e70502a804bc8d8104c4303ddb19c4178a6024e8cfd538fe876550aa2626ea2b,2025-08-01 21:37:25.270203+00:00,en,theconversation.com,theconversation.com,2025-08-01,Marine climate interventions can have unintended consequences – we need to manage the risks,https://theconversation.com/marine-climate-interventions-can-have-unintended-consequences-we-need-to-manage-the-risks-262343
85062a2cb4ba8916a27fdfe91a526b55f7af749c596375b15f0534c8df3a6d67,2025-08-01 20:44:44.203966+00:00,en,theguardian.com,theguardian.com,2025-08-01,From peeing on your veg patch to hanging up old CDs – the tricks and tips that will (and won’t) deter garden pests,https://www.theguardian.com/lifeandstyle/2025/aug/01/tricks-and-tips-to-deter-garden-pests
dfa64cbff65708196295ff4f18d0191b6fddb913c5b6122b06094218c1494661,2025-08-01 15:34:00.453996+00:00,en,theconversation.com,theconversation.com,2025-08-01,Climate change: new method can more accurately attribute environmental harm to individual polluters,https://theconversation.com/climate-change-new-method-can-more-accurately-attribute-environmental-harm-to-individual-polluters-256002
9c6866778268e225ba9b4718ca82ac9c38fddaea66030d4e296a9e28cda4e04e,2025-08-01 11:51:28.326281+00:00,en,theguardian.com,theguardian.com,2017-12-14,‘A different dimension of loss’: inside the great insect die-off,https://www.theguardian.com/environment/2017/dec/14/a-different-dimension-of-loss-great-insect-die-off-sixth-extinction
05662f671579a7ea04252cbc1f95e6ce92d95bf2f655aefada96dfd143d1ac8a,2025-08-01 01:25:19.462500+00:00,en,cityam.com,cityam.com,2018-01-17,Revealed: The biggest risks to the world in 2018,http://www.cityam.com/278945/these-biggest-risks-world-2018-according-world-economic
b6fcc3553564f3e6865e5037794ca9bbb5c4ac588baee720df8760dc5ff02d61,2025-08-01 01:09:25.385434+00:00,en,theguardian.com,theguardian.com,2018-01-13,World's biggest wildlife reserve planned for Antarctica in global campaign,https://www.theguardian.com/environment/2018/jan/13/worlds-biggest-wildlife-reserve-planned-for-antarctica-in-global-campaign
a3830ca98fd82174897efa3d0dd717d188f83f2c28ae97469e83845b6ac58f21,2025-08-01 00:33:49.980539+00:00,en,independent.co.uk,independent.co.uk,2018-01-17,"Extreme weather is the biggest global threat facing humanity, says new report",http://www.independent.co.uk/environment/weather-extreme-biggest-global-threat-world-economic-forum-risks-a8164656.html
479020d865dbc3ff6f944a61362eae09601dd663bd33a4b57a5b8788c2fe09df,2025-07-31 22:46:30.795819+00:00,en,theguardian.com,theguardian.com,2017-05-14,'They’ll get rich and go': Glencore's McArthur River mine could take 300 years to clean up,https://www.theguardian.com/australia-news/2017/may/15/theyll-get-rich-and-go-glencores-mcarthur-river-mine-could-take-300-years-to-clean-up
c4e89809a513cefdf5c0c3c26b2cf539ffa52e19cbb04e93014faf43c1b5a4e2,2025-07-31 19:09:46.650496+00:00,en,dailymail.co.uk,dailymail.co.uk,2018-01-22,Massive $60million plan to save Great Barrier Reef,http://www.dailymail.co.uk/news/article-5296299/Massive-60million-plan-save-Great-Barrier-Reef.html?ITO=1490&ns_mchannel=rss&ns_campaign=1490
2ae304329ed3f6464bbd53830434a2dd374f936c7b1db59c7e929312e11beb19,2025-07-31 15:19:00.874286+00:00,en,independent.co.uk,independent.co.uk,2018-01-24,Kurdish ‘freedom fighters’ or ‘terrorists’? It depends on your frame of reference,http://www.independent.co.uk/voices/letters/kurdish-freedom-fighters-or-terrorists-depends-on-your-frame-of-reference-a8175871.html
72e79f8bd8fd7fa5f0d897c4c78a19d3a2a4be068804f6804fbc63e3c1c6a0ac,2025-07-31 08:20:40.305485+00:00,en,theconversation.com,theconversation.com,2018-01-29,A novel approach could help manage the impact of invasive species,http://theconversation.com/a-novel-approach-could-help-manage-the-impact-of-invasive-species-89787
626ff0864f5caa100a6a70480b07c283aefc713210d615800a83dda8e5ab901d,2025-07-30 21:47:33.333064+00:00,en,chroniclelive.co.uk,chroniclelive.co.uk,2018-02-06,Wonderful woodland project in Boldon and more charity news,https://www.chroniclelive.co.uk/news/local-news/sleep-streets-north-shields-charity-14253159
2397f71ce0e63783d63436442f47d83d6d03a8d67ba0377d8492dbff9f1334b3,2025-07-30 04:57:34.359698+00:00,en,dailymail.co.uk,dailymail.co.uk,2018-02-19,"Poland spares forest to win EU favour, but damage...",http://www.dailymail.co.uk/wires/reuters/article-5408361/Poland-spares-forest-win-EU-favour-damage-done.html?ITO=1490&ns_mchannel=rss&ns_campaign=1490
f91aa2d06d3cbaf0b9d40da3ac4a1fa40621d11073ea40e756819ba44e8472cf,2025-07-30 04:56:40.182828+00:00,en,spectator.co.uk,spectator.co.uk,2017-10-02,"Michael Gove’s Conservative conference speech, full text",https://blogs.spectator.co.uk/2017/10/michael-goves-conservative-conference-speech-full-text/
cf9e8f9590edf576b6dce9d43ea6567e8dc1009c3fe81f5c8d9d55612b9a5b83,2025-07-30 03:23:08.335741+00:00,en,express.co.uk,express.co.uk,2018-02-20,Fish with HANDS: INCREDIBLE images and video reveals new population of rare creatures,https://www.express.co.uk/news/nature/921343/worlds-rarest-animals-red-handfish-population-discovered-marine-biology
d3cd91d5ea0b449688079001f48cecd62dcc58e7699c215eaa00fc3e0cbd417b,2025-07-30 00:31:43.617414+00:00,en,huffingtonpost.co.uk,huffingtonpost.co.uk,2017-09-19,"Brexit, Bovine TB And The British Veterinary Profession",http://www.huffingtonpost.co.uk/mark-jones/brexit-bovine-tb_b_18024042.html
de63da47e367f457d88f854aad661a5596c20a2b582dbceb439b4c74756d7f72,2025-07-30 00:26:55.794209+00:00,en,huffingtonpost.co.uk,huffingtonpost.co.uk,2017-05-09,Why We Need To Keep Blocking Coal Mines,http://www.huffingtonpost.co.uk/andrea-brock/coal-mines-blocking_b_16504848.html
527af71997af231fb642c6cc100dc49f3e77c7f1a3e2afe680c63693014ded5e,2025-07-29 20:57:39.170785+00:00,en,theconversation.com,theconversation.com,2017-04-28,"Yes, climate change matters: international scientists appeal to Trump on his first 100 days",http://theconversation.com/yes-climate-change-matters-international-scientists-appeal-to-trump-on-his-first-100-days-75619?utm_source=twitter&utm_medium=twitterbutton
fe4b47eecbc1361452893aa9776b21c030230939f76bbce0b996b6481c16c737,2025-07-29 12:33:56.110165+00:00,en,dailymail.co.uk,dailymail.co.uk,2018-03-01,"After Olympics, South Korea mulls reviving bulldozed...",http://www.dailymail.co.uk/wires/ap/article-5449045/After-Olympics-South-Korea-mulls-reviving-bulldozed-forest.html?ITO=1490&ns_mchannel=rss&ns_campaign=1490
6efd102d987977f01e11e20e86c917279f2dfc03b2abe4e583e6f9726a8f2ceb,2025-07-29 11:29:15.097408+00:00,en,telegraph.co.uk,telegraph.co.uk,2018-03-04,Wild orchids: Admire their beauty while you still can,https://www.telegraph.co.uk/gardening/how-to-grow/wild-orchids-admire-beauty-still-can/
40763715175d0687f9031ceefd4f329228bee717bdc152cfd6cd7d60ace39b13,2025-07-29 04:18:08.657308+00:00,en,theguardian.com,theguardian.com,2018-03-09,"There’s hope for our blue planet, despite what you see on the news",https://www.theguardian.com/commentisfree/2018/mar/09/blue-planet-hope-mass-die-off-starfish-marine-conservation-success
1ef74a4a16b026eb29c10e7e8b50512c20d6085290a670b5af359f96b38bcfbc,2025-07-29 02:36:15.049326+00:00,en,dailymail.co.uk,dailymail.co.uk,2018-03-11,Hi-tech conservationists fight Indonesia wildlife crime,http://www.dailymail.co.uk/wires/afp/article-5486769/Hi-tech-conservationists-fight-Indonesia-wildlife-crime.html?ITO=1490&ns_mchannel=rss&ns_campaign=1490
12cdd2391b16601f3c35038e27e15e40a7f9cadfa7bf0ddb72e2b776126b05bd,2025-07-29 01:31:28.159428+00:00,en,theguardian.com,theguardian.com,2018-01-04,Theresa May apologises to NHS patients for delays caused by winter crisis,https://www.theguardian.com/politics/blog/live/2018/jan/04/brexit-tony-blair-michael-gove-blair-urges-labour-to-fight-brexit-politics-live?page=with:block-5a4e036be4b0379a47477ec4#block-5a4e036be4b0379a47477ec4
9b63af7f6060fec32535108b042067194e64a508637ae5ffe527199bf3272fc1,2025-07-28 13:47:28.683359+00:00,en,theguardian.com,theguardian.com,2018-03-20,Exclusive: legal concerns over plan to roll over forestry agreements without reviews,https://www.theguardian.com/environment/2018/mar/21/exclusive-legal-concerns-over-plan-to-roll-over-forestry-agreements-without-reviews
2ad5f0de4c9e6a6afe26eae6b22659119678fcd91a5dc1709f343a333914b3f2,2025-07-28 10:53:35.226694+00:00,en,theconversation.com,theconversation.com,2018-03-23,"Native forest protections are deeply flawed, yet may be in place for another 20 years",http://theconversation.com/native-forest-protections-are-deeply-flawed-yet-may-be-in-place-for-another-20-years-93004
b34ecede6bc5a4c2590e59b973d34c398b3b4b1af4349cf0d8a3aab4b3a82cea,2025-07-28 09:01:37.586077+00:00,en,express.co.uk,express.co.uk,2018-03-24,DOOMSDAY REPORT: Asia to run out of fish by 2048,https://www.express.co.uk/news/nature/936191/Doomsday-report-environment-pollution-Asia-run-out-fish-2048
0e66e9b860e4c074d2c6b96aeea353728c2098976c0c5615dac6fe5697a7c34b,2025-07-28 04:57:13.590195+00:00,en,theconversation.com,theconversation.com,2018-03-28,On dangerous ground: land degradation is turning soils into deserts,http://theconversation.com/on-dangerous-ground-land-degradation-is-turning-soils-into-deserts-94100
125cf1636cfee476a35466847824c936d2d396dfa9617b16364bdba12a909471,2025-07-28 04:53:59.305517+00:00,en,dailymail.co.uk,dailymail.co.uk,2018-03-28,Queensland campaigners fight for the koala as numbers dwindle before Commonwealth games,http://www.dailymail.co.uk/news/article-5552635/Queensland-campaigners-fight-koala-numbers-dwindle-Commonwealth-games.html?ITO=1490&ns_mchannel=rss&ns_campaign=1490
8bdf0c0fd3ba4fd5f9c2bebb19506735904805bf47445106eb3909691ef98242,2025-07-27 18:50:38.587851+00:00,en,express.co.uk,express.co.uk,2018-04-06,Disturbing Great Barrier Reef discovery as Prince Charles holds summit to save wonder,https://www.express.co.uk/news/nature/942550/prince-charles-great-barrier-reef-summit-terri-irwin-coral-bleaching
8a34599709587b44797450e9e17975166d22ea055bca8ed8df75b5176a60ab53,2025-07-27 12:13:36.119777+00:00,en,dailymail.co.uk,dailymail.co.uk,2018-04-16,Furry patrons at Perth's ‘kangaroo pub’ banned after department stops a two decade long tradition,http://www.dailymail.co.uk/news/article-5620657/Furry-patrons-Perths-kangaroo-pub-banned-department-stops-two-decade-long-tradition.html?ITO=1490&ns_mchannel=rss&ns_campaign=1490
530455c752ae3c5fc18c367b7612ebcab631803eab7ed533fb854b397f40e2f4,2025-07-27 11:24:56.154975+00:00,en,theguardian.com,theguardian.com,2025-07-27,Thousands of tons of invasive seaweed ‘overwhelming’ Spanish beaches,https://www.theguardian.com/environment/2025/jul/27/thousands-of-tons-of-invasive-seaweed-overwhelming-spanish-beaches
351015909d6a6ba883c637ce7711abc22efcd5a6a09d6e0243d1c6bc6d8de9cb,2025-07-26 22:48:37.207067+00:00,en,dailymail.co.uk,dailymail.co.uk,2018-05-04,Third of Australia's threatened species not being...,http://www.dailymail.co.uk/wires/afp/article-5689679/Third-Australias-threatened-species-not-monitored.html?ITO=1490&ns_mchannel=rss&ns_campaign=1490
2c4ddc9de5b0d6dacd4f607fc45697e04a2159e9c5f50e3aff7a9f5938833020,2025-07-26 20:24:17.778246+00:00,en,pressat.co.uk,pressat.co.uk,2025-07-26,Community Mangrove Restoration Event in West Borneo to Mark International Day for the Conservation of the Mangrove Ecosystem,https://pressat.co.uk/releases/community-mangrove-restoration-event-in-west-borneo-to-mark-international-day-for-the-conservation-of-the-mangrove-ecosystem-c70333fdb8ecf42362bd3a66954c240f/
677bb702dc805ff167c173f482be6d9444f0ced36014e15137b7a6d4204c3e23,2025-07-26 15:29:27.444159+00:00,en,theguardian.com,theguardian.com,2018-05-10,VicForests banned from logging greater glider habitat pending legal challenge,https://www.theguardian.com/australia-news/2018/may/10/vicforests-banned-from-logging-greater-glider-habitat-pending-legal-challenge
af41667435d04f07c2d0fa429567e7599691ab3b4303645a15371588f014463e,2025-07-26 10:33:34.374208+00:00,en,theconversation.com,theconversation.com,2018-05-14,"Forests are growing again where human well-being is increasing, finds new study",http://theconversation.com/forests-are-growing-again-where-human-well-being-is-increasing-finds-new-study-96559
bda5325923f25f9ef4e44c98359222f5fae5a2f6822e3b10f37e0b21de3d7f64,2025-07-26 05:01:42.301291+00:00,en,theguardian.com,theguardian.com,2018-05-18,Will putting a price on nature devalue its worth?,https://www.theguardian.com/environment/2018/may/18/will-putting-a-price-on-nature-devalue-its-worth
f8137f700a862ff6a5b8e94d105da08d4fdd682799ebb47006b7b1a35984362a,2025-07-25 22:25:41.522416+00:00,en,theguardian.com,theguardian.com,2018-05-24,"King Island birds face extinction without urgent federal help, residents say",https://www.theguardian.com/australia-news/2018/may/24/king-island-birds-face-extinction-without-urgent-federal-help-residents-say
6538c8298a8ead89c7d4ec767644e670a063d8e141690675a17fbfeea7e8b35a,2025-07-25 14:57:36.952642+00:00,en,dailymail.co.uk,dailymail.co.uk,2018-06-01,Monty Don shows you how to make your garden a haven for wildlife,http://www.dailymail.co.uk/home/gardening/article-5783505/Monty-Don-shows-make-garden-haven-wildlife.html?ITO=1490&ns_mchannel=rss&ns_campaign=1490
ca8b6d0e4e23f6676ec8f3a289caefe3e248ce509df25429bb5608151011ebb8,2025-07-25 07:31:28.235205+00:00,en,heraldscotland.com,heraldscotland.com,2025-07-25,50 Scots councils seek ministers summit on green energy 'wild west',https://www.heraldscotland.com/news/25339270.50-scots-councils-seek-ministers-summit-green-energy-wild-west/?ref=rss
0656a6b46e07f7676e5105d4a8a8c5686ad11c704912a1702a141f9bd6ea8276,2025-07-25 03:43:27.047474+00:00,en,theconversation.com,theconversation.com,2018-06-10,Australia relies on volunteers to monitor its endangered species,http://theconversation.com/australia-relies-on-volunteers-to-monitor-its-endangered-species-97532
4d52c639d6474e90800dfdfd6064e00edf8a16f335b0a13e0557d5cece7d8b48,2025-07-24 20:52:22.714466+00:00,en,theguardian.com,theguardian.com,2025-07-24,How flood-ravaged Boston took on the climate deniers – and won,https://www.theguardian.com/environment/2025/jul/24/flood-boston-climate-deniers-trump-administration-coastal-city-resilient
b1a88a700999bfcf87b48c15d3b62e0fc21f64240d7a46853a0aa8d8eeb398d5,2025-07-24 17:16:53.608619+00:00,en,theconversation.com,theconversation.com,2018-06-19,Proposed NSW logging laws value timber over environmental protection,http://theconversation.com/proposed-nsw-logging-laws-value-timber-over-environmental-protection-97863
d0de12aec675d9fe772b907ec43af26ccd9ab31331799516577965f25055b4d7,2025-07-24 16:20:43.868253+00:00,en,theguardian.com,theguardian.com,2016-09-22,Goodbye Holocene epoch,https://www.theguardian.com/the-gef-partner-zone/2016/sep/22/goodbye-forever-friendly-holocene
263e63fa198bf96da19d424345ef7aec00244183f92ef0b44c91b3b1dff75c67,2025-07-24 00:13:21.148478+00:00,en,theguardian.com,theguardian.com,2018-07-01,Riddle of the sands: the truth behind stolen beaches and dredged islands,https://www.theguardian.com/global/2018/jul/01/riddle-of-the-sands-the-truth-behind-stolen-beaches-and-dredged-islands
613bbb6b8343ff2b81435772827b2b38eac42def4625f90a808077ae30311f97,2025-07-23 18:14:51.797855+00:00,en,theconversation.com,theconversation.com,2018-07-05,How to fight desertification and drought at home and away,http://theconversation.com/how-to-fight-desertification-and-drought-at-home-and-away-98568
c51a2eb9f0c0662396cc447080e462fe2410afc77c92c9a77cffcbe5b0b42b35,2025-07-23 17:57:48.256572+00:00,en,theconversation.com,theconversation.com,2018-07-06,"Extinction is a natural process, but it's happening at 1,000 times the normal speed",http://theconversation.com/extinction-is-a-natural-process-but-its-happening-at-1-000-times-the-normal-speed-99191
dceb4767ec137e997420e903f7f58c6076017e728e8e4bcfa70ecdcb2193456f,2025-07-23 14:41:24.633968+00:00,en,dailymail.co.uk,dailymail.co.uk,2018-07-09,"Humans are causing extinctions 1,000 times FASTER than normal",http://www.dailymail.co.uk/sciencetech/article-5933419/Humans-causing-animals-plants-extinct-1-000-times-FASTER-normal.html?ITO=1490&ns_mchannel=rss&ns_campaign=1490
176315c2259c8bef97d4fa002c4fae0df6c5a52cb6a4f8e3c3f3cc25a9d9cbe7,2025-07-23 14:35:14.734573+00:00,en,huffingtonpost.co.uk,huffingtonpost.co.uk,2017-06-21,Wild Carpathia,http://www.huffingtonpost.co.uk/dr-ion-jinga/wild-carpathia_b_17232378.html
59c2ae2a144804eba37f758fd1bbd16e95ab598b3f8ccc17a7702c984ea95ab6,2025-07-23 11:01:22.880663+00:00,en,dailymail.co.uk,dailymail.co.uk,2018-07-12,Marshlands across the UK could VANISH by 2100 due to sea-level rise,http://www.dailymail.co.uk/sciencetech/article-5945475/Marshlands-UK-VANISH-2100-sea-level-rise.html?ITO=1490&ns_mchannel=rss&ns_campaign=1490
a9fa3d74e514f08ca17ad0c891cda500f1daf6fe5bfcba0476154c557a4d9517,2025-07-23 10:56:23.167276+00:00,en,independent.co.uk,independent.co.uk,2018-07-12,Britain’s coastal wetlands will soon vanish under rising sea levels,http://www.independent.co.uk/environment/uk-wetlands-sea-levels-rise-climate-change-salt-marshes-thames-solent-a8443811.html
acbc26d933a876b115884235eb0ac73a95664d8f525f9e044ceacbbce5ac68d1,2025-07-22 11:47:33.954654+00:00,en,theconversation.com,theconversation.com,2018-07-31,How changing the world's food systems can help to protect the planet,http://theconversation.com/how-changing-the-worlds-food-systems-can-help-to-protect-the-planet-100619
cf7ae18826103d2bc9c3bf77cb209ebba9d0bbf59fcaeb0a336e4ba10f31f4f9,2025-07-22 04:26:37.802395+00:00,en,dailymail.co.uk,dailymail.co.uk,2018-08-06,World at risk of heading towards irreversible...,http://www.dailymail.co.uk/wires/reuters/article-6032573/World-risk-heading-irreversible-hothouse-state.html?ns_mchannel=rss&ito=1490&ns_campaign=1490
80eefa1bf6ac9f00c789dec0a0bf729e93c302af109ffb14f4bcfce8b1926173,2025-07-21 23:34:56.992243+00:00,en,theconversation.com,theconversation.com,2018-08-10,Hothouse Earth: seven things you can do to stop it,http://theconversation.com/hothouse-earth-seven-things-you-can-do-to-stop-it-101340
a7380142eac75195d9676fc7746167b04a7bb53ca76237a2f26031da4e618949,2025-07-21 22:36:55.346181+00:00,en,telegraph.co.uk,telegraph.co.uk,2018-08-11,Mutant mosquitoes: Can gene editing kill off malaria?,https://www.telegraph.co.uk/news/0/mutant-mosquitoes-can-gene-editing-kill-malaria/
a53b3b1e2f3d32cced732a07d2231eec2e17bb09f1143dbda3a980adca5c2247,2025-07-21 20:52:03.002955+00:00,en,theconversation.com,theconversation.com,2018-08-12,How soccer games can help protect wildlife,http://theconversation.com/how-soccer-games-can-help-protect-wildlife-95987
e2a049b0d9cab755f936cc30fb8db2c3ba7f6e9d82b528d9394f6aa6e0d665d3,2025-07-21 19:15:25.037268+00:00,en,theguardian.com,theguardian.com,2018-08-05,Science’s search for a super banana,https://www.theguardian.com/science/2018/aug/05/science-search-for-a-super-banana-panama-disease-gm-gene-editing
dffea71b235f7e08e3d39f146c835ed1e0800a4e86c2633c080a5e72677fb24a,2025-07-21 18:02:32.110982+00:00,en,theconversation.com,theconversation.com,2018-08-15,Why there's been a boom in discovering new species despite a biodiversity crisis,http://theconversation.com/why-theres-been-a-boom-in-discovering-new-species-despite-a-biodiversity-crisis-99475
0cfd3187c6cc59e6c614595b2f900109086c4aaf9e497e5c2f7fdbfb43190755,2025-07-21 16:57:52.069515+00:00,en,independent.co.uk,independent.co.uk,2018-07-09,"Extinction is natural, but it’s happening at 1,000 times the normal speed",http://www.independent.co.uk/environment/extinction-white-rhino-climate-change-biodiversity-fossil-ecosystem-a8439246.html
a7492bb88809c8a254a73fb4645267d2e8b927e95b41a9db7a95f4a330fe6c08,2025-07-21 03:37:51.290657+00:00,en,theconversation.com,theconversation.com,2018-08-26,"Eating as a political, social, spiritual act: The World Peace Diet",http://theconversation.com/eating-as-a-political-social-spiritual-act-the-world-peace-diet-100867
9ce4c97438ff4751ac9ee90a659619e32f62fe6e1def407ba073ca98b3c70899,2025-07-21 01:50:34.333778+00:00,en,independent.co.uk,independent.co.uk,2018-08-27,China’s richest entrepreneurs back new conservation awards for African,http://www.independent.co.uk/voices/campaigns/GiantsClub/Kenya/china-s-richest-entrepreneurs-back-new-conservation-awards-for-african-rangers-a8509776.html
356fa21ddcaf65a03c17272433035ee59cff06139c1d02731ce9bfb164f0987f,2025-07-20 08:18:29.199832+00:00,en,ft.com,ft.com,2018-09-10,Opinion today: Signs of overheating,https://www.ft.com/content/ff485c90-b490-11e8-bbc3-ccd7de085ffe
3297dbc09efe8f4e13bcd8173680c5f53cf2d2d2e700144fa33c768eec447f6c,2025-07-20 03:02:20.685812+00:00,en,opendemocracy.net,opendemocracy.net,2018-02-27,"Lithium, niobium, coltan: technological metals destroy Latin American ecosystems for a cleaner world",https://www.opendemocracy.net/democraciaabierta/julie-klinger/lithium-niobium-coltan-technological-metals-destroy-latin-american-e
d8e5801c37991e8274fd31b93a0c1b92d35414b5b1f46f6c760a00327e933a02,2025-07-19 19:28:13.471199+00:00,en,independent.co.uk,independent.co.uk,2018-10-03,This is why climate change is making it harder to monitor marine pollution,http://www.independent.co.uk/environment/climate-change-harder-monitor-marine-pollution-a8566321.html
b96ea18b39bfabd130e6b89158fc280b5a5d9de48d3baee1e3e28a5ad1e1e4b3,2025-07-19 13:09:48.630149+00:00,en,theguardian.com,theguardian.com,2018-10-07,"Dead kittiwakes, dwindling fish and oceans of plastic: my voyage of discovery",https://www.theguardian.com/environment/2018/oct/07/kittiwakes-fish-oceans-plastic-marine-life-fishing
4957fcd97b3f95167af5fbb241225a494df4d6d5aa2de2c906b97f3d46effde2,2025-07-19 12:33:01.681460+00:00,en,independent.co.uk,independent.co.uk,2018-10-07,Ben Fogle calls for big beasts of business to help avert wildlife extinctions in war on illegal trade,http://www.independent.co.uk/news/world/africa/illegal-wildlife-trade-conference-london-ben-fogle-species-extinction-elephant-tusks-crime-gangs-a8573251.html
b4c54967206fba6abf5d6646afc6186ce36b744cd418b7aa607f8f9b62c5147f,2025-07-19 08:59:26.096759+00:00,en,theconversation.com,theconversation.com,2018-10-11,Debate: Mobilizing collective intelligence for the ecological transition,http://theconversation.com/debate-mobilizing-collective-intelligence-for-the-ecological-transition-104717
831f08920ddc54081ead7fa292b0dbfebb85619d2cdf734a2159d910c0c464b9,2025-07-19 06:50:34.968940+00:00,en,independent.co.uk,independent.co.uk,2018-09-17,How a foreign fungus is killing off Britain's ash trees,http://www.independent.co.uk/news/long_reads/ash-trees-uk-dying-fungus-asia-hymenoscyphus-fraxineus-woodland-a8541511.html
d2f245fc3befb93c4b119d0d762af380065dec721a0750157f4683b22996a496,2025-07-19 00:31:25.088674+00:00,en,dailymail.co.uk,dailymail.co.uk,2018-10-16,Scientists warn extinction now outpaces evolution,https://www.dailymail.co.uk/sciencetech/article-6283045/Scientists-warn-extinction-outpaces-evolution.html?ns_mchannel=rss&ito=1490&ns_campaign=1490
13837190568e7bd746c7cf66129303254ecb1498725e910297566ea0102be9d1,2025-07-18 14:53:55.196174+00:00,en,independent.co.uk,independent.co.uk,2018-10-11,How we can keep our food system from the brink of apocalypse,http://www.independent.co.uk/environment/food-sustainability-deforestation-climate-change-farming-plant-based-vegan-a8579576.html
fefc9ee5169982b2258defb03abf048233f51742a6ebe417bc6648078b349c62,2025-07-18 09:36:05.256271+00:00,en,dailymail.co.uk,dailymail.co.uk,2018-10-30,Sierra Leone's chimpanzees pay price of human expansion,https://www.dailymail.co.uk/wires/afp/article-6331525/Sierra-Leones-chimpanzees-pay-price-human-expansion.html?ns_mchannel=rss&ito=1490&ns_campaign=1490
4af5123d0590c123f885a7a81f333457f76f3ac9a1897640cee15e5350b5c65e,2025-07-18 09:24:17.395883+00:00,en,dailymail.co.uk,dailymail.co.uk,2018-10-30,Ocean Shock: Big aquaculture bulldozes Borneo,https://www.dailymail.co.uk/wires/reuters/article-6333553/Ocean-Shock-Big-aquaculture-bulldozes-Borneo.html?ns_mchannel=rss&ito=1490&ns_campaign=1490
1784b2a603787e098201c7ec16349bca9e87d136ac4bfd048a2b803787b201e0,2025-07-18 07:39:42.861061+00:00,en,theguardian.com,theguardian.com,2016-05-23,"Why I chose to attend the Alchemy festival, despite Vedanta's sponsorship",https://www.theguardian.com/books/2016/may/23/why-i-chose-to-attend-the-alchemy-festival-despite-vedantas-sponsorship
bc96e6bd4f953e74d89f2e392b0a34f773e1f5d5452b6659116ea0e6de8c8316,2025-07-18 07:39:00.004850+00:00,en,theconversation.com,theconversation.com,2018-11-01,"Earth’s wilderness is vanishing, and just a handful of nations can save it",http://theconversation.com/earths-wilderness-is-vanishing-and-just-a-handful-of-nations-can-save-it-106072
db3668eca428ea44077a455da2789cb69f84f055f3c4f247887675a72028666b,2025-07-18 07:29:33.476306+00:00,en,theconversation.com,theconversation.com,2018-11-01,Tipping point: huge wildlife loss threatens the life support of our small planet,http://theconversation.com/tipping-point-huge-wildlife-loss-threatens-the-life-support-of-our-small-planet-106037
3a57a44cb14f4046097f8b4ae15218d8cb61fddd1a7b5ae76d4e2330cd76b8e7,2025-07-18 07:15:04.466770+00:00,en,theguardian.com,theguardian.com,2018-11-01,Tiny frog takes giant leap for the world's endangered species,https://www.theguardian.com/world/2018/nov/01/tiny-frog-takes-giant-leap-for-the-worlds-endangered-species
b6860dd0bf8dc75ab8a2fdafa9d67c1ce96e520fdd362b8dc782aa353ca566fc,2025-07-18 07:04:03.983557+00:00,en,theconversation.com,theconversation.com,2018-11-01,"Capitalism has killed 60% of the world's wildlife populations, not 'humanity'",http://theconversation.com/capitalism-has-killed-60-of-the-worlds-wildlife-not-humanity-106125
9632f788a499effbba73a7f42a60a8dd463e18616e2f5d92dbc5b69a8ce9766d,2025-07-18 06:00:15.787345+00:00,en,theguardian.com,theguardian.com,2018-11-03,"Stop biodiversity loss or we could face our own extinction, warns UN",https://www.theguardian.com/environment/2018/nov/03/stop-biodiversity-loss-or-we-could-face-our-own-extinction-warns-un
e1af1ded21f05a9e0318bba555d481670440ce2da099151ddc7d9abf06557494,2025-07-18 02:49:31.000038+00:00,en,standard.co.uk,standard.co.uk,2018-11-09,Prince William warns world at 'tipping point' over conservation at Tusk Awards,https://www.standard.co.uk/news/uk/prince-william-warns-world-at-tipping-point-over-conservation-at-tusk-awards-a3985281.html
35875cb31678041a76fcb92046cd91e5f3740ced27b5e1d8b1504b031529a867,2025-07-17 09:30:50.947045+00:00,en,theguardian.com,theguardian.com,2025-07-17,Mining companies are pumping seawater into the driest place on Earth. But has the damage been done?,https://www.theguardian.com/global-development/2025/jul/17/green-transition-water-chile-atacama-desalination-plants-lithium-copper-mining
8db51b44c163d8c9ca332ec754f79da329f67f8c5a70c7053442066c27b443de,2025-07-16 17:55:12.392549+00:00,en,sky.com,sky.com,2025-07-16,"Ross Edgley: The British 'Thor' swimming 1,000 miles around Iceland",https://news.sky.com/story/ross-edgley-the-british-thor-swimming-1000-miles-around-iceland-and-what-happened-when-he-met-killer-whales-13390533
571c6968f6205f03ee3bbd3a03556c3d61a1c9bf38dc97f926c242f94bd89019,2025-07-16 11:02:26.216577+00:00,en,theconversation.com,theconversation.com,2018-12-12,The small patch of bush over your back fence might be key to a species’ survival,http://theconversation.com/the-small-patch-of-bush-over-your-back-fence-might-be-key-to-a-species-survival-108672
7bb9387036bff127f3cccc2b93c4f6902b0e8743214ef03125c8e7daa48138ef,2025-07-15 23:13:21.863247+00:00,en,dailymail.co.uk,dailymail.co.uk,2018-12-25,Campaigners gear up for battle to save fields that inspired beloved novel Watership Down,https://www.dailymail.co.uk/news/article-6528763/Campaigners-gear-battle-save-fields-inspired-beloved-novel-Watership-Down.html?ns_mchannel=rss&ns_campaign=1490&ito=1490
2183d2f88f7621b3700e7c97cfbed897ac42691364c62e09310828105b692b0a,2025-07-15 17:26:04.101625+00:00,en,thesun.co.uk,thesun.co.uk,2025-07-15,Future of $1tn megacity in balance as Saudi rulers 'check its feasibility',https://www.thesun.co.uk/news/35861338/saudi-line-megacity-future-doubt/
a0d8af3ec31d91c241fd0750d77c16935ed474b2cbdf972729d8c5c2cbba6922,2025-07-13 15:27:42.087329+00:00,en,dailymail.co.uk,dailymail.co.uk,2025-07-13,They want to concrete us over': Furious locals in one of Britain's most desired villagers say they are under siege from 10 different newbuild estates which will box them in and 'dismantle their society',https://www.dailymail.co.uk/news/article-14896073/surrounded-villagers-siege-newbuild-estates.html?ns_mchannel=rss&ns_campaign=1490&ito=1490
b45a51ff72f409734895c21bd1109ea6750cc532b6cfc4f6c2395903edc75296,2025-07-12 17:34:49.790192+00:00,en,independent.co.uk,independent.co.uk,2019-01-23,A new deal for nature will improve the economy and wellbeing,http://www.independent.co.uk/voices/campaigns/GiantsClub/it-s-nature-stupid-a-new-deal-for-nature-will-improve-the-economy-and-wellbeing-a8743521.html
71ae55bab6c02eb24cea846286d7eade427b4d124dfba998cd082171fc949b71,2025-07-12 14:17:40.981436+00:00,en,theguardian.com,theguardian.com,2018-11-06,"Stop biodiversity loss or we could face our own extinction, warns UN",https://www.theguardian.com/environment/2018/nov/03/stop-biodiversity-loss-or-we-could-face-our-own-extinction-warns-un?CMP=Share_iOSApp_Other
65fa44a27ae2b1e4d2525a47f38a2363d8e8efe4195e618f27e702c99771eafd,2025-07-12 14:05:54.425491+00:00,en,theconversation.com,theconversation.com,2018-11-01,"Capitalism is killing the world's wildlife populations, not 'humanity'",http://theconversation.com/capitalism-is-killing-the-worlds-wildlife-populations-not-humanity-106125
fe1bdca7f3ef39ce511943bb4c2e075fe2e38f478560549d9737fe05b9a0889b,2025-07-12 08:59:52.150219+00:00,en,sky.com,sky.com,2019-04-04,I visited a dog meat market,https://news.sky.com/story/i-visited-a-dog-meat-market-the-horror-keeps-me-awake-at-night-11684081
b62791a89685e58ba732eb48e0109724cc6020daa6455274600df1ae5dd70a66,2025-07-12 05:29:42.743573+00:00,en,theconversation.com,theconversation.com,2019-04-10,"There's a lot of bad news in the UN Global Environment Outlook, but a sustainable future is still possible",http://theconversation.com/theres-a-lot-of-bad-news-in-the-un-global-environment-outlook-but-a-sustainable-future-is-still-possible-115137
bdd479671dad075d4144ae98da1587d6ce25cd78ef59fc527080328b937d9643,2025-07-12 02:23:47.502400+00:00,en,theconversation.com,theconversation.com,2019-04-11,George Monbiot Q + A – How rejuvenating nature could help fight climate change,http://theconversation.com/how-rejuvenating-nature-could-help-fight-climate-change-george-monbiot-q-a-115313
5b9f8bda53ec555a490e77bbc45a2bd0e3b3d0dd31531617a66fd221a6e9fabe,2025-07-12 01:29:35.206061+00:00,en,theguardian.com,theguardian.com,2017-05-04,Red alert: Kofi Annan on the photos that capture our choking planet,https://www.theguardian.com/artanddesign/2017/may/04/kofi-annan-photos-capture-choking-planet-prix-pictet-space
cf37fee1544bdff0022b2177682e4bdb31d4fa6746065e3e22bec561ed20bab9,2025-07-12 01:29:29.778775+00:00,en,theguardian.com,theguardian.com,2017-09-26,‘I don’t want to imagine a world without giant snakes in it’,https://www.theguardian.com/environment/radical-conservation/2017/sep/26/burmese-pythons-snakes-bangladesh-tracking-radio-rahman-conservation
0545bd5a6e0989db257d522fa1d1ebb5278110d5fd4201c158eb28faa95eacb9,2025-07-12 01:29:14.028285+00:00,en,theguardian.com,theguardian.com,2017-04-05,"Climate change impacting ‘most’ species on Earth, even down to their genomes",https://www.theguardian.com/environment/radical-conservation/2017/apr/05/climate-change-life-wildlife-animals-biodiversity-ecosystems-genetics
c7c7105535faebb996e9e044d9abc8cf71d7af5ceb7e453c250dfb96fc9cd3c8,2025-07-12 01:29:01.723437+00:00,en,theguardian.com,theguardian.com,2017-08-29,"Turkey's 12,000-year-old Hasankeyf settlement faces obliteration",https://www.theguardian.com/world/2017/aug/29/turkeys-12000-year-old-hasankeyf-citadel-faces-obliteration
a1aecdd2949c715777bc68f963ec684fb202fb1ff77028598f8d39e63f866433,2025-07-12 01:29:01.137346+00:00,en,theguardian.com,theguardian.com,2017-10-19,"World's deepest lake crippled by putrid algae, poaching and pollution",https://www.theguardian.com/world/2017/oct/19/lake-baikal-russia-crippled-algae-fish-poaching-pollution
860b22525ca05c1565fe698d047e31f607a30910bbad779fcdeb1432c0f2154d,2025-07-12 01:28:37.918316+00:00,en,theguardian.com,theguardian.com,2017-05-11,Accelerationism: how a fringe philosophy predicted the future we live in,https://www.theguardian.com/world/2017/may/11/accelerationism-how-a-fringe-philosophy-predicted-the-future-we-live-in
93aa131379f772e786498091581ca5b050c46ee28a89f6ff6cdfa87cf813a2c5,2025-07-12 01:27:54.095074+00:00,en,theguardian.com,theguardian.com,2017-08-24,Brazil abolishes huge Amazon reserve in 'biggest attack' in 50 years,https://www.theguardian.com/environment/2017/aug/24/brazil-abolishes-huge-amazon-reserve-in-biggest-attack-in-50-years
1053cefc5e098a7bac9ca58016e333066b3a63aa001fbefc7fa54699a787f847,2025-07-12 01:27:26.128725+00:00,en,theguardian.com,theguardian.com,2016-12-08,"Giraffes facing extinction after devastating decline, experts warn",https://www.theguardian.com/environment/2016/dec/08/giraffe-red-list-vulnerable-species-extinction
ce00f3ebb35bc23a8d4707798f26da79fb090304918011b34164a3cea8dba165,2025-07-12 01:26:55.679296+00:00,en,theguardian.com,theguardian.com,2017-02-20,Kid Rock v Ted Nugent: Who has the policies to be senator for Michigan?,https://www.theguardian.com/music/musicblog/2017/feb/20/kid-rock-ted-nugent-republican-senator-michigan-election
2bb037047a7063e35a370061c4881d555ff8ebecbe41699f674c547828cb059d,2025-07-12 01:26:23.162754+00:00,en,theguardian.com,theguardian.com,2017-03-06,"Climate change impact on Australia may be irreversible, five-yearly report says",https://www.theguardian.com/environment/2017/mar/07/climate-change-impact-australia-may-be-irreversible-report
7120fdde3c10d966cc808924ecf1c4bfee9a9b2602a6a237c139df5ca570ea63,2025-07-12 01:25:46.913916+00:00,en,theguardian.com,theguardian.com,2017-10-24,EU on brink of historic decision on pervasive glyphosate weedkiller,https://www.theguardian.com/environment/2017/oct/24/eu-brink-historic-decision-pervasive-glyphosate-weedkiller
5f9eb47db19621230ec8efd9f927ea0e66f8ae2fd018538dcc5201ec20566bf3,2025-07-12 01:25:40.131922+00:00,en,theguardian.com,theguardian.com,2017-03-08,Why the world needs zoos,https://www.theguardian.com/science/2017/mar/08/why-the-world-needs-zoos
992954f84e72ec1e4bdd36710f7a7811d0f5762cba8d86e9945ae3834a809729,2025-07-12 01:25:26.943087+00:00,en,theguardian.com,theguardian.com,2017-07-09,"Guns, political turmoil and hummingbirds in the living room – my farewell to Latin America",https://www.theguardian.com/world/2017/jul/09/guns-political-turmoil-and-hummingbirds-in-the-living-room-my-farewell-to-latin-america
440ff9fc81ba4dd8d38777e85e29b3bb6365a72b8936ee4ffb41ece1bc780a83,2025-07-12 01:25:26.691149+00:00,en,theguardian.com,theguardian.com,2016-12-19,The seven deadly things we’re doing to trash the planet (and human life with it),https://www.theguardian.com/commentisfree/2016/dec/19/seven-deadly-things-trash-planet-human-life
b85089478e76538cbc8a0a05a4575c06478b37f9ef6a3ce90eece73a2d3c6adb,2025-07-12 01:08:02.539569+00:00,en,independent.co.uk,independent.co.uk,2019-04-12,Death row inmate's execution stopped at last minute because there wasn't enough time to do lethal injection,https://www.independent.co.uk/news/world/americas/death-row-alabama-christopher-lee-price-execution-lethal-injection-a8866386.html
92a09cebd80e606a66ffca5872075cd1c5d4e51a0abd17d56ec1cbc65d62b298,2025-07-11 22:27:18.406013+00:00,en,politics.co.uk,politics.co.uk,2025-07-11,Roz Savage: 'Why Britain needs legal guarantees on climate and nature',https://www.politics.co.uk/mp-comment/2025/07/11/roz-savage-why-britain-needs-legal-guarantees-on-climate-and-nature/
134c5452f8279109a0d6411f8189b226b2cc075917ef08dfaddef53d32300510,2025-07-11 15:53:37.532221+00:00,en,dailymail.co.uk,dailymail.co.uk,2019-04-15,German ‘super’ wasps which repeatedly sting people are on the rise In Australia,https://www.dailymail.co.uk/news/article-6922471/German-super-wasps-repeatedly-sting-people-rise-Australia.html?ns_mchannel=rss&ns_campaign=1490&ito=1490
49bb5ca6bf4ec00ac18539f04221a1d17d8be8c22a2d29871c3c6db79809b058,2025-07-11 15:35:39.087025+00:00,en,theguardian.com,theguardian.com,2025-07-11,One wrong move could be fatal: the divers risking their lives to save whales from ‘ghost nets’,https://www.theguardian.com/global-development/2025/jul/11/ghost-nets-colombian-divers-old-fishing-gear-commercial-fishing-equipment
4d8e5820128ec5fd9336cd6368136a32addc59dfed5dc65570c3958fed475d4d,2025-07-11 13:51:32.567969+00:00,en,guernseypress.com,guernseypress.com,2019-04-16,‘You are never too small to make a difference’,http://www.guernseypress.com/news/voices/2019/04/16/you-are-never-too-small-to-make-a-difference/
436cb27b13b9b6571716dbc27ff8c72aaaaecf1df59eaa9f802b4b7c655527f7,2025-07-11 10:01:15.746232+00:00,en,theconversation.com,theconversation.com,2019-04-17,'Climate Change – The Facts': the BBC and David Attenborough should talk about solutions,http://theconversation.com/climate-change-the-facts-the-bbc-and-david-attenborough-should-talk-about-solutions-114544
7b00435908512cb7ce372680c278d4a49d8ce92dfe7f816474601f4af0dea0bf,2025-07-11 08:53:59.720367+00:00,en,standard.co.uk,standard.co.uk,2019-04-18,"To avoid the hell of climate change, look to the City of Angels",https://www.standard.co.uk/comment/comment/to-avoid-the-hell-of-climate-change-look-to-the-city-of-angels-a4121451.html
b972156383c81340caca3252db854b0c3014154712a95bd450b924151426586c,2025-07-11 06:17:44.602203+00:00,en,independent.co.uk,independent.co.uk,2019-04-21,Hawaii’s Waikiki Beach 'could soon be underwater' because of climate change,https://www.independent.co.uk/news/world/americas/hawaii-waikiki-beach-underwater-climate-change-honolulu-chris-lee-hb1487-a8880631.html
e65c4c56b5f580d1c999db37889cab338b9c0df002432272dc6bf4cc50eedada,2025-07-11 00:10:50.696922+00:00,en,theconversation.com,theconversation.com,2019-04-26,It's not worth wiping out a species for the Yeelirrie uranium mine,http://theconversation.com/its-not-worth-wiping-out-a-species-for-the-yeelirrie-uranium-mine-116059
2e83ece1b2dd274d89b1049a6d2e82958cff247c6ab7e5e4cbabc0c5d9a28b0c,2025-07-10 20:07:05.221356+00:00,en,morningstaronline.co.uk,morningstaronline.co.uk,2019-04-30,Corbyn calls on MPs to accept their ‘historic duty’ and declare a ‘climate emergency’,https://morningstaronline.co.uk/article/h-splash-embargoed-until-2230-corbyn-climate
bbe601b3a61ca322ad0afa52ee4a21812f859b717c4cf8cafc976a57f2ba0630,2025-07-10 05:21:18.347411+00:00,en,dailymail.co.uk,dailymail.co.uk,2025-07-10,"March of the super-ants - Colonies of up to 5 million have been swarming all over Europe. Now they're in Britain and, as the heatwave reaches a peak, arriving in ever larger numbers: DAVID LEAFE",https://www.dailymail.co.uk/news/article-14890447/super-ants-insects-heatwave-summer-germany-tapinoma-magnum.html?ns_mchannel=rss&ito=1490&ns_campaign=1490
9dcbcefacd351a5ae6b64ae23c6e70ee12acc1fbc3242a07857bc96d3c4ebede,2025-07-09 18:22:22.391529+00:00,en,theconversation.com,theconversation.com,2025-07-09,Action is the antidote to ecological grief and climate anxiety – an ecotherapist explains,https://theconversation.com/action-is-the-antidote-to-ecological-grief-and-climate-anxiety-an-ecotherapist-explains-260428
61294a11687446192a9a45e43c7c3072e4741cfecfb956e7b9df6e2c878f8876,2025-07-09 13:58:33.337065+00:00,en,theguardian.com,theguardian.com,2019-01-20,How to stop the climate crisis: six lessons from the campaign that saved the ozone,https://www.theguardian.com/environment/2019/jan/20/how-to-stop-the-climate-crisis-six-lessons-from-the-campaign-that-saved-the-ozone
9c22d57965bb8760848cd2b47b5e3017744babf2892d3487c2516d86451782fa,2025-07-09 12:19:45.825605+00:00,en,theguardian.com,theguardian.com,2019-01-24,Why people in the US south stay put in the face of climate change,https://www.theguardian.com/environment/2019/jan/24/us-south-climate-change
910357554772830ec6bc9733e8b1cfe2a8fa5427889c7e7475629da96a7e99a7,2025-07-09 10:02:11.478928+00:00,en,scotsman.com,scotsman.com,2019-01-29,We can’t simply move away as sea levels rise – Jonny Hughes,https://www.scotsman.com/news/opinion/we-can-t-simply-move-away-as-sea-levels-rise-jonny-hughes-1-4863833
3f17d29229335471a02161212aaa0f9cf6a9003b8b5835a2be8ba34d14d359f7,2025-07-09 05:06:15.407569+00:00,en,theguardian.com,theguardian.com,2019-02-05,'We have to learn to live with floods': waterlogged Surat to become latest megacity,https://www.theguardian.com/cities/2019/feb/05/we-have-to-learn-to-live-with-floods-waterlogged-surat-to-become-latest-megacity
e93ce7325289e4d93b24f3880ec9365c0cf1712cb4f36c616b5478e4d6214f63,2025-07-09 03:45:40.906340+00:00,en,sky.com,sky.com,2019-02-06,Deep Dive: Mission to take scientists into the ocean's twilight zone,http://news.sky.com/story/deep-ocean-live-sky-news-to-broadcast-from-parts-of-the-ocean-never-seen-before-11629805
b9be6238c6224d16cff5e11d8963c95b7a2b689f36e934d12a73f657a0410e53,2025-07-09 03:44:43.557661+00:00,en,independent.co.uk,independent.co.uk,2017-11-13,"15,000 scientists just gave a catastrophic warning about the fate of humanity",https://www.independent.co.uk/environment/letter-to-humanity-warning-climate-change-global-warming-scientists-union-concerned-a8052481.html
2b154ba750d2e8900e1f1b18d8442df22ad635468335aa90a683dfdc8e1021f8,2025-07-08 20:18:53.856993+00:00,en,theguardian.com,theguardian.com,2025-07-08,‘Could become a death spiral’: scientists discover what’s driving record die-offs of US honeybees,https://www.theguardian.com/environment/2025/jul/08/record-us-bee-colony-dieoffs-climate-stress-pesticides-silent-spring-aoe
42a3410195c1d8c256aa41ea63f79ee4383eb8d6b176f5e5ae6270f79b1e0596,2025-07-08 14:38:40.220530+00:00,en,dailymail.co.uk,dailymail.co.uk,2018-08-02,"Now my farm will help teach the world to live without oil, says woman who banished plastic bags from her town",https://www.dailymail.co.uk/news/article-1145431/Now-farm-help-teach-world-live-oil-says-woman-banished-plastic-bags-town.html?ns_mchannel=rss&ns_campaign=1490&ito=1490
1daf4aa5e9924bb7de9b3520c206c22b4938bbc422e2cad870fcbe9888f05e1e,2025-07-08 05:39:26.632528+00:00,en,standard.co.uk,standard.co.uk,2019-02-18,How to see lemurs in the wild and help save them from extinction,https://www.standard.co.uk/lifestyle/travel/how-to-see-lemurs-in-the-wild-madagascar-a4069401.html
a28272fa3c06261a1c0e22e0d2ec359e44c78bf925eab4c6bc00de261febcd6e,2025-07-08 02:09:37.036007+00:00,en,dailymail.co.uk,dailymail.co.uk,2019-02-18,"Global climate change targets unlikely to be met,...",https://www.dailymail.co.uk/sciencetech/article-6717675/Global-climate-change-targets-unlikely-met-research-suggests.html?ns_mchannel=rss&ito=1490&ns_campaign=1490
19158186999a4b656f54a11f9fdd9234dbfaa9e1d67b004a72debaad5c07e0d0,2025-07-07 21:53:10.722514+00:00,en,theconversation.com,theconversation.com,2019-02-21,Climate change: obsession with plastic pollution distracts attention from bigger environmental challenges,http://theconversation.com/climate-change-obsession-with-plastic-pollution-distracts-attention-from-bigger-environmental-challenges-111667
3381d4ca321d373351ae02eac9ec3c949c854d987f008155cbec911926e5a3ce,2025-07-07 13:34:59.702405+00:00,en,theconversation.com,theconversation.com,2025-07-07,The hard questions NZ must ask about the claimed economic benefits of fast-track mining projects,https://theconversation.com/the-hard-questions-nz-must-ask-about-the-claimed-economic-benefits-of-fast-track-mining-projects-259779
f71e6488ca5df1d08dc58740f4e2723f47f6878c7981ff5f6be40183ca6141bc,2025-07-07 13:26:20.500578+00:00,en,independent.co.uk,independent.co.uk,2018-10-30,"Global wildlife has declined 60% in 40 years, says WWF",https://www.independent.co.uk/environment/wildlife-nature-decline-extinct-paris-climate-agreement-wwf-elephants-rhinos-polar-bears-a8607341.html
11eec53d8c252155572e18141bfe987f620fa45724fff17f1886833727b653cd,2025-07-07 11:36:43.876368+00:00,en,economist.com,economist.com,2019-03-02,"Water, the original solvent, can provide its own solutions",https://www.economist.com/node/21759888?fsrc=rss
0fc3b2a0dc7c55a9040f6c98287f928f488e5a64f3b906a5d9ea7da539c41a38,2025-07-07 11:34:04.099518+00:00,en,economist.com,economist.com,2019-03-02,"Water, the original solvent, can provide its own solutions",https://www.economist.com/special-report/2019/03/02/water-the-original-solvent-can-provide-its-own-solutions
9bb1f5593b170b3309d41db9ec2bc125e504f1b7de5f8624cd12d11a5a702b6d,2025-07-07 10:16:36.499153+00:00,en,theguardian.com,theguardian.com,2019-01-29,Agency protecting English environment reaches ‘crisis point’,https://www.theguardian.com/environment/2019/jan/29/agency-protecting-english-environment-reaches-crisis-point
890684e4aeafbb27ec2b0fcaa26902117e5ac805491d23eeff1dd9b768b7f6b4,2025-07-07 10:11:43.888698+00:00,en,dailymail.co.uk,dailymail.co.uk,2018-06-10,German minister slams Trump for tearing up G7 agreement,https://www.dailymail.co.uk/news/article-5826953/German-minister-slams-Trump-tearing-G7-agreement.html#i-f120a434c268a187
d55f699ca2bbc952b1f8ce65d488989ce7d3062b120e9370892c15c20a7a2af9,2025-07-07 09:53:40.656010+00:00,en,independent.co.uk,independent.co.uk,2019-03-03,"Until people can eat, wildlife will decline",https://www.independent.co.uk/voices/campaigns/GiantsClub/until-people-can-eat-wildlife-will-decline-a8805946.html
f0cfb37711b92615d49f9025bf54d70759ae4371fffeccecf00cb5020eb635d8,2025-07-07 09:44:49.779347+00:00,en,theguardian.com,theguardian.com,2019-03-03,"Out of sight, out of luck: the hidden victims of Australia’s deadly heatwaves",https://www.theguardian.com/environment/2019/mar/04/out-of-sight-out-of-luck-the-hidden-victims-of-australias-deadly-heatwaves
6bb84a0b7862d3bf59589af80d0575c79eaf8a4ae62cc4b60cc5ce7da4ad30cb,2025-07-07 06:24:02.921977+00:00,en,theguardian.com,theguardian.com,2017-12-14,‘A different dimension of loss’: inside the great insect die-off,https://www.theguardian.com/environment/2017/dec/14/a-different-dimension-of-loss-great-insect-die-off-sixth-extinction?CMP=share_btn_tw
60d213bddfe24d04ce506001cfbc39ea6a7bfbfa57fce085748300a8d72e49eb,2025-07-07 05:25:32.010385+00:00,en,scotsman.com,scotsman.com,2019-03-05,Playing God: Why the future may be genetically modified – Jonny Hughes,https://www.scotsman.com/news/opinion/playing-god-why-the-future-may-be-genetically-modified-jonny-hughes-1-4883215
260b04f85bdcbc36652d80f039e0b2d9e4691d50cc850fbae7fa9497aa44c57c,2025-07-07 04:22:03.594305+00:00,en,theconversation.com,theconversation.com,2019-03-07,"Welcome Asterix, Obelix and Yoda! Finding fun in the serious matter of discovering insects",http://theconversation.com/welcome-asterix-obelix-and-yoda-finding-fun-in-the-serious-matter-of-discovering-insects-113036
33e6e4d8c619bada3a56b0d82de31fefcd827412150d0ee5b7c2e0a3feb8b7b3,2025-07-07 03:47:05.023784+00:00,en,opendemocracy.net,opendemocracy.net,2018-05-21,Steven Pinker’s ideas are fatally flawed. These eight graphs show why.,https://www.opendemocracy.net/en/transformation/steven-pinker-s-ideas-are-fatally-flawed-these-eight-graphs-show-why/
7d5ee2fec89144e7eef8cda52014624737017597a19e98474e2b3a11734e2196,2025-07-07 03:20:10.559636+00:00,en,huffingtonpost.co.uk,huffingtonpost.co.uk,2016-02-29,Svalbard Global Seed Vault: Inspiring Interview With the Global Crop Diversity Trust,http://www.huffingtonpost.co.uk/-frontier/svalbard-global-seed-vaul_b_9318272.html
9fc10f19caf4847a62a80dccaa88f458309d03cadf592a6af0db299b67679588,2025-07-07 02:20:02.757117+00:00,en,theguardian.com,theguardian.com,2019-01-16,"Global tensions holding back climate change fight, says WEF",https://www.theguardian.com/environment/2019/jan/16/global-tensions-holding-back-climate-change-fight-says-wef
31d6c2b3f950b6c3d53f03be3d4d7f605ca237b83ca427779c3a2a8d2bebfe85,2025-07-06 23:50:41.168399+00:00,en,theconversation.com,theconversation.com,2019-03-11,"The summer bushfires you didn't hear about, and the invasive species fuelling them",http://theconversation.com/the-summer-bushfires-you-didnt-hear-about-and-the-invasive-species-fuelling-them-112619
75a1400b0bb248e949b0ddc487e10411a80fc427fd1188b935d6904ba48b9e31,2025-07-06 22:40:22.599053+00:00,en,theguardian.com,theguardian.com,2017-09-06,'They should be much bigger': the heavy toll of hunger on Madagascar's children,https://www.theguardian.com/global-development/2017/sep/06/malnutrition-madagascar-heavy-toll-they-should-be-much-bigger-stunted
785840957da7f3105dfe526b2e13b72346927b185c738212ecf7d48235463ccc,2025-07-06 21:06:32.944947+00:00,en,heraldscotland.com,heraldscotland.com,2019-03-14,UN calls for urgent environmental action to protect human health,https://www.heraldscotland.com/news/17500391.un-calls-for-urgent-environmental-action-to-protect-human-health/?ref=rss
a8a5717d4fd87c040b311d290268852247982541d1747f062ff69828c3b1a9b4,2025-07-06 19:59:28.809305+00:00,en,theguardian.com,theguardian.com,2019-03-13,'A speech is not a policy': environment groups call on ALP to announce policy details,https://www.theguardian.com/environment/2019/mar/14/a-speech-is-not-a-policy-environment-groups-call-on-alp-to-announce-policy-details
12fc7ffbda46fbcf95180cc50fcc6e640e280ce0e37e2a8a54b41bdb67c8c868,2025-07-06 17:41:47.171805+00:00,en,independent.co.uk,independent.co.uk,2018-05-28,'Spiderman' who saved child by climbing up outside of Paris building is invited to meet President Macron,https://www.independent.co.uk/news/world/europe/man-saved-child-climbing-paris-building-mamoudou-gassam-emmanuelle-macron-a8372386.html
716ecc24747190e6d4f3e0695791be4c5e2c1e7cc1884a908b2d99ed3bc180ed,2025-07-06 16:10:53.311400+00:00,en,sky.com,sky.com,2019-03-18,Deep Ocean Live: Scientists confident of identifying new species,http://news.sky.com/story/deep-ocean-live-scientists-confident-of-identifying-new-species-11669696
f9d14b2a3d6496d21dfac65054ac4439ea332d98ef90373bb76c6d2fe68e37a8,2025-07-06 15:10:28.585185+00:00,en,theconversation.com,theconversation.com,2019-03-19,National service for the environment – what an army of young conservationists could achieve,http://theconversation.com/national-service-for-the-environment-what-an-army-of-young-conservationists-could-achieve-113276
9a979b1980623634ba6a9a359fb89dc47ee98ffd79578927b4fdfa0e5153851d,2025-07-06 12:17:50.571752+00:00,en,theguardian.com,theguardian.com,2019-03-20,Tim Flannery: people are shocked about climate change but they should be angry,https://www.theguardian.com/environment/2019/mar/20/tim-flannery-people-are-shocked-about-climate-change-but-they-should-be-angry
7dce104684f6c572432e35c590d4bfaf848da0c6914bf0363f159b1c859b6e83,2025-07-06 10:17:11.885350+00:00,en,economist.com,economist.com,2019-03-23,The insect apocalypse is not here but there are reasons for concern,https://www.economist.com/science-and-technology/2019/03/23/the-insect-apocalypse-is-not-here-but-there-are-reasons-for-concern
ff3e1933f4eb5c1877eb94617a97bef01f686edb087d84a91a42d0975a7f3ba5,2025-07-06 08:22:42.059573+00:00,en,economist.com,economist.com,2019-03-21,Is insectageddon imminent?,https://www.economist.com/node/21761837?fsrc=rss
288549700d51d5bbbbfc730b9f4abc7a74c4c3b929220d886b271e175e73015b,2025-07-06 08:02:48.776430+00:00,en,economist.com,economist.com,2019-03-23,Is insectageddon imminent?,https://www.economist.com/leaders/2019/03/23/is-insectageddon-imminent
4636c95323d83b38fc5aa037297aa10f0d8b779a903c3c0e82b97a322d4a8caf,2025-07-06 07:33:48.991045+00:00,en,independent.co.uk,independent.co.uk,2019-03-26,"Bees, hoverflies and other pollinating insects have disappeared from quarter of UK habitats, scientists say",https://www.independent.co.uk/environment/insects-pollination-bees-flies-uk-farming-agriculture-pesticides-climate-change-a8839306.html
0f1824631ed194c21a7d535d5ca3d81c34f13c20accfa1ca466f4c7288681237,2025-07-06 05:34:16.972202+00:00,en,independent.co.uk,independent.co.uk,2019-03-28,Farmer who kidnapped and raped backpacker in Australia ‘to be deported to UK’,https://www.independent.co.uk/news/world/australasia/farmer-rape-australia-backpacker-gene-charles-bristow-extradited-adelaide-a8843336.html
3ce64a4153c43380ed5c09e59f361b19a35dbf1784ebc475c4acfc0b6104fb35,2025-07-05 17:00:40.973661+00:00,en,economist.com,economist.com,2019-02-28,"Water, the original solvent, can provide its own solutions",https://www.economist.com/special-report/2019/02/28/water-the-original-solvent-can-provide-its-own-solutions
f63f0e392e8b9dcd5f66b8de96441a1690e1781e50b4f46df95fdf52989b9454,2025-07-05 11:31:58.997976+00:00,en,heraldscotland.com,heraldscotland.com,2019-04-20,Issue of the week: Who are Extinction Rebellion and what do they want?,https://www.heraldscotland.com/news/17586254.issue-of-the-week-who-are-extinction-rebellion-and-what-do-they-want/?ref=rss
7ddab56d61f075a812cd22e90dcb033df4283f5f5391d4c9faf144d6e1c53615,2025-07-05 08:29:23.605167+00:00,en,chroniclelive.co.uk,chroniclelive.co.uk,2019-04-27,Watch the mock funeral procession as climate change protesters mourn our future,https://www.chroniclelive.co.uk/news/north-east-news/watch-mock-funeral-procession-climate-16189223
5389776106f4760f4fa8779fd6889fbf359e0e10b14560067b31d6310d9b8674,2025-07-05 07:18:24.461273+00:00,en,theconversation.com,theconversation.com,2019-04-11,Surviving climate change means transforming both economics and design,http://theconversation.com/surviving-climate-change-means-transforming-both-economics-and-design-109164
ff110b1f1d94948326c152fdd992c7aa37bb830c3509e6e6b84d69db3f4481e0,2025-07-05 06:46:10.429435+00:00,en,heraldscotland.com,heraldscotland.com,2019-05-01,Iain Macwhirter: Politicians should be wary when declaring a climate war they cannot win,https://www.heraldscotland.com/news/17609391.iain-macwhirter-politicians-should-be-war-when-declaring-a-climate-war-they-cannot-win/?ref=rss
2e41bfb1b351313e90eabf9e4a150e54b78782148950476da1be31e36c8d7a19,2025-07-05 06:33:50.838760+00:00,en,theconversation.com,theconversation.com,2019-05-01,How to stop climate change: six ways to make the world a better place,http://theconversation.com/how-to-stop-climate-change-six-ways-to-make-the-world-a-better-place-115944
afde7a6a4d29abb471c558a20f18945557239db8f04fa906f88233bc22a04035,2025-07-05 06:22:38.036808+00:00,en,newstatesman.com,newstatesman.com,2019-05-01,The science is clear: the earth is heating up and irreversible global climate change is already in motion,https://www.newstatesman.com/politics/staggers/2019/05/science-clear-earth-heating-and-irreversible-global-climate-change-already
e9f9df0d7c9b3764c356b2c7af6899752a743dbce99e09be8d2174a476dc3ce7,2025-07-05 05:58:33.655496+00:00,en,express.co.uk,express.co.uk,2019-05-01,Corbyn hails MPs’ decision to declare ‘climate change emergency’,https://www.express.co.uk/news/politics/1121683/climate-change-emergency-labour-corbyn-parliament-theresa-may-extinction-rebellion
32133f561663710adccd2a75461b4d5c9e5602bea99203bfef5dbc4ef59ae4c4,2025-07-05 05:20:49.523117+00:00,en,theconversation.com,theconversation.com,2019-05-02,"Urban greening can save species, cool warming cities, and make us happy",http://theconversation.com/urban-greening-can-save-species-cool-warming-cities-and-make-us-happy-116000
8213dc9beb0a6e94e730a024c7451cdaae4e338d79c45f3e4c6cbb1707cb1d21,2025-07-05 05:12:53.613992+00:00,en,theconversation.com,theconversation.com,2019-05-02,Net zero emissions by 2050 or 2025? Depends how you think politics works,http://theconversation.com/net-zero-emissions-by-2050-or-2025-depends-how-you-think-politics-works-116335
55992d5d1e534a36c5063d5a793a9425a3520032507a6ae100b28f39b3365bbd,2025-07-05 04:07:57.529930+00:00,en,heraldscotland.com,heraldscotland.com,2019-05-01,Iain Macwhirter: Politicians should be wary when declaring a climate war they cannot win,https://www.heraldscotland.com/news/17609391.iain-macwhirter-politicians-should-be-wary-when-declaring-a-climate-wary-they-cannot-win/?ref=rss
f0564eb62478d6dc9d98bc04bc0afcacb9072c70c02e75ead89c5489bdf3f57c,2025-07-05 03:13:54.950357+00:00,en,heraldscotland.com,heraldscotland.com,2019-05-01,Iain Macwhirter: Politicians should be wary when declaring a climate war they cannot win,https://www.heraldscotland.com/opinion/17609391.iain-macwhirter-politicians-should-be-wary-when-declaring-a-climate-war-they-cannot-win/
7def08fec475a7d81eb24f6f537c6334e9a0123cbcfc5b23352d810d0ed1865e,2025-07-05 03:13:44.160635+00:00,en,independent.co.uk,independent.co.uk,2017-05-31,"Humans are bringing about the sixth mass extinction of life on Earth, scientists warn",https://www.independent.co.uk/environment/mass-extinction-humans-causing-earth-deaths-end-times-warning-a7765856.html
dc6931c09851a62986f8b0cd67fcaaac5c060eb6881e45792e218de927332d28,2025-07-05 03:12:30.260167+00:00,en,independent.co.uk,independent.co.uk,2018-06-13,Many of Britain’s favourite mammals could be wiped out within a decade,https://www.independent.co.uk/environment/mammals-uk-extinction-hedgehogs-water-voles-squirrels-nature-farming-pesticides-a8395581.html
8f057766a21195a4d9a2bbe9be2d224b43fa2521d6113149954045a40c558ebc,2025-07-05 03:09:27.989515+00:00,en,theguardian.com,theguardian.com,2017-10-04,Why factory farming is not just cruel – but also a threat to all life on the planet,https://www.theguardian.com/environment/2017/oct/04/factory-farming-destructive-wasteful-cruel-says-philip-lymbery-farmageddon-author?CMP=aff_1432&utm_content=The+Independent&awc=5795_1556980567_a0aeea495048ad27195760ce0fc0ca59
bd51b89ea26feaf2931a44998776e0e187e10eb9a884319c50991761cceed016,2025-07-05 02:46:19.810591+00:00,en,theguardian.com,theguardian.com,2019-05-04,The battle to save the world's biggest bumblebee from European invaders,https://www.theguardian.com/environment/2019/may/04/the-battle-to-save-the-worlds-biggest-bumblebee-from-european-invaders
791d48b5c65b98fd114544768d3233d4539425edf9f75d807d0af97bd09d37dd,2025-07-05 02:22:59.032808+00:00,en,theguardian.com,theguardian.com,2018-12-11,"The will of the people is to halt climate change, what about politicians?",https://www.theguardian.com/commentisfree/2018/dec/11/climate-change-politicians-un-summit
d392600a3321b0670c70d56b5da35b9e5ce4e3161624f82c4badcc6987fdf754,2025-07-05 02:22:56.460008+00:00,en,theguardian.com,theguardian.com,2018-03-14,"If business leaders want to regain our trust, they must act upon climate risk",https://www.theguardian.com/environment/commentisfree/2018/mar/15/if-business-leaders-want-to-regain-our-trust-they-must-act-upon-climate-risk
b28253f359029c7ec83846e87c68222c28e32176b9eeb3e46a28a71deaa1903e,2025-07-05 02:22:52.679684+00:00,en,theguardian.com,theguardian.com,2018-11-20,The arts have a leading role to play in tackling climate change,https://www.theguardian.com/commentisfree/2018/nov/20/arts-climate-change
512e1877a685099a60e079f9f53c8995de71f4aa2b5dffe47dc8abeeead0350b,2025-07-05 02:22:47.239099+00:00,en,theguardian.com,theguardian.com,2019-04-04,So many ways – big and small – to capture carbon,https://www.theguardian.com/environment/2019/apr/04/so-many-ways-big-and-small-to-capture-carbon
8922ccc7f4b994879b915b06fb26d3f18bcd7fcf10edf775b37b42fc2bd70a0b,2025-07-05 02:22:40.451159+00:00,en,theguardian.com,theguardian.com,2019-03-15,Young climate activists around the world: why I’m striking today,https://www.theguardian.com/commentisfree/2019/mar/15/young-climate-activists-striking-today-campaigners
7461ce1123d1597e5fb98ca837bd7a4c423408bc5cd59224089bf248794ba6b6,2025-07-05 02:22:37.572494+00:00,en,metro.co.uk,metro.co.uk,2018-12-02,"If we carry on eating burgers at the rate we are, we could cause the apocalypse",https://metro.co.uk/2018/12/02/if-we-carry-on-eating-burgers-at-the-rate-we-are-we-could-cause-the-apocalypse-8181710/
dda3781676bb35b87b8460c88889a38000d4de1747938e07fb80411689326a6b,2025-07-05 02:22:37.413896+00:00,en,scotsman.com,scotsman.com,2018-12-05,Charles Dundas: EU helped protect our environment – we need the same rules after Brexit,https://www.scotsman.com/news/opinion/charles-dundas-eu-helped-protect-our-environment-we-need-the-same-rules-after-brexit-1-4838795
9b1b1ca79d5aa1a5e6adc805a6b97b2439e8b3f732e74efacfaeb1b3476e940d,2025-07-05 02:22:35.987519+00:00,en,theguardian.com,theguardian.com,2019-01-01,Time for politicians to make 'stark choices' over climate change,https://www.theguardian.com/politics/2019/jan/01/time-for-politicians-to-make-stark-choices-over-climate-change
51aeec2a5095afe57dfcef63612bd4762f698edf6b30e6e7ff1ebb892b9dc0fd,2025-07-05 02:22:34.876805+00:00,en,theguardian.com,theguardian.com,2018-11-29,Stella McCartney to launch UN charter for sustainable fashion,https://www.theguardian.com/fashion/2018/nov/29/stella-mccartney-to-launch-un-charter-sustainable-fashion
8e19cc4b3e08486a3bc94a186da6b2dd0c003a364cd104a533cb1ee843f76096,2025-07-05 02:22:32.960288+00:00,en,scotsman.com,scotsman.com,2018-02-02,Don’t let conservation become a memory,https://www.scotsman.com/news/opinion/don-t-let-conservation-become-a-memory-1-4678980
fe0e7605a0b5c8e9ffb324f674f3a336332e3f899978ea79f8c6fb7de416ccfe,2025-07-05 02:22:32.902954+00:00,en,theguardian.com,theguardian.com,2018-02-12,'A national disgrace': Australia's extinction crisis is unfolding in plain sight,https://www.theguardian.com/environment/2018/feb/13/a-national-disgrace-australias-extinction-crisis-is-unfolding-in-plain-sight
240952849c03a8d8a2053e95f046c21d4b74ec7af7d2307f1d0057241729ee9d,2025-07-05 02:22:31.647589+00:00,en,theguardian.com,theguardian.com,2018-03-21,The Guardian view on disappearing rhinos: protect other species to protect ourselves,https://www.theguardian.com/commentisfree/2018/mar/21/the-guardian-view-on-disappearing-rhinos-protect-other-species-to-protect-ourselves
221afa1643eeb995426a5b80ad1fdaa042f1eb24db74f77361dd37921ffe2ef1,2025-07-05 02:22:30.764972+00:00,en,scotsman.com,scotsman.com,2018-02-09,Anne McCall: Brexit could have a massive impact on cash to preserve our wildlife,https://www.scotsman.com/news/opinion/anne-mccall-brexit-could-have-a-massive-impact-on-cash-to-preserve-our-wildlife-1-4685773
c67adaca52b8a203665a0a41ba244c9d4a45df5bbbc1ef8c072de10e06ceb9d7,2025-07-05 02:22:29.439851+00:00,en,theguardian.com,theguardian.com,2018-10-12,Reusable coffee cups are just a drop in the ocean for efforts to save our seas,https://www.theguardian.com/environment/2018/oct/12/reusable-coffee-cups-are-just-a-drop-in-the-ocean-for-efforts-to-save-our-seas
7424e06e86ac40476d3fc87c00188605b787c255d0d1bbe2a0180a3f4eafd17f,2025-07-05 02:21:16.124147+00:00,en,theguardian.com,theguardian.com,2019-04-03,Campaign to save oceans maps out global network of sanctuaries,https://www.theguardian.com/environment/2019/apr/04/campaign-to-save-oceans-maps-out-global-network-of-sanctuaries
b80840587d00fd892779c1793fdb099ae0ee6e1a4f8b35348b02170b57bbdba3,2025-07-05 02:21:15.432272+00:00,en,theguardian.com,theguardian.com,2018-10-08,"Geoengineering may be used to combat global warming, experts say",https://www.theguardian.com/environment/2018/oct/08/geoengineering-global-warming-ipcc
9e304877c8dd62a7c356de8dd14e6f7b20af2d6b08cd1f2e86e9b6642edcbb57,2025-07-05 02:21:06.920790+00:00,en,huffingtonpost.co.uk,huffingtonpost.co.uk,2018-11-09,The Government Must Commit To Doing More To Save Our Oceans,https://www.huffingtonpost.co.uk/entry/oceans-plastic-climate-change_uk_5be548d9e4b0dbe871a96761
dfe8865bc6b750c9c2120f56be9a5e32bd652144a1271db10f952434d7e1f630,2025-07-05 02:20:58.285231+00:00,en,theguardian.com,theguardian.com,2019-02-11,The Guardian view on the mass death of insects: this threatens us all,https://www.theguardian.com/commentisfree/2019/feb/11/the-guardian-view-on-the-mass-death-of-insects-this-threatens-us-all
0f3de11c17975fa8dacecd9730d0cf55d1341a3e5f5cad1fbd9f94318d90e5d7,2025-07-05 02:20:56.531141+00:00,en,theguardian.com,theguardian.com,2016-04-14,World's scientists to join forces on major 1.5C climate change report,https://www.theguardian.com/environment/2016/apr/14/worlds-scientists-to-join-forces-on-major-15c-climate-change-report
7815858abb936a31ac1a1543a181eec82b16cc9c27fecb9b69d970248f4e3603,2025-07-05 02:20:56.507996+00:00,en,theguardian.com,theguardian.com,2017-10-04,"Factory farming is not just cruel – it's inefficient, says Farmageddon author",https://www.theguardian.com/environment/2017/oct/04/factory-farming-destructive-wasteful-cruel-says-philip-lymbery-farmageddon-author
3fe788cd7d10191b60b80db6f9077fe32180014d8032b741bd661688a03329a4,2025-07-05 02:19:33.521106+00:00,en,theguardian.com,theguardian.com,2016-04-14,Coral vs Coal: if Greg Hunt faces the truth he can save the Great Barrier Reef,http://www.theguardian.com/commentisfree/2016/apr/15/coal-vs-coral-if-greg-hunt-faces-the-truth-he-can-save-the-great-barrier-reef
7326eef7b469cd5a5185bb434c00de33322eb395be1a0e50b856d45c04f4501b,2025-07-05 02:19:27.892218+00:00,en,theguardian.com,theguardian.com,2016-08-29,Greg Hunt's approval of Adani's Queensland mine upheld by federal court,https://www.theguardian.com/australia-news/2016/aug/29/greg-hunts-approval-of-adanis-queensland-mine-upheld-by-federal-court
3afbf2d1b198dcfecd23bc4d4b3994bf17f80879d7c8ab72a061cd87dc35afdc,2025-07-05 01:21:47.104222+00:00,en,dailymail.co.uk,dailymail.co.uk,2019-05-06,"Humans risk wiping out ONE MILLION species of plants and animals, UN report warns",https://www.dailymail.co.uk/sciencetech/article-6997035/Humans-risk-wiping-ONE-MILLION-species-plants-animals-report-warns.html?ns_mchannel=rss&ito=1490&ns_campaign=1490
fa80c9bd71a6a97a9a27d7026d0e1a6b8111483b104596e61ee4efac1a8c7c86,2025-07-05 00:58:07.863472+00:00,en,sky.com,sky.com,2019-05-06,"Planet on 'path to catastrophe' as million species threatened, warns UN report",https://news.sky.com/story/planet-on-path-to-catastrophe-as-million-species-threatened-says-un-report-11712823
c4a73fd3d3c4891adf824420f0e65ca652a5e2fedac67a752dc446807e86725e,2025-07-05 00:49:12.045755+00:00,en,theguardian.com,theguardian.com,2019-05-06,Loss of biodiversity is just as catastrophic as climate change,https://www.theguardian.com/commentisfree/2019/may/06/biodiversity-climate-change-mass-extinctions
2cbd1cbd435e05f5d5c6e5ae049f4d516ac09b008d12602b5c8b489a5a3a840c,2025-07-05 00:44:51.306364+00:00,en,theguardian.com,theguardian.com,2019-05-06,Human society under urgent threat from loss of Earth's natural life,https://www.theguardian.com/environment/2019/may/06/human-society-under-urgent-threat-loss-earth-natural-life-un-report
2ad6984b394a51faf0809c432cb16e620c28f1df30530abb25af22169719789d,2025-07-05 00:31:08.179874+00:00,en,independent.co.uk,independent.co.uk,2019-05-06,"World must undergo huge transformation to save future of human life, major report finds",https://www.independent.co.uk/environment/un-biodiversity-report-2019-human-future-nature-food-green-farming-waste-action-a8901776.html
485261ab431f21bb1e7614a3e121530a2ec75c3e21d07b0247860df1f613d1eb,2025-07-05 00:18:19.184195+00:00,en,theguardian.com,theguardian.com,2019-05-07,"US briefing: Trump's taxes, China razes mosques and Arctic tensions",https://www.theguardian.com/us-news/2019/may/07/us-briefing-trumps-taxes-china-razes-mosques-arctic-tensions
eb608a9bda8cb7b91f5d37274be36330dee3fb8c235b012b658898feacc8a14a,2025-07-05 00:03:20.197742+00:00,en,express.co.uk,express.co.uk,2019-05-07,End of the world? Critical UN report warns humans are driving MASS EXTINCTION of species,https://www.express.co.uk/news/science/1123915/end-of-world-un-report-climate-change-mass-extinction-species-biodiversity
2fde3f8ad02e5b883ded0d1f3ec4fbd9c2c7368657668a00fcce811c4f550071,2025-07-04 23:58:50.211476+00:00,en,theweek.co.uk,theweek.co.uk,2019-05-07,Why human activity ‘threatens one million species with extinction’,https://www.theweek.co.uk/101079/why-human-activity-threatens-one-million-species-with-extinction
ba50a38778515c0d85903547a2ac218b1262ebf3f631be7e5177fb90ae432a66,2025-07-04 23:37:27.494726+00:00,en,socialistworker.co.uk,socialistworker.co.uk,2019-05-06,New report calls for ‘transformative changes’ to halt mass extinction,https://socialistworker.co.uk/art/48297/New+report+calls+for+transformative+changes+to+halt+mass+extinction
cc1933bdd93562c147f910a0eccfdd6eadee414c093d847dbcca96760214152b,2025-07-04 23:32:24.540706+00:00,en,express.co.uk,express.co.uk,2019-05-06,Man’s actions could leave a million species extinct: UK wildlife facing wipe-out,https://www.express.co.uk/news/nature/1123497/million-species-extinct-UK-wildlife-facing-wipeout
83fc4033a30a6078c9ec7c611a92e0857ae03ee04d795aed93ce8d087e31836d,2025-07-04 23:20:04.768974+00:00,en,theconversation.com,theconversation.com,2019-05-07,"Work on climate, not weaponizing the Constitution",http://theconversation.com/work-on-climate-not-weaponizing-the-constitution-116710
eba8d192e492c3d85ae427dad21aacfddd64235d449fdc415260e5db106ac786,2025-07-04 23:15:23.337611+00:00,en,newstatesman.com,newstatesman.com,2019-05-08,Leader: Where two roads diverge,https://www.newstatesman.com/politics/uk/2019/05/leader-where-two-roads-diverge
e1b8355e794cd8193540e85b6aa84cebc92ca010803ec688a0d6015480f0bcf5,2025-07-04 23:04:09.259834+00:00,en,heraldscotland.com,heraldscotland.com,2019-05-07,Scotland must be at ‘vanguard’ of fight against ecological catastrophe,https://www.heraldscotland.com/news/17621942.scotland-must-be-at-vanguard-of-fight-against-ecological-catastrophe/
4e4d7fb6b49998a086a7247ad7a6301cff98adda2729acb150aaf097e63a72ab,2025-07-04 22:57:47.087017+00:00,en,newstatesman.com,newstatesman.com,2019-05-08,Leader: Where two roads diverge on the future of the planet,https://www.newstatesman.com/politics/uk/2019/05/leader-where-two-roads-diverge-future-planet
aa4ac834470d639611a2bbc893ffaf2ca9a900e82e257c7b799e90190b7ec91f,2025-07-04 22:26:26.543128+00:00,en,independent.co.uk,independent.co.uk,2019-05-09,Humans have always played a part in animal extinction,https://www.independent.co.uk/news/science/environment-extinction-elephant-giraffe-rhino-hippo-biodiversity-animal-history-a8859746.html
cc5e68563a3eebea0f8507f8fbfc5ec87e3ddb72bafe94b29e690430c2add139,2025-07-04 20:35:01.266944+00:00,en,theguardian.com,theguardian.com,2019-05-10,Our obsession with growth is ruining the planet. A Green New Deal can save us,https://www.theguardian.com/commentisfree/2019/may/10/green-new-deal-economy-ecology
a87c271c78df2359bd85b7a1fac50794aeb8d32c68dda13309bb18e2ec1e4894,2025-07-04 19:59:25.237931+00:00,en,theguardian.com,theguardian.com,2016-01-05,A woeful response to flooding as the climate crisis hits home,http://www.theguardian.com/environment/2016/jan/05/a-woeful-response-to-flooding-as-the-climate-crisis-hits-home
98df7d3b68556a15d914a566599b2402660e4be84269b17d6b0c585f38114191,2025-07-04 19:59:21.922381+00:00,en,theguardian.com,theguardian.com,2017-01-03,Do David Attenborough’s programmes help or hinder the natural world?,https://www.theguardian.com/environment/2017/jan/03/do-david-attenboroughs-programmes-help-or-hinder-the-natural-world
a38c0bc1dab9bef659b34b2304bd096a30bdd4caa1733c422061b78b299a7f45,2025-07-04 18:57:49.063822+00:00,en,theconversation.com,theconversation.com,2019-05-12,Five actions Madagascar's president must take to save country's biodiversity,http://theconversation.com/five-actions-madagascars-president-must-take-to-save-countrys-biodiversity-116558
fc0af88e25c204526c85b036fbe78304a22fa0761ef84dc7532e2ab66a973a27,2025-07-04 18:14:50.606577+00:00,en,theguardian.com,theguardian.com,2019-05-11,Richard Powers: ‘I’ve read more than 120 books about trees’,https://www.theguardian.com/books/2019/may/11/richard-powers-interview-the-overstory-radicalised
8b9fa3b98d4992fb0d58c2178fa70917df6362ebc32de889426d6c045dff931b,2025-07-04 16:48:06.167608+00:00,en,guernseypress.com,guernseypress.com,2019-05-14,It’s not too late...,http://www.guernseypress.com/news/voices/2019/05/14/its-not-too-late/
388a315e2fd0b156ddc778c59f4d8d58dd3698c5f6805802ddd7c29683ee472a,2025-07-04 13:46:54.531782+00:00,en,theconversation.com,theconversation.com,2019-05-15,Give bees a chance: We can’t afford to lose our wild native pollinators,http://theconversation.com/give-bees-a-chance-we-cant-afford-to-lose-our-wild-native-pollinators-116480
4a448972fe9026c8ef5241dd3e0608d5ad5283a456f13252eea92886f4b2bc6a,2025-07-04 13:41:25.118155+00:00,en,theconversation.com,theconversation.com,2019-05-16,Tragic tale of a 'man-eating' tigress tells us so much about the climate crisis,http://theconversation.com/tragic-tale-of-a-man-eating-tigress-tells-us-so-much-about-the-climate-crisis-116701
0eac342595ad373416767976aad594e2159faada89b435fff225fb44c3c6f043,2025-07-04 12:47:37.457068+00:00,en,theconversation.com,theconversation.com,2019-05-17,How Japan's renewables-powered Olympics could kick off a global race for clean energy,http://theconversation.com/how-japans-renewables-powered-olympics-could-kick-off-a-global-race-for-clean-energy-115997
c68f743010bb27ce7dcf3779e2d9d1273f8ef6ed91f8877548afb0758aa4e67b,2025-07-04 12:35:26.747877+00:00,en,theconversation.com,theconversation.com,2019-05-17,We've declared a climate emergency – here's what universal basic income could do to help the planet,http://theconversation.com/weve-declared-a-climate-emergency-heres-what-universal-basic-income-could-do-to-help-the-planet-110222
d4d01b937f734e0b0fa1ad8fcdb07ef44cf806f04723f57071647ad50d25895a,2025-07-04 12:13:12.922027+00:00,en,theguardian.com,theguardian.com,2017-10-04,Why factory farming is not just cruel – but also a threat to all life on the planet,https://www.theguardian.com/environment/2017/oct/04/factory-farming-destructive-wasteful-cruel-says-philip-lymbery-farmageddon-author?CMP=aff_1432&utm_content=The+Independent&awc=5795_1558125479_a30acc0c1e680012d35da618f62eaca9
d48f3f4a8dfe3cf46e8bb909e013bab41c0e5c7937f9f6e1b1b055a403fa4b4c,2025-07-04 12:03:29.111599+00:00,en,theguardian.com,theguardian.com,2018-11-29,Stella McCartney to launch UN charter for sustainable fashion,https://www.theguardian.com/fashion/2018/nov/29/stella-mccartney-to-launch-un-charter-sustainable-fashion?CMP=aff_1432&utm_content=The+Independent&awc=5795_1558141831_07e340d7750afe885b7585d42a98719f
24b81fc4ecfabcbaac37146b8798802c91b08dabd87a5c9865763f9a7fb66fb2,2025-07-04 09:59:09.714690+00:00,en,theconversation.com,theconversation.com,2019-05-20,Biodiversity loss has finally got political – and this means new thinking on the left and the right,http://theconversation.com/biodiversity-loss-has-finally-got-political-and-this-means-new-thinking-on-the-left-and-the-right-116910
5c468ade76a7b488ca852afdc08372aa4fb9e6c331b579373ced960dfa83abd6,2025-07-04 09:42:27.966349+00:00,en,theconversation.com,theconversation.com,2019-05-20,Five reasons 'green growth' won’t save the planet,http://theconversation.com/five-reasons-green-growth-wont-save-the-planet-116037
7b2b97f85d458a5b6dede5fde70a350a42ac5c1958fbde247608f9cf8ab958b7,2025-07-04 05:27:11.615110+00:00,en,independent.co.uk,independent.co.uk,2019-05-24,Why we need to shift our thinking on climate change,https://www.independent.co.uk/news/long_reads/climate-change-crisis-change-earth-ipcc-a8923151.html
2ba250aea22ef83ed5aa021a7869b143846e747a1b11fdd528ff3c7a776c4ddb,2025-07-04 04:48:28.807318+00:00,en,theconversation.com,theconversation.com,2019-05-24,"Climate change: 'We've created a civilisation hell bent on destroying itself – I'm terrified', writes Earth scientist",http://theconversation.com/climate-change-weve-created-a-civilisation-hell-bent-on-destroying-itself-im-terrified-writes-earth-scientist-113055
3b11375f8e197df19e8e21b3214bf01f794f9474594a5fdeaeb4509602af356a,2025-07-04 03:39:09.462728+00:00,en,independent.co.uk,independent.co.uk,2019-05-25,Federal judge blocks Mississippi 'heartbeat bill' that effectively banned abortions after six weeks,https://www.independent.co.uk/news/world/americas/mississippi-abortion-law-heartbeat-bill-blocked-roe-v-wade-federal-judge-carlton-w-reeves-a8930301.html
acbb4608a22b96ab29333e3a8ce982d0bbe7707a880c4bd1b225f41ba8710b88,2025-07-04 01:30:25.564760+00:00,en,scotsman.com,scotsman.com,2019-05-27,Scotland's west coast named UK's first Hope Spot for rich marine life,https://www.scotsman.com/news/environment/scotland-s-west-coast-named-uk-s-first-hope-spot-for-rich-marine-life-1-4935058
1ce58bcb91a092ff3883b19fdd632f7854b8ab27a3082f43b9c090bd845220e0,2025-07-03 23:51:45.031552+00:00,en,scotsman.com,scotsman.com,2019-05-29,We’re doomed! But only if we don’t stop consuming our planet’s resources at an untenable rate – Sarah Stone,https://www.scotsman.com/news/opinion/columnists/we-re-doomed-but-only-if-we-don-t-stop-consuming-our-planet-s-resources-at-an-untenable-rate-sarah-stone-1-4936380
227dccbda22d413b8f668ed9fc15a08500d9dae21c9bb538d54deab101de3681,2025-07-03 22:13:47.526861+00:00,en,independent.co.uk,independent.co.uk,2019-05-30,Climate 'apocalypse' to leave Scotland in ruins within a decade,https://www.independent.co.uk/environment/climate-change-scotland-impact-forest-bird-wildlife-flooding-a8936661.html
c105dacfda2b8fb7b34faa8bfe74b42af7a4c525b4dc65d68b2aa31130bb67f6,2025-07-03 22:08:50.941343+00:00,en,independent.co.uk,independent.co.uk,2019-05-28,Uefa has dropped the ball over the Baku final,https://www.independent.co.uk/voices/editorials/europa-league-final-uefa-baku-arsenal-chelsea-henrikh-mkhitaryan-qatar-a8933851.html
05d8fbc894712e6ae59f4ff7e55b63552cf21c8c66e6150d758b8d23e76520cd,2025-07-03 21:38:47.992138+00:00,en,thesun.co.uk,thesun.co.uk,2025-07-03,Leftie BBC & Glasto are perfect meeting of middle-class b***ends… funded by us,https://www.thesun.co.uk/news/35680506/glastonbury-hypocrisy-leftie-artists-ally-ross/
b07f7aac43a47e1b247e185385ae2bb25a49d45262a9d176c8035eaf701ef20c,2025-07-03 19:04:39.479132+00:00,en,theguardian.com,theguardian.com,2019-05-31,Scotland faces climate 'apocalypse' without action to cut emissions,https://www.theguardian.com/uk-news/2019/may/31/scotland-apocalypse-action-cut-emissions
9c3d64df6c2df7a2a57ceeaec29ed4a7ec1af1e654e1521eb9176ff890faa7d0,2025-07-03 17:00:24.233922+00:00,en,standard.co.uk,standard.co.uk,2019-06-04,"All plastic should be taxed, say campaigners",https://www.standard.co.uk/futurelondon/theplasticfreeproject/plastic-tax-recycling-nature-2030-a4158996.html
647adf1860527a7d504406388548ecd2f7adb807f03fc806ca0fc8de9dd5fb53,2025-07-03 15:46:58.554066+00:00,en,independent.co.uk,independent.co.uk,2019-06-05,Opinion: Why do the direst climate change warnings still crash into a wall of inertia?,https://www.independent.co.uk/voices/climate-change-crisis-warning-human-civilisation-global-warming-a8945136.html
7b0b7d79b875ac5c33f40864ec14e12cd56ddc7345d602063af3c1379b1c0e8e,2025-07-03 13:58:50.668649+00:00,en,pressat.co.uk,pressat.co.uk,2019-06-06,Hunt launched across northwest Scotland to help save one of UK’s rarest bumblebees,http://www.pressat.co.uk/releases/hunt-launched-across-northwest-scotland-to-help-save-one-of-uks-rarest-bumblebees-847dd6ebc4a0d58c9ca4cb090728eccd
43691fca9d79905cbc14a0c4afed48a1448b069cc7dbaee19c4ffe2978f39f09,2025-07-03 10:20:27.594872+00:00,en,theconversation.com,theconversation.com,2019-06-07,What psychotherapy can do for the climate and biodiversity crises,http://theconversation.com/what-psychotherapy-can-do-for-the-climate-and-biodiversity-crises-116977
c6463225193acac8e37cae8149ae2f782e788e667e49dd823548285051359878,2025-07-03 07:42:35.267948+00:00,en,dailymail.co.uk,dailymail.co.uk,2019-06-08,Prince Charles fears it may be too late to save the natural world,https://www.dailymail.co.uk/news/article-7118583/Prince-Charles-fears-late-save-natural-world.html?ns_mchannel=rss&ito=1490&ns_campaign=1490
f5de883a2debcfbd90837a4a70c685b47eaf7439b34bc19905b4da96bba5fade,2025-07-03 07:13:02.292529+00:00,en,independent.co.uk,independent.co.uk,2019-06-08,"Cancel Russian defence system order or lose out on F-35 jets, US warns Turkey",https://www.independent.co.uk/news/world/americas/us-politics/turkey-f35-fighter-jets-s400-missile-defence-russia-shanahan-a8950361.html
2947c8247efb657dc996a952afa0be5c817d97a94086cbfc2148ad6d75566bd2,2025-07-03 00:33:01.727353+00:00,en,guernseypress.com,guernseypress.com,2019-06-14,Support Jennifer Merrett’s requete on changes to IDP,http://www.guernseypress.com/news/voices/readers-letters/2019/06/14/support-jennifer-merretts-requete-on-changes-to-idp/
c9aa1db6323def2c96ace06859f06d9b932ad6ddaceafde322e2b87ee538b88b,2025-07-02 22:22:01.502436+00:00,en,independent.co.uk,independent.co.uk,2019-06-16,Opinion: Men have a biological clock too – so why is women's fertility still such big business?,https://www.independent.co.uk/voices/fertility-men-women-biological-clock-ivf-femm-nhs-a8960726.html
252b91f31e942012d8a6be7c1fec6a8f6ccd319618703cc78d3f3db23ba9b1ac,2025-07-02 21:03:41.029449+00:00,en,heraldscotland.com,heraldscotland.com,2019-05-06,Nature 'in the worst shape in human history' finds UN report,https://www.heraldscotland.com/news/17620988.un-report-finds-a-million-species-of-plants-and-animals-at-risk-of-extinction/
c7a8c5f79b9ed7a95f9dc70e04c1ee695dcb137eed826ec5ed65bf26ac467eee,2025-07-02 20:30:25.140036+00:00,en,theguardian.com,theguardian.com,2017-04-14,Six megatrends that could alter the course of sustainable development,https://www.theguardian.com/global-development-professionals-network/2017/apr/14/six-megatrends-that-could-alter-the-course-of-sustainable-development
7a16b29deb47cf1fea23195539ac631f5c324190589492bdcc72ad13a7b49c2c,2025-07-02 20:26:35.687343+00:00,en,theguardian.com,theguardian.com,2018-01-10,New round of oil drilling goes deeper into Ecuador's Yasuní national park,https://www.theguardian.com/environment/2018/jan/10/new-round-of-oil-drilling-goes-deeper-into-ecuadors-yasuni-national-park
bcf5d19db62aba7400ffe1f438b2268c7e3f54934bdfbaf8c1ff1a7033ebb0e0,2025-07-02 20:26:35.414578+00:00,en,theguardian.com,theguardian.com,2018-07-20,A Honeybee Heart has Five Openings and Buzz review – the wonders of bee life,https://www.theguardian.com/books/2018/jul/20/a-honeybee-heart-has-five-openings-buzz-review
d4d6553335b262aeabca9fff5a58e1e53b0fecc98f3b15d529f5f4722a34a476,2025-07-02 20:26:35.185076+00:00,en,heraldscotland.com,heraldscotland.com,2018-12-18,Agenda: Katowice cop-out betrays a lack of ambition,http://www.heraldscotland.com/opinion/17304617.agenda-katowice-cop-out-betrays-a-lack-of-ambition/?ref=rss
1e0654f016c57ca8a0c5a95bd9707f6d16fc3addbcaa67d9e141bb78c686115f,2025-07-02 20:26:31.493639+00:00,en,scotsman.com,scotsman.com,2018-02-23,Dr Peter Wilkie: Botanic Garden fighting to save the rainforest from the scorched earth of human activity,https://www.scotsman.com/news/opinion/dr-peter-wilkie-botanic-garden-fighting-to-save-the-rainforest-from-the-scorched-earth-of-human-activity-1-4694369
66e608344ec7495a82177c066765fe5b6b6e7e53ad520afd5a170ed106ba7540,2025-07-02 20:26:29.546895+00:00,en,theguardian.com,theguardian.com,2018-04-17,Our Place review – damning indictment of Britons’ ecological complacency,https://www.theguardian.com/books/2018/apr/17/our-place-review-mark-cocker-blistering-attack-britain-conservation-failures
2d129c7a73f348adea8eb6e5f50a3b7f6ffe58950f7c53b90f999c3b4ad1a6c5,2025-07-02 20:26:26.196302+00:00,en,theguardian.com,theguardian.com,2019-05-17,"We all smell the smoke, we all feel the heat. This environmental catastrophe is global",https://www.theguardian.com/environment/2019/may/18/we-all-smell-the-smoke-we-all-feel-the-heat-this-environmental-catastrophe-is-global
7ea8a312884c5190215d154085f86aa40a30659be8394722f4872b432438d17e,2025-07-02 20:26:25.147246+00:00,en,huffingtonpost.co.uk,huffingtonpost.co.uk,2018-09-08,This Week Brazil's National Museum Burnt Down – Here's Why The Devastation Goes Far Beyond The Ashes,https://www.huffingtonpost.co.uk/entry/this-week-brazils-national-museum-burnt-down-three-experts-tell-us-why-the-devastation-goes-far-beyond-the-ashes_uk_5b912747e4b0162f472a8b45
e755a8c57ed6085c193abbd423ee489c7f0da06d4c779d1e2556d7a2b6d096f0,2025-07-02 20:26:24.269175+00:00,en,heraldscotland.com,heraldscotland.com,2019-06-08,Gardening: TV presenter Carol Klein spills the secrets of top British gardens,https://www.heraldscotland.com/life_style/17693137.gardening-tv-presenter-carol-klein-spills-the-secrets-of-top-british-gardens-so-you-can-copy-their-success/?ref=rss
94e014d8626335c454b770a54b65ed42b236946a118675fe511630c73aa00ee2,2025-07-02 20:26:22.860863+00:00,en,scotsman.com,scotsman.com,2018-07-24,John McLellan: Bullfights are horribly gripping and unjustifiably compelling,https://www.scotsman.com/news/opinion/john-mclellan-bullfights-are-horribly-gripping-and-unjustifiably-compelling-1-4773212
f4c2b94fb733c5139a4ecc76018c3cf8ae7e5fbad9ead257ccf048f16785e7f6,2025-07-02 20:26:22.310239+00:00,en,theguardian.com,theguardian.com,2018-08-26,How to accept rejection: why failure can be the first step towards success,https://www.theguardian.com/lifeandstyle/2018/aug/26/turn-rejection-into-success-share-hashtag
5841bba0084b925077a9c7b4d7011f3f6c71c918721eb6240f47400ad5f0c3d3,2025-07-02 20:26:20.424116+00:00,en,theguardian.com,theguardian.com,2018-03-05,"Australia has 1,800 threatened species but has not listed critical habitat in 10 years",https://www.theguardian.com/environment/2018/mar/06/australia-has-1800-threatened-species-but-has-not-listed-critical-habitat-in-10-years
db0b14bf23850a359ece2ec4d647575d9b1537ae2188dcd066d294d201477f59,2025-07-02 20:26:20.392170+00:00,en,theguardian.com,theguardian.com,2016-09-08,Humans have destroyed a tenth of Earth's wilderness in 25 years,https://www.theguardian.com/environment/2016/sep/08/humans-have-destroyed-a-tenth-of-earths-wilderness-in-25-years-study
769cf067d1a6d4f5a97045df88feff09a768abd7d0871cbf0234554d74c7c41b,2025-07-02 20:26:20.175554+00:00,en,theguardian.com,theguardian.com,2016-10-01,Debate: Would a legal ivory trade save elephants or speed up the massacre?,https://www.theguardian.com/environment/2016/oct/01/debate-can-legal-ivory-trade-save-elephants
ca73764497e264b58ceddea0391cf304b1324d2ce2b9840e4b139f83d2d9144d,2025-07-02 20:26:18.048393+00:00,en,theguardian.com,theguardian.com,2017-05-24,"Great Barrier Reef 2050 plan no longer achievable due to climate change, experts say",https://www.theguardian.com/environment/2017/may/25/great-barrier-reef-2050-plan-no-longer-achievable-due-to-climate-change-experts-say
56c27c797b60abd11c35a7f2ce93bbf6c1a3d323b33a4ebcf5beca627fb9794d,2025-07-02 11:49:38.841949+00:00,en,theguardian.com,theguardian.com,2018-11-06,"Stop biodiversity loss or we could face our own extinction, warns UN",https://www.theguardian.com/environment/2018/nov/03/stop-biodiversity-loss-or-we-could-face-our-own-extinction-warns-un?CMP=share_btn_tw
f733f7eb9700d4e8b52a73862539d971ea32ef450bbb976fc6f121bfa1c06956,2025-07-02 11:46:13.634555+00:00,en,independent.co.uk,independent.co.uk,2018-02-07,Footage of Donald Trump's bad hair day goes viral,https://www.independent.co.uk/news/world/americas/us-politics/trump-bad-hair-day-footage-video-wind-plane-viral-a8199886.html#gig_comment_id=2107094efd0a4783984b4a608d252465
8c6964083e5693f598fe51c8cc9c6f199a7d29c0bd82931aa351210b444ec973,2025-07-02 11:41:41.669239+00:00,en,independent.co.uk,independent.co.uk,2018-01-17,"Because of Trump and Brexit, we are closer to war than we have been for decades",https://www.independent.co.uk/voices/trump-brexit-paddy-eu-war-ashdown-fascism-isolation-division-us-president-uk-a8164066.html
f164535e688aaa6bc524d0cca46d2f2578ea9fa82e86ecbda793a77c4ce23426,2025-07-02 11:39:02.228447+00:00,en,independent.co.uk,independent.co.uk,2018-07-31,"Trump 'will be totally responsible for every downloadable' 3-D gun 'roaming the streets,' senator warns",https://www.independent.co.uk/news/world/americas/us-politics/3d-printed-gun-plans-blueprint-templates-trump-print-edward-markey-nra-a8472071.html
81e4f590123454ea7411b59311b7e17d3e63b6c0d5f340450436858e7bab6091,2025-07-02 11:28:01.192692+00:00,en,heraldscotland.com,heraldscotland.com,2019-06-20,Climate for Change Bulletin 20th June 19',https://www.heraldscotland.com/news/17718772.climate-for-change-bulletin-20th-june-19/?ref=rss
ea943fb8a2c46d49635804c30c3c6fa34491c6e801f88dfe3349811fad928fae,2025-07-02 09:13:58.683295+00:00,en,opendemocracy.net,opendemocracy.net,2019-04-12,A new chance for climate justice?,https://www.opendemocracy.net/en/opendemocracyuk/new-chance-climate-justice/?fbclid=IwAR3yyrq_uXpV-VJxKj3yQ-UoxrNHWiLwIYLrebVlFNUy2bO4FoHN2WQrWu0
9d4b315e8750f7f4e4d84622195e26f26872155c8fb39aaf3ae895120498d71d,2025-07-02 07:58:53.273158+00:00,en,theconversation.com,theconversation.com,2019-06-26,Citizens' assemblies: how to bring the wisdom of the public to bear on the climate emergency,http://theconversation.com/citizens-assemblies-how-to-bring-the-wisdom-of-the-public-to-bear-on-the-climate-emergency-119117
8825ba3b73acdaab4f1f176a5680b0e98c884e9d77311c5885bf85e1888c304b,2025-07-02 07:51:31.315299+00:00,en,independent.co.uk,independent.co.uk,2019-06-26,35 breathtaking pictures from the Earth Photo competition,https://www.independent.co.uk/arts-entertainment/photography/earth-photo-2019-prize-shortlist-wildlife-nature-geography-environment-a8975581.html
456e7f15ac41dfffc3481e60add02afbfb34c73d4864ddf90f5bc1f068d32ec7,2025-07-02 04:20:18.330079+00:00,en,theguardian.com,theguardian.com,2017-06-02,"‘Kill them, kill them, kill them’: the volunteer army plotting to wipe out Britain’s grey squirrels",https://www.theguardian.com/environment/2017/jun/02/kill-them-the-volunteer-army-plotting-to-wipe-out-britains-grey-squirrels
0d792c333535dead19954b58133d96be7ac700852b74979ad69eedbff1f34a70,2025-07-02 03:40:08.298555+00:00,en,theguardian.com,theguardian.com,2019-06-29,"No flights, a four-day week and living off-grid: what climate scientists do at home to save the planet",https://www.theguardian.com/science/2019/jun/29/no-flights-four-day-week-climate-scientists-home-save-planet
8946524cf2316894aeecde6c3bba47295af1b66cdd8bbac5ce0e6305fc711a70,2025-07-02 02:39:00.584603+00:00,en,independent.co.uk,independent.co.uk,2019-06-30,Africa must protect its natural wonders if the continent is to prosper,https://www.independent.co.uk/voices/campaigns/GiantsClub/africa-must-protect-its-natural-wonders-if-the-continent-is-to-prosper-a8981201.html
7417d7f9e3e147754723740af5c5d296482f02a16bfe051f4b2b6ef6a012aa3e,2025-07-02 00:33:12.302286+00:00,en,walesonline.co.uk,walesonline.co.uk,2019-07-01,'I'm terrified' says councillor as Swansea declares climate emergency,https://www.walesonline.co.uk/news/wales-news/swansea-council-climate-emergency-motion-16503102
6335466adb2369fff0502c1e2a790b6c0bad25e2ad67cee2eaa40011e0d82a7b,2025-07-01 22:01:00.083962+00:00,en,theconversation.com,theconversation.com,2019-07-03,Lionfish: the Mediterranean invasion of an untouchable and enigmatic predator,http://theconversation.com/lionfish-the-mediterranean-invasion-of-an-untouchable-and-enigmatic-predator-119199
a683a57710514ece5edb6833639163f860efe133400e99f203c1f51b8658711b,2025-07-01 20:50:31.539072+00:00,en,theconversation.com,theconversation.com,2019-07-04,Four steps to make your lawn a wildlife haven – from green desert to miniature rainforest,http://theconversation.com/four-steps-to-make-your-lawn-a-wildlife-haven-from-green-desert-to-miniature-rainforest-117482
0f7f0787e02d4a212920944e9b34069674a6a4513949da12572a459625833a14,2025-07-01 19:51:30.802540+00:00,en,theguardian.com,theguardian.com,2019-07-03,Melissa Price approved uranium mine knowing it could lead to extinction of 12 species,https://www.theguardian.com/environment/2019/jul/04/melissa-price-approved-uranium-mine-knowing-it-could-lead-to-extinction-of-12-species
14956d4ccbee003254d39126c738b3909f8040e0b1ad9b642fbd4f81dcee49cb,2025-07-01 17:35:39.242346+00:00,en,theguardian.com,theguardian.com,2017-11-06,It's time to put children's health before pesticides,https://www.theguardian.com/environment/2017/nov/06/the-eu-and-glyphosate-its-time-to-put-childrens-health-before-pesticides
874039f6ffeb5e4114a0c78bfe42b7607b656f20e1a567ec4bfa838f22861cfb,2025-07-01 17:31:09.461537+00:00,en,independent.co.uk,independent.co.uk,2019-07-06,"Bring foreign species to Britain to stop them dying out, expert says",https://www.independent.co.uk/environment/sixth-mass-species-extinction-human-stop-prevent-colonisation-a8988831.html
dffa96662efbbb668c46d9a8595bd3ac50f63fe9720d8a5b28e951b8583f7349,2025-07-01 16:56:58.170213+00:00,en,socialistworker.co.uk,socialistworker.co.uk,2019-06-29,Is a green future possible?,https://socialistworker.co.uk/art/48561/Is+a+green+future+possible
a983c9d0502d04438a5e366dd2610e2fa39ea1db919df3b62347d6dc1d3318d9,2025-07-01 13:56:53.517732+00:00,en,independent.co.uk,independent.co.uk,2019-07-09,"Artist Wolfgang Buttress on climate change awareness at Glastonbury: 'Young people know that unless they do something, we're f***ed'",https://www.independent.co.uk/arts-entertainment/music/features/glastonbury-climate-change-crisis-wolfgang-buttress-bees-installation-greenpeace-a8996901.html
d3f49be808b2f43351691ac96e67eff5977d730bee3e8f8ae6bd4f745bad2420,2025-07-01 13:22:47.280105+00:00,en,theconversation.com,theconversation.com,2019-07-09,You can rewild your garden into a miniature rainforest – Imagine newsletter #4,http://theconversation.com/you-can-rewild-your-garden-into-a-miniature-rainforest-imagine-newsletter-4-119150
7addfff2e50c7d3e213732b56486792db4661b37c47af31dcbd6cf4285baa2eb,2025-07-01 13:20:23.775343+00:00,en,dailymail.co.uk,dailymail.co.uk,2019-06-08,Prince Charles fears it may be too late to save the natural world,https://www.dailymail.co.uk/news/article-7118583/Prince-Charles-fears-late-save-natural-world.html
f9ca31d6dc20793dd12485b948d2f00c7d719caef4611815804fecd4fd99b149,2025-07-01 10:31:10.409946+00:00,en,theconversation.com,theconversation.com,2019-07-11,"London to be as hot as Barcelona by 2050? I research urban heat, and I'm sceptical",http://theconversation.com/london-to-be-as-hot-as-barcelona-by-2050-i-research-urban-heat-and-im-sceptical-120200
9787aa224934a632d7d69455841d47f58e501fe4e8478ca65a5f1143f5ba52a0,2025-07-01 10:30:10.288626+00:00,en,prnewswire.co.uk,prnewswire.co.uk,2019-07-11,PhosAgro CEO Andrey Guryev Takes Part in Meeting of World Chemistry Leaders in Paris,https://www.prnewswire.co.uk:443/news-releases/phosagro-ceo-andrey-guryev-takes-part-in-meeting-of-world-chemistry-leaders-in-paris-808668615.html
c08167f8a829d1832160d26b90ea897ee6dbd199775d04a8d8118382ad5a68bb,2025-07-01 09:59:42.638132+00:00,en,opendemocracy.net,opendemocracy.net,2018-11-01,Steven Pinker and Jordan Peterson: the missing link between neoliberalism and the radical right,https://www.opendemocracy.net/en/steven-pinker-jordan-peterson-neoliberalism-radical-right/
6849855f66b1bbf6cc08f8da30d16c5982d60d3be89b05380494fb8f3d7f926a,2025-07-01 09:43:34.218290+00:00,en,theweek.co.uk,theweek.co.uk,2019-07-12,Prince Charles: we have 18 months to save human race,https://www.theweek.co.uk/102232/prince-charles-we-have-18-months-to-save-human-race
68601d6279b32a3a9b2d403da744d64c298088e3ae6484ddd22300dd72113ca0,2025-07-01 05:27:30.351155+00:00,en,independent.co.uk,independent.co.uk,2019-07-15,Extinction Rebellion protesters bring streets to standstill in five UK cities,https://www.independent.co.uk/news/uk/home-news/extinction-rebellion-protests-london-bristol-cardiff-leeds-glasgow-climate-change-a9005531.html
2e89c31da61653efab2bf262083e37a740bcdc0d2cdb7e290f6ff63055ad9880,2025-06-30 21:07:14.142522+00:00,en,theguardian.com,theguardian.com,2019-07-19,Extinction Rebellion protesters aren’t anarchists – we just want to save our world,https://www.theguardian.com/commentisfree/2019/jul/19/extinction-rebellion-protesters-ordinary-people
89b3af9c155e6c8bb3f567f3e60a06cde7f1b0761220544e9d1581bec79beb99,2025-06-30 19:45:08.988552+00:00,en,manchestereveningnews.co.uk,manchestereveningnews.co.uk,2019-07-22,Rochdale has declared a climate change emergency,https://www.manchestereveningnews.co.uk/news/greater-manchester-news/rochdale-declared-climate-change-emergency-16626999
a4be748daceec81528398615847c97fbf9257cfa3b9b10e83a0fc16a71176767,2025-06-30 19:01:39.273751+00:00,en,walesonline.co.uk,walesonline.co.uk,2019-07-22,The couple who won't have children because of climate change,https://www.walesonline.co.uk/news/wales-news/couple-who-wont-any-children-16628846
6942f3ddd5c21ea9ec2319dae2bd669eb9f6a6550fa395fcbb0ac93e4f86274d,2025-06-30 18:31:04.174496+00:00,en,heraldscotland.com,heraldscotland.com,2019-07-22,"Time for council, Government and the people to rescue Glasgow",https://www.heraldscotland.com/opinion/17785415.time-council-government-people-rescue-glasgow/
37612a09c891d6d2d679bd8444849e5e4c1534b78f5ff78deb1d0a473890eb27,2025-06-30 17:59:02.490081+00:00,en,theguardian.com,theguardian.com,2019-07-23,"Animals failing to adapt to speed of climate crisis, study finds",https://www.theguardian.com/environment/2019/jul/23/animals-failing-to-adapt-to-speed-of-climate-crisis-study-finds
19d8593855dd68d5409be4915251f1a0a4373f478ae2cedb1c49b3af79b24a2a,2025-06-30 16:56:13.979562+00:00,en,theconversation.com,theconversation.com,2019-04-11,George Monbiot Q + A – How rejuvenating nature could help fight climate change,https://theconversation.com/george-monbiot-q-a-how-rejuvenating-nature-could-help-fight-climate-change-115313
0c5d4a5dd70ead78ce4ec91e11cf674d933d9e9f8c1e518b1a6ae4027c581d54,2025-06-30 16:23:27.564967+00:00,en,dailymail.co.uk,dailymail.co.uk,2017-11-13,"Doomsday warning to humanity signed by 15,000 scientists",https://www.dailymail.co.uk/sciencetech/article-5077749/Doomsday-warning-humanity-signed-15-000-scientists.html
5819a0e087dad260230ca2141a49ef8f0e863dd3f90566a5f155ae0d90124cc1,2025-06-30 13:47:44.679950+00:00,en,theconversation.com,theconversation.com,2019-07-25,Doug Ford is clear-cutting Ontario's environmental laws,http://theconversation.com/doug-ford-is-clear-cutting-ontarios-environmental-laws-119624
6c4ca63ed19f9a275cd64d154662fa3e63eab17ce1b843bda3551bdbbcac777e,2025-06-30 11:49:00.753432+00:00,en,theguardian.com,theguardian.com,2019-07-28,"The Garden Jungle by Dave Goulson review – evangelical, radical and angry",https://www.theguardian.com/books/2019/jul/28/the-garden-jungle-dave-goulson-review
5978f1637af0c1c96354392a336fe939ed32d76e62812a0e12702e0c8cdd746e,2025-06-30 07:05:30.949506+00:00,en,dailymail.co.uk,dailymail.co.uk,2016-07-22,Leonardo DiCaprio takes private jet after his eco fundraiser,https://www.dailymail.co.uk/news/article-3704014/amp/Environmental-activist-Leonardo-DiCaprio-hops-helicopter-gas-guzzling-private-jet-Saint-Tropez-celebrity-eco-fundraiser.html
62c22054fcffc4e1c30de00c77ab1874019aae3ef23fbe45b632046f18ad0c6c,2025-06-30 06:19:11.459891+00:00,en,eveningexpress.co.uk,eveningexpress.co.uk,2019-08-01,Keep Scotland Beautiful judges visit north-east to rate community displays,https://www.eveningexpress.co.uk/fp/news/local/keep-scotland-beautiful-judges-visit-north-east-to-rate-community-displays/
b75a24ee7e25c4b706707ad86d596410daf46d98ba7cf95fd872bf85e495b8ba,2025-06-30 05:52:52.582132+00:00,en,walesonline.co.uk,walesonline.co.uk,2019-08-01,What Wales has done since declaring climate change emergency,https://www.walesonline.co.uk/news/wales-news/climate-change-emergency-carbon-warming-16677081
96e825f9a12936a4bba1a48f7467e3098a035b3bf321fa02275bd5720307d631,2025-06-30 04:27:45.544354+00:00,en,theguardian.com,theguardian.com,2019-08-02,Australia’s climate stance is inflicting criminal damage on humanity,https://www.theguardian.com/commentisfree/2019/aug/03/australias-climate-stance-is-inflicting-criminal-damage-on-humanity
c9e626bf54f63f25058d564b9bd3b5278fa80655f659508a78d4a126eecb39f6,2025-06-30 01:51:12.779310+00:00,en,dailymail.co.uk,dailymail.co.uk,2019-08-05,"Humans must adopt vegetarian or vegan diets to stop climate change, UN report warns",https://www.dailymail.co.uk/sciencetech/article-7321833/Humans-adopt-vegetarian-vegan-diets-stop-climate-change-report-warns.html?ns_mchannel=rss&ns_campaign=1490&ito=1490
12e2241181e65a4e13f8447a61c846fb5efd8fa4286f1afef1649f5020134a1d,2025-06-30 01:30:09.812558+00:00,en,independent.co.uk,independent.co.uk,2019-08-05,"Stop damaging land or face climate catastrophe, major report warns",https://www.independent.co.uk/environment/climate-change-land-abuse-save-world-geneva-rainforest-a9039951.html
f24d9f936992733ada9a1e290714b64e97e0ac6578dd49d8eb8985136a6e4efc,2025-06-30 00:54:10.918593+00:00,en,theguardian.com,theguardian.com,2019-08-05,NSW makes it easier for landholders to clear grassy woodlands for agriculture,https://www.theguardian.com/environment/2019/aug/05/nsw-makes-it-easier-for-landholders-to-clear-grassy-woodlands-for-agriculture
b28805ac1c244c9deafc8070c58e167dd76b53987a5c403054b89095a5bd60a8,2025-06-30 00:35:42.116283+00:00,en,economist.com,economist.com,2019-08-01,The Amazon is approaching an irreversible tipping point,https://www.economist.com/briefing/2019/08/01/the-amazon-is-approaching-an-irreversible-tipping-point
9d576ae33141af67f234a94d25456378802bc15d722a2a806cd16c844cd6f378,2025-06-29 21:42:16.340062+00:00,en,dailymail.co.uk,dailymail.co.uk,2019-08-08,"Eating less meat could help save the planet, UN report finds",https://www.dailymail.co.uk/sciencetech/article-7336479/Farming-eating-need-change-curb-global-warming-UN-report.html?ns_mchannel=rss&ito=1490&ns_campaign=1490
abb7b23aaa1274a419fe3d6b68f8ed0c6dc0796c1de0b90cb2f63da63fcffd58,2025-06-29 19:26:10.580141+00:00,en,theguardian.com,theguardian.com,2019-08-10,"Giant river animals on verge of extinction, report warns",https://www.theguardian.com/environment/2019/aug/10/giant-river-animals-on-verge-of-extinction-report-warns
aac79fb8b5be888777b2f1ca9760e813abd3a0d422342851ab4f4137e02d1fe5,2025-06-29 17:55:31.329941+00:00,en,theguardian.com,theguardian.com,2019-08-11,"‘Orphanage volunteering’ out, no-fly trips in: how to gap year in 2019",https://www.theguardian.com/education/2019/aug/11/orphanage-volunteering-out-no-fly-trips-in-how-to-gap-year-in-2019
8c685353f422368dcc03168c194492679fda290d9cd3bafaa83b053927061248,2025-06-29 16:59:33.878046+00:00,en,opendemocracy.net,opendemocracy.net,2019-08-12,All or nothing: a Green New Deal for Central America,https://www.opendemocracy.net/en/democraciaabierta/todo-o-nada-un-green-new-deal-para-centroam%C3%A9rica-en/
1567cb4607f098905fafda4dd37946f42ea33173229a48dd7b3c8b80f953ca7a,2025-06-29 15:38:54.435256+00:00,en,independent.co.uk,independent.co.uk,2019-08-13,More than half of world’s forest wildlife lost in 40 years,https://www.independent.co.uk/environment/wildlife-forest-climate-change-wwf-a9056516.html
391b7cb7d6df473de678d98f4efbe714431578eec11a17022f1cb010bf7a39ad,2025-06-29 11:38:44.784188+00:00,en,heraldscotland.com,heraldscotland.com,2019-08-17,Biodiversity projects share fund to boost nature in urban areas,https://www.heraldscotland.com/news/17842786.biodiversity-projects-share-fund-boost-nature-urban-areas/?ref=rss
4c9546a820a3dc5c2ec9e956b44323c2c4306645a4ac4a47c208bfb73cd45831,2025-06-29 04:08:13.398518+00:00,en,theguardian.com,theguardian.com,2019-08-23,Amazon rainforest fires: global leaders urged to divert Brazil from 'suicide' path,https://www.theguardian.com/environment/2019/aug/23/amazon-fires-global-leaders-urged-divert-brazil-suicide-path
ba8e24ac57ce4cdc210bc2ae4ec6eb5ca132887df346458af40aff554cdd05c8,2025-06-29 03:58:58.817817+00:00,en,theconversation.com,theconversation.com,2019-08-23,The Amazon is burning: 4 essential reads on Brazil's vanishing rainforest,http://theconversation.com/the-amazon-is-burning-4-essential-reads-on-brazils-vanishing-rainforest-122288
566b5e3826aafe9127aaf9074e32d7260f88567671be9075f0cd6f72f72c2235,2025-06-29 03:32:49.428007+00:00,en,independent.co.uk,independent.co.uk,2019-08-23,"Amazon rainforest fires approaching disastrous irreversible tipping point, scientists warn",https://www.independent.co.uk/environment/amazon-rainforest-fire-deforestation-global-warming-latest-a9076876.html
20e3a6539d4db40b71d3299af3dfa51dcf0d44446ef4f31327cb089cbadff73c,2025-06-29 03:30:31.461773+00:00,en,politicshome.com,politicshome.com,2019-08-23,Chuka Umunna MP: Boris Johnson should support a clear and strong international response to the Amazon wildfire,https://www.politicshome.com/news/uk/environment/environmental-protection/opinion/house-commons/106077/chuka-umunna-mp-boris
10f7ee4e9b0877a01f758a296b54b799511ee3554692f28ac09a7523fb35cf10,2025-06-29 03:19:19.174766+00:00,en,express.co.uk,express.co.uk,2019-08-24,End of the world: Why scientist declared sixth ‘mass extinction’ has BEGUN – 'Too late!',https://www.express.co.uk/news/science/1169480/end-world-mass-extinction-event-climate-change-doomsday-asteroid-spt
cf81001944cf7f480e381991ecd2faa0bf72a564e5678e49a34faf138fa0894a,2025-06-29 02:59:41.250019+00:00,en,economist.com,economist.com,2019-08-23,Jair Bolsonaro shrugs as the Amazon burns,https://www.economist.com/the-americas/2019/08/23/jair-bolsonaro-shrugs-as-the-amazon-burns
2cc6cb570588d9bf03e0636b7c4ae66feab8a9236342ff83bcb4901ce110a959,2025-06-29 02:12:03.318564+00:00,en,heraldscotland.com,heraldscotland.com,2019-08-25,The green energy debate: are wind farms really worth it?,https://www.heraldscotland.com/news/17859247.green-energy-debate-wind-farms-really-worth/?ref=rss
e12d0228e8decbaef70313388959cc0cf488af8e368a4ee314dfb6738929292a,2025-06-29 01:27:09.622139+00:00,en,thesun.co.uk,thesun.co.uk,2019-08-26,Boris Johnson pledges £10million to protect fire-ravaged Amazon rainforest and calls on world leaders to step up efforts,https://www.thesun.co.uk/news/9797859/boris-johnson-pledges-10million-to-protect-fire-ravaged-amazon-rainforest-and-calls-on-world-leaders-to-step-up-efforts/
b6df93620557f7d0fd7cc4efde9111bd6d63c742ea26a8994526534c044e89b2,2025-06-29 01:17:20.647330+00:00,en,itv.com,itv.com,2019-08-25,Boris Johnson pledges £10m to help protect Amazon rainforest,https://www.itv.com/news/2019-08-25/pm-pledges-10m-to-help-protect-amazon-rainforest/
df24d5376ffff97821c8dd688ba157cb939efc1362176a72d01bd0039ef83298,2025-06-29 01:11:50.572128+00:00,en,heraldscotland.com,heraldscotland.com,2019-08-26,Boris Johnson pledges £10m to help protect Amazon rainforest,https://www.heraldscotland.com/news/17860561.boris-johnson-pledges-10m-help-protect-amazon-rainforest/?ref=rss
6c63584b39908a62d2c1467e9d0b49045f783d21f3e3ef984cf107b202108fad,2025-06-29 00:51:08.345502+00:00,en,scotsman.com,scotsman.com,2016-12-02,Race is on to reverse climate change,http://www.scotsman.com/news/opinion/race-is-on-to-reverse-climate-change-1-4306155
51c05cd68d629fcf63b950a57bd8daca239970e3dfdd72233b35460b51147bdc,2025-06-28 23:24:51.247204+00:00,en,express.co.uk,express.co.uk,2019-08-27,Amazon fires: Greed and money are fuelling the fiery destruction of the Amazon rainforest,https://www.express.co.uk/news/science/1170629/Amazon-fires-what-is-causing-Amazon-fires-greed-money-Amazon-rainforest-Brazil
5d3e60459946408d4f759b213b281927b515aa826e80bddccfd4df8f33d241c8,2025-06-28 20:13:27.902603+00:00,en,theconversation.com,theconversation.com,2019-08-29,"Friday Essay: a black marlin at Port Kembla and an 8,000-year-old midden – nature in the 21st century",http://theconversation.com/friday-essay-a-black-marlin-at-port-kembla-and-an-8-000-year-old-midden-nature-in-the-21st-century-122203
3f0348289800d8b67e2e6f633a0d18e7c78e3bdd8a379eed5470f5fceb503125,2025-06-28 19:25:02.026434+00:00,en,independent.co.uk,independent.co.uk,2019-08-30,"The Amazon rainforest is burning, but it is food price profiteering that really swings the axe",https://www.independent.co.uk/voices/amazon-fires-rainforest-food-prices-deforestation-un-bolsonaro-a9085021.html
de8c4dae1af377dc89410d50fa8c53cf6fc0f4e4f023ff79a3149e873de96c6c,2025-06-28 16:43:34.623803+00:00,en,heraldscotland.com,heraldscotland.com,2019-08-30,Scientific knowledge to rise from ashes of Flow Country fire,https://www.heraldscotland.com/news/17870929.scientific-knowledge-rise-ashes-flow-country-fire/?ref=rss
2ed5b7256dc2c5e4d56b1c34dc8da30a884043f226c9712e2804781ad622c4c4,2025-06-28 15:56:26.297984+00:00,en,heraldscotland.com,heraldscotland.com,2019-09-02,What the Amazon wildfires have to do with Scotland,https://www.heraldscotland.com/opinion/17875150.amazon-wildfires-scotland/?ref=rss
910ab0a883d617043c8ef48a8cff62d84a10043a65579464fe7b5ec4ebd919c1,2025-06-28 13:27:33.300231+00:00,en,thesun.co.uk,thesun.co.uk,2025-06-28,Meet the Brit wives of Saudis building $1tn city… & why it's hiding dark secret,https://www.thesun.co.uk/news/35496343/neom-wags-saudi-megacity-dark-secrets/
101be424d8631e5a420239c2936e38abfe189af7f2c4d32ab39871e7f7d592a0,2025-06-28 13:16:20.281022+00:00,en,standard.co.uk,standard.co.uk,2019-09-04,The Reader: Hypocrisy is rife in the Amazonian fire fiasco,https://www.standard.co.uk/comment/letters/the-reader-hypocrisy-is-rife-in-the-amazonian-fire-fiasco-a4228841.html
69ae5674f39c49e3773951883368d3849f5c9f731e1443d3dde54106770b2c89,2025-06-28 11:52:56.414292+00:00,en,dailymail.co.uk,dailymail.co.uk,2019-09-05,How much of the world's rainforests are left and why is it disappearing?,https://www.dailymail.co.uk/sciencetech/article-7428339/How-worlds-rainforests-left-threatened.html?ns_mchannel=rss&ns_campaign=1490&ito=1490
3ee3becea1997a1c36e018eac66fed35751850ce14d85799ddd614dd253465a2,2025-06-28 11:52:56.265531+00:00,en,dailymail.co.uk,dailymail.co.uk,2019-09-04,"Hurricane Dorian has likely wiped out a rare species of tropical bird, scientist says",https://www.dailymail.co.uk/sciencetech/article-7426855/Hurricane-Dorian-likely-wiped-rare-species-tropical-bird-scientist-says.html?ns_mchannel=rss&ns_campaign=1490&ito=1490
31c04b0d97281c4483abf98831adeade561bee6a7bbc88b82cb9f2c7ee45e9bf,2025-06-28 10:08:11.681532+00:00,en,theguardian.com,theguardian.com,2019-09-06,Amazon fires are a shameful indictment of our lust for excess,https://www.theguardian.com/global-development/2019/sep/06/amazon-fires-shameful-indictment-of-our-lust-for-excess
abee617cbcced1194ccf7b6d6ac8df5b89b1e1ef476155d70bd3ce3952b1a36f,2025-06-28 09:50:45.371865+00:00,en,opendemocracy.net,opendemocracy.net,2019-09-05,Devastating fires in Bolivia: A political tool,https://www.opendemocracy.net/en/democraciaabierta/devastadores-incendios-en-bolivia-un-instrumento-pol%C3%ADtico2-en/
459ebf2013124b6f794aacf34317ac064cf5bebaa06a6ec6c9fe1048b7022ee3,2025-06-28 08:43:47.437821+00:00,en,theconversation.com,theconversation.com,2019-09-06,The phoenix factor: what home gardeners can learn from nature's rebirth after fire,http://theconversation.com/the-phoenix-factor-what-home-gardeners-can-learn-from-natures-rebirth-after-fire-122620
ff201a9733fbf243f0c9dc5d142b6f583135fe3d724c23cd0d1491666707c994,2025-06-28 06:46:32.852620+00:00,en,liverpoolecho.co.uk,liverpoolecho.co.uk,2019-09-09,It’s not too late to sign up to a 2019 university course,https://www.liverpoolecho.co.uk/special-features/its-not-late-sign-up-16886714
ccfab4ab71ceb819174982f17a01983191e709ffcab1958b1b294a573e6e92ad,2025-06-28 04:52:14.720582+00:00,en,theguardian.com,theguardian.com,2019-09-10,"Can we save the world, one tree at a time?",https://www.theguardian.com/commentisfree/2019/sep/11/can-we-save-the-world-one-tree-at-a-time
79192f45eb231d860d69493a7fa275bfed09806d1bd00c23fb047eba0212c7de,2025-06-28 01:35:29.060036+00:00,en,theguardian.com,theguardian.com,2019-09-11,Adaptation isn’t enough. We’ve got to throw everything at the climate crisis,https://www.theguardian.com/commentisfree/2019/sep/11/adaptaion-climate-disaster-cutting-emissions
0c2592f3f2f4156914db0dd9ceb81db40109a30fe56dcfd0b6e3912c0aaaccef,2025-06-27 20:49:57.405588+00:00,en,theconversation.com,theconversation.com,2019-09-16,A climate change curriculum to empower the climate strike generation,http://theconversation.com/a-climate-change-curriculum-to-empower-the-climate-strike-generation-122841
3434d81e0ea970f80132127400520a6a9eca6e232b78c437ca67d211512d63dd,2025-06-27 19:33:15.001270+00:00,en,theguardian.com,theguardian.com,2019-09-17,Outrage as blue shark is cooked and served at Plymouth Seafood festival,https://www.theguardian.com/environment/2019/sep/17/blue-shark-cooked-at-plymouth-seafood-festival
880f5c58bfdd149cf574dac8346da3319536f2a1a3b1cbe383aa2b9cd1aa1772,2025-06-27 16:10:00.939717+00:00,en,theconversation.com,theconversation.com,2019-09-19,Why is climate change not top of the news agenda?,http://theconversation.com/why-is-climate-change-not-top-of-the-news-agenda-123800
0761804a24903661994da59f545528401084f9af68dd85455d3b475ca1136022,2025-06-27 09:18:42.157946+00:00,en,mirror.co.uk,mirror.co.uk,2019-04-27,Labour prepares to force the environment to the top of the Commons' agenda,https://www.mirror.co.uk/news/uk-news/labour-wants-uk-first-country-14793010
41f6a85a325205f14288a4991bb3a7b83524abf5f7b88bbc702932d608d6bd85,2025-06-27 09:18:40.031734+00:00,en,theguardian.com,theguardian.com,2019-05-07,Can we humans save ourselves from self-destruction?,https://www.theguardian.com/environment/2019/may/07/can-we-humans-save-ourselves-from-self-destruction
5dafbcbc1b48b3ef91f8a314356e8ae3db7e32b9127a47195d9a49db988d270a,2025-06-27 09:17:20.481243+00:00,en,standard.co.uk,standard.co.uk,2019-09-24,"The Dior catwalk was an ""inclusive garden"" populated with 164 trees",https://www.standard.co.uk/fashion/dior-show-ss20-paris-fashion-week-2019-a4245531.html
434c31dc019ff6b417a97cef4041710218937d857f887207e755fc09e671d0bd,2025-06-27 06:41:48.476296+00:00,en,ft.com,ft.com,2019-09-26,Can the arts help save the planet?,https://www.ft.com/content/5de750f8-d0b0-11e9-b018-ca4456540ea6
f14561e4a8a3e08120b6f6c14071588c06b532366792b50377821b23a0d4138e,2025-06-27 05:00:40.974601+00:00,en,independent.co.uk,independent.co.uk,2019-09-27,How the spring/summer 2020 shows nurtured sustainability and diversity,https://www.independent.co.uk/life-style/fashion/fashion-month-ss20-show-diversity-sustainability-extinction-rebellion-a9123311.html
423ea56d225f6878f2824fd683051900451d42824dfd36f0d02a397819e6d167,2025-06-26 20:48:43.647338+00:00,en,theguardian.com,theguardian.com,2025-06-26,‘We are perilously close to the point of no return’: climate scientist on Amazon rainforest’s future,https://www.theguardian.com/environment/ng-interactive/2025/jun/26/tippping-points-amazon-rainforest-climate-scientist-carlos-nobre
64c03be0b7d12a42bd011b0882b6372567542251e4702c86c5f8a46b6f7208dd,2025-06-26 20:47:18.654996+00:00,en,theguardian.com,theguardian.com,2025-06-26,Cutting down forests to feed Drax incurs a huge carbon cost,https://www.theguardian.com/business/2025/jun/26/cutting-down-forests-to-feed-drax-incurs-a-huge-carbon-cost
027448561e3222b59dd712c378cd25b2e3127bc6f2dbc891447384164d3bec04,2025-06-26 20:41:26.167108+00:00,en,scotsman.com,scotsman.com,2019-10-03,Scotland's wildlife in crisis as half of species declining and one in ten at risk of extinction,https://www.scotsman.com/news/environment/scotland-s-wildlife-in-crisis-as-half-of-species-declining-and-one-in-ten-at-risk-of-extinction-1-5017316
ca456ba16c65b46be386fc6e40aab6fbc00dcb5904fb721230e1a730df410d96,2025-06-26 20:26:36.240141+00:00,en,heraldscotland.com,heraldscotland.com,2019-10-03,Scotland’s wildlife in crisis as 10 of species set ‘to vanish’,https://www.heraldscotland.com/news/17942915.scotlands-wildlife-crisis-species-set-to-vanish/?ref=rss
8639544994ded7de4bb3ed619f236039021990917857c8bae2e6ad446eacfc51,2025-06-26 19:59:18.316761+00:00,en,ibtimes.co.uk,ibtimes.co.uk,2019-10-04,Scientists fight to save unique Guiana coral reef,https://www.ibtimes.co.uk/scientists-fight-save-unique-guiana-coral-reef-1669859
124bd75babf0b006be8c6f47492f6b7d96016f29210027d01e6a73260d3f7e36,2025-06-26 15:41:58.829754+00:00,en,theconversation.com,theconversation.com,2019-10-07,"As conservation scientists, we are compelled to rebel against extinction – and researchers across the world should join us",http://theconversation.com/as-conservation-scientists-we-are-compelled-to-rebel-against-extinction-and-researchers-across-the-world-should-join-us-124548
9de2030b443271ca45ff720315862d299c3a7c1d46ec95e5b8caf542be4b4c0d,2025-06-26 15:09:50.134883+00:00,en,heraldscotland.com,heraldscotland.com,2019-10-03,Four arrested after protesters spray fake blood at Treasury,https://www.heraldscotland.com/news/17946022.four-arrested-protesters-spray-fake-blood-treasury/?ref=rss
f8e32bfeffc48f200861824e452b96dc658b7c0a616fbf57767237fa2c5bc13f,2025-06-26 11:38:33.919158+00:00,en,theconversation.com,theconversation.com,2019-10-10,Trophy hunting – can it really be justified by 'conservation benefits'?,http://theconversation.com/trophy-hunting-can-it-really-be-justified-by-conservation-benefits-121921
98a0746ddcdacc7aa1bc6eafb4aa3f1eb1265e3fbb68dd07ef30f537a50c353d,2025-06-26 06:06:57.412476+00:00,en,sky.com,sky.com,2019-10-15,Legally binding pollution targets outlined in Environment Bill,http://news.sky.com/story/legally-binding-pollution-targets-outlined-in-environment-bill-11835979
766c2d629f255589f673bfcd8af5fea6e9a376aacfd89787746184ddb5a65e42,2025-06-26 04:31:50.322017+00:00,en,heraldscotland.com,heraldscotland.com,2019-10-16,Fight for environmental protection must include new regulations to control red deer population,https://www.heraldscotland.com/opinion/17971524.fight-environmental-protection-must-include-new-regulations-control-red-deer-population/?ref=rss
a1c3cf97a0677bf91c82043a27f8fefbd98f72cbd11546789b8c946fb8cb83cb,2025-06-26 02:54:00.428162+00:00,en,standard.co.uk,standard.co.uk,2019-10-17,Why are Extinction Rebellion targeting London Underground?,https://www.standard.co.uk/news/uk/extinction-rebellion-protests-london-climate-change-tube-london-underground-a4263691.html
36a8e2034fe6ed7590dfaeec41b30423b1b4da55471e24784e27190070e60eb0,2025-06-26 02:27:39.426775+00:00,en,newstatesman.com,newstatesman.com,2019-10-17,Why Brexit is the biggest immediate threat to our environment,https://www.newstatesman.com/politics/environment/2019/10/why-brexit-biggest-immediate-threat-our-environment
3b79fed657b6d954db6e10706b1b212ae28f604890932ff5511e8a633d84e58d,2025-06-26 00:37:57.521557+00:00,en,morningstaronline.co.uk,morningstaronline.co.uk,2019-10-16,From Extinction Rebellion to revolution: strategies compared,https://morningstaronline.co.uk/article/f/extinction-rebellion-revolution-strategies-compared
fd5b112764db65adb7e7567a2623959182d247d78f7c3dd0fb9733beb914cf0d,2025-06-26 00:32:00.941617+00:00,en,theguardian.com,theguardian.com,2019-06-13,Sussan Ley: I'll be an environmentalist as minister,https://www.theguardian.com/australia-news/2019/jun/14/sussan-ley-ill-be-an-environmentalist-as-minister
98fc5c4e9a31216d59d8025a70c804976cd881c46bc393fc64299072810441b6,2025-06-25 23:26:25.161051+00:00,en,independent.co.uk,independent.co.uk,2019-10-15,New environment bill removes power to fine government for breaches,https://www.independent.co.uk/environment/government-watchdog-office-environment-protection-oep-a9156401.html
928f160d196c84eb71013585414c55029ea588f90022aaddef61294b6e21ffe0,2025-06-25 22:38:48.709216+00:00,en,heraldscotland.com,heraldscotland.com,2019-10-21,Scottish Scouts in bid to 'end homelessness',https://www.heraldscotland.com/news/17979313.scottish-scouts-bid-end-homelessness/?ref=rss
ad99c71de5b05f8a647b9ccf955d322a75f738176999e799ffde82508fb5eb2b,2025-06-25 22:26:33.117264+00:00,en,theconversation.com,theconversation.com,2019-10-21,"To fight climate change, science must be mobilised like it was in World War II",http://theconversation.com/to-fight-climate-change-science-must-be-mobilised-like-it-was-in-world-war-ii-125258
9f75e597d9d10c84978f4b9070efe2e1aba556e385805487f0b2a36c478adf70,2025-06-25 16:07:17.619662+00:00,en,theconversation.com,theconversation.com,2019-10-22,Going entirely organic could mean food emissions up 70% in England and Wales,http://theconversation.com/going-entirely-organic-could-mean-food-emissions-up-70-in-england-and-wales-125656
dd5003c21ee639994d0dbb0f67989681351c2ec50b59e8142eac3c2c501095ec,2025-06-25 15:16:42.272305+00:00,en,independent.co.uk,independent.co.uk,2019-10-25,The TV shows to watch this week: From Bake Off... The Final to Portillo’s Great Australian Train Journeys,https://www.independent.co.uk/arts-entertainment/tv/tv-preview-bake-off-great-australian-train-journeys-seven-worlds-one-planet-a9170766.html
65353f214e0301537c96e2899e404fcbc65bf974eca0f9c51736fe974b2328c8,2025-06-25 13:27:02.507434+00:00,en,independent.co.uk,independent.co.uk,2018-09-04,200 scientists and artists sign letter warning of looming global cataclysm,https://www.independent.co.uk/environment/global-warming-climate-change-plastic-extinction-open-letter-bradley-cooper-juliette-binoche-a8522411.html
9ad69d6a938b0507736c66eb0aee0edb8b503680fbb1bc032d3bfea620beb7e0,2025-06-25 13:22:29.901361+00:00,en,economist.com,economist.com,2019-08-01,The Amazon is approaching an irreversible tipping point,https://www.economist.com/briefing/2019/08/01/the-amazon-is-approaching-an-irreversible-tipping-point?fsrc=scn/tw/te/bl/ed/theamazonisapproachinganirreversibletippingpointonthebrink
a4737003ff20ca06e1b15cb61cf0db3787c48c5ebe2d7b3b0c561899b211bd07,2025-06-25 13:02:54.992791+00:00,en,prnewswire.co.uk,prnewswire.co.uk,2019-10-28,Jet2.com CEO Steve Heapy Receives 2018 Gorilla Award for Environmental Commitment,https://www.prnewswire.co.uk:443/news-releases/jet2-com-ceo-steve-heapy-receives-2018-gorilla-award-for-environmental-commitment-804402964.html
6cbfaf698635a326d0c7a9971b6a2d227df7c1b01d86dd1287a6c5acd91d29fb,2025-06-25 12:42:50.698676+00:00,en,independent.co.uk,independent.co.uk,2025-06-25,"The emotional toll of climate change is broad-ranging, especially for young people",https://www.independent.co.uk/news/anxiety-new-york-robinson-marvel-work-b2776644.html
f6ea507ce0d5592758174b03f4007df01a630241ee217e7969fe87632e0be87c,2025-06-25 12:27:30.577051+00:00,en,theguardian.com,theguardian.com,2019-09-24,Jair Bolsonaro says 'deceitful' media hyping Amazon wildfires,https://www.theguardian.com/world/2019/sep/24/jair-bolsonaro-says-deceitful-media-hyping-amazon-wildfires
c51ee31c6688a0fa8219b5a60cb5080385202b016472c8cfc2222bc368e1d9a3,2025-06-25 12:16:20.434761+00:00,en,theconversation.com,theconversation.com,2019-10-28,"Most native bird species are losing their homes, even the ones you see every day",http://theconversation.com/most-native-bird-species-are-losing-their-homes-even-the-ones-you-see-every-day-123007
ee60b814431363247566fc35a5e13b8a764a28140e3df6eb7efac4732941fa3a,2025-06-25 11:42:55.435780+00:00,en,theconversation.com,theconversation.com,2019-10-29,Climate crisis – here's what the experts recommend we do,http://theconversation.com/climate-crisis-heres-what-the-experts-recommend-we-do-123238
4fa714f8b478fcaa74262549800b1204c179945c3af665ca940af46ba74ef538,2025-06-25 11:32:04.286420+00:00,en,theconversation.com,theconversation.com,2019-10-29,What western states can learn from Native American wildfire management strategies,https://theconversation.com/what-western-states-can-learn-from-native-american-wildfire-management-strategies-120731
728fc9abc528b9ad04fbff5c72fd722da211d6c3385f8f0bf3bd1b2fb4c13b09,2025-06-25 11:03:16.147546+00:00,en,theguardian.com,theguardian.com,2017-01-09,Modern agriculture cultivates climate change – we must nurture biodiversity,https://www.theguardian.com/global-development/2017/jan/09/modern-agriculture-cultivates-climate-change-nurture-biodiversity-olivier-de-schutter-emile-frison?CMP=Share_iOSApp_Other
9abe7e20dccdab3269ed4134fc742b8ddd29e9e549b218457c5667d76338ba78,2025-06-25 09:44:20.684102+00:00,en,thesun.co.uk,thesun.co.uk,2019-10-17,What is Extinction Rebellion and what are XR's demands?,https://www.thesun.co.uk/news/8772905/what-is-extinction-rebellion-want/
32472e6e491450410c70a45e919a4e4c9e1893c09459d7bf46b708332771fc5a,2025-06-25 08:12:30.113717+00:00,en,theconversation.com,theconversation.com,2019-10-31,Friday essay: thinking like a planet,http://theconversation.com/friday-essay-thinking-like-a-planet-environmental-crisis-and-the-humanities-125489
6ce617a23d258009a20be51f87f071448f75d73f1897d9e103167c333cd81f3b,2025-06-25 07:54:41.897125+00:00,en,theguardian.com,theguardian.com,2019-10-31,"I was Australia’s ambassador for the environment, I know how we can fight climate change",https://www.theguardian.com/australia-news/commentisfree/2019/nov/01/i-was-australias-ambassador-for-the-environment-i-know-how-we-can-fight-climate-change
cc78a19e887efda0de1492949b8dbbaacef9d377fd3e684e86645ae3afeb98dc,2025-06-25 04:05:32.306123+00:00,en,theconversation.com,theconversation.com,2019-11-04,Climate crisis: the countryside could be our greatest ally – if we can reform farming,http://theconversation.com/climate-crisis-the-countryside-could-be-our-greatest-ally-if-we-can-reform-farming-126304
6b92a3ee00f58c7fe7e090a9b44619e3d0ad1ca7ff078d60509dd56201e0dd53,2025-06-25 03:42:28.330532+00:00,en,independent.co.uk,independent.co.uk,2019-11-03,What can we learn from our grandparents about sustainable living?,https://www.independent.co.uk/independentpremium/long-reads/climate-change-sustainability-life-hacks-post-war-britain-recycling-paper-bags-a9179096.html
c75462090462786adf331a38c1a9de535d5a7427d8d562ceb3c29a977000a107,2025-06-25 03:29:15.220234+00:00,en,mirror.co.uk,mirror.co.uk,2019-11-04,Daily Mirror climate change crisis panel held to find ways to save our planet,https://www.mirror.co.uk/news/uk-news/daily-mirror-climate-change-crisis-20812267
99e6232cd85c65c71bab154e6902f2aca90622d200fe7188baf79fc1e74fa04e,2025-06-25 02:34:11.818628+00:00,en,pressat.co.uk,pressat.co.uk,2019-11-05,New research competition challenges 11-19 year olds to help save the UK’s bumblebees,https://pressat.co.uk/releases/new-research-competition-challenges-11-19-year-olds-to-help-save-the-uks-bumblebees-96e4f73a6570003266a8e2219e145da6
c8fe140974ed37cc7d1b8ad9af2efab41f62448209d555939ed6b1245e43f73c,2025-06-24 14:29:40.402779+00:00,en,ibtimes.co.uk,ibtimes.co.uk,2025-06-24,The Private Sector Is Increasingly Leading The Global Climate Response,https://www.ibtimes.co.uk/private-sector-increasingly-leading-global-climate-response-1736558
2a2d575cc7a336704c852ddd1a49e8a14b3346c59938ac69c3ef3dd24e52fcfa,2025-06-24 08:58:37.952178+00:00,en,theguardian.com,theguardian.com,2019-11-17,The Amazon: on the frontline of a global battle to tackle the climate crisis,https://www.theguardian.com/environment/2019/nov/17/amazon-rain-forest-protest-climate-crisis
53f4d4cc1e47b692bc31b92bbb119cff17dc6e44ad83d71b525cc2ded2145bf9,2025-06-24 05:28:13.382103+00:00,en,theconversation.com,theconversation.com,2019-11-21,"Growing palm oil on former farmland cuts deforestation, CO₂ and biodiversity loss",http://theconversation.com/growing-palm-oil-on-former-farmland-cuts-deforestation-co-and-biodiversity-loss-127312
b7b21abeb2d3831c9d088fa8384189b648feeddda2ea20e6854b65ace488ec97,2025-06-24 03:51:25.207596+00:00,en,mirror.co.uk,mirror.co.uk,2019-11-22,Stealthy python leaps from pond to catch deer as its stops for a drink,https://www.mirror.co.uk/news/world-news/stealthy-python-leaps-pond-catch-20934982
21552a7b11ddb909d91cf2858327a8eefadd1e51c697604097c754852c0dbc2e,2025-06-24 03:40:17.616451+00:00,en,theconversation.com,theconversation.com,2019-11-22,Does Labour’s green industrial revolution tackle the climate crisis? Experts weigh in,http://theconversation.com/does-labours-green-industrial-revolution-tackle-the-climate-crisis-experts-weigh-in-127542
1aea01d848c6d973a3c5d25748806244dc869c4042b93bc4cd616ac107f56433,2025-06-23 20:22:35.472255+00:00,en,theguardian.com,theguardian.com,2019-11-27,Trees in the Amazon are the world's sweat glands – and 10 other essential climate facts,https://www.theguardian.com/commentisfree/2019/nov/27/climate-experts-interview-what-i-learned
c15db189fbd23c985f61dd07440e000ebb06207dc328d736507a76fb2ac34112,2025-06-23 19:47:22.612491+00:00,en,independent.co.uk,independent.co.uk,2019-11-28,Massive Attack will challenge music industry emissions by mapping carbon footprint during tour,https://www.independent.co.uk/arts-entertainment/music/news/massive-attack-environment-carbon-footprint-emissions-climate-change-a9223956.html
a830ca2cd527b1233f3b3a88eee9e4441537bd275f8b44fb4a0b5e70f3d7e79b,2025-06-23 16:37:44.601130+00:00,en,theconversation.com,theconversation.com,2019-12-01,"Scientists re-counted Australia's extinct species, and the result is devastating",http://theconversation.com/scientists-re-counted-australias-extinct-species-and-the-result-is-devastating-127611
1867cd72efb5c9d553a9e275e4e575236d0d40d9fdd0d92c9cbf452017a22baa,2025-06-23 16:11:46.215392+00:00,en,scotsman.com,scotsman.com,2019-12-02,This should be the climate election – Alex Foulkes,https://www.scotsman.com/news/opinion/columnists/this-should-be-the-climate-election-alex-foulkes-1-5054698
e0e26a45841425b538dc7a2204fba0ac838f27bcc81a28d153c86c14241d4bdf,2025-06-23 15:35:30.128482+00:00,en,theweek.co.uk,theweek.co.uk,2019-12-02,Climate change: what is ‘the point of no return’?,https://www.theweek.co.uk/104654/climate-change-what-is-the-point-of-no-return
a53d9bfbbf6aee5b0d5deeba3bc410181cc5f4e780013a312c4f3e6a99915862,2025-06-23 15:04:09.544547+00:00,en,theguardian.com,theguardian.com,2019-12-02,Wild seed collectors turn Indiana Jones in the search for resilient crops,https://www.theguardian.com/environment/2019/dec/03/wild-seed-collectors-turn-indiana-jones-in-search-for-resilient-crops-aoe
c291fa9bc535971e009daf34c163f47413f6783431c9352e5de2572699f167ca,2025-06-23 13:01:52.308913+00:00,en,theguardian.com,theguardian.com,2019-12-04,Don't pursue economic growth at expense of environment,https://www.theguardian.com/environment/2019/dec/04/dont-pursue-economic-growth-at-expense-of-environment-report
7b0d5abdead5bc4cec4afb5a0c2b278128bdb06b57a04823e4e73c92f6139c2e,2025-06-23 12:03:53.570501+00:00,en,dailymail.co.uk,dailymail.co.uk,2019-12-04,Elm trees are making a comeback in Britain thanks to Dutch elm disease resistant breeds,https://www.dailymail.co.uk/sciencetech/article-7755473/Elm-trees-making-comeback-Britain-thanks-Dutch-elm-disease-resistant-breeds.html?ns_mchannel=rss&ito=1490&ns_campaign=1490
9f8b2cdbd51ae33319de460317dcce8e8b2453121f053a142529213a150e7f30,2025-06-23 11:23:48.018355+00:00,en,standard.co.uk,standard.co.uk,2019-12-05,The Reader: Tories’ green policies need a reality check,https://www.standard.co.uk/comment/letters/the-reader-tories-green-policies-need-a-reality-check-a4305581.html
f129b848648938094765a4a51a264e1b8064bfcba12c3a4d8681639c2f8a7d1d,2025-06-23 07:56:53.825321+00:00,en,theguardian.com,theguardian.com,2019-12-08,A-Z of climate anxiety: how to avoid meltdown,https://www.theguardian.com/environment/2019/dec/08/a-z-of-climate-anxiety-how-to-avoid-meltdown
1539134d4b421b82a62cd3400d19c685f56583c063da1024a867a39da7bf9964,2025-06-23 07:11:37.368413+00:00,en,theguardian.com,theguardian.com,2019-12-08,"NSW fires so destructive thousands of koala bodies may never be found, ecologist says",https://www.theguardian.com/australia-news/2019/dec/09/nsw-fires-so-destructive-thousands-of-koala-bodies-may-never-be-found-ecologist-says
deba0d585b36e1339096a61aafa4016b34761c1b864f9ff30a3c585bac837554,2025-06-23 06:47:14.212327+00:00,en,guernseypress.com,guernseypress.com,2019-12-09,Build it – but will they come?,http://www.guernseypress.com/news/voices/comment/2019/12/09/build-it--but-will-they-come/
edf263335d8ff027a6d5dc5056736ef479958e7153119baa320d1bd708936743,2025-06-23 06:43:11.442550+00:00,en,theconversation.com,theconversation.com,2019-12-09,How to design a forest fit to heal the planet,http://theconversation.com/how-to-design-a-forest-fit-to-heal-the-planet-128283
be10d1e734662b3b26a732b3d3f540ad5c27ea0d51bcd2cbe2641a0afe36bf15,2025-06-23 02:00:03.283065+00:00,en,theconversation.com,theconversation.com,2019-12-12,The amazing growth of the Christmas tree,http://theconversation.com/the-amazing-growth-of-the-christmas-tree-128532
27e5ddb88dcc9bc1889e78f487de6fb61ae3cf82019a6c9d66f7b08fd5331afc,2025-06-23 00:58:42.727206+00:00,en,independent.co.uk,independent.co.uk,2019-12-13,"EU commits to being carbon neutral by 2050, but gives Poland exemption",https://www.independent.co.uk/news/world/europe/eu-climate-change-carbon-emissions-net-zero-2050-poland-a9245521.html
bceb9d7309f65278fd7a078b904b50421d55e6c1eabbc9b2b0c4d30d228bd9ae,2025-06-22 21:32:52.041642+00:00,en,metro.co.uk,metro.co.uk,2019-12-16,Extinction Rebellion’s OAP hunger strikers ‘still can’t eat properly’,https://metro.co.uk/2019/12/16/extinction-rebellions-oap-hunger-strikers-still-cant-eat-properly-11916557/
61802be69d4d7ac2f05474ffe48cc1d3319ad01ceff7d32eac6c14ec78934be3,2025-06-22 18:13:54.356534+00:00,en,walesonline.co.uk,walesonline.co.uk,2019-11-21,Oxford Dictionary names 'Climate Emergency' word of the year,https://www.walesonline.co.uk/news/uk-news/climate-emergency-oxford-dictionarys-word-17293965
4c23d4b4376635d9d00675dc2e8ddad433e126179160f96dce45fa93a32d7fa9,2025-06-22 14:56:09.257129+00:00,en,theconversation.com,theconversation.com,2019-12-20,Three ways farms of the future can feed the planet and heal it too,http://theconversation.com/three-ways-farms-of-the-future-can-feed-the-planet-and-heal-it-too-128853
8595352469c0aa9f01250b5f4b113690344a01fcb2aeed3a4a4eefa34cc7e2ce,2025-06-22 13:01:28.894402+00:00,en,theguardian.com,theguardian.com,2019-12-21,The jaguars fishing in the sea to survive,https://www.theguardian.com/environment/2019/dec/21/the-brazilian-jaguars-sea-fishing-to-survive-aoe
74bef1a0f2dfddfd84073820772216f7ae2b06839a44fed2c0292faf8c452b7c,2025-06-22 12:11:48.226851+00:00,en,sky.com,sky.com,2019-12-22,Michael D Higgins: Irish president makes Christmas plea on migration and climate change,http://news.sky.com/story/michael-d-higgins-irish-president-makes-christmas-plea-on-migration-and-climate-change-11893528
17a6234413b2c07d8fc8436ecbe9d09287761d966e78ccc70044668d3dfac509,2025-06-22 03:09:23.491222+00:00,en,theguardian.com,theguardian.com,2019-12-30,"The environment in 2050: flooded cities, forced migration – and the Amazon turning to savannah",https://www.theguardian.com/environment/2019/dec/30/environment-2050-flooded-cities-forced-migration-amazon-turning-savannah
0dddeba5e6c432e0c9759a56faed080a9a93a8805e8e6854e973de38c3fb62b9,2025-06-22 02:21:51.423901+00:00,en,theguardian.com,theguardian.com,2019-12-31,The bushfires are a national catastrophe for the city and country. How are we going to live like this?,https://www.theguardian.com/commentisfree/2019/dec/31/the-bushfires-are-a-national-catastrophe-for-the-city-and-country-how-are-we-going-to-live-like-this
45bddeb20c595ad4cf9c3723a1a1ae3f4a088ce6747005044a89fee8cc889904,2025-06-20 20:17:17.354077+00:00,en,mirror.co.uk,mirror.co.uk,2025-06-20,Urgent water shortage warning amid heatwaves as experts say 'we must change',https://www.mirror.co.uk/news/uk-news/urgent-water-shortage-warning-amid-35427209
e0daaeeba299f6fd868eeaac6f8a31b72dac81241715497f58a928061154d86e,2025-06-20 07:17:56.098186+00:00,en,cityam.com,cityam.com,2025-06-20,Canada is investing in Britain’s future,https://www.cityam.com/canada-is-investing-in-britains-future-why-arent-we/
fca792d86059d57405a544c3e1de3e02378b2c5c2521195f15ed261c252becff,2025-06-19 15:17:56.896272+00:00,en,chroniclelive.co.uk,chroniclelive.co.uk,2025-06-19,Three bird box mistakes that may be driving your robins away from your garden,https://www.chroniclelive.co.uk/news/uk-news/three-bird-box-mistakes-driving-31892896
d2a45eac027b070cadbd1e7e71d17aebb0b9b84ecc7b78c1ea437a7dbb2ac5be,2025-06-18 14:27:16.997391+00:00,en,independent.co.uk,independent.co.uk,2025-06-18,Zero waste: turning vision into action,https://www.independent.co.uk/news/business/business-reporter/zero-waste-climate-change-biodiversity-loss-pollution-b2770490.html
c1d57c9747b1bb635098f333cb4f9b84700f4c6d6e8b834e17641b7926abf61d,2025-06-17 21:40:19.584781+00:00,en,theconversation.com,theconversation.com,2025-06-17,‘Canada is not for sale’ — but new Ontario law prioritizes profits over environmental and Indigenous rights,https://theconversation.com/canada-is-not-for-sale-but-new-ontario-law-prioritizes-profits-over-environmental-and-indigenous-rights-258553
55171b4c6de1f63d48b9f9b2dd3c8a23e8920482868bf152bfc553987fb7e022,2025-06-14 12:22:05.765939+00:00,en,express.co.uk,express.co.uk,2025-06-14,Two pretty garden plants could result in 'extortionate' costs if left to grow,https://www.express.co.uk/life-style/garden/2068631/invasive-garden-plants-ivy-himalayan-balsam
d3c46b7d70ee7630d6d5c4684ff5a254bbb42d3cad50b34be3a5ace69d8c7c79,2025-06-13 12:24:39.211504+00:00,en,mirror.co.uk,mirror.co.uk,2025-06-13,Orcas left to rot in algae-infested abandoned zoo 'doomed to die' in sad update,https://www.mirror.co.uk/news/world-news/orca-whales-left-rot-abandoned-35366515
33f716e14f6ed288fe5351269142099c4add1f00c911e7521ac8674d2eb26188,2025-06-10 03:25:44.631043+00:00,en,independent.co.uk,independent.co.uk,2025-06-10,High Seas Treaty gains momentum as 18 new countries pledge support,https://www.independent.co.uk/news/france-nice-cops-greenpeace-b2766884.html
fd7e3094faaa9902d4c4310326cbec2cc859bd4e2eb3e25f9f6f6204b03bc957,2025-06-09 20:48:36.900674+00:00,en,theguardian.com,theguardian.com,2025-06-09,"World must move from ‘plunder to protection’ to save oceans, UN chief warns",https://www.theguardian.com/environment/2025/jun/09/world-must-move-from-plunder-to-protection-to-save-oceans-un-chief-warns
83b5655bf7c48a5d74e2a40a05e08c827c8ba1fa489e11eee500c9a2d6a2673a,2025-06-09 15:22:13.611897+00:00,en,independent.co.uk,independent.co.uk,2025-06-08,Consultation to consider extending ban on destructive bottom trawling fishing,https://www.independent.co.uk/climate-change/news/uk-government-english-nice-france-government-b2766129.html
c3b9355fa1391e3bf7b8d134d0b4b557658e8dc56f5774aeb0013da980127c52,2025-06-09 04:17:13.220383+00:00,en,standard.co.uk,standard.co.uk,2025-06-08,Consultation to consider extending ban on destructive bottom trawling fishing,https://www.standard.co.uk/news/politics/uk-government-governments-english-nice-france-b1231867.html
f941c1bdbce25e9683982955f01be805cbfa40bf6f038990abce0c9166b6a545,2025-06-08 07:24:44.006698+00:00,en,prnewswire.co.uk,prnewswire.co.uk,2025-06-08,An alarming disconnect: Global study by Back to Blue reveals urgent need for ocean literacy,https://www.prnewswire.co.uk/news-releases/an-alarming-disconnect-global-study-by-back-to-blue-reveals-urgent-need-for-ocean-literacy-302475603.html
44e26f389a06302f4b69f48e0be651e1aa0516e839823553dc3d38223c9e8536,2025-06-04 21:00:16.323248+00:00,en,theguardian.com,theguardian.com,2025-06-04,England’s planning bill has many naysayers. I'm not one of them,https://www.theguardian.com/commentisfree/2025/jun/04/england-planning-bill-environment-protecting-habitats
98dc459554a9b7a2fe89ca052835242059253c1c64b202388663f35b9f7da2f6,2025-06-04 20:17:45.213782+00:00,en,theguardian.com,theguardian.com,2025-06-04,Push to reopen old mines in NSW in global race for critical minerals,https://www.theguardian.com/australia-news/2025/jun/05/push-to-reopen-old-mines-in-nsw-in-global-race-for-critical-minerals
3d16dba13bb88e7330c0c00e1fa0558143d59a91af1605f734062c801badca95,2025-06-03 21:18:30.932790+00:00,en,theconversation.com,theconversation.com,2025-06-03,Africa has the highest rate of forest loss in the world – what the G20 can do about it,https://theconversation.com/africa-has-the-highest-rate-of-forest-loss-in-the-world-what-the-g20-can-do-about-it-257023
fe1713924f944511b464f33857db1963da5f3f2970a0263b43550750f35f8380,2025-06-03 20:54:03.090785+00:00,en,theguardian.com,theguardian.com,2025-06-03,‘Half the tree of life’: ecologists’ horror as nature reserves are emptied of insects,https://www.theguardian.com/environment/2025/jun/03/climate-species-collapse-ecology-insects-nature-reserves-aoe
5d55c36570fd2636fe1431e83cc28a4b40e9b22ec69ea5cba25c2340bfa5face,2025-06-02 14:33:49.228243+00:00,en,chroniclelive.co.uk,chroniclelive.co.uk,2025-06-02,Gardeners warned of bird box errors that could drive robins and blackbirds away,https://www.chroniclelive.co.uk/news/uk-news/gardeners-warned-bird-box-errors-31771701
615e93955b7a9a9500ea2630db68f678450797108f7ff8d5d29549e6fd2fad56,2025-05-28 15:17:09.601094+00:00,en,chroniclelive.co.uk,chroniclelive.co.uk,2025-05-28,Brits urged to take action in gardens 'once a week' to stop deadly UK bird virus,https://www.chroniclelive.co.uk/news/uk-news/gardeners-urged-act-gardens-once-31741707
88c78649b5954a4e5afdc95e8b6375387555768a21edf9783dfd02bf38e597d4,2025-05-28 12:20:18.306337+00:00,en,mirror.co.uk,mirror.co.uk,2025-05-28,3 bird box errors which could be driving your feathered friends away,https://www.mirror.co.uk/news/weird-news/3-bird-box-errors-could-35297800
8035811ea91ad0e1030813eb54bc30aa2a4a6cca5d4442d1f2fdac6aca690ae6,2025-05-27 15:18:52.392563+00:00,en,express.co.uk,express.co.uk,2025-05-27,RSPB's 'once a week' plea as UK birds face virus,https://www.express.co.uk/news/uk/2060690/rspb-s-once-week-plea-uk-birds-face-devastating-virus
72a09b4c02bbcdd0fea2e30ea76f5fd0380cf62158a718da832572c5e1392966,2025-05-25 20:38:59.247710+00:00,en,theguardian.com,theguardian.com,2025-05-24,Reliable energy or ‘carbon bomb’? What’s at stake in the battle over Australia’s North West Shelf,https://www.theguardian.com/australia-news/2025/may/25/reliable-energy-or-carbon-bomb-whats-at-stake-in-the-battle-over-australias-north-west-shelf
7f991ab038ef9ba2cc064f7b182e3ea45c983fd55bf2860c8fe30f9808906f89,2025-05-25 20:25:23.380488+00:00,en,prnewswire.co.uk,prnewswire.co.uk,2025-05-25,JA Solar with 23 Leading Solar Companies unveils the first Initiative for Global Solar Sustainable Alliance at UNGC's summit,https://www.prnewswire.co.uk/news-releases/ja-solar-with-23-leading-solar-companies-unveils-the-first-initiative-for-global-solar-sustainable-alliance-at-ungcs-summit-302464886.html
c61d9ae90f389eb6608d9b8333a5e920564b65dd2f30d8c88be642bad9236e0e,2025-05-25 06:19:32.000787+00:00,en,dailyrecord.co.uk,dailyrecord.co.uk,2025-05-25,Graeme Souness plea to SNP over £350m job-boosting scheme,https://www.dailyrecord.co.uk/news/scottish-news/graeme-souness-plea-snp-over-35282724
cf0f596dd6bb4c9cd0b045daa4c8d43f3c4ec92e905b7bb69a4367ffe8025749,2025-05-22 15:29:37.083407+00:00,en,independent.co.uk,independent.co.uk,2025-05-22,Endangered gorilla habitats threatened in rebel-held Congo,https://www.independent.co.uk/news/world/africa/congo-gorillas-tree-felling-danger-b2755963.html
5700584b16fc3b2b625c28d66d933f87e58da8673711e372f3de0eda02438f1a,2025-05-18 13:19:50.355723+00:00,en,thesun.co.uk,thesun.co.uk,2025-05-18,Inside Saudi’s blood-soaked $8.8TRILLION Neom megacity project,https://www.thesun.co.uk/news/35004897/saudi-neom-megacity-project/
9efc3703b51bf13c8bc0f9e201ef1471a486687b08bf7521a022e06bd287598e,2025-05-16 13:17:26.230829+00:00,en,dailyrecord.co.uk,dailyrecord.co.uk,2025-05-16,Balloch's Lomond Banks 'mega resort' given green light as rejection overturned,https://www.dailyrecord.co.uk/news/local-news/flamingolands-controversial-40m-given-greenlight-35237970
a4940623d24f004c4a40a00f992d32031e40221763989dfad496843df3680598,2025-05-16 11:25:32.025051+00:00,en,cityam.com,cityam.com,2025-05-16,Is Labour's Planning Bill putting private equity at risk?,https://www.cityam.com/is-labours-planning-bill-putting-private-equity-at-risk/
ae7c81f0f89d55a57f31e18fe7bef4170c654e2abf5e790fd1a8ee0aab110e5d,2025-05-12 11:37:10.938529+00:00,en,express.co.uk,express.co.uk,2025-05-12,Retired couple's lives 'ruined' by new homes that sprung up while on holiday,https://www.express.co.uk/news/uk/2053926/retired-couple-s-lives-ruined
e8364a3bd2cd341886161590c2993cd1daca79e50be5b6b0ad3028b3412fb816,2025-05-11 10:17:23.793886+00:00,en,mirror.co.uk,mirror.co.uk,2025-05-11,Shooting industry is destroying UK countryside with 'irreversible consequences',https://www.mirror.co.uk/news/uk-news/shooting-industry-destroying-british-countryside-35200973
54bc80c82f0fb054b3a84ff79e96e0436a4d869d6d3c14918c1c7ea31628739e,2025-05-07 21:44:14.955770+00:00,en,mirror.co.uk,mirror.co.uk,2025-05-07,David Attenborough's cry on 99th birthday after saying 'the end is near',https://www.mirror.co.uk/3am/celebrity-news/david-attenboroughs-rallying-cry-99th-35188268
e484d0c4b270a766119cb1770b7c3811af01ba4ffde195c9ff7c182abc0ee4af,2025-05-07 16:21:57.535465+00:00,en,theguardian.com,theguardian.com,2025-05-07,‘A cemetery of trees’: vast green expanses turned to dust as loggers plunder South America’s Gran Chaco,https://www.theguardian.com/environment/2025/may/07/a-cemetery-of-trees-vast-green-expanses-turned-to-dust-as-loggers-plunder-south-americas-gran-chaco
9d3591da9f1bc546ced5d8da1e4b3be2e97bf9abbd9b90253a5e98c3e9ec933e,2025-05-01 13:30:59.949328+00:00,en,metro.co.uk,metro.co.uk,2025-05-01,Sir David Attenborough hailed a 'gift to humanity' days before 99th birthday,https://metro.co.uk/2025/05/01/sir-david-attenborough-hailed-a-gift-humanity-days-99th-birthday-23006119/
d3d452c79789d748a7b228ea1912a7dfe6071a420ed86e32bcad623eaa13cdb1,2025-05-01 13:24:23.304194+00:00,en,manchestereveningnews.co.uk,manchestereveningnews.co.uk,2025-05-01,UK households urged not to cut their grass in May,https://www.manchestereveningnews.co.uk/news/uk-news/uk-households-urged-not-cut-31550438
b316ad3eb6986892c65a7a43fbc20081211556a0aceed942e4f4ed8b8761d22d,2025-04-30 12:32:27.799498+00:00,en,thesun.co.uk,thesun.co.uk,2025-04-30,Aerial pics show world’s biggest building site for sideways skyscraper,https://www.thesun.co.uk/news/34720352/aerial-pics-worlds-biggest-skyscraper-line/
a4f6abec0d75499029c37fc7e7c17331eac31aad02c0ff7fdc78b8226f63798a,2025-04-30 09:30:07.815311+00:00,en,dailymail.co.uk,dailymail.co.uk,2025-04-30,We've been banned from objecting to 100 homes next to our new-build estate because of a 'gagging' clause in our contracts - we won't be silenced,https://www.dailymail.co.uk/news/article-14660081/Weve-banned-objecting-100-homes-new-build-estate-gagging-clause-contracts-wont-silenced.html?ns_mchannel=rss&ito=1490&ns_campaign=1490
27a6ac643b0821b2d4ba412a72fa75c4222832d8db9683c818563d240f872cdd,2025-04-28 20:17:37.447166+00:00,en,theconversation.com,theconversation.com,2025-04-28,Five ways to make cities more resilient to climate change,https://theconversation.com/five-ways-to-make-cities-more-resilient-to-climate-change-252853
d39a4a6185beeed553b39df03787a66ccf9c7d2979b4a1bd01821e58599a7dae,2025-04-28 05:29:08.614517+00:00,en,independent.co.uk,independent.co.uk,2025-04-27,"Industrial waste turning to rock in decades, research finds",https://www.independent.co.uk/news/uk/home-news/amanda-owen-earth-sciences-europe-bilbao-b2740478.html
fafa49d8feee9a82b0645d902534cffa56bb6bb35b526a3d7a3319e256ccf781,2025-04-28 02:18:12.585366+00:00,en,standard.co.uk,standard.co.uk,2025-04-27,"Industrial waste turning to rock in decades, research finds",https://www.standard.co.uk/news/uk/earth-sciences-europe-bilbao-b1224610.html
0efd0e7199572e492ec3e8f9652ce7dc952f5b4b3a2482af758135c8bcdd0069,2025-04-26 11:30:58.457864+00:00,en,theguardian.com,theguardian.com,2025-04-26,How space exploration can improve life on Earth,https://www.theguardian.com/commentisfree/ng-interactive/2025/apr/26/space-exploration-life-on-earth
f243d420fc564996f958846d0c64f67cffc29c708a584e5b236f722ddf458a38,2025-04-25 20:24:48.515777+00:00,en,express.co.uk,express.co.uk,2025-04-25,Worst deal Britain ever did was with UK water firms,https://www.express.co.uk/news/uk/2046167/dragons-den-deal-britain
515c93e3441d164fe3f298fcde8269942fbd006eb6415916b282ac80a516ba57,2025-04-25 13:38:25.815562+00:00,en,theguardian.com,theguardian.com,2025-04-24,Trump signs executive order boosting deep-sea mining industry,https://www.theguardian.com/us-news/2025/apr/24/trump-deep-sea-mining-executive-order
06c325c29e6bd837ad600351ccdd398798fe4334a7c57a72465710a4b0cf777d,2025-04-22 11:30:45.812717+00:00,en,independent.co.uk,independent.co.uk,2025-04-22,Pope Francis saw environmental and climate issues as moral concerns,https://www.independent.co.uk/news/pope-francis-vatican-city-amazon-god-mass-b2737206.html
73280ab6ce185c2cb979f015eba7c73434786c917dcbcb79f8a2734ffdeb6515,2025-04-20 18:22:32.752295+00:00,en,thesun.co.uk,thesun.co.uk,2025-04-20,Plan to turn lake into 'Butlin's' aqua park will turn beauty spot into CHAOS,https://www.thesun.co.uk/news/34411615/plans-cosmeston-lake-aqua-park-petition-council/
9d9e2810a229533126f9792d2074e6a740753cdf8d576f08a4ca476ea2262035,2025-04-20 01:18:13.036096+00:00,en,chroniclelive.co.uk,chroniclelive.co.uk,2025-04-20,"Life on the Northumberland islands with no TV and home to 50,000 puffin pairs",https://www.chroniclelive.co.uk/whats-on/travel-tourism/life-incredible-northumberland-islands-no-31443364
1c3ca64fc0ea33e120680a8c91bcf58f93ebf915b4faeaa9cb42e2ce830d1833,2025-04-19 06:18:08.234958+00:00,en,express.co.uk,express.co.uk,2025-04-19,I live next to major UK airport and can hardly breathe,https://www.express.co.uk/news/uk/2043224/luton-airport-expansion-residents
91b3f4812516b71a6cb9bc1ca3bae5b8fb41802d512765a2f4c4221ec76cdb87,2025-04-16 15:35:58.337988+00:00,en,theconversation.com,theconversation.com,2025-04-16,Pope Francis and Laudato Si’: an ecological turning point for the Catholic Church,https://theconversation.com/pope-francis-and-laudato-si-an-ecological-turning-point-for-the-catholic-church-253977
a971ec7968d9448141b28c2ffe37d90ee11f3e2cf022d7be0433b21f94fb6dfb,2025-04-16 03:24:20.166405+00:00,en,theconversation.com,theconversation.com,2025-04-15,‘De-extinction’ of dire wolves promotes false hope: technology can’t undo extinction,https://theconversation.com/de-extinction-of-dire-wolves-promotes-false-hope-technology-cant-undo-extinction-254479
de2e9b3e973cf652a363957fa346abe36b71548d8864e90f36d9e4815ed6dda0,2025-04-15 20:37:47.648296+00:00,en,heraldscotland.com,heraldscotland.com,2025-04-15,"'You cannot focus only on oil, coal and gas. You have to do everything'",https://www.heraldscotland.com/opinion/25092435.nature-crisis-urgent-climate-says-expert/?ref=rss
93984e2c65427b04b9ae2dc1646394ce458ab2bf1d6da71832fbb55ae2876f17,2025-04-15 19:54:04.483338+00:00,en,theguardian.com,theguardian.com,2025-04-15,Threats to nature in Labour’s planning bill,https://www.theguardian.com/politics/2025/apr/15/threats-to-nature-in-labours-planning-bill
048313b6bf1ee62fd79d902818989fc9a4705ca593ee2cdec7d725e0958f161d,2025-04-14 20:39:37.106760+00:00,en,theconversation.com,theconversation.com,2025-04-14,Why ‘de-extinct’ dire wolves are a Trojan horse to hide humanity’s destruction of nature,https://theconversation.com/why-de-extinct-dire-wolves-are-a-trojan-horse-to-hide-humanitys-destruction-of-nature-254309
cbb35e640384aa58efdc255ef320eaefcf1f3989a12e0c9d38f0a1a4c4216bce,2025-04-12 10:25:16.876426+00:00,en,standard.co.uk,standard.co.uk,2025-04-12,A Maldives ballet retreat changed my outlook — everyone should do a hobby holiday,https://www.standard.co.uk/esrewards/travel-club/maldives-avani-fares-resort-ballet-retreat-hobby-holidays-b1222004.html
98b59c3514ad4b97208e6b717afed564a4fcfca8312889d89beef17496f21d03,2025-04-09 09:34:35.033530+00:00,en,thesun.co.uk,thesun.co.uk,2025-04-09,How Trump tariffs could spell doom for Saudi's mega-city Neom as costs skyrocket,https://www.thesun.co.uk/news/34365824/trump-tariffs-doom-neom-saudi-megacity/
923d69658e06614c274caaeb78b6a15a1a0b35e8b2bcd0bc677f54fe2a4d20c4,2025-04-09 01:18:04.390952+00:00,en,independent.co.uk,independent.co.uk,2025-04-08,"Planning reforms put precious habitats and wildlife at risk, nature groups warn",https://www.independent.co.uk/climate-change/news/government-bill-woodland-trust-marine-conservation-society-steve-reed-b2729867.html
39105785cc8cc633f76135bbe7fc89c433df68fc8cb6359d0402633c0a28f62e,2025-04-08 19:51:46.215575+00:00,en,theguardian.com,theguardian.com,2025-04-08,It’s up to each of us to help save life on Earth – I love this challenge,https://www.theguardian.com/environment/2025/apr/09/its-up-to-each-of-us-to-help-save-life-on-earth-i-love-this-challenge
449b109593c2b567ae3bfa5d2897f7a1231845a037419513c7196b7ca5a4abc7,2025-04-08 03:24:10.907286+00:00,en,theguardian.com,theguardian.com,2025-04-07,"Many native New Zealand species face threat of extinction, report finds",https://www.theguardian.com/world/2025/apr/08/new-zealand-our-environment-2025-report-native-species-face-extinction-threat
f22d8a46b68b623f1ae4f3d7de1c5e80792d13d5178e9ae43ef241039c8b3ee1,2025-04-02 19:38:09.679287+00:00,en,theguardian.com,theguardian.com,2025-04-02,I don’t want to die with a freezer full of seeds. It’s time to rethink biodiversity and preservation,https://www.theguardian.com/environment/2025/apr/02/seeds-biodiversity-hurricane-helene
2a177f9a41910e6df809d4ce733a62cb20cb97cef1359e7ce5db94e592b37761,2025-03-28 18:31:28.289201+00:00,en,theguardian.com,theguardian.com,2025-03-28,Canadian company in negotiations with Trump to mine seabed,https://www.theguardian.com/environment/2025/mar/28/deep-sea-mining-international-seabed-authority-canadian-the-metals-company-tmc-negotiations-trump-us
ace4f07955b9ef63ca66e5af056a4cb0cccccdf70aea6cef90cff42a1aef3811,2025-03-26 20:44:11.473039+00:00,en,theconversation.com,theconversation.com,2025-03-26,"To address the environmental polycrisis, the first step is to demand more honesty",https://theconversation.com/to-address-the-environmental-polycrisis-the-first-step-is-to-demand-more-honesty-251742
da2ba11950d5c5c600a097a803053bee3026b9f80374e0dcad75b6ea68dfd03e,2025-03-25 20:36:03.181346+00:00,en,theconversation.com,theconversation.com,2025-03-25,Deep-sea mining threatens sea life in a way no one is thinking about − by dumping debris into the thriving midwater zone,https://theconversation.com/deep-sea-mining-threatens-sea-life-in-a-way-no-one-is-thinking-about-by-dumping-debris-into-the-thriving-midwater-zone-247690
dda9fe8f28a9f3489ca60c59dfd9fc2bb5ea730e5936a065d500858cccc06f04,2025-03-25 19:57:50.319975+00:00,en,theguardian.com,theguardian.com,2025-03-25,Australians deserve answers on climate before they vote. Here are five things we still don’t know,https://www.theguardian.com/environment/commentisfree/2025/mar/25/australians-deserve-answers-on-climate-before-they-vote-here-are-five-things-we-still-dont-know
06b8b8f0fe23444bfe155dec11d2de2462f6fc2f1c58040a57aa47b1f21be2ed,2025-03-24 19:43:05.080872+00:00,en,theguardian.com,theguardian.com,2025-03-24,A Climate of Truth by Mike Berners-Lee review – a white-hot takedown of environmental policy,https://www.theguardian.com/books/2025/mar/24/a-climate-of-truth-mike-berners-lee-review-environmental-crisis-policy-politics-conservative-government
b0a568dc8cba1ace32189ba34be11a50179391dca93e69aaacdc3d192c7d6837,2025-03-23 19:41:11.082427+00:00,en,theguardian.com,theguardian.com,2025-03-23,‘Apoplectic’ environment groups halt Coalition attack ads to take aim at Albanese over species’ ‘death warrant’,https://www.theguardian.com/environment/2025/mar/24/apoplectic-environment-groups-halt-coalition-attack-ads-to-take-aim-at-albanese-over-species-death-warrant
7eba0c020043ff11eeea3733548b93af1d7cbb09e4cd8d11a0e6a3fb58892b69,2025-03-23 19:32:59.163585+00:00,en,dailymail.co.uk,dailymail.co.uk,2025-03-23,We're furious over plans for £40m theme park next to our homes - we'll be living in a concrete jungle... but the council doesn't care,https://www.dailymail.co.uk/news/article-14518359/40m-theme-park-skyline-kilvey-hill-swansea-concrete-jungle.html?ns_mchannel=rss&ito=1490&ns_campaign=1490
3a83a257e9cd8cc0a82965f69409be513c72bd306b950edd30fa14576d1060b2,2025-03-22 19:32:42.263902+00:00,en,theguardian.com,theguardian.com,2025-03-22,‘Imagine if it died on my watch?’ The fight to save one ‘ancient’ Adelaide tree,https://www.theguardian.com/environment/2025/mar/23/adelaide-river-red-gum-tree-overbury-drive-south-australia
cfa272000b97d94c9c61aee48b5c073c53d047ca77eb535d7493c4b331da30b0,2025-03-21 20:20:40.421245+00:00,en,pressat.co.uk,pressat.co.uk,2025-03-21,Let's Not Forget Mangroves This World Forest Day,https://pressat.co.uk/releases/lets-not-forget-mangroves-this-world-forest-day-cc6d1078520e9dec626d8b7053424c5c/
87962ebf1ce39b21e2aa3da2c20f67a00f86eb9a76d0099b877ac0c3d825df37,2025-03-21 09:21:03.265733+00:00,en,heraldscotland.com,heraldscotland.com,2025-03-21,What a tour of a Scottish sawmill told me about timber shortages and net zero,https://www.heraldscotland.com/news/25024847.scottish-sawmill-producing-timber-locks-carbon-homes/?ref=rss
da47ef4c1231a393fce0e66d70541e36b7b58f88e4145df914d67b32b0824cbf,2025-03-19 08:17:45.655627+00:00,en,guernseypress.com,guernseypress.com,2025-03-19,UN scientists share surprise at ‘extraordinary’ warming as 2024 passed 1.5C,https://guernseypress.com/news/uk-news/2025/03/19/un-scientists-share-surprise-at-extraordinary-warming-as-2024-passed-15c/
f15bc467654147c91f2d6085fd414c7817a036658e221cc1f9f45fab89f1a387,2025-03-18 15:40:06.181456+00:00,en,thesun.co.uk,thesun.co.uk,2025-03-18,First phase of Saudi megaproject ‘underway’ as ‘Hidden Marina’ takes shape,https://www.thesun.co.uk/news/33911409/saudi-megaproject-the-line-marina-underway/
e1ac3a9a69b5bdcf156d6995435231abb339c219e95fe727533559ac9658bc65,2025-03-18 12:26:22.475964+00:00,en,mirror.co.uk,mirror.co.uk,2025-03-18,Fury at huge new tourist attraction in Spanish holiday hotspot,https://www.mirror.co.uk/travel/europe/fury-huge-new-tourist-attraction-34881212
ee34c9375d0779ffe08420a6504fef598d089f8351d6c72584475dccd9e28b04,2025-03-17 04:21:09.993881+00:00,en,express.co.uk,express.co.uk,2025-03-16,Angela Rayner madness as 'logic defying' tax raid to derail her own policy,https://www.express.co.uk/news/politics/2028020/angela-rayner-tax-raid-house-building-labour
28e3785e4b8246acedab4ed90261ab268d1c8a47ae3e42d0a9899e41b4eb8f0b,2025-03-13 16:37:09.150797+00:00,en,dailystar.co.uk,dailystar.co.uk,2025-03-13,Scientists discover 866 deep sea species as 'venom' may help cancer treatment,https://www.dailystar.co.uk/news/latest-news/scientists-discover-866-new-deep-34855315
f9b6393a3a488243237646aa8af57fe5fce2bc10b91d942f66cf3ba0d37237e1,2025-03-10 19:58:48.424704+00:00,en,theguardian.com,theguardian.com,2025-03-10,"To win the bush, Australian politics needs to embrace its 'curves'",https://www.theguardian.com/australia-news/2025/mar/11/to-win-the-bush-australian-politics-needs-to-embrace-its-curves
c43ee37c44f157f09b8daa8e9bb880259edd50858be733a2b8cc230f20f243ad,2025-03-10 12:31:33.492987+00:00,en,theguardian.com,theguardian.com,2025-03-10,"Immigration’s a hot topic – and it applies to non-native plants, animals and insects, all over the world",https://www.theguardian.com/commentisfree/2025/mar/10/immigration-plants-animals-insects-native-invasive-alien
96d3e8898ae6e7aad3eef4b22086ab89f7ef40018443a88493afb0c98f52d8d5,2025-03-06 20:36:17.881887+00:00,en,theconversation.com,theconversation.com,2025-03-06,Butterflies declined by 22% in just 2 decades across the US – there are ways you can help save them,https://theconversation.com/butterflies-declined-by-22-in-just-2-decades-across-the-us-there-are-ways-you-can-help-save-them-251468
282c26a3f74ae5ef8087b7e9f165948ff04d8bce06cd30edb83a148a84b15b92,2025-03-05 19:35:45.349144+00:00,en,thesun.co.uk,thesun.co.uk,2025-03-05,What will life in The Line be like? Saudis unveil plans for ‘landscraper’,https://www.thesun.co.uk/news/33698866/saudi-landscraper-city-2030/
7e21f4235b575c33947e2a0054b06bea42923e9ba696aff98baa0b63847720d8,2025-03-02 11:24:21.550146+00:00,en,standard.co.uk,standard.co.uk,2025-03-02,Kew Gardens to open new garden this summer inspired by climate crisis,https://www.standard.co.uk/news/london/kew-gardens-summer-inspired-climate-crisis-b1213910.html
7013f5aee056b66363c35b60aaa6db96696adf58f08af2a2bba2e0e35e16e499,2025-02-27 07:17:14.251016+00:00,en,independent.co.uk,independent.co.uk,2025-02-27,"Christina Hendricks on Small Town, Big Story: ‘My husband saw a UFO!’",https://www.independent.co.uk/arts-entertainment/tv/features/christina-hendricks-chris-odowd-interview-small-town-big-story-b2704876.html
d63e65abe0b6dc929cc2eec9593c6c1186ed7edf0b9662a58f775dffca600891,2025-02-26 00:26:41.368951+00:00,en,prnewswire.co.uk,prnewswire.co.uk,2025-02-25,TO MARK THE 55th ANNIVERSARY OF EARTH DAY,https://www.prnewswire.co.uk/news-releases/to-mark-the-55th-anniversary-of-earth-day---earthdayorg-launches-earth-action-day-302384949.html
f833f22af20f0efff5d76c67b691dcddf2b2acae64cc2bff8aa57f22b38b34dc,2025-02-25 12:36:56.554909+00:00,en,express.co.uk,express.co.uk,2025-02-25,'World's fastest' continent is on dangerous 'collision course' with Asia,https://www.express.co.uk/news/world/2018980/worlds-fastest-continent-collision-Asia
0c247b196317c929e36731cf51aa9101715fbf9df083973596a8997df14a34c1,2025-02-21 14:35:17.661635+00:00,en,walesonline.co.uk,walesonline.co.uk,2025-02-21,Plan to fix scar on landscape left by opencast mine,https://www.walesonline.co.uk/news/wales-news/opencast-mine-left-scar-landscape-31052415
e44cd023387131cf5dea0d14f45f61c8391d688053a0b3a0d43851e150a2dfb9,2025-02-19 12:20:18.020007+00:00,en,metro.co.uk,metro.co.uk,2025-02-19,I rubbed shoulders with A-listers daily,https://metro.co.uk/2025/02/19/i-mr-showbiz-taking-selfies-taylor-swift-now-work-a-salt-mine-22580508/
8c78ecd0da7dd1c0629c80fcc45474e52c42f7b0ab40758cb989e5b5e7a00dfd,2025-02-10 17:23:52.609827+00:00,en,theconversation.com,theconversation.com,2025-02-10,Why the price of your favorite chocolate will continue to rise,https://theconversation.com/why-the-price-of-your-favorite-chocolate-will-continue-to-rise-246227
41154f00a380ab896258823e5aa11da63a700a0158115681038689a00c6cf3d8,2025-02-09 07:26:39.659102+00:00,en,manchestereveningnews.co.uk,manchestereveningnews.co.uk,2025-02-09,'We don't want more wind turbines the size of Blackpool Tower built next door',https://www.manchestereveningnews.co.uk/news/greater-manchester-news/we-dont-want-21-more-30901242
89188055e445335c3e3926dfc8e9b819b77e2628e45646c2a42b5497e09c3bf9,2025-02-07 17:50:19.519704+00:00,en,dailymail.co.uk,dailymail.co.uk,2025-02-07,The battle of Bodmin Moor: How an ex-cavalry officer has gone to war with the landowning neighbour who 'kidnapped' his family of runaway beavers - led by Sigourney Beaver and Jean Claude Van Dam,https://www.dailymail.co.uk/news/article-14373093/Bodmin-Moor-kidnapped-beavers.html?ns_mchannel=rss&ns_campaign=1490&ito=1490
5e068aaaf898f5ccfe8b7402fb9964f070d1badc7ade704ba052a8b9ce9520b3,2025-02-03 18:17:28.684158+00:00,en,theconversation.com,theconversation.com,2025-02-03,Labor’s dumping of Australia’s new nature laws means the environment is shaping as a key 2025 election issue,https://theconversation.com/labors-dumping-of-australias-new-nature-laws-means-the-environment-is-shaping-as-a-key-2025-election-issue-248872
fec19d9520cb09d705b61ee30d44a05dee136d7010c456b09ea864685b71aeeb,2025-01-31 20:17:24.062428+00:00,en,dailyrecord.co.uk,dailyrecord.co.uk,2025-01-31,Councillors give go-ahead for construction of major Shotts housing development,https://www.dailyrecord.co.uk/in-your-area/lanarkshire/councillors-give-go-ahead-construction-34590020
209f1cfdaa5f8116cc9106e8276fa51dbea48afa992a0609db9a713d7b8a33d0,2025-01-31 17:25:59.175962+00:00,en,pressat.co.uk,pressat.co.uk,2025-01-30,World Wetlands Day – Introducing Mangroves The Superheroes Of The Coastal Ecosystem,https://pressat.co.uk/releases/world-wetlands-day-introducing-mangroves-the-superheroes-of-the-coastal-ecosystem-9876d44657246c329ceacfdbe9a6eebd/
36f779cb351a224861c4f356930544b8fd29102d35a140e63ba8f0626a655d89,2025-01-30 18:30:47.824292+00:00,en,guernseypress.com,guernseypress.com,2025-01-30,Climate activist on 50-city UK clean-up tour calls for action above disruption,https://guernseypress.com/news/viral-news/2025/01/30/climate-activist-on-50-city-uk-clean-up-tour-calls-for-action-above-disruption/
056504488999065cac7e4e103e21283157aac74f92a057e55238cc0fa6c5767b,2025-01-30 18:01:41.249149+00:00,en,standard.co.uk,standard.co.uk,2025-01-30,Climate activist on 50-city UK clean-up tour calls for action above disruption,https://www.standard.co.uk/news/environment/london-pune-people-government-wembley-b1208143.html
82a0b2da4392030584436e0c68112bdbae0119994dcdd1befbec294f808aada9,2025-01-30 15:33:53.496118+00:00,en,jerseyeveningpost.com,jerseyeveningpost.com,2025-01-30,Climate activist on 50-city UK clean-up tour calls for action above disruption,https://jerseyeveningpost.com/morenews/viralnews/2025/01/30/climate-activist-on-50-city-uk-clean-up-tour-calls-for-action-above-disruption/
ff1a0abdf4160104711740eecafb3ed4f68cf9921ea7fe4e4664807691ce4849,2025-01-25 11:28:54.472441+00:00,en,inews.co.uk,inews.co.uk,2025-01-25,The derelict factory that reveals a major flaw in Starmer’s housing plan,https://inews.co.uk/news/derelict-factory-reveals-flaw-starmer-housing-3485228
aafba04ca5c7c8a169e9f64b6edf4e6a02f2d3e4f98f18015aed215276eacf9e,2025-01-24 05:23:39.313435+00:00,en,prnewswire.co.uk,prnewswire.co.uk,2025-01-24,Dahua Technology Joins Hands with WWF to Expand Sustainability Efforts Globally,https://www.prnewswire.co.uk/news-releases/dahua-technology-joins-hands-with-wwf-to-expand-sustainability-efforts-globally-302359378.html
f0acf23d23a96ef4a1d8862660b8b7bcae988f4a0db045e894820f26ad9cbe7b,2025-01-23 17:58:20.052962+00:00,en,theconversation.com,theconversation.com,2025-01-23,Industrial scale farming is flawed: what ecologically-friendly farming practices could look like in Africa,https://theconversation.com/industrial-scale-farming-is-flawed-what-ecologically-friendly-farming-practices-could-look-like-in-africa-245579
75492c996f7e23cec019b9be3166567ee341607a943578f3b6deeef7263c2d79,2025-01-22 16:49:55.440186+00:00,en,heraldscotland.com,heraldscotland.com,2025-01-22,Rising sea temperatures changing Scotland's unique coastal creatures,https://www.heraldscotland.com/news/24876258.rising-sea-temperatures-changing-scotlands-unique-coastal-creatures/?ref=rss
8b213c8472da8ca6940261e2d33bee0e1630fcb6ebe4bebbcae1a3780719eeb0,2025-01-22 07:23:37.575397+00:00,en,dailymail.co.uk,dailymail.co.uk,2025-01-22,"Britain's obsession with rewilding is leaving the country at risk of catastrophic LA-style wildfires due to masses of uncut greenery, ministers are warned",https://www.dailymail.co.uk/news/article-14311195/Britains-religion-rewilding-puts-country-risk-LA-style-fires-ministers-warned.html?ns_mchannel=rss&ito=1490&ns_campaign=1490
ec3513820c0fe92646fd71a3f865068069e98b6053e3638c284f140340f2c044,2025-01-20 19:27:53.150840+00:00,en,theguardian.com,theguardian.com,2025-01-20,Licensed release of beavers has many benefits,https://www.theguardian.com/environment/2025/jan/20/licensed-release-of-beavers-has-many-benefits
d97dfd69cc4da2fdb1f45112d141700b9fb856a350f36c7f0af92f815b03b1a1,2025-01-15 19:39:36.463919+00:00,en,newstatesman.com,newstatesman.com,2025-01-15,The playful trend of “chaos gardening”,https://www.newstatesman.com/culture/life/2025/01/playful-trend-of-chaos-gardening
0eaad1ca5b9b512f919ac8774eb79cae8cb1c9a833f6fb567515b49a8557eecd,2025-01-15 07:22:10.089953+00:00,en,dailymail.co.uk,dailymail.co.uk,2025-01-15,Daily guide to what the stars have in store for YOU,https://www.dailymail.co.uk/femail/horoscopes/article-14285021/Daily-guide-stars-store-January-15-2025.html?ns_mchannel=rss&ito=1490&ns_campaign=1490
f10882869d841e34d28691b5ffd23c2ae4199ba67ca41c48b052117e1d1d4795,2025-01-14 01:26:26.629581+00:00,en,morningstaronline.co.uk,morningstaronline.co.uk,2025-01-14,LA fires show the human cost of climate-driven ‘whiplash’ between wet and dry extremes,https://morningstaronline.co.uk/article/la-fires-show-human-cost-climate-driven-%E2%80%98whiplash%E2%80%99-between-wet-and-dry-extremes
7a2f743233ae86fd268e7edaa33b2c6db6dfb9ddb87a71221e9816f9ff3d5dfb,2025-01-10 17:44:07.689022+00:00,en,theconversation.com,theconversation.com,2025-01-10,LA fires show the human cost of climate-driven ‘whiplash’ between wet and dry extremes,https://theconversation.com/la-fires-show-the-human-cost-of-climate-driven-whiplash-between-wet-and-dry-extremes-247133
7ecaa2ec6161fee94f18e6c0f89ee557cc5b516f390f82c74d611840b7706b24,2025-01-09 01:24:28.865762+00:00,en,morningstaronline.co.uk,morningstaronline.co.uk,2025-01-09,"One in four freshwater animals at high risk of extinction, new study finds",https://morningstaronline.co.uk/article/one-four-freshwater-animals-high-risk-extinction-new-study-finds
d6044ce904c567c51fdac0cd42e70300c0a4bc8724b1df4c8e20c616b5cc903e,2025-01-08 16:50:24.496897+00:00,en,standard.co.uk,standard.co.uk,2025-01-08,"Quarter of freshwater animals at risk of extinction, conservationists warn",https://www.standard.co.uk/news/environment/earth-south-america-zoological-society-of-london-b1203667.html
a6d821001afb89f7f659b5219ee6d468350d3fdfb1e4bdebbc5f214981abd86e,2024-12-31 20:24:43.998388+00:00,en,standard.co.uk,standard.co.uk,2022-01-25,Irish citizens advised to avoid non-essential travel to Ukraine,https://www.standard.co.uk/news/uk/micheal-martin-russian-ukraine-leo-varadkar-vladimir-putin-b978746.html
f40bc7047a5175252c05cd2f4cfccbbb88d396231f28a65b2599571041cc27ff,2024-12-31 16:15:21.897533+00:00,en,dailymail.co.uk,dailymail.co.uk,2022-01-18,"Plastic pollution is 'a planetary emergency', report warns",https://www.dailymail.co.uk/sciencetech/article-10414641/Plastic-pollution-planetary-emergency-report-warns.html
3199fd3a8ee8d831f10174baf70eedc9ccd1698d6fa50e6e4c3ee9c3c798e8f1,2024-12-31 16:15:15.649841+00:00,en,dailymail.co.uk,dailymail.co.uk,2022-01-17,"Earth's sixth mass extinction is HERE: Humans caused disappearance of 260,000 species since 1500",https://www.dailymail.co.uk/sciencetech/article-10412023/Earths-sixth-mass-extinction-Humans-caused-disappearance-260-000-species-1500.html
342dc447c50af76ea9ce9bcedb23cf953c661023be0622b60397dac8e9d4d43e,2024-12-31 15:21:39.273584+00:00,en,independent.co.uk,independent.co.uk,2022-01-27,What is antinatalism and how does it relate to the climate?,https://www.independent.co.uk/climate-change/infact/antinatalism-population-climate-b2001946.html
27ec879c11a1ec1a15d143c1742c7ecb1d2567362e76f2a2df4fb18047032be2,2024-12-30 21:48:39.794320+00:00,en,independent.co.uk,independent.co.uk,2022-02-01,Fighting wildlife crime: a roadmap that works,https://www.independent.co.uk/voices/campaigns/giantsclub/fighting-wildlife-crime-a-roadmap-that-works-b2004937.html
476585aaceeae95a90b1976fcb2de4323588cce8c4f250963ed953fd3e2b495c,2024-12-30 09:26:59.293049+00:00,en,pressat.co.uk,pressat.co.uk,2022-02-04,GWCT Big Farmland Bird Count 2022 takes off,https://pressat.co.uk/releases/gwct-big-farmland-bird-count-2022-takes-off-8d81d1d207cde83bcc16a54de39d5b35/
1302eae804eae83fab6308582c6cde83e7b692781bbf06f7ed202a58b24e621a,2024-12-30 07:14:31.957435+00:00,en,dailymail.co.uk,dailymail.co.uk,2022-02-05,Jamie Durie's plan to build $2.7million six-storey waterfront mansion in Sydney hits a snag,https://www.dailymail.co.uk/tvshowbiz/article-10479283/Jamie-Duries-plan-build-2-7million-six-storey-waterfront-mansion-Sydney-hits-snag.html
2c099709093487dbf58e003e6bcf54f188fae394220c84d95c4cc321490d8b6c,2024-12-29 20:31:27.968743+00:00,en,scotsman.com,scotsman.com,2022-02-08,We need a new agri-environment plan as a matter of urgency,https://www.scotsman.com/news/opinion/columnists/we-need-a-new-agri-environment-plan-as-a-matter-of-urgency-dave-parish-3557852
f6fb83851eecd9f27f4c67fcb6a5195e5c354bf1cc74d6826ef771233eb484c1,2024-12-29 20:02:06.377341+00:00,en,dailyrecord.co.uk,dailyrecord.co.uk,2022-02-08,Environmental campaigners to hold protest at council HQ over plans for 179 homes,https://www.dailyrecord.co.uk/in-your-area/renfrewshire/protestors-hold-demonstration-outside-renfrewshire-26172564
4712fd2c3e03263b2a34acc6fc11641b962cd7201e2e1894109ed96cc68b48aa,2024-12-29 19:01:15.232714+00:00,en,scotsman.com,scotsman.com,2022-02-08,Climate crisis and fuel poverty are a dangerous link,https://www.edinburghnews.scotsman.com/news/opinion/columnists/climate-crisis-and-fuel-poverty-are-a-dangerous-link-lorna-slater-3557729
ce88bd71b43c449d842d14c2966f05ff600040a9c86ea5ef7ccdd314dacd75e8,2024-12-29 12:54:50.257561+00:00,en,theguardian.com,theguardian.com,2022-02-10,Climate change bills in Northern Ireland edge closer to completion,https://www.theguardian.com/environment/2022/feb/10/climate-change-bills-in-northern-ireland-edge-closer-to-completion
33db988d8f378d601498ed1c1084b4325188d31a9f88ba07f3c9cdb155263e49,2024-12-29 06:13:56.120954+00:00,en,theguardian.com,theguardian.com,2022-02-11,Greta Thunberg condemns UK firm’s plans for iron mine on Sami land,https://www.theguardian.com/environment/2022/feb/11/sami-people-said-no-british-firms-plans-open-pit-mine-divide-sweden-greta-thunberg
da214cf537df18a50f94e49d4b937cf9d98cbac39fe97b69315d6d69d8da2d08,2024-12-29 01:21:23.843520+00:00,en,theguardian.com,theguardian.com,2024-12-29,Solar farms v people power: the locals fighting for their county,https://www.theguardian.com/environment/2024/dec/29/solar-farms-v-people-power-the-locals-fighting-for-their-county
e8af258ca37b79874be3fdb113088b96e93777d089123bebf095f6590e7227fa,2024-12-28 16:59:18.569825+00:00,en,theguardian.com,theguardian.com,2022-02-17,‘Not backing down’: Narrabri bid to reroute inland rail gathers steam,https://www.theguardian.com/australia-news/2022/feb/18/not-backing-down-narrabri-bid-to-reroute-inland-rail-gathers-steam
86dc19e2b17557f28ce3a339c67d65629fa25f917e7d4ac4afc6f9873b6868c1,2024-12-28 16:21:59.978762+00:00,en,theconversation.com,theconversation.com,2022-02-18,How our album of birdsong recordings rocketed to #2 on the ARIA charts,http://theconversation.com/how-our-album-of-birdsong-recordings-rocketed-to-2-on-the-aria-charts-177070
fbc51e4c28d9b2aaae35f6f8897bb2d6fea560d29b8b3172da54921cce6a3003,2024-12-28 07:38:10.700241+00:00,en,express.co.uk,express.co.uk,2022-02-20,How to protect new shoots from slugs,https://www.express.co.uk/life-style/garden/1569042/how-to-protect-from-slugs-evg
63e4fbf8ffe3f90b72e8a2444ab5fc4e5c3286e9833bfb4943a963ca601a4add,2024-12-27 21:20:47.687825+00:00,en,sky.com,sky.com,2022-02-22,"Risk of wildfires could rise by 50% by end of the century with previously untouched Arctic under threat, report warns",https://news.sky.com/story/risk-of-wildfires-could-rise-by-50-by-end-of-the-century-with-previously-untouched-arctic-under-threat-report-warns-12548835
45743b11a30f6dddc22d68f9f09dc2ad6394f7cb5d4fafcb42bf33e4ac4cab0f,2024-12-27 13:28:43.242343+00:00,en,theguardian.com,theguardian.com,2022-02-25,"Pollutionwatch: wood fires are bad for planet, more evidence shows",https://www.theguardian.com/environment/2022/feb/25/pollutionwatch-wood-fires-bad-for-planet-more-evidence-shows
297adbdfdf6e5f65e80d598423559345125dc65fdd2b02f48c8644b5139e409f,2024-12-27 12:52:27.313105+00:00,en,guernseypress.com,guernseypress.com,2022-02-24,"UK capercaillies could be extinct again in 20-30 years, report warns",https://guernseypress.com//news/uk-news/2022/02/25/uk-capercaillies-could-be-extinct-again-in-20-30-years-report-warns/
e813404fa5f89b75ba26b83ff0f37db375fde738391695612f4c62e9656f90e5,2024-12-27 12:44:28.300445+00:00,en,standard.co.uk,standard.co.uk,2022-02-25,"UK capercaillies could be extinct again in 20-30 years, report warns",https://www.standard.co.uk/news/uk/uk-capercaillies-could-be-extinct-again-in-2030-years-report-warns-b984635.html
3748af06f9df062b27c715fd02bf9788ec1d1b2e620681984f837e7a8b436b10,2024-12-27 12:37:50.008349+00:00,en,independent.co.uk,independent.co.uk,2022-02-25,"UK capercaillies could be extinct again in 20-30 years, report warns",https://www.independent.co.uk/climate-change/news/cairngorms-national-park-b2023172.html
0dd1bd8c8b57c6f25e1c4b9fd4b0b48d5256035050a92bc13b990650a67a2841,2024-12-27 12:32:32.349784+00:00,en,scotsman.com,scotsman.com,2022-02-25,"Capercaillies could be extinct in the wild again in 20-30 years, report warns",https://www.edinburghnews.scotsman.com/news/environment/capercaillies-facing-new-extinction-threat-3586282
837525de8659a325cf471e8e025d101b9f00ac856439217ad0e42c030fffe635,2024-12-27 12:32:19.522536+00:00,en,scotsman.com,scotsman.com,2022-02-25,"Capercaillies could be extinct again in 20-30 years, report warns",https://www.scotsman.com/news/environment/capercaillies-could-be-extinct-in-the-wild-again-in-20-30-years-report-warns-3586282
69ce8b7545c5002432d431870a6ec1176331537064f76f30d5a269154e8e2bac,2024-12-27 08:28:29.650797+00:00,en,theguardian.com,theguardian.com,2024-12-27,Hubris by Johannes Krause and Thomas Trappe review – learning from the Neanderthals,https://www.theguardian.com/books/2024/dec/27/hubris-by-johannes-krause-and-thomas-trappe-review-learning-from-the-neanderthals
7859469ccdf5958ecc06c365a7070e84750b9d2d51d19d4616aa962777116a51,2024-12-27 02:44:35.377209+00:00,en,theconversation.com,theconversation.com,2022-02-28,"New IPCC report shows Australia is at real risk from climate change, with impacts worsening, future risks high, and wide-ranging adaptation needed",http://theconversation.com/new-ipcc-report-shows-australia-is-at-real-risk-from-climate-change-with-impacts-worsening-future-risks-high-and-wide-ranging-adaptation-needed-176691
5b0c6279a34d917952b3abb02311a4e53fee1c850973b6fad5433eca0b9d8e21,2024-12-27 02:44:35.280527+00:00,en,theconversation.com,theconversation.com,2022-02-28,IPCC report: this decade is critical for adapting to inevitable climate change impacts and rising costs,http://theconversation.com/ipcc-report-this-decade-is-critical-for-adapting-to-inevitable-climate-change-impacts-and-rising-costs-177724
eed0075dbdded266296f1b1c0758bc0c36dfea6dd8cd4288fddfb11524ecdf72,2024-12-27 02:42:45.945810+00:00,en,mirror.co.uk,mirror.co.uk,2022-02-28,"Climate change hits billions of lives and impact now 'irreversible', report says",https://www.mirror.co.uk/news/uk-news/breaking-climate-change-hitting-billions-26346955
383c692103a7f6f4a6a30b5855c9f202493f7b7431c45039ba45c97a79f2f279,2024-12-27 02:24:56.519201+00:00,en,independent.co.uk,independent.co.uk,2022-02-28,"IPCC report: Seven key findings for Asia, from sea level rise to glacial flooding",https://www.independent.co.uk/climate-change/news/ipcc-un-report-asia-india-b2024761.html
bcc8716df554d0fbfd588a2e32a0bdb71bab451fac31b9143cf48dc7eb8b43ff,2024-12-27 01:45:16.395535+00:00,en,independent.co.uk,independent.co.uk,2022-02-28,IPCC report: 10 key findings from major global climate assessment,https://www.independent.co.uk/climate-change/news/ipcc-un-report-ten-findings-b2024549.html
14071dd24f5fd32b2d48b789bc0b5980cb3024f20f73bf8825a84d609596ee82,2024-12-27 00:45:48.987774+00:00,en,theguardian.com,theguardian.com,2022-02-28,Climate scientists warn global heating means Australia facing more catastrophic storms and floods,https://www.theguardian.com/environment/2022/feb/28/climate-scientists-warn-global-heating-means-australia-facing-more-catastrophic-storms-and-floods
07bfedd45f00b0a447430baaf8d632d5d0dd2be942b512a9a315621b1e70a856,2024-12-27 00:18:35.208163+00:00,en,theguardian.com,theguardian.com,2022-02-28,"This climate crisis report asks: what is at stake? In short, everything",https://www.theguardian.com/environment/2022/feb/28/what-at-stake-climate-crisis-report-everything
f1735b2a52a3deb09951524618653d1110d75ae1a1d89810a8fd18170c99753e,2024-12-26 19:56:26.693687+00:00,en,express.co.uk,express.co.uk,2022-02-28,Fears over physical and mental health after IPCC issues global ‘dire warning’,https://www.express.co.uk/news/nature/1573309/Intergovernmental-Panel-on-Climate-Change-Antonio-Guterres-Hoesung-Lee
4ee7385b459dfa73f40fe953fbcc1909109a8476a4a9fda44c49be281a70c9f2,2024-12-26 17:47:13.195865+00:00,en,heraldscotland.com,heraldscotland.com,2022-03-03,Mark Williamson: The case for investing in North Sea fields is clear amid Ukraine crisis,https://www.heraldscotland.com/business_hq/19964421.north-sea-oil-gas-fields-prove-value-amid-ukraine-war/
d5560f934ed8106b72cefd74212b41489d9ff8a36b2da3c9167904dbdbb160ed,2024-12-26 16:49:37.287567+00:00,en,theguardian.com,theguardian.com,2024-12-26,"Dirty water, sentient trees and hope in a climate crisis: 10 environmental long reads to digest over Christmas",https://www.theguardian.com/environment/2024/dec/17/down-to-earth-long-read-special
a7f9a5ef27058cb1f4acb25c0f600741b14f301f2962f9bd162fe1448977d147,2024-12-26 15:34:56.186513+00:00,en,socialistworker.co.uk,socialistworker.co.uk,2022-03-03,We face ‘socialism or extinction’ after IPCC’s new climate change report,https://socialistworker.co.uk/news/we-face-socialism-or-extinction-after-ipccs-new-climate-change-report/
8b4614bbd23d4fad9a7a410d6372c541cf47ef70a63344031858bbeca890c70f,2024-12-26 14:45:28.496401+00:00,en,theconversation.com,theconversation.com,2022-03-04,IPCC reports still exclude Indigenous voices. Come join us at our sacred fires to find answers to climate change,http://theconversation.com/ipcc-reports-still-exclude-indigenous-voices-come-join-us-at-our-sacred-fires-to-find-answers-to-climate-change-178045
c9114570dfe14b2a00fa497232d66c1fa25ea4ac5feeb0895bcd435571ec0831,2024-12-26 06:00:37.729326+00:00,en,standard.co.uk,standard.co.uk,2022-03-07,International Women’s Day: 22 Londoners changing the world in 2022,https://www.standard.co.uk/insider/international-womens-day-2022-london-women-b985576.html
7c38a5cbdff2703fc8b3a9b99593e83d9a254c04214c2af528793eb530c7c393,2024-12-26 04:14:27.474930+00:00,en,theguardian.com,theguardian.com,2022-03-07,"Climate crisis: Amazon rainforest tipping point is looming, data shows",https://www.theguardian.com/environment/2022/mar/07/climate-crisis-amazon-rainforest-tipping-point
9aacdc18daaf8705e7477d61536a08286ba19964811697be0d3b66b23af980e3,2024-12-25 21:59:40.421591+00:00,en,hellomagazine.com,hellomagazine.com,2022-03-09,Prince Charles shares powerful message with refugees,https://www.hellomagazine.com/royalty/20220309134990/prince-charles-powerful-message-refugees-holy-trinity-brompton/
59a67204e1d4b7cffa4f12daa8342090f940207e9ec39ae1376021c2d8a611d7,2024-12-25 12:43:43.227130+00:00,en,scotsman.com,scotsman.com,2022-03-11,Why restoring Scotland's seagrass beds is vital for nature and the fight against global warming – Douglas Chapman MP,https://www.scotsman.com/news/opinion/columnists/why-its-vital-that-we-restore-scotlands-seagrass-beds-douglas-chapman-mp-3605411
b9a4166a756dd6285950a163c91ddc7d6b3e08427c69a2fe2fb149f87b0d5de8,2024-12-25 09:32:01.904672+00:00,en,independent.co.uk,independent.co.uk,2022-03-13,How Maori stepped in to save a vital towering tree,https://www.independent.co.uk/news/world/australasia/maori-vital-tree-tane-mahuta-b2032268.html
4471980e6f26c90e6b7ca559925213754c6e47f5ac0388dbf7c6a0f114688aa7,2024-12-24 12:36:06.527241+00:00,en,politicshome.com,politicshome.com,2022-03-14,"Two years on from General Election 2019, are tree planting promises any closer to being delivered?",https://www.politicshome.com/members/article/two-years-on-from-general-election-2019-are-tree-planting-promises-any-closer-to-being-delivered
efc18217f95b0f052b906b6237551483214d07de7568d525227d2b02317be0cd,2024-12-23 20:23:06.836757+00:00,en,theconversation.com,theconversation.com,2022-03-21,"Adapt, move, or die: repeated coral bleaching leaves wildlife on the Great Barrier Reef with few options",http://theconversation.com/adapt-move-or-die-repeated-coral-bleaching-leaves-wildlife-on-the-great-barrier-reef-with-few-options-179570
d2ac0fec02291a0f33ffa5d936b0cd4c0c628602f49888d0e92daa7e4a49dd5b,2024-12-23 16:56:57.010989+00:00,en,theguardian.com,theguardian.com,2024-12-23,‘They knew that we were here’: following in the footsteps of the uncontacted Pardo River Kawahiva people,https://www.theguardian.com/global-development/2024/dec/23/they-knew-that-we-were-here-following-in-the-footsteps-of-the-uncontacted-pardo-river-kawahiva-people
2c60379ba6bcde2695bf4def2c3003d6584cadc1d10591506c3293acf042c123,2024-12-23 09:32:15.984081+00:00,en,scotsman.com,scotsman.com,2022-03-23,"With atmospheric CO2 up almost 20% in 26 years, we need science to reach net-zero – Professor Matthew Williams",https://www.scotsman.com/news/opinion/columnists/climate-change-with-atmospheric-co2-up-almost-20-in-26-years-we-need-science-to-reach-net-zero-professor-matthew-williams-3621855
5d3b9a06464d45a6b18739d265961726ae9e16f39d8431a212e3b0a41c7f518a,2024-12-23 07:38:12.796689+00:00,en,scotsman.com,scotsman.com,2022-03-23,"With atmospheric CO2 up almost 20% in 26 years, we need science to reach net-zero – Professor Mathew Williams",https://www.scotsman.com/news/opinion/columnists/climate-change-with-atmospheric-co2-up-almost-20-in-26-years-we-need-science-to-reach-net-zero-professor-mathew-williams-3621855
da1f9b24b71a53b4f03565419bbf31091ee1a116b34ffa7990a36c3a337bd33d,2024-12-23 02:47:06.210898+00:00,en,theconversation.com,theconversation.com,2022-03-24,Five walks to save the world – how 'psychogeography' can help you confront the climate crisis,http://theconversation.com/five-walks-to-save-the-world-how-psychogeography-can-help-you-confront-the-climate-crisis-178239
9fc48f23ab7be356b711309f03f0c5d675c42f11de09f9159540f609f353f1cd,2024-12-22 18:17:59.686860+00:00,en,express.co.uk,express.co.uk,2024-12-22,New technology tipped to reverse climate change and bring back extinct species,https://www.express.co.uk/news/science/1985582/change-climate-beavers-mammoths-thylacine
50e558a58d6413097c0f5f2fbb7854640978065de56e7819d83ee385b50fa88e,2024-12-22 08:58:18.452916+00:00,en,mirror.co.uk,mirror.co.uk,2022-03-27,Springwatch star answers burning questions on biodiversity and climate crisis,https://www.mirror.co.uk/news/uk-news/springwatch-star-answers-burning-questions-26527151
66ee7abb2c5d468e49d7d99adfc7484021d836a02f6239c6fbbe6571d22facc2,2024-12-22 06:48:08.824699+00:00,en,dailymail.co.uk,dailymail.co.uk,2022-03-27,"Council plans to cut 152 trees after Wiltshire campaigners spend £30,000 to help it buy woodland",https://www.dailymail.co.uk/news/article-10657229/Council-plans-cut-152-trees-Wiltshire-campaigners-spend-30-000-help-buy-woodland.html
2df67e18c72cab17501e43903d2746535dc5f4a6cddbafc032d079be50c1d096,2024-12-21 20:31:46.325159+00:00,en,scotsman.com,scotsman.com,2022-03-29,Child Poverty Delivery Plan to counter Sunak,https://www.edinburghnews.scotsman.com/news/opinion/columnists/child-poverty-delivery-plan-to-counter-sunak-lorna-slater-3629419
a105a561f4a05c65e42371adc30ae9dc495e56fc6dc9c85ede62f2b1481c0693,2024-12-20 13:53:10.729448+00:00,en,cityam.com,cityam.com,2022-03-30,Aviva chief Amanda Blanc to sit alongside Sir David Attenborough as ambassador for WWF,https://www.cityam.com/aviva-chief-amanda-blanc-to-sit-alongside-sir-david-attenborough-as-ambassador-for-wwf/
6176933cba06559d486899cebb834ae0b05ba67427a8a6b35bc3b0b5899ea751,2024-12-20 13:20:34.826951+00:00,en,theguardian.com,theguardian.com,2024-12-20,The facts about a planet facing climate disaster are clear. Why won’t this Labour government face them?,https://www.theguardian.com/commentisfree/2024/dec/20/planet-climate-disaster-labour-government
257e90f092c7d744e7eb40a9b4f4e33185265f65dedcd131bac8c91b5895e936,2024-12-20 00:49:31.425189+00:00,en,newstatesman.com,newstatesman.com,2022-04-01,Will 2022 see a Paris Agreement for nature?,https://www.newstatesman.com/environment/biodiversity/2022/04/will-2022-see-a-paris-agreement-for-nature
d810dbb524326e0a447cc7654e57433df81a357663095592d23a0e9d60c050f7,2024-12-18 12:06:38.118222+00:00,en,theguardian.com,theguardian.com,2022-04-06,UK to defy net zero targets with more oil and gas drilling,https://www.theguardian.com/environment/2022/apr/06/uk-more-oil-gas-drilling-north-sea-energy-security-strategy-kwasi-kwarteng-net-zero-targets
5fbae6db1d0abbc41d59faa7d922705bfbf955cfec0b19be309ac1676885ad7e,2024-12-17 11:27:15.576023+00:00,en,heraldscotland.com,heraldscotland.com,2024-12-17,'Transformative' partnership turns pupils into marine scientists,https://www.heraldscotland.com/news/24797096.transformative-partnership-turns-pupils-marine-scientists/?ref=rss
a33d12fe67a402df09bdd71f3ee07a6fd4821bb19ca557f40570618fcb14db87,2024-12-17 10:38:11.850134+00:00,en,independent.co.uk,independent.co.uk,2024-12-17,"From rain gardens to using AI, gardening trends set to be big in 2025",https://www.independent.co.uk/life-style/consumers-plants-sustainability-people-studies-b2665572.html
d5a97f544035cab9be6f29f50fbeddf4bea8b07024b7cf1a2d2ccf71edcc83db,2024-12-17 04:41:12.976759+00:00,en,theguardian.com,theguardian.com,2022-04-11,"Six new wētā species found in New Zealand, as their habitat slowly disappears",https://www.theguardian.com/world/2022/apr/11/six-new-weta-species-found-new-zealand-as-their-habitat-slowly-disappears
3dd2afac7594ebae60fc06846c983cc1b45d0f9ac3c432b56b4a32ef4ef9de52,2024-12-16 00:45:11.416541+00:00,en,iomtoday.co.im,iomtoday.co.im,2022-04-07,‘Now or never’ for action to tackle climate,https://www.iomtoday.co.im/news/now-or-never-for-action-to-tackle-climate-544598
5f0bdb207a5ae9e13f680949b2496a35d500dc7f673c17054310da5cdb254484,2024-12-15 10:06:08.557670+00:00,en,guernseypress.com,guernseypress.com,2022-01-20,Climate change ‘overtakes pandemics as biggest global concern’,https://guernseypress.com//news/uk-news/2022/01/20/climate-change-overtakes-pandemics-as-biggest-global-concern/
81a96833e9488727b8d1f681a7e89bca8db9164562a0796a900a7c5c6348e063,2024-12-15 06:06:32.450550+00:00,en,newstatesman.com,newstatesman.com,2022-04-20,Mary Colwell: the woman behind the UK’s new nature GCSE,https://www.newstatesman.com/the-environment-interview/2022/04/mary-colwell-the-woman-behind-the-uks-new-nature-gcse
1f5f9b9d5bb4b9692dd3616aa89a891583fae26fbf7e8892b7ace33bafcd4773,2024-12-15 03:56:20.885336+00:00,en,theuknews.com,theuknews.com,2022-04-22,David Attenborough named recipient of top UN environmental award,https://www.theuknews.com/news/272503679/david-attenborough-named-recipient-of-top-un-environmental-award
7562feea952feb37dc7158aa2ec397eb2329325c3e78d934c05509a82e4b09df,2024-12-15 03:36:17.123433+00:00,en,britainnews.net,britainnews.net,2022-04-22,How a new GCSE in natural history can help us towards a greener future,https://www.britainnews.net/news/272504055/how-a-new-gcse-in-natural-history-can-help-us-towards-a-greener-future
51a6448ca7331e0c660414d2b6b30064900bc3aedc71ffe39e7e98a599678686,2024-12-15 03:36:14.674705+00:00,en,britainnews.net,britainnews.net,2022-04-22,David Attenborough named recipient of top UN environmental award,https://www.britainnews.net/news/272503679/david-attenborough-named-recipient-of-top-un-environmental-award
9f252383c8c1644aaed0ba7cfe261a412de95c46dd478d7817e085d26818211f,2024-12-15 03:15:43.508141+00:00,en,unitedkingdomnews.net,unitedkingdomnews.net,2022-04-22,David Attenborough named recipient of top UN environmental award,https://www.unitedkingdomnews.net/news/272503679/david-attenborough-named-recipient-of-top-un-environmental-award
be26ad1b5f39d6cb4f32d7861e1e05c373731ab4f44c71c92becb40c1664aa3c,2024-12-15 03:02:55.698300+00:00,en,unitedkingdomnews.net,unitedkingdomnews.net,2022-04-22,How a new GCSE in natural history can help us towards a greener future,https://www.unitedkingdomnews.net/news/272504055/how-a-new-gcse-in-natural-history-can-help-us-towards-a-greener-future
f10d8027fd91cd32ee97b6beceb3981d05504f45d13e0f568bea018b449a2aa1,2024-12-15 02:47:31.367207+00:00,en,theuknews.com,theuknews.com,2022-04-22,How a new GCSE in natural history can help us towards a greener future,https://www.theuknews.com/news/272504055/how-a-new-gcse-in-natural-history-can-help-us-towards-a-greener-future
40ec1d044485e2f8c6af02193870b54e3cba6a68ec8b12cb76ebd22fb2874e4d,2024-12-15 01:27:19.893964+00:00,en,prnewswire.co.uk,prnewswire.co.uk,2022-04-22,Singularity Group and Possible X Launch the Impact Art Movement in Support of Earth Day 2022,https://www.prnewswire.co.uk/news-releases/singularity-group-and-possible-x-launch-the-impact-art-movement-in-support-of-earth-day-2022-848453213.html
4173256ecdaec56bf27a1c6ed221e3bc507cb47717844f7b3f457da3eec30c3b,2024-12-14 14:15:26.736498+00:00,en,scotsman.com,scotsman.com,2022-04-26,The rate at which humanity is trashing the planet will shock you. Here's how we can stop – Dr Phoebe Cochrane,https://www.scotsman.com/news/opinion/columnists/scotlands-circular-economy-bill-ravenous-consumption-of-natural-resources-is-trashing-the-planet-heres-how-to-stop-dr-phoebe-cochrane-3667251
53d7013063e32a043217872eaada98018ee8af6433384a78ea879e0b48c616f6,2024-12-14 11:32:08.258775+00:00,en,newstatesman.com,newstatesman.com,2022-04-26,Will Emmanuel Macron finally turn green rhetoric into radical action?,https://www.newstatesman.com/environment/2022/04/will-emmanuel-macron-finally-turn-green-rhetoric-into-radical-action
e9f477e2c68b3b6019a1d1ee9c43f1b85772f2adc845c8f1e37cee485a2c7773,2024-12-14 08:25:35.324614+00:00,en,independent.co.uk,independent.co.uk,2022-04-27,"World must ‘urgently rethink global food systems’ as 40% of land degraded, UN warns",https://www.independent.co.uk/climate-change/news/soil-biodiversity-land-degradation-un-b2066656.html
185870c839037e6e4a21329e105b81d0ad813301080060b56709052de232b8ee,2024-12-14 02:52:06.602464+00:00,en,prnewswire.co.uk,prnewswire.co.uk,2022-04-28,Manulife Investment Management releases second annual stewardship report emphasizing key aspects for sustainable investment outcomes,https://www.prnewswire.co.uk/news-releases/manulife-investment-management-releases-second-annual-stewardship-report-emphasizing-key-aspects-for-sustainable-investment-outcomes-886695932.html
bac2fcf4d6423996d36cb9cb73697cd00e7ae2705e712a1d288de601676bc7c9,2024-12-14 01:02:47.477842+00:00,en,independent.co.uk,independent.co.uk,2022-04-28,World lost tropical forest at rate of 30 Central Parks every day in 2021,https://www.independent.co.uk/climate-change/news/deforestation-rainforest-amazon-congo-b2067748.html
59c312e1008be3d5bd9d4d68deb155a2f4f675b52795ee96689c1faaf4d2b9b8,2024-12-11 11:30:53.295039+00:00,en,standard.co.uk,standard.co.uk,2024-12-11,Why are farmers protesting in Westminster? The farmer's view,https://www.standard.co.uk/lifestyle/farmers-protesting-westminster-london-rachel-reeves-budget-tractor-inheritance-tax-b1194719.html
25046d300de326c2401f7a1f9df2f76384e7ae0f8385dddabdbc0dc112fbc79b,2024-12-06 00:27:31.667166+00:00,en,theconversation.com,theconversation.com,2024-12-05,"On climate change, the international court of justice faces a pivotal choice",https://theconversation.com/on-climate-change-the-international-court-of-justice-faces-a-pivotal-choice-245189
63cc825ff74eb38ca479339e561f2080bb85d6982de0f703b1f63e9159a323e1,2024-12-03 14:38:36.850750+00:00,en,thesun.co.uk,thesun.co.uk,2024-12-03,Saudi admits £1TRILLION megacity project won’t be finished for 50 YEARS,https://www.thesun.co.uk/news/32074278/saudi-arabia-the-line-wont-be-finished/
e9d8c9af61dcd3f765214456b8fba808f8c8caeb980da16c59aa22aef2d9759c,2024-12-03 02:39:12.057792+00:00,en,inews.co.uk,inews.co.uk,2019-11-18,Extinction Rebellion kicks off global hunger strike over climate change action,https://inews.co.uk/news/environment/extinction-rebellion-kicks-off-global-hunger-strike-to-demand-governments-to-take-action-on-climate-change-1256111
2d9abe8e204056f63e1305e6657d6ec6528eb98b159ca245501e4e2e489ffc7c,2024-12-03 00:41:23.515953+00:00,en,independent.co.uk,independent.co.uk,2020-01-02,"As wildfires scorch Australia’s land, its oceans fare even worse",https://www.independent.co.uk/news/world/australasia/australia-climate-change-global-warming-fires-ocean-life-crisis-a9266396.html
f3fbb6d3356ebe0f7180bd59d281b4786f5af0319cf134ff2be1dfc89c0e9eb7,2024-12-02 10:40:17.422166+00:00,en,theguardian.com,theguardian.com,2019-09-20,"It’s taken years, but at last there’s real hope for meaningful climate action",https://www.theguardian.com/commentisfree/2019/sep/20/green-new-deal-bill-co2-emissions-britain-climate-action
a6bccd10f22203e5ee97897dced2c642ed8eb1ca83b3d3182e68ef946d74f318,2024-12-02 10:32:40.541058+00:00,en,theguardian.com,theguardian.com,2019-12-08,What will you do about the climate crisis? The parties answer,https://www.theguardian.com/environment/2019/dec/08/what-will-you-do-about-the-climate-crisis-the-parties-answer
61c45feee840940e44dbb09d1bdd58bfc6e34a5b3d9192344354e628b8c22599,2024-12-02 10:22:12.517295+00:00,en,theguardian.com,theguardian.com,2019-12-11,"European Green Deal will change economy to solve climate crisis, says EU",https://www.theguardian.com/environment/2019/dec/11/european-green-deal-will-change-economy-to-solve-climate-crisis-says-eu
01434d474fda17691710fe6a09e5e4668e51dbd965b6cc5a79e9bab07a9dcafd,2024-12-02 03:26:02.879137+00:00,en,walesonline.co.uk,walesonline.co.uk,2024-12-02,"The vast, beautiful area developers want to blanket with black solar panels",https://www.walesonline.co.uk/news/wales-news/gwent-levels-solar-farms-wales-30356450
b37d7bb3003073dc49a9f699964c74a09ddda22b61971f7aecafeeb4ed9c28c9,2024-12-01 16:15:28.181973+00:00,en,itv.com,itv.com,2020-01-15,Helen Mirren and Olivia Colman voice turtles in ‘heartbreaking’ film,https://www.itv.com/news/2020-01-15/helen-mirren-and-olivia-colman-voice-turtles-in-heartbreaking-film/
0c8383fcd2aab9eed5900684fbd4f6b7ba7dcde4696837f196e1732c01aeec01,2024-12-01 15:47:05.461936+00:00,en,birminghammail.co.uk,birminghammail.co.uk,2020-01-15,HS2 will unleash 'vast scale of destruction' new report warns,https://www.birminghammail.co.uk/news/midlands-news/hs2-unleash-vast-scale-destruction-17565060
c5c01153f2cbaa90af0c8e6bcf30a302106d2bbc91366dc19dbcd9e6c0a380b9,2024-12-01 15:44:49.984737+00:00,en,theguardian.com,theguardian.com,2020-01-15,"HS2 will destroy or damage hundreds of UK wildlife sites, says report",https://www.theguardian.com/uk-news/2020/jan/15/hs2-will-destroy-or-damage-hundreds-of-uk-wildlife-sites-report
7ae7b13769e1deb75de6f19a23b64049260a848bfe21350b5f976751b2919e06,2024-12-01 14:41:33.308782+00:00,en,metro.co.uk,metro.co.uk,2020-01-15,My generation needs the government to act on climate change now,https://metro.co.uk/2020/01/15/climate-change-government-act-now-12058431/
fa9edd376d3d37140220bb5d9f1fd79286e09a0e261dd34f1b04197e6aac04c0,2024-12-01 14:32:22.788416+00:00,en,standard.co.uk,standard.co.uk,2020-01-15,Helen Mirren and Olivia Colman voice turtles in 'heartbreaking' film,https://www.standard.co.uk/showbiz/celebrity-news/helen-mirren-olivia-colman-turtles-greenpeace-film-a4335116.html
5ebd59a1e8049767138a9bf5cf3ac3861609c2bc65128474458bb27554f50937,2024-12-01 14:28:32.424698+00:00,en,politicshome.com,politicshome.com,2020-01-15,Luke Pollard MP: The Environment Bill is nowhere near bold enough to match the scale of the climate crisis,https://www.politicshome.com/news/uk/environment/environmental-protection/opinion/house-commons/109087/luke-pollard-mp
ea8d5bd11431c0875256004699f9aa8e9cc432b14861f2145e90de87bff0a8c4,2024-12-01 14:23:12.200041+00:00,en,sky.com,sky.com,2020-01-15,Helen Mirren and Olivia Colman voice turtles in 'heartbreaking' Greenpeace film,http://news.sky.com/story/helen-mirren-and-olivia-colman-voice-turtles-in-heartbreaking-greenpeace-film-11909186
6ba19f76203da6e94c166f01e360fa3cb72ee2f3fbc0a3304921970ebfe88105,2024-12-01 13:55:48.248416+00:00,en,independent.co.uk,independent.co.uk,2020-01-15,"Top five risks facing the world are all linked to climate crisis, says World Economic Forum",https://www.independent.co.uk/news/business/news/climate-change-global-risks-world-economic-forum-davos-a9285316.html
965d1aa5518e870ddc90ecd8fab77a31ea97eec1a4971553d48ca036e72c4791,2024-12-01 13:34:09.227953+00:00,en,theguardian.com,theguardian.com,2020-01-15,Climate crisis fills top five places of World Economic Forum’s risks report,https://www.theguardian.com/business/2020/jan/15/climate-crisis-environment-top-five-places-world-economic-forum-risks-report
d256b988e07f03912d01b83b5379dd38307244e9fd6362d52b14a57e73d7bcc9,2024-12-01 10:10:33.779105+00:00,en,dailymail.co.uk,dailymail.co.uk,2020-01-17,80 per cent of Blue Mountains bush and 50 per cent of priceless Gondwana forest has been destroyed,https://www.dailymail.co.uk/news/article-7897181/80-cent-Blue-Mountains-bush-50-cent-priceless-Gondwana-forest-destroyed.html?ns_mchannel=rss&ns_campaign=1490&ito=1490
390e5274b3b8e9a209859491748edd2c89f522319d02f28e6f72b84ba128969f,2024-12-01 06:53:29.275550+00:00,en,theguardian.com,theguardian.com,2020-01-18,'This is not how sequoias die. It’s supposed to stand for another 500 years',https://www.theguardian.com/environment/2020/jan/18/this-is-not-how-sequoias-die-its-supposed-to-stand-for-another-500-years-aoe
7cb539eb0130606b212ac7bd5027f3f439fcacc9111956e24923de6d17f8e4fa,2024-12-01 05:51:35.480966+00:00,en,theconversation.com,theconversation.com,2020-01-18,Six million hectares of threatened species habitat up in smoke,http://theconversation.com/six-million-hectares-of-threatened-species-habitat-up-in-smoke-129438
8577fe980f9241227e28fbaa341218240ee657789c448bb47e1c05125c4048eb,2024-12-01 04:43:56.012971+00:00,en,heraldscotland.com,heraldscotland.com,2020-01-19,The battle to save Scotland's peaty whisky in era of climate change,https://www.heraldscotland.com/news/18170966.battle-save-scotlands-peaty-whisky-era-climate-change/?ref=rss
f296baf7f448cb8332b13c6aaf1c25e98314ed4042bd787955ae522a6e5a3d0a,2024-12-01 02:58:59.002133+00:00,en,politicshome.com,politicshome.com,2020-01-20,How we can make the UK a world leader in AgriTech,https://www.politicshome.com/news/uk/technology/research/opinion/smithsonhill/109163/how-we-can-make-uk-world-leader-agritech
ad90fa2b81122ba5e3d718966dbe9a1726a70c35bc3358e044c2f409452b2d68,2024-11-30 23:56:57.719352+00:00,en,theguardian.com,theguardian.com,2020-01-21,"Oceans, biodiversity, deforestation: what's on the climate agenda for 2020?",https://www.theguardian.com/environment/2020/jan/21/oceans-biodiversity-deforestation-whats-on-the-climate-agenda-for-2020
0ca22e721e198f06e32f9f98b17ec57047e08ad6de1c91be17b9953b8ed30ede,2024-11-30 22:19:13.963976+00:00,en,theguardian.com,theguardian.com,2018-11-29,Tokyo Olympics venues ‘built with wood from threatened rainforests’,https://www.theguardian.com/environment/2018/nov/29/tokyo-olympics-venues-built-with-wood-from-threatened-rainforests
3e1d8405b18aeaa9e51f8a4d0db02cfec0f893dcff015251fe065880844e62f7,2024-11-30 21:06:41.545369+00:00,en,walesonline.co.uk,walesonline.co.uk,2020-01-22,Why the Welsh Government needs your help to fight climate change,https://www.walesonline.co.uk/news/politics/welsh-government-mark-drakeford-environment-17599234
06de66eb9bea03beb6d4e8ba936c3f0424d9f08a171ecc2a107b3bae8ade152d,2024-11-30 19:18:32.388309+00:00,en,theguardian.com,theguardian.com,2020-01-21,New Zealand has been a life-raft for unique species – now they must adapt or die,https://www.theguardian.com/world/commentisfree/2020/jan/22/new-zealand-has-been-a-life-raft-for-unique-species-now-they-must-adapt-or-die
76bb25840f8a4568769db908fff2fce991b61e1c4ea6fe5e018110d560e3540b,2024-11-30 13:50:57.446677+00:00,en,theconversation.com,theconversation.com,2020-01-24,Blue Acceleration: our dash for ocean resources mirrors what we’ve already done to the land,http://theconversation.com/blue-acceleration-our-dash-for-ocean-resources-mirrors-what-weve-already-done-to-the-land-130264
e046599fc92ce4ca18b3f064e7b8291adc587826a9080ef4e176039ab6adab46,2024-11-30 13:50:57.381208+00:00,en,theconversation.com,theconversation.com,2020-01-24,Wuhan coronavirus: we still haven't learned the lessons from SARS,http://theconversation.com/wuhan-coronavirus-we-still-havent-learned-the-lessons-from-sars-130484
23569effc18f95e36ef7df20f1d6d519d52d953ddd09b5beb487065832c0df26,2024-11-30 11:59:35.184977+00:00,en,prospectmagazine.co.uk,prospectmagazine.co.uk,2020-01-25,Homes for the future: how architects are responding to the climate crisis,https://www.prospectmagazine.co.uk/magazine/architecture-responding-to-climate-change-green-homes-sustainability-declare
96957a15d664b39724626c467125abb88da84fe07855f63f11bcd77333650070,2024-11-30 08:30:43.273031+00:00,en,cityam.com,cityam.com,2020-01-27,DEBATE: Should Britain introduce taxes on meat and dairy to meet our climate goals?,https://www.cityam.com/debate-should-britain-introduce-taxes-on-meat-and-dairy-to-meet-our-climate-goals/
f396eb6fcc4c4ead4c37dcdd1193df5fcfcdfda48f0b811b467feadf59452305,2024-11-30 06:19:13.385709+00:00,en,theguardian.com,theguardian.com,2018-10-25,Bolsonaro backers wage war on the rainforest,https://www.theguardian.com/world/2018/oct/24/bolsonaro-backers-wage-war-on-the-rainforest
43b243b550649b4cbd14c14790a2594479111fbf9942f7e2dc71e2d012c83e13,2024-11-30 06:13:41.852785+00:00,en,dailymail.co.uk,dailymail.co.uk,2019-03-26,Dozens of striking images from around the globe in Sony World Photography Awards shortlist,https://www.dailymail.co.uk/news/article-6849213/Dozens-striking-images-globe-Sony-World-Photography-Awards-shortlist.html?ns_mchannel=rss&ito=1490&ns_campaign=1490
eeda343c55232cdf83cd26bfc80f335d249dc912fe3e301a577c2d4117e43780,2024-11-30 06:03:17.772894+00:00,en,theguardian.com,theguardian.com,2016-04-01,Generation Anthropocene: How humans have altered the planet for ever,http://www.theguardian.com/books/2016/apr/01/generation-anthropocene-altered-planet-for-ever
a0034923fb1547d04436011550524b5c6583dd156407e334957176b6b402d819,2024-11-30 04:16:18.032343+00:00,en,scotsman.com,scotsman.com,2020-01-28,Coul Links site is ‘protected’ so we shouldn’t have to keep fighting developers – Charlie Nathan,https://www.scotsman.com/heritage/coul-links-site-is-protected-so-we-shouldn-t-have-to-keep-fighting-developers-charlie-nathan-1-5081059
d7275eb73c785cb0e2948afb245fbc91e090e0492285820233452f7b7a68c7d4,2024-11-30 02:42:19.310601+00:00,en,theconversation.com,theconversation.com,2020-01-28,Climate crisis: how to make space for 2 billion trees on a crowded island like the UK,http://theconversation.com/climate-crisis-how-to-make-space-for-2-billion-trees-on-a-crowded-island-like-the-uk-128098
6e67f44e87ee85924a463c02f6d91986ac7bbfaa1d516edcefdf959d2da68369,2024-11-29 17:20:36.074366+00:00,en,theconversation.com,theconversation.com,2020-01-30,Planting trees must be done with care – it can create more problems than it addresses,https://theconversation.com/planting-trees-must-be-done-with-care-it-can-create-more-problems-than-it-addresses-128259
fad1f1809e4b4f1dcd1dffd1209ed1ce4f26ef6a9a49b583c3e213d2fb4b4fbc,2024-11-29 17:08:15.566226+00:00,en,theconversation.com,theconversation.com,2020-01-30,Food that feeds the world and heals it too – Imagine newsletter #6,https://theconversation.com/food-that-feeds-the-world-and-heals-it-too-imagine-newsletter-6-129041
26770c116170dbfbbe5a7e86a6bd948f22a6964c9ff2a12ac71fa9f584b0f56c,2024-11-29 16:43:26.266227+00:00,en,theuknews.com,theuknews.com,2020-01-31,Food that feeds the world and heals it too,http://www.theuknews.com/news/263875295/food-that-feeds-the-world-and-heals-it-too---imagine-letter-6
869bb58baade14d13789af14f5f6c21b8d5ae3d92afe70fa9a3b1022808190f1,2024-11-29 16:10:24.282610+00:00,en,britainnews.net,britainnews.net,2020-01-31,Food that feeds the world and heals it too,http://www.britainnews.net/news/263875295/food-that-feeds-the-world-and-heals-it-too---imagine-letter-6
fdb26384b5fc58daa9c0d772ec18bb8a50d8134376b3e0da017b4b86fd160f45,2024-11-29 16:07:56.263707+00:00,en,unitedkingdomnews.net,unitedkingdomnews.net,2020-01-31,Food that feeds the world and heals it too,http://www.unitedkingdomnews.net/news/263875295/food-that-feeds-the-world-and-heals-it-too---imagine-letter-6
e4fa508a0989086ba55f4d4ebde2b9945a70248e99e07491106074317811934a,2024-11-29 12:27:15.866708+00:00,en,heraldscotland.com,heraldscotland.com,2020-02-01,Royal Botanic Garden: Not so common or garden,https://www.heraldscotland.com/news/18203835.royal-botanic-garden-not-common-garden/?ref=rss
da19a6957a3fa44ee267b87e380a16d531b095eec41caa8091505763256c9eaa,2024-11-29 11:00:19.127406+00:00,en,theguardian.com,theguardian.com,2020-01-31,The week in wildlife – in pictures,https://www.theguardian.com/environment/gallery/2020/jan/31/the-week-in-wildlife-in-pictures
bc7b5c108242a3dfd31ba13f6b866c5afbad8fbe250804828c1e03aceff72a3d,2024-11-29 08:58:37.724342+00:00,en,heraldscotland.com,heraldscotland.com,2020-02-03,Concerns over future of whisky's special ingredient,https://www.heraldscotland.com/news/18205464.concerns-future-whiskys-special-ingredient/?ref=rss
d06399244d1c07943d156a6a74ac2ddc2d33f038ebeab5ddf1cac486523eda76,2024-11-29 06:30:22.536952+00:00,en,theguardian.com,theguardian.com,2020-02-04,"Global heating a serious threat to the world's climate refuges, study finds",https://www.theguardian.com/environment/2020/feb/04/global-heating-a-serious-threat-to-the-worlds-climate-refuges-study-finds
8456caa622c45cb7b0ae5416bacb09975d0f19cc05190be8d6ff1b3cde51ff7f,2024-11-29 04:46:09.734783+00:00,en,heraldscotland.com,heraldscotland.com,2020-02-04,We should be wary of the PM’s lack of transparency on climate issues,https://www.heraldscotland.com/opinion/18208590.wary-pms-lack-transparency-climate-issues/?ref=rss
e87b20b8e831ca5fa090ddeac92290057a56db8351ce5b36c5d208c7b650518b,2024-11-29 02:57:26.423470+00:00,en,newstatesman.com,newstatesman.com,2020-02-05,How to get to net zero,https://www.newstatesman.com/politics/environment/2020/02/how-get-net-zero
f2de222ba2593dce6036d050e6cdae899e6c1b7aa5ea99b232d86430b09431cd,2024-11-28 21:57:42.802348+00:00,en,thesun.co.uk,thesun.co.uk,2020-02-07,"Humanity risks 'global systemic collapse' as experts warn of soaring temperatures, food shortages and wildlife wipe-out",https://www.thesun.co.uk/tech/10915474/humanity-risks-global-systemic-collapse/
efed750356981130c85a682edf4d8aa5cad84ade2bdd3a407ca09f9a894b93b8,2024-11-28 19:33:24.613022+00:00,en,theguardian.com,theguardian.com,2020-02-07,Armed ecoguards funded by WWF 'beat up Congo tribespeople',https://www.theguardian.com/global-development/2020/feb/07/armed-ecoguards-funded-by-wwf-beat-up-congo-tribespeople
640fdcc74cc14d95f28394f67a9b99ddc7c21a601c3ea89441b754ebcd9f3257,2024-11-28 19:33:09.676243+00:00,en,theguardian.com,theguardian.com,2020-02-07,Cherokee Nation to preserve culturally important seeds in Arctic vault,https://www.theguardian.com/world/2020/feb/07/cherokee-nation-seeds-arctic-vault-svalbard
c8d13e5dbc928799fb31ad22724903a382e6be50e8a5a0077fa0b0ccfe38a270,2024-11-28 12:28:52.947586+00:00,en,theconversation.com,theconversation.com,2016-02-10,Bushfires are pushing species towards extinction,http://theconversation.com/bushfires-are-pushing-species-towards-extinction-54109
a760855260616685d5767556ae65b3d36583bfb9fdc25e57b5e4ebadef1c3bbf,2024-11-28 12:13:42.028928+00:00,en,heraldscotland.com,heraldscotland.com,2020-02-11,Call for protection to livestock as sea eagles prey on healthy lambs,https://www.heraldscotland.com/news/18225792.call-protection-livestock-sea-eagles-prey-healthy-lambs/?ref=rss
090e1df5f8fb9eb5b0bd54601dc2b73cf75a677c37c6528472556b7557756436,2024-11-28 11:38:49.282205+00:00,en,theguardian.com,theguardian.com,2019-10-28,Australia’s beloved native birds are disappearing – and the cause is clear,https://www.theguardian.com/environment/2019/oct/29/australias-beloved-native-birds-are-disappearing-and-the-cause-is-clear
8c66144d23309d0813872a0bf985d6ce7adee8ebe2a30d51eca4449be09f11c1,2024-11-28 11:38:00.042489+00:00,en,theguardian.com,theguardian.com,2019-12-31,Biodiversity: hopes and fears for the next 10 years,https://www.theguardian.com/environment/2019/dec/31/biodiversity-hopes-and-fears-for-the-next-10-years-aoe
33af9b1b07c87b19ac81a68b5509387d4e094f1ed3d2632254ff037d0188e71d,2024-11-28 11:34:31.962286+00:00,en,theguardian.com,theguardian.com,2018-02-19,'Fantasy documents': recovery plans failing Australia's endangered species,https://www.theguardian.com/environment/2018/feb/20/fantasy-documents-recovery-plans-failing-australias-endangered-species
4bae338a831558eb66bc400f3377775c7563d75150b112a555df315de4ec70c9,2024-11-28 11:34:16.533208+00:00,en,theguardian.com,theguardian.com,2018-01-29,'The Franklin would be dammed today': Australia's shrinking environmental protections,https://www.theguardian.com/environment/2018/jan/30/the-franklin-would-be-dammed-today-australias-shrinking-environmental-protections
83f2d6f8c1e81d5d2f548e58153f96024f972546ee12bca531da992f92f80cec,2024-11-28 11:20:07.811988+00:00,en,politicshome.com,politicshome.com,2020-02-11,HS2 will shoot a poison arrow through the heart of ancient woodland,https://www.politicshome.com/news/uk/transport/rail-transport/press-release/woodland-trust/109832/hs2-will-shoot-poison-arrow
9fae3414335866500c8f046b7692b362e4bfebdcd1a8588a9399f380edd55e94,2024-11-28 07:24:15.393862+00:00,en,pressat.co.uk,pressat.co.uk,2020-02-12,UK research shows Arctic rewilding could significantly mitigate climate change,https://pressat.co.uk/releases/uk-research-shows-arctic-rewilding-could-significantly-mitigate-climate-change-45fb742d82726f9a8a875f24de2cddea
8bbbd58bf11bd744a1f691d3fe6a94f86e9d5f940635ef5594be0ae297cd444d,2024-11-28 01:04:07.551068+00:00,en,scotsman.com,scotsman.com,2019-09-11,"Cod is more than a commodity, it’s vital for North Sea health – Calum Duncan",https://www.scotsman.com/business/cod-is-more-than-a-commodity-it-s-vital-for-north-sea-health-calum-duncan-1-5001042
7658ada8d605174093dc9188f12bdd43063d3e2d7097bcba900df1a5d39860f8,2024-11-27 23:54:04.246029+00:00,en,inews.co.uk,inews.co.uk,2020-01-24,"Officials tracing 2,000 people at risk of coronavirus in the UK",https://inews.co.uk/news/health/china-coronavirus-wuhan-visitors-officials-tracing-risk-1375444
e6e93d1626d9ac2daf39404b0430f98c73b33f3bc68ee9734cc846561f7f1b88,2024-11-27 23:08:03.120386+00:00,en,opendemocracy.net,opendemocracy.net,2020-02-13,The biodiversity crisis can’t be solved by the market,https://www.opendemocracy.net/en/oureconomy/the-biodiversity-crisis-cant-be-solved-by-the-market/
8ad100f6f50bf40bcaf8eff66607c55be11ff75ed18cc3d767e7ef094217d619,2024-11-27 15:59:29.113394+00:00,en,theguardian.com,theguardian.com,2020-02-18,World leaders urged to 'step back from precipice' of ecological ruin,https://www.theguardian.com/environment/2020/feb/18/world-leaders-urged-to-step-back-from-precipice-of-ecological-ruin-aoe
a5088887b6af071814d886f73c921d497c5af0d451c3626fd7479d8ad1d6ce95,2024-11-27 03:48:37.509552+00:00,en,dailymail.co.uk,dailymail.co.uk,2020-02-22,"Climate change could spell the end of the human race 'as we know it', says JP Morgan",https://www.dailymail.co.uk/news/article-8031043/Climate-change-spell-end-human-race-know-says-JP-Morgan.html?ns_mchannel=rss&ito=1490&ns_campaign=1490
1355a0e4ae964644f18a149fb341558fc65dfe43be2fe25cf7cc762db72ad247,2024-11-26 21:28:58.319532+00:00,en,thesun.co.uk,thesun.co.uk,2024-11-26,Plans for HOLLOW skyscraper in the desert unveiled in £1tn Saudi vanity project,https://www.thesun.co.uk/news/31952106/hollow-skyscraper-desert-neom-saudi/
7fe0ee867ce969fea629cf76880223e4de7ca09a4b894b24a981f885ad0dbe9f,2024-11-26 20:42:28.844290+00:00,en,itv.com,itv.com,2020-02-25,Wild meadow seeds from Highgrove sent to Arctic ‘doomsday vault’,https://www.itv.com/news/2020-02-25/wild-meadow-seeds-from-highgrove-sent-to-arctic-doomsday-vault/
5734121cec34bb5749e95056df196eabe9c41c2d3f6c5ee065c6fe8b8fbefddd,2024-11-26 19:43:42.096655+00:00,en,metro.co.uk,metro.co.uk,2020-02-25,Prince Charles gives his seed to doomsday vault for future generations,https://metro.co.uk/2020/02/25/prince-charles-gives-seed-doomsday-vault-future-generations-12297973/
c69e780fddd687e29ba744860754ca60c2fd41e081fb8b57f2c76af13f0cd224,2024-11-26 13:34:57.696147+00:00,en,guernseypress.com,guernseypress.com,2024-11-26,Derelict St Martin’s Hotel to be demolished within weeks,https://guernseypress.com/news/2024/11/26/derelict-st-martins-hotel-to-be-demolished-within-weeks/
fa03d8f1e81f3867d7c78b60de42568f2b24171ada4b88b1f72608362fa86349,2024-11-26 05:15:17.682031+00:00,en,independent.co.uk,independent.co.uk,2020-02-29,How to bring precious bugs and beetles back to your garden,https://www.independent.co.uk/property/gardening/rewilding-gardening-biodiversity-insects-native-species-a9356941.html
de6884fb0515d6717f8f2ae7d398a01ab42e3e4acd06b72727b5139afa9070a2,2024-11-25 17:06:56.410265+00:00,en,pressat.co.uk,pressat.co.uk,2020-03-02,#TheRhinoSearch Bringing the Northern White Rhino back from extinction,https://pressat.co.uk/releases/therhinosearch-bringing-the-northern-white-rhino-back-from-extinction-d840962eefd6643a73442eaf1db6fa89
cd1dde689ea7b1860325732d4446c7935cbaffee5524d2be68ef8a177fe1abb4,2024-11-25 12:23:09.224011+00:00,en,theguardian.com,theguardian.com,2024-11-25,"Drugs, hormones and excrement: the polluting pig mega-farms supplying pork to the world",https://www.theguardian.com/environment/2024/nov/25/drugs-hormones-excrement-pig-farms-mexico-water-yucatan
99922d9b5623bfdb650160d4ddfa604dea9044c997947c57ba5bb0f3f247c5b1,2024-11-25 12:00:54.009891+00:00,en,theweek.co.uk,theweek.co.uk,2020-03-04,Praising Arizona: an afternoon with a mindful model and activist,https://www.theweek.co.uk/105983/praising-arizona-an-afternoon-with-a-mindful-model-and-activist
a14229d242f05355c7604b22e49fe5da852a10e972b4c91bfe33e78a7f13bf4e,2024-11-25 10:21:11.924242+00:00,en,theguardian.com,theguardian.com,2024-11-25,Monday briefing: Where Cop29 failed – and the limited reasons for hope,https://www.theguardian.com/world/2024/nov/25/first-edition-monday-cop-failure
56793e99c6d2dad4c856cafd099a77dec7389356343b3d4968f33a7b7125d5f7,2024-11-25 10:15:48.078898+00:00,en,dailymail.co.uk,dailymail.co.uk,2020-03-04,The Somerset Levels recovered after the 2014 floods by ignoring eco-zealots and using old ideas,https://www.dailymail.co.uk/news/article-8075877/The-Somerset-Levels-recovered-2014-floods-ignoring-eco-zealots-using-old-ideas.html?ns_mchannel=rss&ito=1490&ns_campaign=1490
88e8e4e285452d5381005bc40a165750c952e97b509335705c59e23c6e567a02,2024-11-25 07:47:47.724142+00:00,en,theguardian.com,theguardian.com,2020-01-29,South Africa: wild animals at risk of 'genetic pollution',https://www.theguardian.com/environment/2020/jan/29/south-africa-wild-animals-at-risk-of-genetic-pollution
10f8cf42489f8c1ee67dbd2b58b7b1602e29cf7838ee5b5e32f411cca70d241d,2024-11-25 06:07:33.662359+00:00,en,theguardian.com,theguardian.com,2020-03-05,"Glowing, glowing, gone: plunge in glow-worm numbers revealed",https://www.theguardian.com/environment/2020/mar/05/glowing-glowing-gone-plunge-in-glow-worm-numbers-revealed
9bf49084412c7a2c50644ec128c36c4466ed8d1f2a06c772d42dc898fc1ed8b7,2024-11-25 04:45:52.676580+00:00,en,theconversation.com,theconversation.com,2020-03-06,Britain's endangered native ponies could help habitats recover – and Brexit offers an opportunity,https://theconversation.com/britains-endangered-native-ponies-could-help-habitats-recover-and-brexit-offers-an-opportunity-122888
420a7c5512f41a100f3be871fbe5e5e3f70f9a59d9588bb5b01b8cdc0bbcf1b0,2024-11-25 03:01:07.158647+00:00,en,theguardian.com,theguardian.com,2020-03-06,"The race to save Polesia, Europe's secret Amazon",https://www.theguardian.com/world/2020/mar/06/the-race-to-save-polesia-europes-secret-amazon-aoe
c03bb655c1b5f7c325230e687431fdddcd09e3e9991f1b06990774db82141f76,2024-11-25 01:37:18.561380+00:00,en,theguardian.com,theguardian.com,2020-03-07,Bianca Jagger: ‘I believe marriage is for life. We failed’,https://www.theguardian.com/lifeandstyle/2020/mar/07/bianca-jagger-i-believe-marriage-is-for-life-we-failed
b1e1062822d50c07216ae68ee0c60645ddb81af66c490b8bfed7a617b2c62a80,2024-11-25 00:22:22.532863+00:00,en,metro.co.uk,metro.co.uk,2020-03-08,To #March4Women is to march for our planet,https://metro.co.uk/2020/03/08/march4women-march-planet-12359995/?ITO=squid
4b3a8eabb487f2010e1ffa5084cdab5215926b4779e095982ddc67827397c772,2024-11-24 21:22:15.713369+00:00,en,theguardian.com,theguardian.com,2019-11-02,Should this tree have the same rights as you?,https://www.theguardian.com/books/2019/nov/02/trees-have-rights-too-robert-macfarlane-on-the-new-laws-of-nature
4b3c46f1938c8519b26c37b8eae7b7d72cf579d2c7e70e47fb2858b0a4176caa,2024-11-24 16:11:54.166021+00:00,en,metro.co.uk,metro.co.uk,2020-03-11,If you want children to stop having climate change nightmares take us seriously,https://metro.co.uk/2020/03/11/fighting-futures-not-12363830/?ITO=squid
4c96d8dbc3b660e48809f8ac53f6aad7a77e5264bf7cb2a808b23d80a2032b80,2024-11-24 03:15:09.397577+00:00,en,theguardian.com,theguardian.com,2020-03-14,How the world's fattest parrot came back from the brink,https://www.theguardian.com/environment/2020/mar/14/worlds-fattest-parrot-comeback-from-extinction-aoe
109708a79402573d943f4a1d03a28f31674390f73a0bf1817f102cd89d4d009d,2024-11-24 01:48:29.130525+00:00,en,unitedkingdomnews.net,unitedkingdomnews.net,2020-03-16,Our Vanishing World: Oceans,http://www.unitedkingdomnews.net/news/264323138/our-vanishing-world-oceans
9d80ca13f6af30042b9d83913bd82b36c92dcb153c270ae9e9285caa407a0467,2024-11-24 01:45:14.724894+00:00,en,theuknews.com,theuknews.com,2020-03-16,Our Vanishing World: Oceans,http://www.theuknews.com/news/264323138/our-vanishing-world-oceans
2d3acb850f599f590faf0641c6c97c3826ae7a23d93474b21335e2e81926c1b8,2024-11-24 01:26:14.527603+00:00,en,britainnews.net,britainnews.net,2020-03-16,Our Vanishing World: Oceans,http://www.britainnews.net/news/264323138/our-vanishing-world-oceans
d9056c7f8248f654a912c8b9ddb87a6b4e93dfc6f7284c3ae05cff3853796e7f,2024-11-23 21:19:26.821507+00:00,en,dailymail.co.uk,dailymail.co.uk,2020-03-17,We left the lockdown a month too late but I believe medicine will come up with treatments,https://www.dailymail.co.uk/news/article-8121717/We-left-lockdown-month-late-believe-medicine-come-treatments.html?ns_mchannel=rss&ns_campaign=1490&ito=1490
83536c681a3bcdc6b765711f5165fde09b4c6566290f22d97a9148446158bd65,2024-11-21 14:00:04.079208+00:00,en,theguardian.com,theguardian.com,2020-03-27,"With the climate crisis and coronavirus bearing down on us, the age of disconnection is over",https://www.theguardian.com/commentisfree/2020/mar/28/with-the-climate-crisis-and-coronavirus-bearing-down-on-us-the-age-of-disconnection-is-over
af9d1cc20af2c7e4bf1c106fe5089e1d7032796027bbda7677f4332708a37506,2024-11-21 10:22:04.843727+00:00,en,theguardian.com,theguardian.com,2024-11-21,‘The land is tearing itself apart’: life on a collapsing Arctic isle,https://www.theguardian.com/environment/2024/nov/21/canada-arctic-herschel-island-qikiqtaruk-climate-permafrost-tundra-ecology-aoe
80c0e7ed70e6d98b1db88f37c090082e39577c1ef1e145f3b05f97c2556395bd,2024-11-21 03:53:03.578085+00:00,en,theconversation.com,theconversation.com,2020-03-31,"Coronavirus weekly: as the world stays at home, where is the pandemic heading?",https://theconversation.com/coronavirus-weekly-as-the-world-stays-at-home-where-is-the-pandemic-heading-135136
d50facf0d6fadcb74080c2190e3626937780466b94c017db6c89531a53ab41dd,2024-11-21 00:23:46.804186+00:00,en,channel4.com,channel4.com,2024-11-20,The Wildlife Trusts buy Rothbury Estate in landmark purchase,https://www.channel4.com/news/wildlife-trusts-buy-the-rothbury-estate-in-landmark-purchase
db62077a0fbbc4d02b91f330bf437bb443b5a6d09679b0a00cd5336c9c26ef1e,2024-11-20 23:23:02.872744+00:00,en,theconversation.com,theconversation.com,2024-11-20,"Nature-based solutions are cheap and effective, and governments have the tools to make them a reality",https://theconversation.com/nature-based-solutions-are-cheap-and-effective-and-governments-have-the-tools-to-make-them-a-reality-243320
572adfa110eef26387bdfb94a011384b7199a998cfdc8f46559a1a8b867923bf,2024-11-20 19:45:19.897459+00:00,en,theconversation.com,theconversation.com,2020-04-02,Is racism and bigotry in our DNA?,https://theconversation.com/is-racism-and-bigotry-in-our-dna-135096
ca0b1ad1c2019354d9a1b66efeb1541850872151ce5b1f48f7320f8d372b58be,2024-11-20 10:21:14.226709+00:00,en,theguardian.com,theguardian.com,2024-11-20,Cop29 live: call to block Azerbaijan president from talks to allow negotiators to work,https://www.theguardian.com/environment/live/2024/nov/20/cop29-climate-summit-live-updates-baku-azerbaijan
bb7a5b9e166710e7aa69111cdca078996b932e769633f3e5a0b90d96ca512bcf,2024-11-20 06:19:08.310842+00:00,en,theconversation.com,theconversation.com,2024-11-19,COP29: Only by returning carbon to the ground is net zero truly possible,https://theconversation.com/cop29-only-by-returning-carbon-to-the-ground-is-net-zero-truly-possible-243240
61bbe6dcc143f000470e97c03bb868f1508f2d43ea9e5d3d31c74e9448efe3e0,2024-11-19 11:31:00.369240+00:00,en,standard.co.uk,standard.co.uk,2024-11-19,Why are farmers protesting in Westminster? The farmer's view,https://www.standard.co.uk/lifestyle/why-farmers-protesting-westminster-london-rachel-reeves-budget-tractor-inheritance-tax-b1194719.html
b676a416fa1ded2d333d0de990cacb7d6d8f240cc2d988285f98f3e571160e5c,2024-11-19 04:09:04.026539+00:00,en,theguardian.com,theguardian.com,2020-03-05,"Glowing, glowing, gone: plunge in glow-worm numbers revealed",https://www.theguardian.com/environment/2020/mar/05/glowing-glowing-gone-plunge-in-glow-worm-numbers-revealed?mod=article_inline
06af86e00ffc69d3182879ebf278b4f78ac642c0268a6366a31261a4912dd5bb,2024-11-19 03:43:17.285796+00:00,en,dailystar.co.uk,dailystar.co.uk,2020-04-13,"Asian giant hornets kill 30,000 bees by tearing off their heads in horror video",https://www.dailystar.co.uk/news/world-news/asian-giant-hornets-kill-30000-21858953
97b4031ee0f7663edde8e22988a9aa48446c0c5a8b8f0d47c8ed390fb6e1fd48,2024-11-18 22:21:26.521517+00:00,en,standard.co.uk,standard.co.uk,2024-11-18,Why are farmers protesting in Westminster tomorrow? The farmer's view,https://www.standard.co.uk/lifestyle/why-are-farmers-protesting-in-westminster-tomorrow-the-farmers-view-b1194719.html
826652302434d2fbab6509c26ca49386b1cfba7a95d7ce23de33da2265905ded,2024-11-18 20:11:51.750719+00:00,en,independent.co.uk,independent.co.uk,2020-04-15,Is racism in our DNA?,https://www.independent.co.uk/news/long_reads/science-and-technology/racism-learned-dna-nature-or-nurture-a9445606.html
183d85f6472baccc81ef70e393a829eb4ba0f8a222b6f388510304fd2fabfa9e,2024-11-18 18:09:43.734996+00:00,en,theguardian.com,theguardian.com,2020-04-08,Wildlife destruction 'not a slippery slope but a series of cliff edges',https://www.theguardian.com/environment/2020/apr/08/wildlife-destruction-not-a-slippery-slope-but-a-series-of-cliff-edges
2d93bb06f66886b883ff4e78a755d07ea60637df3dc2bc56ed00acc6f7d341a7,2024-11-18 10:22:41.659737+00:00,en,economist.com,economist.com,2019-03-21,The insect apocalypse is not here but there are reasons for concern,https://www.economist.com/science-and-technology/2019/03/21/the-insect-apocalypse-is-not-here-but-there-are-reasons-for-concern
0c4010e33867f9e4ed2f8838b2781124f6a5731a2d26a4aa544327876b77c527,2024-11-18 09:20:42.449943+00:00,en,metro.co.uk,metro.co.uk,2024-11-18,London rivers being pumped full of raw sewage after 'errors' on new-build flats,https://metro.co.uk/2024/11/18/london-rivers-pumped-full-raw-sewage-errors-new-build-flats-21979241/
aa6b87de556bf8eede604f473b3ae1035751b7bbfa1fe3bcf11fa0c50b8e17ea,2024-11-18 06:17:08.812174+00:00,en,theconversation.com,theconversation.com,2024-11-18,Is inequality a natural phenomenon? Thomas Piketty argues it isn’t – and proposes a way forward,https://theconversation.com/is-inequality-a-natural-phenomenon-thomas-piketty-argues-it-isnt-and-proposes-a-way-forward-240325
9c7e6d7dbdc933f933e42628eaa1ec449475e2607f01007d3ea1b1526780b5f1,2024-11-18 03:01:20.589790+00:00,en,jerseyeveningpost.com,jerseyeveningpost.com,2020-04-21,Now is the time for us to adapt,http://www.jerseyeveningpost.com/news/business/2020/04/21/now-is-the-time-for-us-to-adapt/
d02b1212d95290f17e1d4eaa8ebf106fecf132ae2f155d2da77f6603646b1466,2024-11-18 01:09:51.563443+00:00,en,independent.co.uk,independent.co.uk,2020-04-21,Live animal markets and wildlife trade continue amid international calls for tighter restrictions,https://www.independent.co.uk/environment/wildlife-trafficking-campaign-wet-markets-china-coronavirus-pandemic-a9476821.html
d19961b8c894bf2d56e7fa923278301edf39140396494726751c675bc04e50e4,2024-11-18 00:10:15.202730+00:00,en,scotsman.com,scotsman.com,2017-10-24,Gina Hanrahan: Looking at the bigger picture essential viewing for our environment,http://www.scotsman.com/news/opinion/gina-hanrahan-looking-at-the-bigger-picture-essential-viewing-for-our-environment-1-4594415
865bff28a5a971abe9de4874c7497167ba1539f08c3a3abbe910af2b66635336,2024-11-17 23:36:43.792389+00:00,en,theguardian.com,theguardian.com,2020-04-06,Monday briefing: Boris Johnson in hospital for 'as long as needed',https://www.theguardian.com/world/2020/apr/06/monday-briefing-boris-johnson-in-hospital-for-as-long-as-needed
a83bb872e829a5466fb3e7300a59b8a54709edba37ff86d2789ffeaacacac9ed,2024-11-17 23:36:06.949810+00:00,en,theguardian.com,theguardian.com,2020-04-01,What are Labour leadership candidates' green policies?,https://www.theguardian.com/politics/2020/apr/01/what-are-labour-leadership-candidates-green-policies
388ccb2eb19cb3eae6f739a27ae734f5ec4c663628800af22ecb36ec7d8ff57d,2024-11-17 21:21:22.121019+00:00,en,theguardian.com,theguardian.com,2019-07-07,To ensure a green future the UK cannot rely on free markets alone,https://www.theguardian.com/environment/2019/jul/07/to-ensure-a-green-future-the-uk-needs-to-ditch-free-market-economics
6a832e11e9b641d75363352b64c0246edced881e41605228577b217e84ceb9f1,2024-11-17 20:31:35.767044+00:00,en,theguardian.com,theguardian.com,2019-12-11,Europe must lead on the climate crisis. The European Green Deal shows how,https://www.theguardian.com/commentisfree/2019/dec/11/europe-climate-crisis-european-green-deal-growth
0403cf42aa39acd537da9d1292d0ff1958c7e0fcf693ca4dde183488674370df,2024-11-17 19:26:37.382170+00:00,en,opendemocracy.net,opendemocracy.net,2019-12-06,"COP25: What are Mexico, Brazil, Argentina and Colombia doing?",https://www.opendemocracy.net/en/democraciaabierta/cop25-c%C3%B3mo-act%C3%BAan-m%C3%A9xico-brasil-argentina-y-colombia-en/
f4d7909e300c504ca30e26236fa05c5c36ed5d69734e1b56c68abc33603a0577,2024-11-17 17:23:36.228845+00:00,en,theguardian.com,theguardian.com,2019-07-25,"Papua New Guinea will not be dependent on Australia in 10 years, new PM says",https://www.theguardian.com/world/2019/jul/26/papua-new-guinea-will-not-be-dependent-on-australia-in-10-years-new-pm-says
945a1239dbc89541352ac91b7e2a6034a9af2fe8113b35833233994d804d5148,2024-11-17 15:19:51.868395+00:00,en,theguardian.com,theguardian.com,2020-04-23,"Insect numbers down 25% since 1990, global study finds",https://www.theguardian.com/environment/2020/apr/23/insect-numbers-down-25-since-1990-global-study-finds
3802797cf1c31ad4eab175d50d9fc84ec4bc50cc8f6538e90c05df8f23fd2ca9,2024-11-17 10:37:10.683386+00:00,en,theconversation.com,theconversation.com,2020-04-27,"Drought, fire and flood: how outer urban areas can manage the emergency while reducing future risks",https://theconversation.com/drought-fire-and-flood-how-outer-urban-areas-can-manage-the-emergency-while-reducing-future-risks-131560
1eb76eb53e2b1fff38b5fa52232ab9bcad077dcc0a4abf76b8dae2d55009931a,2024-11-17 10:06:55.139238+00:00,en,theconversation.com,theconversation.com,2020-04-27,Coronavirus: we're in a real-time laboratory of a more sustainable urban future,https://theconversation.com/coronavirus-were-in-a-real-time-laboratory-of-a-more-sustainable-urban-future-135712
b66c51fa04b944f6c39a7df93f6208f31d49b30564873c5649b3f8e78171d468,2024-11-17 09:24:18.750391+00:00,en,metro.co.uk,metro.co.uk,2020-03-11,If you want children to stop having climate change nightmares take us seriously,https://metro.co.uk/2020/03/11/fighting-futures-not-12363830/
f5ab5241662de1b920827fee3b654ff81899b22a5348387015b779a273c15eae,2024-11-17 08:58:27.459641+00:00,en,theguardian.com,theguardian.com,2017-05-22,CSG's last stand? In Narrabri everyone has a stake in the farming v mining fight,https://www.theguardian.com/environment/2017/may/23/csg-last-stand-narrabri-farming-mining-fight
a438b986236752a9408151f5a07a60faf8a8842940a81dc7d74f4a04afcd52b2,2024-11-17 04:45:22.437700+00:00,en,dailymail.co.uk,dailymail.co.uk,2020-04-28,Oxford University cuts ties to fossil fuel industry,https://www.dailymail.co.uk/news/article-8266055/Oxford-University-cuts-ties-fossil-fuel-industry.html?ns_mchannel=rss&ito=1490&ns_campaign=1490
520fe285d91220b42833f0efbf9e9616f8dafa19f983bea13b22c8c2c510385d,2024-11-17 04:34:21.498859+00:00,en,itv.com,itv.com,2020-04-29,New research reveals how microplastic pollution is threatening biodiversity,https://www.itv.com/news/2020-04-29/new-research-reveals-how-microplastic-pollution-is-threatening-biodiversity/
347e127fd6b1e1a8297a49ed0bcc91906895c4c3960a4e1af719301bbd1d13ee,2024-11-17 03:22:04.913831+00:00,en,dailymail.co.uk,dailymail.co.uk,2020-04-28,Oxford University cuts ties to fossil fuel industry,https://www.dailymail.co.uk/news/article-8266055/Oxford-University-cuts-ties-fossil-fuel-industry.html
d4efccc15c241e2683d9471b96cb152e5ee526ad056e1de439c98dccd7c33d83,2024-11-17 02:36:07.068707+00:00,en,standard.co.uk,standard.co.uk,2020-04-29,Microplastic pollution 'threatens biodiversity more than realised',https://www.standard.co.uk/news/uk/microplastic-pollution-threatens-biodiversity-hermit-crabs-a4426841.html
a4f86a9254a534d2c7b288ddbf9766a531a98ed8e2b3d0304a441d40c15864cb,2024-11-17 02:15:44.076952+00:00,en,independent.co.uk,independent.co.uk,2020-04-29,Microplastics prevent hermit crabs from choosing the best shells,https://www.independent.co.uk/environment/plastic-pollution-microplastics-hermit-crabs-shells-study-belfast-liverpool-a9490191.html
6b631a50929effeb0fdcc89c52cd108206f781d774fb0cee8c541f84c35af27e,2024-11-17 01:32:06.350213+00:00,en,theconversation.com,theconversation.com,2020-04-29,Endangered tigers face growing threats from an Asian road-building boom,https://theconversation.com/endangered-tigers-face-growing-threats-from-an-asian-road-building-boom-137052
93eb8fba1b735145c528d509655d37fe56afbaf3bdfb0e72ddbbeaa7e9b37499,2024-11-17 01:27:05.321171+00:00,en,unitedkingdomnews.net,unitedkingdomnews.net,2020-04-30,Endangered tigers face growing threats from an Asian road-building boom,http://www.unitedkingdomnews.net/news/264880886/endangered-tigers-face-growing-threats-from-an-asian-road-building-boom
c0cd3128beccfd3084083a9207a3b54eafa037afcbe1f695ec554116b2c00187,2024-11-17 01:12:19.684884+00:00,en,theuknews.com,theuknews.com,2020-04-30,Endangered tigers face growing threats from an Asian road-building boom,http://www.theuknews.com/news/264880886/endangered-tigers-face-growing-threats-from-an-asian-road-building-boom
babf9c349e080573d630cd5935d8e33f16da77145b010ee8319ea166b65cd3e9,2024-11-17 01:12:02.950234+00:00,en,britainnews.net,britainnews.net,2020-04-30,Endangered tigers face growing threats from an Asian road-building boom,http://www.britainnews.net/news/264880886/endangered-tigers-face-growing-threats-from-an-asian-road-building-boom
f85804837b0cec024bf92cfa539ccf4aaa3fabce9ee8466c867c35158672a55e,2024-11-16 14:19:02.109702+00:00,en,prospectmagazine.co.uk,prospectmagazine.co.uk,2020-05-04,Globalisation after Covid-19: my plan for a rewired planet,https://www.prospectmagazine.co.uk/magazine/dani-rodrik-globalisation-trade-coronavirus-who-imf-world-bank
f02811a22826585df5254ad2be77ffec2b40891800af52ff43d5ca9f43a59ee5,2024-11-16 13:41:00.316889+00:00,en,theguardian.com,theguardian.com,2020-05-04,'The parallels between coronavirus and climate crisis are obvious',https://www.theguardian.com/environment/2020/may/04/parallels-climate-coronavirus-obvious-emily-atkin-pandemic
fd18d0ee5a6cfb89b863bf87ffcd47f9c708b3f4f3d6d72b8a903936bc99d691,2024-11-16 13:02:03.521350+00:00,en,theguardian.com,theguardian.com,2020-04-21,Earth Day 2020 could mark the year we stop taking the planet for granted,https://www.theguardian.com/environment/2020/apr/22/earth-day-2020-could-mark-the-year-we-stop-taking-the-planet-for-granted-aoe
f19a21c5c338b2ac702bedda074437827e8e06d52d4d680048af252850977de5,2024-11-16 06:08:25.021771+00:00,en,opendemocracy.net,opendemocracy.net,2019-04-12,A new chance for climate justice?,https://www.opendemocracy.net/en/opendemocracyuk/new-chance-climate-justice/
f8adf1213a4a1afbd41a3ec7c700cace3403acdca5d3289bf5c2ec00f007fd19,2024-11-15 20:41:45.187900+00:00,en,theguardian.com,theguardian.com,2020-04-16,By failing to protect our water we have failed everything New Zealanders value,https://www.theguardian.com/environment/commentisfree/2020/apr/17/by-failing-to-protect-our-water-we-have-failed-everything-new-zealanders-value
548c136d900f33e42d17867352570e58db67ab38ab43961ed9ccc553ec1e6a1e,2024-11-15 16:34:24.621777+00:00,en,independent.co.uk,independent.co.uk,2020-04-21,Live animal markets and wildlife trade continue amid international calls for tighter restrictions,https://www.independent.co.uk/environment/wildlife-trafficking-campaign-wet-markets-china-coronavirus-pandemic-a9476821.html?fbclid=IwAR0jE__a6lb_M2fdB9Z1obvVwbxJlonP92zBuAAZoaRZse6YQoLQ0ILi7N0
c5c22aec85a1d591acda9f9ce0ca8325237f98072e01e10c9b147e1a16edd508,2024-11-15 15:42:50.977934+00:00,en,theguardian.com,theguardian.com,2020-01-28,"Heal the land, secure our future",https://www.theguardian.com/commentisfree/2020/jan/28/david-pococks-2020s-vision-heal-the-land-secure-our-future
e84f6ddff1feb86ff7c82a9eb02fbd7b298b2dc0b9a884528a542717d2996a56,2024-11-15 15:41:03.539791+00:00,en,theguardian.com,theguardian.com,2020-02-06,'No tigers here': why Goa is in denial about its big cat population,https://www.theguardian.com/environment/2020/feb/06/no-tigers-here-why-goa-india-is-in-denial-about-its-big-cat-population-aoe
a2e7d69c15198b96451f7b59e253bf149fd3650757b7a0992aec4b04d5098daf,2024-11-15 15:39:07.263321+00:00,en,theguardian.com,theguardian.com,2019-12-13,The climate crisis is escalating: how can we get smarter with our energy?,https://www.theguardian.com/smarter-energy/2019/dec/13/why-we-need-to-get-smart-with-energy
314b4ece8e75ac7ca77e6d787c49a93c3cab11cce52e084093632b3e361e430c,2024-11-15 15:38:10.697258+00:00,en,theguardian.com,theguardian.com,2019-12-09,"Scottish wildlife at risk after £100m funding cut, say charities",https://www.theguardian.com/environment/2019/dec/09/scottish-wildlife-government-funding-aoe
378db7e343fd5bb0e7e00dcc7442cafce93f5c30b0b59e5200f55f33222eaf2a,2024-11-15 12:30:19.011988+00:00,en,standard.co.uk,standard.co.uk,2024-11-15,London housing developments flushing raw sewage directly into rivers,https://www.standard.co.uk/news/london/london-housing-developments-raw-sewage-rivers-brent-crane-thames-b1194235.html
c02efcf11629b8ebdaf57df4e48fccc4ea2dad3c8caf0e1644ee035cd903c9a1,2024-11-15 10:41:20.074544+00:00,en,theconversation.com,theconversation.com,2020-05-12,The current ‘mini-collapse’ requires a democratic response,https://theconversation.com/the-current-mini-collapse-requires-a-democratic-response-138157
96d53f7bb95fc5a0cd4a1694e4eb8064f5155ef663072ee325228124ecc64fac,2024-11-14 22:08:21.409327+00:00,en,theguardian.com,theguardian.com,2020-05-16,Inside the orangutan forest school where the first lesson is survival,https://www.theguardian.com/environment/2020/may/16/inside-the-orangutan-forest-school-where-the-first-lesson-is-survival-aoe
57ba4bbcda2ad738750b1203156deeabb2fe9cf08a137e57259a142fca821e51,2024-11-14 10:50:50.293530+00:00,en,standard.co.uk,standard.co.uk,2020-05-20,Why we need to change our travel habits to tackle global warming,https://www.standard.co.uk/futurelondon/cleanair/change-travel-habits-global-warming-a4444771.html
6b7deb293e5265c79f2e8d572ad682ebf898ec1d413d1fea4cced253dcaee75d,2024-11-14 10:41:11.093814+00:00,en,express.co.uk,express.co.uk,2020-05-20,Coronavirus alert: Encroachment onto Amazon rainforest could trigger next big pandemic,https://www.express.co.uk/news/science/1284743/coronavirus-amazon-rainforest-next-pandemic-deforestation-zoonotic-disease
c6a7d58fb335f609555f6715ff750eda89b39003429ab103c64bdf82e79c2dff,2024-11-14 01:46:25.393927+00:00,en,heraldscotland.com,heraldscotland.com,2020-05-23,'Groundbreaking' Scots investment bond to help unlock £1bn to protect rare species and environment,https://www.heraldscotland.com/news/18470838.bonds-issued-help-unlock-1bn-protect-rare-species/?ref=rss
8f74c437cf0e900dddc73c0346481300e33803bae3af925512dd8ebd1be18c65,2024-11-13 18:33:33.019109+00:00,en,newstatesman.com,newstatesman.com,2024-11-13,Books of the year 2024,https://www.newstatesman.com/culture/books/2024/11/best-books-year-2024
0935f26032f01c89fa3621c9582c5cd37faba69cfdf194df839c2824d258ebf8,2024-11-13 18:28:32.530565+00:00,en,theconversation.com,theconversation.com,2024-11-13,Scientific models trust the land to soak up lots of CO₂ – the reality is a lot more messy,https://theconversation.com/scientific-models-trust-the-land-to-soak-up-lots-of-co-the-reality-is-a-lot-more-messy-243391
e191b5d7ce4a3cd98466056c781c39b991ee1c324a4d3d72729a29918bd31f00,2024-11-13 17:24:23.701160+00:00,en,theguardian.com,theguardian.com,2020-05-10,"After coronavirus, focus on the climate emergency",https://www.theguardian.com/world/2020/may/10/after-coronavirus-focus-on-the-climate-emergency
c0317d53dcbc328525f614a23b316855b20b55f5264b7eca0505f0dc47c6e40f,2024-11-13 17:24:23.530040+00:00,en,theguardian.com,theguardian.com,2020-05-23,'It's good for the soul': the mini rewilders restoring UK woodland,https://www.theguardian.com/environment/2020/may/23/mini-rewilders-restore-britains-woodland-aoe
5985f065279ae60ab33b723f3d7e7a732dbeb496ee009affbca5ef62fda4adfc,2024-11-13 16:52:18.817868+00:00,en,independent.co.uk,independent.co.uk,2020-05-26,Deep ocean will be warming rapidly by 2050 even if global emissions decline,https://www.independent.co.uk/environment/deep-ocean-global-warming-temperature-rise-emissions-a9533726.html
52283a44eb6f2e483862458551fcb3f70a0df36421bf5d4f8e11195c9eeec84d,2024-11-13 13:22:33.794294+00:00,en,manchestereveningnews.co.uk,manchestereveningnews.co.uk,2024-11-13,Locals in 'dying' village 'stunned' as big change happens after 100 year wait,https://www.manchestereveningnews.co.uk/news/property/locals-living-dying-village-left-30362635
53389fc1a2bf97384bfb150fcd6a0bac1d0719499c9faadbacbaec4accbe3706,2024-11-13 01:16:45.633650+00:00,en,theguardian.com,theguardian.com,2020-05-30,Australia's national environment laws 'actually allow extinction to happen',https://www.theguardian.com/environment/2020/may/31/australias-national-environment-laws-actually-allow-extinction-to-happen
e9e3682a9915e19497437d6f3a3511a99a78b0480aa4a82f27de58e1b0148762,2024-11-13 01:09:16.453352+00:00,en,heraldscotland.com,heraldscotland.com,2020-06-01,Thinktank issues wake-up call for life after Covid,https://www.heraldscotland.com/news/18487008.thinktank-issues-wake-up-call-life-covid/?ref=rss
aa40cc894df9dc36244367d9b38b102c1499e260ab20212090667f50ac5c1e2e,2024-11-12 23:45:46.774365+00:00,en,theguardian.com,theguardian.com,2020-06-01,"Sixth mass extinction of wildlife accelerating, scientists warn",http://www.theguardian.com/environment/2020/jun/01/sixth-mass-extinction-of-wildlife-accelerating-scientists-warn
8d3039ee3828fe138ad32fde0acd80ad7d814a5d942a9c34d9944e7fa4726861,2024-11-12 18:21:35.769417+00:00,en,independent.co.uk,independent.co.uk,2020-06-04,Letters: Why we need an ecological and economical response to coronavirus,https://www.independent.co.uk/voices/letters/coronavirus-economic-crisis-plan-climate-change-schools-a9548726.html
faad1513fa3facc665a85065d15c30826e38ba4846b9c3bd63269cf4295123d8,2024-11-12 16:53:03.746596+00:00,en,pressat.co.uk,pressat.co.uk,2020-06-05,Global institutions unite around key actions for green and fair economic recovery from COVID-19,https://pressat.co.uk/releases/global-institutions-unite-around-key-actions-for-green-and-fair-economic-recovery-from-covid-19-7aef61f290ded8a676504f74b408ac80
c0b6c2758fed7fe581dd191aef20f33b1b5bac88023594fcceadcbafd097b56a,2024-11-12 13:15:06.070642+00:00,en,itv.com,itv.com,2020-06-08,New highly protected marine zones will help save our seas – research,https://www.itv.com/news/2020-06-08/new-highly-protected-marine-zones-will-help-save-our-seas-research/
ee3571c6ff8675f9126de4fa13e7197054d5535ee8504bd395bb041d1c01f49e,2024-11-12 10:24:30.112744+00:00,en,walesonline.co.uk,walesonline.co.uk,2020-06-09,Changes made to planning application for new £180m cancer hospital,https://www.walesonline.co.uk/news/wales-news/whitchurch-cardiff-hospital-northern-meadow-18387354
15321ab141048b7fa99fdfc9cbc9aa9e46af0ac3b1258e49ba997c07a9ab2dd1,2024-11-12 05:46:32.477997+00:00,en,thesun.co.uk,thesun.co.uk,2020-06-12,Stolen cats found in cages 'ready to be served as food' in China,https://www.thesun.co.uk/news/11849956/hundreds-stolen-cats-found-in-cages-food-china/
deebdc7b66835a7f862705b5d86fc689a50bea4bc25d2233579ece82d828ddef,2024-11-12 01:42:23.194648+00:00,en,theguardian.com,theguardian.com,2020-06-15,Saving Canada's wild salmon: rescuers pin hopes on fish ladder and salmon cannon,https://www.theguardian.com/environment/2020/jun/15/canada-wild-salmon-fish-ladder-salmon-cannon-british-columbia-aoe
95dafe06beb261a7792372d47e74aeb26b78d839d52fea9ce7fa2747623ca6d8,2024-11-11 22:22:22.115265+00:00,en,independent.co.uk,independent.co.uk,2020-06-17,The vision of a sustainable urban future has become reality,https://www.independent.co.uk/news/long_reads/coronavirus-sustainability-cycling-air-pollution-city-a9514511.html
0d14e6f8febf97e0693b5d9e55e3bd83956a22f71b4752e1104f40bd480582b3,2024-11-11 21:11:12.024197+00:00,en,theguardian.com,theguardian.com,2020-06-18,The end of tourism? | Travel,https://www.theguardian.com/travel/2020/jun/18/end-of-tourism-coronavirus-pandemic-travel-industry
e226c8413997a7141e1003230108cbf22fc538388e6bb85a77fee94bd9699f1a,2024-11-11 15:46:36.294427+00:00,en,itv.com,itv.com,2020-06-23,"Urban growth should take place in harmony with nature, says Charles",https://www.itv.com/news/2020-06-23/urban-growth-should-take-place-in-harmony-with-nature-says-charles/
be35fb667cbaa1ae33fb72cc443f83781e5f33a54041e295702f0ed47764321a,2024-11-11 15:43:08.248445+00:00,en,telegraph.co.uk,telegraph.co.uk,2024-11-11,Britain can’t afford to let public-sector staff work just four days a week,https://www.telegraph.co.uk/opinion/2024/11/11/letters-britain-cant-afford-public-sector-four-days-week/
9b613aff88eae9f59fe27bc5282f80e58bc814da0d67da965d196f9ee7e7dc60,2024-11-11 12:30:30.970844+00:00,en,theguardian.com,theguardian.com,2020-06-24,Million hectares of threatened species' habitat cleared without assessments,https://www.theguardian.com/environment/2020/jun/25/million-hectares-of-threatened-species-habitat-cleared-without-assessments
a552bc235932efa7276c3788b027508fd846182bb34c37a36170b473ef3a5474,2024-11-11 11:07:41.292688+00:00,en,theconversation.com,theconversation.com,2020-06-25,The COVID-19 pandemic can prepare us for future outbreaks and bioterrorism,https://theconversation.com/the-covid-19-pandemic-can-prepare-us-for-future-outbreaks-and-bioterrorism-136685
6c0e0e66b84d47fc538401b18f30042962fae6b76706c3602b0499b5b8093df0,2024-11-11 10:31:16.786364+00:00,en,theguardian.com,theguardian.com,2024-11-11,Cop29 jargon buster: key terms for this year’s climate conference in Azerbaijan,https://www.theguardian.com/environment/2024/nov/11/cop29-jargon-buster-key-terms-for-this-years-climate-conference-in-azerbaijan
06f545d9f516981af8711ec846a20fa95c979903899e7079636e8c29e65c5546,2024-11-11 08:37:16.312309+00:00,en,economist.com,economist.com,2020-06-25,Pandemic-proofing the planet,https://www.economist.com/science-and-technology/2020/06/25/pandemic-proofing-the-planet
94e6a0e2c4d4f3704b961b658320fa781276dd6c02fe39ced96141e3b9cd1f6f,2024-11-11 02:41:26.616182+00:00,en,ft.com,ft.com,2020-07-02,How index investing can drive sustainable finance transition,https://www.ft.com/content/65d307c4-7379-455e-bcb2-d821b670a90f
b5ac8b4370daa2c3cf779c3f7193183803f28303c75e63f9617d7967194b02df,2024-11-11 00:50:59.240130+00:00,en,sky.com,sky.com,2020-06-01,"Our New World: Beijing's 'record is clean' on COVID-19, Chinese ambassador tells Sky panel",https://news.sky.com/story/coronavirus-live-after-the-pandemic-our-new-world-what-life-will-be-like-after-covid-19-11998823
dda118853f577a14d3dc4c7277355a59952825814665522c8f267cb89772b0ea,2024-11-11 00:47:10.721490+00:00,en,economist.com,economist.com,2020-06-25,Pandemic-proofing the planet,https://www.economist.com/science-and-technology/2020/06/25/pandemic-proofing-the-planet?fsrc=scn/tw/te/bl/ed/globalhealthpandemicproofingtheplanetsciencetechnology
28e815b3d12ec646b2885c675962d93375711b1fe691ee1fdcc4639722972c5f,2024-11-11 00:24:10.875437+00:00,en,theguardian.com,theguardian.com,2020-06-21,"Britain still failing on climate crisis, warn advisers",https://www.theguardian.com/environment/2020/jun/21/britain-still-failing-on-climate-crisis-warn-advisers
d359c03a7ca20e34e1aa7a8575bcba798381b54fb44e177a53b4614cf62882f5,2024-11-11 00:19:33.968743+00:00,en,theguardian.com,theguardian.com,2020-06-20,Last chance for the Persian leopard: the fight to save Iraqi Kurdistan’s forests,https://www.theguardian.com/environment/2020/jun/20/landmines-last-line-of-defence-for-kurdistan-endangered-persian-leopard-aoe
f4f9b4bb2aab6951af5e2f02eb91bdbaff4232eb018b61604bf9ec5c9bfb035f,2024-11-10 18:39:06.782734+00:00,en,theguardian.com,theguardian.com,2019-04-13,Extinction Rebellion calls on protesters to block London streets,https://www.theguardian.com/environment/2019/apr/13/extinction-rebellion-calls-protesters-block-london-streets
dba22e9ba63e16687d76fce56ea481e94f2ccc6f8f5ba40b7535614cefb49551,2024-11-10 18:15:35.940634+00:00,en,theconversation.com,theconversation.com,2020-07-07,"After last summer's fires, the bell tolls for Australia’s endangered mountain bells",https://theconversation.com/after-last-summers-fires-the-bell-tolls-for-australias-endangered-mountain-bells-139665
759b6b3d1050543ad709e1a071e37d3eb5af64f676be01444d54c2964e4c47f8,2024-11-10 14:08:01.104890+00:00,en,theguardian.com,theguardian.com,2020-04-17,The Guardian view on the future of farming: let’s think about food,https://www.theguardian.com/commentisfree/2020/apr/17/the-guardian-view-on-the-future-of-farming-lets-think-about-food
3461f3e530caeac81192c1c6dd2e5ddfeba3e650f15d4dc2368317e14fedafcd,2024-11-10 12:04:51.861401+00:00,en,newstatesman.com,newstatesman.com,2020-05-13,Covid-19 should be a wake-up call to get serious about the climate crisis,https://www.newstatesman.com/spotlight/coronavirus/2020/05/covid-19-should-be-wake-call-get-serious-about-climate-crisis
22e25077a4fafbfe1a8c312ee9350701186e794362568f1269585ad01fe4851b,2024-11-10 11:24:14.518377+00:00,en,heraldscotland.com,heraldscotland.com,2024-11-10,Wild swimming and bathing outdoors is big. What does that mean in a water crisis?,https://www.heraldscotland.com/news/24712298.wild-swimming-ice-baths-global-wellness-summit-learnings/?ref=rss
7cd01dc38d4f40c034fdb405daf4aad1ee974e95cab71e498675066703bfe1a0,2024-11-09 23:50:14.636840+00:00,en,telegraph.co.uk,telegraph.co.uk,2020-07-18,Spillover: the origins of Covid-19 and why the next pandemic may already have started,https://www.telegraph.co.uk/global-health/science-and-disease/spillover-origins-covid-19-next-pandemic-may-already-have-started/
701e0b58f143b0123cc2fff70b475012f364bed49b643f118e146083c7de8a65,2024-11-09 19:30:24.326409+00:00,en,theguardian.com,theguardian.com,2020-07-20,"Most polar bears to disappear by 2100, study predicts",https://www.theguardian.com/environment/2020/jul/20/most-polar-bears-to-disappear-by-2100-study-predicts-aoe
c4395e139f15ebe575805aed26e763813c11fb95e02e22f01d9f339da015b69f,2024-11-09 16:46:33.887960+00:00,en,opendemocracy.net,opendemocracy.net,2020-05-06,India's Covid-19 lockdown is failing to protect people and the planet,https://www.opendemocracy.net/en/oureconomy/indias-covid-19-lockdown-failing-protect-people-and-planet/
d4d36fc684e35c08abcec460c3f595662feac207fae9da037ba6904c9279ca28,2024-11-09 13:52:39.210247+00:00,en,opendemocracy.net,opendemocracy.net,2020-05-21,Out of the Belly of Hell: COVID-19 and the humanisation of globalisation,https://www.opendemocracy.net/en/opendemocracyuk/out-belly-hell-shutdown-and-humanisation-globalisation/
f4e8f3adc8063fe6700171c97d38206738f8a6127d1bd47d5d9fb9f202924e67,2024-11-09 12:26:09.989863+00:00,en,politicshome.com,politicshome.com,2020-07-27,HS2’s catalogue of errors like a runaway train,https://www.politicshome.com/members/article/hs2s-catalogue-of-errors-like-a-runaway-train
48b3430815ff72a8ad0b479bd87da6fa63af840e1bbc583700ee178eec7aea17,2024-11-09 12:22:06.838834+00:00,en,theconversation.com,theconversation.com,2020-07-29,Gabon's large trees store huge amounts of carbon. What must be done to protect them,https://theconversation.com/gabons-large-trees-store-huge-amounts-of-carbon-what-must-be-done-to-protect-them-141540
bded856ec5d6802110e7b6418e37d7c87cfc796c2ee38caf32de8c0a663477d9,2024-11-09 10:52:17.983371+00:00,en,independent.co.uk,independent.co.uk,2020-07-30,Quarter of UK’s mammals at risk of extinction,https://www.independent.co.uk/environment/animal-extinction-uk-red-list-beaver-red-squirrel-wildcat-bat-biodiversity-crisis-a9645276.html
e03adb8bdc38c8c8a760baaffc79bd6cede308880d948575142c4cfacc2fe2f4,2024-11-09 08:36:37.840104+00:00,en,theguardian.com,theguardian.com,2020-07-16,"Morning mail: Covid-19 symptoms last months, hackers target vaccine, Australia beckons blockbusters",https://www.theguardian.com/australia-news/2020/jul/17/morning-mail-covid-19-symptoms-last-months-hackers-target-vaccine-australia-beckons-blockbusters
b0c8ca6619e86d269baabe99b0aa8335a6d38a53a7946ac20977cb83d21f2b79,2024-11-09 02:11:05.966511+00:00,en,theguardian.com,theguardian.com,2020-07-28,Huge growth in free school meals urged to tackle food poverty crisis,https://www.theguardian.com/society/2020/jul/29/huge-growth-in-free-school-meals-urged-to-tackle-food-poverty-crisis
1f68b2880e311e455b60b6681eff388369812b52bcdba5fceca214722d06ad60,2024-11-09 01:24:00.879239+00:00,en,theguardian.com,theguardian.com,2024-11-08,"Climate breakdown will hit global growth by a third, say central banks",https://www.theguardian.com/business/2024/nov/08/climate-breakdown-will-hit-global-growth-by-a-third-say-central-banks
460b516f51b826fb956b0c8e0915a1653a52b56e812e0066b6854dd3790bcf37,2024-11-09 00:05:22.759076+00:00,en,politicshome.com,politicshome.com,2020-08-06,"Planning reform must protect green spaces, not give a blank cheque to developers",https://www.politicshome.com/thehouse/article/planning-reform-must-protect-green-spaces-not-give-a-blank-cheque-to-developers
fa79156310c71817ed2fa2c632e2746896636731d4b345c8692d0f9cd63667c5,2024-11-08 23:42:59.834247+00:00,en,heraldscotland.com,heraldscotland.com,2020-08-07,Reusing derelict land is a natural way to address climate change,https://www.heraldscotland.com/news/18637159.reusing-derelict-land-natural-way-address-climate-change/?ref=rss
627df66e6a73880398ccd4467d07669a3ef8f4fb994774fe158eb816b8ca660b,2024-11-08 21:24:02.949505+00:00,en,opendemocracy.net,opendemocracy.net,2020-07-14,"The faulty science, doomism, and flawed conclusions of Deep Adaptation",https://www.opendemocracy.net/en/oureconomy/faulty-science-doomism-and-flawed-conclusions-deep-adaptation/
b5830af3eb170146e2253d53e236fd5c677eb3c7c5137c8b44f2d212bf226656,2024-11-08 21:15:27.709954+00:00,en,spectator.co.uk,spectator.co.uk,2019-03-02,Beware pseudoscience,https://www.spectator.co.uk/article/beware-pseudoscience
35b3ceac4cc54e5239e6e67ef0996daa0c063574f382a73eb4f4c1e344e3275d,2024-11-08 20:37:55.820736+00:00,en,mirror.co.uk,mirror.co.uk,2020-08-10,Disaster as crystal clear ocean turned black after oil tanker hits coral reef,https://www.mirror.co.uk/news/world-news/disaster-crystal-clear-ocean-turned-22499900
ac8eb761455df54d1bb5c1d4217fa6268cf622da72b139d816364b8e021f4227,2024-11-08 20:36:24.317979+00:00,en,opendemocracy.net,opendemocracy.net,2020-07-14,"The faulty science, doomism, and flawed conclusions of Deep Adaptation",https://www.opendemocracy.net/en/oureconomy/faulty-science-doomism-and-flawed-conclusions-deep-adaptation/?fbclid=IwAR2ykH_xDklPjlhaHe7hnNlYKIBhZJoeSyVom6b9tceuSq6RUD4CRN1Cuac
b094c955fbda693801f79ad351f715deda6cab93cf015e4bc2441fbcf539d834,2024-11-08 18:34:21.269517+00:00,en,dailymail.co.uk,dailymail.co.uk,2024-11-08,How one homeowner's decision to plant japanese knotweed in their garden caused the creeping menace to spread through neighbouring counties to form one of Britain's biggest hot spots,https://www.dailymail.co.uk/news/article-14059369/japanese-knotweed-garden-Britains-hot-spots.html?ns_mchannel=rss&ns_campaign=1490&ito=1490
6ff6baa52684ec6d678d6ae05f471cb421ea844e314c1e24cad650ffa53bf771,2024-11-08 17:19:01.437319+00:00,en,independent.co.uk,independent.co.uk,2020-08-12,Exclusive: Campaigners call for climate crisis to be enshrined in law,https://www.independent.co.uk/environment/climate-crisis-extinction-rebellion-emergency-bill-parliament-law-greenpeace-a9665561.html
8c04f1698140d38be30b923638adb0d35a5a8a6fd9b32b24ef8bb5082b7ecf3d,2024-11-08 12:54:59.166932+00:00,en,theconversation.com,theconversation.com,2016-02-21,Queensland land clearing is undermining Australia's environmental progress,https://theconversation.com/queensland-land-clearing-is-undermining-australias-environmental-progress-54882
cb3460becef969efe54fdaa967dab8c9b953af72203ade70c63fec1c7bf17b4f,2024-11-08 12:52:39.596746+00:00,en,theguardian.com,theguardian.com,2016-02-29,How Leonardo DiCaprio became one of the world's top climate change champions,https://www.theguardian.com/environment/2016/feb/29/how-leonardo-dicaprio-oscar-climate-change-campaigner
b89c5b6350abb49ca9d3dec8646d49a999bd794eab97714eab2c31ae384e83a7,2024-11-08 10:20:14.168202+00:00,en,theguardian.com,theguardian.com,2024-11-08,"‘Essential to act now’ to prevent chaotic climate breakdown, warns UN chief",https://www.theguardian.com/environment/2024/nov/08/antonio-guterres-cop29-climate-breakdown-tipping-points-fossil-fuels-finance-aoe
e38997e13ee8762e76a2e4b4f00d7ed24b53566141ea30b29196e0c88e1be03d,2024-11-08 09:27:37.612474+00:00,en,walesonline.co.uk,walesonline.co.uk,2024-11-08,Welsh village revealed as UK hotspot for Japanese Knotweed,https://www.walesonline.co.uk/news/wales-news/welsh-town-revealed-uk-hotspot-30321924
5f75ef7e37af04691c64b5e6a129d7fa271616f9b96cffb1a6f9a23ac528b533,2024-11-08 09:23:25.265689+00:00,en,theconversation.com,theconversation.com,2020-08-18,We each get 7 square metres of cropland per day. Too much booze and pizza makes us exceed it,https://theconversation.com/we-each-get-7-square-metres-of-cropland-per-day-too-much-booze-and-pizza-makes-us-exceed-it-141361
86e89cc1d103c247b4ed499a5a82559d3eab1ed1dfcdf3ca2201c6fc971df4b9,2024-11-08 08:47:21.589406+00:00,en,heraldscotland.com,heraldscotland.com,2020-08-19,Fighting to save the planet in his wooden shed on Gometra island,https://www.heraldscotland.com/news/18660081.fighting-save-planet-shed-gometra-island/?ref=rss
e83b9c05ee971f8f10f52ffd90ba9ff5ac08d7de905fcff0d0857ccdef823ad8,2024-11-08 08:29:13.428041+00:00,en,standard.co.uk,standard.co.uk,2020-08-19,Can Extinction Rebellion pull back from the brink?,https://www.standard.co.uk/news/uk/extinction-rebellion-pull-back-brink-a4528531.html
702675b95f79db6f93dd8471c0a01834be3f088cd4fda26ae9c4bb83e4dd1ba5,2024-11-08 05:05:35.117407+00:00,en,theconversation.com,theconversation.com,2020-08-21,How the shadow of slavery still hangs over global finance,https://theconversation.com/how-the-shadow-of-slavery-still-hangs-over-global-finance-144826
db38bd00b8e8b3b28ecf0bb68f13625d00662cb9dd53e3f58dd5f94fd47b6a3b,2024-11-08 04:36:31.785256+00:00,en,unitedkingdomnews.net,unitedkingdomnews.net,2020-08-22,How the shadow of slavery still hangs over global finance,http://www.unitedkingdomnews.net/news/266159211/how-the-shadow-of-slavery-still-hangs-over-global-finance
12870b896415bfcbb026710b4fc578ce80d770b3b466d5f2df647c293a9bab31,2024-11-08 04:30:24.697019+00:00,en,theuknews.com,theuknews.com,2020-08-22,How the shadow of slavery still hangs over global finance,http://www.theuknews.com/news/266159211/how-the-shadow-of-slavery-still-hangs-over-global-finance
d31ef3060578bec34f721ec7e5d9d761cb5ad82197615bf65e280332cab5532c,2024-11-07 22:30:16.541911+00:00,en,guernseypress.com,guernseypress.com,2020-08-25,Land equivalent of 61 football fields turned into gardens,http://www.guernseypress.com/news/2020/08/25/land-equivalent-of-61-football-fields-turned-into-gardens/
a612f1fb9c90704686936c0665e55114a6094827f16399c18d78d915822cfaea,2024-11-07 21:23:04.649321+00:00,en,prnewswire.co.uk,prnewswire.co.uk,2020-08-25,Sustainability Data Leader Appoints Microsoft Executive As New VP Global Partnerships,https://www.prnewswire.co.uk:443/news-releases/sustainability-data-leader-appoints-microsoft-executive-as-new-vp-global-partnerships-853859868.html
ee94c57f642365dcb96aeddaab3a6fccca21eab86b7128c5853c946b0e0301fa,2024-11-07 20:50:46.735472+00:00,en,inews.co.uk,inews.co.uk,2020-01-24,"Officials tracing 2,000 people at risk of coronavirus in the UK",https://inews.co.uk/news/health/china-coronavirus-wuhan-visitors-officials-tracing-risk-390015
5e8e2a6daef110dc55425276d9f0aeef2b22d036f9c5bc40f94dd0a1ad24e92d,2024-11-07 03:54:14.519818+00:00,en,manchestereveningnews.co.uk,manchestereveningnews.co.uk,2020-08-29,The most scenic campsites within driving distance of Manchester,https://www.manchestereveningnews.co.uk/whats-on/whats-on-news/most-scenic-campsites-within-driving-18827075
830901b4944602112634aba90c67c62d468ed1283661639360aa4a19f859042a,2024-11-07 02:00:50.654649+00:00,en,theguardian.com,theguardian.com,2020-08-30,Rampant destruction of forests ‘will unleash more pandemics’,https://www.theguardian.com/environment/2020/aug/30/rampant-destruction-of-forests-will-unleash-more-pandemics
95e37b81a1ad4e6853656678f1abc1bdcdba6117a66fe31571f903db14f0d232,2024-11-07 01:24:24.823940+00:00,en,dailymail.co.uk,dailymail.co.uk,2020-08-30,Loss of biodiversity through the destruction of the world's forests will 'unleash more pandemics',https://www.dailymail.co.uk/news/article-8679221/Loss-biodiversity-destruction-worlds-forests-unleash-pandemics.html?ns_mchannel=rss&ito=1490&ns_campaign=1490
bd6ad978d17e89963d9a56deef772320e479f3299bb20a867aae1e9f461ae812,2024-11-07 01:08:03.183368+00:00,en,theguardian.com,theguardian.com,2020-08-28,'Taking an eraser' to Australia's wildlife: ad blitz planned to fight environment law,https://www.theguardian.com/environment/2020/aug/29/taking-an-eraser-to-australias-wildlife-ad-blitz-planned-to-fight-environment-law
b29b0e3b919da0fb8aed6daae379c10b391880afdfd9e6a96407720cbba265e9,2024-11-06 03:15:38.050428+00:00,en,mirror.co.uk,mirror.co.uk,2020-09-01,'We need to learn the lessons of coronavirus to prepare for the climate crisis',https://www.mirror.co.uk/news/politics/we-need-learn-lessons-coronavirus-22611410
e4ae7ad4339e064ac981cc07163b5a5fe1a8dcadfd43f3e83d5b0cf25b157ba6,2024-11-06 02:33:01.448902+00:00,en,standard.co.uk,standard.co.uk,2024-11-06,Tree cathedral planted as war memorial restored after ash dieback devastation,https://www.standard.co.uk/news/environment/national-trust-bedfordshire-ash-england-tree-b1192250.html
e518007b43c8dd4d859658f10d6998511aefcc5998feaf906963b9aecc6af513,2024-11-06 01:28:45.395945+00:00,en,guernseypress.com,guernseypress.com,2024-11-06,Tree cathedral planted as war memorial restored after ash dieback devastation,https://guernseypress.com/news/uk-news/2024/11/06/tree-cathedral-planted-as-war-memorial-restored-after-ash-dieback-devastation/
283dafbffd2d0c1a5d71e2cd1cfa565123541c475bb613ac4600fe07941545e0,2024-11-06 01:18:46.611826+00:00,en,jerseyeveningpost.com,jerseyeveningpost.com,2024-11-06,Tree cathedral planted as war memorial restored after ash dieback devastation,https://jerseyeveningpost.com/morenews/uknews/2024/11/06/tree-cathedral-planted-as-war-memorial-restored-after-ash-dieback-devastation/
13e1cccac10cfcfc52eb1668846cf724f4210dc98eeb155f40035033aca3be3c,2024-11-05 22:56:36.275208+00:00,en,newstatesman.com,newstatesman.com,2020-09-02,How we lost our green and pleasant land,https://www.newstatesman.com/british-countryside-access-wild-child-patrick-barkham-bringing-back-beaver-derek-gow-trespass-nick-hayes-framing-nature-lawrence-rose-review
5f0e96e3d153ee80348e139a7ec9e80cd75e3cdb97ed5c42727ccbe8778370c7,2024-11-05 22:33:51.606717+00:00,en,metro.co.uk,metro.co.uk,2020-09-03,Sir David Attenborough to explore human extinction in new BBC documentary,https://metro.co.uk/2020/09/03/sir-david-attenborough-to-explore-human-extinction-in-new-bbc-documentary-13216218/
a1f4e37cda044ba4756ed3dd6a28c1881907488b83ec61723ad526b39b2de933,2024-11-05 22:07:14.346355+00:00,en,metro.co.uk,metro.co.uk,2020-08-05,New Tory planning laws will help create the slums of tomorrow,https://metro.co.uk/2020/08/05/new-tory-planning-laws-will-help-create-slums-tomorrow-13086156/
28c731e7a3a04db977e5381f6758377d3ab18f3c21e58d1bf01c1dcbb47865c3,2024-11-05 20:18:45.514373+00:00,en,dailymail.co.uk,dailymail.co.uk,2024-11-05,Prince William warns of the 'troubling reality' of the crisis facing the natural world in passionate speech,https://www.dailymail.co.uk/news/article-14044719/prince-william-south-africa-speech-united-wildlife.html?ns_mchannel=rss&ns_campaign=1490&ito=1490
86dabdab45cd777a9da5e9b29e7d56a3a660056c046c2a8efd26f827321b3fb3,2024-11-05 18:31:56.070282+00:00,en,inews.co.uk,inews.co.uk,2024-11-05,The UK is as woefully unprepared as Spain for climate change,https://inews.co.uk/opinion/the-uk-is-as-woefully-unprepared-as-spain-for-climate-change-3363925
54d38213218433c18ed76802274edd0e536120af3fca3bf6de651a7d1807f625,2024-11-05 18:27:37.962342+00:00,en,mirror.co.uk,mirror.co.uk,2024-11-05,Prince William launches world-first wildlife scheme after brutal 'assassination',https://www.mirror.co.uk/news/royals/prince-william-launches-world-first-34043476
e861ecddb20f3fe9776cafb6f05f60fcb7a59d3911bc6e57b0b8e0d72aa26847,2024-11-05 18:25:56.698724+00:00,en,standard.co.uk,standard.co.uk,2024-11-05,Robert Irwin calls Prince William’s Earthshot Prize ‘beacon of hope' for conservation,https://www.standard.co.uk/news/world/conservationist-robert-irwin-prince-william-s-earthshot-prize-planet-b1192108.html
dbbe19448739016e9fb44d304d22b5a5344b61d756e13a7f315fc70846f6c673,2024-11-05 07:59:46.697933+00:00,en,guernseypress.com,guernseypress.com,2021-11-22,New holiday park ‘would tear the heart out of ancient woodland’,https://guernseypress.com//news/uk-news/2021/11/23/new-holiday-park-would-tear-the-heart-out-of-ancient-woodland/
a3ffc1c489ff9fdfbaa2131e62c2834d207d93b61d91146c7cfb4515bc778efa,2024-11-05 06:37:08.164187+00:00,en,standard.co.uk,standard.co.uk,2021-11-23,New holiday park ‘would tear the heart out of ancient woodland’,https://www.standard.co.uk/news/uk/center-parcs-crawley-rspb-south-east-high-weald-b967857.html
6b0253ac6d9a34cc6c915733a4705aa97561480a91d452ae24fe3fed863896d6,2024-11-05 06:32:38.393256+00:00,en,jerseyeveningpost.com,jerseyeveningpost.com,2021-11-22,New holiday park ‘would tear the heart out of ancient woodland’,https://jerseyeveningpost.com/news/uk-news/2021/11/23/new-holiday-park-would-tear-the-heart-out-of-ancient-woodland/
9359c7c128e40b3469a9c7be6f7ef418501e0babdbceb89d6083c3ec518642c4,2024-11-05 05:54:34.063006+00:00,en,theconversation.com,theconversation.com,2021-11-19,Invasive species are threatening Antarctica's fragile ecosystems as human activity grows and the world warms,http://theconversation.com/invasive-species-are-threatening-antarcticas-fragile-ecosystems-as-human-activity-grows-and-the-world-warms-172058
12e261fd509b8aa38ad5962fb25029d50d29028db349a18eaee3afd80202995c,2024-11-05 04:39:41.426887+00:00,en,dailymail.co.uk,dailymail.co.uk,2021-10-25,Back to the bush: Safaris are open again - and this lodge in Kenya doesn't need a jumbo wallet,https://www.dailymail.co.uk/travel/escape/article-10121775/Back-bush-Safaris-open-lodge-Kenya-doesnt-need-jumbo-wallet.html
ac3d2c9e5680da5adf1f8e46d18c62ea2199b3c6f99f41eafd17bd8013bf9013,2024-11-05 01:36:57.383718+00:00,en,prnewswire.co.uk,prnewswire.co.uk,2021-11-24,The ESG Landscape and Economies in Transition,https://www.prnewswire.co.uk/news-releases/the-esg-landscape-and-economies-in-transition-815992665.html
a27fe0c234bf81393606b8aeb3cf5a92200209d87a61eeb4f42af28fa9c53525,2024-11-05 00:25:54.690249+00:00,en,express.co.uk,express.co.uk,2021-11-24,Center Parcs fury: Nature groups warn chain will 'tear heart' out of ancient woods,https://www.express.co.uk/news/uk/1526447/center-parcs-ancient-woods-warning-woodland-trust
acd51fabfb6f872ced231527f99a9937ec3d749af9d37d85b213bf1ef2a5fb83,2024-11-04 23:33:17.052012+00:00,en,independent.co.uk,independent.co.uk,2021-11-24,Satellite images reveal accelerated rate of tree loss in Amazon this year,https://www.independent.co.uk/climate-change/news/amazon-rainforest-loss-fires-bolsonaro-b1963837.html
048698480bc53178dc8cdca2fa9875275cae59ee1eb2b4fa1fd2267cf6606589,2024-11-04 23:19:06.383170+00:00,en,independent.co.uk,independent.co.uk,2021-11-24,"New Center Parcs would ‘tear heart out of’ ancient woodland, experts warn",https://www.independent.co.uk/news/uk/home-news/center-parcs-sussex-climate-change-b1963911.html
11e256dabc5f2878db043ffb05353d8259fd9b02f4585945f3e5f0ef18bce916,2024-11-04 15:52:59.443703+00:00,en,theguardian.com,theguardian.com,2021-11-26,"The need to trespass: let people in to protect nature, says guerrilla botanist",https://www.theguardian.com/environment/2021/nov/26/david-bangs-sussex-guerrilla-botanist-trespass-protecting-nature-aoe
f5f53c0ec9a020a8ed9f8caff4073d29e580fced867c029bafb070015c418565,2024-11-04 09:16:28.139010+00:00,en,liverpoolecho.co.uk,liverpoolecho.co.uk,2021-11-28,Fury over beach that 'looks more like a football pitch',https://www.liverpoolecho.co.uk/news/liverpool-news/fury-over-beach-looks-more-22279809
ff09d809b5ea722e15352cefb5b1f6acced9e1e41ead70215d0c69a6e9b55ddc,2024-11-04 04:12:44.821847+00:00,en,theguardian.com,theguardian.com,2021-11-30,World’s vast networks of underground fungi to be mapped for first time,https://www.theguardian.com/science/2021/nov/30/worlds-vast-networks-of-underground-fungi-to-be-mapped-for-first-time
9546e4880284545163605959a311cc32aa17d8292ebe14804e415bad8660c18a,2024-11-03 17:43:39.124134+00:00,en,theguardian.com,theguardian.com,2021-12-02,Victorian government pressed to deliver promised funding for threatened plants and animals,https://www.theguardian.com/australia-news/2021/dec/03/victorian-government-pressed-to-deliver-promised-funding-for-threatened-plants-and-animals
bf9b1203380ae85d85d46bd76dfb5560770647988732a89e462e38cc0ae8db23,2024-11-03 14:21:56.118352+00:00,en,theconversation.com,theconversation.com,2024-11-03,"Without a One Health plan, Canada is vulnerable to future pandemics",https://theconversation.com/without-a-one-health-plan-canada-is-vulnerable-to-future-pandemics-242378
c71895e39023b15f11d816adce127b0e81991d2992fdd029b530273b21e018bd,2024-11-03 10:21:00.448273+00:00,en,theguardian.com,theguardian.com,2024-11-03,We are in danger of forgetting what the climate crisis means: extinction,https://www.theguardian.com/commentisfree/2024/nov/03/we-are-in-danger-of-forgetting-what-the-climate-crisis-means-extinction
10367aba6a5f8e918c1adc536abfa652e235a5bc854f5c14e32cfd322153946f,2024-11-03 07:45:55.542046+00:00,en,standard.co.uk,standard.co.uk,2021-12-06,"Kilted Scot and his dog’s 5,000-mile trek across Canada raises £40,000",https://www.standard.co.uk/news/uk/canada-luna-justin-trudeau-trees-atlantic-b970272.html
26b34b8ca9096330ae1e0c860c31312c2cbee619e542f48e351f8b51c1955e13,2024-11-03 07:45:22.962998+00:00,en,independent.co.uk,independent.co.uk,2021-12-06,"Kilted Scot and his dog’s 5,000-mile trek across Canada raises £40,000",https://www.independent.co.uk/news/uk/canada-justin-trudeau-trees-atlantic-pacific-b1970630.html
3df38df57cf4c387c0ee8180b0033276de4d1025efd03bbce8d76d74f68c666e,2024-11-03 07:45:12.167436+00:00,en,guernseypress.com,guernseypress.com,2021-11-01,"Kilted Scot and his dog’s 5,000-mile trek across Canada raises £40,000",https://guernseypress.com//news/uk-news/2021/12/06/kilted-scot-and-his-dogs-5000-mile-trek-across-canada-raises-40000/
9c2ce845f622326749283dfa541b94821fd65dd62b733e8633f266f563d69326,2024-11-03 07:44:51.007981+00:00,en,jerseyeveningpost.com,jerseyeveningpost.com,2021-12-05,"Kilted Scot and his dog’s 5,000-mile trek across Canada raises £40,000",https://jerseyeveningpost.com/news/uk-news/2021/12/06/kilted-scot-and-his-dogs-5000-mile-trek-across-canada-raises-40000/
e1290a53b56b28ee99b685289c63f64f2bf4f0587bebf41086a565d61434128d,2024-11-03 05:20:36.736397+00:00,en,manchestereveningnews.co.uk,manchestereveningnews.co.uk,2021-12-07,Plans for 255 homes on green belt land recommended for refusal,https://www.manchestereveningnews.co.uk/news/greater-manchester-news/plans-255-homes-green-belt-22380939
a591485a0999e7000c47a859690b351fc7043b00a883b534ad1d4edad03d8513,2024-11-03 04:39:04.812696+00:00,en,dailyrecord.co.uk,dailyrecord.co.uk,2021-12-07,Kilted Scot and his dog complete trek across Canada to raise funds for charity,https://www.dailyrecord.co.uk/scotland-now/kilted-scot-dog-complete-trek-25635742
2c9729ce0eb48ba1c9ab95304737bf2ff348603666e8aa57131acbf4f8ce8ed6,2024-11-03 04:33:13.166446+00:00,en,pressat.co.uk,pressat.co.uk,2021-12-07,"One man and his dog complete epic 5,000-mile rewilding trek across Canada",https://pressat.co.uk/releases/one-man-and-his-dog-complete-epic-5000-mile-rewilding-trek-across-canada-6ffb90d328399f1fb091da77c95fecbc/
b1b68707b33f3feba073adec085cb3786b878ed14d521aa2e5a51bbaaef9fc6d,2024-11-02 23:20:20.677596+00:00,en,socialistworker.co.uk,socialistworker.co.uk,2024-11-02,"August Nimtz on the US election, picket lines and barricades",https://socialistworker.co.uk/us-elections-2024/august-nimtz-on-the-us-election-picket-lines-and-barricades/
213ac89ace21e7b69f36696922f933eca7f7e9a2982963ed56e8b6d040121d1f,2024-11-02 20:54:53.325743+00:00,en,scotsman.com,scotsman.com,2021-12-09,Pioneering salmon conservation project could hold key to saving Scotland's iconic wild fish,https://www.scotsman.com/news/environment/pioneering-salmon-conservation-project-could-hold-key-to-saving-scotlands-iconic-wild-fish-3487929
9474d24ed29d2e841bb055651e3de53414c116d5c7ad5d3249089fc918566160,2024-11-02 19:17:31.455877+00:00,en,dailymail.co.uk,dailymail.co.uk,2021-12-09,Extinction Rebellion parade burning koala with skin scorched away revealing arm and rib bones,https://www.dailymail.co.uk/news/article-10292345/Extinction-Rebellion-parade-burning-koala-skin-scorched-away-revealing-arm-rib-bones.html
92ef8e9fe3b4f9fc74cfdc54eb7f6c3fc21bdd92b2dcca6c2d5a15df5279b8de,2024-11-02 16:20:26.403274+00:00,en,theguardian.com,theguardian.com,2021-12-09,Tropical forests can regenerate in just 20 years without human interference,https://www.theguardian.com/environment/2021/dec/09/tropical-forests-can-regenerate-in-just-20-years-without-human-interference
126cf79f460f23ea379b275628ca19d29cd3477ab0919978ec7f0f6a45cc1879,2024-11-02 16:20:24.372928+00:00,en,theguardian.com,theguardian.com,2021-12-09,"Deep-sea mining may push hundreds of species to extinction, researchers warn",https://www.theguardian.com/environment/2021/dec/09/mining-may-push-hundreds-of-deep-sea-mollusc-species-to-extinction
8c1f6ef0fc3ba9f62760d7b124c89edf2626155a25593818d2eddcb3a96e874f,2024-11-02 08:16:18.489447+00:00,en,theguardian.com,theguardian.com,2021-12-06,"Monday briefing: Next pandemic could be worse, expert warns",https://www.theguardian.com/world/2021/dec/06/monday-briefing-next-pandemic
37cb371999ea62bd16c12dc7f36bd6350ce58342ddbf601f0aa40d7a07ae4979,2024-11-01 18:24:51.268074+00:00,en,britainnews.net,britainnews.net,2021-12-16,South Asia faces environmental watershed amid climate change: Experts,https://www.britainnews.net/news/271953534/south-asia-faces-environmental-watershed-amid-climate-change-experts
a7e1fb8e4d9562af4e8c883b858952c2a2adc7d89d8456e43c68a00c10963074,2024-11-01 18:17:46.359585+00:00,en,unitedkingdomnews.net,unitedkingdomnews.net,2021-12-16,South Asia faces environmental watershed amid climate change: Experts,https://www.unitedkingdomnews.net/news/271953534/south-asia-faces-environmental-watershed-amid-climate-change-experts
8ffe6cc911976846a40837db425650b42f2ef7dafe6b8bd908ebe3e6b4c86c40,2024-11-01 02:24:16.691811+00:00,en,theconversation.com,theconversation.com,2024-10-31,5 things you can do to end the biodiversity crisis as the world talks about it at COP16,https://theconversation.com/5-things-you-can-do-to-end-the-biodiversity-crisis-as-the-world-talks-about-it-at-cop16-242205
800a3676fc623a62201f170db690e90e6983e9c4bb2a062c817ef24c9f5d2846,2024-10-31 01:26:37.940019+00:00,en,independent.co.uk,independent.co.uk,2024-10-30,Fourth mass coral bleaching prompts UN emergency session at Colombia biodiversity summit,https://www.independent.co.uk/news/ap-colombia-research-thomson-france-b2638660.html
c5ef062a1e60c9bd528b6dba444e41f6a9d99685e4fb502d5217244b7d8dbeab,2024-10-30 08:22:22.366820+00:00,en,heraldscotland.com,heraldscotland.com,2024-10-30,"Is there any hope for the return of cod to the Clyde? Or is it too little, too late?",https://www.heraldscotland.com/news/24684317.clyde-cod-tragedy-will-common-fish-ever-recover/?ref=rss
6c7c844be38ed4bc1eef1f104d4c67c297a6fa71a33a05f55238534047f827cf,2024-10-28 17:32:32.390793+00:00,en,thesun.co.uk,thesun.co.uk,2024-10-28,First part of Saudi's £1tn mega-project Neom COMPLETE as resort opens doors,https://www.thesun.co.uk/news/31357122/saudi-arabia-bloodsoaked-mega-project-neom/
95e9d0cfde8438b6aa33f285000c3683729d372eb1bcf5fbf75cadeda560cf4f,2024-10-28 07:30:34.210634+00:00,en,inews.co.uk,inews.co.uk,2024-10-28,We sued our water company and won thousands of pounds,https://inews.co.uk/news/ued-water-company-odours-won-3344888
52c9d5732f8a62b63e0c53e89f762223d8390b02fb3c7d01c1de53c639dabb8d,2024-10-28 05:40:03.100633+00:00,en,scotsman.com,scotsman.com,2021-12-21,We’re working to end tragedy of homelessness,https://www.edinburghnews.scotsman.com/news/opinion/columnists/were-working-to-end-tragedy-of-homelessness-lorna-slater-3500731
8f9e7ed1ac43de0f28b6323b70c5c404359a6189d9a176b5cd4cd2ee252a4e7e,2024-10-28 04:55:41.615470+00:00,en,scotsman.com,scotsman.com,2021-12-21,Sam Wheldon-Bayes: What would Adam Smith have made of COP26?,https://www.scotsman.com/news/opinion/columnists/sam-wheldon-bayes-what-would-adam-smith-have-made-of-cop26-3500877
7490500a25d1bee52c7e7d161877d7b8984b37227e2454b8a52b65c097bd8083,2024-10-27 17:23:23.480781+00:00,en,thesun.co.uk,thesun.co.uk,2024-10-27,Inside Saudi Arabia's Neom megaproject ‘with 21k workers mysteriously DYING',https://www.thesun.co.uk/news/31302725/saudi-arabia-neom-workers-dying-slaves/
6c4002952601da37eeb8e4cc70e8a38424b29e9596032accd8c6d5b875c4992d,2024-10-25 06:17:09.600419+00:00,en,theconversation.com,theconversation.com,2024-10-24,"Stoneflies change colour in response to deforestation, suggesting humans can alter evolution – new research",https://theconversation.com/stoneflies-change-colour-in-response-to-deforestation-suggesting-humans-can-alter-evolution-new-research-242008
72dea48e6283e58181217023d4dafe6d27bfa94fb74280ea6509a7f4597dc8d8,2024-10-25 04:21:36.155334+00:00,en,theguardian.com,theguardian.com,2024-10-24,Would abandoning hope help us to tackle the climate crisis?,https://www.theguardian.com/environment/2024/oct/24/we-need-a-dash-of-hope-but-is-too-much-diverting-our-gaze-from-the-perils-of-the-climate-crisis
e254cde933adb6367aa0fb7279e043d531083b3d6c6125dbc75650606fecd478,2024-10-24 19:46:56.224665+00:00,en,dailymail.co.uk,dailymail.co.uk,2020-09-04,Sir David Attenborough says the global pandemic gives us the chance to create a better future,https://www.dailymail.co.uk/femail/article-8685833/Sir-David-Attenborough-says-global-pandemic-gives-chance-create-better-future.html?ns_mchannel=rss&ns_campaign=1490&ito=1490
47e7af4cd9734aeef3c97bc7b5332e1e14d3b5ef23265cf93cd0859244c1b9f1,2024-10-24 11:33:30.014452+00:00,en,thesun.co.uk,thesun.co.uk,2024-10-24,Construction BEGINS on ‘world's biggest building’ that can fit 20 Empire States,https://www.thesun.co.uk/tech/31277902/worlds-biggest-building-saudi-arabia/
375e18855a07c1e19b4e8bf7029fd613bdc2062a4dbfeae5ea804314fad8ed72,2024-10-24 06:16:44.895178+00:00,en,theconversation.com,theconversation.com,2020-09-07,Mammoth task: the Russian family on a resurrection quest to tackle the climate crisis,https://theconversation.com/mammoth-task-the-russian-family-on-a-resurrection-quest-to-tackle-the-climate-crisis-138142
54ba77f1a6b12ae478e8f0d04e2a817e8c449e4b50c5d65b88da1af24427d463,2024-10-24 05:42:39.566704+00:00,en,theconversation.com,theconversation.com,2020-09-07,The new UK Climate and Ecological Emergency Bill is exactly what we need – here's why,https://theconversation.com/the-new-uk-climate-and-ecological-emergency-bill-is-exactly-what-we-need-heres-why-145522
b794cdea17c0a266b6aade5743129db1c0e23e44ea2936ef546e6c7a6a01a5af,2024-10-24 05:14:05.303674+00:00,en,theconversation.com,theconversation.com,2020-09-02,New research reveals these 20 Australian reptiles are set to disappear by 2040,https://theconversation.com/new-research-reveals-these-20-australian-reptiles-are-set-to-disappear-by-2040-145385
3dff6443058ace26e0a78685236613cf4cfcab2ef99e2d461af07402a0c94b24,2024-10-24 04:03:43.981651+00:00,en,express.co.uk,express.co.uk,2020-09-08,Humans causing extinction of mammals at 'unprecedented' rate,https://www.express.co.uk/news/science/1332966/human-activity-mammal-extinction-animal-kingdom-climate-change
f9cbccea1e8b854cb8d57154ed48580f50c1b0308956b23b8dd21b6600616c9c,2024-10-24 01:47:23.818536+00:00,en,dailymail.co.uk,dailymail.co.uk,2020-09-10,Nature in 'freefall': Global wildlife populations have declined by more than two thirds since 1970,https://www.dailymail.co.uk/sciencetech/article-8714663/Nature-freefall-Global-wildlife-populations-declined-two-thirds-1970.html?ns_mchannel=rss&ito=1490&ns_campaign=1490
cf083bc30d19290a40ecfdd8a35028bc7521f5c22e8bb7e9fd8d3596177a5251,2024-10-23 22:12:06.190423+00:00,en,dailymail.co.uk,dailymail.co.uk,2020-09-10,Conservation: At least 28 bird and mammal species have been saved from extinction since 1993,https://www.dailymail.co.uk/sciencetech/article-8717655/Conservation-28-bird-mammal-species-saved-extinction-1993.html?ns_mchannel=rss&ns_campaign=1490&ito=1490
e17f674289c820fa7488c9a7950ff5c103d75449de59075b0451b94e9a9a542d,2024-10-23 20:37:55.903696+00:00,en,heraldscotland.com,heraldscotland.com,2020-09-13,Scotland's native species under threat from new post-Brexit trade routes,https://www.heraldscotland.com/news/18715897.scotlands-native-species-threat-new-post-brexit-trade-routes/?ref=rss
95ff6649c42371469844e4a77c613fbc1a2c4913b4cbff63fc809c48affc38ff,2024-10-23 20:05:58.747318+00:00,en,metro.co.uk,metro.co.uk,2020-09-13,David Attenborough warns humanity is facing a crisis with ‘grave consequences',https://metro.co.uk/2020/09/13/sir-david-attenborough-warns-humanity-is-facing-a-crisis-with-grave-consequences-for-all-13266119/
41148fbb6a8abb1ee704acff2923e4e2573af816bd6d413ff63f0fadb9b05e26,2024-10-23 19:38:52.665203+00:00,en,theconversation.com,theconversation.com,2020-09-14,"How bushfires and rain turned our waterways into 'cake mix', and what we can do about it",https://theconversation.com/how-bushfires-and-rain-turned-our-waterways-into-cake-mix-and-what-we-can-do-about-it-144504
fa54f17913274ffe0a93356f2b063a669d97d86dd4defd36558c33529b24d44c,2024-10-23 19:37:53.371871+00:00,en,independent.co.uk,independent.co.uk,2020-09-14,Tackling the extinction crisis is everyone’s responsibility – and time is running short,https://www.independent.co.uk/voices/david-attenborough-extinction-facts-bbc-climate-change-wildlife-b434388.html
47e10072e3b7cfed07cec5dd5bba943c9a34f8284600589da2d461313ee2cb70,2024-10-23 18:17:19.772763+00:00,en,express.co.uk,express.co.uk,2024-10-23,Beautiful country will be 'underwater by 2050' with 135k locals forced to move,https://www.express.co.uk/news/world/1966230/kiribati-beautiful-country-underwater-2050-people-forced-move
9d3a88072fdf2622804465002c2a26151f15c3be5e9b589e1c02931fcc70186b,2024-10-23 18:15:20.326835+00:00,en,theguardian.com,theguardian.com,2020-09-14,The wellness realm has fallen into conspiritualism – I have a sense why,https://www.theguardian.com/books/2020/sep/15/the-wellness-realm-has-fallen-into-conspiritualism-i-have-a-sense-why
b7e9f7c5f3aab9939e4cee272cda52102633fe236e420101a897d8c880e38168,2024-10-23 17:46:45.679172+00:00,en,metro.co.uk,metro.co.uk,2020-09-15,Sir David Attenborough wins third consecutive Emmy after plea to save planet,https://metro.co.uk/2020/09/15/sir-david-attenborough-94-wins-emmy-award-for-seven-worlds-one-planet-after-harrowing-plea-to-save-the-planet-13273639/
fd1c9f7060e0879f6a9ab651deeb33f1574d4fdaa4b7fd352f463a7071fc6419,2024-10-23 16:23:17.891609+00:00,en,metro.co.uk,metro.co.uk,2020-09-16,Countries are failing to stop 'unprecedented' biodiversity loss,https://metro.co.uk/2020/09/16/countries-are-failing-to-stop-unprecedented-biodiversity-loss-13275779/
1d7273e24916937b15bcea122df67edbe244e17357cb7b26b08ce063677742ab,2024-10-23 15:46:54.252677+00:00,en,mirror.co.uk,mirror.co.uk,2020-09-16,Sir David Attenborough 'terrifies' fans with prediction for the future,https://www.mirror.co.uk/tv/tv-news/sir-david-attenborough-terrifies-fans-22693064
bb7da0cdd5877597f64b9b52e1115ef4a99537f87edd2255a92a9fbbf2836aef,2024-10-23 15:35:19.770662+00:00,en,metro.co.uk,metro.co.uk,2020-09-16,"To have any chance of saving the Earth, we must start living within its limits",https://metro.co.uk/2020/09/16/saving-the-earth-start-living-within-its-limits-13280972/
0ac84e7cbd034101ddd5c82a06882fb69122fd3539f229659f47c8bb0b9298e4,2024-10-23 15:25:52.724280+00:00,en,theguardian.com,theguardian.com,2020-09-16,Scott Morrison’s ‘gas-led recovery’: what is it and will it really make energy cheaper?,https://www.theguardian.com/environment/2020/sep/17/scott-morrisons-gas-led-recovery-what-is-it-and-will-it-really-make-energy-cheaper
55142eb979df660b76ab4615761a4694a82957a53981f69b2fe86785cd09f1d6,2024-10-23 15:25:52.537554+00:00,en,theguardian.com,theguardian.com,2020-09-16,How Australia's meat industry could be part of the climate solution,https://www.theguardian.com/australia-news/2020/sep/17/how-australias-meat-industry-could-be-part-of-the-climate-solution
b9f57b5330ba04a4ab154fd8aba0e67ea878b92e3992a68352746020723e7d54,2024-10-23 04:45:40.410378+00:00,en,independent.co.uk,independent.co.uk,2020-09-23,From slow sleeping hummingbirds to warring woodpeckers,https://www.independent.co.uk/news/science/science-news-sleeping-hummingbirds-cooking-pot-species-extinction-stars-woodpecker-war-b482187.html
920cbdca9982056f43c592661b6fea7abaa821eb5dc69abc8b2e0defdda86ca8,2024-10-22 20:40:58.577928+00:00,en,dailymail.co.uk,dailymail.co.uk,2020-09-28,Sixty-four world leaders back plan to save Earth from a 'planetary state of emergency',https://www.dailymail.co.uk/news/article-8780331/Sixty-four-world-leaders-plan-save-Earth-planetary-state-emergency.html?ns_mchannel=rss&ns_campaign=1490&ito=1490
933c0ba3ae5d6032902f7dac611869f63e1c9b4982a3881351630f7a1ad7bd70,2024-10-22 20:11:33.389704+00:00,en,independent.co.uk,independent.co.uk,2020-09-28,World leaders pledge to ‘reverse’ destruction of natural world by 2030,https://www.independent.co.uk/environment/biodiversity-summit-un-30x30-natural-world-protection-wildlife-b672588.html
082740c8cff3e992cf0b388bff5221f2a6cbd033b4411dbe348f298b6ddec17b,2024-10-22 19:34:48.625580+00:00,en,economist.com,economist.com,2020-09-19,Citizens’ assemblies are increasingly popular,https://www.economist.com/international/2020/09/19/citizens-assemblies-are-increasingly-popular
34c0af93525ad74a01d7993f3c19ef2609c026cf2727abdc2efd35ab518d3201,2024-10-22 18:22:56.592572+00:00,en,morningstaronline.co.uk,morningstaronline.co.uk,2020-09-29,‘A law for the future of a liveable planet’,https://morningstaronline.co.uk/article/f/law-future-liveable-planet
80df87fa482662baa4761342c7983ab373066a155146c5e4c288fd793f732a10,2024-10-22 18:20:13.062395+00:00,en,independent.co.uk,independent.co.uk,2020-09-29,"US, China, Australia and Brazil refuse to sign pledge to reverse damage to natural world",https://www.independent.co.uk/environment/biodiversity-summit-un-30x30-us-china-australia-brazil-scott-morrison-jair-bolsonaro-b693593.html
e42f312e0e5d7369d3c99fb43b4eb298bf7fe498d1ce46000b299e46ab1bb02d,2024-10-22 17:05:24.442608+00:00,en,independent.co.uk,independent.co.uk,2020-09-30,"As Brazil's wetlands burned, government did little to help",https://www.independent.co.uk/news/brazils-wetlands-burned-government-did-little-help-brazil-government-jaguars-wetlands-wetlands-b718759.html
4dff54566c74ace132c633c78223d09d6384611b702991110de879b27ade8ecc,2024-10-22 16:04:33.137757+00:00,en,theconversation.com,theconversation.com,2020-10-01,'You wake up with lab-engineered coffee': how our imaginations can help decide Earth's future,https://theconversation.com/you-wake-up-with-lab-engineered-coffee-how-our-imaginations-can-help-decide-earths-future-145167
b6f8060965431c7ea02394c685ca012cd4577f98b5d362e0b9d58edda71c0356,2024-10-22 15:59:22.797914+00:00,en,mirror.co.uk,mirror.co.uk,2020-10-01,Prime Minister vows to protect nature as ancient woods are bulldozed,https://www.mirror.co.uk/news/uk-news/tears-rage-hs2-killing-field-22770940
a6a9c38eeb42559dad11a430a431d9c78a8789bdfea6d6a293586db7e92ac0ee,2024-10-22 15:44:59.227688+00:00,en,independent.co.uk,independent.co.uk,2020-10-01,Opinion: Terrifying wildlife losses show the extinction end game has begun,https://www.independent.co.uk/voices/wildlife-loss-humans-population-agriculture-extinction-b738367.html
03e2f7aeadedf81f822145e6d2c6ccfe3bfb11d38e6fe1f26b97825ad5a0ce3a,2024-10-22 15:30:35.016563+00:00,en,dailymail.co.uk,dailymail.co.uk,2020-10-01,"Around 2,500 new alien species predicted to arrive in Europe by 2050",https://www.dailymail.co.uk/sciencetech/article-8793175/Around-2-500-new-alien-species-predicted-arrive-Europe-2050-experts.html?ns_mchannel=rss&ito=1490&ns_campaign=1490
5f9dca4e8f12c86bcd90755314cb8b1d3cef270151df2e42f63d32b6fd1907ea,2024-10-22 14:29:00.620194+00:00,en,theconversation.com,theconversation.com,2024-10-22,How finance can be part of the solution to the world’s biodiversity crisis,https://theconversation.com/how-finance-can-be-part-of-the-solution-to-the-worlds-biodiversity-crisis-241829
195bccc806440a20c43c1dd4546b9f5087ce2b4c6aef10d51af9f86252a80872,2024-10-22 13:05:02.808754+00:00,en,sky.com,sky.com,2020-09-11,latest news updates: Daily cases hit four-month high as new restrictions announced for UK regions,https://news.sky.com/story/coronavirus-live-latest-news-updates-heathrow-airport-passenger-numbers-fall-by-81-5-in-august-12068636
ed97c9a93c342e9a5eaf951e30e4633a016be8ca90fd984e216841700ad5ec94,2024-10-22 12:34:42.946507+00:00,en,theguardian.com,theguardian.com,2020-09-29,Narrabri gas project: do we need it and what's at stake for Australia's environment?,https://www.theguardian.com/environment/2020/sep/30/narrabri-gas-project-do-we-need-it-and-whats-at-stake-for-australias-environment
e4445cbdf5dff88292246eb9ae83841e2e649a7e00f2740910b873615b223363,2024-10-22 12:29:34.669954+00:00,en,theguardian.com,theguardian.com,2020-09-16,The megafires and pandemic expose the lies that frustrate action on climate change,https://www.theguardian.com/australia-news/2020/sep/17/the-megafires-and-pandemic-expose-the-lies-that-frustrate-action-on-climate-change
641a069500020c185632e5fe476a3e55e4d727c511257385f64b3838588a08f1,2024-10-22 11:59:59.279651+00:00,en,independent.co.uk,independent.co.uk,2020-09-23,The Russian family tackling the climate crisis the prehistoric way,https://www.independent.co.uk/environment/russia-family-climate-crisis-prehistory-mammoth-b485369.html
6e58875a3817c36010bcbeb6a267efb6c23a2f69278297b108dcd012f49dcc32,2024-10-22 11:11:42.463809+00:00,en,theguardian.com,theguardian.com,2020-09-11,Indigenous leaders say Rio Tinto dumping executives must be beginning of genuine transformation,https://www.theguardian.com/business/2020/sep/12/indigenous-leaders-say-rio-tinto-dumping-executives-must-be-beginning-of-genuine-transformation
6549eb3d754a23c182740fa58fb5e11e5762fd9401fdc0a3d121056d418fcd91,2024-10-22 11:07:32.693482+00:00,en,theguardian.com,theguardian.com,2020-09-27,World leaders pledge to halt Earth’s destruction ahead of UN summit,https://www.theguardian.com/environment/2020/sep/28/world-leaders-pledge-to-halt-earth-destruction-un-summit
13c9728d87a209a1b0183ef1862a0724eb736e24af2c66c29617dcc77eb3ba38,2024-10-22 10:52:49.589453+00:00,en,theguardian.com,theguardian.com,2020-09-03,Why are elephants dying? The race to solve the mystery of mass die-offs,https://www.theguardian.com/environment/2020/sep/03/why-are-elephants-dying-the-race-to-solve-the-mystery-of-mass-die-offs-aoe
aa249253e605129227de5ad3605d928e2fd0aecc7017f57dc569a34eec0dc796,2024-10-22 09:50:25.592140+00:00,en,theguardian.com,theguardian.com,2020-10-05,Papillon the bear: how the 'escape genius' sparked a national debate in Italy,https://www.theguardian.com/environment/2020/oct/05/papillon-the-bear-how-the-escape-genius-sparked-a-national-debate-in-italy-aoe
76786d22075d30cfd143886c21022ed8861d726bbc79d0d5aa688ab17bdfabb1,2024-10-22 05:41:38.681907+00:00,en,metro.co.uk,metro.co.uk,2020-09-03,Sir David Attenborough to explore extinction in new BBC documentary,https://metro.co.uk/2020/09/03/sir-david-attenborough-to-explore-human-extinction-in-new-bbc-documentary-13216218/?ito=article.desktop.share.top.facebook
ee6c805045bfabfd2ee5333b1fc538182f2dae4e517a937ef978d15316bdf83f,2024-10-22 05:39:36.903516+00:00,en,theguardian.com,theguardian.com,2020-09-27,World leaders pledge to halt Earth’s destruction ahead of UN summit,https://www.theguardian.com/environment/2020/sep/28/world-leaders-pledge-to-halt-earth-destruction-un-summit?CMP=share_btn_fb
78b7ea77f1be7ee6e203448269f373a0f91d02fdc86743c4d729ab28c3ecf852,2024-10-22 04:36:17.420280+00:00,en,dailymail.co.uk,dailymail.co.uk,2020-10-08,Prince William unveils celebrities and philanthropists among panel for £50m Earthshot Prize,https://www.dailymail.co.uk/femail/article-8819135/Prince-William-unveils-celebrities-philanthropists-panel-50m-Earthshot-Prize.html?ns_mchannel=rss&ito=1490&ns_campaign=1490
739a24cc5c02932bf30acdf6af268df4468ad768864931082ea8aa3501f7f12b,2024-10-22 04:25:44.607596+00:00,en,dailymail.co.uk,dailymail.co.uk,2020-10-08,The billionaires behind Prince William's £50m Earthshot Prize revealed,https://www.dailymail.co.uk/news/article-8818863/The-billionaires-Prince-Williams-50m-Earthshot-Prize-revealed.html?ns_mchannel=rss&ns_campaign=1490&ito=1490
bb58d5034c000d2d2cb25667891264f9ab8c48965754b0f0207fd83480974a06,2024-10-22 00:22:10.985048+00:00,en,dailymail.co.uk,dailymail.co.uk,2020-10-10,Prince William claims decade is 'most consequential period in history' in climate change TED Talk,https://www.dailymail.co.uk/femail/article-8826407/Prince-William-claims-decade-consequential-period-history-climate-change-TED-Talk.html?ns_mchannel=rss&ns_campaign=1490&ito=1490
342e017f9501ca45fcfc895220897dc5fac2cfe8d2684c59bd0eada1a38e11ff,2024-10-21 21:51:21.413037+00:00,en,pressat.co.uk,pressat.co.uk,2020-10-12,Dresden Celebrates 75th Anniversary of the United Nations,https://pressat.co.uk/releases/dresden-celebrates-75th-anniversary-of-the-united-nations-62ae3b7a6fe7a84eddce111719e54380/
7e174f7cd1cac368432bf18b359cd16e7ea44f3366669373e7b7e17ff4e2fbc4,2024-10-21 18:54:00.088312+00:00,en,theguardian.com,theguardian.com,2020-10-14,Biden's lead and Johnson's Covid storm: inside the 16 October Guardian Weekly,https://www.theguardian.com/news/2020/oct/14/bidens-lead-and-johnsons-covid-storm-inside-the-16-october-guardian-weekly
48f880cf27c374a400be526d50de6a1548ef888968e61d005b077505530aa66a,2024-10-21 18:40:43.607965+00:00,en,dailymail.co.uk,dailymail.co.uk,2020-10-14,Puffins will be driven to extinction by plan to power UK with offshore wind energy by 2030 says RSPB,https://www.dailymail.co.uk/news/article-8838183/Puffins-driven-extinction-plan-power-UK-offshore-wind-energy-2030-says-RSPB.html?ns_mchannel=rss&ns_campaign=1490&ito=1490
7b93cc9697f5253732c34e974a60316eff51d3f0a06eaf07fff640344b9990c0,2024-10-21 12:06:27.494296+00:00,en,telegraph.co.uk,telegraph.co.uk,2020-10-13,"Seabirds face extinction if Government pursues wind farm plan, RSPB warns",https://www.telegraph.co.uk/news/2020/10/13/seabirds-face-extinction-government-pursues-wind-farm-plan-rspb/
b44ab81b0cce4a33a2e2e39c005c5484e97da4567285d450c1cdcd1b024f98e8,2024-10-21 09:19:55.201904+00:00,en,theguardian.com,theguardian.com,2020-10-19,Vast majority of Europe's key habitats in poor or bad condition – report,https://www.theguardian.com/environment/2020/oct/19/vast-majority-europe-key-habitats-poor-bad-condition-report
3d0e216146ae768924d45d07e0dc54632ddc2cf26f865d2e6b5d7f9cdda62579,2024-10-21 05:05:38.293520+00:00,en,independent.co.uk,independent.co.uk,2020-10-22,"Preventable environmental factors to blame for 15% of deaths across Mediterranean, UN says",https://www.independent.co.uk/environment/air-pollution-deaths-mediterranean-environment-unep-b1220966.html
47002f2e366281af810a60f08e2e032adf912ea82d669d10f1ba5e76399fd2ac,2024-10-21 03:23:15.889761+00:00,en,guernseypress.com,guernseypress.com,2024-10-20,Countries gather for UN biodiversity summit to negotiate halting nature crisis,https://guernseypress.com/news/uk-news/2024/10/20/countries-gather-for-un-biodiversity-summit-to-negotiate-halting-nature-crisis/
7f520472d7210ccf503560a471d204530c4f49dfe1bf117b971d9d2afcfbcef0,2024-10-21 01:20:00.393614+00:00,en,standard.co.uk,standard.co.uk,2024-10-20,Countries gather for UN biodiversity summit to negotiate halting nature crisis,https://www.standard.co.uk/news/environment/government-countries-colombia-uk-government-david-lammy-b1188998.html
47409617ca8dcbc3b148ba482c9068913e9484d08e17f631e79f70fc74c1726a,2024-10-20 23:22:27.467804+00:00,en,jerseyeveningpost.com,jerseyeveningpost.com,2024-10-21,Countries gather for UN biodiversity summit to negotiate halting nature crisis,https://jerseyeveningpost.com/morenews/uknews/2024/10/21/countries-gather-for-un-biodiversity-summit-to-negotiate-halting-nature-crisis/
b5a40decc8d34e8827965b8710e26daf1883b9136d4e9fac5903979f14e2d85b,2024-10-20 22:52:53.743488+00:00,en,theconversation.com,theconversation.com,2020-10-26,The war against plastic is distracting us from pollution that cannot be seen,https://theconversation.com/the-war-against-plastic-is-distracting-us-from-pollution-that-cannot-be-seen-147161
3136bfe0fc84f05e9ed4c7bc21fcc6128b4b60e106334240f07dc22d79f81da0,2024-10-20 21:59:47.066787+00:00,en,walesonline.co.uk,walesonline.co.uk,2020-10-26,Three new catering pitches proposed for Cardiff’s Bute Park,https://www.walesonline.co.uk/news/politics/bute-park-catering-appliation-council-19142268
8715ac035debc5a4742153a70c41fc7554941aa19de52c6394354caa2c80adc8,2024-10-20 21:59:27.277470+00:00,en,telegraph.co.uk,telegraph.co.uk,2020-08-10,‘By destroying nature we destroy ourselves’,https://www.telegraph.co.uk/business/how-to-be-green/by-destroying-nature-we-destroy-ourselves/
8b93a1b10b2f4814d833cf9c67273717913307453e45fdebbb739e8230567ad0,2024-10-20 21:04:06.914604+00:00,en,britainnews.net,britainnews.net,2020-10-28,Why all human rights depend on a healthy environment,http://www.britainnews.net/news/266807760/why-all-human-rights-depend-on-a-healthy-environment
45b42be91974b0fc6fff3fa10710e8cc550d2cca6302fc85615af1d28ae7f1cc,2024-10-20 20:48:34.294821+00:00,en,theuknews.com,theuknews.com,2020-10-28,Why all human rights depend on a healthy environment,http://www.theuknews.com/news/266807760/why-all-human-rights-depend-on-a-healthy-environment
d8c373ffe2e610f3e1b9d09711ec7fee917a8e4f7564fedc3d55e51630b88fc6,2024-10-20 20:27:11.634927+00:00,en,unitedkingdomnews.net,unitedkingdomnews.net,2020-10-28,Why all human rights depend on a healthy environment,http://www.unitedkingdomnews.net/news/266807760/why-all-human-rights-depend-on-a-healthy-environment
77bd2a7da48b33194bd6719da4aa7dee1b4fb125f2c57b9a7ea79f9d5691da8b,2024-10-20 20:17:05.498037+00:00,en,theconversation.com,theconversation.com,2020-10-27,Why all human rights depend on a healthy environment,https://theconversation.com/why-all-human-rights-depend-on-a-healthy-environment-148689
5ab409206eff244fba8163fe4a22c3430250370b05bf02bfc647b87edd3ba7ff,2024-10-20 17:18:00.747981+00:00,en,dailymail.co.uk,dailymail.co.uk,2020-10-29,"Pandemics: experts warn there are up to 850,000 viruses in animals that could infect humans",https://www.dailymail.co.uk/sciencetech/article-8893429/Worse-pandemics-come-without-action-curb-harm-nature-report-warns.html?ns_mchannel=rss&ito=1490&ns_campaign=1490
6d0b59101cacded46f77bec014a1a46eb7ccd52b8c35ad147f1503442ab3a974,2024-10-20 16:28:38.647667+00:00,en,theguardian.com,theguardian.com,2020-08-11,Where can you be safe in this world? Maybe we're asking the wrong question,https://www.theguardian.com/australia-news/2020/aug/12/where-can-you-be-safe-in-this-world-maybe-were-asking-the-wrong-question
26739e0b85a508e3f4b7359ffc277a7c759dab33cb611830a7ca83f473ebf53a,2024-10-20 16:14:39.115412+00:00,en,dailystar.co.uk,dailystar.co.uk,2020-10-30,"Up to 850k viruses with pandemic potential lurking in animals, scientists warn",https://www.dailystar.co.uk/news/world-news/up-850000-viruses-pandemic-potential-22930229
c13d008bc362d539f8175441c046c2bae1949d491247a903fe47b72dc73feeae,2024-10-20 16:13:24.859132+00:00,en,dailyrecord.co.uk,dailyrecord.co.uk,2020-10-30,"Conservationists say CTLR will lead to ""tragic"" loss of ancient woodland",https://www.dailyrecord.co.uk/news/local-news/conservationists-say-ctlr-lead-tragic-22931087
3e293ab195e1119594485c2d9416b08b596081f887048140d3be138abcd3a340,2024-10-20 10:36:43.506317+00:00,en,theguardian.com,theguardian.com,2020-11-03,‘Mind-boggling variety’: the food crusaders preserving India’s heritage,https://www.theguardian.com/environment/2020/nov/03/mind-boggling-variety-the-food-crusaders-preserving-indias-heritage-aoe
bf3d7bd9d51dc11600fe972ca7838700e7bab2dbd0088739be9605b11a0ca04e,2024-10-20 10:24:12.920453+00:00,en,pressat.co.uk,pressat.co.uk,2024-10-19,"The Planet is in Crisis, and We All Have A Part To Play",https://pressat.co.uk/releases/the-planet-is-in-crisis-and-we-all-have-a-part-to-play-charity-calls-for-refocus-and-rethink-around-cop16-bfe517e97f10ec0c176446a692535751/
6e4e385cb8f63cac2c9ad656d76ed91d3d470a226ad0f7ef53179e71ef1c8023,2024-10-20 08:01:30.294200+00:00,en,theconversation.com,theconversation.com,2020-11-04,Prehistoric communities off the coast of Britain embraced rising seas – what this means for today's island nations,https://theconversation.com/prehistoric-communities-off-the-coast-of-britain-embraced-rising-seas-what-this-means-for-todays-island-nations-147879
19c0007ada42700c8aebb7badca9f299864ffecb29f73d9496976e26b2eae62b,2024-10-20 06:12:14.806096+00:00,en,theconversation.com,theconversation.com,2020-11-05,Global food system emissions alone threaten warming beyond 1.5°C – but we can act now to stop it,https://theconversation.com/global-food-system-emissions-alone-threaten-warming-beyond-1-5-c-but-we-can-act-now-to-stop-it-149312
5217122fdb6eaf8b86de1015aedf60102624b7ffc149c9ac01979568324c5860,2024-10-19 22:48:47.410939+00:00,en,independent.co.uk,independent.co.uk,2020-11-10,Dozens of elephants risk being sold to Chinese circuses when Covid restrictions end,https://www.independent.co.uk/news/world/elephants-gentle-giants-campaign-china-circus-logging-b1720381.html
c4424ecce6290046de6a65e0aa5013239d134d5da6ba39cbc1c2df264d28e967,2024-10-19 19:02:18.933115+00:00,en,thesun.co.uk,thesun.co.uk,2020-09-05,What is Extinction Rebellion and what are XR's demands?,https://www.thesun.co.uk/news/8772905/extinction-rebellion-protests-london/
9f79586c30000e3bbc13d25f2d05757e743622aaef218d10379d9b6fedf6790e,2024-10-19 18:36:09.149282+00:00,en,eveningexpress.co.uk,eveningexpress.co.uk,2020-11-13,Readers' Letters: Fireworks law needs rethink,https://www.eveningexpress.co.uk/fp/news/opinion/readers-letters/readers-letters-fireworks-law-needs-rethink/
df578020d9d8df2f348ba898eaade0d9365fb6b7e60c40fb34b1cbd05df045fc,2024-10-19 16:24:13.508236+00:00,en,theguardian.com,theguardian.com,2020-11-14,Suing for climate action: can the courts save us from the black hole of political inaction?,https://www.theguardian.com/australia-news/2020/nov/15/suing-for-climate-action-can-the-courts-save-us-from-the-black-hole-of-political-inaction
ee17918595b449cddd8e0974af8e16533ed6172172eacd34be1b5cd5661b2571,2024-10-19 16:12:51.949308+00:00,en,sky.com,sky.com,2020-11-14,Prince Charles to stress importance of UK and Germany bond on historic visit,http://news.sky.com/story/prince-charles-to-stress-importance-of-uk-and-germany-bond-on-historic-visit-12132797
325ef5952edc5a23190e5cbe038c651e516f5f286dac10ab66c4cd9cc46b78cf,2024-10-19 14:40:08.565852+00:00,en,theguardian.com,theguardian.com,2020-11-14,"Big UK offshore windfarms push risks harming habitats, say campaigners",https://www.theguardian.com/environment/2020/nov/14/big-uk-offshore-windfarms-push-risks-harming-habitats-say-campaigners
f97d68543de9f1076f24a4509ec59e03e03d8e3377ab9027ceb6da00913254e1,2024-10-19 13:51:56.466736+00:00,en,theguardian.com,theguardian.com,2020-10-23,David Pocock: 'I’ve got a lot more comfortable just being a bit weird and different',https://www.theguardian.com/sport/2020/oct/24/david-pocock-ive-got-a-lot-more-comfortable-just-being-a-bit-weird-and-different
3d5387195ee569d2cca2a2887d94683ac1ca2d5c0d1159824d726efd7d1d0f15,2024-10-19 13:28:54.412031+00:00,en,dailymail.co.uk,dailymail.co.uk,2020-11-11,Battle ensues over the Heart of England Forest trust,https://www.dailymail.co.uk/news/article-8939987/Battle-ensues-Heart-England-Forest-trust.html?ns_mchannel=rss&ns_campaign=1490&ito=1490
20ff07f155e769e80f5ca74becdfab3f4a878a85b503ccfeec03d562b26068ea,2024-10-19 12:57:15.822836+00:00,en,independent.co.uk,independent.co.uk,2020-11-17,Duterte renews climate justice call following typhoons in Philippines — but will rich nations listen?,https://www.independent.co.uk/environment/climate-change/duterte-philippines-typhoon-climate-change-b1722787.html
bb8fc080da87a56ac91d4bfe6d5cc335591d7119a5e3d8af0220933333bfc61c,2024-10-19 11:58:19.776448+00:00,en,mirror.co.uk,mirror.co.uk,2020-11-17,Prince Charles warns humans 'need four planets like Earth to survive',https://www.mirror.co.uk/news/uk-news/prince-charles-warns-humans-need-23026780
c39bac9eb0eaf9e261bb342ff122c9e5d5450bae4f2440a4d9c07646769f3535,2024-10-19 09:47:35.602858+00:00,en,independent.co.uk,independent.co.uk,2020-11-19,"Normality got us into the mess of the Covid-19 pandemic – a return to it won’t help us, vaccine or not",https://www.independent.co.uk/voices/normality-got-us-into-the-mess-of-the-covid19-pandemic-a-return-to-it-won-t-help-us-vaccine-or-not-b1724981.html
4c3a4ad79cd025e743edd16831aafaa4f194a65c399047c0ac3b601f610b12d4,2024-10-19 09:21:48.946655+00:00,en,theguardian.com,theguardian.com,2020-11-19,The 'market' won't save us from climate disaster. We must rethink our system,https://www.theguardian.com/commentisfree/2020/nov/19/climate-crisis-markets-economic-system
df9ac1cebc3b6a85deab12205a1c42d567228d48c1e33ea0a3ac68249f089fd3,2024-10-18 23:08:13.740774+00:00,en,theguardian.com,theguardian.com,2020-10-09,Britain must nurture its scientific expertise to help save the world from climate crisis,https://www.theguardian.com/environment/commentisfree/2020/oct/09/britain-scientific-expertise-save-world-climate-crisis-energy-sustainable-food
32b6a4cfba3bb3129afbf11b760d209927465361eeeb6ceceb442c879ff13132,2024-10-18 23:03:01.795002+00:00,en,theguardian.com,theguardian.com,2020-11-25,"Narrabri gas project should not have been approved while Santos plans remain uncertain, opponents say",https://www.theguardian.com/australia-news/2020/nov/26/narrabri-gas-project-should-not-have-been-approved-while-santos-plans-remain-uncertain-opponents-say
06a4f4681afbda8cf726c06c654775ca43210fee56d2e973787b5491b2c6f54c,2024-10-18 22:07:20.559617+00:00,en,dailymail.co.uk,dailymail.co.uk,2020-11-26,His Royal Spine-ness! Prince Charles adopts three baby HEDGEHOGS,https://www.dailymail.co.uk/news/article-8990017/His-Royal-Spine-ness-Prince-Charles-adopts-three-baby-HEDGEHOGS.html?ns_mchannel=rss&ito=1490&ns_campaign=1490
3b93b457c163cdf2df65e1579526fd8a1140bd3b316986e09a4f08cc2b1de889,2024-10-18 19:54:40.478432+00:00,en,theguardian.com,theguardian.com,2020-11-26,‘Large-scale human rights violations’ taint Congo national park project,https://www.theguardian.com/world/2020/nov/26/you-have-stolen-our-forest-rights-of-baka-people-in-the-congo-ignored
d80279bb6ff9ee9432dd19b937d4296e55cf7c1d5ed2b4d94df5114f3decd0a0,2024-10-18 13:15:14.552598+00:00,en,theguardian.com,theguardian.com,2020-12-02,"Humanity is waging war on nature, says UN secretary general",https://www.theguardian.com/environment/2020/dec/02/humanity-is-waging-war-on-nature-says-un-secretary-general-antonio-guterres
7463467d72589c5d81609d80646ac6c1b5493fc79fd2791cb8b9edc731b151fb,2024-10-18 11:51:23.643675+00:00,en,theguardian.com,theguardian.com,2020-12-02,Norman Foster pulls out of climate coalition in row over aviation,https://www.theguardian.com/artanddesign/2020/dec/02/norman-foster-pulls-out-of-climate-coalition-in-row-over-aviation
510a879bac367c6c11e01c3b541bcf1367a3d6733ea39715b1575722291536ee,2024-10-18 07:26:40.101476+00:00,en,theguardian.com,theguardian.com,2020-12-04,"Global soils underpin life but future looks ‘bleak’, warns UN report",https://www.theguardian.com/environment/2020/dec/04/global-soils-underpin-life-but-future-looks-bleak-warns-un-report
51dac2b928f5048b8225ec27288728a36f5b0939967b51018965d205c70082de,2024-10-18 06:35:24.626820+00:00,en,telegraph.co.uk,telegraph.co.uk,2020-11-14,I won't let the bleeding heart eco-woke ride roughshod over our countryside,https://www.telegraph.co.uk/news/2020/11/14/wont-let-bleeding-heart-eco-woke-ride-roughshod-countryside/?li_source=LI&li_medium=liftigniter-rhr
0117ad67d6e6ed9cc131069f9b9e2989106dbfce7118d2b602acb0f6073d5c5b,2024-10-18 06:04:13.951303+00:00,en,theconversation.com,theconversation.com,2020-12-06,"It might be the world's biggest ocean, but the mighty Pacific is in peril",https://theconversation.com/it-might-be-the-worlds-biggest-ocean-but-the-mighty-pacific-is-in-peril-150745
71e4b3bbdf7aa3111fd8a7a7c3213e0a0f454fe6a1bf6d23d442cf10acfa7bfe,2024-10-18 05:09:39.368693+00:00,en,theguardian.com,theguardian.com,2020-12-07,VicForests allowed to resume logging despite risk of ‘irreversible damage’ in fire-hit Gippsland,https://www.theguardian.com/environment/2020/dec/08/vicforests-allowed-to-resume-logging-despite-risk-of-irreversible-damage-in-fire-hit-gippsland
e34274a3ffca3c297dd16ddcdc55f6ff80cc12004b036f7a865d804f3614ddf4,2024-10-18 04:57:46.463527+00:00,en,theguardian.com,theguardian.com,2020-12-07,"Morning mail: Morrison retracts Rudd falsehood, mystery illness in India, Indigenous gifts",https://www.theguardian.com/australia-news/2020/dec/08/morning-mail-morrison-retracts-rudd-falsehood-mystery-illness-in-india-indigenous-gifts
5e686b16cbbb2e8f3bc3dc5f24695a087bf2b2fc192db6c43132fde4dc26247c,2024-10-18 04:18:03.223635+00:00,en,theguardian.com,theguardian.com,2020-12-08,The Paris agreement five years on: is it strong enough to avert climate catastrophe?,https://www.theguardian.com/environment/2020/dec/08/the-paris-agreement-five-years-on-is-it-strong-enough-to-avert-climate-catastrophe
bff521c3115875d3ee223e8266f2a942e2b37c942413a2f17a70b726441c05a9,2024-10-18 01:58:29.436546+00:00,en,theguardian.com,theguardian.com,2020-12-09,Deep-sea ‘gold rush’: secretive plans to carve up the seabed decried,https://www.theguardian.com/environment/2020/dec/09/secretive-gold-rush-for-deep-sea-mining-dominated-by-handful-of-firms
2c3d8b7ceab4a0cd7b47dad56efffc9be10f2aaf703ebddd2e9b5e0131f2912f,2024-10-17 22:21:53.875854+00:00,en,independent.co.uk,independent.co.uk,2020-12-11,Antonio Guterres: Covid-19 is an unexpected chance to tackle the climate crisis,https://www.independent.co.uk/voices/covid-pandemic-climate-crisis-paris-agreement-b1769330.html
aacc3320f1cc6ff330e042ca2e9bf0483b15adee12cefd06f8bc0cebe7f905d0,2024-10-17 18:35:15.540125+00:00,en,theconversation.com,theconversation.com,2020-12-14,Marine protection falls short of the 2020 target to safeguard 10% of the world’s oceans. A UN treaty and lessons from Antarctica could help,https://theconversation.com/marine-protection-falls-short-of-the-2020-target-to-safeguard-10-of-the-worlds-oceans-a-un-treaty-and-lessons-from-antarctica-could-help-151282
952ffea979105379b4608f531a5a574f462d0a6e658a35e9b647de7f26cdc703,2024-10-17 17:12:16.543648+00:00,en,politicshome.com,politicshome.com,2020-12-14,A blueprint for an emissions-free Britain,https://www.politicshome.com/thehouse/article/a-blueprint-for-an-emissionsfree-britain
3bab0a325ec8a7287421c01153a728fc95fab2c497f277d58c18c0fea0068454,2024-10-17 16:52:56.307529+00:00,en,metro.co.uk,metro.co.uk,2020-04-29,To avoid future pandemics we must stop pushing nature beyond its limits,https://metro.co.uk/2020/04/29/pandemic-climate-change-12628572/?ico=more_text_links
812c10cf8058fc3fbfa3e5b58c88c659adf554047ed1b4d2417048886a2303ac,2024-10-17 16:52:55.984144+00:00,en,metro.co.uk,metro.co.uk,2020-09-02,We're wasting our chance to tackle the climate emergency,https://metro.co.uk/2020/09/02/climate-emergency-what-government-must-13212145/?ico=more_text_links
a24a2abc496a0f66f5d9f2bf802c259ccf2ca5522da414feaa6e35e22a5be8b9,2024-10-17 16:52:53.124557+00:00,en,independent.co.uk,independent.co.uk,2020-06-24,"Green recovery ‘only option’ to return to economic prosperity, government warned",https://www.independent.co.uk/environment/climate-change-economy-uk-report-2020-green-recovery-coronavirus-environment-a9583941.html?utm_campaign=Carbon%20Brief%20Daily%20Briefing&utm_medium=email&utm_source=Revue%20newsletter
46b614295e3ad0bd087c6f17f1321b1e5730415d9e9bd9da8c7a625dea01e0dd,2024-10-17 16:52:44.484302+00:00,en,metro.co.uk,metro.co.uk,2020-09-02,We're wasting our chance to tackle the climate emergency,https://metro.co.uk/2020/09/02/climate-emergency-what-government-must-13212145/
297c5048d11821d5984a7908653c02cc526376953eb9887f8f2d96540306c2cb,2024-10-17 16:52:16.233547+00:00,en,metro.co.uk,metro.co.uk,2020-04-29,To avoid future pandemics we must stop pushing nature beyond its limits,https://metro.co.uk/2020/04/29/pandemic-climate-change-12628572/
4c72209baad964dcf110c507be606b9d092014cac0c44144c1dcfb8e96cda82d,2024-10-17 15:09:00.052428+00:00,en,metro.co.uk,metro.co.uk,2020-10-27,Extinction Rebellion doorstep David Attenborough after he criticised group,https://metro.co.uk/2020/10/27/extinction-rebellion-doorstep-david-attenborough-after-he-criticised-group-13486832/
bd1d5427ed9386f580034ba61c582b0b4248e7ea9624540e85633956908e399d,2024-10-17 14:19:42.896274+00:00,en,theconversation.com,theconversation.com,2020-12-16,Museum specimens could help fight the next pandemic – why preserving collections is crucial to future scientific discoveries,https://theconversation.com/museum-specimens-could-help-fight-the-next-pandemic-why-preserving-collections-is-crucial-to-future-scientific-discoveries-148293
e688706627e3f23f78b42f2cb09dcdd2d7b7b16cdf6d186aab48d93c38cee389,2024-10-17 14:17:18.920175+00:00,en,dailyrecord.co.uk,dailyrecord.co.uk,2020-12-14,Campaigners believe Galloway National Park would help meet conservation target,https://www.dailyrecord.co.uk/news/local-news/campaigners-galloway-national-park-believe-23165178
a1f6f560bda04dea17c4d7104b9b99e111640b1e51e1b3a3ad9699e96f453cf4,2024-10-17 11:22:05.575318+00:00,en,dailymail.co.uk,dailymail.co.uk,2020-12-18,Pornhub founder Feras Antoon is building a massive mansion on a Montreal nature reserve,https://www.dailymail.co.uk/news/article-9065503/Pornhub-founder-Feras-Antoon-building-massive-mansion-Montreal-nature-reserve.html?ns_mchannel=rss&ns_campaign=1490&ito=1490
98147f16a7952c051502ca200bb30870e42b1c0a592ed3d660f7484c893abd37,2024-10-17 03:05:46.467089+00:00,en,ft.com,ft.com,2020-12-24,Climate emergency in 2020,https://www.ft.com/content/dd856d00-d15a-4b0e-9523-7d8c828d27ef
85cec01916a19db161d47a75c794fccc244abcb0c987645049757195036cbdd8,2024-10-16 23:02:51.728954+00:00,en,walesonline.co.uk,walesonline.co.uk,2020-12-27,"Fateful day 1,800-ton ship capsized in raging seas off Welsh coast",https://www.walesonline.co.uk/news/wales-news/fateful-day-1800-ton-ship-19336195
6951ef2cc6f3a7eea1a2f502c9d81c0857dfc178e63587c230dc9e3d93d915a7,2024-10-16 19:04:56.271862+00:00,en,telegraph.co.uk,telegraph.co.uk,2019-09-15,The rewilding guide to Britain: how and where our most characterful species are being reintroduced,https://www.telegraph.co.uk/family/life/rewilding-guide-britain-characterful-species-reintroduced/
a5f659617b3be76d757951f2c98cc916ca11f15066d77fe4c2f372623a5d2d94,2024-10-16 18:59:58.898408+00:00,en,theguardian.com,theguardian.com,2016-11-24,Beavers given native species status after reintroduction to Scotland,https://www.theguardian.com/environment/2016/nov/24/beavers-native-protected-species-status-reintroduction-scotland
647cb508c1e3e335265792ff6649ed748cc15d2015b708609154eecea9d6438b,2024-10-14 11:23:09.565664+00:00,en,theconversation.com,theconversation.com,2024-10-14,This beautiful peacock spider was only found two years ago. Now it could be dancing its last dance,https://theconversation.com/this-beautiful-peacock-spider-was-only-found-two-years-ago-now-it-could-be-dancing-its-last-dance-238437
83753dcd393a94863e7331ee3ec9921584dad38d7b5833f557380d5589a8eb1d,2024-10-12 23:21:12.088027+00:00,en,dailymail.co.uk,dailymail.co.uk,2024-10-12,"EU laws see numbers of wild wolves explode across Europe leading to attacks on pet dogs, ponies, thousands of sheep and even humans. DAVID JONES visits one town in Holland where the predators are now a menace",https://www.dailymail.co.uk/news/article-13953415/EU-wolves-Europe-attacks-pet-dogs-ponies-humans.html?ns_mchannel=rss&ns_campaign=1490&ito=1490
89915429e0bba569b2a0ddd70d258bb787fabec62e1fc618957d97cf11a4c787,2024-10-11 21:29:22.208762+00:00,en,telegraph.co.uk,telegraph.co.uk,2024-10-11,Miliband can’t be allowed to get away with this pylon vandalism,https://www.telegraph.co.uk/money/bills/energy/labour-cant-be-allowed-get-away-with-pylon-vandalisn/
d390aedad03cbcdeec4594ac7c98e81a2e1791cf3115842f88e5eaef8fa46156,2024-10-10 21:29:16.051392+00:00,en,theconversation.com,theconversation.com,2024-10-10,Humanity’s future depends on our ability to live in harmony with nature,https://theconversation.com/humanitys-future-depends-on-our-ability-to-live-in-harmony-with-nature-233042
f26c5d1def8e2b3f97d221bb1597abf4f93e94fcc5cf48a0764862251d1fd6a5,2024-10-10 21:28:51.467709+00:00,en,theconversation.com,theconversation.com,2024-10-10,Wildlife loss is taking ecosystems nearer to collapse – new report,https://theconversation.com/wildlife-loss-is-taking-ecosystems-nearer-to-collapse-new-report-240526
c442e9d619611289d43bdf2115e0ee1ef12490beb33d0b652268e11f9c0684fd,2024-10-10 21:28:26.070936+00:00,en,theconversation.com,theconversation.com,2024-10-10,New discoveries: three tiny species added to South Africa’s spectacular marine life,https://theconversation.com/new-discoveries-three-tiny-species-added-to-south-africas-spectacular-marine-life-239315
064d24b90f122cecc52a82eb9d92360ed63c1c09c7acbac5fd24395919156b2b,2024-10-10 16:31:16.065903+00:00,en,theguardian.com,theguardian.com,2024-10-10,On the right path or in a different world? Readers’ views on Labour’s first 100 days,https://www.theguardian.com/politics/2024/oct/10/readers-views-on-labour-first-100-days
268a09dae3336d3da3a38bae27eda5748c5f5a13ee4ddacf8dc884156cd015bf,2024-10-10 11:19:00.411492+00:00,en,walesonline.co.uk,walesonline.co.uk,2024-10-10,Amazon rainforest nearing irreversible tipping point partly driven by UK,https://www.walesonline.co.uk/news/uk-news/amazon-rainforest-nearing-irreversible-tipping-30111111
a79852bef9f5f1e7b8a19991b6405253e326c73e229a2243df86bc16a9355b55,2024-10-10 07:30:31.707425+00:00,en,prnewswire.co.uk,prnewswire.co.uk,2024-10-10,The World Living Soils Forum Concludes its Second Edition with a Call for Collective Action to Protect Living Soils,https://www.prnewswire.co.uk/news-releases/the-world-living-soils-forum-concludes-its-second-edition-with-a-call-for-collective-action-to-protect-living-soils-302272053.html
e39caa3954dd7d5ebf8d35773cb327038083479ebae3eb53cd56afbedaa1ff15,2024-10-10 04:20:54.225831+00:00,en,guernseypress.com,guernseypress.com,2024-10-09,Amazon rainforest nearing irreversible tipping point partly driven by UK – WWF,https://guernseypress.com/news/uk-news/2024/10/09/amazon-rainforest-nearing-irreversible-tipping-point-partly-driven-by-uk--wwf/
77621e7b63dae17743dbcddbd727aac90846f35decaf271d5faeb90db2f90d88,2024-10-10 00:26:45.447420+00:00,en,jerseyeveningpost.com,jerseyeveningpost.com,2024-10-10,Amazon rainforest nearing irreversible tipping point partly driven by UK – WWF,https://jerseyeveningpost.com/morenews/uknews/2024/10/10/amazon-rainforest-nearing-irreversible-tipping-point-partly-driven-by-uk-wwf/
42e08ca90be608542b20f624f8f2e1ba47ebbbf0fd4af1dfd441b6b4ca20f083,2024-10-09 13:28:03.315397+00:00,en,iomtoday.co.im,iomtoday.co.im,2024-10-09,Sonic artist Amy Howse announced as new Biosphere Artist in Residence,https://www.iomtoday.co.im/news/entertainment/sonic-artist-amy-howse-announced-as-new-biosphere-artist-in-residence-728707
11682e7bdcb5b32e82ba15e7c7a36520c22bbb17efafcdc7a0dc8cf4ad726656,2024-10-09 07:30:57.494831+00:00,en,unitedkingdomnews.net,unitedkingdomnews.net,2024-10-09,World-first nature positive summit opens in Sydney,https://www.unitedkingdomnews.net/news/274683690/world-first-nature-positive-summit-opens-in-sydney
f5cd4f788ab2ad9240266d42f5f627813f8a98c9b38ea92f73efee806af31951,2024-10-08 14:32:24.298229+00:00,en,britainnews.net,britainnews.net,2024-10-09,World-first nature positive summit opens in Sydney,https://www.britainnews.net/news/274683690/world-first-nature-positive-summit-opens-in-sydney
2041aa823843659adae5726683b6b77b5d46ae2adc54f5d822f057377efcff6c,2024-10-08 08:29:26.367344+00:00,en,theconversation.com,theconversation.com,2024-10-08,"Australia will protect a vast swathe of the Southern Ocean, but squanders the chance to show global leadership",https://theconversation.com/australia-will-protect-a-vast-swathe-of-the-southern-ocean-but-squanders-the-chance-to-show-global-leadership-240789
dc5b686b9121a24417cb3babf3226198b752ed9704b6fd56a47318f760f77e76,2024-10-04 10:21:50.623615+00:00,en,dailymail.co.uk,dailymail.co.uk,2024-10-04,Ocean Rebellion stage protest showing sea goddess drowning in oil in a fishbowl helmet outside London Marine Environment Protection Committee meeting,https://www.dailymail.co.uk/news/article-13924121/Ocean-Rebellion-protest-showing-sea-goddess-drowning-oil-fishbowl-helmet-outside-London-Marine-Environment-Protection-Committee-meeting.html?ns_mchannel=rss&ns_campaign=1490&ito=1490
83bfea0867e0506b0e5cad3312657c49d4e2f508478454b611112c6e1c80efd3,2024-10-01 15:29:58.527727+00:00,en,mirror.co.uk,mirror.co.uk,2024-10-01,"Blackadder star Tony Robinson on comedy, community and his latest cunning plan",https://www.mirror.co.uk/news/uk-news/blackadders-tony-robinson-comedy-community-33793179
248e0fe0a7740a0f57e4be7586716653c08603a2373b182178023e1b661131a9,2024-09-26 21:25:23.153436+00:00,en,express.co.uk,express.co.uk,2024-09-26,Three bulbs to plant in October for flourishing garden next year,https://www.express.co.uk/life-style/garden/1953882/three-bulbs-plant-october-flourishing-garden
cfc13a5b562c1bee6d6de18a99dcb5d27eee3d4921f33c743b5bf13511417720,2024-09-26 08:32:19.975581+00:00,en,theguardian.com,theguardian.com,2024-09-26,‘You could single-handedly push it to extinction’: how social media is putting our rarest wildlife at risk,https://www.theguardian.com/environment/2024/sep/26/social-media-posts-endangered-species-capercaillie-birders-aoe
5bc58d756b434f16f828a1e6ff3b0a3ae87536d4d5abaf5f29f9ded5b103dcaa,2024-09-25 23:18:28.083901+00:00,en,scotsman.com,scotsman.com,2021-11-12,Here's what 1.5 degrees of global warming will mean,https://www.scotsman.com/news/environment/cop26-what-is-the-15-degrees-celcius-climate-change-target-what-will-happen-if-the-world-goes-past-15-degrees-of-global-warming-3455958
64846efc131424dfca1363e8a96aae5f487c96745bc40f4ac0215f4d0bc16aab,2024-09-25 22:24:54.244832+00:00,en,politics.co.uk,politics.co.uk,2021-11-12,"2050 neutrality is a false prophet, there’s a time bomb waiting for us in the oceans",https://www.politics.co.uk/comment/2021/11/12/2050-neutrality-is-a-false-prophet-theres-a-time-bomb-waiting-for-us-in-the-oceans/
7c00e22c6bf8c2262e97a28ae8cf44cad8ee5bbe417f1913602f89262f894166,2024-09-25 18:14:53.707341+00:00,en,standard.co.uk,standard.co.uk,2021-11-15,The Reader: Two weeks of COP26 have done nothing,https://www.standard.co.uk/comment/cop26-summit-glasgow-boris-johnson-b966292.html
c5dffc138cf395b19d28258ba677cf681e82be089fe7c7bc7de9a8dc6998c181,2024-09-25 15:07:57.743514+00:00,en,walesonline.co.uk,walesonline.co.uk,2021-11-16,The varied views on climate change in Wales,https://www.walesonline.co.uk/news/wales-news/climate-change-swansea-environment-carmarthenshire-22185554
20d5c1f2c22708c2a69081bc965c5520da3fa9bb9967bd3ecea40e593063de53,2024-09-25 14:56:03.718941+00:00,en,theguardian.com,theguardian.com,2021-11-15,‘Ultimately uninhabitable’: western Sydney’s legacy of planning failure,https://www.theguardian.com/australia-news/2021/nov/16/ultimately-uninhabitable-western-sydneys-legacy-of-planning-failure
458e9d5e011d8bdc4bccb39f21e2c01446a758d8c5e823fc01ecfc9bc04cb5bb,2024-09-25 11:45:50.337904+00:00,en,prnewswire.co.uk,prnewswire.co.uk,2021-11-18,Study Pinpoints the Places Humanity Must Protect,https://www.prnewswire.co.uk:443/news-releases/study-pinpoints-the-places-humanity-must-protect-or-face-climate-doom-854404569.html
3b25568b4cff93c0883c1958553f0a63f3e3179b5dd3da05c504523ca457ab73,2024-09-25 10:49:59.661784+00:00,en,theguardian.com,theguardian.com,2021-11-19,Rio Tinto’s past casts a shadow over Serbia’s hopes of a lithium revolution,https://www.theguardian.com/global-development/2021/nov/19/rio-tintos-past-casts-a-shadow-over-serbias-hopes-of-a-lithium-revolution
693f02668d76bd8c378e83ae10378ac0ee8090f917db6d30670a06a8c96a02d0,2024-09-25 09:17:45.872319+00:00,en,scotsman.com,scotsman.com,2021-11-21,"The Big Interview: Gillian Ogilvie, managing director for Edinburgh at Will Rudd Davidson",https://www.scotsman.com/business/the-big-interview-gillian-ogilvie-managing-director-for-edinburgh-at-will-rudd-davidson-3464895
d508304c02aa5004d2bdd3489a6f43a720ec9b9e12d63b96a6053ef700a817a7,2024-09-25 09:03:05.692556+00:00,en,scotsman.com,scotsman.com,2021-11-21,"The Big Interview: Gillian Ogilvie, managing director for Edinburgh at Will Rudd Davidson",https://www.edinburghnews.scotsman.com/business/the-big-interview-gillian-ogilvie-managing-director-for-edinburgh-at-will-rudd-davidson-3464895
821d65227b76a2a1f0798a26870a8d32deee002a175c3613bbffbcea408defee,2024-09-25 08:38:39.185493+00:00,en,theguardian.com,theguardian.com,2021-11-21,Monarch butterflies may be thriving after years of decline. Is it a comeback?,https://www.theguardian.com/us-news/2021/nov/21/western-monarch-butterflies-migration-increase-california
4892799d0e31944cd042fb91038f738e2a3972731d57bd400addf6197448722f,2024-09-24 21:24:29.565530+00:00,en,telegraph.co.uk,telegraph.co.uk,2024-09-24,‘The reality of species no longer being here is hitting home’,https://www.telegraph.co.uk/travel/news/extinction-tourism-northern-white-rhino-ol-pejeta-kenya/
4e1c1f867f5c3095c3ac17644d94fa98a20ed5b4dd1e5a8d346327d4ebbff94e,2024-09-22 21:23:57.889694+00:00,en,independent.co.uk,independent.co.uk,2024-09-22,The Independent Climate 100 List 2024,https://www.independent.co.uk/climate-change/climate-100/climate-100-list-2024-nyc-b2613432.html
7f0695dd051e6601fabab83ae42a5ef3b71e1b8c86e297fcc94f2c4243c99730,2024-09-20 10:48:30.044079+00:00,en,standard.co.uk,standard.co.uk,2024-09-20,Arctic seabed mining will cause ‘irreversible harm’ to wildlife – Greenpeace,https://www.standard.co.uk/news/environment/norway-government-british-government-university-of-exeter-nordic-b1183095.html
d15bbbd958485d4083788b5aa9c6b991009770bd2f03e01bfe7e9e41f5e269a8,2024-09-20 09:28:55.740081+00:00,en,guernseypress.com,guernseypress.com,2024-09-20,Arctic seabed mining will cause ‘irreversible harm’ to wildlife – Greenpeace,https://guernseypress.com/news/uk-news/2024/09/20/arctic-seabed-mining-will-cause-irreversible-harm-to-wildlife--greenpeace/
cfe351c94f7547367537c6a506e91d6758300e58ddf34674dd99f200f18f762d,2024-09-18 11:20:07.480291+00:00,en,heraldscotland.com,heraldscotland.com,2024-09-17,What can we learn from the week's big stories,https://www.heraldscotland.com/opinion/24589065.lessons-flamingo-land-lomond-banks-grangemouth/?ref=rss
a304719bb8689b37c46fd3d43482cdb972f795818d7c46e0795399e168086a98,2024-09-17 18:30:18.628603+00:00,en,theguardian.com,theguardian.com,2024-09-17,Lammy’s Kew speech seeks to put UK at centre of a reinvigorated climate fight,https://www.theguardian.com/environment/2024/sep/17/david-lammy-kew-speech-uk-global-climate-fight
ca469b2d0a7a8b25bc055cc4a26b934adecd72cba4852fe21eadf4688791ecb5,2024-09-16 11:20:00.838204+00:00,en,theconversation.com,theconversation.com,2024-09-16,"National parks and other protected areas often fail to conserve Earth’s forests, research finds",https://theconversation.com/national-parks-and-other-protected-areas-often-fail-to-conserve-earths-forests-research-finds-237567
cb18eb78dd1f76c7ce4874cf70d6802449d7114bb6580bb538d489ab73a70045,2024-09-14 08:26:11.442021+00:00,en,walesonline.co.uk,walesonline.co.uk,2024-09-14,The rare rainforests of Wales you never knew were there,https://www.walesonline.co.uk/news/wales-news/rare-rainforests-wales-you-never-29932188
9a15a65c4b382e5d47268c974dfe73fc75398fcc8eac0e269652ed28355aa2d8,2024-09-13 21:31:58.620201+00:00,en,theguardian.com,theguardian.com,2024-09-13,Is the Beetaloo gas basin going to damage our water resources? Plibersek has tasked experts to find out,https://www.theguardian.com/environment/2024/sep/14/is-the-beetaloo-gas-basin-going-to-damage-our-water-resources-plibersek-has-tasked-experts-to-find-out
e43a9474c4e7e6e0ae4d10c303121803c8b1c058ac7818b8f4005ab413deff4e,2024-09-12 05:24:04.151877+00:00,en,unitedkingdomnews.net,unitedkingdomnews.net,2024-09-12,We gathered centuries-old written records to show the seas around Wales once teemed with life,https://www.unitedkingdomnews.net/news/274582684/we-gathered-centuries-old-written-records-to-show-the-seas-around-wales-once-teemed-with-life
98f11dc6faf5309166d2b9ae67b73e7f9d818e761b5a71cc00b5079603c4b4be,2024-09-12 00:21:54.348306+00:00,en,britainnews.net,britainnews.net,2024-09-12,We gathered centuries-old written records to show the seas around Wales once teemed with life,https://www.britainnews.net/news/274582684/we-gathered-centuries-old-written-records-to-show-the-seas-around-wales-once-teemed-with-life
3ec577d400fef6fa396aa434339e15ac5783127b0e1ccfcde4a91794d3354546,2024-09-11 19:25:04.933668+00:00,en,theconversation.com,theconversation.com,2024-09-11,We gathered centuries-old written records to show the seas around Wales once teemed with life,https://theconversation.com/we-gathered-centuries-old-written-records-to-show-the-seas-around-wales-once-teemed-with-life-238139
c59fe97d7cd84c2fd1d9b2b1929b0588a52b51a6afda02097d766bb983041853,2024-09-11 09:41:17.151428+00:00,en,dailymail.co.uk,dailymail.co.uk,2024-09-11,Bizarre reason why Jamie Durie's controversial six-storey waterfront mansion renovation has been DELAYED: 'Who's footing the bill for that?',https://www.dailymail.co.uk/tvshowbiz/article-13836361/Bizarre-reason-Jamie-Duries-controversial-six-storey-waterfront-mansion-renovation-DELAYED-Whos-footing-bill-that.html?ns_mchannel=rss&ns_campaign=1490&ito=1490
efd53b5c84082bea3247c3c7dc1a38de92e4eef33a1017f600b5be2058b2e0e4,2024-09-10 10:33:17.955342+00:00,en,theguardian.com,theguardian.com,2024-09-10,‘We’re flooded with trash’: human tragedy unleashes environmental disaster as thousands attempt crossing to US,https://www.theguardian.com/global-development/article/2024/sep/10/were-flooded-with-trash-human-tragedy-unleashes-environmental-disaster-as-thousands-attempt-crossing-to-us-darien-gap
9a4efa91caab38e0fa06813e8c77daa889479c0c1f9e8439ff784b841532c6be,2024-09-10 07:30:56.886683+00:00,en,dailymail.co.uk,dailymail.co.uk,2021-10-14,Queen slams leaders not committing to climate summit as Scott Morrison remains undecided,https://www.dailymail.co.uk/news/article-10094189/Queen-slams-leaders-not-committing-climate-summit-Scott-Morrison-remains-undecided.html?ns_mchannel=rss&ns_campaign=1490&ito=1490
424eb3caeb15eb156c8d04db486f77ec03f4e20cc3f5039b47488537cf6100f3,2024-09-10 07:25:57.096752+00:00,en,dailymail.co.uk,dailymail.co.uk,2021-10-14,Queen slams world leaders not committing to climate summit,https://www.dailymail.co.uk/news/article-10094017/Queen-slams-world-leaders-not-committing-climate-summit.html?ns_mchannel=rss&ns_campaign=1490&ito=1490
2ecdaa0ed27bb85e65e1719d36f5b5bedbb74afcd5899981eb3bebd1c585d4c6,2024-09-10 06:47:29.994620+00:00,en,dailystar.co.uk,dailystar.co.uk,2021-10-14,"Prince George gets ‘confused and annoyed’ at thoughtless littering, William says",https://www.dailystar.co.uk/news/latest-news/prince-george-gets-confused-annoyed-25215244
e57f2f917bd64cc866a9d8a82bc6b085ede177938c2999294f0aece11c2e5015,2024-09-10 06:35:09.122504+00:00,en,independent.co.uk,independent.co.uk,2021-10-14,Prince William fears George will still be talking about climate change in 30 years,https://www.independent.co.uk/life-style/royal-family/prince-william-george-climate-change-b1938370.html
f4053aea9f33d76418abeb48dd473319e876bd62efe4c78a0804fc5268f512e6,2024-09-10 06:14:20.093744+00:00,en,dailymail.co.uk,dailymail.co.uk,2021-10-14,Prince George gets 'confused and annoyed' when rubbish reappears the next day after litter picking,https://www.dailymail.co.uk/femail/article-10091625/Prince-George-gets-confused-annoyed-rubbish-reappears-day-litter-picking.html?ns_mchannel=rss&ns_campaign=1490&ito=1490
4a0b58efc643bea1752fd4568c96bff87c979646b8837fa8b0763116d2067783,2024-09-10 06:10:31.504406+00:00,en,dailyrecord.co.uk,dailyrecord.co.uk,2021-10-14,Prince William slams space tourists and calls for greater focus on Earth,https://www.dailyrecord.co.uk/news/uk-world-news/prince-william-greater-focus-earth-25212235
03b1afb86979a95b1e4cf205a1316a1341dfff2e1b11ba5f675027eca2f32df9,2024-09-10 06:09:06.698823+00:00,en,hellomagazine.com,hellomagazine.com,2021-10-14,Prince William reveals Prince George's latest school frustration,https://www.hellomagazine.com/royalty/20211014123950/prince-george-litter-picking-prince-william-reveals/
0dffaee1ce1da103227ccff1388de7f65dd7f3e2679e9120789a1ae629da2132,2024-09-10 05:55:12.557484+00:00,en,theguardian.com,theguardian.com,2021-10-14,Prince William criticises space race and tourism’s new frontier,https://www.theguardian.com/science/2021/oct/14/prince-william-criticises-space-race-tourism-new-frontier
35a2c9741c5d76ffe7b86f3fa734d36c2b5af58f86eb4aafa667da801d086ac1,2024-09-10 05:39:08.551599+00:00,en,mirror.co.uk,mirror.co.uk,2021-10-14,Prince William slams Jeff Bezos and Elon Musk and demands an end to space race,https://www.mirror.co.uk/news/uk-news/prince-william-slams-jeff-bezos-25209545
27f3b9af139e4da38b6fd175716271a8436271ece3222a27cf8aeebe5b265da4,2024-09-10 05:38:33.341334+00:00,en,standard.co.uk,standard.co.uk,2021-10-14,William criticises space race as he calls for focus on earth instead,https://www.standard.co.uk/news/uk/william-shatner-bbc-one-cambridge-adam-fleming-wwf-b960410.html
2fd312d77af654647dd0dfa8f7940c0b3411f11fdc891b2ef898b050c59f19e5,2024-09-10 05:37:53.846167+00:00,en,walesonline.co.uk,walesonline.co.uk,2021-10-14,William calls for focus on Earth rather than the space race,https://www.walesonline.co.uk/news/uk-news/prince-william-criticises-space-race-21852581
881b2b10bd64d7107e613cf6c224ccf5c5a5e7df9182c3b1e287039666f3e73c,2024-09-10 05:37:30.279021+00:00,en,sky.com,sky.com,2021-10-14,Prince William criticises billionaire space race after William Shatner's Blue Origin flight,http://news.sky.com/story/prince-william-criticises-billionaire-space-race-after-william-shatners-blue-origin-flight-12433302
25f386ad2b2ca19c78a0db0a05cbe77a54492d1ec738b7a9dc98e6acbd63fd80,2024-09-10 05:36:49.733144+00:00,en,dailymail.co.uk,dailymail.co.uk,2021-10-14,Prince William slams space race,https://www.dailymail.co.uk/femail/article-10088619/Prince-William-slams-space-race.html?ns_mchannel=rss&ito=1490&ns_campaign=1490
929aacf9befb7823e7ec129e759d3399bb42ffba74ccc8b75cd8c3e2018f29f9,2024-09-10 04:44:32.840491+00:00,en,independent.co.uk,independent.co.uk,2021-10-15,What have all the royals said about climate change?,https://www.independent.co.uk/climate-change/sustainable-living/royal-family-climate-change-queen-b1939023.html
fc39b2942917298dceb49fb1dd2be6ec0af08e9c028d324273b3fab69af036b1,2024-09-10 03:45:58.010170+00:00,en,theguardian.com,theguardian.com,2021-10-14,The five biggest threats to our natural world … and how we can stop them,https://www.theguardian.com/environment/2021/oct/14/five-biggest-threats-natural-world-how-we-can-stop-them-aoe
a1449a08b1ff7bb69f46e4e52b4b3344cab799c93dc600079135eac7bde1bec5,2024-09-10 03:35:05.989883+00:00,en,dailymail.co.uk,dailymail.co.uk,2021-10-15,Scott Morrison confirms he WILL fly to Glasgow for critical climate change summit,https://www.dailymail.co.uk/news/article-10094865/Scott-Morrison-confirms-fly-Glasgow-critical-climate-change-summit.html?ns_mchannel=rss&ns_campaign=1490&ito=1490
48cbdd2d7f3680f8ce714ed640873b1abd12f84995a0a7b4958520bf5e825b78,2024-09-10 00:32:33.631529+00:00,en,heraldscotland.com,heraldscotland.com,2021-10-17,When Scotland’s search for cheap fuel put precious peatlands on the brink of being lost forever,https://www.heraldscotland.com/news/19651419.scotlands-search-cheap-fuel-put-precious-peatlands-brink-lost-forever/?ref=rss
798bac41a96b34de3f4b251f9cae8f0fe19552575a25318f17ddc6de36abe1ca,2024-09-10 00:05:24.374164+00:00,en,theconversation.com,theconversation.com,2021-10-18,"To be resilient, the Canadian Prairie needs lots of wetlands",https://theconversation.com/to-be-resilient-the-canadian-prairie-needs-lots-of-wetlands-168178
69057ee587cce06793a1dd57bc2e1ed564d2a54dc2ec45ee646f8569903ca21a,2024-09-09 22:51:53.353321+00:00,en,theguardian.com,theguardian.com,2021-10-17,Gen Z on how to save the world: young climate activists speak out,https://www.theguardian.com/environment/2021/oct/17/gen-z-on-how-to-save-the-world-young-climate-activists-speak-out
b4f3de2658a16036a1040b5c459c7f76a9c264faa65333d0dc516862b92c6592,2024-09-09 22:37:59.612039+00:00,en,socialistworker.co.uk,socialistworker.co.uk,2021-10-17,26 reasons to protest at Cop26,https://socialistworker.co.uk/art/52532/26+reasons+to+protest+at+Cop26
92550b70f1cf7cef6766bc46a2ec603b4cae213057e537500e5be5e37d94f24f,2024-09-09 20:38:43.128566+00:00,en,dailymail.co.uk,dailymail.co.uk,2021-10-20,"River Mimram turns PURPLE with pollution, hours after environment ministers posed in front of it",https://www.dailymail.co.uk/sciencetech/article-10112751/River-Mimram-turns-PURPLE-pollution-hours-environment-ministers-posed-it.html?ns_mchannel=rss&ito=1490&ns_campaign=1490
a6f58ada3680a5aa621d1a2c151f183c67c44a40a2c54bb8cffebdaacdf4d939,2024-09-09 18:35:21.481952+00:00,en,independent.co.uk,independent.co.uk,2021-10-21,"Which food items are most likely to end up in the bin, poll reveals",https://www.independent.co.uk/life-style/food-and-drink/food-items-most-likely-binned-b1942713.html
1ea2925cb59b4812464543676ce79c913644c1f10ffd4614f49ae925ffd35a13,2024-09-09 18:15:01.874354+00:00,en,thesun.co.uk,thesun.co.uk,2021-10-21,Brits chuck a fifth of grocery shopping,https://www.thesun.co.uk/money/16489616/brits-throw-away-a-fifth-of-grocery-shopping/
f67413966c0776ccf94a1b50a6db390060a2e7569876d86206fb228d751fa13e,2024-09-09 18:12:36.501650+00:00,en,walesonline.co.uk,walesonline.co.uk,2021-10-21,"A fifth of food ends up in the bin without being eaten, according to study",https://www.walesonline.co.uk/news/uk-news/fifth-food-ends-up-bin-21919632
f31d5ddb0180050dcf785956017fd2c49a3fe659f04b1b40a7e03b179611a54d,2024-09-09 18:11:46.771189+00:00,en,mirror.co.uk,mirror.co.uk,2021-10-21,"A fifth of food ends up in the bin without being eaten, according to study",https://www.mirror.co.uk/lifestyle/fifth-food-ends-up-bin-25261172
ab0fd30132aac3ff84d2af67b954a4a62e509e482c214e641c05d0031ed7b499,2024-09-09 18:08:24.443644+00:00,en,dailystar.co.uk,dailystar.co.uk,2021-10-21,"A fifth of food ends up in the bin without being eaten, according to study",https://www.dailystar.co.uk/life-style/fifth-food-ends-up-bin-25261418
6dbc7a56e18f9013b676526e403e7f13e4fcca6031226d2f1e6dedcbe2e379f9,2024-09-09 15:25:46.274028+00:00,en,independent.co.uk,independent.co.uk,2021-10-23,Five sustainable spirit brands for guilt-free drinking,https://www.independent.co.uk/life-style/food-and-drink/sustainable-spirit-brand-uk-climate-b1940161.html
0a0914cdaf78a27197098ed9dd5e11d19cc8a231c0b3407646527e7402ae2cd7,2024-09-09 15:14:58.706658+00:00,en,dailymail.co.uk,dailymail.co.uk,2021-10-25,Jamie Durie's planned six-storey home is put in peril by 'endangered micro bats' in new setback,https://www.dailymail.co.uk/news/article-10126731/Jamie-Duries-planned-six-storey-home-peril-endangered-micro-bats-new-setback.html?ns_mchannel=rss&ns_campaign=1490&ito=1490
b3fb3e190c85aeace44b09ea34cfaa07965f2c985971241485595a6c9b8da556,2024-09-09 14:26:00.827319+00:00,en,heraldscotland.com,heraldscotland.com,2021-10-24,How Green is Scotland? 26 visions for hope ahead of COP26,https://www.heraldscotland.com/news/homenews/19665921.cop26-26-visions-hope-scotland-ahead-climate-summit/?ref=rss
9e22a2ca2a6e1b3225141af5f1cb8e8485ba851941638b10990467ea2d7bfc66,2024-09-09 12:59:59.132835+00:00,en,dailymail.co.uk,dailymail.co.uk,2021-10-25,Back to the bush: Safaris are open again - and this lodge in Kenya doesn't need a jumbo wallet,https://www.dailymail.co.uk/travel/escape/article-10121775/Back-bush-Safaris-open-lodge-Kenya-doesnt-need-jumbo-wallet.html?ns_mchannel=rss&ito=1490&ns_campaign=1490
e926e22f353eb1a8b6763577ce73edea58521c6c0ef486ded00ed3ab8faf2255,2024-09-09 11:11:02.848694+00:00,en,theguardian.com,theguardian.com,2021-10-26,I chaired Cop21 when we delivered the Paris agreement. We must go further in Glasgow,https://www.theguardian.com/commentisfree/2021/oct/26/chaired-cop21-paris-agreement-glasgow
2102c68ddb356b21f8e5e605fdd55e6b4d6fbf933864852d3ea1c3d4b0bb0a35,2024-09-09 11:10:40.306503+00:00,en,scotsman.com,scotsman.com,2021-10-26,COP26: It’s our future that’s on the line in Glasgow,https://www.edinburghnews.scotsman.com/news/opinion/columnists/cop26-its-our-future-thats-on-the-line-in-glasgow-lorna-slater-3431928
43a6608a5857f995f3564b64b1eb18498cddd89fba0ce7154c9a4dc4bef84253,2024-09-09 09:54:49.839533+00:00,en,theuknews.com,theuknews.com,2021-10-27,"Alongside climate change, COP26 must address crisis facing ecosystems",http://www.theuknews.com/news/271589195/alongside-climate-change-cop26-must-address-crisis-facing-ecosystems
09c8a1ca682a486abf6e6ab8ae1732078c38538d55005137fb669c92d5d8e4e8,2024-09-09 09:45:00.435194+00:00,en,independent.co.uk,independent.co.uk,2021-10-27,Six things to look out for at Cop26 – and why the climate summit matters,https://www.independent.co.uk/climate-change/news/cop26-glasgow-2021-emissions-finance-b1945736.html
f918a481786252bdb79e2e5eb96d38c47445a88d5f1530f4e5cc7491b803c25e,2024-09-09 09:41:55.079631+00:00,en,dailyrecord.co.uk,dailyrecord.co.uk,2021-10-27,Dairy farm recognised for tackling climate change,https://www.dailyrecord.co.uk/news/local-news/dumfries-galloway-dairy-farm-recognised-25258521
0fe741e7a3a499a55f21138a6d97ac1ac2173ab3a62bee90645b0e46f59b9890,2024-09-09 09:34:36.371253+00:00,en,unitedkingdomnews.net,unitedkingdomnews.net,2021-10-27,"Alongside climate change, COP26 must address crisis facing ecosystems",http://www.unitedkingdomnews.net/news/271589195/alongside-climate-change-cop26-must-address-crisis-facing-ecosystems
91b62d87012f223a61266932bf52d3ebdc404489f17ecfbd9efe9bfb74855787,2024-09-09 08:48:42.475316+00:00,en,birminghammail.co.uk,birminghammail.co.uk,2021-10-28,"Eat less meat to stop climate change, says Sir Patrick Vallance",https://www.birminghammail.co.uk/news/uk-news/meat-bad-environment-need-eat-22000697
09cbaacc1d55b517ff82d084b710243e524529bd61c866e96f33ab6206e3ee0e,2024-09-09 07:45:47.386861+00:00,en,theguardian.com,theguardian.com,2020-02-15,Christiana Figueres on the climate emergency: ‘This is the decade and we are the generation’,https://www.theguardian.com/environment/2020/feb/15/christiana-figueres-climate-emergency-this-is-the-decade-the-future-we-choose
b37d076db86cfd59b0dbd71e988d77b3532226badced476bb283014fb182a6e3,2024-09-09 07:28:39.978281+00:00,en,theconversation.com,theconversation.com,2021-10-29,We mapped every large solar plant on the planet using satellites and machine learning,https://theconversation.com/we-mapped-every-large-solar-plant-on-the-planet-using-satellites-and-machine-learning-170747
26bd76cfe8f6bdbd90669c88cb20a35ba85071a5814374b160a92bc6ce0ce551,2024-09-09 05:24:19.940243+00:00,en,theguardian.com,theguardian.com,2021-10-30,"Climate experts warn world leaders 1.5C is ‘real science’, not just talking point",https://www.theguardian.com/environment/2021/oct/30/climate-experts-warn-world-leaders-15c-is-real-science-not-just-talking-point
f04bb931e1ac3e3ff7f2ba5ba3f0d018f264bce4e1d0e01f692049d0e7b930e1,2024-09-09 05:07:21.019071+00:00,en,express.co.uk,express.co.uk,2021-10-31,Boris in chilling warning to world leaders on climate change 'It's one minute to midnight',https://www.express.co.uk/news/politics/1514342/Boris-Johnson-climate-change-speech-COP-26
f94bbce458d920f767461b80246398f090d9d2d905faec7197cf9deec05bce13,2024-09-09 04:32:57.321989+00:00,en,independent.co.uk,independent.co.uk,2021-10-31,Leaders must get on with the job at Cop26 – before it’s too late,https://www.independent.co.uk/climate-change/opinion/cop26-glasgow-climate-crisis-un-b1948595.html
6c176084a39029f04cb63923654f344560eafc494af89dfbdf1fb9768ec8484a,2024-09-09 03:53:42.364390+00:00,en,independent.co.uk,independent.co.uk,2021-11-01,India’s pledge to slash 1 billion tonnes of emissions ‘lifts Cop26 gloom’,https://www.independent.co.uk/climate-change/cop26-climate-india-modi-johnson-b1949424.html
95b0aa683f3d7e36a8ff2d1a8e9870b5c8279f0afdaa6c6daad51f1268ae3b67,2024-09-09 03:02:08.297622+00:00,en,theguardian.com,theguardian.com,2021-11-01,"After 30 years of Cop, our ex-environment editor is now optimistic",https://www.theguardian.com/environment/2021/nov/01/after-30-years-of-cop-our-ex-environment-editor-is-now-optimistic
8d5a42db9fe4fbbbc9d5e3bbaaaf55b824fc9477f48aaad52c880bac55a8a5ba,2024-09-09 02:56:46.715135+00:00,en,mirror.co.uk,mirror.co.uk,2021-11-01,Twenty six reasons why COP26 climate summit matters for the world,https://www.mirror.co.uk/news/world-news/twenty-six-reasons-cop26-matters-25343564
ebb12fb5bfbabfbec5f91dde49f99775a89be81a4a472d8ff7888fa719c40d44,2024-09-09 02:52:59.975547+00:00,en,theguardian.com,theguardian.com,2021-10-31,Cop26: Boris Johnson talks the talk but can he really deliver a climate deal?,https://www.theguardian.com/environment/2021/oct/31/cop-26-boris-johnson-climate-deal-talks-glasgow-commitment-britain-diplomacy-agreement
166affc17d1b680cba45ff3216604fafffde1eb0612ce9e7b66e6121a07ffd0a,2024-09-09 02:21:05.221132+00:00,en,dailymail.co.uk,dailymail.co.uk,2021-11-02,"Prince Charles joins Bill Gates, Justin Trudeau and Zac Goldsmith for drinks reception",https://www.dailymail.co.uk/news/article-10158351/Prince-Charles-joins-Bill-Gates-Justin-Trudeau-Zac-Goldsmith-drinks-reception.html?ns_mchannel=rss&ito=1490&ns_campaign=1490
62ba56680fb3e648735c4671a6f29b7c3a67d89966368c8d00643adaeb6dcf21,2024-09-09 02:00:07.133269+00:00,en,metro.co.uk,metro.co.uk,2021-11-01,Rankin photo series celebrates everyday climate heroes making a real difference,https://metro.co.uk/2021/11/01/rankin-photo-series-celebrates-everyday-climate-heroes-making-a-difference-15517112/
a29b5f63fc0bb9220da4d5bcf95b523741eb53d478bbfaed39064c2d5e2c8402,2024-09-09 01:59:09.955040+00:00,en,theguardian.com,theguardian.com,2021-11-01,‘Time is running out’: your messages for world leaders at Cop26,https://www.theguardian.com/environment/2021/nov/01/time-is-running-out-your-messages-world-leaders-cop26
4b3eecee947a3f53ee0b2cfde7678d3b5297c1d96c9d37b724187420380a261a,2024-09-09 01:58:22.410537+00:00,en,huffingtonpost.co.uk,huffingtonpost.co.uk,2021-10-14,Prince William: Saving Earth Should Come Before Space Tourism,https://www.huffingtonpost.co.uk/entry/prince-william-saving-earth-should-come-before-space-tourism_uk_6167eff5e4b0fcd00f9a2642
dc993815ba3e8aa84eff7ff05d0d6d98a30f454719c30e1743220b580c365d11,2024-09-09 01:57:33.821444+00:00,en,britainnews.net,britainnews.net,2021-10-27,"Alongside climate change, COP26 must address crisis facing ecosystems",http://www.britainnews.net/news/271589195/alongside-climate-change-cop26-must-address-crisis-facing-ecosystems
0d75696e6548d46a429812eca4ceebbf879db8f665b03b2b2200f57eb75fd84b,2024-09-09 01:54:53.468209+00:00,en,politicshome.com,politicshome.com,2021-11-02,The Maldives could disappear unless the world acts now on climate change,https://www.politicshome.com/thehouse/article/the-maldives-could-disappear-unless-the-world-acts-now-on-climate-change
8f00900b13c46f8a66db01088d82fe834edbce041c4d17fee30eead9e1500654,2024-09-09 01:54:33.738319+00:00,en,standard.co.uk,standard.co.uk,2021-11-02,Ireland to double its foreign aid contribution in climate fight – Martin,https://www.standard.co.uk/news/uk/ireland-workers-cop26-glasgow-cabinet-b963967.html
907c3252cf8ddda6733b9d86efc0ec87bec744bdb02f59929ccc5877ecaa913f,2024-09-09 01:54:28.825688+00:00,en,telegraph.co.uk,telegraph.co.uk,2021-10-31,"World is 'one minute to midnight' on climate change, Boris Johnson to warn Cop26",https://www.telegraph.co.uk/politics/2021/10/31/boris-johnson-tell-world-leaders-get-real-climate-crisis-pledges/
be93f7fcdcc7f62afc6606322cd22ba62c0457d579e7055cea983533a8d6f2db,2024-09-09 01:51:51.043343+00:00,en,standard.co.uk,standard.co.uk,2021-10-14,Prince William criticises space race as he calls for focus on Earth,https://www.standard.co.uk/news/uk/prince-william-earthshot-space-race-jeff-bezos-william-shatner-focus-earth-b960410.html
c04ce24824acffe69419458958fdd62c3079fa8acb670a5332e507653c6cf566,2024-09-09 01:48:51.063887+00:00,en,telegraph.co.uk,telegraph.co.uk,2021-10-22,What would a meat-free Britain actually look like?,https://www.telegraph.co.uk/news/2021/10/22/would-meat-free-britain-actually-look-like/
e3693d376b64f911e5508be49333fa563595dbd4d198d53f70d9adfddac42a1c,2024-09-09 01:48:51.024014+00:00,en,telegraph.co.uk,telegraph.co.uk,2021-10-14,Duke of Cambridge's pot-shot at Bezos: Focus on fixing Earth instead of space race,https://www.telegraph.co.uk/news/2021/10/14/duke-cambridge-brings-william-shatner-earth-pot-shot-space-tourism/
a69d8746dca60cf741eaf235bdbededd89dd8c479ebeac2a3072875a9f17e51a,2024-09-09 01:48:44.507108+00:00,en,telegraph.co.uk,telegraph.co.uk,2021-10-29,Lord Frost warns EU of legal action over French fishing row,https://www.telegraph.co.uk/politics/2021/10/29/boris-johnson-france-brexit-fishing-row-angela-rayner/
078e87be7152c7c9e149dd5b4c8e30d699fc884e13168a4070cd779ccb61c7ec,2024-09-09 01:45:47.807872+00:00,en,telegraph.co.uk,telegraph.co.uk,2021-11-01,"Cop26 summit should feel 'uncomfortable' for failing world leaders, says Nicola Sturgeon",https://www.telegraph.co.uk/politics/2021/11/01/cop26-boris-johnson-climate-fishing-row-booster-vaccine-brexit/
6a00e59bfa5fd5e10b1dd6be9bc82ecb064c05586bb6055375fbc11510828c21,2024-09-09 01:44:14.905889+00:00,en,express.co.uk,express.co.uk,2021-11-02,Boris Johnson to address nation,https://www.express.co.uk/news/politics/1515310/Boris-Johnson-press-conference-today-time-evg
f191d295c92273f96e1e539b551a5e47363c3efbfd6c49b3d99eedcadc0809db,2024-09-09 01:29:33.591888+00:00,en,dailymail.co.uk,dailymail.co.uk,2021-11-02,Prince Charles meets with worldwide indigenous leaders,https://www.dailymail.co.uk/femail/article-10156425/Prince-Charles-meets-worldwide-indigenous-leaders.html?ns_mchannel=rss&ito=1490&ns_campaign=1490
10e2b8578d142953316cad4d1adcc45c602880d53882a74bfcf326d2df957084,2024-09-09 01:25:49.571458+00:00,en,walesonline.co.uk,walesonline.co.uk,2021-11-02,Welsh Government lay out plans for Wales to fight climate change,https://www.walesonline.co.uk/news/wales-news/live-press-briefing-updates-welsh-22039451
30c71dc635cf2779473545304049cd8b02c81760ede6723a6f8d8b2240e0186b,2024-09-09 01:25:37.427974+00:00,en,unitedkingdomnews.net,unitedkingdomnews.net,2021-11-02,Hope Eroding as COP26 Climate Pledges Fall Short,http://www.unitedkingdomnews.net/news/271631516/hope-eroding-as-cop26-climate-pledges-fall-short
e08ed5eb44dcb614a1c6a94433440a7dd03ce59e31486a61ae6b34392da58116,2024-09-09 01:17:31.015166+00:00,en,mirror.co.uk,mirror.co.uk,2021-11-02,Young people explain why COP26 can't fail,https://www.mirror.co.uk/news/world-news/young-people-explain-cop26-cant-25303043
8683a1b258a8ec40caac48c579ad43da08b9ef9efcec3e347eaab9f60256e2b2,2024-09-09 01:14:12.464042+00:00,en,britainnews.net,britainnews.net,2021-11-02,Hope Eroding as COP26 Climate Pledges Fall Short,http://www.britainnews.net/news/271631516/hope-eroding-as-cop26-climate-pledges-fall-short
705c6c49d2ade10934d0dd66b56f5450f0c1175eb4daa0924cf41ba9aadcd187,2024-09-09 01:04:23.724352+00:00,en,independent.co.uk,independent.co.uk,2021-11-02,"World leaders may fail us, but we can prevent climate catastrophe",https://www.independent.co.uk/voices/campaigns/giantsclub/cop26-prevent-climate-catastrophe-b1949626.html
f697bc96b96637c2baf06a5c0340ec103d637df5cc6cc296b6af14ba5483a67e,2024-09-09 01:02:17.263890+00:00,en,dailymail.co.uk,dailymail.co.uk,2021-11-02,COP26: The Queen hails Charles and William but fails to mention Prince Harry,https://www.dailymail.co.uk/news/article-10155581/COP26-Queen-hails-Charles-William-fails-mention-Prince-Harry.html?ns_mchannel=rss&ns_campaign=1490&ito=1490
17a808298e7e2a7d064091d60300ba1dad39f3318c732d116b803b6287e56197,2024-09-09 00:58:19.414095+00:00,en,theuknews.com,theuknews.com,2021-11-02,Hope Eroding as COP26 Climate Pledges Fall Short,http://www.theuknews.com/news/271631516/hope-eroding-as-cop26-climate-pledges-fall-short
d66ef0f5d8c24f63d7a060aff5b1439efc4f92fcaff93ea663c77f6af3967af2,2024-09-09 00:55:36.535053+00:00,en,theguardian.com,theguardian.com,2021-11-02,Tackling deforestation must be at the heart of our response to the climate crisis,https://www.theguardian.com/commentisfree/2021/nov/02/tackling-deforestation-heart-response-climate-crisis
f3e8f97adecc61e68183573c4448d72df507f01eb54eb7756c81b5f05c01b004,2024-09-09 00:54:44.432023+00:00,en,theguardian.com,theguardian.com,2021-11-01,"Climate optimism is an illusion, UN chief tells Cop26",https://www.theguardian.com/environment/2021/nov/01/climate-optimism-is-an-illusion-un-chief-tells-cop26
7eb95a0210eea63b87f03892cb7e329ef99b18c613c3468bea0391903bbb55ed,2024-09-08 23:28:53.880550+00:00,en,dailymail.co.uk,dailymail.co.uk,2021-11-03,Prince William meets Amazon tycoon Jeff Bezos at COP26 climate conference in Glasgow,https://www.dailymail.co.uk/news/article-10160107/Prince-William-meets-Amazon-tycoon-Jeff-Bezos-COP26-climate-conference-Glasgow.html?ns_mchannel=rss&ns_campaign=1490&ito=1490
9a49a824fef4b4db9c9ec561cb4b9d891c9419eb4ac97b2e977600b75dd4536f,2024-09-08 23:07:24.373295+00:00,en,theguardian.com,theguardian.com,2021-11-02,"Beware: Gaia may destroy humans, before we destroy the Earth",https://www.theguardian.com/commentisfree/2021/nov/02/beware-gaia-theory-climate-crisis-earth
920da9f64ac267430125e9dc344f09ed66df804e88203d0551fd3b06c0a24181,2024-09-08 22:08:34.578471+00:00,en,standard.co.uk,standard.co.uk,2021-11-04,How London’s arts institutions are responding to the climate emergency,https://www.standard.co.uk/culture/greening-the-gallery-london-arts-institutions-responding-climate-emergency-b962393.html
28423ae1d64cc44eb4060127eefc17b433029a8498627ada15bd9cae78366373,2024-09-08 21:30:38.364137+00:00,en,politicshome.com,politicshome.com,2021-11-05,World leaders must focus on the prize to make a success out of COP26,https://www.politicshome.com/thehouse/article/world-leaders-must-focus-on-the-prize-to-make-a-success-out-of-cop26
7445a524873eda89cdcc3991e2ac1aeab87ab64cc348435e7b5f85a1d7ec7040,2024-09-08 20:36:02.189515+00:00,en,independent.co.uk,independent.co.uk,2021-11-05,Government launches Duke of Edinburgh-style climate awards for schoolchildren,https://www.independent.co.uk/climate-change/duke-edinburgh-climate-awards-cop26-b1952142.html
f8e5a195f59dc9c4330b11e18102c4c43f68e351fd7c08c2d28a7a3d63b23508,2024-09-08 18:15:05.264855+00:00,en,express.co.uk,express.co.uk,2021-11-07,UK fishing at risk as 'eco warrior narrative' pressuring No 10: 'Not thought through',https://www.express.co.uk/news/politics/1517734/uk-news-fishing-at-risk-eco-warrior-pressuring-no-10-environment-spt
696fcf2b4170454f1513424b562f2e777a06a38c84f6b13eb403d75fbfc1b75e,2024-09-08 18:14:40.130863+00:00,en,theguardian.com,theguardian.com,2021-10-30,Capitalism is killing the planet – it’s time to stop buying into our own destruction,https://www.theguardian.com/environment/2021/oct/30/capitalism-is-killing-the-planet-its-time-to-stop-buying-into-our-own-destruction
9b412cf1e995a2b6d771f1d1ad168e23a69bcdba36c7f46174fac90ccce08700,2024-09-08 18:12:05.549874+00:00,en,theguardian.com,theguardian.com,2021-11-07,‘No power to stop it’: optimism turns to frustration over east Africa pipeline,https://www.theguardian.com/environment/2021/nov/07/no-power-to-stop-it-optimism-turns-to-frustration-over-east-africa-pipeline
b476e012bb38a200eb6fe04f4944eae49a7db8368c87ff65f9a21fee2df15719,2024-09-08 17:49:01.682170+00:00,en,independent.co.uk,independent.co.uk,2021-11-09,Everything to look out for in week two at Cop26 as crunch talks continue,https://www.independent.co.uk/climate-change/news/cop26-glasgow-obama-greta-thunberg-b1953724.html
08fa8305ea1772d68303122418ec2881c4e4bbbf512737e5aae2cefbd38e9e64,2024-09-08 16:35:32.153475+00:00,en,scotsman.com,scotsman.com,2021-11-08,At what point does the fun stop for our farmers?- Brian Henderson,https://www.scotsman.com/country-and-farming/at-what-point-does-the-fun-stop-for-our-farmers-brian-henderson-3448292
3b27e7d7661b5bab9eba614729a28b30d65d0275653fbfcb51100f0b0916b813,2024-09-08 15:28:20.644820+00:00,en,theguardian.com,theguardian.com,2021-11-09,The cow in the room: why is no one talking about farming at Cop26?,https://www.theguardian.com/environment/2021/nov/09/the-cow-in-the-room-why-is-no-one-talking-about-farming-at-cop26-aoe
f5e9df529e9fa6952c61643da9122f39b98b59518c72c5650298dd9ba3d08a39,2024-09-08 14:13:57.114440+00:00,en,politicshome.com,politicshome.com,2021-11-10,The Maldives Could Disappear If The World Does Not Act Quickly To Combat Climate Change,https://www.politicshome.com/thehouse/article/the-maldives-could-disappear-if-the-world-does-not-act-quickly-to-combat-climate-change
e6bff59cc3e4fecc729b8014c3b64293bf4c03e2b3097c60635fa5d900f6555b,2024-09-08 12:03:39.326373+00:00,en,independent.co.uk,independent.co.uk,2021-11-11,"Emissions need cutting to zero, not net zero to avoid a catastrophe",https://www.independent.co.uk/climate-change/opinion/emissions-net-zero-cop26-climate-crisis-b1955749.html
cc779a26b73131c44eacdac62d48a44266692491d18a3af8816ff8494153d39c,2024-09-08 11:33:13.151179+00:00,en,thesun.co.uk,thesun.co.uk,2024-09-08,How Saudi Arabia's vanity project is costing them trillions amid blunders,https://www.thesun.co.uk/news/30230168/saudi-arabia-neom-controversies-human-rights/
435bcceb0d4f65f3fb6b7fb7742d8c4643e84ea1d628474815a41c31aa2c1c0f,2024-09-08 11:10:18.936572+00:00,en,dailymail.co.uk,dailymail.co.uk,2021-09-15,Villagers react with horror at proposals to flood 'huge area of good farming land' in Oxfordshire,https://www.dailymail.co.uk/news/article-9994725/Villagers-react-horror-proposals-flood-huge-area-good-farming-land-Oxfordshire.html?ns_mchannel=rss&ns_campaign=1490&ito=1490
d473d96f33b7a1b7e3cb5efd0917b17b2672c0c179402fc4a84a1e82ef190053,2024-09-08 10:26:36.900276+00:00,en,telegraph.co.uk,telegraph.co.uk,2021-09-15,"Chelsea Flower Show 2021: dates, tickets, transport advice and Covid safety measures",https://www.telegraph.co.uk/gardening/chelsea-flower-show/chelsea-flower-show-2021-when-dates-buy-tickets-covid-advice/
9ca0107fa8ab45ec7ec054465827a84bc8cac5be8b3db43ad141429fb8061dd0,2024-09-08 10:13:43.034742+00:00,en,theconversation.com,theconversation.com,2021-09-15,Bringing woolly mammoths back from extinction might not be such a bad idea — ethicists explain,https://theconversation.com/bringing-woolly-mammoths-back-from-extinction-might-not-be-such-a-bad-idea-ethicists-explain-167892
6b720519a0f27be8f4551927a6ae3e697ab35255cdcb086a6b18b03966c2e292,2024-09-08 10:00:12.313805+00:00,en,unitedkingdomnews.net,unitedkingdomnews.net,2021-09-17,Algae in global ocean might get impacted by climate change,http://www.unitedkingdomnews.net/news/271173847/algae-in-global-ocean-might-get-impacted-by-climate-change
7b7a2c3149dbef4ff77f02c519ea7226d4500b3283e24bf204039298516c6e1d,2024-09-08 10:00:12.297457+00:00,en,unitedkingdomnews.net,unitedkingdomnews.net,2021-09-17,Climate change could impact algae in oceans,http://www.unitedkingdomnews.net/news/271175907/climate-change-could-impact-algae-in-oceans
fcc10f9f197b9f7c996bc964ba768ff79346224384c3230afeb13b914bb22642,2024-09-08 09:51:41.625878+00:00,en,theuknews.com,theuknews.com,2021-09-17,Climate change could impact algae in oceans,http://www.theuknews.com/news/271175907/climate-change-could-impact-algae-in-oceans
2baeb785631daaae4677ae18894d0e529e7efc2a1c9449e88ba4f9bb8ba83022,2024-09-08 09:51:28.152857+00:00,en,britainnews.net,britainnews.net,2021-09-17,Climate change could impact algae in oceans,http://www.britainnews.net/news/271175907/climate-change-could-impact-algae-in-oceans
2d284a1a850519216a22e7fc20636be9a04e169b9cc9787a4bf15a148b9399ca,2024-09-08 09:39:15.964557+00:00,en,theconversation.com,theconversation.com,2021-09-16,Destroying vegetation along fences and roads could worsen our extinction crisis — yet the NSW government just allowed it,https://theconversation.com/destroying-vegetation-along-fences-and-roads-could-worsen-our-extinction-crisis-yet-the-nsw-government-just-allowed-it-167801
26b0738fb51818ded0b399f5293ad742e3d49db618990d71dc5029305f5cae9e,2024-09-08 09:16:59.752965+00:00,en,theuknews.com,theuknews.com,2021-09-17,Algae in global ocean might get impacted by climate change,http://www.theuknews.com/news/271173847/algae-in-global-ocean-might-get-impacted-by-climate-change
b45a9e52b6682995bc2aecf65cb3e1a5f859cd390589bbcdc87c4d31ef0dff01,2024-09-08 09:16:36.097866+00:00,en,britainnews.net,britainnews.net,2021-09-17,Algae in global ocean might get impacted by climate change,http://www.britainnews.net/news/271173847/algae-in-global-ocean-might-get-impacted-by-climate-change
9e73dd15ea36efef11a2cdd88702ff6cc2600cce21c8143cf325d114e58aec57,2024-09-08 07:51:35.588145+00:00,en,thesun.co.uk,thesun.co.uk,2021-09-17,Why I believe our troubled natural world will cure itself...eventually,https://www.thesun.co.uk/news/16173514/david-attenborough-troubled-natural-world-will-cure/
321190aa15272ffd6d143443f07683bfe2936d0cdc95e93157f8e873778dc23d,2024-09-08 06:32:13.492294+00:00,en,telegraph.co.uk,telegraph.co.uk,2021-09-17,"Chelsea Flower Show 2021: dates, tickets, transport advice and Covid safety measures",https://www.telegraph.co.uk/gardening/chelsea-flower-show/chelsea-flower-show-2021-when-dates-how-buy-tickets-covid/
64107614ed46c914712f06878e412f5957385aebc0f8d7789f93425fca2fa7e7,2024-09-08 04:27:23.354388+00:00,en,theuknews.com,theuknews.com,2021-09-20,Study: Climate change could impact algae in global ocean,http://www.theuknews.com/news/271214363/study-climate-change-could-impact-algae-in-global-ocean
d662a275d884af333141902cb9bd364b454d543adcdd0af84b6e0cc6c0f34553,2024-09-08 04:19:26.525852+00:00,en,britainnews.net,britainnews.net,2021-09-20,Study: Climate change could impact algae in global ocean,http://www.britainnews.net/news/271214363/study-climate-change-could-impact-algae-in-global-ocean
76a944a515c01829524c4d9cc02b4141b376d30fc993037e92071fe7e741566d,2024-09-08 04:13:17.602126+00:00,en,unitedkingdomnews.net,unitedkingdomnews.net,2021-09-20,Study: Climate change could impact algae in global ocean,http://www.unitedkingdomnews.net/news/271214363/study-climate-change-could-impact-algae-in-global-ocean
87514ccb49812b22d554488ad406e218b47c18df7f15978186c140e6cfff9013,2024-09-08 01:54:31.699150+00:00,en,heraldscotland.com,heraldscotland.com,2021-09-16,Letters: Increasing hostility shows Sturgeon's growing desperation,https://www.heraldscotland.com/news/19583093.letters-increasing-hostility-shows-sturgeons-growing-desperation/
b466466ef8d9b0667e6581d9b4f188afac144b4d8234685d69f55d2668b45c4a,2024-09-08 01:49:03.708348+00:00,en,telegraph.co.uk,telegraph.co.uk,2021-09-20,"Chelsea Flower Show 2021: dates, tickets, transport advice and Covid safety measures",https://www.telegraph.co.uk/gardening/chelsea-flower-show/chelsea-flower-show-2021-when-how-visit-tickets-covid-transport/
3f612a43353f599f99f0d70948c826fcb10bb68d8fbbe7ccbcea1ccaff25b853,2024-09-08 00:44:44.313712+00:00,en,independent.co.uk,independent.co.uk,2021-09-21,"Climate crisis alarm ‘ringing at fever pitch’, UN secretary general warns",https://www.independent.co.uk/climate-change/news/climate-crisis-un-antonio-guterres-b1924134.html
3c23e182dab42c453fd5a6a8cf5952175f1642d33175b7551980dda61868233c,2024-09-07 22:25:41.000644+00:00,en,theconversation.com,theconversation.com,2021-09-22,Growing bigger prickly hedges can reduce the chance of extreme weather – and a lot more,https://theconversation.com/growing-bigger-prickly-hedges-can-reduce-the-chance-of-extreme-weather-and-a-lot-more-167568
da27d6ff7da2876e396c05d8eb23447b19edd83206fec9cddd092b238ac8b0f8,2024-09-07 22:13:56.961900+00:00,en,independent.co.uk,independent.co.uk,2021-09-22,What does it mean to be ‘nature positive’ and how can we help?,https://www.independent.co.uk/travel/people-rspb-wales-instagram-b1924838.html
e0ddde019dbaead813b7ce87b37faf769adb6f483c90a7889cba0ec55ba3952f,2024-09-07 19:13:21.854546+00:00,en,morningstaronline.co.uk,morningstaronline.co.uk,2021-09-25,There’s no choice between climate action and fairness — they’re one and the same thing,https://morningstaronline.co.uk/article/f/theres-no-choice-between-climate-action-and-fairness-theyre-one-and-same-thing
8fd1711d6e361fd7f3f8cf8558765a75a858a4275cd77c5beb8517ee5b58dce1,2024-09-07 17:48:39.989870+00:00,en,telegraph.co.uk,telegraph.co.uk,2021-09-24,"Chelsea Flower Show 2021: dates, tickets, transport advice and Covid safety measures",https://www.telegraph.co.uk/gardening/chelsea-flower-show/chelsea-flower-show-2021-how-buy-last-tickets-covid-transport/
46871f30c31b4c02fa9331e420de73c26265aee6232857880ce43a78620552ef,2024-09-07 15:51:54.872666+00:00,en,dailymail.co.uk,dailymail.co.uk,2021-09-26,Jamie Durie faces backlash over waterfront mansion after applying to chop down 17 native trees,https://www.dailymail.co.uk/news/article-10030889/Jamie-Durie-faces-backlash-waterfront-mansion-applying-chop-17-native-trees.html?ns_mchannel=rss&ns_campaign=1490&ito=1490
86d2de902d6447139677a2711283d8d7030a68d2477bf6f118d6ea1a13cb252f,2024-09-07 13:48:17.927827+00:00,en,theconversation.com,theconversation.com,2021-09-27,"Mexican communities manage their local forests, generating benefits for humans, trees and wildlife",https://theconversation.com/mexican-communities-manage-their-local-forests-generating-benefits-for-humans-trees-and-wildlife-165647
1ba00f135beed207405cda40043a0b4e8ba64994f44cf9b3361de25e1da520a3,2024-09-07 10:58:55.737404+00:00,en,theguardian.com,theguardian.com,2021-09-28,‘False choice’: is deep-sea mining required for an electric vehicle revolution?,https://www.theguardian.com/environment/2021/sep/28/false-choice-is-deep-sea-mining-required-for-an-electric-vehicle-revolution
ad76d9b0c1f66fabd1b16e21b822a3757a95021a0a3e60714afb302c672c0f3a,2024-09-07 10:51:17.772910+00:00,en,dailymail.co.uk,dailymail.co.uk,2021-09-28,Jamie Durie under more fire over plans to turn waterfront cottage into six storey 'monstrosity',https://www.dailymail.co.uk/news/article-10035581/Jamie-Durie-fire-plans-turn-waterfront-cottage-six-storey-monstrosity.html?ns_mchannel=rss&ns_campaign=1490&ito=1490
cdde1f4977fb4b9d4de61279f749f74abfe968627df0be4008941d0c2bcab7cc,2024-09-07 09:35:22.100792+00:00,en,independent.co.uk,independent.co.uk,2021-09-29,"23 species to be declared extinct in US, officials say",https://www.independent.co.uk/climate-change/news/extinct-animals-plant-endangered-list-b1929150.html
6368f113a66990ffa06184afad23403c2d2f3c0da89c1e1f1d0fbf7d4db350e2,2024-09-07 07:55:53.629735+00:00,en,heraldscotland.com,heraldscotland.com,2021-09-30,Scottish Greens under fire for waste incineration u-turn 'utter embarrassment',https://www.heraldscotland.com/politics/19617253.scottish-greens-fire-waste-incineration-u-turn-embarrassment/?ref=rss
5f5f3c997c6d7dbf884e8325b0417cafdee6f84b19996b9d8f89597f7ff3d1ef,2024-09-07 06:50:08.021215+00:00,en,scotsman.com,scotsman.com,2021-09-30,Scotland's new discovery centre will showcase our wildlife,https://www.scotsman.com/news/opinion/columnists/scotlands-new-discovery-centre-will-showcase-our-wildlife-beccy-angus-3399965
bdf052ef0dc6ea9d75b48e6461b857eead983903bb6325a708d05ada0e9ee2d0,2024-09-07 01:24:13.240164+00:00,en,heraldscotland.com,heraldscotland.com,2021-10-04,"PLANET PAPERS: How businesses, societies and investors can build an economic ecosystem",https://www.heraldscotland.com/business_hq/19623997.planet-papers-businesses-societies-investors-can-build-economic-ecosystem/?ref=rss
6a65e21a18d830f3faf48928a44104fd0fa8690d3a3ddf6e0dc36c8407462ed4,2024-09-06 21:27:29.973887+00:00,en,independent.co.uk,independent.co.uk,2021-09-09,"Overfishing threatens over one-third of all shark and ray species, says study",https://www.independent.co.uk/climate-change/news/overfishing-sharks-rays-extinction-study-b1915393.html
8e415e88ca8622e594bb629cd6ac4dd69b597dc284b2531c576874a33cacc029,2024-09-06 20:20:11.919111+00:00,en,theguardian.com,theguardian.com,2021-10-06,‘It is there pretty much forever’: Huntington Beach oil spill may permanently affect birds,https://www.theguardian.com/us-news/2021/oct/06/huntington-beach-oil-spill-may-permanently-endanger-birds
07d0b902feb220e1ce8162a63e4d90885555a2306b7425383125de61a7ed6129,2024-09-06 20:00:23.204904+00:00,en,theconversation.com,theconversation.com,2021-10-06,Climate crisis: how science fiction’s hopes and fears can inspire humanity’s response,https://theconversation.com/climate-crisis-how-science-fictions-hopes-and-fears-can-inspire-humanitys-response-167092
a010671557e2fabe9e81711c0546a64d09ac069e8fcddf98156fdbd0218d0bab,2024-09-06 18:45:58.066742+00:00,en,theconversation.com,theconversation.com,2021-10-07,Friday essay: a world of pain – Australian theatre in crisis,https://theconversation.com/friday-essay-a-world-of-pain-australian-theatre-in-crisis-168663
b1ef5995eed8eb5ebba785da141bc82f2e134db38d86a3d6f9068fc8b4864cfa,2024-09-06 17:12:23.317316+00:00,en,theguardian.com,theguardian.com,2021-09-19,"Global shipping is a big emitter, the industry must commit to drastic action before it is too late",https://www.theguardian.com/world/2021/sep/20/global-shipping-is-a-big-emitter-the-industry-must-commit-to-drastic-action-before-it-is-too-late
a85ee91a8cb05707184e997281d529d969ca02c0c56adabf607b31180de8ad29,2024-09-06 17:11:25.447683+00:00,en,scotsman.com,scotsman.com,2021-10-07,Humanity risks boiling like the proverbial frog as world steadily gets too hot – Professor Martin Rees,https://www.scotsman.com/news/opinion/columnists/climate-change-humanity-risks-boiling-like-the-proverbial-frog-as-world-steadily-gets-too-hot-professor-martin-rees-3409474
22726ddb648700c32470b4deb5dfaf991981af3916e89b8cd6a3618030d5e4a7,2024-09-06 13:51:21.826402+00:00,en,heraldscotland.com,heraldscotland.com,2021-10-09,Lorna Slater: Scotland needs independence to tackle climate emergency,https://www.heraldscotland.com/politics/19636648.scottish-greens-lorna-slater-scotland-needs-independence-tackle-climate-emergency/?ref=rss
b6db932b94deefedd6f23cf6d466186309ee33261801e86458724be33883dd51,2024-09-06 13:50:55.079801+00:00,en,telegraph.co.uk,telegraph.co.uk,2021-06-16,Britain faces power cuts as electricity begins to run everything from cars to boilers,https://www.telegraph.co.uk/environment/2021/06/16/britain-faces-catastrophic-power-cuts-electricity-begins-run/
e8426c2d8aade6aaa4f6b635a4fd4924951bdf8f9ab1e2545ed3c2b05b9b7374,2024-09-06 13:45:16.551649+00:00,en,scotsman.com,scotsman.com,2021-10-09,Scottish Independence: 'Sturgeon was right to say time is on our side' say Green leaders,https://www.scotsman.com/news/politics/scottish-independence-sturgeon-was-right-to-say-time-is-on-our-side-say-green-leaders-3412923
7fda1692409738c3fa3b1cca29e2c88895945f7668b11f93209da8cb655d86ef,2024-09-06 13:13:00.119667+00:00,en,dailymail.co.uk,dailymail.co.uk,2021-10-10,Springwatch host Chris Packham fears he will be killed after 'thugs' blew up car outside his home,https://www.dailymail.co.uk/news/article-10077959/Springwatch-host-Chris-Packham-fears-killed-thugs-blew-car-outside-home.html?ns_mchannel=rss&ito=1490&ns_campaign=1490
cf563b72c9352d709ef30585cdf519aa30b92d47ea9dc0b6e4e52b853a336a86,2024-09-06 13:00:27.693424+00:00,en,unitedkingdomnews.net,unitedkingdomnews.net,2021-10-10,Xinhua Headlines: British experts meet China&#039;s biodiversity heroes,http://www.unitedkingdomnews.net/news/271447819/xinhua-headlines-british-experts-meet-china-biodiversity-heroes
d25cec98179387378d26fcb9857b6ad8694f27fa98ca8a9dfbf8eddc726f1852,2024-09-06 12:58:44.572552+00:00,en,theuknews.com,theuknews.com,2021-10-11,Xinhua Headlines: British experts meet China&#039;s biodiversity heroes,http://www.theuknews.com/news/271447819/xinhua-headlines-british-experts-meet-china-biodiversity-heroes
94097fcf2b2901be031a96cda0b0f87219b5bd98b3302e420ac6df395173ec98,2024-09-06 12:41:45.397962+00:00,en,britainnews.net,britainnews.net,2021-10-10,Xinhua Headlines: British experts meet China&#039;s biodiversity heroes,http://www.britainnews.net/news/271447819/xinhua-headlines-british-experts-meet-china-biodiversity-heroes
dd364b3e9068a0c5f3498f7d0751384ba6f8c8fad9322a23dc708cb10d1da524,2024-09-06 12:13:43.749503+00:00,en,morningstaronline.co.uk,morningstaronline.co.uk,2021-10-12,Failure to act on climate and biodiversity crisis justifies direct action,https://morningstaronline.co.uk/article/f/failure-act-climate-and-biodiversity-crisis-justifies-direct-action
52c51a7a59702d5b907eb98e3442d66b254b9f48935e11b8f2a314effa07f7cc,2024-09-06 11:02:47.706665+00:00,en,dailymail.co.uk,dailymail.co.uk,2021-10-11,Chris Packham says he knows identities of attackers after thugs torched Land Rover outside home,https://www.dailymail.co.uk/news/article-10079819/Chris-Packham-says-knows-identities-attackers-thugs-torched-Land-Rover-outside-home.html?ns_mchannel=rss&ns_campaign=1490&ito=1490
1608fa9e6ef0bbf4d18ea7d3319733b04414974b5090ac3da058dad068421355,2024-09-06 10:57:35.550143+00:00,en,express.co.uk,express.co.uk,2021-10-11,Polling guru John Curtice warns Sturgeon of 'enormous gamble' SNP face with IndyRef2 vote,https://www.express.co.uk/news/politics/1504040/scottish-independence-poll-john-curtice-nicola-sturgeon-latest-vn
d98e73877fded5fad6cf4d70474da9a860082dab9406daae07032420c5646881,2024-09-06 09:03:15.167590+00:00,en,scotsman.com,scotsman.com,2021-10-12,Credit cuts to poorest is cruel and reckless,https://www.edinburghnews.scotsman.com/news/opinion/columnists/credit-cuts-to-poorest-is-cruel-and-reckless-lorna-slater-3414283
00eedcea1d5ad950f5494a8be82c75b261299ef7e1d7e05e4ac4df9a0b0ec2c6,2024-09-06 08:16:48.366285+00:00,en,theguardian.com,theguardian.com,2021-10-14,"Federal funding for Australian farmers could be open to environmental challenge, experts warn",https://www.theguardian.com/australia-news/2021/oct/14/federal-funding-for-australian-farmers-could-be-open-to-environmental-challenge-experts-warn
75b1d53912d2107efb88aae39bfa957a65966f34325138d2b513fb1c43b5493e,2024-09-06 08:02:34.613669+00:00,en,independent.co.uk,independent.co.uk,2021-10-13,Can climate fiction inspire a response to help save the planet?,https://www.independent.co.uk/news/science/climate-crisis-fiction-cop26-b1936111.html
c1841be2fc186c919f2cdd26e4f91d1f5c81194dfef461ba0464a3ae95c0fd90,2024-09-04 11:45:40.171483+00:00,en,economist.com,economist.com,2021-03-30,What would different levels of global warming look like?,https://www.economist.com/the-economist-explains/2021/03/30/what-would-different-levels-of-global-warming-look-like
0a3549ac9b708c8322921c8a96ff6aa4a35e35f8cb308a30d7b187e8ce79c5d0,2024-09-04 10:20:50.512669+00:00,en,heraldscotland.com,heraldscotland.com,2017-07-16,David Torrance: Opportunity for SNP to take on vested interests in farming rather than just rearranging the furniture,https://www.heraldscotland.com/opinion/columnists/david_torrance/15414327.david-torrance-opportunity-snp-take-vested-interests-farming-rather-just-rearranging-furniture/?ref=rss
8911eb5660ea633657a6b8307453f9727d5019e864cf0935962f00bd37d05fe6,2024-09-04 03:39:20.622999+00:00,en,dailymail.co.uk,dailymail.co.uk,2021-02-23,Bizarre moment climate protester dressed as a zombie BITES Sunrise reporter during a live TV cross,https://www.dailymail.co.uk/news/article-9288599/Bizarre-moment-climate-protester-dressed-zombie-BITES-Sunrise-reporter-live-TV-cross.html
11a2ecfe9fa810a70ce286316bd49aa932b5a7acc1c508fe28ef4c69489c4fbc,2024-09-04 00:04:06.350253+00:00,en,theguardian.com,theguardian.com,2021-04-04,"Across the UK, environmental protest is surging. So why don't we hear about it?",https://www.theguardian.com/commentisfree/2021/apr/04/uk-environmental-protest-developers
ac3407c46e8fcb6c3825b3d935bfc18e3c39eb9f947c49bd048a3f9ea0a9f407,2024-09-03 12:13:31.725719+00:00,en,scotsman.com,scotsman.com,2021-04-20,Nature-based solutions are part of the answer to the climate crisis,https://www.scotsman.com/news/opinion/columnists/nature-based-solutions-are-part-of-the-answer-to-the-climate-crisis-neil-bancroft-3206383
70fa605ad51bff305787717f9fb1a681ecd0f844e5696b65a7c3063460e957c0,2024-09-03 12:05:41.185257+00:00,en,independent.co.uk,independent.co.uk,2021-04-20,Five ways to help save the planet on Earth Day,https://www.independent.co.uk/climate-change/news/earth-day-2021-activities-facts-ideas-b1834277.html
7ac62e8471787cacf850ab22dd3ebd64b04e2c63985edc5411cf8e2936985a5e,2024-09-03 11:52:35.710830+00:00,en,newstatesman.com,newstatesman.com,2021-04-20,The age of consequences: the future for which left environmentalism is unprepared,https://www.newstatesman.com/politics/environment/2021/04/age-consequences-future-which-left-environmentalism-unprepared
27281ca7615ee2c59079316fabf96677bc20b858059e11bd23c3c044504624f0,2024-09-03 08:56:09.359070+00:00,en,thesun.co.uk,thesun.co.uk,2021-04-22,Earth Day 2021: Boris Johnson leads climate calls as MPs come together to make pledges to save the planet,https://www.thesun.co.uk/news/politics/14723969/earth-day-boris-johnson-climate-crisis-pledges/
f1b9de8b7dd519ddf7cd580852315cb707c3afa84e21420feb62708abac8b4e5,2024-09-03 08:29:41.027099+00:00,en,independent.co.uk,independent.co.uk,2021-04-22,Sort your greenwashing from your black carbon with the Independent’s climate jargon buster,https://www.independent.co.uk/climate-change/news/climate-jargon-glossary-environment-terms-b1835728.html
531432316f0087431e748cb171513e68c94741a87e34e3fe8ef00f1c81154a45,2024-09-03 08:17:50.290436+00:00,en,dailymail.co.uk,dailymail.co.uk,2021-04-22,Climate activists dump wheelbarrow full of cow manure outside White House to protest climate plan,https://www.dailymail.co.uk/news/article-9500175/Climate-activists-dump-wheelbarrow-cow-manure-outside-White-House-protest-climate-plan.html?ns_mchannel=rss&ns_campaign=1490&ito=1490
ce997ce6f0f602fb7e1b9c752f9052ade063b11767dc6fcd81bb3f25f1cd29c1,2024-09-03 08:12:08.682553+00:00,en,heraldscotland.com,heraldscotland.com,2021-04-22,Holyrood election 2021: What the parties are pledging on the climate emergency,https://www.heraldscotland.com/news/19252530.snp-holyrood-rivals-pledging-climate-crisis/?ref=rss
2c89730ed13e42cb6f672aa6634e6c54568b5f9281ab384dcf0a2033f94e6144,2024-09-03 08:09:37.427581+00:00,en,theconversation.com,theconversation.com,2021-04-22,The Table Mountain fire: what we can learn from the main drivers of wildfires,https://theconversation.com/the-table-mountain-fire-what-we-can-learn-from-the-main-drivers-of-wildfires-159477
309f0012d3a342b06eff448f8f49fcda809a4f597e7d8d889c980a3226bb880a,2024-09-03 07:01:14.976318+00:00,en,express.co.uk,express.co.uk,2021-04-23,"Green Britain: Boris Johnson says green plan is about jobs and growth, not bunny hugging",https://www.express.co.uk/news/politics/1426972/green-britain-boris-johnson-green-plan-jobs-climate-change-bunny-hugging
82f66d91d7fb87a3a16c62ac28b358cc61d9d74b53bb8146b51879371a9cf8af,2024-09-03 07:00:32.754235+00:00,en,dailymail.co.uk,dailymail.co.uk,2021-04-23,Extinction Rebellion protest: Activists dump a truck full of fake COAL outside Lloyd's London HQ,https://www.dailymail.co.uk/news/article-9503301/Extinction-Rebellion-protest-Activists-dump-truck-fake-COAL-outside-Lloyds-London-HQ.html?ns_mchannel=rss&ito=1490&ns_campaign=1490
fa0b31ebda18385dc6a925f5656e899e0ba0d6e13ae2e88ad4cb73b57a9c6bfd,2024-09-03 05:58:56.819846+00:00,en,independent.co.uk,independent.co.uk,2021-04-23,Something needs to be done about Bolsonaro’s horrific ‘death bill’ to save indigenous people and the rainforest,https://www.independent.co.uk/independentpremium/long-reads/bolsonaro-brazil-amazon-rainforest-indigenous-b1831874.html
6eefe41d80320b61ee57d696054504df7209b63a33048979bd22c14393df466b,2024-09-03 04:31:18.692474+00:00,en,metro.co.uk,metro.co.uk,2019-10-17,What is Extinction Rebellion and what are they trying to achieve?,https://metro.co.uk/2019/10/17/extinction-rebellion-trying-achieve-10935086/
792d36a007ec14a69390a2c5069496304443ea5ddbf1592d495ff27d208d5bb1,2024-09-03 03:20:28.000192+00:00,en,theconversation.com,theconversation.com,2021-04-25,More reasons for optimism on climate change than we've seen for decades: 2 climate experts explain,https://theconversation.com/more-reasons-for-optimism-on-climate-change-than-weve-seen-for-decades-2-climate-experts-explain-159233
7eedd4d28991e74e06cbe405fa315586ffdcc96b48ca67d35fd0361bbab03ac0,2024-09-03 01:08:29.331661+00:00,en,newsletter.co.uk,newsletter.co.uk,2021-04-26,"Mourne Mountains blaze started deliberately, says fire service",https://www.newsletter.co.uk/news/crime/mourne-mountains-blaze-started-deliberately-says-fire-service-3214970
bdfc4c8fdea0a4d3dd6ee661059a286ff2ec0a47a969cb9590e813b09b663c03,2024-09-03 00:04:47.774925+00:00,en,theguardian.com,theguardian.com,2021-04-11,‘Negotiating with your worst enemy’: Biden in risky talks to pay Brazil to save Amazon,https://www.theguardian.com/environment/2021/apr/11/negotiating-with-your-worst-enemy-biden-in-risky-talks-to-pay-brazil-to-save-amazon
80d9e23f972d64060c7b1d4cabfd945ccef96a5e1cc0432d351f21ad0c134a05,2024-09-02 22:26:07.178361+00:00,en,theguardian.com,theguardian.com,2021-04-28,Clive Palmer coalmine next to Great Barrier Reef rejected by Queensland government,https://www.theguardian.com/australia-news/2021/apr/28/clive-palmer-coalmine-next-to-great-barrier-reef-rejected-by-queensland-government
97b315807464b1f288afb6db483d26081b730e83ed174bb305b61b7604f6d723,2024-09-02 19:46:32.691407+00:00,en,express.co.uk,express.co.uk,2021-04-29,Humanity on the brink: Scientists warn decreasing biodiversity will lead to 'catastrophe',https://www.express.co.uk/news/science/1429900/humanity-future-end-of-the-world-biodiversity-nature-evg
a6d13b3d9c90477d03a9701e9f87b3c663d5826687f3961c804c96a7847d14e1,2024-09-02 18:56:07.665006+00:00,en,huffingtonpost.co.uk,huffingtonpost.co.uk,2019-08-22,Bolsonaro's Most Brutal Assault To Date Is His Rhetoric On The Amazon Rainforest Fires,https://www.huffingtonpost.co.uk/entry/brazil-bolsonaro-amazon-forest-fires_uk_5d5e8055e4b0dfcbd4890471?ncid=other_huffpostre_pqylmel2bk8&utm_campaign=related_articles
2d373325e6a099676c55e67430a75248e9ff73254452e5f33cbc6bdd6932f6ba,2024-09-02 17:26:00.410786+00:00,en,standard.co.uk,standard.co.uk,2024-09-02,Earthed’s Guerrilla Gardening Challenge: Rewilding London’s urban spaces,https://www.standard.co.uk/comment/guerilla-gardening-london-challenge-earthed-rewilding-b1179583.html
6fee23cd93e1da2eb3a79247a73f454205c256bd6d7a7f11e6bcb2e04f76aa41,2024-09-02 17:09:23.647301+00:00,en,dailyrecord.co.uk,dailyrecord.co.uk,2021-05-01,"More than 1,100 people object to housing plans at UWS Thornly Park campus",https://www.dailyrecord.co.uk/news/local-news/more-1100-people-object-housing-24018373
97b6b718d8d96f9b32766dba31e323a45724974441a0c8984817a126486e9826,2024-09-02 14:34:15.058889+00:00,en,independent.co.uk,independent.co.uk,2021-05-03,How your donations are helping keep elephants safe in Kenya,https://www.independent.co.uk/stop-the-illegal-wildlife-trade/elephant-protection-kenya-b1840161.html
d3da3f77876fbe7ee678cea3f77519c2fcb3e817792b2a32f9e1d3547642cc72,2024-09-02 13:41:02.354069+00:00,en,independent.co.uk,independent.co.uk,2021-05-03,Brazil’s Amazon has ‘flipped’ and now emits more carbon pollution than it sinks,https://www.independent.co.uk/climate-change/amazon-carbon-emissions-bolsonaro-b1841415.html
1783c066de593a4209654e35cfb9817a162da4fd5d0f1b5ca38d1523aca46bc8,2024-09-02 08:32:31.703519+00:00,en,walesonline.co.uk,walesonline.co.uk,2021-05-02,Weekend of protests at site of planned new cancer hospital,https://www.walesonline.co.uk/news/wales-news/save-northern-meadows-protest-velindre-20512835
817d0b44224f8ead803719fd2c92482cb183578e091377b1f3af9e91b4764c1a,2024-09-01 16:14:09.735973+00:00,en,theguardian.com,theguardian.com,2021-05-16,Why the landmark Bretton Woods deal is as relevant today as in 1944,https://www.theguardian.com/business/2021/may/16/why-the-landmark-bretton-woods-deal-is-as-relevant-today-as-in-1944
935969c56d3f869151ccd1097e5cb5a71033d7fbab161a8969661d63686daa90,2024-09-01 10:26:55.122368+00:00,en,prnewswire.co.uk,prnewswire.co.uk,2021-05-20,"DBS, SGX, Standard Chartered and Temasek to take climate action through global carbon exchange and marketplace",https://www.prnewswire.co.uk:443/news-releases/dbs-sgx-standard-chartered-and-temasek-to-take-climate-action-through-global-carbon-exchange-and-marketplace-854718729.html
23a67282f7c7e2dcadb9bc114c79dfcbb17f3fc0b09403e01bfc84ce5624bcf4,2024-09-01 05:28:42.841605+00:00,en,theguardian.com,theguardian.com,2019-11-20,Wednesday briefing: Parties take stock after leaders' debate,https://www.theguardian.com/world/2019/nov/20/wednesday-briefing-parties-take-stock-after-leaders-debate
018e6f07615b987a74f75b92cab35d33fa03930a08367be85249f09aaa813abf,2024-09-01 01:56:47.105582+00:00,en,theconversation.com,theconversation.com,2021-05-26,Australia's threatened species plan sends in the ambulances but ignores glaring dangers,https://theconversation.com/australias-threatened-species-plan-sends-in-the-ambulances-but-ignores-glaring-dangers-161407
eb8511fa961bdb9e0d2405c0b2d6563cbd2e086ade1d3598319524130bcfc0dd,2024-09-01 01:35:39.159229+00:00,en,theconversation.com,theconversation.com,2021-05-26,"To protect ocean environments, 'good enough' might be the best long-term option",https://theconversation.com/to-protect-ocean-environments-good-enough-might-be-the-best-long-term-option-160973
04bd766eab0f1d76b479d51321e5f2bc16e6306a782543abf479fcf56d5531df,2024-09-01 00:42:44.703638+00:00,en,theguardian.com,theguardian.com,2021-05-26,‘Highway of death’: animals pay ultimate price on Brazil’s most dangerous road for wildlife,https://www.theguardian.com/environment/2021/may/26/highway-of-death-animals-pay-ultimate-price-on-brazils-most-dangerous-road-for-wildlife-aoe
e5641904c6f3c62d4edd8a002751b5f2292ecaf6d679f4ada61478e39d9489be,2024-08-31 23:50:38.995956+00:00,en,birminghammail.co.uk,birminghammail.co.uk,2021-05-27,Dismay as photos show 'brutal' removal of trees on country lane,https://www.birminghammail.co.uk/news/midlands-news/dismay-photos-show-brutal-removal-20692666
095ff90cd76fc9be40aeeee3aac3109e36fbab326eac90a9a9a30f341560ef04,2024-08-31 21:58:24.421505+00:00,en,independent.co.uk,independent.co.uk,2021-05-29,Finding the Mother Tree: How Suzanne Simard changed our understanding of t nature,https://www.independent.co.uk/arts-entertainment/books/finding-mother-tree-book-review-b1855158.html
eac08dba9958dfc4f4e30b4bb3d1a02697bd3d90e5a9ca8cf4945847578f1c21,2024-08-31 18:49:26.111970+00:00,en,independent.co.uk,independent.co.uk,2021-05-31,Extinction Rebellion apologise in advance to Cornwall residents for planned G7 protests,https://www.independent.co.uk/climate-change/news/extinction-rebellion-g7-cornwall-protests-b1856900.html
b01ec022abe2ffad56965493f4d5f6d218e5e4ee616bb8c9300b6547ff154262,2024-08-31 17:45:19.318501+00:00,en,theguardian.com,theguardian.com,2021-05-27,"Investing 0.1% of global GDP could avoid breakdown of ecosystems, says UN report",https://www.theguardian.com/environment/2021/may/27/nature-financial-value-investing-global-gdp-avoid-breakdown-ecosystems-un-report-aoe
48a51cfa134acbb348a3a0707351fc7917229c2e67252f6a70560ae118e1d020,2024-08-31 14:50:55.859667+00:00,en,express.co.uk,express.co.uk,2021-06-03,Barack Obama: Humans could go extinct within 100 years if climate change is not tackled,https://www.express.co.uk/news/science/1445156/Barack-Obama-climate-change-human-extinction-global-warming-evg
42dc3a4afff7618e74ad40debde5103af10acc0e4ded2be472e0da1e409bc4ba,2024-08-31 14:35:04.022602+00:00,en,dailyrecord.co.uk,dailyrecord.co.uk,2021-06-03,Falkirk school becomes the launch site of campaign to tackle climate emergency,https://www.dailyrecord.co.uk/news/scottish-news/climate-emergency-campaign-launched-falkirk-24243480
c9fddbae5e57922d06764cfeb14d2a6b3dde95ef85e45d917313d6ea996300ae,2024-08-31 11:01:47.948653+00:00,en,heraldscotland.com,heraldscotland.com,2021-06-02,Major new campaign urges Scots to help tackle climate emergency,https://www.heraldscotland.com/news/19344923.major-new-campaign-urges-scots-help-tackle-climate-emergency/
0732e7dc819b186e90577b53d8496e1f4e5cbbbe7cf386ae207497e15d53af08,2024-08-31 10:18:07.120748+00:00,en,independent.co.uk,independent.co.uk,2021-06-06,UK government conservation budget cuts could deal a ‘tragic blow’ to wildlife,https://www.independent.co.uk/stop-the-illegal-wildlife-trade/uk-conservation-budget-wildlife-b1859750.html
43ba907d4e90980ce14ea4b123b39d784b3c9122e3926bbd84209682b8b6fcc8,2024-08-31 10:12:17.089043+00:00,en,dailymail.co.uk,dailymail.co.uk,2021-05-29,From Genius to Breaking Boundaries and The Defence: The best on demand TV to watch this week,https://www.dailymail.co.uk/home/event/article-9625163/From-Genius-Breaking-Boundaries-Defence-best-demand-TV-watch-week.html?ns_mchannel=rss&ns_campaign=1490&ito=1490
22c118d94ddd52d6d40d9801b8899fddf86c7b31c96967aacda4a9c45171226b,2024-08-30 23:44:01.343128+00:00,en,independent.co.uk,independent.co.uk,2021-06-13,The Latest: Attenborough: G-7 must speed up climate action,https://www.independent.co.uk/news/world/europe/the-latest-attenborough-g7-must-speed-up-climate-action-jill-biden-england-david-attenborough-joe-biden-boris-johnson-b1864928.html
54ef21bb8c4ce944ecacff9afb791eac327817aa6519ca5393affde8f8588237,2024-08-30 22:11:25.126405+00:00,en,independent.co.uk,independent.co.uk,2021-06-14,Conservationists plea: “We urgently need G7 to listen to nature”,https://www.independent.co.uk/stop-the-illegal-wildlife-trade/g7-conservationists-plea-b1859760.html
da383c421ec7a4c86e5ab8c771c479cced9edac23724c68e715b268be5a9bae7,2024-08-30 21:47:13.997414+00:00,en,independent.co.uk,independent.co.uk,2021-06-15,"UK less prepared for climate crisis now than five years ago, government advisers warn",https://www.independent.co.uk/climate-change/news/uk-not-prepared-climate-crisis-b1866489.html
124211dfca5bef43f7a7f7409b65f4d9626fe750d1a5b846bb801a73d530e353,2024-08-30 20:09:02.526621+00:00,en,theguardian.com,theguardian.com,2021-06-12,‘We’re causing our own misery’: oceanographer Sylvia Earle on the need for sea conservation,https://www.theguardian.com/environment/2021/jun/12/were-causing-our-own-misery-oceanographer-sylvia-earle-on-the-need-for-sea-conservation
ed2e79cd33fc6ec4380a14c64ef1004f59e7d433abd66f2502dea42828ffef83,2024-08-30 19:22:29.466457+00:00,en,express.co.uk,express.co.uk,2021-06-16,"Global warming outpacing Britain's ability to cope, warn Government advisers",https://www.express.co.uk/news/nature/1450643/climate-change-global-warming-impact-uk-extreme-weather
c06094a5b8c1dfcbe78bb6f757d6aa31daa34c7d04c69ca43898a18fb37ebc94,2024-08-30 17:37:13.432579+00:00,en,mirror.co.uk,mirror.co.uk,2019-04-18,Extinction Rebellion protesters 'to shut down Heathrow Airport tomorrow',https://www.mirror.co.uk/news/uk-news/breaking-extinction-rebellion-protesters-to-14405482
49e289c6c2e921b56b19b1efd4080a376be0d729bc0206e163c197fd663e822a,2024-08-30 16:06:36.786400+00:00,en,theconversation.com,theconversation.com,2021-06-14,COVID-19 made deep-sea mining more tempting for some Pacific islands – this could be a problem,https://theconversation.com/covid-19-made-deep-sea-mining-more-tempting-for-some-pacific-islands-this-could-be-a-problem-158550
e50e14c1319e28d11a5421421da9e58bc58eab051c190790c565d337a4ce642c,2024-08-30 12:01:55.358074+00:00,en,cityam.com,cityam.com,2021-06-21,Meet the youngest professional winemaker in the UK,https://www.cityam.com/meet-the-youngest-professional-winemaker-in-the-uk/
053f282fa63c589c0bf6a2378d6e3d1117e21ede993bc7dd381b39fbd7533adf,2024-08-30 09:32:27.942288+00:00,en,independent.co.uk,independent.co.uk,2021-06-23,‘Life on Earth can recover ... humans cannot’: UN climate body warns of accelerating impacts in leaked draft report,https://www.independent.co.uk/climate-change/global-warming-impacts-un-ipcc-sea-level-b1871327.html
948fd2f67a5ae8b48b0af4e1dfeeb317020982355707a3a239726b72893a6a6c,2024-08-30 09:28:22.418688+00:00,en,theconversation.com,theconversation.com,2021-06-23,The government’s idea of ‘national environment standards’ would entrench Australia's global pariah status,https://theconversation.com/the-governments-idea-of-national-environment-standards-would-entrench-australias-global-pariah-status-163082
e2a3fdfb9f4bafefffb9b1b34afd4cc76c15eb67aab4c46c8a49ed15c4db7e7c,2024-08-30 07:33:45.753937+00:00,en,independent.co.uk,independent.co.uk,2021-06-24,Plan to fell ‘internationally important’ trees on Isle of Man for farm access sparks backlash,https://www.independent.co.uk/climate-change/news/elm-trees-farm-isle-man-b1872281.html
7c3a8a80a011032c3339ec0d073732ef4810bdf3badd59504e66fb76f1b3a888,2024-08-30 07:26:34.444683+00:00,en,independent.co.uk,independent.co.uk,2021-06-24,England’s poorest schools lose £90m through change to pupil premium funding,https://www.independent.co.uk/news/uk/politics/primary-schools-funding-pupil-premium-b1872236.html
c0c59d1a790ca5e3bac226638d4733c0bb41fec0261480dac77498b075a81cc2,2024-08-30 03:04:54.209935+00:00,en,theguardian.com,theguardian.com,2021-06-22,The real urban jungle: how ancient societies reimagined what cities could be,https://www.theguardian.com/news/2021/jun/22/the-real-urban-jungle-how-ancient-societies-reimagined-what-cities-could-be
e584849df4d6d9ee32a8c6f24854bad08c39d8413758fd606081c007d40d27de,2024-08-30 01:06:36.208198+00:00,en,politics.co.uk,politics.co.uk,2021-06-28,COP26: UK leading the world in 'climate hypocrisy',https://www.politics.co.uk/comment/2021/06/28/cop26-must-deliver-cold-hard-policies-not-just-more-words/
46aaf24373948592cf94933a3df962162e40d5a7802e40f0919674619b0a7f46,2024-08-30 00:27:11.743798+00:00,en,theguardian.com,theguardian.com,2021-06-29,Tories’ ‘toothless’ UK policies failing to halt drastic loss of wildlife,https://www.theguardian.com/environment/2021/jun/30/toothless-tory-policies-drastic-loss-of-wildlife-uk-aoe
1f37ee0b19f7f5dfa155c73c9749c9a385b27ceb8af2d9d018de2cd7eeb24844,2024-08-30 00:07:15.381418+00:00,en,walesonline.co.uk,walesonline.co.uk,2021-06-22,New pictures revealed of Velindre hospital as consultation begins,https://www.walesonline.co.uk/news/wales-news/cardiff-velindre-hospital-latest-plans-20863234
0c76e392827e4819da7221d696e319e470f575e86e66693a1c2624c84785072d,2024-08-29 18:22:12.897146+00:00,en,jerseyeveningpost.com,jerseyeveningpost.com,2021-07-02,Making a difference to the Island,http://www.jerseyeveningpost.com/news/ecojersey/2021/07/02/making-a-difference-to-the-island/
73851c3974d8012addfe117953ffeec49cabad97ef3ed1f0d43c5fc9b264a4a7,2024-08-29 17:02:24.876262+00:00,en,newsletter.co.uk,newsletter.co.uk,2021-07-03,RSPB NI ask for your support as they call on policy leaders to protect Northern Ireland’s nature,https://www.newsletter.co.uk/business/consumer/rspb-ni-ask-for-your-support-as-they-call-on-policy-leaders-to-protect-northern-irelands-nature-3292896
8c3fb7aa5cd5b9f11b00635a12be6e200767a8c22d31c2b57f8ef43966ab681d,2024-08-29 16:36:46.713237+00:00,en,standard.co.uk,standard.co.uk,2021-07-04,South Downs National Park to ‘renature’ area six times the size of Westminster,https://www.standard.co.uk/news/uk/south-downs-national-park-westminster-nature-south-east-ben-mitchell-b944072.html
8bd10761ee37623469a56d8f04fb77f4eda8ba63523e3fc919a419cb585ff3cf,2024-08-29 15:29:44.405319+00:00,en,unitedkingdomnews.net,unitedkingdomnews.net,2024-08-30,"India's real estate rises to Transparent Tier in global rankings, set to attract major investments",https://www.unitedkingdomnews.net/news/274533327/india-real-estate-rises-to-transparent-tier-in-global-rankings-set-to-attract-major-investments
27f8c571051c8011b98c47ebefc4e743beba1107c34dc0570eb2aa160903bd0e,2024-08-29 12:37:21.659092+00:00,en,theconversation.com,theconversation.com,2021-07-04,Chocolate fix: How the cocoa industry could end deforestation in West Africa,https://theconversation.com/chocolate-fix-how-the-cocoa-industry-could-end-deforestation-in-west-africa-161953
f2f1643d7b281e87925f37a47070d2bf6f75aa9239af667ace414a7f8a0a74cb,2024-08-29 10:27:56.850524+00:00,en,theuknews.com,theuknews.com,2024-08-29,"India's real estate rises to Transparent Tier in global rankings, set to attract major investments",https://www.theuknews.com/news/274533327/india-real-estate-rises-to-transparent-tier-in-global-rankings-set-to-attract-major-investments
569a5450bbd8957670c693d48ef16e081d1529bf3464ebf071aa95bcfa1c484a,2024-08-29 10:15:17.623565+00:00,en,scotsman.com,scotsman.com,2021-07-08,"Edinburgh flash flooding will get worse with climate change, warns expert",https://www.edinburghnews.scotsman.com/news/weather/edinburgh-flooding-we-are-going-to-see-more-of-these-extreme-events-says-climate-expert-3301354
4fc600b647e189d823fbbe6ba2fa40d1b6e13cea0f682cf92711d5f69fc2ab2a,2024-08-29 10:14:52.844067+00:00,en,scotsman.com,scotsman.com,2021-07-08,"Edinburgh flash flooding will get worse with climate change, warns expert",https://www.scotsman.com/news/weather/edinburgh-flooding-we-are-going-to-see-more-of-these-extreme-events-says-climate-expert-3301354
d23d301704000e8d4e3c34160b5bb8e01d2f650fc612a0891565e47d14a7c347,2024-08-29 08:23:43.178871+00:00,en,britainnews.net,britainnews.net,2024-08-29,"India's real estate rises to Transparent Tier in global rankings, set to attract major investments",https://www.britainnews.net/news/274533327/india-real-estate-rises-to-transparent-tier-in-global-rankings-set-to-attract-major-investments
61fdbd57634b669f650be9c2af1186f52c2bf276485d1001ec7deafb321ad1a3,2024-08-29 02:22:18.301078+00:00,en,scotsman.com,scotsman.com,2021-07-13,Botany without boundaries can help make a difference,https://www.scotsman.com/news/opinion/columnists/botany-without-boundaries-can-help-make-a-difference-simon-milne-3304557
bbea03961138f125c7c774cce363707fa37096435e0f7caeb09c0586fce501b5,2024-08-29 02:00:42.189412+00:00,en,independent.co.uk,independent.co.uk,2021-07-14,Unilever to bring in carbon footprint labels for food,https://www.independent.co.uk/climate-change/news/unilever-carbon-footprint-labels-food-b1882697.html
fa72fb595725ebed8edc884ff833e264cea9525e2bed45a5475c5136252e839f,2024-08-29 01:24:08.132203+00:00,en,sky.com,sky.com,2021-07-14,Climate change: More than a quarter of Amazon basin releasing more carbon than it absorbs,http://news.sky.com/story/climate-change-more-than-a-quarter-of-amazon-basin-releasing-more-carbon-than-it-absorbs-12355775
4aad9ee1da098ca714d331bf91b0b1147475dfba66cead415af5adc61ef967c6,2024-08-28 22:43:06.515068+00:00,en,morningstaronline.co.uk,morningstaronline.co.uk,2021-07-13,Scotland can’t ignore climate change any longer,https://morningstaronline.co.uk/article/f/scotland-cant-ignore-climate-change-any-longer
596882e533c190158d6b9d8d8e2b787e4f03b635312536ccba8803b725ff1ec9,2024-08-28 21:35:41.570450+00:00,en,telegraph.co.uk,telegraph.co.uk,2021-07-12,Gardening in July: what to plant and tidy in your garden this month,https://www.telegraph.co.uk/gardening/how-to-grow/gardening-july-what-plant-tidy-garden-things-do-allotment-2021/
a1b88c981691757bf0123552b54e86550dc5d2f03575b25d426dd70d1221d36f,2024-08-28 20:09:47.889368+00:00,en,heraldscotland.com,heraldscotland.com,2021-07-17,Joanna Blythman: Put away the weedkiller and let nature flourish – or prepare for the awful consequences,https://www.heraldscotland.com/politics/19445517.joanna-blythman-put-away-weedkiller-let-nature-flourish---prepare-awful-consequences/?ref=rss
ba01db12be39cb495332d3d041f9018db311b875c4ba77fda537c810fc6d48bc,2024-08-28 16:43:10.915424+00:00,en,theconversation.com,theconversation.com,2021-07-20,Billionaire space race: the ultimate symbol of capitalism’s flawed obsession with growth,https://theconversation.com/billionaire-space-race-the-ultimate-symbol-of-capitalisms-flawed-obsession-with-growth-164511
df98bd26cda7473214e5a1ffbf3f196bb58b9d7bfa7a2fe05b1d3ff352fe7ba4,2024-08-28 14:30:32.264001+00:00,en,theguardian.com,theguardian.com,2021-07-21,TV tonight: more remarkable architectural renovations,https://www.theguardian.com/tv-and-radio/2021/jul/21/tv-tonight-more-remarkable-architectural-renovations-george-clarke
00e6745f56c60a96ee08505fa0d276884d43fb65fda227f5b09ffce944ff28c1,2024-08-28 11:53:05.887346+00:00,en,theguardian.com,theguardian.com,2021-03-17,‘Where nature needed us the most': one company's plan to discover and fund pioneering eco projects,https://www.theguardian.com/lets-live-clean/2021/mar/17/where-nature-needed-us-the-most-one-companys-plan-to-discover-and-fund-pioneering-eco-projects
9250e649ffcdc22420159eedfd57c640d9024abee5d43baab6cbf6e2723e1c9b,2024-08-28 10:43:26.100512+00:00,en,independent.co.uk,independent.co.uk,2021-07-24,Boris Johnson’s poll lead cut sharply following Covid ping fiasco,https://www.independent.co.uk/news/uk/politics/boris-johnson-poll-lead-covid-ping-b1889808.html
9babe555c2990f5d222aba73e8925507f5347ef8af89ed51aea8a77bcd2a639e,2024-08-28 09:30:59.712666+00:00,en,independent.co.uk,independent.co.uk,2021-07-25,New health secretary Sajid Javid says people have been ‘cowering’ from Covid-19,https://www.independent.co.uk/news/uk/politics/sajid-javid-cowering-covid-19-b1890060.html
ef04399a561cc9e0aa0073cd9e4896c6109d23d0b015e731326f8faa4bf2de73,2024-08-28 09:21:50.211208+00:00,en,scotsman.com,scotsman.com,2021-07-25,How Scotland can play a key role at vital United Nations climate summit in Glasgow – Stop Climate Chaos Scotland,https://www.scotsman.com/news/opinion/columnists/climate-change-how-scotland-can-play-a-key-role-at-vital-cop26-summit-stop-climate-chaos-scotland-3320958
634c3a25b796c33d2bfe85f3c08827da345970af6b48d97a9597137f32d9faea,2024-08-28 07:48:48.749480+00:00,en,theguardian.com,theguardian.com,2021-07-26,Blue ticked off: the controversy over the MSC fish ‘ecolabel’,https://www.theguardian.com/environment/2021/jul/26/blue-ticked-off-the-controversy-over-the-msc-fish-ecolabel
0f687f975f7e0f34c78bb62855923bdbad8ada8c761fc9a0876fd1ddfadde891,2024-08-28 07:46:25.282546+00:00,en,theguardian.com,theguardian.com,2021-07-26,The Great Barrier Reef is a victim of climate change – but it could be part of the solution,https://www.theguardian.com/environment/commentisfree/2021/jul/26/the-great-barrier-reef-is-a-victim-of-climate-change-but-it-could-be-part-of-the-solution
10f347c4ce2f7f6e7d40ca09b74c4ac7cfd1c5ebc317b6e41095dce2709ff36b,2024-08-28 07:24:29.141266+00:00,en,politics.co.uk,politics.co.uk,2021-07-27,The UK's opportunity to lead the global protein transition,https://www.politics.co.uk/comment/2021/07/27/the-uks-opportunity-to-lead-global-protein-transition/
370502543df2f7d93d8108cd13499c778e2dc65f47e0cf8730495c7cca7447aa,2024-08-28 06:58:14.350369+00:00,en,telegraph.co.uk,telegraph.co.uk,2021-07-27,Gardening in July: what to plant and tidy in your garden this month,https://www.telegraph.co.uk/gardening/how-to-grow/gardening-july-2021-what-plant-tidy-garden-things-do-allotment/
e65e155c35caac863ce3446b49c8faf7469d2a4cc592478053952b7bfd0086a1,2024-08-28 05:22:56.319814+00:00,en,theguardian.com,theguardian.com,2021-07-25,The insect apocalypse: ‘Our world will grind to a halt without them’,https://www.theguardian.com/environment/2021/jul/25/the-insect-apocalypse-our-world-will-grind-to-a-halt-without-them
672cd5eb7514fefd2d192920a203f379daa0ca32ed8135d5593455957f1809ea,2024-08-27 21:12:53.595326+00:00,en,theguardian.com,theguardian.com,2021-07-28,The lobbying push that killed off a fight to save the Great Barrier Reef,https://www.theguardian.com/news/audio/2021/jul/29/the-lobbying-push-that-killed-off-a-fight-to-save-the-great-barrier-reef-podcast
7f9d8f3d177c90ba178a348aa2e58c51ec03e691c7c28edb8c955a135e39d69f,2024-08-27 17:47:21.948708+00:00,en,dailymail.co.uk,dailymail.co.uk,2021-08-03,One of the world's rarest chameleons is facing EXTINCTION,https://www.dailymail.co.uk/sciencetech/article-9852861/One-worlds-rarest-chameleons-facing-EXTINCTION.html?ns_mchannel=rss&ns_campaign=1490&ito=1490
f20761fc6daf86d5dc4479c1b630346003c43dfc57056bf43880e84cd5493601,2024-08-27 13:58:33.703566+00:00,en,express.co.uk,express.co.uk,2021-08-04,HS2 'a massive scar' destroying our wildlife: We should be 'fighting climate change’,https://www.express.co.uk/news/nature/1472344/HS2-railway-project-destroying-wildlife-climate-change
a8d12c79332e2021fe2e59a670b62eb18dfc220bd4403c5ab5e4681152ef9f48,2024-08-27 12:24:10.855630+00:00,en,independent.co.uk,independent.co.uk,2021-07-13,"Plastic pollution is nearing irreversible tipping point, experts warn",https://www.independent.co.uk/climate-change/news/global-plastic-pollution-tipping-point-b1883098.html
97e0ce9d789bf7e18b58d4d127fbc135deca0b78c07361958d92a6cec4dc0d6b,2024-08-27 10:30:07.682391+00:00,en,liverpoolecho.co.uk,liverpoolecho.co.uk,2021-08-08,Wirral's changes in the last two years and what is still to come,https://www.liverpoolecho.co.uk/news/liverpool-news/how-wirral-changed-last-two-21245888
35ef4f047c4585c94da07f1a25c67c7ae64200d6c66a5818d8a6093004ad3533,2024-08-27 07:52:24.249889+00:00,en,theconversation.com,theconversation.com,2021-08-10,Here are 5 new species of Australian trapdoor spider. It took scientists a century to tell them apart,https://theconversation.com/here-are-5-new-species-of-australian-trapdoor-spider-it-took-scientists-a-century-to-tell-them-apart-165327
c60d39c66d45e64244059ac48732226bc703ea90c998cd254b898ac1708e7e5d,2024-08-27 05:38:15.248273+00:00,en,theconversation.com,theconversation.com,2021-08-11,Should we genetically edit the food we eat? We asked two experts,https://theconversation.com/should-we-genetically-edit-the-food-we-eat-we-asked-two-experts-162959
25545d5ee5f993ede9f93d38da61a35833cca80169d256ce03e528f034171485,2024-08-27 05:22:07.303842+00:00,en,independent.co.uk,independent.co.uk,2021-08-11,What are the upcoming IPCC reports about the climate crisis?,https://www.independent.co.uk/climate-change/what-are-the-upcoming-ipcc-reports-about-the-climate-crisis-b1899940.html
11659a3b834585439942f763545d1b0ef2ab49feab431d033c352c19b40c4429,2024-08-27 03:56:32.162273+00:00,en,theconversation.com,theconversation.com,2021-08-12,Climate Repair: three things we must do now to stabilise the planet,https://theconversation.com/climate-repair-three-things-we-must-do-now-to-stabilise-the-planet-163990
e605d6eed8847bf8df7a1f3b4d0d3526d460d5bdde6b81352ae94c243362b1ec,2024-08-27 03:55:32.901271+00:00,en,dailyrecord.co.uk,dailyrecord.co.uk,2021-08-12,Access rights and biodiversity concerns raised over woodland planting plans,https://www.dailyrecord.co.uk/news/local-news/access-rights-biodiversity-concerns-raised-24742516
e504240205be8438abe9aafadf57b7186c8ad45a3614ae086a63af19b269ac51,2024-08-27 01:13:43.720506+00:00,en,independent.co.uk,independent.co.uk,2021-08-14,Opinion: Cop26 may be our last hope – yet the Tories are taking us backwards,https://www.independent.co.uk/climate-change/opinion/cop26-climate-crisis-tories-green-recovery-plan-b1901608.html
70d23fe91a5ece158fa263ca08f57bb12b0efaff7dd115f8a61d464cda8dfda8,2024-08-27 01:07:19.376473+00:00,en,independent.co.uk,independent.co.uk,2021-08-14,Secretive Israel-UAE oil deal endangers prized Eilat corals,https://www.independent.co.uk/news/uae-eilat-benjamin-netanyahu-red-sea-mediterranean-b1902568.html
d99b0b19b62e55b4a518fb058744f1009cfc7741f0e1a8a81b0ab6005c0bdcae,2024-08-26 23:49:11.267491+00:00,en,theguardian.com,theguardian.com,2021-08-16,"Humans ‘pushing Earth close to tipping point’, say most in G20",https://www.theguardian.com/environment/2021/aug/16/three-quarters-g20-earth-close-to-tipping-point-global-survey-climate-crisis
32488c5e8079113ee17f9e18c76be3a3e542aa62abcda6bfb6e7a414e194b214,2024-08-26 22:52:32.865339+00:00,en,heraldscotland.com,heraldscotland.com,2021-08-16,Lesley Riddoch: Community control key to tackling climate crisis . . . Eigg proves it,https://www.heraldscotland.com/politics/19513806.environment-community-control-key-tackling-climate-crisis-eigg-proves/?ref=rss
09375ec8bc000113e1970b979cec152731d6232a75f6b07898ff27b2e4b86f44,2024-08-26 22:50:01.718420+00:00,en,newsletter.co.uk,newsletter.co.uk,2021-08-16,NI climate activist: We are last generation who can save the planet,https://www.newsletter.co.uk/news/people/ni-climate-activist-we-are-last-generation-who-can-save-the-planet-3346329
cd62103876d0c16cbd900ff8b778a1a49075e7da16b67d9be9d60878ec16e91c,2024-08-26 20:47:07.694857+00:00,en,walesonline.co.uk,walesonline.co.uk,2021-08-18,No-one in Wales will use a gas boiler after 2030,https://www.walesonline.co.uk/news/wales-news/climate-change-wales-gas-boilers-21344951
50303003fdc5347c6d7ab2c05e03de0b8725dfcb257541d89d836adc4cb38477,2024-08-26 20:46:14.248538+00:00,en,theconversation.com,theconversation.com,2021-08-18,Some animals have excellent tricks to evade bushfire. But flames might be reaching more animals naive to the dangers,https://theconversation.com/some-animals-have-excellent-tricks-to-evade-bushfire-but-flames-might-be-reaching-more-animals-naive-to-the-dangers-164894
8aaa035666d5c5b1c008e8b13124f094b685b4c5701c078e37cf7987750c4522,2024-08-26 20:24:47.202402+00:00,en,theguardian.com,theguardian.com,2021-08-18,Major UN biodiversity summit delayed for third time due to pandemic,https://www.theguardian.com/environment/2021/aug/18/cop15-un-biodiversity-summit-hit-by-third-delay-due-to-pandemic-aoe
22ec77ab7818deb994b10e5e94518ae8e0946cf8f8d05b86c1359a07c9965bcc,2024-08-26 20:17:32.351256+00:00,en,scotsman.com,scotsman.com,2021-08-15,Insight: SNP and Scottish Greens to announce radical co-operation deal this week,https://www.scotsman.com/news/politics/insight-snp-and-scottish-greens-to-announce-radical-co-operation-deal-this-week-3345694
3aa5df65324e048f1042ce0c27be96e520dfd9c86392e62601b81a8bb2567818,2024-08-26 17:38:37.975706+00:00,en,birminghammail.co.uk,birminghammail.co.uk,2021-08-20,"1,800-home garden village set to occupy part of Solihull countryside",https://www.birminghammail.co.uk/news/midlands-news/huge-1800-home-garden-village-21361564
265ae8d4850ec7c3ad8eab8b2c534d3803c1eea7a19af389fef1e774268056ca,2024-08-26 17:32:53.970704+00:00,en,insider.co.uk,insider.co.uk,2021-08-20,Is there a business case for rewilding Scotland?,https://www.insider.co.uk/special-reports/business-case-rewilding-scotland-24783545
8d9d306299c62f45a4dd341e9e7c3e62210a02269be9df5df7838c13572dbf56,2024-08-26 16:31:31.516087+00:00,en,independent.co.uk,independent.co.uk,2021-08-21,Prince Charles urges action at COP26 amid wildfires in Mediterranean,https://www.independent.co.uk/climate-change/sustainable-living/prince-charles-cop26-wildfire-mediterranean-b1906478.html
bff989e8629269c836c1d215da6d8afd2994eefd1912994d7d2c842dcbc85c84,2024-08-26 11:56:49.354887+00:00,en,theguardian.com,theguardian.com,2021-08-25,Australian bird of the year 2021: a look at some of the early contenders,https://www.theguardian.com/australia-news/2021/aug/26/australian-bird-of-the-year-2021-a-look-at-some-of-the-early-contenders
157aebb8d9a48fc2e7b354dc97560accfe6a76121f86b8bc77633af221c613cf,2024-08-26 10:19:09.833647+00:00,en,theguardian.com,theguardian.com,2024-08-26,Albanese government accused of trying to ‘bury bad news’ about health of Great Barrier Reef,https://www.theguardian.com/environment/article/2024/aug/26/albanese-government-great-barrier-reef-report-ntwnfb
91120a49d9fdb14d1563f0b6f8fd0dd16decfb8eda59caaf305fa8217f7d0c2e,2024-08-26 08:27:05.888031+00:00,en,dailymail.co.uk,dailymail.co.uk,2021-07-23,"Inserting gene from an animal made potato, rice crops 50 percent bigger and more drought-resistant",https://www.dailymail.co.uk/sciencetech/article-9818371/Inserting-gene-animal-potato-rice-crops-50-percent-bigger-drought-resistant.html?ns_mchannel=rss&ns_campaign=1490&ito=1490
11e99e0d73adab3a2883a858516cf8c2e43fe6e2e8541c3350573e1a00db1524,2024-08-26 07:36:37.252890+00:00,en,independent.co.uk,independent.co.uk,2021-08-28,"Key measures dismissed by PM may still be brought in, says food tsar",https://www.independent.co.uk/news/uk/politics/boris-johnson-henry-dimbleby-national-food-strategy-b1909919.html
3f331b3909e2a0655def89648dfd9b87cd3ae69a334a273fad45b985179d4da5,2024-08-26 06:07:46.892562+00:00,en,heraldscotland.com,heraldscotland.com,2021-08-29,Norwegian woods are providing a blueprint for the future of Scotland’s bare mountain areas,https://www.heraldscotland.com/news/19544362.norwegian-woods-providing-blueprint-future-scotlands-bare-mountain-areas/?ref=rss
2dad4eb8a6d2fd270214e76cd76ec565e62863083b75075fab08399b7c0a851e,2024-08-26 02:03:50.116018+00:00,en,independent.co.uk,independent.co.uk,2021-09-01,Wildlife Photographer of the Year exhibition unveils breathtaking images,https://www.independent.co.uk/arts-entertainment/photography/wildlife-photographer-year-2021-pictures-b1912312.html
f4c7ccea5867012ed4b9cc3c978a0e546ffa06c4738c87cb7a2e4f4d8392933d,2024-08-26 01:54:16.282149+00:00,en,pressat.co.uk,pressat.co.uk,2021-09-01,It’s time to step up to the plate -The World’s Simplest Solution to Save the Planet,https://pressat.co.uk/releases/its-time-to-step-up-to-the-plate-the-worlds-simplest-solution-to-save-the-planet-786186cc7d8df76655065ee232ac94dc/
a1e5b2fdc284057bf4cbd440e0b1aa9d2816f48f5084e37ab00f325968708d06,2024-08-26 01:44:48.959651+00:00,en,sky.com,sky.com,2021-09-01,Almost a third of world's trees at risk of extinction,http://news.sky.com/story/almost-a-third-of-worlds-trees-at-risk-of-extinction-as-report-warns-of-domino-effect-if-just-one-species-is-lost-12396468
7c0f0350588ca78d5abb081e6ba1b7c2facdf7655bd34edbe011ef802bd0ef86,2024-08-26 00:26:09.016661+00:00,en,metro.co.uk,metro.co.uk,2021-07-15,Climate catastrophe as study suggests Amazon now contributes to CO2 emissions,https://metro.co.uk/2021/07/15/the-amazon-rainforest-now-contributes-to-co2-emissions-14935073/
96a0dc6ea6e7d61b05700f7c5e4b816d359684df045d1bc2b7132b58e0c0ae24,2024-08-26 00:26:02.040273+00:00,en,scotsman.com,scotsman.com,2021-08-10,The world can be our oyster as inspiring projects help nature to recover,https://www.scotsman.com/news/opinion/columnists/the-world-can-be-our-oyster-as-inspiring-projects-help-nature-to-recover-mirian-ross-3337236
39ef061695fbe6d5f0185f15d36ad8b254a7cc6361986a85adc8ee36e54a056c,2024-08-25 21:58:37.976070+00:00,en,express.co.uk,express.co.uk,2021-08-31,Nicola Sturgeon takes aim at ‘Brexit disaster’ in 'key' independence deal speech,https://www.express.co.uk/news/politics/1484412/nicola-sturgeon-live-news-scottish-independence-SNP-green-party-live-updates
2fe4f656441b0592adebd5db84a250d2500b4860ea88d5ca3945398f773689b9,2024-08-25 18:55:09.381364+00:00,en,huffingtonpost.co.uk,huffingtonpost.co.uk,2021-09-06,220 Medical Journals Issue Urgent Warning On Greatest Threat To Global Public Health,https://www.huffingtonpost.co.uk/entry/inaction-on-climate-change-is-greatest-threat-to-health-220-medical-journals-warn_uk_6135e344e4b0eab0ad9b0e71
f4717077e9dce7a52d09429cbc8833905c94ae84ea68bcc2cb9c878d900e20b3,2024-08-25 18:45:11.492626+00:00,en,independent.co.uk,independent.co.uk,2021-09-06,More than 230 medical journals call for emergency action to limit global warming,https://www.independent.co.uk/climate-change/medical-journals-editorials-global-warming-b1914802.html
29090e4e12eaec1c1db3f1a637b609cd8f2ce95bca93632aa06794d3dec5aa25,2024-08-25 17:41:14.960397+00:00,en,theguardian.com,theguardian.com,2021-09-07,"The disastrous voyage of Satoshi, the world’s first cryptocurrency cruise ship",https://www.theguardian.com/news/2021/sep/07/disastrous-voyage-satoshi-cryptocurrency-cruise-ship-seassteading?CMP=Share_iOSApp_Other
80e371a4e38f0e7b0c053f396abe4f10d0bd83db9ac0d866777c62bdc9ae9040,2024-08-25 17:33:27.991185+00:00,en,telegraph.co.uk,telegraph.co.uk,2021-09-07,"Pope, Archbishop of Canterbury and leading religious leaders unite on 'catastrophic consequences' of climate change",https://www.telegraph.co.uk/news/2021/09/07/pope-archbishop-canterbury-leading-religious-leaders-unite-catastrophic/
e87d5750f3050528a45a3f43e58a41fbdaf74d56f7a29b82d97811ee9a5017da,2024-08-25 17:25:36.509793+00:00,en,independent.co.uk,independent.co.uk,2021-09-07,"Overfishing threatens over one-third of all shark and ray species, says study",https://www.independent.co.uk/climate-change/overfishing-sharks-rays-extinction-study-b1915393.html
cc0464b1f5db752a3bf5264f739288fecd316201708f8cba4455ab946d86e33b,2024-08-25 17:09:52.019854+00:00,en,telegraph.co.uk,telegraph.co.uk,2021-09-07,"Chelsea Flower Show 2021: dates, tickets, transport advice and Covid safety measures",https://www.telegraph.co.uk/gardening/chelsea-flower-show/chelsea-flower-show-2021-dates-tickets-transport-advice-covid/
b1103f4571fb5ac8194657ff185d5077130f2a35f742e15ca574de722f5623af,2024-08-25 16:16:05.421061+00:00,en,independent.co.uk,independent.co.uk,2021-09-08,"Church urges people to tackle climate crisis, ahead of Cop26",https://www.independent.co.uk/climate-change/news/pope-archbishop-church-cop26-capitalism-b1916475.html
b6ac28d543dd9bb16c323e66f3af3e8fe42202b6a06af13c49933c47f549ce15,2024-08-25 13:12:07.798446+00:00,en,theguardian.com,theguardian.com,2021-09-07,"The disastrous voyage of Satoshi, the world’s first cryptocurrency cruise ship",https://www.theguardian.com/news/2021/sep/07/disastrous-voyage-satoshi-cryptocurrency-cruise-ship-seassteading
9b50efcb4d536cb8d2cced76024d47c18efb690d62ff373bdec628f62be98a7d,2024-08-25 06:56:49.253205+00:00,en,theguardian.com,theguardian.com,2021-09-09,Conservationists call for urgent ban on deep-sea mining,https://www.theguardian.com/environment/2021/sep/09/marseille-biodiversity-summit-adopts-motion-to-ban-deep-sea-mining
34973a92f469263a46a774753c0267dd64213587520784295ace26d2f681522a,2024-08-25 06:53:09.113995+00:00,en,theguardian.com,theguardian.com,2021-09-14,When Wall Street came to coal country: how a big-money gamble scarred Appalachia,https://www.theguardian.com/environment/2021/sep/14/wall-street-coal-country-hedge-funds-coal-mining-appalachia-west-virginia
75cb93d11ecc2317032cd51ee21b0fb3574232f35f91cc154f52bd46eeb461de,2024-08-24 02:34:37.329220+00:00,en,theguardian.com,theguardian.com,2021-03-04,"People wasting almost 1bn tonnes of food a year, UN report reveals",https://www.theguardian.com/environment/2021/mar/04/people-wasting-almost-billion-tonnes-food-year-un-report
5403a00c5c44c68f0ba85a1f4524295a6c1929822189e1a03ce64e15ba295273,2024-08-24 00:41:05.269791+00:00,en,dailymail.co.uk,dailymail.co.uk,2021-03-05,Prince Charles pens article for Waitrose Weekend praising retailer for signing up to his Terra Carta,https://www.dailymail.co.uk/femail/article-9329671/Prince-Charles-pens-article-Waitrose-Weekend-praising-retailer-signing-Terra-Carta.html?ns_mchannel=rss&ito=1490&ns_campaign=1490
e5419f4a34644ab043fd8b3eab303b890a97b13a0e4bc4148733989f2932c365,2024-08-23 19:34:44.786663+00:00,en,inews.co.uk,inews.co.uk,2020-04-01,UK postpones climate change conference in face of coronavirus pandemic,https://inews.co.uk/news/cop26-postponed-latest-climate-change-conference-glasgow-coronavirus-pandemic-414631
dd572ae52d6fd78145f537409b1183a208d1b2b7b0958ae5b2467c276f6cff0c,2024-08-23 17:50:40.223013+00:00,en,independent.co.uk,independent.co.uk,2021-03-09,Twelve months into the Covid conservation crisis in Africa,https://www.independent.co.uk/stop-the-illegal-wildlife-trade/covid-africa-conservation-tourism-wildlife-b1813675.html
52e24f3c402db43c78822c57ba6bc85e45b9c8c59dae8c13897372b0974acb48,2024-08-23 17:40:46.796773+00:00,en,standard.co.uk,standard.co.uk,2021-03-09,Ashworth calls for Whitehall ‘germ games’ to prepare for new pandemics,https://www.standard.co.uk/news/uk/jonathan-ashworth-government-labour-whitehall-parliament-b923033.html
abd5a312efbaccafe4c9c2142e9a1e1af0cf919a76e17737f8f75251c450d4a0,2024-08-23 16:43:54.269330+00:00,en,telegraph.co.uk,telegraph.co.uk,2020-06-15,UK 'green' biomass sourced from forests with 150 year old trees,https://www.telegraph.co.uk/news/2020/06/15/emissions-renewable-biomass-should-taxed-report-says/
7f45ed6338701dad1dcd45fbde91fb4dd3882c8114a72afc1744844692503484,2024-08-23 16:40:24.421198+00:00,en,opendemocracy.net,opendemocracy.net,2020-09-23,Time is ticking to stop the EU-Mercosur trade deal,https://www.opendemocracy.net/en/can-europe-make-it/time-ticking-stop-eu-mercosur-trade-deal/
53e88c4353ccdda8dbdbe8e69cb93ab852d4e51dc47335e72d40028c3ba47b3f,2024-08-23 16:35:29.026539+00:00,en,theguardian.com,theguardian.com,2020-12-09,Deep-sea ‘gold rush’: secretive plans to carve up the seabed decried,https://www.theguardian.com/environment/2020/dec/09/secretive-gold-rush-for-deep-sea-mining-dominated-by-handful-of-firms?CMP=twt_a-environment_b-gdneco
d7b136fe1c0461ae50b81a8e8248825a4a4b152a434fd5731fb49471b10eff28,2024-08-22 23:02:55.449819+00:00,en,dailymail.co.uk,dailymail.co.uk,2021-03-12,30 years of the Wildlife Photographer of the Year awards are celebrated,https://www.dailymail.co.uk/femail/article-9350649/30-years-Wildlife-Photographer-Year-awards-celebrated.html?ns_mchannel=rss&ito=1490&ns_campaign=1490
c5a006dbe29c9b1b7ee7993c5b4fa1abc8545f4dd2b3d761a3b95e5b84aa08c5,2024-08-22 16:57:45.666967+00:00,en,theguardian.com,theguardian.com,2021-03-16,"Ministers watering down green pledges post-Brexit, study finds",https://www.theguardian.com/environment/2021/mar/16/ministers-watering-down-green-pledges-post-brexit-study-finds
7b8271889fb65c3ab0a3ccd80bae67cb813288b225fe26885ddff541fb6ebcc5,2024-08-22 14:37:06.242668+00:00,en,dailyrecord.co.uk,dailyrecord.co.uk,2021-03-17,Stirling Council's draft climate emergency plan blasted by activists,https://www.dailyrecord.co.uk/news/local-news/stirling-councils-draft-climate-emergency-23747799
b0463affce9b26fc6b39ed41a2f007af526a6abb6a4fedf9529fb39dea2575cd,2024-08-22 10:37:39.390385+00:00,en,theconversation.com,theconversation.com,2021-03-19,Time to make nature studies a compulsory school subject – before it’s too late,https://theconversation.com/time-to-make-nature-studies-a-compulsory-school-subject-before-its-too-late-157491
4ef79c7aa48d272d2f0da5dd77f63b1aaf7a69ad721e00a709d52d3d9ffa3033,2024-08-22 07:29:00.468183+00:00,en,dailymail.co.uk,dailymail.co.uk,2021-03-21,China row: PM's father urges Boris to 'stand up' to Tories accused of 'cooking up new Cold war',https://www.dailymail.co.uk/news/article-9385963/China-row-PMs-father-urges-Boris-stand-Tories-accused-cooking-new-Cold-war.html?ns_mchannel=rss&ns_campaign=1490&ito=1490
72915c0e21cc813ba3443b618af1eeaa85ee6fd44898ea7efdf1079ee27eedcc,2024-08-22 04:27:36.191225+00:00,en,metro.co.uk,metro.co.uk,2021-03-23,Time to make nature studies a compulsory school subject — before it’s too late,https://metro.co.uk/2021/03/23/nature-studies-should-be-compulsory-in-schools-before-its-too-late-14286608/
fe0491a0c59c34abd4514cb3554ce4f447e3d0e567c0ab53d64b329ee8794d6f,2024-08-21 21:36:39.865019+00:00,en,theguardian.com,theguardian.com,2021-03-26,"'Wanted, preferably alive': the $10,000 search for New Zealand's 'ghost' bird",https://www.theguardian.com/environment/2021/mar/26/the-search-for-new-zealand-ghost-bird-aoe
22ba62c8170a5aeed180b9cc3b2a9a5eb170ca66148b95b6aa94e26cfb9247cc,2024-08-21 20:56:18.488137+00:00,en,standard.co.uk,standard.co.uk,2021-03-27,When is Earth Hour 2021? What time to switch off lights for the WWF on Saturday?,https://www.standard.co.uk/news/world/when-is-earth-hour-2021-what-lights-off-uk-wwf-meaning-b926552.html
368cd2deafdaa78fe1d30f15be67a064df0862865c0b13b3eca16965419be224,2024-08-21 19:25:50.132435+00:00,en,dailymail.co.uk,dailymail.co.uk,2021-03-27,Stanley Johnson slams Nigel Farage for suggestion that he takes money from China,https://www.dailymail.co.uk/news/article-9410151/Stanley-Johnson-slams-Nigel-Farage-suggestion-takes-money-China.html?ns_mchannel=rss&ito=1490&ns_campaign=1490
af4960f859f863185679bf89e057bb8f77241561f9509401bd799ba1af0138b7,2024-08-21 17:57:14.255350+00:00,en,dailymail.co.uk,dailymail.co.uk,2021-03-27,Stanley Johnson slams Nigel Farage for suggestion that he takes money from China,https://www.dailymail.co.uk/news/article-9410151/Stanley-Johnson-slams-Nigel-Farage-suggestion-takes-money-China.html
915d67f8fabd5e63e8f230342b33c0f9c48f0b1d04b31cedaea88efa356cfe0b,2024-08-21 14:33:41.355975+00:00,en,heraldscotland.com,heraldscotland.com,2020-05-23,'Groundbreaking' Scots investment bond to help unlock £1bn to protect rare species and environment,https://www.heraldscotland.com/news/18470838.groundbreaking-scots-investment-bond-help-unlock-1bn-protect-rare-species-environment/
c803a457262a577d9b7ab769ed94348674c3b72f9973e24bf29728e8f7f6ccb3,2024-08-21 14:31:51.498026+00:00,en,sky.com,sky.com,2020-01-25,Daily updates as Sky heads into Antarctic wilderness,https://news.sky.com/story/ice-bound-sky-correspondent-thomas-moores-daily-blog-as-he-heads-to-the-antarctic-11889897
6e602596008176a17a56bf41357f75a6fc3a034be2d248b018e81ea8be0592d5,2024-08-21 07:05:36.683092+00:00,en,cityam.com,cityam.com,2021-02-01,Why yak hair is taking over our homes and wardrobes,https://www.cityam.com/why-yak-hair-is-taking-over-our-homes-and-wardrobes/
43f9e640f04567033f026c581a0bc352cc551b2db1b513a5bbc7b27b0b4073d0,2024-08-21 00:09:38.816757+00:00,en,theconversation.com,theconversation.com,2021-02-05,"A major coal mine expansion was knocked back today, but where's the line in the sand?",https://theconversation.com/a-major-coal-mine-expansion-was-knocked-back-today-but-wheres-the-line-in-the-sand-154173
9964a29f5e04295f0c603b3f35fbfaedce26c9ab31658fab321ec2da58cad832,2024-08-20 23:13:41.402970+00:00,en,pressat.co.uk,pressat.co.uk,2021-02-05,Britain’s birds are counting on you,https://pressat.co.uk/releases/britains-birds-are-counting-on-you-gwct-big-farmland-bird-count-begins-0b5dc29f00ffe6beffc9a5219c9c973b/
2356d0919a828f1eed2e7881a6b8cf870626fe605825bf126a06323564fadcac,2024-08-20 17:35:01.415644+00:00,en,express.co.uk,express.co.uk,2021-02-08,UK's top environmental groups BACK our Green Britain crusade,https://www.express.co.uk/news/nature/1394699/green-britain-national-trust-greenpeace-wwf-friends-of-earth-wildlife-trusts-rspb
cce2855c12845072220dabfdf9258393ee68dadfb9208e25e844a12af1122f26,2024-08-20 15:33:03.398948+00:00,en,independent.co.uk,independent.co.uk,2021-02-09,Editorial: Despite the huge challenges the climate crisis brings – there is hope,https://www.independent.co.uk/voices/editorials/climate-change-cop26-un-paris-agreement-b1799865.html
1f30eb7784a540d83a938a49aa483afd9aa3237d6ff6e33d8460d11c3c5df901,2024-08-20 15:18:46.920523+00:00,en,express.co.uk,express.co.uk,2021-02-10,Steve Irwin son wins Wildlife Photographer of the Year award with dramatic bushfire image,https://www.express.co.uk/news/science/1395686/steve-irwin-son-robert-wildlife-photographer-of-the-year-award-peoples-choice-bushfire-pho
9d91dd32d66122f5b80c7d94a0792d694972a33173e193a041fd4ff566b4a21b,2024-08-20 14:42:46.686107+00:00,en,independent.co.uk,independent.co.uk,2021-02-10,Photo of Australia bushfire wins Wildlife Photographer of the Year award,https://www.independent.co.uk/arts-entertainment/photography/wildlife-photographer-of-the-year-winner-b1800174.html
a9667865f88c647601157196274cf6a5e905b94c18d9d54813218a268cea5d23,2024-08-20 13:51:05.741508+00:00,en,theguardian.com,theguardian.com,2021-02-10,"We're on a collision course with the planet. But with public support, that can change",https://www.theguardian.com/commentisfree/2021/feb/10/planet-public-biodiversity-crisis-pandemic
1f21d5d8355b23663d95f0de8a20b4b8ed3556303beeda839665586934cbea33,2024-08-20 10:20:25.720948+00:00,en,theguardian.com,theguardian.com,2024-08-20,Tuesday briefing: Why the oceans are on the frontline of the climate crisis,https://www.theguardian.com/world/article/2024/aug/20/tuesday-briefing-why-the-oceans-are-on-the-frontline-of-the-climate-crisis
e781e73e6772b1529ed8c18a519b1ec46efc022aab7aa86c70fcce35aacc6bc6,2024-08-20 02:25:02.849493+00:00,en,theguardian.com,theguardian.com,2021-02-17,The government's relentless push for development is destroying rural England,https://www.theguardian.com/commentisfree/2021/feb/17/development-destroying-rural-england-action
99bf3056406e6cbcf64d46e839c7b1bd010e71e0a82a8c7a930745d54d057b04,2024-08-20 01:49:31.697870+00:00,en,kidderminstershuttle.co.uk,kidderminstershuttle.co.uk,2021-02-17,Fears plan for 130 homes in Kidderminster will weaken countryside buffer,https://www.kidderminstershuttle.co.uk/news/19097290.fears-plan-130-habberley-homes-will-weaken-countryside-buffer/?ref=rss
83f0f1cc9410795c72061a61014554e534adb1196335e83bf81bc4af82947629,2024-08-20 01:15:21.354440+00:00,en,theguardian.com,theguardian.com,2021-02-17,Gone fishing: the fight to save one of the world's most elusive wild cats,https://www.theguardian.com/environment/2021/feb/17/the-fight-to-save-worlds-elusive-fishing-cats-india-aoe
893fa906cd32a39ea30976d506f5b1b34c398c83b1410bd7acaddcb640b94188,2024-08-19 21:51:42.412359+00:00,en,theguardian.com,theguardian.com,2021-02-17,Roaming the British countryside is our right – we must fight to preserve it,https://www.theguardian.com/commentisfree/2021/feb/17/roaming-british-countryside-rights-of-way
91c2e932d8e87780a2b4a28dc20d72117c54742107d59898cc9a32aef21c0580,2024-08-19 16:01:40.152008+00:00,en,dailymail.co.uk,dailymail.co.uk,2021-02-23,Bizarre moment climate protester dressed as a zombie BITES Sunrise reporter during a live TV cross,https://www.dailymail.co.uk/news/article-9288599/Bizarre-moment-climate-protester-dressed-zombie-BITES-Sunrise-reporter-live-TV-cross.html?ns_mchannel=rss&ns_campaign=1490&ito=1490
d626ad41f96e94be79c8dfb632d1d11df4a268ba17dbf20e3316ae840f609ba2,2024-08-19 15:32:54.691269+00:00,en,express.co.uk,express.co.uk,2021-02-20,EU fishing crisis: Brussels under fire for failing to police protected areas,https://www.express.co.uk/news/uk/1400035/european-union-fishing-marine-protected-areas-bottom-trawling-supertrawlers
aa3ff86808417cbb2e398c20abce627f0caecc17a64f1d8b78335bd2b56634cd,2024-08-19 14:58:29.028988+00:00,en,politicshome.com,politicshome.com,2021-02-23,David Attenborough Warns World Leaders That Climate Change Is The 'Biggest Threat' To Global Security,https://www.politicshome.com/news/article/david-attenborough-climate-change-boris-jonson-un-security-council
9a29c95a045313f7f5ded44bade1d64f7d0ed610c6c9284bb1c298d4d4914402,2024-08-19 14:47:58.671529+00:00,en,sky.com,sky.com,2021-02-23,Attenborough's stark warning on climate change: 'It's already too late',http://news.sky.com/story/attenboroughs-stark-warning-on-climate-change-its-already-too-late-12226694
1735264ee82ed0119c8d6c363ad2ca4abe8e84e1d20fa722b9f1fcb2133f4a69,2024-08-19 13:46:49.242645+00:00,en,economist.com,economist.com,2021-02-06,How should economists think about biodiversity?,https://www.economist.com/finance-and-economics/2021/02/06/how-should-economists-think-about-biodiversity
aa4751e258d082bb6be7e70495f7ad55cd02acb199414fb5bc5bee9d6ca33cc7,2024-08-19 11:56:56.456967+00:00,en,theguardian.com,theguardian.com,2020-09-16,The megafires and pandemic expose the lies that frustrate action on climate change,https://www.theguardian.com/australia-news/2020/sep/17/the-megafires-and-pandemic-expose-the-lies-that-frustrate-action-on-climate-change?CMP=share_btn_fb
205fa4e24fbd75e8e0c863e83498c88a1166c5c80ffeb7050e8bd6da676639ac,2024-08-19 05:57:34.053070+00:00,en,independent.co.uk,independent.co.uk,2021-02-28,Israel expands probe into cause of huge oil spill,https://www.independent.co.uk/news/world/middle-east/israel-oil-spill-investigation-b1808796.html
2c4e753eaff9ed52f0b019be8720db2978664dc807a306e87a812d156d6cfb04,2024-08-19 05:55:23.524624+00:00,en,theconversation.com,theconversation.com,2021-02-28,Is the Mediterranean Basin really a hotspot of environmental change?,https://theconversation.com/is-the-mediterranean-basin-really-a-hotspot-of-environmental-change-155916
6b943864e043c3777851dfef8be721d0c29159f77527e76839deafe592e80b1b,2024-08-18 22:23:41.942005+00:00,en,theconversation.com,theconversation.com,2024-08-18,Australia’s nature is in deep crisis. These 3 easy steps would give our new environment laws teeth,https://theconversation.com/australias-nature-is-in-deep-crisis-these-3-easy-steps-would-give-our-new-environment-laws-teeth-236517
93eacd18724355cb684d8d64e545903e1985671c67e2aca1109b64edbd3c13f7,2024-08-18 00:20:36.412868+00:00,en,theguardian.com,theguardian.com,2024-08-17,"Slow the growth, save the world? Why declining birth rates need not mean an end to prosperity",https://www.theguardian.com/world/article/2024/aug/18/slow-the-growth-save-the-world-why-declining-birth-rates-need-not-mean-an-end-to-prosperity
49f39d93fc8c71fa60fa11ed1677c4ee4d3f014b334e274804c60aaf2fced958,2024-08-17 15:42:56.552251+00:00,en,theguardian.com,theguardian.com,2021-01-02,Guardian readers on their hopes and fears for 2021,https://www.theguardian.com/membership/2021/jan/02/guardian-readers-on-their-hopes-and-fears-for-2021
b3cb2eb3a44bd1e236d8ccf097910e76407a0d064bf5b91e5a88e33a012b336b,2024-08-17 14:34:44.632479+00:00,en,theguardian.com,theguardian.com,2021-01-03,"Child labour, toxic leaks: the price we could pay for a greener future",https://www.theguardian.com/environment/2021/jan/03/child-labour-toxic-leaks-the-price-we-could-pay-for-a-greener-future
88834ea97b5cb3abab174d65b04e66d552bd25a6315929aac75af3f62b269c27,2024-08-17 12:36:34.236397+00:00,en,telegraph.co.uk,telegraph.co.uk,2021-01-04,"Four days after burying my sister, I found solace on the Caribbean's most uplifting island",https://www.telegraph.co.uk/travel/activity-and-adventure/four-days-burying-sister-found-solace-caribbeans-uplifting-island/
db47f47f948560096daa4090c2428c0ea454f225be538edc35df6859c33295a6,2024-08-17 10:12:05.910229+00:00,en,walesonline.co.uk,walesonline.co.uk,2021-01-06,Resolutions you can make to help the environment in 2021,https://www.walesonline.co.uk/whats-on/whats-on-news/resolutions-you-can-make-help-19570914
07d6a3ff8c49a1347c1fbfb4a387f3290d9a1f707d693bd8c645cf778891a81c,2024-08-17 08:09:13.858880+00:00,en,theguardian.com,theguardian.com,2020-09-14,The wellness realm has fallen into conspiritualism – I have a sense why,https://www.theguardian.com/books/2020/sep/15/the-wellness-realm-has-fallen-into-conspiritualism-i-have-a-sense-why?fbclid=IwAR1IcmrMQn2mEKMpXANwP7h8EqkLe5CUP0F4EeQXGbL3YmoEyoUzm-yU5us
8096529ba81cad373261d9fd67fee218b47c5819af96004160040be5d0ed6d93,2024-08-17 03:50:07.692107+00:00,en,heraldscotland.com,heraldscotland.com,2021-01-10,"Joanna Blythman: Veganism really is 'one part cult, one part eating disorder'",https://www.heraldscotland.com/news/18986058.joanna-blythman-veganism-really-one-part-cult-one-part-eating-disorder/?ref=rss
83008b5207300f949892f0226d05466bfc29642f70c7b43ff6262fad396019b8,2024-08-17 03:20:29.868501+00:00,en,dailystar.co.uk,dailystar.co.uk,2021-01-10,Prince Charles unveils £7billion 'Terra Carta' project to help save the planet,https://www.dailystar.co.uk/news/breaking-prince-charles-reveals-plan-23295089
cb8e38e2c8b750d95912c62c5431d9c7cee06ee13f2dcacdfb932bdd354e8699,2024-08-17 02:03:00.366123+00:00,en,theconversation.com,theconversation.com,2020-10-29,Central Asia risks becoming a hyperarid desert in the near future,https://theconversation.com/central-asia-risks-becoming-a-hyperarid-desert-in-the-near-future-148703
e0fcacd9a039cc4715c1efa2884d6c37febf0d2a69846352332a096b246b5b63,2024-08-17 00:50:07.888350+00:00,en,independent.co.uk,independent.co.uk,2021-01-12,Banks urged to combat deforestation and halt biodiversity crisis,https://www.independent.co.uk/news/business/banks-deforestation-soy-cattle-timber-b1785600.html
b9de972bfa8640454e665a12b3e0908845e18e0b89ac8c884dc4d9aac8e5479d,2024-08-17 00:44:41.336512+00:00,en,pressat.co.uk,pressat.co.uk,2021-01-12,"Europe’s grey partridge population at just 6% of 1980 levels, says new bird atlas",https://pressat.co.uk/releases/europes-grey-partridge-population-at-just-6-of-1980-levels-says-new-bird-atlas-4b839aeb471a65f8562d761a65328d92/
0642babdd7e7567f73d863db135cc4fee2260094d18f4574fbb8c85f024488ad,2024-08-16 20:19:51.641026+00:00,en,independent.co.uk,independent.co.uk,2021-01-14,Have some vulnerable people been forgotten in the vaccine rollout?,https://www.independent.co.uk/voices/letters/vaccine-vulnerable-government-coronavirus-b1787347.html
2245e29fb335420fefe7d1b58ee6d02842afff3a053af9caac7c5464cca73e04,2024-08-16 18:09:51.976230+00:00,en,telegraph.co.uk,telegraph.co.uk,2021-01-15,Exclusive: Boris Johnson says he is 'taking a stand' against 'cruel' Japanese whale killing,https://www.telegraph.co.uk/news/2021/01/15/exclusive-boris-johnson-says-taking-stand-against-cruel-japanese/
21c0781687ecf9c652421ff4cd12654e6f31924a66a374e5b39fe29d7146f9fe,2024-08-16 17:59:20.828550+00:00,en,theguardian.com,theguardian.com,2021-01-13,Top scientists warn of 'ghastly future of mass extinction' and climate disruption,https://www.theguardian.com/environment/2021/jan/13/top-scientists-warn-of-ghastly-future-of-mass-extinction-and-climate-disruption-aoe
fa5252874d12918e57affcc00eb3d910206888d34a063a10879c080a76d2712a,2024-08-16 11:30:37.994283+00:00,en,theguardian.com,theguardian.com,2021-01-19,Europe can only fix its relationship with Africa if it exorcises its colonial ghosts,https://www.theguardian.com/world/commentisfree/2021/jan/19/europe-relationship-africa-colonial-racism-eu
755ba0f2c7bb0d76d4e8345fff96c07272f250b8dd095aee52a66196bd009fe1,2024-08-16 10:46:32.485954+00:00,en,theguardian.com,theguardian.com,2021-01-18,NGOs demand action not promises as EU accused of ‘failing to protect seas’,https://www.theguardian.com/environment/2021/jan/18/ngos-demand-action-not-promises-as-eu-accused-of-failing-to-protect-seas
063177fd64bd4d3ebb40dd4d5d04d2823ff5508ab9c227d4359adab635e460ad,2024-08-16 09:30:32.742182+00:00,en,theconversation.com,theconversation.com,2021-01-20,Engineers have built machines to scrub CO₂ from the air. But will it halt climate change?,https://theconversation.com/engineers-have-built-machines-to-scrub-co-from-the-air-but-will-it-halt-climate-change-152975
17da6c5871d852969dfd56ef2491ddfd27cdfb3d6cb098cf57fab461e2ac05f0,2024-08-16 07:54:15.992294+00:00,en,eveningexpress.co.uk,eveningexpress.co.uk,2021-01-21,Farmers 'left in the dark' as ministers let report 'gather dust in a drawer',https://www.eveningexpress.co.uk/fp/news/scotland/farmers-left-in-the-dark-as-ministers-let-report-gather-dust-in-a-drawer/
5738368e35cfa0814d6b3fb3d40b7a9ca3785d6362343f13c11058f22e924605,2024-08-16 06:16:21.699624+00:00,en,theguardian.com,theguardian.com,2021-01-22,Quarter of known bee species have not been recorded since 1990,https://www.theguardian.com/environment/2021/jan/22/quarter-of-known-bee-species-have-not-been-recorded-since-1990
f971b1b44b463d737e8b12ca4c3fbb3072f760041eeb014e4363bb328f204fe7,2024-08-16 06:10:58.790040+00:00,en,dailymail.co.uk,dailymail.co.uk,2021-01-22,One in four wild bee species worldwide 'haven't been seen since the 1990s',https://www.dailymail.co.uk/sciencetech/article-9176549/One-four-wild-bee-species-worldwide-havent-seen-1990s.html?ns_mchannel=rss&ns_campaign=1490&ito=1490
e5901bdbbe18d98136473a7219803042ed50aec154a1de9d3dedb1c4cdea9241,2024-08-16 03:41:02.930097+00:00,en,independent.co.uk,independent.co.uk,2021-01-24,Caroline Lucas: Environment Bill is fundamentally flawed – too weak and unenforceable,https://www.independent.co.uk/voices/environment-bill-climate-crisis-brexit-nature-b1791873.html
4f394b31d57a1a38e8c4f19be8626fbaebbf52605b232a98eb6e4fe4a756a22c,2024-08-16 03:16:35.902350+00:00,en,theguardian.com,theguardian.com,2021-01-24,"Net zero, saving koalas and forest wars: the crucial environment battles looming in Australia",https://www.theguardian.com/environment/2021/jan/25/net-zero-saving-koalas-and-forest-wars-the-crucial-environment-battles-looming-in-australia
f8edd5e1ece33f440c9a9e5bd6581515262a6575f8053e6a45ec88724f3971aa,2024-08-16 02:09:36.377611+00:00,en,independent.co.uk,independent.co.uk,2021-01-25,Quarter of all known bees ‘not seen since 1990’,https://www.independent.co.uk/environment/bees-decline-global-species-loss-b1792205.html
2901ebdd645f1cd0074f1650fc5f0b6245baca964423c906e2130b27795a5301,2024-08-15 23:38:13.075733+00:00,en,ft.com,ft.com,2020-07-28,Why we need to declare a global climate emergency now,https://www.ft.com/content/b4a112dd-cafd-4522-bf79-9e25704577ab
e752673082ecc91e8c5d7e70d48885233a05d7c12e27c7c213e58a69838a0351,2024-08-15 20:14:16.859612+00:00,en,scotsman.com,scotsman.com,2021-01-28,hyhy,https://www.scotsman.com/news/opinion/letters/hyhy-3114898
4c8f57bb717ac9ea38c3468c2361f351dc03183a6a885894b4b2aef4ecbdccc3,2024-08-15 19:17:02.119904+00:00,en,theconversation.com,theconversation.com,2021-01-28,The keys to preventing future pandemics,https://theconversation.com/the-keys-to-preventing-future-pandemics-153326
2bcbf086e0ead63a5da2f491ce49ee1bc06e482a8ad94927131591351195811a,2024-08-15 19:01:33.697477+00:00,en,theguardian.com,theguardian.com,2021-01-28,Australia news live: Covid-19 restrictions in Sydney ease as plans for vaccine rollout detailed,https://www.theguardian.com/australia-news/live/2021/jan/29/australia-news-live-covid-19-restrictions-sydney-australian-open-climate-change-quarantine-masks-melbourne-berejiklian-andrews-new-zealand-labor-scott-morrison
c3123dc462e8be9370887d85de37b351d41058d3c66020bf8d094f87faba42f2,2024-08-15 17:38:37.746034+00:00,en,theconversation.com,theconversation.com,2021-01-29,Disappearing glaciers are threatening rare alpine plants with extinction,https://theconversation.com/disappearing-glaciers-are-threatening-rare-alpine-plants-with-extinction-154135
2799b409c619e82d50f6ec21cdd8eb9e2a93a9b77579bb97cd46df9d92f7ddcb,2024-08-15 17:24:52.843838+00:00,en,theconversation.com,theconversation.com,2024-08-15,Nigeria’s Niger delta biohazards – high radioactive levels detected in new study,https://theconversation.com/nigerias-niger-delta-biohazards-high-radioactive-levels-detected-in-new-study-234702
8fd07e95a8a3625ab5a85fdea72f1e03909ed025a99dd7599ad5d18684163cf0,2024-08-13 03:25:37.705584+00:00,en,theconversation.com,theconversation.com,2024-08-13,"The plight of the pig-nosed turtle, one of the unlucky 13 added to Australia’s threatened species list",https://theconversation.com/the-plight-of-the-pig-nosed-turtle-one-of-the-unlucky-13-added-to-australias-threatened-species-list-236411
a8d52f5edd5ad5817db25d15f87b3f4cd12eb33ae1e351c5896661e5e3e85d3d,2024-08-12 15:32:05.038880+00:00,en,birminghammail.co.uk,birminghammail.co.uk,2024-08-12,Artificial grass gardens turned into 'wildlife oasis' with one decorative item,https://www.birminghammail.co.uk/whats-on/artificial-grass-gardens-turned-wildlife-29724819
1ddc207378337a779654212412ac751a7dbe168c9141af2008853ddc66125f95,2024-08-12 12:17:54.279193+00:00,en,dailyrecord.co.uk,dailyrecord.co.uk,2024-08-12,Expert shares how gardens with artificial grass can become butterfly 'haven',https://www.dailyrecord.co.uk/lifestyle/garden-expert-shares-how-households-33444545
a35fdccdccf5e2da504e5ca5a2b7090477c1b5ae5400360debe43f492f75b010,2024-08-12 08:25:19.527802+00:00,en,theguardian.com,theguardian.com,2024-08-12,‘Losing Noah’s Ark’: Brazil’s plan to turn the Pantanal into waterway threatens world’s biggest wetland,https://www.theguardian.com/environment/article/2024/aug/12/hidrovia-brazil-pantanal-biodiversity-carbon-wetland-dredging-ports-paraguay-river-industrial-waterway-aoe
ac905a3ca406c230f19da83f619fde4a71ff0576c09e3ab4c8538718350476a4,2024-08-08 23:26:51.644431+00:00,en,independent.co.uk,independent.co.uk,2024-08-08,German tourists shoot paintballs all over Joshua Tree national park,https://www.independent.co.uk/news/world/americas/crime/joshua-tree-national-park-california-b2593626.html
694e26c38790870a39ad49655cd0e0d02d8387b04aaf46ae656a1bb1f0db56b0,2024-08-08 10:58:48.734101+00:00,en,theguardian.com,theguardian.com,2024-08-08,Homeowner’s fake plastic grass wears out its welcome with council in Melbourne’s west,https://www.theguardian.com/australia-news/article/2024/aug/08/artificial-fake-grass-lawn-maribyrnong-city-council-west-footscray-melbourne
6b37d9121e2c2906183e0382a5d10602ae83fd1b87c979a63842edac1c3b395c,2024-08-08 05:19:59.881799+00:00,en,dailymail.co.uk,dailymail.co.uk,2024-08-08,Melbourne homeowner Fadh Yusof in fight worth thousands of dollars with Maribyrnong City Council over small patch of grass in his front yard,https://www.dailymail.co.uk/news/article-13721321/Melbourne-homeowner-fadh-yusof-fight-maribyrnong-city-council-grass-yard.html?ns_mchannel=rss&ns_campaign=1490&ito=1490
398990953f0ac82639ae121038c2dbb203566047e7ee2ab759dbaa7638d7f057,2024-08-06 00:28:52.281632+00:00,en,theguardian.com,theguardian.com,2021-12-26,"Bogs, banks and bubble barriers: five great projects to protect nature",https://www.theguardian.com/environment/2021/dec/26/bogs-banks-and-bubble-barriers-five-great-projects-to-protect-nature-aoe
9859e09d390b7e1eff837e2398e339d52ddeabeeedc915a70d821c269f1a7cbb,2024-08-03 10:45:09.188066+00:00,en,theguardian.com,theguardian.com,2024-08-03,British firms strive to create a buzz around insect farming,https://www.theguardian.com/business/article/2024/aug/03/british-firms-strive-to-create-a-buzz-around-insect-farming
bebf12caea4829d217e28ead6b70a86f7b6354750ffd1e43c3faf963454dda0c,2024-08-03 07:08:33.431785+00:00,en,theguardian.com,theguardian.com,2021-12-28,Polish court revives ‘highly flawed’ hydroelectric dam plan for Vistula River,https://www.theguardian.com/environment/2021/dec/28/vistula-dam-polish-court-revives-plan-aoe
4278140fc38044704fdf9fcf313be3ce85c3d9874e23d6f22a5907c150be696f,2024-08-03 07:03:12.164924+00:00,en,scotsman.com,scotsman.com,2021-12-28,Project seeking to reveal secret lives of wild Atlantic salmon enters its second year,https://www.scotsman.com/news/politics/project-seeking-to-reveal-secret-lives-of-wild-atlantic-salmon-enters-its-second-year-3507898
fbba019b81aed5f00f73c1c0b3a50105880d5ea1fb0e6f07dbadc945278d746f,2024-08-03 05:50:02.657045+00:00,en,express.co.uk,express.co.uk,2021-12-29,Mount Hood supervolcano warning as researchers fear 'disastrous' 2022 eruption,https://www.express.co.uk/news/science/1542432/mount-hood-supervolcano-warning-eruption-2022-disastrous-volcano-spt
2ab739c456b7bc9303d1d7c5c49b712adb24f7a554063bd90513bd4145ff1903,2024-08-03 00:00:13.716481+00:00,en,scotsman.com,scotsman.com,2021-12-31,Expansion of commercial forestry means you can’t see the farmers for the trees,https://www.scotsman.com/country-and-farming/expansion-of-commercial-forestry-means-you-cant-see-the-farmers-for-the-trees-3510800
e8612defd1bab70a045c3fadd8a43fb93e074be64d4071db4138c4def718a793,2024-08-02 23:55:25.854260+00:00,en,scotsman.com,scotsman.com,2021-12-31,Life after COP26: A round-up of what happened in 2021 and what to expect in 2022,https://www.scotsman.com/news/environment/life-after-cop26-the-year-ahead-in-the-fight-against-climate-change-3507647
26d4d4bba912a0b4b6fac1c647548ceb8f24b333c57dd5903cd5e7d7d040b7bf,2024-08-02 21:23:51.786751+00:00,en,theguardian.com,theguardian.com,2021-12-31,2021: a year of climate crisis in review,https://www.theguardian.com/environment/2021/dec/31/2021-a-year-of-climate-crisis-in-review
ba4534fff165ff7c51a8959ac96b43d9a51feec4366f3e8e6788876f049417cb,2024-08-02 20:42:52.599008+00:00,en,dailymail.co.uk,dailymail.co.uk,2022-01-03,Farmers blast Ed Sheeran's 'well-meaning' plan to 're-wild as much of UK as he can',https://www.dailymail.co.uk/news/article-10365159/Farmers-blast-Ed-Sheerans-meaning-plan-wild-UK-can.html?ns_mchannel=rss&ns_campaign=1490&ito=1490
58a667f14d7e5968bb7124764f3a2f3b2d870334143dfdd38393192f742ce017,2024-08-02 16:15:13.116457+00:00,en,theguardian.com,theguardian.com,2022-01-04,"For a ray of hope in our damaged world, take a train to Epping Forest",https://www.theguardian.com/travel/2022/jan/04/for-epic-trees-and-eco-rays-of-hope-take-a-train-to-epping-forest-london
a996dde250511a0a49f28a68cec6c7ea7838b9e80282c8fff65837fb5dfaf898,2024-08-02 12:24:38.151766+00:00,en,theconversation.com,theconversation.com,2022-01-06,"Don't look Up! has a surprising amount to tell us about economics, much of it useful",https://theconversation.com/dont-look-up-has-a-surprising-amount-to-tell-us-about-economics-much-of-it-useful-174399
81d8939db5422e1b0afe37b882a397cbc38663adf2a82f4659bd8ce8b33821a0,2024-08-02 11:01:30.387538+00:00,en,newsletter.co.uk,newsletter.co.uk,2022-01-07,Farming is fundamental to the NI economy,https://www.newsletter.co.uk/country-and-farming/protocol-has-left-farmers-in-no-mans-land-says-ufu-president-victor-3519320
60c2d63d9ed416da4bebd8ce386644be52c1e969f82c8eceed51dd520b979333,2024-08-02 04:48:35.752774+00:00,en,scotsman.com,scotsman.com,2022-01-10,Public toilets and trees should be in every party's budget plans for Edinburgh – Alex Staniforth,https://www.edinburghnews.scotsman.com/news/opinion/columnists/edinburgh-council-budget-public-toilets-and-trees-should-be-in-every-partys-plans-alex-staniforth-3518762
f3b303ab994f1939729777f2df4dd3fe256e98f873e75438f8b103bd8f422eec,2024-08-02 04:37:56.022688+00:00,en,theguardian.com,theguardian.com,2022-01-12,Half this year’s little penguin chicks on WA’s Penguin Island wiped out as colony dwindles,https://www.theguardian.com/australia-news/2022/jan/12/half-this-years-little-penguin-chicks-on-was-penguin-island-wiped-out-as-colony-dwindles
ee3d11263761bd1228b619fae03710df9063f1e49a49ea4e5729249aea8bfacd,2024-08-02 04:35:24.855499+00:00,en,dailymail.co.uk,dailymail.co.uk,2022-01-12,Climate change 'overtakes pandemics as biggest global concern',https://www.dailymail.co.uk/news/article-10392795/Climate-change-overtakes-pandemics-biggest-global-concern.html?ns_mchannel=rss&ito=1490&ns_campaign=1490
537a78fef37d48425ed7fbf3c3c291c0cb1b7033d2b3e0efa653f1cc1e33629e,2024-08-02 03:10:12.277891+00:00,en,sky.com,sky.com,2022-01-11,Climate change overtakes pandemics as greatest worry for global experts,http://news.sky.com/story/climate-change-overtakes-pandemics-as-greatest-worry-for-global-experts-12513538
632aa22099ad2c0740c2e281ae4e8df5b141d02f437b740f8b1fc6e63440edf5,2024-08-02 02:56:28.126284+00:00,en,standard.co.uk,standard.co.uk,2022-01-11,Climate change ‘overtakes pandemics as biggest global concern’,https://www.standard.co.uk/news/uk/north-korea-world-economic-forum-europe-glasgow-graham-b976007.html
c78498596406d3c8aaef5a230ca483806789b3e2d8c133a09f98598e9a8cb07e,2024-08-02 02:55:56.474850+00:00,en,jerseyeveningpost.com,jerseyeveningpost.com,2022-01-11,Climate change ‘overtakes pandemics as biggest global concern’,https://jerseyeveningpost.com/morenews/uknews/2022/01/11/climate-change-overtakes-pandemics-as-biggest-global-concern/
f714eec45680607ab699de4fe0853cf98761b8f60275cbd8ea7b30cf726f2411,2024-08-02 02:55:15.034346+00:00,en,independent.co.uk,independent.co.uk,2022-01-11,Climate change ‘overtakes pandemics as biggest global concern’,https://www.independent.co.uk/climate-change/news/failure-north-korea-world-economic-forum-europe-glasgow-b1990575.html
ff35efba065a35a44bf747e4c82afc53b75fd43a02aaf992af99406ee9477881,2024-08-02 02:55:06.270499+00:00,en,theguardian.com,theguardian.com,2022-01-11,"Covid has undermined fight against global heating, says WEF",https://www.theguardian.com/world/2022/jan/11/covid-has-undermined-fight-against-global-heating-says-wef
d685d16666b2c020045d963eb081b27bd68c29da99c12ffbfb73649a35a357ed,2024-08-02 02:44:29.246967+00:00,en,heraldscotland.com,heraldscotland.com,2022-01-09,Leaked email suggests 'no strategy' to halt decline of natural habitats,https://www.heraldscotland.com/politics/19832928.naturescot-internal-emails-suggest-no-strategy-tackle-natural-sites-decline/?ref=rss
1578925821c833037883f6215c2613274db4b93e2d5ba71a114db8745366f555,2024-08-01 22:46:37.198881+00:00,en,politics.co.uk,politics.co.uk,2022-01-13,Chemical cocktail’ of sewage and pollution in most English rivers is risking public health say MPs,https://www.politics.co.uk/news/2022/01/13/chemical-cocktail-of-sewage-and-pollution-in-most-english-rivers-is-risking-public-health-say-mps/
5ab6c02e267cfeeb01ef52756d4bb218131b050765f93ebe20ed246dfddaa520,2024-08-01 16:36:17.072996+00:00,en,theguardian.com,theguardian.com,2021-09-07,Christian leaders unite to issue stark warning over climate crisis,https://www.theguardian.com/world/2021/sep/07/christian-leaders-unite-to-issue-stark-warning-over-climate-crisis
e3fb976a00a87a7da594972ff19de089aa7ef6aa3880663e3d7dcad90524c395,2024-08-01 16:36:14.203318+00:00,en,metro.co.uk,metro.co.uk,2021-07-21,"Floods, heatwaves and storms: Climate change is on our doorstep",https://metro.co.uk/2021/07/21/floods-heatwaves-and-storms-climate-change-is-on-our-doorstep-14963846/
7ca4454313ba42b7314b8cd4a47cf4b9e2496de68d2de8237534fd925bf4ee3a,2024-08-01 16:33:02.861308+00:00,en,economist.com,economist.com,2021-10-29,What’s in the Paris agreement on climate change?,https://www.economist.com/interactive/paris-climate-agreement-annotated/?fsrc=core-app-economist
6631e1ac4a54019d56fc7eee9d5bab44ee92d0ab422d219f6ed092b697e29a9f,2024-08-01 16:31:53.880821+00:00,en,metro.co.uk,metro.co.uk,2021-07-21,"Floods, heatwaves and storms: Climate change is on our doorstep",https://metro.co.uk/2021/07/21/floods-heatwaves-and-storms-climate-change-is-on-our-doorstep-14963846/?ico=more_text_links
b715bc79f26dfe4f500ea141d0675d1808fc3ea4fa08a5b2dba41b1cbb4d20f5,2024-08-01 15:25:34.239574+00:00,en,dailymail.co.uk,dailymail.co.uk,2022-01-17,"Earth's sixth mass extinction is HERE: Humans caused disappearance of 260,000 species since 1500",https://www.dailymail.co.uk/sciencetech/article-10412023/Earths-sixth-mass-extinction-Humans-caused-disappearance-260-000-species-1500.html?ns_mchannel=rss&ito=1490&ns_campaign=1490
268d2803688cf30a8e0af79ec2ec74bda1702f9e272d68fc98f077c196da1c44,2024-08-01 14:59:48.162792+00:00,en,theguardian.com,theguardian.com,2021-06-19,Robin Wall Kimmerer: ‘Mosses are a model of how we might live’,https://www.theguardian.com/science/2021/jun/19/robin-wall-kimmerer-gathering-moss-climate-crisis-interview
c75fe24ec86852769b10a6fae5bbfe4839831761162471df0f5fadc4568cc988,2024-08-01 14:59:12.024747+00:00,en,theguardian.com,theguardian.com,2021-05-29,Johan Rockström: ‘We need bankers as well as activists… we have 10 years to cut emissions by half’,https://www.theguardian.com/environment/2021/may/29/johan-rockstrom-interview-breaking-boundaries-attenborough-biden
1aabe64ed83ca7ad1ea235ebb7704facf85e12be766df0fda71211a27b8b1c1a,2024-08-01 14:59:05.963935+00:00,en,huffingtonpost.co.uk,huffingtonpost.co.uk,2021-04-25,Does Rishi Sunak Want To Save The Planet?,https://www.huffingtonpost.co.uk/entry/rishi-sunak-climate-net-zero-review_uk_60832d66e4b02e74d2197dfb
28b61c8c6742ebc6bf0af58c1d0a60599696d6cd19de8801285b0012d842e326,2024-08-01 13:42:23.424236+00:00,en,independent.co.uk,independent.co.uk,2022-01-17,"Study confirms sixth mass extinction is currently underway, caused by humans",https://www.independent.co.uk/climate-change/news/sixth-mass-extinction-global-biodiversity-b1994346.html
e8e947dfc139fddf4a0d0e4def2aef63c0a31526d51364ab7a8434a3297bb56e,2024-08-01 08:21:09.832141+00:00,en,express.co.uk,express.co.uk,2022-01-20,When to prune roses: The winter gardening jobs you might be forgetting,https://www.express.co.uk/life-style/garden/1553364/when-to-prune-roses-winter-garden-jobs-evg
cc48cc8946c8e575a50e33b5de65918fc9950c19551b798023d8e5e8df4ebbe2,2024-07-30 14:13:33.821844+00:00,en,theconversation.com,theconversation.com,2024-07-29,"One garden, one year and one woman’s mission to make space for urban wildlife",https://theconversation.com/one-garden-one-year-and-one-womans-mission-to-make-space-for-urban-wildlife-231727
5351fd304e6f31ce9d604999a469f9c620cae74788c42c005ed2d9aeb88a8306,2024-07-29 09:30:48.696461+00:00,en,theguardian.com,theguardian.com,2024-07-29,Inside the battle for top job that will decide the future of deep-sea mining,https://www.theguardian.com/environment/article/2024/jul/29/inside-the-battle-for-top-job-that-will-decide-the-future-of-deep-sea-mining
5c6e603d2324be4942e1e4d1ac20a7598e86be6fa7d7e956f5b760db36515f17,2024-07-28 06:21:09.593235+00:00,en,theguardian.com,theguardian.com,2024-07-28,"Philospher Peter Godfrey-Smith: ‘To some extent, our planet would be better off without humanity’",https://www.theguardian.com/books/article/2024/jul/28/peter-godfrey-smith-other-minds-living-on-earth
4259adf4ac87599ea5b275ad3c488abb4dac082474c62ea53742104810b3895e,2024-07-26 21:34:23.996964+00:00,en,pressat.co.uk,pressat.co.uk,2024-07-26,Why Don't We Talk More About Mangroves,https://pressat.co.uk/releases/why-dont-we-talk-more-about-mangroves-the-superheroes-of-the-coastal-ecosystem-bd857b05e61a3326afdc49f06c85d85d/
7a04dc8ee43b3440d84f85a8a113ef3521931b969675b873419a3531e3b07a09,2024-07-26 07:17:44.964419+00:00,en,theconversation.com,theconversation.com,2024-07-25,The 2024 Jasper Fire is a grim reminder of the urgency of adopting a Canadian national wildfire strategy,https://theconversation.com/the-2024-jasper-fire-is-a-grim-reminder-of-the-urgency-of-adopting-a-canadian-national-wildfire-strategy-235567
f66682d56fcd33878f5fccd66993c9576131cb8e4cfb0c18f64645be56cf1aed,2024-07-22 22:31:49.225962+00:00,en,heraldscotland.com,heraldscotland.com,2024-07-22,Predator reintroductions: Are we asking the wrong questions?,https://www.heraldscotland.com/opinion/24466318.predator-reintroductions-asking-wrong-questions/?ref=rss
00062fb8eef2e03d20752078213d174786d1901d0075beeed015c2cf8fe5d777,2024-07-16 22:22:32.450792+00:00,en,theguardian.com,theguardian.com,2024-07-16,NSW government says state’s biodiversity ‘in crisis’ as it pledges first steps to reverse decline,https://www.theguardian.com/australia-news/article/2024/jul/17/nsw-government-says-states-biodiversity-in-crisis-as-it-pledges-first-steps-to-reverse-decline
cc38b994dfc3d5e2f07281d45e642bc2754e4c1d811dff45dfb852c3c2a522c8,2024-07-15 22:27:43.893652+00:00,en,theconversation.com,theconversation.com,2024-07-15,Saskatchewan’s new oil and gas high school courses are out of step with global climate action,https://theconversation.com/saskatchewans-new-oil-and-gas-high-school-courses-are-out-of-step-with-global-climate-action-232554
7e0ec4b15e21aa9b02475463a118b9d9a0ad387edab73ff15dda5f888b52f5af,2024-07-13 21:23:25.606318+00:00,en,heraldscotland.com,heraldscotland.com,2024-07-13,The food of love? Frigid oysters are putting restoration efforts at risk,https://www.heraldscotland.com/life_style/24446830.scotlands-oysters-losing-claim-food-love/?ref=rss
cc767c6bdae7bcb9a5a95f7215a48ac076a0e9b3687309efa6c31e745e9e7d7a,2024-07-12 08:20:36.988088+00:00,en,theconversation.com,theconversation.com,2024-07-12,Why saline lakes are the canary in the coalmine for the world’s water resources,https://theconversation.com/why-saline-lakes-are-the-canary-in-the-coalmine-for-the-worlds-water-resources-232477
7eb784c7df6e42514eb49867a8faeea404d3641520e86580ca7a99f87bc281a2,2024-07-08 16:23:22.528252+00:00,en,independent.co.uk,independent.co.uk,2024-07-08,One of Europe’s hottest places has lost its only lake,https://www.independent.co.uk/climate-change/news/sicily-temperatures-lake-pergusa-dry-b2576047.html
5c300a62e3195465abd4a77d82fd5fdea54235011bc79921e1cc395d31a3f8ab,2024-07-05 08:32:45.163867+00:00,en,express.co.uk,express.co.uk,2024-07-05,Scientists says doing this before cancer treatment cuts survival rates,https://www.express.co.uk/life-style/health/1919047/antibiotics-before-cancer-treatment-cut-survival
b213c0639b3c364565a17f25a8b9de3eb327af2ec420a131604ea3adc93cdc7e,2024-07-01 22:36:05.107220+00:00,en,telegraph.co.uk,telegraph.co.uk,2024-07-01,Unregulated eco-tourism is having a deadly effect on Costa Rica’s wildlife,https://www.telegraph.co.uk/global-health/climate-and-people/costa-rica-howler-monkeys-unregulated-eco-tourism/
4ad13ff6cf9503ac5c84f4171a119d0981bfeb854d785e0d1b63e3e50d47c560,2024-06-24 23:25:31.283509+00:00,en,politicshome.com,politicshome.com,2024-03-15,Ethical and sustainable conservation can’t be achieved with endangered animals in hunters’ cross-hairs,https://www.politicshome.com/members/article/ethical-and-sustainable-conservation-doesnt-involve-killing-endangered-animals-for-pleasure
b31a183021e8c62c821eb61951e2bb469b94d8902446cd5fa056066fae893b0c,2024-06-24 08:24:31.211181+00:00,en,newstatesman.com,newstatesman.com,2024-06-24,The climate movement will not be forgotten in this election,https://www.newstatesman.com/politics/the-staggers/2024/06/the-climate-movement-will-not-be-forgotten-in-this-election
b47253ba43a3178433eb6a35943eb73d89ef4dc4842f38b738cb1910c5b0a835,2024-06-20 01:57:43.793711+00:00,en,theguardian.com,theguardian.com,2022-04-01,Seabed regulator accused of deciding deep sea’s future ‘behind closed doors’,https://www.theguardian.com/environment/2022/apr/01/worlds-seabed-regulator-accused-of-reckless-failings-over-deep-sea-mining
01387b4322a40e8fa0615110e2f092e7bf51434e0d7f5bc48866d7f454d21dd3,2024-06-19 22:22:36.021054+00:00,en,theguardian.com,theguardian.com,2024-06-19,‘I have seen the decline’: pesticides linked to falling UK insect numbers,https://www.theguardian.com/environment/article/2024/jun/19/i-have-seen-the-decline-pesticides-linked-to-falling-uk-insect-numbers
a787be9d6496a7576f02764d791f63bf674738cb0423032341dfc1c7299a25f9,2024-06-16 22:21:14.963263+00:00,en,theguardian.com,theguardian.com,2024-06-16,Conservationist Isabella Tree: ‘Rewilding is vital for the UK’s agricultural future’,https://www.theguardian.com/food/article/2024/jun/16/conservationist-isabella-tree-rewilding-is-vital-for-the-uks-agricultural-future
90999ed8da4b3c8ca3c56a872b1b3be5b067583274cf7ca584f61b062e174012,2024-06-16 06:05:49.321693+00:00,en,birminghammail.co.uk,birminghammail.co.uk,2024-06-16,Gardening expert shares five vital jobs for June,https://www.birminghammail.co.uk/news/uk-news/gardening-expert-shares-five-vital-29358916
3e9f93163150dc366d9e42d1493acc1ba023d26dd6c314760b2bcf275d9806b8,2024-06-14 22:19:48.368626+00:00,en,theguardian.com,theguardian.com,2024-06-14,Wildlife experts urge action on pesticides as UK insect populations plummet,https://www.theguardian.com/environment/article/2024/jun/14/wildlife-experts-urge-action-on-pesticides-as-uk-insect-populations-plummet
d9edf6c7723490fe5919150026c0da6321c5481199f3465d1953c99ba1b488ba,2024-06-13 22:20:58.686174+00:00,en,theguardian.com,theguardian.com,2024-06-13,Dirty waters: how the Environment Agency lost its way,https://www.theguardian.com/environment/article/2024/jun/13/dirty-waters-how-the-environment-agency-lost-its-way
983975b4b71ab827df3e4eed2999dbc58c33dfd67ddf9b85c328039d84c3fa5e,2024-06-13 20:38:22.685102+00:00,en,mirror.co.uk,mirror.co.uk,2024-06-13,Springwatch’s Megan preferred 'beavers to boys' growing up with Chris Packham,https://www.mirror.co.uk/3am/celebrity-news/bbc-springwatchs-megan-mccubbin-preferred-33026949
21b22a3e981d850b4db9028a037942ae6e5e9423905cab62c4468dddd9c81cc9,2024-06-13 15:19:21.061608+00:00,en,walesonline.co.uk,walesonline.co.uk,2024-06-13,Eleven key pledges from Plaid Cymru’s general election manifesto,https://www.walesonline.co.uk/news/wales-news/key-pledges-plaid-cymrus-general-29348617
0e8f38f518ee0958d769b64a2449c9bf0470838862f89bec07d94fec54399ea9,2024-06-13 05:23:39.499683+00:00,en,theguardian.com,theguardian.com,2024-06-13,"Eagle attacks, red invaders and a genetic bottleneck: inside the fight to save arctic foxes",https://www.theguardian.com/environment/article/2024/jun/13/arctic-fox-norway-genetic-bottleneck-captive-breeding-rebuilding-species-aoe
9375f091d8f4988ab34381a2ce5f987e3556845ff21c9bbeb54e87c7cc8fc920,2024-06-12 14:34:09.745854+00:00,en,dailymail.co.uk,dailymail.co.uk,2024-06-12,Celebrity landscaper Jamie Durie visits the construction site of his six-storey waterfront mansion - after backlash over his application to chop down 17 native trees,https://www.dailymail.co.uk/tvshowbiz/article-13520773/Celebrity-landscaper-Jamie-Durie-visits-construction-site-six-storey-waterfront-mansion-backlash-application-chop-17-native-trees.html?ns_mchannel=rss&ns_campaign=1490&ito=1490
9d00e37e51ac508b9ca5f6ebefbf9adb4549d1aa9133461c3e3b5adfa8710fed,2024-06-10 10:17:16.098298+00:00,en,independent.co.uk,independent.co.uk,2024-06-10,In Mexico’s heat wave monkeys are still dying and lions are getting popsicles,https://www.independent.co.uk/climate-change/news/mexico-heatwave-zoos-monleys-lions-b2559681.html
c7769cbe1c72bae18b71fe60a7adb3884177946791abad85acb37987023adacd,2024-06-10 03:22:46.306187+00:00,en,dailymail.co.uk,dailymail.co.uk,2024-06-10,Springwatch star Chris Packham calls on Swifties to convince Taylor Swift to reduce her private jet use and carbon footprint by protesting at her concerts,https://www.dailymail.co.uk/tvshowbiz/article-13511955/Springwatch-star-Chris-Packham-calls-Swifties-convince-Taylor-Swift-reduce-private-jet-use-carbon-footprint-protesting-concerts.html?ns_mchannel=rss&ito=1490&ns_campaign=1490
a995e7b15e5b9e09e0b01af25f268204966a1739318876937fa6dd1511da3a1c,2024-06-09 06:20:24.813659+00:00,en,walesonline.co.uk,walesonline.co.uk,2024-06-09,Gardening expert shares five vital jobs for June,https://www.walesonline.co.uk/news/uk-news/gardening-expert-shares-five-vital-29302639
d985d6ae2c312c6eae19d7a97cff8fb49151fdda7afee3a6cadc22f3fee1a90f,2024-06-09 05:19:40.351889+00:00,en,independent.co.uk,independent.co.uk,2024-06-09,"In Mexico heat wave monkeys still dying, birds are getting air-conditioning, lions get popsicles",https://www.independent.co.uk/news/tabasco-ap-mexico-mexico-city-gulf-of-mexico-b2559335.html
e3658274bd934d22bb8e222631c7063a448f217d8b9c95680ff94cfe85ff319e,2024-06-05 05:20:52.279241+00:00,en,cityam.com,cityam.com,2024-06-05,The Debate: Are voluntary carbon markets good for businesses?,https://www.cityam.com/the-debate-voluntary-carbon-markets/
c4c02f00fbe60aa7feb749538b166a81888c69fd67869ad785848e3a72310c8b,2024-06-03 07:18:17.579396+00:00,en,theguardian.com,theguardian.com,2024-06-03,‘There is nowhere to fish any more’: life in the shadow of Nigeria’s biggest industrial complex,https://www.theguardian.com/global-development/article/2024/jun/03/lagos-nigeria-dangote-industrial-complex-refinery-fertiliser-plant
e7080370c03a3ee8c0b63601b351b4d883a4ee6080ac71eb28bfc7df05d15069,2024-06-02 22:28:31.552412+00:00,en,theguardian.com,theguardian.com,2024-06-02,‘A sign of hope’: why weeds are finally being embraced by gardeners,https://www.theguardian.com/environment/article/2024/jun/02/a-sign-of-hope-why-weeds-are-finally-being-embraced-by-gardeners
9b1e28a2a8a183c055621ea9ad428e66f9ca86bd4b4b13e20fdf58d6eb02e3c5,2024-06-01 18:21:14.834393+00:00,en,birminghammail.co.uk,birminghammail.co.uk,2024-06-01,Expert shares 5 common garden plants which could devalue your home,https://www.birminghammail.co.uk/news/uk-news/expert-shares-5-common-garden-29278021
49bc3c83440e0d5ae41c64b616e6cbe268115e3f5497e631c2476a27970eac4c,2024-05-31 23:36:40.518676+00:00,en,dailymail.co.uk,dailymail.co.uk,2024-05-31,What IS the point of having national parks?,https://www.dailymail.co.uk/news/article-13481931/What-point-having-national-parks.html?ns_mchannel=rss&ns_campaign=1490&ito=1490
8df4940ad4a3614841979096c9a90d0abd824c2408344cf4b922400a2ec16c5c,2024-05-31 22:24:00.345516+00:00,en,theguardian.com,theguardian.com,2024-05-31,The power to help the planet is at your (green) fingertips,https://www.theguardian.com/lifeandstyle/article/2024/may/31/the-power-to-help-the-planet-is-at-your-green-fingertips
b4cdae85954f91b8990093732ead3680aee316c1228e48087393810918813015,2024-05-30 11:31:57.792254+00:00,en,independent.co.uk,independent.co.uk,2024-05-30,"Mysterious plague is wiping out sea urchins across the globe, scientists say",https://www.independent.co.uk/news/science/sea-urchin-mass-death-plague-cause-b2553153.html
393104507b3032ac7e94ad4f60226317db24a3e198b43de5d2c1dac791f678de,2024-05-30 05:24:58.003401+00:00,en,theconversation.com,theconversation.com,2024-05-30,Women are 14 times more likely to die in a climate disaster than men. It’s just one way climate change is gendered,https://theconversation.com/women-are-14-times-more-likely-to-die-in-a-climate-disaster-than-men-its-just-one-way-climate-change-is-gendered-230295
2528b840ef6be4817768d1658a9a4bbefad846a5ce6c62fcb13600352382262c,2024-05-29 07:30:58.216633+00:00,en,dailymail.co.uk,dailymail.co.uk,2022-04-15,Lost South American wildflower is rediscovered in the foothills of the Andes mountains,https://www.dailymail.co.uk/sciencetech/article-10722011/Lost-South-American-wildflower-rediscovered-foothills-Andes-mountains.html?ns_mchannel=rss&ns_campaign=1490&ito=1490
cf4df0b1166a6e586dc9177e3f2701ac670b8daa67dbfd30ff45459b9d061c26,2024-05-27 21:28:20.710815+00:00,en,theguardian.com,theguardian.com,2024-05-27,Humanity’s survival is still within our grasp – just. But only if we take these radical steps,https://www.theguardian.com/commentisfree/article/2024/may/27/humanity-survival-emissions-resilience-ecosystems-greenhouse-gases
96b8702e8cc0f3efb4a7eec50f232cac01c501d4303b10e4193cd33d9e5c80b9,2024-05-27 11:24:30.166692+00:00,en,theconversation.com,theconversation.com,2024-05-27,Your smartphone might be linked to crocodile attacks in Indonesia. Here’s how,https://theconversation.com/your-smartphone-might-be-linked-to-crocodile-attacks-in-indonesia-heres-how-229630
ee6843b63af8148c3140e6eea9c45e941cbeb4eb2ade10436f75b03d941bcd71,2024-05-24 22:20:44.235027+00:00,en,theguardian.com,theguardian.com,2024-05-24,How to rewild your teenagers: a parents’ guide to reconnecting them with nature,https://www.theguardian.com/society/article/2024/may/24/how-to-rewild-your-teenagers-a-parents-guide-to-reconnecting-them-with-nature
6c8f81e208ec0352c16a611563ef5476864bec9c805c1043d3ff6af63c07db05,2024-05-23 22:20:53.591354+00:00,en,theguardian.com,theguardian.com,2024-05-23,The truth about Asian hornets: how terrified should humans and honeybees actually be?,https://www.theguardian.com/environment/article/2024/may/23/the-truth-about-asian-hornets-how-terrified-should-humans-and-honeybees-actually-be
6bc9a6768b2b567538dc4822e16805097d89368400bae54b2b4a9326f94682f4,2024-05-21 19:32:19.351340+00:00,en,prnewswire.co.uk,prnewswire.co.uk,2024-05-21,"Conservation International Releases Guide for Fashion Industry: How to Build Stronger, Respectful Partnerships with Indigenous Peoples and Local Communities",https://www.prnewswire.co.uk/news-releases/conservation-international-releases-guide-for-fashion-industry-how-to-build-stronger-respectful-partnerships-with-indigenous-peoples-and-local-communities-302151692.html
3ed5120a29ac24d592b2d31c67f7ec05080da8c43874bb44e73ea5ae25b4ea4e,2024-05-18 10:25:48.664319+00:00,en,heraldscotland.com,heraldscotland.com,2024-05-18,'We owe Tom Hunter a great debt': World-famous trail continues to captivate tourists,https://www.heraldscotland.com/news/24325131.west-highland-way-we-owe-great-debt-tom-hunter/?ref=rss
cfcda1feefe9575109e029cbd762f6dd27ef8ba6f23ff5cb6e397429edfbd889,2024-05-17 08:26:11.658407+00:00,en,theconversation.com,theconversation.com,2024-05-17,Threatened species have declined 2% a year since 2000. Nature positive? Far from it.,https://theconversation.com/threatened-species-have-declined-2-a-year-since-2000-nature-positive-far-from-it-230116
9d9ccf30a273ade1197ba28fbd9239285d46cbd4a408141016835e65164f5059,2024-05-13 18:25:32.365662+00:00,en,express.co.uk,express.co.uk,2024-05-13,Rver campaigner issues firm warning: 'Freshwater emergency is a time bomb!',https://www.express.co.uk/comment/expresscomment/1898714/freshwater-emergency-rivers-james-wallace-opinion
4d0663a490f25bf76d7ce363e5318d973a826bca206683549380628af81a9d65,2024-05-10 22:45:35.989731+00:00,en,theconversation.com,theconversation.com,2022-05-04,Australia's next government must tackle our collapsing ecosystems and extinction crisis,https://theconversation.com/australias-next-government-must-tackle-our-collapsing-ecosystems-and-extinction-crisis-182048
ca47fb764d42c7c1d818122a7b7c1a4f0ef663948d257feb538fc965b2ffc43c,2024-05-10 21:44:30.879230+00:00,en,theconversation.com,theconversation.com,2022-04-21,How a new GCSE in natural history can help us towards a greener future,https://theconversation.com/how-a-new-gcse-in-natural-history-can-help-us-towards-a-greener-future-181738
c7da08470f439233719809b2794973fe6e132e187d2633a39e7bc26bc9d88385,2024-05-10 21:44:30.450150+00:00,en,theconversation.com,theconversation.com,2022-04-20,Climate change triggering global collapse in insect numbers: stressed farmland shows 63% decline – new research,https://theconversation.com/climate-change-triggering-global-collapse-in-insect-numbers-stressed-farmland-shows-63-decline-new-research-170738
064ff54f36ad686262ad27a67f63e75b381e19b2b3f00cf9bacc5b38c5306b3a,2024-05-10 21:25:30.286274+00:00,en,theguardian.com,theguardian.com,2022-02-14,Flourishing plants show warming Antarctica undergoing ‘major change’,https://www.theguardian.com/environment/2022/feb/14/flourishing-plants-show-warming-antarctica-undergoing-major-change-aoe
459f38a449ee336fcfc707c4f01aab9fdb4e165fa217b2683a7691ddac0597d1,2024-05-10 21:11:02.596248+00:00,en,theguardian.com,theguardian.com,2022-05-05,‘Canaries in the coalmine’: loss of birds signals changing planet,https://www.theguardian.com/environment/2022/may/05/canaries-in-the-coalmine-loss-of-birds-signals-changing-planet
0963642ce304b56b0e21d487fb90d6b4e5893be3b13229d5e15eca6dd99e9a11,2024-05-10 16:37:16.212336+00:00,en,express.co.uk,express.co.uk,2022-05-10,‘Dangerous’ garden plants which can decrease property value by up to 15%,https://www.express.co.uk/life-style/property/1607983/dangerous-garden-plants-property-value-japanese-knotweed-english-ivy
351ee26dc271bf625f03db1c82ab898366b421901ef529b37c577c416397bcc0,2024-05-10 13:34:21.070669+00:00,en,thesun.co.uk,thesun.co.uk,2022-05-12,I’m a gardening expert,https://www.thesun.co.uk/fabulous/18543105/gardening-expert-five-plants-devalue-home-thousands/
1673543224571756dfc4471e530ade342cfe37224e3756501b6d3ab031111f1e,2024-05-10 11:46:22.093862+00:00,en,standard.co.uk,standard.co.uk,2022-05-13,The best gardening kits to buy for urban gardeners with limited space,https://www.standard.co.uk/homesandproperty/gardening/best-gardening-kits-city-balconies-small-spaces-b999363.html
ba1c704d99964e0d0e8a1cf7bb4db16adfc3bbce917c27361f8d52b0f3549a26,2024-05-10 10:07:18.424198+00:00,en,independent.co.uk,independent.co.uk,2022-05-14,How climate change is triggering a global collapse in insect numbers,https://www.independent.co.uk/independentpremium/long-reads/climate-change-crisis-insect-numbers-b2074619.html
8a6b0fc3d712ec29df005fb8a188db57693b8f0f47dfb654c91d0763d8ace8af,2024-05-10 09:44:28.482718+00:00,en,scotsman.com,scotsman.com,2022-05-15,Unique tracking study uncovers mysteries of what Scotland's wild salmon get up to once they reach the sea,https://www.scotsman.com/news/environment/unique-tracking-study-uncovers-mysteries-of-what-scotlands-wild-salmon-get-up-to-once-they-reach-the-sea-3692160
1c64671bdc43d417943451542b8531096ced5ab393cd0af2ee6ce88c63688c7e,2024-05-10 06:40:21.541014+00:00,en,heraldscotland.com,heraldscotland.com,2022-05-17,Big Read: The case for eating read meat is a clear and simple one,https://www.heraldscotland.com/news/20145130.big-read-case-eating-read-meat-clear-concise/?ref=rss
083027dcf7550a0430e79ae2a032f4ae6cc412494f9bad26d804b04cbabdf09d,2024-05-10 06:40:21.180471+00:00,en,theconversation.com,theconversation.com,2022-05-17,How filling the UK's unused land with fruit and veg could help make us and our environment healthier,https://theconversation.com/how-filling-the-uks-unused-land-with-fruit-and-veg-could-help-make-us-and-our-environment-healthier-and-help-fight-inequality-182990
b70554834fd87138305f8856fffa40f93469bffcd5445c82858c8c576a7358da,2024-05-10 05:58:55.681153+00:00,en,theconversation.com,theconversation.com,2022-05-18,Prompt and accurate information is vital in a pandemic – the climate and biodiversity crises demand the same urgency,https://theconversation.com/prompt-and-accurate-information-is-vital-in-a-pandemic-the-climate-and-biodiversity-crises-demand-the-same-urgency-182329
11a8519d960399f074c7293a7cb2d8a657b27782e812e46f1e4aca91862ab958,2024-05-10 05:17:24.819236+00:00,en,independent.co.uk,independent.co.uk,2022-05-18,How climate change is triggering a global collapse in insect numbers,https://www.independent.co.uk/news/long_reads/climate-change-crisis-insect-numbers-b2081772.html
f10793eb885dd331bfdc66fd1ffdfb49afbafefb224a888befcf008a8579df82,2024-05-10 03:38:32.740630+00:00,en,heraldscotland.com,heraldscotland.com,2022-05-19,We should not ignore benefits of eating meat for both public health and rural Scotland,https://www.heraldscotland.com/news/20150602.eating-meat-benefits-public-health-scotlands-rural-life/?ref=rss
7234d7d8c4dd34f914646092d906427057b4daf9cf4b74c8dfa90afe6e4e6272,2024-05-10 02:12:47.174992+00:00,en,newstatesman.com,newstatesman.com,2022-05-19,Will the Australian elections finally spark action on climate change?,https://www.newstatesman.com/environment/2022/05/will-australian-elections-2022-finally-spark-action-climate-change
2fee334b0207860e8cb345fdf26b06dfa6ed57af7ba2fecaffc5f79b4a0f9761,2024-05-09 22:10:54.279152+00:00,en,scotsman.com,scotsman.com,2022-05-22,Legoland and beyond – Denmark has all the elements for a brilliant family holiday – Scotland on Sunday Travel,https://www.scotsman.com/lifestyle/travel/legoland-and-beyond-why-denmark-has-all-the-elements-for-a-brilliant-family-holiday-scotland-on-sunday-travel-3699327
c01a8f1bd1b95d702699bde1a817c96038b0ea410f9b974e35e40366353a01ad,2024-05-09 20:58:42.254751+00:00,en,independent.co.uk,independent.co.uk,2022-05-23,The rich are gathering for Davos,https://www.independent.co.uk/climate-change/news/davos-switzerland-un-bali-climate-b2084431.html
fcefe85b150d616edab2495cb8fffdd495df434297ec8b0e11065504221301c4,2024-05-09 18:43:10.002843+00:00,en,dailymail.co.uk,dailymail.co.uk,2022-05-24,"How the world's first organic farm nation has led to hunger and economic ruin, writes TOM LEONARD",https://www.dailymail.co.uk/debate/article-10847487/How-worlds-organic-farm-nation-led-hunger-economic-ruin-writes-TOM-LEONARD.html?ns_mchannel=rss&ito=1490&ns_campaign=1490
a147a0d067b961ea039a0938dbd743f1de384fb39842bfd2ab15b210d924bcc8,2024-05-09 15:14:52.597561+00:00,en,independent.co.uk,independent.co.uk,2022-05-25,Water crisis fuelling human wildlife conflict in Zimbabwe,https://www.independent.co.uk/voices/campaigns/giantsclub/water-crisis-wildlife-conflict-zimbabwe-b2087402.html
12d45e69832282a3303ae32c5927c93fafb3e4afb6d5b0cec1680a7fd3bc119a,2024-05-09 11:07:55.571619+00:00,en,theguardian.com,theguardian.com,2022-05-28,What will the new Labor government do for rural and regional Australia?,https://www.theguardian.com/australia-news/2022/may/29/what-will-the-new-labor-government-do-for-rural-and-regional-australia
49e74d41bdd3f43812734d5d1ec0efe84c78400e79e605af01e6a1e2b83540b9,2024-05-09 10:45:35.514125+00:00,en,theguardian.com,theguardian.com,2022-05-29,The Observer view on 70 years of warnings about the environment,https://www.theguardian.com/commentisfree/2022/may/29/observer-view-70-years-warnings-environment
6cd484c90191591fa9ac7e5c1c8ed41e6f50e579cd85e9cac825403f2d5337d8,2024-05-09 08:44:16.142521+00:00,en,theconversation.com,theconversation.com,2022-05-30,"Rapid evolution has limits, and knowing this can help with conservation",https://theconversation.com/rapid-evolution-has-limits-and-knowing-this-can-help-with-conservation-180932
c2a4873c9bbf6394e4236f98a2637861c6677570795967947b5d977df983c1bc,2024-05-09 08:30:43.985525+00:00,en,scotsman.com,scotsman.com,2022-05-31,"Tory policies are bad for the environment, our country and our city",https://www.edinburghnews.scotsman.com/news/opinion/columnists/tory-policies-are-bad-for-the-environment-our-country-and-our-city-lorna-slater-3713896
2ae08757ef5dfae9151a0a83927f75b0f2dd16021d4a29adb7ca4c55d351456d,2024-05-09 08:27:54.035437+00:00,en,britainnews.net,britainnews.net,2022-05-31,Better public health starts with effective climate policy,http://www.britainnews.net/news/272570698/better-public-health-starts-with-effective-climate-policy
53c5708d7a78a7f67fae7e6cdfef726be021d70a65331536d7eda65c58ccd41f,2024-05-09 08:12:29.620003+00:00,en,theuknews.com,theuknews.com,2022-05-31,Better public health starts with effective climate policy,http://www.theuknews.com/news/272570698/better-public-health-starts-with-effective-climate-policy
d7fdf29eea504a1f332e454c5e941a9fe160532bcde1ac8c538b784ea0751bf4,2024-05-09 08:12:18.810834+00:00,en,unitedkingdomnews.net,unitedkingdomnews.net,2022-05-31,Better public health starts with effective climate policy,http://www.unitedkingdomnews.net/news/272570698/better-public-health-starts-with-effective-climate-policy
877ae1f5741f154297e4f9cad8ffd66b3e847dcd62471a00e6c02ece5c60d883,2024-05-09 03:48:34.019113+00:00,en,standard.co.uk,standard.co.uk,2022-06-03,Scottish Government pledges to ‘maximise’ public money in climate change fight,https://www.standard.co.uk/news/uk/scottish-government-scottish-b1003964.html
abdf2cdb43b7d4e83020b0d99e6a90eecb37d14ae76f9c2c0e5f08f58461abad,2024-05-09 03:46:02.913864+00:00,en,independent.co.uk,independent.co.uk,2022-06-03,Scottish Government pledges to ‘maximise’ public money in climate change fight,https://www.independent.co.uk/news/uk/scottish-government-scottish-msps-b2093330.html
2145300cdbe73aa16f27256c5f339a1c5fdd7850597ea96a692949561101718d,2024-05-09 03:29:38.074016+00:00,en,heraldscotland.com,heraldscotland.com,2022-06-03,SNP ministers to lean heavily on private cash to achieve net zero targets,https://www.heraldscotland.com/politics/20186128.snp-ministers-lean-heavily-private-sector-cash-achieve-net-zero-targets/?ref=rss
4e1b7d8229f90767d884f0eaac32244c15d37b1dc2a8284a877a147b389458d3,2024-05-09 03:24:03.004648+00:00,en,dailymail.co.uk,dailymail.co.uk,2024-05-09,"Artificial grass can lead to increased flooding risk, major insurer warns",https://www.dailymail.co.uk/property/article-13391049/Artificial-grass-lead-increased-flooding-risk-major-insurer-warns.html?ns_mchannel=rss&ito=1490&ns_campaign=1490
7c3336f595a562588c38536abbaf45ab8fb17f0a9f7666d43c4318e16e5f8b42,2024-05-09 03:18:08.818404+00:00,en,theguardian.com,theguardian.com,2024-05-08,‘Hopeless and broken’: why the world’s top climate scientists are in despair,https://www.theguardian.com/environment/ng-interactive/2024/may/08/hopeless-and-broken-why-the-worlds-top-climate-scientists-are-in-despair
48807f6e23e2e6c33d25634c9a553f25a9d1a2ec28d68a307afaba3fdc6523e8,2024-05-08 23:43:38.247283+00:00,en,heraldscotland.com,heraldscotland.com,2022-06-05,Scotland's strategy to mitigate climate crisis 'not keeping pace',https://www.heraldscotland.com/politics/20187831.scotlands-strategy-mitigate-climate-crisis-not-keeping-pace/?ref=rss
cb7509ef0cd77546146878d360160a6f0c7bb93c3d6e09e5a1531e27b2dcece7,2024-05-08 21:41:38.668163+00:00,en,theguardian.com,theguardian.com,2022-06-06,‘The next parakeet’: Britain’s dawn chorus at risk from Asian songbird,https://www.theguardian.com/environment/2022/jun/06/red-billed-leiothrix-native-birds-britain-aoe
7adc58d2053fe954a6a7c2016c1d97913bdef4112f88c404d732996124e7825e,2024-05-08 20:58:21.389570+00:00,en,independent.co.uk,independent.co.uk,2022-06-07,The sustainable swaps to make for World Oceans Day and beyond,https://www.independent.co.uk/extras/indybest/house-garden/world-oceans-day-2022-theme-products-b2095506.html
f4776f65d1a4ac88e033817aed291f1bad897053cc3d6c95e8ca207203b47349,2024-05-08 15:57:36.949495+00:00,en,independent.co.uk,independent.co.uk,2022-06-08,The sustainable swaps to make for World Oceans Day and beyond,https://www.independent.co.uk/extras/indybest/house-garden/world-oceans-day-2022-theme-b2096360.html
d7024bc9f207267ae5f55e2c2632ed2c780f7cc1cd81d9773fec3bb617edd9a4,2024-05-08 14:24:16.366744+00:00,en,guernseypress.com,guernseypress.com,2022-06-09,Scottish Government pledges to ‘maximise’ public money in climate change fight,https://www.guernseypress.com/news/uk-news/2022/06/09/scottish-government-pledges-to-maximise-public-money-in-climate-change-fight/
ab70f54226ef1a28e6c45c3ef220088163cade8041945394711655445d45ee2c,2024-05-08 12:32:07.007208+00:00,en,theconversation.com,theconversation.com,2022-06-10,World's protected natural areas too small and isolated to benefit wildlife – new study,https://theconversation.com/worlds-protected-natural-areas-too-small-and-isolated-to-benefit-wildlife-new-study-184120
5645d80d01f01a2692d036c573207a33fe222d45cc9d30d3a90d1e35a669ed49,2024-05-08 08:22:49.196358+00:00,en,politicshome.com,politicshome.com,2022-06-14,Turning A Minefield Into A Meadow – Environment Minister To Speak At House Briefing Event,https://www.politicshome.com/thehouse/article/turning-a-minefield-into-a-meadow
e3c1f2f8e2a26f9d268002c30f75cd6bb577a33b27483a94d83027b64db782ae,2024-05-08 05:13:02.101650+00:00,en,independent.co.uk,independent.co.uk,2022-06-16,Tree planting rates static despite Government pledge to boost woodland creation,https://www.independent.co.uk/climate-change/news/england-scotland-government-climate-change-committee-scottish-government-b2102735.html
395c014eabf743973f237a271da4190622f5ad4b84f8a3b38697be80b0bc5c96,2024-05-08 05:12:56.185285+00:00,en,guernseypress.com,guernseypress.com,2022-06-16,Tree planting rates static despite Government pledge to boost woodland creation,https://www.guernseypress.com/news/uk-news/2022/06/16/tree-planting-rates-static-despite-government-pledge-to-boost-woodland-creation/
dbaef7a65afd9cf6927411b9d6ccac4d2e5e9c98378c1e742e6e506ad014d32e,2024-05-08 05:12:54.366340+00:00,en,standard.co.uk,standard.co.uk,2022-06-16,Tree planting rates static despite Government pledge to boost woodland creation,https://www.standard.co.uk/news/uk/england-scotland-government-scottish-government-george-eustice-b1006645.html
36e36ea6155aabf4bc11de3197f22b3a86f457d8618a1a1ea3c951b73072d274,2024-05-08 05:12:36.395350+00:00,en,jerseyeveningpost.com,jerseyeveningpost.com,2022-06-16,Tree planting rates static despite Government pledge to boost woodland creation,https://jerseyeveningpost.com/morenews/uknews/2022/06/16/tree-planting-rates-static-despite-government-pledge-to-boost-woodland-creation/
528fcef7a87ef5fa52465b05f69ce99da994fbe179ebc6d54ee0e6a325274d01,2024-05-07 23:40:19.473661+00:00,en,independent.co.uk,independent.co.uk,2022-06-19,"After writer's murder in the Amazon, can his vision survive?",https://www.independent.co.uk/news/world/americas/ap-amazon-dom-phillips-brazil-jair-bolsonaro-b2104544.html
b323bb9509765f0780a0aab5b89b6cecaa609a7a8cec23cfd0e280873d28c873,2024-05-07 22:34:51.683504+00:00,en,express.co.uk,express.co.uk,2022-06-20,EU holds emergency secret meeting after furious bust-up among nations: 'Seismic event',https://www.express.co.uk/news/science/1628301/eu-news-ursula-von-der-leyen-nature-protection-package-climate-change-frans-timmermans
530735b3eda4abdd85f60bad609347c6f4b905afb4f01c9bf2fbd7a8988d6397,2024-05-07 21:25:33.137439+00:00,en,independent.co.uk,independent.co.uk,2022-06-21,‘Mountainous countries face acute peril from climate change’,https://www.independent.co.uk/voices/campaigns/giantsclub/mountainous-countries-climate-change-b2105698.html
677b78454a0b2ba8d7c051ed337f58e43557eb763025ab980af19bc67f319cab,2024-05-07 18:34:04.862597+00:00,en,guernseypress.com,guernseypress.com,2024-05-07,Greenpeace calls on Government to spearhead sea sanctuary campaign,https://guernseypress.com/news/uk-news/2024/05/07/greenpeace-calls-on-government-to-spearhead-sea-sanctuary-campaign/
9b791c906073a7ebb0ded4109387bb47158cfa0ceff429ad0f3936151384280b,2024-05-07 18:18:29.241073+00:00,en,dailymail.co.uk,dailymail.co.uk,2022-06-23,"Loss of nature could have a devastating effect on public finances, study shows",https://www.dailymail.co.uk/sciencetech/article-10941923/Loss-nature-devastating-effect-public-finances-study-shows.html?ns_mchannel=rss&ns_campaign=1490&ito=1490
f0f8f475c545a614150b8f7792babf590d92134ef53d6cae5b3860b8bcf96d5b,2024-05-07 16:59:21.041403+00:00,en,independent.co.uk,independent.co.uk,2022-06-23,Federal agencies reverse Trump limits on habitat protection,https://www.independent.co.uk/news/ap-biden-trump-traverse-city-louisiana-b2108151.html
7e48916793616abcfea5d7cbe964bdec30b76986613a3e363a6ce302c4989ef8,2024-05-07 16:36:06.985877+00:00,en,standard.co.uk,standard.co.uk,2024-05-07,Greenpeace calls on Government to spearhead sea sanctuary campaign,https://www.standard.co.uk/news/environment/greenpeace-government-atlantic-ocean-arctic-ocean-scientists-b1156021.html
859c7435d8ef48330733a593783aaf26c20817937206eb2ec5d28e132ff02414,2024-05-07 14:53:41.397783+00:00,en,newsletter.co.uk,newsletter.co.uk,2022-06-25,Snack brand aims to plant forests to cut climate threat,https://www.newsletter.co.uk/lifestyle/food-and-drink/snack-brand-aims-to-plant-forests-to-cut-climate-threat-3742966
5826a7dd0b186135da067644f50ecf4357eb395f02c6c69633da0e187a520e7e,2024-05-07 14:43:57.411368+00:00,en,theguardian.com,theguardian.com,2022-06-24,Banks and UK supermarkets accused of backing deforestation in Brazil,https://www.theguardian.com/world/2022/jun/24/banks-and-uk-supermarkets-accused-of-backing-deforestation-in-brazil-jbs
6f0332d324a8c7d8c2d61c3a4e9f6c69fd0f7fa10eb1b80fe2b574f0142fb5c4,2024-05-07 14:18:34.487999+00:00,en,independent.co.uk,independent.co.uk,2022-06-25,New Colombian president pledges to protect rainforest,https://www.independent.co.uk/news/ap-amazon-rainforest-rio-de-janeiro-monitoring-experts-b2109442.html
bbcee322a163ca9ad09327acdfe21bb3c23f0c5d8b9fd78ee4a000c7e48ec80f,2024-05-07 12:32:50.011782+00:00,en,unitedkingdomnews.net,unitedkingdomnews.net,2022-06-27,Study shows biodiversity risks will persist well beyond future global temperature spikes,http://www.unitedkingdomnews.net/news/272600469/study-shows-biodiversity-risks-will-persist-well-beyond-future-global-temperature-spikes
e6ae8f56626a5ac68ce524c3a1a101aa42928acbe19a2012cd76171f8832ca08,2024-05-07 12:19:15.053295+00:00,en,britainnews.net,britainnews.net,2022-06-27,Study shows biodiversity risks will persist well beyond future global temperature spikes,http://www.britainnews.net/news/272600469/study-shows-biodiversity-risks-will-persist-well-beyond-future-global-temperature-spikes
4b0fa206c57f699fa977322cd317c1cc9a20be62af8198d9ef965c3e25a8ae76,2024-05-07 11:58:16.910472+00:00,en,jerseyeveningpost.com,jerseyeveningpost.com,2024-05-07,Greenpeace calls on Government to spearhead sea sanctuary campaign,https://jerseyeveningpost.com/morenews/uknews/2024/05/07/greenpeace-calls-on-government-to-spearhead-sea-sanctuary-campaign/
944c8e36b3d423072192f2f2d64177a0e7eae7ec3c9259180d346328df2f2be9,2024-05-07 11:56:13.808021+00:00,en,theguardian.com,theguardian.com,2022-06-27,UN head declares ‘ocean emergency’ as global leaders gather in Lisbon,https://www.theguardian.com/environment/2022/jun/27/un-head-antonio-guterres-declares-ocean-emergency-as-global-leaders-gather-in-lisbon
b34a823884b4e85e8efa16fbe745f632f6c56c87342c67121c1bff504652ef8b,2024-05-07 08:12:45.458810+00:00,en,theguardian.com,theguardian.com,2022-06-30,Earthly Order: ‘mercurial professor’ with urgent ideas on climate change,https://www.theguardian.com/books/2022/jun/30/earthly-order-climate-change-mercurial-professor
3108c9e891de2f2bd998e9780475007cf6d9b42aa4edca9c5a65a62c6cad9a20,2024-05-07 05:14:36.429704+00:00,en,walesonline.co.uk,walesonline.co.uk,2022-07-03,The seventh generation farmer living off-grid in the corner of a Welsh mountain,https://www.walesonline.co.uk/news/wales-news/seventh-generation-farmer-living-grid-24182567
bcf84be8b35779c5379a3e49e3823e18a93225f1f5b6101cf9e628a04e2a6906,2024-05-06 22:58:49.430351+00:00,en,theconversation.com,theconversation.com,2024-05-06,"Making merry: how we brought Melbourne’s Merri Creek back from pollution, neglect and weeds",https://theconversation.com/making-merry-how-we-brought-melbournes-merri-creek-back-from-pollution-neglect-and-weeds-226231
43402a0f6d4e4f86f8f384692e4944d5e1c6dc63b549c824212a7b08951788cb,2024-05-06 20:38:11.420168+00:00,en,theguardian.com,theguardian.com,2024-05-06,Can I get a little more eco-friendly every day? Four tips for a greener mindset,https://www.theguardian.com/wellness/article/2024/may/06/sustainable-eco-friendly-green-mindset
c1f6d29168899ca3f47e5679115dfd27ffcdb73a0fb9a04cf0763288f366aa81,2024-05-06 19:23:54.224150+00:00,en,theguardian.com,theguardian.com,2022-07-08,Ranked: how green are the Tory leadership candidates?,https://www.theguardian.com/environment/2022/jul/08/ranked-how-green-are-the-tory-leadership-candidates
1b121a2fa29efe39040f67ffe62314f70cfbe6f037a974e1426873b9957b814d,2024-05-06 12:59:56.971980+00:00,en,guernseypress.com,guernseypress.com,2022-07-11,"Humanity closer than ever to catastrophic biodiversity loss, expert warns",https://www.guernseypress.com/news/uk-news/2022/07/11/humanity-closer-than-ever-to-catastrophic-biodiversity-loss-expert-warns/
7f109bf7490791a3069f7f7adda89f9bbc7008db8cd8dd71eb7ca1d0d2c2e36f,2024-05-06 12:59:37.355860+00:00,en,independent.co.uk,independent.co.uk,2022-07-11,"Humanity closer than ever to catastrophic biodiversity loss, expert warns",https://www.independent.co.uk/climate-change/news/environment-agency-green-alliance-london-government-england-b2120885.html
ae7b5382ddfb7fe664cf0fd1e311ab43973ee2c2c90aa5262c33c034bedd58ce,2024-05-06 12:59:35.085484+00:00,en,jerseyeveningpost.com,jerseyeveningpost.com,2022-07-12,"Humanity closer than ever to catastrophic biodiversity loss, expert warns",https://jerseyeveningpost.com/morenews/uknews/2022/07/12/humanity-closer-than-ever-to-catastrophic-biodiversity-loss-expert-warns/
a548f2129f10245e906f526609bd371095e4d190af7736d8252c808454fdcebe,2024-05-06 12:56:14.763209+00:00,en,walesonline.co.uk,walesonline.co.uk,2022-07-12,Environment Agency boss,https://www.walesonline.co.uk/news/uk-news/environment-agency-head-warns-climate-24462084
7fbdac4cbb94e09605e406e21051e7bc70246db0a1fa0248b3e45e3be2c562b8,2024-05-06 12:56:05.838996+00:00,en,sky.com,sky.com,2022-07-11,Environment Agency chief warns of irreversible biodiversity damage that could eventually kill off humans,https://news.sky.com/story/environment-agency-chief-warns-of-irreversible-biodiversity-damage-that-could-eventually-kill-off-humans-12650103
bc057937481421e126986533b9fd741ded5f2744a22778e8a0b89c7fe4a3420c,2024-05-06 12:40:02.909987+00:00,en,express.co.uk,express.co.uk,2022-07-12,End of the world: Humanity facing EXTINCTION as dire warning sent in new study,https://www.express.co.uk/news/science/1639055/end-of-the-world-warning-irreversible-biodiversity-damage-kill-humans-climate-change
02d0521a8efebfcf3990a50bd1b2abde02cbad3c3b6f0bafe72da13c71871bce,2024-05-06 10:07:28.274659+00:00,en,independent.co.uk,independent.co.uk,2022-07-12,The coyotes of Manhattan: Meet New York City’s thriving wildlife underbelly,https://www.independent.co.uk/climate-change/news/new-york-city-animals-wildlife-b2121737.html
c2492de973f2f94627febafd93d6e4a6d1de6c197e3ed343286a3466eb9c6876,2024-05-06 07:57:22.722447+00:00,en,politicshome.com,politicshome.com,2022-07-14,Caroline Lucas: we are failing to heed nature's warning signs – the Tory leadership candidates must step up and address it,https://www.politicshome.com/thehouse/article/caroline-lucas-tory-leadership-environmentalism-cop15-biodiversity
0d3f8612c3d1c53ba5f625c5787941b4c534630ca3c28823efad16389e4fca5b,2024-05-06 03:32:49.462016+00:00,en,telegraph.co.uk,telegraph.co.uk,2022-07-18,Why we should all be worried about a vulture apocalypse,https://www.telegraph.co.uk/global-health/science-and-disease/why-should-worried-vulture-apocalypse/
c48b0de09e052441886fbbfb095917773a11930f05e8945a8e68eb7308660632,2024-05-06 03:22:25.635802+00:00,en,ft.com,ft.com,2022-07-18,Investors grapple with complexities of biodiversity,https://www.ft.com/content/da6ddb23-ae10-4fd6-9e45-3af15e5a0c1e
6ab2e3fbc24bda7d26f2dd8e0d2c8a1b5f0dd5fe915ae8ac2029e580faf03428,2024-05-06 01:48:44.787385+00:00,en,theconversation.com,theconversation.com,2022-07-18,"'That patch of bush is gone, and so are the birds': a scientist reacts to the State of the Environment report",https://theconversation.com/that-patch-of-bush-is-gone-and-so-are-the-birds-a-scientist-reacts-to-the-state-of-the-environment-report-186135
fb87cdc8db42f514a2b8a24284d33ece1916eb40ec4299cf9fbbc67a01ad3498,2024-05-06 01:23:33.401806+00:00,en,prnewswire.co.uk,prnewswire.co.uk,2024-05-06,"Reducing forests to carbon sinks poses risk, new report cautions policymakers: IUFRO",https://www.prnewswire.co.uk/news-releases/reducing-forests-to-carbon-sinks-poses-risk-new-report-cautions-policymakers-iufro-302135783.html
75745a130d765a03e0b5db4a728bdf4aa26e56a76c7918b9d82ee52031cee232,2024-05-06 00:54:02.479564+00:00,en,theguardian.com,theguardian.com,2022-07-18,State of the environment: shocking report shows how Australia’s land and wildlife are being destroyed,https://www.theguardian.com/environment/2022/jul/19/labor-says-it-wont-put-head-in-the-sand-as-it-releases-shocking-environment-report
a33988627aaaf799d7aaadb2830f5e7fc220204e312d3455e88e4bffafa17fda,2024-05-05 20:56:17.187393+00:00,en,theguardian.com,theguardian.com,2022-07-21,"Destruction of nature as threatening as climate crisis, EU deputy warns",https://www.theguardian.com/environment/2022/jul/21/destruction-nature-as-threatening-climate-crisis-eu-deputy-warns-frans-timmerman
cbfa73c2befede4fcae530697b91e961710fabb1f9fbc78dfa6c1d94c9ce8f85,2024-05-05 19:30:01.203349+00:00,en,walesonline.co.uk,walesonline.co.uk,2022-07-22,Drakeford warns farmers subsidies have to be justified to taxi drivers,https://www.walesonline.co.uk/news/mark-drakeford-warns-welsh-farmers-24559024
1e08b7545e9e6caba515ec52187e010f0ebfd9f6f9cccee01dd906c67d8f9850,2024-05-05 11:44:55.138704+00:00,en,theguardian.com,theguardian.com,2022-07-24,Killer plants: the new triffids invading the UK,https://www.theguardian.com/environment/2022/jul/24/the-invasion-of-the-killer-plants-meet-the-new-triffids-emma-beddington
6f4a34f58cde1efc5a3e501f035e402b83dc7152b3d6c90557a4604bf05f8941,2024-05-05 04:43:43.645917+00:00,en,dailyrecord.co.uk,dailyrecord.co.uk,2022-07-25,Anti-social behaviour makes summer misery for Luss people says community council,https://www.dailyrecord.co.uk/news/local-news/drink-drug-fuelled-anti-social-27572922
aa113fa65231d7adfb662a19db8ce3f0d6c8cb2f543ee794d29ffcc0c355df45,2024-05-05 03:55:03.031747+00:00,en,theguardian.com,theguardian.com,2022-07-25,Judge finds Morrison government erred in approving preliminary work on tailings dam in the Tarkine,https://www.theguardian.com/environment/2022/jul/26/judge-finds-morrison-government-erred-in-approving-preliminary-work-on-tailings-dam-in-the-tarkine
002daf7e095c0778188bc5c303e46d9fb3aa262167ea12ec23df5399c4f18c8f,2024-05-05 03:29:08.981555+00:00,en,scotsman.com,scotsman.com,2022-07-26,Call for Ayrshire dunes to get special protection to end threat to wildlife from urban spread,https://www.scotsman.com/news/environment/call-for-ayrshire-dunes-to-get-special-protection-to-end-threat-to-wildlife-from-development-of-homes-golf-course-and-nuclear-plant-3781501
b3ca10440ee7ae0a537c90b1fa134a0b7067d8b102e9eaf6c9b349b30b0fd887,2024-05-05 03:07:46.799542+00:00,en,walesonline.co.uk,walesonline.co.uk,2022-07-26,How wildfires actually begin,https://www.walesonline.co.uk/news/how-wildfire-destroys-hillsides-endangers-24539935
4b2644083e5184c21df730eb8a7b2d9dc5675dc02629d3a8a536516d6f11ff0b,2024-05-05 02:35:15.538256+00:00,en,theguardian.com,theguardian.com,2022-07-26,There is an alternative to disruptive climate protest,https://www.theguardian.com/environment/2022/jul/26/there-is-an-alternative-to-disruptive-climate-protest
d195a0fe3227784d3eb5ee969b1f1e9647ac94cac246566c6ef0fc5abd5d5da7,2024-05-05 02:25:38.241081+00:00,en,theconversation.com,theconversation.com,2022-07-26,"Nature's deteriorating health is threatening the wellbeing of Australians, the State of the Environment report finds",https://theconversation.com/natures-deteriorating-health-is-threatening-the-wellbeing-of-australians-the-state-of-the-environment-report-finds-187437
d94452a9823f03223bb20ca5827cde0785a700d993d4eb1ee8543904ee15281f,2024-05-05 02:23:02.737200+00:00,en,dailyrecord.co.uk,dailyrecord.co.uk,2022-07-26,Wildlife flourishing in Lochside Park,https://www.dailyrecord.co.uk/news/local-news/wildlife-flourishes-castle-douglas-park-27523123
a8b1735e7408933b39b5baf6b9913f6ee27112e11bc9a3b43d3760ba0ae4316e,2024-05-05 02:19:11.264399+00:00,en,theconversation.com,theconversation.com,2022-07-25,December global biodiversity summit at risk of failure,https://theconversation.com/december-global-biodiversity-summit-at-risk-of-failure-185084
c44361202306a9d6c2c2a70dbf9ed136b93bc6edc32dd2b0248bd398a0cb756c,2024-05-05 00:59:42.274458+00:00,en,economist.com,economist.com,2022-07-21,ESG should be boiled down to one simple measure: emissions,https://www.economist.com/leaders/2022/07/21/esg-should-be-boiled-down-to-one-simple-measure-emissions
6a94934543874619217af34199d1029774d2b001a750996c2220d51cae3d093e,2024-05-04 23:14:27.306623+00:00,en,metro.co.uk,metro.co.uk,2022-07-28,The solution to climate change is already here,https://metro.co.uk/2022/07/28/the-solution-to-climate-change-is-already-here-were-just-ignoring-it-17082336/
b34af68df9f1941b37e1e529779ac0aff8498e53df7a747ab20fc4caaadd7d4b,2024-05-04 12:34:12.405154+00:00,en,socialistworker.co.uk,socialistworker.co.uk,2022-08-01,Private jets are landing us in deep climate chaos,https://socialistworker.co.uk/background-check/private-jets-are-landing-us-in-deep-climate-chaos/
ae9ab8615ed249be4b542c54780345ff63d31aa78134d962f0e536697ed80a24,2024-05-04 12:20:38.746853+00:00,en,scotsman.com,scotsman.com,2022-08-02,Sunak and Truss are no answer to our problems,https://www.edinburghnews.scotsman.com/news/opinion/columnists/sunak-and-truss-are-no-answer-to-our-problems-lorna-slater-3789269
493ab8b859663224c9b57f0db8e1e700d5d1c006582ee47d3dc1ca068a2eff95,2024-05-04 10:42:28.745064+00:00,en,heraldscotland.com,heraldscotland.com,2022-08-03,Soil beneath our feet holds key to tackling climate crisis,https://www.heraldscotland.com/news/20597435.soil-beneath-feet-holds-key-tackling-climate-crisis/?ref=rss
de3dbd151d98fa47f1310abcb74a95301c7d3695f558404dc69f558f395eebcf,2024-05-04 07:06:17.857580+00:00,en,dailymail.co.uk,dailymail.co.uk,2022-08-06,"EDEN CONFIDENTIAL: Why did Defra give 'rewilding' charity £116,000 in the space of a month?",https://www.dailymail.co.uk/tvshowbiz/article-11086251/EDEN-CONFIDENTIAL-did-Defra-rewilding-charity-116-000-space-month.html?ns_mchannel=rss&ns_campaign=1490&ito=1490
06ca20f652b5818a466dd74e13b9cb051ed1e2b117918b5081046e0a3296036e,2024-05-04 06:36:46.312004+00:00,en,theguardian.com,theguardian.com,2022-08-05,Great Barrier Reef’s record coral cover is good news but climate threat remains,https://www.theguardian.com/environment/2022/aug/06/great-barrier-reefs-record-coral-cover-is-good-news-but-climate-threat-remains
dc10439b2960e3ad2ad32a329717de21b8bc824c063531b126fe72ac7c338de2,2024-05-04 05:58:37.887279+00:00,en,theguardian.com,theguardian.com,2022-08-07,The Tories have failed to ‘get climate done’ – so I’ve launched a new centre-right party,https://www.theguardian.com/commentisfree/2022/aug/07/my-climate-party-ed-gemell-centre-right
1ca0fb1f3969a7656e9a335566935f9f9e2320205449115e290504669d2a8498,2024-05-04 03:47:38.124506+00:00,en,theguardian.com,theguardian.com,2022-08-09,UK braced for drought conditions to last until October,https://www.theguardian.com/uk-news/2022/aug/09/uk-braced-for-drought-conditions-in-october
3ec0d76932719b2ed1476f7d439e35bbdbf10878c421ffeebee2a4cd580e5179,2024-05-04 01:57:23.294704+00:00,en,theconversation.com,theconversation.com,2022-08-10,A meat tax is probably inevitable – here’s how it could work,https://theconversation.com/a-meat-tax-is-probably-inevitable-heres-how-it-could-work-188023
dc01e0f4e7afdfe1248d0d46f65566e973be7da39b0b7092643cbeedb43ea454,2024-05-04 01:45:12.122059+00:00,en,britainnews.net,britainnews.net,2022-08-11,A meat tax is probably inevitable,http://www.britainnews.net/news/272649933/a-meat-tax-is-probably-inevitable---here-how-it-could-work
06e1f02eb7fc2fbaf9c99f580263644e47a290c13f9c718b095e4173a9864e34,2024-05-04 01:34:12.561633+00:00,en,theuknews.com,theuknews.com,2022-08-11,A meat tax is probably inevitable,http://www.theuknews.com/news/272649933/a-meat-tax-is-probably-inevitable---here-how-it-could-work
f30e3bd288f87e4b7faad423774183da0407ba156af1548940e1f6792243c8cf,2024-05-04 01:30:33.388900+00:00,en,unitedkingdomnews.net,unitedkingdomnews.net,2022-08-11,A meat tax is probably inevitable,http://www.unitedkingdomnews.net/news/272649933/a-meat-tax-is-probably-inevitable---here-how-it-could-work
e2dd1842346b01e5f4b5d8ffaa05ae5ccd8798eee1fb158473978add97a36e1f,2024-05-04 01:10:32.904978+00:00,en,ibtimes.co.uk,ibtimes.co.uk,2022-08-11,A meat tax is probably inevitable – here's how it could work,https://www.ibtimes.co.uk/meat-tax-probably-inevitable-heres-how-it-could-work-1703428
fe28e207f0c513d992ec67cd3a9585001775644d462bc7403f74aed05561c4fd,2024-05-04 00:55:17.580092+00:00,en,walesonline.co.uk,walesonline.co.uk,2022-08-11,Experts warn to prepare yourselves for a steep meat tax,https://www.walesonline.co.uk/news/cost-of-living/experts-says-prepare-yourselves-steep-24729390
6d405c409a3901bae7fb7c2111f3ff70b83d0abb5b5c9f6f678f8ec7995131c1,2024-05-03 22:22:29.581139+00:00,en,theguardian.com,theguardian.com,2024-05-03,"UK tenants should have ‘right to garden’, leading horticulturist says",https://www.theguardian.com/lifeandstyle/article/2024/may/03/uk-tenants-should-have-right-to-garden-leading-horticulturalist-jason-williams-says
1cc937c23109e7cd376405cfacc54cf90c0e496e5beeac91dc1e4bb782f2182f,2024-05-03 21:42:31.935607+00:00,en,manchestereveningnews.co.uk,manchestereveningnews.co.uk,2022-08-14,Manchester city centre's going to change,https://www.manchestereveningnews.co.uk/news/greater-manchester-news/what-orange-metrolink-line-reveals-24742826
95dd89c3724a79fbec26b1251d334e919b62a9cddd5d57e6b81f9539adc424dd,2024-05-03 19:09:43.180990+00:00,en,economist.com,economist.com,2022-08-11,Letters to the editor,https://www.economist.com/letters/2022/08/11/letters-to-the-editor
06734913c149467063fecb17effb29eeb716cc0fd692c46e3d68e8d6e8d2edbf,2024-05-03 11:19:22.048862+00:00,en,standard.co.uk,standard.co.uk,2022-08-22,Charles says climate change ‘cannot be solved’ without China,https://www.standard.co.uk/news/environment/charles-china-xi-jinping-prince-of-wales-industry-b1020079.html
28c3fc27922707ac509aa78e3bae011620dff471bfd50b85cca6cda5919726d6,2024-05-03 11:18:30.170443+00:00,en,guernseypress.com,guernseypress.com,2022-08-22,Charles says climate change ‘cannot be solved’ without China,https://www.guernseypress.com/news/uk-news/2022/08/22/charles-says-climate-change-cannot-be-solved-without-china/
9cd6bfce8752e486de15115fde8e07914cfe2c83431246733c4ee2ac4cbede3a,2024-05-03 11:17:59.653935+00:00,en,independent.co.uk,independent.co.uk,2022-08-22,Charles says climate change ‘cannot be solved’ without China,https://www.independent.co.uk/news/uk/charles-china-xi-jinping-prince-of-wales-hong-kong-b2149970.html
d45f24dba8ee07cbf598c3eb528926aea9942cadf976e128376571a6e6698ac9,2024-05-03 10:34:46.339025+00:00,en,independent.co.uk,independent.co.uk,2022-08-23,Helen Mirren among A-listers demanding ‘high seas treaty’ to stop ocean exploitation,https://www.independent.co.uk/climate-change/news/helen-mirren-jane-fonda-ocean-greenpeace-b2150156.html
3730744e8231eb20dc941e3ca32fcc1cd8ad8abe67bff6b469a81263ef7e84fe,2024-05-03 10:21:06.555345+00:00,en,scotsman.com,scotsman.com,2022-08-23,Inaction adds to Johnson’s shameful record,https://www.edinburghnews.scotsman.com/news/opinion/columnists/inaction-adds-to-johnsons-shameful-record-lorna-slater-3814860
7752d55af4a785cc9b6e3faf1e3c4f55256f2ba9ac5a7b8c60a8a8afc09ecb94,2024-05-03 09:41:18.536520+00:00,en,scotsman.com,scotsman.com,2022-08-23,Food for thought: how we are farming our way to disaster – Philip Lymbery,https://www.scotsman.com/arts-and-culture/books/food-for-thought-how-we-are-farming-our-way-to-disaster-philip-lymbery-3816407
7d89e9f1b51c7955b8d76fc597628085591c142fdd2b4bd94f6cb256ebfb0b35,2024-05-03 09:40:17.018050+00:00,en,independent.co.uk,independent.co.uk,2022-08-23,"Jane Fonda, Alec Baldwin and Shailene Woodley lead calls for UN ‘high seas treaty’",https://www.independent.co.uk/climate-change/news/ocean-treaty-green-peace-celebrities-b2151004.html
a3e12b71791943c634f11c6af272fac3566bcc7ec256e4c3066d5406e73104d3,2024-05-03 08:24:20.079452+00:00,en,walesonline.co.uk,walesonline.co.uk,2022-08-24,Welsh scientists on how worried they are about climate change,https://www.walesonline.co.uk/news/climate-change-wales-weather-environment-24830688
26e925fd3f0ad7219c72ee63fa36ce131b8c0a58072542fd098ff2a8c4a49a0e,2024-05-03 06:44:11.133332+00:00,en,theconversation.com,theconversation.com,2022-08-25,Friday essay: 'I feel my heart breaking today' – a climate scientist's path through grief towards hope,https://theconversation.com/friday-essay-i-feel-my-heart-breaking-today-a-climate-scientists-path-through-grief-towards-hope-188589
2420f82d951ffab589a8ea03a3b82c7320f3027618d726e8721b874623dbdeb8,2024-05-03 02:39:11.586581+00:00,en,scotsman.com,scotsman.com,2022-08-29,How humanity has turned Earth's Garden of Eden into a world in decline in less than a lifetime – Philip Lymbery,https://www.scotsman.com/news/opinion/columnists/how-humanity-has-turned-earths-garden-of-eden-into-a-world-in-decline-in-less-than-a-lifetime-philip-lymbery-3820906
f500bd2b75fa729d17ccb6cbedab06a5f397bf5154becc61dd0b0eda84798f46,2024-05-03 00:04:58.828626+00:00,en,scotsman.com,scotsman.com,2022-08-30,Don’t stand by and watch our wildlife vanish,https://www.scotsman.com/news/opinion/columnists/dont-stand-by-and-watch-our-wildlife-vanish-paul-walton-3823051
af9d7dab86968c13235025c76a5c9f8702fc6aced1061804be29b26646fc52eb,2024-05-02 23:35:18.200931+00:00,en,express.co.uk,express.co.uk,2022-08-30,Elon Musk in end of the world warning: ‘Just a matter of time’,https://www.express.co.uk/news/science/1662259/elon-musk-sparks-end-of-the-world-warning-spacex-extinction-event-dinosaurs
3e32cffc50537e1182dd9a07f52559f17b1d4ce55daf443cd8b31f8549f5596a,2024-05-02 21:23:23.660037+00:00,en,theconversation.com,theconversation.com,2022-09-01,"Scientists release world-first DNA map of an endangered Australian mouse, and it will help to save it",https://theconversation.com/scientists-release-world-first-dna-map-of-an-endangered-australian-mouse-and-it-will-help-to-save-it-189629
967c6a90742480cc9edf8bc1066fb97f79d7fb707da8bdf0a38f2688a8fa7154,2024-05-02 21:18:31.021179+00:00,en,express.co.uk,express.co.uk,2022-09-01,'Monster under the bed' Liz Truss must face,https://www.express.co.uk/news/politics/1662544/brexit-live-lords-liz-truss-northern-Ireland-protocol-article-16-latest-update
e314314a3ec4c48d78fe46bddeba8c001a67ad5419fe2464399fb565f0b2fa87,2024-05-02 13:27:22.013610+00:00,en,theguardian.com,theguardian.com,2022-09-06,Coalmine expansion approved for Hunter region would cause almost 1bn tonnes of emissions,https://www.theguardian.com/environment/2022/sep/06/coalmine-expansion-approved-for-hunter-region-would-cause-almost-1bn-tonnes-of-emissions
48b6c09c606adf7d243a711e5c704ca0a3bd9c94c68409e6a74c89f9b5f3a46d,2024-05-02 11:32:33.522616+00:00,en,theguardian.com,theguardian.com,2022-09-07,"Watch out, Liz Truss: this energy crisis may spark a climate revolution we can all get behind",https://www.theguardian.com/commentisfree/2022/sep/07/liz-truss-energy-crisis-climate-bills
17b22037422148a094e4fd282fcfa199fd5b343e9c8d263965df54fcbafef8eb,2024-05-02 11:13:07.342877+00:00,en,express.co.uk,express.co.uk,2022-09-07,Amazon horror as 26% of planet’s green lung ‘irreversibly destroyed’,https://www.express.co.uk/news/science/1666180/amazon-rainforest-irreversibly-destroyed-brazil-peru-cop26-bolsonaro
2a1f09798b5dd97614bab5c8c6c39598180d3266634dc4fc1c151e8b4fd77866,2024-05-02 08:23:06.793983+00:00,en,theguardian.com,theguardian.com,2022-08-02,TGA extends shelf life of Covid anti-viral stock – as it happened,https://www.theguardian.com/australia-news/live/2022/aug/02/australian-politics-live-debate-anthony-albanese-climate-trigger-bill-interest-rates-peter-dutton-labor-coalition
ab8014c931f4cc2ff13d967b6cb461956a106001027b3ad90a903fe311153a72,2024-05-02 06:06:57.606197+00:00,en,scotsman.com,scotsman.com,2022-09-12,"If we're serious about the climate emergency, being cruel is no longer an option",https://www.scotsman.com/news/opinion/columnists/if-were-serious-about-the-climate-crisis-being-cruel-can-no-longer-be-an-option-philip-lymbery-3839514
e73a3b891abac91aa23abad4727ab5f70c4a14fee5abed7e704cd9d633a0af26,2024-05-02 00:25:49.259698+00:00,en,theguardian.com,theguardian.com,2022-09-14,Turf wars: the artists who want to mow down the menace of lawns,https://www.theguardian.com/artanddesign/2022/sep/14/turf-wars-the-artists-who-want-to-mow-down-the-menace-of-lawns
3a01c55a6a824365652cfa87d94c382acaab190ffc347a8d8b27856bd7772f57,2024-05-01 23:59:49.042946+00:00,en,theguardian.com,theguardian.com,2022-09-14,EU limits subsidies for burning trees under renewable energy directive,https://www.theguardian.com/environment/2022/sep/14/eu-limits-subsidies-for-burning-trees-under-renewable-energy-directive
db815985362e5ca91cf1116f60e5a556f8841fb7ca5c93e7730ad953e35d4114,2024-05-01 23:13:06.943701+00:00,en,theguardian.com,theguardian.com,2022-09-15,‘It struck me like a thunderbolt’: how to survive empty-nest syndrome – and come out smiling,https://www.theguardian.com/lifeandstyle/2022/sep/15/it-struck-me-like-a-thunderbolt-how-to-survive-empty-nest-syndrome-and-come-out-smiling
799c51eb1b7f37c8ac6da62315057a08fe7d007bb6f938b5ecd6f00c47520ec7,2024-05-01 22:45:21.229110+00:00,en,dailymail.co.uk,dailymail.co.uk,2024-05-01,Billionaire Manchester United owner Sir Jim Ratcliffe wins 18-month planning battle after finally getting permission for a 'bee factory' and tennis court at his £6m holiday home in the New Forest,https://www.dailymail.co.uk/news/article-13371125/Billionaire-Manchester-United-owner-Sir-Jim-Ratcliffe-wins-planning-battle-permission-bee-factory-tennis-court-holiday-home-New-Forest.html?ns_mchannel=rss&ns_campaign=1490&ito=1490
a8c36b985045b3bb16bf388bc030d823af8ac5ce9c5c2bed76da1428303cf6f6,2024-05-01 22:25:52.363107+00:00,en,dailymail.co.uk,dailymail.co.uk,2022-09-15,Historic U.S. southeast hardwood forests threatened by rapacious $11B wood pellet industry,https://www.dailymail.co.uk/news/article-11209335/Historic-U-S-southeast-hardwood-forests-threatened-rapacious-11B-wood-pellet-industry.html?ns_mchannel=rss&ns_campaign=1490&ito=1490
df1ef73199efb9c77733c60cb43aa3b406261fd86f5a16bea915b55ac48f3e7e,2024-05-01 21:31:40.922677+00:00,en,theguardian.com,theguardian.com,2022-09-16,Friday briefing: What we do – and don’t – know about why Chris Kaba was shot dead by police,https://www.theguardian.com/world/2022/sep/16/first-edition-chris-kaba-met-police
af7baeabf4dfbfd586073c0b430fd7ad40d7ab73adc9ba888b973adf320f39f4,2024-05-01 21:18:29.256049+00:00,en,thesun.co.uk,thesun.co.uk,2024-05-01,Man Utd's Sir Jim Ratcliffe locked in neighbour row over BEEHIVES at mansion,https://www.thesun.co.uk/sport/27666714/manchester-united-sir-jim-ratcliffe-row-beehives/
243a34752b563e8c2c03e3665b8a2eee343579b3d356749805090dce811fa76b,2024-05-01 18:14:11.207590+00:00,en,economist.com,economist.com,2022-09-15,Letters to the editor,https://www.economist.com/letters/2022/09/15/letters-to-the-editor
38666f1aade96ede8043ee8327484ca9b2643f963619081a17458b3b90bd94d0,2024-05-01 17:51:00.215319+00:00,en,manchestereveningnews.co.uk,manchestereveningnews.co.uk,2022-09-17,Plans for farm shop and hotel at motorway services hasn't pleased everybody,https://www.manchestereveningnews.co.uk/news/uk-news/m56-plans-farm-shop-hotel-25044754
7d9ed9e4343a2a145f15fd0f22c019d69967f6bf841559a6d06d79e36a0a6367,2024-05-01 16:22:41.338352+00:00,en,dailyrecord.co.uk,dailyrecord.co.uk,2024-05-01,"WDC accused of ""scandalous betrayal"" by not opposing Balloch Flamingo Land plans",https://www.dailyrecord.co.uk/news/local-news/west-dunbartonshire-council-accused-scandalous-32714567
8593c0629a0a55c3fb4014a97f5539f769f714a43cdd5a1786cc5fd29e90b362,2024-05-01 13:55:22.201907+00:00,en,scotsman.com,scotsman.com,2022-09-20,Elizabethan era now faces a climate crisis,https://www.edinburghnews.scotsman.com/news/opinion/columnists/elizabethan-era-now-faces-a-climate-crisis-lorna-slater-3847827
79d8fa365eda954d7b6c2c9f71ad0435d410cd572ff7fd392d041b39b30e2662,2024-05-01 12:56:15.837169+00:00,en,britainnews.net,britainnews.net,2022-09-21,Roundup: General Debate of UN General Assembly opens,http://www.britainnews.net/news/272779688/roundup-general-debate-of-un-general-assembly-opens
516d32e42c26e5a69e270bf7ecf14fcb03dd19ce2c69631f87397d098697c89f,2024-05-01 12:49:01.234937+00:00,en,theuknews.com,theuknews.com,2022-09-21,Roundup: General Debate of UN General Assembly opens,http://www.theuknews.com/news/272779688/roundup-general-debate-of-un-general-assembly-opens
1f02df3936da84f47f2e10a9c10beff378a8bdf8fb303df98177a0bdaec40bf4,2024-05-01 12:46:20.378865+00:00,en,unitedkingdomnews.net,unitedkingdomnews.net,2022-09-21,Roundup: General Debate of UN General Assembly opens,http://www.unitedkingdomnews.net/news/272779688/roundup-general-debate-of-un-general-assembly-opens
df8f3b13c062e99b68540423b873ce2e21fdaf6605abef83d6c21841fec098e5,2024-05-01 10:32:10.889914+00:00,en,scotsman.com,scotsman.com,2022-09-22,"Tha mòran fhathast ri dhèanamh air Bile an Àiteachais, le Murray MacLeòid",https://www.scotsman.com/news/opinion/columnists/tha-moran-fhathast-ri-dheanamh-air-bile-an-aiteachais-le-murray-macleoid-3852449
9cc2e9aa52dc0fa008dce4f73ac1d977f16f9153c2cdee421a261c93f2ca2f23,2024-05-01 10:17:03.391460+00:00,en,theguardian.com,theguardian.com,2022-09-22,ACT urges Tanya Plibersek to quash defence housing plan that would destroy critically endangered grasslands,https://www.theguardian.com/australia-news/2022/sep/23/act-urges-tanya-plibersek-to-quash-defence-housing-plan-that-would-destroy-critically-endangered-grasslands
197c39fb1521c83648d42a8011bd21528a8a40e3ae1c1d5f1b801d0cc31c54ea,2024-05-01 05:42:39.659284+00:00,en,britainnews.net,britainnews.net,2022-09-27,UN General Assembly concludes general debate,http://www.britainnews.net/news/272800882/un-general-assembly-concludes-general-debate
c3f3dc86bcb567d7227e6ce81447e61889c07f9d1e5d3e57b3cbf5a02f3bb522,2024-05-01 05:41:53.295195+00:00,en,theuknews.com,theuknews.com,2022-09-27,UN General Assembly concludes general debate,http://www.theuknews.com/news/272800882/un-general-assembly-concludes-general-debate
f2b9fe73cfcb4af08a884cb656558c4c16f424e084a221ad2ed9f05cb7d41d16,2024-05-01 05:37:50.739010+00:00,en,unitedkingdomnews.net,unitedkingdomnews.net,2022-09-27,UN General Assembly concludes general debate,http://www.unitedkingdomnews.net/news/272800882/un-general-assembly-concludes-general-debate
3a40b3ce6c37461e648e16581b0394ee98dd73d77a94720edc5fec347afe364d,2024-04-30 21:05:16.907110+00:00,en,theguardian.com,theguardian.com,2022-09-30,"Fate of Amazon rests on Brazil election, say experts",https://www.theguardian.com/environment/2022/sep/30/fate-of-the-amazon-brazil-election-bolsonanro-lula-da-silva
5f01ad212efd945dca0ae685789e3a20e5602317d901ab9262aae65359add90b,2024-04-30 19:53:03.878032+00:00,en,thesun.co.uk,thesun.co.uk,2022-09-30,"The French Alps holiday with reindeer tartare and scary 1,800 zip lines",https://www.thesun.co.uk/travel/19962752/skiing-holiday-french-alps-resort/
d5ceeb7aca7cf70283beeb5e2ca3e0c30990557015449155286119365f843d93,2024-04-30 16:28:56.938892+00:00,en,independent.co.uk,independent.co.uk,2022-10-02,"In Brazil’s election, the future of the Amazon is at stake",https://www.independent.co.uk/climate-change/news/brazil-election-amazon-jair-bolsonaro-b2184783.html
820d3c0f066d7d1bdf10fa482aba7262834fae111902e476c12f3991f24ff714,2024-04-30 11:50:06.596762+00:00,en,theguardian.com,theguardian.com,2022-10-05,Truss’s policy on environment seems to be: don’t think about it,https://www.theguardian.com/politics/2022/oct/05/conservative-conference-liz-truss-policy-environment-green-fracking
853e9c6a7d094351693642e9288e8b289835fa0214b755e8b9d24b77cace959f,2024-04-30 10:29:13.191450+00:00,en,newstatesman.com,newstatesman.com,2022-10-06,On the eradication of species,https://www.newstatesman.com/ideas/2022/10/richard-seymour-eradication-of-species
06584797eac05f7cd891bb6aa62b4f8884fc34ffa296d12fce8691abe25d66b5,2024-04-30 10:17:14.145022+00:00,en,theconversation.com,theconversation.com,2022-10-06,'Astonishing': unprotected wildlife is imported into the US at a rate 11 times greater than protected animals,https://theconversation.com/astonishing-unprotected-wildlife-is-imported-into-the-us-at-a-rate-11-times-greater-than-protected-animals-188971
d06f70ed3d59cdcea97ef4e78015335ebbc10b6f6e058eff003fa3986c2efdba,2024-04-30 08:30:03.073350+00:00,en,mirror.co.uk,mirror.co.uk,2022-10-08,Eight cheap ways to reuse the dead leaves in your garden this autumn,https://www.mirror.co.uk/lifestyle/gardening/gardening-jobs-autumn-8-cheap-28165025
b1d03f78461f1134b41fb57921d4b9266e34133121b23470e82b77a5debd7b58,2024-04-30 06:03:22.458579+00:00,en,heraldscotland.com,heraldscotland.com,2022-10-10,'Few of these monstrous fish exist now' Will we ever again catch a salmon like this?,https://www.heraldscotland.com/news/23035059.will-ever-now-catch-salmon-like-georginas-64lber/?ref=rss
e93304278edba1da08046743d428bd1bc2fef13a40d888aed3b8ff41adead2d3,2024-04-30 05:10:53.710156+00:00,en,economist.com,economist.com,2022-10-10,China is exerting greater power across Asia—and beyond,https://www.economist.com/special-report/2022/10/10/china-is-exerting-greater-power-across-asia-and-beyond
071c059c8150b6be17e1eefb48879f3fab68d5bf34bd03441c1911c53960569a,2024-04-30 00:31:32.469271+00:00,en,theguardian.com,theguardian.com,2022-10-12,"Almost 70% of animal populations wiped out since 1970, report reveals",https://www.theguardian.com/environment/2022/oct/13/almost-70-of-animal-populations-wiped-out-since-1970-report-reveals-aoe
58a3fc7b2550ff249b59b0055b3e5e63a951fd45c9e2cb1372c252aff59a409f,2024-04-29 23:48:34.931391+00:00,en,theguardian.com,theguardian.com,2022-10-13,First Thing: Alex Jones ordered to pay Sandy Hook families $965m,https://www.theguardian.com/us-news/2022/oct/13/first-thing-alex-jones-ordered-to-pay-sandy-hook-families-965m
112c92219116642fea89d419fe8ccba3d6beff0f6276357bf2a84e648c3e7fcf,2024-04-29 22:58:59.996502+00:00,en,theconversation.com,theconversation.com,2022-10-13,Australia has hundreds of mammal species. We want to find them all – before they're gone,https://theconversation.com/australia-has-hundreds-of-mammal-species-we-want-to-find-them-all-before-theyre-gone-185495
f1267903a5d811d5619f0bb1fe0aa634b2dbafed3581c5bc886b249dbea96ba1,2024-04-29 20:48:17.565589+00:00,en,theguardian.com,theguardian.com,2022-10-13,Trust farmers to make the right choices on solar projects,https://www.theguardian.com/environment/2022/oct/13/trust-farmers-to-make-the-right-choices-on-solar-projects
45947e68bdbf22db71dd727a154b09a27e10ec537e504813dda453b2f3578ef9,2024-04-29 18:14:02.993392+00:00,en,chroniclelive.co.uk,chroniclelive.co.uk,2022-10-17,North East wildlife groups marks anniversary with new nature reserve,https://www.chroniclelive.co.uk/news/north-east-news/north-east-wildlife-groups-marks-25280904
1dd454f5b0614e725db4d20cd8f2b558bbe1103058c54f6a0921457ea4bb7b08,2024-04-29 16:24:51.945964+00:00,en,jerseyeveningpost.com,jerseyeveningpost.com,2022-10-18,'Kew is leading the fight against biodiversity loss. It makes visiting much more than a walk in the park',https://jerseyeveningpost.com/voices/2022/10/18/kew-is-leading-the-fight-against-biodiversity-loss-it-makes-visiting-much-more-than-a-walk-in-the-park/
5e5c685fa6b9752ba56bb2e3c31aefbab73d66557fc9f9a5ffc2ff7334e147b0,2024-04-29 15:35:34.179766+00:00,en,independent.co.uk,independent.co.uk,2022-10-18,‘Alarming lack of progress’ by UK government on protecting wildlife and nature,https://www.independent.co.uk/climate-change/news/wildlife-uk-rewilding-britain-nature-b2205180.html
5cb342cd7f3e2c6a663cc6bbedc17a2ed40cbffac0531f2a44136a1cca9d5b80,2024-04-29 15:20:34.894254+00:00,en,theguardian.com,theguardian.com,2022-10-19,Microphones dropped into ocean off Greenland to record melting icebergs,https://www.theguardian.com/environment/2022/oct/19/microphones-dropped-into-ocean-off-greenland-to-record-melting-icebergs
5c53e60ee70c880434a109e2c11da92a9f6c9953c64362a6cc0c76b3e8e6eed6,2024-04-29 14:15:57.633567+00:00,en,theconversation.com,theconversation.com,2022-10-19,"Despite the myth, deer are not an ecological substitute for moa and should be part of NZ’s predator-free plan",https://theconversation.com/despite-the-myth-deer-are-not-an-ecological-substitute-for-moa-and-should-be-part-of-nzs-predator-free-plan-187840
1500732edf9bae9fbec86e2079e5a628c37a4ce8b7fbd3f3bcdd65b4069776c4,2024-04-29 13:52:30.762899+00:00,en,express.co.uk,express.co.uk,2022-10-20,Five ‘common’ garden plants which could ‘devalue’ your home by 15%,https://www.express.co.uk/life-style/garden/1685200/garden-warning-decrease-property-value-plants-japanese-knotweed-ivy
447a1f11b7929fa14af2677aabe0057cb41f2465aa2621209db1fa39ecad97b3,2024-04-29 11:54:26.798605+00:00,en,theguardian.com,theguardian.com,2022-10-21,Large greenfield sites part of 35 low-tax investment zone bids in England,https://www.theguardian.com/politics/2022/oct/21/large-greenfield-sites-part-35-low-tax-investment-zone-bids-england
e6668a2ff39f487571f6708853677c57b6b4bd7798735e3d75ce6ca184df5b35,2024-04-29 08:46:16.401115+00:00,en,theguardian.com,theguardian.com,2022-10-24,"Global deforestation pledge will be missed without urgent action, say researchers",https://www.theguardian.com/environment/2022/oct/24/global-deforestation-pledge-destruction-forests
40fa3511f2dd0bd4270df323948ef07eb7ef048b7be5a75a8613be5478415cbd,2024-04-29 07:58:25.982984+00:00,en,scotsman.com,scotsman.com,2022-10-25,Rishi Sunak doesn’t need to call a general election,https://www.scotsman.com/news/opinion/letters/readers-letters-rishi-sunak-doesnt-need-to-call-a-general-election-3891974
1b1f6b72822e2db26a58aa81a0b4694758ec56678f0017073ee4b6d1990d0885,2024-04-29 06:11:36.034833+00:00,en,newstatesman.com,newstatesman.com,2022-10-26,"Rishi Sunak should remember prime ministers are replaceable, species are not",https://www.newstatesman.com/environment/2022/10/rishi-sunak-environment-policies-protect-nature
06f62d1cacf405643e8cc1e060aae1116232b20eba18134a5e84a79b3a03ba6b,2024-04-29 04:32:37.555291+00:00,en,theguardian.com,theguardian.com,2022-10-27,Lost and found: stroke of luck that helped rediscover tiny ‘superhero’ fish,https://www.theguardian.com/environment/2022/oct/27/batman-river-loach-turkey-rediscovered-aoe
689d61e4e7edaf149d8725fd34e65c4daa5327ee210798f88adf6a9fee1e651c,2024-04-28 23:08:07.424060+00:00,en,independent.co.uk,independent.co.uk,2022-10-31,Charitable giving to fight climate change rises 25% to $7.5B,https://www.independent.co.uk/news/ap-bezos-earth-fund-united-states-europe-email-b2214598.html
1c1969af16586a2d6f61592ce595f1e9c309ff3a7465f336d4e5a96f9b9a41c1,2024-04-28 22:05:53.299601+00:00,en,theguardian.com,theguardian.com,2022-10-31,Leaders’ apathy towards climate crisis is proving deadly,https://www.theguardian.com/environment/2022/oct/31/leaders-apathy-towards-climate-crisis-is-proving-deadly
6807de8db636c490bcffd60eabd60da4fdd75c39f8c0b03958af2595a520f38d,2024-04-28 21:16:18.380252+00:00,en,theguardian.com,theguardian.com,2022-11-02,Germany calls for ‘precautionary pause’ before deep-sea mining industry starts,https://www.theguardian.com/environment/2022/nov/02/germany-calls-for-precautionary-pause-before-deep-sea-mining-industry-starts
06cee8c0f1985c1e7b7578313f1e433d1930b46fad77b8a82d638844b812c85a,2024-04-28 21:13:58.035000+00:00,en,dailymail.co.uk,dailymail.co.uk,2022-11-01,Prince of Wales beams at awards after The Crown confirms it WILL show Martin Bashir interview,https://www.dailymail.co.uk/femail/article-11378341/Prince-Wales-looks-stoic-Crown-confirms-Martin-Bashir-interview.html?ns_mchannel=rss&ns_campaign=1490&ito=1490
c8305ce81904380d83c2adac19eb4296d8fbcf5799739ce14bb43535fb7c7574,2024-04-28 21:02:15.211074+00:00,en,theguardian.com,theguardian.com,2022-11-02,"If we keep abusing nature it will collapse, taking us with it. We need a new mindset",https://www.theguardian.com/commentisfree/2022/nov/02/nature-climate-crisis-new-mindset
119d95a459516a520933a5b8294f1eeb8167296a9e67b1a68ea5ecd178ae9d31,2024-04-28 19:30:39.534078+00:00,en,theconversation.com,theconversation.com,2022-11-03,COP27 explained by experts: what is it and why should I care?,https://theconversation.com/cop27-explained-by-experts-what-is-it-and-why-should-i-care-193727
7330e3ffc1e296d098d9e17e2ac4de1638cb4a8ee051d1fefd23d0c530a4b02f,2024-04-28 18:44:00.450945+00:00,en,dailymail.co.uk,dailymail.co.uk,2022-11-04,"Anthony Albanese's government to 're-assess' 18 new coal, gas projects despite soaring power costs",https://www.dailymail.co.uk/news/article-11388803/Anthony-Albaneses-government-assess-18-new-coal-gas-projects-despite-soaring-power-costs.html?ns_mchannel=rss&ns_campaign=1490&ito=1490
9c4462241e58a1d2fdb897b118475cfc843de0e10bc4ea49eb2522f3ba5bd7c3,2024-04-28 18:22:35.883783+00:00,en,dailystar.co.uk,dailystar.co.uk,2022-11-04,Brits plan to make the most of UK beauty spots before global warming takes hold,https://www.dailystar.co.uk/travel/top-beauty-spots-climate-change-28407502
d7382ad178382917896be6643171c712e42e567c6bf1e34491b168c4d7eae277,2024-04-28 18:17:46.029785+00:00,en,walesonline.co.uk,walesonline.co.uk,2022-11-04,Brits plan to make the most of UK beauty spots before global warming takes hold,https://www.walesonline.co.uk/news/uk-news/top-beauty-spots-climate-change-25433475
9b94258420ee570125d1b22ecc66e8307c72bfcd614af6465aeaba01f8d4d930,2024-04-28 18:17:37.677918+00:00,en,scotsman.com,scotsman.com,2022-11-04,Holidaymakers plan to visit the UK beauty hotspots – before global warming affects some of the most iconic locations,https://www.edinburghnews.scotsman.com/read-this/holidaymakers-plan-to-visit-the-uk-beauty-hotspots-before-global-warming-affects-some-of-the-most-iconic-locations-3905885
c2c0e380c70ccf96c0c4445d704dc61456a00c71c99495a43b8ac4148ea49175,2024-04-28 18:17:16.277011+00:00,en,scotsman.com,scotsman.com,2022-11-04,Holidaymakers plan to visit the UK beauty hotspots – before global warming affects some of the most iconic locations,https://www.scotsman.com/read-this/holidaymakers-plan-to-visit-the-uk-beauty-hotspots-before-global-warming-affects-some-of-the-most-iconic-locations-3905885
34da9ad54595855c48e7993baed62e2f33fa768a57a517f7ae7a68fe49dd790b,2024-04-28 18:07:27.203467+00:00,en,newsletter.co.uk,newsletter.co.uk,2022-11-04,Holidaymakers plan to visit the UK beauty hotspots – before global warming affects some of the most iconic locations,https://www.newsletter.co.uk/read-this/holidaymakers-plan-to-visit-the-uk-beauty-hotspots-before-global-warming-affects-some-of-the-most-iconic-locations-3905885
14f90adda0368f3a402eadb2705b13f832ce85afdba0876f5748948e98299e0a,2024-04-28 18:02:27.676226+00:00,en,independent.co.uk,independent.co.uk,2022-11-04,Images show how climate change could devastate UK beauty spots,https://www.independent.co.uk/climate-change/news/climate-change-uk-holiday-destinations-b2217861.html
3a10d0bd0234d3bd92ae476dcb4b4f7cda03442c881653f826d6599d6650832a,2024-04-28 17:56:45.460786+00:00,en,express.co.uk,express.co.uk,2022-11-04,Brits plan to make the most of UK beauty spots,https://www.express.co.uk/travel/articles/1691632/uk-travel-beauty-spots-global-warming-climate-change
701e58098eadc8dbe0fc769b78a6419de6f0d63a01f56a0a8a4a8d3af4cdc1e0,2024-04-28 17:28:58.868690+00:00,en,theguardian.com,theguardian.com,2022-11-04,How UN secretary general became an outspoken voice for climate action,https://www.theguardian.com/environment/2022/nov/04/un-secretary-general-antonio-guterres-cop27-climate-action
2690e0e92f499c808e5844457c6c31751300ab6a38c98e79ae8dfbba948561fb,2024-04-28 17:25:21.874887+00:00,en,theguardian.com,theguardian.com,2022-11-04,Cop27 is here and the climate crisis is daunting but here’s the key to tackling it – cheer up,https://www.theguardian.com/commentisfree/2022/nov/04/climate-change-activism-ipcc-protest
e9aad77824b8eb0691356ad38945265bc5f6f436c4fcbd55d5dd859567225d78,2024-04-28 17:16:40.421330+00:00,en,mirror.co.uk,mirror.co.uk,2022-11-05,Brits plan to make the most of UK beauty spots before global warming takes hold,https://www.mirror.co.uk/travel/uk-ireland/top-beauty-spots-climate-change-28407312
351707ba82d5ba32f5b243db2311d45e656e9a47b17dcb17fd1a3c48f046eeee,2024-04-28 17:13:41.791318+00:00,en,standard.co.uk,standard.co.uk,2022-11-05,Bird conservationist prepares to march through London wearing only paint,https://www.standard.co.uk/news/environment/london-hyde-park-downing-street-rspb-parliament-b1037784.html
fc08b2d126b864580d85867041b537d6df86955fab9dd8695c69584269a08cb6,2024-04-28 17:13:37.403090+00:00,en,guernseypress.com,guernseypress.com,2022-11-05,Bird conservationist prepares to march through London wearing only paint,https://www.guernseypress.com/news/uk-news/2022/11/05/bird-conservationist-prepares-to-march-through-london-wearing-only-paint/
442c794b66b354f52f38ea1fe5448e318d12fe49cd2cfa8c6688221ffe953366,2024-04-28 17:13:26.149106+00:00,en,independent.co.uk,independent.co.uk,2022-11-05,Bird conservationist prepares to march through London wearing only paint,https://www.independent.co.uk/climate-change/news/london-hyde-park-downing-street-rspb-parliament-b2218340.html
d14dda011aca9bd6b6badaaf6faac32bd9c1cb4938daa69d962ff7e09d714fa7,2024-04-28 17:13:15.541973+00:00,en,jerseyeveningpost.com,jerseyeveningpost.com,2022-11-05,Bird conservationist prepares to march through London wearing only paint,https://jerseyeveningpost.com/morenews/uknews/2022/11/05/bird-conservationist-prepares-to-march-through-london-wearing-only-paint/
09563315956b413d86d5fa45523728f1eda14c59233563c3a630c1e8c734a822,2024-04-28 16:59:36.160180+00:00,en,guernseypress.com,guernseypress.com,2022-11-05,Activist marches through London in almost nothing but paint in bid to save birds,https://www.guernseypress.com/news/uk-news/2022/11/05/activist-marches-through-london-in-almost-nothing-but-paint-in-bid-to-save-birds/
4f999c6b0da48250d35488b377703694f4be99238625f7cdc4dcc8c76225850c,2024-04-28 16:59:18.841606+00:00,en,independent.co.uk,independent.co.uk,2022-11-05,Activist marches through London in almost nothing but paint in bid to save birds,https://www.independent.co.uk/climate-change/news/london-downing-street-prime-minister-hyde-park-corner-hyde-park-b2218491.html
5e94eec4194a876bbd4465564409d76b1c7b96a0c1cf2bb47aa8a35fc7b39793,2024-04-28 16:59:08.169074+00:00,en,jerseyeveningpost.com,jerseyeveningpost.com,2022-11-05,Activist marches through London in almost nothing but paint in bid to save birds,https://jerseyeveningpost.com/morenews/uknews/2022/11/05/activist-marches-through-london-in-almost-nothing-but-paint-in-bid-to-save-birds/
0c5fe998450b3a6345b46cd18d66a2dfb7828194e8d7353c8a0608fa8927b3ca,2024-04-28 16:58:50.588146+00:00,en,standard.co.uk,standard.co.uk,2022-11-05,Activist marches through London in almost nothing but paint in bid to save birds,https://www.standard.co.uk/news/environment/london-downing-street-prime-minister-hyde-park-corner-hyde-park-b1037808.html
a11f3c0f57917249982eb5518793c5cbed98284efbc995101bc0425a4b1487f3,2024-04-28 16:56:59.159097+00:00,en,theguardian.com,theguardian.com,2022-11-05,Climate ‘loss and damage’: why it’s such a big deal at Cop27,https://www.theguardian.com/environment/2022/nov/05/climate-loss-and-damage-why-its-such-a-big-deal-at-cop27
824af81803b8f84df4374b965fcfba4d0650b13e3a30f232abcbd22c5c8f260d,2024-04-28 15:13:14.910439+00:00,en,theconversation.com,theconversation.com,2022-11-07,Armed conflict and climate change: how these two threats play out in Africa,https://theconversation.com/armed-conflict-and-climate-change-how-these-two-threats-play-out-in-africa-193865
e1f3ac1fc8c1a769280aa03715a32718968f9567c470714233baebcf2c1fa868,2024-04-28 11:43:54.184160+00:00,en,prnewswire.co.uk,prnewswire.co.uk,2022-11-09,CTrees reveals hidden truths of global forest carbon,https://www.prnewswire.co.uk:443/news-releases/ctrees-reveals-hidden-truths-of-global-forest-carbon-301673011.html
e2cfe2d34dbbeb917c3f3ac08b5e02c096e684a40540ecd5a3f5692939fccf6d,2024-04-28 11:20:44.851536+00:00,en,guernseypress.com,guernseypress.com,2024-04-28,Calls to clear up ‘environmental disaster’ beauty spot in Kent,https://guernseypress.com/news/uk-news/2024/04/28/calls-to-clear-up-environmental-disaster-beauty-spot-in-kent/
403779566a255befce9c6c54e64c4cb1c14ae3b792e3d9deae92efa46e4ccafd,2024-04-28 10:22:52.251687+00:00,en,jerseyeveningpost.com,jerseyeveningpost.com,2024-04-28,Calls to clear up ‘environmental disaster’ beauty spot in Kent,https://jerseyeveningpost.com/morenews/uknews/2024/04/28/calls-to-clear-up-environmental-disaster-beauty-spot-in-kent/
baa5c048388c30e232a79c7929edcd8605a95b924ea821809780a9bc86731312,2024-04-28 08:28:17.377483+00:00,en,standard.co.uk,standard.co.uk,2024-04-28,Calls to clear up ‘environmental disaster’ beauty spot in Kent,https://www.standard.co.uk/news/environment/environment-agency-wood-campaigners-kent-ashford-b1154278.html
4055c9d0550a49ea8a3f602524360669cacd7d90de68f873c25e97ba468cd7d0,2024-04-28 07:47:07.705459+00:00,en,express.co.uk,express.co.uk,2022-11-12,'Diseases get into your lawn' When to 'stop cutting' grass in winter,https://www.express.co.uk/life-style/garden/1694606/lawn-mowing-tips-winter-November-grass-care-exclusive
b1de163d3372be60f3173000f43400363ee2579769655b09eb2987d52775c77b,2024-04-28 07:20:57.095342+00:00,en,theguardian.com,theguardian.com,2022-11-13,Nuclear power is not the only option,https://www.theguardian.com/theobserver/commentisfree/2022/nov/13/nuclear-power-is-not-the-only-option-letters
59f9501f100eb53ebfa14313920f21469c0dcc3ef512974e895b8752a13dab3a,2024-04-28 06:11:58.397221+00:00,en,theguardian.com,theguardian.com,2022-11-14,"Cop27: Brazil, Indonesia and DRC sign rainforests pact",https://www.theguardian.com/environment/live/2022/nov/14/cop27-egypt-lula-brazil-rainforests-climate-conference-live
611adccf4e6169bbe65d204656e5a22fece027755c964c1b17b38e69b9996423,2024-04-28 04:46:24.888902+00:00,en,standard.co.uk,standard.co.uk,2022-11-15,Sir David Attenborough research ship prepares for second voyage to Antarctica,https://www.standard.co.uk/news/environment/david-attenborough-harwich-antarctica-british-antarctic-survey-essex-b1040094.html
84dc07a201bec86f2d87023413f8d8001214d00a6feca83109e961a97890a01e,2024-04-28 04:45:41.522184+00:00,en,jerseyeveningpost.com,jerseyeveningpost.com,2022-11-15,Sir David Attenborough research ship prepares for second voyage to Antarctica,https://jerseyeveningpost.com/morenews/uknews/2022/11/15/sir-david-attenborough-research-ship-prepares-for-second-voyage-to-antarctica/
234ed589102f72c4e3e1961ba51c9d933a2847b8dc8c6a124155856d987a3cae,2024-04-28 04:45:27.176078+00:00,en,guernseypress.com,guernseypress.com,2022-11-15,Sir David Attenborough research ship prepares for second voyage to Antarctica,https://www.guernseypress.com/news/uk-news/2022/11/15/sir-david-attenborough-research-ship-prepares-for-second-voyage-to-antarctica/
62eeae222d6493978c06ce3c5b2ba82317b1052dced01de5cf9d6e0d170be84c,2024-04-28 04:20:43.746337+00:00,en,independent.co.uk,independent.co.uk,2022-11-15,UK polar research ship to make 2nd voyage to Antarctica,https://www.independent.co.uk/news/british-antarctic-survey-ap-david-attenborough-earth-antarctic-b2225873.html
fa1bb54383dff420d72f2b3adf7c27a0b258adb8345c163a8d6ffe4e99c9b7bd,2024-04-28 04:00:52.145738+00:00,en,economist.com,economist.com,2022-11-15,The good delusion: has effective altruism broken bad?,https://www.economist.com/1843/2022/11/15/the-good-delusion-has-effective-altruism-broken-bad
403eb5f3bbd0a3a2cabcba87939b06a0cd3cb6bc3d3658260cfd2aa10ee3f4e6,2024-04-28 03:32:28.158658+00:00,en,independent.co.uk,independent.co.uk,2022-11-16,Amazon now ‘alarmingly close’ to critical tipping point of no return,https://www.independent.co.uk/climate-change/news/amazon-deforestation-cop27-wwf-b2226299.html
4db3cf7de3b4f164a210d74fb5ce922e4861d17ebf87011330be6084ca0e3695,2024-04-28 03:02:40.780506+00:00,en,theguardian.com,theguardian.com,2022-11-16,Lula vows to undo Brazil’s environmental degradation and halt deforestation,https://www.theguardian.com/environment/2022/nov/16/lula-vows-to-undo-brazils-environmental-degradation-and-halt-deforestation
1a5fac0ee7357c9b20033c4f086520cbf6c2b320d2a13bcf04e955ca4f4e1000,2024-04-28 01:57:40.839695+00:00,en,theguardian.com,theguardian.com,2022-11-17,First draft of Cop27 text: what it says and what it means,https://www.theguardian.com/environment/ng-interactive/2022/nov/17/first-draft-of-cop27-text-what-it-says-and-what-it-means
9f149f478af0b22ff2fdd8a94afd5cc482d36894657527831262224b7c5e548e,2024-04-28 01:33:38.377931+00:00,en,liverpoolecho.co.uk,liverpoolecho.co.uk,2022-11-17,Christmas in doubt as city looks to plug £73m blackhole,https://www.liverpoolecho.co.uk/news/liverpool-news/liverpool-council-could-cancel-christmas-25538159
4905c51f0cc0fc93a0f1b424abdd4f85b24b9c5b31f595d87aece9842f7c83df,2024-04-27 21:58:38.897515+00:00,en,independent.co.uk,independent.co.uk,2022-11-20,Polar research ship sets sail to study impacts of climate change on Antarctica,https://www.independent.co.uk/climate-change/news/david-attenborough-antarctica-british-antarctic-survey-hampshire-essex-b2229173.html
b87ef599be41200b84f7835f34c1875b8b712a217effdc2bac4041cb8355c075,2024-04-27 21:58:27.592918+00:00,en,jerseyeveningpost.com,jerseyeveningpost.com,2022-11-20,Polar research ship sets sail to study impacts of climate change on Antarctica,https://jerseyeveningpost.com/morenews/uknews/2022/11/20/polar-research-ship-sets-sail-to-study-impacts-of-climate-change-on-antarctica/
db468d0349e6ddd6512980266dcf9912616a03e641f4755e0f406e523909477b,2024-04-27 21:58:10.967169+00:00,en,standard.co.uk,standard.co.uk,2022-11-20,Polar research ship sets sail to study impacts of climate change on Antarctica,https://www.standard.co.uk/news/environment/david-attenborough-antarctica-british-antarctic-survey-harwich-portsmouth-b1041293.html
e7d578da9a47a2e8204a07c380440ffc994fe89915bc21bc20c2495b023f4143,2024-04-27 21:57:37.250151+00:00,en,guernseypress.com,guernseypress.com,2022-11-20,Polar research ship sets sail to study impacts of climate change on Antarctica,https://www.guernseypress.com/news/uk-news/2022/11/20/polar-research-ship-sets-sail-to-study-impacts-of-climate-change-on-antarctica/
cddf342ac76b5361a3f098b82e30491fd174d9b5267cc401d48537d83746f54e,2024-04-27 21:16:42.030232+00:00,en,theguardian.com,theguardian.com,2022-11-21,WaterNSW claims Warragamba dam wall project stacks up despite not knowing cost of offsets,https://www.theguardian.com/australia-news/2022/nov/21/waternsw-claims-warragamba-dam-wall-project-stacks-up-despite-not-knowing-cost-ofoffsets
1fd8bb63f3c939d3d77229ccdaa296c2d17fde99140af47d1b7defafd7f2f938,2024-04-27 19:37:21.396791+00:00,en,independent.co.uk,independent.co.uk,2022-11-22,Coldplay and Jason Momoa among artists calling on EU leaders to tackle deforestation,https://www.independent.co.uk/climate-change/news/coldplay-sting-jason-momoa-deforestation-eu-b2230506.html
7ba0088b838ad7c9ded9891ed3d0aa2d39c31468d8dd0c3b2f6f59ee94d1581f,2024-04-27 18:53:01.751590+00:00,en,theguardian.com,theguardian.com,2022-11-22,Make ecocide an international crime and other legal ideas to help save the planet,https://www.theguardian.com/commentisfree/2022/nov/22/five-legal-ideas-fight-climate-crisis-save-planet
c2a2fab410bdc195e46ae354d0b56e600151d1a5bc975723aa810532e184de0d,2024-04-27 15:26:29.819705+00:00,en,theguardian.com,theguardian.com,2022-11-25,Humans v nature: our long and destructive journey to the age of extinction,https://www.theguardian.com/environment/2022/nov/25/cop15-humans-v-nature-our-long-and-destructive-journey-to-the-age-of-extinction-aoe
d7668e381760f50afc9f3a070c3d43e3e4030989a71757fecf403ccebc2dea3b,2024-04-27 14:22:27.792982+00:00,en,express.co.uk,express.co.uk,2024-04-27,Heineken destroys orchard ripping up 300 acres and sparks fears for wildlife,https://www.express.co.uk/news/uk/1893073/heineken-destroys-orchard-wildlife
907914a23f51097d4952fbe24d3cf3816e2362218a01e45b3b2d01955fd655ff,2024-04-27 13:52:27.112482+00:00,en,express.co.uk,express.co.uk,2022-11-26,It's vital to allow garden weeds to grow this winter,https://www.express.co.uk/life-style/garden/1701091/Garden-weeds-gardening-winter-ifl
9577be625dd47aa18b4fd2d10a05974a5b19d6e006ad723ac0c24a424ba6ed60,2024-04-27 11:05:42.346390+00:00,en,prnewswire.co.uk,prnewswire.co.uk,2022-11-29,"RSPO Certification grows from three countries in 2008 to 21 in 2021, representing 4.5 million hectares of sustainable oil palm plantations",https://www.prnewswire.co.uk:443/news-releases/rspo-certification-grows-from-three-countries-in-2008-to-21-in-2021--representing-4-5-million-hectares-of-sustainable-oil-palm-plantations-301688502.html
158a8b5de1fc8db80f07007924473d85df11be87c273481b0403d0179f09a8c3,2024-04-27 10:19:30.423661+00:00,en,dailyrecord.co.uk,dailyrecord.co.uk,2022-11-29,Extinction Rebellion protesters blast council inaction at gathering outside Viewforth HQ,https://www.dailyrecord.co.uk/news/local-news/extinction-rebellion-protesters-blast-council-28613072
e29ba130954dc55099edcc157073eda16c212ac509b460fd8fb390099c44c9dd,2024-04-27 06:13:36.946258+00:00,en,thebureauinvestigates.com,thebureauinvestigates.com,2018-05-29,Revealed: industrial-scale beef farming comes to the UK,https://www.thebureauinvestigates.com/stories/2018-05-29/inside-britains-new-intensive-agriculture-sector-beef-lots/
b42749de54591ecb6a70aac9880e5aa375209bd631adba12943d139cbc50f365,2024-04-27 05:24:13.671628+00:00,en,dailyrecord.co.uk,dailyrecord.co.uk,2022-12-03,Poll finds 80% of Scots fear climate change impact on Scotland's nature,https://www.dailyrecord.co.uk/news/scottish-news/poll-finds-80-scots-fear-28641966
cb22f8670e8c86a4008687496d2c60a8f5a4ad2c00a697dc98f577d21ed91872,2024-04-27 05:19:41.201529+00:00,en,theguardian.com,theguardian.com,2022-12-02,Earthshot fund gives £1m to UK scientists fighting climate crisis,https://www.theguardian.com/environment/2022/dec/02/earthshot-fund-gives-1m-to-uk-scientists-fighting-climate-crisis
0ef510cf4b47b8922d6b4ba64fb07e82de1af9b386ce6e46b49a8076381c5538,2024-04-27 04:13:56.443981+00:00,en,channel4.com,channel4.com,2022-12-03,The fight to stop extinction: protesters call for government to save British birds,https://www.channel4.com/news/the-fight-to-stop-extinction-protesters-call-for-government-to-save-british-birds
37bfb5600ed365f9b53cee5fc80cb650689da20930c969ca3f054467eb4d74f4,2024-04-27 03:22:33.084059+00:00,en,independent.co.uk,independent.co.uk,2022-12-05,Why I’m choosing tofu over turkey this Christmas,https://www.independent.co.uk/life-style/food-and-drink/tofu-turkey-christmas-vegan-uk-b2234481.html
8dd06b16838f4c6b3825d536b4cf66b8e4079b52d6464bc81d8d66b08c12519a,2024-04-27 02:11:55.876724+00:00,en,theguardian.com,theguardian.com,2022-12-05,‘We need to be braver’: young naturalists on the world beyond Cop15,https://www.theguardian.com/environment/2022/dec/05/we-need-to-be-braver-young-naturalists-on-world-beyond-cop15-aoe
1720ea6ee5433d4d37c5193a3f377de2387ab570d9bd1d05742feb5c79e60dc8,2024-04-27 01:52:24.644495+00:00,en,dailyrecord.co.uk,dailyrecord.co.uk,2022-12-06,Damning report on Scotland's protected nature areas reveals overall decline,https://www.dailyrecord.co.uk/news/scottish-news/damning-report-scotlands-protected-nature-28660556
10a11f446cfbe57f8f6faa1101498b9ae38a6a75d864d46303c17469ef67ed14,2024-04-27 01:40:46.265755+00:00,en,standard.co.uk,standard.co.uk,2022-12-06,"Restoring nature is ‘investment’ in UK economy and society, leaders told",https://www.standard.co.uk/news/environment/natural-england-montreal-england-government-tree-b1045129.html
c183e882e135ee830e989c685b494fdd9de933ec80e3a39e1ec24f6831e223d8,2024-04-27 01:39:41.926215+00:00,en,jerseyeveningpost.com,jerseyeveningpost.com,2022-12-06,"Restoring nature is ‘investment’ in UK economy and society, leaders told",https://jerseyeveningpost.com/morenews/uknews/2022/12/06/restoring-nature-is-investment-in-uk-economy-and-society-leaders-told/
a41e5dd675333fafdfae0b8e96ed4059f9920675bc0b21388fdea9cc9e81a858,2024-04-27 01:38:58.396486+00:00,en,guernseypress.com,guernseypress.com,2022-12-06,"Restoring nature is ‘investment’ in UK economy and society, leaders told",https://www.guernseypress.com/news/uk-news/2022/12/06/restoring-nature-is-investment-in-uk-economy-and-society-leaders-told/
f9022ac482dc35390bdd654c39f4692bfc8bd095334b5da3bf6bb4025ba67a5e,2024-04-27 01:38:28.809930+00:00,en,independent.co.uk,independent.co.uk,2022-12-06,"Restoring nature is ‘investment’ in UK economy and society, leaders told",https://www.independent.co.uk/climate-change/news/natural-england-montreal-aonbs-one-england-b2239722.html
bf6ce3782c573b810460785267c919266bfab315545270b438bb0df48b698df8,2024-04-27 00:58:04.629684+00:00,en,theconversation.com,theconversation.com,2022-12-06,New food technologies could release 80% of the world's farmland back to nature,https://theconversation.com/new-food-technologies-could-release-80-of-the-worlds-farmland-back-to-nature-195981
29fac449cc40f356d871bc03ef1f3ed8e11f12cd93e7fe17dbe3c0a6533e5f80,2024-04-27 00:11:02.303076+00:00,en,sky.com,sky.com,2022-12-06,Humanity is 'treating nature like a toilet',https://news.sky.com/story/humanity-is-treating-nature-like-a-toilet-heres-why-according-to-un-chief-antonio-guterres-12762718
5ced3d4dd4d8b6b3685ae3caa0c4e47e7083680640dd9b9778770f819b924f73,2024-04-26 23:16:41.150552+00:00,en,theguardian.com,theguardian.com,2022-12-07,Cumbria coalmine approval shows Sunak does not care if he is seen as green,https://www.theguardian.com/environment/2022/dec/07/cumbria-coalmine-approval-shows-sunak-does-not-care-if-he-is-seen-as-green
14cef50cd79defb941161b4cbdad5d2c459ed6d0423bf105691a0ecd68648f4f,2024-04-26 23:07:30.966443+00:00,en,theguardian.com,theguardian.com,2022-12-06,The biodiversity crisis in numbers,https://www.theguardian.com/environment/2022/dec/06/the-biodiversity-crisis-in-numbers-a-visual-guide-aoe
07e2e7ce70ebec4d09ee76cc47cc3c05199b3b89588c17739e1ec5c1e94d2aaa,2024-04-26 19:35:27.496534+00:00,en,theguardian.com,theguardian.com,2022-12-10,‘My life is being endangered’: the growing struggle against fishing bans,https://www.theguardian.com/environment/2022/dec/10/my-life-is-being-endangered-the-growing-struggle-against-fishing-bans
548af3050df9148acfb6def22a259272f5736ceb9d80b8e3ba9bd0e226de8e22,2024-04-26 19:00:58.096815+00:00,en,economist.com,economist.com,2022-12-09,Why is there another COP happening?,https://www.economist.com/the-economist-explains/2022/12/09/why-is-there-another-cop-happening
603bb8b1860b25d169fb4e73be182014f41f9056d5a0372dd8c3c39d9d7e5c31,2024-04-26 16:49:31.487440+00:00,en,theconversation.com,theconversation.com,2022-12-12,Complete elation' greeted Plibersek's big plans to protect nature,https://theconversation.com/complete-elation-greeted-pliberseks-big-plans-to-protect-nature-but-hurdles-litter-the-path-196287
12fd66347510f103747d46b3400f2a8d1dab695a389fd74ea1d5f83d4976ee5e,2024-04-26 15:42:45.244391+00:00,en,theguardian.com,theguardian.com,2022-12-12,The Guardian view on rivers: delaying pollution controls will only lead to harm,https://www.theguardian.com/commentisfree/2022/dec/12/the-guardian-view-on-rivers-delaying-pollution-controls-will-only-lead-to-harm
5c22cecd5c9294f28acc10b1bd8f052ce2576c26a47ed283c9188a77483e1738,2024-04-26 15:20:56.898357+00:00,en,independent.co.uk,independent.co.uk,2022-12-13,UN biodiversity summit ‘could help avoid potential mass extinction event’,https://www.independent.co.uk/climate-change/news/cop15-biodiversity-nature-canada-b2244488.html
f1f54a6836dd4a259d0484197267d03122c106c2141f29312b646c55b1589814,2024-04-26 12:46:04.164893+00:00,en,heraldscotland.com,heraldscotland.com,2022-12-15,Let’s not lose our environmental ambition,https://www.heraldscotland.com/news/23187358.not-lose-environmental-ambition/?ref=rss
62243e77886de1af160fe11c06170a034e2133df9ed1e52e5b0eebb858476969,2024-04-26 11:24:24.135405+00:00,en,heraldscotland.com,heraldscotland.com,2022-12-16,Depth of feeling grows in Scotland for nature’s circular economy,https://www.heraldscotland.com/business_hq/23195090.depth-feeling-grows-scotland-natures-circular-economy/?ref=rss
e90332c501fe121d89a598674caa6d85364f50f981ca76c174e4acee867dfe79,2024-04-26 10:18:33.596283+00:00,en,mirror.co.uk,mirror.co.uk,2024-04-26,TV's Chris Packham leads protests against Drax over environmental ‘destruction’,https://www.mirror.co.uk/money/tvs-chris-packham-leads-protests-32675693
d8fe372134079e87a38a89f5dc24b7e2e68fa51461d76e02e48efc2e70bac2db,2024-04-26 09:09:31.110546+00:00,en,theguardian.com,theguardian.com,2022-12-15,Lost and found: how a photographer sniffed out the magnolia species not seen for a century,https://www.theguardian.com/environment/2022/dec/15/lost-and-found-haiti-magnolia-not-seen-for-a-century-aot
1a6e26a2f0e4df19f39c8967a0ed3e2d19daa13d5f006eed67e5ee5b6af457ce,2024-04-26 08:20:29.311042+00:00,en,theguardian.com,theguardian.com,2022-12-19,Monday briefing: How Argentina secured the World Cup in perhaps the greatest final ever,https://www.theguardian.com/world/2022/dec/19/monday-briefing-world-cup-final-argentina-france-messi-qatar
99bc8d448f61037bd8b66986e1c862a4a180a2e55b9d3b5afe9b586f2be046ba,2024-04-26 08:19:20.202561+00:00,en,theconversation.com,theconversation.com,2022-12-19,Climate change can be beaten,https://theconversation.com/climate-change-can-be-beaten-why-some-scientists-are-hopeful-196241
289e05809c402ea141c478881569f03636acb578e8c6929a0d1777742b0b1904,2024-04-26 08:11:04.665407+00:00,en,standard.co.uk,standard.co.uk,2022-12-19,Countries pledge to protect 30% of world’s land and seas by 2030 in nature deal,https://www.standard.co.uk/news/environment/countries-montreal-breaking-news-parties-gabon-b1048122.html
8539a1d5168f9e8f365a4619b6e12f0e509010a1bf0e5f9e7801bc941311bb90,2024-04-26 08:09:26.337004+00:00,en,guernseypress.com,guernseypress.com,2022-12-19,Countries pledge to protect 30% of world’s land and seas by 2030 in nature deal,https://www.guernseypress.com/news/uk-news/2022/12/19/countries-pledge-to-protect-30-of-worlds-land-and-seas-by-2030-in-nature-deal/
79d9c514c49422211ca908bf1dae9a693b1b3e2406da7cf4f841c8ee69a2a8cb,2024-04-26 08:08:54.780421+00:00,en,jerseyeveningpost.com,jerseyeveningpost.com,2022-12-19,Countries pledge to protect 30% of world’s land and seas by 2030 in nature deal,https://jerseyeveningpost.com/morenews/uknews/2022/12/19/countries-pledge-to-protect-30-of-worlds-land-and-seas-by-2030-in-nature-deal/
8aa2d8df3b8f9d94d78e08b3a2b59336108f8d1634945373e7bb7715652648e7,2024-04-26 08:01:40.302709+00:00,en,independent.co.uk,independent.co.uk,2022-12-19,Cop15: Moment historic UN deal reached to protect one-third of world’s nature,https://www.independent.co.uk/tv/climate/deal-nature-biodiversity-cop-15-b2247916.html
4dfb5132d87f8f9fb2b99b7ba8a43c2ea643abbc16270d50a5193a6b8a0cdee6,2024-04-26 07:58:26.543971+00:00,en,dailymail.co.uk,dailymail.co.uk,2022-12-19,"Countries pledge to protect 30% of the world's lands, seas, coasts and inland waters by 2030",https://www.dailymail.co.uk/sciencetech/article-11553699/Countries-pledge-protect-30-world-s-land-seas-2030-nature-deal.html?ns_mchannel=rss&ito=1490&ns_campaign=1490
c075ca3cb504ed66d3b8146405b0a298bdbc004169e9a24df98657d1040d80b3,2024-04-26 05:40:28.649165+00:00,en,heraldscotland.com,heraldscotland.com,2022-12-21,Tories accused of having 'blatantly and shamelessly filibustered' gender debate,https://www.heraldscotland.com/politics/23204511.tories-accused-shamelessly-filibustered-gender-debate/?ref=rss
b61bf26f074da945bf0f66fca88c8ec02f27c0c3e8d3c5b7d6404250ad7223e1,2024-04-26 05:38:43.574287+00:00,en,theguardian.com,theguardian.com,2022-12-20,Cop15 in Montreal: did the summit deliver for the natural world?,https://www.theguardian.com/environment/2022/dec/20/cop15-montreal-did-it-deliver-for-natural-world-aoe
4f3df6fa5ec61ea78716fcb0d653c195a19f13dbdf57059082d978e7cb12fe31,2024-04-26 01:26:31.072376+00:00,en,theguardian.com,theguardian.com,2022-12-23,"Friday briefing: The Crown discourse, Elon Musk tweets and 15 more things to leave behind in 2022",https://www.theguardian.com/world/2022/dec/23/first-edition-things-we-hate
ef14187d4339a75881746e19a85ae4c3f3f74d422164bac9a8b38a888a33727c,2024-04-25 20:52:05.630145+00:00,en,walesonline.co.uk,walesonline.co.uk,2022-12-27,Cardiff council leader warns changes 'fairly inevitable',https://www.walesonline.co.uk/news/wales-news/cardiff-council-leader-warns-changes-25680148
c31758062ecab31295386f44c8cc71e7694983544549bbffe26ae322c50e2771,2024-04-25 20:19:02.758766+00:00,en,guernseypress.com,guernseypress.com,2024-04-25,Climate protesters target BP and Drax shareholder meetings,https://guernseypress.com/news/uk-news/2024/04/25/climate-protesters-target-bp-and-drax-shareholder-meetings/
addcd70503060c1218f0aee321885e2578f25770d931e2eedfeabd8a099897c4,2024-04-25 19:27:41.425352+00:00,en,standard.co.uk,standard.co.uk,2024-04-25,Climate protesters target BP and Drax shareholder meetings,https://www.standard.co.uk/business/business-news/climate-protesters-target-bp-and-drax-shareholder-meetings-b1153904.html
1cc0a594d2733ff942252adff764ba0d1fd956cc02f84bd128c5a6462e855c65,2024-04-25 17:36:24.608003+00:00,en,independent.co.uk,independent.co.uk,2024-04-25,Climate protesters target BP and Drax shareholder meetings,https://www.independent.co.uk/business/climate-protesters-target-bp-and-drax-shareholder-meetings-b2534878.html
127d93c75c3a0481e183e2751420bd28ae6222ebdbaff1e9a0c283267e13539e,2024-04-25 16:35:46.545033+00:00,en,heraldscotland.com,heraldscotland.com,2022-12-29,Collaboration reaches a peak to stop Scottish biodiversity loss,https://www.heraldscotland.com/politics/23217723.collaboration-reaches-peak-stop-scottish-biodiversity-loss/?ref=rss
6930353ddb3fe0d32ab4d12286b391264c2e1e42f516a4ba4119f730f8b32d18,2024-04-25 14:51:28.361467+00:00,en,theguardian.com,theguardian.com,2022-12-30,"‘Instead of living in fear of climate catastrophe, I’ll do something about it’: the thing I’ll do differently in 2023",https://www.theguardian.com/lifeandstyle/2022/dec/30/fear-climate-catastrophe-thing-ill-do-differently
238d3c951ad41c93009ba28a9c9a3b4163642dfea2b44f4a3a06bcbaaa7122c3,2024-04-25 14:12:22.669196+00:00,en,theguardian.com,theguardian.com,2022-12-30,Environmental review of 2022: another mile on the ‘highway to climate hell’,https://www.theguardian.com/environment/2022/dec/30/environmental-review-of-2022-another-mile-on-the-highway-to-climate-hell
c530de46840aee371e580b4a689441f405552290167e8548c9d25667a86affd0,2024-04-25 13:35:33.956675+00:00,en,theguardian.com,theguardian.com,2022-12-31,‘Gold mist lingers over frozen marshes’: eight great UK winter walks,https://www.theguardian.com/travel/2022/dec/31/eight-great-uk-winter-walks-with-a-theme
6d66499f26573e83c01f7ae087f88c1965247eb255a0022acf83eb7203407fe3,2024-04-24 22:48:05.233904+00:00,en,standard.co.uk,standard.co.uk,2024-04-24,Climate campaigners and Extinction Rebellion plan mass London protest,https://www.standard.co.uk/news/london/extinction-rebellion-rspb-london-protest-june-national-trust-b1153538.html
21062830ebd2dbfdbaeb7f931d5600f78ecddfb56ce264e32859c38a5ade02fb,2024-04-24 21:59:22.683412+00:00,en,jerseyeveningpost.com,jerseyeveningpost.com,2024-04-24,Wildlife and climate campaigners to take to streets to call for action on nature,https://jerseyeveningpost.com/morenews/entertainment/2024/04/24/wildlife-and-climate-campaigners-to-take-to-streets-to-call-for-action-on-nature/
2f307a35700b49ef13ead1582ac5958f327ce4ee560725de893c59989702f6d1,2024-04-24 21:59:10.056719+00:00,en,guernseypress.com,guernseypress.com,2024-04-24,Wildlife and climate campaigners to take to streets to call for action on nature,https://guernseypress.com/news/uk-news/2024/04/24/wildlife-and-climate-campaigners-to-take-to-streets-to-call-for-action-on-nature/
0354c8f8cabdeee0b5557bab3362904fc9c6d9e431da2cf69513dcb373e6243e,2024-04-24 16:40:31.776156+00:00,en,theguardian.com,theguardian.com,2024-04-23,"Tiny freshwater Snowy Mountains fish faces extinction, environmentalists say",https://www.theguardian.com/australia-news/2024/apr/23/yalmy-galaxias-freshwater-fish-snowy-mountains-australia-zero-extinction-target
dc2d4b0d8da12298e06a34f44d4e6dc0d49e303496820603109aa3beff541b62,2024-04-24 14:38:13.567175+00:00,en,pressat.co.uk,pressat.co.uk,2024-04-23,Bhutan and the Tiger Conservation Coalition Commit to Catalysing US$1 billion for tigers,https://pressat.co.uk/releases/bhutan-and-the-tiger-conservation-coalition-commit-to-catalysing-us1-billion-for-tigers-a9d36826e935629340c0863530386a16/
bda37fe964feaee1c66981e65daf12097a3ae43514b41f581dd4d9dd4251a09c,2024-04-23 07:48:20.386277+00:00,en,cityam.com,cityam.com,2024-04-22,How to make an effective change this World Earth Day,https://www.cityam.com/the-notebook-how-to-make-an-effective-change-this-world-earth-day/
c53ab606113ff788d14fa86119243f3d8ed711a605014fff5b1e0fd2b043e23b,2024-04-19 02:35:01.925903+00:00,en,theconversation.com,theconversation.com,2024-04-17,Migratory birds are on the move and nature-friendly farms can help them on their way,https://theconversation.com/migratory-birds-are-on-the-move-and-nature-friendly-farms-can-help-them-on-their-way-227924
dac1cb347c32f5bb74c51bfc2b774f2cd50eb9d5714a2383dcb38149f1e5dfc5,2024-04-17 12:59:38.622318+00:00,en,chroniclelive.co.uk,chroniclelive.co.uk,2024-04-15,Chester-le-Street charity turning food waste into meals turns six,https://www.chroniclelive.co.uk/news/north-east-news/chester-le-street-charity-turning-28996649
17ac70f19ac6e130f371d8684725770bd768bc0a78e52caeee27eb4094230b39,2024-04-17 02:26:33.078390+00:00,en,walesonline.co.uk,walesonline.co.uk,2024-04-15,"No 'wholesale changes' to controversial policy, says new farming minister",https://www.walesonline.co.uk/news/wales-news/wales-new-farming-minister-says-29001709
308f8e1fe8140a4d430217f7c313484846214f4082af314298d616b88686610a,2024-04-17 01:25:03.576567+00:00,en,theguardian.com,theguardian.com,2024-04-11,Clean energy myths: is it really too expensive and not reliable?,https://www.theguardian.com/the-great-grid-upgrade/2024/apr/11/clean-energy-myths-is-it-really-too-expensive-and-not-reliable
226b30aae69b8659c08eca5dafb90d41a3da442eceeb15459bf93e923810f09a,2024-04-14 03:12:38.234233+00:00,en,britainnews.net,britainnews.net,2024-04-14,Why some of British Columbia's kelp forests are in more danger than others,https://www.britainnews.net/news/274250224/why-some-of-british-columbia-kelp-forests-are-in-more-danger-than-others
b9f7a6101452b237ebc15c99ff02edf880b1dc17e8a918e00d3b13f62384dc91,2024-04-13 05:47:21.342580+00:00,en,theuknews.com,theuknews.com,2024-04-13,Why some of British Columbia's kelp forests are in more danger than others,https://www.theuknews.com/news/274250224/why-some-of-british-columbia-kelp-forests-are-in-more-danger-than-others
03f182dd9da5bead8efdeba766517356bdd14a34e775935a89c931978da61071,2024-04-13 02:09:23.850864+00:00,en,unitedkingdomnews.net,unitedkingdomnews.net,2024-04-13,Why some of British Columbia's kelp forests are in more danger than others,https://www.unitedkingdomnews.net/news/274250224/why-some-of-british-columbia-kelp-forests-are-in-more-danger-than-others
64adafd26c08cb5b89dd23e4485cf780a209ec5e65d63592cd51f5296a131160,2024-04-12 01:03:54.779879+00:00,en,theconversation.com,theconversation.com,2024-04-10,Why some of British Columbia’s kelp forests are in more danger than others,https://theconversation.com/why-some-of-british-columbias-kelp-forests-are-in-more-danger-than-others-226774
562d5aca042533cc192f669e9f28758987f4e4aab00467043c1c318429c323d8,2024-04-10 04:08:33.962507+00:00,en,theconversation.com,theconversation.com,2024-04-08,Feeling depleted? So is the planet. Here’s how to move from exhaustion to empowerment,https://theconversation.com/feeling-depleted-so-is-the-planet-heres-how-to-move-from-exhaustion-to-empowerment-225185
928557e7b8f76080684ee7530a8b0d89a9f71bbec18f2fbb203ceef140837514,2024-04-08 00:18:41.540134+00:00,en,dailymail.co.uk,dailymail.co.uk,2024-04-06,"She's happy to have blood on the hillsides, but not on her hands': Gamekeepers and landowners are furious at the Scottish Government's deer culling plans. Yet the Green minister in charge refuses to witness the reality of the slaughter...",https://www.dailymail.co.uk/news/article-13277839/deer-cull-scotland-green-minister-lorna-slater.html?ns_mchannel=rss&ns_campaign=1490&ito=1490
cdb27e630bbc67814ff4ae3e8237d500debbf83e0ede9955ae5ffa49ad00c257,2024-04-06 08:18:42.723802+00:00,en,theconversation.com,theconversation.com,2024-04-04,8 ways to ensure Indonesia’s nickel sector is sustainable,https://theconversation.com/8-ways-to-ensure-indonesias-nickel-sector-is-sustainable-226747
b21bd53059154e5faf576595436c0e9e8afb91c8267a4dabe674a0aca5171a16,2024-04-04 02:20:37.904877+00:00,en,theguardian.com,theguardian.com,2024-04-02,The case for paying ranchers to raise trees instead of cattle,https://www.theguardian.com/commentisfree/2024/apr/02/cattle-trees-climate-change-solution
afbd9c4f7f819fc5f3b76cb5c40bf9327f59c61edd720122cb3173f6194efe5e,2024-04-04 02:11:48.283907+00:00,en,standard.co.uk,standard.co.uk,2024-04-02,Is it possible to go eco in Ibiza?,https://www.standard.co.uk/lifestyle/travel/sustainable-travel/is-it-possible-to-go-eco-in-ibiza-b1146561.html
f9219e65e913a031acf01403c218d51e8eaa1a4c15159fc0e92c0f4b539b1f0d,2024-04-03 05:49:08.194066+00:00,en,theconversation.com,theconversation.com,2024-04-01,Myrtle rust is lethal to Australian plants. Could citizen scientists help track its spread?,https://theconversation.com/myrtle-rust-is-lethal-to-australian-plants-could-citizen-scientists-help-track-its-spread-225681
2f8843c2cb5956ac9d6538b2dcb8fdd1c45d9a3bcf0aa62a61774ad0c60e6664,2024-03-29 02:32:22.275005+00:00,en,standard.co.uk,standard.co.uk,2024-03-27,Funding for research tools that could halt future pandemics announced,https://www.standard.co.uk/news/uk/michelle-donelan-natural-history-museum-oxfordshire-b1147902.html
73a222a3ac1baedb0542f6bde6cc7f569f8022f83c1339fafc03a32c01363c33,2024-03-29 01:43:59.895629+00:00,en,independent.co.uk,independent.co.uk,2024-03-27,Funding for research tools that could halt future pandemics announced,https://www.independent.co.uk/news/science/natural-history-museum-oxfordshire-b2519161.html
78c0101035e40bf94e2eda7767ef747e234246ba1f012873e755c684b3407fd0,2024-03-28 02:18:22.205733+00:00,en,theconversation.com,theconversation.com,2024-03-26,"Anthropocene or not, it is our current epoch that we should be fighting for",https://theconversation.com/anthropocene-or-not-it-is-our-current-epoch-that-we-should-be-fighting-for-225428
d6624868af60b44baf6110ce8a034b1a3af6019861574499d4c289fef9adb2a1,2024-03-28 01:45:21.794825+00:00,en,jerseyeveningpost.com,jerseyeveningpost.com,2024-03-26,'A love letter to Jersey Zoo',https://jerseyeveningpost.com/voices/2024/03/26/a-love-letter-to-jersey-zoo/
ff28733e1d53f4f7fba5b48921f3edcfb2d3a26aee0a9e9251dfd52f87cd3022,2024-03-26 06:55:08.194969+00:00,en,dailyrecord.co.uk,dailyrecord.co.uk,2024-03-24,Scottish Government backs new ecocide law,https://www.dailyrecord.co.uk/news/scottish-government-backs-ecocide-law-32426243
3ac863a14cfa44cda14c3825bc844dfebe7709e3f3bd4a3c4ebdd93bf8f71e4e,2024-03-22 04:55:16.576717+00:00,en,theconversation.com,theconversation.com,2024-03-20,‘How long before climate change will destroy the Earth?’: research reveals what Australian kids want to know about our warming world,https://theconversation.com/how-long-before-climate-change-will-destroy-the-earth-research-reveals-what-australian-kids-want-to-know-about-our-warming-world-226122
d9946b56dae4465e21e193f35d0c60d1565c22d25968bfed46df3f12d374baee,2024-03-22 04:55:15.882381+00:00,en,theconversation.com,theconversation.com,2024-03-20,Chimpanzees stayed in an ‘invisible cage’ after zoo enclosure was enlarged – South African study,https://theconversation.com/chimpanzees-stayed-in-an-invisible-cage-after-zoo-enclosure-was-enlarged-south-african-study-224393
5bc851beb61311a982ac1b5e719d27708c63d4ec7e769d0f926eccda5cad96e8,2024-03-21 07:09:55.006140+00:00,en,independent.co.uk,independent.co.uk,2024-03-19,‘Red alert’ on climate crisis as number of people going hungry doubles: UN report,https://www.independent.co.uk/climate-change/news/climate-crisis-global-temperatures-hunger-wmo-report-2023-b2514336.html
48dcc139282c92ed15b0cbe10a2609a84238d16552bd2073d2f4f91a5853518a,2024-03-21 05:58:15.157088+00:00,en,theguardian.com,theguardian.com,2024-03-19,Death tolls mount as elephants and people compete for land in Sri Lanka,https://www.theguardian.com/environment/2024/mar/19/sri-lanka-elephants-people-deaths-natural-resources-climate-crisis-coexistence-aoe
53f3ef2d3f9a488244b0cbf0c836e611658fca3f1a3d7bdc3725115cd22bf4b8,2024-03-21 03:29:03.784160+00:00,en,scotsman.com,scotsman.com,2024-03-19,We all need to be braver and bolder to deliver for our climate,https://www.edinburghnews.scotsman.com/news/opinion/columnists/we-all-need-to-be-braver-and-bolder-to-deliver-for-our-climate-lorna-slater-4559926
21f6af33341a8cfa4ea631e6e307c5065819c8fe7da95452046e1c88b07bb1b5,2024-03-17 12:59:30.034452+00:00,en,insider.co.uk,insider.co.uk,2024-03-15,New figures suggest 2% of Scotland’s land is 'rewilded',https://www.insider.co.uk/news/new-figures-suggest-2-scotlands-32353451
935976836e8825dc686664bba1486165db6b1086ff1827b4511bb00d009bce96,2024-03-17 02:45:55.010697+00:00,en,pressat.co.uk,pressat.co.uk,2024-03-15,Rewilding Nation declaration call for Scotland as Charter launched,https://pressat.co.uk/releases/rewilding-nation-declaration-call-for-scotland-as-charter-launched-665678d21dbd602837b9da0865d70e0b/
bb758fe53d56f2a099b3b0fc92315015b3363f399701cb909b682e134848593c,2024-03-12 09:25:32.784560+00:00,en,politics.co.uk,politics.co.uk,2024-03-10,Lord Deben: ‘Why I’m backing court action against the government’s weak climate strategy’,https://www.politics.co.uk/comment/2024/03/10/lord-deben-why-im-backing-court-action-against-the-governments-weak-climate-strategy/
ff33619a5d407cf4b9f80035c24a9502c890926ca45e62b216f6b2b68f506ce0,2024-03-10 15:47:15.215067+00:00,en,theguardian.com,theguardian.com,2023-01-05,"Post-Brexit £1,000 farming payments ‘too little, too late’, says NFU",https://www.theguardian.com/environment/2023/jan/05/elms-payments-of-up-to-1000-may-be-too-little-too-late-says-nfu-farmers-environment
d08668edd71339d9c91961f4562368228bc61a8d2e24b0983343757794ae15b3,2024-03-10 11:22:08.319420+00:00,en,theconversation.com,theconversation.com,2023-01-09,How faith can inspire environmental action,https://theconversation.com/how-faith-can-inspire-environmental-action-195594
c236a752be31fe2b9ab5485f3993d1b42fbe6832b76593c6981c2fd5dc4af754,2024-03-10 08:43:14.930680+00:00,en,guernseypress.com,guernseypress.com,2023-01-11,Cost crisis threatens to overshadow need to act on climate change – report,https://www.guernseypress.com/news/uk-news/2023/01/11/cost-crisis-threatens-to-overshadow-need-to-act-on-climate-change--report/
2d3ef4a4a0686273e09d3d3710ba2ae67d41337af331bebfabcf18d72ad93812,2024-03-10 08:42:52.791594+00:00,en,independent.co.uk,independent.co.uk,2023-01-11,Cost crisis threatens to overshadow need to act on climate change – report,https://www.independent.co.uk/business/cost-crisis-threatens-to-overshadow-need-to-act-on-climate-change-report-b2260001.html
53a145d847d7c525a71f5bd18427640fc5aa9179877e2f98c024edb5c7dd6101,2024-03-10 08:42:30.516881+00:00,en,jerseyeveningpost.com,jerseyeveningpost.com,2023-01-11,Cost crisis threatens to overshadow need to act on climate change – report,https://jerseyeveningpost.com/morenews/uknews/2023/01/11/cost-crisis-threatens-to-overshadow-need-to-act-on-climate-change-report/
b95f4334a41992b851a9dd109aad291444fc4f33deaef5fd140928bcb385ec6c,2024-03-10 08:40:59.531500+00:00,en,standard.co.uk,standard.co.uk,2023-01-11,Cost crisis threatens to overshadow need to act on climate change – report,https://www.standard.co.uk/business/business-news/cost-crisis-threatens-to-overshadow-need-to-act-on-climate-change-report-b1052203.html
7f9c4a1d6de14070245a964e113736e530d53c1e5d3065abb094ed99111b6476,2024-03-10 06:53:07.727686+00:00,en,metro.co.uk,metro.co.uk,2023-01-12,"Cost of living overtakes climate change as people's main concern, report claims",https://metro.co.uk/2023/01/12/cost-of-living-overtakes-climate-as-our-main-concern-claims-report-18087947/
a4cbc7c532bec457e72e7a444c7dbef02714d13f025a3fc6ee0e517b8ec6d7b5,2024-03-10 05:39:05.176868+00:00,en,ft.com,ft.com,2023-01-13,Academic alliances aim to put purpose and planet at core of curricula,https://www.ft.com/content/23988b13-e159-415d-8319-0da5d14fbff4
9fad80e296f41e211f862f35b6e632ebec0447c527d82a59499f5ea1a642ed69,2024-03-10 02:45:24.443559+00:00,en,express.co.uk,express.co.uk,2023-01-15,Rural villages 'under assault' by greenfield property development,https://www.express.co.uk/life-style/property/1721613/rural-villages-under-assault-greenfield-property-development
4476bc29248cd24436f1776a9c83ef1eb1e3ea2f32cdd96e848af4f07b8cce07,2024-03-10 02:43:14.526787+00:00,en,metro.co.uk,metro.co.uk,2023-01-16,"Turn finances green to help create sustainable economy, says ethical bank boss",https://metro.co.uk/2023/01/16/triodos-boss-turn-finances-green-to-help-create-sustainable-economy-18095599/
5e4f8f137910947dfaba3d0524d2b83a459f98daac38f6750e763bdeccb87af3,2024-03-10 00:00:58.328570+00:00,en,theconversation.com,theconversation.com,2023-01-17,Davos: three ways leaders can use these summits to create a more sustainable world,https://theconversation.com/davos-three-ways-leaders-can-use-these-summits-to-create-a-more-sustainable-world-197938
5f41a5053e7022b2bd1dec80c1f10f788eb24077b7778e88cf2dfba7eee073da,2024-03-09 17:25:15.493102+00:00,en,theguardian.com,theguardian.com,2023-01-23,Monday briefing: Making sense of Nadhim Zahawi’s taxes,https://www.theguardian.com/world/2023/jan/23/monday-briefing-making-sense-of-nadhim-zahawis-taxes
4803977e8a890b32ca30a00c88379b10a22c7a7a4e956462dd947c627e470061,2024-03-09 17:10:12.644211+00:00,en,theguardian.com,theguardian.com,2023-01-23,Endangered foods: why our diet is narrower than ever – and the UK urgently needs to save these seven foods,https://www.theguardian.com/food/2023/jan/23/endangered-foods-why-our-diet-is-narrower-than-ever-and-these-seven-foods-urgently-need-saving
975516cd7df1fe61616bcdb4814c5a15e39a89ac193f65b10fa3baaf8ad8e4b9,2024-03-09 15:54:05.993374+00:00,en,independent.co.uk,independent.co.uk,2023-01-24,Over 500 museums join forces for climate project aimed at ‘inspiring’ children,https://www.independent.co.uk/arts-entertainment/art/news/wild-escape-museums-climate-crisis-b2267918.html
dfeeb0435869b6b40c82e637627c865451fece00d2004358cc18fee4fedd95e0,2024-03-09 10:46:07.333356+00:00,en,politics.co.uk,politics.co.uk,2023-01-27,The public's right to walk on Dartmoor,https://www.politics.co.uk/comment/2023/01/27/u-turn-on-farm-payments-to-improve-public-access-would-be-another-blow-to-peoples-rights-to-nature/
d139c30fcdc86487f685b341b03f842d66e4c5e739920b419d7c1681d564f808,2024-03-09 08:07:27.733286+00:00,en,economist.com,economist.com,2023-01-29,America needs a new environmentalism,https://www.economist.com/united-states/2023/01/29/america-needs-a-new-environmentalism
68045f8e2d07bad406aaa8f105a604f85024e917c1dfed918bf8115a6a1673b1,2024-03-09 07:36:20.965222+00:00,en,theguardian.com,theguardian.com,2023-01-28,Can board games teach us about the climate crisis? Game creators say yes,https://www.theguardian.com/environment/2023/jan/28/board-games-climate-crisis-daybreak
4bd3cd5cff8948ec01216ad5cabf401a2fa72ccd2311c46cc0399f5a559d8ba4,2024-03-09 06:12:04.280881+00:00,en,theguardian.com,theguardian.com,2023-01-11,Soaring food and energy prices could persist ‘for next two years’,https://www.theguardian.com/business/2023/jan/11/soaring-food-and-energy-prices-could-persist-for-next-two-years-davos
07e3d024a6489a653bf819ccdf2216063d109f9402223b37da3a8774e162940c,2024-03-09 02:37:07.996447+00:00,en,pressat.co.uk,pressat.co.uk,2023-02-02,"Scotland’s ‘ice age’ pinewoods on knife-edge, says first major study in 60 years",https://pressat.co.uk/releases/scotlands-ice-age-pinewoods-on-knife-edge-says-first-major-study-in-60-years-33783bb62704e4dde8ffad5d77d84a77/
95e361de2c119a8ee1315a0de215e46c1d83b702ee62ac80ca496b4545c5d22b,2024-03-08 22:39:44.371802+00:00,en,theguardian.com,theguardian.com,2023-02-05,"Labor plan for nature repair market rehashes old proposal and risks failure, experts say",https://www.theguardian.com/australia-news/2023/feb/06/labor-plan-for-nature-repair-market-rehashes-old-proposal-and-risks-failure-experts-say
c200324bced61fd77ccec0c657c09e4fd76779b1dbcd5746d51c1bb92ef74b49,2024-03-08 18:04:51.015514+00:00,en,theguardian.com,theguardian.com,2023-02-08,"Half the wetlands in Europe lost in past 300 years, researchers calculate",https://www.theguardian.com/environment/2023/feb/08/world-wetlands-europe-lost-study-aoe
6114c04088c3a961d5d3fdfdfb8e936eb20e4abff6249e4507571cfa24ff4bd2,2024-03-08 11:51:35.223379+00:00,en,independent.co.uk,independent.co.uk,2023-02-13,Conservation and development must work together,https://www.independent.co.uk/voices/campaigns/giantsclub/conservation-and-development-must-work-together-b2281228.html
397796490bdbdb199f5cf355f40b0cb09acfd52faef4b8b09d7f19324415b72c,2024-03-08 10:25:46.944876+00:00,en,dailymail.co.uk,dailymail.co.uk,2023-02-14,Bird flu 'may mutate to kill more than 50% of humans',https://www.dailymail.co.uk/health/article-11748537/Bird-flu-mutate-kill-50-humans.html?ns_mchannel=rss&ns_campaign=1490&ito=1490
3a2dc433384e977d1f911969c0f8bf188795694a43cd47fa5f3541288681d3b5,2024-03-08 06:21:38.098984+00:00,en,theconversation.com,theconversation.com,2023-02-16,We found 29 threatened species are back from the brink in Australia. Here's how,https://theconversation.com/we-found-29-threatened-species-are-back-from-the-brink-in-australia-heres-how-200057
660401a12e23d7e4656fbfbc231b90451543e0bb399815eba9d5dfb06b30dad7,2024-03-07 18:24:39.104111+00:00,en,theguardian.com,theguardian.com,2023-02-24,Ecosystem collapse ‘inevitable’ unless wildlife losses reversed,https://www.theguardian.com/environment/2023/feb/24/ecosystem-collapse-wildlife-losses-permian-triassic-mass-extinction-study
d7f2c7694fd74865e8cbf650d9c1339eae2a05610c13c1693f75c3001417d04d,2024-03-07 13:03:42.092788+00:00,en,theguardian.com,theguardian.com,2023-03-01,US firm to bid to turn DRC oil permits in Virunga park into conservation projects,https://www.theguardian.com/environment/2023/mar/01/us-firm-bid-turn-drc-oil-concessions-virunga-park-into-conservation-projects-aoe
6b7d37ebfa9f1b02c8505491a84dc09a6913bf2401efd5ff28ff09493c0056e4,2024-03-07 12:23:03.723242+00:00,en,theguardian.com,theguardian.com,2023-03-01,River Ouse may become first in England to gain legal rights,https://www.theguardian.com/environment/2023/mar/01/sussex-river-ouse-first-in-england-legal-rights-aoe
d93fe3a4c71624d7400b339b20cf46f86bafb5939840e9114e3a9260402c5208,2024-03-07 11:10:45.879943+00:00,en,heraldscotland.com,heraldscotland.com,2023-03-02,Dennis Canavan has a tale to tell about Betty Boothroyd,https://www.heraldscotland.com/news/23356735.betty-boothroyds-sense-fair-play-unerring/?ref=rss
3b68d40f2432bca4ce9b57f4d6517c7272ab79a8bdafab658c77faa7ddc1c021,2024-03-07 08:50:39.036320+00:00,en,theguardian.com,theguardian.com,2023-03-03,Adam Bandt says Greens could support key Labor climate policy if fossil fuels developments paused,https://www.theguardian.com/environment/2023/mar/04/adam-bandt-says-greens-could-support-key-labor-climate-policy-if-fossil-fuels-developments-paused
bb7083d709250317db9af2a146976c9a3ffd31967f2ffd3fa462d92b38343e74,2024-03-07 08:41:06.319699+00:00,en,dailymail.co.uk,dailymail.co.uk,2023-03-03,From deserted beaches to fantastic fly-fishing: The joys of the island of Alphonse in the Seychelles,https://www.dailymail.co.uk/travel/article-11817907/From-deserted-beaches-fantastic-fly-fishing-joys-island-Alphonse-Seychelles.html?ns_mchannel=rss&ito=1490&ns_campaign=1490
45129350cfbccc4d2634dbcf97132ccc777df4f8bbd43eb9335cf353271014eb,2024-03-07 07:26:14.245374+00:00,en,independent.co.uk,independent.co.uk,2023-03-05,AP News Digest 5:35 a.m.,https://www.independent.co.uk/news/world/europe/ap-congress-joe-biden-xi-jinping-marianne-williamson-b2294425.html
ec1a68fab119222666e219502ad43e429d8ff99042e195fb59da004f9be21ff3,2024-03-07 05:06:02.458848+00:00,en,theconversation.com,theconversation.com,2023-03-07,We now have a treaty governing the high seas. Can it protect the Wild West of the oceans?,https://theconversation.com/we-now-have-a-treaty-governing-the-high-seas-can-it-protect-the-wild-west-of-the-oceans-201184
6db221ad20a82da579f5b1265f2415a25f464c2ea38502c106995622b7f879a2,2024-03-07 03:54:10.449471+00:00,en,independent.co.uk,independent.co.uk,2023-03-08,More than half of Britain and Ireland’s native plants in decline – report,https://www.independent.co.uk/climate-change/news/britain-ireland-irish-nfu-government-b2296167.html
32d129bdd26ccf4a66e4faf57167d8234b7b4339e4a3fa2d26e3b436b30e42e9,2024-03-07 03:53:50.689555+00:00,en,standard.co.uk,standard.co.uk,2023-03-08,More than half of Britain and Ireland’s native plants in decline – report,https://www.standard.co.uk/news/environment/britain-ireland-government-scottish-highlands-irish-sea-b1065540.html
74ce38918f53a485838fa580fce9c5388685d8c06cdc4bef2a8f5274f21d38a3,2024-03-07 03:47:44.365091+00:00,en,theconversation.com,theconversation.com,2023-03-08,Get the basics right for National Environmental Standards to ensure truly sustainable development,https://theconversation.com/get-the-basics-right-for-national-environmental-standards-to-ensure-truly-sustainable-development-201092
4ca3b9f52a2db1018a75d8325876bc097c5351bd03b146644a300ed01c9d94a5,2024-03-07 03:38:21.750096+00:00,en,theconversation.com,theconversation.com,2023-03-07,Teachers need bolder action from our school boards to educate in and for a climate emergency,https://theconversation.com/teachers-need-bolder-action-from-our-school-boards-to-educate-in-and-for-a-climate-emergency-199972
d8381060c621a33702fc3efdd088482f84bfebca9d4824af1fb86c4b09b48227,2024-03-07 03:33:12.321345+00:00,en,metro.co.uk,metro.co.uk,2023-03-08,Alien species overtake native plants as human activity leads to steep decline,https://metro.co.uk/2023/03/08/alien-species-overtake-native-plants-as-human-activity-causes-decline-18401051/
befa38370cc9bb9ff58ad5a78ac107957496779fb8980e7cb70227c4a1d4312a,2024-03-07 03:07:00.958167+00:00,en,dailymail.co.uk,dailymail.co.uk,2023-03-08,"More than HALF of plants native to Britain and Ireland are now in decline, report warns",https://www.dailymail.co.uk/sciencetech/article-11833061/More-half-Britain-Ireland-s-native-plants-decline-report.html?ns_mchannel=rss&ito=1490&ns_campaign=1490
c8bb15857345cc9942f378bc2735b8f18a325ef78520a8dd5463585963395da7,2024-03-07 02:34:56.391968+00:00,en,theguardian.com,theguardian.com,2023-03-08,Half of Britain and Ireland’s native plants have declined over 20 years – study,https://www.theguardian.com/environment/2023/mar/08/half-of-britain-and-irelands-native-plants-have-declined-over-20-years-study
aa601ba9d55fa2caf08de0b3ab1daec4195247ee96b16b2a4d165cadf5bbd838,2024-03-07 02:23:30.197191+00:00,en,theguardian.com,theguardian.com,2023-03-08,The future of my grandchildren is in the hands of all Australians. Help bring our dream alive,https://www.theguardian.com/australia-news/commentisfree/2023/mar/09/the-future-of-my-grandchildren-is-in-the-hands-of-all-australians-help-bring-our-dream-alive
c003e8963741b4eef35a68d08b81498ac623b667dbac548efeaf2a5b8ee3e83f,2024-03-06 23:10:07.088925+00:00,en,theguardian.com,theguardian.com,2023-12-09,Cop28: petrostate Azerbaijan to host next UN climate summit in 2024 – as it happened,https://www.theguardian.com/environment/live/2023/dec/09/cop-28-global-heating-could-hit-3c-warn-politicians-as-climate-summit-continues
b52981e6ab6c1b6b9f8ef05974bffc0f8a68b1632320d63099094f30e7cd18f6,2024-03-06 22:58:57.001728+00:00,en,theguardian.com,theguardian.com,2023-03-10,BBC will not broadcast Attenborough episode over fear of ‘rightwing backlash’,https://www.theguardian.com/media/2023/mar/10/david-attenborough-bbc-wild-isles-episode-rightwing-backlash-fears
0abdfdcc5c04465055a71d90651c5fffd5d10e8f6f16418b26d094f02fede781,2024-03-06 20:07:39.576960+00:00,en,birminghammail.co.uk,birminghammail.co.uk,2023-03-13,Four new Lidl stores for town as first targets pub that's still open,https://www.birminghammail.co.uk/black-country/four-new-lidl-stores-walsall-26459197
8d73606700f095ff8d5202afe3e48749cb6af7fc24e79ef4ba21ce14086c6b45,2024-03-06 19:57:11.688600+00:00,en,telegraph.co.uk,telegraph.co.uk,2023-03-13,King Charles calls for Commonwealth to ‘be bold’ to reach ‘near-boundless potential’,https://www.telegraph.co.uk/royal-family/2023/03/13/king-charles-iii-calls-for-commonwealth-force-for-good/
83817fbf3d3f8f85016880a0aa7ec688ddd7fc627908783e613151ceae3567d6,2024-03-06 11:36:08.409188+00:00,en,pressat.co.uk,pressat.co.uk,2024-03-04,Focused on positive impact: Ricola becomes a B Corporation,https://pressat.co.uk/releases/focused-on-positive-impact-ricola-becomes-a-b-corporation-142e78b6a26c45e444305902b343c821/
5153cdd257c7817b03a8bd08d53a2bca951e37871c187cdea54001447c545f0c,2024-03-06 02:01:19.321223+00:00,en,theconversation.com,theconversation.com,2024-03-04,River pollution is causing harmful outbreaks of sewage fungus in the UK,https://theconversation.com/river-pollution-is-causing-harmful-outbreaks-of-sewage-fungus-in-the-uk-223954
9578f0896f85e4c6215cafb7120718888bf1af68b7a31f0af54584227a99518e,2024-03-06 00:59:31.633960+00:00,en,heraldscotland.com,heraldscotland.com,2024-03-04,An army of ‘Swifties’ is battling to save the people’s bird,https://www.heraldscotland.com/news/24154799.swifties-coming-rescue-superstars-skies/?ref=rss
893a149b48d5658a3f8f3be8e967d2a89cf39e05cab42a75ed851c2235f51f41,2024-03-02 16:33:27.665796+00:00,en,theguardian.com,theguardian.com,2023-03-13,David Attenborough says nature is in crisis but ‘we have the solutions’,https://www.theguardian.com/tv-and-radio/2023/mar/13/david-attenborough-warns-nature-is-in-crisis-but-we-have-the-solutions
6ded2d82d6c0b7bc05ba7d42081b97ae29e129e10f214af10ebd12a1e6872666,2024-03-02 13:36:39.067396+00:00,en,theguardian.com,theguardian.com,2023-03-15,‘Historic moment’ for nature as Europe’s first wild river national park announced in Albania,https://www.theguardian.com/environment/2023/mar/15/albania-vjosa-wild-river-national-park-europe-first-aoe
40fe72a71b6d4bbeb88c51ca2418a8bf501c3f02566baad9841758f23b442d16,2024-03-02 13:19:17.769734+00:00,en,heraldscotland.com,heraldscotland.com,2023-03-16,The debate over the state of GP services continues,https://www.heraldscotland.com/news/23389563.really-wrong-private-companies-providing-healthcare/?ref=rss
f3e45c335c838243c00b4f5f30c93a5b8132fb475c1fee47b809afd9d54c2683,2024-03-02 10:43:27.294725+00:00,en,heraldscotland.com,heraldscotland.com,2023-03-18,The inspiring professor and a Glasgow research hub that’s cleaning up our seas,https://www.heraldscotland.com/news/23391099.glasgow-research-hub-facing-marine-pollution/?ref=rss
1c30b977548bc13cb13a8e51f46bc325ef0b5d9dbace4e8a65ee6a92772a5c91,2024-03-02 08:50:34.160334+00:00,en,independent.co.uk,independent.co.uk,2023-03-20,Activists demand EU halts 'green' funds for Spain ski resort,https://www.independent.co.uk/news/spain-ap-madrid-pyrenees-spanish-b2304256.html
359dd0208f17ece2a707d3f8c1910d76f8f038db6cca0c03a62dd808a3716f81,2024-03-02 08:37:43.962914+00:00,en,metro.co.uk,metro.co.uk,2023-03-20,"IPCC chair says ‘we can still secure a liveable, sustainable future for all’",https://metro.co.uk/2023/03/20/ipcc-report-the-world-is-not-doing-enough-to-combat-climate-change-18470786/
7e0bd5ccb6103cd5eb419a9bd1d00c24a5a75e2e0028d7713ce1ee120fa64091,2024-03-02 07:30:10.282835+00:00,en,huffingtonpost.co.uk,huffingtonpost.co.uk,2023-03-21,5 Key Takeaways From The Dire IPCC Climate Report,https://www.huffingtonpost.co.uk/entry/5-key-takeaways-from-ipcc-climate-report_uk_641979eae4b00c3e6075bd98
56db367fad2c0b15de840663ba35f48c70bfed3408c37e54e17769b0a7330b42,2024-03-01 23:57:05.372597+00:00,en,theguardian.com,theguardian.com,2023-03-26,"Deep-sea mining for rare metals will destroy ecosystems, say scientists",https://www.theguardian.com/environment/2023/mar/26/deep-sea-mining-for-rare-metals-will-destroy-ecosystems-say-scientists
3831c185c1ea89641f54d63224f4df0778a1801c392e825f9f21b6c43eba0cd2,2024-03-01 23:56:17.748536+00:00,en,theconversation.com,theconversation.com,2023-03-27,The environmental impact of Russia’s invasion goes beyond Ukraine – how do we deal with ‘problems without passports’?,https://theconversation.com/the-environmental-impact-of-russias-invasion-goes-beyond-ukraine-how-do-we-deal-with-problems-without-passports-202505
cdd3485bcb475341ff74fed5a305fad7cd4f9f042743dfb56626eb1c1e8a9c21,2024-03-01 19:47:56.913828+00:00,en,theguardian.com,theguardian.com,2023-03-29,United Nations adopts landmark resolution on climate justice,https://www.theguardian.com/environment/2023/mar/29/united-nations-resolution-climate-emergency-vanuatu
ca4dfaf62befd7d0b0c78b05dbe50440918793f63b4fb3d4dcf7d05c145ce934,2024-03-01 18:02:13.218657+00:00,en,theguardian.com,theguardian.com,2023-03-30,Removing 70 of Pablo Escobar’s hippos to cost Colombia $3.5m,https://www.theguardian.com/world/2023/mar/30/removing-pablo-escobars-hippos-to-cost-colombia-35m
b0a2ee9447f82a9e55ecaec082b3836f9e905dd432dd5e2dbf4f7daf63d04070,2024-03-01 17:53:40.695796+00:00,en,theconversation.com,theconversation.com,2023-03-30,Friday essay: could a reinterpreted Marxism have solutions to our unprecedented environmental crisis?,https://theconversation.com/friday-essay-could-a-reinterpreted-marxism-have-solutions-to-our-unprecedented-environmental-crisis-199963
d04df3b82298a0238e342849a37d88d8fd75c893105a97d9ce1480c87afc6dac,2024-03-01 17:51:29.272548+00:00,en,standard.co.uk,standard.co.uk,2023-03-31,Don’t fake it! Low-maintenance lawn ideas that don’t cost the earth,https://www.standard.co.uk/homesandproperty/gardening/artificial-grass-alternatives-low-maintenance-plastic-free-lawn-ideas-b1071408.html
9d331d0699a4b06e4f89a5a6664aed7ce603be109c6f27fd58883d205050b682,2024-03-01 17:06:01.868462+00:00,en,theguardian.com,theguardian.com,2023-03-31,"‘Take back control’? With this Pacific trade deal, Brexit Britain has just signed it away",https://www.theguardian.com/commentisfree/2023/mar/31/pacific-trade-deal-brexit-britain-food-standards-economic-benefit
cf8a4b3ecf2a6ccd80184ecc95dacf32ef8a4fe86e22ddfd95b8dfd0f69b8f37,2024-03-01 16:20:13.375353+00:00,en,heraldscotland.com,heraldscotland.com,2023-04-01,The people helping to save the planet – and how you can too,https://www.heraldscotland.com/news/23426800.people-helping-save-planet---can/?ref=rss
7b452468c2b3fa46e4a6c9397b4c18103e07e679df8d7782da1c8e33c9b19969,2024-03-01 15:35:42.635707+00:00,en,birminghammail.co.uk,birminghammail.co.uk,2023-04-02,Six tips for an eco-friendly Ramadan,https://www.birminghammail.co.uk/news/midlands-news/six-tips-eco-friendly-ramadan-26602800
a303babaae768c4846ae7a1fd6a607515a7c12848ebd08f971b3a967e720a9ed,2024-03-01 14:51:20.478550+00:00,en,theconversation.com,theconversation.com,2023-04-02,The war on Tigray wiped out decades of environmental progress: how to start again,https://theconversation.com/the-war-on-tigray-wiped-out-decades-of-environmental-progress-how-to-start-again-201062
7c6144401fcab5e1c97e2c6a36e4651b943eef4fde44354d293b3f978e2d57b7,2024-03-01 13:44:43.128574+00:00,en,express.co.uk,express.co.uk,2023-04-03,a 6th world mass extinction event looms,https://www.express.co.uk/comment/expresscomment/1754203/mass-extinction-climate-change-net-zero
851c6ecbb38c2bc8023ca44137ffe50da67e1b82793644157d0e758936c59a40,2024-03-01 13:02:44.606402+00:00,en,theguardian.com,theguardian.com,2023-04-04,‘I speak for the animals’: the Ugandan judge who strikes fear into poachers,https://www.theguardian.com/global-development/2023/apr/04/i-speak-for-the-animals-the-ugandan-judge-who-strikes-fear-into-poachers
9b59c8e1c34923caf79a4c7fd81fe22f0ed987c2fc4dc2feefdc9be9930c849d,2024-03-01 12:38:27.013789+00:00,en,theconversation.com,theconversation.com,2023-04-04,"Food forests are bringing shade and sustenance to US cities, one parcel of land at a time",https://theconversation.com/food-forests-are-bringing-shade-and-sustenance-to-us-cities-one-parcel-of-land-at-a-time-197388
e82cc6e201159097d6126ad4f926ce5c400244cb564ecb8906ebf5c58f944641,2024-03-01 09:01:29.358302+00:00,en,express.co.uk,express.co.uk,2023-04-06,'New normal’ of 40C heat increases demand on NHS,https://www.express.co.uk/life-style/health/1755865/nhs-steve-barclay-heatwave-warning-demand
f11f864ea9217e4ac0343db200545371bab2b8792174e358833ffe748c67161e,2024-03-01 08:47:45.240504+00:00,en,independent.co.uk,independent.co.uk,2023-04-07,A tax cut on domestic flights is plane mad – here’s what we need instead,https://www.independent.co.uk/travel/sustainable-travel/apd-tax-cut-domestic-flights-b2315554.html
0ad3d9fceabf01f2b55e3babeef888ff84d40bd07947d696b2dd6a119ef7e3b4,2024-03-01 07:27:46.208966+00:00,en,metro.co.uk,metro.co.uk,2023-04-08,Snapshot: Stunning images of the animals we risk sending to extinction,https://metro.co.uk/2023/04/08/snapshot-stunning-images-of-the-animals-we-risk-sending-to-extinction-18571653/
2a6d86555bc57f1fc5f109800a4ae29d3547d21c2a035de42745fa3405c08cb6,2024-03-01 07:09:19.966392+00:00,en,independent.co.uk,independent.co.uk,2023-04-08,How a decorative shrub introduced by the British is destroying India’s tiger habitats,https://www.independent.co.uk/asia/india/project-tiger-india-habitat-loss-invasive-species-b2315315.html
eaa15865d6758ce80be6b8b0f1617b8ebd2e879192e8ef1039a28eb12effc525,2024-03-01 05:28:23.392627+00:00,en,liverpoolecho.co.uk,liverpoolecho.co.uk,2023-04-10,Birkenhead Park among 7 sites aiming to win World Heritage status,https://www.liverpoolecho.co.uk/news/liverpool-news/birkenhead-park-among-seven-sites-26665056
0a47c7dee577c842bcdff2a098b61a90707c9382f1d86f129151ee36b5d8b489,2024-03-01 03:58:57.431278+00:00,en,theguardian.com,theguardian.com,2023-04-11,"Does climate breakdown mean we’re doomed? No: if we're brave, big change can happen fast",https://www.theguardian.com/commentisfree/2023/apr/11/climate-breakdown-climate-crisis-solutions-idea
ae8ef944ebbad40921b853cc7ecdb57c0a829ece7ad9e1c764c12a2db1d676e2,2024-03-01 01:20:58.467070+00:00,en,standard.co.uk,standard.co.uk,2024-02-28,'We can help save the world' says Cara Delevingne on her urban growing revolution,https://www.standard.co.uk/homesandproperty/gardening/cara-delevingne-earthed-urban-growing-gardening-food-rewilding-b1141855.html
3f6d214b1f37a7fdaab9661938dff150b0c191cfd5ea4593dcafca089266c470,2024-02-29 18:11:08.711888+00:00,en,theguardian.com,theguardian.com,2023-04-18,New Zealand feral cat hunting competition for children prompts backlash,https://www.theguardian.com/world/2023/apr/18/new-zealand-feral-cat-hunting-competition-for-children-prompts-backlash
c1be027d435d7b03138ad574715b8f46df3e7943c094b214e1d735d39e0a8a45,2024-02-29 16:02:47.748696+00:00,en,independent.co.uk,independent.co.uk,2023-04-19,New Zealand feral cat killing competition cancelled after backlash,https://www.independent.co.uk/news/world/australasia/new-zealand-cat-killing-competition-b2322526.html
54d07d20f22e1141a599e0b7abc8f2950b7558540e5b14fb389684d3cbb7aca9,2024-02-29 13:21:00.392987+00:00,en,dailymail.co.uk,dailymail.co.uk,2023-04-20,JAMIE BLACKETT: Jeremy Clarkson is the patron saint of farmers! We're besieged by badger huggers,https://www.dailymail.co.uk/debate/article-11996885/JAMIE-BLACKETT-Jeremy-Clarkson-patron-saint-farmers-besieged-badger-huggers.html?ns_mchannel=rss&ns_campaign=1490&ito=1490
5e87d8c3b21c49ad1c3f4fbef4db9b14fbf5e594e2e6097a90c83715ac310083,2024-02-29 08:44:57.029527+00:00,en,dailymail.co.uk,dailymail.co.uk,2023-04-24,"Leave weeds, slugs and snails in your garden alone and 'let nature take its course', experts say",https://www.dailymail.co.uk/news/article-12009217/Leave-weeds-slugs-snails-garden-let-nature-course-experts-say.html?ns_mchannel=rss&ito=1490&ns_campaign=1490
b582eb6983883c59ec5f8a7b84731ed9d25784437f878fd62cee1e9ad988eacc,2024-02-29 08:05:27.633915+00:00,en,heraldscotland.com,heraldscotland.com,2023-04-25,Vicky Allan: Humza Yousaf says he will not impose HPMAs. Are they dead in the water?,https://www.heraldscotland.com/politics/viewpoint/23477694.humza-yousaf-says-wont-impose-hpmas-dead-water/?ref=rss
8e87254ec9b7a300ec5ad9f20367355abe7658bf3130aa981a0c348db81c1098,2024-02-29 07:34:24.611805+00:00,en,theguardian.com,theguardian.com,2023-04-25,‘You can see camel carcasses all over’: rural Kenyans face tough new battle with predators,https://www.theguardian.com/global-development/2023/apr/25/you-can-see-camel-carcasses-all-over-rural-kenyans-face-tough-new-battle-with-predators
8a978d306b8c3f08538e3fb33d078944fdc3d531357c36677c9c7c7b11337200,2024-02-29 06:24:49.497098+00:00,en,express.co.uk,express.co.uk,2023-04-26,EU abandons promises to plunder Indian Ocean’s overfished tuna stocks,https://www.express.co.uk/news/world/1762966/eu-fishing-indian-ocean-tuna-stocks
f6d91a86f45cdb3b51c5912552d346e5e1b4777b5e71b3926250b64219974875,2024-02-29 00:28:19.531535+00:00,en,dailymail.co.uk,dailymail.co.uk,2024-02-27,"The next Japanese knotweed? Scientists reveal the 5 'potentially invasive' plants that could wreak havoc on British gardens - so, do you have one in your backyard?",https://www.dailymail.co.uk/sciencetech/article-13130661/Japanese-knotweed-invasive-plants-Britain.html?ns_mchannel=rss&ns_campaign=1490&ito=1490
4fd9d46706118dc86bf05289f1e19d2c66a3d0fc055f982f2234a1fb7afb8987,2024-02-28 19:48:51.889326+00:00,en,express.co.uk,express.co.uk,2023-05-03,"Amid fly-tipping and plastic lawns, people reopened doors to nature",https://www.express.co.uk/news/nature/1765799/wildspaces-across-a-waking-land-roger-morgan-grenville
0617d62f5f61198fbdcf39a05e602dda60e0168bcc69646087f3937ce295dd53,2024-02-28 14:08:41.939445+00:00,en,theconversation.com,theconversation.com,2023-05-08,Bold and innovative planning is delivering Australia’s newest city. But it will be hot – and can we ditch the colonial name?,https://theconversation.com/bold-and-innovative-planning-is-delivering-australias-newest-city-but-it-will-be-hot-and-can-we-ditch-the-colonial-name-203932
d2d70266e79cd8a230ca7b645a0d56422d7d32da4a45001d544e462d6560fcd9,2024-02-28 08:59:18.973940+00:00,en,jerseyeveningpost.com,jerseyeveningpost.com,2023-05-11,Jane Goodall calls for end to factory farming amid ‘extreme’ animal cruelty,https://jerseyeveningpost.com/morenews/uknews/2023/05/11/jane-goodall-calls-for-end-to-factory-farming-amid-extreme-animal-cruelty/
090a6c518b3c578f770093748cb3574f7c9012f650fa0f1d6528220e4f137578,2024-02-28 08:59:07.772676+00:00,en,independent.co.uk,independent.co.uk,2023-05-11,Jane Goodall calls for end to factory farming amid ‘extreme’ animal cruelty,https://www.independent.co.uk/climate-change/news/jane-goodall-planet-earth-patron-london-extinction-b2336955.html
141aa05bcd5b70429b631f37678c62451da5974477db3a8d36344157e430d3b5,2024-02-28 08:58:58.845821+00:00,en,guernseypress.com,guernseypress.com,2023-05-11,Jane Goodall calls for end to factory farming amid ‘extreme’ animal cruelty,https://www.guernseypress.com/news/uk-news/2023/05/11/jane-goodall-calls-for-end-to-factory-farming-amid-extreme-animal-cruelty/
ba822032a9598c7c1738ddf8723aef64a224b792d8186ccc5d770daa3155dd75,2024-02-28 08:58:20.098166+00:00,en,standard.co.uk,standard.co.uk,2023-05-11,Jane Goodall calls for end to factory farming amid ‘extreme’ animal cruelty,https://www.standard.co.uk/news/environment/jane-goodall-planet-earth-london-extinction-regeneration-b1080355.html
319b8b350623e68df2d4f1a3d6c0472d5f07a666e2d5fa65497c53d4b9fd1a00,2024-02-28 03:53:07.955718+00:00,en,walesonline.co.uk,walesonline.co.uk,2024-02-26,Drastic action to stop lake being 'swallowed up' by weed,https://www.walesonline.co.uk/news/wales-news/drastic-action-planned-stop-welsh-28705720
49978502ac81f0b5c16fe3f7707cda1fcdb1d83fff8937025ed46c182b03a5a3,2024-02-28 02:19:25.746015+00:00,en,theguardian.com,theguardian.com,2023-05-16,"Flagship EU law to restore nature must not be derailed, warns environment chief",https://www.theguardian.com/environment/2023/may/16/flagship-eu-law-restore-nature-must-not-be-derailed-warns-environment-chief-aoe
244a76fe0e461895c3a8bf79a5c7db789fdccb0f279d39b06c36c9a7f459dc30,2024-02-28 01:28:11.084740+00:00,en,standard.co.uk,standard.co.uk,2023-05-16,Best plants for pollinators to keep your garden blooming,https://www.standard.co.uk/shopping/esbest/home-garden/gardening/best-plants-for-pollinators-bee-friendly-b1081446.html
2b2a29651139571992da5bbc1d04da8ed1f0d96b4114f79aef7ecfc177923e82,2024-02-27 23:58:25.487550+00:00,en,politicshome.com,politicshome.com,2023-05-16,A book of beautiful ambition: Baroness Helic reviews 'The Book of Wilding',https://www.politicshome.com/thehouse/article/baroness-helic-reviews-the-book-wilding
886eacf9abf7f941689e091817bb3fc4a0638765a13e23f5803ccc01e8690c13,2024-02-27 22:37:29.388692+00:00,en,express.co.uk,express.co.uk,2023-05-17,NatWest to help farmers with £6.7bn as report shows food security risks,https://www.express.co.uk/finance/city/1771278/natwest-farmers-funding-food-security
176d2f9429ab432452d15af1b9c35948a1c85a52e01b4d6536c1f5bc8c42324d,2024-02-27 16:47:45.767452+00:00,en,scotsman.com,scotsman.com,2023-05-21,Readers' Letters: Starmer needs to do away with first-past-the-post vote,https://www.scotsman.com/news/opinion/letters/readers-letters-starmer-needs-to-do-away-with-first-past-the-post-vote-4147801
26987ee7b3988b76d3cde8f5ffe06ce1d926e6e9a3bb61bdd3b87bce3aab5c53,2024-02-27 16:00:27.786299+00:00,en,theguardian.com,theguardian.com,2023-05-21,Is it too late to halt deep-sea mining? Meet the activists trying to save the seabed,https://www.theguardian.com/environment/2023/may/21/is-it-too-late-to-halt-deep-sea-mining-the-activists-trying-to-save-the-seabed
4698680de2fc8646e6cbc82d713c9160c43c2b6bb78b8fde59ec6de3c20bac37,2024-02-27 14:48:19.003309+00:00,en,theguardian.com,theguardian.com,2023-05-22,Cheetah deaths raise questions over India’s reintroduction scheme,https://www.theguardian.com/world/2023/may/22/cheetah-deaths-questions-india-reintroduction-scheme
93d7497a5a69ce33f591f3adf22ea1d246d805caf3820e0e7d2e6ebb36f23599,2024-02-27 13:57:26.172059+00:00,en,sky.com,sky.com,2023-05-23,Hippos and killer whales among five more species to be added to ivory ban list,https://news.sky.com/story/hippos-and-killer-whales-among-five-more-species-to-be-added-to-ivory-ban-list-12887269
b057ba9e1f43961ef38b39ebef2fa272c6023cbb850c0466965fb6463ac10cf4,2024-02-27 12:51:21.295998+00:00,en,standard.co.uk,standard.co.uk,2023-05-23,Tory mayoral hopeful says she would consider breaking up Met Police,https://www.standard.co.uk/news/london/natalie-campbell-conservative-mayor-london-met-police-b1083218.html
39b55832cfef4347993fd3ed41cb28813c662fc611166c9eca2baa47f01a38ab,2024-02-27 09:41:32.680210+00:00,en,theguardian.com,theguardian.com,2023-05-25,"More than 5,000 new species discovered in Pacific deep-sea mining hotspot",https://www.theguardian.com/environment/2023/may/25/more-than-5000-new-species-discovered-in-pacific-deep-sea-mining-hotspot
a257e0d1e0a751b77b4eff32c44db4d4f51d1ba3e1cc31ba819792f65a78cd25,2024-02-27 09:37:52.866337+00:00,en,theguardian.com,theguardian.com,2023-05-20,‘The impact we have is vast’: scientists look to clean up Antarctica,https://www.theguardian.com/world/2023/may/20/scientists-clean-up-antarctica
497415fcafa17071e41f961af3afe62aff8e6cbeaa9d1157a970b29b2999ceeb,2024-02-27 08:44:58.591523+00:00,en,theguardian.com,theguardian.com,2023-05-26,‘All I see are ghosts’: fear and fury as the last spotted owl in Canada fights for survival,https://www.theguardian.com/environment/2023/may/26/northern-spotted-owl-canada-british-columbia-ghosts-aoe
1a62ef5611341c7f6deded42afc1c32252990003224c068f1aadbfb46f8c1c72,2024-02-27 04:54:00.329390+00:00,en,metro.co.uk,metro.co.uk,2023-05-30,Limiting global temperature is least of businesses' concerns ahead of Cop28,https://metro.co.uk/2023/05/30/global-temperature-is-least-of-businesses-concerns-ahead-of-cop28-18863001/
0dda975d4d31dcb273b4f83eddb00a6f4c14f3a053859dfaf69fdb6bd3e655e2,2024-02-27 04:53:19.598847+00:00,en,jerseyeveningpost.com,jerseyeveningpost.com,2023-05-30,Keeping 1.5C alive ‘bottom of desired outcomes for global businesses at Cop28’,https://jerseyeveningpost.com/morenews/uknews/2023/05/30/keeping-15c-alive-bottom-of-desired-outcomes-for-global-businesses-at-cop28/
c66ab5adc922ffdecfaa5e45ee6c03851c5b6bcb80250d53aa79c61a162742ef,2024-02-27 04:53:13.687762+00:00,en,independent.co.uk,independent.co.uk,2023-05-29,Keeping 1.5C alive ‘bottom of desired outcomes for global businesses at Cop28’,https://www.independent.co.uk/climate-change/news/cop28-cop26-dubai-scientists-greenland-b2347919.html
27b424f6d940612642a42501b1f0bd2bf2bda5116c64736b83a16b6990de464e,2024-02-27 04:52:44.725067+00:00,en,standard.co.uk,standard.co.uk,2023-05-29,Keeping 1.5C alive ‘bottom of desired outcomes for global businesses at Cop28’,https://www.standard.co.uk/news/environment/cop26-dubai-scientists-greenland-london-b1084409.html
e63425b07d0ac8ffa502d68684fbb3f0e510406210431288b21da24a9a7e3c10,2024-02-27 04:52:00.731404+00:00,en,guernseypress.com,guernseypress.com,2023-05-29,Keeping 1.5C alive ‘bottom of desired outcomes for global businesses at Cop28’,https://www.guernseypress.com/news/uk-news/2023/05/29/keeping-15c-alive-bottom-of-desired-outcomes-for-global-businesses-at-cop28/
f102f6ce2e18555d50bbce8f63a5e13ec4d06fa46bd55f89fd1ea2849faa4bd0,2024-02-27 02:42:51.775743+00:00,en,walesonline.co.uk,walesonline.co.uk,2024-02-25,Drastic action planned at Welsh lake being 'swallowed up' by invasive weeds,https://www.walesonline.co.uk/news/wales-news/drastic-action-planned-welsh-lake-28700306
1bd881db9137aa80e87dd110ed552af5997bc9d85eb3ebb8fead30cc12408980,2024-02-27 02:34:57.983758+00:00,en,heraldscotland.com,heraldscotland.com,2024-02-25,How pigs that look like sheep are helping an Ayrshire forest to grow,https://www.heraldscotland.com/news/24133137.pigs-look-like-sheep-helping-ayrshire-forest-grow/?ref=rss
27d9da513a413c57cd0af02beb5891debbd718ecc7aaa17c1d11b752addcbf80,2024-02-27 02:19:07.329722+00:00,en,jerseyeveningpost.com,jerseyeveningpost.com,2023-05-31,"Almost all safe and just Earth boundaries now breached, say scientists",https://jerseyeveningpost.com/uncategorised/2023/05/31/almost-all-safe-and-just-earth-boundaries-now-breached-say-scientists/
e0a690b1dc716e563ae17deb5b6fcaf55da17a663c13e6093bde009b15a9a342,2024-02-27 02:18:51.498640+00:00,en,independent.co.uk,independent.co.uk,2023-05-31,"Almost all safe and just Earth boundaries now breached, say scientists",https://www.independent.co.uk/climate-change/news/earth-seven-b2349026.html
c1ab5730c7f8c0ab29c39d628e4bb192c6a3406d317b0fdd77b52e8f498722ef,2024-02-27 02:18:49.372314+00:00,en,guernseypress.com,guernseypress.com,2023-05-31,"Almost all safe and just Earth boundaries now breached, say scientists",https://www.guernseypress.com/news/uk-news/2023/05/31/almost-all-safe-and-just-earth-boundaries-now-breached-say-scientists/
8f02f5e8d97ff7071b0a45c284e7c4b2d8a58211557fc87c567a3cefce760a46,2024-02-27 02:17:39.048266+00:00,en,standard.co.uk,standard.co.uk,2023-05-31,"Almost all safe and just Earth boundaries now breached, say scientists",https://www.standard.co.uk/tech/science/earth-humans-seven-university-of-amsterdam-b1084825.html
d71009b504560ab8eabfe2447bf9e1f6544d9366354c3eca6c30b5df55af62df,2024-02-27 01:38:07.148133+00:00,en,dailymail.co.uk,dailymail.co.uk,2023-06-01,"Seven out of nine 'safe limits' for life on Earth have been exceeded by humans, scientists warn",https://www.dailymail.co.uk/sciencetech/article-12146453/Seven-nine-safe-limits-life-Earth-exceeded-humans-scientists-warn.html?ns_mchannel=rss&ns_campaign=1490&ito=1490
94782db46d18e0fac8f916f76dc09b393cf6bf605dba297878c4a17ebf9e023b,2024-02-26 23:53:16.211256+00:00,en,dailymail.co.uk,dailymail.co.uk,2023-06-02,Financier Ben Goldsmith claims Britain has a 'moral duty' to learn to live with extinct animals,https://www.dailymail.co.uk/news/article-12150653/Financier-Ben-Goldsmith-claims-Britain-moral-duty-learn-live-extinct-animals.html?ns_mchannel=rss&ito=1490&ns_campaign=1490
ed2316aee42ae10251a1ef38bd68e031f9bb40f5fc79e9e73cf8ed69bce000ae,2024-02-26 19:58:06.105197+00:00,en,theconversation.com,theconversation.com,2023-06-04,We can't just walk away after the logging stops in Victoria's native forests. Here's what must happen next,https://theconversation.com/we-cant-just-walk-away-after-the-logging-stops-in-victorias-native-forests-heres-what-must-happen-next-206596
3de5ced6a6f6251b8fec9a52fdb0063a84d600d7674621f6ed18165d82d7b24f,2024-02-26 19:10:03.181888+00:00,en,politicshome.com,politicshome.com,2023-06-05,The Climate and Ecology Bill is our best chance to tackle the climate crisis,https://www.politicshome.com/thehouse/article/climate-ecology-bill-best-chance-tackling-climate-crisis
82e557a00502bc734b21b82fdfb90beb3b8f642a2398970c668786e9524a0e07,2024-02-26 19:07:53.609658+00:00,en,jerseyeveningpost.com,jerseyeveningpost.com,2023-06-05,Youth campaigners urge Prime Minister to back climate and nature Bill,https://jerseyeveningpost.com/morenews/uknews/2023/06/05/youth-campaigners-urge-prime-minister-to-back-climate-and-nature-bill/
b814c60a18c1160808f64ef275356629cc8b22c31cdf0939091b65584b170392,2024-02-26 19:07:47.044314+00:00,en,independent.co.uk,independent.co.uk,2023-06-05,Youth campaigners urge Prime Minister to back climate and nature Bill,https://www.independent.co.uk/climate-change/news/bill-caroline-lucas-prime-minister-mps-mayor-b2351799.html
1625496276ddd773310c129801d8cd244f7e73fa3779f272fac5d2e6bfb4d420,2024-02-26 19:07:37.131890+00:00,en,guernseypress.com,guernseypress.com,2023-06-05,Youth campaigners urge Prime Minister to back climate and nature Bill,https://www.guernseypress.com/news/uk-news/2023/06/05/youth-campaigners-urge-prime-minister-to-back-climate-and-nature-bill/
36dc6318d7086f8ae0116416a0579ac0ed9aba42c477bf394fa8b9626252aecf,2024-02-26 19:01:56.377260+00:00,en,standard.co.uk,standard.co.uk,2023-06-05,Youth campaigners urge Prime Minister to back climate and nature Bill,https://www.standard.co.uk/news/politics/caroline-lucas-prime-minister-mps-mayor-uk-government-b1085748.html
3683f9e5be311e9b1f54b05070a7c68b2666e1abe3383513ccdee1b0f5d20b0e,2024-02-26 17:01:01.421116+00:00,en,jerseyeveningpost.com,jerseyeveningpost.com,2023-06-07,Planning system ‘not fit for purpose’ on tackling climate crisis – campaigners,https://jerseyeveningpost.com/morenews/uknews/2023/06/07/planning-system-not-fit-for-purpose-on-tackling-climate-crisis-campaigners/
a9d0e8862975d19c5e7efb6e12a7b572bed20baf429287b8ba081a2dc0080545,2024-02-26 17:00:56.514866+00:00,en,independent.co.uk,independent.co.uk,2023-06-06,Planning system ‘not fit for purpose’ on tackling climate crisis – campaigners,https://www.independent.co.uk/climate-change/news/institute-for-public-policy-research-english-b2352738.html
f0aafe87d3481e0cbbe12414ee2d4efd2cb52989bf8e0f460891e9d9ce0a1f46,2024-02-26 16:59:29.575422+00:00,en,guernseypress.com,guernseypress.com,2023-06-06,Planning system ‘not fit for purpose’ on tackling climate crisis – campaigners,https://www.guernseypress.com/news/uk-news/2023/06/06/planning-system-not-fit-for-purpose-on-tackling-climate-crisis--campaigners/
8b2cfcf3f6df240d9668ce284a7dd94790323b693c9ca69762954e9b43598ef5,2024-02-26 16:59:04.381989+00:00,en,standard.co.uk,standard.co.uk,2023-06-06,Planning system ‘not fit for purpose’ on tackling climate crisis – campaigners,https://www.standard.co.uk/news/environment/campaigners-institute-for-public-policy-research-english-none-b1086075.html
a0ebe408c0978e611a3fb1ac9a3815a8ff802aa1ea2c62713a8524a86547ab11,2024-02-26 15:38:23.377865+00:00,en,mirror.co.uk,mirror.co.uk,2023-06-07,Fears UK invaded by alien monster plant 'Sea Vomit' that can hurt marine life,https://www.mirror.co.uk/news/uk-news/fears-uk-invaded-alien-monster-30177625
3e9f173e1811bf83c82a43726adc1f52c29bd7704afde25aceb5b9009670579d,2024-02-26 14:57:58.821101+00:00,en,theguardian.com,theguardian.com,2023-06-08,The planet’s economist: has Kate Raworth found a model for sustainable living?,https://www.theguardian.com/environment/2023/jun/08/the-planets-economist-has-kate-raworth-found-a-model-for-sustainable-living
298fc64bd36a29399b61555089e1c9f958711033f94531abca1fa325d1eb64f8,2024-02-26 10:46:36.582271+00:00,en,prnewswire.co.uk,prnewswire.co.uk,2023-06-11,"COP28 must deliver for the most vulnerable, President-Designate tells UN climate change conference",https://www.prnewswire.co.uk/news-releases/cop28-must-deliver-for-the-most-vulnerable-president-designate-tells-un-climate-change-conference-301847825.html
01c2b2cb61638ed1fe191a7f2a354a428057186ad3cdc3f6e1f9c8bb3dfe2ece,2024-02-26 09:59:50.529393+00:00,en,theguardian.com,theguardian.com,2023-06-12,Former Italian leader Silvio Berlusconi dies aged 86,https://www.theguardian.com/us-news/2023/jun/12/first-thing-former-italian-leader-silvio-berlusconi-dies
f9433173e6e6b0a1b669e721578296c0cf48fbd76f206f629f1bf3418011a4fa,2024-02-26 08:45:07.099171+00:00,en,dailyrecord.co.uk,dailyrecord.co.uk,2023-06-13,Warning over seven garden pests that lurk in plants and 'badly damage' them,https://www.dailyrecord.co.uk/lifestyle/warning-over-seven-garden-pests-30220301
c4e8789d8194b24b25d75b3c01f6c2b06f82db81b674f46f8367a602b82db9ca,2024-02-26 05:04:18.424863+00:00,en,britainnews.net,britainnews.net,2023-06-15,SHE Changes Climate India Ambassador Shreya Ghodawat talks about policy recommendations for women in the Global South in Geneva Ahead of COP28 UAE,http://www.britainnews.net/news/273866431/she-changes-climate-india-ambassador-shreya-ghodawat-talks-about-policy-recommendations-for-women-in-the-global-south-in-geneva-ahead-of-cop28-uae
42b22e49d4e48fbbe08b48240a79f93df3d40d6988b77917e11d3d9095b564f0,2024-02-26 05:04:11.724480+00:00,en,unitedkingdomnews.net,unitedkingdomnews.net,2023-06-16,SHE Changes Climate India Ambassador Shreya Ghodawat talks about policy recommendations for women in the Global South in Geneva Ahead of COP28 UAE,http://www.unitedkingdomnews.net/news/273866431/she-changes-climate-india-ambassador-shreya-ghodawat-talks-about-policy-recommendations-for-women-in-the-global-south-in-geneva-ahead-of-cop28-uae
4b2060befa59d0b7759d0f9f196e21ea5c209c412ba1a283b6c7c277962e701a,2024-02-26 03:39:25.199865+00:00,en,walesonline.co.uk,walesonline.co.uk,2023-06-16,The gigantic wind turbines a community don't want built,https://www.walesonline.co.uk/news/wales-news/gigantic-wind-turbines-more-double-27138842
89d67db7d35a840ad15b3a7e354c66937e67cf07f1154d14ae6bffb41b008b9a,2024-02-26 01:43:38.280906+00:00,en,theguardian.com,theguardian.com,2023-06-18,The best way to raise cows sustainably? Set them free,https://www.theguardian.com/environment/2023/jun/18/cows-sustainable-farming-silvopasture
21a61de53052f0e70f919bd7a688a269ef6061d17eb6eef904e8487a251f1a51,2024-02-25 21:37:31.320118+00:00,en,theguardian.com,theguardian.com,2023-06-20,‘A green transition that leaves no one behind’: world leaders release open letter,https://www.theguardian.com/environment/2023/jun/21/a-green-transition-that-leaves-no-one-behind-world-leaders-release-open-letter
76f454992a988b516f3fe23b4c6db68583131d7364512f0144ed5f561f824926,2024-02-25 19:51:11.947149+00:00,en,jerseyeveningpost.com,jerseyeveningpost.com,2023-06-22,Extreme weather may push ecosystems into collapse ‘much sooner’ than thought,https://jerseyeveningpost.com/uncategorised/2023/06/22/extreme-weather-may-push-ecosystems-into-collapse-much-sooner-than-thought/
6c09708630f1a0511541dc925f9c95446b19679e660c57cca671b168b5d8544e,2024-02-25 19:50:58.412274+00:00,en,independent.co.uk,independent.co.uk,2023-06-22,Extreme weather may push ecosystems into collapse ‘much sooner’ than thought,https://www.independent.co.uk/climate-change/news/intergovernmental-panel-on-climate-change-scientists-amazon-rainforest-rapa-nui-bangor-university-b2362463.html
50b91c7bbb8958d549661ac856364574c1d64272c640e7b079f45e0dd7d1edff,2024-02-25 19:50:13.347493+00:00,en,standard.co.uk,standard.co.uk,2023-06-22,Extreme weather may push ecosystems into collapse ‘much sooner’ than thought,https://www.standard.co.uk/tech/science/scientists-amazon-rainforest-university-of-southampton-greenland-amazon-b1089619.html
0b76a73573f6f719b919d584b8a4dc4b94707721894b68506709e9a8c9d3927a,2024-02-25 10:45:15.656649+00:00,en,theweek.co.uk,theweek.co.uk,2023-06-29,Deforestation and the state of the world’s rainforests,https://www.theweek.co.uk/news/environment/961448/the-state-of-the-worlds-rainforests
b8b02df2200ed24990795d58a04dfefbd17a8c66654ece0e9fe8bc239da4e7b2,2024-02-25 09:58:53.972482+00:00,en,scotsman.com,scotsman.com,2023-06-30,The second biggest source of greenhouse gas emissions in Scotland may surprise you – Dan Paris,https://www.scotsman.com/news/opinion/columnists/climate-change-scottish-farming-needs-help-to-reduce-its-stubbornly-high-greenhouse-gas-emissions-dan-paris-4201479
e31f232403ee1d5c0d69b304b181f4be6a1bb6ea86d795f8e3a599c6568a7cf6,2024-02-25 09:51:33.852664+00:00,en,scotsman.com,scotsman.com,2023-06-30,How the SNP-Green government is set to inflict a fresh blow on rural businesses – Ross Ewing,https://www.scotsman.com/news/opinion/columnists/wildlife-management-and-muirburn-bill-snp-green-government-is-set-to-inflict-a-fresh-blow-on-rural-businesses-ross-ewing-4202784
003b88fac659061415a195f368a368bfafef668b2b4e7012499dcda06034e6ce,2024-02-25 09:38:51.232437+00:00,en,theconversation.com,theconversation.com,2023-06-30,"By 'helping' wild animals, you could end their freedom or even their lives – here's why you should keep your distance",https://theconversation.com/by-helping-wild-animals-you-could-end-their-freedom-or-even-their-lives-heres-why-you-should-keep-your-distance-207188
2043d623d5ed3c7073b5d1c8fd40e8f2d0a3bc5fbac71f48f11ad5d3db09e03d,2024-02-25 07:00:59.617093+00:00,en,independent.co.uk,independent.co.uk,2023-07-03,Deep sea mining permits may be coming soon. What are they and what might happen?,https://www.independent.co.uk/news/united-nations-ap-isa-jakarta-indonesia-b2368253.html
dcf3321de65a1fa70cc82a8f12cafc932fe930ff27b90215f438a7e2a360dc21,2024-02-25 05:32:04.509123+00:00,en,scotsman.com,scotsman.com,2023-07-04,"The Scotland I want to build is a genuine democracy, not one with an unelected and unaccountable head of state",https://www.edinburghnews.scotsman.com/news/opinion/columnists/the-scotland-i-want-to-build-is-a-genuine-democracy-not-one-with-an-unelected-and-unaccountable-head-of-state-lorna-slater-4205681
601edaa14cd0c5aaf86b52360fcd63c8738d9b485bf589f8428572fb0b1ad5d0,2024-02-25 05:25:45.792778+00:00,en,theguardian.com,theguardian.com,2023-07-04,Another deadly pandemic seems inevitable – but there is a way to avoid it,https://www.theguardian.com/commentisfree/2023/jul/04/deadly-pandemic-inevitable-avoid
a05c325e3bd1ae0689e5a9e2ffd17323261a785e7df73fd594edfd964913eb28,2024-02-25 03:40:55.040114+00:00,en,theguardian.com,theguardian.com,2023-07-05,The mother of neurodiversity: how Judy Singer changed the world,https://www.theguardian.com/world/2023/jul/05/the-mother-of-neurodiversity-how-judy-singer-changed-the-world
57ab5ae26e714bd7c6e2742e9af6c45f20faa8c9759279e83c760533a6e5700b,2024-02-25 02:37:05.488538+00:00,en,independent.co.uk,independent.co.uk,2023-07-06,"The mega-ski resort hoping to attract 65,000 tourists — in heart of wartorn Ukraine",https://www.independent.co.uk/news/world/europe/ukraine-ski-resort-winter-olympics-b2367342.html
9606b2ac140b71ba097b4656cd8e3b219ef705c4b645b23bd647d16726e2d887,2024-02-25 02:36:07.038074+00:00,en,theguardian.com,theguardian.com,2023-07-06,Tory MPs back mandatory swift bricks in all new homes to help declining birds,https://www.theguardian.com/environment/2023/jul/06/tory-mps-back-mandatory-swift-bricks-new-homes-help-declining-birds
adbd58a0faf09c69e4f29fca1a5c9528b5f721398eb1d0c8f45abe2880e2e668,2024-02-25 01:32:22.576173+00:00,en,theguardian.com,theguardian.com,2023-07-06,Cook Islands PM ‘proceeds with caution’ on deep-sea mining as critics warn over risks,https://www.theguardian.com/world/2023/jul/07/cook-islands-deep-sea-mining
52daf8e10c56ce1ec1903d3b66efee52943e28d226b2fc368296e0b6c8d36d37,2024-02-25 00:07:47.114159+00:00,en,theguardian.com,theguardian.com,2023-07-08,Future of deep-sea mining hangs in balance as opposition grows,https://www.theguardian.com/environment/2023/jul/08/future-of-deep-sea-mining-hangs-in-balance-as-opposition-grows
6d91801938d6b9a6fdda5dbdcfe94d2be29c2fc71e31faa8d5ff6093165e9205,2024-02-24 23:37:53.855451+00:00,en,theguardian.com,theguardian.com,2023-07-08,Climate scientist and politician Maisa Rojas: ‘You don’t only take decisions based on evidence and science’,https://www.theguardian.com/environment/2023/jul/08/climate-scientist-politician-maisa-rojas-chile-government-climate
475bc27c531d57bc7d57fb9aca4153f52088aaaea224be60cb20d4a7c5149f4f,2024-02-24 20:11:41.149811+00:00,en,dailymail.co.uk,dailymail.co.uk,2023-07-11,The 'new age of man': Scientists are a step closer to declaring the dawn of the Anthropocene era,https://www.dailymail.co.uk/sciencetech/article-12286585/The-new-age-man-Scientists-step-closer-declaring-dawn-Anthropocene-era.html?ns_mchannel=rss&ito=1490&ns_campaign=1490
eeac6086d73a53b5199816ad9397af6e63c95458fb79e5b508105b0238640059,2024-02-24 20:08:04.604612+00:00,en,theconversation.com,theconversation.com,2023-07-11,"A Canadian lake holds the key to the beginning of the Anthropocene, a new geological epoch",https://theconversation.com/a-canadian-lake-holds-the-key-to-the-beginning-of-the-anthropocene-a-new-geological-epoch-209576
5a26c7080d478097247478d47d9d0db9c9be9d70b0e3baec05eef1ad3bf0b557,2024-02-24 20:01:59.579209+00:00,en,independent.co.uk,independent.co.uk,2023-07-11,Scientists pinpoint ‘Golden Spike’ of human-driven Anthropocene,https://www.independent.co.uk/climate-change/news/anthropocene-holocene-earth-geology-rocks-b2372634.html
646e848799fb82e5ec6538fcb4cfad4956f41f9f3ecd394db89ee223161f0c98,2024-02-24 18:39:38.729532+00:00,en,theconversation.com,theconversation.com,2023-07-12,Another assault on Country and its precious species has begun at Binybara/Lee Point,https://theconversation.com/another-assault-on-country-and-its-precious-species-has-begun-at-binybara-lee-point-209335
0137664d0bd713f1d3ffe3ebbaf2e9b345004a0d36e82a41d2e6362b937c376d,2024-02-24 18:04:19.952439+00:00,en,prnewswire.co.uk,prnewswire.co.uk,2023-07-13,"COP28 Presidency releases ambitious, inclusive plan to fast-track the energy transition and supercharge climate finance",https://www.prnewswire.co.uk/news-releases/cop28-presidency-releases-ambitious-inclusive-plan-to-fast-track-the-energy-transition-and-supercharge-climate-finance-301876439.html
4ff69314f48973829563e57bb8a4645ca09bb55cff5f20a54e4d2d23c7c65861,2024-02-24 17:45:30.416807+00:00,en,theconversation.com,theconversation.com,2023-07-13,Children have a skewed view of the natural world – but it doesn't have to be that way,https://theconversation.com/children-have-a-skewed-view-of-the-natural-world-but-it-doesnt-have-to-be-that-way-209093
911b35d547baf6ae2feb4e125b8f1dcc1d17cfd3cbe4a0b1505d92d7279c9051,2024-02-24 13:42:44.712148+00:00,en,dailymail.co.uk,dailymail.co.uk,2023-07-17,Can you invest to protect against food price inflation?,https://www.dailymail.co.uk/money/investing/article-12287267/Can-invest-protect-against-food-price-inflation.html?ns_mchannel=rss&ns_campaign=1490&ito=1490
0f3a118b6fd53b5da5a86847a802484c860cd7212569694baac4d1dae9591d3e,2024-02-24 13:39:10.932800+00:00,en,liverpoolecho.co.uk,liverpoolecho.co.uk,2023-07-17,Share the role you want to play in Wirral’s climate emergency response,https://www.liverpoolecho.co.uk/special-features/role-wirral-climate-emergency-response-27319714
7b928fb5b09125252f2149346ad814795ce153a7eb7a31d620e58eb5865278e7,2024-02-24 13:18:48.363147+00:00,en,theconversation.com,theconversation.com,2023-07-17,Wildlife wonders of Britain and Ireland before the industrial revolution – my research reveals all the biodiversity we've lost,https://theconversation.com/wildlife-wonders-of-britain-and-ireland-before-the-industrial-revolution-my-research-reveals-all-the-biodiversity-weve-lost-208721
1fe99dd83d734d75dd8aba5f458ac054542c6f12abc6080127088734b32757bd,2024-02-24 13:10:50.715632+00:00,en,theconversation.com,theconversation.com,2023-07-17,"Technology can boost farming in Africa, but it can also threaten biodiversity",https://theconversation.com/technology-can-boost-farming-in-africa-but-it-can-also-threaten-biodiversity-how-to-balance-the-two-208522
5e27dbb887e8896f7f9fc47b448cc6f4ea5bfb71e2521cb36bd1d46cdf21a362,2024-02-24 04:26:36.733399+00:00,en,economist.com,economist.com,2023-07-20,Letters to the editor,https://www.economist.com/letters/2023/07/20/letters-to-the-editor
09baf660c0053f72a1d3a5a7fe725c984d800dcf99765bb14f10cf224bce0b8e,2024-02-24 02:13:31.612408+00:00,en,theconversation.com,theconversation.com,2023-07-26,An expert explains the stranding of 97 pilot whales in WA and their mysterious 'huddling' before the tragedy,https://theconversation.com/an-expert-explains-the-stranding-of-97-pilot-whales-in-wa-and-their-mysterious-huddling-before-the-tragedy-210453
c857a97fc7f2cb5e489dff855525873fc0fa9fbf016a93a4da0ba27e3bba34ac,2024-02-23 21:54:52.913258+00:00,en,dailyrecord.co.uk,dailyrecord.co.uk,2023-07-28,Irvine campaign group's boost as MSP Ross Greer backs incinerator fight,https://www.dailyrecord.co.uk/ayrshire/irvine-campaign-groups-boost-msp-30573758
a9b6dd46dc6b37930378fbce7bbb81fe6c3464c4ae381ab15b21b00166a7a556,2024-02-23 17:45:02.751871+00:00,en,express.co.uk,express.co.uk,2023-08-01,Fury as solar farm threatens beauty spot which inspired Watership Down book,https://www.express.co.uk/news/uk/1797317/watership-down-solar-farm-planning-row
9a67e86a16d49c19d02eb0fa65b444c7742490c0f4e05017a53079d8c34cf07d,2024-02-23 14:50:36.441906+00:00,en,ibtimes.co.uk,ibtimes.co.uk,2023-08-03,Damage to Great Barrier Reef will be irreversible if emissions not reduced: Report,https://www.ibtimes.co.uk/damage-great-barrier-reef-will-irreversible-if-emissions-not-reduced-report-1718206
9d3ec720eb2dc8872bab0c549ab228b215628b0513d4d2c03f0b70f92d666297,2024-02-23 13:25:29.397178+00:00,en,theguardian.com,theguardian.com,2023-08-04,Antarctica’s heatwaves are a warning to humanity – and we have only a narrow window to save the planet,https://www.theguardian.com/world/commentisfree/2023/aug/04/antarctica-heatwaves-sea-ice-levels-melting
b822a0dd9af18c3e21c758bf87ee11b47faa09a475359395b6de445f21e1b82e,2024-02-23 12:09:03.271995+00:00,en,scotsman.com,scotsman.com,2023-08-05,Readers' Letters: Over the top Musselburgh flood prevention scheme must be paused,https://www.scotsman.com/news/opinion/letters/readers-letters-over-the-top-flood-damage-scheme-must-be-paused-4244382
a12de24882f4b7e768e80a59da149d3dd5e6ba62098b2ba1f7ac32239be716a0,2024-02-23 11:58:18.003402+00:00,en,iomtoday.co.im,iomtoday.co.im,2023-08-01,Letter to the editor: Risks identified at potential Sulby wind farm site,https://www.iomtoday.co.im/news/letter-to-the-editor-risks-identified-at-potential-sulby-wind-farm-site-629772
26d659de22ec157d8f14700afe102b5cc9adce9e362c8f131c530b5de6fc6e06,2024-02-23 10:50:38.992755+00:00,en,dailymail.co.uk,dailymail.co.uk,2023-08-06,War on the greenbelt: The NIMBY armies battling big developers over so-called 'green' sites,https://www.dailymail.co.uk/property/article-12238045/War-greenbelt-NIMBY-armies-battling-big-developers-called-green-sites.html?ns_mchannel=rss&ito=1490&ns_campaign=1490
38025d05fe3e432ec49a8fb50829dfc5c0fad8c30dd20108ebf63e60e624dc15,2024-02-23 10:25:47.376335+00:00,en,theguardian.com,theguardian.com,2023-08-07,Environmentalists welcome plan to allow aerial shooting of feral horses in Kosciuszko national park,https://www.theguardian.com/australia-news/2023/aug/07/brumbies-feral-horses-kosciuszko-national-park-aerial-shooting-plan
13c6f4bc916770ef0d167323526a9ab8dfe6211ffd64439e697061a97285a248,2024-02-23 08:31:36.998427+00:00,en,scotsman.com,scotsman.com,2023-08-08,Lorna Slater,https://www.edinburghnews.scotsman.com/news/opinion/columnists/lorna-slater-4245109
a0fc2ff3211afbba052b66128caac8f2e1450ff0021d1cacdbc15de8d251945d,2024-02-22 22:19:06.638616+00:00,en,theguardian.com,theguardian.com,2023-08-15,Australia news live: Lidia Thorpe promises ‘hard truths’ at press club; PM under pressure over housing before national cabinet,https://www.theguardian.com/australia-news/live/2023/aug/16/australia-news-live-anthony-albanese-housing-national-cabinet-tasmania-logging-pwc-lidia-thorpe-press-club
4b055244f81ce9be69a33db82dbc1b90820820aad00f49c9c8080043625525b3,2024-02-22 22:08:43.118307+00:00,en,theconversation.com,theconversation.com,2023-08-16,"Critics of ‘degrowth’ economics say it’s unworkable – but from an ecologist's perspective, it’s inevitable",https://theconversation.com/critics-of-degrowth-economics-say-its-unworkable-but-from-an-ecologists-perspective-its-inevitable-211496
ad707beeb7d7cad22bf5b4d30a3cdfafdb133214524b82362ee6d8a10d6ea962,2024-02-22 21:18:36.304798+00:00,en,theguardian.com,theguardian.com,2023-08-16,"Five species face immediate concern of extinction, scientific committee warns Labor",https://www.theguardian.com/environment/2023/aug/17/five-species-face-immediate-concern-of-extinction-scientific-committee-warns-labor
475ec2ead3d7b17644fe36a4ca16611871d05421c225dda0fe577ed8d5e6ac7c,2024-02-22 20:28:01.970241+00:00,en,scotsman.com,scotsman.com,2023-08-17,"With more than a million species at risk of extinction, politicians must stop backtracking on environmental policies",https://www.scotsman.com/news/opinion/columnists/global-extinction-crisis-with-more-than-a-million-species-at-risk-politicians-must-stop-backtracking-on-environmental-policies-david-field-4257122
c5bf074c3de99d648dc731f7e978cf0cff61e1c73c73fbdf3b52d4b3ae6d9918,2024-02-22 19:19:33.481030+00:00,en,economist.com,economist.com,2023-08-17,Britain’s green belt is choking the economy,https://www.economist.com/interactive/britain/2023/08/17/britains-green-belt-is-choking-the-economy
5e9d17cace0eaa972b27b4d356fea76c23ef885cd657af6a8b4984e7277bea0e,2024-02-22 18:23:00.265671+00:00,en,prnewswire.co.uk,prnewswire.co.uk,2023-08-18,"Globe releases enhanced environmental policy, takes strong stance on circularity and responsible production and consumption",https://www.prnewswire.co.uk/news-releases/globe-releases-enhanced-environmental-policy-takes-strong-stance-on-circularity-and-responsible-production-and-consumption-301903614.html
f6201315b7a4e6c69fa886bcfd273bb4c5caae280bf568f47edef5ba9650d914,2024-02-22 18:09:57.166883+00:00,en,walesonline.co.uk,walesonline.co.uk,2023-08-18,Plans put in years ago for homes on Cardiff green space await decision still,https://www.walesonline.co.uk/news/wales-news/approving-plans-put-years-ago-27546646
26596c772adc0efb34c1b46406a5c8ee9cf621284c3a82a7f2d26e773c3feba5,2024-02-22 14:07:16.304089+00:00,en,theconversation.com,theconversation.com,2023-08-21,Ecological grief and uncontrollable reality in Wes Anderson's 'Asteroid City',https://theconversation.com/ecological-grief-and-uncontrollable-reality-in-wes-andersons-asteroid-city-211419
17c48c5920ca9da2bbafb7cb347b6a7c8f69f2d5ce1f24d92e12af36c690b80d,2024-02-22 13:38:48.458727+00:00,en,birminghammail.co.uk,birminghammail.co.uk,2023-08-22,‘Cannot cope’ complaints as new housing estate plan emerges,https://www.birminghammail.co.uk/news/local-news/great-barr-wilderness-lane-housing-27568473
05f1976927dd72362000beee30006fdd2caa6131ca5f7ab7033cfb2543b065cb,2024-02-22 12:15:13.141631+00:00,en,theguardian.com,theguardian.com,2023-08-23,Wednesday briefing: Fukushima nuclear plant is set to flush tonnes of water into the sea – but is it safe?,https://www.theguardian.com/world/2023/aug/23/first-edition-fukushima-water-nuclear-power-plant
4b95522d9638ffb3d00a6974a133a0bff10ae265c068f0aacfcab26b4d4e6067,2024-02-22 11:16:26.796613+00:00,en,theguardian.com,theguardian.com,2023-08-24,"NSW environment protection laws unlikely to succeed without major overhaul, damning review finds",https://www.theguardian.com/australia-news/2023/aug/24/nsw-environment-protection-laws-unlikely-to-succeed-without-major-overhaul-damning-review-finds
80a72b5fdfb632e7a419038132275eebc6253dcd01735e81de60e659d70445df,2024-02-22 10:57:41.180486+00:00,en,prnewswire.co.uk,prnewswire.co.uk,2023-08-24,COP28 UAE Presidency announces priorities to drive water up the climate agenda,https://www.prnewswire.co.uk/news-releases/cop28-uae-presidency-announces-priorities-to-drive-water-up-the-climate-agenda-301909243.html
7da31c18cd7dfb9edc3718f07856159944ddbbf7e886d2cc9e9455fab43f94e1,2024-02-22 10:29:09.864063+00:00,en,economist.com,economist.com,2023-08-24,Which animals should a modern-day Noah put in his ark?,https://www.economist.com/finance-and-economics/2023/08/24/which-animals-should-a-modern-day-noah-put-in-his-ark
8309f2cda6673721ef5b8b34587f26d87e316f9abd8971131f32f712f5ba6a18,2024-02-22 09:56:48.808159+00:00,en,theguardian.com,theguardian.com,2023-08-25,Endless fallout: the Pacific idyll still facing nuclear blight 77 years on,https://www.theguardian.com/environment/2023/aug/25/endless-fallout-marshall-islands-pacific-idyll-still-facing-nuclear-blight-77-years-on
37a0c2de8b5628105e672f9f52013a1840fbca742be0e1a7cea0fad51cc8b9ef,2024-02-22 03:44:10.029866+00:00,en,independent.co.uk,independent.co.uk,2023-08-30,Logging is growing in a Nigerian forest home to endangered elephants. Rangers blame lax enforcement,https://www.independent.co.uk/news/ap-african-elephants-trees-paris-africa-b2401633.html
39ae01fd0aeb4c6f63afbe06ee1eac1dadbd6ff011610ad680addb9202072f1b,2024-02-22 02:02:15.646863+00:00,en,scotsman.com,scotsman.com,2023-08-31,Why Scottish Government snaring proposals will exacerbate nature crisis,https://www.scotsman.com/news/opinion/columnists/why-scottish-government-snaring-proposals-will-exacerbate-nature-crisis-ross-ewing-4273471
42e5ba9f05f53ee00599e1bed8288a7344a3b025e225885424d143794f987fb6,2024-02-22 01:20:47.586122+00:00,en,theguardian.com,theguardian.com,2023-08-31,Scientists demand end to dingo baiting after research reveals most are genetically pure,https://www.theguardian.com/environment/2023/sep/01/scientists-demand-end-to-dingo-baiting-after-research-reveals-most-are-genetically-pure
8285de872da194fd05e907ae6e6cc6ecb94f2a25853fe92447ca31b76b5d50d9,2024-02-21 20:44:57.743383+00:00,en,prnewswire.co.uk,prnewswire.co.uk,2023-09-04,"Joint Statement on Climate Action between President of Kenya, H.E. William Samoei Ruto, COP28 President-Designate Dr. Sultan Al Jaber, H.E. and African Union Commission Chair Moussa Faki Mahamat",https://www.prnewswire.co.uk/news-releases/joint-statement-on-climate-action-between-president-of-kenya-he-william-samoei-ruto-cop28-president-designate-dr-sultan-al-jaber-he-and-african-union-commission-chair-moussa-faki-mahamat-301916805.html
1f41c5c152f4745e21c92e92c47b3a5b9298c3b79bca621c851e61fa88b41067,2024-02-21 20:29:27.487636+00:00,en,theguardian.com,theguardian.com,2023-09-04,Invasive species cost humans $423bn each year and threaten world’s diversity,https://www.theguardian.com/environment/2023/sep/04/invasive-species-cost-humans-423bn-each-year-and-threaten-worlds-diversity-aoe
67ecaa9d8def7fc5ae46c068cf46ee3caa9b4de2ee821e4d56fb1d0196a4db7c,2024-02-21 20:17:19.894217+00:00,en,theguardian.com,theguardian.com,2023-09-04,"Asian hornet likely to have become established in UK, say experts",https://www.theguardian.com/environment/2023/sep/04/asian-hornet-likely-become-established-uk-say-experts
49f4538494562b2ec02ae8839e30932c002140776b33df3f763ac351b1807ce0,2024-02-21 19:24:07.052515+00:00,en,ibtimes.co.uk,ibtimes.co.uk,2023-09-05,Alien invasive species wreaking havoc on ecosystems across countries at unprecedented rates,https://www.ibtimes.co.uk/alien-invasive-species-wreaking-havoc-ecosystems-across-countries-unprecedented-rates-1719166
24558dbc4698f5bf7a3fb4fac6e2862946ce274daa06133e114e32920181c2b1,2024-02-21 19:21:35.621097+00:00,en,mirror.co.uk,mirror.co.uk,2023-09-05,Killer Asian hornet sightings rise in UK,https://www.mirror.co.uk/news/uk-news/killer-asian-hornet-sightings-rise-30864420
9790f11e275b10e0eb0506fc13222311d0c7b1402c7af0349eaae4c73f2a902c,2024-02-21 18:56:30.732231+00:00,en,ibtimes.co.uk,ibtimes.co.uk,2023-09-05,"Asian hornets have been sighted in the UK, endangering native bees",https://www.ibtimes.co.uk/asian-hornets-have-been-sighted-uk-endangering-native-bees-1719181
3b66b923c7dd72d5b207d8cc47031b222951adefda83eeb420e00b08cdf22297,2024-02-21 18:35:44.691102+00:00,en,theconversation.com,theconversation.com,2023-09-05,UN invasive species report reveals scale of threat to nature and people – and how to manage it,https://theconversation.com/un-invasive-species-report-reveals-scale-of-threat-to-nature-and-people-and-how-to-manage-it-212832
5a96db48d6f3c1215a3b656567e50413c24f32f4e2467dc0364fe0170730fa11,2024-02-21 17:44:39.169652+00:00,en,manchestereveningnews.co.uk,manchestereveningnews.co.uk,2023-09-06,FREE wildlife festival coming to Chester Zoo with TV presenter Naomi Wilkinson,https://www.manchestereveningnews.co.uk/whats-on/family-kids-news/free-wildlife-festival-coming-chester-27661465
7b6fc39309e0a574b24a3f3c2aaab1822bf8ce8b575a18765d5f6163d4700161,2024-02-21 17:19:35.102204+00:00,en,theconversation.com,theconversation.com,2023-09-06,"The US committed to meet the UN's Sustainable Development Goals, but like other countries, it's struggling to make progress",https://theconversation.com/the-us-committed-to-meet-the-uns-sustainable-development-goals-but-like-other-countries-its-struggling-to-make-progress-212585
6987c858e3c453f56898a543bd04ce396721ce5dd4a3dd5b9e1ca3e8243cd75a,2024-02-21 16:02:35.268832+00:00,en,dailymail.co.uk,dailymail.co.uk,2023-09-07,"Heatwave health alert: 'Deadly' 30C temperatures to trigger 'hundreds' of fatalities in UK this week, experts warn",https://www.dailymail.co.uk/health/article-12487957/Heatwave-health-alert-Deadly-30C-temperatures-trigger-hundreds-fatalities-UK-week-experts-warn.html?ns_mchannel=rss&ito=1490&ns_campaign=1490
64037cf81f2fe846a9af333535b9491dbd9639c438b7825bda1fe9820050130b,2024-02-21 15:52:24.704723+00:00,en,walesonline.co.uk,walesonline.co.uk,2023-09-07,Welsh wind farm turbines would be bigger than Blackpool Tower,https://www.walesonline.co.uk/news/wales-news/fears-reassurance-over-twyn-hywel-27668870
b9534df3c719425a4f07479d791dbdbd3176df773ef55168ac575dc62cf6a058,2024-02-21 13:05:09.867889+00:00,en,chroniclelive.co.uk,chroniclelive.co.uk,2023-09-07,"'We need climate action on all fronts, everywhere, all at once'",https://www.chroniclelive.co.uk/news/north-east-news/climate-action-north-we-need-27674368
2693ee2c2118acd8d5b8f14457216c9fd7d0bba0900f4b0010af55bd94d71944,2024-02-21 09:50:51.212705+00:00,en,theguardian.com,theguardian.com,2023-09-10,She kills to be kind: the mastermind ecologist eliminating invasive predators,https://www.theguardian.com/environment/2023/sep/10/she-kills-to-be-kind-the-mastermind-ecologist-eliminating-invasive-predators-aoe
1aa9200232ac3ef4816dc64a1008c66c3cd76608315c46ed15aaf9bb94c1dea5,2024-02-21 08:41:03.282069+00:00,en,theconversation.com,theconversation.com,2023-09-11,How we brought mistletoes back to the trees of Melbourne – while warding off hungry possums,https://theconversation.com/how-we-brought-mistletoes-back-to-the-trees-of-melbourne-while-warding-off-hungry-possums-211742
fa711fb7de945a025c5e0b565f813eaf7b31b6d2b0358d856bcc5a23ad56fe9d,2024-02-21 07:31:52.168687+00:00,en,theconversation.com,theconversation.com,2023-09-12,"People who grow their own fruit and veg waste less food and eat more healthily, says research",https://theconversation.com/people-who-grow-their-own-fruit-and-veg-waste-less-food-and-eat-more-healthily-says-research-212572
28a91b827660acfaedb5776204c25eef7a811ee619a8696de8afb3f753f5be35,2024-02-21 06:06:12.753703+00:00,en,theconversation.com,theconversation.com,2024-02-19,"Scientists shocked to discover new species of green anaconda, the world’s biggest snake",https://theconversation.com/scientists-shocked-to-discover-new-species-of-green-anaconda-the-worlds-biggest-snake-223549
2c1506d3068ba6bec7f4ccf8ac1fe503bcf39488669e6d7cceb726fe62556d2a,2024-02-21 06:06:11.062370+00:00,en,theconversation.com,theconversation.com,2024-02-19,"New ecosystems, unprecedented climates: more Australian species than ever are struggling to survive",https://theconversation.com/new-ecosystems-unprecedented-climates-more-australian-species-than-ever-are-struggling-to-survive-222375
3bc9cce9e68caaa715b836696784d2614e574455c6e333234fb479585338525c,2024-02-21 06:06:08.049233+00:00,en,theconversation.com,theconversation.com,2024-02-19,"Potassium in our soil is running low, threatening global food security – new study proposes a way out",https://theconversation.com/potassium-in-our-soil-is-running-low-threatening-global-food-security-new-study-proposes-a-way-out-222809
53a2f00db28cd3c96153985548c6fb3e16967b07176a28df563d0636a91934d5,2024-02-21 05:00:17.157393+00:00,en,metro.co.uk,metro.co.uk,2023-09-14,Stark warning that Earth is becoming 'unsafe for humanity',https://metro.co.uk/2023/09/14/stark-warning-that-earth-is-becoming-unsafe-for-humanity-19499668/
464cd374d0a99232e713bd6a12c5ed2b556fa8a8f9752371188ab4f841c67a59,2024-02-21 01:43:35.935895+00:00,en,metro.co.uk,metro.co.uk,2023-09-17,Striking images show future of planet after 'tipping point' in climate disaster,https://metro.co.uk/2023/09/17/striking-images-show-earth-after-tipping-point-in-climate-disaster-19500984/
c0da473df0925e62b29b3283ba7848babb5da1b9f113768fe9df3ef698653dcd,2024-02-20 23:23:45.600465+00:00,en,theconversation.com,theconversation.com,2023-09-19,What are ‘planetary boundaries’ and why should we care?,https://theconversation.com/what-are-planetary-boundaries-and-why-should-we-care-213762
942d5694e4916b52e034b260b757bfd0b5913b01a4c38de6692571554deff4c4,2024-02-20 23:23:10.146223+00:00,en,theguardian.com,theguardian.com,2023-09-19,"‘Mutilating the tree of life’: Wildlife loss accelerating, scientists warn",https://www.theguardian.com/environment/2023/sep/19/mutilating-the-tree-of-life-wildlife-loss-accelerating-scientists-warn
a3b63cca5d7b55083b1565e424996b18d7ed59bc71fb6e705bf38acd12ae196d,2024-02-20 22:50:32.628031+00:00,en,independent.co.uk,independent.co.uk,2023-09-19,‘Planetary Guardians’ are on a mission. Don’t expect a Hollywood ending,https://www.independent.co.uk/climate-change/news/earth-climate-ocean-air-quality-b2413901.html
da7618e6abe6351dd709e20f597677f62e54460bdd4a5cf407c3c6c244aae341,2024-02-20 22:15:59.255523+00:00,en,theguardian.com,theguardian.com,2023-09-19,Revealed: top carbon offset projects may not cut planet-heating emissions,https://www.theguardian.com/environment/2023/sep/19/do-carbon-credit-reduce-emissions-greenhouse-gases
00fa00f7e1dafbed6ff60604bd92a421ba564d3697ad14b24b0cc8c5e8fa28af,2024-02-20 21:12:21.910988+00:00,en,theconversation.com,theconversation.com,2023-09-20,Rising costs and delays don't necessarily mean HS2 is failing – an expert in new infrastructure development explains,https://theconversation.com/rising-costs-and-delays-dont-necessarily-mean-hs2-is-failing-an-expert-in-new-infrastructure-development-explains-213805
d1558ef8e8abdc44f34f204e8a3130a192234b433130c2d0246cf2002e3ba37b,2024-02-20 18:25:05.893424+00:00,en,scotsman.com,scotsman.com,2023-09-22,"UK signs new ocean treaty, but net zero u-turn 'already undermining it'",https://www.edinburghnews.scotsman.com/read-this/uk-first-sign-new-ocean-treaty-environmentalists-fear-net-zero-uturn-already-undermining-4346310
f65fcb9f7fb089dca7d2f8d2fd900f3300f3385e55097a2adcb6b94e1362ade5,2024-02-20 18:23:51.845446+00:00,en,scotsman.com,scotsman.com,2023-09-22,"UK signs new ocean treaty, but net zero u-turn 'already undermining it'",https://www.scotsman.com/read-this/uk-first-sign-new-ocean-treaty-environmentalists-fear-net-zero-uturn-already-undermining-4346310
25fb042edbebb9bed11baa7c6efd84f13ffa48a9220de8fbcec5d3e96bd2774e,2024-02-20 18:22:50.339328+00:00,en,newsletter.co.uk,newsletter.co.uk,2023-09-22,"UK signs new ocean treaty, but net zero u-turn 'already undermining it'",https://www.newsletter.co.uk/read-this/uk-first-sign-new-ocean-treaty-environmentalists-fear-net-zero-uturn-already-undermining-4346310
5616f006e35103ca2df517a6bcd3852f0581357b68bf2c9f20503f2239bbf124,2024-02-20 14:01:36.881832+00:00,en,theguardian.com,theguardian.com,2023-09-25,Italy culls tens of thousands of pigs to contain African swine fever,https://www.theguardian.com/world/2023/sep/25/italy-african-swine-fever-asf-outbreak-lombardy-culls
68cc15ee47492270e0f18cd298c78d5b6f5a5333d8119766b3451270a222c0f0,2024-02-20 11:57:22.052397+00:00,en,independent.co.uk,independent.co.uk,2023-09-26,"Brazil slows Amazon deforestation, but in Chico Mendes' homeland, it risks being too late",https://www.independent.co.uk/news/ap-brazil-amazon-jair-bolsonaro-luiz-inacio-lula-da-silva-b2418994.html
5fb85204605c2c5515be4d56d6504087a67284e60aad5a8a1503cb72da7cf2c4,2024-02-20 10:12:23.180844+00:00,en,independent.co.uk,independent.co.uk,2023-09-27,Mary Robinson on America’s climate failures and why women need to step up,https://www.independent.co.uk/climate-change/news/mary-robinson-president-ireland-un-b2418953.html
ab6bddfeb861a868083d26ead85a3ca56304b94067e4d5957ed1c0a25792b981,2024-02-20 09:51:56.337763+00:00,en,dailyrecord.co.uk,dailyrecord.co.uk,2023-09-27,Landmark nature report warns one in nine Scots species at risk of extinction,https://www.dailyrecord.co.uk/news/scottish-news/wildlife-fears-scotland-shock-report-31045373
f8fea18152906e0d9aa3a4661cd564b7d141794d910bf4aed56a8eae87b968ba,2024-02-20 09:50:07.507233+00:00,en,jerseyeveningpost.com,jerseyeveningpost.com,2023-09-27,New report shows Scottish wildlife is on the decline,https://jerseyeveningpost.com/morenews/uknews/2023/09/27/new-report-shows-scottish-wildlife-is-on-the-decline/
0a662de7c9803efc39a26c877eff15b5ef6fe3b17194d5d1214992b52207408e,2024-02-20 09:50:01.981872+00:00,en,independent.co.uk,independent.co.uk,2023-09-27,New report shows Scottish wildlife is on the decline,https://www.independent.co.uk/climate-change/news/scottish-rspb-scotland-scottish-parliament-scottish-government-communities-b2419743.html
df53e509dc79ce1ee881d9c81fd28704f65ded3ece6e4930ccbe00072f1ab84c,2024-02-20 09:49:16.958256+00:00,en,guernseypress.com,guernseypress.com,2023-09-27,New report shows Scottish wildlife is on the decline,https://www.guernseypress.com/news/uk-news/2023/09/27/new-report-shows-scottish-wildlife-is-on-the-decline/
0809e52a72cb900c241fd8c7d8052295aa0de8e16f024e14b7e07acb13b2e79a,2024-02-20 09:41:44.738737+00:00,en,heraldscotland.com,heraldscotland.com,2023-09-27,'Scots nature in crisis' as one in nine species at risk of extinction,https://www.heraldscotland.com/news/23818547.scots-nature-crisis-one-nine-species-risk-extinction/?ref=rss
76d6dc291f455ca8fb7d8763897bf2c1a95593849da3c84ff230611c5314b039,2024-02-20 09:10:13.944221+00:00,en,independent.co.uk,independent.co.uk,2023-09-28,"Tiny plastic particles are now in clouds, contaminating ‘everything we eat’ via rain",https://www.independent.co.uk/climate-change/news/microplastic-clouds-rain-food-contamination-b2419998.html
c0a1a2bd30e9d551e2ff7cbf3931ec6992404fec34ddc9d99537a29ae5fd31e0,2024-02-20 09:01:59.712954+00:00,en,scotsman.com,scotsman.com,2023-09-28,State of Nature: New 2023 report puts ongoing loss of Scotland’s species into stark focus,https://www.scotsman.com/news/environment/state-of-nature-2023-new-report-puts-ongoing-loss-of-scotlands-species-into-stark-focus-4351490
39050d7762d34e49258f18d543d56406680f862c6a5504a62248065a3e0c9523,2024-02-20 08:19:12.986925+00:00,en,independent.co.uk,independent.co.uk,2023-09-28,"Clouds now contains plastic, contaminating ‘everything we eat and drink’",https://www.independent.co.uk/climate-change/news/clouds-plastic-rain-food-contamination-b2420308.html
0d35e5fde9f9388e0953899b91949551bdc1dd01b1f6b0fa16cc9d75c0f66c1f,2024-02-20 07:06:17.188078+00:00,en,theguardian.com,theguardian.com,2023-09-29,Friday briefing: One in six UK species is facing extinction – but there is a way back,https://www.theguardian.com/world/2023/sep/29/first-edition-biodiversity-one-in-six-uk-species
aeb9c6167209c0b24cf85a8ae7f746e037300d771163b9c464a3141cf97cbc4b,2024-02-19 20:57:22.429249+00:00,en,dailymail.co.uk,dailymail.co.uk,2023-10-05,Pope blames 'irresponsible lifestyle connected with the West' for climate change as he warns the world is reaching 'point of no return',https://www.dailymail.co.uk/news/article-12595721/Pope-blames-irresponsible-Western-lifestyle-climate-change.html?ns_mchannel=rss&ito=1490&ns_campaign=1490
30480d3ebae3645d68169124f248a4252884949a3600457a268b5dc0bd3d15fb,2024-02-19 18:37:33.959644+00:00,en,theconversation.com,theconversation.com,2023-10-06,Meat tax: no UK politician is calling for one – but maybe they should,https://theconversation.com/meat-tax-no-uk-politician-is-calling-for-one-but-maybe-they-should-215112
9f55e2215d71b00dda17c02d982e399c037657b763cfb25f23729b8483698a24,2024-02-19 10:09:02.813670+00:00,en,heraldscotland.com,heraldscotland.com,2023-10-11,ScotGov warned of more to come on landslips amidst calls for urgent road investment,https://www.heraldscotland.com/news/23849639.scotgov-warned-road-investment-warning-landslips/?ref=rss
b3135883e2e13b9df6028bd949ffd1a5f93e57e838134b5703aa0be369a64d52,2024-02-19 10:08:32.694834+00:00,en,scotsman.com,scotsman.com,2023-10-11,Call for businesses to get involved in tree replacement programme,https://www.scotsman.com/news/people/call-for-businesses-to-get-involved-in-tree-replacement-programme-4368330
0e669f4eddaf4e849608d8109647d51644c37d259489f0bbd69668846e2e709f,2024-02-19 03:23:41.588434+00:00,en,mirror.co.uk,mirror.co.uk,2023-10-15,"UK could be overwhelmed by Asian hornets as sightings on the rise, experts warn",https://www.mirror.co.uk/news/uk-news/uk-could-overwhelmed-asian-hornets-31194382
0decbdebe0dfd7df4b76edfbcf726e64467c9cd2e775ac36e709953c9232620d,2024-02-19 00:21:26.254126+00:00,en,theguardian.com,theguardian.com,2023-10-17,21 species removed from US Endangered Species Act after going extinct,https://www.theguardian.com/us-news/2023/oct/17/extinct-species-removed-endangered-species-act
89473133f806bbae50da192f8f6f1fe30f6a0ad5e8f581af7263648edcc58e82,2024-02-18 23:33:35.356767+00:00,en,theconversation.com,theconversation.com,2023-10-17,Drought in the Amazon: Understanding the causes and the need for an immediate action plan to save the biome,https://theconversation.com/drought-in-the-amazon-understanding-the-causes-and-the-need-for-an-immediate-action-plan-to-save-the-biome-215650
21f395eaf637070f8689862352a9093a31e67c8f4d04d417578e25829f6f7b54,2024-02-18 23:21:13.977406+00:00,en,theconversation.com,theconversation.com,2023-10-18,Slow solutions to fast-moving ecological crises won’t work – changing basic human behaviours must come first,https://theconversation.com/slow-solutions-to-fast-moving-ecological-crises-wont-work-changing-basic-human-behaviours-must-come-first-215055
dd80640569efa0a059f8d40757b0ec573e5c0812a476e1068c9ca78c8aef48fb,2024-02-18 22:38:14.174288+00:00,en,newstatesman.com,newstatesman.com,2023-10-18,Caroline Ellison: victim or crypto queen?,https://www.newstatesman.com/business/finance/2023/10/caroline-ellison-victim-crypto-queen
1433ed67deae3711ebf372f28a431c1a0b4cf4acbbbc658156388f017eab68c6,2024-02-18 18:53:31.030547+00:00,en,dailystar.co.uk,dailystar.co.uk,2023-10-20,Violent nun slams screaming protestor WWE-style in mud pit during mad gathering,https://www.dailystar.co.uk/news/world-news/violent-nun-slams-screaming-protestor-31239383
522d562c9dfd79fa6421fdd5024306a5866f03fafb820b79dba4d27dd075985b,2024-02-18 17:08:38.294317+00:00,en,express.co.uk,express.co.uk,2023-10-21,The tortoise and the care: how a medic saved the life of a seychelles celebrity,https://www.express.co.uk/entertainment/books/1826404/jonathan-tortoise-care-celebrity-seychelles
53e59d01e0c8ef1169f486ccef1448c464fd6ce5326b641cea6e572b07d4579a,2024-02-18 17:06:56.781563+00:00,en,theguardian.com,theguardian.com,2023-10-21,Nutritional psychiatrist Felice Jacka: ‘The global food system is the leading cause of early death’,https://www.theguardian.com/food/2023/oct/21/nutritional-psychiatrist-felice-jacka-the-global-food-system-is-the-leading-cause-of-early-death
2969d9bae36835868173d6e0ded36aeecd9fae87fc1e3c26d40b18dc335b47b9,2024-02-18 16:09:38.581034+00:00,en,theguardian.com,theguardian.com,2023-10-22,To cap it all: overcoming our British fear of fungi,https://www.theguardian.com/science/2023/oct/22/uk-fear-of-mushrooms-we-need-to-get-over-it
b91e5814dc90e1eb9f03791855a46a7b7774c87313c1ab7dc1c4bb126082c8f8,2024-02-18 13:20:57.197623+00:00,en,independent.co.uk,independent.co.uk,2023-10-23,"In 2021, leaders pledged to end deforestation. Instead, forests are dying",https://www.independent.co.uk/climate-change/news/amazon-forest-wildfire-wwf-brazil-b2434643.html
dc623526b54160b151c75ab9ab434ce3a6f8da54a6980d6889f2743270ebe0fb,2024-02-18 12:14:17.121660+00:00,en,theguardian.com,theguardian.com,2023-10-24,"Earth’s ‘vital signs’ worse than at any time in human history, scientists warn",https://www.theguardian.com/environment/2023/oct/24/earth-vital-signs-human-history-scientists-sustainable-future
bfb65feeab52eaa3e2c96ee946883aa4a08960bbb4f73ab1a9cb8949e81cc6ec,2024-02-18 07:48:07.562808+00:00,en,theconversation.com,theconversation.com,2023-10-27,What to wear for a climate crisis,https://theconversation.com/what-to-wear-for-a-climate-crisis-214478
7d9bbef5299be182d1d72e4d242849494f8ec73b09b86ed118e01343e20c8b56,2024-02-18 07:35:48.276083+00:00,en,unitedkingdomnews.net,unitedkingdomnews.net,2023-10-27,What to wear for a climate crisis,http://www.unitedkingdomnews.net/news/274012493/what-to-wear-for-a-climate-crisis
3bcfd171fbecb39887c9ff64795f4055e77147498f25d16af9e86911cce7b9ed,2024-02-18 07:13:33.350727+00:00,en,britainnews.net,britainnews.net,2023-10-27,What to wear for a climate crisis,http://www.britainnews.net/news/274012493/what-to-wear-for-a-climate-crisis
b0d594f9146e7700fb7a9307bec699a2d02728ec1cf79b4ce9c121654c1f21eb,2024-02-18 07:00:48.194187+00:00,en,theconversation.com,theconversation.com,2023-10-27,How to solve our mental health crisis,https://theconversation.com/how-to-solve-our-mental-health-crisis-214776
62f41b3468c7ad07e9f94820d4120a4514b733298d919f7954ef45a8efe5caea,2024-02-18 05:36:00.813363+00:00,en,jerseyeveningpost.com,jerseyeveningpost.com,2023-10-28,'Once-in-a-generation opportunity' to protect Jersey's seas unveiled,https://jerseyeveningpost.com/news/2023/10/28/once-in-a-generation-opportunity-to-protect-jerseys-seas-unveiled/
036111888e141ce8fe599ecee441d4333613de3a52be4777a0dbf6b7386ea635,2024-02-18 01:32:31.782992+00:00,en,theconversation.com,theconversation.com,2023-10-29,"'Killing' trees: How true environmental protection requires a revolution in how we talk about, and with, our forests",https://theconversation.com/killing-trees-how-true-environmental-protection-requires-a-revolution-in-how-we-talk-about-and-with-our-forests-214899
fcd5c8619a653f33b49ba1937d9c0567afff87cecf2941f90ce9e7020d77132e,2024-02-17 12:09:40.254256+00:00,en,theguardian.com,theguardian.com,2023-11-06,UK museums agree to collective action to tackle the climate crisis,https://www.theguardian.com/culture/2023/nov/06/uk-museums-agree-to-collective-action-to-tackle-the-climate-crisis
cfd6ca70c72ec772826b5eb523eb65f442e017407405d923107bc1963ea6b68b,2024-02-17 10:31:17.052481+00:00,en,theguardian.com,theguardian.com,2023-11-07,Greener electric car batteries among Prince William’s £1m Earthshot winners,https://www.theguardian.com/environment/2023/nov/07/greener-electric-car-batteries-among-prince-william-1m-earthshot-winners
61bc29dbaf986c1086fa9f62c131c119c966dfa156dcf351dc55970ad95ca099,2024-02-17 08:15:17.160611+00:00,en,dailyrecord.co.uk,dailyrecord.co.uk,2023-11-08,'Ecocide' warning as water bosses who dump sewage in rivers 'put on notice',https://www.dailyrecord.co.uk/news/politics/ecocide-warning-water-bosses-who-31393579
b610fbb6f36fcad10759904c1129f7dbbcb1ece02157a1994688edb9e2507152,2024-02-17 08:05:43.001348+00:00,en,insider.co.uk,insider.co.uk,2023-11-08,Climate criminals should ‘get a good lawyer’,https://www.insider.co.uk/news/climate-criminals-should-get-good-31393074
b8eb13e0fa523c39574913d971a739d207fd965921c9cb703d225e8f1313ed54,2024-02-17 02:54:26.774149+00:00,en,theconversation.com,theconversation.com,2024-02-15,Developers in England will be forced to create habitats for wildlife – here’s how it works,https://theconversation.com/developers-in-england-will-be-forced-to-create-habitats-for-wildlife-heres-how-it-works-223262
1529af268fc72e808b47d419e5c09f3a4b38ab7e890b249984add353af3e2536,2024-02-17 02:54:26.527896+00:00,en,theconversation.com,theconversation.com,2024-02-15,Migratory animals face mass extinction – but as a conservationist I’m optimistic,https://theconversation.com/migratory-animals-face-mass-extinction-but-as-a-conservationist-im-optimistic-223484
77a6fd24708018cca5f215d3a1f07fe2f58c6b858182998c293430e76c105813,2024-02-16 17:40:12.333950+00:00,en,theconversation.com,theconversation.com,2023-11-15,We're burning too much fossil fuel to fix by planting trees – making 'net zero' emissions impossible with offsets,https://theconversation.com/were-burning-too-much-fossil-fuel-to-fix-by-planting-trees-making-net-zero-emissions-impossible-with-offsets-217437
3efc828480a1e8406af84d342bf047accbac03e4bb234593e2a333ed1a2919fd,2024-02-16 16:02:03.162268+00:00,en,theconversation.com,theconversation.com,2023-11-16,Big cats eat more monkeys in a damaged tropical forest – and this could threaten their survival,https://theconversation.com/big-cats-eat-more-monkeys-in-damaged-tropical-forests-and-this-could-threaten-their-survival-215091
29e22c0f814602faf1ffa7989c049ee8bfc906958abb8964698c384883f6a986,2024-02-16 09:57:11.596360+00:00,en,ibtimes.co.uk,ibtimes.co.uk,2024-02-13,Earth Experiences Unprecedented Climate Event: Breach of 1.5°C Warming Limit Lasts for a Year,https://www.ibtimes.co.uk/earth-experiences-unprecedented-climate-event-breach-15c-warming-limit-lasts-year-1723382
ed725a3e4c670f7d1cf60ff3d62021a91c402d121179281db65c7c83e8cd29ee,2024-02-16 09:07:34.581313+00:00,en,unitedkingdomnews.net,unitedkingdomnews.net,2023-11-21,UAE minister calls on global leaders to unleash potential of food systems in fight against climate change,http://www.unitedkingdomnews.net/news/274040182/uae-minister-calls-on-global-leaders-to-unleash-potential-of-food-systems-in-fight-against-climate-change
608023f720c21db9005263eb0808c0fd05ffb3ebfadb5428f360966b0628985d,2024-02-15 21:25:21.467306+00:00,en,economist.com,economist.com,2023-11-26,Many small islands have no room for manoeuvre at COP28,https://www.economist.com/international/2023/11/26/many-small-islands-have-no-room-for-manoeuvre-at-cop28
8515ead3d17a0a01cd32aae11d7e0f012064737a436bac68fd393df9f12d2983,2024-02-15 11:29:43.886406+00:00,en,cityam.com,cityam.com,2024-02-13,The man behind the Thames' next river crossing on its £300m planning application,https://www.cityam.com/a-300m-planning-application-249-times-the-length-of-war-and-piece-and-100-times-all-seven-harry-potter-books-combined-no-problem-meet-the-man-delivering-the-9bn-lower-thames-crossing/
9704e38e0caa27431e9f5d37beb5f57e129de80cfde4ce412c704390120ab73c,2024-02-15 05:51:38.977349+00:00,en,economist.com,economist.com,2023-12-02,Rainforests provide a public good. The world should pay to conserve them,https://www.economist.com/rainforests-provide-a-global-public-good-so-the-world-should-pay-to-conserve-them
5447c392fed2ec2347e23972acb0b3330d5e9e0a945fa6a811895405e28cc567,2024-02-15 05:33:59.766219+00:00,en,birminghammail.co.uk,birminghammail.co.uk,2024-02-13,Gove says councils 'not compelled' to lose Green Belt land,https://www.birminghammail.co.uk/black-country/michael-gove-says-councils-not-28624723
c204c61584119127c70bbcb4f6271fc81170fe8868883463bd05c504f750f4a2,2024-02-14 05:40:24.328607+00:00,en,theconversation.com,theconversation.com,2024-02-12,"The world’s spectacular animal migrations are dwindling. Fishing, fences and development are fast-tracking extinctions",https://theconversation.com/the-worlds-spectacular-animal-migrations-are-dwindling-fishing-fences-and-development-are-fast-tracking-extinctions-222986
5c8d1210be14646c84081574f4ccc4c0402eb1296bae3cc4c426a15e9337eb6d,2024-02-11 00:17:09.831173+00:00,en,dailymail.co.uk,dailymail.co.uk,2024-02-09,Welsh farmers protest that new rules ordering them to set aside land for tree planting and wildlife will be 'the death' of their livelihoods,https://www.dailymail.co.uk/news/article-13065523/Welsh-farmers-protest-new-rules-tree-planting-wildlife.html?ns_mchannel=rssns_campaign=1490ito=1490
ad3f361a3ced492cee4e621e4a1eaae802d7289b7788f631ef8756bd6d0aeda3,2024-02-10 02:08:55.525950+00:00,en,dailyrecord.co.uk,dailyrecord.co.uk,2024-02-08,Bid to establish new Scots 'ecocide' crime backed by more than 60 green groups,https://www.dailyrecord.co.uk/news/politics/bid-establish-new-ecocide-crime-32070280
9e480a86efb698bec7cfecd09f948292fefc478d62af884ed23fb5acd7bcb15e,2024-02-07 00:37:55.255740+00:00,en,independent.co.uk,independent.co.uk,2024-02-05,The rise and fall of oat milk: Has the trendiest dairy alternative fallen from grace?,https://www.independent.co.uk/life-style/food-and-drink/features/oat-milk-nutrition-dairy-free-b2489539.html
5cca4fe6b5738bc44d5a23666c282944bc43b66f9e6efee4ea06ea94bd977f73,2024-02-06 02:03:19.940096+00:00,en,theguardian.com,theguardian.com,2024-02-04,"Readers reply: if the whole world went vegan, what would we do with all the farm animals?",https://www.theguardian.com/lifeandstyle/2024/feb/04/readers-reply-if-the-whole-world-went-vegan-what-would-we-do-with-all-the-farm-animals
4c2fdd66dc6577067d3ee66df419439fe344ebc3443d96c179def2e73f2b1ca8,2024-02-05 00:24:24.741004+00:00,en,dailymail.co.uk,dailymail.co.uk,2024-02-03,Europe's 21st-century Peasants' Revolt is drowning eco-mad Brussels in a mountain of manure. GUY ADAMS joins thousands of French farmers on the picket line and hears their fears over saucissons et biere,https://www.dailymail.co.uk/news/article-13039119/Europes-21st-century-Peasants-Revolt-drowning-eco-mad-Brussels-mountain-manure-GUY-ADAMS-joins-thousands-French-farmers-picket-line-hears-fears-saucissons-et-biere.html?ns_mchannel=rssns_campaign=1490ito=1490
78c867d7f230b534a5d7e0c57220d96620ccd000786f158d80a384c6355a8b77,2024-02-04 03:23:54.307233+00:00,en,theconversation.com,theconversation.com,2024-02-02,Governments spend US$22 billion a year helping the fishing industry empty our oceans. This injustice must end,https://theconversation.com/governments-spend-us-22-billion-a-year-helping-the-fishing-industry-empty-our-oceans-this-injustice-must-end-222511
fbbbae7d4b424acc3b9118fdd6b373b9fa787af82e4cfff47e8ce9fdf7d8d3ed,2024-02-02 02:41:32+00:00,en,theguardian.com,theguardian.com,2024-01-31,Europe live: Brussels recommends delay to ‘set-aside’ rules that have fuelled farmers’ protests – as it happened,https://www.theguardian.com/world/live/2024/jan/31/french-france-farmer-protests-latest-eu-europe-news-updates-live-emmanuel-macron
376f902be931aeb7420753f8b5f19f7683673364e66ff409ef84e6f8b16cd7d1,2024-02-02 01:35:23+00:00,en,theguardian.com,theguardian.com,2024-01-31,Activist who led ouster of Harvard president linked to ‘scientific racism’ journal,https://www.theguardian.com/world/2024/jan/31/rightwing-activist-christopher-rufo-ties-scientific-racism-journal
e0df99d3d311d3ff874293b07a736ec1f39e96f39810376b63ec5a45155d8c42,2024-01-30 02:50:43+00:00,en,chroniclelive.co.uk,chroniclelive.co.uk,2024-01-28,Spain travel warning over 'collapse' of popular holiday hotspot,https://www.chroniclelive.co.uk/whats-on/travel-tourism/spain-travel-warning-issued-brits-28525699
fe6f5cf5c9560d095b15947f64544073ebc1a607d30749686f7b59abdfa5039e,2024-01-30 01:45:07+00:00,en,walesonline.co.uk,walesonline.co.uk,2024-01-28,"Canary Islands are on the brink of collapse, report says",https://www.walesonline.co.uk/news/uk-news/canary-islands-bring-collapse-report-28526788
4ada80d567c9aa86469809b591ae5ce839c742edb9f9f6dfeb292a1617e7b968,2024-01-29 01:47:01+00:00,en,dailyrecord.co.uk,dailyrecord.co.uk,2024-01-27,Canary Islands are facing imminent 'collapse' due to the influx of Brits,https://www.dailyrecord.co.uk/lifestyle/travel/canary-islands-facing-imminent-collapse-31983991
026c29787aaff880dd0b31cbfbab21e15ac5559da74d12258e120ee144431e8d,2024-01-29 01:23:30+00:00,en,heraldscotland.com,heraldscotland.com,2017-07-16,David Torrance: Opportunity for SNP to take on vested interests in farming rather than just rearranging the furniture,https://www.heraldscotland.com/opinion/15414327.david-torrance-opportunity-snp-take-vested-interests-farming-rather-just-rearranging-furniture/?ref=rss
37c65a5ab7ff600064689bc13053641ef70ae7725438a32f39ff1a607cfa6c4e,2024-01-29 01:02:06+00:00,en,mirror.co.uk,mirror.co.uk,2024-01-27,Holiday hotspot loved by Brits 'facing collapse' as too many tourists visit it,https://www.mirror.co.uk/travel/europe/canary-islands-facing-collapse-after-31983266
8b83791464f154d22b6d119589f4fc84d70abe0d477d514855db8b2b721990de,2024-01-28 01:59:18+00:00,en,thebureauinvestigates.com,thebureauinvestigates.com,2018-05-29,Revealed: industrial-scale beef farming comes to the UK,https://www.thebureauinvestigates.com/stories/2018-05-29/inside-britains-new-intensive-agriculture-sector-beef-lots
eab23dbe221b3dbc8ab2eef3149331f356b80c7a378b223513bfb7591aad2725,2024-01-28 00:42:05+00:00,en,theguardian.com,theguardian.com,2018-04-09,Caught in the crossfire: little dodo nears extinction,https://www.theguardian.com/environment/radical-conservation/2018/apr/09/little-dodo-manumea-tooth-billed-pigeon-samoa-critically-endangered-hunting
2dd95f01f720e1dbeb9d71ca3634b1bc4e1356e6067bd62398085a4dd538d605,2024-01-24 07:41:47+00:00,en,theconversation.com,theconversation.com,2024-01-22,‘It’s not game over – it’s game on’: why 2024 is an inflection point for the climate crisis,https://theconversation.com/its-not-game-over-its-game-on-why-2024-is-an-inflection-point-for-the-climate-crisis-221497
645d3f199cacbb0f91355340136961642aea2ce9fdca5fb2864c433821ccc950,2024-01-19 04:12:41+00:00,en,prnewswire.co.uk,prnewswire.co.uk,2024-01-17,Mining leaders make landmark commitments to support a nature positive future,https://www.prnewswire.co.uk/news-releases/mining-leaders-make-landmark-commitments-to-support-a-nature-positive-future-302037383.html
ff0ea029f8f4ffac303f17bc51d5838941f5907544944da276e06e22051c2fa3,2024-01-19 03:28:25+00:00,en,guernseypress.com,guernseypress.com,2024-01-17,Blinken calls pathway to Palestinian state ‘necessity for Israeli security’,https://guernseypress.com/news/world-news/2024/01/17/blinken-calls-pathway-to-palestinian-state-necessity-for-israeli-security/
41ebb14ecf0190c8a8226e3db121f853e6b11ffbee3f0ac0e908f772e0ac47e1,2024-01-19 02:56:27+00:00,en,jerseyeveningpost.com,jerseyeveningpost.com,2024-01-17,Blinken calls pathway to Palestinian state ‘necessity for Israeli security’,https://jerseyeveningpost.com/morenews/worldnews/2024/01/17/blinken-calls-pathway-to-palestinian-state-necessity-for-israeli-security/
6f9bf4cdb3742f85790876cbe260cf8590b79bc955d696a0712e250049c75c76,2024-01-14 01:55:58+00:00,en,theguardian.com,theguardian.com,2024-01-11,Australia’s renewable energy goals can’t come at the cost of biodiversity – we need a strategic approach,https://www.theguardian.com/commentisfree/2024/jan/12/australias-renewable-energy-goals-cant-come-at-the-cost-of-biodiversity-we-need-a-strategic-approach
0510ba4887c06583e92410f7661a0b7220f06d544b84298605764ed908bf5ea4,2024-01-13 05:32:59+00:00,en,ibtimes.co.uk,ibtimes.co.uk,2024-01-10,World Economic Forum Warns of AI-Driven Misinformation Threatening Global Stability and Elections,https://www.ibtimes.co.uk/world-economic-forum-warns-ai-driven-misinformation-threatening-global-stability-elections-1722645
66d9b01088aa819c24a3d45bdafa8897a5a6cfee1fe3658b5be6cd0275a0cacd,2024-01-13 02:23:30+00:00,en,standard.co.uk,standard.co.uk,2024-01-11,Bird flu found in Antarctic seals,https://www.standard.co.uk/news/environment/ian-brown-antarctica-south-america-scientists-south-georgia-b1131587.html
391094408261f27d2eae61dbac07bdd6ceae96830cf97f2a53a2de7737974fd5,2024-01-12 02:35:48+00:00,en,theconversation.com,theconversation.com,2024-01-10,"How 2023's record heat worsened droughts, floods and bushfires around the world",https://theconversation.com/how-2023s-record-heat-worsened-droughts-floods-and-bushfires-around-the-world-220836
c98278d683a4a02ec5474eec91bf71446445d10de7ea120ca660a3c7345b29cb,2024-01-12 01:05:08+00:00,en,independent.co.uk,independent.co.uk,2024-01-10,"AI-powered misinformation is the world's biggest short-term threat, Davos report says",https://www.independent.co.uk/news/davos-ap-false-london-world-economic-forum-b2476200.html
ed65784f5e93d53496a421deac4feefa5cf41cf02b38834de8cf94385077a52e,2024-01-11 02:21:04+00:00,en,theguardian.com,theguardian.com,2024-01-09,Deep-sea mining: why is interest growing and what are the risks?,https://www.theguardian.com/environment/2024/jan/09/deep-sea-mining-why-is-interest-growing-and-what-are-the-risks
1dadb7db7b86d51f53edef2ff14bc4629b2df49a7d9800b0d9d658220b33447b,2024-01-10 01:25:25+00:00,en,theguardian.com,theguardian.com,2024-01-08,Tanya Plibersek blocks Victorian government’s plan to build wind turbine plant at Port of Hastings,https://www.theguardian.com/environment/2024/jan/08/tanya-plibersek-blocks-victorian-government-port-hastings-wind-turbine-plan
36a761d79713f52eb56123b3c00ac226fbad0afa9e4b58bd468148691fa8f999,2024-01-10 01:25:19+00:00,en,theguardian.com,theguardian.com,2024-01-08,"With the spectre of job cuts, Channel 4 bosses must be seen to share the pain",https://www.theguardian.com/business/nils-pratley-on-finance/2024/jan/08/with-the-spectre-of-job-cuts-channel-4-bosses-must-be-seen-to-share-the-pain
264f3da38f8eeea9d8b8a32adc5f3a4678324d1873741ad87ef9a3533a22b0d1,2024-01-05 02:37:24+00:00,en,theconversation.com,theconversation.com,2024-01-03,How industrial agriculture is disturbing the nitrogen cycle and undermining conditions for life on Earth,https://theconversation.com/how-industrial-agriculture-is-disturbing-the-nitrogen-cycle-and-undermining-conditions-for-life-on-earth-220478
48fc83907acb4447852cf0b8d955cd9e1a35ec523a2a1c9c22811a4725f33966,2024-01-03 02:45:04+00:00,en,liverpoolecho.co.uk,liverpoolecho.co.uk,2024-01-01,Meet the Liverpool climate activists fighting for Earth's future,https://www.liverpoolecho.co.uk/news/liverpool-news/meet-liverpool-climate-activists-fighting-27992566
af8c7c1aa66c0f72ed7d035eac18194a165a04a2448c15bb49b96c241b226136,2024-01-01 01:07:31+00:00,en,theguardian.com,theguardian.com,2023-12-30,The world in 2024: Guardian writers on what to look out for,https://www.theguardian.com/world/2023/dec/30/world-2024-guardian-writers-what-to-look-out-for
63c7bead8e16196461be157d352c0208ec51f7ad11405f9a217c08cdf7e11854,2024-01-01 00:09:13+00:00,en,thesun.co.uk,thesun.co.uk,2023-12-30,We're Gardening Experts,https://www.thesun.co.uk/fabulous/25144327/top-gardening-trends-2024/
a80877ebb244f862238c63edc82a27f0f2954b0ea5b6d20e1efe6fa10841dbd0,2023-12-31 01:32:03+00:00,en,theguardian.com,theguardian.com,2023-12-29,‘Grief is a rational response’: the 21 US species declared extinct this year,https://www.theguardian.com/environment/2023/dec/29/us-animals-birds-extinct-this-year
def816a2a00713c0ee09a6e1bed37caa3a85a2df41e5ef00dec6a1d6430b2c08,2023-12-24 02:27:00+00:00,en,telegraph.co.uk,telegraph.co.uk,2023-12-22,Climate change provokes urgent action on food systems everywhere,https://www.telegraph.co.uk/global-health/climate-and-people/climate-change-urgent-action-on-global-food-systems/
3df63c17eef279ab90bfef2f477926c3982d20fd14ff43606b8b35f407e008e9,2023-12-21 03:10:21+00:00,en,standard.co.uk,standard.co.uk,2023-12-19,"Scottish climate changing faster than expected, new research says",https://www.standard.co.uk/news/science/scottish-aberdeen-scottish-government-parliament-b1127817.html
8d243de6d3941d15325edc328193fab96ceaa857199f0908329c698208062999,2023-12-21 01:58:30+00:00,en,heraldscotland.com,heraldscotland.com,2023-12-19,"Scotland's climate change is happening faster than predicted, says report",https://www.heraldscotland.com/news/23998497.scotlands-climate-change-happening-faster-predicted/?ref=rss
d977d465890e1ead1651be0a3e6370706f6230d58e1d947646b24c297ce24913,2023-12-21 00:59:07+00:00,en,guernseypress.com,guernseypress.com,2023-12-19,"Scottish climate changing faster than expected, new research says",https://guernseypress.com/news/uk-news/2023/12/19/scottish-climate-changing-faster-than-expected-new-research-says/
6ff45152ee126a23c9a3a92e869218ac260ccbd2fa2fdb84558f18a99bf18739,2023-12-18 00:16:04+00:00,en,mirror.co.uk,mirror.co.uk,2023-12-16,COP28 'historic' deal that is 'beginning of the end' for fossil fuels explained,https://www.mirror.co.uk/news/world-news/cop28-historic-fossil-fuels-deal-31669062
ad2e8fc6d601790c09873012a2f966aa8a451613660deb3a5171707c2f260a82,2023-12-16 05:50:34+00:00,en,theconversation.com,theconversation.com,2023-12-14,Myrtle rust is devastating Australian forests. A new high-tech spray holds out hope for native trees,https://theconversation.com/myrtle-rust-is-devastating-australian-forests-a-new-high-tech-spray-holds-out-hope-for-native-trees-219411
311f032a1dc71bda57557a1d0cccfd20dc7ca319411ce782d49ea67a5bc3e40c,2023-12-15 01:30:44+00:00,en,theguardian.com,theguardian.com,2023-12-13,Wednesday briefing: Making sense of the new draft climate deal as crucial summit comes to a climax,https://www.theguardian.com/world/2023/dec/13/first-edition-cop28-draft-deal
506a317fca034b62e7ce3d7407d4feaea6161497d30e5bd2549285e7bc081038,2023-12-15 01:30:42+00:00,en,theguardian.com,theguardian.com,2023-12-13,Cop28: landmark deal to ‘transition away’ from fossil fuels agreed – as it happened,https://www.theguardian.com/environment/live/2023/dec/13/cop28-live-updates-news-agreement-outcomes-draft-text-fossil-fuels
afa60b9f7b5d6f1564335c48d044c3e864beefc8554d17c2f4f3b937358a1b66,2023-12-14 09:41:15+00:00,en,economist.com,economist.com,2023-12-02,Rainforests provide a public good. The world should pay to conserve them,https://www.economist.com/leaders/2023/12/02/rainforests-provide-a-global-public-good-so-the-world-should-pay-to-conserve-them
35367992b49f3e19d6adf812ca3cb8c4ee83350bfcb50d4d4722cf9aa3cf3b77,2023-12-13 02:04:47+00:00,en,manchestereveningnews.co.uk,manchestereveningnews.co.uk,2023-12-11,The $370 billion U.S. investment accelerating global climate action,https://www.manchestereveningnews.co.uk/special-features/how-370-billion-us-investment-28240277
d6ac1496c41772be15fcca1dc6103ec5c376c5b999a7a40b4d103dbb1c5a24f9,2023-12-13 01:39:53+00:00,en,independent.co.uk,independent.co.uk,2023-12-11,Corporate Cop28: How a defining summit has been taken over by fossil fuel executives,https://www.independent.co.uk/climate-change/news/cop28-summit-dubai-oil-gas-b2461489.html
3585a07ec438a5d14882011b5132d35aba8fe1c069a5b25a9494f7ce70323910,2023-12-13 00:39:01+00:00,en,jerseyeveningpost.com,jerseyeveningpost.com,2023-12-11,Taking action in the pursuit of net zero,https://jerseyeveningpost.com/business/2023/12/11/taking-action-in-the-pursuit-of-net-zero/
ca4f2771cd236796760b20bc9ed99907b075e5693cc9bfdfc5479dfbbfac2c8a,2023-12-12 02:18:51+00:00,en,heraldscotland.com,heraldscotland.com,2023-12-09,Letters: Scotland’s schools are much better than they used to be,https://www.heraldscotland.com/opinion/23977675.letters-scotlands-schools-much-better-used/?ref=rss
0efd68144c9cc16417ec375472a32a12bf3b9d2105eeb3357c7380d18ba756e8,2023-12-10 01:50:37+00:00,en,theguardian.com,theguardian.com,2023-12-08,What happens if the 1.5C target for global heating is missed?,https://www.theguardian.com/environment/2023/dec/08/what-happens-if-the-15c-target-for-global-heating-is-missed
1c9aa2f4f75a8d4ec3f6c2ac2daf3f6aaff97bdeb041b369ed8b3042b7c9da59,2023-12-09 01:19:02+00:00,en,independent.co.uk,independent.co.uk,2023-12-07,Indonesian maleo conservation faced setbacks due to development and plans for a new capital city,https://www.independent.co.uk/news/ap-indonesian-borneo-people-one-b2459900.html
13435116000e09c23deba29f878e0eaef84f92a7c13d82d84933d714ec43fcb8,2023-12-07 02:30:52+00:00,en,jerseyeveningpost.com,jerseyeveningpost.com,2023-12-05,Norwegian government makes deal over deep sea mining in Arctic Ocean,https://jerseyeveningpost.com/morenews/worldnews/2023/12/05/norwegian-government-makes-deal-over-deep-sea-mining-in-arctic-ocean/
8541117a7ba89132bc92a0323773aa5d8684ab8f73e8ebe27cf59351de008095,2023-12-07 02:01:50+00:00,en,guernseypress.com,guernseypress.com,2023-12-05,Norwegian government makes deal over deep sea mining in Arctic Ocean,https://guernseypress.com/news/world-news/2023/12/05/norwegian-government-makes-deal-over-deep-sea-mining-in-arctic-ocean/
5d67877d09ad74a9e1a5b64d8a01b32af48b270f18f0fcb4fe2ba113a5998399,2023-12-07 01:52:54+00:00,en,scotsman.com,scotsman.com,2023-12-04,​This COP summit must see real climate action,https://www.edinburghnews.scotsman.com/news/opinion/columnists/this-cop-summit-must-see-real-climate-action-lorna-slater-4433038
24f362b64769232283651f63c47cb783ea8a1b5ed373e1bdc40fd05daf7b991a,2023-12-07 01:29:02+00:00,en,independent.co.uk,independent.co.uk,2023-12-05,Lawmakers in Norway make a deal opening up for deep sea mining in Arctic,https://www.independent.co.uk/news/norway-ap-arctic-ocean-denmark-greenpeace-b2458663.html
5c79d287ce9b8486e0e39e161a31270d16a2fc5a7f0753e6bce2d8567d1b30b9,2023-12-06 01:19:36+00:00,en,independent.co.uk,independent.co.uk,2023-12-04,"At UN climate talks, fossil fuel interests have hundreds of employees on hand",https://www.independent.co.uk/news/ap-associated-press-cop28-dubai-shell-b2457831.html
5ec2758a344544c73823aca073fb89a00076e6ae7fb9030dadb3aac7369456c7,2023-12-06 00:56:33+00:00,en,dailyrecord.co.uk,dailyrecord.co.uk,2023-12-04,Developers of £60m eco-therapy park deny claims over 'clearing' Barony site,https://www.dailyrecord.co.uk/ayrshire/developers-60m-eco-therapy-park-31593258
06b4b9529a0b4b6f9d9ddbba57baff1171992f44a3fded9b5be599d6a87baf1b,2023-12-05 03:09:43+00:00,en,theguardian.com,theguardian.com,2023-12-03,"Cop28 live: UAE climate chief’s comments ‘incredibly concerning’,",https://www.theguardian.com/environment/live/2023/dec/03/cop28-live-health-in-focus-at-dubai-climate-talks
ed4003d1f2df9605d02afb74176d86a26842e322fad5a79044177f5fda4f7736,2023-12-03 02:49:38+00:00,en,dailyrecord.co.uk,dailyrecord.co.uk,2023-12-01,Scot scientist leading climate fight tells COP28 we face 'unprecedented' crisis,https://www.dailyrecord.co.uk/news/scottish-news/scot-scientist-leading-climate-change-31568030
529757bb4235b901d405b6056f249f2c446a5340d400724bae88e5deda10f2a5,2023-12-02 00:39:14+00:00,en,theguardian.com,theguardian.com,2023-11-29,Why loss and damage funds are key to climate justice for developing countries at Cop28,https://www.theguardian.com/environment/2023/nov/29/why-loss-and-damage-funds-are-key-to-climate-justice-for-developing-countries-at-cop28
430057ce50f6fa36fde25e5a61275422877b00e9789ff1d2088c248182563b93,2023-12-01 03:56:20+00:00,en,theconversation.com,theconversation.com,2023-11-29,COP28: How will Australia navigate domestic climate wins and fossil fuel exports at the negotiating table?,https://theconversation.com/cop28-how-will-australia-navigate-domestic-climate-wins-and-fossil-fuel-exports-at-the-negotiating-table-218697
ad80f218efc21a3e0d367fa0a0c92ac9961e8e4c860b4da1bb45232d457baff8,2023-11-30 12:14:18+00:00,en,economist.com,economist.com,2023-11-28,"To save the Amazon, Lula must work out who owns it",https://www.economist.com/the-americas/2023/11/28/to-save-the-amazon-lula-must-work-out-who-owns-it
b9cd37b2823c18c946fcd75e18a490a8ab22400e6492d9094766c77cf03cde6c,2023-11-30 07:01:04+00:00,en,theconversation.com,theconversation.com,2023-11-28,"As disasters and heat intensify, can the world meet the urgency of the moment at the COP28 climate talks?",https://theconversation.com/as-disasters-and-heat-intensify-can-the-world-meet-the-urgency-of-the-moment-at-the-cop28-climate-talks-217063
6dd3ec2a8607018accff5c10dff8e2509cd8e6cff5d72b96c07563ad26853ee7,2023-11-25 01:24:45+00:00,en,theconversation.com,theconversation.com,2023-11-22,Deforestation jeopardises agribusiness and food security in Brazil and worldwide,https://theconversation.com/deforestation-jeopardises-agribusiness-and-food-security-in-brazil-and-worldwide-217505
a81e8c99f3bd982064ade9b7dcb5fccdcea630bcee5d4987fd6bf1866c0907d0,2023-11-25 00:16:38+00:00,en,dailymail.co.uk,dailymail.co.uk,2023-11-23,Locals in village decimated by traffic gridlock hail proposals to ease congestion a century after their ancestors first put plans together,https://www.dailymail.co.uk/news/article-12783509/Locals-village-decimated-traffic-gridlock-hail-proposals-ease-congestion-century-ancestors-plans-together.html?ns_mchannel=rss&ns_campaign=1490&ito=1490
23ca45e2dc20fe931c17a91ea06d622742064d3875b8a7cfa0161a2139919ead,2023-11-24 14:22:17+00:00,en,theconversation.com,theconversation.com,2023-11-22,Earth in the Anthropocene: how did we get here? Can we limit the damage?,https://theconversation.com/earth-in-the-anthropocene-how-did-we-get-here-can-we-limit-the-damage-218385
436513535fb7886a3555bb6441ee86c00d6e822c74c5818983fe3d68df4fc850,2023-11-23 05:16:53+00:00,en,theconversation.com,theconversation.com,2023-11-21,Tropical forest loss from growing rubber trade is more substantial than previously thought – new research,https://theconversation.com/tropical-forest-loss-from-growing-rubber-trade-is-more-substantial-than-previously-thought-new-research-216407
13ba009d91cf6bd3f7cd2fea69b61773c08653a37fc18daca25e2fdb6978b4e8,2023-11-23 04:46:54+00:00,en,theuknews.com,theuknews.com,2023-11-23,UAE minister calls on global leaders to unleash potential of food systems in fight against climate change,https://www.theuknews.com/news/274040182/uae-minister-calls-on-global-leaders-to-unleash-potential-of-food-systems-in-fight-against-climate-change
8500a6d976dfd17c3268ce371df7906dc4cd194200ee3b25af1dba96532b1d50,2023-11-23 03:56:28+00:00,en,britainnews.net,britainnews.net,2023-11-23,UAE minister calls on global leaders to unleash potential of food systems in fight against climate change,https://www.britainnews.net/news/274040182/uae-minister-calls-on-global-leaders-to-unleash-potential-of-food-systems-in-fight-against-climate-change
28108082d78475e71b2003c5167723696086b96dc91643baeadb6d0df3cd38af,2023-11-23 00:16:33+00:00,en,dailymail.co.uk,dailymail.co.uk,2023-11-21,Farmers in Wales hit out at plans for new national park amid fears it will encourage 'vast' numbers of English tourists,https://www.dailymail.co.uk/news/article-12774849/Farmers-Wales-hit-plans-new-national-park-amid-fears-encourage-vast-numbers-English-tourists.html?ns_mchannel=rss&ns_campaign=1490&ito=1490
8216afe7a32ea6e63b6dea2a6d6751c641ad56523947b1ffef549bcc50281ff2,2023-11-20 00:37:04+00:00,en,independent.co.uk,independent.co.uk,2023-11-18,Residents battling a new train line in northern Mexico face a wall of government secrecy,https://www.independent.co.uk/news/ap-mexico-yucatan-sonora-andres-manuel-lopez-obrador-b2449688.html
63e211a6828032ac92ebef988e67df46e1fb562e2e01b66f3b2d611cc0089b61,2023-11-19 03:12:16+00:00,en,theguardian.com,theguardian.com,2023-11-17,It’s one of Europe’s last pristine rivers. Can scientists save it from 50 dams?,https://www.theguardian.com/environment/2023/nov/17/its-one-of-europes-last-pristine-rivers-can-scientists-save-it-from-50-dams-aoe
73e4bbc8d278e7f280c4076a9e5db5f4eb7e2998e1529e74e735cfabe4f18668,2023-11-18 08:02:07+00:00,en,theconversation.com,theconversation.com,2023-11-16,Big cats eat more monkeys in a damaged tropical forest – and this could threaten their survival,https://theconversation.com/big-cats-eat-more-monkeys-in-a-damaged-tropical-forest-and-this-could-threaten-their-survival-215091
ae6bd1a5654026e6f9cd15a5cf137a4433abb2f3b20995d73bd15656284ce37d,2023-11-18 01:56:41+00:00,en,scotsman.com,scotsman.com,2023-11-15,Royal family joins river restoration efforts across Scotland as films launched,https://www.scotsman.com/news/people/royal-family-joins-river-restoration-efforts-across-scotland-as-films-launched-4410160
690c6b3dae6d1aa75e5a8d526e7e8af61d6014182a58ad586a3efc93ef20e23f,2023-11-18 00:17:43+00:00,en,independent.co.uk,independent.co.uk,2023-11-16,AP PHOTOS: The Brazilian Amazon's vast array of people and cultures,https://www.independent.co.uk/news/ap-people-brazil-amazonians-families-b2448575.html
c39984635db8d061e581c684a1d84a360a425b26252ec41f14c1a8c0014409b3,2023-11-16 01:58:41+00:00,en,metro.co.uk,metro.co.uk,2023-11-14,Carlsberg don't make bugs; if they did they'd have the best penises in the world,https://metro.co.uk/2023/11/14/new-beetle-species-named-carlsberg-inspired-penis-19819808/
c9681bd67054dc14db0ff87d3a6a30cb3ca7823d8fc6566f9c06dad89f4241ce,2023-11-12 03:32:36+00:00,en,jerseyeveningpost.com,jerseyeveningpost.com,2023-11-10,Macron says melting glaciers are ‘an unprecedented challenge for humanity’,https://jerseyeveningpost.com/morenews/worldnews/2023/11/10/macron-says-melting-glaciers-are-an-unprecedented-challenge-for-humanity/
4edd03f4c205b2f321bb1d13838269f26537ec845c9a099eef981629f0e7541a,2023-11-12 02:36:04+00:00,en,standard.co.uk,standard.co.uk,2023-11-10,I can't bring myself to condemn Just Stop Oil's art protests,https://www.standard.co.uk/culture/exhibitions/just-stop-oil-rokeby-venus-smashed-glass-protest-condemn-b1119320.html
47f718c9cd77342887d41b62df4e9c56cf4a929e0fbb119eda3a37fa970cd03d,2023-11-12 01:47:22+00:00,en,guernseypress.com,guernseypress.com,2023-11-10,Macron says melting glaciers are ‘an unprecedented challenge for humanity’,https://guernseypress.com/news/world-news/2023/11/10/macron-says-melting-glaciers-are-an-unprecedented-challenge-for-humanity/
cba37a1bb81a6674ebe2709cc70dc6016916bd69d436e4eb4ad5a7e923d6e05b,2023-11-12 00:25:31+00:00,en,independent.co.uk,independent.co.uk,2023-11-10,France's Macron says melting glaciers are 'an unprecedented challenge for humanity',https://www.independent.co.uk/news/emmanuel-macron-ap-earth-french-paris-b2445366.html
